<?xml version="1.0"?>
<gpx xmlns="http://www.topografix.com/GPX/1/1" xmlns:xsi="http://www.w3.org/2001/XMLSchema-instance" version="1.1" creator="AllTrails.com" xsi:schemaLocation="http://www.topografix.com/GPX/1/1 http://www.topografix.com/GPX/1/1/gpx.xsd">
  <metadata>
    <name><![CDATA[Evening hike at Mount Pilchuck Trail]]></name>
    <desc><![CDATA[]]></desc>
    <link href="http://www.alltrails.com">
      <text>AllTrails, LLC</text>
    </link>
    <bounds minlat="48.05725" minlon="-121.81716" maxlat="48.07089" maxlon="-121.79708"/>
  </metadata>
  <trk>
    <name><![CDATA[Evening hike at Mount Pilchuck Trail]]></name>
    <src>AllTrails</src>
    <trkseg>
      <trkpt lat="48.07008" lon="-121.81469">
        <ele>964.48</ele>
        <time>2022-08-08T20:33:09Z</time>
      </trkpt>
      <trkpt lat="48.07006" lon="-121.81465">
        <ele>965.13</ele>
        <time>2022-08-08T20:33:12Z</time>
      </trkpt>
      <trkpt lat="48.07003" lon="-121.81461">
        <ele>965.89</ele>
        <time>2022-08-08T20:33:15Z</time>
      </trkpt>
      <trkpt lat="48.07001" lon="-121.81457">
        <ele>966.54</ele>
        <time>2022-08-08T20:33:18Z</time>
      </trkpt>
      <trkpt lat="48.06999" lon="-121.81454">
        <ele>967.08</ele>
        <time>2022-08-08T20:33:21Z</time>
      </trkpt>
      <trkpt lat="48.06997" lon="-121.81449">
        <ele>967.83</ele>
        <time>2022-08-08T20:33:26Z</time>
      </trkpt>
      <trkpt lat="48.06994" lon="-121.8145">
        <ele>968.05</ele>
        <time>2022-08-08T20:33:38Z</time>
      </trkpt>
      <trkpt lat="48.06993" lon="-121.81447">
        <ele>968.48</ele>
        <time>2022-08-08T20:33:42Z</time>
      </trkpt>
      <trkpt lat="48.06992" lon="-121.81441">
        <ele>969.61</ele>
        <time>2022-08-08T20:33:46Z</time>
      </trkpt>
      <trkpt lat="48.0699" lon="-121.81438">
        <ele>970.47</ele>
        <time>2022-08-08T20:33:49Z</time>
      </trkpt>
      <trkpt lat="48.06989" lon="-121.81433">
        <ele>971.62</ele>
        <time>2022-08-08T20:33:52Z</time>
      </trkpt>
      <trkpt lat="48.06989" lon="-121.81428">
        <ele>972.59</ele>
        <time>2022-08-08T20:33:55Z</time>
      </trkpt>
      <trkpt lat="48.06987" lon="-121.81425">
        <ele>973.2</ele>
        <time>2022-08-08T20:33:58Z</time>
      </trkpt>
      <trkpt lat="48.06984" lon="-121.81422">
        <ele>973.85</ele>
        <time>2022-08-08T20:34:01Z</time>
      </trkpt>
      <trkpt lat="48.06981" lon="-121.81419">
        <ele>974.51</ele>
        <time>2022-08-08T20:34:04Z</time>
      </trkpt>
      <trkpt lat="48.06979" lon="-121.81414">
        <ele>975.29</ele>
        <time>2022-08-08T20:34:07Z</time>
      </trkpt>
      <trkpt lat="48.06977" lon="-121.81409">
        <ele>975.83</ele>
        <time>2022-08-08T20:34:10Z</time>
      </trkpt>
      <trkpt lat="48.06974" lon="-121.81407">
        <ele>976.04</ele>
        <time>2022-08-08T20:34:13Z</time>
      </trkpt>
      <trkpt lat="48.06971" lon="-121.81405">
        <ele>976.26</ele>
        <time>2022-08-08T20:34:16Z</time>
      </trkpt>
      <trkpt lat="48.06968" lon="-121.81403">
        <ele>976.48</ele>
        <time>2022-08-08T20:34:20Z</time>
      </trkpt>
      <trkpt lat="48.06965" lon="-121.81402">
        <ele>976.58</ele>
        <time>2022-08-08T20:34:23Z</time>
      </trkpt>
      <trkpt lat="48.06961" lon="-121.81401">
        <ele>976.69</ele>
        <time>2022-08-08T20:34:26Z</time>
      </trkpt>
      <trkpt lat="48.06959" lon="-121.81399">
        <ele>976.91</ele>
        <time>2022-08-08T20:34:29Z</time>
      </trkpt>
      <trkpt lat="48.06956" lon="-121.81394">
        <ele>977.0</ele>
        <time>2022-08-08T20:34:32Z</time>
      </trkpt>
      <trkpt lat="48.06953" lon="-121.81393">
        <ele>976.97</ele>
        <time>2022-08-08T20:34:35Z</time>
      </trkpt>
      <trkpt lat="48.0695" lon="-121.81391">
        <ele>976.91</ele>
        <time>2022-08-08T20:34:38Z</time>
      </trkpt>
      <trkpt lat="48.06947" lon="-121.8139">
        <ele>976.91</ele>
        <time>2022-08-08T20:34:40Z</time>
      </trkpt>
      <trkpt lat="48.06944" lon="-121.81386">
        <ele>977.31</ele>
        <time>2022-08-08T20:34:43Z</time>
      </trkpt>
      <trkpt lat="48.06941" lon="-121.81383">
        <ele>977.64</ele>
        <time>2022-08-08T20:34:46Z</time>
      </trkpt>
      <trkpt lat="48.06938" lon="-121.81381">
        <ele>977.85</ele>
        <time>2022-08-08T20:34:49Z</time>
      </trkpt>
      <trkpt lat="48.06935" lon="-121.8138">
        <ele>977.96</ele>
        <time>2022-08-08T20:34:52Z</time>
      </trkpt>
      <trkpt lat="48.06933" lon="-121.81377">
        <ele>978.28</ele>
        <time>2022-08-08T20:34:56Z</time>
      </trkpt>
      <trkpt lat="48.06931" lon="-121.81374">
        <ele>978.61</ele>
        <time>2022-08-08T20:34:59Z</time>
      </trkpt>
      <trkpt lat="48.06928" lon="-121.81372">
        <ele>978.82</ele>
        <time>2022-08-08T20:35:02Z</time>
      </trkpt>
      <trkpt lat="48.06926" lon="-121.81368">
        <ele>979.25</ele>
        <time>2022-08-08T20:35:08Z</time>
      </trkpt>
      <trkpt lat="48.06923" lon="-121.81367">
        <ele>979.36</ele>
        <time>2022-08-08T20:35:11Z</time>
      </trkpt>
      <trkpt lat="48.0692" lon="-121.81365">
        <ele>979.58</ele>
        <time>2022-08-08T20:35:14Z</time>
      </trkpt>
      <trkpt lat="48.06918" lon="-121.81363">
        <ele>979.8</ele>
        <time>2022-08-08T20:35:18Z</time>
      </trkpt>
      <trkpt lat="48.06915" lon="-121.81361">
        <ele>980.0</ele>
        <time>2022-08-08T20:35:22Z</time>
      </trkpt>
      <trkpt lat="48.06912" lon="-121.81359">
        <ele>980.0</ele>
        <time>2022-08-08T20:35:25Z</time>
      </trkpt>
      <trkpt lat="48.06908" lon="-121.81358">
        <ele>980.0</ele>
        <time>2022-08-08T20:35:28Z</time>
      </trkpt>
      <trkpt lat="48.06905" lon="-121.81357">
        <ele>980.12</ele>
        <time>2022-08-08T20:35:31Z</time>
      </trkpt>
      <trkpt lat="48.06902" lon="-121.81355">
        <ele>980.39</ele>
        <time>2022-08-08T20:35:36Z</time>
      </trkpt>
      <trkpt lat="48.069" lon="-121.81353">
        <ele>980.7</ele>
        <time>2022-08-08T20:35:39Z</time>
      </trkpt>
      <trkpt lat="48.06897" lon="-121.81352">
        <ele>980.98</ele>
        <time>2022-08-08T20:35:41Z</time>
      </trkpt>
      <trkpt lat="48.06893" lon="-121.81351">
        <ele>981.0</ele>
        <time>2022-08-08T20:35:43Z</time>
      </trkpt>
      <trkpt lat="48.0689" lon="-121.8135">
        <ele>981.0</ele>
        <time>2022-08-08T20:35:45Z</time>
      </trkpt>
      <trkpt lat="48.06887" lon="-121.81349">
        <ele>981.06</ele>
        <time>2022-08-08T20:35:48Z</time>
      </trkpt>
      <trkpt lat="48.06884" lon="-121.81345">
        <ele>981.39</ele>
        <time>2022-08-08T20:35:51Z</time>
      </trkpt>
      <trkpt lat="48.06881" lon="-121.81343">
        <ele>981.81</ele>
        <time>2022-08-08T20:35:54Z</time>
      </trkpt>
      <trkpt lat="48.06878" lon="-121.81341">
        <ele>982.35</ele>
        <time>2022-08-08T20:35:58Z</time>
      </trkpt>
      <trkpt lat="48.06875" lon="-121.8134">
        <ele>982.78</ele>
        <time>2022-08-08T20:36:01Z</time>
      </trkpt>
      <trkpt lat="48.06872" lon="-121.81338">
        <ele>983.32</ele>
        <time>2022-08-08T20:36:04Z</time>
      </trkpt>
      <trkpt lat="48.06869" lon="-121.81337">
        <ele>983.75</ele>
        <time>2022-08-08T20:36:07Z</time>
      </trkpt>
      <trkpt lat="48.06866" lon="-121.81335">
        <ele>984.29</ele>
        <time>2022-08-08T20:36:10Z</time>
      </trkpt>
      <trkpt lat="48.06862" lon="-121.81334">
        <ele>984.83</ele>
        <time>2022-08-08T20:36:13Z</time>
      </trkpt>
      <trkpt lat="48.06859" lon="-121.81333">
        <ele>985.23</ele>
        <time>2022-08-08T20:36:15Z</time>
      </trkpt>
      <trkpt lat="48.06855" lon="-121.81332">
        <ele>985.66</ele>
        <time>2022-08-08T20:36:18Z</time>
      </trkpt>
      <trkpt lat="48.06852" lon="-121.81334">
        <ele>985.91</ele>
        <time>2022-08-08T20:36:21Z</time>
      </trkpt>
      <trkpt lat="48.06848" lon="-121.81336">
        <ele>986.13</ele>
        <time>2022-08-08T20:36:24Z</time>
      </trkpt>
      <trkpt lat="48.06846" lon="-121.81338">
        <ele>986.13</ele>
        <time>2022-08-08T20:36:27Z</time>
      </trkpt>
      <trkpt lat="48.06843" lon="-121.81338">
        <ele>986.45</ele>
        <time>2022-08-08T20:36:30Z</time>
      </trkpt>
      <trkpt lat="48.06839" lon="-121.81338">
        <ele>986.88</ele>
        <time>2022-08-08T20:36:33Z</time>
      </trkpt>
      <trkpt lat="48.06836" lon="-121.81337">
        <ele>987.32</ele>
        <time>2022-08-08T20:36:36Z</time>
      </trkpt>
      <trkpt lat="48.06833" lon="-121.81337">
        <ele>987.65</ele>
        <time>2022-08-08T20:36:39Z</time>
      </trkpt>
      <trkpt lat="48.0683" lon="-121.8134">
        <ele>987.9</ele>
        <time>2022-08-08T20:36:43Z</time>
      </trkpt>
      <trkpt lat="48.06828" lon="-121.81341">
        <ele>988.22</ele>
        <time>2022-08-08T20:36:46Z</time>
      </trkpt>
      <trkpt lat="48.06824" lon="-121.8134">
        <ele>989.01</ele>
        <time>2022-08-08T20:36:49Z</time>
      </trkpt>
      <trkpt lat="48.06821" lon="-121.8134">
        <ele>989.33</ele>
        <time>2022-08-08T20:36:52Z</time>
      </trkpt>
      <trkpt lat="48.06818" lon="-121.8134">
        <ele>989.66</ele>
        <time>2022-08-08T20:36:55Z</time>
      </trkpt>
      <trkpt lat="48.06815" lon="-121.8134">
        <ele>989.98</ele>
        <time>2022-08-08T20:36:57Z</time>
      </trkpt>
      <trkpt lat="48.06812" lon="-121.81339">
        <ele>990.3</ele>
        <time>2022-08-08T20:37:01Z</time>
      </trkpt>
      <trkpt lat="48.06808" lon="-121.81338">
        <ele>990.74</ele>
        <time>2022-08-08T20:37:06Z</time>
      </trkpt>
      <trkpt lat="48.06806" lon="-121.81335">
        <ele>990.95</ele>
        <time>2022-08-08T20:37:09Z</time>
      </trkpt>
      <trkpt lat="48.06803" lon="-121.81333">
        <ele>991.31</ele>
        <time>2022-08-08T20:37:11Z</time>
      </trkpt>
      <trkpt lat="48.06801" lon="-121.81331">
        <ele>991.74</ele>
        <time>2022-08-08T20:37:13Z</time>
      </trkpt>
      <trkpt lat="48.06798" lon="-121.81329">
        <ele>992.28</ele>
        <time>2022-08-08T20:37:15Z</time>
      </trkpt>
      <trkpt lat="48.06795" lon="-121.81327">
        <ele>992.73</ele>
        <time>2022-08-08T20:37:19Z</time>
      </trkpt>
      <trkpt lat="48.0679" lon="-121.81327">
        <ele>992.9</ele>
        <time>2022-08-08T20:37:23Z</time>
      </trkpt>
      <trkpt lat="48.06787" lon="-121.81329">
        <ele>993.0</ele>
        <time>2022-08-08T20:37:25Z</time>
      </trkpt>
      <trkpt lat="48.06784" lon="-121.8133">
        <ele>993.33</ele>
        <time>2022-08-08T20:37:27Z</time>
      </trkpt>
      <trkpt lat="48.06781" lon="-121.81334">
        <ele>993.58</ele>
        <time>2022-08-08T20:37:30Z</time>
      </trkpt>
      <trkpt lat="48.06777" lon="-121.81336">
        <ele>993.8</ele>
        <time>2022-08-08T20:37:33Z</time>
      </trkpt>
      <trkpt lat="48.06774" lon="-121.81337">
        <ele>994.01</ele>
        <time>2022-08-08T20:37:36Z</time>
      </trkpt>
      <trkpt lat="48.06771" lon="-121.8134">
        <ele>994.01</ele>
        <time>2022-08-08T20:37:39Z</time>
      </trkpt>
      <trkpt lat="48.06768" lon="-121.81342">
        <ele>994.12</ele>
        <time>2022-08-08T20:37:42Z</time>
      </trkpt>
      <trkpt lat="48.06766" lon="-121.81345">
        <ele>994.01</ele>
        <time>2022-08-08T20:37:45Z</time>
      </trkpt>
      <trkpt lat="48.06764" lon="-121.81348">
        <ele>993.9</ele>
        <time>2022-08-08T20:37:49Z</time>
      </trkpt>
      <trkpt lat="48.06761" lon="-121.81352">
        <ele>993.81</ele>
        <time>2022-08-08T20:37:52Z</time>
      </trkpt>
      <trkpt lat="48.06758" lon="-121.81354">
        <ele>994.24</ele>
        <time>2022-08-08T20:37:55Z</time>
      </trkpt>
      <trkpt lat="48.06755" lon="-121.81354">
        <ele>994.81</ele>
        <time>2022-08-08T20:37:58Z</time>
      </trkpt>
      <trkpt lat="48.06751" lon="-121.81354">
        <ele>995.58</ele>
        <time>2022-08-08T20:38:01Z</time>
      </trkpt>
      <trkpt lat="48.06748" lon="-121.81355">
        <ele>996.09</ele>
        <time>2022-08-08T20:38:04Z</time>
      </trkpt>
      <trkpt lat="48.06746" lon="-121.8136">
        <ele>995.98</ele>
        <time>2022-08-08T20:38:09Z</time>
      </trkpt>
      <trkpt lat="48.06747" lon="-121.81364">
        <ele>995.65</ele>
        <time>2022-08-08T20:38:12Z</time>
      </trkpt>
      <trkpt lat="48.06749" lon="-121.81369">
        <ele>995.22</ele>
        <time>2022-08-08T20:38:15Z</time>
      </trkpt>
      <trkpt lat="48.06751" lon="-121.81373">
        <ele>995.15</ele>
        <time>2022-08-08T20:38:18Z</time>
      </trkpt>
      <trkpt lat="48.06753" lon="-121.81374">
        <ele>994.94</ele>
        <time>2022-08-08T20:38:21Z</time>
      </trkpt>
      <trkpt lat="48.06756" lon="-121.81374">
        <ele>994.49</ele>
        <time>2022-08-08T20:38:25Z</time>
      </trkpt>
      <trkpt lat="48.06755" lon="-121.81378">
        <ele>994.84</ele>
        <time>2022-08-08T20:38:33Z</time>
      </trkpt>
      <trkpt lat="48.06751" lon="-121.81377">
        <ele>995.53</ele>
        <time>2022-08-08T20:38:36Z</time>
      </trkpt>
      <trkpt lat="48.06752" lon="-121.81381">
        <ele>995.72</ele>
        <time>2022-08-08T20:38:46Z</time>
      </trkpt>
      <trkpt lat="48.06754" lon="-121.81385">
        <ele>995.72</ele>
        <time>2022-08-08T20:38:49Z</time>
      </trkpt>
      <trkpt lat="48.06754" lon="-121.81389">
        <ele>996.14</ele>
        <time>2022-08-08T20:38:54Z</time>
      </trkpt>
      <trkpt lat="48.06753" lon="-121.81394">
        <ele>996.73</ele>
        <time>2022-08-08T20:38:59Z</time>
      </trkpt>
      <trkpt lat="48.0675" lon="-121.81397">
        <ele>997.88</ele>
        <time>2022-08-08T20:39:01Z</time>
      </trkpt>
      <trkpt lat="48.06746" lon="-121.81398">
        <ele>998.85</ele>
        <time>2022-08-08T20:39:04Z</time>
      </trkpt>
      <trkpt lat="48.06742" lon="-121.81397">
        <ele>999.6</ele>
        <time>2022-08-08T20:39:07Z</time>
      </trkpt>
      <trkpt lat="48.06739" lon="-121.81396">
        <ele>999.96</ele>
        <time>2022-08-08T20:39:11Z</time>
      </trkpt>
      <trkpt lat="48.06738" lon="-121.81401">
        <ele>1000.6</ele>
        <time>2022-08-08T20:39:14Z</time>
      </trkpt>
      <trkpt lat="48.06736" lon="-121.81405">
        <ele>1001.25</ele>
        <time>2022-08-08T20:39:17Z</time>
      </trkpt>
      <trkpt lat="48.06736" lon="-121.81409">
        <ele>1001.68</ele>
        <time>2022-08-08T20:39:20Z</time>
      </trkpt>
      <trkpt lat="48.06736" lon="-121.81416">
        <ele>1002.44</ele>
        <time>2022-08-08T20:39:24Z</time>
      </trkpt>
      <trkpt lat="48.06735" lon="-121.81421">
        <ele>1002.91</ele>
        <time>2022-08-08T20:39:27Z</time>
      </trkpt>
      <trkpt lat="48.06734" lon="-121.81426">
        <ele>1003.46</ele>
        <time>2022-08-08T20:39:30Z</time>
      </trkpt>
      <trkpt lat="48.06734" lon="-121.81431">
        <ele>1003.61</ele>
        <time>2022-08-08T20:39:33Z</time>
      </trkpt>
      <trkpt lat="48.06733" lon="-121.81435">
        <ele>1003.83</ele>
        <time>2022-08-08T20:39:36Z</time>
      </trkpt>
      <trkpt lat="48.06731" lon="-121.81439">
        <ele>1004.07</ele>
        <time>2022-08-08T20:39:39Z</time>
      </trkpt>
      <trkpt lat="48.06728" lon="-121.8144">
        <ele>1004.57</ele>
        <time>2022-08-08T20:39:42Z</time>
      </trkpt>
      <trkpt lat="48.06725" lon="-121.81442">
        <ele>1005.22</ele>
        <time>2022-08-08T20:39:45Z</time>
      </trkpt>
      <trkpt lat="48.06724" lon="-121.81446">
        <ele>1005.62</ele>
        <time>2022-08-08T20:39:48Z</time>
      </trkpt>
      <trkpt lat="48.06723" lon="-121.81452">
        <ele>1005.83</ele>
        <time>2022-08-08T20:39:51Z</time>
      </trkpt>
      <trkpt lat="48.06724" lon="-121.81457">
        <ele>1005.97</ele>
        <time>2022-08-08T20:39:54Z</time>
      </trkpt>
      <trkpt lat="48.0672" lon="-121.81458">
        <ele>1006.94</ele>
        <time>2022-08-08T20:40:01Z</time>
      </trkpt>
      <trkpt lat="48.06717" lon="-121.81459">
        <ele>1007.7</ele>
        <time>2022-08-08T20:40:04Z</time>
      </trkpt>
      <trkpt lat="48.06715" lon="-121.81462">
        <ele>1008.46</ele>
        <time>2022-08-08T20:40:08Z</time>
      </trkpt>
      <trkpt lat="48.06714" lon="-121.81467">
        <ele>1008.78</ele>
        <time>2022-08-08T20:40:11Z</time>
      </trkpt>
      <trkpt lat="48.06712" lon="-121.81472">
        <ele>1009.21</ele>
        <time>2022-08-08T20:40:15Z</time>
      </trkpt>
      <trkpt lat="48.06711" lon="-121.81476">
        <ele>1009.42</ele>
        <time>2022-08-08T20:40:18Z</time>
      </trkpt>
      <trkpt lat="48.0671" lon="-121.8148">
        <ele>1009.64</ele>
        <time>2022-08-08T20:40:20Z</time>
      </trkpt>
      <trkpt lat="48.06709" lon="-121.81485">
        <ele>1009.86</ele>
        <time>2022-08-08T20:40:23Z</time>
      </trkpt>
      <trkpt lat="48.06708" lon="-121.81489">
        <ele>1010.07</ele>
        <time>2022-08-08T20:40:25Z</time>
      </trkpt>
      <trkpt lat="48.06708" lon="-121.81495">
        <ele>1010.07</ele>
        <time>2022-08-08T20:40:28Z</time>
      </trkpt>
      <trkpt lat="48.06708" lon="-121.815">
        <ele>1010.07</ele>
        <time>2022-08-08T20:40:31Z</time>
      </trkpt>
      <trkpt lat="48.06708" lon="-121.81505">
        <ele>1009.78</ele>
        <time>2022-08-08T20:40:34Z</time>
      </trkpt>
      <trkpt lat="48.06709" lon="-121.81509">
        <ele>1009.44</ele>
        <time>2022-08-08T20:40:38Z</time>
      </trkpt>
      <trkpt lat="48.06707" lon="-121.81512">
        <ele>1009.64</ele>
        <time>2022-08-08T20:40:42Z</time>
      </trkpt>
      <trkpt lat="48.06705" lon="-121.81512">
        <ele>1009.86</ele>
        <time>2022-08-08T20:40:45Z</time>
      </trkpt>
      <trkpt lat="48.06702" lon="-121.81508">
        <ele>1010.48</ele>
        <time>2022-08-08T20:40:48Z</time>
      </trkpt>
      <trkpt lat="48.06699" lon="-121.81504">
        <ele>1011.3</ele>
        <time>2022-08-08T20:40:51Z</time>
      </trkpt>
      <trkpt lat="48.06697" lon="-121.81501">
        <ele>1011.69</ele>
        <time>2022-08-08T20:40:54Z</time>
      </trkpt>
      <trkpt lat="48.06694" lon="-121.81498">
        <ele>1012.31</ele>
        <time>2022-08-08T20:40:58Z</time>
      </trkpt>
      <trkpt lat="48.06692" lon="-121.81495">
        <ele>1013.07</ele>
        <time>2022-08-08T20:41:01Z</time>
      </trkpt>
      <trkpt lat="48.0669" lon="-121.81492">
        <ele>1013.82</ele>
        <time>2022-08-08T20:41:03Z</time>
      </trkpt>
      <trkpt lat="48.0669" lon="-121.81488">
        <ele>1013.96</ele>
        <time>2022-08-08T20:41:05Z</time>
      </trkpt>
      <trkpt lat="48.06688" lon="-121.81483">
        <ele>1014.39</ele>
        <time>2022-08-08T20:41:09Z</time>
      </trkpt>
      <trkpt lat="48.06689" lon="-121.81478">
        <ele>1014.18</ele>
        <time>2022-08-08T20:41:13Z</time>
      </trkpt>
      <trkpt lat="48.0669" lon="-121.81474">
        <ele>1013.96</ele>
        <time>2022-08-08T20:41:17Z</time>
      </trkpt>
      <trkpt lat="48.06692" lon="-121.81469">
        <ele>1013.53</ele>
        <time>2022-08-08T20:41:20Z</time>
      </trkpt>
      <trkpt lat="48.06692" lon="-121.81465">
        <ele>1013.53</ele>
        <time>2022-08-08T20:41:22Z</time>
      </trkpt>
      <trkpt lat="48.06691" lon="-121.81461">
        <ele>1013.74</ele>
        <time>2022-08-08T20:41:25Z</time>
      </trkpt>
      <trkpt lat="48.0669" lon="-121.81455">
        <ele>1013.96</ele>
        <time>2022-08-08T20:41:27Z</time>
      </trkpt>
      <trkpt lat="48.06688" lon="-121.81452">
        <ele>1014.39</ele>
        <time>2022-08-08T20:41:30Z</time>
      </trkpt>
      <trkpt lat="48.0669" lon="-121.81455">
        <ele>1013.96</ele>
        <time>2022-08-08T20:41:36Z</time>
      </trkpt>
      <trkpt lat="48.06693" lon="-121.81457">
        <ele>1013.31</ele>
        <time>2022-08-08T20:41:45Z</time>
      </trkpt>
      <trkpt lat="48.0669" lon="-121.81456">
        <ele>1013.96</ele>
        <time>2022-08-08T20:41:55Z</time>
      </trkpt>
      <trkpt lat="48.06692" lon="-121.81452">
        <ele>1013.53</ele>
        <time>2022-08-08T20:42:12Z</time>
      </trkpt>
      <trkpt lat="48.06694" lon="-121.81455">
        <ele>1013.1</ele>
        <time>2022-08-08T20:42:19Z</time>
      </trkpt>
      <trkpt lat="48.06693" lon="-121.81459">
        <ele>1013.31</ele>
        <time>2022-08-08T20:42:41Z</time>
      </trkpt>
      <trkpt lat="48.06692" lon="-121.81455">
        <ele>1013.53</ele>
        <time>2022-08-08T20:43:04Z</time>
      </trkpt>
      <trkpt lat="48.06692" lon="-121.81451">
        <ele>1013.53</ele>
        <time>2022-08-08T20:43:17Z</time>
      </trkpt>
      <trkpt lat="48.06689" lon="-121.81452">
        <ele>1014.18</ele>
        <time>2022-08-08T20:43:38Z</time>
      </trkpt>
      <trkpt lat="48.06689" lon="-121.81456">
        <ele>1014.18</ele>
        <time>2022-08-08T20:43:54Z</time>
      </trkpt>
      <trkpt lat="48.06689" lon="-121.81451">
        <ele>1014.18</ele>
        <time>2022-08-08T20:44:00Z</time>
      </trkpt>
      <trkpt lat="48.06692" lon="-121.81447">
        <ele>1013.53</ele>
        <time>2022-08-08T20:44:15Z</time>
      </trkpt>
      <trkpt lat="48.06689" lon="-121.81447">
        <ele>1014.18</ele>
        <time>2022-08-08T20:44:31Z</time>
      </trkpt>
      <trkpt lat="48.06692" lon="-121.81447">
        <ele>1013.53</ele>
        <time>2022-08-08T20:44:42Z</time>
      </trkpt>
      <trkpt lat="48.06689" lon="-121.81445">
        <ele>1014.18</ele>
        <time>2022-08-08T20:44:53Z</time>
      </trkpt>
      <trkpt lat="48.06688" lon="-121.81441">
        <ele>1014.02</ele>
        <time>2022-08-08T20:44:54Z</time>
      </trkpt>
      <trkpt lat="48.06686" lon="-121.81437">
        <ele>1014.02</ele>
        <time>2022-08-08T20:44:57Z</time>
      </trkpt>
      <trkpt lat="48.06686" lon="-121.81432">
        <ele>1013.48</ele>
        <time>2022-08-08T20:45:02Z</time>
      </trkpt>
      <trkpt lat="48.06686" lon="-121.81426">
        <ele>1012.83</ele>
        <time>2022-08-08T20:45:06Z</time>
      </trkpt>
      <trkpt lat="48.06686" lon="-121.81422">
        <ele>1011.98</ele>
        <time>2022-08-08T20:45:10Z</time>
      </trkpt>
      <trkpt lat="48.06683" lon="-121.81419">
        <ele>1011.92</ele>
        <time>2022-08-08T20:45:14Z</time>
      </trkpt>
      <trkpt lat="48.0668" lon="-121.81421">
        <ele>1012.79</ele>
        <time>2022-08-08T20:45:18Z</time>
      </trkpt>
      <trkpt lat="48.06678" lon="-121.81426">
        <ele>1013.78</ele>
        <time>2022-08-08T20:45:21Z</time>
      </trkpt>
      <trkpt lat="48.06676" lon="-121.81428">
        <ele>1014.22</ele>
        <time>2022-08-08T20:45:23Z</time>
      </trkpt>
      <trkpt lat="48.06673" lon="-121.8143">
        <ele>1014.9</ele>
        <time>2022-08-08T20:45:25Z</time>
      </trkpt>
      <trkpt lat="48.0667" lon="-121.8143">
        <ele>1015.36</ele>
        <time>2022-08-08T20:45:27Z</time>
      </trkpt>
      <trkpt lat="48.06667" lon="-121.81431">
        <ele>1016.04</ele>
        <time>2022-08-08T20:45:30Z</time>
      </trkpt>
      <trkpt lat="48.06664" lon="-121.81433">
        <ele>1017.39</ele>
        <time>2022-08-08T20:45:34Z</time>
      </trkpt>
      <trkpt lat="48.06661" lon="-121.81435">
        <ele>1018.8</ele>
        <time>2022-08-08T20:45:37Z</time>
      </trkpt>
      <trkpt lat="48.06659" lon="-121.81438">
        <ele>1019.79</ele>
        <time>2022-08-08T20:45:40Z</time>
      </trkpt>
      <trkpt lat="48.06657" lon="-121.81441">
        <ele>1020.78</ele>
        <time>2022-08-08T20:45:44Z</time>
      </trkpt>
      <trkpt lat="48.06653" lon="-121.81441">
        <ele>1022.23</ele>
        <time>2022-08-08T20:45:48Z</time>
      </trkpt>
      <trkpt lat="48.0665" lon="-121.81442">
        <ele>1023.35</ele>
        <time>2022-08-08T20:45:51Z</time>
      </trkpt>
      <trkpt lat="48.06648" lon="-121.81443">
        <ele>1024.05</ele>
        <time>2022-08-08T20:45:57Z</time>
      </trkpt>
      <trkpt lat="48.06645" lon="-121.81443">
        <ele>1025.02</ele>
        <time>2022-08-08T20:45:59Z</time>
      </trkpt>
      <trkpt lat="48.06641" lon="-121.81443">
        <ele>1026.32</ele>
        <time>2022-08-08T20:46:02Z</time>
      </trkpt>
      <trkpt lat="48.06638" lon="-121.81443">
        <ele>1027.08</ele>
        <time>2022-08-08T20:46:05Z</time>
      </trkpt>
      <trkpt lat="48.06635" lon="-121.81443">
        <ele>1027.35</ele>
        <time>2022-08-08T20:46:09Z</time>
      </trkpt>
      <trkpt lat="48.06631" lon="-121.81444">
        <ele>1027.81</ele>
        <time>2022-08-08T20:46:12Z</time>
      </trkpt>
      <trkpt lat="48.06628" lon="-121.81445">
        <ele>1028.19</ele>
        <time>2022-08-08T20:46:16Z</time>
      </trkpt>
      <trkpt lat="48.06625" lon="-121.81446">
        <ele>1028.58</ele>
        <time>2022-08-08T20:46:22Z</time>
      </trkpt>
      <trkpt lat="48.06621" lon="-121.81448">
        <ele>1029.29</ele>
        <time>2022-08-08T20:46:26Z</time>
      </trkpt>
      <trkpt lat="48.06617" lon="-121.8145">
        <ele>1030.18</ele>
        <time>2022-08-08T20:46:29Z</time>
      </trkpt>
      <trkpt lat="48.06615" lon="-121.81452">
        <ele>1030.87</ele>
        <time>2022-08-08T20:46:32Z</time>
      </trkpt>
      <trkpt lat="48.06612" lon="-121.81452">
        <ele>1031.46</ele>
        <time>2022-08-08T20:46:38Z</time>
      </trkpt>
      <trkpt lat="48.06609" lon="-121.81455">
        <ele>1032.63</ele>
        <time>2022-08-08T20:46:42Z</time>
      </trkpt>
      <trkpt lat="48.06606" lon="-121.81457">
        <ele>1033.66</ele>
        <time>2022-08-08T20:46:45Z</time>
      </trkpt>
      <trkpt lat="48.06603" lon="-121.81459">
        <ele>1034.83</ele>
        <time>2022-08-08T20:46:49Z</time>
      </trkpt>
      <trkpt lat="48.066" lon="-121.81459">
        <ele>1035.63</ele>
        <time>2022-08-08T20:46:54Z</time>
      </trkpt>
      <trkpt lat="48.06596" lon="-121.8146">
        <ele>1036.83</ele>
        <time>2022-08-08T20:46:57Z</time>
      </trkpt>
      <trkpt lat="48.06593" lon="-121.81459">
        <ele>1037.47</ele>
        <time>2022-08-08T20:46:59Z</time>
      </trkpt>
      <trkpt lat="48.06594" lon="-121.81464">
        <ele>1037.79</ele>
        <time>2022-08-08T20:47:07Z</time>
      </trkpt>
      <trkpt lat="48.06596" lon="-121.81468">
        <ele>1037.61</ele>
        <time>2022-08-08T20:47:09Z</time>
      </trkpt>
      <trkpt lat="48.06598" lon="-121.81471">
        <ele>1037.19</ele>
        <time>2022-08-08T20:47:12Z</time>
      </trkpt>
      <trkpt lat="48.06601" lon="-121.81473">
        <ele>1036.35</ele>
        <time>2022-08-08T20:47:15Z</time>
      </trkpt>
      <trkpt lat="48.06601" lon="-121.81477">
        <ele>1036.74</ele>
        <time>2022-08-08T20:47:19Z</time>
      </trkpt>
      <trkpt lat="48.066" lon="-121.81482">
        <ele>1037.36</ele>
        <time>2022-08-08T20:47:23Z</time>
      </trkpt>
      <trkpt lat="48.066" lon="-121.81487">
        <ele>1036.92</ele>
        <time>2022-08-08T20:47:26Z</time>
      </trkpt>
      <trkpt lat="48.06602" lon="-121.81492">
        <ele>1035.95</ele>
        <time>2022-08-08T20:47:30Z</time>
      </trkpt>
      <trkpt lat="48.06602" lon="-121.81497">
        <ele>1035.95</ele>
        <time>2022-08-08T20:47:34Z</time>
      </trkpt>
      <trkpt lat="48.06602" lon="-121.81502">
        <ele>1035.95</ele>
        <time>2022-08-08T20:47:38Z</time>
      </trkpt>
      <trkpt lat="48.06601" lon="-121.81506">
        <ele>1036.22</ele>
        <time>2022-08-08T20:47:42Z</time>
      </trkpt>
      <trkpt lat="48.06599" lon="-121.81508">
        <ele>1036.66</ele>
        <time>2022-08-08T20:47:50Z</time>
      </trkpt>
      <trkpt lat="48.06602" lon="-121.81507">
        <ele>1035.95</ele>
        <time>2022-08-08T20:48:03Z</time>
      </trkpt>
      <trkpt lat="48.06599" lon="-121.81507">
        <ele>1036.69</ele>
        <time>2022-08-08T20:48:11Z</time>
      </trkpt>
      <trkpt lat="48.06595" lon="-121.81508">
        <ele>1037.58</ele>
        <time>2022-08-08T20:48:14Z</time>
      </trkpt>
      <trkpt lat="48.06593" lon="-121.81512">
        <ele>1037.9</ele>
        <time>2022-08-08T20:48:17Z</time>
      </trkpt>
      <trkpt lat="48.06591" lon="-121.81515">
        <ele>1038.41</ele>
        <time>2022-08-08T20:48:21Z</time>
      </trkpt>
      <trkpt lat="48.0659" lon="-121.8152">
        <ele>1038.44</ele>
        <time>2022-08-08T20:48:24Z</time>
      </trkpt>
      <trkpt lat="48.0659" lon="-121.81524">
        <ele>1038.13</ele>
        <time>2022-08-08T20:48:27Z</time>
      </trkpt>
      <trkpt lat="48.0659" lon="-121.81529">
        <ele>1037.8</ele>
        <time>2022-08-08T20:48:31Z</time>
      </trkpt>
      <trkpt lat="48.0659" lon="-121.81533">
        <ele>1037.68</ele>
        <time>2022-08-08T20:48:34Z</time>
      </trkpt>
      <trkpt lat="48.0659" lon="-121.81537">
        <ele>1037.56</ele>
        <time>2022-08-08T20:48:37Z</time>
      </trkpt>
      <trkpt lat="48.06588" lon="-121.81541">
        <ele>1037.78</ele>
        <time>2022-08-08T20:48:41Z</time>
      </trkpt>
      <trkpt lat="48.06586" lon="-121.81545">
        <ele>1038.18</ele>
        <time>2022-08-08T20:48:45Z</time>
      </trkpt>
      <trkpt lat="48.06584" lon="-121.81549">
        <ele>1038.78</ele>
        <time>2022-08-08T20:48:48Z</time>
      </trkpt>
      <trkpt lat="48.06582" lon="-121.81554">
        <ele>1039.43</ele>
        <time>2022-08-08T20:48:51Z</time>
      </trkpt>
      <trkpt lat="48.0658" lon="-121.81556">
        <ele>1040.03</ele>
        <time>2022-08-08T20:48:58Z</time>
      </trkpt>
      <trkpt lat="48.06577" lon="-121.81553">
        <ele>1041.05</ele>
        <time>2022-08-08T20:49:04Z</time>
      </trkpt>
      <trkpt lat="48.06575" lon="-121.8155">
        <ele>1041.7</ele>
        <time>2022-08-08T20:49:10Z</time>
      </trkpt>
      <trkpt lat="48.06573" lon="-121.81546">
        <ele>1042.35</ele>
        <time>2022-08-08T20:49:16Z</time>
      </trkpt>
      <trkpt lat="48.06573" lon="-121.81542">
        <ele>1042.4</ele>
        <time>2022-08-08T20:49:23Z</time>
      </trkpt>
      <trkpt lat="48.06574" lon="-121.81538">
        <ele>1042.03</ele>
        <time>2022-08-08T20:49:27Z</time>
      </trkpt>
      <trkpt lat="48.06576" lon="-121.81535">
        <ele>1041.6</ele>
        <time>2022-08-08T20:49:32Z</time>
      </trkpt>
      <trkpt lat="48.06578" lon="-121.8153">
        <ele>1041.49</ele>
        <time>2022-08-08T20:49:37Z</time>
      </trkpt>
      <trkpt lat="48.06578" lon="-121.81523">
        <ele>1041.73</ele>
        <time>2022-08-08T20:49:41Z</time>
      </trkpt>
      <trkpt lat="48.06577" lon="-121.81518">
        <ele>1042.07</ele>
        <time>2022-08-08T20:49:44Z</time>
      </trkpt>
      <trkpt lat="48.06577" lon="-121.81514">
        <ele>1042.21</ele>
        <time>2022-08-08T20:49:46Z</time>
      </trkpt>
      <trkpt lat="48.06577" lon="-121.81508">
        <ele>1042.37</ele>
        <time>2022-08-08T20:49:49Z</time>
      </trkpt>
      <trkpt lat="48.06576" lon="-121.81504">
        <ele>1042.58</ele>
        <time>2022-08-08T20:49:52Z</time>
      </trkpt>
      <trkpt lat="48.06575" lon="-121.815">
        <ele>1042.8</ele>
        <time>2022-08-08T20:49:55Z</time>
      </trkpt>
      <trkpt lat="48.06573" lon="-121.81498">
        <ele>1043.32</ele>
        <time>2022-08-08T20:49:57Z</time>
      </trkpt>
      <trkpt lat="48.0657" lon="-121.81496">
        <ele>1044.13</ele>
        <time>2022-08-08T20:49:59Z</time>
      </trkpt>
      <trkpt lat="48.06566" lon="-121.81496">
        <ele>1045.24</ele>
        <time>2022-08-08T20:50:01Z</time>
      </trkpt>
      <trkpt lat="48.06563" lon="-121.815">
        <ele>1046.39</ele>
        <time>2022-08-08T20:50:04Z</time>
      </trkpt>
      <trkpt lat="48.06562" lon="-121.81505">
        <ele>1046.61</ele>
        <time>2022-08-08T20:50:06Z</time>
      </trkpt>
      <trkpt lat="48.06561" lon="-121.8151">
        <ele>1046.86</ele>
        <time>2022-08-08T20:50:09Z</time>
      </trkpt>
      <trkpt lat="48.0656" lon="-121.81514">
        <ele>1047.31</ele>
        <time>2022-08-08T20:50:12Z</time>
      </trkpt>
      <trkpt lat="48.06559" lon="-121.81518">
        <ele>1047.85</ele>
        <time>2022-08-08T20:50:15Z</time>
      </trkpt>
      <trkpt lat="48.06558" lon="-121.81521">
        <ele>1048.21</ele>
        <time>2022-08-08T20:50:17Z</time>
      </trkpt>
      <trkpt lat="48.06557" lon="-121.81527">
        <ele>1048.53</ele>
        <time>2022-08-08T20:50:20Z</time>
      </trkpt>
      <trkpt lat="48.06555" lon="-121.81531">
        <ele>1049.12</ele>
        <time>2022-08-08T20:50:24Z</time>
      </trkpt>
      <trkpt lat="48.06552" lon="-121.81535">
        <ele>1049.77</ele>
        <time>2022-08-08T20:50:27Z</time>
      </trkpt>
      <trkpt lat="48.06549" lon="-121.81538">
        <ele>1050.42</ele>
        <time>2022-08-08T20:50:30Z</time>
      </trkpt>
      <trkpt lat="48.06547" lon="-121.81541">
        <ele>1050.85</ele>
        <time>2022-08-08T20:50:33Z</time>
      </trkpt>
      <trkpt lat="48.06546" lon="-121.81546">
        <ele>1051.09</ele>
        <time>2022-08-08T20:50:35Z</time>
      </trkpt>
      <trkpt lat="48.06545" lon="-121.8155">
        <ele>1051.42</ele>
        <time>2022-08-08T20:50:37Z</time>
      </trkpt>
      <trkpt lat="48.06544" lon="-121.81555">
        <ele>1051.74</ele>
        <time>2022-08-08T20:50:40Z</time>
      </trkpt>
      <trkpt lat="48.06542" lon="-121.8156">
        <ele>1052.39</ele>
        <time>2022-08-08T20:50:45Z</time>
      </trkpt>
      <trkpt lat="48.06542" lon="-121.81565">
        <ele>1052.39</ele>
        <time>2022-08-08T20:50:48Z</time>
      </trkpt>
      <trkpt lat="48.0654" lon="-121.8157">
        <ele>1053.04</ele>
        <time>2022-08-08T20:50:51Z</time>
      </trkpt>
      <trkpt lat="48.06538" lon="-121.81575">
        <ele>1053.69</ele>
        <time>2022-08-08T20:50:54Z</time>
      </trkpt>
      <trkpt lat="48.06536" lon="-121.81578">
        <ele>1054.5</ele>
        <time>2022-08-08T20:50:57Z</time>
      </trkpt>
      <trkpt lat="48.06535" lon="-121.81581">
        <ele>1055.04</ele>
        <time>2022-08-08T20:51:00Z</time>
      </trkpt>
      <trkpt lat="48.06533" lon="-121.81586">
        <ele>1056.18</ele>
        <time>2022-08-08T20:51:03Z</time>
      </trkpt>
      <trkpt lat="48.06531" lon="-121.81588">
        <ele>1057.26</ele>
        <time>2022-08-08T20:51:07Z</time>
      </trkpt>
      <trkpt lat="48.06528" lon="-121.81591">
        <ele>1058.88</ele>
        <time>2022-08-08T20:51:11Z</time>
      </trkpt>
      <trkpt lat="48.06526" lon="-121.81592">
        <ele>1059.58</ele>
        <time>2022-08-08T20:51:14Z</time>
      </trkpt>
      <trkpt lat="48.06523" lon="-121.81596">
        <ele>1060.37</ele>
        <time>2022-08-08T20:51:18Z</time>
      </trkpt>
      <trkpt lat="48.06521" lon="-121.816">
        <ele>1060.98</ele>
        <time>2022-08-08T20:51:22Z</time>
      </trkpt>
      <trkpt lat="48.06519" lon="-121.81604">
        <ele>1061.78</ele>
        <time>2022-08-08T20:51:26Z</time>
      </trkpt>
      <trkpt lat="48.06517" lon="-121.81608">
        <ele>1062.22</ele>
        <time>2022-08-08T20:51:31Z</time>
      </trkpt>
      <trkpt lat="48.06517" lon="-121.81613">
        <ele>1061.99</ele>
        <time>2022-08-08T20:51:34Z</time>
      </trkpt>
      <trkpt lat="48.06516" lon="-121.81617">
        <ele>1061.81</ele>
        <time>2022-08-08T20:51:38Z</time>
      </trkpt>
      <trkpt lat="48.06514" lon="-121.8162">
        <ele>1062.0</ele>
        <time>2022-08-08T20:51:42Z</time>
      </trkpt>
      <trkpt lat="48.06511" lon="-121.81622">
        <ele>1062.56</ele>
        <time>2022-08-08T20:51:45Z</time>
      </trkpt>
      <trkpt lat="48.06508" lon="-121.81625">
        <ele>1063.14</ele>
        <time>2022-08-08T20:51:48Z</time>
      </trkpt>
      <trkpt lat="48.06507" lon="-121.8163">
        <ele>1063.21</ele>
        <time>2022-08-08T20:51:51Z</time>
      </trkpt>
      <trkpt lat="48.06506" lon="-121.81634">
        <ele>1063.05</ele>
        <time>2022-08-08T20:51:53Z</time>
      </trkpt>
      <trkpt lat="48.06504" lon="-121.81638">
        <ele>1063.18</ele>
        <time>2022-08-08T20:51:56Z</time>
      </trkpt>
      <trkpt lat="48.06503" lon="-121.81644">
        <ele>1062.8</ele>
        <time>2022-08-08T20:51:58Z</time>
      </trkpt>
      <trkpt lat="48.06501" lon="-121.81647">
        <ele>1062.91</ele>
        <time>2022-08-08T20:52:02Z</time>
      </trkpt>
      <trkpt lat="48.06499" lon="-121.81653">
        <ele>1063.16</ele>
        <time>2022-08-08T20:52:05Z</time>
      </trkpt>
      <trkpt lat="48.06497" lon="-121.81657">
        <ele>1063.34</ele>
        <time>2022-08-08T20:52:08Z</time>
      </trkpt>
      <trkpt lat="48.06495" lon="-121.81659">
        <ele>1063.54</ele>
        <time>2022-08-08T20:52:19Z</time>
      </trkpt>
      <trkpt lat="48.06493" lon="-121.81661">
        <ele>1063.76</ele>
        <time>2022-08-08T20:52:21Z</time>
      </trkpt>
      <trkpt lat="48.06489" lon="-121.81664">
        <ele>1064.19</ele>
        <time>2022-08-08T20:52:24Z</time>
      </trkpt>
      <trkpt lat="48.06486" lon="-121.81667">
        <ele>1064.49</ele>
        <time>2022-08-08T20:52:27Z</time>
      </trkpt>
      <trkpt lat="48.06483" lon="-121.81671">
        <ele>1064.76</ele>
        <time>2022-08-08T20:52:30Z</time>
      </trkpt>
      <trkpt lat="48.0648" lon="-121.81673">
        <ele>1065.16</ele>
        <time>2022-08-08T20:52:33Z</time>
      </trkpt>
      <trkpt lat="48.06476" lon="-121.81676">
        <ele>1065.58</ele>
        <time>2022-08-08T20:52:36Z</time>
      </trkpt>
      <trkpt lat="48.06473" lon="-121.81679">
        <ele>1065.58</ele>
        <time>2022-08-08T20:52:39Z</time>
      </trkpt>
      <trkpt lat="48.06471" lon="-121.81682">
        <ele>1065.48</ele>
        <time>2022-08-08T20:52:42Z</time>
      </trkpt>
      <trkpt lat="48.06467" lon="-121.81684">
        <ele>1065.69</ele>
        <time>2022-08-08T20:52:46Z</time>
      </trkpt>
      <trkpt lat="48.06465" lon="-121.81685">
        <ele>1065.8</ele>
        <time>2022-08-08T20:52:49Z</time>
      </trkpt>
      <trkpt lat="48.06461" lon="-121.81688">
        <ele>1065.97</ele>
        <time>2022-08-08T20:52:52Z</time>
      </trkpt>
      <trkpt lat="48.06459" lon="-121.81688">
        <ele>1066.25</ele>
        <time>2022-08-08T20:52:55Z</time>
      </trkpt>
      <trkpt lat="48.06455" lon="-121.81688">
        <ele>1066.82</ele>
        <time>2022-08-08T20:52:58Z</time>
      </trkpt>
      <trkpt lat="48.06452" lon="-121.81687">
        <ele>1067.33</ele>
        <time>2022-08-08T20:53:01Z</time>
      </trkpt>
      <trkpt lat="48.06449" lon="-121.81684">
        <ele>1068.14</ele>
        <time>2022-08-08T20:53:03Z</time>
      </trkpt>
      <trkpt lat="48.06447" lon="-121.81679">
        <ele>1069.12</ele>
        <time>2022-08-08T20:53:06Z</time>
      </trkpt>
      <trkpt lat="48.06446" lon="-121.81675">
        <ele>1069.68</ele>
        <time>2022-08-08T20:53:09Z</time>
      </trkpt>
      <trkpt lat="48.06445" lon="-121.81671">
        <ele>1069.91</ele>
        <time>2022-08-08T20:53:14Z</time>
      </trkpt>
      <trkpt lat="48.06442" lon="-121.8167">
        <ele>1070.26</ele>
        <time>2022-08-08T20:53:18Z</time>
      </trkpt>
      <trkpt lat="48.06439" lon="-121.81673">
        <ele>1070.59</ele>
        <time>2022-08-08T20:53:21Z</time>
      </trkpt>
      <trkpt lat="48.06438" lon="-121.81678">
        <ele>1070.47</ele>
        <time>2022-08-08T20:53:24Z</time>
      </trkpt>
      <trkpt lat="48.06437" lon="-121.81683">
        <ele>1070.04</ele>
        <time>2022-08-08T20:53:27Z</time>
      </trkpt>
      <trkpt lat="48.06435" lon="-121.81688">
        <ele>1070.04</ele>
        <time>2022-08-08T20:53:31Z</time>
      </trkpt>
      <trkpt lat="48.06433" lon="-121.81691">
        <ele>1070.47</ele>
        <time>2022-08-08T20:53:34Z</time>
      </trkpt>
      <trkpt lat="48.06432" lon="-121.81695">
        <ele>1070.67</ele>
        <time>2022-08-08T20:53:37Z</time>
      </trkpt>
      <trkpt lat="48.06429" lon="-121.81699">
        <ele>1071.01</ele>
        <time>2022-08-08T20:53:40Z</time>
      </trkpt>
      <trkpt lat="48.06427" lon="-121.81702">
        <ele>1071.05</ele>
        <time>2022-08-08T20:53:43Z</time>
      </trkpt>
      <trkpt lat="48.06424" lon="-121.81702">
        <ele>1071.56</ele>
        <time>2022-08-08T20:53:46Z</time>
      </trkpt>
      <trkpt lat="48.0642" lon="-121.81702">
        <ele>1072.35</ele>
        <time>2022-08-08T20:53:49Z</time>
      </trkpt>
      <trkpt lat="48.06416" lon="-121.81701">
        <ele>1073.14</ele>
        <time>2022-08-08T20:53:52Z</time>
      </trkpt>
      <trkpt lat="48.06414" lon="-121.817">
        <ele>1073.58</ele>
        <time>2022-08-08T20:53:55Z</time>
      </trkpt>
      <trkpt lat="48.06411" lon="-121.81698">
        <ele>1074.22</ele>
        <time>2022-08-08T20:54:00Z</time>
      </trkpt>
      <trkpt lat="48.06408" lon="-121.81698">
        <ele>1074.87</ele>
        <time>2022-08-08T20:54:02Z</time>
      </trkpt>
      <trkpt lat="48.06405" lon="-121.81697">
        <ele>1075.52</ele>
        <time>2022-08-08T20:54:04Z</time>
      </trkpt>
      <trkpt lat="48.06401" lon="-121.81697">
        <ele>1076.38</ele>
        <time>2022-08-08T20:54:08Z</time>
      </trkpt>
      <trkpt lat="48.06398" lon="-121.81698">
        <ele>1077.05</ele>
        <time>2022-08-08T20:54:12Z</time>
      </trkpt>
      <trkpt lat="48.06395" lon="-121.81699">
        <ele>1078.02</ele>
        <time>2022-08-08T20:54:15Z</time>
      </trkpt>
      <trkpt lat="48.06393" lon="-121.817">
        <ele>1078.67</ele>
        <time>2022-08-08T20:54:20Z</time>
      </trkpt>
      <trkpt lat="48.06389" lon="-121.81699">
        <ele>1079.96</ele>
        <time>2022-08-08T20:54:25Z</time>
      </trkpt>
      <trkpt lat="48.06386" lon="-121.81696">
        <ele>1080.68</ele>
        <time>2022-08-08T20:54:28Z</time>
      </trkpt>
      <trkpt lat="48.06383" lon="-121.81697">
        <ele>1081.45</ele>
        <time>2022-08-08T20:54:32Z</time>
      </trkpt>
      <trkpt lat="48.06381" lon="-121.81701">
        <ele>1082.31</ele>
        <time>2022-08-08T20:54:36Z</time>
      </trkpt>
      <trkpt lat="48.06378" lon="-121.81703">
        <ele>1083.28</ele>
        <time>2022-08-08T20:54:39Z</time>
      </trkpt>
      <trkpt lat="48.06376" lon="-121.81704">
        <ele>1083.78</ele>
        <time>2022-08-08T20:54:42Z</time>
      </trkpt>
      <trkpt lat="48.06373" lon="-121.81707">
        <ele>1084.43</ele>
        <time>2022-08-08T20:54:46Z</time>
      </trkpt>
      <trkpt lat="48.0637" lon="-121.81708">
        <ele>1085.08</ele>
        <time>2022-08-08T20:54:48Z</time>
      </trkpt>
      <trkpt lat="48.06367" lon="-121.81709">
        <ele>1085.73</ele>
        <time>2022-08-08T20:54:51Z</time>
      </trkpt>
      <trkpt lat="48.06365" lon="-121.81706">
        <ele>1086.16</ele>
        <time>2022-08-08T20:54:59Z</time>
      </trkpt>
      <trkpt lat="48.06368" lon="-121.81708">
        <ele>1085.51</ele>
        <time>2022-08-08T20:55:16Z</time>
      </trkpt>
      <trkpt lat="48.06367" lon="-121.81712">
        <ele>1085.73</ele>
        <time>2022-08-08T20:55:54Z</time>
      </trkpt>
      <trkpt lat="48.0637" lon="-121.81713">
        <ele>1085.08</ele>
        <time>2022-08-08T20:56:01Z</time>
      </trkpt>
      <trkpt lat="48.06368" lon="-121.81711">
        <ele>1085.51</ele>
        <time>2022-08-08T20:56:06Z</time>
      </trkpt>
      <trkpt lat="48.06365" lon="-121.8171">
        <ele>1086.16</ele>
        <time>2022-08-08T20:56:08Z</time>
      </trkpt>
      <trkpt lat="48.06362" lon="-121.8171">
        <ele>1086.81</ele>
        <time>2022-08-08T20:56:10Z</time>
      </trkpt>
      <trkpt lat="48.06359" lon="-121.8171">
        <ele>1087.46</ele>
        <time>2022-08-08T20:56:12Z</time>
      </trkpt>
      <trkpt lat="48.06355" lon="-121.81709">
        <ele>1088.32</ele>
        <time>2022-08-08T20:56:14Z</time>
      </trkpt>
      <trkpt lat="48.06352" lon="-121.8171">
        <ele>1088.97</ele>
        <time>2022-08-08T20:56:19Z</time>
      </trkpt>
      <trkpt lat="48.06349" lon="-121.81711">
        <ele>1089.62</ele>
        <time>2022-08-08T20:56:22Z</time>
      </trkpt>
      <trkpt lat="48.06347" lon="-121.8171">
        <ele>1090.05</ele>
        <time>2022-08-08T20:56:26Z</time>
      </trkpt>
      <trkpt lat="48.06344" lon="-121.81707">
        <ele>1090.7</ele>
        <time>2022-08-08T20:56:29Z</time>
      </trkpt>
      <trkpt lat="48.06342" lon="-121.81704">
        <ele>1091.13</ele>
        <time>2022-08-08T20:56:32Z</time>
      </trkpt>
      <trkpt lat="48.06341" lon="-121.81699">
        <ele>1090.92</ele>
        <time>2022-08-08T20:56:35Z</time>
      </trkpt>
      <trkpt lat="48.06339" lon="-121.81695">
        <ele>1091.2</ele>
        <time>2022-08-08T20:56:39Z</time>
      </trkpt>
      <trkpt lat="48.06337" lon="-121.81691">
        <ele>1091.59</ele>
        <time>2022-08-08T20:56:43Z</time>
      </trkpt>
      <trkpt lat="48.06337" lon="-121.81685">
        <ele>1091.21</ele>
        <time>2022-08-08T20:56:47Z</time>
      </trkpt>
      <trkpt lat="48.06336" lon="-121.8168">
        <ele>1091.42</ele>
        <time>2022-08-08T20:56:50Z</time>
      </trkpt>
      <trkpt lat="48.06334" lon="-121.81677">
        <ele>1091.86</ele>
        <time>2022-08-08T20:56:53Z</time>
      </trkpt>
      <trkpt lat="48.06332" lon="-121.81673">
        <ele>1092.43</ele>
        <time>2022-08-08T20:56:56Z</time>
      </trkpt>
      <trkpt lat="48.06332" lon="-121.81667">
        <ele>1092.43</ele>
        <time>2022-08-08T20:56:59Z</time>
      </trkpt>
      <trkpt lat="48.0633" lon="-121.81663">
        <ele>1093.08</ele>
        <time>2022-08-08T20:57:02Z</time>
      </trkpt>
      <trkpt lat="48.06328" lon="-121.8166">
        <ele>1093.73</ele>
        <time>2022-08-08T20:57:05Z</time>
      </trkpt>
      <trkpt lat="48.06326" lon="-121.81657">
        <ele>1094.38</ele>
        <time>2022-08-08T20:57:07Z</time>
      </trkpt>
      <trkpt lat="48.06325" lon="-121.81653">
        <ele>1094.7</ele>
        <time>2022-08-08T20:57:09Z</time>
      </trkpt>
      <trkpt lat="48.06323" lon="-121.8165">
        <ele>1095.32</ele>
        <time>2022-08-08T20:57:11Z</time>
      </trkpt>
      <trkpt lat="48.06321" lon="-121.81647">
        <ele>1096.0</ele>
        <time>2022-08-08T20:57:13Z</time>
      </trkpt>
      <trkpt lat="48.06319" lon="-121.81643">
        <ele>1096.64</ele>
        <time>2022-08-08T20:57:15Z</time>
      </trkpt>
      <trkpt lat="48.06316" lon="-121.8164">
        <ele>1097.62</ele>
        <time>2022-08-08T20:57:18Z</time>
      </trkpt>
      <trkpt lat="48.06314" lon="-121.81637">
        <ele>1098.26</ele>
        <time>2022-08-08T20:57:21Z</time>
      </trkpt>
      <trkpt lat="48.06312" lon="-121.81632">
        <ele>1098.91</ele>
        <time>2022-08-08T20:57:24Z</time>
      </trkpt>
      <trkpt lat="48.0631" lon="-121.81628">
        <ele>1099.65</ele>
        <time>2022-08-08T20:57:27Z</time>
      </trkpt>
      <trkpt lat="48.06308" lon="-121.81624">
        <ele>1100.66</ele>
        <time>2022-08-08T20:57:30Z</time>
      </trkpt>
      <trkpt lat="48.06306" lon="-121.8162">
        <ele>1101.81</ele>
        <time>2022-08-08T20:57:36Z</time>
      </trkpt>
      <trkpt lat="48.06306" lon="-121.81613">
        <ele>1101.85</ele>
        <time>2022-08-08T20:57:39Z</time>
      </trkpt>
      <trkpt lat="48.06306" lon="-121.81609">
        <ele>1102.07</ele>
        <time>2022-08-08T20:57:42Z</time>
      </trkpt>
      <trkpt lat="48.06302" lon="-121.81607">
        <ele>1103.81</ele>
        <time>2022-08-08T20:57:46Z</time>
      </trkpt>
      <trkpt lat="48.06299" lon="-121.81606">
        <ele>1104.99</ele>
        <time>2022-08-08T20:57:49Z</time>
      </trkpt>
      <trkpt lat="48.06297" lon="-121.81604">
        <ele>1105.75</ele>
        <time>2022-08-08T20:57:54Z</time>
      </trkpt>
      <trkpt lat="48.06296" lon="-121.81597">
        <ele>1106.65</ele>
        <time>2022-08-08T20:58:00Z</time>
      </trkpt>
      <trkpt lat="48.06296" lon="-121.81592">
        <ele>1107.19</ele>
        <time>2022-08-08T20:58:03Z</time>
      </trkpt>
      <trkpt lat="48.06296" lon="-121.81587">
        <ele>1107.71</ele>
        <time>2022-08-08T20:58:06Z</time>
      </trkpt>
      <trkpt lat="48.06296" lon="-121.81583">
        <ele>1108.1</ele>
        <time>2022-08-08T20:58:09Z</time>
      </trkpt>
      <trkpt lat="48.06293" lon="-121.81582">
        <ele>1109.12</ele>
        <time>2022-08-08T20:58:15Z</time>
      </trkpt>
      <trkpt lat="48.0629" lon="-121.81583">
        <ele>1110.06</ele>
        <time>2022-08-08T20:58:19Z</time>
      </trkpt>
      <trkpt lat="48.06287" lon="-121.81586">
        <ele>1111.01</ele>
        <time>2022-08-08T20:58:24Z</time>
      </trkpt>
      <trkpt lat="48.06285" lon="-121.81589">
        <ele>1111.66</ele>
        <time>2022-08-08T20:58:26Z</time>
      </trkpt>
      <trkpt lat="48.06282" lon="-121.81592">
        <ele>1112.63</ele>
        <time>2022-08-08T20:58:28Z</time>
      </trkpt>
      <trkpt lat="48.06281" lon="-121.81599">
        <ele>1112.26</ele>
        <time>2022-08-08T20:58:31Z</time>
      </trkpt>
      <trkpt lat="48.06279" lon="-121.81602">
        <ele>1112.59</ele>
        <time>2022-08-08T20:58:35Z</time>
      </trkpt>
      <trkpt lat="48.06278" lon="-121.81606">
        <ele>1112.48</ele>
        <time>2022-08-08T20:58:38Z</time>
      </trkpt>
      <trkpt lat="48.06278" lon="-121.81612">
        <ele>1111.93</ele>
        <time>2022-08-08T20:58:41Z</time>
      </trkpt>
      <trkpt lat="48.06276" lon="-121.81616">
        <ele>1112.47</ele>
        <time>2022-08-08T20:58:44Z</time>
      </trkpt>
      <trkpt lat="48.06274" lon="-121.8162">
        <ele>1112.83</ele>
        <time>2022-08-08T20:58:47Z</time>
      </trkpt>
      <trkpt lat="48.06273" lon="-121.81625">
        <ele>1112.53</ele>
        <time>2022-08-08T20:58:50Z</time>
      </trkpt>
      <trkpt lat="48.06274" lon="-121.81629">
        <ele>1111.88</ele>
        <time>2022-08-08T20:58:53Z</time>
      </trkpt>
      <trkpt lat="48.06275" lon="-121.81633">
        <ele>1111.24</ele>
        <time>2022-08-08T20:58:55Z</time>
      </trkpt>
      <trkpt lat="48.06272" lon="-121.81633">
        <ele>1111.88</ele>
        <time>2022-08-08T20:59:07Z</time>
      </trkpt>
      <trkpt lat="48.06269" lon="-121.81632">
        <ele>1112.64</ele>
        <time>2022-08-08T20:59:22Z</time>
      </trkpt>
      <trkpt lat="48.06271" lon="-121.81629">
        <ele>1112.53</ele>
        <time>2022-08-08T20:59:35Z</time>
      </trkpt>
      <trkpt lat="48.06274" lon="-121.81629">
        <ele>1111.88</ele>
        <time>2022-08-08T21:00:01Z</time>
      </trkpt>
      <trkpt lat="48.06271" lon="-121.81627">
        <ele>1112.75</ele>
        <time>2022-08-08T21:00:13Z</time>
      </trkpt>
      <trkpt lat="48.06269" lon="-121.81631">
        <ele>1112.75</ele>
        <time>2022-08-08T21:00:22Z</time>
      </trkpt>
      <trkpt lat="48.06269" lon="-121.81635">
        <ele>1112.32</ele>
        <time>2022-08-08T21:00:28Z</time>
      </trkpt>
      <trkpt lat="48.06272" lon="-121.81636">
        <ele>1111.56</ele>
        <time>2022-08-08T21:01:12Z</time>
      </trkpt>
      <trkpt lat="48.06273" lon="-121.81641">
        <ele>1110.8</ele>
        <time>2022-08-08T21:01:16Z</time>
      </trkpt>
      <trkpt lat="48.06272" lon="-121.81646">
        <ele>1110.48</ele>
        <time>2022-08-08T21:01:21Z</time>
      </trkpt>
      <trkpt lat="48.0627" lon="-121.81648">
        <ele>1110.7</ele>
        <time>2022-08-08T21:01:25Z</time>
      </trkpt>
      <trkpt lat="48.06267" lon="-121.8165">
        <ele>1111.1</ele>
        <time>2022-08-08T21:01:29Z</time>
      </trkpt>
      <trkpt lat="48.06263" lon="-121.8165">
        <ele>1111.87</ele>
        <time>2022-08-08T21:01:58Z</time>
      </trkpt>
      <trkpt lat="48.06261" lon="-121.81647">
        <ele>1112.75</ele>
        <time>2022-08-08T21:02:01Z</time>
      </trkpt>
      <trkpt lat="48.06259" lon="-121.81643">
        <ele>1113.6</ele>
        <time>2022-08-08T21:02:04Z</time>
      </trkpt>
      <trkpt lat="48.06256" lon="-121.8164">
        <ele>1114.54</ele>
        <time>2022-08-08T21:02:07Z</time>
      </trkpt>
      <trkpt lat="48.06253" lon="-121.8164">
        <ele>1115.15</ele>
        <time>2022-08-08T21:02:11Z</time>
      </trkpt>
      <trkpt lat="48.0625" lon="-121.8164">
        <ele>1115.76</ele>
        <time>2022-08-08T21:02:15Z</time>
      </trkpt>
      <trkpt lat="48.06248" lon="-121.81639">
        <ele>1116.19</ele>
        <time>2022-08-08T21:02:18Z</time>
      </trkpt>
      <trkpt lat="48.06245" lon="-121.81638">
        <ele>1116.64</ele>
        <time>2022-08-08T21:02:21Z</time>
      </trkpt>
      <trkpt lat="48.06241" lon="-121.81637">
        <ele>1117.18</ele>
        <time>2022-08-08T21:02:24Z</time>
      </trkpt>
      <trkpt lat="48.06238" lon="-121.81638">
        <ele>1117.42</ele>
        <time>2022-08-08T21:02:30Z</time>
      </trkpt>
      <trkpt lat="48.06235" lon="-121.81637">
        <ele>1117.95</ele>
        <time>2022-08-08T21:02:33Z</time>
      </trkpt>
      <trkpt lat="48.06238" lon="-121.81637">
        <ele>1117.56</ele>
        <time>2022-08-08T21:02:44Z</time>
      </trkpt>
      <trkpt lat="48.06235" lon="-121.81639">
        <ele>1117.6</ele>
        <time>2022-08-08T21:03:17Z</time>
      </trkpt>
      <trkpt lat="48.06231" lon="-121.81639">
        <ele>1118.03</ele>
        <time>2022-08-08T21:03:19Z</time>
      </trkpt>
      <trkpt lat="48.06228" lon="-121.81639">
        <ele>1118.35</ele>
        <time>2022-08-08T21:03:21Z</time>
      </trkpt>
      <trkpt lat="48.06225" lon="-121.81638">
        <ele>1118.89</ele>
        <time>2022-08-08T21:03:24Z</time>
      </trkpt>
      <trkpt lat="48.06222" lon="-121.81637">
        <ele>1119.43</ele>
        <time>2022-08-08T21:03:27Z</time>
      </trkpt>
      <trkpt lat="48.06219" lon="-121.81636">
        <ele>1119.97</ele>
        <time>2022-08-08T21:03:38Z</time>
      </trkpt>
      <trkpt lat="48.06217" lon="-121.81632">
        <ele>1121.05</ele>
        <time>2022-08-08T21:03:42Z</time>
      </trkpt>
      <trkpt lat="48.06215" lon="-121.81628">
        <ele>1122.13</ele>
        <time>2022-08-08T21:03:45Z</time>
      </trkpt>
      <trkpt lat="48.06211" lon="-121.81627">
        <ele>1122.72</ele>
        <time>2022-08-08T21:03:48Z</time>
      </trkpt>
      <trkpt lat="48.06208" lon="-121.81626">
        <ele>1123.11</ele>
        <time>2022-08-08T21:03:51Z</time>
      </trkpt>
      <trkpt lat="48.06205" lon="-121.81625">
        <ele>1123.43</ele>
        <time>2022-08-08T21:03:54Z</time>
      </trkpt>
      <trkpt lat="48.06201" lon="-121.81624">
        <ele>1123.49</ele>
        <time>2022-08-08T21:04:02Z</time>
      </trkpt>
      <trkpt lat="48.06198" lon="-121.81623">
        <ele>1123.54</ele>
        <time>2022-08-08T21:04:05Z</time>
      </trkpt>
      <trkpt lat="48.06195" lon="-121.81622">
        <ele>1123.66</ele>
        <time>2022-08-08T21:04:08Z</time>
      </trkpt>
      <trkpt lat="48.06191" lon="-121.81621">
        <ele>1123.49</ele>
        <time>2022-08-08T21:04:11Z</time>
      </trkpt>
      <trkpt lat="48.06188" lon="-121.8162">
        <ele>1123.38</ele>
        <time>2022-08-08T21:04:14Z</time>
      </trkpt>
      <trkpt lat="48.06185" lon="-121.81618">
        <ele>1123.49</ele>
        <time>2022-08-08T21:04:17Z</time>
      </trkpt>
      <trkpt lat="48.06183" lon="-121.81615">
        <ele>1123.92</ele>
        <time>2022-08-08T21:04:20Z</time>
      </trkpt>
      <trkpt lat="48.0618" lon="-121.81612">
        <ele>1124.25</ele>
        <time>2022-08-08T21:04:24Z</time>
      </trkpt>
      <trkpt lat="48.06177" lon="-121.8161">
        <ele>1124.46</ele>
        <time>2022-08-08T21:04:27Z</time>
      </trkpt>
      <trkpt lat="48.06174" lon="-121.81609">
        <ele>1124.43</ele>
        <time>2022-08-08T21:04:31Z</time>
      </trkpt>
      <trkpt lat="48.0617" lon="-121.81607">
        <ele>1124.41</ele>
        <time>2022-08-08T21:04:35Z</time>
      </trkpt>
      <trkpt lat="48.06168" lon="-121.81604">
        <ele>1124.79</ele>
        <time>2022-08-08T21:04:40Z</time>
      </trkpt>
      <trkpt lat="48.06166" lon="-121.81601">
        <ele>1125.13</ele>
        <time>2022-08-08T21:04:45Z</time>
      </trkpt>
      <trkpt lat="48.06163" lon="-121.81597">
        <ele>1125.78</ele>
        <time>2022-08-08T21:04:48Z</time>
      </trkpt>
      <trkpt lat="48.06161" lon="-121.81594">
        <ele>1126.32</ele>
        <time>2022-08-08T21:04:51Z</time>
      </trkpt>
      <trkpt lat="48.06158" lon="-121.81593">
        <ele>1126.0</ele>
        <time>2022-08-08T21:04:54Z</time>
      </trkpt>
      <trkpt lat="48.06155" lon="-121.81591">
        <ele>1126.0</ele>
        <time>2022-08-08T21:04:57Z</time>
      </trkpt>
      <trkpt lat="48.06153" lon="-121.81588">
        <ele>1126.54</ele>
        <time>2022-08-08T21:05:00Z</time>
      </trkpt>
      <trkpt lat="48.06151" lon="-121.81585">
        <ele>1127.08</ele>
        <time>2022-08-08T21:05:03Z</time>
      </trkpt>
      <trkpt lat="48.06147" lon="-121.81585">
        <ele>1126.31</ele>
        <time>2022-08-08T21:05:09Z</time>
      </trkpt>
      <trkpt lat="48.06144" lon="-121.81583">
        <ele>1126.7</ele>
        <time>2022-08-08T21:05:13Z</time>
      </trkpt>
      <trkpt lat="48.06141" lon="-121.81579">
        <ele>1128.1</ele>
        <time>2022-08-08T21:05:17Z</time>
      </trkpt>
      <trkpt lat="48.06139" lon="-121.81576">
        <ele>1129.18</ele>
        <time>2022-08-08T21:05:20Z</time>
      </trkpt>
      <trkpt lat="48.06136" lon="-121.81575">
        <ele>1129.6</ele>
        <time>2022-08-08T21:05:23Z</time>
      </trkpt>
      <trkpt lat="48.06133" lon="-121.81577">
        <ele>1128.74</ele>
        <time>2022-08-08T21:05:28Z</time>
      </trkpt>
      <trkpt lat="48.0613" lon="-121.81577">
        <ele>1128.74</ele>
        <time>2022-08-08T21:05:34Z</time>
      </trkpt>
      <trkpt lat="48.06127" lon="-121.81574">
        <ele>1130.03</ele>
        <time>2022-08-08T21:05:37Z</time>
      </trkpt>
      <trkpt lat="48.06125" lon="-121.81571">
        <ele>1131.33</ele>
        <time>2022-08-08T21:05:40Z</time>
      </trkpt>
      <trkpt lat="48.06122" lon="-121.81569">
        <ele>1132.19</ele>
        <time>2022-08-08T21:05:44Z</time>
      </trkpt>
      <trkpt lat="48.06119" lon="-121.81567">
        <ele>1133.09</ele>
        <time>2022-08-08T21:05:47Z</time>
      </trkpt>
      <trkpt lat="48.06116" lon="-121.81565">
        <ele>1133.93</ele>
        <time>2022-08-08T21:05:50Z</time>
      </trkpt>
      <trkpt lat="48.06113" lon="-121.81565">
        <ele>1133.94</ele>
        <time>2022-08-08T21:05:54Z</time>
      </trkpt>
      <trkpt lat="48.06109" lon="-121.81565">
        <ele>1134.17</ele>
        <time>2022-08-08T21:05:58Z</time>
      </trkpt>
      <trkpt lat="48.06105" lon="-121.81565">
        <ele>1134.6</ele>
        <time>2022-08-08T21:06:01Z</time>
      </trkpt>
      <trkpt lat="48.06102" lon="-121.81565">
        <ele>1134.92</ele>
        <time>2022-08-08T21:06:04Z</time>
      </trkpt>
      <trkpt lat="48.06099" lon="-121.81564">
        <ele>1135.26</ele>
        <time>2022-08-08T21:06:07Z</time>
      </trkpt>
      <trkpt lat="48.06096" lon="-121.81562">
        <ele>1135.91</ele>
        <time>2022-08-08T21:06:10Z</time>
      </trkpt>
      <trkpt lat="48.06094" lon="-121.81561">
        <ele>1136.24</ele>
        <time>2022-08-08T21:06:13Z</time>
      </trkpt>
      <trkpt lat="48.06091" lon="-121.81558">
        <ele>1137.38</ele>
        <time>2022-08-08T21:06:18Z</time>
      </trkpt>
      <trkpt lat="48.06088" lon="-121.81557">
        <ele>1138.03</ele>
        <time>2022-08-08T21:06:21Z</time>
      </trkpt>
      <trkpt lat="48.06085" lon="-121.81556">
        <ele>1138.68</ele>
        <time>2022-08-08T21:06:25Z</time>
      </trkpt>
      <trkpt lat="48.06082" lon="-121.81556">
        <ele>1138.86</ele>
        <time>2022-08-08T21:06:30Z</time>
      </trkpt>
      <trkpt lat="48.06079" lon="-121.81554">
        <ele>1139.5</ele>
        <time>2022-08-08T21:06:34Z</time>
      </trkpt>
      <trkpt lat="48.06075" lon="-121.81552">
        <ele>1140.15</ele>
        <time>2022-08-08T21:06:37Z</time>
      </trkpt>
      <trkpt lat="48.06073" lon="-121.81551">
        <ele>1140.48</ele>
        <time>2022-08-08T21:06:40Z</time>
      </trkpt>
      <trkpt lat="48.0607" lon="-121.81547">
        <ele>1141.77</ele>
        <time>2022-08-08T21:06:45Z</time>
      </trkpt>
      <trkpt lat="48.06069" lon="-121.81543">
        <ele>1143.07</ele>
        <time>2022-08-08T21:06:49Z</time>
      </trkpt>
      <trkpt lat="48.06066" lon="-121.8154">
        <ele>1144.04</ele>
        <time>2022-08-08T21:06:51Z</time>
      </trkpt>
      <trkpt lat="48.06063" lon="-121.81539">
        <ele>1144.21</ele>
        <time>2022-08-08T21:06:56Z</time>
      </trkpt>
      <trkpt lat="48.06065" lon="-121.81543">
        <ele>1143.07</ele>
        <time>2022-08-08T21:07:03Z</time>
      </trkpt>
      <trkpt lat="48.06064" lon="-121.81538">
        <ele>1144.61</ele>
        <time>2022-08-08T21:07:23Z</time>
      </trkpt>
      <trkpt lat="48.06067" lon="-121.81539">
        <ele>1144.36</ele>
        <time>2022-08-08T21:07:29Z</time>
      </trkpt>
      <trkpt lat="48.06066" lon="-121.81535">
        <ele>1145.44</ele>
        <time>2022-08-08T21:07:37Z</time>
      </trkpt>
      <trkpt lat="48.06064" lon="-121.81536">
        <ele>1145.15</ele>
        <time>2022-08-08T21:07:56Z</time>
      </trkpt>
      <trkpt lat="48.06061" lon="-121.81534">
        <ele>1145.38</ele>
        <time>2022-08-08T21:08:01Z</time>
      </trkpt>
      <trkpt lat="48.06059" lon="-121.81531">
        <ele>1146.09</ele>
        <time>2022-08-08T21:08:05Z</time>
      </trkpt>
      <trkpt lat="48.06056" lon="-121.8153">
        <ele>1146.29</ele>
        <time>2022-08-08T21:08:09Z</time>
      </trkpt>
      <trkpt lat="48.06053" lon="-121.81529">
        <ele>1146.36</ele>
        <time>2022-08-08T21:08:13Z</time>
      </trkpt>
      <trkpt lat="48.0605" lon="-121.81528">
        <ele>1146.34</ele>
        <time>2022-08-08T21:08:18Z</time>
      </trkpt>
      <trkpt lat="48.06049" lon="-121.81523">
        <ele>1147.32</ele>
        <time>2022-08-08T21:08:24Z</time>
      </trkpt>
      <trkpt lat="48.06046" lon="-121.81522">
        <ele>1147.25</ele>
        <time>2022-08-08T21:08:28Z</time>
      </trkpt>
      <trkpt lat="48.06043" lon="-121.81518">
        <ele>1148.09</ele>
        <time>2022-08-08T21:08:33Z</time>
      </trkpt>
      <trkpt lat="48.06042" lon="-121.81514">
        <ele>1148.75</ele>
        <time>2022-08-08T21:08:39Z</time>
      </trkpt>
      <trkpt lat="48.06041" lon="-121.8151">
        <ele>1149.31</ele>
        <time>2022-08-08T21:08:44Z</time>
      </trkpt>
      <trkpt lat="48.06038" lon="-121.81508">
        <ele>1149.24</ele>
        <time>2022-08-08T21:08:47Z</time>
      </trkpt>
      <trkpt lat="48.06035" lon="-121.81505">
        <ele>1149.46</ele>
        <time>2022-08-08T21:08:51Z</time>
      </trkpt>
      <trkpt lat="48.06034" lon="-121.81501">
        <ele>1149.89</ele>
        <time>2022-08-08T21:08:54Z</time>
      </trkpt>
      <trkpt lat="48.06033" lon="-121.81496">
        <ele>1150.68</ele>
        <time>2022-08-08T21:08:58Z</time>
      </trkpt>
      <trkpt lat="48.0603" lon="-121.81493">
        <ele>1150.94</ele>
        <time>2022-08-08T21:09:02Z</time>
      </trkpt>
      <trkpt lat="48.06029" lon="-121.81489">
        <ele>1151.32</ele>
        <time>2022-08-08T21:09:07Z</time>
      </trkpt>
      <trkpt lat="48.06027" lon="-121.81484">
        <ele>1151.71</ele>
        <time>2022-08-08T21:09:11Z</time>
      </trkpt>
      <trkpt lat="48.06026" lon="-121.81479">
        <ele>1152.48</ele>
        <time>2022-08-08T21:09:15Z</time>
      </trkpt>
      <trkpt lat="48.06025" lon="-121.81475">
        <ele>1153.19</ele>
        <time>2022-08-08T21:09:18Z</time>
      </trkpt>
      <trkpt lat="48.06023" lon="-121.81473">
        <ele>1153.36</ele>
        <time>2022-08-08T21:09:23Z</time>
      </trkpt>
      <trkpt lat="48.06023" lon="-121.81467">
        <ele>1154.05</ele>
        <time>2022-08-08T21:09:27Z</time>
      </trkpt>
      <trkpt lat="48.0602" lon="-121.81465">
        <ele>1153.94</ele>
        <time>2022-08-08T21:09:31Z</time>
      </trkpt>
      <trkpt lat="48.06017" lon="-121.81466">
        <ele>1153.62</ele>
        <time>2022-08-08T21:09:34Z</time>
      </trkpt>
      <trkpt lat="48.06016" lon="-121.81462">
        <ele>1154.18</ele>
        <time>2022-08-08T21:09:39Z</time>
      </trkpt>
      <trkpt lat="48.06015" lon="-121.81457">
        <ele>1155.04</ele>
        <time>2022-08-08T21:09:42Z</time>
      </trkpt>
      <trkpt lat="48.06014" lon="-121.81451">
        <ele>1155.8</ele>
        <time>2022-08-08T21:09:45Z</time>
      </trkpt>
      <trkpt lat="48.06012" lon="-121.81449">
        <ele>1155.8</ele>
        <time>2022-08-08T21:09:48Z</time>
      </trkpt>
      <trkpt lat="48.06009" lon="-121.81449">
        <ele>1155.49</ele>
        <time>2022-08-08T21:09:51Z</time>
      </trkpt>
      <trkpt lat="48.06007" lon="-121.81444">
        <ele>1156.08</ele>
        <time>2022-08-08T21:10:04Z</time>
      </trkpt>
      <trkpt lat="48.06004" lon="-121.81442">
        <ele>1156.38</ele>
        <time>2022-08-08T21:10:07Z</time>
      </trkpt>
      <trkpt lat="48.06001" lon="-121.81439">
        <ele>1156.65</ele>
        <time>2022-08-08T21:10:11Z</time>
      </trkpt>
      <trkpt lat="48.05998" lon="-121.81436">
        <ele>1156.89</ele>
        <time>2022-08-08T21:10:13Z</time>
      </trkpt>
      <trkpt lat="48.05995" lon="-121.81433">
        <ele>1157.45</ele>
        <time>2022-08-08T21:10:17Z</time>
      </trkpt>
      <trkpt lat="48.05993" lon="-121.81429">
        <ele>1157.99</ele>
        <time>2022-08-08T21:10:23Z</time>
      </trkpt>
      <trkpt lat="48.05991" lon="-121.81427">
        <ele>1157.93</ele>
        <time>2022-08-08T21:10:28Z</time>
      </trkpt>
      <trkpt lat="48.05988" lon="-121.81426">
        <ele>1157.7</ele>
        <time>2022-08-08T21:10:31Z</time>
      </trkpt>
      <trkpt lat="48.05986" lon="-121.81422">
        <ele>1158.76</ele>
        <time>2022-08-08T21:10:36Z</time>
      </trkpt>
      <trkpt lat="48.05984" lon="-121.81419">
        <ele>1159.52</ele>
        <time>2022-08-08T21:10:39Z</time>
      </trkpt>
      <trkpt lat="48.05982" lon="-121.81414">
        <ele>1160.94</ele>
        <time>2022-08-08T21:10:44Z</time>
      </trkpt>
      <trkpt lat="48.0598" lon="-121.81411">
        <ele>1161.52</ele>
        <time>2022-08-08T21:10:47Z</time>
      </trkpt>
      <trkpt lat="48.05978" lon="-121.81408">
        <ele>1162.06</ele>
        <time>2022-08-08T21:10:50Z</time>
      </trkpt>
      <trkpt lat="48.05975" lon="-121.81405">
        <ele>1162.38</ele>
        <time>2022-08-08T21:10:53Z</time>
      </trkpt>
      <trkpt lat="48.05972" lon="-121.81403">
        <ele>1162.38</ele>
        <time>2022-08-08T21:10:56Z</time>
      </trkpt>
      <trkpt lat="48.05969" lon="-121.81401">
        <ele>1162.38</ele>
        <time>2022-08-08T21:10:59Z</time>
      </trkpt>
      <trkpt lat="48.05967" lon="-121.81398">
        <ele>1162.92</ele>
        <time>2022-08-08T21:11:03Z</time>
      </trkpt>
      <trkpt lat="48.05965" lon="-121.81393">
        <ele>1164.11</ele>
        <time>2022-08-08T21:11:10Z</time>
      </trkpt>
      <trkpt lat="48.05964" lon="-121.81389">
        <ele>1165.19</ele>
        <time>2022-08-08T21:11:13Z</time>
      </trkpt>
      <trkpt lat="48.05966" lon="-121.81386">
        <ele>1166.38</ele>
        <time>2022-08-08T21:11:25Z</time>
      </trkpt>
      <trkpt lat="48.05965" lon="-121.81381">
        <ele>1167.33</ele>
        <time>2022-08-08T21:11:31Z</time>
      </trkpt>
      <trkpt lat="48.05962" lon="-121.81378">
        <ele>1167.3</ele>
        <time>2022-08-08T21:11:36Z</time>
      </trkpt>
      <trkpt lat="48.0596" lon="-121.81373">
        <ele>1168.28</ele>
        <time>2022-08-08T21:11:39Z</time>
      </trkpt>
      <trkpt lat="48.05957" lon="-121.81371">
        <ele>1167.91</ele>
        <time>2022-08-08T21:11:46Z</time>
      </trkpt>
      <trkpt lat="48.05956" lon="-121.81367">
        <ele>1168.75</ele>
        <time>2022-08-08T21:11:48Z</time>
      </trkpt>
      <trkpt lat="48.05955" lon="-121.81363">
        <ele>1169.7</ele>
        <time>2022-08-08T21:11:55Z</time>
      </trkpt>
      <trkpt lat="48.05954" lon="-121.81359">
        <ele>1170.52</ele>
        <time>2022-08-08T21:11:59Z</time>
      </trkpt>
      <trkpt lat="48.05953" lon="-121.81355">
        <ele>1171.17</ele>
        <time>2022-08-08T21:12:02Z</time>
      </trkpt>
      <trkpt lat="48.05951" lon="-121.81351">
        <ele>1171.67</ele>
        <time>2022-08-08T21:12:06Z</time>
      </trkpt>
      <trkpt lat="48.05949" lon="-121.81347">
        <ele>1172.29</ele>
        <time>2022-08-08T21:12:09Z</time>
      </trkpt>
      <trkpt lat="48.05947" lon="-121.81343">
        <ele>1172.73</ele>
        <time>2022-08-08T21:12:14Z</time>
      </trkpt>
      <trkpt lat="48.05947" lon="-121.81338">
        <ele>1174.18</ele>
        <time>2022-08-08T21:12:17Z</time>
      </trkpt>
      <trkpt lat="48.05946" lon="-121.81333">
        <ele>1175.44</ele>
        <time>2022-08-08T21:12:21Z</time>
      </trkpt>
      <trkpt lat="48.05944" lon="-121.8133">
        <ele>1175.97</ele>
        <time>2022-08-08T21:12:25Z</time>
      </trkpt>
      <trkpt lat="48.05943" lon="-121.81325">
        <ele>1177.25</ele>
        <time>2022-08-08T21:12:31Z</time>
      </trkpt>
      <trkpt lat="48.05941" lon="-121.81323">
        <ele>1177.16</ele>
        <time>2022-08-08T21:12:46Z</time>
      </trkpt>
      <trkpt lat="48.05941" lon="-121.81319">
        <ele>1178.18</ele>
        <time>2022-08-08T21:12:59Z</time>
      </trkpt>
      <trkpt lat="48.05943" lon="-121.81321">
        <ele>1178.25</ele>
        <time>2022-08-08T21:13:11Z</time>
      </trkpt>
      <trkpt lat="48.05942" lon="-121.81325">
        <ele>1176.93</ele>
        <time>2022-08-08T21:13:24Z</time>
      </trkpt>
      <trkpt lat="48.0594" lon="-121.81327">
        <ele>1175.76</ele>
        <time>2022-08-08T21:13:30Z</time>
      </trkpt>
      <trkpt lat="48.05939" lon="-121.81331">
        <ele>1174.43</ele>
        <time>2022-08-08T21:13:41Z</time>
      </trkpt>
      <trkpt lat="48.0594" lon="-121.81327">
        <ele>1175.76</ele>
        <time>2022-08-08T21:13:59Z</time>
      </trkpt>
      <trkpt lat="48.05942" lon="-121.81324">
        <ele>1177.23</ele>
        <time>2022-08-08T21:14:17Z</time>
      </trkpt>
      <trkpt lat="48.0594" lon="-121.81321">
        <ele>1177.38</ele>
        <time>2022-08-08T21:15:00Z</time>
      </trkpt>
      <trkpt lat="48.05942" lon="-121.81323">
        <ele>1177.47</ele>
        <time>2022-08-08T21:16:52Z</time>
      </trkpt>
      <trkpt lat="48.05945" lon="-121.81322">
        <ele>1178.58</ele>
        <time>2022-08-08T21:17:00Z</time>
      </trkpt>
      <trkpt lat="48.05948" lon="-121.81323">
        <ele>1179.04</ele>
        <time>2022-08-08T21:17:05Z</time>
      </trkpt>
      <trkpt lat="48.05951" lon="-121.81324">
        <ele>1179.44</ele>
        <time>2022-08-08T21:17:10Z</time>
      </trkpt>
      <trkpt lat="48.05954" lon="-121.81326">
        <ele>1179.44</ele>
        <time>2022-08-08T21:17:15Z</time>
      </trkpt>
      <trkpt lat="48.05957" lon="-121.81326">
        <ele>1180.09</ele>
        <time>2022-08-08T21:17:19Z</time>
      </trkpt>
      <trkpt lat="48.0596" lon="-121.81324">
        <ele>1181.38</ele>
        <time>2022-08-08T21:17:24Z</time>
      </trkpt>
      <trkpt lat="48.05962" lon="-121.81326">
        <ele>1181.17</ele>
        <time>2022-08-08T21:17:29Z</time>
      </trkpt>
      <trkpt lat="48.05965" lon="-121.81329">
        <ele>1180.95</ele>
        <time>2022-08-08T21:17:35Z</time>
      </trkpt>
      <trkpt lat="48.05968" lon="-121.8133">
        <ele>1181.36</ele>
        <time>2022-08-08T21:17:39Z</time>
      </trkpt>
      <trkpt lat="48.05971" lon="-121.8133">
        <ele>1182.13</ele>
        <time>2022-08-08T21:17:45Z</time>
      </trkpt>
      <trkpt lat="48.05974" lon="-121.8133">
        <ele>1183.02</ele>
        <time>2022-08-08T21:17:50Z</time>
      </trkpt>
      <trkpt lat="48.05977" lon="-121.81331">
        <ele>1183.56</ele>
        <time>2022-08-08T21:17:58Z</time>
      </trkpt>
      <trkpt lat="48.0598" lon="-121.8133">
        <ele>1184.96</ele>
        <time>2022-08-08T21:18:02Z</time>
      </trkpt>
      <trkpt lat="48.05982" lon="-121.81328">
        <ele>1186.47</ele>
        <time>2022-08-08T21:18:20Z</time>
      </trkpt>
      <trkpt lat="48.05985" lon="-121.8133">
        <ele>1186.58</ele>
        <time>2022-08-08T21:18:26Z</time>
      </trkpt>
      <trkpt lat="48.05988" lon="-121.81329">
        <ele>1187.98</ele>
        <time>2022-08-08T21:18:31Z</time>
      </trkpt>
      <trkpt lat="48.05991" lon="-121.81329">
        <ele>1188.94</ele>
        <time>2022-08-08T21:18:35Z</time>
      </trkpt>
      <trkpt lat="48.05994" lon="-121.8133">
        <ele>1189.37</ele>
        <time>2022-08-08T21:18:39Z</time>
      </trkpt>
      <trkpt lat="48.05997" lon="-121.8133">
        <ele>1190.22</ele>
        <time>2022-08-08T21:18:42Z</time>
      </trkpt>
      <trkpt lat="48.06" lon="-121.81329">
        <ele>1191.4</ele>
        <time>2022-08-08T21:18:45Z</time>
      </trkpt>
      <trkpt lat="48.06003" lon="-121.81327">
        <ele>1193.02</ele>
        <time>2022-08-08T21:18:51Z</time>
      </trkpt>
      <trkpt lat="48.06006" lon="-121.81327">
        <ele>1194.0</ele>
        <time>2022-08-08T21:18:54Z</time>
      </trkpt>
      <trkpt lat="48.06009" lon="-121.81327">
        <ele>1194.97</ele>
        <time>2022-08-08T21:18:57Z</time>
      </trkpt>
      <trkpt lat="48.06013" lon="-121.81327">
        <ele>1195.86</ele>
        <time>2022-08-08T21:19:00Z</time>
      </trkpt>
      <trkpt lat="48.06016" lon="-121.81328">
        <ele>1196.18</ele>
        <time>2022-08-08T21:19:04Z</time>
      </trkpt>
      <trkpt lat="48.06019" lon="-121.81328">
        <ele>1196.78</ele>
        <time>2022-08-08T21:19:07Z</time>
      </trkpt>
      <trkpt lat="48.06023" lon="-121.81328">
        <ele>1197.21</ele>
        <time>2022-08-08T21:19:10Z</time>
      </trkpt>
      <trkpt lat="48.06026" lon="-121.81327">
        <ele>1197.86</ele>
        <time>2022-08-08T21:19:14Z</time>
      </trkpt>
      <trkpt lat="48.06029" lon="-121.81326">
        <ele>1198.51</ele>
        <time>2022-08-08T21:19:17Z</time>
      </trkpt>
      <trkpt lat="48.06032" lon="-121.81326">
        <ele>1198.83</ele>
        <time>2022-08-08T21:19:19Z</time>
      </trkpt>
      <trkpt lat="48.06036" lon="-121.81325">
        <ele>1199.59</ele>
        <time>2022-08-08T21:19:22Z</time>
      </trkpt>
      <trkpt lat="48.0604" lon="-121.81325">
        <ele>1200.02</ele>
        <time>2022-08-08T21:19:27Z</time>
      </trkpt>
      <trkpt lat="48.06042" lon="-121.81325">
        <ele>1200.24</ele>
        <time>2022-08-08T21:19:29Z</time>
      </trkpt>
      <trkpt lat="48.06045" lon="-121.81325">
        <ele>1200.56</ele>
        <time>2022-08-08T21:19:32Z</time>
      </trkpt>
      <trkpt lat="48.06048" lon="-121.81323">
        <ele>1201.42</ele>
        <time>2022-08-08T21:19:37Z</time>
      </trkpt>
      <trkpt lat="48.06051" lon="-121.81321">
        <ele>1202.17</ele>
        <time>2022-08-08T21:19:41Z</time>
      </trkpt>
      <trkpt lat="48.06054" lon="-121.81321">
        <ele>1202.5</ele>
        <time>2022-08-08T21:19:43Z</time>
      </trkpt>
      <trkpt lat="48.06058" lon="-121.81319">
        <ele>1203.36</ele>
        <time>2022-08-08T21:19:46Z</time>
      </trkpt>
      <trkpt lat="48.0606" lon="-121.81318">
        <ele>1203.79</ele>
        <time>2022-08-08T21:19:49Z</time>
      </trkpt>
      <trkpt lat="48.06063" lon="-121.81315">
        <ele>1204.76</ele>
        <time>2022-08-08T21:19:54Z</time>
      </trkpt>
      <trkpt lat="48.06066" lon="-121.81314">
        <ele>1205.39</ele>
        <time>2022-08-08T21:19:58Z</time>
      </trkpt>
      <trkpt lat="48.06069" lon="-121.81313">
        <ele>1206.04</ele>
        <time>2022-08-08T21:20:01Z</time>
      </trkpt>
      <trkpt lat="48.06072" lon="-121.81312">
        <ele>1206.69</ele>
        <time>2022-08-08T21:20:06Z</time>
      </trkpt>
      <trkpt lat="48.06074" lon="-121.8131">
        <ele>1207.55</ele>
        <time>2022-08-08T21:20:09Z</time>
      </trkpt>
      <trkpt lat="48.06077" lon="-121.81309">
        <ele>1208.2</ele>
        <time>2022-08-08T21:20:12Z</time>
      </trkpt>
      <trkpt lat="48.0608" lon="-121.81307">
        <ele>1209.17</ele>
        <time>2022-08-08T21:20:15Z</time>
      </trkpt>
      <trkpt lat="48.06083" lon="-121.81305">
        <ele>1210.09</ele>
        <time>2022-08-08T21:20:20Z</time>
      </trkpt>
      <trkpt lat="48.06086" lon="-121.81304">
        <ele>1210.38</ele>
        <time>2022-08-08T21:20:23Z</time>
      </trkpt>
      <trkpt lat="48.0609" lon="-121.81303">
        <ele>1210.75</ele>
        <time>2022-08-08T21:20:26Z</time>
      </trkpt>
      <trkpt lat="48.06093" lon="-121.813">
        <ele>1211.82</ele>
        <time>2022-08-08T21:20:29Z</time>
      </trkpt>
      <trkpt lat="48.06096" lon="-121.81299">
        <ele>1212.23</ele>
        <time>2022-08-08T21:20:32Z</time>
      </trkpt>
      <trkpt lat="48.061" lon="-121.81298">
        <ele>1212.6</ele>
        <time>2022-08-08T21:20:35Z</time>
      </trkpt>
      <trkpt lat="48.06103" lon="-121.81297">
        <ele>1212.85</ele>
        <time>2022-08-08T21:20:38Z</time>
      </trkpt>
      <trkpt lat="48.06106" lon="-121.81295">
        <ele>1213.36</ele>
        <time>2022-08-08T21:20:41Z</time>
      </trkpt>
      <trkpt lat="48.06109" lon="-121.81295">
        <ele>1213.31</ele>
        <time>2022-08-08T21:20:45Z</time>
      </trkpt>
      <trkpt lat="48.06112" lon="-121.81295">
        <ele>1213.28</ele>
        <time>2022-08-08T21:20:58Z</time>
      </trkpt>
      <trkpt lat="48.06115" lon="-121.81293">
        <ele>1213.71</ele>
        <time>2022-08-08T21:21:01Z</time>
      </trkpt>
      <trkpt lat="48.06117" lon="-121.81291">
        <ele>1214.14</ele>
        <time>2022-08-08T21:21:04Z</time>
      </trkpt>
      <trkpt lat="48.0612" lon="-121.81289">
        <ele>1214.58</ele>
        <time>2022-08-08T21:21:09Z</time>
      </trkpt>
      <trkpt lat="48.06122" lon="-121.81286">
        <ele>1215.07</ele>
        <time>2022-08-08T21:21:13Z</time>
      </trkpt>
      <trkpt lat="48.06124" lon="-121.81285">
        <ele>1215.13</ele>
        <time>2022-08-08T21:21:19Z</time>
      </trkpt>
      <trkpt lat="48.06127" lon="-121.81282">
        <ele>1215.76</ele>
        <time>2022-08-08T21:21:25Z</time>
      </trkpt>
      <trkpt lat="48.06129" lon="-121.81278">
        <ele>1216.93</ele>
        <time>2022-08-08T21:21:28Z</time>
      </trkpt>
      <trkpt lat="48.06132" lon="-121.81275">
        <ele>1217.42</ele>
        <time>2022-08-08T21:21:35Z</time>
      </trkpt>
      <trkpt lat="48.06136" lon="-121.81274">
        <ele>1217.41</ele>
        <time>2022-08-08T21:21:37Z</time>
      </trkpt>
      <trkpt lat="48.06136" lon="-121.81269">
        <ele>1218.86</ele>
        <time>2022-08-08T21:21:43Z</time>
      </trkpt>
      <trkpt lat="48.06134" lon="-121.81266">
        <ele>1219.96</ele>
        <time>2022-08-08T21:21:47Z</time>
      </trkpt>
      <trkpt lat="48.06136" lon="-121.81263">
        <ele>1220.97</ele>
        <time>2022-08-08T21:21:52Z</time>
      </trkpt>
      <trkpt lat="48.06139" lon="-121.81261">
        <ele>1221.42</ele>
        <time>2022-08-08T21:21:56Z</time>
      </trkpt>
      <trkpt lat="48.06142" lon="-121.81259">
        <ele>1221.75</ele>
        <time>2022-08-08T21:22:00Z</time>
      </trkpt>
      <trkpt lat="48.06145" lon="-121.81258">
        <ele>1221.75</ele>
        <time>2022-08-08T21:22:03Z</time>
      </trkpt>
      <trkpt lat="48.06148" lon="-121.81257">
        <ele>1221.75</ele>
        <time>2022-08-08T21:22:09Z</time>
      </trkpt>
      <trkpt lat="48.06151" lon="-121.81256">
        <ele>1221.44</ele>
        <time>2022-08-08T21:22:14Z</time>
      </trkpt>
      <trkpt lat="48.06153" lon="-121.81253">
        <ele>1221.98</ele>
        <time>2022-08-08T21:22:20Z</time>
      </trkpt>
      <trkpt lat="48.06156" lon="-121.81251">
        <ele>1221.98</ele>
        <time>2022-08-08T21:22:24Z</time>
      </trkpt>
      <trkpt lat="48.06158" lon="-121.81248">
        <ele>1222.47</ele>
        <time>2022-08-08T21:22:29Z</time>
      </trkpt>
      <trkpt lat="48.06161" lon="-121.81246">
        <ele>1222.3</ele>
        <time>2022-08-08T21:22:34Z</time>
      </trkpt>
      <trkpt lat="48.06164" lon="-121.81246">
        <ele>1221.47</ele>
        <time>2022-08-08T21:22:39Z</time>
      </trkpt>
      <trkpt lat="48.06167" lon="-121.81244">
        <ele>1221.5</ele>
        <time>2022-08-08T21:22:42Z</time>
      </trkpt>
      <trkpt lat="48.06169" lon="-121.81241">
        <ele>1222.14</ele>
        <time>2022-08-08T21:22:45Z</time>
      </trkpt>
      <trkpt lat="48.06171" lon="-121.81236">
        <ele>1223.13</ele>
        <time>2022-08-08T21:22:48Z</time>
      </trkpt>
      <trkpt lat="48.06172" lon="-121.81233">
        <ele>1223.78</ele>
        <time>2022-08-08T21:22:51Z</time>
      </trkpt>
      <trkpt lat="48.06173" lon="-121.81229">
        <ele>1224.75</ele>
        <time>2022-08-08T21:22:55Z</time>
      </trkpt>
      <trkpt lat="48.06174" lon="-121.81225">
        <ele>1225.72</ele>
        <time>2022-08-08T21:23:00Z</time>
      </trkpt>
      <trkpt lat="48.06175" lon="-121.81221">
        <ele>1226.68</ele>
        <time>2022-08-08T21:23:06Z</time>
      </trkpt>
      <trkpt lat="48.06175" lon="-121.81217">
        <ele>1227.94</ele>
        <time>2022-08-08T21:23:11Z</time>
      </trkpt>
      <trkpt lat="48.06176" lon="-121.81213">
        <ele>1228.97</ele>
        <time>2022-08-08T21:23:15Z</time>
      </trkpt>
      <trkpt lat="48.06177" lon="-121.81209">
        <ele>1229.62</ele>
        <time>2022-08-08T21:23:20Z</time>
      </trkpt>
      <trkpt lat="48.06179" lon="-121.81204">
        <ele>1230.27</ele>
        <time>2022-08-08T21:23:26Z</time>
      </trkpt>
      <trkpt lat="48.0618" lon="-121.812">
        <ele>1231.32</ele>
        <time>2022-08-08T21:23:31Z</time>
      </trkpt>
      <trkpt lat="48.06181" lon="-121.81196">
        <ele>1232.4</ele>
        <time>2022-08-08T21:23:37Z</time>
      </trkpt>
      <trkpt lat="48.06183" lon="-121.81192">
        <ele>1233.0</ele>
        <time>2022-08-08T21:23:44Z</time>
      </trkpt>
      <trkpt lat="48.06183" lon="-121.81188">
        <ele>1233.86</ele>
        <time>2022-08-08T21:23:49Z</time>
      </trkpt>
      <trkpt lat="48.06184" lon="-121.81183">
        <ele>1234.73</ele>
        <time>2022-08-08T21:23:53Z</time>
      </trkpt>
      <trkpt lat="48.06185" lon="-121.81178">
        <ele>1235.59</ele>
        <time>2022-08-08T21:23:56Z</time>
      </trkpt>
      <trkpt lat="48.06186" lon="-121.81174">
        <ele>1235.77</ele>
        <time>2022-08-08T21:24:00Z</time>
      </trkpt>
      <trkpt lat="48.06187" lon="-121.8117">
        <ele>1235.66</ele>
        <time>2022-08-08T21:24:04Z</time>
      </trkpt>
      <trkpt lat="48.06188" lon="-121.81165">
        <ele>1235.84</ele>
        <time>2022-08-08T21:24:08Z</time>
      </trkpt>
      <trkpt lat="48.0619" lon="-121.81161">
        <ele>1235.62</ele>
        <time>2022-08-08T21:24:12Z</time>
      </trkpt>
      <trkpt lat="48.06192" lon="-121.81157">
        <ele>1235.44</ele>
        <time>2022-08-08T21:24:15Z</time>
      </trkpt>
      <trkpt lat="48.06194" lon="-121.81154">
        <ele>1235.33</ele>
        <time>2022-08-08T21:24:18Z</time>
      </trkpt>
      <trkpt lat="48.06195" lon="-121.8115">
        <ele>1236.33</ele>
        <time>2022-08-08T21:24:22Z</time>
      </trkpt>
      <trkpt lat="48.06195" lon="-121.81146">
        <ele>1237.87</ele>
        <time>2022-08-08T21:24:26Z</time>
      </trkpt>
      <trkpt lat="48.06194" lon="-121.81141">
        <ele>1240.21</ele>
        <time>2022-08-08T21:24:30Z</time>
      </trkpt>
      <trkpt lat="48.06194" lon="-121.81136">
        <ele>1242.03</ele>
        <time>2022-08-08T21:24:34Z</time>
      </trkpt>
      <trkpt lat="48.06194" lon="-121.81132">
        <ele>1243.33</ele>
        <time>2022-08-08T21:24:37Z</time>
      </trkpt>
      <trkpt lat="48.06196" lon="-121.81128">
        <ele>1244.36</ele>
        <time>2022-08-08T21:24:42Z</time>
      </trkpt>
      <trkpt lat="48.06198" lon="-121.81124">
        <ele>1245.44</ele>
        <time>2022-08-08T21:24:47Z</time>
      </trkpt>
      <trkpt lat="48.062" lon="-121.81119">
        <ele>1246.84</ele>
        <time>2022-08-08T21:24:50Z</time>
      </trkpt>
      <trkpt lat="48.062" lon="-121.81114">
        <ele>1248.46</ele>
        <time>2022-08-08T21:24:54Z</time>
      </trkpt>
      <trkpt lat="48.06199" lon="-121.8111">
        <ele>1249.81</ele>
        <time>2022-08-08T21:24:58Z</time>
      </trkpt>
      <trkpt lat="48.06201" lon="-121.81105">
        <ele>1250.8</ele>
        <time>2022-08-08T21:25:03Z</time>
      </trkpt>
      <trkpt lat="48.06202" lon="-121.81101">
        <ele>1251.64</ele>
        <time>2022-08-08T21:25:06Z</time>
      </trkpt>
      <trkpt lat="48.06203" lon="-121.81098">
        <ele>1252.4</ele>
        <time>2022-08-08T21:25:09Z</time>
      </trkpt>
      <trkpt lat="48.06205" lon="-121.81093">
        <ele>1253.45</ele>
        <time>2022-08-08T21:25:13Z</time>
      </trkpt>
      <trkpt lat="48.06207" lon="-121.81088">
        <ele>1253.92</ele>
        <time>2022-08-08T21:25:16Z</time>
      </trkpt>
      <trkpt lat="48.06208" lon="-121.81085">
        <ele>1254.25</ele>
        <time>2022-08-08T21:25:18Z</time>
      </trkpt>
      <trkpt lat="48.0621" lon="-121.81081">
        <ele>1254.64</ele>
        <time>2022-08-08T21:25:20Z</time>
      </trkpt>
      <trkpt lat="48.06211" lon="-121.81077">
        <ele>1255.54</ele>
        <time>2022-08-08T21:25:23Z</time>
      </trkpt>
      <trkpt lat="48.06214" lon="-121.81073">
        <ele>1255.78</ele>
        <time>2022-08-08T21:25:27Z</time>
      </trkpt>
      <trkpt lat="48.06215" lon="-121.81069">
        <ele>1256.22</ele>
        <time>2022-08-08T21:25:30Z</time>
      </trkpt>
      <trkpt lat="48.06217" lon="-121.81066">
        <ele>1256.0</ele>
        <time>2022-08-08T21:25:32Z</time>
      </trkpt>
      <trkpt lat="48.06218" lon="-121.81061">
        <ele>1256.46</ele>
        <time>2022-08-08T21:25:34Z</time>
      </trkpt>
      <trkpt lat="48.06219" lon="-121.81057">
        <ele>1256.79</ele>
        <time>2022-08-08T21:25:36Z</time>
      </trkpt>
      <trkpt lat="48.06221" lon="-121.81054">
        <ele>1256.59</ele>
        <time>2022-08-08T21:25:38Z</time>
      </trkpt>
      <trkpt lat="48.06223" lon="-121.81051">
        <ele>1256.2</ele>
        <time>2022-08-08T21:25:40Z</time>
      </trkpt>
      <trkpt lat="48.06224" lon="-121.81047">
        <ele>1256.33</ele>
        <time>2022-08-08T21:25:43Z</time>
      </trkpt>
      <trkpt lat="48.06227" lon="-121.81043">
        <ele>1255.98</ele>
        <time>2022-08-08T21:25:46Z</time>
      </trkpt>
      <trkpt lat="48.06228" lon="-121.81038">
        <ele>1256.36</ele>
        <time>2022-08-08T21:25:49Z</time>
      </trkpt>
      <trkpt lat="48.0623" lon="-121.81034">
        <ele>1256.24</ele>
        <time>2022-08-08T21:25:53Z</time>
      </trkpt>
      <trkpt lat="48.06231" lon="-121.8103">
        <ele>1256.69</ele>
        <time>2022-08-08T21:25:56Z</time>
      </trkpt>
      <trkpt lat="48.06232" lon="-121.81024">
        <ele>1257.13</ele>
        <time>2022-08-08T21:25:59Z</time>
      </trkpt>
      <trkpt lat="48.06232" lon="-121.81019">
        <ele>1257.67</ele>
        <time>2022-08-08T21:26:02Z</time>
      </trkpt>
      <trkpt lat="48.06234" lon="-121.81014">
        <ele>1257.13</ele>
        <time>2022-08-08T21:26:05Z</time>
      </trkpt>
      <trkpt lat="48.06235" lon="-121.8101">
        <ele>1257.02</ele>
        <time>2022-08-08T21:26:08Z</time>
      </trkpt>
      <trkpt lat="48.06235" lon="-121.81006">
        <ele>1257.45</ele>
        <time>2022-08-08T21:26:11Z</time>
      </trkpt>
      <trkpt lat="48.06238" lon="-121.81004">
        <ele>1256.05</ele>
        <time>2022-08-08T21:26:14Z</time>
      </trkpt>
      <trkpt lat="48.06239" lon="-121.80998">
        <ele>1256.16</ele>
        <time>2022-08-08T21:26:17Z</time>
      </trkpt>
      <trkpt lat="48.06239" lon="-121.80994">
        <ele>1256.59</ele>
        <time>2022-08-08T21:26:20Z</time>
      </trkpt>
      <trkpt lat="48.0624" lon="-121.80989">
        <ele>1256.59</ele>
        <time>2022-08-08T21:26:23Z</time>
      </trkpt>
      <trkpt lat="48.06241" lon="-121.80984">
        <ele>1256.57</ele>
        <time>2022-08-08T21:26:27Z</time>
      </trkpt>
      <trkpt lat="48.06241" lon="-121.8098">
        <ele>1256.99</ele>
        <time>2022-08-08T21:26:29Z</time>
      </trkpt>
      <trkpt lat="48.06241" lon="-121.80974">
        <ele>1257.62</ele>
        <time>2022-08-08T21:26:32Z</time>
      </trkpt>
      <trkpt lat="48.06241" lon="-121.8097">
        <ele>1257.8</ele>
        <time>2022-08-08T21:26:34Z</time>
      </trkpt>
      <trkpt lat="48.06241" lon="-121.80964">
        <ele>1257.8</ele>
        <time>2022-08-08T21:26:37Z</time>
      </trkpt>
      <trkpt lat="48.0624" lon="-121.80959">
        <ele>1258.56</ele>
        <time>2022-08-08T21:26:40Z</time>
      </trkpt>
      <trkpt lat="48.0624" lon="-121.80953">
        <ele>1258.56</ele>
        <time>2022-08-08T21:26:43Z</time>
      </trkpt>
      <trkpt lat="48.0624" lon="-121.80949">
        <ele>1258.56</ele>
        <time>2022-08-08T21:26:45Z</time>
      </trkpt>
      <trkpt lat="48.0624" lon="-121.80943">
        <ele>1258.56</ele>
        <time>2022-08-08T21:26:47Z</time>
      </trkpt>
      <trkpt lat="48.06238" lon="-121.80935">
        <ele>1260.06</ele>
        <time>2022-08-08T21:26:49Z</time>
      </trkpt>
      <trkpt lat="48.06237" lon="-121.80929">
        <ele>1260.7</ele>
        <time>2022-08-08T21:26:50Z</time>
      </trkpt>
      <trkpt lat="48.06236" lon="-121.80925">
        <ele>1261.61</ele>
        <time>2022-08-08T21:26:51Z</time>
      </trkpt>
      <trkpt lat="48.06234" lon="-121.8092">
        <ele>1263.55</ele>
        <time>2022-08-08T21:26:52Z</time>
      </trkpt>
      <trkpt lat="48.06233" lon="-121.80915">
        <ele>1264.52</ele>
        <time>2022-08-08T21:26:54Z</time>
      </trkpt>
      <trkpt lat="48.0623" lon="-121.80911">
        <ele>1267.38</ele>
        <time>2022-08-08T21:26:56Z</time>
      </trkpt>
      <trkpt lat="48.06228" lon="-121.80907">
        <ele>1269.38</ele>
        <time>2022-08-08T21:26:57Z</time>
      </trkpt>
      <trkpt lat="48.06226" lon="-121.80899">
        <ele>1271.33</ele>
        <time>2022-08-08T21:26:58Z</time>
      </trkpt>
      <trkpt lat="48.06228" lon="-121.80901">
        <ele>1269.38</ele>
        <time>2022-08-08T21:27:06Z</time>
      </trkpt>
      <trkpt lat="48.06231" lon="-121.80902">
        <ele>1266.47</ele>
        <time>2022-08-08T21:27:20Z</time>
      </trkpt>
      <trkpt lat="48.06231" lon="-121.80898">
        <ele>1266.45</ele>
        <time>2022-08-08T21:27:56Z</time>
      </trkpt>
      <trkpt lat="48.06229" lon="-121.80893">
        <ele>1267.86</ele>
        <time>2022-08-08T21:27:59Z</time>
      </trkpt>
      <trkpt lat="48.06227" lon="-121.8089">
        <ele>1269.48</ele>
        <time>2022-08-08T21:28:12Z</time>
      </trkpt>
      <trkpt lat="48.06226" lon="-121.80886">
        <ele>1269.83</ele>
        <time>2022-08-08T21:28:17Z</time>
      </trkpt>
      <trkpt lat="48.06224" lon="-121.80881">
        <ele>1270.73</ele>
        <time>2022-08-08T21:28:20Z</time>
      </trkpt>
      <trkpt lat="48.06223" lon="-121.80877">
        <ele>1270.48</ele>
        <time>2022-08-08T21:28:22Z</time>
      </trkpt>
      <trkpt lat="48.06223" lon="-121.80872">
        <ele>1268.86</ele>
        <time>2022-08-08T21:28:25Z</time>
      </trkpt>
      <trkpt lat="48.06224" lon="-121.80867">
        <ele>1267.46</ele>
        <time>2022-08-08T21:28:27Z</time>
      </trkpt>
      <trkpt lat="48.06224" lon="-121.8086">
        <ele>1267.94</ele>
        <time>2022-08-08T21:28:29Z</time>
      </trkpt>
      <trkpt lat="48.06225" lon="-121.80857">
        <ele>1268.38</ele>
        <time>2022-08-08T21:28:31Z</time>
      </trkpt>
      <trkpt lat="48.06226" lon="-121.80851">
        <ele>1270.16</ele>
        <time>2022-08-08T21:28:34Z</time>
      </trkpt>
      <trkpt lat="48.06227" lon="-121.80845">
        <ele>1272.19</ele>
        <time>2022-08-08T21:28:37Z</time>
      </trkpt>
      <trkpt lat="48.06228" lon="-121.80842">
        <ele>1272.58</ele>
        <time>2022-08-08T21:28:39Z</time>
      </trkpt>
      <trkpt lat="48.06229" lon="-121.80836">
        <ele>1273.55</ele>
        <time>2022-08-08T21:28:42Z</time>
      </trkpt>
      <trkpt lat="48.06229" lon="-121.80832">
        <ele>1274.91</ele>
        <time>2022-08-08T21:28:44Z</time>
      </trkpt>
      <trkpt lat="48.06228" lon="-121.80826">
        <ele>1277.96</ele>
        <time>2022-08-08T21:28:47Z</time>
      </trkpt>
      <trkpt lat="48.06228" lon="-121.80821">
        <ele>1279.5</ele>
        <time>2022-08-08T21:28:50Z</time>
      </trkpt>
      <trkpt lat="48.06229" lon="-121.80816">
        <ele>1280.26</ele>
        <time>2022-08-08T21:28:53Z</time>
      </trkpt>
      <trkpt lat="48.0623" lon="-121.80812">
        <ele>1280.82</ele>
        <time>2022-08-08T21:28:55Z</time>
      </trkpt>
      <trkpt lat="48.06231" lon="-121.80808">
        <ele>1281.48</ele>
        <time>2022-08-08T21:28:57Z</time>
      </trkpt>
      <trkpt lat="48.06234" lon="-121.80803">
        <ele>1280.72</ele>
        <time>2022-08-08T21:29:00Z</time>
      </trkpt>
      <trkpt lat="48.06235" lon="-121.808">
        <ele>1280.77</ele>
        <time>2022-08-08T21:29:02Z</time>
      </trkpt>
      <trkpt lat="48.06238" lon="-121.80795">
        <ele>1280.15</ele>
        <time>2022-08-08T21:29:05Z</time>
      </trkpt>
      <trkpt lat="48.0624" lon="-121.80792">
        <ele>1279.83</ele>
        <time>2022-08-08T21:29:07Z</time>
      </trkpt>
      <trkpt lat="48.06243" lon="-121.80789">
        <ele>1277.92</ele>
        <time>2022-08-08T21:29:09Z</time>
      </trkpt>
      <trkpt lat="48.06244" lon="-121.80785">
        <ele>1278.0</ele>
        <time>2022-08-08T21:29:12Z</time>
      </trkpt>
      <trkpt lat="48.06245" lon="-121.8078">
        <ele>1278.27</ele>
        <time>2022-08-08T21:29:14Z</time>
      </trkpt>
      <trkpt lat="48.06245" lon="-121.80775">
        <ele>1279.6</ele>
        <time>2022-08-08T21:29:16Z</time>
      </trkpt>
      <trkpt lat="48.06244" lon="-121.80771">
        <ele>1281.55</ele>
        <time>2022-08-08T21:29:19Z</time>
      </trkpt>
      <trkpt lat="48.06243" lon="-121.80767">
        <ele>1283.42</ele>
        <time>2022-08-08T21:29:24Z</time>
      </trkpt>
      <trkpt lat="48.06243" lon="-121.80762">
        <ele>1284.63</ele>
        <time>2022-08-08T21:29:27Z</time>
      </trkpt>
      <trkpt lat="48.06245" lon="-121.80757">
        <ele>1284.38</ele>
        <time>2022-08-08T21:29:31Z</time>
      </trkpt>
      <trkpt lat="48.06247" lon="-121.80754">
        <ele>1283.79</ele>
        <time>2022-08-08T21:29:35Z</time>
      </trkpt>
      <trkpt lat="48.06249" lon="-121.80751">
        <ele>1283.34</ele>
        <time>2022-08-08T21:29:39Z</time>
      </trkpt>
      <trkpt lat="48.06251" lon="-121.80746">
        <ele>1282.83</ele>
        <time>2022-08-08T21:29:42Z</time>
      </trkpt>
      <trkpt lat="48.06252" lon="-121.80742">
        <ele>1282.75</ele>
        <time>2022-08-08T21:29:44Z</time>
      </trkpt>
      <trkpt lat="48.06252" lon="-121.80736">
        <ele>1284.19</ele>
        <time>2022-08-08T21:29:47Z</time>
      </trkpt>
      <trkpt lat="48.06252" lon="-121.80731">
        <ele>1285.39</ele>
        <time>2022-08-08T21:29:49Z</time>
      </trkpt>
      <trkpt lat="48.06254" lon="-121.80725">
        <ele>1285.25</ele>
        <time>2022-08-08T21:29:52Z</time>
      </trkpt>
      <trkpt lat="48.06255" lon="-121.8072">
        <ele>1285.7</ele>
        <time>2022-08-08T21:29:54Z</time>
      </trkpt>
      <trkpt lat="48.06256" lon="-121.80716">
        <ele>1285.81</ele>
        <time>2022-08-08T21:29:57Z</time>
      </trkpt>
      <trkpt lat="48.06259" lon="-121.80715">
        <ele>1283.76</ele>
        <time>2022-08-08T21:30:01Z</time>
      </trkpt>
      <trkpt lat="48.06258" lon="-121.8071">
        <ele>1285.87</ele>
        <time>2022-08-08T21:30:06Z</time>
      </trkpt>
      <trkpt lat="48.06258" lon="-121.80706">
        <ele>1287.11</ele>
        <time>2022-08-08T21:30:10Z</time>
      </trkpt>
      <trkpt lat="48.0626" lon="-121.80701">
        <ele>1287.13</ele>
        <time>2022-08-08T21:30:14Z</time>
      </trkpt>
      <trkpt lat="48.06261" lon="-121.80698">
        <ele>1287.22</ele>
        <time>2022-08-08T21:30:18Z</time>
      </trkpt>
      <trkpt lat="48.06263" lon="-121.80694">
        <ele>1287.08</ele>
        <time>2022-08-08T21:30:22Z</time>
      </trkpt>
      <trkpt lat="48.06265" lon="-121.8069">
        <ele>1286.86</ele>
        <time>2022-08-08T21:30:25Z</time>
      </trkpt>
      <trkpt lat="48.06266" lon="-121.80685">
        <ele>1287.39</ele>
        <time>2022-08-08T21:30:28Z</time>
      </trkpt>
      <trkpt lat="48.06267" lon="-121.80681">
        <ele>1287.65</ele>
        <time>2022-08-08T21:30:31Z</time>
      </trkpt>
      <trkpt lat="48.06268" lon="-121.80676">
        <ele>1288.21</ele>
        <time>2022-08-08T21:30:54Z</time>
      </trkpt>
      <trkpt lat="48.06269" lon="-121.80671">
        <ele>1288.35</ele>
        <time>2022-08-08T21:30:58Z</time>
      </trkpt>
      <trkpt lat="48.06268" lon="-121.80666">
        <ele>1289.42</ele>
        <time>2022-08-08T21:31:02Z</time>
      </trkpt>
      <trkpt lat="48.06271" lon="-121.80664">
        <ele>1288.69</ele>
        <time>2022-08-08T21:31:08Z</time>
      </trkpt>
      <trkpt lat="48.06273" lon="-121.80662">
        <ele>1288.31</ele>
        <time>2022-08-08T21:31:13Z</time>
      </trkpt>
      <trkpt lat="48.06274" lon="-121.80657">
        <ele>1288.68</ele>
        <time>2022-08-08T21:31:16Z</time>
      </trkpt>
      <trkpt lat="48.06274" lon="-121.80653">
        <ele>1289.11</ele>
        <time>2022-08-08T21:31:19Z</time>
      </trkpt>
      <trkpt lat="48.06274" lon="-121.80648">
        <ele>1289.66</ele>
        <time>2022-08-08T21:31:24Z</time>
      </trkpt>
      <trkpt lat="48.06274" lon="-121.80644">
        <ele>1290.35</ele>
        <time>2022-08-08T21:31:27Z</time>
      </trkpt>
      <trkpt lat="48.06274" lon="-121.80639">
        <ele>1291.2</ele>
        <time>2022-08-08T21:31:31Z</time>
      </trkpt>
      <trkpt lat="48.06275" lon="-121.80634">
        <ele>1291.43</ele>
        <time>2022-08-08T21:31:34Z</time>
      </trkpt>
      <trkpt lat="48.06276" lon="-121.80631">
        <ele>1291.43</ele>
        <time>2022-08-08T21:31:37Z</time>
      </trkpt>
      <trkpt lat="48.06278" lon="-121.80626">
        <ele>1291.32</ele>
        <time>2022-08-08T21:31:41Z</time>
      </trkpt>
      <trkpt lat="48.06279" lon="-121.80621">
        <ele>1291.54</ele>
        <time>2022-08-08T21:31:45Z</time>
      </trkpt>
      <trkpt lat="48.0628" lon="-121.80617">
        <ele>1291.64</ele>
        <time>2022-08-08T21:31:48Z</time>
      </trkpt>
      <trkpt lat="48.06281" lon="-121.80613">
        <ele>1291.75</ele>
        <time>2022-08-08T21:31:51Z</time>
      </trkpt>
      <trkpt lat="48.06281" lon="-121.80608">
        <ele>1292.29</ele>
        <time>2022-08-08T21:31:54Z</time>
      </trkpt>
      <trkpt lat="48.06282" lon="-121.80604">
        <ele>1292.4</ele>
        <time>2022-08-08T21:31:57Z</time>
      </trkpt>
      <trkpt lat="48.06283" lon="-121.80599">
        <ele>1292.92</ele>
        <time>2022-08-08T21:32:00Z</time>
      </trkpt>
      <trkpt lat="48.06284" lon="-121.80593">
        <ele>1293.9</ele>
        <time>2022-08-08T21:32:03Z</time>
      </trkpt>
      <trkpt lat="48.06286" lon="-121.80589">
        <ele>1293.77</ele>
        <time>2022-08-08T21:32:07Z</time>
      </trkpt>
      <trkpt lat="48.06288" lon="-121.80586">
        <ele>1293.4</ele>
        <time>2022-08-08T21:32:10Z</time>
      </trkpt>
      <trkpt lat="48.0629" lon="-121.80583">
        <ele>1293.11</ele>
        <time>2022-08-08T21:32:13Z</time>
      </trkpt>
      <trkpt lat="48.06292" lon="-121.8058">
        <ele>1293.11</ele>
        <time>2022-08-08T21:32:16Z</time>
      </trkpt>
      <trkpt lat="48.06293" lon="-121.80575">
        <ele>1293.87</ele>
        <time>2022-08-08T21:32:20Z</time>
      </trkpt>
      <trkpt lat="48.06294" lon="-121.8057">
        <ele>1294.29</ele>
        <time>2022-08-08T21:32:24Z</time>
      </trkpt>
      <trkpt lat="48.06295" lon="-121.80566">
        <ele>1294.41</ele>
        <time>2022-08-08T21:32:27Z</time>
      </trkpt>
      <trkpt lat="48.06296" lon="-121.80561">
        <ele>1294.94</ele>
        <time>2022-08-08T21:32:31Z</time>
      </trkpt>
      <trkpt lat="48.06297" lon="-121.80556">
        <ele>1295.68</ele>
        <time>2022-08-08T21:32:35Z</time>
      </trkpt>
      <trkpt lat="48.06299" lon="-121.80553">
        <ele>1295.68</ele>
        <time>2022-08-08T21:32:43Z</time>
      </trkpt>
      <trkpt lat="48.06299" lon="-121.80549">
        <ele>1296.54</ele>
        <time>2022-08-08T21:32:46Z</time>
      </trkpt>
      <trkpt lat="48.06298" lon="-121.80544">
        <ele>1297.7</ele>
        <time>2022-08-08T21:32:50Z</time>
      </trkpt>
      <trkpt lat="48.06298" lon="-121.8054">
        <ele>1298.13</ele>
        <time>2022-08-08T21:32:54Z</time>
      </trkpt>
      <trkpt lat="48.06299" lon="-121.80535">
        <ele>1298.12</ele>
        <time>2022-08-08T21:32:58Z</time>
      </trkpt>
      <trkpt lat="48.063" lon="-121.80531">
        <ele>1297.8</ele>
        <time>2022-08-08T21:33:01Z</time>
      </trkpt>
      <trkpt lat="48.06301" lon="-121.80527">
        <ele>1297.56</ele>
        <time>2022-08-08T21:33:05Z</time>
      </trkpt>
      <trkpt lat="48.06302" lon="-121.80522">
        <ele>1297.78</ele>
        <time>2022-08-08T21:33:10Z</time>
      </trkpt>
      <trkpt lat="48.063" lon="-121.80517">
        <ele>1298.8</ele>
        <time>2022-08-08T21:34:14Z</time>
      </trkpt>
      <trkpt lat="48.063" lon="-121.80512">
        <ele>1298.8</ele>
        <time>2022-08-08T21:34:17Z</time>
      </trkpt>
      <trkpt lat="48.063" lon="-121.80507">
        <ele>1298.65</ele>
        <time>2022-08-08T21:34:20Z</time>
      </trkpt>
      <trkpt lat="48.063" lon="-121.80503">
        <ele>1298.39</ele>
        <time>2022-08-08T21:34:23Z</time>
      </trkpt>
      <trkpt lat="48.06298" lon="-121.80498">
        <ele>1298.02</ele>
        <time>2022-08-08T21:34:26Z</time>
      </trkpt>
      <trkpt lat="48.06296" lon="-121.80495">
        <ele>1297.46</ele>
        <time>2022-08-08T21:34:29Z</time>
      </trkpt>
      <trkpt lat="48.06295" lon="-121.80491">
        <ele>1296.5</ele>
        <time>2022-08-08T21:34:33Z</time>
      </trkpt>
      <trkpt lat="48.06292" lon="-121.80488">
        <ele>1296.66</ele>
        <time>2022-08-08T21:34:36Z</time>
      </trkpt>
      <trkpt lat="48.06289" lon="-121.80488">
        <ele>1297.54</ele>
        <time>2022-08-08T21:34:39Z</time>
      </trkpt>
      <trkpt lat="48.06286" lon="-121.80487">
        <ele>1298.12</ele>
        <time>2022-08-08T21:34:43Z</time>
      </trkpt>
      <trkpt lat="48.06284" lon="-121.80484">
        <ele>1297.8</ele>
        <time>2022-08-08T21:34:47Z</time>
      </trkpt>
      <trkpt lat="48.06282" lon="-121.8048">
        <ele>1297.08</ele>
        <time>2022-08-08T21:34:51Z</time>
      </trkpt>
      <trkpt lat="48.06282" lon="-121.80475">
        <ele>1295.21</ele>
        <time>2022-08-08T21:34:55Z</time>
      </trkpt>
      <trkpt lat="48.06282" lon="-121.80471">
        <ele>1293.59</ele>
        <time>2022-08-08T21:35:00Z</time>
      </trkpt>
      <trkpt lat="48.06281" lon="-121.80466">
        <ele>1291.69</ele>
        <time>2022-08-08T21:35:06Z</time>
      </trkpt>
      <trkpt lat="48.06281" lon="-121.80462">
        <ele>1289.91</ele>
        <time>2022-08-08T21:35:10Z</time>
      </trkpt>
      <trkpt lat="48.06281" lon="-121.80457">
        <ele>1288.1</ele>
        <time>2022-08-08T21:35:13Z</time>
      </trkpt>
      <trkpt lat="48.0628" lon="-121.80454">
        <ele>1287.66</ele>
        <time>2022-08-08T21:35:17Z</time>
      </trkpt>
      <trkpt lat="48.06278" lon="-121.80451">
        <ele>1288.26</ele>
        <time>2022-08-08T21:36:15Z</time>
      </trkpt>
      <trkpt lat="48.06275" lon="-121.80448">
        <ele>1289.57</ele>
        <time>2022-08-08T21:37:51Z</time>
      </trkpt>
      <trkpt lat="48.06274" lon="-121.80444">
        <ele>1289.43</ele>
        <time>2022-08-08T21:37:55Z</time>
      </trkpt>
      <trkpt lat="48.06273" lon="-121.80439">
        <ele>1289.79</ele>
        <time>2022-08-08T21:37:59Z</time>
      </trkpt>
      <trkpt lat="48.0627" lon="-121.80437">
        <ele>1291.36</ele>
        <time>2022-08-08T21:38:03Z</time>
      </trkpt>
      <trkpt lat="48.06267" lon="-121.80435">
        <ele>1292.6</ele>
        <time>2022-08-08T21:38:07Z</time>
      </trkpt>
      <trkpt lat="48.06264" lon="-121.80434">
        <ele>1293.57</ele>
        <time>2022-08-08T21:38:10Z</time>
      </trkpt>
      <trkpt lat="48.06261" lon="-121.80435">
        <ele>1295.19</ele>
        <time>2022-08-08T21:38:14Z</time>
      </trkpt>
      <trkpt lat="48.06258" lon="-121.80433">
        <ele>1295.97</ele>
        <time>2022-08-08T21:38:18Z</time>
      </trkpt>
      <trkpt lat="48.06256" lon="-121.80432">
        <ele>1296.73</ele>
        <time>2022-08-08T21:38:22Z</time>
      </trkpt>
      <trkpt lat="48.06252" lon="-121.80432">
        <ele>1298.89</ele>
        <time>2022-08-08T21:38:27Z</time>
      </trkpt>
      <trkpt lat="48.06251" lon="-121.80427">
        <ele>1297.81</ele>
        <time>2022-08-08T21:38:31Z</time>
      </trkpt>
      <trkpt lat="48.0625" lon="-121.80423">
        <ele>1296.74</ele>
        <time>2022-08-08T21:38:35Z</time>
      </trkpt>
      <trkpt lat="48.06248" lon="-121.80421">
        <ele>1296.95</ele>
        <time>2022-08-08T21:38:39Z</time>
      </trkpt>
      <trkpt lat="48.06246" lon="-121.80419">
        <ele>1297.17</ele>
        <time>2022-08-08T21:38:53Z</time>
      </trkpt>
      <trkpt lat="48.06243" lon="-121.80416">
        <ele>1297.51</ele>
        <time>2022-08-08T21:39:54Z</time>
      </trkpt>
      <trkpt lat="48.0624" lon="-121.80415">
        <ele>1298.84</ele>
        <time>2022-08-08T21:39:58Z</time>
      </trkpt>
      <trkpt lat="48.06237" lon="-121.80415">
        <ele>1301.11</ele>
        <time>2022-08-08T21:40:02Z</time>
      </trkpt>
      <trkpt lat="48.06235" lon="-121.80416">
        <ele>1303.05</ele>
        <time>2022-08-08T21:40:07Z</time>
      </trkpt>
      <trkpt lat="48.06232" lon="-121.80414">
        <ele>1304.46</ele>
        <time>2022-08-08T21:40:12Z</time>
      </trkpt>
      <trkpt lat="48.06229" lon="-121.80411">
        <ele>1304.95</ele>
        <time>2022-08-08T21:40:17Z</time>
      </trkpt>
      <trkpt lat="48.06228" lon="-121.80407">
        <ele>1304.07</ele>
        <time>2022-08-08T21:40:20Z</time>
      </trkpt>
      <trkpt lat="48.06228" lon="-121.80402">
        <ele>1301.78</ele>
        <time>2022-08-08T21:40:26Z</time>
      </trkpt>
      <trkpt lat="48.06227" lon="-121.80397">
        <ele>1300.38</ele>
        <time>2022-08-08T21:40:31Z</time>
      </trkpt>
      <trkpt lat="48.06225" lon="-121.80393">
        <ele>1300.38</ele>
        <time>2022-08-08T21:40:35Z</time>
      </trkpt>
      <trkpt lat="48.06224" lon="-121.80389">
        <ele>1299.51</ele>
        <time>2022-08-08T21:40:38Z</time>
      </trkpt>
      <trkpt lat="48.06223" lon="-121.80384">
        <ele>1297.69</ele>
        <time>2022-08-08T21:40:42Z</time>
      </trkpt>
      <trkpt lat="48.06221" lon="-121.8038">
        <ele>1297.64</ele>
        <time>2022-08-08T21:40:45Z</time>
      </trkpt>
      <trkpt lat="48.06219" lon="-121.80376">
        <ele>1298.0</ele>
        <time>2022-08-08T21:40:49Z</time>
      </trkpt>
      <trkpt lat="48.06217" lon="-121.80373">
        <ele>1299.03</ele>
        <time>2022-08-08T21:40:55Z</time>
      </trkpt>
      <trkpt lat="48.06216" lon="-121.80369">
        <ele>1298.72</ele>
        <time>2022-08-08T21:42:02Z</time>
      </trkpt>
      <trkpt lat="48.06214" lon="-121.80368">
        <ele>1301.12</ele>
        <time>2022-08-08T21:42:11Z</time>
      </trkpt>
      <trkpt lat="48.06211" lon="-121.80365">
        <ele>1303.75</ele>
        <time>2022-08-08T21:42:25Z</time>
      </trkpt>
      <trkpt lat="48.0621" lon="-121.80362">
        <ele>1304.07</ele>
        <time>2022-08-08T21:42:32Z</time>
      </trkpt>
      <trkpt lat="48.06208" lon="-121.80358">
        <ele>1305.31</ele>
        <time>2022-08-08T21:42:38Z</time>
      </trkpt>
      <trkpt lat="48.06206" lon="-121.80354">
        <ele>1306.42</ele>
        <time>2022-08-08T21:42:44Z</time>
      </trkpt>
      <trkpt lat="48.06204" lon="-121.80356">
        <ele>1308.63</ele>
        <time>2022-08-08T21:42:50Z</time>
      </trkpt>
      <trkpt lat="48.06202" lon="-121.80359">
        <ele>1310.83</ele>
        <time>2022-08-08T21:42:55Z</time>
      </trkpt>
      <trkpt lat="48.06202" lon="-121.80364">
        <ele>1311.85</ele>
        <time>2022-08-08T21:43:03Z</time>
      </trkpt>
      <trkpt lat="48.06202" lon="-121.80369">
        <ele>1312.84</ele>
        <time>2022-08-08T21:43:05Z</time>
      </trkpt>
      <trkpt lat="48.06202" lon="-121.80373">
        <ele>1313.67</ele>
        <time>2022-08-08T21:43:08Z</time>
      </trkpt>
      <trkpt lat="48.06203" lon="-121.80378">
        <ele>1314.1</ele>
        <time>2022-08-08T21:43:12Z</time>
      </trkpt>
      <trkpt lat="48.06203" lon="-121.80383">
        <ele>1314.82</ele>
        <time>2022-08-08T21:43:15Z</time>
      </trkpt>
      <trkpt lat="48.06204" lon="-121.80387">
        <ele>1314.6</ele>
        <time>2022-08-08T21:43:19Z</time>
      </trkpt>
      <trkpt lat="48.06205" lon="-121.80392">
        <ele>1314.83</ele>
        <time>2022-08-08T21:43:23Z</time>
      </trkpt>
      <trkpt lat="48.06205" lon="-121.80396">
        <ele>1315.7</ele>
        <time>2022-08-08T21:43:26Z</time>
      </trkpt>
      <trkpt lat="48.06207" lon="-121.804">
        <ele>1315.14</ele>
        <time>2022-08-08T21:43:31Z</time>
      </trkpt>
      <trkpt lat="48.06207" lon="-121.80405">
        <ele>1315.87</ele>
        <time>2022-08-08T21:43:48Z</time>
      </trkpt>
      <trkpt lat="48.06207" lon="-121.80409">
        <ele>1316.5</ele>
        <time>2022-08-08T21:43:53Z</time>
      </trkpt>
      <trkpt lat="48.06208" lon="-121.80413">
        <ele>1316.61</ele>
        <time>2022-08-08T21:44:00Z</time>
      </trkpt>
      <trkpt lat="48.06209" lon="-121.80417">
        <ele>1316.62</ele>
        <time>2022-08-08T21:44:04Z</time>
      </trkpt>
      <trkpt lat="48.06208" lon="-121.80422">
        <ele>1318.06</ele>
        <time>2022-08-08T21:44:08Z</time>
      </trkpt>
      <trkpt lat="48.06208" lon="-121.80427">
        <ele>1318.8</ele>
        <time>2022-08-08T21:44:12Z</time>
      </trkpt>
      <trkpt lat="48.06208" lon="-121.80432">
        <ele>1319.34</ele>
        <time>2022-08-08T21:44:16Z</time>
      </trkpt>
      <trkpt lat="48.06208" lon="-121.80437">
        <ele>1319.98</ele>
        <time>2022-08-08T21:44:19Z</time>
      </trkpt>
      <trkpt lat="48.06209" lon="-121.80441">
        <ele>1320.04</ele>
        <time>2022-08-08T21:44:23Z</time>
      </trkpt>
      <trkpt lat="48.06209" lon="-121.80445">
        <ele>1320.66</ele>
        <time>2022-08-08T21:44:38Z</time>
      </trkpt>
      <trkpt lat="48.06209" lon="-121.8045">
        <ele>1321.51</ele>
        <time>2022-08-08T21:44:43Z</time>
      </trkpt>
      <trkpt lat="48.06209" lon="-121.80455">
        <ele>1322.44</ele>
        <time>2022-08-08T21:44:48Z</time>
      </trkpt>
      <trkpt lat="48.06209" lon="-121.8046">
        <ele>1323.6</ele>
        <time>2022-08-08T21:44:52Z</time>
      </trkpt>
      <trkpt lat="48.06209" lon="-121.80464">
        <ele>1324.44</ele>
        <time>2022-08-08T21:44:56Z</time>
      </trkpt>
      <trkpt lat="48.06209" lon="-121.80469">
        <ele>1325.22</ele>
        <time>2022-08-08T21:45:00Z</time>
      </trkpt>
      <trkpt lat="48.0621" lon="-121.80473">
        <ele>1325.45</ele>
        <time>2022-08-08T21:45:04Z</time>
      </trkpt>
      <trkpt lat="48.06211" lon="-121.80476">
        <ele>1325.66</ele>
        <time>2022-08-08T21:45:08Z</time>
      </trkpt>
      <trkpt lat="48.06213" lon="-121.8048">
        <ele>1325.67</ele>
        <time>2022-08-08T21:45:14Z</time>
      </trkpt>
      <trkpt lat="48.06213" lon="-121.80484">
        <ele>1326.53</ele>
        <time>2022-08-08T21:45:25Z</time>
      </trkpt>
      <trkpt lat="48.06212" lon="-121.80488">
        <ele>1327.82</ele>
        <time>2022-08-08T21:45:33Z</time>
      </trkpt>
      <trkpt lat="48.06212" lon="-121.80492">
        <ele>1328.69</ele>
        <time>2022-08-08T21:45:38Z</time>
      </trkpt>
      <trkpt lat="48.06212" lon="-121.80497">
        <ele>1329.77</ele>
        <time>2022-08-08T21:45:42Z</time>
      </trkpt>
      <trkpt lat="48.06211" lon="-121.80501">
        <ele>1331.09</ele>
        <time>2022-08-08T21:45:46Z</time>
      </trkpt>
      <trkpt lat="48.06209" lon="-121.80502">
        <ele>1332.24</ele>
        <time>2022-08-08T21:45:51Z</time>
      </trkpt>
      <trkpt lat="48.06206" lon="-121.805">
        <ele>1333.01</ele>
        <time>2022-08-08T21:45:54Z</time>
      </trkpt>
      <trkpt lat="48.06203" lon="-121.80498">
        <ele>1333.95</ele>
        <time>2022-08-08T21:45:59Z</time>
      </trkpt>
      <trkpt lat="48.062" lon="-121.805">
        <ele>1336.0</ele>
        <time>2022-08-08T21:46:15Z</time>
      </trkpt>
      <trkpt lat="48.06198" lon="-121.80502">
        <ele>1337.73</ele>
        <time>2022-08-08T21:46:22Z</time>
      </trkpt>
      <trkpt lat="48.06195" lon="-121.80504">
        <ele>1340.0</ele>
        <time>2022-08-08T21:48:16Z</time>
      </trkpt>
      <trkpt lat="48.06193" lon="-121.80507">
        <ele>1341.93</ele>
        <time>2022-08-08T21:48:20Z</time>
      </trkpt>
      <trkpt lat="48.06191" lon="-121.80508">
        <ele>1343.13</ele>
        <time>2022-08-08T21:49:24Z</time>
      </trkpt>
      <trkpt lat="48.06189" lon="-121.80505">
        <ele>1343.24</ele>
        <time>2022-08-08T21:49:45Z</time>
      </trkpt>
      <trkpt lat="48.06187" lon="-121.80502">
        <ele>1343.49</ele>
        <time>2022-08-08T21:49:50Z</time>
      </trkpt>
      <trkpt lat="48.06185" lon="-121.80498">
        <ele>1343.65</ele>
        <time>2022-08-08T21:49:55Z</time>
      </trkpt>
      <trkpt lat="48.06183" lon="-121.80494">
        <ele>1343.65</ele>
        <time>2022-08-08T21:50:00Z</time>
      </trkpt>
      <trkpt lat="48.06181" lon="-121.80491">
        <ele>1343.86</ele>
        <time>2022-08-08T21:50:05Z</time>
      </trkpt>
      <trkpt lat="48.06179" lon="-121.80489">
        <ele>1344.23</ele>
        <time>2022-08-08T21:50:09Z</time>
      </trkpt>
      <trkpt lat="48.06177" lon="-121.80484">
        <ele>1344.0</ele>
        <time>2022-08-08T21:50:14Z</time>
      </trkpt>
      <trkpt lat="48.06176" lon="-121.80479">
        <ele>1343.42</ele>
        <time>2022-08-08T21:50:18Z</time>
      </trkpt>
      <trkpt lat="48.06174" lon="-121.80476">
        <ele>1343.65</ele>
        <time>2022-08-08T21:50:23Z</time>
      </trkpt>
      <trkpt lat="48.06171" lon="-121.80475">
        <ele>1344.73</ele>
        <time>2022-08-08T21:50:29Z</time>
      </trkpt>
      <trkpt lat="48.06169" lon="-121.80472">
        <ele>1344.96</ele>
        <time>2022-08-08T21:50:34Z</time>
      </trkpt>
      <trkpt lat="48.06167" lon="-121.80469">
        <ele>1345.5</ele>
        <time>2022-08-08T21:50:37Z</time>
      </trkpt>
      <trkpt lat="48.06164" lon="-121.80467">
        <ele>1346.71</ele>
        <time>2022-08-08T21:50:40Z</time>
      </trkpt>
      <trkpt lat="48.06162" lon="-121.80464">
        <ele>1347.18</ele>
        <time>2022-08-08T21:50:43Z</time>
      </trkpt>
      <trkpt lat="48.06159" lon="-121.80462">
        <ele>1348.29</ele>
        <time>2022-08-08T21:50:46Z</time>
      </trkpt>
      <trkpt lat="48.06156" lon="-121.8046">
        <ele>1349.61</ele>
        <time>2022-08-08T21:50:51Z</time>
      </trkpt>
      <trkpt lat="48.06153" lon="-121.80459">
        <ele>1350.9</ele>
        <time>2022-08-08T21:50:57Z</time>
      </trkpt>
      <trkpt lat="48.0615" lon="-121.80457">
        <ele>1352.2</ele>
        <time>2022-08-08T21:51:04Z</time>
      </trkpt>
      <trkpt lat="48.06149" lon="-121.80453">
        <ele>1352.56</ele>
        <time>2022-08-08T21:51:08Z</time>
      </trkpt>
      <trkpt lat="48.06147" lon="-121.80449">
        <ele>1353.11</ele>
        <time>2022-08-08T21:51:12Z</time>
      </trkpt>
      <trkpt lat="48.06145" lon="-121.80446">
        <ele>1353.87</ele>
        <time>2022-08-08T21:51:18Z</time>
      </trkpt>
      <trkpt lat="48.06142" lon="-121.80445">
        <ele>1355.38</ele>
        <time>2022-08-08T21:51:29Z</time>
      </trkpt>
      <trkpt lat="48.0614" lon="-121.80443">
        <ele>1356.24</ele>
        <time>2022-08-08T21:51:36Z</time>
      </trkpt>
      <trkpt lat="48.06138" lon="-121.8044">
        <ele>1356.9</ele>
        <time>2022-08-08T21:51:40Z</time>
      </trkpt>
      <trkpt lat="48.06136" lon="-121.80437">
        <ele>1357.44</ele>
        <time>2022-08-08T21:51:44Z</time>
      </trkpt>
      <trkpt lat="48.06133" lon="-121.80436">
        <ele>1358.63</ele>
        <time>2022-08-08T21:51:51Z</time>
      </trkpt>
      <trkpt lat="48.0613" lon="-121.80434">
        <ele>1359.71</ele>
        <time>2022-08-08T21:52:02Z</time>
      </trkpt>
      <trkpt lat="48.06127" lon="-121.80434">
        <ele>1361.01</ele>
        <time>2022-08-08T21:52:18Z</time>
      </trkpt>
      <trkpt lat="48.06124" lon="-121.80434">
        <ele>1362.3</ele>
        <time>2022-08-08T21:52:23Z</time>
      </trkpt>
      <trkpt lat="48.06121" lon="-121.80433">
        <ele>1363.49</ele>
        <time>2022-08-08T21:52:29Z</time>
      </trkpt>
      <trkpt lat="48.06118" lon="-121.80431">
        <ele>1364.57</ele>
        <time>2022-08-08T21:52:33Z</time>
      </trkpt>
      <trkpt lat="48.06115" lon="-121.80428">
        <ele>1365.54</ele>
        <time>2022-08-08T21:52:38Z</time>
      </trkpt>
      <trkpt lat="48.06112" lon="-121.80426">
        <ele>1366.62</ele>
        <time>2022-08-08T21:52:43Z</time>
      </trkpt>
      <trkpt lat="48.0611" lon="-121.80422">
        <ele>1367.06</ele>
        <time>2022-08-08T21:52:46Z</time>
      </trkpt>
      <trkpt lat="48.06108" lon="-121.80419">
        <ele>1367.6</ele>
        <time>2022-08-08T21:52:49Z</time>
      </trkpt>
      <trkpt lat="48.06105" lon="-121.80417">
        <ele>1368.68</ele>
        <time>2022-08-08T21:52:53Z</time>
      </trkpt>
      <trkpt lat="48.06102" lon="-121.80414">
        <ele>1369.65</ele>
        <time>2022-08-08T21:52:57Z</time>
      </trkpt>
      <trkpt lat="48.061" lon="-121.80411">
        <ele>1370.19</ele>
        <time>2022-08-08T21:53:01Z</time>
      </trkpt>
      <trkpt lat="48.06098" lon="-121.80408">
        <ele>1370.73</ele>
        <time>2022-08-08T21:53:05Z</time>
      </trkpt>
      <trkpt lat="48.06095" lon="-121.80405">
        <ele>1371.7</ele>
        <time>2022-08-08T21:53:09Z</time>
      </trkpt>
      <trkpt lat="48.06093" lon="-121.80401">
        <ele>1372.13</ele>
        <time>2022-08-08T21:53:12Z</time>
      </trkpt>
      <trkpt lat="48.06091" lon="-121.80398">
        <ele>1372.67</ele>
        <time>2022-08-08T21:53:15Z</time>
      </trkpt>
      <trkpt lat="48.06089" lon="-121.80395">
        <ele>1373.21</ele>
        <time>2022-08-08T21:53:18Z</time>
      </trkpt>
      <trkpt lat="48.06087" lon="-121.80392">
        <ele>1373.75</ele>
        <time>2022-08-08T21:53:22Z</time>
      </trkpt>
      <trkpt lat="48.06084" lon="-121.80389">
        <ele>1374.72</ele>
        <time>2022-08-08T21:53:27Z</time>
      </trkpt>
      <trkpt lat="48.06082" lon="-121.80385">
        <ele>1375.16</ele>
        <time>2022-08-08T21:53:30Z</time>
      </trkpt>
      <trkpt lat="48.0608" lon="-121.80383">
        <ele>1375.8</ele>
        <time>2022-08-08T21:53:33Z</time>
      </trkpt>
      <trkpt lat="48.06078" lon="-121.8038">
        <ele>1376.34</ele>
        <time>2022-08-08T21:53:36Z</time>
      </trkpt>
      <trkpt lat="48.06075" lon="-121.80377">
        <ele>1377.32</ele>
        <time>2022-08-08T21:53:40Z</time>
      </trkpt>
      <trkpt lat="48.06074" lon="-121.80373">
        <ele>1377.32</ele>
        <time>2022-08-08T21:53:44Z</time>
      </trkpt>
      <trkpt lat="48.06073" lon="-121.80369">
        <ele>1377.19</ele>
        <time>2022-08-08T21:53:48Z</time>
      </trkpt>
      <trkpt lat="48.06072" lon="-121.80365">
        <ele>1376.87</ele>
        <time>2022-08-08T21:53:53Z</time>
      </trkpt>
      <trkpt lat="48.06071" lon="-121.80361">
        <ele>1376.65</ele>
        <time>2022-08-08T21:54:40Z</time>
      </trkpt>
      <trkpt lat="48.0607" lon="-121.80357">
        <ele>1376.76</ele>
        <time>2022-08-08T21:54:46Z</time>
      </trkpt>
      <trkpt lat="48.06069" lon="-121.80353">
        <ele>1376.86</ele>
        <time>2022-08-08T21:54:53Z</time>
      </trkpt>
      <trkpt lat="48.06068" lon="-121.80349">
        <ele>1376.66</ele>
        <time>2022-08-08T21:54:59Z</time>
      </trkpt>
      <trkpt lat="48.06069" lon="-121.80344">
        <ele>1375.04</ele>
        <time>2022-08-08T21:55:04Z</time>
      </trkpt>
      <trkpt lat="48.06071" lon="-121.8034">
        <ele>1373.38</ele>
        <time>2022-08-08T21:55:08Z</time>
      </trkpt>
      <trkpt lat="48.06073" lon="-121.80336">
        <ele>1371.87</ele>
        <time>2022-08-08T21:55:12Z</time>
      </trkpt>
      <trkpt lat="48.06075" lon="-121.80333">
        <ele>1370.46</ele>
        <time>2022-08-08T21:55:16Z</time>
      </trkpt>
      <trkpt lat="48.06078" lon="-121.80329">
        <ele>1368.41</ele>
        <time>2022-08-08T21:55:19Z</time>
      </trkpt>
      <trkpt lat="48.06079" lon="-121.80325">
        <ele>1367.44</ele>
        <time>2022-08-08T21:55:22Z</time>
      </trkpt>
      <trkpt lat="48.06078" lon="-121.80321">
        <ele>1368.02</ele>
        <time>2022-08-08T21:55:25Z</time>
      </trkpt>
      <trkpt lat="48.06078" lon="-121.80316">
        <ele>1368.25</ele>
        <time>2022-08-08T21:55:29Z</time>
      </trkpt>
      <trkpt lat="48.06078" lon="-121.80312">
        <ele>1368.61</ele>
        <time>2022-08-08T21:55:33Z</time>
      </trkpt>
      <trkpt lat="48.06078" lon="-121.80308">
        <ele>1369.04</ele>
        <time>2022-08-08T21:55:37Z</time>
      </trkpt>
      <trkpt lat="48.06078" lon="-121.80303">
        <ele>1369.58</ele>
        <time>2022-08-08T21:55:41Z</time>
      </trkpt>
      <trkpt lat="48.06078" lon="-121.80299">
        <ele>1370.01</ele>
        <time>2022-08-08T21:55:45Z</time>
      </trkpt>
      <trkpt lat="48.06078" lon="-121.80294">
        <ele>1370.55</ele>
        <time>2022-08-08T21:55:50Z</time>
      </trkpt>
      <trkpt lat="48.06076" lon="-121.8029">
        <ele>1371.85</ele>
        <time>2022-08-08T21:55:55Z</time>
      </trkpt>
      <trkpt lat="48.06075" lon="-121.80294">
        <ele>1371.85</ele>
        <time>2022-08-08T21:59:13Z</time>
      </trkpt>
      <trkpt lat="48.06075" lon="-121.80298">
        <ele>1371.42</ele>
        <time>2022-08-08T21:59:21Z</time>
      </trkpt>
      <trkpt lat="48.06072" lon="-121.80302">
        <ele>1372.28</ele>
        <time>2022-08-08T21:59:26Z</time>
      </trkpt>
      <trkpt lat="48.06068" lon="-121.80304">
        <ele>1373.79</ele>
        <time>2022-08-08T21:59:29Z</time>
      </trkpt>
      <trkpt lat="48.06065" lon="-121.80305">
        <ele>1374.98</ele>
        <time>2022-08-08T21:59:31Z</time>
      </trkpt>
      <trkpt lat="48.06062" lon="-121.80306">
        <ele>1376.51</ele>
        <time>2022-08-08T21:59:33Z</time>
      </trkpt>
      <trkpt lat="48.06059" lon="-121.80308">
        <ele>1377.97</ele>
        <time>2022-08-08T21:59:37Z</time>
      </trkpt>
      <trkpt lat="48.06058" lon="-121.80313">
        <ele>1378.09</ele>
        <time>2022-08-08T21:59:41Z</time>
      </trkpt>
      <trkpt lat="48.06057" lon="-121.80317">
        <ele>1378.18</ele>
        <time>2022-08-08T21:59:44Z</time>
      </trkpt>
      <trkpt lat="48.06056" lon="-121.80322">
        <ele>1378.07</ele>
        <time>2022-08-08T21:59:48Z</time>
      </trkpt>
      <trkpt lat="48.06056" lon="-121.80326">
        <ele>1378.06</ele>
        <time>2022-08-08T21:59:51Z</time>
      </trkpt>
      <trkpt lat="48.06055" lon="-121.8033">
        <ele>1378.9</ele>
        <time>2022-08-08T21:59:54Z</time>
      </trkpt>
      <trkpt lat="48.06054" lon="-121.80335">
        <ele>1379.85</ele>
        <time>2022-08-08T21:59:58Z</time>
      </trkpt>
      <trkpt lat="48.06051" lon="-121.80337">
        <ele>1381.36</ele>
        <time>2022-08-08T22:00:02Z</time>
      </trkpt>
      <trkpt lat="48.06049" lon="-121.8034">
        <ele>1382.55</ele>
        <time>2022-08-08T22:00:07Z</time>
      </trkpt>
      <trkpt lat="48.06047" lon="-121.80344">
        <ele>1384.0</ele>
        <time>2022-08-08T22:00:12Z</time>
      </trkpt>
      <trkpt lat="48.06044" lon="-121.80345">
        <ele>1385.7</ele>
        <time>2022-08-08T22:00:16Z</time>
      </trkpt>
      <trkpt lat="48.06041" lon="-121.80344">
        <ele>1387.08</ele>
        <time>2022-08-08T22:00:20Z</time>
      </trkpt>
      <trkpt lat="48.06038" lon="-121.80346">
        <ele>1388.89</ele>
        <time>2022-08-08T22:00:25Z</time>
      </trkpt>
      <trkpt lat="48.06037" lon="-121.8035">
        <ele>1389.83</ele>
        <time>2022-08-08T22:00:31Z</time>
      </trkpt>
      <trkpt lat="48.06037" lon="-121.80355">
        <ele>1390.71</ele>
        <time>2022-08-08T22:00:35Z</time>
      </trkpt>
      <trkpt lat="48.06036" lon="-121.8036">
        <ele>1392.54</ele>
        <time>2022-08-08T22:00:39Z</time>
      </trkpt>
      <trkpt lat="48.06036" lon="-121.80365">
        <ele>1393.62</ele>
        <time>2022-08-08T22:00:43Z</time>
      </trkpt>
      <trkpt lat="48.06036" lon="-121.80369">
        <ele>1394.49</ele>
        <time>2022-08-08T22:00:47Z</time>
      </trkpt>
      <trkpt lat="48.06037" lon="-121.80373">
        <ele>1394.6</ele>
        <time>2022-08-08T22:00:52Z</time>
      </trkpt>
      <trkpt lat="48.06037" lon="-121.80378">
        <ele>1395.68</ele>
        <time>2022-08-08T22:01:04Z</time>
      </trkpt>
      <trkpt lat="48.06037" lon="-121.80382">
        <ele>1396.54</ele>
        <time>2022-08-08T22:01:10Z</time>
      </trkpt>
      <trkpt lat="48.06035" lon="-121.80384">
        <ele>1398.48</ele>
        <time>2022-08-08T22:01:18Z</time>
      </trkpt>
      <trkpt lat="48.06032" lon="-121.80384">
        <ele>1400.75</ele>
        <time>2022-08-08T22:01:21Z</time>
      </trkpt>
      <trkpt lat="48.06029" lon="-121.80383">
        <ele>1402.8</ele>
        <time>2022-08-08T22:01:25Z</time>
      </trkpt>
      <trkpt lat="48.06027" lon="-121.80381">
        <ele>1403.7</ele>
        <time>2022-08-08T22:01:29Z</time>
      </trkpt>
      <trkpt lat="48.06026" lon="-121.80385">
        <ele>1405.01</ele>
        <time>2022-08-08T22:01:41Z</time>
      </trkpt>
      <trkpt lat="48.06023" lon="-121.80383">
        <ele>1406.12</ele>
        <time>2022-08-08T22:01:51Z</time>
      </trkpt>
      <trkpt lat="48.06023" lon="-121.80388">
        <ele>1406.92</ele>
        <time>2022-08-08T22:01:58Z</time>
      </trkpt>
      <trkpt lat="48.06025" lon="-121.80391">
        <ele>1406.43</ele>
        <time>2022-08-08T22:02:03Z</time>
      </trkpt>
      <trkpt lat="48.06027" lon="-121.80395">
        <ele>1406.0</ele>
        <time>2022-08-08T22:02:08Z</time>
      </trkpt>
      <trkpt lat="48.06028" lon="-121.80399">
        <ele>1406.07</ele>
        <time>2022-08-08T22:02:14Z</time>
      </trkpt>
      <trkpt lat="48.0603" lon="-121.80402">
        <ele>1405.73</ele>
        <time>2022-08-08T22:02:20Z</time>
      </trkpt>
      <trkpt lat="48.06031" lon="-121.80406">
        <ele>1406.25</ele>
        <time>2022-08-08T22:02:25Z</time>
      </trkpt>
      <trkpt lat="48.06028" lon="-121.80406">
        <ele>1407.6</ele>
        <time>2022-08-08T22:02:33Z</time>
      </trkpt>
      <trkpt lat="48.06027" lon="-121.80403">
        <ele>1407.34</ele>
        <time>2022-08-08T22:02:37Z</time>
      </trkpt>
      <trkpt lat="48.06025" lon="-121.804">
        <ele>1407.54</ele>
        <time>2022-08-08T22:02:43Z</time>
      </trkpt>
      <trkpt lat="48.0602" lon="-121.804">
        <ele>1409.59</ele>
        <time>2022-08-08T22:02:46Z</time>
      </trkpt>
      <trkpt lat="48.06017" lon="-121.80398">
        <ele>1410.64</ele>
        <time>2022-08-08T22:02:49Z</time>
      </trkpt>
      <trkpt lat="48.06015" lon="-121.80397">
        <ele>1411.4</ele>
        <time>2022-08-08T22:02:57Z</time>
      </trkpt>
      <trkpt lat="48.06012" lon="-121.80396">
        <ele>1412.58</ele>
        <time>2022-08-08T22:03:04Z</time>
      </trkpt>
      <trkpt lat="48.06009" lon="-121.80398">
        <ele>1414.07</ele>
        <time>2022-08-08T22:03:33Z</time>
      </trkpt>
      <trkpt lat="48.06006" lon="-121.80397">
        <ele>1414.98</ele>
        <time>2022-08-08T22:03:45Z</time>
      </trkpt>
      <trkpt lat="48.06004" lon="-121.80395">
        <ele>1415.56</ele>
        <time>2022-08-08T22:04:06Z</time>
      </trkpt>
      <trkpt lat="48.06007" lon="-121.80395">
        <ele>1414.47</ele>
        <time>2022-08-08T22:05:16Z</time>
      </trkpt>
      <trkpt lat="48.06006" lon="-121.8039">
        <ele>1414.49</ele>
        <time>2022-08-08T22:05:35Z</time>
      </trkpt>
      <trkpt lat="48.06005" lon="-121.80387">
        <ele>1414.64</ele>
        <time>2022-08-08T22:05:40Z</time>
      </trkpt>
      <trkpt lat="48.06002" lon="-121.80384">
        <ele>1415.61</ele>
        <time>2022-08-08T22:05:46Z</time>
      </trkpt>
      <trkpt lat="48.06002" lon="-121.80379">
        <ele>1415.12</ele>
        <time>2022-08-08T22:05:51Z</time>
      </trkpt>
      <trkpt lat="48.06" lon="-121.80375">
        <ele>1416.0</ele>
        <time>2022-08-08T22:05:55Z</time>
      </trkpt>
      <trkpt lat="48.05999" lon="-121.8037">
        <ele>1416.4</ele>
        <time>2022-08-08T22:06:00Z</time>
      </trkpt>
      <trkpt lat="48.05998" lon="-121.80366">
        <ele>1416.49</ele>
        <time>2022-08-08T22:06:05Z</time>
      </trkpt>
      <trkpt lat="48.05997" lon="-121.80362">
        <ele>1416.68</ele>
        <time>2022-08-08T22:06:11Z</time>
      </trkpt>
      <trkpt lat="48.05996" lon="-121.80358">
        <ele>1417.16</ele>
        <time>2022-08-08T22:06:17Z</time>
      </trkpt>
      <trkpt lat="48.05994" lon="-121.80356">
        <ele>1418.24</ele>
        <time>2022-08-08T22:06:24Z</time>
      </trkpt>
      <trkpt lat="48.05993" lon="-121.80351">
        <ele>1418.78</ele>
        <time>2022-08-08T22:06:33Z</time>
      </trkpt>
      <trkpt lat="48.05992" lon="-121.80347">
        <ele>1419.32</ele>
        <time>2022-08-08T22:06:52Z</time>
      </trkpt>
      <trkpt lat="48.05992" lon="-121.80342">
        <ele>1419.32</ele>
        <time>2022-08-08T22:06:56Z</time>
      </trkpt>
      <trkpt lat="48.05992" lon="-121.80337">
        <ele>1419.32</ele>
        <time>2022-08-08T22:07:00Z</time>
      </trkpt>
      <trkpt lat="48.05993" lon="-121.80333">
        <ele>1418.78</ele>
        <time>2022-08-08T22:07:03Z</time>
      </trkpt>
      <trkpt lat="48.05994" lon="-121.80329">
        <ele>1418.24</ele>
        <time>2022-08-08T22:07:07Z</time>
      </trkpt>
      <trkpt lat="48.05996" lon="-121.80326">
        <ele>1417.16</ele>
        <time>2022-08-08T22:07:13Z</time>
      </trkpt>
      <trkpt lat="48.05997" lon="-121.80322">
        <ele>1416.47</ele>
        <time>2022-08-08T22:07:21Z</time>
      </trkpt>
      <trkpt lat="48.05998" lon="-121.80318">
        <ele>1415.57</ele>
        <time>2022-08-08T22:07:49Z</time>
      </trkpt>
      <trkpt lat="48.05997" lon="-121.80314">
        <ele>1415.94</ele>
        <time>2022-08-08T22:07:54Z</time>
      </trkpt>
      <trkpt lat="48.05995" lon="-121.8031">
        <ele>1417.24</ele>
        <time>2022-08-08T22:07:58Z</time>
      </trkpt>
      <trkpt lat="48.05994" lon="-121.80306">
        <ele>1417.89</ele>
        <time>2022-08-08T22:08:04Z</time>
      </trkpt>
      <trkpt lat="48.05991" lon="-121.80306">
        <ele>1419.83</ele>
        <time>2022-08-08T22:08:10Z</time>
      </trkpt>
      <trkpt lat="48.05988" lon="-121.80305">
        <ele>1421.78</ele>
        <time>2022-08-08T22:08:14Z</time>
      </trkpt>
      <trkpt lat="48.05986" lon="-121.80302">
        <ele>1423.07</ele>
        <time>2022-08-08T22:08:19Z</time>
      </trkpt>
      <trkpt lat="48.05985" lon="-121.80298">
        <ele>1423.72</ele>
        <time>2022-08-08T22:08:29Z</time>
      </trkpt>
      <trkpt lat="48.05982" lon="-121.80297">
        <ele>1425.66</ele>
        <time>2022-08-08T22:08:57Z</time>
      </trkpt>
      <trkpt lat="48.0598" lon="-121.80293">
        <ele>1427.26</ele>
        <time>2022-08-08T22:09:02Z</time>
      </trkpt>
      <trkpt lat="48.0598" lon="-121.80289">
        <ele>1427.62</ele>
        <time>2022-08-08T22:09:07Z</time>
      </trkpt>
      <trkpt lat="48.05979" lon="-121.80285">
        <ele>1428.56</ele>
        <time>2022-08-08T22:09:11Z</time>
      </trkpt>
      <trkpt lat="48.05976" lon="-121.80284">
        <ele>1430.29</ele>
        <time>2022-08-08T22:09:15Z</time>
      </trkpt>
      <trkpt lat="48.05974" lon="-121.80288">
        <ele>1431.02</ele>
        <time>2022-08-08T22:09:20Z</time>
      </trkpt>
      <trkpt lat="48.05971" lon="-121.80291">
        <ele>1432.74</ele>
        <time>2022-08-08T22:09:26Z</time>
      </trkpt>
      <trkpt lat="48.05969" lon="-121.80292">
        <ele>1433.9</ele>
        <time>2022-08-08T22:09:30Z</time>
      </trkpt>
      <trkpt lat="48.05967" lon="-121.80296">
        <ele>1434.84</ele>
        <time>2022-08-08T22:09:34Z</time>
      </trkpt>
      <trkpt lat="48.05967" lon="-121.80301">
        <ele>1434.6</ele>
        <time>2022-08-08T22:09:38Z</time>
      </trkpt>
      <trkpt lat="48.05967" lon="-121.80306">
        <ele>1434.34</ele>
        <time>2022-08-08T22:09:43Z</time>
      </trkpt>
      <trkpt lat="48.05966" lon="-121.8031">
        <ele>1434.55</ele>
        <time>2022-08-08T22:09:48Z</time>
      </trkpt>
      <trkpt lat="48.05964" lon="-121.80313">
        <ele>1435.52</ele>
        <time>2022-08-08T22:09:55Z</time>
      </trkpt>
      <trkpt lat="48.05963" lon="-121.80316">
        <ele>1435.85</ele>
        <time>2022-08-08T22:10:00Z</time>
      </trkpt>
      <trkpt lat="48.05962" lon="-121.80321">
        <ele>1435.85</ele>
        <time>2022-08-08T22:10:04Z</time>
      </trkpt>
      <trkpt lat="48.05961" lon="-121.80325">
        <ele>1435.92</ele>
        <time>2022-08-08T22:10:10Z</time>
      </trkpt>
      <trkpt lat="48.05958" lon="-121.80324">
        <ele>1437.69</ele>
        <time>2022-08-08T22:10:31Z</time>
      </trkpt>
      <trkpt lat="48.05956" lon="-121.80328">
        <ele>1437.7</ele>
        <time>2022-08-08T22:10:37Z</time>
      </trkpt>
      <trkpt lat="48.05956" lon="-121.80333">
        <ele>1436.35</ele>
        <time>2022-08-08T22:10:44Z</time>
      </trkpt>
      <trkpt lat="48.05957" lon="-121.80337">
        <ele>1435.03</ele>
        <time>2022-08-08T22:10:56Z</time>
      </trkpt>
      <trkpt lat="48.05956" lon="-121.80342">
        <ele>1433.91</ele>
        <time>2022-08-08T22:11:01Z</time>
      </trkpt>
      <trkpt lat="48.05954" lon="-121.80338">
        <ele>1435.42</ele>
        <time>2022-08-08T22:11:10Z</time>
      </trkpt>
      <trkpt lat="48.05952" lon="-121.80334">
        <ele>1436.78</ele>
        <time>2022-08-08T22:12:18Z</time>
      </trkpt>
      <trkpt lat="48.05951" lon="-121.8033">
        <ele>1438.08</ele>
        <time>2022-08-08T22:12:24Z</time>
      </trkpt>
      <trkpt lat="48.05948" lon="-121.80332">
        <ele>1437.43</ele>
        <time>2022-08-08T22:12:34Z</time>
      </trkpt>
      <trkpt lat="48.05947" lon="-121.80327">
        <ele>1439.05</ele>
        <time>2022-08-08T22:12:43Z</time>
      </trkpt>
      <trkpt lat="48.05947" lon="-121.80323">
        <ele>1440.2</ele>
        <time>2022-08-08T22:12:49Z</time>
      </trkpt>
      <trkpt lat="48.05945" lon="-121.8032">
        <ele>1440.85</ele>
        <time>2022-08-08T22:12:55Z</time>
      </trkpt>
      <trkpt lat="48.05942" lon="-121.80318">
        <ele>1441.49</ele>
        <time>2022-08-08T22:13:00Z</time>
      </trkpt>
      <trkpt lat="48.05939" lon="-121.80316">
        <ele>1442.26</ele>
        <time>2022-08-08T22:13:05Z</time>
      </trkpt>
      <trkpt lat="48.05936" lon="-121.80314">
        <ele>1443.26</ele>
        <time>2022-08-08T22:13:11Z</time>
      </trkpt>
      <trkpt lat="48.05939" lon="-121.80312">
        <ele>1443.8</ele>
        <time>2022-08-08T22:13:24Z</time>
      </trkpt>
      <trkpt lat="48.05937" lon="-121.80308">
        <ele>1445.75</ele>
        <time>2022-08-08T22:13:31Z</time>
      </trkpt>
      <trkpt lat="48.05935" lon="-121.80304">
        <ele>1447.71</ele>
        <time>2022-08-08T22:13:35Z</time>
      </trkpt>
      <trkpt lat="48.05935" lon="-121.803">
        <ele>1449.42</ele>
        <time>2022-08-08T22:13:43Z</time>
      </trkpt>
      <trkpt lat="48.05936" lon="-121.80296">
        <ele>1450.86</ele>
        <time>2022-08-08T22:13:48Z</time>
      </trkpt>
      <trkpt lat="48.05936" lon="-121.80291">
        <ele>1452.92</ele>
        <time>2022-08-08T22:13:53Z</time>
      </trkpt>
      <trkpt lat="48.05933" lon="-121.80289">
        <ele>1454.34</ele>
        <time>2022-08-08T22:13:58Z</time>
      </trkpt>
      <trkpt lat="48.0593" lon="-121.8029">
        <ele>1454.1</ele>
        <time>2022-08-08T22:14:03Z</time>
      </trkpt>
      <trkpt lat="48.05928" lon="-121.80293">
        <ele>1452.7</ele>
        <time>2022-08-08T22:14:09Z</time>
      </trkpt>
      <trkpt lat="48.05927" lon="-121.80296">
        <ele>1451.16</ele>
        <time>2022-08-08T22:14:36Z</time>
      </trkpt>
      <trkpt lat="48.05924" lon="-121.80296">
        <ele>1452.41</ele>
        <time>2022-08-08T22:17:43Z</time>
      </trkpt>
      <trkpt lat="48.05922" lon="-121.803">
        <ele>1452.57</ele>
        <time>2022-08-08T22:17:57Z</time>
      </trkpt>
      <trkpt lat="48.05919" lon="-121.80301">
        <ele>1454.09</ele>
        <time>2022-08-08T22:19:01Z</time>
      </trkpt>
      <trkpt lat="48.05916" lon="-121.80301">
        <ele>1456.05</ele>
        <time>2022-08-08T22:19:05Z</time>
      </trkpt>
      <trkpt lat="48.05913" lon="-121.80301">
        <ele>1458.64</ele>
        <time>2022-08-08T22:19:10Z</time>
      </trkpt>
      <trkpt lat="48.05911" lon="-121.80302">
        <ele>1459.91</ele>
        <time>2022-08-08T22:19:14Z</time>
      </trkpt>
      <trkpt lat="48.05908" lon="-121.80303">
        <ele>1461.9</ele>
        <time>2022-08-08T22:19:18Z</time>
      </trkpt>
      <trkpt lat="48.05905" lon="-121.80303">
        <ele>1462.9</ele>
        <time>2022-08-08T22:19:27Z</time>
      </trkpt>
      <trkpt lat="48.05907" lon="-121.803">
        <ele>1464.09</ele>
        <time>2022-08-08T22:19:38Z</time>
      </trkpt>
      <trkpt lat="48.0591" lon="-121.80299">
        <ele>1462.18</ele>
        <time>2022-08-08T22:19:43Z</time>
      </trkpt>
      <trkpt lat="48.05912" lon="-121.80296">
        <ele>1461.7</ele>
        <time>2022-08-08T22:19:48Z</time>
      </trkpt>
      <trkpt lat="48.05914" lon="-121.80293">
        <ele>1461.37</ele>
        <time>2022-08-08T22:19:55Z</time>
      </trkpt>
      <trkpt lat="48.05911" lon="-121.80293">
        <ele>1464.29</ele>
        <time>2022-08-08T22:20:01Z</time>
      </trkpt>
      <trkpt lat="48.05908" lon="-121.80292">
        <ele>1467.74</ele>
        <time>2022-08-08T22:20:05Z</time>
      </trkpt>
      <trkpt lat="48.05904" lon="-121.80292">
        <ele>1469.06</ele>
        <time>2022-08-08T22:20:08Z</time>
      </trkpt>
      <trkpt lat="48.05901" lon="-121.80291">
        <ele>1470.24</ele>
        <time>2022-08-08T22:20:13Z</time>
      </trkpt>
      <trkpt lat="48.05898" lon="-121.80291">
        <ele>1470.88</ele>
        <time>2022-08-08T22:20:19Z</time>
      </trkpt>
      <trkpt lat="48.05894" lon="-121.80291">
        <ele>1471.31</ele>
        <time>2022-08-08T22:20:24Z</time>
      </trkpt>
      <trkpt lat="48.05891" lon="-121.80292">
        <ele>1471.09</ele>
        <time>2022-08-08T22:20:29Z</time>
      </trkpt>
      <trkpt lat="48.05889" lon="-121.80294">
        <ele>1470.23</ele>
        <time>2022-08-08T22:20:34Z</time>
      </trkpt>
      <trkpt lat="48.05886" lon="-121.80295">
        <ele>1469.74</ele>
        <time>2022-08-08T22:20:38Z</time>
      </trkpt>
      <trkpt lat="48.05882" lon="-121.80297">
        <ele>1468.62</ele>
        <time>2022-08-08T22:20:42Z</time>
      </trkpt>
      <trkpt lat="48.0588" lon="-121.80297">
        <ele>1468.62</ele>
        <time>2022-08-08T22:20:45Z</time>
      </trkpt>
      <trkpt lat="48.05877" lon="-121.80297">
        <ele>1468.05</ele>
        <time>2022-08-08T22:20:48Z</time>
      </trkpt>
      <trkpt lat="48.05873" lon="-121.80297">
        <ele>1467.19</ele>
        <time>2022-08-08T22:20:52Z</time>
      </trkpt>
      <trkpt lat="48.05871" lon="-121.803">
        <ele>1465.14</ele>
        <time>2022-08-08T22:20:56Z</time>
      </trkpt>
      <trkpt lat="48.05868" lon="-121.80302">
        <ele>1463.98</ele>
        <time>2022-08-08T22:21:00Z</time>
      </trkpt>
      <trkpt lat="48.05866" lon="-121.80305">
        <ele>1462.72</ele>
        <time>2022-08-08T22:21:03Z</time>
      </trkpt>
      <trkpt lat="48.05863" lon="-121.80306">
        <ele>1462.59</ele>
        <time>2022-08-08T22:21:08Z</time>
      </trkpt>
      <trkpt lat="48.0586" lon="-121.80304">
        <ele>1464.1</ele>
        <time>2022-08-08T22:21:12Z</time>
      </trkpt>
      <trkpt lat="48.05857" lon="-121.80302">
        <ele>1466.37</ele>
        <time>2022-08-08T22:21:17Z</time>
      </trkpt>
      <trkpt lat="48.0586" lon="-121.80299">
        <ele>1465.72</ele>
        <time>2022-08-08T22:21:27Z</time>
      </trkpt>
      <trkpt lat="48.05861" lon="-121.80295">
        <ele>1466.76</ele>
        <time>2022-08-08T22:21:36Z</time>
      </trkpt>
      <trkpt lat="48.05858" lon="-121.80294">
        <ele>1468.75</ele>
        <time>2022-08-08T22:21:40Z</time>
      </trkpt>
      <trkpt lat="48.05855" lon="-121.80295">
        <ele>1469.82</ele>
        <time>2022-08-08T22:21:45Z</time>
      </trkpt>
      <trkpt lat="48.05852" lon="-121.80294">
        <ele>1471.67</ele>
        <time>2022-08-08T22:21:50Z</time>
      </trkpt>
      <trkpt lat="48.05849" lon="-121.80294">
        <ele>1473.36</ele>
        <time>2022-08-08T22:21:56Z</time>
      </trkpt>
      <trkpt lat="48.05847" lon="-121.80295">
        <ele>1474.11</ele>
        <time>2022-08-08T22:22:00Z</time>
      </trkpt>
      <trkpt lat="48.05844" lon="-121.80298">
        <ele>1474.69</ele>
        <time>2022-08-08T22:22:06Z</time>
      </trkpt>
      <trkpt lat="48.05841" lon="-121.80298">
        <ele>1476.1</ele>
        <time>2022-08-08T22:22:10Z</time>
      </trkpt>
      <trkpt lat="48.05839" lon="-121.80298">
        <ele>1476.93</ele>
        <time>2022-08-08T22:22:15Z</time>
      </trkpt>
      <trkpt lat="48.05836" lon="-121.80299">
        <ele>1477.76</ele>
        <time>2022-08-08T22:22:20Z</time>
      </trkpt>
      <trkpt lat="48.05833" lon="-121.80299">
        <ele>1478.93</ele>
        <time>2022-08-08T22:22:25Z</time>
      </trkpt>
      <trkpt lat="48.0583" lon="-121.80302">
        <ele>1478.39</ele>
        <time>2022-08-08T22:22:33Z</time>
      </trkpt>
      <trkpt lat="48.05828" lon="-121.80305">
        <ele>1477.43</ele>
        <time>2022-08-08T22:22:37Z</time>
      </trkpt>
      <trkpt lat="48.05825" lon="-121.80307">
        <ele>1477.18</ele>
        <time>2022-08-08T22:22:42Z</time>
      </trkpt>
      <trkpt lat="48.05821" lon="-121.80306">
        <ele>1478.47</ele>
        <time>2022-08-08T22:22:47Z</time>
      </trkpt>
      <trkpt lat="48.0582" lon="-121.80302">
        <ele>1480.97</ele>
        <time>2022-08-08T22:22:56Z</time>
      </trkpt>
      <trkpt lat="48.05823" lon="-121.803">
        <ele>1481.3</ele>
        <time>2022-08-08T22:23:00Z</time>
      </trkpt>
      <trkpt lat="48.05826" lon="-121.80299">
        <ele>1480.98</ele>
        <time>2022-08-08T22:23:03Z</time>
      </trkpt>
      <trkpt lat="48.05828" lon="-121.80295">
        <ele>1482.43</ele>
        <time>2022-08-08T22:23:10Z</time>
      </trkpt>
      <trkpt lat="48.0583" lon="-121.80291">
        <ele>1483.94</ele>
        <time>2022-08-08T22:23:14Z</time>
      </trkpt>
      <trkpt lat="48.05831" lon="-121.80288">
        <ele>1485.24</ele>
        <time>2022-08-08T22:23:20Z</time>
      </trkpt>
      <trkpt lat="48.05833" lon="-121.80284">
        <ele>1486.42</ele>
        <time>2022-08-08T22:23:26Z</time>
      </trkpt>
      <trkpt lat="48.05831" lon="-121.80281">
        <ele>1488.36</ele>
        <time>2022-08-08T22:23:32Z</time>
      </trkpt>
      <trkpt lat="48.05828" lon="-121.80283">
        <ele>1488.47</ele>
        <time>2022-08-08T22:23:37Z</time>
      </trkpt>
      <trkpt lat="48.05826" lon="-121.80286">
        <ele>1487.82</ele>
        <time>2022-08-08T22:24:09Z</time>
      </trkpt>
      <trkpt lat="48.05826" lon="-121.8029">
        <ele>1485.78</ele>
        <time>2022-08-08T22:24:30Z</time>
      </trkpt>
      <trkpt lat="48.05827" lon="-121.80287">
        <ele>1487.07</ele>
        <time>2022-08-08T22:24:40Z</time>
      </trkpt>
      <trkpt lat="48.05826" lon="-121.80291">
        <ele>1485.24</ele>
        <time>2022-08-08T22:25:17Z</time>
      </trkpt>
      <trkpt lat="48.05824" lon="-121.80289">
        <ele>1486.96</ele>
        <time>2022-08-08T22:25:46Z</time>
      </trkpt>
      <trkpt lat="48.05825" lon="-121.80285">
        <ele>1488.58</ele>
        <time>2022-08-08T22:26:08Z</time>
      </trkpt>
      <trkpt lat="48.05822" lon="-121.80283">
        <ele>1490.09</ele>
        <time>2022-08-08T22:26:59Z</time>
      </trkpt>
      <trkpt lat="48.05821" lon="-121.80287">
        <ele>1488.68</ele>
        <time>2022-08-08T22:27:07Z</time>
      </trkpt>
      <trkpt lat="48.05818" lon="-121.80286">
        <ele>1489.69</ele>
        <time>2022-08-08T22:27:13Z</time>
      </trkpt>
      <trkpt lat="48.05816" lon="-121.80282">
        <ele>1491.45</ele>
        <time>2022-08-08T22:27:20Z</time>
      </trkpt>
      <trkpt lat="48.05813" lon="-121.8028">
        <ele>1492.43</ele>
        <time>2022-08-08T22:27:25Z</time>
      </trkpt>
      <trkpt lat="48.05811" lon="-121.80278">
        <ele>1493.33</ele>
        <time>2022-08-08T22:27:30Z</time>
      </trkpt>
      <trkpt lat="48.05808" lon="-121.80275">
        <ele>1494.64</ele>
        <time>2022-08-08T22:27:35Z</time>
      </trkpt>
      <trkpt lat="48.05806" lon="-121.80272">
        <ele>1495.82</ele>
        <time>2022-08-08T22:27:39Z</time>
      </trkpt>
      <trkpt lat="48.05805" lon="-121.80268">
        <ele>1497.17</ele>
        <time>2022-08-08T22:27:47Z</time>
      </trkpt>
      <trkpt lat="48.05804" lon="-121.80264">
        <ele>1498.55</ele>
        <time>2022-08-08T22:27:55Z</time>
      </trkpt>
      <trkpt lat="48.05803" lon="-121.8026">
        <ele>1500.01</ele>
        <time>2022-08-08T22:28:01Z</time>
      </trkpt>
      <trkpt lat="48.05804" lon="-121.80256">
        <ele>1501.22</ele>
        <time>2022-08-08T22:29:38Z</time>
      </trkpt>
      <trkpt lat="48.05802" lon="-121.80252">
        <ele>1502.74</ele>
        <time>2022-08-08T22:29:43Z</time>
      </trkpt>
      <trkpt lat="48.058" lon="-121.80249">
        <ele>1503.97</ele>
        <time>2022-08-08T22:29:48Z</time>
      </trkpt>
      <trkpt lat="48.05797" lon="-121.80247">
        <ele>1504.92</ele>
        <time>2022-08-08T22:29:55Z</time>
      </trkpt>
      <trkpt lat="48.05795" lon="-121.80245">
        <ele>1505.34</ele>
        <time>2022-08-08T22:29:59Z</time>
      </trkpt>
      <trkpt lat="48.05792" lon="-121.80244">
        <ele>1505.02</ele>
        <time>2022-08-08T22:30:04Z</time>
      </trkpt>
      <trkpt lat="48.05788" lon="-121.80242">
        <ele>1504.8</ele>
        <time>2022-08-08T22:30:08Z</time>
      </trkpt>
      <trkpt lat="48.05786" lon="-121.80238">
        <ele>1505.93</ele>
        <time>2022-08-08T22:30:13Z</time>
      </trkpt>
      <trkpt lat="48.05789" lon="-121.80238">
        <ele>1506.55</ele>
        <time>2022-08-08T22:30:47Z</time>
      </trkpt>
      <trkpt lat="48.05791" lon="-121.80236">
        <ele>1507.68</ele>
        <time>2022-08-08T22:30:55Z</time>
      </trkpt>
      <trkpt lat="48.05794" lon="-121.80236">
        <ele>1508.17</ele>
        <time>2022-08-08T22:31:01Z</time>
      </trkpt>
      <trkpt lat="48.05797" lon="-121.80237">
        <ele>1508.24</ele>
        <time>2022-08-08T22:31:10Z</time>
      </trkpt>
      <trkpt lat="48.058" lon="-121.80238">
        <ele>1508.01</ele>
        <time>2022-08-08T22:31:21Z</time>
      </trkpt>
      <trkpt lat="48.05803" lon="-121.80238">
        <ele>1508.1</ele>
        <time>2022-08-08T22:31:40Z</time>
      </trkpt>
      <trkpt lat="48.05805" lon="-121.80234">
        <ele>1509.87</ele>
        <time>2022-08-08T22:31:43Z</time>
      </trkpt>
      <trkpt lat="48.05807" lon="-121.8023">
        <ele>1511.8</ele>
        <time>2022-08-08T22:31:46Z</time>
      </trkpt>
      <trkpt lat="48.05809" lon="-121.80226">
        <ele>1513.96</ele>
        <time>2022-08-08T22:31:49Z</time>
      </trkpt>
      <trkpt lat="48.05812" lon="-121.80223">
        <ele>1515.58</ele>
        <time>2022-08-08T22:31:53Z</time>
      </trkpt>
      <trkpt lat="48.05814" lon="-121.80219">
        <ele>1518.06</ele>
        <time>2022-08-08T22:31:58Z</time>
      </trkpt>
      <trkpt lat="48.05813" lon="-121.80215">
        <ele>1520.53</ele>
        <time>2022-08-08T22:32:04Z</time>
      </trkpt>
      <trkpt lat="48.05811" lon="-121.80212">
        <ele>1522.11</ele>
        <time>2022-08-08T22:32:10Z</time>
      </trkpt>
      <trkpt lat="48.05809" lon="-121.80209">
        <ele>1523.51</ele>
        <time>2022-08-08T22:32:16Z</time>
      </trkpt>
      <trkpt lat="48.05808" lon="-121.80205">
        <ele>1525.56</ele>
        <time>2022-08-08T22:32:38Z</time>
      </trkpt>
      <trkpt lat="48.05806" lon="-121.80202">
        <ele>1526.79</ele>
        <time>2022-08-08T22:32:42Z</time>
      </trkpt>
      <trkpt lat="48.05804" lon="-121.80199">
        <ele>1527.27</ele>
        <time>2022-08-08T22:32:48Z</time>
      </trkpt>
      <trkpt lat="48.05803" lon="-121.80194">
        <ele>1528.76</ele>
        <time>2022-08-08T22:32:53Z</time>
      </trkpt>
      <trkpt lat="48.05801" lon="-121.80191">
        <ele>1528.66</ele>
        <time>2022-08-08T22:32:59Z</time>
      </trkpt>
      <trkpt lat="48.05799" lon="-121.80188">
        <ele>1528.55</ele>
        <time>2022-08-08T22:33:03Z</time>
      </trkpt>
      <trkpt lat="48.05797" lon="-121.80186">
        <ele>1528.12</ele>
        <time>2022-08-08T22:33:07Z</time>
      </trkpt>
      <trkpt lat="48.05794" lon="-121.80184">
        <ele>1527.46</ele>
        <time>2022-08-08T22:33:13Z</time>
      </trkpt>
      <trkpt lat="48.05792" lon="-121.80181">
        <ele>1527.53</ele>
        <time>2022-08-08T22:33:17Z</time>
      </trkpt>
      <trkpt lat="48.0579" lon="-121.80178">
        <ele>1527.33</ele>
        <time>2022-08-08T22:33:21Z</time>
      </trkpt>
      <trkpt lat="48.05789" lon="-121.80174">
        <ele>1528.06</ele>
        <time>2022-08-08T22:33:27Z</time>
      </trkpt>
      <trkpt lat="48.05787" lon="-121.80169">
        <ele>1528.97</ele>
        <time>2022-08-08T22:33:31Z</time>
      </trkpt>
      <trkpt lat="48.05786" lon="-121.80165">
        <ele>1529.98</ele>
        <time>2022-08-08T22:33:37Z</time>
      </trkpt>
      <trkpt lat="48.05785" lon="-121.80161">
        <ele>1530.74</ele>
        <time>2022-08-08T22:33:44Z</time>
      </trkpt>
      <trkpt lat="48.05785" lon="-121.80156">
        <ele>1532.47</ele>
        <time>2022-08-08T22:33:49Z</time>
      </trkpt>
      <trkpt lat="48.05785" lon="-121.80152">
        <ele>1534.11</ele>
        <time>2022-08-08T22:33:53Z</time>
      </trkpt>
      <trkpt lat="48.05785" lon="-121.80148">
        <ele>1535.74</ele>
        <time>2022-08-08T22:33:58Z</time>
      </trkpt>
      <trkpt lat="48.05784" lon="-121.80144">
        <ele>1536.68</ele>
        <time>2022-08-08T22:34:07Z</time>
      </trkpt>
      <trkpt lat="48.05785" lon="-121.8014">
        <ele>1539.01</ele>
        <time>2022-08-08T22:34:11Z</time>
      </trkpt>
      <trkpt lat="48.05784" lon="-121.80136">
        <ele>1539.95</ele>
        <time>2022-08-08T22:34:16Z</time>
      </trkpt>
      <trkpt lat="48.05784" lon="-121.80131">
        <ele>1542.11</ele>
        <time>2022-08-08T22:34:25Z</time>
      </trkpt>
      <trkpt lat="48.05784" lon="-121.80127">
        <ele>1543.65</ele>
        <time>2022-08-08T22:34:44Z</time>
      </trkpt>
      <trkpt lat="48.05784" lon="-121.80122">
        <ele>1545.45</ele>
        <time>2022-08-08T22:34:50Z</time>
      </trkpt>
      <trkpt lat="48.05783" lon="-121.80117">
        <ele>1546.48</ele>
        <time>2022-08-08T22:35:15Z</time>
      </trkpt>
      <trkpt lat="48.05783" lon="-121.80113">
        <ele>1547.77</ele>
        <time>2022-08-08T22:35:28Z</time>
      </trkpt>
      <trkpt lat="48.05782" lon="-121.80109">
        <ele>1548.09</ele>
        <time>2022-08-08T22:35:40Z</time>
      </trkpt>
      <trkpt lat="48.05781" lon="-121.80105">
        <ele>1548.18</ele>
        <time>2022-08-08T22:35:52Z</time>
      </trkpt>
      <trkpt lat="48.0578" lon="-121.80101">
        <ele>1548.36</ele>
        <time>2022-08-08T22:35:58Z</time>
      </trkpt>
      <trkpt lat="48.05779" lon="-121.80096">
        <ele>1548.84</ele>
        <time>2022-08-08T22:36:04Z</time>
      </trkpt>
      <trkpt lat="48.05777" lon="-121.80093">
        <ele>1548.41</ele>
        <time>2022-08-08T22:36:10Z</time>
      </trkpt>
      <trkpt lat="48.0578" lon="-121.80092">
        <ele>1550.04</ele>
        <time>2022-08-08T22:36:43Z</time>
      </trkpt>
      <trkpt lat="48.05777" lon="-121.80094">
        <ele>1548.19</ele>
        <time>2022-08-08T22:37:01Z</time>
      </trkpt>
      <trkpt lat="48.05777" lon="-121.80089">
        <ele>1548.92</ele>
        <time>2022-08-08T22:37:23Z</time>
      </trkpt>
      <trkpt lat="48.05775" lon="-121.80086">
        <ele>1548.13</ele>
        <time>2022-08-08T22:37:27Z</time>
      </trkpt>
      <trkpt lat="48.05773" lon="-121.80082">
        <ele>1547.71</ele>
        <time>2022-08-08T22:37:31Z</time>
      </trkpt>
      <trkpt lat="48.05772" lon="-121.80079">
        <ele>1547.82</ele>
        <time>2022-08-08T22:37:35Z</time>
      </trkpt>
      <trkpt lat="48.05771" lon="-121.80075">
        <ele>1548.14</ele>
        <time>2022-08-08T22:37:38Z</time>
      </trkpt>
      <trkpt lat="48.0577" lon="-121.80071">
        <ele>1548.13</ele>
        <time>2022-08-08T22:37:43Z</time>
      </trkpt>
      <trkpt lat="48.05769" lon="-121.80066">
        <ele>1548.13</ele>
        <time>2022-08-08T22:37:49Z</time>
      </trkpt>
      <trkpt lat="48.0577" lon="-121.80062">
        <ele>1549.41</ele>
        <time>2022-08-08T22:38:13Z</time>
      </trkpt>
      <trkpt lat="48.0577" lon="-121.80058">
        <ele>1550.27</ele>
        <time>2022-08-08T22:38:43Z</time>
      </trkpt>
      <trkpt lat="48.05769" lon="-121.80054">
        <ele>1550.43</ele>
        <time>2022-08-08T22:38:56Z</time>
      </trkpt>
      <trkpt lat="48.05767" lon="-121.80051">
        <ele>1549.59</ele>
        <time>2022-08-08T22:39:07Z</time>
      </trkpt>
      <trkpt lat="48.05766" lon="-121.80045">
        <ele>1549.92</ele>
        <time>2022-08-08T22:39:15Z</time>
      </trkpt>
      <trkpt lat="48.05765" lon="-121.80041">
        <ele>1550.24</ele>
        <time>2022-08-08T22:39:19Z</time>
      </trkpt>
      <trkpt lat="48.05763" lon="-121.80037">
        <ele>1550.03</ele>
        <time>2022-08-08T22:39:23Z</time>
      </trkpt>
      <trkpt lat="48.05761" lon="-121.80033">
        <ele>1549.81</ele>
        <time>2022-08-08T22:39:28Z</time>
      </trkpt>
      <trkpt lat="48.05761" lon="-121.80029">
        <ele>1550.68</ele>
        <time>2022-08-08T22:39:31Z</time>
      </trkpt>
      <trkpt lat="48.05762" lon="-121.80025">
        <ele>1551.99</ele>
        <time>2022-08-08T22:39:35Z</time>
      </trkpt>
      <trkpt lat="48.05763" lon="-121.80021">
        <ele>1553.19</ele>
        <time>2022-08-08T22:39:40Z</time>
      </trkpt>
      <trkpt lat="48.05763" lon="-121.80017">
        <ele>1553.94</ele>
        <time>2022-08-08T22:39:47Z</time>
      </trkpt>
      <trkpt lat="48.05761" lon="-121.80013">
        <ele>1553.94</ele>
        <time>2022-08-08T22:39:52Z</time>
      </trkpt>
      <trkpt lat="48.05761" lon="-121.80009">
        <ele>1554.79</ele>
        <time>2022-08-08T22:39:59Z</time>
      </trkpt>
      <trkpt lat="48.05761" lon="-121.80004">
        <ele>1555.43</ele>
        <time>2022-08-08T22:40:09Z</time>
      </trkpt>
      <trkpt lat="48.0576" lon="-121.8">
        <ele>1555.4</ele>
        <time>2022-08-08T22:40:14Z</time>
      </trkpt>
      <trkpt lat="48.05759" lon="-121.79995">
        <ele>1555.97</ele>
        <time>2022-08-08T22:40:19Z</time>
      </trkpt>
      <trkpt lat="48.05759" lon="-121.79991">
        <ele>1556.83</ele>
        <time>2022-08-08T22:40:23Z</time>
      </trkpt>
      <trkpt lat="48.05759" lon="-121.79987">
        <ele>1557.29</ele>
        <time>2022-08-08T22:40:26Z</time>
      </trkpt>
      <trkpt lat="48.05762" lon="-121.79986">
        <ele>1558.85</ele>
        <time>2022-08-08T22:40:41Z</time>
      </trkpt>
      <trkpt lat="48.05762" lon="-121.79981">
        <ele>1559.57</ele>
        <time>2022-08-08T22:40:49Z</time>
      </trkpt>
      <trkpt lat="48.05762" lon="-121.79977">
        <ele>1560.3</ele>
        <time>2022-08-08T22:40:55Z</time>
      </trkpt>
      <trkpt lat="48.0576" lon="-121.79974">
        <ele>1559.95</ele>
        <time>2022-08-08T22:40:59Z</time>
      </trkpt>
      <trkpt lat="48.05758" lon="-121.7997">
        <ele>1559.9</ele>
        <time>2022-08-08T22:41:03Z</time>
      </trkpt>
      <trkpt lat="48.05758" lon="-121.79965">
        <ele>1560.91</ele>
        <time>2022-08-08T22:41:25Z</time>
      </trkpt>
      <trkpt lat="48.05757" lon="-121.79961">
        <ele>1561.04</ele>
        <time>2022-08-08T22:41:30Z</time>
      </trkpt>
      <trkpt lat="48.05755" lon="-121.79957">
        <ele>1560.64</ele>
        <time>2022-08-08T22:41:35Z</time>
      </trkpt>
      <trkpt lat="48.05753" lon="-121.79955">
        <ele>1560.06</ele>
        <time>2022-08-08T22:41:39Z</time>
      </trkpt>
      <trkpt lat="48.05751" lon="-121.79951">
        <ele>1559.98</ele>
        <time>2022-08-08T22:41:43Z</time>
      </trkpt>
      <trkpt lat="48.05749" lon="-121.79948">
        <ele>1559.8</ele>
        <time>2022-08-08T22:41:48Z</time>
      </trkpt>
      <trkpt lat="48.05748" lon="-121.79943">
        <ele>1560.29</ele>
        <time>2022-08-08T22:41:53Z</time>
      </trkpt>
      <trkpt lat="48.05748" lon="-121.79938">
        <ele>1560.83</ele>
        <time>2022-08-08T22:41:58Z</time>
      </trkpt>
      <trkpt lat="48.05748" lon="-121.79933">
        <ele>1561.61</ele>
        <time>2022-08-08T22:42:03Z</time>
      </trkpt>
      <trkpt lat="48.05748" lon="-121.79929">
        <ele>1562.47</ele>
        <time>2022-08-08T22:42:07Z</time>
      </trkpt>
      <trkpt lat="48.05748" lon="-121.79924">
        <ele>1563.39</ele>
        <time>2022-08-08T22:42:12Z</time>
      </trkpt>
      <trkpt lat="48.05749" lon="-121.7992">
        <ele>1564.28</ele>
        <time>2022-08-08T22:42:17Z</time>
      </trkpt>
      <trkpt lat="48.05748" lon="-121.79914">
        <ele>1564.87</ele>
        <time>2022-08-08T22:42:21Z</time>
      </trkpt>
      <trkpt lat="48.05747" lon="-121.7991">
        <ele>1565.23</ele>
        <time>2022-08-08T22:42:24Z</time>
      </trkpt>
      <trkpt lat="48.05748" lon="-121.79905">
        <ele>1566.4</ele>
        <time>2022-08-08T22:42:30Z</time>
      </trkpt>
      <trkpt lat="48.05748" lon="-121.79901">
        <ele>1566.83</ele>
        <time>2022-08-08T22:42:34Z</time>
      </trkpt>
      <trkpt lat="48.05746" lon="-121.79898">
        <ele>1566.29</ele>
        <time>2022-08-08T22:42:42Z</time>
      </trkpt>
      <trkpt lat="48.05744" lon="-121.79894">
        <ele>1565.86</ele>
        <time>2022-08-08T22:42:48Z</time>
      </trkpt>
      <trkpt lat="48.05743" lon="-121.79889">
        <ele>1565.96</ele>
        <time>2022-08-08T22:42:52Z</time>
      </trkpt>
      <trkpt lat="48.05744" lon="-121.79885">
        <ele>1566.83</ele>
        <time>2022-08-08T22:42:55Z</time>
      </trkpt>
      <trkpt lat="48.05744" lon="-121.7988">
        <ele>1567.37</ele>
        <time>2022-08-08T22:43:00Z</time>
      </trkpt>
      <trkpt lat="48.05743" lon="-121.79876">
        <ele>1567.37</ele>
        <time>2022-08-08T22:43:06Z</time>
      </trkpt>
      <trkpt lat="48.05743" lon="-121.79872">
        <ele>1567.8</ele>
        <time>2022-08-08T22:43:13Z</time>
      </trkpt>
      <trkpt lat="48.05742" lon="-121.79867">
        <ele>1567.91</ele>
        <time>2022-08-08T22:43:20Z</time>
      </trkpt>
      <trkpt lat="48.05742" lon="-121.79862">
        <ele>1568.45</ele>
        <time>2022-08-08T22:43:24Z</time>
      </trkpt>
      <trkpt lat="48.05741" lon="-121.79857">
        <ele>1568.56</ele>
        <time>2022-08-08T22:43:28Z</time>
      </trkpt>
      <trkpt lat="48.0574" lon="-121.79853">
        <ele>1568.64</ele>
        <time>2022-08-08T22:43:32Z</time>
      </trkpt>
      <trkpt lat="48.05739" lon="-121.79848">
        <ele>1569.19</ele>
        <time>2022-08-08T22:43:37Z</time>
      </trkpt>
      <trkpt lat="48.05739" lon="-121.79843">
        <ele>1570.17</ele>
        <time>2022-08-08T22:43:41Z</time>
      </trkpt>
      <trkpt lat="48.0574" lon="-121.79839">
        <ele>1571.1</ele>
        <time>2022-08-08T22:43:46Z</time>
      </trkpt>
      <trkpt lat="48.05741" lon="-121.79834">
        <ele>1572.09</ele>
        <time>2022-08-08T22:43:51Z</time>
      </trkpt>
      <trkpt lat="48.05742" lon="-121.7983">
        <ele>1573.54</ele>
        <time>2022-08-08T22:43:57Z</time>
      </trkpt>
      <trkpt lat="48.0574" lon="-121.79827">
        <ele>1573.07</ele>
        <time>2022-08-08T22:44:02Z</time>
      </trkpt>
      <trkpt lat="48.05739" lon="-121.79823">
        <ele>1573.57</ele>
        <time>2022-08-08T22:44:39Z</time>
      </trkpt>
      <trkpt lat="48.05738" lon="-121.79819">
        <ele>1574.3</ele>
        <time>2022-08-08T22:44:44Z</time>
      </trkpt>
      <trkpt lat="48.05741" lon="-121.79818">
        <ele>1576.14</ele>
        <time>2022-08-08T22:44:52Z</time>
      </trkpt>
      <trkpt lat="48.05742" lon="-121.79822">
        <ele>1575.49</ele>
        <time>2022-08-08T22:44:55Z</time>
      </trkpt>
      <trkpt lat="48.05744" lon="-121.79827">
        <ele>1575.48</ele>
        <time>2022-08-08T22:44:59Z</time>
      </trkpt>
      <trkpt lat="48.05746" lon="-121.7983">
        <ele>1576.13</ele>
        <time>2022-08-08T22:45:04Z</time>
      </trkpt>
      <trkpt lat="48.05747" lon="-121.79826">
        <ele>1577.64</ele>
        <time>2022-08-08T22:45:13Z</time>
      </trkpt>
      <trkpt lat="48.05746" lon="-121.79821">
        <ele>1578.4</ele>
        <time>2022-08-08T22:45:19Z</time>
      </trkpt>
      <trkpt lat="48.05746" lon="-121.79817">
        <ele>1579.7</ele>
        <time>2022-08-08T22:45:24Z</time>
      </trkpt>
      <trkpt lat="48.05745" lon="-121.79813">
        <ele>1580.24</ele>
        <time>2022-08-08T22:45:28Z</time>
      </trkpt>
      <trkpt lat="48.05745" lon="-121.79808">
        <ele>1581.57</ele>
        <time>2022-08-08T22:45:33Z</time>
      </trkpt>
      <trkpt lat="48.05744" lon="-121.79804">
        <ele>1581.86</ele>
        <time>2022-08-08T22:45:41Z</time>
      </trkpt>
      <trkpt lat="48.05743" lon="-121.79799">
        <ele>1582.3</ele>
        <time>2022-08-08T22:45:54Z</time>
      </trkpt>
      <trkpt lat="48.05742" lon="-121.79794">
        <ele>1582.83</ele>
        <time>2022-08-08T22:45:59Z</time>
      </trkpt>
      <trkpt lat="48.05741" lon="-121.79789">
        <ele>1583.59</ele>
        <time>2022-08-08T22:46:02Z</time>
      </trkpt>
      <trkpt lat="48.0574" lon="-121.79785">
        <ele>1584.38</ele>
        <time>2022-08-08T22:46:09Z</time>
      </trkpt>
      <trkpt lat="48.05739" lon="-121.79781">
        <ele>1585.36</ele>
        <time>2022-08-08T22:46:16Z</time>
      </trkpt>
      <trkpt lat="48.05739" lon="-121.79777">
        <ele>1586.95</ele>
        <time>2022-08-08T22:46:48Z</time>
      </trkpt>
      <trkpt lat="48.05738" lon="-121.79773">
        <ele>1587.63</ele>
        <time>2022-08-08T22:46:53Z</time>
      </trkpt>
      <trkpt lat="48.05736" lon="-121.7977">
        <ele>1587.37</ele>
        <time>2022-08-08T22:47:05Z</time>
      </trkpt>
      <trkpt lat="48.05735" lon="-121.79765">
        <ele>1588.42</ele>
        <time>2022-08-08T22:47:11Z</time>
      </trkpt>
      <trkpt lat="48.05734" lon="-121.79761">
        <ele>1589.07</ele>
        <time>2022-08-08T22:47:18Z</time>
      </trkpt>
      <trkpt lat="48.05733" lon="-121.79757">
        <ele>1589.72</ele>
        <time>2022-08-08T22:47:24Z</time>
      </trkpt>
      <trkpt lat="48.05731" lon="-121.79754">
        <ele>1589.39</ele>
        <time>2022-08-08T22:47:29Z</time>
      </trkpt>
      <trkpt lat="48.0573" lon="-121.7975">
        <ele>1590.04</ele>
        <time>2022-08-08T22:47:34Z</time>
      </trkpt>
      <trkpt lat="48.05729" lon="-121.79746">
        <ele>1590.69</ele>
        <time>2022-08-08T22:47:41Z</time>
      </trkpt>
      <trkpt lat="48.05729" lon="-121.79742">
        <ele>1591.98</ele>
        <time>2022-08-08T22:47:47Z</time>
      </trkpt>
      <trkpt lat="48.05729" lon="-121.79737">
        <ele>1593.6</ele>
        <time>2022-08-08T22:47:54Z</time>
      </trkpt>
      <trkpt lat="48.05729" lon="-121.79732">
        <ele>1595.22</ele>
        <time>2022-08-08T22:48:02Z</time>
      </trkpt>
      <trkpt lat="48.05727" lon="-121.79729">
        <ele>1594.89</ele>
        <time>2022-08-08T22:48:07Z</time>
      </trkpt>
      <trkpt lat="48.05727" lon="-121.79725">
        <ele>1596.17</ele>
        <time>2022-08-08T22:48:14Z</time>
      </trkpt>
      <trkpt lat="48.05726" lon="-121.79721">
        <ele>1596.9</ele>
        <time>2022-08-08T22:48:19Z</time>
      </trkpt>
      <trkpt lat="48.05725" lon="-121.79716">
        <ele>1597.54</ele>
        <time>2022-08-08T22:48:23Z</time>
      </trkpt>
      <trkpt lat="48.05728" lon="-121.79716">
        <ele>1598.84</ele>
        <time>2022-08-08T22:48:34Z</time>
      </trkpt>
      <trkpt lat="48.05731" lon="-121.79718">
        <ele>1599.7</ele>
        <time>2022-08-08T22:48:40Z</time>
      </trkpt>
      <trkpt lat="48.05734" lon="-121.79719">
        <ele>1601.06</ele>
        <time>2022-08-08T22:48:45Z</time>
      </trkpt>
      <trkpt lat="48.05736" lon="-121.79722">
        <ele>1601.49</ele>
        <time>2022-08-08T22:48:48Z</time>
      </trkpt>
      <trkpt lat="48.05738" lon="-121.79725">
        <ele>1601.92</ele>
        <time>2022-08-08T22:48:51Z</time>
      </trkpt>
      <trkpt lat="48.0574" lon="-121.79727">
        <ele>1602.57</ele>
        <time>2022-08-08T22:49:00Z</time>
      </trkpt>
      <trkpt lat="48.05742" lon="-121.79723">
        <ele>1604.38</ele>
        <time>2022-08-08T22:49:29Z</time>
      </trkpt>
      <trkpt lat="48.0574" lon="-121.79719">
        <ele>1604.3</ele>
        <time>2022-08-08T22:49:33Z</time>
      </trkpt>
      <trkpt lat="48.05738" lon="-121.79715">
        <ele>1604.08</ele>
        <time>2022-08-08T22:49:36Z</time>
      </trkpt>
      <trkpt lat="48.05737" lon="-121.79711">
        <ele>1604.28</ele>
        <time>2022-08-08T22:49:39Z</time>
      </trkpt>
      <trkpt lat="48.05739" lon="-121.79708">
        <ele>1605.7</ele>
        <time>2022-08-08T22:50:05Z</time>
      </trkpt>
      <trkpt lat="48.05742" lon="-121.7971">
        <ele>1606.86</ele>
        <time>2022-08-08T22:50:43Z</time>
      </trkpt>
      <trkpt lat="48.05745" lon="-121.7971">
        <ele>1608.16</ele>
        <time>2022-08-08T22:50:47Z</time>
      </trkpt>
      <trkpt lat="48.05747" lon="-121.79712">
        <ele>1608.81</ele>
        <time>2022-08-08T22:50:52Z</time>
      </trkpt>
      <trkpt lat="48.0575" lon="-121.79715">
        <ele>1609.56</ele>
        <time>2022-08-08T22:50:56Z</time>
      </trkpt>
      <trkpt lat="48.05752" lon="-121.79717">
        <ele>1609.65</ele>
        <time>2022-08-08T22:51:00Z</time>
      </trkpt>
      <trkpt lat="48.05755" lon="-121.79719">
        <ele>1610.13</ele>
        <time>2022-08-08T22:51:06Z</time>
      </trkpt>
      <trkpt lat="48.05758" lon="-121.79722">
        <ele>1610.62</ele>
        <time>2022-08-08T22:51:10Z</time>
      </trkpt>
      <trkpt lat="48.05761" lon="-121.79724">
        <ele>1611.37</ele>
        <time>2022-08-08T22:51:14Z</time>
      </trkpt>
      <trkpt lat="48.05763" lon="-121.79726">
        <ele>1611.8</ele>
        <time>2022-08-08T22:51:18Z</time>
      </trkpt>
      <trkpt lat="48.05765" lon="-121.7973">
        <ele>1612.02</ele>
        <time>2022-08-08T22:51:26Z</time>
      </trkpt>
      <trkpt lat="48.05765" lon="-121.79734">
        <ele>1611.76</ele>
        <time>2022-08-08T22:51:32Z</time>
      </trkpt>
      <trkpt lat="48.05767" lon="-121.79738">
        <ele>1612.39</ele>
        <time>2022-08-08T22:51:38Z</time>
      </trkpt>
      <trkpt lat="48.05768" lon="-121.79742">
        <ele>1612.5</ele>
        <time>2022-08-08T22:51:44Z</time>
      </trkpt>
      <trkpt lat="48.05769" lon="-121.79747">
        <ele>1611.87</ele>
        <time>2022-08-08T22:51:49Z</time>
      </trkpt>
      <trkpt lat="48.05771" lon="-121.7975">
        <ele>1612.34</ele>
        <time>2022-08-08T22:51:54Z</time>
      </trkpt>
      <trkpt lat="48.05774" lon="-121.79753">
        <ele>1613.64</ele>
        <time>2022-08-08T22:51:59Z</time>
      </trkpt>
      <trkpt lat="48.05776" lon="-121.79756">
        <ele>1614.39</ele>
        <time>2022-08-08T22:52:06Z</time>
      </trkpt>
      <trkpt lat="48.05778" lon="-121.79759">
        <ele>1615.1</ele>
        <time>2022-08-08T22:52:13Z</time>
      </trkpt>
      <trkpt lat="48.0578" lon="-121.79761">
        <ele>1615.62</ele>
        <time>2022-08-08T22:52:20Z</time>
      </trkpt>
      <trkpt lat="48.05782" lon="-121.79765">
        <ele>1616.31</ele>
        <time>2022-08-08T22:52:31Z</time>
      </trkpt>
      <trkpt lat="48.05783" lon="-121.79769">
        <ele>1616.82</ele>
        <time>2022-08-08T22:52:50Z</time>
      </trkpt>
      <trkpt lat="48.05785" lon="-121.79772">
        <ele>1617.9</ele>
        <time>2022-08-08T22:53:03Z</time>
      </trkpt>
      <trkpt lat="48.05788" lon="-121.7977">
        <ele>1619.27</ele>
        <time>2022-08-08T22:53:16Z</time>
      </trkpt>
      <trkpt lat="48.0579" lon="-121.79771">
        <ele>1619.98</ele>
        <time>2022-08-08T22:53:33Z</time>
      </trkpt>
      <trkpt lat="48.05793" lon="-121.79772">
        <ele>1621.26</ele>
        <time>2022-08-08T22:54:06Z</time>
      </trkpt>
      <trkpt lat="48.05792" lon="-121.79776">
        <ele>1621.8</ele>
        <time>2022-08-08T22:54:25Z</time>
      </trkpt>
      <trkpt lat="48.05794" lon="-121.7978">
        <ele>1623.33</ele>
        <time>2022-08-08T22:54:32Z</time>
      </trkpt>
      <trkpt lat="48.05796" lon="-121.79781">
        <ele>1624.47</ele>
        <time>2022-08-08T22:54:45Z</time>
      </trkpt>
      <trkpt lat="48.05794" lon="-121.79781">
        <ele>1623.25</ele>
        <time>2022-08-08T22:54:56Z</time>
      </trkpt>
      <trkpt lat="48.05793" lon="-121.79786">
        <ele>1622.29</ele>
        <time>2022-08-08T22:55:05Z</time>
      </trkpt>
      <trkpt lat="48.05793" lon="-121.79782">
        <ele>1622.57</ele>
        <time>2022-08-08T22:55:41Z</time>
      </trkpt>
      <trkpt lat="48.05791" lon="-121.79777">
        <ele>1621.42</ele>
        <time>2022-08-08T23:03:56Z</time>
      </trkpt>
      <trkpt lat="48.05794" lon="-121.79779">
        <ele>1623.41</ele>
        <time>2022-08-08T23:04:26Z</time>
      </trkpt>
      <trkpt lat="48.05794" lon="-121.79784">
        <ele>1623.01</ele>
        <time>2022-08-08T23:11:44Z</time>
      </trkpt>
      <trkpt lat="48.05794" lon="-121.79788">
        <ele>1622.66</ele>
        <time>2022-08-08T23:12:08Z</time>
      </trkpt>
      <trkpt lat="48.05796" lon="-121.79785">
        <ele>1624.05</ele>
        <time>2022-08-08T23:12:46Z</time>
      </trkpt>
      <trkpt lat="48.05793" lon="-121.79786">
        <ele>1622.29</ele>
        <time>2022-08-08T23:13:36Z</time>
      </trkpt>
      <trkpt lat="48.0579" lon="-121.79786">
        <ele>1620.64</ele>
        <time>2022-08-08T23:13:38Z</time>
      </trkpt>
      <trkpt lat="48.05793" lon="-121.79785">
        <ele>1622.36</ele>
        <time>2022-08-08T23:14:03Z</time>
      </trkpt>
      <trkpt lat="48.05792" lon="-121.79781">
        <ele>1622.03</ele>
        <time>2022-08-08T23:15:01Z</time>
      </trkpt>
      <trkpt lat="48.05793" lon="-121.79785">
        <ele>1622.36</ele>
        <time>2022-08-08T23:15:17Z</time>
      </trkpt>
      <trkpt lat="48.05795" lon="-121.79788">
        <ele>1623.2</ele>
        <time>2022-08-08T23:15:31Z</time>
      </trkpt>
      <trkpt lat="48.05795" lon="-121.79792">
        <ele>1622.76</ele>
        <time>2022-08-08T23:23:09Z</time>
      </trkpt>
      <trkpt lat="48.05797" lon="-121.79791">
        <ele>1623.5</ele>
        <time>2022-08-08T23:25:49Z</time>
      </trkpt>
      <trkpt lat="48.05793" lon="-121.79779">
        <ele>1622.78</ele>
        <time>2022-08-08T23:26:13Z</time>
      </trkpt>
      <trkpt lat="48.05801" lon="-121.79779">
        <ele>1622.6</ele>
        <time>2022-08-08T23:26:16Z</time>
      </trkpt>
      <trkpt lat="48.05795" lon="-121.79782">
        <ele>1623.77</ele>
        <time>2022-08-08T23:26:18Z</time>
      </trkpt>
      <trkpt lat="48.05797" lon="-121.79783">
        <ele>1624.23</ele>
        <time>2022-08-08T23:26:32Z</time>
      </trkpt>
      <trkpt lat="48.05796" lon="-121.79779">
        <ele>1624.68</ele>
        <time>2022-08-08T23:27:20Z</time>
      </trkpt>
      <trkpt lat="48.05793" lon="-121.7978">
        <ele>1622.71</ele>
        <time>2022-08-08T23:28:17Z</time>
      </trkpt>
      <trkpt lat="48.05794" lon="-121.79785">
        <ele>1622.93</ele>
        <time>2022-08-08T23:29:29Z</time>
      </trkpt>
      <trkpt lat="48.05795" lon="-121.79781">
        <ele>1623.86</ele>
        <time>2022-08-08T23:29:48Z</time>
      </trkpt>
      <trkpt lat="48.05794" lon="-121.79777">
        <ele>1623.26</ele>
        <time>2022-08-08T23:30:40Z</time>
      </trkpt>
      <trkpt lat="48.05796" lon="-121.79779">
        <ele>1624.68</ele>
        <time>2022-08-08T23:31:06Z</time>
      </trkpt>
      <trkpt lat="48.05799" lon="-121.7978">
        <ele>1623.58</ele>
        <time>2022-08-08T23:31:10Z</time>
      </trkpt>
      <trkpt lat="48.05796" lon="-121.7978">
        <ele>1624.58</ele>
        <time>2022-08-08T23:31:22Z</time>
      </trkpt>
      <trkpt lat="48.05799" lon="-121.79782">
        <ele>1623.62</ele>
        <time>2022-08-08T23:31:59Z</time>
      </trkpt>
      <trkpt lat="48.05796" lon="-121.79781">
        <ele>1624.47</ele>
        <time>2022-08-08T23:32:52Z</time>
      </trkpt>
      <trkpt lat="48.05797" lon="-121.79785">
        <ele>1624.08</ele>
        <time>2022-08-08T23:33:14Z</time>
      </trkpt>
      <trkpt lat="48.05797" lon="-121.79789">
        <ele>1623.71</ele>
        <time>2022-08-08T23:33:35Z</time>
      </trkpt>
      <trkpt lat="48.05799" lon="-121.79791">
        <ele>1623.28</ele>
        <time>2022-08-08T23:33:47Z</time>
      </trkpt>
      <trkpt lat="48.058" lon="-121.79795">
        <ele>1622.74</ele>
        <time>2022-08-08T23:35:26Z</time>
      </trkpt>
      <trkpt lat="48.05799" lon="-121.79792">
        <ele>1623.17</ele>
        <time>2022-08-08T23:35:46Z</time>
      </trkpt>
      <trkpt lat="48.05796" lon="-121.79793">
        <ele>1623.2</ele>
        <time>2022-08-08T23:37:35Z</time>
      </trkpt>
      <trkpt lat="48.05794" lon="-121.79791">
        <ele>1622.33</ele>
        <time>2022-08-08T23:38:08Z</time>
      </trkpt>
      <trkpt lat="48.05796" lon="-121.79788">
        <ele>1623.74</ele>
        <time>2022-08-08T23:38:55Z</time>
      </trkpt>
      <trkpt lat="48.05795" lon="-121.79783">
        <ele>1623.67</ele>
        <time>2022-08-08T23:39:54Z</time>
      </trkpt>
      <trkpt lat="48.05793" lon="-121.79781">
        <ele>1622.64</ele>
        <time>2022-08-08T23:40:01Z</time>
      </trkpt>
      <trkpt lat="48.05791" lon="-121.79777">
        <ele>1621.42</ele>
        <time>2022-08-08T23:40:20Z</time>
      </trkpt>
      <trkpt lat="48.05792" lon="-121.79781">
        <ele>1622.03</ele>
        <time>2022-08-08T23:41:01Z</time>
      </trkpt>
      <trkpt lat="48.05794" lon="-121.79784">
        <ele>1623.01</ele>
        <time>2022-08-08T23:44:16Z</time>
      </trkpt>
      <trkpt lat="48.05792" lon="-121.79787">
        <ele>1621.68</ele>
        <time>2022-08-08T23:46:22Z</time>
      </trkpt>
      <trkpt lat="48.05794" lon="-121.79784">
        <ele>1623.01</ele>
        <time>2022-08-08T23:48:41Z</time>
      </trkpt>
      <trkpt lat="48.05794" lon="-121.79788">
        <ele>1622.66</ele>
        <time>2022-08-08T23:50:13Z</time>
      </trkpt>
      <trkpt lat="48.05795" lon="-121.79784">
        <ele>1623.58</ele>
        <time>2022-08-08T23:52:01Z</time>
      </trkpt>
      <trkpt lat="48.05794" lon="-121.7978">
        <ele>1623.33</ele>
        <time>2022-08-08T23:53:28Z</time>
      </trkpt>
      <trkpt lat="48.05796" lon="-121.79783">
        <ele>1624.26</ele>
        <time>2022-08-08T23:54:35Z</time>
      </trkpt>
      <trkpt lat="48.05794" lon="-121.7978">
        <ele>1623.33</ele>
        <time>2022-08-08T23:55:28Z</time>
      </trkpt>
      <trkpt lat="48.05795" lon="-121.79776">
        <ele>1623.5</ele>
        <time>2022-08-08T23:55:56Z</time>
      </trkpt>
      <trkpt lat="48.05793" lon="-121.79773">
        <ele>1621.53</ele>
        <time>2022-08-08T23:56:45Z</time>
      </trkpt>
      <trkpt lat="48.05792" lon="-121.79769">
        <ele>1620.18</ele>
        <time>2022-08-08T23:57:03Z</time>
      </trkpt>
      <trkpt lat="48.0579" lon="-121.79767">
        <ele>1619.11</ele>
        <time>2022-08-08T23:57:21Z</time>
      </trkpt>
      <trkpt lat="48.05787" lon="-121.79767">
        <ele>1618.82</ele>
        <time>2022-08-08T23:58:05Z</time>
      </trkpt>
      <trkpt lat="48.05784" lon="-121.79767">
        <ele>1617.3</ele>
        <time>2022-08-08T23:58:27Z</time>
      </trkpt>
      <trkpt lat="48.05782" lon="-121.79764">
        <ele>1616.32</ele>
        <time>2022-08-08T23:58:50Z</time>
      </trkpt>
      <trkpt lat="48.05781" lon="-121.7976">
        <ele>1616.02</ele>
        <time>2022-08-08T23:59:00Z</time>
      </trkpt>
      <trkpt lat="48.05779" lon="-121.79757">
        <ele>1615.51</ele>
        <time>2022-08-08T23:59:13Z</time>
      </trkpt>
      <trkpt lat="48.05778" lon="-121.79754">
        <ele>1615.59</ele>
        <time>2022-08-09T00:00:04Z</time>
      </trkpt>
      <trkpt lat="48.05775" lon="-121.79751">
        <ele>1614.39</ele>
        <time>2022-08-09T00:00:37Z</time>
      </trkpt>
      <trkpt lat="48.05773" lon="-121.79749">
        <ele>1613.53</ele>
        <time>2022-08-09T00:00:53Z</time>
      </trkpt>
      <trkpt lat="48.05771" lon="-121.79745">
        <ele>1613.13</ele>
        <time>2022-08-09T00:00:58Z</time>
      </trkpt>
      <trkpt lat="48.05768" lon="-121.79743">
        <ele>1612.29</ele>
        <time>2022-08-09T00:01:03Z</time>
      </trkpt>
      <trkpt lat="48.05766" lon="-121.7974">
        <ele>1611.93</ele>
        <time>2022-08-09T00:01:07Z</time>
      </trkpt>
      <trkpt lat="48.05763" lon="-121.79736">
        <ele>1610.92</ele>
        <time>2022-08-09T00:01:11Z</time>
      </trkpt>
      <trkpt lat="48.05761" lon="-121.79734">
        <ele>1610.34</ele>
        <time>2022-08-09T00:01:14Z</time>
      </trkpt>
      <trkpt lat="48.05758" lon="-121.79731">
        <ele>1609.52</ele>
        <time>2022-08-09T00:01:19Z</time>
      </trkpt>
      <trkpt lat="48.05756" lon="-121.79728">
        <ele>1609.1</ele>
        <time>2022-08-09T00:08:29Z</time>
      </trkpt>
      <trkpt lat="48.05754" lon="-121.79731">
        <ele>1607.81</ele>
        <time>2022-08-09T00:08:40Z</time>
      </trkpt>
      <trkpt lat="48.05751" lon="-121.79731">
        <ele>1606.53</ele>
        <time>2022-08-09T00:08:49Z</time>
      </trkpt>
      <trkpt lat="48.05749" lon="-121.79728">
        <ele>1606.32</ele>
        <time>2022-08-09T00:08:53Z</time>
      </trkpt>
      <trkpt lat="48.05747" lon="-121.79727">
        <ele>1605.67</ele>
        <time>2022-08-09T00:08:58Z</time>
      </trkpt>
      <trkpt lat="48.05744" lon="-121.79727">
        <ele>1604.38</ele>
        <time>2022-08-09T00:09:05Z</time>
      </trkpt>
      <trkpt lat="48.05741" lon="-121.79725">
        <ele>1603.51</ele>
        <time>2022-08-09T00:09:10Z</time>
      </trkpt>
      <trkpt lat="48.05739" lon="-121.79722">
        <ele>1603.11</ele>
        <time>2022-08-09T00:09:15Z</time>
      </trkpt>
      <trkpt lat="48.05736" lon="-121.7972">
        <ele>1601.92</ele>
        <time>2022-08-09T00:09:23Z</time>
      </trkpt>
      <trkpt lat="48.05733" lon="-121.79718">
        <ele>1600.73</ele>
        <time>2022-08-09T00:09:28Z</time>
      </trkpt>
      <trkpt lat="48.0573" lon="-121.79717">
        <ele>1599.49</ele>
        <time>2022-08-09T00:09:34Z</time>
      </trkpt>
      <trkpt lat="48.05728" lon="-121.79715">
        <ele>1599.06</ele>
        <time>2022-08-09T00:09:41Z</time>
      </trkpt>
      <trkpt lat="48.05728" lon="-121.7972">
        <ele>1597.98</ele>
        <time>2022-08-09T00:09:55Z</time>
      </trkpt>
      <trkpt lat="48.05729" lon="-121.79725">
        <ele>1597.17</ele>
        <time>2022-08-09T00:10:00Z</time>
      </trkpt>
      <trkpt lat="48.0573" lon="-121.79729">
        <ele>1596.66</ele>
        <time>2022-08-09T00:10:04Z</time>
      </trkpt>
      <trkpt lat="48.0573" lon="-121.79733">
        <ele>1595.55</ele>
        <time>2022-08-09T00:10:12Z</time>
      </trkpt>
      <trkpt lat="48.0573" lon="-121.79737">
        <ele>1594.25</ele>
        <time>2022-08-09T00:10:20Z</time>
      </trkpt>
      <trkpt lat="48.05731" lon="-121.79741">
        <ele>1593.6</ele>
        <time>2022-08-09T00:10:26Z</time>
      </trkpt>
      <trkpt lat="48.05732" lon="-121.79746">
        <ele>1592.63</ele>
        <time>2022-08-09T00:10:31Z</time>
      </trkpt>
      <trkpt lat="48.05732" lon="-121.7975">
        <ele>1591.34</ele>
        <time>2022-08-09T00:10:35Z</time>
      </trkpt>
      <trkpt lat="48.05733" lon="-121.79754">
        <ele>1590.69</ele>
        <time>2022-08-09T00:10:42Z</time>
      </trkpt>
      <trkpt lat="48.05734" lon="-121.79758">
        <ele>1590.04</ele>
        <time>2022-08-09T00:10:50Z</time>
      </trkpt>
      <trkpt lat="48.05736" lon="-121.79762">
        <ele>1590.04</ele>
        <time>2022-08-09T00:10:54Z</time>
      </trkpt>
      <trkpt lat="48.05738" lon="-121.79765">
        <ele>1590.36</ele>
        <time>2022-08-09T00:10:59Z</time>
      </trkpt>
      <trkpt lat="48.05739" lon="-121.7977">
        <ele>1589.36</ele>
        <time>2022-08-09T00:11:03Z</time>
      </trkpt>
      <trkpt lat="48.0574" lon="-121.79774">
        <ele>1588.7</ele>
        <time>2022-08-09T00:11:07Z</time>
      </trkpt>
      <trkpt lat="48.05741" lon="-121.79778">
        <ele>1588.1</ele>
        <time>2022-08-09T00:11:11Z</time>
      </trkpt>
      <trkpt lat="48.05742" lon="-121.79782">
        <ele>1587.19</ele>
        <time>2022-08-09T00:11:16Z</time>
      </trkpt>
      <trkpt lat="48.05743" lon="-121.79786">
        <ele>1586.37</ele>
        <time>2022-08-09T00:11:20Z</time>
      </trkpt>
      <trkpt lat="48.05744" lon="-121.79791">
        <ele>1585.53</ele>
        <time>2022-08-09T00:11:24Z</time>
      </trkpt>
      <trkpt lat="48.05745" lon="-121.79795">
        <ele>1585.1</ele>
        <time>2022-08-09T00:11:27Z</time>
      </trkpt>
      <trkpt lat="48.05745" lon="-121.79799">
        <ele>1583.96</ele>
        <time>2022-08-09T00:11:31Z</time>
      </trkpt>
      <trkpt lat="48.05746" lon="-121.79804">
        <ele>1583.41</ele>
        <time>2022-08-09T00:11:36Z</time>
      </trkpt>
      <trkpt lat="48.05747" lon="-121.79809">
        <ele>1582.74</ele>
        <time>2022-08-09T00:11:41Z</time>
      </trkpt>
      <trkpt lat="48.05747" lon="-121.79813">
        <ele>1581.58</ele>
        <time>2022-08-09T00:12:04Z</time>
      </trkpt>
      <trkpt lat="48.05748" lon="-121.79818">
        <ele>1580.67</ele>
        <time>2022-08-09T00:12:08Z</time>
      </trkpt>
      <trkpt lat="48.05749" lon="-121.79822">
        <ele>1580.02</ele>
        <time>2022-08-09T00:12:13Z</time>
      </trkpt>
      <trkpt lat="48.0575" lon="-121.79827">
        <ele>1579.37</ele>
        <time>2022-08-09T00:12:17Z</time>
      </trkpt>
      <trkpt lat="48.05746" lon="-121.79827">
        <ele>1576.78</ele>
        <time>2022-08-09T00:12:29Z</time>
      </trkpt>
      <trkpt lat="48.05745" lon="-121.79824">
        <ele>1576.78</ele>
        <time>2022-08-09T00:12:35Z</time>
      </trkpt>
      <trkpt lat="48.05743" lon="-121.7982">
        <ele>1576.78</ele>
        <time>2022-08-09T00:12:41Z</time>
      </trkpt>
      <trkpt lat="48.0574" lon="-121.79816">
        <ele>1576.23</ele>
        <time>2022-08-09T00:12:46Z</time>
      </trkpt>
      <trkpt lat="48.05739" lon="-121.7982">
        <ele>1574.49</ele>
        <time>2022-08-09T00:12:53Z</time>
      </trkpt>
      <trkpt lat="48.0574" lon="-121.79825">
        <ele>1573.49</ele>
        <time>2022-08-09T00:12:56Z</time>
      </trkpt>
      <trkpt lat="48.05741" lon="-121.79829">
        <ele>1573.1</ele>
        <time>2022-08-09T00:13:00Z</time>
      </trkpt>
      <trkpt lat="48.05741" lon="-121.79834">
        <ele>1572.09</ele>
        <time>2022-08-09T00:13:06Z</time>
      </trkpt>
      <trkpt lat="48.05741" lon="-121.79839">
        <ele>1571.52</ele>
        <time>2022-08-09T00:13:11Z</time>
      </trkpt>
      <trkpt lat="48.0574" lon="-121.79844">
        <ele>1570.39</ele>
        <time>2022-08-09T00:13:17Z</time>
      </trkpt>
      <trkpt lat="48.05741" lon="-121.79848">
        <ele>1569.94</ele>
        <time>2022-08-09T00:13:22Z</time>
      </trkpt>
      <trkpt lat="48.05742" lon="-121.79853">
        <ele>1569.42</ele>
        <time>2022-08-09T00:13:26Z</time>
      </trkpt>
      <trkpt lat="48.05743" lon="-121.79857">
        <ele>1569.42</ele>
        <time>2022-08-09T00:13:30Z</time>
      </trkpt>
      <trkpt lat="48.05743" lon="-121.79862">
        <ele>1568.88</ele>
        <time>2022-08-09T00:13:33Z</time>
      </trkpt>
      <trkpt lat="48.05744" lon="-121.79867">
        <ele>1568.77</ele>
        <time>2022-08-09T00:13:37Z</time>
      </trkpt>
      <trkpt lat="48.05744" lon="-121.79871">
        <ele>1568.34</ele>
        <time>2022-08-09T00:13:47Z</time>
      </trkpt>
      <trkpt lat="48.05744" lon="-121.79876">
        <ele>1567.8</ele>
        <time>2022-08-09T00:13:53Z</time>
      </trkpt>
      <trkpt lat="48.05745" lon="-121.79881">
        <ele>1567.69</ele>
        <time>2022-08-09T00:13:59Z</time>
      </trkpt>
      <trkpt lat="48.05746" lon="-121.79885">
        <ele>1567.69</ele>
        <time>2022-08-09T00:14:05Z</time>
      </trkpt>
      <trkpt lat="48.05746" lon="-121.7989">
        <ele>1567.15</ele>
        <time>2022-08-09T00:14:11Z</time>
      </trkpt>
      <trkpt lat="48.05746" lon="-121.79894">
        <ele>1566.72</ele>
        <time>2022-08-09T00:14:18Z</time>
      </trkpt>
      <trkpt lat="48.05748" lon="-121.79898">
        <ele>1567.15</ele>
        <time>2022-08-09T00:14:23Z</time>
      </trkpt>
      <trkpt lat="48.0575" lon="-121.79902">
        <ele>1567.58</ele>
        <time>2022-08-09T00:14:29Z</time>
      </trkpt>
      <trkpt lat="48.0575" lon="-121.79906">
        <ele>1567.15</ele>
        <time>2022-08-09T00:14:35Z</time>
      </trkpt>
      <trkpt lat="48.0575" lon="-121.79911">
        <ele>1566.22</ele>
        <time>2022-08-09T00:14:40Z</time>
      </trkpt>
      <trkpt lat="48.0575" lon="-121.79915">
        <ele>1565.36</ele>
        <time>2022-08-09T00:14:44Z</time>
      </trkpt>
      <trkpt lat="48.0575" lon="-121.7992">
        <ele>1564.64</ele>
        <time>2022-08-09T00:14:48Z</time>
      </trkpt>
      <trkpt lat="48.05749" lon="-121.79924">
        <ele>1563.8</ele>
        <time>2022-08-09T00:14:52Z</time>
      </trkpt>
      <trkpt lat="48.05749" lon="-121.79928">
        <ele>1563.12</ele>
        <time>2022-08-09T00:14:56Z</time>
      </trkpt>
      <trkpt lat="48.05749" lon="-121.79934">
        <ele>1561.82</ele>
        <time>2022-08-09T00:15:01Z</time>
      </trkpt>
      <trkpt lat="48.0575" lon="-121.79938">
        <ele>1561.7</ele>
        <time>2022-08-09T00:15:06Z</time>
      </trkpt>
      <trkpt lat="48.0575" lon="-121.79942">
        <ele>1561.26</ele>
        <time>2022-08-09T00:15:10Z</time>
      </trkpt>
      <trkpt lat="48.05752" lon="-121.79946">
        <ele>1561.35</ele>
        <time>2022-08-09T00:15:15Z</time>
      </trkpt>
      <trkpt lat="48.05754" lon="-121.7995">
        <ele>1561.36</ele>
        <time>2022-08-09T00:15:20Z</time>
      </trkpt>
      <trkpt lat="48.05756" lon="-121.79953">
        <ele>1561.69</ele>
        <time>2022-08-09T00:15:24Z</time>
      </trkpt>
      <trkpt lat="48.05758" lon="-121.79958">
        <ele>1561.93</ele>
        <time>2022-08-09T00:15:29Z</time>
      </trkpt>
      <trkpt lat="48.0576" lon="-121.7996">
        <ele>1562.59</ele>
        <time>2022-08-09T00:15:45Z</time>
      </trkpt>
      <trkpt lat="48.05761" lon="-121.79964">
        <ele>1562.36</ele>
        <time>2022-08-09T00:15:52Z</time>
      </trkpt>
      <trkpt lat="48.05761" lon="-121.79969">
        <ele>1561.38</ele>
        <time>2022-08-09T00:15:59Z</time>
      </trkpt>
      <trkpt lat="48.05761" lon="-121.79973">
        <ele>1560.6</ele>
        <time>2022-08-09T00:16:06Z</time>
      </trkpt>
      <trkpt lat="48.05762" lon="-121.79977">
        <ele>1560.3</ele>
        <time>2022-08-09T00:16:11Z</time>
      </trkpt>
      <trkpt lat="48.05763" lon="-121.79982">
        <ele>1559.94</ele>
        <time>2022-08-09T00:16:18Z</time>
      </trkpt>
      <trkpt lat="48.05763" lon="-121.79986">
        <ele>1559.33</ele>
        <time>2022-08-09T00:16:24Z</time>
      </trkpt>
      <trkpt lat="48.05762" lon="-121.7999">
        <ele>1558.29</ele>
        <time>2022-08-09T00:16:31Z</time>
      </trkpt>
      <trkpt lat="48.05762" lon="-121.79995">
        <ele>1557.4</ele>
        <time>2022-08-09T00:16:37Z</time>
      </trkpt>
      <trkpt lat="48.05762" lon="-121.79999">
        <ele>1556.66</ele>
        <time>2022-08-09T00:16:41Z</time>
      </trkpt>
      <trkpt lat="48.05763" lon="-121.80003">
        <ele>1556.57</ele>
        <time>2022-08-09T00:16:46Z</time>
      </trkpt>
      <trkpt lat="48.05763" lon="-121.80007">
        <ele>1555.96</ele>
        <time>2022-08-09T00:16:51Z</time>
      </trkpt>
      <trkpt lat="48.05763" lon="-121.80011">
        <ele>1555.24</ele>
        <time>2022-08-09T00:16:58Z</time>
      </trkpt>
      <trkpt lat="48.05763" lon="-121.80016">
        <ele>1554.16</ele>
        <time>2022-08-09T00:17:03Z</time>
      </trkpt>
      <trkpt lat="48.05765" lon="-121.80019">
        <ele>1554.41</ele>
        <time>2022-08-09T00:17:10Z</time>
      </trkpt>
      <trkpt lat="48.05766" lon="-121.80023">
        <ele>1554.3</ele>
        <time>2022-08-09T00:17:16Z</time>
      </trkpt>
      <trkpt lat="48.05765" lon="-121.80027">
        <ele>1553.22</ele>
        <time>2022-08-09T00:17:20Z</time>
      </trkpt>
      <trkpt lat="48.05765" lon="-121.80032">
        <ele>1552.19</ele>
        <time>2022-08-09T00:17:24Z</time>
      </trkpt>
      <trkpt lat="48.05765" lon="-121.80037">
        <ele>1551.11</ele>
        <time>2022-08-09T00:17:27Z</time>
      </trkpt>
      <trkpt lat="48.05767" lon="-121.80041">
        <ele>1551.32</ele>
        <time>2022-08-09T00:17:30Z</time>
      </trkpt>
      <trkpt lat="48.05768" lon="-121.80046">
        <ele>1550.78</ele>
        <time>2022-08-09T00:17:33Z</time>
      </trkpt>
      <trkpt lat="48.05768" lon="-121.80051">
        <ele>1550.18</ele>
        <time>2022-08-09T00:17:36Z</time>
      </trkpt>
      <trkpt lat="48.05769" lon="-121.80055">
        <ele>1550.32</ele>
        <time>2022-08-09T00:17:40Z</time>
      </trkpt>
      <trkpt lat="48.0577" lon="-121.80059">
        <ele>1550.06</ele>
        <time>2022-08-09T00:17:48Z</time>
      </trkpt>
      <trkpt lat="48.05771" lon="-121.80063">
        <ele>1549.73</ele>
        <time>2022-08-09T00:18:00Z</time>
      </trkpt>
      <trkpt lat="48.05769" lon="-121.80062">
        <ele>1548.87</ele>
        <time>2022-08-09T00:18:22Z</time>
      </trkpt>
      <trkpt lat="48.05769" lon="-121.80066">
        <ele>1548.13</ele>
        <time>2022-08-09T00:18:32Z</time>
      </trkpt>
      <trkpt lat="48.0577" lon="-121.8007">
        <ele>1548.24</ele>
        <time>2022-08-09T00:18:54Z</time>
      </trkpt>
      <trkpt lat="48.05772" lon="-121.80074">
        <ele>1548.89</ele>
        <time>2022-08-09T00:19:00Z</time>
      </trkpt>
      <trkpt lat="48.05773" lon="-121.80078">
        <ele>1548.57</ele>
        <time>2022-08-09T00:19:03Z</time>
      </trkpt>
      <trkpt lat="48.05774" lon="-121.80082">
        <ele>1548.25</ele>
        <time>2022-08-09T00:19:06Z</time>
      </trkpt>
      <trkpt lat="48.05776" lon="-121.80086">
        <ele>1548.7</ele>
        <time>2022-08-09T00:19:10Z</time>
      </trkpt>
      <trkpt lat="48.05778" lon="-121.80089">
        <ele>1549.49</ele>
        <time>2022-08-09T00:19:14Z</time>
      </trkpt>
      <trkpt lat="48.05779" lon="-121.80094">
        <ele>1549.24</ele>
        <time>2022-08-09T00:19:18Z</time>
      </trkpt>
      <trkpt lat="48.0578" lon="-121.80099">
        <ele>1548.74</ele>
        <time>2022-08-09T00:19:22Z</time>
      </trkpt>
      <trkpt lat="48.05781" lon="-121.80103">
        <ele>1548.54</ele>
        <time>2022-08-09T00:19:26Z</time>
      </trkpt>
      <trkpt lat="48.05782" lon="-121.80109">
        <ele>1548.09</ele>
        <time>2022-08-09T00:19:30Z</time>
      </trkpt>
      <trkpt lat="48.05783" lon="-121.80113">
        <ele>1547.77</ele>
        <time>2022-08-09T00:19:34Z</time>
      </trkpt>
      <trkpt lat="48.05784" lon="-121.80118">
        <ele>1546.8</ele>
        <time>2022-08-09T00:19:39Z</time>
      </trkpt>
      <trkpt lat="48.05784" lon="-121.80123">
        <ele>1545.09</ele>
        <time>2022-08-09T00:19:45Z</time>
      </trkpt>
      <trkpt lat="48.05784" lon="-121.80127">
        <ele>1543.65</ele>
        <time>2022-08-09T00:19:52Z</time>
      </trkpt>
      <trkpt lat="48.05783" lon="-121.80131">
        <ele>1541.36</ele>
        <time>2022-08-09T00:20:00Z</time>
      </trkpt>
      <trkpt lat="48.05784" lon="-121.80135">
        <ele>1540.38</ele>
        <time>2022-08-09T00:20:09Z</time>
      </trkpt>
      <trkpt lat="48.05785" lon="-121.8014">
        <ele>1539.01</ele>
        <time>2022-08-09T00:20:13Z</time>
      </trkpt>
      <trkpt lat="48.05784" lon="-121.80144">
        <ele>1536.68</ele>
        <time>2022-08-09T00:20:16Z</time>
      </trkpt>
      <trkpt lat="48.05785" lon="-121.80149">
        <ele>1535.33</ele>
        <time>2022-08-09T00:20:20Z</time>
      </trkpt>
      <trkpt lat="48.05785" lon="-121.80153">
        <ele>1533.7</ele>
        <time>2022-08-09T00:20:24Z</time>
      </trkpt>
      <trkpt lat="48.05786" lon="-121.80158">
        <ele>1532.25</ele>
        <time>2022-08-09T00:20:29Z</time>
      </trkpt>
      <trkpt lat="48.05786" lon="-121.80162">
        <ele>1530.95</ele>
        <time>2022-08-09T00:20:35Z</time>
      </trkpt>
      <trkpt lat="48.05786" lon="-121.80166">
        <ele>1529.66</ele>
        <time>2022-08-09T00:20:42Z</time>
      </trkpt>
      <trkpt lat="48.05787" lon="-121.80171">
        <ele>1528.11</ele>
        <time>2022-08-09T00:20:47Z</time>
      </trkpt>
      <trkpt lat="48.05789" lon="-121.80174">
        <ele>1528.06</ele>
        <time>2022-08-09T00:20:53Z</time>
      </trkpt>
      <trkpt lat="48.0579" lon="-121.80178">
        <ele>1527.33</ele>
        <time>2022-08-09T00:21:00Z</time>
      </trkpt>
      <trkpt lat="48.05792" lon="-121.80181">
        <ele>1527.53</ele>
        <time>2022-08-09T00:21:05Z</time>
      </trkpt>
      <trkpt lat="48.05794" lon="-121.80185">
        <ele>1527.08</ele>
        <time>2022-08-09T00:21:10Z</time>
      </trkpt>
      <trkpt lat="48.05796" lon="-121.80187">
        <ele>1527.28</ele>
        <time>2022-08-09T00:21:15Z</time>
      </trkpt>
      <trkpt lat="48.05799" lon="-121.80188">
        <ele>1528.55</ele>
        <time>2022-08-09T00:21:19Z</time>
      </trkpt>
      <trkpt lat="48.05801" lon="-121.80192">
        <ele>1528.33</ele>
        <time>2022-08-09T00:21:24Z</time>
      </trkpt>
      <trkpt lat="48.05802" lon="-121.80196">
        <ele>1527.47</ele>
        <time>2022-08-09T00:21:29Z</time>
      </trkpt>
      <trkpt lat="48.05803" lon="-121.802">
        <ele>1526.39</ele>
        <time>2022-08-09T00:21:40Z</time>
      </trkpt>
      <trkpt lat="48.05805" lon="-121.80202">
        <ele>1526.48</ele>
        <time>2022-08-09T00:21:58Z</time>
      </trkpt>
      <trkpt lat="48.05807" lon="-121.80206">
        <ele>1524.92</ele>
        <time>2022-08-09T00:22:04Z</time>
      </trkpt>
      <trkpt lat="48.05809" lon="-121.80209">
        <ele>1523.51</ele>
        <time>2022-08-09T00:22:10Z</time>
      </trkpt>
      <trkpt lat="48.05812" lon="-121.80212">
        <ele>1522.22</ele>
        <time>2022-08-09T00:22:17Z</time>
      </trkpt>
      <trkpt lat="48.05812" lon="-121.80216">
        <ele>1519.83</ele>
        <time>2022-08-09T00:22:24Z</time>
      </trkpt>
      <trkpt lat="48.05811" lon="-121.8022">
        <ele>1517.34</ele>
        <time>2022-08-09T00:22:30Z</time>
      </trkpt>
      <trkpt lat="48.05809" lon="-121.80223">
        <ele>1515.58</ele>
        <time>2022-08-09T00:22:37Z</time>
      </trkpt>
      <trkpt lat="48.05807" lon="-121.80225">
        <ele>1514.5</ele>
        <time>2022-08-09T00:22:41Z</time>
      </trkpt>
      <trkpt lat="48.05804" lon="-121.80226">
        <ele>1513.69</ele>
        <time>2022-08-09T00:22:46Z</time>
      </trkpt>
      <trkpt lat="48.05801" lon="-121.80227">
        <ele>1512.69</ele>
        <time>2022-08-09T00:22:53Z</time>
      </trkpt>
      <trkpt lat="48.05799" lon="-121.8023">
        <ele>1510.98</ele>
        <time>2022-08-09T00:22:59Z</time>
      </trkpt>
      <trkpt lat="48.05796" lon="-121.80232">
        <ele>1509.8</ele>
        <time>2022-08-09T00:23:06Z</time>
      </trkpt>
      <trkpt lat="48.05793" lon="-121.80233">
        <ele>1509.09</ele>
        <time>2022-08-09T00:23:12Z</time>
      </trkpt>
      <trkpt lat="48.0579" lon="-121.80234">
        <ele>1508.32</ele>
        <time>2022-08-09T00:23:19Z</time>
      </trkpt>
      <trkpt lat="48.05788" lon="-121.80236">
        <ele>1507.2</ele>
        <time>2022-08-09T00:23:26Z</time>
      </trkpt>
      <trkpt lat="48.05787" lon="-121.8024">
        <ele>1505.31</ele>
        <time>2022-08-09T00:23:34Z</time>
      </trkpt>
      <trkpt lat="48.0579" lon="-121.80243">
        <ele>1504.91</ele>
        <time>2022-08-09T00:23:38Z</time>
      </trkpt>
      <trkpt lat="48.05793" lon="-121.80245">
        <ele>1504.91</ele>
        <time>2022-08-09T00:23:42Z</time>
      </trkpt>
      <trkpt lat="48.05795" lon="-121.80245">
        <ele>1505.34</ele>
        <time>2022-08-09T00:24:19Z</time>
      </trkpt>
      <trkpt lat="48.05798" lon="-121.80243">
        <ele>1506.22</ele>
        <time>2022-08-09T00:24:36Z</time>
      </trkpt>
      <trkpt lat="48.058" lon="-121.80246">
        <ele>1505.07</ele>
        <time>2022-08-09T00:24:43Z</time>
      </trkpt>
      <trkpt lat="48.05801" lon="-121.80251">
        <ele>1503.17</ele>
        <time>2022-08-09T00:24:50Z</time>
      </trkpt>
      <trkpt lat="48.05802" lon="-121.80255">
        <ele>1501.76</ele>
        <time>2022-08-09T00:24:57Z</time>
      </trkpt>
      <trkpt lat="48.05802" lon="-121.80259">
        <ele>1500.47</ele>
        <time>2022-08-09T00:25:21Z</time>
      </trkpt>
      <trkpt lat="48.05803" lon="-121.80263">
        <ele>1498.95</ele>
        <time>2022-08-09T00:25:29Z</time>
      </trkpt>
      <trkpt lat="48.05804" lon="-121.80267">
        <ele>1497.52</ele>
        <time>2022-08-09T00:25:39Z</time>
      </trkpt>
      <trkpt lat="48.05806" lon="-121.80271">
        <ele>1496.15</ele>
        <time>2022-08-09T00:25:45Z</time>
      </trkpt>
      <trkpt lat="48.05808" lon="-121.80274">
        <ele>1494.96</ele>
        <time>2022-08-09T00:25:49Z</time>
      </trkpt>
      <trkpt lat="48.0581" lon="-121.80277">
        <ele>1493.77</ele>
        <time>2022-08-09T00:25:52Z</time>
      </trkpt>
      <trkpt lat="48.05813" lon="-121.80279">
        <ele>1492.77</ele>
        <time>2022-08-09T00:25:56Z</time>
      </trkpt>
      <trkpt lat="48.05816" lon="-121.8028">
        <ele>1492.12</ele>
        <time>2022-08-09T00:26:00Z</time>
      </trkpt>
      <trkpt lat="48.05819" lon="-121.80282">
        <ele>1490.97</ele>
        <time>2022-08-09T00:26:05Z</time>
      </trkpt>
      <trkpt lat="48.05821" lon="-121.80283">
        <ele>1490.26</ele>
        <time>2022-08-09T00:26:11Z</time>
      </trkpt>
      <trkpt lat="48.05824" lon="-121.80284">
        <ele>1489.33</ele>
        <time>2022-08-09T00:26:17Z</time>
      </trkpt>
      <trkpt lat="48.05827" lon="-121.80283">
        <ele>1488.8</ele>
        <time>2022-08-09T00:26:22Z</time>
      </trkpt>
      <trkpt lat="48.0583" lon="-121.80281">
        <ele>1488.69</ele>
        <time>2022-08-09T00:26:28Z</time>
      </trkpt>
      <trkpt lat="48.05831" lon="-121.80285">
        <ele>1486.64</ele>
        <time>2022-08-09T00:26:40Z</time>
      </trkpt>
      <trkpt lat="48.0583" lon="-121.80289">
        <ele>1485.02</ele>
        <time>2022-08-09T00:26:45Z</time>
      </trkpt>
      <trkpt lat="48.05828" lon="-121.80292">
        <ele>1484.05</ele>
        <time>2022-08-09T00:26:52Z</time>
      </trkpt>
      <trkpt lat="48.05826" lon="-121.80296">
        <ele>1482.54</ele>
        <time>2022-08-09T00:27:01Z</time>
      </trkpt>
      <trkpt lat="48.05824" lon="-121.80299">
        <ele>1481.56</ele>
        <time>2022-08-09T00:27:06Z</time>
      </trkpt>
      <trkpt lat="48.05821" lon="-121.80302">
        <ele>1480.71</ele>
        <time>2022-08-09T00:27:10Z</time>
      </trkpt>
      <trkpt lat="48.05819" lon="-121.80305">
        <ele>1479.43</ele>
        <time>2022-08-09T00:27:17Z</time>
      </trkpt>
      <trkpt lat="48.05819" lon="-121.80309">
        <ele>1477.61</ele>
        <time>2022-08-09T00:27:22Z</time>
      </trkpt>
      <trkpt lat="48.05819" lon="-121.80305">
        <ele>1479.43</ele>
        <time>2022-08-09T00:28:11Z</time>
      </trkpt>
      <trkpt lat="48.05822" lon="-121.80305">
        <ele>1478.76</ele>
        <time>2022-08-09T00:28:16Z</time>
      </trkpt>
      <trkpt lat="48.05825" lon="-121.80306">
        <ele>1477.61</ele>
        <time>2022-08-09T00:28:19Z</time>
      </trkpt>
      <trkpt lat="48.05828" lon="-121.80304">
        <ele>1477.92</ele>
        <time>2022-08-09T00:28:24Z</time>
      </trkpt>
      <trkpt lat="48.0583" lon="-121.80301">
        <ele>1478.87</ele>
        <time>2022-08-09T00:28:35Z</time>
      </trkpt>
      <trkpt lat="48.05833" lon="-121.803">
        <ele>1478.49</ele>
        <time>2022-08-09T00:28:43Z</time>
      </trkpt>
      <trkpt lat="48.05835" lon="-121.80298">
        <ele>1478.58</ele>
        <time>2022-08-09T00:28:51Z</time>
      </trkpt>
      <trkpt lat="48.05839" lon="-121.80299">
        <ele>1476.56</ele>
        <time>2022-08-09T00:28:55Z</time>
      </trkpt>
      <trkpt lat="48.05842" lon="-121.80297">
        <ele>1476.02</ele>
        <time>2022-08-09T00:29:01Z</time>
      </trkpt>
      <trkpt lat="48.05844" lon="-121.80296">
        <ele>1475.36</ele>
        <time>2022-08-09T00:29:06Z</time>
      </trkpt>
      <trkpt lat="48.05848" lon="-121.80296">
        <ele>1473.19</ele>
        <time>2022-08-09T00:29:11Z</time>
      </trkpt>
      <trkpt lat="48.05851" lon="-121.80295">
        <ele>1471.89</ele>
        <time>2022-08-09T00:29:19Z</time>
      </trkpt>
      <trkpt lat="48.05854" lon="-121.80294">
        <ele>1470.7</ele>
        <time>2022-08-09T00:29:27Z</time>
      </trkpt>
      <trkpt lat="48.05856" lon="-121.80294">
        <ele>1469.73</ele>
        <time>2022-08-09T00:29:33Z</time>
      </trkpt>
      <trkpt lat="48.05859" lon="-121.80294">
        <ele>1468.27</ele>
        <time>2022-08-09T00:29:38Z</time>
      </trkpt>
      <trkpt lat="48.05861" lon="-121.80297">
        <ele>1465.83</ele>
        <time>2022-08-09T00:29:54Z</time>
      </trkpt>
      <trkpt lat="48.0586" lon="-121.80301">
        <ele>1465.08</ele>
        <time>2022-08-09T00:30:04Z</time>
      </trkpt>
      <trkpt lat="48.05861" lon="-121.80305">
        <ele>1463.24</ele>
        <time>2022-08-09T00:30:26Z</time>
      </trkpt>
      <trkpt lat="48.05864" lon="-121.80306">
        <ele>1462.48</ele>
        <time>2022-08-09T00:30:33Z</time>
      </trkpt>
      <trkpt lat="48.05866" lon="-121.80305">
        <ele>1462.72</ele>
        <time>2022-08-09T00:30:38Z</time>
      </trkpt>
      <trkpt lat="48.05868" lon="-121.80302">
        <ele>1463.98</ele>
        <time>2022-08-09T00:30:42Z</time>
      </trkpt>
      <trkpt lat="48.0587" lon="-121.80298">
        <ele>1466.05</ele>
        <time>2022-08-09T00:30:50Z</time>
      </trkpt>
      <trkpt lat="48.05873" lon="-121.80299">
        <ele>1466.11</ele>
        <time>2022-08-09T00:31:19Z</time>
      </trkpt>
      <trkpt lat="48.05875" lon="-121.80296">
        <ele>1468.19</ele>
        <time>2022-08-09T00:32:06Z</time>
      </trkpt>
      <trkpt lat="48.05879" lon="-121.80297">
        <ele>1468.48</ele>
        <time>2022-08-09T00:32:10Z</time>
      </trkpt>
      <trkpt lat="48.05882" lon="-121.80296">
        <ele>1469.18</ele>
        <time>2022-08-09T00:32:17Z</time>
      </trkpt>
      <trkpt lat="48.05885" lon="-121.80295">
        <ele>1469.76</ele>
        <time>2022-08-09T00:32:22Z</time>
      </trkpt>
      <trkpt lat="48.05887" lon="-121.80293">
        <ele>1470.85</ele>
        <time>2022-08-09T00:32:29Z</time>
      </trkpt>
      <trkpt lat="48.0589" lon="-121.80294">
        <ele>1470.12</ele>
        <time>2022-08-09T00:32:47Z</time>
      </trkpt>
      <trkpt lat="48.05893" lon="-121.80292">
        <ele>1470.88</ele>
        <time>2022-08-09T00:32:54Z</time>
      </trkpt>
      <trkpt lat="48.05896" lon="-121.80291">
        <ele>1471.09</ele>
        <time>2022-08-09T00:32:59Z</time>
      </trkpt>
      <trkpt lat="48.05898" lon="-121.80292">
        <ele>1470.34</ele>
        <time>2022-08-09T00:33:06Z</time>
      </trkpt>
      <trkpt lat="48.05901" lon="-121.80292">
        <ele>1469.7</ele>
        <time>2022-08-09T00:33:12Z</time>
      </trkpt>
      <trkpt lat="48.05904" lon="-121.80293">
        <ele>1468.52</ele>
        <time>2022-08-09T00:33:20Z</time>
      </trkpt>
      <trkpt lat="48.05907" lon="-121.80293">
        <ele>1467.87</ele>
        <time>2022-08-09T00:33:27Z</time>
      </trkpt>
      <trkpt lat="48.0591" lon="-121.80291">
        <ele>1466.34</ele>
        <time>2022-08-09T00:33:36Z</time>
      </trkpt>
      <trkpt lat="48.05912" lon="-121.80292">
        <ele>1463.86</ele>
        <time>2022-08-09T00:33:40Z</time>
      </trkpt>
      <trkpt lat="48.05911" lon="-121.80296">
        <ele>1462.67</ele>
        <time>2022-08-09T00:33:57Z</time>
      </trkpt>
      <trkpt lat="48.05908" lon="-121.80298">
        <ele>1464.53</ele>
        <time>2022-08-09T00:34:08Z</time>
      </trkpt>
      <trkpt lat="48.05906" lon="-121.803">
        <ele>1464.3</ele>
        <time>2022-08-09T00:34:14Z</time>
      </trkpt>
      <trkpt lat="48.05905" lon="-121.80304">
        <ele>1462.36</ele>
        <time>2022-08-09T00:34:19Z</time>
      </trkpt>
      <trkpt lat="48.05908" lon="-121.80303">
        <ele>1461.9</ele>
        <time>2022-08-09T00:34:27Z</time>
      </trkpt>
      <trkpt lat="48.05911" lon="-121.80301">
        <ele>1460.36</ele>
        <time>2022-08-09T00:34:33Z</time>
      </trkpt>
      <trkpt lat="48.05913" lon="-121.803">
        <ele>1459.05</ele>
        <time>2022-08-09T00:34:38Z</time>
      </trkpt>
      <trkpt lat="48.05917" lon="-121.803">
        <ele>1455.6</ele>
        <time>2022-08-09T00:34:42Z</time>
      </trkpt>
      <trkpt lat="48.0592" lon="-121.803">
        <ele>1453.78</ele>
        <time>2022-08-09T00:34:46Z</time>
      </trkpt>
      <trkpt lat="48.05922" lon="-121.80297">
        <ele>1453.36</ele>
        <time>2022-08-09T00:34:56Z</time>
      </trkpt>
      <trkpt lat="48.05925" lon="-121.80294">
        <ele>1452.84</ele>
        <time>2022-08-09T00:35:00Z</time>
      </trkpt>
      <trkpt lat="48.05928" lon="-121.80293">
        <ele>1452.7</ele>
        <time>2022-08-09T00:35:04Z</time>
      </trkpt>
      <trkpt lat="48.0593" lon="-121.80291">
        <ele>1453.61</ele>
        <time>2022-08-09T00:35:09Z</time>
      </trkpt>
      <trkpt lat="48.05933" lon="-121.8029">
        <ele>1453.88</ele>
        <time>2022-08-09T00:35:16Z</time>
      </trkpt>
      <trkpt lat="48.05935" lon="-121.80292">
        <ele>1452.87</ele>
        <time>2022-08-09T00:35:25Z</time>
      </trkpt>
      <trkpt lat="48.05933" lon="-121.80294">
        <ele>1452.05</ele>
        <time>2022-08-09T00:35:35Z</time>
      </trkpt>
      <trkpt lat="48.05933" lon="-121.80299">
        <ele>1449.97</ele>
        <time>2022-08-09T00:35:40Z</time>
      </trkpt>
      <trkpt lat="48.05935" lon="-121.80303">
        <ele>1448.13</ele>
        <time>2022-08-09T00:35:45Z</time>
      </trkpt>
      <trkpt lat="48.05936" lon="-121.80307">
        <ele>1446.29</ele>
        <time>2022-08-09T00:35:54Z</time>
      </trkpt>
      <trkpt lat="48.05937" lon="-121.80311">
        <ele>1444.45</ele>
        <time>2022-08-09T00:35:59Z</time>
      </trkpt>
      <trkpt lat="48.05938" lon="-121.80316">
        <ele>1442.35</ele>
        <time>2022-08-09T00:36:06Z</time>
      </trkpt>
      <trkpt lat="48.05939" lon="-121.80319">
        <ele>1441.42</ele>
        <time>2022-08-09T00:36:12Z</time>
      </trkpt>
      <trkpt lat="48.05942" lon="-121.80321">
        <ele>1440.75</ele>
        <time>2022-08-09T00:36:19Z</time>
      </trkpt>
      <trkpt lat="48.05945" lon="-121.80322">
        <ele>1440.43</ele>
        <time>2022-08-09T00:36:24Z</time>
      </trkpt>
      <trkpt lat="48.05947" lon="-121.80325">
        <ele>1439.7</ele>
        <time>2022-08-09T00:36:34Z</time>
      </trkpt>
      <trkpt lat="48.05948" lon="-121.80329">
        <ele>1438.4</ele>
        <time>2022-08-09T00:36:40Z</time>
      </trkpt>
      <trkpt lat="48.0595" lon="-121.80332">
        <ele>1437.43</ele>
        <time>2022-08-09T00:36:47Z</time>
      </trkpt>
      <trkpt lat="48.05953" lon="-121.80335">
        <ele>1436.46</ele>
        <time>2022-08-09T00:36:56Z</time>
      </trkpt>
      <trkpt lat="48.05954" lon="-121.80339">
        <ele>1435.11</ele>
        <time>2022-08-09T00:37:01Z</time>
      </trkpt>
      <trkpt lat="48.05955" lon="-121.80335">
        <ele>1436.09</ele>
        <time>2022-08-09T00:38:13Z</time>
      </trkpt>
      <trkpt lat="48.05956" lon="-121.80331">
        <ele>1436.89</ele>
        <time>2022-08-09T00:38:22Z</time>
      </trkpt>
      <trkpt lat="48.05956" lon="-121.80327">
        <ele>1437.97</ele>
        <time>2022-08-09T00:42:06Z</time>
      </trkpt>
      <trkpt lat="48.05959" lon="-121.80326">
        <ele>1436.75</ele>
        <time>2022-08-09T00:42:23Z</time>
      </trkpt>
      <trkpt lat="48.05961" lon="-121.80322">
        <ele>1436.28</ele>
        <time>2022-08-09T00:42:28Z</time>
      </trkpt>
      <trkpt lat="48.05961" lon="-121.80317">
        <ele>1436.82</ele>
        <time>2022-08-09T00:42:34Z</time>
      </trkpt>
      <trkpt lat="48.05962" lon="-121.80313">
        <ele>1436.72</ele>
        <time>2022-08-09T00:42:38Z</time>
      </trkpt>
      <trkpt lat="48.05964" lon="-121.80311">
        <ele>1435.74</ele>
        <time>2022-08-09T00:42:43Z</time>
      </trkpt>
      <trkpt lat="48.05966" lon="-121.80308">
        <ele>1434.77</ele>
        <time>2022-08-09T00:42:47Z</time>
      </trkpt>
      <trkpt lat="48.05967" lon="-121.80303">
        <ele>1434.5</ele>
        <time>2022-08-09T00:42:52Z</time>
      </trkpt>
      <trkpt lat="48.05966" lon="-121.80299">
        <ele>1435.26</ele>
        <time>2022-08-09T00:42:58Z</time>
      </trkpt>
      <trkpt lat="48.05967" lon="-121.80295">
        <ele>1434.9</ele>
        <time>2022-08-09T00:43:04Z</time>
      </trkpt>
      <trkpt lat="48.0597" lon="-121.80292">
        <ele>1433.31</ele>
        <time>2022-08-09T00:43:10Z</time>
      </trkpt>
      <trkpt lat="48.05972" lon="-121.8029">
        <ele>1432.14</ele>
        <time>2022-08-09T00:43:18Z</time>
      </trkpt>
      <trkpt lat="48.05973" lon="-121.80287">
        <ele>1431.58</ele>
        <time>2022-08-09T00:43:26Z</time>
      </trkpt>
      <trkpt lat="48.05976" lon="-121.80285">
        <ele>1430.18</ele>
        <time>2022-08-09T00:43:34Z</time>
      </trkpt>
      <trkpt lat="48.05978" lon="-121.80287">
        <ele>1428.88</ele>
        <time>2022-08-09T00:43:38Z</time>
      </trkpt>
      <trkpt lat="48.0598" lon="-121.80291">
        <ele>1427.44</ele>
        <time>2022-08-09T00:43:43Z</time>
      </trkpt>
      <trkpt lat="48.0598" lon="-121.80296">
        <ele>1426.99</ele>
        <time>2022-08-09T00:43:48Z</time>
      </trkpt>
      <trkpt lat="48.05982" lon="-121.80299">
        <ele>1425.66</ele>
        <time>2022-08-09T00:43:53Z</time>
      </trkpt>
      <trkpt lat="48.05984" lon="-121.80302">
        <ele>1424.37</ele>
        <time>2022-08-09T00:43:58Z</time>
      </trkpt>
      <trkpt lat="48.05986" lon="-121.80305">
        <ele>1423.07</ele>
        <time>2022-08-09T00:44:05Z</time>
      </trkpt>
      <trkpt lat="48.05988" lon="-121.80308">
        <ele>1421.7</ele>
        <time>2022-08-09T00:44:11Z</time>
      </trkpt>
      <trkpt lat="48.0599" lon="-121.80311">
        <ele>1420.43</ele>
        <time>2022-08-09T00:44:16Z</time>
      </trkpt>
      <trkpt lat="48.05993" lon="-121.80313">
        <ele>1418.54</ele>
        <time>2022-08-09T00:44:20Z</time>
      </trkpt>
      <trkpt lat="48.05995" lon="-121.80316">
        <ele>1417.3</ele>
        <time>2022-08-09T00:44:25Z</time>
      </trkpt>
      <trkpt lat="48.05995" lon="-121.8032">
        <ele>1417.5</ele>
        <time>2022-08-09T00:44:32Z</time>
      </trkpt>
      <trkpt lat="48.05995" lon="-121.80324">
        <ele>1417.7</ele>
        <time>2022-08-09T00:44:36Z</time>
      </trkpt>
      <trkpt lat="48.05995" lon="-121.80329">
        <ele>1417.7</ele>
        <time>2022-08-09T00:45:08Z</time>
      </trkpt>
      <trkpt lat="48.05994" lon="-121.80334">
        <ele>1418.24</ele>
        <time>2022-08-09T00:45:12Z</time>
      </trkpt>
      <trkpt lat="48.05993" lon="-121.80338">
        <ele>1418.78</ele>
        <time>2022-08-09T00:45:16Z</time>
      </trkpt>
      <trkpt lat="48.05992" lon="-121.80342">
        <ele>1419.32</ele>
        <time>2022-08-09T00:45:20Z</time>
      </trkpt>
      <trkpt lat="48.05992" lon="-121.80347">
        <ele>1419.32</ele>
        <time>2022-08-09T00:45:24Z</time>
      </trkpt>
      <trkpt lat="48.05993" lon="-121.8035">
        <ele>1418.78</ele>
        <time>2022-08-09T00:45:30Z</time>
      </trkpt>
      <trkpt lat="48.05993" lon="-121.80355">
        <ele>1418.78</ele>
        <time>2022-08-09T00:45:45Z</time>
      </trkpt>
      <trkpt lat="48.05994" lon="-121.80359">
        <ele>1418.24</ele>
        <time>2022-08-09T00:45:55Z</time>
      </trkpt>
      <trkpt lat="48.05996" lon="-121.80361">
        <ele>1417.16</ele>
        <time>2022-08-09T00:46:03Z</time>
      </trkpt>
      <trkpt lat="48.05997" lon="-121.80365">
        <ele>1416.9</ele>
        <time>2022-08-09T00:46:09Z</time>
      </trkpt>
      <trkpt lat="48.05998" lon="-121.80369">
        <ele>1416.75</ele>
        <time>2022-08-09T00:46:14Z</time>
      </trkpt>
      <trkpt lat="48.06" lon="-121.80372">
        <ele>1416.0</ele>
        <time>2022-08-09T00:46:19Z</time>
      </trkpt>
      <trkpt lat="48.06001" lon="-121.80376">
        <ele>1415.53</ele>
        <time>2022-08-09T00:46:23Z</time>
      </trkpt>
      <trkpt lat="48.06001" lon="-121.8038">
        <ele>1415.61</ele>
        <time>2022-08-09T00:46:27Z</time>
      </trkpt>
      <trkpt lat="48.06002" lon="-121.80384">
        <ele>1415.61</ele>
        <time>2022-08-09T00:46:33Z</time>
      </trkpt>
      <trkpt lat="48.06004" lon="-121.80388">
        <ele>1415.18</ele>
        <time>2022-08-09T00:46:39Z</time>
      </trkpt>
      <trkpt lat="48.06005" lon="-121.80391">
        <ele>1414.96</ele>
        <time>2022-08-09T00:46:44Z</time>
      </trkpt>
      <trkpt lat="48.06008" lon="-121.80394">
        <ele>1414.02</ele>
        <time>2022-08-09T00:46:49Z</time>
      </trkpt>
      <trkpt lat="48.0601" lon="-121.80395">
        <ele>1413.34</ele>
        <time>2022-08-09T00:46:54Z</time>
      </trkpt>
      <trkpt lat="48.06013" lon="-121.80397">
        <ele>1412.26</ele>
        <time>2022-08-09T00:47:00Z</time>
      </trkpt>
      <trkpt lat="48.06015" lon="-121.804">
        <ele>1411.64</ele>
        <time>2022-08-09T00:47:05Z</time>
      </trkpt>
      <trkpt lat="48.06017" lon="-121.80403">
        <ele>1411.09</ele>
        <time>2022-08-09T00:47:12Z</time>
      </trkpt>
      <trkpt lat="48.0602" lon="-121.80403">
        <ele>1409.97</ele>
        <time>2022-08-09T00:47:18Z</time>
      </trkpt>
      <trkpt lat="48.06023" lon="-121.80403">
        <ele>1408.84</ele>
        <time>2022-08-09T00:47:26Z</time>
      </trkpt>
      <trkpt lat="48.06026" lon="-121.80405">
        <ele>1408.11</ele>
        <time>2022-08-09T00:47:33Z</time>
      </trkpt>
      <trkpt lat="48.06029" lon="-121.80406">
        <ele>1407.15</ele>
        <time>2022-08-09T00:47:41Z</time>
      </trkpt>
      <trkpt lat="48.06032" lon="-121.80406">
        <ele>1405.8</ele>
        <time>2022-08-09T00:47:47Z</time>
      </trkpt>
      <trkpt lat="48.0603" lon="-121.80402">
        <ele>1405.73</ele>
        <time>2022-08-09T00:47:55Z</time>
      </trkpt>
      <trkpt lat="48.06028" lon="-121.80399">
        <ele>1406.07</ele>
        <time>2022-08-09T00:48:15Z</time>
      </trkpt>
      <trkpt lat="48.0603" lon="-121.80402">
        <ele>1405.73</ele>
        <time>2022-08-09T00:49:38Z</time>
      </trkpt>
      <trkpt lat="48.06028" lon="-121.80399">
        <ele>1406.07</ele>
        <time>2022-08-09T00:50:04Z</time>
      </trkpt>
      <trkpt lat="48.06026" lon="-121.80396">
        <ele>1406.54</ele>
        <time>2022-08-09T00:50:10Z</time>
      </trkpt>
      <trkpt lat="48.06024" lon="-121.80393">
        <ele>1407.08</ele>
        <time>2022-08-09T00:50:17Z</time>
      </trkpt>
      <trkpt lat="48.06023" lon="-121.80389">
        <ele>1407.08</ele>
        <time>2022-08-09T00:50:24Z</time>
      </trkpt>
      <trkpt lat="48.06021" lon="-121.80385">
        <ele>1407.4</ele>
        <time>2022-08-09T00:50:34Z</time>
      </trkpt>
      <trkpt lat="48.06024" lon="-121.80384">
        <ele>1405.79</ele>
        <time>2022-08-09T00:50:49Z</time>
      </trkpt>
      <trkpt lat="48.06027" lon="-121.80384">
        <ele>1404.32</ele>
        <time>2022-08-09T00:50:56Z</time>
      </trkpt>
      <trkpt lat="48.0603" lon="-121.80383">
        <ele>1402.05</ele>
        <time>2022-08-09T00:51:04Z</time>
      </trkpt>
      <trkpt lat="48.06032" lon="-121.80385">
        <ele>1400.97</ele>
        <time>2022-08-09T00:51:13Z</time>
      </trkpt>
      <trkpt lat="48.06036" lon="-121.80382">
        <ele>1397.3</ele>
        <time>2022-08-09T00:51:19Z</time>
      </trkpt>
      <trkpt lat="48.06037" lon="-121.80379">
        <ele>1395.89</ele>
        <time>2022-08-09T00:51:22Z</time>
      </trkpt>
      <trkpt lat="48.06036" lon="-121.80374">
        <ele>1395.57</ele>
        <time>2022-08-09T00:51:28Z</time>
      </trkpt>
      <trkpt lat="48.06036" lon="-121.80369">
        <ele>1394.49</ele>
        <time>2022-08-09T00:51:42Z</time>
      </trkpt>
      <trkpt lat="48.06036" lon="-121.80365">
        <ele>1393.62</ele>
        <time>2022-08-09T00:51:45Z</time>
      </trkpt>
      <trkpt lat="48.06035" lon="-121.80361">
        <ele>1393.52</ele>
        <time>2022-08-09T00:51:49Z</time>
      </trkpt>
      <trkpt lat="48.06035" lon="-121.80356">
        <ele>1392.44</ele>
        <time>2022-08-09T00:51:54Z</time>
      </trkpt>
      <trkpt lat="48.06036" lon="-121.80352">
        <ele>1390.82</ele>
        <time>2022-08-09T00:51:59Z</time>
      </trkpt>
      <trkpt lat="48.06036" lon="-121.80347">
        <ele>1390.14</ele>
        <time>2022-08-09T00:52:05Z</time>
      </trkpt>
      <trkpt lat="48.06039" lon="-121.80346">
        <ele>1388.39</ele>
        <time>2022-08-09T00:52:21Z</time>
      </trkpt>
      <trkpt lat="48.06042" lon="-121.80346">
        <ele>1386.89</ele>
        <time>2022-08-09T00:52:40Z</time>
      </trkpt>
      <trkpt lat="48.06044" lon="-121.80346">
        <ele>1385.88</ele>
        <time>2022-08-09T00:52:48Z</time>
      </trkpt>
      <trkpt lat="48.06047" lon="-121.80347">
        <ele>1384.65</ele>
        <time>2022-08-09T00:52:51Z</time>
      </trkpt>
      <trkpt lat="48.06048" lon="-121.80343">
        <ele>1383.35</ele>
        <time>2022-08-09T00:53:03Z</time>
      </trkpt>
      <trkpt lat="48.06049" lon="-121.80337">
        <ele>1382.23</ele>
        <time>2022-08-09T00:53:08Z</time>
      </trkpt>
      <trkpt lat="48.06051" lon="-121.80335">
        <ele>1381.15</ele>
        <time>2022-08-09T00:53:15Z</time>
      </trkpt>
      <trkpt lat="48.06054" lon="-121.80332">
        <ele>1379.55</ele>
        <time>2022-08-09T00:53:22Z</time>
      </trkpt>
      <trkpt lat="48.06054" lon="-121.80328">
        <ele>1379.19</ele>
        <time>2022-08-09T00:53:28Z</time>
      </trkpt>
      <trkpt lat="48.06054" lon="-121.80324">
        <ele>1378.85</ele>
        <time>2022-08-09T00:53:33Z</time>
      </trkpt>
      <trkpt lat="48.06055" lon="-121.8032">
        <ele>1378.71</ele>
        <time>2022-08-09T00:53:38Z</time>
      </trkpt>
      <trkpt lat="48.06056" lon="-121.80316">
        <ele>1378.69</ele>
        <time>2022-08-09T00:53:42Z</time>
      </trkpt>
      <trkpt lat="48.06057" lon="-121.80311">
        <ele>1378.72</ele>
        <time>2022-08-09T00:53:46Z</time>
      </trkpt>
      <trkpt lat="48.06058" lon="-121.80307">
        <ele>1378.57</ele>
        <time>2022-08-09T00:53:52Z</time>
      </trkpt>
      <trkpt lat="48.06061" lon="-121.80305">
        <ele>1377.12</ele>
        <time>2022-08-09T00:53:58Z</time>
      </trkpt>
      <trkpt lat="48.06064" lon="-121.80303">
        <ele>1375.72</ele>
        <time>2022-08-09T00:54:04Z</time>
      </trkpt>
      <trkpt lat="48.06065" lon="-121.80299">
        <ele>1375.63</ele>
        <time>2022-08-09T00:54:09Z</time>
      </trkpt>
      <trkpt lat="48.06065" lon="-121.80295">
        <ele>1376.06</ele>
        <time>2022-08-09T00:54:15Z</time>
      </trkpt>
      <trkpt lat="48.06068" lon="-121.80293">
        <ele>1374.98</ele>
        <time>2022-08-09T00:54:22Z</time>
      </trkpt>
      <trkpt lat="48.0607" lon="-121.80291">
        <ele>1374.33</ele>
        <time>2022-08-09T00:54:30Z</time>
      </trkpt>
      <trkpt lat="48.06073" lon="-121.8029">
        <ele>1373.14</ele>
        <time>2022-08-09T00:54:38Z</time>
      </trkpt>
      <trkpt lat="48.06076" lon="-121.80293">
        <ele>1371.52</ele>
        <time>2022-08-09T00:56:12Z</time>
      </trkpt>
      <trkpt lat="48.06077" lon="-121.80297">
        <ele>1370.66</ele>
        <time>2022-08-09T00:56:20Z</time>
      </trkpt>
      <trkpt lat="48.06077" lon="-121.80303">
        <ele>1370.01</ele>
        <time>2022-08-09T00:56:25Z</time>
      </trkpt>
      <trkpt lat="48.06077" lon="-121.80307">
        <ele>1369.58</ele>
        <time>2022-08-09T00:56:30Z</time>
      </trkpt>
      <trkpt lat="48.06077" lon="-121.80311">
        <ele>1369.15</ele>
        <time>2022-08-09T00:56:35Z</time>
      </trkpt>
      <trkpt lat="48.06076" lon="-121.80316">
        <ele>1369.14</ele>
        <time>2022-08-09T00:56:41Z</time>
      </trkpt>
      <trkpt lat="48.06076" lon="-121.8032">
        <ele>1369.05</ele>
        <time>2022-08-09T00:56:46Z</time>
      </trkpt>
      <trkpt lat="48.06076" lon="-121.80325">
        <ele>1369.06</ele>
        <time>2022-08-09T00:56:50Z</time>
      </trkpt>
      <trkpt lat="48.06075" lon="-121.8033">
        <ele>1370.14</ele>
        <time>2022-08-09T00:56:54Z</time>
      </trkpt>
      <trkpt lat="48.06074" lon="-121.80334">
        <ele>1371.11</ele>
        <time>2022-08-09T00:56:57Z</time>
      </trkpt>
      <trkpt lat="48.06072" lon="-121.80338">
        <ele>1372.62</ele>
        <time>2022-08-09T00:57:00Z</time>
      </trkpt>
      <trkpt lat="48.06071" lon="-121.80341">
        <ele>1373.49</ele>
        <time>2022-08-09T00:57:03Z</time>
      </trkpt>
      <trkpt lat="48.06069" lon="-121.80346">
        <ele>1375.48</ele>
        <time>2022-08-09T00:57:06Z</time>
      </trkpt>
      <trkpt lat="48.06068" lon="-121.8035">
        <ele>1376.88</ele>
        <time>2022-08-09T00:57:09Z</time>
      </trkpt>
      <trkpt lat="48.06068" lon="-121.80355">
        <ele>1377.62</ele>
        <time>2022-08-09T00:57:13Z</time>
      </trkpt>
      <trkpt lat="48.06069" lon="-121.80359">
        <ele>1377.51</ele>
        <time>2022-08-09T00:57:17Z</time>
      </trkpt>
      <trkpt lat="48.06069" lon="-121.80364">
        <ele>1378.19</ele>
        <time>2022-08-09T00:57:20Z</time>
      </trkpt>
      <trkpt lat="48.0607" lon="-121.80368">
        <ele>1378.36</ele>
        <time>2022-08-09T00:57:24Z</time>
      </trkpt>
      <trkpt lat="48.06071" lon="-121.80372">
        <ele>1378.5</ele>
        <time>2022-08-09T00:57:29Z</time>
      </trkpt>
      <trkpt lat="48.06073" lon="-121.80376">
        <ele>1378.07</ele>
        <time>2022-08-09T00:57:34Z</time>
      </trkpt>
      <trkpt lat="48.06074" lon="-121.8038">
        <ele>1378.07</ele>
        <time>2022-08-09T00:57:41Z</time>
      </trkpt>
      <trkpt lat="48.06075" lon="-121.80384">
        <ele>1378.07</ele>
        <time>2022-08-09T00:57:47Z</time>
      </trkpt>
      <trkpt lat="48.06078" lon="-121.80386">
        <ele>1376.99</ele>
        <time>2022-08-09T00:57:53Z</time>
      </trkpt>
      <trkpt lat="48.0608" lon="-121.80389">
        <ele>1376.45</ele>
        <time>2022-08-09T00:57:57Z</time>
      </trkpt>
      <trkpt lat="48.06083" lon="-121.80393">
        <ele>1375.59</ele>
        <time>2022-08-09T00:58:02Z</time>
      </trkpt>
      <trkpt lat="48.06085" lon="-121.80397">
        <ele>1375.16</ele>
        <time>2022-08-09T00:58:08Z</time>
      </trkpt>
      <trkpt lat="48.06088" lon="-121.80399">
        <ele>1374.08</ele>
        <time>2022-08-09T00:58:13Z</time>
      </trkpt>
      <trkpt lat="48.06089" lon="-121.80402">
        <ele>1373.97</ele>
        <time>2022-08-09T00:58:17Z</time>
      </trkpt>
      <trkpt lat="48.06092" lon="-121.80405">
        <ele>1373.0</ele>
        <time>2022-08-09T00:58:29Z</time>
      </trkpt>
      <trkpt lat="48.06094" lon="-121.80407">
        <ele>1372.35</ele>
        <time>2022-08-09T00:58:48Z</time>
      </trkpt>
      <trkpt lat="48.06096" lon="-121.80411">
        <ele>1371.92</ele>
        <time>2022-08-09T00:58:53Z</time>
      </trkpt>
      <trkpt lat="48.06098" lon="-121.80414">
        <ele>1371.38</ele>
        <time>2022-08-09T00:58:58Z</time>
      </trkpt>
      <trkpt lat="48.061" lon="-121.80417">
        <ele>1370.84</ele>
        <time>2022-08-09T00:59:03Z</time>
      </trkpt>
      <trkpt lat="48.06103" lon="-121.8042">
        <ele>1369.86</ele>
        <time>2022-08-09T00:59:08Z</time>
      </trkpt>
      <trkpt lat="48.06105" lon="-121.80422">
        <ele>1369.22</ele>
        <time>2022-08-09T00:59:13Z</time>
      </trkpt>
      <trkpt lat="48.06108" lon="-121.80423">
        <ele>1368.03</ele>
        <time>2022-08-09T00:59:17Z</time>
      </trkpt>
      <trkpt lat="48.06109" lon="-121.80427">
        <ele>1368.05</ele>
        <time>2022-08-09T00:59:21Z</time>
      </trkpt>
      <trkpt lat="48.06111" lon="-121.80431">
        <ele>1367.6</ele>
        <time>2022-08-09T00:59:26Z</time>
      </trkpt>
      <trkpt lat="48.06114" lon="-121.80433">
        <ele>1366.52</ele>
        <time>2022-08-09T00:59:32Z</time>
      </trkpt>
      <trkpt lat="48.06116" lon="-121.80435">
        <ele>1365.87</ele>
        <time>2022-08-09T00:59:51Z</time>
      </trkpt>
      <trkpt lat="48.06119" lon="-121.80437">
        <ele>1364.82</ele>
        <time>2022-08-09T01:00:03Z</time>
      </trkpt>
      <trkpt lat="48.06122" lon="-121.80437">
        <ele>1363.49</ele>
        <time>2022-08-09T01:00:10Z</time>
      </trkpt>
      <trkpt lat="48.06124" lon="-121.80437">
        <ele>1362.63</ele>
        <time>2022-08-09T01:00:17Z</time>
      </trkpt>
      <trkpt lat="48.06127" lon="-121.80437">
        <ele>1361.33</ele>
        <time>2022-08-09T01:00:25Z</time>
      </trkpt>
      <trkpt lat="48.0613" lon="-121.80437">
        <ele>1360.04</ele>
        <time>2022-08-09T01:00:32Z</time>
      </trkpt>
      <trkpt lat="48.06133" lon="-121.80438">
        <ele>1358.85</ele>
        <time>2022-08-09T01:00:38Z</time>
      </trkpt>
      <trkpt lat="48.06136" lon="-121.8044">
        <ele>1357.77</ele>
        <time>2022-08-09T01:00:42Z</time>
      </trkpt>
      <trkpt lat="48.06138" lon="-121.80444">
        <ele>1357.34</ele>
        <time>2022-08-09T01:00:49Z</time>
      </trkpt>
      <trkpt lat="48.0614" lon="-121.80447">
        <ele>1356.68</ele>
        <time>2022-08-09T01:00:56Z</time>
      </trkpt>
      <trkpt lat="48.06143" lon="-121.80449">
        <ele>1355.27</ele>
        <time>2022-08-09T01:01:02Z</time>
      </trkpt>
      <trkpt lat="48.06145" lon="-121.80452">
        <ele>1354.52</ele>
        <time>2022-08-09T01:01:06Z</time>
      </trkpt>
      <trkpt lat="48.06146" lon="-121.80456">
        <ele>1354.22</ele>
        <time>2022-08-09T01:01:12Z</time>
      </trkpt>
      <trkpt lat="48.06149" lon="-121.80459">
        <ele>1352.63</ele>
        <time>2022-08-09T01:01:17Z</time>
      </trkpt>
      <trkpt lat="48.06151" lon="-121.80461">
        <ele>1351.77</ele>
        <time>2022-08-09T01:01:27Z</time>
      </trkpt>
      <trkpt lat="48.06154" lon="-121.80462">
        <ele>1350.47</ele>
        <time>2022-08-09T01:01:35Z</time>
      </trkpt>
      <trkpt lat="48.06157" lon="-121.80464">
        <ele>1349.4</ele>
        <time>2022-08-09T01:01:42Z</time>
      </trkpt>
      <trkpt lat="48.06159" lon="-121.80467">
        <ele>1349.11</ele>
        <time>2022-08-09T01:01:46Z</time>
      </trkpt>
      <trkpt lat="48.06162" lon="-121.80469">
        <ele>1348.0</ele>
        <time>2022-08-09T01:01:50Z</time>
      </trkpt>
      <trkpt lat="48.06165" lon="-121.80472">
        <ele>1346.87</ele>
        <time>2022-08-09T01:01:54Z</time>
      </trkpt>
      <trkpt lat="48.06167" lon="-121.80475">
        <ele>1346.46</ele>
        <time>2022-08-09T01:01:57Z</time>
      </trkpt>
      <trkpt lat="48.06169" lon="-121.80478">
        <ele>1346.24</ele>
        <time>2022-08-09T01:02:00Z</time>
      </trkpt>
      <trkpt lat="48.06172" lon="-121.8048">
        <ele>1345.38</ele>
        <time>2022-08-09T01:02:05Z</time>
      </trkpt>
      <trkpt lat="48.06174" lon="-121.80484">
        <ele>1345.38</ele>
        <time>2022-08-09T01:02:10Z</time>
      </trkpt>
      <trkpt lat="48.06176" lon="-121.80488">
        <ele>1345.37</ele>
        <time>2022-08-09T01:02:15Z</time>
      </trkpt>
      <trkpt lat="48.06178" lon="-121.80491">
        <ele>1345.16</ele>
        <time>2022-08-09T01:02:19Z</time>
      </trkpt>
      <trkpt lat="48.0618" lon="-121.80494">
        <ele>1344.94</ele>
        <time>2022-08-09T01:02:24Z</time>
      </trkpt>
      <trkpt lat="48.06183" lon="-121.80497">
        <ele>1344.3</ele>
        <time>2022-08-09T01:02:28Z</time>
      </trkpt>
      <trkpt lat="48.06185" lon="-121.805">
        <ele>1344.08</ele>
        <time>2022-08-09T01:02:34Z</time>
      </trkpt>
      <trkpt lat="48.06187" lon="-121.80504">
        <ele>1343.97</ele>
        <time>2022-08-09T01:02:41Z</time>
      </trkpt>
      <trkpt lat="48.06189" lon="-121.80506">
        <ele>1343.5</ele>
        <time>2022-08-09T01:02:48Z</time>
      </trkpt>
      <trkpt lat="48.06192" lon="-121.80504">
        <ele>1341.5</ele>
        <time>2022-08-09T01:02:59Z</time>
      </trkpt>
      <trkpt lat="48.06194" lon="-121.80502">
        <ele>1339.88</ele>
        <time>2022-08-09T01:03:06Z</time>
      </trkpt>
      <trkpt lat="48.06197" lon="-121.80503">
        <ele>1338.59</ele>
        <time>2022-08-09T01:03:10Z</time>
      </trkpt>
      <trkpt lat="48.062" lon="-121.80504">
        <ele>1337.3</ele>
        <time>2022-08-09T01:03:15Z</time>
      </trkpt>
      <trkpt lat="48.06202" lon="-121.80501">
        <ele>1335.24</ele>
        <time>2022-08-09T01:03:20Z</time>
      </trkpt>
      <trkpt lat="48.06205" lon="-121.80502">
        <ele>1334.06</ele>
        <time>2022-08-09T01:03:25Z</time>
      </trkpt>
      <trkpt lat="48.06208" lon="-121.80503">
        <ele>1332.97</ele>
        <time>2022-08-09T01:03:29Z</time>
      </trkpt>
      <trkpt lat="48.06211" lon="-121.80503">
        <ele>1331.56</ele>
        <time>2022-08-09T01:03:34Z</time>
      </trkpt>
      <trkpt lat="48.06212" lon="-121.80499">
        <ele>1330.2</ele>
        <time>2022-08-09T01:03:39Z</time>
      </trkpt>
      <trkpt lat="48.06212" lon="-121.80494">
        <ele>1329.12</ele>
        <time>2022-08-09T01:03:44Z</time>
      </trkpt>
      <trkpt lat="48.06212" lon="-121.8049">
        <ele>1328.26</ele>
        <time>2022-08-09T01:03:49Z</time>
      </trkpt>
      <trkpt lat="48.06212" lon="-121.80486">
        <ele>1327.39</ele>
        <time>2022-08-09T01:03:54Z</time>
      </trkpt>
      <trkpt lat="48.06213" lon="-121.80482">
        <ele>1326.1</ele>
        <time>2022-08-09T01:04:02Z</time>
      </trkpt>
      <trkpt lat="48.06212" lon="-121.80477">
        <ele>1325.45</ele>
        <time>2022-08-09T01:04:08Z</time>
      </trkpt>
      <trkpt lat="48.06209" lon="-121.80474">
        <ele>1326.1</ele>
        <time>2022-08-09T01:04:12Z</time>
      </trkpt>
      <trkpt lat="48.06208" lon="-121.8047">
        <ele>1325.78</ele>
        <time>2022-08-09T01:04:17Z</time>
      </trkpt>
      <trkpt lat="48.06208" lon="-121.80466">
        <ele>1325.11</ele>
        <time>2022-08-09T01:04:23Z</time>
      </trkpt>
      <trkpt lat="48.06207" lon="-121.80462">
        <ele>1324.75</ele>
        <time>2022-08-09T01:04:31Z</time>
      </trkpt>
      <trkpt lat="48.06207" lon="-121.80457">
        <ele>1323.83</ele>
        <time>2022-08-09T01:04:36Z</time>
      </trkpt>
      <trkpt lat="48.06207" lon="-121.80453">
        <ele>1323.12</ele>
        <time>2022-08-09T01:04:40Z</time>
      </trkpt>
      <trkpt lat="48.06207" lon="-121.80448">
        <ele>1322.38</ele>
        <time>2022-08-09T01:04:45Z</time>
      </trkpt>
      <trkpt lat="48.06207" lon="-121.80444">
        <ele>1321.79</ele>
        <time>2022-08-09T01:04:49Z</time>
      </trkpt>
      <trkpt lat="48.06207" lon="-121.8044">
        <ele>1321.07</ele>
        <time>2022-08-09T01:04:53Z</time>
      </trkpt>
      <trkpt lat="48.06207" lon="-121.80436">
        <ele>1320.36</ele>
        <time>2022-08-09T01:04:58Z</time>
      </trkpt>
      <trkpt lat="48.06207" lon="-121.80431">
        <ele>1319.77</ele>
        <time>2022-08-09T01:05:03Z</time>
      </trkpt>
      <trkpt lat="48.06207" lon="-121.80426">
        <ele>1319.23</ele>
        <time>2022-08-09T01:05:06Z</time>
      </trkpt>
      <trkpt lat="48.06206" lon="-121.80421">
        <ele>1319.1</ele>
        <time>2022-08-09T01:05:10Z</time>
      </trkpt>
      <trkpt lat="48.06206" lon="-121.80417">
        <ele>1318.56</ele>
        <time>2022-08-09T01:05:13Z</time>
      </trkpt>
      <trkpt lat="48.06206" lon="-121.80413">
        <ele>1317.82</ele>
        <time>2022-08-09T01:05:17Z</time>
      </trkpt>
      <trkpt lat="48.06205" lon="-121.80409">
        <ele>1317.62</ele>
        <time>2022-08-09T01:05:22Z</time>
      </trkpt>
      <trkpt lat="48.06205" lon="-121.80404">
        <ele>1316.88</ele>
        <time>2022-08-09T01:05:29Z</time>
      </trkpt>
      <trkpt lat="48.06204" lon="-121.804">
        <ele>1317.01</ele>
        <time>2022-08-09T01:05:34Z</time>
      </trkpt>
      <trkpt lat="48.06203" lon="-121.80395">
        <ele>1316.78</ele>
        <time>2022-08-09T01:05:38Z</time>
      </trkpt>
      <trkpt lat="48.06202" lon="-121.80391">
        <ele>1316.56</ele>
        <time>2022-08-09T01:05:42Z</time>
      </trkpt>
      <trkpt lat="48.06201" lon="-121.80387">
        <ele>1316.55</ele>
        <time>2022-08-09T01:05:46Z</time>
      </trkpt>
      <trkpt lat="48.062" lon="-121.80382">
        <ele>1316.66</ele>
        <time>2022-08-09T01:05:50Z</time>
      </trkpt>
      <trkpt lat="48.062" lon="-121.80377">
        <ele>1315.83</ele>
        <time>2022-08-09T01:05:55Z</time>
      </trkpt>
      <trkpt lat="48.062" lon="-121.80373">
        <ele>1314.97</ele>
        <time>2022-08-09T01:06:00Z</time>
      </trkpt>
      <trkpt lat="48.06199" lon="-121.80369">
        <ele>1314.83</ele>
        <time>2022-08-09T01:06:07Z</time>
      </trkpt>
      <trkpt lat="48.06199" lon="-121.80364">
        <ele>1314.02</ele>
        <time>2022-08-09T01:06:14Z</time>
      </trkpt>
      <trkpt lat="48.062" lon="-121.8036">
        <ele>1312.56</ele>
        <time>2022-08-09T01:06:23Z</time>
      </trkpt>
      <trkpt lat="48.06202" lon="-121.80357">
        <ele>1310.4</ele>
        <time>2022-08-09T01:06:29Z</time>
      </trkpt>
      <trkpt lat="48.06205" lon="-121.80355">
        <ele>1307.51</ele>
        <time>2022-08-09T01:06:35Z</time>
      </trkpt>
      <trkpt lat="48.06207" lon="-121.80358">
        <ele>1306.24</ele>
        <time>2022-08-09T01:06:41Z</time>
      </trkpt>
      <trkpt lat="48.06209" lon="-121.80361">
        <ele>1304.83</ele>
        <time>2022-08-09T01:06:45Z</time>
      </trkpt>
      <trkpt lat="48.06211" lon="-121.80365">
        <ele>1303.75</ele>
        <time>2022-08-09T01:06:50Z</time>
      </trkpt>
      <trkpt lat="48.06212" lon="-121.80369">
        <ele>1303.64</ele>
        <time>2022-08-09T01:06:57Z</time>
      </trkpt>
      <trkpt lat="48.06214" lon="-121.80372">
        <ele>1302.38</ele>
        <time>2022-08-09T01:07:03Z</time>
      </trkpt>
      <trkpt lat="48.06215" lon="-121.80376">
        <ele>1302.93</ele>
        <time>2022-08-09T01:07:10Z</time>
      </trkpt>
      <trkpt lat="48.06218" lon="-121.80378">
        <ele>1300.22</ele>
        <time>2022-08-09T01:07:20Z</time>
      </trkpt>
      <trkpt lat="48.0622" lon="-121.80382">
        <ele>1299.74</ele>
        <time>2022-08-09T01:07:25Z</time>
      </trkpt>
      <trkpt lat="48.06222" lon="-121.80385">
        <ele>1299.12</ele>
        <time>2022-08-09T01:07:28Z</time>
      </trkpt>
      <trkpt lat="48.06223" lon="-121.80389">
        <ele>1300.38</ele>
        <time>2022-08-09T01:07:31Z</time>
      </trkpt>
      <trkpt lat="48.06224" lon="-121.80393">
        <ele>1301.24</ele>
        <time>2022-08-09T01:07:34Z</time>
      </trkpt>
      <trkpt lat="48.06225" lon="-121.80397">
        <ele>1302.1</ele>
        <time>2022-08-09T01:07:38Z</time>
      </trkpt>
      <trkpt lat="48.06225" lon="-121.80402">
        <ele>1304.1</ele>
        <time>2022-08-09T01:07:41Z</time>
      </trkpt>
      <trkpt lat="48.06225" lon="-121.80407">
        <ele>1306.04</ele>
        <time>2022-08-09T01:07:48Z</time>
      </trkpt>
      <trkpt lat="48.06226" lon="-121.80412">
        <ele>1306.95</ele>
        <time>2022-08-09T01:07:52Z</time>
      </trkpt>
      <trkpt lat="48.06229" lon="-121.80415">
        <ele>1306.45</ele>
        <time>2022-08-09T01:07:56Z</time>
      </trkpt>
      <trkpt lat="48.06232" lon="-121.80418">
        <ele>1305.91</ele>
        <time>2022-08-09T01:08:00Z</time>
      </trkpt>
      <trkpt lat="48.06234" lon="-121.80421">
        <ele>1305.29</ele>
        <time>2022-08-09T01:08:05Z</time>
      </trkpt>
      <trkpt lat="48.06237" lon="-121.80422">
        <ele>1303.67</ele>
        <time>2022-08-09T01:08:09Z</time>
      </trkpt>
      <trkpt lat="48.0624" lon="-121.80422">
        <ele>1301.77</ele>
        <time>2022-08-09T01:08:26Z</time>
      </trkpt>
      <trkpt lat="48.06243" lon="-121.80422">
        <ele>1300.08</ele>
        <time>2022-08-09T01:08:29Z</time>
      </trkpt>
      <trkpt lat="48.06246" lon="-121.80423">
        <ele>1298.9</ele>
        <time>2022-08-09T01:08:32Z</time>
      </trkpt>
      <trkpt lat="48.06249" lon="-121.80425">
        <ele>1298.14</ele>
        <time>2022-08-09T01:08:38Z</time>
      </trkpt>
      <trkpt lat="48.06251" lon="-121.80427">
        <ele>1297.81</ele>
        <time>2022-08-09T01:08:42Z</time>
      </trkpt>
      <trkpt lat="48.06252" lon="-121.80431">
        <ele>1298.56</ele>
        <time>2022-08-09T01:08:46Z</time>
      </trkpt>
      <trkpt lat="48.06254" lon="-121.80434">
        <ele>1298.46</ele>
        <time>2022-08-09T01:08:51Z</time>
      </trkpt>
      <trkpt lat="48.06257" lon="-121.80435">
        <ele>1297.16</ele>
        <time>2022-08-09T01:08:55Z</time>
      </trkpt>
      <trkpt lat="48.0626" lon="-121.80435">
        <ele>1295.62</ele>
        <time>2022-08-09T01:08:59Z</time>
      </trkpt>
      <trkpt lat="48.06263" lon="-121.80436">
        <ele>1294.58</ele>
        <time>2022-08-09T01:09:03Z</time>
      </trkpt>
      <trkpt lat="48.06266" lon="-121.80436">
        <ele>1293.22</ele>
        <time>2022-08-09T01:09:07Z</time>
      </trkpt>
      <trkpt lat="48.06268" lon="-121.80438">
        <ele>1292.56</ele>
        <time>2022-08-09T01:09:10Z</time>
      </trkpt>
      <trkpt lat="48.06271" lon="-121.8044">
        <ele>1291.04</ele>
        <time>2022-08-09T01:09:13Z</time>
      </trkpt>
      <trkpt lat="48.06273" lon="-121.80444">
        <ele>1290.07</ele>
        <time>2022-08-09T01:09:17Z</time>
      </trkpt>
      <trkpt lat="48.06275" lon="-121.80448">
        <ele>1289.57</ele>
        <time>2022-08-09T01:09:22Z</time>
      </trkpt>
      <trkpt lat="48.06276" lon="-121.80453">
        <ele>1290.0</ele>
        <time>2022-08-09T01:09:26Z</time>
      </trkpt>
      <trkpt lat="48.06277" lon="-121.80457">
        <ele>1290.54</ele>
        <time>2022-08-09T01:09:31Z</time>
      </trkpt>
      <trkpt lat="48.06278" lon="-121.80461">
        <ele>1291.24</ele>
        <time>2022-08-09T01:09:35Z</time>
      </trkpt>
      <trkpt lat="48.06279" lon="-121.80465">
        <ele>1292.25</ele>
        <time>2022-08-09T01:09:39Z</time>
      </trkpt>
      <trkpt lat="48.06279" lon="-121.8047">
        <ele>1294.48</ele>
        <time>2022-08-09T01:09:43Z</time>
      </trkpt>
      <trkpt lat="48.0628" lon="-121.80474">
        <ele>1295.66</ele>
        <time>2022-08-09T01:09:52Z</time>
      </trkpt>
      <trkpt lat="48.06281" lon="-121.8048">
        <ele>1297.42</ele>
        <time>2022-08-09T01:09:56Z</time>
      </trkpt>
      <trkpt lat="48.06281" lon="-121.80485">
        <ele>1299.1</ele>
        <time>2022-08-09T01:10:00Z</time>
      </trkpt>
      <trkpt lat="48.06283" lon="-121.80489">
        <ele>1299.74</ele>
        <time>2022-08-09T01:10:04Z</time>
      </trkpt>
      <trkpt lat="48.06286" lon="-121.8049">
        <ele>1299.1</ele>
        <time>2022-08-09T01:10:09Z</time>
      </trkpt>
      <trkpt lat="48.06289" lon="-121.8049">
        <ele>1298.14</ele>
        <time>2022-08-09T01:10:13Z</time>
      </trkpt>
      <trkpt lat="48.06294" lon="-121.80493">
        <ele>1297.42</ele>
        <time>2022-08-09T01:10:16Z</time>
      </trkpt>
      <trkpt lat="48.06296" lon="-121.80496">
        <ele>1297.78</ele>
        <time>2022-08-09T01:10:19Z</time>
      </trkpt>
      <trkpt lat="48.06298" lon="-121.80501">
        <ele>1298.72</ele>
        <time>2022-08-09T01:10:23Z</time>
      </trkpt>
      <trkpt lat="48.06299" lon="-121.80505">
        <ele>1298.8</ele>
        <time>2022-08-09T01:10:25Z</time>
      </trkpt>
      <trkpt lat="48.063" lon="-121.80509">
        <ele>1298.78</ele>
        <time>2022-08-09T01:10:27Z</time>
      </trkpt>
      <trkpt lat="48.06301" lon="-121.80515">
        <ele>1298.48</ele>
        <time>2022-08-09T01:10:30Z</time>
      </trkpt>
      <trkpt lat="48.06301" lon="-121.8052">
        <ele>1298.32</ele>
        <time>2022-08-09T01:10:33Z</time>
      </trkpt>
      <trkpt lat="48.063" lon="-121.80524">
        <ele>1298.21</ele>
        <time>2022-08-09T01:10:36Z</time>
      </trkpt>
      <trkpt lat="48.063" lon="-121.80529">
        <ele>1297.8</ele>
        <time>2022-08-09T01:10:39Z</time>
      </trkpt>
      <trkpt lat="48.06298" lon="-121.80534">
        <ele>1298.45</ele>
        <time>2022-08-09T01:10:42Z</time>
      </trkpt>
      <trkpt lat="48.06297" lon="-121.80538">
        <ele>1298.67</ele>
        <time>2022-08-09T01:10:45Z</time>
      </trkpt>
      <trkpt lat="48.06296" lon="-121.80543">
        <ele>1298.45</ele>
        <time>2022-08-09T01:10:48Z</time>
      </trkpt>
      <trkpt lat="48.06296" lon="-121.80548">
        <ele>1297.73</ele>
        <time>2022-08-09T01:10:51Z</time>
      </trkpt>
      <trkpt lat="48.06295" lon="-121.80553">
        <ele>1296.97</ele>
        <time>2022-08-09T01:10:54Z</time>
      </trkpt>
      <trkpt lat="48.06295" lon="-121.80558">
        <ele>1295.93</ele>
        <time>2022-08-09T01:10:57Z</time>
      </trkpt>
      <trkpt lat="48.06294" lon="-121.80562">
        <ele>1295.52</ele>
        <time>2022-08-09T01:10:59Z</time>
      </trkpt>
      <trkpt lat="48.06293" lon="-121.80568">
        <ele>1294.96</ele>
        <time>2022-08-09T01:11:02Z</time>
      </trkpt>
      <trkpt lat="48.06292" lon="-121.80572">
        <ele>1294.72</ele>
        <time>2022-08-09T01:11:04Z</time>
      </trkpt>
      <trkpt lat="48.06291" lon="-121.80576">
        <ele>1294.3</ele>
        <time>2022-08-09T01:11:06Z</time>
      </trkpt>
      <trkpt lat="48.06289" lon="-121.80581">
        <ele>1293.87</ele>
        <time>2022-08-09T01:11:09Z</time>
      </trkpt>
      <trkpt lat="48.06287" lon="-121.80586">
        <ele>1293.73</ele>
        <time>2022-08-09T01:11:12Z</time>
      </trkpt>
      <trkpt lat="48.06285" lon="-121.8059">
        <ele>1294.0</ele>
        <time>2022-08-09T01:11:15Z</time>
      </trkpt>
      <trkpt lat="48.06283" lon="-121.80595">
        <ele>1293.79</ele>
        <time>2022-08-09T01:11:18Z</time>
      </trkpt>
      <trkpt lat="48.06281" lon="-121.806">
        <ele>1293.36</ele>
        <time>2022-08-09T01:11:21Z</time>
      </trkpt>
      <trkpt lat="48.0628" lon="-121.80605">
        <ele>1292.94</ele>
        <time>2022-08-09T01:11:25Z</time>
      </trkpt>
      <trkpt lat="48.06279" lon="-121.8061">
        <ele>1292.72</ele>
        <time>2022-08-09T01:11:28Z</time>
      </trkpt>
      <trkpt lat="48.06279" lon="-121.80615">
        <ele>1292.18</ele>
        <time>2022-08-09T01:11:31Z</time>
      </trkpt>
      <trkpt lat="48.06278" lon="-121.8062">
        <ele>1291.97</ele>
        <time>2022-08-09T01:11:34Z</time>
      </trkpt>
      <trkpt lat="48.06276" lon="-121.80626">
        <ele>1291.97</ele>
        <time>2022-08-09T01:11:37Z</time>
      </trkpt>
      <trkpt lat="48.06275" lon="-121.8063">
        <ele>1291.86</ele>
        <time>2022-08-09T01:11:39Z</time>
      </trkpt>
      <trkpt lat="48.06274" lon="-121.80634">
        <ele>1291.75</ele>
        <time>2022-08-09T01:11:42Z</time>
      </trkpt>
      <trkpt lat="48.06272" lon="-121.80639">
        <ele>1291.86</ele>
        <time>2022-08-09T01:11:45Z</time>
      </trkpt>
      <trkpt lat="48.06271" lon="-121.80643">
        <ele>1291.63</ele>
        <time>2022-08-09T01:11:49Z</time>
      </trkpt>
      <trkpt lat="48.06271" lon="-121.80648">
        <ele>1290.95</ele>
        <time>2022-08-09T01:11:53Z</time>
      </trkpt>
      <trkpt lat="48.06271" lon="-121.80652">
        <ele>1290.51</ele>
        <time>2022-08-09T01:11:56Z</time>
      </trkpt>
      <trkpt lat="48.06271" lon="-121.80657">
        <ele>1289.97</ele>
        <time>2022-08-09T01:12:01Z</time>
      </trkpt>
      <trkpt lat="48.06271" lon="-121.80662">
        <ele>1289.07</ele>
        <time>2022-08-09T01:12:05Z</time>
      </trkpt>
      <trkpt lat="48.06268" lon="-121.80665">
        <ele>1289.63</ele>
        <time>2022-08-09T01:12:15Z</time>
      </trkpt>
      <trkpt lat="48.06266" lon="-121.80667">
        <ele>1290.31</ele>
        <time>2022-08-09T01:12:19Z</time>
      </trkpt>
      <trkpt lat="48.06266" lon="-121.80671">
        <ele>1289.76</ele>
        <time>2022-08-09T01:12:26Z</time>
      </trkpt>
      <trkpt lat="48.06265" lon="-121.80675">
        <ele>1289.66</ele>
        <time>2022-08-09T01:12:32Z</time>
      </trkpt>
      <trkpt lat="48.06265" lon="-121.80679">
        <ele>1288.98</ele>
        <time>2022-08-09T01:12:38Z</time>
      </trkpt>
      <trkpt lat="48.06266" lon="-121.80683">
        <ele>1287.77</ele>
        <time>2022-08-09T01:12:43Z</time>
      </trkpt>
      <trkpt lat="48.06266" lon="-121.80687">
        <ele>1286.97</ele>
        <time>2022-08-09T01:12:46Z</time>
      </trkpt>
      <trkpt lat="48.06265" lon="-121.80691">
        <ele>1286.64</ele>
        <time>2022-08-09T01:12:50Z</time>
      </trkpt>
      <trkpt lat="48.06263" lon="-121.80695">
        <ele>1286.84</ele>
        <time>2022-08-09T01:12:54Z</time>
      </trkpt>
      <trkpt lat="48.06261" lon="-121.80698">
        <ele>1287.22</ele>
        <time>2022-08-09T01:12:59Z</time>
      </trkpt>
      <trkpt lat="48.06259" lon="-121.807">
        <ele>1287.96</ele>
        <time>2022-08-09T01:13:04Z</time>
      </trkpt>
      <trkpt lat="48.06257" lon="-121.80704">
        <ele>1288.38</ele>
        <time>2022-08-09T01:13:11Z</time>
      </trkpt>
      <trkpt lat="48.06259" lon="-121.80709">
        <ele>1285.47</ele>
        <time>2022-08-09T01:13:57Z</time>
      </trkpt>
      <trkpt lat="48.0626" lon="-121.80713">
        <ele>1283.51</ele>
        <time>2022-08-09T01:14:00Z</time>
      </trkpt>
      <trkpt lat="48.0626" lon="-121.80717">
        <ele>1282.58</ele>
        <time>2022-08-09T01:14:05Z</time>
      </trkpt>
      <trkpt lat="48.06257" lon="-121.80719">
        <ele>1284.4</ele>
        <time>2022-08-09T01:14:10Z</time>
      </trkpt>
      <trkpt lat="48.06254" lon="-121.80721">
        <ele>1286.24</ele>
        <time>2022-08-09T01:14:14Z</time>
      </trkpt>
      <trkpt lat="48.06253" lon="-121.80726">
        <ele>1285.78</ele>
        <time>2022-08-09T01:14:19Z</time>
      </trkpt>
      <trkpt lat="48.06252" lon="-121.80731">
        <ele>1285.39</ele>
        <time>2022-08-09T01:14:22Z</time>
      </trkpt>
      <trkpt lat="48.0625" lon="-121.80734">
        <ele>1286.46</ele>
        <time>2022-08-09T01:14:24Z</time>
      </trkpt>
      <trkpt lat="48.0625" lon="-121.80739">
        <ele>1285.38</ele>
        <time>2022-08-09T01:14:28Z</time>
      </trkpt>
      <trkpt lat="48.0625" lon="-121.80743">
        <ele>1284.51</ele>
        <time>2022-08-09T01:14:32Z</time>
      </trkpt>
      <trkpt lat="48.06249" lon="-121.80748">
        <ele>1284.08</ele>
        <time>2022-08-09T01:14:35Z</time>
      </trkpt>
      <trkpt lat="48.06247" lon="-121.80752">
        <ele>1284.37</ele>
        <time>2022-08-09T01:14:38Z</time>
      </trkpt>
      <trkpt lat="48.06244" lon="-121.80756">
        <ele>1285.36</ele>
        <time>2022-08-09T01:14:40Z</time>
      </trkpt>
      <trkpt lat="48.06241" lon="-121.80761">
        <ele>1286.42</ele>
        <time>2022-08-09T01:14:42Z</time>
      </trkpt>
      <trkpt lat="48.0624" lon="-121.80766">
        <ele>1285.94</ele>
        <time>2022-08-09T01:14:44Z</time>
      </trkpt>
      <trkpt lat="48.06241" lon="-121.80775">
        <ele>1283.36</ele>
        <time>2022-08-09T01:14:46Z</time>
      </trkpt>
      <trkpt lat="48.06241" lon="-121.80779">
        <ele>1282.48</ele>
        <time>2022-08-09T01:14:47Z</time>
      </trkpt>
      <trkpt lat="48.06242" lon="-121.80785">
        <ele>1280.11</ele>
        <time>2022-08-09T01:14:49Z</time>
      </trkpt>
      <trkpt lat="48.06242" lon="-121.80789">
        <ele>1279.0</ele>
        <time>2022-08-09T01:14:51Z</time>
      </trkpt>
      <trkpt lat="48.06242" lon="-121.80793">
        <ele>1277.71</ele>
        <time>2022-08-09T01:14:53Z</time>
      </trkpt>
      <trkpt lat="48.06239" lon="-121.80797">
        <ele>1278.91</ele>
        <time>2022-08-09T01:14:55Z</time>
      </trkpt>
      <trkpt lat="48.06235" lon="-121.808">
        <ele>1280.77</ele>
        <time>2022-08-09T01:14:57Z</time>
      </trkpt>
      <trkpt lat="48.06232" lon="-121.80804">
        <ele>1281.95</ele>
        <time>2022-08-09T01:14:59Z</time>
      </trkpt>
      <trkpt lat="48.06231" lon="-121.80808">
        <ele>1281.48</ele>
        <time>2022-08-09T01:15:00Z</time>
      </trkpt>
      <trkpt lat="48.06229" lon="-121.80814">
        <ele>1280.85</ele>
        <time>2022-08-09T01:15:02Z</time>
      </trkpt>
      <trkpt lat="48.06229" lon="-121.80818">
        <ele>1279.67</ele>
        <time>2022-08-09T01:15:03Z</time>
      </trkpt>
      <trkpt lat="48.06228" lon="-121.80823">
        <ele>1278.94</ele>
        <time>2022-08-09T01:15:05Z</time>
      </trkpt>
      <trkpt lat="48.06227" lon="-121.8083">
        <ele>1277.45</ele>
        <time>2022-08-09T01:15:07Z</time>
      </trkpt>
      <trkpt lat="48.06227" lon="-121.80837">
        <ele>1275.17</ele>
        <time>2022-08-09T01:15:09Z</time>
      </trkpt>
      <trkpt lat="48.06227" lon="-121.80844">
        <ele>1272.67</ele>
        <time>2022-08-09T01:15:11Z</time>
      </trkpt>
      <trkpt lat="48.06227" lon="-121.80849">
        <ele>1270.25</ele>
        <time>2022-08-09T01:15:12Z</time>
      </trkpt>
      <trkpt lat="48.06226" lon="-121.80853">
        <ele>1269.24</ele>
        <time>2022-08-09T01:15:13Z</time>
      </trkpt>
      <trkpt lat="48.06223" lon="-121.80859">
        <ele>1269.24</ele>
        <time>2022-08-09T01:15:15Z</time>
      </trkpt>
      <trkpt lat="48.06222" lon="-121.80863">
        <ele>1269.22</ele>
        <time>2022-08-09T01:15:17Z</time>
      </trkpt>
      <trkpt lat="48.06221" lon="-121.80871">
        <ele>1270.38</ele>
        <time>2022-08-09T01:15:19Z</time>
      </trkpt>
      <trkpt lat="48.06221" lon="-121.80876">
        <ele>1271.93</ele>
        <time>2022-08-09T01:15:20Z</time>
      </trkpt>
      <trkpt lat="48.06221" lon="-121.80881">
        <ele>1273.37</ele>
        <time>2022-08-09T01:15:21Z</time>
      </trkpt>
      <trkpt lat="48.06223" lon="-121.80886">
        <ele>1272.65</ele>
        <time>2022-08-09T01:15:22Z</time>
      </trkpt>
      <trkpt lat="48.06226" lon="-121.80887">
        <ele>1270.0</ele>
        <time>2022-08-09T01:15:23Z</time>
      </trkpt>
      <trkpt lat="48.06228" lon="-121.8089">
        <ele>1268.5</ele>
        <time>2022-08-09T01:15:25Z</time>
      </trkpt>
      <trkpt lat="48.06229" lon="-121.80897">
        <ele>1268.29</ele>
        <time>2022-08-09T01:15:27Z</time>
      </trkpt>
      <trkpt lat="48.0623" lon="-121.80904">
        <ele>1267.44</ele>
        <time>2022-08-09T01:15:29Z</time>
      </trkpt>
      <trkpt lat="48.06231" lon="-121.80911">
        <ele>1266.45</ele>
        <time>2022-08-09T01:15:31Z</time>
      </trkpt>
      <trkpt lat="48.06232" lon="-121.80917">
        <ele>1265.5</ele>
        <time>2022-08-09T01:15:33Z</time>
      </trkpt>
      <trkpt lat="48.0623" lon="-121.80913">
        <ele>1267.34</ele>
        <time>2022-08-09T01:15:38Z</time>
      </trkpt>
      <trkpt lat="48.06233" lon="-121.80918">
        <ele>1264.52</ele>
        <time>2022-08-09T01:15:47Z</time>
      </trkpt>
      <trkpt lat="48.06233" lon="-121.80914">
        <ele>1264.52</ele>
        <time>2022-08-09T01:15:52Z</time>
      </trkpt>
      <trkpt lat="48.0623" lon="-121.80912">
        <ele>1267.36</ele>
        <time>2022-08-09T01:15:57Z</time>
      </trkpt>
      <trkpt lat="48.06228" lon="-121.80912">
        <ele>1269.2</ele>
        <time>2022-08-09T01:16:22Z</time>
      </trkpt>
      <trkpt lat="48.0623" lon="-121.80915">
        <ele>1267.31</ele>
        <time>2022-08-09T01:16:40Z</time>
      </trkpt>
      <trkpt lat="48.06231" lon="-121.8092">
        <ele>1266.42</ele>
        <time>2022-08-09T01:16:42Z</time>
      </trkpt>
      <trkpt lat="48.06233" lon="-121.80924">
        <ele>1264.52</ele>
        <time>2022-08-09T01:16:46Z</time>
      </trkpt>
      <trkpt lat="48.06234" lon="-121.80928">
        <ele>1263.45</ele>
        <time>2022-08-09T01:16:49Z</time>
      </trkpt>
      <trkpt lat="48.06234" lon="-121.80932">
        <ele>1263.25</ele>
        <time>2022-08-09T01:16:51Z</time>
      </trkpt>
      <trkpt lat="48.06235" lon="-121.80937">
        <ele>1262.34</ele>
        <time>2022-08-09T01:16:56Z</time>
      </trkpt>
      <trkpt lat="48.06236" lon="-121.80941">
        <ele>1261.58</ele>
        <time>2022-08-09T01:17:00Z</time>
      </trkpt>
      <trkpt lat="48.06238" lon="-121.80946">
        <ele>1260.07</ele>
        <time>2022-08-09T01:17:04Z</time>
      </trkpt>
      <trkpt lat="48.06239" lon="-121.80951">
        <ele>1259.32</ele>
        <time>2022-08-09T01:17:07Z</time>
      </trkpt>
      <trkpt lat="48.06239" lon="-121.80955">
        <ele>1259.32</ele>
        <time>2022-08-09T01:17:10Z</time>
      </trkpt>
      <trkpt lat="48.06238" lon="-121.8096">
        <ele>1260.07</ele>
        <time>2022-08-09T01:17:14Z</time>
      </trkpt>
      <trkpt lat="48.06238" lon="-121.80965">
        <ele>1260.01</ele>
        <time>2022-08-09T01:17:16Z</time>
      </trkpt>
      <trkpt lat="48.06238" lon="-121.80969">
        <ele>1259.88</ele>
        <time>2022-08-09T01:17:18Z</time>
      </trkpt>
      <trkpt lat="48.06238" lon="-121.80974">
        <ele>1259.53</ele>
        <time>2022-08-09T01:17:21Z</time>
      </trkpt>
      <trkpt lat="48.06238" lon="-121.80979">
        <ele>1258.83</ele>
        <time>2022-08-09T01:17:24Z</time>
      </trkpt>
      <trkpt lat="48.06238" lon="-121.80983">
        <ele>1258.32</ele>
        <time>2022-08-09T01:17:28Z</time>
      </trkpt>
      <trkpt lat="48.06236" lon="-121.80986">
        <ele>1259.07</ele>
        <time>2022-08-09T01:17:47Z</time>
      </trkpt>
      <trkpt lat="48.06235" lon="-121.8099">
        <ele>1259.18</ele>
        <time>2022-08-09T01:17:52Z</time>
      </trkpt>
      <trkpt lat="48.06235" lon="-121.80995">
        <ele>1258.64</ele>
        <time>2022-08-09T01:17:55Z</time>
      </trkpt>
      <trkpt lat="48.06234" lon="-121.81">
        <ele>1258.64</ele>
        <time>2022-08-09T01:17:57Z</time>
      </trkpt>
      <trkpt lat="48.06234" lon="-121.81004">
        <ele>1258.21</ele>
        <time>2022-08-09T01:17:59Z</time>
      </trkpt>
      <trkpt lat="48.06233" lon="-121.81009">
        <ele>1258.21</ele>
        <time>2022-08-09T01:18:02Z</time>
      </trkpt>
      <trkpt lat="48.06231" lon="-121.81012">
        <ele>1258.91</ele>
        <time>2022-08-09T01:18:06Z</time>
      </trkpt>
      <trkpt lat="48.06228" lon="-121.81014">
        <ele>1259.99</ele>
        <time>2022-08-09T01:18:10Z</time>
      </trkpt>
      <trkpt lat="48.06228" lon="-121.81019">
        <ele>1259.43</ele>
        <time>2022-08-09T01:18:13Z</time>
      </trkpt>
      <trkpt lat="48.06228" lon="-121.81023">
        <ele>1258.84</ele>
        <time>2022-08-09T01:18:33Z</time>
      </trkpt>
      <trkpt lat="48.06229" lon="-121.81027">
        <ele>1257.91</ele>
        <time>2022-08-09T01:19:46Z</time>
      </trkpt>
      <trkpt lat="48.06228" lon="-121.81031">
        <ele>1257.56</ele>
        <time>2022-08-09T01:19:51Z</time>
      </trkpt>
      <trkpt lat="48.06227" lon="-121.81036">
        <ele>1257.11</ele>
        <time>2022-08-09T01:19:56Z</time>
      </trkpt>
      <trkpt lat="48.06226" lon="-121.81039">
        <ele>1257.03</ele>
        <time>2022-08-09T01:20:01Z</time>
      </trkpt>
      <trkpt lat="48.06224" lon="-121.81042">
        <ele>1257.26</ele>
        <time>2022-08-09T01:20:07Z</time>
      </trkpt>
      <trkpt lat="48.06222" lon="-121.81045">
        <ele>1257.37</ele>
        <time>2022-08-09T01:20:11Z</time>
      </trkpt>
      <trkpt lat="48.06221" lon="-121.81049">
        <ele>1257.2</ele>
        <time>2022-08-09T01:20:15Z</time>
      </trkpt>
      <trkpt lat="48.06219" lon="-121.81054">
        <ele>1257.27</ele>
        <time>2022-08-09T01:20:19Z</time>
      </trkpt>
      <trkpt lat="48.06218" lon="-121.81059">
        <ele>1256.79</ele>
        <time>2022-08-09T01:20:23Z</time>
      </trkpt>
      <trkpt lat="48.06216" lon="-121.81063">
        <ele>1256.95</ele>
        <time>2022-08-09T01:20:26Z</time>
      </trkpt>
      <trkpt lat="48.06215" lon="-121.81067">
        <ele>1256.65</ele>
        <time>2022-08-09T01:20:28Z</time>
      </trkpt>
      <trkpt lat="48.06213" lon="-121.81072">
        <ele>1256.43</ele>
        <time>2022-08-09T01:20:31Z</time>
      </trkpt>
      <trkpt lat="48.06211" lon="-121.81075">
        <ele>1256.15</ele>
        <time>2022-08-09T01:20:34Z</time>
      </trkpt>
      <trkpt lat="48.06209" lon="-121.81079">
        <ele>1255.49</ele>
        <time>2022-08-09T01:20:37Z</time>
      </trkpt>
      <trkpt lat="48.06206" lon="-121.81082">
        <ele>1255.58</ele>
        <time>2022-08-09T01:20:41Z</time>
      </trkpt>
      <trkpt lat="48.06205" lon="-121.81086">
        <ele>1255.0</ele>
        <time>2022-08-09T01:20:46Z</time>
      </trkpt>
      <trkpt lat="48.06204" lon="-121.81091">
        <ele>1254.25</ele>
        <time>2022-08-09T01:20:50Z</time>
      </trkpt>
      <trkpt lat="48.06202" lon="-121.81095">
        <ele>1253.59</ele>
        <time>2022-08-09T01:20:53Z</time>
      </trkpt>
      <trkpt lat="48.06201" lon="-121.81099">
        <ele>1252.51</ele>
        <time>2022-08-09T01:20:57Z</time>
      </trkpt>
      <trkpt lat="48.062" lon="-121.81103">
        <ele>1251.5</ele>
        <time>2022-08-09T01:21:02Z</time>
      </trkpt>
      <trkpt lat="48.06198" lon="-121.81106">
        <ele>1251.06</ele>
        <time>2022-08-09T01:21:06Z</time>
      </trkpt>
      <trkpt lat="48.06196" lon="-121.81109">
        <ele>1250.48</ele>
        <time>2022-08-09T01:21:10Z</time>
      </trkpt>
      <trkpt lat="48.06195" lon="-121.81113">
        <ele>1249.33</ele>
        <time>2022-08-09T01:21:15Z</time>
      </trkpt>
      <trkpt lat="48.06195" lon="-121.81118">
        <ele>1247.71</ele>
        <time>2022-08-09T01:21:18Z</time>
      </trkpt>
      <trkpt lat="48.06194" lon="-121.81122">
        <ele>1246.53</ele>
        <time>2022-08-09T01:21:21Z</time>
      </trkpt>
      <trkpt lat="48.06193" lon="-121.81126">
        <ele>1245.43</ele>
        <time>2022-08-09T01:21:25Z</time>
      </trkpt>
      <trkpt lat="48.06192" lon="-121.8113">
        <ele>1244.41</ele>
        <time>2022-08-09T01:21:32Z</time>
      </trkpt>
      <trkpt lat="48.06192" lon="-121.81134">
        <ele>1243.11</ele>
        <time>2022-08-09T01:21:36Z</time>
      </trkpt>
      <trkpt lat="48.06192" lon="-121.81139">
        <ele>1241.49</ele>
        <time>2022-08-09T01:21:41Z</time>
      </trkpt>
      <trkpt lat="48.06192" lon="-121.81143">
        <ele>1239.99</ele>
        <time>2022-08-09T01:21:45Z</time>
      </trkpt>
      <trkpt lat="48.06193" lon="-121.81148">
        <ele>1237.68</ele>
        <time>2022-08-09T01:21:48Z</time>
      </trkpt>
      <trkpt lat="48.06194" lon="-121.81153">
        <ele>1235.65</ele>
        <time>2022-08-09T01:21:51Z</time>
      </trkpt>
      <trkpt lat="48.06193" lon="-121.81156">
        <ele>1235.21</ele>
        <time>2022-08-09T01:21:57Z</time>
      </trkpt>
      <trkpt lat="48.06191" lon="-121.8116">
        <ele>1235.3</ele>
        <time>2022-08-09T01:22:01Z</time>
      </trkpt>
      <trkpt lat="48.06189" lon="-121.81164">
        <ele>1235.52</ele>
        <time>2022-08-09T01:22:04Z</time>
      </trkpt>
      <trkpt lat="48.06186" lon="-121.81167">
        <ele>1236.52</ele>
        <time>2022-08-09T01:22:07Z</time>
      </trkpt>
      <trkpt lat="48.06185" lon="-121.81172">
        <ele>1236.47</ele>
        <time>2022-08-09T01:22:10Z</time>
      </trkpt>
      <trkpt lat="48.06184" lon="-121.81176">
        <ele>1236.24</ele>
        <time>2022-08-09T01:22:14Z</time>
      </trkpt>
      <trkpt lat="48.06183" lon="-121.8118">
        <ele>1235.59</ele>
        <time>2022-08-09T01:22:19Z</time>
      </trkpt>
      <trkpt lat="48.06182" lon="-121.81185">
        <ele>1234.73</ele>
        <time>2022-08-09T01:22:24Z</time>
      </trkpt>
      <trkpt lat="48.06182" lon="-121.8119">
        <ele>1233.65</ele>
        <time>2022-08-09T01:22:28Z</time>
      </trkpt>
      <trkpt lat="48.06181" lon="-121.81194">
        <ele>1233.0</ele>
        <time>2022-08-09T01:22:32Z</time>
      </trkpt>
      <trkpt lat="48.0618" lon="-121.81198">
        <ele>1231.97</ele>
        <time>2022-08-09T01:22:38Z</time>
      </trkpt>
      <trkpt lat="48.06179" lon="-121.81202">
        <ele>1230.89</ele>
        <time>2022-08-09T01:22:42Z</time>
      </trkpt>
      <trkpt lat="48.06177" lon="-121.81207">
        <ele>1230.06</ele>
        <time>2022-08-09T01:22:45Z</time>
      </trkpt>
      <trkpt lat="48.06175" lon="-121.81211">
        <ele>1229.65</ele>
        <time>2022-08-09T01:22:49Z</time>
      </trkpt>
      <trkpt lat="48.06174" lon="-121.81215">
        <ele>1228.8</ele>
        <time>2022-08-09T01:22:54Z</time>
      </trkpt>
      <trkpt lat="48.06173" lon="-121.81219">
        <ele>1227.88</ele>
        <time>2022-08-09T01:22:58Z</time>
      </trkpt>
      <trkpt lat="48.06172" lon="-121.81223">
        <ele>1227.02</ele>
        <time>2022-08-09T01:23:02Z</time>
      </trkpt>
      <trkpt lat="48.06171" lon="-121.81227">
        <ele>1226.05</ele>
        <time>2022-08-09T01:23:09Z</time>
      </trkpt>
      <trkpt lat="48.06171" lon="-121.81232">
        <ele>1224.43</ele>
        <time>2022-08-09T01:23:14Z</time>
      </trkpt>
      <trkpt lat="48.0617" lon="-121.81236">
        <ele>1223.46</ele>
        <time>2022-08-09T01:23:20Z</time>
      </trkpt>
      <trkpt lat="48.06168" lon="-121.81239">
        <ele>1223.13</ele>
        <time>2022-08-09T01:23:25Z</time>
      </trkpt>
      <trkpt lat="48.06166" lon="-121.81244">
        <ele>1221.76</ele>
        <time>2022-08-09T01:23:29Z</time>
      </trkpt>
      <trkpt lat="48.06163" lon="-121.81246">
        <ele>1221.74</ele>
        <time>2022-08-09T01:23:33Z</time>
      </trkpt>
      <trkpt lat="48.06159" lon="-121.81246">
        <ele>1222.85</ele>
        <time>2022-08-09T01:23:39Z</time>
      </trkpt>
      <trkpt lat="48.06157" lon="-121.81247">
        <ele>1223.05</ele>
        <time>2022-08-09T01:23:42Z</time>
      </trkpt>
      <trkpt lat="48.06154" lon="-121.81249">
        <ele>1223.02</ele>
        <time>2022-08-09T01:23:45Z</time>
      </trkpt>
      <trkpt lat="48.06152" lon="-121.81252">
        <ele>1222.52</ele>
        <time>2022-08-09T01:23:48Z</time>
      </trkpt>
      <trkpt lat="48.06149" lon="-121.81254">
        <ele>1222.52</ele>
        <time>2022-08-09T01:23:52Z</time>
      </trkpt>
      <trkpt lat="48.06147" lon="-121.81255">
        <ele>1222.5</ele>
        <time>2022-08-09T01:23:56Z</time>
      </trkpt>
      <trkpt lat="48.06144" lon="-121.81257">
        <ele>1222.18</ele>
        <time>2022-08-09T01:24:00Z</time>
      </trkpt>
      <trkpt lat="48.06141" lon="-121.81259">
        <ele>1221.86</ele>
        <time>2022-08-09T01:24:04Z</time>
      </trkpt>
      <trkpt lat="48.06138" lon="-121.81261">
        <ele>1221.51</ele>
        <time>2022-08-09T01:24:08Z</time>
      </trkpt>
      <trkpt lat="48.06135" lon="-121.81263">
        <ele>1221.04</ele>
        <time>2022-08-09T01:24:12Z</time>
      </trkpt>
      <trkpt lat="48.06133" lon="-121.81266">
        <ele>1219.99</ele>
        <time>2022-08-09T01:24:17Z</time>
      </trkpt>
      <trkpt lat="48.06134" lon="-121.8127">
        <ele>1218.6</ele>
        <time>2022-08-09T01:24:26Z</time>
      </trkpt>
      <trkpt lat="48.06133" lon="-121.81274">
        <ele>1217.6</ele>
        <time>2022-08-09T01:24:31Z</time>
      </trkpt>
      <trkpt lat="48.0613" lon="-121.81276">
        <ele>1217.35</ele>
        <time>2022-08-09T01:24:35Z</time>
      </trkpt>
      <trkpt lat="48.06127" lon="-121.81277">
        <ele>1217.19</ele>
        <time>2022-08-09T01:24:39Z</time>
      </trkpt>
      <trkpt lat="48.06125" lon="-121.8128">
        <ele>1216.4</ele>
        <time>2022-08-09T01:24:45Z</time>
      </trkpt>
      <trkpt lat="48.06124" lon="-121.81284">
        <ele>1215.39</ele>
        <time>2022-08-09T01:24:55Z</time>
      </trkpt>
      <trkpt lat="48.06121" lon="-121.81285">
        <ele>1215.39</ele>
        <time>2022-08-09T01:25:01Z</time>
      </trkpt>
      <trkpt lat="48.06118" lon="-121.81287">
        <ele>1215.01</ele>
        <time>2022-08-09T01:25:08Z</time>
      </trkpt>
      <trkpt lat="48.06116" lon="-121.8129">
        <ele>1214.36</ele>
        <time>2022-08-09T01:25:14Z</time>
      </trkpt>
      <trkpt lat="48.06113" lon="-121.8129">
        <ele>1214.36</ele>
        <time>2022-08-09T01:25:21Z</time>
      </trkpt>
      <trkpt lat="48.06111" lon="-121.81293">
        <ele>1213.72</ele>
        <time>2022-08-09T01:25:34Z</time>
      </trkpt>
      <trkpt lat="48.06108" lon="-121.81295">
        <ele>1213.33</ele>
        <time>2022-08-09T01:25:37Z</time>
      </trkpt>
      <trkpt lat="48.06106" lon="-121.81297">
        <ele>1212.85</ele>
        <time>2022-08-09T01:25:40Z</time>
      </trkpt>
      <trkpt lat="48.06102" lon="-121.81298">
        <ele>1212.63</ele>
        <time>2022-08-09T01:25:43Z</time>
      </trkpt>
      <trkpt lat="48.061" lon="-121.81299">
        <ele>1212.36</ele>
        <time>2022-08-09T01:25:46Z</time>
      </trkpt>
      <trkpt lat="48.06097" lon="-121.81299">
        <ele>1212.26</ele>
        <time>2022-08-09T01:25:48Z</time>
      </trkpt>
      <trkpt lat="48.06095" lon="-121.81302">
        <ele>1211.31</ele>
        <time>2022-08-09T01:25:54Z</time>
      </trkpt>
      <trkpt lat="48.06092" lon="-121.81302">
        <ele>1211.13</ele>
        <time>2022-08-09T01:26:01Z</time>
      </trkpt>
      <trkpt lat="48.06089" lon="-121.81303">
        <ele>1210.72</ele>
        <time>2022-08-09T01:26:05Z</time>
      </trkpt>
      <trkpt lat="48.06086" lon="-121.81304">
        <ele>1210.38</ele>
        <time>2022-08-09T01:26:09Z</time>
      </trkpt>
      <trkpt lat="48.06084" lon="-121.81305">
        <ele>1210.12</ele>
        <time>2022-08-09T01:26:12Z</time>
      </trkpt>
      <trkpt lat="48.0608" lon="-121.81305">
        <ele>1209.78</ele>
        <time>2022-08-09T01:26:16Z</time>
      </trkpt>
      <trkpt lat="48.06077" lon="-121.81306">
        <ele>1209.17</ele>
        <time>2022-08-09T01:26:20Z</time>
      </trkpt>
      <trkpt lat="48.06074" lon="-121.81307">
        <ele>1208.52</ele>
        <time>2022-08-09T01:26:23Z</time>
      </trkpt>
      <trkpt lat="48.06071" lon="-121.81308">
        <ele>1207.88</ele>
        <time>2022-08-09T01:26:28Z</time>
      </trkpt>
      <trkpt lat="48.06068" lon="-121.81309">
        <ele>1207.23</ele>
        <time>2022-08-09T01:26:32Z</time>
      </trkpt>
      <trkpt lat="48.06065" lon="-121.8131">
        <ele>1206.58</ele>
        <time>2022-08-09T01:26:36Z</time>
      </trkpt>
      <trkpt lat="48.06062" lon="-121.8131">
        <ele>1206.26</ele>
        <time>2022-08-09T01:26:41Z</time>
      </trkpt>
      <trkpt lat="48.06059" lon="-121.8131">
        <ele>1205.93</ele>
        <time>2022-08-09T01:26:45Z</time>
      </trkpt>
      <trkpt lat="48.06056" lon="-121.81311">
        <ele>1205.28</ele>
        <time>2022-08-09T01:26:49Z</time>
      </trkpt>
      <trkpt lat="48.06053" lon="-121.81313">
        <ele>1204.31</ele>
        <time>2022-08-09T01:26:53Z</time>
      </trkpt>
      <trkpt lat="48.06051" lon="-121.81317">
        <ele>1203.04</ele>
        <time>2022-08-09T01:26:59Z</time>
      </trkpt>
      <trkpt lat="48.06049" lon="-121.81319">
        <ele>1202.39</ele>
        <time>2022-08-09T01:27:03Z</time>
      </trkpt>
      <trkpt lat="48.06046" lon="-121.8132">
        <ele>1201.85</ele>
        <time>2022-08-09T01:27:07Z</time>
      </trkpt>
      <trkpt lat="48.06043" lon="-121.8132">
        <ele>1201.52</ele>
        <time>2022-08-09T01:27:12Z</time>
      </trkpt>
      <trkpt lat="48.06041" lon="-121.81323">
        <ele>1200.66</ele>
        <time>2022-08-09T01:27:16Z</time>
      </trkpt>
      <trkpt lat="48.06038" lon="-121.81324">
        <ele>1200.12</ele>
        <time>2022-08-09T01:27:19Z</time>
      </trkpt>
      <trkpt lat="48.06035" lon="-121.81325">
        <ele>1199.48</ele>
        <time>2022-08-09T01:27:22Z</time>
      </trkpt>
      <trkpt lat="48.06032" lon="-121.81325">
        <ele>1199.16</ele>
        <time>2022-08-09T01:27:27Z</time>
      </trkpt>
      <trkpt lat="48.06029" lon="-121.81327">
        <ele>1198.18</ele>
        <time>2022-08-09T01:27:30Z</time>
      </trkpt>
      <trkpt lat="48.06025" lon="-121.81327">
        <ele>1197.75</ele>
        <time>2022-08-09T01:27:34Z</time>
      </trkpt>
      <trkpt lat="48.06023" lon="-121.81324">
        <ele>1198.5</ele>
        <time>2022-08-09T01:27:36Z</time>
      </trkpt>
      <trkpt lat="48.0602" lon="-121.81324">
        <ele>1198.18</ele>
        <time>2022-08-09T01:27:39Z</time>
      </trkpt>
      <trkpt lat="48.06017" lon="-121.81325">
        <ele>1197.37</ele>
        <time>2022-08-09T01:27:43Z</time>
      </trkpt>
      <trkpt lat="48.06014" lon="-121.81326">
        <ele>1196.4</ele>
        <time>2022-08-09T01:27:48Z</time>
      </trkpt>
      <trkpt lat="48.0601" lon="-121.81326">
        <ele>1195.54</ele>
        <time>2022-08-09T01:27:52Z</time>
      </trkpt>
      <trkpt lat="48.06008" lon="-121.81327">
        <ele>1194.64</ele>
        <time>2022-08-09T01:27:56Z</time>
      </trkpt>
      <trkpt lat="48.06005" lon="-121.81326">
        <ele>1194.0</ele>
        <time>2022-08-09T01:27:59Z</time>
      </trkpt>
      <trkpt lat="48.06002" lon="-121.81327">
        <ele>1192.7</ele>
        <time>2022-08-09T01:28:03Z</time>
      </trkpt>
      <trkpt lat="48.05999" lon="-121.81329">
        <ele>1191.13</ele>
        <time>2022-08-09T01:28:08Z</time>
      </trkpt>
      <trkpt lat="48.05996" lon="-121.8133">
        <ele>1189.94</ele>
        <time>2022-08-09T01:28:12Z</time>
      </trkpt>
      <trkpt lat="48.05992" lon="-121.8133">
        <ele>1188.8</ele>
        <time>2022-08-09T01:28:15Z</time>
      </trkpt>
      <trkpt lat="48.05989" lon="-121.81329">
        <ele>1188.31</ele>
        <time>2022-08-09T01:28:18Z</time>
      </trkpt>
      <trkpt lat="48.05988" lon="-121.81325">
        <ele>1189.71</ele>
        <time>2022-08-09T01:28:25Z</time>
      </trkpt>
      <trkpt lat="48.05986" lon="-121.81322">
        <ele>1190.36</ele>
        <time>2022-08-09T01:28:31Z</time>
      </trkpt>
      <trkpt lat="48.05983" lon="-121.81324">
        <ele>1188.52</ele>
        <time>2022-08-09T01:28:42Z</time>
      </trkpt>
      <trkpt lat="48.05981" lon="-121.81325">
        <ele>1187.44</ele>
        <time>2022-08-09T01:28:52Z</time>
      </trkpt>
      <trkpt lat="48.05977" lon="-121.81326">
        <ele>1185.72</ele>
        <time>2022-08-09T01:29:00Z</time>
      </trkpt>
      <trkpt lat="48.05975" lon="-121.81325">
        <ele>1185.5</ele>
        <time>2022-08-09T01:29:09Z</time>
      </trkpt>
      <trkpt lat="48.05972" lon="-121.81326">
        <ele>1184.1</ele>
        <time>2022-08-09T01:29:17Z</time>
      </trkpt>
      <trkpt lat="48.05969" lon="-121.81327">
        <ele>1182.8</ele>
        <time>2022-08-09T01:29:24Z</time>
      </trkpt>
      <trkpt lat="48.05966" lon="-121.81325">
        <ele>1182.65</ele>
        <time>2022-08-09T01:30:05Z</time>
      </trkpt>
      <trkpt lat="48.05964" lon="-121.81324">
        <ele>1182.36</ele>
        <time>2022-08-09T01:30:10Z</time>
      </trkpt>
      <trkpt lat="48.05961" lon="-121.81321">
        <ele>1182.57</ele>
        <time>2022-08-09T01:30:17Z</time>
      </trkpt>
      <trkpt lat="48.05959" lon="-121.8132">
        <ele>1182.46</ele>
        <time>2022-08-09T01:30:26Z</time>
      </trkpt>
      <trkpt lat="48.05956" lon="-121.81321">
        <ele>1181.49</ele>
        <time>2022-08-09T01:30:36Z</time>
      </trkpt>
      <trkpt lat="48.05952" lon="-121.81321">
        <ele>1180.57</ele>
        <time>2022-08-09T01:30:43Z</time>
      </trkpt>
      <trkpt lat="48.0595" lon="-121.81322">
        <ele>1179.78</ele>
        <time>2022-08-09T01:30:47Z</time>
      </trkpt>
      <trkpt lat="48.05947" lon="-121.81321">
        <ele>1179.31</ele>
        <time>2022-08-09T01:30:54Z</time>
      </trkpt>
      <trkpt lat="48.05944" lon="-121.81319">
        <ele>1178.98</ele>
        <time>2022-08-09T01:31:03Z</time>
      </trkpt>
      <trkpt lat="48.05942" lon="-121.81322">
        <ele>1177.72</ele>
        <time>2022-08-09T01:31:18Z</time>
      </trkpt>
      <trkpt lat="48.05943" lon="-121.81327">
        <ele>1176.63</ele>
        <time>2022-08-09T01:31:22Z</time>
      </trkpt>
      <trkpt lat="48.05944" lon="-121.81331">
        <ele>1175.65</ele>
        <time>2022-08-09T01:31:28Z</time>
      </trkpt>
      <trkpt lat="48.05945" lon="-121.81336">
        <ele>1174.27</ele>
        <time>2022-08-09T01:31:31Z</time>
      </trkpt>
      <trkpt lat="48.05946" lon="-121.8134">
        <ele>1173.3</ele>
        <time>2022-08-09T01:31:37Z</time>
      </trkpt>
      <trkpt lat="48.05947" lon="-121.81345">
        <ele>1172.24</ele>
        <time>2022-08-09T01:31:43Z</time>
      </trkpt>
      <trkpt lat="48.05948" lon="-121.81348">
        <ele>1171.76</ele>
        <time>2022-08-09T01:31:54Z</time>
      </trkpt>
      <trkpt lat="48.05951" lon="-121.81348">
        <ele>1172.54</ele>
        <time>2022-08-09T01:32:02Z</time>
      </trkpt>
      <trkpt lat="48.05953" lon="-121.81352">
        <ele>1171.82</ele>
        <time>2022-08-09T01:32:05Z</time>
      </trkpt>
      <trkpt lat="48.05955" lon="-121.81355">
        <ele>1171.6</ele>
        <time>2022-08-09T01:32:08Z</time>
      </trkpt>
      <trkpt lat="48.05955" lon="-121.81359">
        <ele>1170.74</ele>
        <time>2022-08-09T01:32:11Z</time>
      </trkpt>
      <trkpt lat="48.05956" lon="-121.81364">
        <ele>1169.64</ele>
        <time>2022-08-09T01:32:18Z</time>
      </trkpt>
      <trkpt lat="48.05957" lon="-121.81369">
        <ele>1168.46</ele>
        <time>2022-08-09T01:32:23Z</time>
      </trkpt>
      <trkpt lat="48.05958" lon="-121.81373">
        <ele>1167.69</ele>
        <time>2022-08-09T01:32:28Z</time>
      </trkpt>
      <trkpt lat="48.05959" lon="-121.81377">
        <ele>1166.87</ele>
        <time>2022-08-09T01:32:37Z</time>
      </trkpt>
      <trkpt lat="48.05961" lon="-121.81381">
        <ele>1166.28</ele>
        <time>2022-08-09T01:32:43Z</time>
      </trkpt>
      <trkpt lat="48.05963" lon="-121.81384">
        <ele>1166.07</ele>
        <time>2022-08-09T01:32:50Z</time>
      </trkpt>
      <trkpt lat="48.05965" lon="-121.81387">
        <ele>1165.89</ele>
        <time>2022-08-09T01:32:54Z</time>
      </trkpt>
      <trkpt lat="48.05967" lon="-121.81391">
        <ele>1165.19</ele>
        <time>2022-08-09T01:32:59Z</time>
      </trkpt>
      <trkpt lat="48.05969" lon="-121.81394">
        <ele>1164.65</ele>
        <time>2022-08-09T01:33:06Z</time>
      </trkpt>
      <trkpt lat="48.0597" lon="-121.81398">
        <ele>1163.57</ele>
        <time>2022-08-09T01:33:10Z</time>
      </trkpt>
      <trkpt lat="48.05972" lon="-121.81403">
        <ele>1162.38</ele>
        <time>2022-08-09T01:33:15Z</time>
      </trkpt>
      <trkpt lat="48.05974" lon="-121.81406">
        <ele>1161.84</ele>
        <time>2022-08-09T01:33:19Z</time>
      </trkpt>
      <trkpt lat="48.05975" lon="-121.8141">
        <ele>1160.76</ele>
        <time>2022-08-09T01:33:23Z</time>
      </trkpt>
      <trkpt lat="48.05977" lon="-121.81413">
        <ele>1160.22</ele>
        <time>2022-08-09T01:33:26Z</time>
      </trkpt>
      <trkpt lat="48.05979" lon="-121.81416">
        <ele>1159.68</ele>
        <time>2022-08-09T01:33:28Z</time>
      </trkpt>
      <trkpt lat="48.05982" lon="-121.81419">
        <ele>1159.3</ele>
        <time>2022-08-09T01:33:31Z</time>
      </trkpt>
      <trkpt lat="48.05984" lon="-121.81421">
        <ele>1158.87</ele>
        <time>2022-08-09T01:33:34Z</time>
      </trkpt>
      <trkpt lat="48.05986" lon="-121.81424">
        <ele>1158.11</ele>
        <time>2022-08-09T01:33:39Z</time>
      </trkpt>
      <trkpt lat="48.05989" lon="-121.81428">
        <ele>1157.59</ele>
        <time>2022-08-09T01:33:42Z</time>
      </trkpt>
      <trkpt lat="48.05991" lon="-121.81431">
        <ele>1157.48</ele>
        <time>2022-08-09T01:33:46Z</time>
      </trkpt>
      <trkpt lat="48.05994" lon="-121.81433">
        <ele>1157.4</ele>
        <time>2022-08-09T01:33:50Z</time>
      </trkpt>
      <trkpt lat="48.05997" lon="-121.81435">
        <ele>1157.05</ele>
        <time>2022-08-09T01:33:55Z</time>
      </trkpt>
      <trkpt lat="48.05999" lon="-121.8144">
        <ele>1156.42</ele>
        <time>2022-08-09T01:33:58Z</time>
      </trkpt>
      <trkpt lat="48.06002" lon="-121.81442">
        <ele>1156.32</ele>
        <time>2022-08-09T01:34:02Z</time>
      </trkpt>
      <trkpt lat="48.06005" lon="-121.81445">
        <ele>1155.91</ele>
        <time>2022-08-09T01:34:05Z</time>
      </trkpt>
      <trkpt lat="48.06008" lon="-121.81448">
        <ele>1155.56</ele>
        <time>2022-08-09T01:34:09Z</time>
      </trkpt>
      <trkpt lat="48.0601" lon="-121.8145">
        <ele>1155.48</ele>
        <time>2022-08-09T01:34:13Z</time>
      </trkpt>
      <trkpt lat="48.06012" lon="-121.81455">
        <ele>1155.11</ele>
        <time>2022-08-09T01:34:17Z</time>
      </trkpt>
      <trkpt lat="48.06014" lon="-121.81458">
        <ele>1154.81</ele>
        <time>2022-08-09T01:34:28Z</time>
      </trkpt>
      <trkpt lat="48.06016" lon="-121.81461">
        <ele>1154.37</ele>
        <time>2022-08-09T01:34:32Z</time>
      </trkpt>
      <trkpt lat="48.06017" lon="-121.81465">
        <ele>1153.74</ele>
        <time>2022-08-09T01:34:34Z</time>
      </trkpt>
      <trkpt lat="48.06019" lon="-121.81468">
        <ele>1153.51</ele>
        <time>2022-08-09T01:34:37Z</time>
      </trkpt>
      <trkpt lat="48.06021" lon="-121.81472">
        <ele>1153.29</ele>
        <time>2022-08-09T01:34:41Z</time>
      </trkpt>
      <trkpt lat="48.06023" lon="-121.81476">
        <ele>1152.88</ele>
        <time>2022-08-09T01:34:46Z</time>
      </trkpt>
      <trkpt lat="48.06025" lon="-121.81481">
        <ele>1152.09</ele>
        <time>2022-08-09T01:34:54Z</time>
      </trkpt>
      <trkpt lat="48.06027" lon="-121.81484">
        <ele>1151.71</ele>
        <time>2022-08-09T01:34:56Z</time>
      </trkpt>
      <trkpt lat="48.06028" lon="-121.81489">
        <ele>1151.21</ele>
        <time>2022-08-09T01:35:01Z</time>
      </trkpt>
      <trkpt lat="48.0603" lon="-121.81493">
        <ele>1150.94</ele>
        <time>2022-08-09T01:35:05Z</time>
      </trkpt>
      <trkpt lat="48.06032" lon="-121.81498">
        <ele>1150.31</ele>
        <time>2022-08-09T01:35:10Z</time>
      </trkpt>
      <trkpt lat="48.06034" lon="-121.815">
        <ele>1150.0</ele>
        <time>2022-08-09T01:35:13Z</time>
      </trkpt>
      <trkpt lat="48.06036" lon="-121.81503">
        <ele>1149.68</ele>
        <time>2022-08-09T01:35:16Z</time>
      </trkpt>
      <trkpt lat="48.06038" lon="-121.81506">
        <ele>1149.46</ele>
        <time>2022-08-09T01:35:19Z</time>
      </trkpt>
      <trkpt lat="48.0604" lon="-121.81511">
        <ele>1149.07</ele>
        <time>2022-08-09T01:35:23Z</time>
      </trkpt>
      <trkpt lat="48.06042" lon="-121.81514">
        <ele>1148.75</ele>
        <time>2022-08-09T01:35:26Z</time>
      </trkpt>
      <trkpt lat="48.06044" lon="-121.81516">
        <ele>1148.48</ele>
        <time>2022-08-09T01:35:29Z</time>
      </trkpt>
      <trkpt lat="48.06046" lon="-121.8152">
        <ele>1147.68</ele>
        <time>2022-08-09T01:35:32Z</time>
      </trkpt>
      <trkpt lat="48.06046" lon="-121.81524">
        <ele>1146.82</ele>
        <time>2022-08-09T01:35:34Z</time>
      </trkpt>
      <trkpt lat="48.06049" lon="-121.81527">
        <ele>1146.46</ele>
        <time>2022-08-09T01:35:37Z</time>
      </trkpt>
      <trkpt lat="48.06051" lon="-121.81529">
        <ele>1146.18</ele>
        <time>2022-08-09T01:35:41Z</time>
      </trkpt>
      <trkpt lat="48.06053" lon="-121.81533">
        <ele>1145.19</ele>
        <time>2022-08-09T01:35:44Z</time>
      </trkpt>
      <trkpt lat="48.06055" lon="-121.81536">
        <ele>1144.33</ele>
        <time>2022-08-09T01:35:48Z</time>
      </trkpt>
      <trkpt lat="48.06058" lon="-121.81537">
        <ele>1144.27</ele>
        <time>2022-08-09T01:35:51Z</time>
      </trkpt>
      <trkpt lat="48.0606" lon="-121.81539">
        <ele>1143.95</ele>
        <time>2022-08-09T01:35:53Z</time>
      </trkpt>
      <trkpt lat="48.06063" lon="-121.81541">
        <ele>1143.6</ele>
        <time>2022-08-09T01:35:56Z</time>
      </trkpt>
      <trkpt lat="48.06066" lon="-121.81544">
        <ele>1142.74</ele>
        <time>2022-08-09T01:35:59Z</time>
      </trkpt>
      <trkpt lat="48.06069" lon="-121.81547">
        <ele>1141.77</ele>
        <time>2022-08-09T01:36:02Z</time>
      </trkpt>
      <trkpt lat="48.06072" lon="-121.81548">
        <ele>1141.45</ele>
        <time>2022-08-09T01:36:04Z</time>
      </trkpt>
      <trkpt lat="48.06075" lon="-121.81551">
        <ele>1140.48</ele>
        <time>2022-08-09T01:36:06Z</time>
      </trkpt>
      <trkpt lat="48.06077" lon="-121.81553">
        <ele>1139.83</ele>
        <time>2022-08-09T01:36:08Z</time>
      </trkpt>
      <trkpt lat="48.06079" lon="-121.81556">
        <ele>1138.86</ele>
        <time>2022-08-09T01:36:10Z</time>
      </trkpt>
      <trkpt lat="48.06081" lon="-121.81559">
        <ele>1137.88</ele>
        <time>2022-08-09T01:36:12Z</time>
      </trkpt>
      <trkpt lat="48.06083" lon="-121.81563">
        <ele>1136.59</ele>
        <time>2022-08-09T01:36:14Z</time>
      </trkpt>
      <trkpt lat="48.06085" lon="-121.81567">
        <ele>1135.11</ele>
        <time>2022-08-09T01:36:17Z</time>
      </trkpt>
      <trkpt lat="48.06088" lon="-121.81568">
        <ele>1134.46</ele>
        <time>2022-08-09T01:36:22Z</time>
      </trkpt>
      <trkpt lat="48.06091" lon="-121.81566">
        <ele>1134.79</ele>
        <time>2022-08-09T01:36:25Z</time>
      </trkpt>
      <trkpt lat="48.06094" lon="-121.81569">
        <ele>1133.64</ele>
        <time>2022-08-09T01:36:29Z</time>
      </trkpt>
      <trkpt lat="48.06096" lon="-121.8157">
        <ele>1133.32</ele>
        <time>2022-08-09T01:36:35Z</time>
      </trkpt>
      <trkpt lat="48.061" lon="-121.8157">
        <ele>1133.32</ele>
        <time>2022-08-09T01:36:39Z</time>
      </trkpt>
      <trkpt lat="48.06103" lon="-121.8157">
        <ele>1133.2</ele>
        <time>2022-08-09T01:36:42Z</time>
      </trkpt>
      <trkpt lat="48.06106" lon="-121.81571">
        <ele>1132.55</ele>
        <time>2022-08-09T01:36:45Z</time>
      </trkpt>
      <trkpt lat="48.0611" lon="-121.81572">
        <ele>1131.79</ele>
        <time>2022-08-09T01:36:48Z</time>
      </trkpt>
      <trkpt lat="48.06113" lon="-121.81572">
        <ele>1131.51</ele>
        <time>2022-08-09T01:36:51Z</time>
      </trkpt>
      <trkpt lat="48.06117" lon="-121.81573">
        <ele>1130.79</ele>
        <time>2022-08-09T01:36:54Z</time>
      </trkpt>
      <trkpt lat="48.06119" lon="-121.81576">
        <ele>1129.52</ele>
        <time>2022-08-09T01:36:56Z</time>
      </trkpt>
      <trkpt lat="48.06123" lon="-121.81578">
        <ele>1128.61</ele>
        <time>2022-08-09T01:36:58Z</time>
      </trkpt>
      <trkpt lat="48.06126" lon="-121.81579">
        <ele>1128.08</ele>
        <time>2022-08-09T01:37:00Z</time>
      </trkpt>
      <trkpt lat="48.06129" lon="-121.81581">
        <ele>1127.06</ele>
        <time>2022-08-09T01:37:03Z</time>
      </trkpt>
      <trkpt lat="48.06132" lon="-121.81582">
        <ele>1126.58</ele>
        <time>2022-08-09T01:37:06Z</time>
      </trkpt>
      <trkpt lat="48.06135" lon="-121.81582">
        <ele>1126.58</ele>
        <time>2022-08-09T01:37:13Z</time>
      </trkpt>
      <trkpt lat="48.06138" lon="-121.81581">
        <ele>1127.01</ele>
        <time>2022-08-09T01:37:18Z</time>
      </trkpt>
      <trkpt lat="48.06141" lon="-121.81583">
        <ele>1126.37</ele>
        <time>2022-08-09T01:37:22Z</time>
      </trkpt>
      <trkpt lat="48.06143" lon="-121.81585">
        <ele>1125.8</ele>
        <time>2022-08-09T01:37:26Z</time>
      </trkpt>
      <trkpt lat="48.06146" lon="-121.81587">
        <ele>1125.49</ele>
        <time>2022-08-09T01:37:31Z</time>
      </trkpt>
      <trkpt lat="48.06149" lon="-121.81589">
        <ele>1125.35</ele>
        <time>2022-08-09T01:37:36Z</time>
      </trkpt>
      <trkpt lat="48.06152" lon="-121.81591">
        <ele>1125.35</ele>
        <time>2022-08-09T01:37:39Z</time>
      </trkpt>
      <trkpt lat="48.06155" lon="-121.81592">
        <ele>1125.67</ele>
        <time>2022-08-09T01:37:42Z</time>
      </trkpt>
      <trkpt lat="48.06158" lon="-121.81595">
        <ele>1125.35</ele>
        <time>2022-08-09T01:37:45Z</time>
      </trkpt>
      <trkpt lat="48.0616" lon="-121.81599">
        <ele>1124.48</ele>
        <time>2022-08-09T01:37:49Z</time>
      </trkpt>
      <trkpt lat="48.06162" lon="-121.81601">
        <ele>1124.27</ele>
        <time>2022-08-09T01:37:52Z</time>
      </trkpt>
      <trkpt lat="48.06165" lon="-121.81602">
        <ele>1124.61</ele>
        <time>2022-08-09T01:37:55Z</time>
      </trkpt>
      <trkpt lat="48.06168" lon="-121.81603">
        <ele>1125.02</ele>
        <time>2022-08-09T01:37:58Z</time>
      </trkpt>
      <trkpt lat="48.0617" lon="-121.81606">
        <ele>1124.66</ele>
        <time>2022-08-09T01:38:02Z</time>
      </trkpt>
      <trkpt lat="48.06172" lon="-121.8161">
        <ele>1123.89</ele>
        <time>2022-08-09T01:38:05Z</time>
      </trkpt>
      <trkpt lat="48.06175" lon="-121.81612">
        <ele>1123.71</ele>
        <time>2022-08-09T01:38:07Z</time>
      </trkpt>
      <trkpt lat="48.06178" lon="-121.81614">
        <ele>1123.6</ele>
        <time>2022-08-09T01:38:09Z</time>
      </trkpt>
      <trkpt lat="48.06181" lon="-121.81615">
        <ele>1123.71</ele>
        <time>2022-08-09T01:38:11Z</time>
      </trkpt>
      <trkpt lat="48.06184" lon="-121.81617">
        <ele>1123.6</ele>
        <time>2022-08-09T01:38:13Z</time>
      </trkpt>
      <trkpt lat="48.06186" lon="-121.81619">
        <ele>1123.38</ele>
        <time>2022-08-09T01:38:16Z</time>
      </trkpt>
      <trkpt lat="48.06189" lon="-121.81622">
        <ele>1123.06</ele>
        <time>2022-08-09T01:38:19Z</time>
      </trkpt>
      <trkpt lat="48.06192" lon="-121.81625">
        <ele>1122.74</ele>
        <time>2022-08-09T01:38:22Z</time>
      </trkpt>
      <trkpt lat="48.06196" lon="-121.81628">
        <ele>1122.49</ele>
        <time>2022-08-09T01:38:25Z</time>
      </trkpt>
      <trkpt lat="48.06198" lon="-121.81629">
        <ele>1122.49</ele>
        <time>2022-08-09T01:38:27Z</time>
      </trkpt>
      <trkpt lat="48.06201" lon="-121.8163">
        <ele>1122.63</ele>
        <time>2022-08-09T01:38:29Z</time>
      </trkpt>
      <trkpt lat="48.06204" lon="-121.81631">
        <ele>1122.67</ele>
        <time>2022-08-09T01:38:31Z</time>
      </trkpt>
      <trkpt lat="48.06208" lon="-121.81631">
        <ele>1122.24</ele>
        <time>2022-08-09T01:38:34Z</time>
      </trkpt>
      <trkpt lat="48.06211" lon="-121.81632">
        <ele>1121.7</ele>
        <time>2022-08-09T01:38:37Z</time>
      </trkpt>
      <trkpt lat="48.06215" lon="-121.81632">
        <ele>1121.27</ele>
        <time>2022-08-09T01:38:40Z</time>
      </trkpt>
      <trkpt lat="48.06218" lon="-121.81633">
        <ele>1120.73</ele>
        <time>2022-08-09T01:38:43Z</time>
      </trkpt>
      <trkpt lat="48.06222" lon="-121.81633">
        <ele>1120.3</ele>
        <time>2022-08-09T01:38:46Z</time>
      </trkpt>
      <trkpt lat="48.06225" lon="-121.81636">
        <ele>1119.32</ele>
        <time>2022-08-09T01:38:49Z</time>
      </trkpt>
      <trkpt lat="48.06227" lon="-121.8164">
        <ele>1118.24</ele>
        <time>2022-08-09T01:38:52Z</time>
      </trkpt>
      <trkpt lat="48.06229" lon="-121.81643">
        <ele>1117.38</ele>
        <time>2022-08-09T01:38:56Z</time>
      </trkpt>
      <trkpt lat="48.06232" lon="-121.81644">
        <ele>1116.84</ele>
        <time>2022-08-09T01:39:00Z</time>
      </trkpt>
      <trkpt lat="48.06235" lon="-121.81644">
        <ele>1116.52</ele>
        <time>2022-08-09T01:39:03Z</time>
      </trkpt>
      <trkpt lat="48.06238" lon="-121.81642">
        <ele>1116.62</ele>
        <time>2022-08-09T01:39:07Z</time>
      </trkpt>
      <trkpt lat="48.0624" lon="-121.8164">
        <ele>1116.84</ele>
        <time>2022-08-09T01:39:11Z</time>
      </trkpt>
      <trkpt lat="48.06244" lon="-121.81642">
        <ele>1115.98</ele>
        <time>2022-08-09T01:39:14Z</time>
      </trkpt>
      <trkpt lat="48.06247" lon="-121.81643">
        <ele>1115.44</ele>
        <time>2022-08-09T01:39:17Z</time>
      </trkpt>
      <trkpt lat="48.0625" lon="-121.81643">
        <ele>1115.11</ele>
        <time>2022-08-09T01:39:19Z</time>
      </trkpt>
      <trkpt lat="48.06253" lon="-121.81644">
        <ele>1114.43</ele>
        <time>2022-08-09T01:39:23Z</time>
      </trkpt>
      <trkpt lat="48.06256" lon="-121.81645">
        <ele>1113.81</ele>
        <time>2022-08-09T01:39:28Z</time>
      </trkpt>
      <trkpt lat="48.0626" lon="-121.81644">
        <ele>1113.29</ele>
        <time>2022-08-09T01:39:31Z</time>
      </trkpt>
      <trkpt lat="48.06263" lon="-121.81646">
        <ele>1112.42</ele>
        <time>2022-08-09T01:39:34Z</time>
      </trkpt>
      <trkpt lat="48.06265" lon="-121.81649">
        <ele>1111.63</ele>
        <time>2022-08-09T01:39:37Z</time>
      </trkpt>
      <trkpt lat="48.06269" lon="-121.8165">
        <ele>1110.7</ele>
        <time>2022-08-09T01:39:40Z</time>
      </trkpt>
      <trkpt lat="48.06271" lon="-121.81646">
        <ele>1110.7</ele>
        <time>2022-08-09T01:39:45Z</time>
      </trkpt>
      <trkpt lat="48.06273" lon="-121.81642">
        <ele>1110.7</ele>
        <time>2022-08-09T01:39:49Z</time>
      </trkpt>
      <trkpt lat="48.06274" lon="-121.81635">
        <ele>1111.24</ele>
        <time>2022-08-09T01:39:52Z</time>
      </trkpt>
      <trkpt lat="48.06273" lon="-121.81629">
        <ele>1112.1</ele>
        <time>2022-08-09T01:39:55Z</time>
      </trkpt>
      <trkpt lat="48.06273" lon="-121.81623">
        <ele>1112.75</ele>
        <time>2022-08-09T01:39:58Z</time>
      </trkpt>
      <trkpt lat="48.06274" lon="-121.81618">
        <ele>1112.92</ele>
        <time>2022-08-09T01:40:01Z</time>
      </trkpt>
      <trkpt lat="48.06275" lon="-121.81613">
        <ele>1112.84</ele>
        <time>2022-08-09T01:40:04Z</time>
      </trkpt>
      <trkpt lat="48.06277" lon="-121.8161">
        <ele>1112.37</ele>
        <time>2022-08-09T01:40:08Z</time>
      </trkpt>
      <trkpt lat="48.06279" lon="-121.81606">
        <ele>1112.16</ele>
        <time>2022-08-09T01:40:12Z</time>
      </trkpt>
      <trkpt lat="48.0628" lon="-121.816">
        <ele>1112.48</ele>
        <time>2022-08-09T01:40:15Z</time>
      </trkpt>
      <trkpt lat="48.0628" lon="-121.81596">
        <ele>1112.91</ele>
        <time>2022-08-09T01:40:18Z</time>
      </trkpt>
      <trkpt lat="48.06282" lon="-121.81593">
        <ele>1112.59</ele>
        <time>2022-08-09T01:40:22Z</time>
      </trkpt>
      <trkpt lat="48.06284" lon="-121.81589">
        <ele>1111.98</ele>
        <time>2022-08-09T01:40:25Z</time>
      </trkpt>
      <trkpt lat="48.06285" lon="-121.81586">
        <ele>1111.66</ele>
        <time>2022-08-09T01:40:29Z</time>
      </trkpt>
      <trkpt lat="48.06289" lon="-121.81585">
        <ele>1110.33</ele>
        <time>2022-08-09T01:40:34Z</time>
      </trkpt>
      <trkpt lat="48.06292" lon="-121.81586">
        <ele>1109.24</ele>
        <time>2022-08-09T01:40:36Z</time>
      </trkpt>
      <trkpt lat="48.06295" lon="-121.81586">
        <ele>1108.17</ele>
        <time>2022-08-09T01:40:38Z</time>
      </trkpt>
      <trkpt lat="48.06296" lon="-121.8159">
        <ele>1107.4</ele>
        <time>2022-08-09T01:40:45Z</time>
      </trkpt>
      <trkpt lat="48.06295" lon="-121.81596">
        <ele>1107.19</ele>
        <time>2022-08-09T01:40:49Z</time>
      </trkpt>
      <trkpt lat="48.06296" lon="-121.81601">
        <ele>1106.22</ele>
        <time>2022-08-09T01:40:53Z</time>
      </trkpt>
      <trkpt lat="48.06298" lon="-121.81604">
        <ele>1105.41</ele>
        <time>2022-08-09T01:40:58Z</time>
      </trkpt>
      <trkpt lat="48.063" lon="-121.81608">
        <ele>1104.53</ele>
        <time>2022-08-09T01:41:01Z</time>
      </trkpt>
      <trkpt lat="48.06301" lon="-121.81611">
        <ele>1103.97</ele>
        <time>2022-08-09T01:41:04Z</time>
      </trkpt>
      <trkpt lat="48.06304" lon="-121.81616">
        <ele>1102.58</ele>
        <time>2022-08-09T01:41:08Z</time>
      </trkpt>
      <trkpt lat="48.06306" lon="-121.81619">
        <ele>1101.82</ele>
        <time>2022-08-09T01:41:11Z</time>
      </trkpt>
      <trkpt lat="48.06307" lon="-121.81623">
        <ele>1101.14</ele>
        <time>2022-08-09T01:41:15Z</time>
      </trkpt>
      <trkpt lat="48.06309" lon="-121.81626">
        <ele>1100.13</ele>
        <time>2022-08-09T01:41:20Z</time>
      </trkpt>
      <trkpt lat="48.06311" lon="-121.81632">
        <ele>1099.24</ele>
        <time>2022-08-09T01:41:22Z</time>
      </trkpt>
      <trkpt lat="48.06313" lon="-121.81636">
        <ele>1098.59</ele>
        <time>2022-08-09T01:41:24Z</time>
      </trkpt>
      <trkpt lat="48.06315" lon="-121.8164">
        <ele>1097.94</ele>
        <time>2022-08-09T01:41:27Z</time>
      </trkpt>
      <trkpt lat="48.06318" lon="-121.81641">
        <ele>1096.97</ele>
        <time>2022-08-09T01:41:31Z</time>
      </trkpt>
      <trkpt lat="48.06321" lon="-121.81645">
        <ele>1096.0</ele>
        <time>2022-08-09T01:41:34Z</time>
      </trkpt>
      <trkpt lat="48.06322" lon="-121.81652">
        <ele>1095.58</ele>
        <time>2022-08-09T01:41:36Z</time>
      </trkpt>
      <trkpt lat="48.06323" lon="-121.81656">
        <ele>1095.25</ele>
        <time>2022-08-09T01:41:39Z</time>
      </trkpt>
      <trkpt lat="48.06325" lon="-121.81662">
        <ele>1094.7</ele>
        <time>2022-08-09T01:41:42Z</time>
      </trkpt>
      <trkpt lat="48.06328" lon="-121.81665">
        <ele>1093.73</ele>
        <time>2022-08-09T01:41:45Z</time>
      </trkpt>
      <trkpt lat="48.06329" lon="-121.81669">
        <ele>1093.4</ele>
        <time>2022-08-09T01:41:47Z</time>
      </trkpt>
      <trkpt lat="48.06331" lon="-121.81674">
        <ele>1092.76</ele>
        <time>2022-08-09T01:41:50Z</time>
      </trkpt>
      <trkpt lat="48.06332" lon="-121.81678">
        <ele>1092.43</ele>
        <time>2022-08-09T01:41:52Z</time>
      </trkpt>
      <trkpt lat="48.06335" lon="-121.81682">
        <ele>1091.64</ele>
        <time>2022-08-09T01:41:55Z</time>
      </trkpt>
      <trkpt lat="48.06337" lon="-121.81686">
        <ele>1091.26</ele>
        <time>2022-08-09T01:41:58Z</time>
      </trkpt>
      <trkpt lat="48.06339" lon="-121.8169">
        <ele>1090.98</ele>
        <time>2022-08-09T01:42:01Z</time>
      </trkpt>
      <trkpt lat="48.06341" lon="-121.81693">
        <ele>1090.49</ele>
        <time>2022-08-09T01:42:06Z</time>
      </trkpt>
      <trkpt lat="48.06343" lon="-121.81697">
        <ele>1090.19</ele>
        <time>2022-08-09T01:42:09Z</time>
      </trkpt>
      <trkpt lat="48.06344" lon="-121.81702">
        <ele>1090.51</ele>
        <time>2022-08-09T01:42:12Z</time>
      </trkpt>
      <trkpt lat="48.06345" lon="-121.81706">
        <ele>1090.48</ele>
        <time>2022-08-09T01:42:15Z</time>
      </trkpt>
      <trkpt lat="48.06347" lon="-121.8171">
        <ele>1090.05</ele>
        <time>2022-08-09T01:42:18Z</time>
      </trkpt>
      <trkpt lat="48.06349" lon="-121.81714">
        <ele>1089.62</ele>
        <time>2022-08-09T01:42:21Z</time>
      </trkpt>
      <trkpt lat="48.06352" lon="-121.81716">
        <ele>1088.97</ele>
        <time>2022-08-09T01:42:27Z</time>
      </trkpt>
      <trkpt lat="48.06355" lon="-121.81716">
        <ele>1088.43</ele>
        <time>2022-08-09T01:42:30Z</time>
      </trkpt>
      <trkpt lat="48.06359" lon="-121.81716">
        <ele>1087.71</ele>
        <time>2022-08-09T01:42:34Z</time>
      </trkpt>
      <trkpt lat="48.06363" lon="-121.81715">
        <ele>1086.81</ele>
        <time>2022-08-09T01:42:41Z</time>
      </trkpt>
      <trkpt lat="48.06366" lon="-121.81715">
        <ele>1086.16</ele>
        <time>2022-08-09T01:42:44Z</time>
      </trkpt>
      <trkpt lat="48.06369" lon="-121.81714">
        <ele>1085.41</ele>
        <time>2022-08-09T01:42:49Z</time>
      </trkpt>
      <trkpt lat="48.06373" lon="-121.8171">
        <ele>1084.43</ele>
        <time>2022-08-09T01:42:53Z</time>
      </trkpt>
      <trkpt lat="48.06376" lon="-121.81708">
        <ele>1083.78</ele>
        <time>2022-08-09T01:42:55Z</time>
      </trkpt>
      <trkpt lat="48.06379" lon="-121.81707">
        <ele>1083.14</ele>
        <time>2022-08-09T01:42:58Z</time>
      </trkpt>
      <trkpt lat="48.06382" lon="-121.81705">
        <ele>1082.23</ele>
        <time>2022-08-09T01:43:03Z</time>
      </trkpt>
      <trkpt lat="48.06385" lon="-121.81702">
        <ele>1081.18</ele>
        <time>2022-08-09T01:43:06Z</time>
      </trkpt>
      <trkpt lat="48.06388" lon="-121.817">
        <ele>1080.25</ele>
        <time>2022-08-09T01:43:08Z</time>
      </trkpt>
      <trkpt lat="48.06393" lon="-121.817">
        <ele>1078.67</ele>
        <time>2022-08-09T01:43:10Z</time>
      </trkpt>
      <trkpt lat="48.06396" lon="-121.817">
        <ele>1077.7</ele>
        <time>2022-08-09T01:43:12Z</time>
      </trkpt>
      <trkpt lat="48.064" lon="-121.817">
        <ele>1076.6</ele>
        <time>2022-08-09T01:43:14Z</time>
      </trkpt>
      <trkpt lat="48.06403" lon="-121.81699">
        <ele>1075.95</ele>
        <time>2022-08-09T01:43:17Z</time>
      </trkpt>
      <trkpt lat="48.06406" lon="-121.81696">
        <ele>1075.3</ele>
        <time>2022-08-09T01:43:20Z</time>
      </trkpt>
      <trkpt lat="48.06409" lon="-121.81695">
        <ele>1074.66</ele>
        <time>2022-08-09T01:43:23Z</time>
      </trkpt>
      <trkpt lat="48.06412" lon="-121.81696">
        <ele>1074.01</ele>
        <time>2022-08-09T01:43:26Z</time>
      </trkpt>
      <trkpt lat="48.06416" lon="-121.81697">
        <ele>1073.14</ele>
        <time>2022-08-09T01:43:29Z</time>
      </trkpt>
      <trkpt lat="48.06418" lon="-121.81699">
        <ele>1072.79</ele>
        <time>2022-08-09T01:43:32Z</time>
      </trkpt>
      <trkpt lat="48.06421" lon="-121.81702">
        <ele>1072.15</ele>
        <time>2022-08-09T01:43:44Z</time>
      </trkpt>
      <trkpt lat="48.06424" lon="-121.81702">
        <ele>1071.56</ele>
        <time>2022-08-09T01:43:49Z</time>
      </trkpt>
      <trkpt lat="48.06427" lon="-121.81702">
        <ele>1071.05</ele>
        <time>2022-08-09T01:43:52Z</time>
      </trkpt>
      <trkpt lat="48.0643" lon="-121.81701">
        <ele>1070.72</ele>
        <time>2022-08-09T01:43:55Z</time>
      </trkpt>
      <trkpt lat="48.06431" lon="-121.81696">
        <ele>1070.83</ele>
        <time>2022-08-09T01:43:58Z</time>
      </trkpt>
      <trkpt lat="48.06431" lon="-121.81691">
        <ele>1070.9</ele>
        <time>2022-08-09T01:44:01Z</time>
      </trkpt>
      <trkpt lat="48.06433" lon="-121.81687">
        <ele>1070.47</ele>
        <time>2022-08-09T01:44:05Z</time>
      </trkpt>
      <trkpt lat="48.06435" lon="-121.81682">
        <ele>1070.38</ele>
        <time>2022-08-09T01:44:09Z</time>
      </trkpt>
      <trkpt lat="48.06437" lon="-121.81678">
        <ele>1070.58</ele>
        <time>2022-08-09T01:44:12Z</time>
      </trkpt>
      <trkpt lat="48.06439" lon="-121.81674">
        <ele>1070.59</ele>
        <time>2022-08-09T01:44:16Z</time>
      </trkpt>
      <trkpt lat="48.06441" lon="-121.81671">
        <ele>1070.37</ele>
        <time>2022-08-09T01:44:20Z</time>
      </trkpt>
      <trkpt lat="48.06443" lon="-121.81671">
        <ele>1070.16</ele>
        <time>2022-08-09T01:44:22Z</time>
      </trkpt>
      <trkpt lat="48.06446" lon="-121.81674">
        <ele>1069.7</ele>
        <time>2022-08-09T01:44:24Z</time>
      </trkpt>
      <trkpt lat="48.06447" lon="-121.81679">
        <ele>1069.12</ele>
        <time>2022-08-09T01:44:27Z</time>
      </trkpt>
      <trkpt lat="48.06448" lon="-121.81683">
        <ele>1068.47</ele>
        <time>2022-08-09T01:44:30Z</time>
      </trkpt>
      <trkpt lat="48.0645" lon="-121.81686">
        <ele>1067.76</ele>
        <time>2022-08-09T01:44:33Z</time>
      </trkpt>
      <trkpt lat="48.06453" lon="-121.81688">
        <ele>1067.13</ele>
        <time>2022-08-09T01:44:36Z</time>
      </trkpt>
      <trkpt lat="48.06456" lon="-121.8169">
        <ele>1066.62</ele>
        <time>2022-08-09T01:44:41Z</time>
      </trkpt>
      <trkpt lat="48.06459" lon="-121.8169">
        <ele>1066.13</ele>
        <time>2022-08-09T01:44:44Z</time>
      </trkpt>
      <trkpt lat="48.06462" lon="-121.81688">
        <ele>1065.83</ele>
        <time>2022-08-09T01:44:47Z</time>
      </trkpt>
      <trkpt lat="48.06465" lon="-121.81686">
        <ele>1065.69</ele>
        <time>2022-08-09T01:44:49Z</time>
      </trkpt>
      <trkpt lat="48.06469" lon="-121.81685">
        <ele>1065.37</ele>
        <time>2022-08-09T01:44:51Z</time>
      </trkpt>
      <trkpt lat="48.06472" lon="-121.81683">
        <ele>1065.26</ele>
        <time>2022-08-09T01:44:53Z</time>
      </trkpt>
      <trkpt lat="48.06475" lon="-121.81681">
        <ele>1065.15</ele>
        <time>2022-08-09T01:44:55Z</time>
      </trkpt>
      <trkpt lat="48.06478" lon="-121.81679">
        <ele>1065.04</ele>
        <time>2022-08-09T01:44:58Z</time>
      </trkpt>
      <trkpt lat="48.06481" lon="-121.81677">
        <ele>1064.94</ele>
        <time>2022-08-09T01:45:00Z</time>
      </trkpt>
      <trkpt lat="48.06484" lon="-121.81674">
        <ele>1064.51</ele>
        <time>2022-08-09T01:45:03Z</time>
      </trkpt>
      <trkpt lat="48.06486" lon="-121.81671">
        <ele>1064.28</ele>
        <time>2022-08-09T01:45:08Z</time>
      </trkpt>
      <trkpt lat="48.06489" lon="-121.81667">
        <ele>1064.16</ele>
        <time>2022-08-09T01:45:12Z</time>
      </trkpt>
      <trkpt lat="48.06491" lon="-121.81664">
        <ele>1063.97</ele>
        <time>2022-08-09T01:45:16Z</time>
      </trkpt>
      <trkpt lat="48.06494" lon="-121.81662">
        <ele>1063.65</ele>
        <time>2022-08-09T01:45:19Z</time>
      </trkpt>
      <trkpt lat="48.06497" lon="-121.81661">
        <ele>1063.32</ele>
        <time>2022-08-09T01:45:21Z</time>
      </trkpt>
      <trkpt lat="48.065" lon="-121.81656">
        <ele>1063.0</ele>
        <time>2022-08-09T01:45:24Z</time>
      </trkpt>
      <trkpt lat="48.06501" lon="-121.81651">
        <ele>1062.75</ele>
        <time>2022-08-09T01:45:27Z</time>
      </trkpt>
      <trkpt lat="48.06501" lon="-121.81646">
        <ele>1063.02</ele>
        <time>2022-08-09T01:45:30Z</time>
      </trkpt>
      <trkpt lat="48.06502" lon="-121.81641">
        <ele>1063.34</ele>
        <time>2022-08-09T01:45:33Z</time>
      </trkpt>
      <trkpt lat="48.06503" lon="-121.81636">
        <ele>1063.45</ele>
        <time>2022-08-09T01:45:36Z</time>
      </trkpt>
      <trkpt lat="48.06504" lon="-121.81631">
        <ele>1063.5</ele>
        <time>2022-08-09T01:45:39Z</time>
      </trkpt>
      <trkpt lat="48.06505" lon="-121.81627">
        <ele>1063.46</ele>
        <time>2022-08-09T01:45:42Z</time>
      </trkpt>
      <trkpt lat="48.06507" lon="-121.81623">
        <ele>1063.24</ele>
        <time>2022-08-09T01:45:45Z</time>
      </trkpt>
      <trkpt lat="48.06511" lon="-121.81621">
        <ele>1062.6</ele>
        <time>2022-08-09T01:45:48Z</time>
      </trkpt>
      <trkpt lat="48.06515" lon="-121.81618">
        <ele>1061.92</ele>
        <time>2022-08-09T01:45:51Z</time>
      </trkpt>
      <trkpt lat="48.06517" lon="-121.81614">
        <ele>1061.9</ele>
        <time>2022-08-09T01:45:54Z</time>
      </trkpt>
      <trkpt lat="48.06518" lon="-121.8161">
        <ele>1062.06</ele>
        <time>2022-08-09T01:45:56Z</time>
      </trkpt>
      <trkpt lat="48.06518" lon="-121.81605">
        <ele>1062.09</ele>
        <time>2022-08-09T01:45:58Z</time>
      </trkpt>
      <trkpt lat="48.0652" lon="-121.81601">
        <ele>1061.37</ele>
        <time>2022-08-09T01:46:01Z</time>
      </trkpt>
      <trkpt lat="48.06523" lon="-121.81597">
        <ele>1060.32</ele>
        <time>2022-08-09T01:46:04Z</time>
      </trkpt>
      <trkpt lat="48.06525" lon="-121.81592">
        <ele>1059.9</ele>
        <time>2022-08-09T01:46:07Z</time>
      </trkpt>
      <trkpt lat="48.06528" lon="-121.81589">
        <ele>1058.88</ele>
        <time>2022-08-09T01:46:10Z</time>
      </trkpt>
      <trkpt lat="48.06531" lon="-121.81585">
        <ele>1057.26</ele>
        <time>2022-08-09T01:46:13Z</time>
      </trkpt>
      <trkpt lat="48.06533" lon="-121.81583">
        <ele>1056.16</ele>
        <time>2022-08-09T01:46:15Z</time>
      </trkpt>
      <trkpt lat="48.06535" lon="-121.8158">
        <ele>1055.02</ele>
        <time>2022-08-09T01:46:17Z</time>
      </trkpt>
      <trkpt lat="48.06537" lon="-121.81576">
        <ele>1054.02</ele>
        <time>2022-08-09T01:46:19Z</time>
      </trkpt>
      <trkpt lat="48.0654" lon="-121.81574">
        <ele>1053.04</ele>
        <time>2022-08-09T01:46:21Z</time>
      </trkpt>
      <trkpt lat="48.06542" lon="-121.81571">
        <ele>1052.39</ele>
        <time>2022-08-09T01:46:23Z</time>
      </trkpt>
      <trkpt lat="48.06544" lon="-121.81567">
        <ele>1051.74</ele>
        <time>2022-08-09T01:46:25Z</time>
      </trkpt>
      <trkpt lat="48.06547" lon="-121.81563">
        <ele>1050.79</ele>
        <time>2022-08-09T01:46:28Z</time>
      </trkpt>
      <trkpt lat="48.0655" lon="-121.8156">
        <ele>1050.01</ele>
        <time>2022-08-09T01:46:31Z</time>
      </trkpt>
      <trkpt lat="48.06551" lon="-121.81556">
        <ele>1049.96</ele>
        <time>2022-08-09T01:46:33Z</time>
      </trkpt>
      <trkpt lat="48.06551" lon="-121.81551">
        <ele>1049.98</ele>
        <time>2022-08-09T01:46:35Z</time>
      </trkpt>
      <trkpt lat="48.06552" lon="-121.81546">
        <ele>1049.77</ele>
        <time>2022-08-09T01:46:38Z</time>
      </trkpt>
      <trkpt lat="48.06552" lon="-121.81541">
        <ele>1049.77</ele>
        <time>2022-08-09T01:46:42Z</time>
      </trkpt>
      <trkpt lat="48.06553" lon="-121.81536">
        <ele>1049.55</ele>
        <time>2022-08-09T01:46:45Z</time>
      </trkpt>
      <trkpt lat="48.06555" lon="-121.81531">
        <ele>1049.12</ele>
        <time>2022-08-09T01:46:48Z</time>
      </trkpt>
      <trkpt lat="48.06556" lon="-121.81525">
        <ele>1048.86</ele>
        <time>2022-08-09T01:46:50Z</time>
      </trkpt>
      <trkpt lat="48.06557" lon="-121.81518">
        <ele>1048.48</ele>
        <time>2022-08-09T01:46:52Z</time>
      </trkpt>
      <trkpt lat="48.06559" lon="-121.81515">
        <ele>1047.65</ele>
        <time>2022-08-09T01:46:54Z</time>
      </trkpt>
      <trkpt lat="48.06562" lon="-121.81512">
        <ele>1046.7</ele>
        <time>2022-08-09T01:46:57Z</time>
      </trkpt>
      <trkpt lat="48.06564" lon="-121.81506">
        <ele>1046.18</ele>
        <time>2022-08-09T01:47:00Z</time>
      </trkpt>
      <trkpt lat="48.06566" lon="-121.81502">
        <ele>1045.62</ele>
        <time>2022-08-09T01:47:03Z</time>
      </trkpt>
      <trkpt lat="48.06567" lon="-121.81498">
        <ele>1045.13</ele>
        <time>2022-08-09T01:47:05Z</time>
      </trkpt>
      <trkpt lat="48.0657" lon="-121.81496">
        <ele>1044.13</ele>
        <time>2022-08-09T01:47:09Z</time>
      </trkpt>
      <trkpt lat="48.06572" lon="-121.81498">
        <ele>1043.62</ele>
        <time>2022-08-09T01:47:13Z</time>
      </trkpt>
      <trkpt lat="48.06574" lon="-121.81505">
        <ele>1043.02</ele>
        <time>2022-08-09T01:47:16Z</time>
      </trkpt>
      <trkpt lat="48.06575" lon="-121.8151">
        <ele>1042.79</ele>
        <time>2022-08-09T01:47:18Z</time>
      </trkpt>
      <trkpt lat="48.06575" lon="-121.81515">
        <ele>1042.74</ele>
        <time>2022-08-09T01:47:20Z</time>
      </trkpt>
      <trkpt lat="48.06576" lon="-121.8152">
        <ele>1042.38</ele>
        <time>2022-08-09T01:47:22Z</time>
      </trkpt>
      <trkpt lat="48.06576" lon="-121.81525">
        <ele>1042.38</ele>
        <time>2022-08-09T01:47:24Z</time>
      </trkpt>
      <trkpt lat="48.06576" lon="-121.8153">
        <ele>1042.14</ele>
        <time>2022-08-09T01:47:27Z</time>
      </trkpt>
      <trkpt lat="48.06576" lon="-121.81535">
        <ele>1041.6</ele>
        <time>2022-08-09T01:47:29Z</time>
      </trkpt>
      <trkpt lat="48.06576" lon="-121.81539">
        <ele>1041.38</ele>
        <time>2022-08-09T01:47:31Z</time>
      </trkpt>
      <trkpt lat="48.06575" lon="-121.81543">
        <ele>1041.7</ele>
        <time>2022-08-09T01:47:41Z</time>
      </trkpt>
      <trkpt lat="48.06575" lon="-121.81547">
        <ele>1041.7</ele>
        <time>2022-08-09T01:47:50Z</time>
      </trkpt>
      <trkpt lat="48.06576" lon="-121.81551">
        <ele>1041.38</ele>
        <time>2022-08-09T01:47:58Z</time>
      </trkpt>
      <trkpt lat="48.06578" lon="-121.81554">
        <ele>1040.73</ele>
        <time>2022-08-09T01:48:04Z</time>
      </trkpt>
      <trkpt lat="48.0658" lon="-121.81557">
        <ele>1039.92</ele>
        <time>2022-08-09T01:48:08Z</time>
      </trkpt>
      <trkpt lat="48.06582" lon="-121.81554">
        <ele>1039.43</ele>
        <time>2022-08-09T01:48:21Z</time>
      </trkpt>
      <trkpt lat="48.06584" lon="-121.81551">
        <ele>1038.78</ele>
        <time>2022-08-09T01:48:26Z</time>
      </trkpt>
      <trkpt lat="48.06585" lon="-121.81547">
        <ele>1038.46</ele>
        <time>2022-08-09T01:48:38Z</time>
      </trkpt>
      <trkpt lat="48.06585" lon="-121.81543">
        <ele>1038.52</ele>
        <time>2022-08-09T01:48:50Z</time>
      </trkpt>
      <trkpt lat="48.06586" lon="-121.81538">
        <ele>1038.39</ele>
        <time>2022-08-09T01:48:58Z</time>
      </trkpt>
      <trkpt lat="48.06587" lon="-121.81535">
        <ele>1038.34</ele>
        <time>2022-08-09T01:49:00Z</time>
      </trkpt>
      <trkpt lat="48.06589" lon="-121.8153">
        <ele>1038.07</ele>
        <time>2022-08-09T01:49:04Z</time>
      </trkpt>
      <trkpt lat="48.06591" lon="-121.81526">
        <ele>1037.67</ele>
        <time>2022-08-09T01:49:10Z</time>
      </trkpt>
      <trkpt lat="48.06592" lon="-121.81521">
        <ele>1037.88</ele>
        <time>2022-08-09T01:49:15Z</time>
      </trkpt>
      <trkpt lat="48.06593" lon="-121.81517">
        <ele>1037.88</ele>
        <time>2022-08-09T01:49:19Z</time>
      </trkpt>
      <trkpt lat="48.06594" lon="-121.81512">
        <ele>1037.65</ele>
        <time>2022-08-09T01:49:24Z</time>
      </trkpt>
      <trkpt lat="48.06594" lon="-121.81508">
        <ele>1037.81</ele>
        <time>2022-08-09T01:49:27Z</time>
      </trkpt>
      <trkpt lat="48.06595" lon="-121.81504">
        <ele>1037.9</ele>
        <time>2022-08-09T01:49:31Z</time>
      </trkpt>
      <trkpt lat="48.06597" lon="-121.81502">
        <ele>1037.46</ele>
        <time>2022-08-09T01:49:36Z</time>
      </trkpt>
      <trkpt lat="48.066" lon="-121.81498">
        <ele>1036.6</ele>
        <time>2022-08-09T01:49:40Z</time>
      </trkpt>
      <trkpt lat="48.066" lon="-121.81493">
        <ele>1036.6</ele>
        <time>2022-08-09T01:49:44Z</time>
      </trkpt>
      <trkpt lat="48.066" lon="-121.81488">
        <ele>1036.84</ele>
        <time>2022-08-09T01:49:47Z</time>
      </trkpt>
      <trkpt lat="48.066" lon="-121.81484">
        <ele>1037.18</ele>
        <time>2022-08-09T01:49:49Z</time>
      </trkpt>
      <trkpt lat="48.066" lon="-121.81479">
        <ele>1037.19</ele>
        <time>2022-08-09T01:49:51Z</time>
      </trkpt>
      <trkpt lat="48.06598" lon="-121.81474">
        <ele>1037.36</ele>
        <time>2022-08-09T01:49:53Z</time>
      </trkpt>
      <trkpt lat="48.06597" lon="-121.81471">
        <ele>1037.5</ele>
        <time>2022-08-09T01:49:57Z</time>
      </trkpt>
      <trkpt lat="48.06596" lon="-121.81466">
        <ele>1037.47</ele>
        <time>2022-08-09T01:50:03Z</time>
      </trkpt>
      <trkpt lat="48.06594" lon="-121.81465">
        <ele>1037.88</ele>
        <time>2022-08-09T01:50:06Z</time>
      </trkpt>
      <trkpt lat="48.06596" lon="-121.81461">
        <ele>1036.97</ele>
        <time>2022-08-09T01:50:21Z</time>
      </trkpt>
      <trkpt lat="48.06598" lon="-121.81461">
        <ele>1036.5</ele>
        <time>2022-08-09T01:50:25Z</time>
      </trkpt>
      <trkpt lat="48.06601" lon="-121.81461">
        <ele>1035.78</ele>
        <time>2022-08-09T01:50:30Z</time>
      </trkpt>
      <trkpt lat="48.06605" lon="-121.8146">
        <ele>1034.45</ele>
        <time>2022-08-09T01:50:34Z</time>
      </trkpt>
      <trkpt lat="48.06608" lon="-121.8146">
        <ele>1033.58</ele>
        <time>2022-08-09T01:50:38Z</time>
      </trkpt>
      <trkpt lat="48.06609" lon="-121.81456">
        <ele>1032.76</ele>
        <time>2022-08-09T01:50:44Z</time>
      </trkpt>
      <trkpt lat="48.06611" lon="-121.81454">
        <ele>1032.06</ele>
        <time>2022-08-09T01:50:50Z</time>
      </trkpt>
      <trkpt lat="48.06614" lon="-121.81453">
        <ele>1031.25</ele>
        <time>2022-08-09T01:50:52Z</time>
      </trkpt>
      <trkpt lat="48.06617" lon="-121.81452">
        <ele>1030.48</ele>
        <time>2022-08-09T01:50:54Z</time>
      </trkpt>
      <trkpt lat="48.06621" lon="-121.81451">
        <ele>1029.59</ele>
        <time>2022-08-09T01:50:58Z</time>
      </trkpt>
      <trkpt lat="48.06624" lon="-121.81452">
        <ele>1029.1</ele>
        <time>2022-08-09T01:51:02Z</time>
      </trkpt>
      <trkpt lat="48.06626" lon="-121.81451">
        <ele>1028.67</ele>
        <time>2022-08-09T01:51:08Z</time>
      </trkpt>
      <trkpt lat="48.06629" lon="-121.8145">
        <ele>1028.11</ele>
        <time>2022-08-09T01:51:14Z</time>
      </trkpt>
      <trkpt lat="48.06632" lon="-121.81449">
        <ele>1027.62</ele>
        <time>2022-08-09T01:51:18Z</time>
      </trkpt>
      <trkpt lat="48.06635" lon="-121.81447">
        <ele>1027.26</ele>
        <time>2022-08-09T01:51:22Z</time>
      </trkpt>
      <trkpt lat="48.06637" lon="-121.81445">
        <ele>1027.16</ele>
        <time>2022-08-09T01:51:26Z</time>
      </trkpt>
      <trkpt lat="48.06641" lon="-121.81445">
        <ele>1026.27</ele>
        <time>2022-08-09T01:51:30Z</time>
      </trkpt>
      <trkpt lat="48.06644" lon="-121.81445">
        <ele>1025.32</ele>
        <time>2022-08-09T01:51:36Z</time>
      </trkpt>
      <trkpt lat="48.06647" lon="-121.81444">
        <ele>1024.37</ele>
        <time>2022-08-09T01:51:42Z</time>
      </trkpt>
      <trkpt lat="48.0665" lon="-121.81443">
        <ele>1023.37</ele>
        <time>2022-08-09T01:51:45Z</time>
      </trkpt>
      <trkpt lat="48.06653" lon="-121.81441">
        <ele>1022.23</ele>
        <time>2022-08-09T01:51:54Z</time>
      </trkpt>
      <trkpt lat="48.06656" lon="-121.81438">
        <ele>1020.87</ele>
        <time>2022-08-09T01:51:58Z</time>
      </trkpt>
      <trkpt lat="48.06659" lon="-121.81437">
        <ele>1019.68</ele>
        <time>2022-08-09T01:52:07Z</time>
      </trkpt>
      <trkpt lat="48.06661" lon="-121.81434">
        <ele>1018.58</ele>
        <time>2022-08-09T01:52:12Z</time>
      </trkpt>
      <trkpt lat="48.06663" lon="-121.81432">
        <ele>1017.5</ele>
        <time>2022-08-09T01:52:17Z</time>
      </trkpt>
      <trkpt lat="48.06666" lon="-121.81431">
        <ele>1016.31</ele>
        <time>2022-08-09T01:52:22Z</time>
      </trkpt>
      <trkpt lat="48.06669" lon="-121.81432">
        <ele>1015.89</ele>
        <time>2022-08-09T01:52:27Z</time>
      </trkpt>
      <trkpt lat="48.06666" lon="-121.81433">
        <ele>1016.74</ele>
        <time>2022-08-09T01:52:32Z</time>
      </trkpt>
      <trkpt lat="48.06664" lon="-121.81436">
        <ele>1017.95</ele>
        <time>2022-08-09T01:52:41Z</time>
      </trkpt>
      <trkpt lat="48.06668" lon="-121.81437">
        <ele>1016.91</ele>
        <time>2022-08-09T01:52:49Z</time>
      </trkpt>
      <trkpt lat="48.06671" lon="-121.81435">
        <ele>1016.03</ele>
        <time>2022-08-09T01:52:52Z</time>
      </trkpt>
      <trkpt lat="48.06675" lon="-121.81434">
        <ele>1015.06</ele>
        <time>2022-08-09T01:52:54Z</time>
      </trkpt>
      <trkpt lat="48.06677" lon="-121.81432">
        <ele>1014.54</ele>
        <time>2022-08-09T01:53:00Z</time>
      </trkpt>
      <trkpt lat="48.06678" lon="-121.81428">
        <ele>1014.0</ele>
        <time>2022-08-09T01:53:05Z</time>
      </trkpt>
      <trkpt lat="48.06679" lon="-121.81424">
        <ele>1013.39</ele>
        <time>2022-08-09T01:53:09Z</time>
      </trkpt>
      <trkpt lat="48.06682" lon="-121.81428">
        <ele>1013.57</ele>
        <time>2022-08-09T01:53:13Z</time>
      </trkpt>
      <trkpt lat="48.06683" lon="-121.81433">
        <ele>1014.0</ele>
        <time>2022-08-09T01:53:15Z</time>
      </trkpt>
      <trkpt lat="48.06684" lon="-121.81437">
        <ele>1014.32</ele>
        <time>2022-08-09T01:53:17Z</time>
      </trkpt>
      <trkpt lat="48.06684" lon="-121.81442">
        <ele>1014.86</ele>
        <time>2022-08-09T01:53:22Z</time>
      </trkpt>
      <trkpt lat="48.06685" lon="-121.81447">
        <ele>1015.02</ele>
        <time>2022-08-09T01:53:25Z</time>
      </trkpt>
      <trkpt lat="48.06687" lon="-121.81451">
        <ele>1014.61</ele>
        <time>2022-08-09T01:53:29Z</time>
      </trkpt>
      <trkpt lat="48.06689" lon="-121.81454">
        <ele>1014.18</ele>
        <time>2022-08-09T01:53:32Z</time>
      </trkpt>
      <trkpt lat="48.06689" lon="-121.81458">
        <ele>1014.18</ele>
        <time>2022-08-09T01:53:36Z</time>
      </trkpt>
      <trkpt lat="48.06689" lon="-121.81463">
        <ele>1014.18</ele>
        <time>2022-08-09T01:53:41Z</time>
      </trkpt>
      <trkpt lat="48.06692" lon="-121.81465">
        <ele>1013.53</ele>
        <time>2022-08-09T01:53:45Z</time>
      </trkpt>
      <trkpt lat="48.06693" lon="-121.8147">
        <ele>1013.31</ele>
        <time>2022-08-09T01:53:50Z</time>
      </trkpt>
      <trkpt lat="48.06692" lon="-121.81474">
        <ele>1013.53</ele>
        <time>2022-08-09T01:53:54Z</time>
      </trkpt>
      <trkpt lat="48.06691" lon="-121.81478">
        <ele>1013.74</ele>
        <time>2022-08-09T01:53:57Z</time>
      </trkpt>
      <trkpt lat="48.0669" lon="-121.81482">
        <ele>1013.96</ele>
        <time>2022-08-09T01:54:02Z</time>
      </trkpt>
      <trkpt lat="48.06691" lon="-121.81487">
        <ele>1013.74</ele>
        <time>2022-08-09T01:54:10Z</time>
      </trkpt>
      <trkpt lat="48.06692" lon="-121.81495">
        <ele>1013.07</ele>
        <time>2022-08-09T01:54:13Z</time>
      </trkpt>
      <trkpt lat="48.06692" lon="-121.81499">
        <ele>1012.64</ele>
        <time>2022-08-09T01:54:15Z</time>
      </trkpt>
      <trkpt lat="48.06693" lon="-121.81503">
        <ele>1012.31</ele>
        <time>2022-08-09T01:54:20Z</time>
      </trkpt>
      <trkpt lat="48.06696" lon="-121.81502">
        <ele>1011.8</ele>
        <time>2022-08-09T01:54:26Z</time>
      </trkpt>
      <trkpt lat="48.06699" lon="-121.81505">
        <ele>1011.24</ele>
        <time>2022-08-09T01:54:30Z</time>
      </trkpt>
      <trkpt lat="48.06701" lon="-121.81508">
        <ele>1010.68</ele>
        <time>2022-08-09T01:54:34Z</time>
      </trkpt>
      <trkpt lat="48.06702" lon="-121.81505">
        <ele>1010.74</ele>
        <time>2022-08-09T01:54:38Z</time>
      </trkpt>
      <trkpt lat="48.06702" lon="-121.81509">
        <ele>1010.39</ele>
        <time>2022-08-09T01:54:47Z</time>
      </trkpt>
      <trkpt lat="48.06704" lon="-121.81513">
        <ele>1009.97</ele>
        <time>2022-08-09T01:54:50Z</time>
      </trkpt>
      <trkpt lat="48.06702" lon="-121.81512">
        <ele>1010.37</ele>
        <time>2022-08-09T01:54:55Z</time>
      </trkpt>
      <trkpt lat="48.06699" lon="-121.8151">
        <ele>1011.02</ele>
        <time>2022-08-09T01:54:58Z</time>
      </trkpt>
      <trkpt lat="48.06702" lon="-121.8151">
        <ele>1010.37</ele>
        <time>2022-08-09T01:55:06Z</time>
      </trkpt>
      <trkpt lat="48.06705" lon="-121.81513">
        <ele>1009.86</ele>
        <time>2022-08-09T01:55:09Z</time>
      </trkpt>
      <trkpt lat="48.06709" lon="-121.81512">
        <ele>1009.43</ele>
        <time>2022-08-09T01:55:24Z</time>
      </trkpt>
      <trkpt lat="48.06711" lon="-121.81509">
        <ele>1009.22</ele>
        <time>2022-08-09T01:55:27Z</time>
      </trkpt>
      <trkpt lat="48.0671" lon="-121.81505">
        <ele>1009.47</ele>
        <time>2022-08-09T01:55:31Z</time>
      </trkpt>
      <trkpt lat="48.06708" lon="-121.81501">
        <ele>1010.01</ele>
        <time>2022-08-09T01:55:35Z</time>
      </trkpt>
      <trkpt lat="48.06707" lon="-121.81497">
        <ele>1010.29</ele>
        <time>2022-08-09T01:55:42Z</time>
      </trkpt>
      <trkpt lat="48.06709" lon="-121.81493">
        <ele>1009.86</ele>
        <time>2022-08-09T01:55:45Z</time>
      </trkpt>
      <trkpt lat="48.06711" lon="-121.81487">
        <ele>1009.42</ele>
        <time>2022-08-09T01:55:47Z</time>
      </trkpt>
      <trkpt lat="48.06712" lon="-121.81483">
        <ele>1009.21</ele>
        <time>2022-08-09T01:55:48Z</time>
      </trkpt>
      <trkpt lat="48.06714" lon="-121.81479">
        <ele>1008.78</ele>
        <time>2022-08-09T01:55:57Z</time>
      </trkpt>
      <trkpt lat="48.06715" lon="-121.81475">
        <ele>1008.56</ele>
        <time>2022-08-09T01:56:02Z</time>
      </trkpt>
      <trkpt lat="48.06716" lon="-121.8147">
        <ele>1008.34</ele>
        <time>2022-08-09T01:56:05Z</time>
      </trkpt>
      <trkpt lat="48.06718" lon="-121.81465">
        <ele>1007.91</ele>
        <time>2022-08-09T01:56:08Z</time>
      </trkpt>
      <trkpt lat="48.06719" lon="-121.81461">
        <ele>1007.48</ele>
        <time>2022-08-09T01:56:15Z</time>
      </trkpt>
      <trkpt lat="48.0672" lon="-121.81458">
        <ele>1006.94</ele>
        <time>2022-08-09T01:56:19Z</time>
      </trkpt>
      <trkpt lat="48.06722" lon="-121.81454">
        <ele>1006.08</ele>
        <time>2022-08-09T01:56:22Z</time>
      </trkpt>
      <trkpt lat="48.06723" lon="-121.81449">
        <ele>1005.83</ele>
        <time>2022-08-09T01:56:25Z</time>
      </trkpt>
      <trkpt lat="48.06724" lon="-121.81445">
        <ele>1005.62</ele>
        <time>2022-08-09T01:56:28Z</time>
      </trkpt>
      <trkpt lat="48.06725" lon="-121.8144">
        <ele>1005.06</ele>
        <time>2022-08-09T01:56:31Z</time>
      </trkpt>
      <trkpt lat="48.06726" lon="-121.81436">
        <ele>1004.64</ele>
        <time>2022-08-09T01:56:33Z</time>
      </trkpt>
      <trkpt lat="48.06729" lon="-121.81434">
        <ele>1004.27</ele>
        <time>2022-08-09T01:56:40Z</time>
      </trkpt>
      <trkpt lat="48.06731" lon="-121.81432">
        <ele>1004.05</ele>
        <time>2022-08-09T01:56:43Z</time>
      </trkpt>
      <trkpt lat="48.06733" lon="-121.81428">
        <ele>1003.71</ele>
        <time>2022-08-09T01:56:45Z</time>
      </trkpt>
      <trkpt lat="48.06734" lon="-121.81425">
        <ele>1003.38</ele>
        <time>2022-08-09T01:56:47Z</time>
      </trkpt>
      <trkpt lat="48.06736" lon="-121.81421">
        <ele>1002.75</ele>
        <time>2022-08-09T01:56:49Z</time>
      </trkpt>
      <trkpt lat="48.06736" lon="-121.81417">
        <ele>1002.53</ele>
        <time>2022-08-09T01:56:51Z</time>
      </trkpt>
      <trkpt lat="48.06737" lon="-121.81412">
        <ele>1001.9</ele>
        <time>2022-08-09T01:56:53Z</time>
      </trkpt>
      <trkpt lat="48.06738" lon="-121.81408">
        <ele>1001.36</ele>
        <time>2022-08-09T01:56:56Z</time>
      </trkpt>
      <trkpt lat="48.0674" lon="-121.81403">
        <ele>1000.6</ele>
        <time>2022-08-09T01:57:00Z</time>
      </trkpt>
      <trkpt lat="48.06741" lon="-121.81399">
        <ele>1000.04</ele>
        <time>2022-08-09T01:57:05Z</time>
      </trkpt>
      <trkpt lat="48.06742" lon="-121.81395">
        <ele>999.39</ele>
        <time>2022-08-09T01:57:09Z</time>
      </trkpt>
      <trkpt lat="48.06745" lon="-121.81395">
        <ele>998.74</ele>
        <time>2022-08-09T01:57:16Z</time>
      </trkpt>
      <trkpt lat="48.06748" lon="-121.81392">
        <ele>997.77</ele>
        <time>2022-08-09T01:57:19Z</time>
      </trkpt>
      <trkpt lat="48.0675" lon="-121.81388">
        <ele>996.9</ele>
        <time>2022-08-09T01:57:22Z</time>
      </trkpt>
      <trkpt lat="48.06752" lon="-121.81382">
        <ele>995.82</ele>
        <time>2022-08-09T01:57:25Z</time>
      </trkpt>
      <trkpt lat="48.06752" lon="-121.81378">
        <ele>995.43</ele>
        <time>2022-08-09T01:57:29Z</time>
      </trkpt>
      <trkpt lat="48.0675" lon="-121.81375">
        <ele>995.5</ele>
        <time>2022-08-09T01:57:32Z</time>
      </trkpt>
      <trkpt lat="48.06749" lon="-121.8137">
        <ele>995.22</ele>
        <time>2022-08-09T01:57:34Z</time>
      </trkpt>
      <trkpt lat="48.06749" lon="-121.81366">
        <ele>995.22</ele>
        <time>2022-08-09T01:57:41Z</time>
      </trkpt>
      <trkpt lat="48.0675" lon="-121.81361">
        <ele>995.01</ele>
        <time>2022-08-09T01:57:45Z</time>
      </trkpt>
      <trkpt lat="48.06751" lon="-121.81357">
        <ele>995.29</ele>
        <time>2022-08-09T01:57:50Z</time>
      </trkpt>
      <trkpt lat="48.06753" lon="-121.81354">
        <ele>995.2</ele>
        <time>2022-08-09T01:57:54Z</time>
      </trkpt>
      <trkpt lat="48.06755" lon="-121.81352">
        <ele>994.91</ele>
        <time>2022-08-09T01:57:57Z</time>
      </trkpt>
      <trkpt lat="48.06758" lon="-121.8135">
        <ele>994.47</ele>
        <time>2022-08-09T01:58:02Z</time>
      </trkpt>
      <trkpt lat="48.06761" lon="-121.81348">
        <ele>994.23</ele>
        <time>2022-08-09T01:58:05Z</time>
      </trkpt>
      <trkpt lat="48.06764" lon="-121.81347">
        <ele>994.01</ele>
        <time>2022-08-09T01:58:08Z</time>
      </trkpt>
      <trkpt lat="48.06768" lon="-121.81345">
        <ele>993.8</ele>
        <time>2022-08-09T01:58:11Z</time>
      </trkpt>
      <trkpt lat="48.06771" lon="-121.81343">
        <ele>993.69</ele>
        <time>2022-08-09T01:58:13Z</time>
      </trkpt>
      <trkpt lat="48.06775" lon="-121.81343">
        <ele>993.26</ele>
        <time>2022-08-09T01:58:16Z</time>
      </trkpt>
      <trkpt lat="48.06778" lon="-121.81344">
        <ele>992.82</ele>
        <time>2022-08-09T01:58:19Z</time>
      </trkpt>
      <trkpt lat="48.06781" lon="-121.81343">
        <ele>992.61</ele>
        <time>2022-08-09T01:58:23Z</time>
      </trkpt>
      <trkpt lat="48.06784" lon="-121.81342">
        <ele>992.39</ele>
        <time>2022-08-09T01:58:26Z</time>
      </trkpt>
      <trkpt lat="48.06788" lon="-121.81341">
        <ele>992.07</ele>
        <time>2022-08-09T01:58:30Z</time>
      </trkpt>
      <trkpt lat="48.06791" lon="-121.81339">
        <ele>991.96</ele>
        <time>2022-08-09T01:58:34Z</time>
      </trkpt>
      <trkpt lat="48.06794" lon="-121.81337">
        <ele>991.85</ele>
        <time>2022-08-09T01:58:38Z</time>
      </trkpt>
      <trkpt lat="48.06797" lon="-121.81334">
        <ele>991.86</ele>
        <time>2022-08-09T01:58:41Z</time>
      </trkpt>
      <trkpt lat="48.068" lon="-121.81333">
        <ele>991.64</ele>
        <time>2022-08-09T01:58:44Z</time>
      </trkpt>
      <trkpt lat="48.06803" lon="-121.81333">
        <ele>991.31</ele>
        <time>2022-08-09T01:58:47Z</time>
      </trkpt>
      <trkpt lat="48.06805" lon="-121.81337">
        <ele>991.04</ele>
        <time>2022-08-09T01:58:51Z</time>
      </trkpt>
      <trkpt lat="48.06808" lon="-121.81341">
        <ele>990.74</ele>
        <time>2022-08-09T01:58:54Z</time>
      </trkpt>
      <trkpt lat="48.06811" lon="-121.81344">
        <ele>990.26</ele>
        <time>2022-08-09T01:58:56Z</time>
      </trkpt>
      <trkpt lat="48.06813" lon="-121.81347">
        <ele>989.72</ele>
        <time>2022-08-09T01:58:59Z</time>
      </trkpt>
      <trkpt lat="48.06816" lon="-121.81344">
        <ele>989.72</ele>
        <time>2022-08-09T01:59:06Z</time>
      </trkpt>
      <trkpt lat="48.06819" lon="-121.81342">
        <ele>989.55</ele>
        <time>2022-08-09T01:59:09Z</time>
      </trkpt>
      <trkpt lat="48.06822" lon="-121.81342">
        <ele>989.22</ele>
        <time>2022-08-09T01:59:12Z</time>
      </trkpt>
      <trkpt lat="48.06825" lon="-121.81342">
        <ele>988.81</ele>
        <time>2022-08-09T01:59:15Z</time>
      </trkpt>
      <trkpt lat="48.06828" lon="-121.81342">
        <ele>988.18</ele>
        <time>2022-08-09T01:59:19Z</time>
      </trkpt>
      <trkpt lat="48.06831" lon="-121.81342">
        <ele>987.55</ele>
        <time>2022-08-09T01:59:25Z</time>
      </trkpt>
      <trkpt lat="48.06834" lon="-121.81342">
        <ele>986.99</ele>
        <time>2022-08-09T01:59:29Z</time>
      </trkpt>
      <trkpt lat="48.06839" lon="-121.81342">
        <ele>986.45</ele>
        <time>2022-08-09T01:59:33Z</time>
      </trkpt>
      <trkpt lat="48.06842" lon="-121.81344">
        <ele>985.91</ele>
        <time>2022-08-09T01:59:36Z</time>
      </trkpt>
      <trkpt lat="48.06847" lon="-121.81344">
        <ele>985.37</ele>
        <time>2022-08-09T01:59:39Z</time>
      </trkpt>
      <trkpt lat="48.0685" lon="-121.81343">
        <ele>985.16</ele>
        <time>2022-08-09T01:59:42Z</time>
      </trkpt>
      <trkpt lat="48.06854" lon="-121.81344">
        <ele>984.62</ele>
        <time>2022-08-09T01:59:46Z</time>
      </trkpt>
      <trkpt lat="48.06857" lon="-121.81344">
        <ele>984.29</ele>
        <time>2022-08-09T01:59:51Z</time>
      </trkpt>
      <trkpt lat="48.0686" lon="-121.81343">
        <ele>984.08</ele>
        <time>2022-08-09T01:59:54Z</time>
      </trkpt>
      <trkpt lat="48.06864" lon="-121.81342">
        <ele>983.75</ele>
        <time>2022-08-09T01:59:57Z</time>
      </trkpt>
      <trkpt lat="48.06866" lon="-121.8134">
        <ele>983.75</ele>
        <time>2022-08-09T02:00:01Z</time>
      </trkpt>
      <trkpt lat="48.06869" lon="-121.81342">
        <ele>983.21</ele>
        <time>2022-08-09T02:00:07Z</time>
      </trkpt>
      <trkpt lat="48.06873" lon="-121.81342">
        <ele>982.78</ele>
        <time>2022-08-09T02:00:09Z</time>
      </trkpt>
      <trkpt lat="48.06876" lon="-121.81343">
        <ele>982.35</ele>
        <time>2022-08-09T02:00:13Z</time>
      </trkpt>
      <trkpt lat="48.06878" lon="-121.81346">
        <ele>981.81</ele>
        <time>2022-08-09T02:00:17Z</time>
      </trkpt>
      <trkpt lat="48.0688" lon="-121.81348">
        <ele>981.4</ele>
        <time>2022-08-09T02:00:21Z</time>
      </trkpt>
      <trkpt lat="48.06884" lon="-121.81351">
        <ele>981.05</ele>
        <time>2022-08-09T02:00:24Z</time>
      </trkpt>
      <trkpt lat="48.06886" lon="-121.81353">
        <ele>980.91</ele>
        <time>2022-08-09T02:00:26Z</time>
      </trkpt>
      <trkpt lat="48.0689" lon="-121.81354">
        <ele>980.77</ele>
        <time>2022-08-09T02:00:28Z</time>
      </trkpt>
      <trkpt lat="48.06893" lon="-121.81356">
        <ele>980.55</ele>
        <time>2022-08-09T02:00:31Z</time>
      </trkpt>
      <trkpt lat="48.06896" lon="-121.81358">
        <ele>980.34</ele>
        <time>2022-08-09T02:00:34Z</time>
      </trkpt>
      <trkpt lat="48.069" lon="-121.81359">
        <ele>980.18</ele>
        <time>2022-08-09T02:00:37Z</time>
      </trkpt>
      <trkpt lat="48.06903" lon="-121.81361">
        <ele>980.01</ele>
        <time>2022-08-09T02:00:41Z</time>
      </trkpt>
      <trkpt lat="48.06906" lon="-121.81363">
        <ele>979.8</ele>
        <time>2022-08-09T02:00:44Z</time>
      </trkpt>
      <trkpt lat="48.06909" lon="-121.81364">
        <ele>979.69</ele>
        <time>2022-08-09T02:00:46Z</time>
      </trkpt>
      <trkpt lat="48.06911" lon="-121.81365">
        <ele>979.58</ele>
        <time>2022-08-09T02:00:48Z</time>
      </trkpt>
      <trkpt lat="48.06914" lon="-121.81367">
        <ele>979.36</ele>
        <time>2022-08-09T02:00:52Z</time>
      </trkpt>
      <trkpt lat="48.06917" lon="-121.81368">
        <ele>979.26</ele>
        <time>2022-08-09T02:00:56Z</time>
      </trkpt>
      <trkpt lat="48.0692" lon="-121.8137">
        <ele>979.04</ele>
        <time>2022-08-09T02:00:59Z</time>
      </trkpt>
      <trkpt lat="48.06924" lon="-121.81371">
        <ele>978.93</ele>
        <time>2022-08-09T02:01:02Z</time>
      </trkpt>
      <trkpt lat="48.06927" lon="-121.81374">
        <ele>978.61</ele>
        <time>2022-08-09T02:01:04Z</time>
      </trkpt>
      <trkpt lat="48.0693" lon="-121.81377">
        <ele>978.28</ele>
        <time>2022-08-09T02:01:07Z</time>
      </trkpt>
      <trkpt lat="48.06933" lon="-121.81379">
        <ele>978.07</ele>
        <time>2022-08-09T02:01:09Z</time>
      </trkpt>
      <trkpt lat="48.06936" lon="-121.8138">
        <ele>977.96</ele>
        <time>2022-08-09T02:01:12Z</time>
      </trkpt>
      <trkpt lat="48.0694" lon="-121.81383">
        <ele>977.64</ele>
        <time>2022-08-09T02:01:15Z</time>
      </trkpt>
      <trkpt lat="48.06942" lon="-121.81385">
        <ele>977.42</ele>
        <time>2022-08-09T02:01:17Z</time>
      </trkpt>
      <trkpt lat="48.06944" lon="-121.81387">
        <ele>977.2</ele>
        <time>2022-08-09T02:01:19Z</time>
      </trkpt>
      <trkpt lat="48.06947" lon="-121.81389">
        <ele>976.99</ele>
        <time>2022-08-09T02:01:21Z</time>
      </trkpt>
      <trkpt lat="48.0695" lon="-121.81391">
        <ele>976.91</ele>
        <time>2022-08-09T02:01:23Z</time>
      </trkpt>
      <trkpt lat="48.06952" lon="-121.81392">
        <ele>976.94</ele>
        <time>2022-08-09T02:01:25Z</time>
      </trkpt>
      <trkpt lat="48.06955" lon="-121.81394">
        <ele>977.0</ele>
        <time>2022-08-09T02:01:28Z</time>
      </trkpt>
      <trkpt lat="48.06958" lon="-121.81397">
        <ele>977.0</ele>
        <time>2022-08-09T02:01:32Z</time>
      </trkpt>
      <trkpt lat="48.06961" lon="-121.81393">
        <ele>977.0</ele>
        <time>2022-08-09T02:01:36Z</time>
      </trkpt>
      <trkpt lat="48.0696" lon="-121.81388">
        <ele>977.1</ele>
        <time>2022-08-09T02:01:40Z</time>
      </trkpt>
      <trkpt lat="48.06956" lon="-121.81386">
        <ele>977.31</ele>
        <time>2022-08-09T02:01:43Z</time>
      </trkpt>
      <trkpt lat="48.06953" lon="-121.81386">
        <ele>977.31</ele>
        <time>2022-08-09T02:01:44Z</time>
      </trkpt>
      <trkpt lat="48.06949" lon="-121.81384">
        <ele>977.53</ele>
        <time>2022-08-09T02:01:46Z</time>
      </trkpt>
      <trkpt lat="48.06946" lon="-121.81383">
        <ele>977.64</ele>
        <time>2022-08-09T02:01:49Z</time>
      </trkpt>
      <trkpt lat="48.06948" lon="-121.81386">
        <ele>977.31</ele>
        <time>2022-08-09T02:01:57Z</time>
      </trkpt>
      <trkpt lat="48.06952" lon="-121.81391">
        <ele>976.96</ele>
        <time>2022-08-09T02:01:59Z</time>
      </trkpt>
      <trkpt lat="48.06954" lon="-121.81394">
        <ele>977.0</ele>
        <time>2022-08-09T02:02:01Z</time>
      </trkpt>
      <trkpt lat="48.06956" lon="-121.81398">
        <ele>977.0</ele>
        <time>2022-08-09T02:02:03Z</time>
      </trkpt>
      <trkpt lat="48.06958" lon="-121.81401">
        <ele>976.69</ele>
        <time>2022-08-09T02:02:05Z</time>
      </trkpt>
      <trkpt lat="48.06962" lon="-121.81403">
        <ele>976.48</ele>
        <time>2022-08-09T02:02:08Z</time>
      </trkpt>
      <trkpt lat="48.06964" lon="-121.81405">
        <ele>976.26</ele>
        <time>2022-08-09T02:02:10Z</time>
      </trkpt>
      <trkpt lat="48.06967" lon="-121.81407">
        <ele>976.04</ele>
        <time>2022-08-09T02:02:13Z</time>
      </trkpt>
      <trkpt lat="48.0697" lon="-121.81409">
        <ele>975.83</ele>
        <time>2022-08-09T02:02:18Z</time>
      </trkpt>
      <trkpt lat="48.06973" lon="-121.81409">
        <ele>975.83</ele>
        <time>2022-08-09T02:02:22Z</time>
      </trkpt>
      <trkpt lat="48.06975" lon="-121.81412">
        <ele>975.5</ele>
        <time>2022-08-09T02:02:26Z</time>
      </trkpt>
      <trkpt lat="48.06977" lon="-121.81416">
        <ele>975.07</ele>
        <time>2022-08-09T02:02:30Z</time>
      </trkpt>
      <trkpt lat="48.06981" lon="-121.81417">
        <ele>974.93</ele>
        <time>2022-08-09T02:02:34Z</time>
      </trkpt>
      <trkpt lat="48.06983" lon="-121.81421">
        <ele>974.06</ele>
        <time>2022-08-09T02:02:37Z</time>
      </trkpt>
      <trkpt lat="48.06985" lon="-121.81425">
        <ele>973.2</ele>
        <time>2022-08-09T02:02:40Z</time>
      </trkpt>
      <trkpt lat="48.06987" lon="-121.81428">
        <ele>972.64</ele>
        <time>2022-08-09T02:02:44Z</time>
      </trkpt>
      <trkpt lat="48.06989" lon="-121.81433">
        <ele>971.62</ele>
        <time>2022-08-09T02:02:48Z</time>
      </trkpt>
      <trkpt lat="48.0699" lon="-121.81437">
        <ele>970.69</ele>
        <time>2022-08-09T02:02:52Z</time>
      </trkpt>
      <trkpt lat="48.06991" lon="-121.81441">
        <ele>969.72</ele>
        <time>2022-08-09T02:02:57Z</time>
      </trkpt>
      <trkpt lat="48.06993" lon="-121.81445">
        <ele>968.7</ele>
        <time>2022-08-09T02:03:03Z</time>
      </trkpt>
      <trkpt lat="48.06995" lon="-121.81448">
        <ele>968.16</ele>
        <time>2022-08-09T02:03:08Z</time>
      </trkpt>
      <trkpt lat="48.06996" lon="-121.81451">
        <ele>967.72</ele>
        <time>2022-08-09T02:03:13Z</time>
      </trkpt>
      <trkpt lat="48.06998" lon="-121.81454">
        <ele>967.18</ele>
        <time>2022-08-09T02:03:17Z</time>
      </trkpt>
      <trkpt lat="48.07" lon="-121.81458">
        <ele>966.54</ele>
        <time>2022-08-09T02:03:20Z</time>
      </trkpt>
      <trkpt lat="48.07002" lon="-121.81461">
        <ele>966.0</ele>
        <time>2022-08-09T02:03:23Z</time>
      </trkpt>
      <trkpt lat="48.07004" lon="-121.81465">
        <ele>965.35</ele>
        <time>2022-08-09T02:03:26Z</time>
      </trkpt>
      <trkpt lat="48.07006" lon="-121.81468">
        <ele>964.81</ele>
        <time>2022-08-09T02:03:29Z</time>
      </trkpt>
      <trkpt lat="48.07007" lon="-121.81472">
        <ele>964.27</ele>
        <time>2022-08-09T02:03:33Z</time>
      </trkpt>
      <trkpt lat="48.07009" lon="-121.81475">
        <ele>963.73</ele>
        <time>2022-08-09T02:03:37Z</time>
      </trkpt>
      <trkpt lat="48.07011" lon="-121.81478">
        <ele>963.0</ele>
        <time>2022-08-09T02:03:41Z</time>
      </trkpt>
      <trkpt lat="48.07013" lon="-121.81481">
        <ele>962.24</ele>
        <time>2022-08-09T02:03:45Z</time>
      </trkpt>
      <trkpt lat="48.07016" lon="-121.81484">
        <ele>961.27</ele>
        <time>2022-08-09T02:03:48Z</time>
      </trkpt>
      <trkpt lat="48.07019" lon="-121.81486">
        <ele>960.46</ele>
        <time>2022-08-09T02:03:51Z</time>
      </trkpt>
      <trkpt lat="48.07022" lon="-121.81486">
        <ele>960.14</ele>
        <time>2022-08-09T02:03:53Z</time>
      </trkpt>
      <trkpt lat="48.07025" lon="-121.81483">
        <ele>960.14</ele>
        <time>2022-08-09T02:03:56Z</time>
      </trkpt>
      <trkpt lat="48.07026" lon="-121.81479">
        <ele>960.46</ele>
        <time>2022-08-09T02:03:59Z</time>
      </trkpt>
      <trkpt lat="48.07027" lon="-121.81474">
        <ele>960.89</ele>
        <time>2022-08-09T02:04:01Z</time>
      </trkpt>
      <trkpt lat="48.07029" lon="-121.8147">
        <ele>961.11</ele>
        <time>2022-08-09T02:04:04Z</time>
      </trkpt>
      <trkpt lat="48.0703" lon="-121.81466">
        <ele>961.43</ele>
        <time>2022-08-09T02:04:07Z</time>
      </trkpt>
      <trkpt lat="48.07032" lon="-121.81462">
        <ele>961.65</ele>
        <time>2022-08-09T02:04:10Z</time>
      </trkpt>
      <trkpt lat="48.07035" lon="-121.81458">
        <ele>961.76</ele>
        <time>2022-08-09T02:04:13Z</time>
      </trkpt>
      <trkpt lat="48.07037" lon="-121.81455">
        <ele>961.86</ele>
        <time>2022-08-09T02:04:16Z</time>
      </trkpt>
      <trkpt lat="48.07039" lon="-121.81452">
        <ele>961.97</ele>
        <time>2022-08-09T02:04:19Z</time>
      </trkpt>
      <trkpt lat="48.07042" lon="-121.81449">
        <ele>961.97</ele>
        <time>2022-08-09T02:04:22Z</time>
      </trkpt>
      <trkpt lat="48.07044" lon="-121.81446">
        <ele>962.08</ele>
        <time>2022-08-09T02:04:25Z</time>
      </trkpt>
      <trkpt lat="48.07047" lon="-121.81443">
        <ele>962.0</ele>
        <time>2022-08-09T02:04:28Z</time>
      </trkpt>
      <trkpt lat="48.0705" lon="-121.8144">
        <ele>961.68</ele>
        <time>2022-08-09T02:04:31Z</time>
      </trkpt>
      <trkpt lat="48.07052" lon="-121.81438">
        <ele>961.46</ele>
        <time>2022-08-09T02:04:34Z</time>
      </trkpt>
      <trkpt lat="48.07055" lon="-121.81435">
        <ele>961.14</ele>
        <time>2022-08-09T02:04:37Z</time>
      </trkpt>
      <trkpt lat="48.07058" lon="-121.81431">
        <ele>961.19</ele>
        <time>2022-08-09T02:04:40Z</time>
      </trkpt>
      <trkpt lat="48.0706" lon="-121.81428">
        <ele>961.3</ele>
        <time>2022-08-09T02:04:43Z</time>
      </trkpt>
      <trkpt lat="48.07062" lon="-121.81425">
        <ele>961.4</ele>
        <time>2022-08-09T02:04:46Z</time>
      </trkpt>
      <trkpt lat="48.07065" lon="-121.81423">
        <ele>961.28</ele>
        <time>2022-08-09T02:04:49Z</time>
      </trkpt>
      <trkpt lat="48.07068" lon="-121.8142">
        <ele>960.95</ele>
        <time>2022-08-09T02:04:52Z</time>
      </trkpt>
      <trkpt lat="48.07071" lon="-121.81417">
        <ele>960.63</ele>
        <time>2022-08-09T02:04:55Z</time>
      </trkpt>
      <trkpt lat="48.07074" lon="-121.81414">
        <ele>960.3</ele>
        <time>2022-08-09T02:04:58Z</time>
      </trkpt>
      <trkpt lat="48.07076" lon="-121.81412">
        <ele>960.3</ele>
        <time>2022-08-09T02:05:01Z</time>
      </trkpt>
      <trkpt lat="48.07078" lon="-121.81409">
        <ele>960.4</ele>
        <time>2022-08-09T02:05:04Z</time>
      </trkpt>
      <trkpt lat="48.0708" lon="-121.81406">
        <ele>960.51</ele>
        <time>2022-08-09T02:05:07Z</time>
      </trkpt>
      <trkpt lat="48.07083" lon="-121.81403">
        <ele>960.51</ele>
        <time>2022-08-09T02:05:10Z</time>
      </trkpt>
      <trkpt lat="48.07085" lon="-121.814">
        <ele>960.44</ele>
        <time>2022-08-09T02:05:14Z</time>
      </trkpt>
      <trkpt lat="48.07087" lon="-121.81403">
        <ele>959.68</ele>
        <time>2022-08-09T02:06:45Z</time>
      </trkpt>
      <trkpt lat="48.07089" lon="-121.81406">
        <ele>958.93</ele>
        <time>2022-08-09T02:08:21Z</time>
      </trkpt>
      <trkpt lat="48.07087" lon="-121.81404">
        <ele>959.58</ele>
        <time>2022-08-09T02:08:29Z</time>
      </trkpt>
      <trkpt lat="48.07082" lon="-121.81406">
        <ele>960.3</ele>
        <time>2022-08-09T02:08:37Z</time>
      </trkpt>
      <trkpt lat="48.0708" lon="-121.8141">
        <ele>960.08</ele>
        <time>2022-08-09T02:08:39Z</time>
      </trkpt>
      <trkpt lat="48.07076" lon="-121.81413">
        <ele>960.19</ele>
        <time>2022-08-09T02:08:41Z</time>
      </trkpt>
      <trkpt lat="48.07073" lon="-121.81416">
        <ele>960.3</ele>
        <time>2022-08-09T02:08:43Z</time>
      </trkpt>
      <trkpt lat="48.0707" lon="-121.81419">
        <ele>960.63</ele>
        <time>2022-08-09T02:08:45Z</time>
      </trkpt>
      <trkpt lat="48.07067" lon="-121.81422">
        <ele>960.95</ele>
        <time>2022-08-09T02:08:47Z</time>
      </trkpt>
      <trkpt lat="48.07063" lon="-121.81426">
        <ele>961.19</ele>
        <time>2022-08-09T02:08:49Z</time>
      </trkpt>
      <trkpt lat="48.0706" lon="-121.81429">
        <ele>961.19</ele>
        <time>2022-08-09T02:08:50Z</time>
      </trkpt>
      <trkpt lat="48.07057" lon="-121.81432">
        <ele>961.19</ele>
        <time>2022-08-09T02:08:51Z</time>
      </trkpt>
      <trkpt lat="48.07053" lon="-121.81436">
        <ele>961.46</ele>
        <time>2022-08-09T02:08:52Z</time>
      </trkpt>
      <trkpt lat="48.0705" lon="-121.8144">
        <ele>961.68</ele>
        <time>2022-08-09T02:08:53Z</time>
      </trkpt>
      <trkpt lat="48.07047" lon="-121.81444">
        <ele>961.9</ele>
        <time>2022-08-09T02:08:54Z</time>
      </trkpt>
      <trkpt lat="48.07044" lon="-121.81447">
        <ele>961.97</ele>
        <time>2022-08-09T02:08:55Z</time>
      </trkpt>
    </trkseg>
  </trk>
</gpx>
