48.492743,-121.121925,654.6,2022-10-15T15:23:08Z,12.132182
48.492666,-121.122076,657.0,2022-10-15T15:23:19Z,9.348209
48.492605,-121.122275,656.3,2022-10-15T15:23:24Z,8.095873
48.492541,-121.122382,656.0,2022-10-15T15:23:30Z
48.492652,-121.122112,655.0,2022-10-15T15:23:52Z,7.704781
48.492713,-121.122011,655.6,2022-10-15T15:23:54Z,6.002530
48.492731,-121.121891,654.0,2022-10-15T15:23:58Z
48.492652,-121.121787,656.3,2022-10-15T15:24:02Z,7.119827
48.492589,-121.121787,659.0,2022-10-15T15:24:05Z
48.492649,-121.121821,661.0,2022-10-15T15:24:12Z
48.492634,-121.121918,661.0,2022-10-15T15:24:16Z,4.548007
48.492673,-121.122127,659.0,2022-10-15T15:24:19Z,4.544621
48.492664,-121.122219,658.8,2022-10-15T15:24:21Z,4.545685
48.492645,-121.122271,658.9,2022-10-15T15:24:22Z,4.549023
48.492581,-121.122371,657.0,2022-10-15T15:24:30Z
48.492604,-121.122335,657.1,2022-10-15T15:24:41Z,4.631402
48.492559,-121.122261,656.0,2022-10-15T15:24:46Z
48.492544,-121.122215,655.0,2022-10-15T15:24:53Z
48.492517,-121.122266,658.0,2022-10-15T15:25:38Z
48.492576,-121.122259,655.0,2022-10-15T15:26:01Z
48.492588,-121.122300,654.0,2022-10-15T15:26:05Z
48.492581,-121.122336,654.0,2022-10-15T15:26:09Z
48.492620,-121.122356,648.0,2022-10-15T15:28:36Z
48.492603,-121.122437,652.0,2022-10-15T15:28:46Z
48.492618,-121.122478,655.0,2022-10-15T15:28:49Z
48.492654,-121.122527,656.0,2022-10-15T15:28:55Z
48.492618,-121.122528,654.0,2022-10-15T15:28:58Z
48.492607,-121.122550,656.0,2022-10-15T15:29:02Z
48.492618,-121.122505,656.0,2022-10-15T15:29:05Z
48.492665,-121.122486,657.6,2022-10-15T15:29:06Z,5.217294
48.492624,-121.122497,657.0,2022-10-15T15:29:08Z
48.492595,-121.122379,658.0,2022-10-15T15:29:12Z
48.492611,-121.122341,658.0,2022-10-15T15:29:14Z
48.492595,-121.122298,657.0,2022-10-15T15:29:18Z
48.492590,-121.122391,650.0,2022-10-15T15:29:39Z
48.492612,-121.122359,657.0,2022-10-15T15:29:49Z
48.492598,-121.122335,656.0,2022-10-15T15:29:56Z
48.492633,-121.122402,654.7,2022-10-15T15:30:47Z,4.857984
48.492599,-121.122364,654.0,2022-10-15T15:30:49Z
48.492578,-121.122365,653.9,2022-10-15T15:33:39Z,4.970225
48.492678,-121.122416,652.8,2022-10-15T15:33:40Z,4.816609
48.492651,-121.122396,652.0,2022-10-15T15:33:43Z
48.492674,-121.122344,648.0,2022-10-15T15:33:49Z
48.492637,-121.122354,652.0,2022-10-15T15:34:00Z
48.492599,-121.122382,648.0,2022-10-15T15:34:35Z
48.492624,-121.122348,654.6,2022-10-15T15:34:53Z,4.608274
48.492632,-121.122371,654.0,2022-10-15T15:35:27Z
48.492600,-121.122376,653.0,2022-10-15T15:35:36Z
48.492558,-121.122400,653.0,2022-10-15T15:36:29Z
48.492598,-121.122355,652.0,2022-10-15T15:36:38Z
48.492624,-121.122351,663.0,2022-10-15T15:37:57Z
48.492625,-121.122413,664.7,2022-10-15T15:38:08Z,4.572846
48.492603,-121.122422,663.0,2022-10-15T15:38:11Z
48.492632,-121.122399,658.0,2022-10-15T15:38:30Z
48.492626,-121.122345,650.0,2022-10-15T15:42:32Z
48.492618,-121.122372,652.0,2022-10-15T15:42:51Z
48.492626,-121.122360,653.0,2022-10-15T15:43:20Z
48.492572,-121.122350,655.0,2022-10-15T15:43:54Z
48.492548,-121.122390,658.9,2022-10-15T15:43:57Z,4.621254
48.492635,-121.122361,657.0,2022-10-15T15:45:08Z
48.492645,-121.122289,662.0,2022-10-15T15:45:50Z
48.492690,-121.122291,660.0,2022-10-15T15:46:23Z
48.492740,-121.122317,659.0,2022-10-15T15:46:28Z
48.492765,-121.122342,659.1,2022-10-15T15:46:32Z,4.580981
48.492810,-121.122580,657.0,2022-10-15T15:46:45Z
48.492828,-121.122614,657.0,2022-10-15T15:46:47Z
48.492821,-121.122656,656.0,2022-10-15T15:46:49Z
48.492826,-121.122779,653.0,2022-10-15T15:46:56Z
48.492844,-121.122815,655.5,2022-10-15T15:46:58Z,4.420945
48.492802,-121.123091,651.0,2022-10-15T15:47:13Z
48.492815,-121.123319,650.0,2022-10-15T15:47:33Z
48.492823,-121.123266,652.0,2022-10-15T15:47:39Z
48.492796,-121.123306,649.0,2022-10-15T15:47:42Z
48.492811,-121.123265,650.0,2022-10-15T15:47:45Z
48.492800,-121.123324,652.0,2022-10-15T15:47:46Z,4.483031
48.492775,-121.123372,652.2,2022-10-15T15:47:47Z,4.480179
48.492770,-121.123426,653.0,2022-10-15T15:47:49Z
48.492799,-121.123498,654.0,2022-10-15T15:47:54Z
48.492781,-121.123596,654.0,2022-10-15T15:47:58Z
48.492791,-121.123714,658.0,2022-10-15T15:48:05Z
48.492776,-121.123757,657.8,2022-10-15T15:48:06Z,4.414064
48.492791,-121.123765,657.0,2022-10-15T15:48:08Z
48.492806,-121.123820,657.0,2022-10-15T15:48:16Z
48.492859,-121.123788,654.0,2022-10-15T15:48:28Z
48.492825,-121.123766,658.3,2022-10-15T15:48:37Z,4.557560
48.492813,-121.123734,658.4,2022-10-15T15:48:38Z,4.552792
48.492818,-121.123772,659.9,2022-10-15T15:48:39Z,4.556190
48.492813,-121.123654,659.0,2022-10-15T15:48:41Z
48.492791,-121.123511,656.0,2022-10-15T15:48:48Z
48.492793,-121.123344,659.3,2022-10-15T15:48:56Z,4.515873
48.492807,-121.123229,661.2,2022-10-15T15:49:01Z,4.559663
48.492832,-121.123170,660.0,2022-10-15T15:49:04Z
48.492857,-121.123144,662.0,2022-10-15T15:49:06Z
48.492881,-121.123172,654.0,2022-10-15T15:49:19Z
48.492883,-121.123132,649.0,2022-10-15T15:49:44Z
48.492907,-121.123103,651.0,2022-10-15T15:49:53Z,4.708387
48.492885,-121.123120,649.0,2022-10-15T15:49:57Z
48.492894,-121.123071,648.0,2022-10-15T15:50:06Z
48.492896,-121.123119,648.0,2022-10-15T15:50:09Z
48.492930,-121.123087,649.0,2022-10-15T15:50:12Z
48.492874,-121.123132,646.0,2022-10-15T15:50:24Z
48.492896,-121.123121,648.0,2022-10-15T15:50:41Z
48.492909,-121.123167,648.0,2022-10-15T15:50:50Z
48.492943,-121.123161,648.0,2022-10-15T15:50:58Z
48.492949,-121.123200,651.0,2022-10-15T15:51:10Z
48.492957,-121.123160,655.6,2022-10-15T15:51:19Z,4.613834
48.492950,-121.123205,654.0,2022-10-15T15:51:28Z
48.492973,-121.123166,654.0,2022-10-15T15:51:36Z
48.492980,-121.123127,656.0,2022-10-15T15:51:44Z
48.493008,-121.123155,656.0,2022-10-15T15:51:56Z
48.493011,-121.123202,654.0,2022-10-15T15:52:03Z
48.492979,-121.123272,657.0,2022-10-15T15:52:10Z
48.492964,-121.123385,655.0,2022-10-15T15:52:18Z
48.493009,-121.123397,651.0,2022-10-15T15:52:24Z
48.493074,-121.123465,654.0,2022-10-15T15:52:33Z
48.493117,-121.123466,658.0,2022-10-15T15:52:36Z,4.632715
48.493140,-121.123440,657.3,2022-10-15T15:52:37Z,4.668581
48.493120,-121.123415,655.3,2022-10-15T15:52:38Z,4.582747
48.493148,-121.123428,651.0,2022-10-15T15:52:40Z
48.493165,-121.123473,652.0,2022-10-15T15:52:44Z
48.493165,-121.123515,653.0,2022-10-15T15:52:47Z
48.493241,-121.123678,650.0,2022-10-15T15:53:20Z
48.493250,-121.123648,653.0,2022-10-15T15:53:26Z
48.493232,-121.123603,653.0,2022-10-15T15:53:28Z
48.493197,-121.123595,652.4,2022-10-15T15:53:30Z,4.648560
48.493187,-121.123549,653.0,2022-10-15T15:53:32Z
48.493243,-121.123486,654.0,2022-10-15T15:53:37Z
48.493176,-121.123468,656.0,2022-10-15T15:53:42Z
48.493170,-121.123436,655.0,2022-10-15T15:53:45Z
48.493150,-121.123447,654.0,2022-10-15T15:53:51Z
48.493152,-121.123395,651.0,2022-10-15T15:53:59Z
48.493135,-121.123345,657.0,2022-10-15T15:54:08Z
48.493091,-121.123335,658.0,2022-10-15T15:54:14Z
48.493071,-121.123369,660.0,2022-10-15T15:54:16Z
48.493079,-121.123400,660.6,2022-10-15T15:54:17Z,4.576289
48.493049,-121.123410,657.0,2022-10-15T15:54:20Z
48.493050,-121.123309,659.0,2022-10-15T15:54:28Z
48.493020,-121.123291,660.0,2022-10-15T15:54:30Z
48.493057,-121.123242,658.0,2022-10-15T15:54:34Z
48.493102,-121.123282,657.0,2022-10-15T15:54:37Z
48.493108,-121.123325,658.0,2022-10-15T15:54:42Z
48.493142,-121.123277,658.0,2022-10-15T15:54:47Z
48.493178,-121.123252,658.0,2022-10-15T15:54:51Z
48.493181,-121.123284,655.0,2022-10-15T15:54:58Z
48.493166,-121.123226,654.0,2022-10-15T15:55:11Z
48.493194,-121.123202,654.0,2022-10-15T15:55:14Z
48.493179,-121.123257,654.0,2022-10-15T15:55:16Z
48.493218,-121.123291,652.0,2022-10-15T15:55:22Z
48.493260,-121.123265,654.0,2022-10-15T15:55:29Z
48.493220,-121.123273,653.0,2022-10-15T15:55:32Z
48.493212,-121.123242,657.0,2022-10-15T15:55:33Z,4.580479
48.493189,-121.123269,655.2,2022-10-15T15:55:34Z,4.517105
48.493207,-121.123239,650.0,2022-10-15T15:55:38Z
48.493252,-121.123262,654.6,2022-10-15T15:55:42Z,4.567788
48.493259,-121.123208,653.0,2022-10-15T15:55:44Z
48.493250,-121.123153,654.0,2022-10-15T15:55:46Z
48.493312,-121.123181,657.3,2022-10-15T15:55:51Z,4.519826
48.493320,-121.123262,654.0,2022-10-15T15:55:55Z
48.493355,-121.123189,656.1,2022-10-15T15:55:59Z,4.640463
48.493361,-121.123227,655.0,2022-10-15T15:56:04Z
48.493424,-121.123207,654.0,2022-10-15T15:56:08Z
48.493431,-121.123164,657.0,2022-10-15T15:56:11Z
48.493452,-121.123121,658.0,2022-10-15T15:56:14Z
48.493499,-121.123148,657.0,2022-10-15T15:56:16Z
48.493505,-121.123091,657.0,2022-10-15T15:56:24Z
48.493498,-121.123041,658.0,2022-10-15T15:56:26Z
48.493514,-121.123072,654.0,2022-10-15T15:56:31Z
48.493503,-121.123036,656.0,2022-10-15T15:56:43Z
48.493528,-121.122970,655.0,2022-10-15T15:56:49Z
48.493568,-121.123018,659.0,2022-10-15T15:57:02Z
48.493578,-121.123054,659.0,2022-10-15T15:57:04Z
48.493590,-121.123023,660.0,2022-10-15T15:57:06Z,4.728744
48.493624,-121.123025,660.0,2022-10-15T15:57:08Z
48.493662,-121.123051,660.0,2022-10-15T15:57:12Z
48.493706,-121.123053,662.7,2022-10-15T15:57:15Z,4.524979
48.493723,-121.123081,662.0,2022-10-15T15:57:18Z
48.493755,-121.123038,664.0,2022-10-15T15:57:23Z
48.493762,-121.123126,661.0,2022-10-15T15:57:47Z
48.493781,-121.123053,659.0,2022-10-15T15:57:57Z
48.493781,-121.122980,660.0,2022-10-15T15:58:01Z
48.493828,-121.122974,662.0,2022-10-15T15:58:05Z
48.493830,-121.122955,662.0,2022-10-15T15:58:09Z
48.493882,-121.123027,660.0,2022-10-15T15:58:17Z
48.493921,-121.123129,663.0,2022-10-15T15:58:24Z
48.493974,-121.123064,663.0,2022-10-15T15:58:28Z
48.493986,-121.123005,665.0,2022-10-15T15:58:34Z
48.493979,-121.122946,666.4,2022-10-15T15:58:37Z,4.678760
48.493998,-121.122902,664.0,2022-10-15T15:58:40Z
48.493997,-121.122985,662.0,2022-10-15T15:58:45Z
48.493966,-121.123088,662.0,2022-10-15T15:58:48Z
48.493989,-121.123068,660.0,2022-10-15T15:58:57Z
48.493945,-121.123026,659.1,2022-10-15T15:58:59Z,4.783218
48.493983,-121.123036,658.5,2022-10-15T15:59:00Z,5.032917
48.493990,-121.122999,658.7,2022-10-15T15:59:01Z,5.455732
48.494036,-121.122959,659.0,2022-10-15T15:59:04Z
48.494049,-121.122906,658.9,2022-10-15T15:59:06Z,5.210405
48.494030,-121.122879,659.4,2022-10-15T15:59:07Z,4.855571
48.494027,-121.122813,657.0,2022-10-15T15:59:14Z
48.494105,-121.122775,660.0,2022-10-15T15:59:20Z
48.494125,-121.122737,656.0,2022-10-15T15:59:23Z
48.494157,-121.122715,656.0,2022-10-15T15:59:27Z
48.494123,-121.122666,660.0,2022-10-15T15:59:32Z
48.494159,-121.122658,661.0,2022-10-15T15:59:36Z
48.494204,-121.122687,659.0,2022-10-15T15:59:41Z
48.494255,-121.122692,665.3,2022-10-15T15:59:47Z,4.469969
48.494278,-121.122666,664.0,2022-10-15T15:59:49Z
48.494295,-121.122702,665.0,2022-10-15T15:59:54Z
48.494291,-121.122658,668.0,2022-10-15T16:00:00Z
48.494350,-121.122588,669.0,2022-10-15T16:00:04Z
48.494315,-121.122586,669.0,2022-10-15T16:00:07Z
48.494287,-121.122624,671.0,2022-10-15T16:00:09Z
48.494300,-121.122688,668.0,2022-10-15T16:00:14Z
48.494332,-121.122688,671.0,2022-10-15T16:00:16Z
48.494389,-121.122668,671.0,2022-10-15T16:00:19Z
48.494420,-121.122557,672.0,2022-10-15T16:00:24Z
48.494410,-121.122589,674.0,2022-10-15T16:00:27Z
48.494374,-121.122569,674.0,2022-10-15T16:00:29Z
48.494319,-121.122501,675.0,2022-10-15T16:00:31Z
48.494409,-121.122466,674.0,2022-10-15T16:00:37Z
48.494421,-121.122410,679.0,2022-10-15T16:00:42Z
48.494388,-121.122389,676.0,2022-10-15T16:00:45Z
48.494366,-121.122347,680.3,2022-10-15T16:00:48Z,4.746580
48.494399,-121.122350,675.0,2022-10-15T16:00:52Z
48.494473,-121.122292,677.0,2022-10-15T16:00:56Z
48.494538,-121.122304,678.0,2022-10-15T16:00:59Z
48.494582,-121.122332,678.0,2022-10-15T16:01:01Z
48.494561,-121.122341,679.0,2022-10-15T16:01:07Z
48.494567,-121.122328,677.0,2022-10-15T16:01:15Z
48.494635,-121.122318,683.0,2022-10-15T16:01:22Z
48.494603,-121.122361,684.7,2022-10-15T16:01:25Z,5.534723
48.494621,-121.122499,683.0,2022-10-15T16:01:29Z
48.494676,-121.122418,680.0,2022-10-15T16:01:35Z
48.494738,-121.122397,682.1,2022-10-15T16:01:38Z,6.140137
48.494765,-121.122373,682.0,2022-10-15T16:01:39Z
48.494720,-121.122409,681.0,2022-10-15T16:01:42Z
48.494673,-121.122414,683.6,2022-10-15T16:01:44Z,4.815782
48.494703,-121.122381,683.4,2022-10-15T16:01:45Z,4.784508
48.494722,-121.122341,683.0,2022-10-15T16:01:48Z
48.494757,-121.122343,684.0,2022-10-15T16:01:55Z
48.494782,-121.122400,689.0,2022-10-15T16:02:01Z
48.494801,-121.122346,689.0,2022-10-15T16:02:06Z
48.494813,-121.122388,690.6,2022-10-15T16:02:09Z,4.764109
48.494859,-121.122432,690.0,2022-10-15T16:02:12Z
48.494873,-121.122397,690.0,2022-10-15T16:02:17Z
48.494845,-121.122380,691.0,2022-10-15T16:02:19Z
48.494866,-121.122344,689.0,2022-10-15T16:02:24Z
48.494938,-121.122319,691.0,2022-10-15T16:02:34Z
48.494949,-121.122271,690.0,2022-10-15T16:02:39Z
48.494949,-121.122318,692.4,2022-10-15T16:02:42Z,4.718020
48.494931,-121.122357,691.0,2022-10-15T16:02:44Z
48.494961,-121.122339,688.0,2022-10-15T16:02:50Z
48.494967,-121.122373,691.8,2022-10-15T16:02:54Z,8.657954
48.494952,-121.122321,691.0,2022-10-15T16:02:56Z
48.495001,-121.122311,693.0,2022-10-15T16:02:58Z
48.494964,-121.122248,695.0,2022-10-15T16:03:04Z
48.495070,-121.122099,696.3,2022-10-15T16:03:10Z,4.957463
48.495056,-121.122187,695.0,2022-10-15T16:03:14Z
48.495061,-121.122063,694.0,2022-10-15T16:03:28Z
48.495090,-121.122029,694.7,2022-10-15T16:03:30Z,5.188947
48.495059,-121.122039,695.0,2022-10-15T16:03:33Z
48.495093,-121.122035,696.0,2022-10-15T16:03:37Z
48.495089,-121.122079,695.0,2022-10-15T16:03:41Z
48.495089,-121.122032,696.0,2022-10-15T16:03:47Z
48.495122,-121.121934,699.0,2022-10-15T16:03:54Z
48.495108,-121.121964,700.2,2022-10-15T16:03:56Z,4.549667
48.495116,-121.122037,699.0,2022-10-15T16:04:02Z
48.495138,-121.122071,700.0,2022-10-15T16:04:05Z
48.495126,-121.122039,700.0,2022-10-15T16:04:07Z
48.495161,-121.122055,696.0,2022-10-15T16:04:11Z
48.495194,-121.122037,698.0,2022-10-15T16:04:15Z
48.495232,-121.122043,698.0,2022-10-15T16:04:17Z
48.495299,-121.122033,698.0,2022-10-15T16:04:27Z
48.495355,-121.122016,699.0,2022-10-15T16:04:33Z
48.495380,-121.121983,700.0,2022-10-15T16:04:39Z
48.495425,-121.121994,702.0,2022-10-15T16:04:50Z
48.495455,-121.121966,706.0,2022-10-15T16:04:59Z
48.495516,-121.121940,707.0,2022-10-15T16:05:06Z
48.495486,-121.121924,709.9,2022-10-15T16:05:09Z,4.955516
48.495524,-121.121858,714.5,2022-10-15T16:05:22Z,4.818680
48.495492,-121.121818,713.0,2022-10-15T16:05:24Z
48.495513,-121.121784,714.0,2022-10-15T16:05:26Z
48.495588,-121.121708,714.0,2022-10-15T16:05:39Z
48.495572,-121.121724,716.0,2022-10-15T16:05:42Z
48.495533,-121.121700,714.0,2022-10-15T16:05:48Z
48.495589,-121.121685,716.0,2022-10-15T16:05:53Z
48.495620,-121.121661,714.0,2022-10-15T16:05:57Z
48.495605,-121.121609,714.0,2022-10-15T16:06:04Z
48.495636,-121.121590,715.0,2022-10-15T16:06:10Z
48.495617,-121.121562,718.0,2022-10-15T16:06:15Z
48.495640,-121.121535,720.0,2022-10-15T16:06:18Z
48.495689,-121.121519,720.0,2022-10-15T16:06:22Z
48.495706,-121.121487,719.0,2022-10-15T16:06:29Z
48.495732,-121.121501,717.0,2022-10-15T16:06:36Z
48.495721,-121.121543,718.0,2022-10-15T16:06:39Z
48.495742,-121.121576,721.6,2022-10-15T16:06:40Z,4.681294
48.495742,-121.121546,720.0,2022-10-15T16:06:42Z
48.495708,-121.121557,720.3,2022-10-15T16:06:43Z,4.509651
48.495744,-121.121434,720.0,2022-10-15T16:06:54Z
48.495761,-121.121397,721.0,2022-10-15T16:06:59Z
48.495798,-121.121353,720.0,2022-10-15T16:07:10Z
48.495752,-121.121308,722.0,2022-10-15T16:07:16Z
48.495768,-121.121379,723.0,2022-10-15T16:07:17Z
48.495749,-121.121336,723.0,2022-10-15T16:07:22Z
48.495829,-121.121174,723.0,2022-10-15T16:07:39Z
48.495817,-121.121241,721.0,2022-10-15T16:07:44Z
48.495778,-121.121179,724.0,2022-10-15T16:07:50Z
48.495748,-121.121151,726.0,2022-10-15T16:07:52Z
48.495777,-121.121165,729.0,2022-10-15T16:07:54Z
48.495791,-121.121230,723.0,2022-10-15T16:08:02Z
48.495825,-121.121192,729.6,2022-10-15T16:08:06Z,4.429355
48.495824,-121.121231,727.4,2022-10-15T16:08:07Z,4.456958
48.495836,-121.121162,728.0,2022-10-15T16:08:16Z
48.495870,-121.121176,729.0,2022-10-15T16:08:19Z
48.495894,-121.121219,730.0,2022-10-15T16:08:22Z
48.495901,-121.121251,730.9,2022-10-15T16:08:24Z,5.023785
48.495895,-121.121285,734.2,2022-10-15T16:08:25Z,5.049248
48.495931,-121.121291,733.0,2022-10-15T16:08:28Z
48.495952,-121.121252,734.8,2022-10-15T16:08:32Z,4.874926
48.495912,-121.121265,735.6,2022-10-15T16:08:33Z,4.819368
48.495939,-121.121216,736.0,2022-10-15T16:08:35Z
48.495932,-121.121178,735.6,2022-10-15T16:08:36Z,4.713578
48.495895,-121.121166,732.0,2022-10-15T16:08:40Z
48.495897,-121.121104,733.5,2022-10-15T16:08:43Z,4.868298
48.495932,-121.121166,732.0,2022-10-15T16:08:48Z
48.495934,-121.121222,732.0,2022-10-15T16:08:50Z
48.495908,-121.121143,732.0,2022-10-15T16:08:52Z
48.495936,-121.121219,734.0,2022-10-15T16:08:56Z
48.496012,-121.121128,729.0,2022-10-15T16:09:15Z
48.496042,-121.121113,731.0,2022-10-15T16:09:28Z
48.495976,-121.121184,732.0,2022-10-15T16:09:48Z
48.496011,-121.121206,731.0,2022-10-15T16:09:52Z
48.496033,-121.121248,732.0,2022-10-15T16:09:57Z
48.496064,-121.121218,732.0,2022-10-15T16:10:02Z
48.496024,-121.121168,732.0,2022-10-15T16:10:14Z
48.496039,-121.121115,732.0,2022-10-15T16:10:18Z
48.496073,-121.121177,732.0,2022-10-15T16:10:23Z
48.496041,-121.121171,735.0,2022-10-15T16:10:27Z
48.496078,-121.121161,736.1,2022-10-15T16:10:28Z,5.384806
48.496102,-121.121189,735.0,2022-10-15T16:10:30Z
48.496135,-121.121127,735.0,2022-10-15T16:10:33Z
48.496112,-121.121165,736.0,2022-10-15T16:10:40Z
48.496124,-121.121143,739.0,2022-10-15T16:10:46Z,6.783619
48.496090,-121.121152,736.8,2022-10-15T16:10:47Z,6.560985
48.496088,-121.121045,738.0,2022-10-15T16:10:50Z
48.496159,-121.121149,741.6,2022-10-15T16:10:57Z,4.717642
48.496140,-121.121175,740.0,2022-10-15T16:11:00Z
48.496193,-121.121182,740.0,2022-10-15T16:11:03Z
48.496154,-121.121240,740.0,2022-10-15T16:11:08Z
48.496154,-121.121276,742.0,2022-10-15T16:11:14Z
48.496179,-121.121238,746.4,2022-10-15T16:11:18Z,4.811864
48.496151,-121.121182,746.0,2022-10-15T16:11:20Z
48.496193,-121.121132,746.0,2022-10-15T16:11:27Z
48.496185,-121.121089,745.7,2022-10-15T16:11:35Z,5.047967
48.496182,-121.121177,744.0,2022-10-15T16:11:38Z
48.496205,-121.121217,744.0,2022-10-15T16:11:41Z
48.496207,-121.121171,741.0,2022-10-15T16:11:46Z
48.496151,-121.121175,744.0,2022-10-15T16:11:56Z
48.496227,-121.121204,747.6,2022-10-15T16:11:59Z,5.468365
48.496259,-121.121201,748.7,2022-10-15T16:12:00Z,5.602046
48.496256,-121.121116,747.0,2022-10-15T16:12:04Z
48.496284,-121.121148,750.0,2022-10-15T16:12:08Z
48.496350,-121.121066,750.0,2022-10-15T16:12:10Z
48.496328,-121.121042,750.0,2022-10-15T16:12:12Z
48.496329,-121.121025,744.0,2022-10-15T16:12:59Z
48.496341,-121.120989,748.0,2022-10-15T16:13:04Z
48.496370,-121.121079,751.0,2022-10-15T16:13:12Z,4.726154
48.496341,-121.121055,751.0,2022-10-15T16:13:14Z
48.496353,-121.121105,750.0,2022-10-15T16:13:20Z
48.496346,-121.121141,750.0,2022-10-15T16:13:33Z
48.496367,-121.121117,751.0,2022-10-15T16:13:45Z
48.496406,-121.121105,752.1,2022-10-15T16:13:47Z,4.986371
48.496427,-121.121062,751.0,2022-10-15T16:13:49Z
48.496422,-121.121090,749.0,2022-10-15T16:13:58Z
48.496372,-121.121139,752.6,2022-10-15T16:14:04Z,4.594219
48.496317,-121.121149,741.0,2022-10-15T16:14:16Z
48.496293,-121.121077,756.0,2022-10-15T16:14:40Z
48.496313,-121.121022,757.0,2022-10-15T16:14:52Z
48.496340,-121.121105,756.0,2022-10-15T16:15:07Z
48.496279,-121.121157,758.3,2022-10-15T16:15:23Z,4.817275
48.496327,-121.121146,752.0,2022-10-15T16:15:32Z
48.496354,-121.121148,752.0,2022-10-15T16:15:40Z
48.496359,-121.121157,754.0,2022-10-15T16:15:48Z
48.496314,-121.121184,756.0,2022-10-15T16:15:57Z
48.496292,-121.121234,758.0,2022-10-15T16:16:02Z
48.496322,-121.121199,759.0,2022-10-15T16:16:05Z
48.496270,-121.121217,760.3,2022-10-15T16:16:07Z,5.122023
48.496301,-121.121220,760.4,2022-10-15T16:16:08Z,5.114601
48.496358,-121.121202,760.0,2022-10-15T16:16:10Z
48.496356,-121.121136,762.0,2022-10-15T16:16:18Z
48.496408,-121.121098,762.0,2022-10-15T16:16:21Z
48.496412,-121.121137,762.0,2022-10-15T16:16:25Z
48.496455,-121.121118,763.6,2022-10-15T16:16:28Z,4.590929
48.496438,-121.121219,763.6,2022-10-15T16:16:30Z,4.635442
48.496450,-121.121129,760.0,2022-10-15T16:16:33Z
48.496433,-121.121177,763.0,2022-10-15T16:16:36Z
48.496455,-121.121126,764.0,2022-10-15T16:16:39Z
48.496487,-121.121191,764.7,2022-10-15T16:16:42Z,4.908385
48.496517,-121.121154,765.0,2022-10-15T16:16:44Z
48.496493,-121.121190,765.0,2022-10-15T16:16:46Z
48.496521,-121.121221,764.0,2022-10-15T16:16:52Z
48.496519,-121.121193,765.0,2022-10-15T16:17:00Z
48.496557,-121.121185,768.0,2022-10-15T16:17:04Z
48.496515,-121.121178,768.0,2022-10-15T16:17:07Z
48.496501,-121.121113,770.0,2022-10-15T16:17:09Z
48.496552,-121.121159,770.0,2022-10-15T16:17:13Z
48.496513,-121.121228,770.0,2022-10-15T16:17:15Z
48.496513,-121.121181,770.0,2022-10-15T16:17:17Z
48.496514,-121.121213,770.0,2022-10-15T16:17:21Z
48.496529,-121.121157,769.0,2022-10-15T16:17:41Z
48.496553,-121.121180,770.2,2022-10-15T16:17:44Z,4.927361
48.496522,-121.121197,766.0,2022-10-15T16:17:48Z
48.496520,-121.121174,767.0,2022-10-15T16:17:57Z
48.496601,-121.121168,768.0,2022-10-15T16:17:59Z
48.496587,-121.121103,768.0,2022-10-15T16:18:04Z
48.496612,-121.121122,768.0,2022-10-15T16:18:08Z
48.496584,-121.121183,768.0,2022-10-15T16:18:11Z
48.496582,-121.121156,770.0,2022-10-15T16:18:15Z
48.496624,-121.121113,771.0,2022-10-15T16:18:18Z
48.496641,-121.121138,771.0,2022-10-15T16:18:20Z
48.496692,-121.121112,773.3,2022-10-15T16:18:22Z,4.911581
48.496662,-121.121126,772.0,2022-10-15T16:18:23Z,4.838754
48.496613,-121.121128,770.0,2022-10-15T16:18:28Z
48.496629,-121.121086,770.0,2022-10-15T16:18:36Z
48.496647,-121.121125,772.0,2022-10-15T16:18:42Z
48.496622,-121.121221,778.0,2022-10-15T16:18:47Z
48.496646,-121.121250,779.4,2022-10-15T16:18:48Z,5.852423
48.496646,-121.121201,779.0,2022-10-15T16:18:50Z
48.496617,-121.121129,776.0,2022-10-15T16:18:53Z
48.496614,-121.121097,777.0,2022-10-15T16:18:57Z
48.496634,-121.121079,775.0,2022-10-15T16:19:03Z
48.496610,-121.121073,776.8,2022-10-15T16:19:06Z,4.685241
48.496606,-121.121106,776.0,2022-10-15T16:19:08Z
48.496678,-121.121133,769.0,2022-10-15T16:19:16Z
48.496709,-121.121131,780.6,2022-10-15T16:19:22Z,5.069686
48.496664,-121.121126,778.0,2022-10-15T16:19:25Z
48.496688,-121.121153,778.0,2022-10-15T16:19:30Z
48.496665,-121.121203,783.4,2022-10-15T16:19:35Z,4.661966
48.496683,-121.121234,783.0,2022-10-15T16:19:37Z
48.496718,-121.121218,781.8,2022-10-15T16:19:38Z,4.662850
48.496737,-121.121169,781.0,2022-10-15T16:19:47Z
48.496749,-121.121092,782.0,2022-10-15T16:19:51Z,4.618202
48.496739,-121.121122,780.0,2022-10-15T16:19:53Z
48.496744,-121.121165,782.0,2022-10-15T16:19:56Z
48.496771,-121.121208,784.2,2022-10-15T16:19:58Z,4.994188
48.496735,-121.121267,783.8,2022-10-15T16:19:59Z,5.006480
48.496745,-121.121228,784.0,2022-10-15T16:20:01Z
48.496747,-121.121143,782.0,2022-10-15T16:20:06Z
48.496775,-121.121115,783.0,2022-10-15T16:20:19Z
48.496808,-121.121042,789.4,2022-10-15T16:20:33Z,4.647802
48.496790,-121.121068,788.0,2022-10-15T16:20:37Z
48.496799,-121.121039,789.3,2022-10-15T16:20:44Z,4.666116
48.496823,-121.121018,789.0,2022-10-15T16:20:49Z
48.496832,-121.121044,791.0,2022-10-15T16:20:58Z
48.496849,-121.120993,792.0,2022-10-15T16:21:06Z
48.496893,-121.120954,792.0,2022-10-15T16:21:11Z
48.496906,-121.121060,792.0,2022-10-15T16:21:38Z
48.496890,-121.121019,792.0,2022-10-15T16:21:46Z
48.496925,-121.120983,794.0,2022-10-15T16:21:49Z
48.496943,-121.121055,790.0,2022-10-15T16:22:01Z
48.496973,-121.121079,793.0,2022-10-15T16:22:13Z
48.496995,-121.121044,800.0,2022-10-15T16:22:19Z
48.497095,-121.121147,800.0,2022-10-15T16:22:36Z
48.497140,-121.121148,803.0,2022-10-15T16:22:53Z
48.497116,-121.121188,809.0,2022-10-15T16:23:02Z
48.497107,-121.121158,808.0,2022-10-15T16:23:07Z
48.497142,-121.121124,806.0,2022-10-15T16:23:16Z
48.497166,-121.121121,809.0,2022-10-15T16:23:31Z
48.497188,-121.121023,814.7,2022-10-15T16:23:42Z,4.539015
48.497224,-121.121053,810.0,2022-10-15T16:23:51Z
48.497249,-121.121102,814.7,2022-10-15T16:23:54Z,4.707911
48.497218,-121.121094,815.0,2022-10-15T16:23:56Z
48.497228,-121.120970,815.0,2022-10-15T16:24:07Z
48.497271,-121.120963,814.0,2022-10-15T16:24:12Z
48.497294,-121.120893,816.0,2022-10-15T16:24:22Z
48.497278,-121.120847,816.0,2022-10-15T16:24:26Z
48.497273,-121.120879,816.0,2022-10-15T16:24:31Z
48.497304,-121.120929,817.0,2022-10-15T16:24:34Z
48.497331,-121.120872,816.0,2022-10-15T16:24:38Z
48.497338,-121.120807,818.0,2022-10-15T16:24:47Z
48.497409,-121.120866,821.0,2022-10-15T16:25:01Z
48.497409,-121.120832,820.0,2022-10-15T16:25:03Z
48.497390,-121.120796,821.0,2022-10-15T16:25:06Z
48.497440,-121.120798,820.0,2022-10-15T16:25:12Z
48.497436,-121.120873,827.0,2022-10-15T16:25:23Z
48.497490,-121.120865,829.0,2022-10-15T16:25:34Z
48.497492,-121.120913,831.0,2022-10-15T16:25:40Z
48.497507,-121.120881,828.0,2022-10-15T16:25:46Z
48.497514,-121.120783,834.0,2022-10-15T16:26:01Z
48.497532,-121.120813,834.0,2022-10-15T16:26:05Z
48.497558,-121.120800,834.0,2022-10-15T16:26:10Z
48.497572,-121.120858,836.0,2022-10-15T16:26:21Z
48.497602,-121.120840,833.0,2022-10-15T16:26:31Z
48.497602,-121.120827,836.0,2022-10-15T16:26:37Z
48.497616,-121.120841,833.0,2022-10-15T16:26:43Z
48.497635,-121.120901,837.0,2022-10-15T16:26:55Z
48.497700,-121.120926,841.4,2022-10-15T16:27:02Z,4.896320
48.497722,-121.120897,839.0,2022-10-15T16:27:05Z
48.497725,-121.120930,842.1,2022-10-15T16:27:08Z,4.825441
48.497699,-121.120899,840.0,2022-10-15T16:27:11Z
48.497738,-121.120910,840.0,2022-10-15T16:27:17Z
48.497719,-121.120958,843.0,2022-10-15T16:27:20Z
48.497721,-121.120843,844.0,2022-10-15T16:27:25Z
48.497684,-121.120947,843.0,2022-10-15T16:27:29Z
48.497703,-121.120911,843.0,2022-10-15T16:27:31Z
48.497697,-121.120941,845.9,2022-10-15T16:27:33Z,4.807101
48.497715,-121.120966,845.0,2022-10-15T16:27:36Z
48.497748,-121.120924,846.0,2022-10-15T16:27:49Z
48.497784,-121.120920,846.0,2022-10-15T16:27:58Z
48.497842,-121.120880,847.0,2022-10-15T16:28:10Z
48.497838,-121.120908,852.0,2022-10-15T16:28:17Z
48.497806,-121.120893,852.0,2022-10-15T16:28:19Z
48.497844,-121.120865,851.0,2022-10-15T16:28:24Z
48.497855,-121.120831,850.0,2022-10-15T16:28:32Z
48.497838,-121.120798,848.0,2022-10-15T16:28:41Z
48.497881,-121.120849,854.0,2022-10-15T16:28:54Z
48.497870,-121.120801,853.0,2022-10-15T16:28:58Z
48.497882,-121.120814,854.0,2022-10-15T16:29:02Z
48.497931,-121.120815,854.0,2022-10-15T16:29:11Z
48.497943,-121.120854,853.0,2022-10-15T16:29:22Z
48.497930,-121.120817,856.0,2022-10-15T16:29:34Z
48.497950,-121.120763,857.0,2022-10-15T16:29:38Z
48.497933,-121.120735,858.0,2022-10-15T16:29:42Z
48.497964,-121.120721,859.0,2022-10-15T16:29:46Z
48.497922,-121.120692,860.4,2022-10-15T16:29:48Z,4.517027
48.497951,-121.120664,860.0,2022-10-15T16:29:55Z
48.497961,-121.120699,860.0,2022-10-15T16:30:04Z
48.498009,-121.120745,862.0,2022-10-15T16:30:07Z
48.497998,-121.120779,855.0,2022-10-15T16:30:15Z
48.498032,-121.120709,868.8,2022-10-15T16:30:26Z,4.804974
48.498035,-121.120776,867.0,2022-10-15T16:30:48Z
48.498066,-121.120816,867.0,2022-10-15T16:30:53Z
48.498063,-121.120784,870.5,2022-10-15T16:30:55Z,4.669578
48.498090,-121.120799,867.0,2022-10-15T16:30:57Z
48.498018,-121.120675,873.0,2022-10-15T16:31:16Z
48.498035,-121.120640,874.0,2022-10-15T16:31:18Z
48.498071,-121.120643,872.0,2022-10-15T16:31:20Z
48.498086,-121.120690,872.0,2022-10-15T16:31:24Z
48.498080,-121.120615,875.0,2022-10-15T16:31:30Z
48.498143,-121.120647,873.0,2022-10-15T16:31:39Z
48.498164,-121.120691,870.0,2022-10-15T16:31:46Z
48.498159,-121.120746,877.4,2022-10-15T16:31:51Z,4.658281
48.498188,-121.120703,870.0,2022-10-15T16:31:57Z
48.498223,-121.120687,879.0,2022-10-15T16:32:02Z,4.804885
48.498204,-121.120714,879.0,2022-10-15T16:32:04Z
48.498222,-121.120665,879.0,2022-10-15T16:32:06Z
48.498183,-121.120637,873.0,2022-10-15T16:32:11Z
48.498199,-121.120698,875.0,2022-10-15T16:32:19Z
48.498223,-121.120667,876.0,2022-10-15T16:32:28Z
48.498221,-121.120620,873.0,2022-10-15T16:32:35Z
48.498234,-121.120655,877.0,2022-10-15T16:32:44Z
48.498267,-121.120661,882.0,2022-10-15T16:32:50Z
48.498312,-121.120726,884.0,2022-10-15T16:32:57Z
48.498288,-121.120762,884.7,2022-10-15T16:32:59Z,5.775733
48.498323,-121.120814,884.2,2022-10-15T16:33:00Z,5.190613
48.498337,-121.120784,884.0,2022-10-15T16:33:01Z
48.498319,-121.120731,884.0,2022-10-15T16:33:03Z
48.498329,-121.120642,885.0,2022-10-15T16:33:07Z
48.498301,-121.120547,887.0,2022-10-15T16:33:12Z
48.498297,-121.120580,885.0,2022-10-15T16:33:14Z
48.498288,-121.120529,888.0,2022-10-15T16:33:24Z
48.498283,-121.120573,888.0,2022-10-15T16:33:30Z
48.498296,-121.120604,888.0,2022-10-15T16:33:33Z
48.498324,-121.120632,890.0,2022-10-15T16:33:36Z
48.498360,-121.120610,888.0,2022-10-15T16:33:42Z
48.498357,-121.120673,892.0,2022-10-15T16:33:56Z
48.498382,-121.120629,893.0,2022-10-15T16:33:58Z
48.498409,-121.120640,893.5,2022-10-15T16:34:00Z,5.038204
48.498369,-121.120578,889.0,2022-10-15T16:34:08Z
48.498366,-121.120536,888.0,2022-10-15T16:34:21Z
48.498411,-121.120628,896.0,2022-10-15T16:34:47Z
48.498437,-121.120603,898.0,2022-10-15T16:34:54Z
48.498434,-121.120637,899.9,2022-10-15T16:34:57Z,5.181709
48.498455,-121.120675,897.0,2022-10-15T16:34:59Z
48.498447,-121.120640,896.0,2022-10-15T16:35:05Z
48.498451,-121.120597,896.0,2022-10-15T16:35:12Z
48.498462,-121.120642,900.0,2022-10-15T16:35:19Z
48.498503,-121.120629,901.0,2022-10-15T16:35:24Z
48.498475,-121.120531,904.0,2022-10-15T16:35:32Z
48.498485,-121.120591,905.7,2022-10-15T16:35:36Z,4.659494
48.498509,-121.120600,903.0,2022-10-15T16:35:38Z
48.498552,-121.120587,905.3,2022-10-15T16:35:40Z,4.606304
48.498569,-121.120616,904.0,2022-10-15T16:35:42Z
48.498518,-121.120539,905.0,2022-10-15T16:35:48Z
48.498488,-121.120576,904.0,2022-10-15T16:35:54Z
48.498497,-121.120544,906.4,2022-10-15T16:35:55Z,4.965380
48.498557,-121.120528,905.8,2022-10-15T16:36:03Z,6.074818
48.498578,-121.120569,905.9,2022-10-15T16:36:04Z,5.504429
48.498542,-121.120567,905.9,2022-10-15T16:36:05Z,4.695002
48.498512,-121.120524,904.0,2022-10-15T16:36:13Z
48.498533,-121.120488,907.0,2022-10-15T16:36:27Z
48.498536,-121.120510,907.0,2022-10-15T16:36:37Z
48.498597,-121.120516,908.0,2022-10-15T16:36:41Z
48.498540,-121.120470,910.6,2022-10-15T16:36:56Z,5.401605
48.498528,-121.120576,910.0,2022-10-15T16:37:00Z
48.498567,-121.120519,909.0,2022-10-15T16:37:03Z
48.498610,-121.120544,909.0,2022-10-15T16:37:06Z
48.498594,-121.120525,912.3,2022-10-15T16:37:09Z,4.893292
48.498617,-121.120608,912.0,2022-10-15T16:37:19Z
48.498626,-121.120559,911.0,2022-10-15T16:37:22Z
48.498618,-121.120555,910.0,2022-10-15T16:37:30Z
48.498618,-121.120569,914.4,2022-10-15T16:37:37Z,4.844877
48.498650,-121.120572,914.2,2022-10-15T16:37:38Z,4.681061
48.498655,-121.120615,914.0,2022-10-15T16:37:40Z
48.498628,-121.120526,914.0,2022-10-15T16:38:06Z
48.498636,-121.120564,914.0,2022-10-15T16:38:07Z
48.498621,-121.120542,916.2,2022-10-15T16:38:13Z,4.726950
48.498676,-121.120617,916.0,2022-10-15T16:38:32Z
48.498716,-121.120567,917.9,2022-10-15T16:38:34Z,7.391111
48.498698,-121.120654,918.0,2022-10-15T16:38:36Z
48.498668,-121.120576,918.5,2022-10-15T16:38:41Z,5.496787
48.498699,-121.120547,917.0,2022-10-15T16:38:45Z
48.498686,-121.120505,918.9,2022-10-15T16:38:49Z,4.720024
48.498681,-121.120537,918.0,2022-10-15T16:38:51Z
48.498680,-121.120491,919.0,2022-10-15T16:38:54Z
48.498684,-121.120544,918.0,2022-10-15T16:38:59Z
48.498701,-121.120498,921.3,2022-10-15T16:39:03Z,5.770200
48.498722,-121.120524,921.6,2022-10-15T16:39:04Z,5.977323
48.498707,-121.120565,920.0,2022-10-15T16:39:05Z
48.498719,-121.120596,920.0,2022-10-15T16:39:09Z
48.498738,-121.120576,918.0,2022-10-15T16:39:15Z
48.498743,-121.120540,920.0,2022-10-15T16:39:25Z
48.498794,-121.120589,920.6,2022-10-15T16:39:32Z,5.709087
48.498781,-121.120618,920.0,2022-10-15T16:39:35Z
48.498745,-121.120604,920.0,2022-10-15T16:39:39Z
48.498776,-121.120598,923.0,2022-10-15T16:39:44Z
48.498803,-121.120657,925.0,2022-10-15T16:39:46Z,5.479254
48.498784,-121.120664,926.0,2022-10-15T16:39:47Z
48.498777,-121.120604,924.0,2022-10-15T16:39:59Z
48.498774,-121.120638,923.0,2022-10-15T16:40:14Z
48.498815,-121.120746,933.7,2022-10-15T16:40:28Z,4.786341
48.498818,-121.120653,930.0,2022-10-15T16:40:32Z
48.498790,-121.120625,930.0,2022-10-15T16:40:35Z
48.498801,-121.120570,932.0,2022-10-15T16:40:37Z
48.498834,-121.120558,934.0,2022-10-15T16:40:40Z
48.498827,-121.120607,932.0,2022-10-15T16:40:49Z
48.498847,-121.120508,937.0,2022-10-15T16:41:06Z
48.498863,-121.120554,939.0,2022-10-15T16:41:19Z
48.498877,-121.120509,941.0,2022-10-15T16:41:22Z
48.498855,-121.120431,943.4,2022-10-15T16:41:26Z,4.472812
48.498862,-121.120484,943.5,2022-10-15T16:41:28Z,4.532246
48.498886,-121.120428,944.0,2022-10-15T16:41:39Z
48.498920,-121.120486,942.0,2022-10-15T16:41:44Z
48.498946,-121.120368,942.0,2022-10-15T16:41:57Z
48.498959,-121.120412,944.0,2022-10-15T16:42:02Z
48.498956,-121.120485,942.0,2022-10-15T16:42:11Z
48.498998,-121.120571,946.0,2022-10-15T16:42:17Z
48.499001,-121.120531,945.0,2022-10-15T16:42:21Z
48.499004,-121.120583,948.0,2022-10-15T16:42:32Z
48.499015,-121.120536,942.0,2022-10-15T16:42:41Z
48.499030,-121.120563,948.0,2022-10-15T16:42:49Z
48.499066,-121.120568,950.0,2022-10-15T16:42:52Z
48.499049,-121.120503,949.0,2022-10-15T16:42:56Z
48.499071,-121.120465,949.0,2022-10-15T16:42:59Z
48.499049,-121.120411,951.0,2022-10-15T16:43:02Z
48.499073,-121.120472,952.0,2022-10-15T16:43:07Z
48.499096,-121.120490,950.0,2022-10-15T16:43:13Z
48.499138,-121.120434,953.0,2022-10-15T16:43:28Z
48.499164,-121.120491,954.0,2022-10-15T16:43:35Z
48.499153,-121.120359,958.3,2022-10-15T16:43:41Z,4.568385
48.499120,-121.120366,955.0,2022-10-15T16:43:44Z
48.499096,-121.120315,960.0,2022-10-15T16:43:49Z
48.499089,-121.120278,962.0,2022-10-15T16:43:52Z
48.499100,-121.120234,961.0,2022-10-15T16:43:56Z
48.499090,-121.120215,964.1,2022-10-15T16:43:58Z,4.664609
48.499149,-121.120243,960.0,2022-10-15T16:44:05Z
48.499161,-121.120181,960.0,2022-10-15T16:44:12Z
48.499195,-121.120148,960.0,2022-10-15T16:44:15Z
48.499224,-121.120206,961.6,2022-10-15T16:44:18Z,4.676050
48.499258,-121.120040,963.0,2022-10-15T16:44:38Z
48.499288,-121.120019,961.0,2022-10-15T16:44:42Z
48.499311,-121.119970,965.0,2022-10-15T16:44:47Z
48.499338,-121.120015,960.0,2022-10-15T16:44:57Z
48.499357,-121.119974,965.0,2022-10-15T16:45:12Z
48.499379,-121.120005,968.0,2022-10-15T16:45:17Z
48.499393,-121.119976,966.0,2022-10-15T16:45:21Z
48.499347,-121.119999,970.0,2022-10-15T16:45:25Z
48.499371,-121.120038,968.0,2022-10-15T16:45:31Z
48.499418,-121.120000,971.0,2022-10-15T16:45:37Z
48.499432,-121.119976,972.0,2022-10-15T16:45:41Z
48.499422,-121.120000,974.7,2022-10-15T16:45:45Z,4.625297
48.499426,-121.120036,974.0,2022-10-15T16:45:47Z
48.499469,-121.120024,976.0,2022-10-15T16:45:54Z
48.499464,-121.119969,976.0,2022-10-15T16:45:59Z
48.499486,-121.119942,974.0,2022-10-15T16:46:04Z
48.499527,-121.119972,976.9,2022-10-15T16:46:08Z,4.646019
48.499510,-121.119874,976.0,2022-10-15T16:46:15Z
48.499538,-121.119827,975.0,2022-10-15T16:46:22Z
48.499531,-121.119791,975.0,2022-10-15T16:46:28Z
48.499565,-121.119815,975.0,2022-10-15T16:46:36Z
48.499596,-121.119789,975.0,2022-10-15T16:46:45Z
48.499646,-121.119785,972.0,2022-10-15T16:46:59Z
48.499666,-121.119674,978.7,2022-10-15T16:47:17Z,4.525081
48.499675,-121.119704,977.0,2022-10-15T16:47:19Z
48.499687,-121.119673,978.6,2022-10-15T16:47:25Z,4.452837
48.499772,-121.119757,978.0,2022-10-15T16:47:36Z
48.499754,-121.119720,980.0,2022-10-15T16:47:40Z
48.499713,-121.119720,981.0,2022-10-15T16:47:45Z
48.499718,-121.119786,984.0,2022-10-15T16:47:59Z
48.499751,-121.119840,984.0,2022-10-15T16:48:06Z
48.499757,-121.119797,986.0,2022-10-15T16:48:16Z
48.499786,-121.119744,988.0,2022-10-15T16:48:23Z
48.499792,-121.119671,992.0,2022-10-15T16:48:26Z
48.499784,-121.119640,991.0,2022-10-15T16:48:28Z
48.499805,-121.119684,992.0,2022-10-15T16:48:33Z
48.499806,-121.119724,992.0,2022-10-15T16:48:35Z
48.499864,-121.119730,992.0,2022-10-15T16:48:38Z
48.499815,-121.119717,990.0,2022-10-15T16:48:43Z
48.499802,-121.119762,993.8,2022-10-15T16:48:49Z,5.111065
48.499832,-121.119770,993.0,2022-10-15T16:48:51Z
48.499783,-121.119807,994.2,2022-10-15T16:48:53Z,5.253793
48.499814,-121.119794,993.0,2022-10-15T16:48:55Z
48.499824,-121.119700,994.7,2022-10-15T16:48:58Z,4.870714
48.499867,-121.119616,995.0,2022-10-15T16:49:07Z
48.499858,-121.119661,995.0,2022-10-15T16:49:12Z
48.499910,-121.119685,996.0,2022-10-15T16:49:16Z
48.499905,-121.119652,995.0,2022-10-15T16:49:22Z
48.499938,-121.119661,996.9,2022-10-15T16:49:28Z,4.891927
48.499939,-121.119601,994.0,2022-10-15T16:49:32Z
48.499968,-121.119635,995.0,2022-10-15T16:49:38Z
48.500049,-121.119669,996.0,2022-10-15T16:49:49Z
48.500044,-121.119603,997.0,2022-10-15T16:49:58Z
48.500086,-121.119486,999.0,2022-10-15T16:50:11Z
48.500080,-121.119452,1002.0,2022-10-15T16:50:23Z,4.504049
48.500091,-121.119482,999.0,2022-10-15T16:50:25Z
48.500116,-121.119421,1001.7,2022-10-15T16:50:29Z,4.669049
48.500121,-121.119468,1001.5,2022-10-15T16:50:30Z,4.595692
48.500146,-121.119515,1000.0,2022-10-15T16:50:35Z
48.500144,-121.119551,1000.0,2022-10-15T16:50:43Z
48.500210,-121.119612,1005.7,2022-10-15T16:50:49Z,5.643230
48.500169,-121.119497,1006.1,2022-10-15T16:50:51Z,5.016696
48.500155,-121.119546,1004.0,2022-10-15T16:50:53Z
48.500114,-121.119527,1005.1,2022-10-15T16:50:55Z,5.198661
48.500114,-121.119583,1004.0,2022-10-15T16:50:59Z
48.500097,-121.119624,1005.0,2022-10-15T16:51:05Z
48.500154,-121.119612,1005.0,2022-10-15T16:51:08Z
48.500186,-121.119643,1006.0,2022-10-15T16:51:10Z
48.500159,-121.119617,1004.0,2022-10-15T16:51:13Z
48.500170,-121.119579,1006.0,2022-10-15T16:51:16Z
48.500194,-121.119673,1005.0,2022-10-15T16:51:23Z
48.500162,-121.119646,1005.0,2022-10-15T16:51:30Z
48.500168,-121.119694,1008.0,2022-10-15T16:51:38Z
48.500180,-121.119642,1008.0,2022-10-15T16:51:40Z
48.500207,-121.119625,1009.6,2022-10-15T16:51:42Z,5.030889
48.500248,-121.119632,1010.8,2022-10-15T16:51:43Z,4.767678
48.500222,-121.119531,1013.0,2022-10-15T16:51:52Z
48.500256,-121.119595,1013.0,2022-10-15T16:51:58Z
48.500298,-121.119608,1013.8,2022-10-15T16:52:00Z,5.653962
48.500257,-121.119568,1012.0,2022-10-15T16:52:02Z
48.500303,-121.119580,1014.0,2022-10-15T16:52:05Z
48.500285,-121.119534,1015.0,2022-10-15T16:52:07Z
48.500282,-121.119565,1016.0,2022-10-15T16:52:11Z
48.500224,-121.119614,1017.0,2022-10-15T16:52:17Z
48.500256,-121.119608,1016.0,2022-10-15T16:52:21Z
48.500297,-121.119628,1018.0,2022-10-15T16:52:26Z
48.500320,-121.119607,1016.0,2022-10-15T16:52:31Z
48.500313,-121.119553,1021.0,2022-10-15T16:52:35Z
48.500325,-121.119520,1022.4,2022-10-15T16:52:37Z,4.519491
48.500313,-121.119608,1020.0,2022-10-15T16:52:45Z
48.500331,-121.119657,1020.0,2022-10-15T16:52:50Z
48.500327,-121.119623,1022.9,2022-10-15T16:52:53Z,4.736261
48.500356,-121.119599,1017.0,2022-10-15T16:52:58Z
48.500318,-121.119505,1022.0,2022-10-15T16:53:05Z
48.500340,-121.119590,1023.1,2022-10-15T16:53:07Z,5.057534
48.500313,-121.119580,1020.0,2022-10-15T16:53:09Z
48.500323,-121.119550,1022.9,2022-10-15T16:53:12Z,5.000055
48.500355,-121.119550,1020.0,2022-10-15T16:53:16Z
48.500427,-121.119630,1022.0,2022-10-15T16:53:32Z
48.500449,-121.119609,1023.0,2022-10-15T16:53:38Z
48.500409,-121.119506,1025.0,2022-10-15T16:53:46Z
48.500443,-121.119504,1025.0,2022-10-15T16:53:50Z
48.500446,-121.119432,1027.0,2022-10-15T16:54:00Z
48.500512,-121.119482,1027.0,2022-10-15T16:54:15Z
48.500530,-121.119541,1029.0,2022-10-15T16:54:26Z
48.500534,-121.119497,1034.0,2022-10-15T16:54:35Z
48.500556,-121.119463,1035.0,2022-10-15T16:54:37Z
48.500539,-121.119438,1035.1,2022-10-15T16:54:38Z,4.628526
48.500560,-121.119493,1037.0,2022-10-15T16:54:46Z
48.500579,-121.119453,1038.0,2022-10-15T16:54:52Z
48.500616,-121.119462,1039.0,2022-10-15T16:54:55Z,4.938790
48.500595,-121.119430,1039.6,2022-10-15T16:54:56Z,4.873248
48.500626,-121.119381,1038.0,2022-10-15T16:55:04Z
48.500629,-121.119320,1040.0,2022-10-15T16:55:07Z
48.500640,-121.119353,1037.0,2022-10-15T16:55:11Z
48.500672,-121.119374,1036.0,2022-10-15T16:55:16Z
48.500725,-121.119339,1035.0,2022-10-15T16:55:21Z
48.500724,-121.119363,1032.0,2022-10-15T16:55:29Z
48.500759,-121.119365,1035.0,2022-10-15T16:55:34Z
48.500761,-121.119259,1039.5,2022-10-15T16:55:43Z,4.554939
48.500754,-121.119294,1040.3,2022-10-15T16:55:44Z,4.397539
48.500759,-121.119267,1038.0,2022-10-15T16:55:48Z
48.500802,-121.119258,1037.0,2022-10-15T16:55:55Z
48.500822,-121.119299,1039.5,2022-10-15T16:55:58Z,4.538525
48.500867,-121.119269,1035.0,2022-10-15T16:56:10Z
48.500863,-121.119297,1038.0,2022-10-15T16:56:23Z
48.500884,-121.119232,1040.0,2022-10-15T16:56:30Z
48.500894,-121.119338,1041.3,2022-10-15T16:56:35Z,5.116563
48.500890,-121.119277,1040.0,2022-10-15T16:56:38Z
48.500910,-121.119233,1039.0,2022-10-15T16:56:43Z
48.500939,-121.119216,1032.0,2022-10-15T16:56:52Z
48.501012,-121.119263,1047.1,2022-10-15T16:57:21Z,4.488656
48.500994,-121.119206,1046.0,2022-10-15T16:57:26Z
48.501032,-121.119130,1045.0,2022-10-15T16:57:35Z
48.501088,-121.119263,1046.1,2022-10-15T16:57:41Z,4.850240
48.501069,-121.119204,1044.0,2022-10-15T16:57:44Z
48.501092,-121.119164,1044.0,2022-10-15T16:57:47Z
48.501063,-121.119220,1041.0,2022-10-15T16:57:53Z
48.501105,-121.119106,1047.0,2022-10-15T16:58:10Z
48.501096,-121.119150,1048.9,2022-10-15T16:58:13Z,5.095371
48.501117,-121.119189,1046.0,2022-10-15T16:58:14Z
48.501110,-121.119241,1047.1,2022-10-15T16:58:16Z,5.491724
48.501073,-121.119260,1046.0,2022-10-15T16:58:17Z
48.501030,-121.119301,1047.0,2022-10-15T16:58:20Z
48.501085,-121.119271,1047.0,2022-10-15T16:58:22Z
48.501125,-121.119261,1047.0,2022-10-15T16:58:24Z
48.501124,-121.119214,1049.3,2022-10-15T16:58:26Z,4.809924
48.501095,-121.119312,1045.0,2022-10-15T16:58:31Z
48.501105,-121.119273,1048.0,2022-10-15T16:58:36Z
48.501079,-121.119227,1049.0,2022-10-15T16:58:39Z
48.501106,-121.119307,1050.6,2022-10-15T16:58:43Z,5.033275
48.501205,-121.119351,1050.0,2022-10-15T16:58:46Z
48.501172,-121.119283,1051.0,2022-10-15T16:58:49Z
48.501211,-121.119234,1054.0,2022-10-15T16:58:54Z
48.501211,-121.119145,1053.0,2022-10-15T16:58:58Z
48.501229,-121.119137,1044.0,2022-10-15T16:59:15Z
48.501173,-121.119200,1053.0,2022-10-15T16:59:31Z
48.501245,-121.119196,1053.0,2022-10-15T16:59:35Z
48.501260,-121.119165,1055.0,2022-10-15T16:59:37Z
48.501245,-121.119104,1056.0,2022-10-15T16:59:50Z
48.501243,-121.119129,1058.0,2022-10-15T16:59:52Z
48.501265,-121.119156,1058.0,2022-10-15T16:59:56Z
48.501268,-121.119026,1061.0,2022-10-15T17:00:02Z
48.501246,-121.119127,1063.1,2022-10-15T17:00:05Z,4.637626
48.501264,-121.119044,1062.0,2022-10-15T17:00:10Z
48.501300,-121.119033,1063.0,2022-10-15T17:00:14Z
48.501329,-121.119051,1064.0,2022-10-15T17:00:16Z
48.501354,-121.119087,1064.0,2022-10-15T17:00:19Z
48.501315,-121.119042,1065.0,2022-10-15T17:00:23Z
48.501335,-121.118964,1062.0,2022-10-15T17:00:26Z
48.501362,-121.118979,1065.0,2022-10-15T17:00:30Z
48.501348,-121.119081,1065.0,2022-10-15T17:00:37Z
48.501324,-121.119061,1065.4,2022-10-15T17:00:41Z,4.586458
48.501332,-121.118990,1067.6,2022-10-15T17:00:42Z,4.596365
48.501324,-121.119027,1067.5,2022-10-15T17:00:43Z,4.731058
48.501352,-121.119118,1068.1,2022-10-15T17:00:46Z,4.813857
48.501350,-121.119179,1068.8,2022-10-15T17:00:47Z,4.763181
48.501353,-121.119101,1069.0,2022-10-15T17:00:50Z
48.501383,-121.119102,1070.0,2022-10-15T17:00:54Z
48.501436,-121.119128,1069.0,2022-10-15T17:00:56Z
48.501412,-121.119077,1068.0,2022-10-15T17:00:58Z
48.501410,-121.119046,1070.6,2022-10-15T17:01:00Z,5.101732
48.501426,-121.119081,1070.0,2022-10-15T17:01:02Z
48.501387,-121.119104,1069.8,2022-10-15T17:01:03Z,5.006314
48.501369,-121.119131,1068.0,2022-10-15T17:01:06Z
48.501395,-121.119160,1066.0,2022-10-15T17:01:11Z
48.501404,-121.119118,1068.0,2022-10-15T17:01:16Z
48.501358,-121.119103,1068.0,2022-10-15T17:01:19Z
48.501413,-121.119077,1068.0,2022-10-15T17:01:24Z
48.501436,-121.119101,1068.0,2022-10-15T17:01:27Z
48.501450,-121.119066,1070.6,2022-10-15T17:01:29Z,4.955030
48.501418,-121.119060,1068.0,2022-10-15T17:01:34Z
48.501440,-121.119124,1069.3,2022-10-15T17:01:44Z,5.074955
48.501428,-121.119176,1070.0,2022-10-15T17:01:47Z
48.501422,-121.119136,1072.0,2022-10-15T17:01:51Z
48.501445,-121.119174,1072.9,2022-10-15T17:01:52Z,5.727684
48.501429,-121.119112,1072.0,2022-10-15T17:01:54Z
48.501455,-121.119062,1071.0,2022-10-15T17:02:01Z
48.501469,-121.119113,1074.0,2022-10-15T17:02:08Z
48.501476,-121.119051,1077.0,2022-10-15T17:02:19Z
48.501423,-121.119100,1078.0,2022-10-15T17:02:22Z
48.501418,-121.119069,1078.0,2022-10-15T17:02:24Z
48.501400,-121.119118,1078.0,2022-10-15T17:02:29Z
48.501430,-121.118997,1085.4,2022-10-15T17:02:38Z,4.830890
48.501461,-121.119027,1086.0,2022-10-15T17:02:40Z
48.501473,-121.119081,1080.0,2022-10-15T17:02:45Z
48.501482,-121.119033,1085.3,2022-10-15T17:02:49Z,4.995571
48.501500,-121.119112,1083.0,2022-10-15T17:02:51Z
48.501526,-121.119145,1084.0,2022-10-15T17:02:55Z
48.501562,-121.119165,1084.9,2022-10-15T17:02:57Z,4.583210
48.501588,-121.119074,1084.0,2022-10-15T17:03:06Z
48.501579,-121.119034,1086.0,2022-10-15T17:03:10Z
48.501559,-121.119080,1086.2,2022-10-15T17:03:14Z,4.687956
48.501566,-121.119047,1085.0,2022-10-15T17:03:17Z
48.501546,-121.119074,1085.0,2022-10-15T17:03:22Z
48.501565,-121.119021,1087.0,2022-10-15T17:03:26Z
48.501569,-121.119063,1084.0,2022-10-15T17:03:32Z
48.501597,-121.119015,1086.0,2022-10-15T17:03:46Z
48.501596,-121.119073,1089.1,2022-10-15T17:03:57Z,5.506754
48.501592,-121.118999,1088.0,2022-10-15T17:03:59Z
48.501638,-121.119041,1088.0,2022-10-15T17:04:12Z
48.501640,-121.119073,1090.4,2022-10-15T17:04:21Z,4.986362
48.501650,-121.118979,1088.0,2022-10-15T17:04:27Z
48.501678,-121.119019,1088.0,2022-10-15T17:04:36Z
48.501696,-121.119112,1090.0,2022-10-15T17:04:45Z
48.501715,-121.119154,1089.5,2022-10-15T17:04:46Z,4.776702
48.501668,-121.119143,1091.4,2022-10-15T17:04:47Z,4.715020
48.501679,-121.119172,1091.8,2022-10-15T17:04:48Z,4.772977
48.501710,-121.119196,1090.2,2022-10-15T17:04:50Z,4.963174
48.501738,-121.119146,1091.0,2022-10-15T17:04:53Z
48.501711,-121.119090,1091.0,2022-10-15T17:04:56Z
48.501676,-121.119137,1092.0,2022-10-15T17:05:02Z
48.501695,-121.119171,1092.0,2022-10-15T17:05:04Z
48.501667,-121.119155,1092.0,2022-10-15T17:05:07Z
48.501692,-121.119128,1092.0,2022-10-15T17:05:12Z
48.501690,-121.119171,1095.1,2022-10-15T17:05:16Z,5.395691
48.501705,-121.119127,1095.0,2022-10-15T17:05:18Z
48.501660,-121.119122,1094.0,2022-10-15T17:05:24Z
48.501739,-121.119069,1098.4,2022-10-15T17:05:31Z,4.690609
48.501732,-121.118984,1096.0,2022-10-15T17:05:34Z
48.501722,-121.119036,1098.9,2022-10-15T17:05:37Z,5.220683
48.501758,-121.119068,1098.0,2022-10-15T17:05:39Z
48.501767,-121.119111,1095.0,2022-10-15T17:05:48Z
48.501752,-121.119265,1099.9,2022-10-15T17:05:56Z,5.085863
48.501731,-121.119221,1097.0,2022-10-15T17:05:59Z
48.501766,-121.119206,1097.0,2022-10-15T17:06:04Z
48.501798,-121.119298,1098.0,2022-10-15T17:06:13Z
48.501749,-121.119333,1100.0,2022-10-15T17:06:19Z
48.501788,-121.119314,1100.0,2022-10-15T17:06:21Z
48.501832,-121.119350,1100.0,2022-10-15T17:06:28Z
48.501803,-121.119325,1099.0,2022-10-15T17:06:37Z
48.501840,-121.119341,1100.0,2022-10-15T17:06:41Z
48.501806,-121.119304,1100.0,2022-10-15T17:06:44Z
48.501798,-121.119256,1100.0,2022-10-15T17:06:46Z
48.501779,-121.119218,1101.0,2022-10-15T17:06:49Z
48.501806,-121.119105,1098.0,2022-10-15T17:06:59Z
48.501833,-121.119201,1098.0,2022-10-15T17:07:17Z
48.501872,-121.119014,1103.0,2022-10-15T17:07:26Z
48.501852,-121.119099,1104.0,2022-10-15T17:07:28Z
48.501863,-121.119204,1104.0,2022-10-15T17:07:33Z
48.501818,-121.119168,1104.8,2022-10-15T17:07:39Z,6.983310
48.501845,-121.119196,1105.6,2022-10-15T17:07:40Z,6.381506
48.501819,-121.119180,1105.2,2022-10-15T17:07:41Z,5.371817
48.501844,-121.119154,1099.0,2022-10-15T17:07:45Z
48.501881,-121.119156,1102.0,2022-10-15T17:08:08Z
48.501836,-121.119208,1097.0,2022-10-15T17:08:30Z
48.501874,-121.119149,1105.5,2022-10-15T17:08:45Z,5.006357
48.501883,-121.119115,1107.7,2022-10-15T17:08:57Z,7.154785
48.501913,-121.119168,1107.0,2022-10-15T17:08:59Z
48.501905,-121.119234,1107.6,2022-10-15T17:09:01Z,5.451008
48.501939,-121.119236,1106.0,2022-10-15T17:09:03Z
48.501937,-121.119178,1106.0,2022-10-15T17:09:08Z
48.501904,-121.119150,1108.6,2022-10-15T17:09:09Z,5.322048
48.501923,-121.119087,1106.0,2022-10-15T17:09:16Z
48.501918,-121.119028,1110.0,2022-10-15T17:09:21Z
48.501854,-121.119044,1112.0,2022-10-15T17:09:23Z
48.501879,-121.119067,1111.0,2022-10-15T17:09:26Z
48.501874,-121.119116,1110.0,2022-10-15T17:09:32Z
48.501883,-121.119159,1111.0,2022-10-15T17:09:40Z
48.501901,-121.119101,1110.0,2022-10-15T17:09:44Z
48.501901,-121.119148,1114.5,2022-10-15T17:09:47Z,6.354336
48.501943,-121.119103,1115.5,2022-10-15T17:09:48Z,5.587406
48.501913,-121.119089,1116.0,2022-10-15T17:09:49Z
48.501896,-121.118999,1115.7,2022-10-15T17:09:51Z,4.517155
48.501906,-121.118931,1117.2,2022-10-15T17:09:53Z,4.593472
48.501939,-121.119039,1114.0,2022-10-15T17:10:01Z
48.501977,-121.119070,1116.0,2022-10-15T17:10:04Z
48.501967,-121.119019,1115.0,2022-10-15T17:10:06Z
48.501971,-121.118959,1116.0,2022-10-15T17:10:10Z
48.501980,-121.119093,1113.0,2022-10-15T17:10:31Z
48.502037,-121.119195,1114.5,2022-10-15T17:10:36Z,5.124151
48.502019,-121.119131,1115.0,2022-10-15T17:10:38Z
48.502044,-121.119092,1116.7,2022-10-15T17:10:40Z,4.573008
48.502037,-121.119045,1116.0,2022-10-15T17:10:44Z
48.502080,-121.119107,1117.0,2022-10-15T17:10:56Z
48.502055,-121.119146,1116.0,2022-10-15T17:11:00Z
48.502095,-121.119186,1118.8,2022-10-15T17:11:02Z,4.934809
48.502127,-121.119160,1117.8,2022-10-15T17:11:03Z,4.924274
48.502094,-121.119031,1121.2,2022-10-15T17:11:08Z,4.679655
48.502098,-121.118993,1120.9,2022-10-15T17:11:09Z,4.808681
48.502108,-121.119074,1118.0,2022-10-15T17:11:13Z
48.502109,-121.119028,1120.0,2022-10-15T17:11:17Z
48.502108,-121.119150,1119.4,2022-10-15T17:11:28Z,4.588743
48.502134,-121.119126,1118.0,2022-10-15T17:11:43Z
48.502120,-121.119061,1123.0,2022-10-15T17:12:00Z
48.502145,-121.119087,1121.0,2022-10-15T17:12:05Z
48.502180,-121.119035,1127.0,2022-10-15T17:12:15Z
48.502189,-121.119137,1128.0,2022-10-15T17:12:35Z
48.502156,-121.119173,1133.4,2022-10-15T17:12:47Z,5.288103
48.502190,-121.119142,1133.0,2022-10-15T17:12:49Z
48.502194,-121.119114,1134.0,2022-10-15T17:12:53Z
48.502225,-121.119109,1133.0,2022-10-15T17:12:57Z
48.502253,-121.119130,1132.0,2022-10-15T17:13:06Z
48.502263,-121.119104,1132.0,2022-10-15T17:13:09Z
48.502259,-121.119062,1132.0,2022-10-15T17:13:14Z
48.502256,-121.119125,1135.0,2022-10-15T17:13:19Z
48.502228,-121.119182,1137.6,2022-10-15T17:13:23Z,4.700103
48.502252,-121.119158,1136.0,2022-10-15T17:13:26Z
48.502267,-121.119117,1135.0,2022-10-15T17:13:34Z
48.502297,-121.119185,1136.4,2022-10-15T17:13:39Z,5.205423
48.502260,-121.119151,1136.0,2022-10-15T17:13:42Z
48.502225,-121.119220,1138.9,2022-10-15T17:13:49Z,8.413917
48.502286,-121.119098,1139.7,2022-10-15T17:13:50Z,6.523485
48.502281,-121.119063,1140.6,2022-10-15T17:13:51Z,5.930322
48.502320,-121.119004,1140.2,2022-10-15T17:13:52Z,5.594560
48.502338,-121.119052,1139.0,2022-10-15T17:13:57Z
48.502336,-121.119159,1139.5,2022-10-15T17:14:00Z,4.522892
48.502325,-121.119191,1140.0,2022-10-15T17:14:02Z
48.502307,-121.119114,1139.0,2022-10-15T17:14:06Z
48.502352,-121.119178,1134.0,2022-10-15T17:14:26Z
48.502349,-121.119140,1136.0,2022-10-15T17:14:39Z
48.502331,-121.119167,1136.8,2022-10-15T17:14:44Z,4.866410
48.502277,-121.119140,1136.0,2022-10-15T17:14:48Z
48.502299,-121.119163,1136.9,2022-10-15T17:14:50Z,4.615961
48.502278,-121.119193,1137.2,2022-10-15T17:14:53Z,4.645886
48.502323,-121.119125,1134.0,2022-10-15T17:15:02Z
48.502347,-121.119165,1139.0,2022-10-15T17:15:13Z
48.502318,-121.119110,1141.4,2022-10-15T17:15:18Z,4.877880
48.502342,-121.119088,1137.0,2022-10-15T17:15:24Z
48.502349,-121.119134,1140.0,2022-10-15T17:15:40Z
48.502330,-121.119152,1141.0,2022-10-15T17:15:49Z
48.502360,-121.119122,1140.0,2022-10-15T17:15:55Z
48.502401,-121.119123,1143.0,2022-10-15T17:16:03Z
48.502450,-121.119094,1140.0,2022-10-15T17:16:10Z
48.502408,-121.119086,1144.0,2022-10-15T17:16:20Z
48.502418,-121.119174,1146.0,2022-10-15T17:16:26Z
48.502442,-121.119152,1147.7,2022-10-15T17:16:28Z,5.022335
48.502479,-121.119087,1147.9,2022-10-15T17:16:29Z,5.123385
48.502485,-121.119048,1146.0,2022-10-15T17:16:32Z
48.502492,-121.119080,1148.0,2022-10-15T17:16:34Z,4.691735
48.502474,-121.119109,1146.0,2022-10-15T17:16:36Z
48.502471,-121.119198,1150.1,2022-10-15T17:16:37Z,4.921082
48.502470,-121.119148,1149.5,2022-10-15T17:16:38Z,4.941890
48.502490,-121.119118,1145.0,2022-10-15T17:16:41Z
48.502464,-121.119102,1148.4,2022-10-15T17:16:44Z,4.714839
48.502463,-121.119151,1147.0,2022-10-15T17:16:46Z
48.502510,-121.119056,1149.9,2022-10-15T17:16:51Z,4.582668
48.502506,-121.119014,1149.0,2022-10-15T17:16:52Z,4.604519
48.502509,-121.119058,1146.0,2022-10-15T17:16:54Z
48.502533,-121.118997,1148.0,2022-10-15T17:16:57Z
48.502516,-121.119058,1146.0,2022-10-15T17:17:01Z
48.502520,-121.119089,1149.1,2022-10-15T17:17:05Z,5.314576
48.502551,-121.119103,1145.0,2022-10-15T17:17:08Z
48.502595,-121.119083,1146.0,2022-10-15T17:17:14Z
48.502585,-121.119132,1148.0,2022-10-15T17:17:18Z
48.502597,-121.119101,1148.0,2022-10-15T17:17:22Z
48.502636,-121.119096,1148.0,2022-10-15T17:17:28Z
48.502605,-121.119116,1150.0,2022-10-15T17:17:30Z,4.590711
48.502629,-121.119098,1150.0,2022-10-15T17:17:32Z
48.502665,-121.119118,1151.5,2022-10-15T17:17:33Z,4.913498
48.502640,-121.119086,1145.0,2022-10-15T17:17:38Z
48.502678,-121.119085,1140.0,2022-10-15T17:17:49Z
48.502671,-121.119023,1152.0,2022-10-15T17:18:05Z
48.502691,-121.119058,1155.0,2022-10-15T17:18:08Z,4.652724
48.502663,-121.119090,1155.6,2022-10-15T17:18:10Z,4.914704
48.502697,-121.119089,1155.0,2022-10-15T17:18:13Z
48.502724,-121.119120,1156.0,2022-10-15T17:18:17Z
48.502763,-121.119129,1156.0,2022-10-15T17:18:21Z
48.502763,-121.119093,1156.0,2022-10-15T17:18:24Z
48.502727,-121.119083,1158.0,2022-10-15T17:18:26Z
48.502735,-121.119133,1159.0,2022-10-15T17:18:30Z
48.502774,-121.119119,1159.0,2022-10-15T17:18:34Z
48.502756,-121.119075,1160.8,2022-10-15T17:18:37Z,5.201371
48.502788,-121.119104,1160.0,2022-10-15T17:18:47Z
48.502791,-121.119142,1164.0,2022-10-15T17:18:54Z
48.502825,-121.119150,1164.0,2022-10-15T17:18:56Z
48.502806,-121.119124,1165.1,2022-10-15T17:18:58Z,4.892129
48.502820,-121.119053,1162.0,2022-10-15T17:19:07Z
48.502789,-121.119109,1164.0,2022-10-15T17:19:10Z
48.502844,-121.119153,1164.0,2022-10-15T17:19:20Z
48.502790,-121.119081,1166.6,2022-10-15T17:19:27Z,6.990773
48.502840,-121.119198,1164.0,2022-10-15T17:19:39Z
48.502807,-121.119226,1168.8,2022-10-15T17:19:42Z,5.026536
48.502795,-121.119194,1170.0,2022-10-15T17:19:44Z
48.502839,-121.119223,1169.3,2022-10-15T17:19:45Z,4.727989
48.502857,-121.119263,1170.0,2022-10-15T17:19:46Z,4.719771
48.502840,-121.119252,1166.0,2022-10-15T17:19:49Z
48.502872,-121.119213,1169.3,2022-10-15T17:19:54Z,5.089221
48.502825,-121.119173,1168.0,2022-10-15T17:19:56Z
48.502877,-121.119209,1166.0,2022-10-15T17:20:05Z
48.502931,-121.119193,1172.0,2022-10-15T17:20:15Z
48.502932,-121.119152,1170.0,2022-10-15T17:20:19Z
48.502913,-121.119193,1173.1,2022-10-15T17:20:22Z,5.686667
48.502954,-121.119154,1173.0,2022-10-15T17:20:23Z,5.681619
48.502954,-121.119099,1173.7,2022-10-15T17:20:24Z,5.319226
48.502943,-121.119134,1172.0,2022-10-15T17:20:27Z
48.502974,-121.119191,1170.0,2022-10-15T17:20:35Z
48.502946,-121.119212,1172.2,2022-10-15T17:20:40Z,4.615986
48.502955,-121.119246,1170.3,2022-10-15T17:20:41Z,4.646212
48.502954,-121.119182,1170.0,2022-10-15T17:20:44Z
48.503023,-121.119227,1172.0,2022-10-15T17:20:47Z
48.502957,-121.119161,1170.0,2022-10-15T17:20:50Z
48.502996,-121.119174,1173.0,2022-10-15T17:20:54Z
48.502969,-121.119153,1174.0,2022-10-15T17:20:59Z
48.503055,-121.119128,1176.0,2022-10-15T17:21:09Z
48.503050,-121.119057,1182.2,2022-10-15T17:21:20Z,5.205239
48.503061,-121.119088,1181.6,2022-10-15T17:21:21Z,5.404336
48.503033,-121.119176,1179.0,2022-10-15T17:21:25Z
48.503042,-121.119201,1179.5,2022-10-15T17:21:31Z,5.243391
48.503006,-121.119209,1175.0,2022-10-15T17:21:34Z
48.503100,-121.119222,1176.0,2022-10-15T17:21:46Z
48.503112,-121.119253,1176.0,2022-10-15T17:22:01Z
48.503080,-121.119308,1180.0,2022-10-15T17:22:09Z
48.503096,-121.119287,1181.0,2022-10-15T17:22:15Z
48.503132,-121.119281,1182.0,2022-10-15T17:22:19Z
48.503144,-121.119220,1182.0,2022-10-15T17:22:30Z
48.503150,-121.119280,1180.0,2022-10-15T17:22:42Z
48.503124,-121.119355,1184.0,2022-10-15T17:22:58Z
48.503151,-121.119350,1185.0,2022-10-15T17:23:04Z
48.503145,-121.119373,1183.0,2022-10-15T17:23:13Z
48.503124,-121.119343,1186.0,2022-10-15T17:23:21Z
48.503113,-121.119384,1190.4,2022-10-15T17:23:24Z,4.616348
48.503143,-121.119379,1190.0,2022-10-15T17:23:25Z,4.659149
48.503118,-121.119355,1190.9,2022-10-15T17:23:26Z,4.759252
48.503181,-121.119500,1188.0,2022-10-15T17:23:44Z
48.503141,-121.119456,1190.0,2022-10-15T17:23:52Z
48.503114,-121.119397,1192.0,2022-10-15T17:23:58Z
48.503164,-121.119468,1194.0,2022-10-15T17:24:02Z
48.503170,-121.119497,1192.0,2022-10-15T17:24:08Z
48.503145,-121.119429,1195.0,2022-10-15T17:24:11Z
48.503139,-121.119482,1195.0,2022-10-15T17:24:13Z
48.503153,-121.119523,1195.0,2022-10-15T17:24:16Z
48.503146,-121.119486,1194.0,2022-10-15T17:24:23Z
48.503242,-121.119604,1195.0,2022-10-15T17:24:54Z
48.503252,-121.119663,1197.0,2022-10-15T17:25:02Z
48.503244,-121.119613,1197.0,2022-10-15T17:25:09Z
48.503299,-121.119648,1198.0,2022-10-15T17:25:38Z
48.503274,-121.119616,1203.9,2022-10-15T17:25:50Z,4.574143
48.503297,-121.119642,1201.0,2022-10-15T17:25:52Z
48.503288,-121.119572,1203.0,2022-10-15T17:26:30Z
48.503330,-121.119584,1204.0,2022-10-15T17:26:45Z
48.503351,-121.119611,1200.0,2022-10-15T17:26:54Z
48.503389,-121.119628,1207.3,2022-10-15T17:26:59Z,4.639734
48.503382,-121.119585,1202.0,2022-10-15T17:27:06Z
48.503382,-121.119629,1205.2,2022-10-15T17:27:18Z,4.605198
48.503396,-121.119643,1204.0,2022-10-15T17:27:20Z
48.503387,-121.119636,1206.0,2022-10-15T17:27:25Z
48.503427,-121.119567,1207.0,2022-10-15T17:27:48Z
48.503455,-121.119538,1211.0,2022-10-15T17:28:00Z
48.503441,-121.119506,1212.0,2022-10-15T17:28:07Z
48.503469,-121.119485,1210.0,2022-10-15T17:28:20Z
48.503462,-121.119539,1211.0,2022-10-15T17:28:24Z
48.503519,-121.119504,1208.0,2022-10-15T17:28:54Z
48.503552,-121.119539,1208.0,2022-10-15T17:29:11Z
48.503556,-121.119518,1206.0,2022-10-15T17:29:17Z
48.503587,-121.119502,1207.0,2022-10-15T17:29:34Z
48.503600,-121.119534,1208.0,2022-10-15T17:29:48Z
48.503614,-121.119477,1207.0,2022-10-15T17:30:03Z
48.503651,-121.119462,1208.0,2022-10-15T17:30:26Z
48.503648,-121.119432,1216.7,2022-10-15T17:31:30Z,4.671100
48.503695,-121.119432,1215.0,2022-10-15T17:31:31Z
48.503672,-121.119467,1215.0,2022-10-15T17:31:35Z
48.503690,-121.119496,1208.0,2022-10-15T17:31:40Z
48.503778,-121.119547,1218.5,2022-10-15T17:31:53Z,4.654639
48.503746,-121.119524,1216.0,2022-10-15T17:31:58Z
48.503757,-121.119478,1216.0,2022-10-15T17:32:19Z
48.503752,-121.119508,1214.0,2022-10-15T17:32:25Z
48.503776,-121.119545,1218.4,2022-10-15T17:32:28Z,4.712543
48.503744,-121.119492,1217.0,2022-10-15T17:32:33Z
48.503734,-121.119520,1215.0,2022-10-15T17:32:44Z
48.503759,-121.119551,1220.0,2022-10-15T17:32:52Z
48.503757,-121.119476,1220.0,2022-10-15T17:33:07Z
48.503810,-121.119502,1220.0,2022-10-15T17:33:11Z
48.503781,-121.119481,1220.0,2022-10-15T17:33:15Z
48.503782,-121.119419,1219.0,2022-10-15T17:33:22Z
48.503799,-121.119478,1210.0,2022-10-15T17:33:30Z
48.503784,-121.119411,1219.9,2022-10-15T17:33:36Z,4.613848
48.503841,-121.119469,1216.0,2022-10-15T17:33:46Z
48.503754,-121.119445,1220.0,2022-10-15T17:33:55Z
48.503810,-121.119481,1220.0,2022-10-15T17:33:58Z
48.503839,-121.119470,1216.0,2022-10-15T17:34:05Z
48.503868,-121.119383,1223.0,2022-10-15T17:34:54Z
48.503861,-121.119385,1226.0,2022-10-15T17:38:21Z
48.503851,-121.119458,1226.0,2022-10-15T17:38:55Z
48.503913,-121.119399,1230.0,2022-10-15T17:39:17Z
48.503917,-121.119434,1228.0,2022-10-15T17:39:19Z
48.503873,-121.119492,1220.0,2022-10-15T17:39:38Z
48.503859,-121.119527,1224.0,2022-10-15T17:39:45Z
48.503893,-121.119596,1224.0,2022-10-15T17:40:09Z
48.503916,-121.119548,1224.0,2022-10-15T17:40:22Z
48.503913,-121.119514,1224.0,2022-10-15T17:40:30Z
48.503970,-121.119522,1226.0,2022-10-15T17:40:35Z
48.503913,-121.119557,1226.0,2022-10-15T17:40:37Z
48.503937,-121.119529,1227.0,2022-10-15T17:40:41Z
48.503964,-121.119570,1228.0,2022-10-15T17:40:46Z
48.503892,-121.119476,1228.0,2022-10-15T17:41:00Z
48.503918,-121.119474,1225.0,2022-10-15T17:41:14Z
48.503925,-121.119453,1227.0,2022-10-15T17:41:28Z
48.503954,-121.119530,1228.0,2022-10-15T17:42:17Z
48.503948,-121.119467,1228.0,2022-10-15T17:42:22Z
48.503968,-121.119514,1225.0,2022-10-15T17:42:43Z
48.504004,-121.119502,1236.0,2022-10-15T17:45:20Z
48.504038,-121.119428,1233.0,2022-10-15T17:45:42Z
48.504092,-121.119410,1215.0,2022-10-15T17:46:02Z
48.504064,-121.119397,1233.0,2022-10-15T17:46:25Z
48.504055,-121.119314,1236.0,2022-10-15T17:46:45Z
48.504031,-121.119280,1237.5,2022-10-15T17:46:46Z,4.642093
48.504050,-121.119328,1236.0,2022-10-15T17:46:50Z
48.504109,-121.119339,1232.0,2022-10-15T17:47:15Z
48.504067,-121.119357,1238.0,2022-10-15T17:47:26Z
48.504108,-121.119352,1233.0,2022-10-15T17:47:30Z
48.504137,-121.119429,1239.0,2022-10-15T17:47:57Z
48.504145,-121.119382,1239.0,2022-10-15T17:48:00Z
48.504152,-121.119422,1235.0,2022-10-15T17:48:04Z
48.504146,-121.119440,1236.0,2022-10-15T17:48:10Z
48.504170,-121.119453,1235.0,2022-10-15T17:48:24Z
48.504143,-121.119459,1232.0,2022-10-15T17:48:39Z
48.504142,-121.119490,1243.0,2022-10-15T17:48:54Z
48.504109,-121.119512,1245.0,2022-10-15T17:48:58Z
48.504161,-121.119520,1245.0,2022-10-15T17:49:08Z
48.504159,-121.119496,1244.0,2022-10-15T17:49:13Z
48.504192,-121.119514,1243.0,2022-10-15T17:49:25Z
48.504225,-121.119493,1246.0,2022-10-15T17:49:47Z
48.504238,-121.119524,1245.0,2022-10-15T17:49:49Z
48.504240,-121.119474,1245.0,2022-10-15T17:49:52Z
48.504247,-121.119512,1244.0,2022-10-15T17:49:56Z
48.504207,-121.119593,1248.0,2022-10-15T17:50:27Z
48.504250,-121.119581,1250.0,2022-10-15T17:50:37Z
48.504254,-121.119601,1250.0,2022-10-15T17:50:42Z
48.504238,-121.119562,1250.0,2022-10-15T17:50:44Z
48.504240,-121.119626,1244.0,2022-10-15T17:50:57Z
48.504264,-121.119610,1252.0,2022-10-15T17:51:07Z
48.504276,-121.119650,1253.0,2022-10-15T17:51:12Z
48.504252,-121.119687,1253.0,2022-10-15T17:51:14Z
48.504276,-121.119659,1254.0,2022-10-15T17:51:21Z
48.504314,-121.119719,1256.0,2022-10-15T17:51:31Z
48.504344,-121.119711,1259.8,2022-10-15T17:52:17Z,4.610805
48.504324,-121.119719,1260.0,2022-10-15T17:52:23Z
48.504358,-121.119666,1260.0,2022-10-15T17:52:42Z
48.504313,-121.119744,1261.0,2022-10-15T17:53:01Z
48.504355,-121.119738,1261.0,2022-10-15T17:53:08Z
48.504371,-121.119620,1266.0,2022-10-15T17:53:57Z
48.504402,-121.119583,1265.0,2022-10-15T17:53:59Z
48.504403,-121.119609,1264.0,2022-10-15T17:54:03Z
48.504367,-121.119656,1264.0,2022-10-15T17:54:49Z
48.504358,-121.119629,1265.0,2022-10-15T17:55:14Z
48.504371,-121.119658,1270.0,2022-10-15T17:55:39Z
48.504406,-121.119612,1265.0,2022-10-15T17:55:54Z
48.504419,-121.119552,1268.0,2022-10-15T17:56:04Z
48.504481,-121.119590,1267.7,2022-10-15T17:56:27Z,4.715510
48.504457,-121.119491,1265.0,2022-10-15T17:56:42Z
48.504447,-121.119537,1267.0,2022-10-15T17:56:45Z
48.504472,-121.119611,1268.0,2022-10-15T17:56:49Z
48.504494,-121.119528,1269.0,2022-10-15T17:56:56Z
48.504454,-121.119533,1270.0,2022-10-15T17:57:00Z
48.504491,-121.119552,1270.0,2022-10-15T17:57:05Z
48.504515,-121.119605,1271.0,2022-10-15T17:57:10Z
48.504516,-121.119650,1273.2,2022-10-15T17:57:12Z,4.766996
48.504480,-121.119671,1272.6,2022-10-15T17:57:12Z,4.625919
48.504503,-121.119626,1272.0,2022-10-15T17:57:18Z
48.504492,-121.119579,1272.0,2022-10-15T17:57:27Z
48.504494,-121.119655,1274.0,2022-10-15T17:57:32Z
48.504518,-121.119609,1276.0,2022-10-15T17:58:12Z
48.504527,-121.119562,1278.9,2022-10-15T17:58:58Z,4.557374
48.504544,-121.119588,1277.9,2022-10-15T17:58:59Z,4.563040
48.504537,-121.119521,1276.0,2022-10-15T18:00:02Z
48.504535,-121.119643,1274.0,2022-10-15T18:00:24Z
48.504519,-121.119602,1274.0,2022-10-15T18:01:18Z
48.504507,-121.119571,1274.0,2022-10-15T18:05:30Z
48.504546,-121.119587,1274.7,2022-10-15T18:06:27Z,4.646843
48.504553,-121.119620,1280.0,2022-10-15T18:26:47Z
48.504511,-121.119467,1278.0,2022-10-15T18:27:01Z
48.504523,-121.119570,1280.0,2022-10-15T18:27:12Z
48.504551,-121.119559,1281.5,2022-10-15T18:27:20Z,6.397100
48.504528,-121.119602,1280.0,2022-10-15T18:27:22Z
48.504532,-121.119646,1278.0,2022-10-15T18:27:29Z
48.504531,-121.119556,1278.0,2022-10-15T18:27:40Z
48.504541,-121.119504,1280.0,2022-10-15T18:27:42Z,5.127944
48.504544,-121.119666,1277.0,2022-10-15T18:29:15Z
48.504531,-121.119822,1280.0,2022-10-15T18:29:56Z
48.504557,-121.119870,1274.0,2022-10-15T18:30:07Z
48.504527,-121.119914,1279.0,2022-10-15T18:30:43Z
48.504541,-121.119841,1274.0,2022-10-15T18:31:05Z
48.504611,-121.119822,1278.0,2022-10-15T18:31:24Z
48.504641,-121.119791,1283.0,2022-10-15T18:31:30Z
48.504616,-121.119856,1285.0,2022-10-15T18:31:40Z
48.504628,-121.119899,1278.0,2022-10-15T18:31:54Z
48.504659,-121.119883,1287.0,2022-10-15T18:32:08Z
48.504683,-121.119908,1290.0,2022-10-15T18:32:29Z
48.504683,-121.119955,1292.0,2022-10-15T18:32:34Z
48.504671,-121.119916,1293.5,2022-10-15T18:32:36Z,4.811542
48.504737,-121.119960,1289.0,2022-10-15T18:32:52Z
48.504714,-121.119937,1292.0,2022-10-15T18:32:57Z
48.504743,-121.119897,1290.0,2022-10-15T18:33:06Z
48.504755,-121.119947,1294.0,2022-10-15T18:33:18Z
48.504745,-121.119930,1296.3,2022-10-15T18:33:22Z,4.593077
48.504794,-121.119961,1288.0,2022-10-15T18:33:37Z
48.504771,-121.119998,1297.5,2022-10-15T18:33:44Z,4.627003
48.504791,-121.119962,1296.0,2022-10-15T18:33:46Z
48.504800,-121.119905,1296.0,2022-10-15T18:34:09Z
48.504797,-121.119937,1298.0,2022-10-15T18:34:19Z
48.504815,-121.119967,1303.6,2022-10-15T18:34:24Z,4.680928
48.504830,-121.119919,1300.0,2022-10-15T18:34:31Z
48.504828,-121.119875,1304.0,2022-10-15T18:34:34Z
48.504848,-121.119878,1303.0,2022-10-15T18:34:43Z
48.504863,-121.119913,1303.0,2022-10-15T18:34:56Z
48.504858,-121.119888,1308.6,2022-10-15T18:35:07Z,4.610143
48.504877,-121.119837,1304.0,2022-10-15T18:35:22Z
48.504933,-121.119857,1304.0,2022-10-15T18:36:05Z
48.504951,-121.119901,1304.0,2022-10-15T18:36:41Z
48.504934,-121.119946,1307.0,2022-10-15T18:37:04Z
48.504962,-121.119882,1308.0,2022-10-15T18:37:28Z
48.504972,-121.119943,1308.0,2022-10-15T18:37:51Z
48.504995,-121.119916,1310.0,2022-10-15T18:38:15Z
48.504967,-121.119959,1312.2,2022-10-15T18:38:17Z,4.666043
48.504985,-121.119969,1310.0,2022-10-15T18:38:19Z
48.504992,-121.119927,1310.0,2022-10-15T18:38:27Z
48.505012,-121.119887,1305.0,2022-10-15T18:38:34Z
48.505005,-121.119847,1308.0,2022-10-15T18:38:45Z
48.505055,-121.119908,1311.0,2022-10-15T18:39:07Z,4.713250
48.505070,-121.119951,1312.1,2022-10-15T18:39:08Z,4.702010
48.505065,-121.119910,1312.0,2022-10-15T18:39:09Z
48.505073,-121.119876,1310.0,2022-10-15T18:39:15Z
48.505051,-121.119801,1314.0,2022-10-15T18:39:25Z
48.505103,-121.119662,1313.0,2022-10-15T18:40:03Z
48.505125,-121.119667,1314.0,2022-10-15T18:40:18Z
48.505123,-121.119762,1316.0,2022-10-15T18:40:32Z
48.505123,-121.119729,1317.0,2022-10-15T18:40:36Z
48.505144,-121.119772,1318.0,2022-10-15T18:40:42Z
48.505172,-121.119757,1320.0,2022-10-15T18:40:58Z
48.505167,-121.119796,1312.0,2022-10-15T18:41:14Z
48.505160,-121.119734,1319.7,2022-10-15T18:41:37Z,4.593575
48.505175,-121.119698,1316.0,2022-10-15T18:41:47Z
48.505205,-121.119704,1315.0,2022-10-15T18:42:34Z
48.505204,-121.119738,1320.0,2022-10-15T18:42:58Z
48.505234,-121.119732,1320.0,2022-10-15T18:43:17Z
48.505247,-121.119760,1314.0,2022-10-15T18:43:30Z
48.505294,-121.119650,1324.0,2022-10-15T18:44:18Z
48.505330,-121.119616,1322.0,2022-10-15T18:45:01Z
48.505330,-121.119553,1305.0,2022-10-15T18:45:24Z
48.505346,-121.119534,1329.0,2022-10-15T18:45:48Z
48.505336,-121.119473,1329.0,2022-10-15T18:46:03Z
48.505371,-121.119506,1326.0,2022-10-15T18:46:14Z
48.505447,-121.119547,1329.0,2022-10-15T18:46:40Z
48.505459,-121.119518,1323.0,2022-10-15T18:47:16Z
48.505455,-121.119467,1334.0,2022-10-15T18:47:28Z
48.505472,-121.119490,1334.0,2022-10-15T18:47:37Z
48.505427,-121.119483,1338.0,2022-10-15T18:48:27Z
48.505386,-121.119404,1337.0,2022-10-15T18:49:25Z
48.505424,-121.119412,1338.0,2022-10-15T18:49:40Z
48.505461,-121.119394,1338.0,2022-10-15T18:49:49Z
48.505513,-121.119397,1338.0,2022-10-15T18:49:57Z
48.505534,-121.119430,1337.0,2022-10-15T18:50:04Z
48.505542,-121.119300,1337.0,2022-10-15T18:50:26Z
48.505606,-121.119355,1341.0,2022-10-15T18:50:36Z
48.505612,-121.119403,1339.0,2022-10-15T18:50:45Z
48.505618,-121.119293,1344.0,2022-10-15T18:50:58Z
48.505689,-121.119369,1341.0,2022-10-15T18:51:16Z
48.505721,-121.119304,1347.0,2022-10-15T18:51:42Z
48.505732,-121.119254,1348.0,2022-10-15T18:51:47Z
48.505728,-121.119298,1346.0,2022-10-15T18:51:51Z
48.505751,-121.119245,1344.0,2022-10-15T18:52:07Z
48.505789,-121.119193,1350.0,2022-10-15T18:52:28Z
48.505816,-121.119222,1355.1,2022-10-15T18:52:35Z,4.712798
48.505797,-121.119205,1353.0,2022-10-15T18:52:43Z
48.505809,-121.119238,1351.0,2022-10-15T18:52:57Z
48.505860,-121.119248,1350.0,2022-10-15T18:53:17Z
48.505876,-121.119276,1345.0,2022-10-15T18:53:23Z
48.505920,-121.119212,1344.0,2022-10-15T18:53:38Z
48.505963,-121.119231,1332.0,2022-10-15T18:53:50Z
48.505951,-121.119199,1344.0,2022-10-15T18:54:08Z
48.505966,-121.119243,1330.0,2022-10-15T18:54:24Z
48.506002,-121.119161,1337.0,2022-10-15T18:54:47Z
48.506050,-121.119202,1343.0,2022-10-15T18:54:59Z
48.506058,-121.119145,1345.0,2022-10-15T18:55:05Z
48.506034,-121.119123,1344.0,2022-10-15T18:55:11Z
48.506053,-121.119080,1339.0,2022-10-15T18:55:23Z
48.506089,-121.119104,1345.0,2022-10-15T18:55:39Z
48.506078,-121.119138,1347.0,2022-10-15T18:55:47Z
48.506055,-121.119158,1351.0,2022-10-15T18:55:56Z
48.506057,-121.119126,1350.0,2022-10-15T18:56:06Z
48.506082,-121.119164,1344.0,2022-10-15T18:56:11Z
48.506152,-121.119101,1349.0,2022-10-15T18:56:24Z
48.506105,-121.119091,1346.0,2022-10-15T18:56:30Z
48.506124,-121.118967,1354.0,2022-10-15T18:57:29Z
48.506159,-121.118974,1350.0,2022-10-15T18:57:53Z
48.506178,-121.118911,1351.0,2022-10-15T18:58:20Z
48.506152,-121.118910,1354.0,2022-10-15T18:58:26Z
48.506176,-121.118908,1354.3,2022-10-15T18:58:28Z,4.534737
48.506217,-121.118954,1344.0,2022-10-15T18:58:44Z
48.506261,-121.118938,1353.0,2022-10-15T18:59:08Z
48.506274,-121.118883,1355.0,2022-10-15T18:59:20Z
48.506272,-121.118850,1356.0,2022-10-15T18:59:29Z
48.506256,-121.118824,1352.0,2022-10-15T18:59:39Z
48.506287,-121.118696,1356.0,2022-10-15T18:59:58Z
48.506288,-121.118662,1359.6,2022-10-15T19:00:01Z,4.419289
48.506308,-121.118716,1357.0,2022-10-15T19:00:04Z
48.506323,-121.118799,1356.0,2022-10-15T19:00:10Z
48.506346,-121.118843,1352.0,2022-10-15T19:00:16Z
48.506378,-121.118840,1356.0,2022-10-15T19:00:23Z
48.506410,-121.118804,1354.0,2022-10-15T19:00:37Z
48.506399,-121.118783,1359.0,2022-10-15T19:00:49Z
48.506417,-121.118831,1360.0,2022-10-15T19:01:07Z
48.506470,-121.118885,1359.0,2022-10-15T19:01:23Z
48.506508,-121.118813,1360.0,2022-10-15T19:01:43Z
48.506521,-121.118843,1363.0,2022-10-15T19:01:56Z
48.506546,-121.118810,1364.0,2022-10-15T19:02:08Z
48.506555,-121.118882,1363.3,2022-10-15T19:02:15Z,4.487422
48.506494,-121.118890,1364.0,2022-10-15T19:02:16Z
48.506532,-121.118878,1364.0,2022-10-15T19:02:18Z
48.506569,-121.118879,1363.0,2022-10-15T19:02:21Z
48.506592,-121.118927,1364.0,2022-10-15T19:02:25Z
48.506634,-121.118868,1363.0,2022-10-15T19:02:29Z
48.506628,-121.118786,1361.0,2022-10-15T19:02:52Z
48.506650,-121.118807,1367.0,2022-10-15T19:03:02Z
48.506667,-121.118701,1366.0,2022-10-15T19:03:15Z
48.506657,-121.118673,1369.0,2022-10-15T19:03:30Z
48.506670,-121.118694,1371.0,2022-10-15T19:03:39Z
48.506683,-121.118651,1370.0,2022-10-15T19:03:43Z
48.506744,-121.118628,1368.0,2022-10-15T19:04:01Z
48.506761,-121.118496,1370.0,2022-10-15T19:04:12Z
48.506740,-121.118563,1373.0,2022-10-15T19:04:20Z
48.506744,-121.118539,1378.0,2022-10-15T19:04:25Z
48.506796,-121.118543,1380.0,2022-10-15T19:04:28Z
48.506773,-121.118580,1380.0,2022-10-15T19:04:31Z
48.506787,-121.118649,1380.0,2022-10-15T19:04:36Z
48.506769,-121.118695,1380.0,2022-10-15T19:04:39Z
48.506785,-121.118660,1381.0,2022-10-15T19:04:42Z
48.506787,-121.118603,1379.0,2022-10-15T19:04:45Z
48.506842,-121.118643,1380.0,2022-10-15T19:04:53Z
48.506819,-121.118703,1381.0,2022-10-15T19:05:00Z
48.506872,-121.118725,1380.0,2022-10-15T19:05:11Z
48.506875,-121.118663,1380.0,2022-10-15T19:05:20Z
48.506886,-121.118698,1379.0,2022-10-15T19:05:29Z
48.506884,-121.118660,1382.6,2022-10-15T19:05:33Z,5.430219
48.506853,-121.118676,1382.0,2022-10-15T19:05:35Z
48.506928,-121.118733,1382.9,2022-10-15T19:05:39Z,4.619823
48.506901,-121.118684,1379.0,2022-10-15T19:05:43Z
48.506939,-121.118741,1382.0,2022-10-15T19:05:49Z
48.506934,-121.118695,1382.0,2022-10-15T19:05:52Z
48.506914,-121.118708,1381.0,2022-10-15T19:05:56Z
48.506926,-121.118749,1383.1,2022-10-15T19:06:00Z,4.638746
48.506952,-121.118688,1380.0,2022-10-15T19:06:03Z
48.506946,-121.118652,1368.0,2022-10-15T19:06:15Z
48.506980,-121.118668,1384.0,2022-10-15T19:06:25Z
48.506983,-121.118632,1384.0,2022-10-15T19:06:27Z
48.506964,-121.118596,1384.0,2022-10-15T19:06:29Z
48.506966,-121.118642,1384.0,2022-10-15T19:06:31Z
48.507025,-121.118701,1383.0,2022-10-15T19:06:37Z
48.507023,-121.118756,1384.0,2022-10-15T19:06:40Z
48.506994,-121.118689,1386.9,2022-10-15T19:06:42Z,4.474205
48.507005,-121.118731,1386.0,2022-10-15T19:06:48Z
48.506999,-121.118696,1382.0,2022-10-15T19:07:01Z
48.507025,-121.118727,1383.0,2022-10-15T19:07:19Z
48.507027,-121.118682,1379.0,2022-10-15T19:07:32Z
48.507015,-121.118708,1384.0,2022-10-15T19:07:44Z
48.507044,-121.118745,1382.0,2022-10-15T19:07:52Z
48.507019,-121.118728,1385.9,2022-10-15T19:07:55Z,4.637678
48.507059,-121.118733,1385.0,2022-10-15T19:08:01Z
48.507090,-121.118669,1385.0,2022-10-15T19:08:19Z
48.507056,-121.118586,1388.0,2022-10-15T19:08:35Z
48.507091,-121.118597,1391.0,2022-10-15T19:08:42Z
48.507106,-121.118632,1389.0,2022-10-15T19:08:44Z
48.507095,-121.118604,1389.0,2022-10-15T19:08:48Z
48.507102,-121.118641,1390.0,2022-10-15T19:08:51Z,5.128152
48.507134,-121.118649,1387.0,2022-10-15T19:08:57Z
48.507145,-121.118601,1391.0,2022-10-15T19:09:08Z
48.507151,-121.118638,1392.0,2022-10-15T19:09:12Z
48.507139,-121.118686,1394.6,2022-10-15T19:09:14Z,4.510826
48.507140,-121.118625,1391.0,2022-10-15T19:09:18Z
48.507188,-121.118622,1390.0,2022-10-15T19:09:28Z
48.507217,-121.118600,1390.0,2022-10-15T19:09:45Z
48.507232,-121.118565,1393.0,2022-10-15T19:09:55Z
48.507220,-121.118574,1392.0,2022-10-15T19:10:04Z
48.507256,-121.118604,1395.0,2022-10-15T19:10:14Z
48.507260,-121.118641,1392.0,2022-10-15T19:10:19Z
48.507249,-121.118598,1394.0,2022-10-15T19:10:26Z
48.507282,-121.118567,1397.0,2022-10-15T19:10:49Z
48.507303,-121.118531,1397.3,2022-10-15T19:10:55Z,4.578414
48.507295,-121.118565,1396.0,2022-10-15T19:10:58Z
48.507338,-121.118607,1395.0,2022-10-15T19:11:11Z
48.507322,-121.118578,1398.0,2022-10-15T19:11:23Z
48.507330,-121.118472,1403.0,2022-10-15T19:11:42Z
48.507329,-121.118514,1404.0,2022-10-15T19:11:52Z
48.507383,-121.118551,1404.0,2022-10-15T19:12:34Z
48.507374,-121.118524,1404.0,2022-10-15T19:12:47Z
48.507374,-121.118457,1406.0,2022-10-15T19:13:10Z
48.507421,-121.118412,1406.0,2022-10-15T19:13:17Z
48.507409,-121.118445,1408.0,2022-10-15T19:13:21Z
48.507385,-121.118433,1410.9,2022-10-15T19:13:23Z,4.594230
48.507439,-121.118433,1408.0,2022-10-15T19:13:28Z
48.507488,-121.118474,1409.0,2022-10-15T19:13:32Z
48.507539,-121.118582,1410.0,2022-10-15T19:14:09Z
48.507504,-121.118528,1395.0,2022-10-15T19:14:37Z
48.507546,-121.118545,1415.0,2022-10-15T19:14:58Z
48.507569,-121.118491,1416.0,2022-10-15T19:15:06Z
48.507561,-121.118370,1417.0,2022-10-15T19:15:43Z
48.507586,-121.118375,1416.0,2022-10-15T19:15:58Z
48.507606,-121.118355,1418.0,2022-10-15T19:16:15Z
48.507574,-121.118385,1407.0,2022-10-15T19:16:26Z
48.507553,-121.118381,1415.0,2022-10-15T19:16:41Z
48.507509,-121.118425,1413.0,2022-10-15T19:16:59Z
48.507527,-121.118378,1413.0,2022-10-15T19:17:30Z
48.507557,-121.118447,1412.0,2022-10-15T19:17:40Z
48.507556,-121.118417,1411.0,2022-10-15T19:17:54Z
48.507508,-121.118412,1412.0,2022-10-15T19:18:26Z
48.507525,-121.118378,1416.0,2022-10-15T19:18:57Z
48.507555,-121.118410,1413.0,2022-10-15T19:19:06Z
48.507579,-121.118398,1411.0,2022-10-15T19:19:16Z
48.507625,-121.118419,1411.0,2022-10-15T19:19:25Z
48.507652,-121.118366,1414.0,2022-10-15T19:19:37Z
48.507663,-121.118318,1413.0,2022-10-15T19:19:48Z
48.507708,-121.118342,1416.0,2022-10-15T19:19:58Z
48.507749,-121.118228,1421.0,2022-10-15T19:20:44Z
48.507770,-121.118280,1421.0,2022-10-15T19:20:51Z
48.507737,-121.118320,1425.0,2022-10-15T19:20:56Z,4.836525
48.507795,-121.118242,1423.0,2022-10-15T19:21:24Z
48.507879,-121.118279,1424.0,2022-10-15T19:21:48Z
48.507870,-121.118311,1423.0,2022-10-15T19:21:51Z
48.507877,-121.118389,1419.0,2022-10-15T19:22:12Z
48.507870,-121.118447,1432.0,2022-10-15T19:22:24Z
48.507895,-121.118423,1432.0,2022-10-15T19:22:27Z
48.507942,-121.118448,1435.0,2022-10-15T19:26:39Z
48.507900,-121.118496,1436.0,2022-10-15T19:27:16Z
48.507935,-121.118549,1437.0,2022-10-15T19:27:19Z
48.507923,-121.118577,1436.0,2022-10-15T19:27:21Z
48.507963,-121.118526,1436.0,2022-10-15T19:27:27Z
48.508062,-121.118302,1437.0,2022-10-15T19:27:59Z
48.508112,-121.118312,1441.0,2022-10-15T19:28:07Z
48.508113,-121.118342,1442.0,2022-10-15T19:28:21Z
48.508138,-121.118389,1446.0,2022-10-15T19:28:42Z
48.508181,-121.118401,1447.0,2022-10-15T19:29:04Z
48.508163,-121.118380,1453.4,2022-10-15T19:29:12Z,4.578060
48.508194,-121.118418,1449.0,2022-10-15T19:29:15Z
48.508228,-121.118380,1449.0,2022-10-15T19:29:25Z
48.508254,-121.118429,1451.0,2022-10-15T19:29:42Z
48.508260,-121.118396,1454.0,2022-10-15T19:29:50Z
48.508280,-121.118412,1454.0,2022-10-15T19:29:55Z
48.508282,-121.118463,1451.0,2022-10-15T19:30:10Z
48.508295,-121.118445,1459.0,2022-10-15T19:30:26Z
48.508344,-121.118422,1456.0,2022-10-15T19:30:48Z
48.508373,-121.118461,1463.0,2022-10-15T19:31:04Z
48.508416,-121.118440,1463.0,2022-10-15T19:31:22Z
48.508483,-121.118469,1469.2,2022-10-15T19:31:41Z,4.599323
48.508490,-121.118449,1470.0,2022-10-15T19:31:42Z
48.508472,-121.118472,1470.3,2022-10-15T19:31:47Z,4.581334
48.508482,-121.118435,1470.9,2022-10-15T19:31:50Z,4.594678
48.508495,-121.118458,1465.0,2022-10-15T19:32:00Z
48.508638,-121.118411,1472.0,2022-10-15T19:33:20Z
48.508684,-121.118437,1475.0,2022-10-15T19:33:37Z
48.508693,-121.118493,1470.0,2022-10-15T19:33:51Z
48.508669,-121.118522,1485.0,2022-10-15T19:34:10Z
48.508727,-121.118491,1485.0,2022-10-15T19:34:28Z
48.508702,-121.118517,1480.0,2022-10-15T19:34:38Z
48.508738,-121.118535,1484.0,2022-10-15T19:34:45Z
48.508730,-121.118502,1484.0,2022-10-15T19:34:55Z
48.508747,-121.118526,1484.0,2022-10-15T19:35:09Z
48.508777,-121.118535,1486.0,2022-10-15T19:35:32Z
48.508792,-121.118575,1495.0,2022-10-15T19:35:50Z
48.508826,-121.118535,1494.0,2022-10-15T19:36:10Z
48.508866,-121.118509,1502.1,2022-10-15T19:36:37Z,4.615049
48.508874,-121.118529,1500.0,2022-10-15T19:36:41Z
48.508857,-121.118507,1502.7,2022-10-15T19:36:48Z,4.622035
48.508880,-121.118528,1502.0,2022-10-15T19:36:50Z
48.508888,-121.118565,1499.0,2022-10-15T19:36:56Z
48.508964,-121.118583,1504.0,2022-10-15T19:37:28Z
48.508967,-121.118611,1504.0,2022-10-15T19:37:38Z
48.508995,-121.118642,1500.0,2022-10-15T19:38:13Z
48.509044,-121.118642,1506.0,2022-10-15T19:38:45Z
48.509050,-121.118593,1512.0,2022-10-15T19:39:05Z
48.509035,-121.118632,1511.0,2022-10-15T19:39:14Z
48.509054,-121.118584,1512.0,2022-10-15T19:40:02Z
48.509130,-121.118576,1507.0,2022-10-15T19:40:27Z
48.509172,-121.118541,1515.0,2022-10-15T19:40:51Z
48.509154,-121.118582,1518.0,2022-10-15T19:41:25Z
48.509151,-121.118628,1521.0,2022-10-15T19:41:41Z
48.509188,-121.118673,1521.0,2022-10-15T19:42:02Z
48.509175,-121.118711,1520.0,2022-10-15T19:42:06Z
48.509179,-121.118745,1520.0,2022-10-15T19:42:14Z
48.509232,-121.118662,1525.0,2022-10-15T19:42:27Z
48.509249,-121.118678,1520.0,2022-10-15T19:42:45Z
48.509250,-121.118647,1526.0,2022-10-15T19:43:10Z
48.509231,-121.118652,1528.0,2022-10-15T19:43:24Z
48.509266,-121.118628,1527.0,2022-10-15T19:44:09Z
48.509285,-121.118580,1512.0,2022-10-15T19:44:37Z
48.509322,-121.118558,1528.0,2022-10-15T19:44:57Z
48.509337,-121.118533,1522.0,2022-10-15T19:45:06Z
48.509330,-121.118474,1524.0,2022-10-15T19:45:15Z
48.509359,-121.118426,1524.0,2022-10-15T19:45:23Z
48.509384,-121.118496,1524.0,2022-10-15T19:45:37Z
48.509418,-121.118463,1530.0,2022-10-15T19:45:48Z
48.509431,-121.118421,1530.9,2022-10-15T19:45:50Z,4.601608
48.509436,-121.118462,1530.0,2022-10-15T19:45:57Z
48.509656,-121.118504,1544.0,2022-10-15T19:47:59Z
48.509682,-121.118534,1545.5,2022-10-15T19:48:04Z,4.723945
48.509715,-121.118484,1544.0,2022-10-15T19:48:20Z
48.509732,-121.118547,1547.0,2022-10-15T19:48:59Z
48.509758,-121.118531,1552.0,2022-10-15T19:49:14Z
48.509797,-121.118526,1553.0,2022-10-15T19:49:33Z
48.509846,-121.118546,1554.0,2022-10-15T19:49:51Z
48.509865,-121.118578,1551.0,2022-10-15T19:50:07Z
48.509985,-121.118480,1564.0,2022-10-15T19:50:57Z
48.510128,-121.118438,1565.0,2022-10-15T19:51:32Z
48.510147,-121.118393,1566.0,2022-10-15T19:51:37Z
48.510206,-121.118319,1565.0,2022-10-15T19:52:20Z
48.510265,-121.118314,1572.0,2022-10-15T19:53:18Z
48.510246,-121.118381,1572.0,2022-10-15T19:53:35Z
48.510241,-121.118481,1577.0,2022-10-15T19:53:52Z
48.510266,-121.118437,1576.0,2022-10-15T19:54:01Z
48.510299,-121.118479,1578.0,2022-10-15T19:54:07Z
48.510276,-121.118471,1578.0,2022-10-15T19:54:10Z
48.510267,-121.118518,1578.0,2022-10-15T19:54:13Z
48.510293,-121.118485,1581.0,2022-10-15T19:54:54Z
48.510269,-121.118476,1584.0,2022-10-15T19:55:08Z
48.510312,-121.118511,1580.0,2022-10-15T19:55:19Z
48.510313,-121.118560,1584.0,2022-10-15T19:55:50Z
48.510348,-121.118579,1586.0,2022-10-15T19:55:55Z
48.510341,-121.118490,1590.0,2022-10-15T19:56:38Z
48.510371,-121.118506,1594.0,2022-10-15T19:57:27Z
48.510407,-121.118510,1594.6,2022-10-15T19:57:38Z,4.651866
48.510398,-121.118552,1594.7,2022-10-15T19:57:39Z,4.657682
48.510459,-121.118424,1596.0,2022-10-15T19:58:19Z
48.510470,-121.118437,1580.0,2022-10-15T19:58:34Z
48.510504,-121.118346,1596.0,2022-10-15T19:59:07Z
48.510529,-121.118407,1592.0,2022-10-15T19:59:31Z
48.510637,-121.118266,1584.0,2022-10-15T20:00:38Z
48.510622,-121.118249,1596.0,2022-10-15T20:00:51Z
48.510584,-121.118244,1599.0,2022-10-15T20:01:01Z
48.510607,-121.118253,1599.0,2022-10-15T20:01:04Z,4.674880
48.510598,-121.118190,1592.0,2022-10-15T20:01:27Z
48.510626,-121.118148,1593.0,2022-10-15T20:01:44Z
48.510582,-121.118042,1592.0,2022-10-15T20:02:06Z
48.510619,-121.117900,1596.0,2022-10-15T20:02:25Z
48.510600,-121.117795,1595.0,2022-10-15T20:02:40Z
48.510628,-121.117659,1592.0,2022-10-15T20:02:57Z
48.510717,-121.117518,1596.0,2022-10-15T20:03:14Z
48.510746,-121.117514,1598.0,2022-10-15T20:03:19Z
48.510734,-121.117559,1599.9,2022-10-15T20:03:25Z,4.658273
48.510759,-121.117581,1598.0,2022-10-15T20:03:29Z
48.510800,-121.117463,1604.0,2022-10-15T20:03:47Z
48.510823,-121.117436,1595.0,2022-10-15T20:03:54Z
48.510861,-121.117487,1603.0,2022-10-15T20:04:06Z
48.510852,-121.117433,1608.6,2022-10-15T20:04:13Z,4.636526
48.510891,-121.117379,1600.0,2022-10-15T20:04:27Z
48.510927,-121.117376,1608.0,2022-10-15T20:04:36Z
48.510964,-121.117349,1609.0,2022-10-15T20:04:49Z
48.510941,-121.117381,1612.0,2022-10-15T20:04:56Z
48.510971,-121.117420,1613.0,2022-10-15T20:04:58Z,4.616558
48.510954,-121.117440,1612.0,2022-10-15T20:05:00Z
48.510914,-121.117539,1614.0,2022-10-15T20:05:23Z
48.510882,-121.117695,1612.0,2022-10-15T20:06:17Z
48.510894,-121.117757,1615.0,2022-10-15T20:06:28Z
48.510932,-121.117805,1614.0,2022-10-15T20:06:38Z
48.510968,-121.117828,1614.0,2022-10-15T20:06:43Z
48.510977,-121.117748,1617.0,2022-10-15T20:06:58Z
48.511003,-121.117789,1617.0,2022-10-15T20:07:09Z
48.511016,-121.117739,1620.0,2022-10-15T20:07:28Z
48.511041,-121.117760,1619.7,2022-10-15T20:07:31Z,4.676202
48.511053,-121.117701,1624.0,2022-10-15T20:07:42Z
48.511074,-121.117789,1625.0,2022-10-15T20:07:55Z
48.511099,-121.117755,1626.0,2022-10-15T20:07:59Z
48.511105,-121.117710,1628.0,2022-10-15T20:08:03Z
48.511137,-121.117662,1624.0,2022-10-15T20:08:15Z
48.511148,-121.117692,1629.0,2022-10-15T20:08:44Z
48.511187,-121.117702,1632.0,2022-10-15T20:09:03Z
48.511187,-121.117759,1633.5,2022-10-15T20:09:08Z,4.709765
48.511157,-121.117715,1634.0,2022-10-15T20:09:10Z
48.511206,-121.117689,1628.0,2022-10-15T20:09:23Z
48.511240,-121.117738,1632.0,2022-10-15T20:09:55Z
48.511226,-121.117817,1636.0,2022-10-15T20:10:07Z
48.511291,-121.117770,1639.0,2022-10-15T20:10:24Z
48.511324,-121.117696,1635.0,2022-10-15T20:10:37Z
48.511371,-121.117691,1642.0,2022-10-15T20:10:47Z
48.511391,-121.117666,1644.0,2022-10-15T20:10:51Z
48.511423,-121.117680,1639.0,2022-10-15T20:10:56Z
48.511408,-121.117729,1644.0,2022-10-15T20:11:08Z
48.511423,-121.117754,1650.0,2022-10-15T20:11:37Z
48.511410,-121.117784,1648.0,2022-10-15T20:11:40Z
48.511404,-121.117835,1646.0,2022-10-15T20:11:53Z
48.511441,-121.117844,1643.0,2022-10-15T20:12:08Z
48.511455,-121.117916,1653.0,2022-10-15T20:12:19Z
48.511468,-121.117946,1653.0,2022-10-15T20:12:24Z
48.511491,-121.117968,1654.0,2022-10-15T20:12:29Z
48.511485,-121.118046,1654.0,2022-10-15T20:12:57Z
48.511516,-121.118057,1656.0,2022-10-15T20:13:11Z
48.511539,-121.118084,1657.0,2022-10-15T20:13:16Z
48.511568,-121.118086,1654.0,2022-10-15T20:13:26Z
48.511520,-121.118032,1659.7,2022-10-15T20:13:50Z,4.659483
48.511534,-121.118070,1659.5,2022-10-15T20:13:51Z,4.649859
48.511606,-121.118098,1660.0,2022-10-15T20:14:09Z
48.511613,-121.118057,1662.0,2022-10-15T20:14:16Z
48.511645,-121.118003,1662.0,2022-10-15T20:14:26Z
48.511676,-121.117972,1660.0,2022-10-15T20:14:34Z
48.511701,-121.117998,1661.0,2022-10-15T20:14:44Z
48.511750,-121.117872,1665.0,2022-10-15T20:15:07Z
48.511782,-121.117849,1664.0,2022-10-15T20:15:11Z
48.511783,-121.117813,1650.0,2022-10-15T20:15:28Z
48.511823,-121.117787,1665.0,2022-10-15T20:15:48Z
48.511889,-121.117662,1668.0,2022-10-15T20:15:59Z
48.511934,-121.117616,1668.0,2022-10-15T20:16:06Z
48.511945,-121.117544,1666.0,2022-10-15T20:16:20Z
48.512000,-121.117446,1667.0,2022-10-15T20:16:37Z
48.512023,-121.117447,1666.0,2022-10-15T20:16:42Z
48.512076,-121.117432,1660.0,2022-10-15T20:16:58Z
48.512110,-121.117401,1668.0,2022-10-15T20:17:21Z
48.512128,-121.117410,1671.0,2022-10-15T20:17:30Z
48.512158,-121.117393,1670.0,2022-10-15T20:17:45Z
48.512184,-121.117422,1675.0,2022-10-15T20:18:15Z
48.512165,-121.117456,1675.0,2022-10-15T20:18:25Z
48.512180,-121.117496,1678.0,2022-10-15T20:18:45Z
48.512226,-121.117505,1686.0,2022-10-15T20:19:08Z
48.512252,-121.117622,1686.0,2022-10-15T20:19:32Z
48.512337,-121.117572,1690.1,2022-10-15T20:20:02Z,4.648423
48.512352,-121.117530,1685.0,2022-10-15T20:20:14Z
48.512366,-121.117560,1690.0,2022-10-15T20:20:39Z
48.512450,-121.117529,1695.0,2022-10-15T20:21:05Z
48.512495,-121.117618,1699.0,2022-10-15T20:21:40Z
48.512501,-121.117672,1680.0,2022-10-15T20:22:08Z
48.512530,-121.117704,1698.0,2022-10-15T20:22:26Z
48.512548,-121.117674,1700.0,2022-10-15T20:22:35Z
48.512560,-121.117743,1705.0,2022-10-15T20:22:50Z
48.512597,-121.117849,1712.0,2022-10-15T20:23:10Z
48.512620,-121.117807,1710.0,2022-10-15T20:23:18Z
48.512648,-121.117791,1710.0,2022-10-15T20:23:27Z
48.512712,-121.117806,1709.0,2022-10-15T20:24:01Z
48.512720,-121.117840,1710.0,2022-10-15T20:24:09Z
48.512748,-121.117850,1710.0,2022-10-15T20:24:13Z
48.512781,-121.117885,1715.0,2022-10-15T20:24:22Z
48.512966,-121.117928,1719.0,2022-10-15T20:25:19Z
48.513068,-121.118066,1724.0,2022-10-15T20:25:56Z
48.513138,-121.118082,1727.0,2022-10-15T20:26:37Z,4.695151
48.513188,-121.118156,1728.0,2022-10-15T20:26:53Z
48.513250,-121.118205,1733.0,2022-10-15T20:27:25Z
48.513268,-121.118241,1735.0,2022-10-15T20:27:48Z
48.513260,-121.118315,1736.0,2022-10-15T20:27:59Z
48.513271,-121.118344,1735.0,2022-10-15T20:28:04Z
48.513298,-121.118362,1736.0,2022-10-15T20:28:10Z
48.513351,-121.118307,1739.0,2022-10-15T20:28:28Z
48.513407,-121.118396,1736.0,2022-10-15T20:28:49Z
48.513468,-121.118364,1743.0,2022-10-15T20:29:03Z
48.513485,-121.118343,1744.0,2022-10-15T20:29:10Z
48.513530,-121.118403,1747.3,2022-10-15T20:29:22Z,4.662023
48.513534,-121.118371,1744.0,2022-10-15T20:29:31Z
48.513584,-121.118378,1752.0,2022-10-15T20:29:59Z
48.513632,-121.118426,1750.0,2022-10-15T20:30:28Z
48.513651,-121.118383,1754.0,2022-10-15T20:30:47Z
48.513739,-121.118377,1757.0,2022-10-15T20:31:17Z
48.513824,-121.118228,1760.0,2022-10-15T20:31:58Z
48.513837,-121.118183,1759.0,2022-10-15T20:32:07Z
48.513875,-121.118165,1752.0,2022-10-15T20:36:59Z
48.513965,-121.118211,1760.0,2022-10-15T20:42:10Z
48.513966,-121.118248,1762.0,2022-10-15T20:42:17Z
48.513948,-121.118275,1760.0,2022-10-15T20:42:20Z
48.513916,-121.118280,1760.0,2022-10-15T20:42:24Z
48.513893,-121.118306,1760.0,2022-10-15T20:42:30Z
48.513875,-121.118266,1752.0,2022-10-15T20:42:59Z
48.513942,-121.118252,1760.0,2022-10-15T20:43:19Z
48.513943,-121.118140,1764.0,2022-10-15T20:43:40Z
48.513875,-121.118159,1762.0,2022-10-15T20:45:00Z
48.513878,-121.118177,1764.0,2022-10-15T20:55:47Z
48.513946,-121.118134,1767.0,2022-10-15T20:55:57Z
48.514013,-121.118119,1770.0,2022-10-15T20:56:08Z
48.514100,-121.118055,1770.0,2022-10-15T20:56:20Z
48.514179,-121.118045,1771.0,2022-10-15T20:56:28Z
48.514220,-121.118055,1772.0,2022-10-15T20:56:33Z
48.514220,-121.118091,1773.0,2022-10-15T20:56:37Z,4.645849
48.514320,-121.118176,1770.0,2022-10-15T20:57:00Z
48.514342,-121.118150,1770.0,2022-10-15T20:57:09Z
48.514451,-121.118132,1781.0,2022-10-15T20:57:33Z
48.514493,-121.118154,1781.0,2022-10-15T20:57:38Z
48.514529,-121.118275,1781.0,2022-10-15T20:57:50Z
48.514522,-121.118381,1782.0,2022-10-15T20:58:03Z
48.514533,-121.118417,1779.0,2022-10-15T20:58:08Z
48.514605,-121.118442,1785.0,2022-10-15T20:58:24Z
48.514628,-121.118485,1786.0,2022-10-15T20:58:31Z
48.514718,-121.118525,1792.0,2022-10-15T20:59:15Z
48.514767,-121.118472,1792.0,2022-10-15T20:59:30Z
48.514797,-121.118454,1780.0,2022-10-15T20:59:43Z
48.514837,-121.118470,1796.0,2022-10-15T21:00:01Z
48.514871,-121.118394,1794.0,2022-10-15T21:00:27Z
48.514924,-121.118342,1802.0,2022-10-15T21:00:45Z
48.514947,-121.118350,1802.0,2022-10-15T21:00:52Z
48.514978,-121.118327,1806.0,2022-10-15T21:01:04Z
48.515063,-121.118315,1809.0,2022-10-15T21:01:36Z
48.515102,-121.118321,1809.0,2022-10-15T21:01:41Z
48.515143,-121.118310,1809.0,2022-10-15T21:01:51Z
48.515188,-121.118379,1812.6,2022-10-15T21:02:01Z,4.665721
48.515172,-121.118343,1812.0,2022-10-15T21:02:04Z
48.515178,-121.118309,1813.0,2022-10-15T21:02:09Z
48.515226,-121.118304,1815.0,2022-10-15T21:02:28Z
48.515258,-121.118289,1816.9,2022-10-15T21:02:32Z,4.621250
48.515266,-121.118313,1814.0,2022-10-15T21:02:37Z
48.515288,-121.118287,1815.0,2022-10-15T21:02:54Z
48.515328,-121.118320,1816.5,2022-10-15T21:03:00Z,4.672220
48.515335,-121.118288,1815.0,2022-10-15T21:03:04Z
48.515387,-121.118302,1818.0,2022-10-15T21:03:17Z
48.515403,-121.118342,1820.8,2022-10-15T21:03:21Z,4.642768
48.515469,-121.118357,1820.0,2022-10-15T21:03:43Z
48.515533,-121.118336,1824.0,2022-10-15T21:03:58Z
48.515565,-121.118297,1828.0,2022-10-15T21:04:16Z
48.515622,-121.118263,1824.0,2022-10-15T21:04:36Z
48.515653,-121.118265,1827.0,2022-10-15T21:04:43Z
48.515668,-121.118292,1830.0,2022-10-15T21:04:49Z
48.515701,-121.118305,1830.0,2022-10-15T21:04:59Z
48.515695,-121.118333,1830.0,2022-10-15T21:05:06Z
48.515746,-121.118293,1832.0,2022-10-15T21:05:23Z
48.515776,-121.118316,1830.0,2022-10-15T21:05:35Z
48.515819,-121.118324,1836.0,2022-10-15T21:05:48Z
48.515824,-121.118296,1836.0,2022-10-15T21:05:55Z
48.515842,-121.118309,1836.0,2022-10-15T21:06:01Z
48.515877,-121.118291,1840.0,2022-10-15T21:06:13Z
48.515889,-121.118255,1841.0,2022-10-15T21:06:19Z
48.515937,-121.118270,1841.0,2022-10-15T21:06:36Z
48.515964,-121.118348,1840.0,2022-10-15T21:06:48Z
48.516004,-121.118407,1840.0,2022-10-15T21:07:00Z
48.516095,-121.118456,1845.0,2022-10-15T21:07:31Z
48.516119,-121.118434,1844.0,2022-10-15T21:07:45Z
48.516151,-121.118467,1846.0,2022-10-15T21:07:57Z
48.516272,-121.118500,1848.0,2022-10-15T21:09:30Z
48.516385,-121.118601,1855.0,2022-10-15T21:10:12Z
48.516417,-121.118601,1843.0,2022-10-15T21:10:24Z
48.516449,-121.118614,1854.0,2022-10-15T21:10:36Z
48.516464,-121.118576,1855.0,2022-10-15T21:10:47Z
48.516538,-121.118702,1861.0,2022-10-15T21:11:37Z
48.516521,-121.118743,1860.0,2022-10-15T21:11:45Z
48.516571,-121.118820,1859.0,2022-10-15T21:12:01Z
48.516644,-121.118814,1866.0,2022-10-15T21:12:28Z
48.516719,-121.118835,1869.0,2022-10-15T21:13:13Z
48.516751,-121.118827,1869.0,2022-10-15T21:13:34Z
48.516835,-121.118958,1871.0,2022-10-15T21:14:22Z
48.516900,-121.118994,1868.0,2022-10-15T21:15:10Z
48.516917,-121.119039,1875.0,2022-10-15T21:15:33Z
48.516911,-121.119102,1880.0,2022-10-15T21:15:49Z
48.516929,-121.119165,1872.0,2022-10-15T21:16:07Z
48.516909,-121.119236,1881.0,2022-10-15T21:16:50Z
48.516909,-121.119203,1887.0,2022-10-15T21:16:58Z,4.635344
48.516923,-121.119233,1886.0,2022-10-15T21:16:59Z,4.599191
48.516894,-121.119363,1888.0,2022-10-15T21:17:38Z
48.516924,-121.119371,1888.0,2022-10-15T21:18:07Z
48.516919,-121.119340,1894.1,2022-10-15T21:18:11Z,4.505049
48.516926,-121.119411,1892.0,2022-10-15T21:18:34Z
48.516910,-121.119467,1890.0,2022-10-15T21:18:51Z
48.516915,-121.119520,1894.0,2022-10-15T21:19:06Z
48.516960,-121.119565,1895.9,2022-10-15T21:19:16Z,4.601706
48.516936,-121.119558,1896.0,2022-10-15T21:19:22Z
48.516913,-121.119599,1888.0,2022-10-15T21:19:42Z
48.516918,-121.119651,1902.0,2022-10-15T21:19:59Z
48.516863,-121.119735,1904.0,2022-10-15T21:20:37Z
48.516898,-121.119802,1905.0,2022-10-15T21:20:51Z
48.516907,-121.119929,1904.0,2022-10-15T21:21:43Z
48.516898,-121.120003,1906.0,2022-10-15T21:21:53Z
48.516858,-121.120032,1909.0,2022-10-15T21:22:02Z
48.516796,-121.120152,1910.0,2022-10-15T21:23:12Z
48.516825,-121.120108,1910.0,2022-10-15T21:23:41Z
48.516856,-121.120196,1911.2,2022-10-15T21:23:53Z,4.725387
48.516825,-121.120115,1904.0,2022-10-15T21:24:08Z
48.516779,-121.120146,1906.0,2022-10-15T21:24:19Z
48.516798,-121.120251,1910.0,2022-10-15T21:25:04Z
48.516801,-121.120240,1908.0,2022-10-15T21:25:24Z
48.516784,-121.120293,1908.0,2022-10-15T21:25:54Z
48.516775,-121.120247,1892.0,2022-10-15T21:26:09Z
48.516773,-121.120306,1901.0,2022-10-15T21:26:48Z
48.516747,-121.120363,1890.0,2022-10-15T21:28:56Z
48.516725,-121.120429,1890.0,2022-10-15T21:30:35Z
48.516740,-121.120379,1893.0,2022-10-15T21:30:41Z
48.516710,-121.120437,1890.0,2022-10-15T21:30:55Z
48.516693,-121.120437,1896.0,2022-10-15T21:31:09Z
48.516683,-121.120340,1894.0,2022-10-15T21:31:34Z
48.516681,-121.120430,1894.0,2022-10-15T21:31:36Z
48.516710,-121.120444,1893.0,2022-10-15T21:31:39Z
48.516696,-121.120413,1892.0,2022-10-15T21:31:44Z
48.516723,-121.120435,1884.0,2022-10-15T21:33:02Z
48.516730,-121.120372,1888.0,2022-10-15T21:33:57Z
48.516705,-121.120411,1887.0,2022-10-15T21:34:08Z
48.516699,-121.120440,1876.0,2022-10-15T21:34:21Z
48.516718,-121.120489,1881.0,2022-10-15T21:34:35Z
48.516731,-121.120459,1883.0,2022-10-15T21:34:58Z
48.516707,-121.120501,1877.0,2022-10-15T21:35:52Z
48.516712,-121.120562,1875.0,2022-10-15T21:36:39Z
48.516722,-121.120590,1876.0,2022-10-15T21:36:45Z
48.516758,-121.120621,1878.0,2022-10-15T21:36:57Z
48.516757,-121.120699,1879.0,2022-10-15T21:37:28Z
48.516796,-121.120683,1877.0,2022-10-15T21:41:20Z
48.516822,-121.120705,1880.9,2022-10-15T21:41:40Z,4.639762
48.516825,-121.120747,1876.0,2022-10-15T21:41:50Z
48.516845,-121.120789,1876.0,2022-10-15T21:42:29Z
48.516874,-121.120800,1872.0,2022-10-15T21:45:14Z
48.516894,-121.120871,1872.0,2022-10-15T21:46:29Z
48.516889,-121.120990,1881.7,2022-10-15T21:46:54Z,6.906840
48.516938,-121.120861,1875.0,2022-10-15T21:47:18Z
48.516973,-121.120867,1870.0,2022-10-15T21:56:35Z
48.516966,-121.120837,1871.0,2022-10-15T21:57:18Z
48.516974,-121.120784,1872.0,2022-10-15T21:57:51Z
48.516951,-121.120815,1878.0,2022-10-15T21:58:20Z
48.516944,-121.120803,1874.0,2022-10-15T21:58:43Z
48.516873,-121.120831,1880.0,2022-10-15T21:59:14Z
48.516839,-121.120766,1874.0,2022-10-15T21:59:57Z
48.516851,-121.120717,1870.0,2022-10-15T22:00:20Z
48.516831,-121.120673,1872.0,2022-10-15T22:00:34Z
48.516783,-121.120635,1876.0,2022-10-15T22:00:50Z
48.516743,-121.120667,1872.0,2022-10-15T22:01:04Z
48.516715,-121.120646,1880.0,2022-10-15T22:01:21Z
48.516707,-121.120603,1881.0,2022-10-15T22:01:37Z,4.682711
48.516720,-121.120623,1880.0,2022-10-15T22:01:39Z
48.516735,-121.120559,1880.2,2022-10-15T22:01:42Z,4.631662
48.516731,-121.120603,1880.0,2022-10-15T22:01:47Z
48.516720,-121.120513,1888.6,2022-10-15T22:02:28Z,4.603780
48.516717,-121.120534,1888.0,2022-10-15T22:02:30Z
48.516712,-121.120513,1890.0,2022-10-15T22:02:34Z
48.516708,-121.120550,1890.0,2022-10-15T22:02:40Z
48.516668,-121.120567,1890.0,2022-10-15T22:02:48Z
48.516705,-121.120501,1885.0,2022-10-15T22:03:00Z
48.516704,-121.120470,1885.0,2022-10-15T22:03:05Z
48.516696,-121.120495,1884.0,2022-10-15T22:03:18Z
48.516699,-121.120456,1869.0,2022-10-15T22:03:56Z
48.516711,-121.120436,1875.0,2022-10-15T22:04:45Z
48.516703,-121.120391,1878.6,2022-10-15T22:05:39Z,4.629366
48.516713,-121.120444,1878.0,2022-10-15T22:05:50Z
48.516705,-121.120470,1881.0,2022-10-15T22:06:49Z
48.516738,-121.120434,1887.0,2022-10-15T22:07:28Z
48.516732,-121.120424,1891.0,2022-10-15T22:07:52Z
48.516761,-121.120381,1891.0,2022-10-15T22:08:08Z
48.516758,-121.120419,1892.0,2022-10-15T22:08:11Z
48.516769,-121.120372,1894.0,2022-10-15T22:08:18Z
48.516762,-121.120396,1898.8,2022-10-15T22:08:32Z,4.569995
48.516740,-121.120379,1897.0,2022-10-15T22:08:42Z
48.516740,-121.120347,1898.0,2022-10-15T22:09:12Z
48.516771,-121.120295,1898.0,2022-10-15T22:09:28Z
48.516781,-121.120353,1899.0,2022-10-15T22:09:32Z
48.516779,-121.120305,1900.0,2022-10-15T22:09:40Z
48.516814,-121.120286,1899.0,2022-10-15T22:09:58Z
48.516786,-121.120232,1899.0,2022-10-15T22:10:16Z
48.516804,-121.120260,1892.0,2022-10-15T22:10:23Z
48.516824,-121.120242,1897.0,2022-10-15T22:10:42Z
48.516812,-121.120221,1903.0,2022-10-15T22:10:53Z
48.516774,-121.120199,1904.0,2022-10-15T22:11:03Z
48.516791,-121.120161,1906.4,2022-10-15T22:11:37Z,4.737679
48.516810,-121.120155,1904.0,2022-10-15T22:11:50Z
48.516791,-121.120094,1905.0,2022-10-15T22:12:08Z
48.516825,-121.120141,1908.0,2022-10-15T22:12:14Z
48.516885,-121.120190,1908.8,2022-10-15T22:12:16Z,4.993288
48.516874,-121.120156,1908.0,2022-10-15T22:12:18Z
48.516841,-121.120128,1908.0,2022-10-15T22:12:23Z
48.516857,-121.120095,1911.9,2022-10-15T22:22:28Z,4.888029
48.516860,-121.120020,1908.9,2022-10-15T22:22:38Z,4.589742
48.516864,-121.120064,1909.0,2022-10-15T22:23:12Z
48.516836,-121.120033,1912.0,2022-10-15T22:24:07Z
48.516899,-121.120100,1910.6,2022-10-15T22:24:43Z,4.654988
48.516871,-121.120087,1908.0,2022-10-15T22:24:46Z
48.516843,-121.120044,1910.0,2022-10-15T22:26:15Z
48.516833,-121.120031,1911.0,2022-10-15T22:30:49Z
48.516838,-121.119974,1913.0,2022-10-15T22:31:03Z
48.516842,-121.120020,1909.0,2022-10-15T22:31:22Z
48.516879,-121.119984,1910.0,2022-10-15T22:31:33Z
48.516886,-121.119876,1910.1,2022-10-15T22:31:40Z,4.680624
48.516893,-121.119846,1902.0,2022-10-15T22:32:21Z
48.516919,-121.119819,1906.0,2022-10-15T22:32:29Z
48.516879,-121.119706,1901.0,2022-10-15T22:32:49Z
48.516919,-121.119638,1904.0,2022-10-15T22:33:10Z
48.516925,-121.119494,1895.0,2022-10-15T22:33:39Z
48.516912,-121.119450,1894.0,2022-10-15T22:33:47Z
48.516923,-121.119375,1892.0,2022-10-15T22:34:11Z
48.516904,-121.119254,1889.0,2022-10-15T22:35:00Z
48.516906,-121.119093,1884.0,2022-10-15T22:35:47Z
48.516881,-121.118981,1876.0,2022-10-15T22:36:09Z
48.516813,-121.118915,1875.0,2022-10-15T22:36:52Z
48.516674,-121.118885,1869.0,2022-10-15T22:37:48Z
48.516641,-121.118855,1865.0,2022-10-15T22:37:59Z
48.516634,-121.118805,1862.0,2022-10-15T22:38:10Z
48.516600,-121.118809,1864.0,2022-10-15T22:38:18Z
48.516542,-121.118733,1861.0,2022-10-15T22:38:27Z
48.516513,-121.118722,1856.0,2022-10-15T22:38:33Z
48.516485,-121.118783,1855.0,2022-10-15T22:38:48Z
48.516424,-121.118833,1855.0,2022-10-15T22:38:57Z
48.516302,-121.118728,1852.0,2022-10-15T22:39:20Z
48.516285,-121.118687,1850.0,2022-10-15T22:39:26Z
48.516137,-121.118589,1845.0,2022-10-15T22:39:58Z
48.516115,-121.118629,1841.0,2022-10-15T22:40:07Z
48.516082,-121.118576,1842.0,2022-10-15T22:40:16Z
48.516070,-121.118536,1842.0,2022-10-15T22:40:19Z
48.515985,-121.118489,1839.0,2022-10-15T22:40:31Z
48.515933,-121.118407,1839.0,2022-10-15T22:40:38Z
48.515831,-121.118327,1837.6,2022-10-15T22:40:54Z,4.708014
48.515821,-121.118350,1833.0,2022-10-15T22:41:01Z
48.515740,-121.118331,1832.0,2022-10-15T22:41:17Z
48.515672,-121.118252,1828.0,2022-10-15T22:41:37Z
48.515622,-121.118281,1825.0,2022-10-15T22:41:46Z
48.515564,-121.118240,1820.0,2022-10-15T22:42:25Z
48.515549,-121.118204,1820.0,2022-10-15T22:42:49Z
48.515518,-121.118185,1821.0,2022-10-15T22:42:54Z
48.515550,-121.118188,1818.0,2022-10-15T22:43:19Z
48.515566,-121.118164,1812.0,2022-10-15T22:43:46Z
48.515584,-121.118186,1820.0,2022-10-15T22:44:07Z
48.515586,-121.118220,1822.3,2022-10-15T22:44:32Z,9.375590
48.515545,-121.118197,1818.0,2022-10-15T22:44:38Z
48.515578,-121.118151,1824.8,2022-10-15T22:44:43Z,4.652270
48.515542,-121.118155,1815.0,2022-10-15T22:44:49Z
48.515588,-121.118180,1819.0,2022-10-15T22:44:57Z
48.515556,-121.118225,1814.0,2022-10-15T23:04:58Z
48.515491,-121.118285,1819.0,2022-10-15T23:07:01Z
48.515391,-121.118323,1816.0,2022-10-15T23:07:17Z
48.515320,-121.118272,1815.0,2022-10-15T23:07:29Z
48.515271,-121.118315,1812.0,2022-10-15T23:07:38Z
48.515233,-121.118292,1812.0,2022-10-15T23:07:43Z
48.515156,-121.118345,1808.0,2022-10-15T23:07:57Z
48.515121,-121.118307,1805.0,2022-10-15T23:08:02Z
48.515092,-121.118329,1806.0,2022-10-15T23:08:06Z
48.515060,-121.118323,1804.0,2022-10-15T23:08:10Z
48.515030,-121.118331,1803.0,2022-10-15T23:08:13Z
48.514957,-121.118376,1800.0,2022-10-15T23:08:25Z
48.514924,-121.118358,1795.0,2022-10-15T23:08:31Z
48.514828,-121.118488,1790.0,2022-10-15T23:08:49Z
48.514807,-121.118464,1785.0,2022-10-15T23:08:56Z
48.514782,-121.118478,1787.0,2022-10-15T23:09:07Z
48.514729,-121.118548,1782.0,2022-10-15T23:09:20Z
48.514664,-121.118520,1780.0,2022-10-15T23:09:38Z
48.514636,-121.118531,1780.0,2022-10-15T23:09:42Z
48.514600,-121.118477,1779.0,2022-10-15T23:09:48Z
48.514530,-121.118433,1776.0,2022-10-15T23:09:55Z
48.514469,-121.118459,1772.0,2022-10-15T23:10:03Z
48.514436,-121.118458,1773.0,2022-10-15T23:10:07Z
48.514373,-121.118371,1772.0,2022-10-15T23:10:15Z
48.514343,-121.118362,1774.0,2022-10-15T23:10:17Z
48.514286,-121.118407,1773.0,2022-10-15T23:10:21Z
48.514244,-121.118356,1772.0,2022-10-15T23:10:26Z
48.514195,-121.118317,1768.0,2022-10-15T23:10:34Z
48.514165,-121.118354,1767.0,2022-10-15T23:10:37Z
48.514106,-121.118335,1764.0,2022-10-15T23:10:45Z
48.514106,-121.118242,1764.0,2022-10-15T23:10:52Z
48.514065,-121.118140,1762.0,2022-10-15T23:11:02Z
48.514018,-121.118159,1760.0,2022-10-15T23:11:08Z
48.513982,-121.118137,1762.0,2022-10-15T23:11:15Z
48.513922,-121.117970,1761.0,2022-10-15T23:11:31Z
48.513902,-121.117874,1759.0,2022-10-15T23:11:37Z
48.513898,-121.117781,1760.0,2022-10-15T23:11:43Z
48.513911,-121.117689,1760.0,2022-10-15T23:11:49Z
48.513878,-121.117854,1765.0,2022-10-15T23:11:57Z
48.513885,-121.117938,1766.0,2022-10-15T23:12:01Z
48.513912,-121.118011,1763.0,2022-10-15T23:12:05Z
48.513937,-121.118148,1760.0,2022-10-15T23:12:14Z
48.513924,-121.118197,1760.0,2022-10-15T23:12:19Z
48.513875,-121.118172,1760.0,2022-10-15T23:12:26Z
48.513817,-121.118254,1758.0,2022-10-15T23:12:43Z
48.513802,-121.118290,1758.0,2022-10-15T23:12:46Z
48.513777,-121.118307,1755.0,2022-10-15T23:12:50Z
48.513739,-121.118383,1754.0,2022-10-15T23:12:56Z
48.513710,-121.118412,1755.0,2022-10-15T23:12:58Z
48.513664,-121.118397,1754.0,2022-10-15T23:13:02Z
48.513646,-121.118442,1757.0,2022-10-15T23:13:06Z
48.513622,-121.118429,1753.0,2022-10-15T23:13:15Z
48.513581,-121.118471,1749.0,2022-10-15T23:13:22Z
48.513546,-121.118423,1750.0,2022-10-15T23:13:26Z
48.513548,-121.118380,1740.0,2022-10-15T23:13:32Z
48.513474,-121.118352,1736.0,2022-10-15T23:13:42Z
48.513442,-121.118354,1737.0,2022-10-15T23:13:45Z
48.513413,-121.118397,1737.0,2022-10-15T23:13:49Z
48.513355,-121.118434,1740.0,2022-10-15T23:13:55Z
48.513305,-121.118290,1737.0,2022-10-15T23:14:03Z
48.513280,-121.118322,1734.0,2022-10-15T23:14:06Z
48.513270,-121.118369,1734.0,2022-10-15T23:14:08Z
48.513219,-121.118375,1736.0,2022-10-15T23:14:12Z
48.513208,-121.118256,1737.0,2022-10-15T23:14:18Z
48.513232,-121.118191,1736.0,2022-10-15T23:14:22Z
48.513208,-121.118113,1737.0,2022-10-15T23:14:27Z
48.513147,-121.118093,1736.0,2022-10-15T23:14:34Z
48.513123,-121.118068,1736.0,2022-10-15T23:14:38Z
48.513091,-121.118079,1735.0,2022-10-15T23:14:42Z
48.513067,-121.118060,1734.0,2022-10-15T23:14:45Z
48.513048,-121.118022,1732.0,2022-10-15T23:14:49Z
48.513013,-121.118044,1716.0,2022-10-15T23:14:59Z
48.512954,-121.117948,1716.0,2022-10-15T23:15:12Z
48.512929,-121.117927,1715.0,2022-10-15T23:15:15Z
48.512895,-121.117932,1714.0,2022-10-15T23:15:17Z
48.512866,-121.117919,1713.0,2022-10-15T23:15:20Z
48.512826,-121.117921,1714.0,2022-10-15T23:15:23Z
48.512802,-121.117879,1716.0,2022-10-15T23:15:26Z
48.512772,-121.117871,1714.0,2022-10-15T23:15:28Z
48.512719,-121.117908,1715.0,2022-10-15T23:15:33Z
48.512638,-121.117791,1708.0,2022-10-15T23:15:47Z
48.512579,-121.117840,1703.0,2022-10-15T23:15:58Z
48.512550,-121.117779,1701.0,2022-10-15T23:16:08Z
48.512523,-121.117670,1700.0,2022-10-15T23:16:16Z
48.512482,-121.117720,1696.0,2022-10-15T23:16:22Z
48.512476,-121.117664,1695.0,2022-10-15T23:16:28Z
48.512415,-121.117518,1693.3,2022-10-15T23:16:44Z,4.649657
48.512405,-121.117536,1690.0,2022-10-15T23:16:47Z
48.512342,-121.117579,1680.0,2022-10-15T23:17:01Z
48.512317,-121.117543,1686.0,2022-10-15T23:17:07Z
48.512310,-121.117585,1684.0,2022-10-15T23:17:10Z
48.512291,-121.117614,1681.0,2022-10-15T23:17:16Z
48.512248,-121.117635,1680.0,2022-10-15T23:17:24Z
48.512225,-121.117604,1681.0,2022-10-15T23:17:27Z
48.512201,-121.117516,1680.0,2022-10-15T23:17:35Z
48.512157,-121.117498,1670.0,2022-10-15T23:17:48Z
48.512158,-121.117411,1669.0,2022-10-15T23:18:06Z
48.512128,-121.117441,1668.0,2022-10-15T23:18:15Z
48.512060,-121.117436,1658.0,2022-10-15T23:18:37Z
48.511974,-121.117489,1657.0,2022-10-15T23:19:00Z
48.511965,-121.117536,1658.0,2022-10-15T23:19:02Z
48.511926,-121.117572,1656.0,2022-10-15T23:19:09Z
48.511932,-121.117604,1654.0,2022-10-15T23:19:18Z
48.511898,-121.117642,1656.0,2022-10-15T23:19:31Z
48.511812,-121.117824,1656.0,2022-10-15T23:19:46Z
48.511746,-121.117846,1656.0,2022-10-15T23:19:56Z
48.511712,-121.117896,1657.0,2022-10-15T23:20:05Z
48.511648,-121.117888,1656.0,2022-10-15T23:20:14Z
48.511625,-121.117803,1652.0,2022-10-15T23:20:26Z
48.511560,-121.117847,1651.0,2022-10-15T23:20:36Z
48.511512,-121.117912,1650.0,2022-10-15T23:20:42Z
48.511496,-121.117956,1647.0,2022-10-15T23:20:48Z
48.511433,-121.117825,1647.8,2022-10-15T23:21:00Z,4.590092
48.511458,-121.117899,1641.0,2022-10-15T23:21:09Z
48.511402,-121.117902,1644.0,2022-10-15T23:21:37Z
48.511382,-121.117883,1641.0,2022-10-15T23:21:49Z
48.511374,-121.117835,1641.0,2022-10-15T23:22:08Z
48.511395,-121.117741,1641.0,2022-10-15T23:22:26Z
48.511375,-121.117721,1638.0,2022-10-15T23:22:33Z
48.511357,-121.117683,1637.0,2022-10-15T23:22:51Z
48.511251,-121.117773,1633.0,2022-10-15T23:23:09Z
48.511246,-121.117819,1632.0,2022-10-15T23:23:17Z
48.511213,-121.117775,1631.0,2022-10-15T23:23:29Z
48.511166,-121.117736,1620.0,2022-10-15T23:24:17Z
48.511151,-121.117755,1620.0,2022-10-15T23:24:35Z
48.511096,-121.117713,1622.0,2022-10-15T23:24:56Z
48.511049,-121.117790,1616.0,2022-10-15T23:25:12Z
48.511024,-121.117711,1612.0,2022-10-15T23:25:22Z
48.510990,-121.117784,1611.0,2022-10-15T23:25:33Z
48.510967,-121.117811,1610.0,2022-10-15T23:25:41Z
48.510948,-121.117756,1608.0,2022-10-15T23:25:50Z
48.510924,-121.117824,1602.0,2022-10-15T23:26:02Z
48.510895,-121.117796,1608.0,2022-10-15T23:26:09Z
48.510869,-121.117741,1608.0,2022-10-15T23:26:18Z
48.510868,-121.117634,1603.0,2022-10-15T23:26:38Z
48.510847,-121.117582,1600.0,2022-10-15T23:27:01Z
48.510892,-121.117494,1606.0,2022-10-15T23:27:10Z
48.510901,-121.117560,1607.4,2022-10-15T23:27:18Z,4.627086
48.510896,-121.117462,1606.0,2022-10-15T23:27:25Z
48.510929,-121.117422,1604.0,2022-10-15T23:27:29Z
48.510932,-121.117406,1602.0,2022-10-15T23:27:35Z
48.510905,-121.117417,1600.0,2022-10-15T23:27:42Z
48.510875,-121.117412,1598.0,2022-10-15T23:27:46Z
48.510847,-121.117445,1596.0,2022-10-15T23:27:51Z
48.510819,-121.117530,1595.0,2022-10-15T23:27:58Z
48.510793,-121.117469,1593.0,2022-10-15T23:28:08Z
48.510773,-121.117536,1593.0,2022-10-15T23:28:17Z
48.510727,-121.117593,1591.0,2022-10-15T23:28:26Z
48.510711,-121.117538,1589.0,2022-10-15T23:28:34Z
48.510638,-121.117605,1589.0,2022-10-15T23:28:45Z
48.510599,-121.117680,1588.0,2022-10-15T23:28:54Z
48.510562,-121.117883,1586.0,2022-10-15T23:29:08Z
48.510564,-121.117926,1588.1,2022-10-15T23:29:11Z,4.528617
48.510602,-121.117877,1585.0,2022-10-15T23:29:15Z
48.510588,-121.117922,1585.0,2022-10-15T23:29:19Z
48.510602,-121.117951,1585.0,2022-10-15T23:29:24Z
48.510569,-121.118132,1581.0,2022-10-15T23:29:58Z
48.510531,-121.118193,1574.0,2022-10-15T23:30:23Z
48.510491,-121.118200,1577.0,2022-10-15T23:30:48Z
48.510452,-121.118194,1560.0,2022-10-15T23:31:10Z
48.510421,-121.118129,1576.0,2022-10-15T23:31:38Z
48.510393,-121.118137,1576.0,2022-10-15T23:31:43Z
48.510349,-121.118065,1570.0,2022-10-15T23:31:56Z
48.510322,-121.118088,1570.0,2022-10-15T23:32:06Z
48.510282,-121.118016,1569.0,2022-10-15T23:32:17Z
48.510271,-121.117958,1568.0,2022-10-15T23:32:25Z
48.510250,-121.117943,1565.0,2022-10-15T23:32:30Z
48.510227,-121.117971,1560.0,2022-10-15T23:32:41Z
48.510165,-121.117995,1560.0,2022-10-15T23:33:09Z
48.510127,-121.117991,1564.0,2022-10-15T23:33:18Z
48.510109,-121.117930,1559.0,2022-10-15T23:33:53Z
48.510102,-121.117984,1560.0,2022-10-15T23:34:08Z
48.510091,-121.117945,1562.0,2022-10-15T23:34:14Z,4.560822
48.510103,-121.118025,1558.0,2022-10-15T23:34:55Z
48.510058,-121.118066,1555.0,2022-10-15T23:35:25Z
48.510034,-121.118071,1553.0,2022-10-15T23:35:40Z
48.510015,-121.118115,1552.0,2022-10-15T23:35:56Z
48.509987,-121.118142,1545.0,2022-10-15T23:36:26Z
48.509970,-121.118174,1545.0,2022-10-15T23:36:47Z
48.509904,-121.118212,1546.8,2022-10-15T23:37:18Z,4.614303
48.509927,-121.118185,1539.0,2022-10-15T23:37:23Z
48.509910,-121.118171,1540.0,2022-10-15T23:37:29Z
48.509872,-121.118218,1537.0,2022-10-15T23:38:02Z
48.509856,-121.118157,1543.0,2022-10-15T23:38:21Z
48.509800,-121.118178,1539.0,2022-10-15T23:39:16Z
48.509767,-121.118156,1536.0,2022-10-15T23:39:35Z
48.509765,-121.118118,1533.0,2022-10-15T23:40:03Z
48.509725,-121.118109,1536.0,2022-10-15T23:41:37Z
48.509709,-121.118084,1533.0,2022-10-15T23:43:30Z
48.509674,-121.118070,1527.0,2022-10-15T23:44:02Z
48.509663,-121.118096,1532.0,2022-10-15T23:44:17Z
48.509634,-121.118116,1530.0,2022-10-15T23:44:52Z
48.509661,-121.118120,1529.9,2022-10-15T23:45:02Z,4.641667
48.509594,-121.118108,1523.0,2022-10-15T23:45:25Z
48.509588,-121.118068,1529.0,2022-10-15T23:45:38Z
48.509554,-121.118051,1525.0,2022-10-15T23:45:50Z
48.509531,-121.118119,1520.0,2022-10-15T23:46:04Z
48.509430,-121.118138,1521.0,2022-10-15T23:47:30Z
48.509404,-121.118155,1520.0,2022-10-15T23:48:08Z
48.509392,-121.118200,1521.0,2022-10-15T23:48:26Z
48.509326,-121.118219,1515.0,2022-10-15T23:50:00Z
48.509257,-121.118368,1515.0,2022-10-15T23:50:51Z
48.509229,-121.118381,1504.0,2022-10-15T23:51:06Z
48.509186,-121.118431,1512.0,2022-10-15T23:51:49Z
48.509122,-121.118522,1510.0,2022-10-15T23:52:33Z
48.509090,-121.118606,1508.0,2022-10-15T23:52:53Z
48.509051,-121.118616,1509.0,2022-10-15T23:53:03Z
48.509024,-121.118682,1506.0,2022-10-15T23:53:16Z
48.508982,-121.118706,1508.6,2022-10-15T23:53:23Z,4.647009
48.508942,-121.118668,1498.0,2022-10-15T23:53:42Z
48.508907,-121.118598,1500.0,2022-10-15T23:54:07Z
48.508876,-121.118623,1499.0,2022-10-15T23:54:20Z
48.508859,-121.118559,1496.0,2022-10-15T23:54:48Z
48.508809,-121.118601,1496.0,2022-10-15T23:55:02Z
48.508815,-121.118580,1494.0,2022-10-15T23:55:08Z
48.508767,-121.118592,1488.0,2022-10-15T23:55:23Z
48.508727,-121.118554,1483.0,2022-10-15T23:55:51Z
48.508701,-121.118505,1486.0,2022-10-15T23:56:08Z
48.508700,-121.118553,1480.0,2022-10-15T23:56:15Z
48.508663,-121.118542,1482.0,2022-10-15T23:56:38Z
48.508624,-121.118424,1476.0,2022-10-15T23:57:15Z
48.508601,-121.118450,1476.0,2022-10-15T23:57:26Z
48.508546,-121.118455,1475.0,2022-10-15T23:57:46Z
48.508532,-121.118487,1469.0,2022-10-15T23:57:53Z
48.508465,-121.118494,1469.0,2022-10-15T23:58:16Z
48.508387,-121.118487,1462.0,2022-10-15T23:58:45Z
48.508357,-121.118496,1464.0,2022-10-15T23:58:58Z
48.508285,-121.118463,1456.0,2022-10-15T23:59:27Z
48.508239,-121.118493,1456.0,2022-10-15T23:59:46Z
48.508221,-121.118428,1455.0,2022-10-16T00:00:00Z
48.508201,-121.118470,1449.0,2022-10-16T00:00:08Z
48.508185,-121.118416,1450.0,2022-10-16T00:00:18Z
48.508164,-121.118438,1449.0,2022-10-16T00:00:24Z
48.508127,-121.118438,1444.0,2022-10-16T00:00:37Z
48.508068,-121.118323,1440.0,2022-10-16T00:01:04Z
48.508042,-121.118343,1442.0,2022-10-16T00:01:29Z
48.508017,-121.118303,1443.0,2022-10-16T00:01:48Z,4.656840
48.508019,-121.118337,1440.0,2022-10-16T00:01:53Z
48.507934,-121.118508,1434.0,2022-10-16T00:02:27Z
48.507895,-121.118534,1430.0,2022-10-16T00:02:44Z
48.507874,-121.118481,1428.0,2022-10-16T00:03:00Z
48.507878,-121.118427,1432.0,2022-10-16T00:03:17Z
48.507862,-121.118435,1431.0,2022-10-16T00:03:21Z
48.507776,-121.118275,1422.0,2022-10-16T00:04:05Z
48.507758,-121.118258,1423.0,2022-10-16T00:04:17Z
48.507644,-121.118406,1418.0,2022-10-16T00:05:27Z
48.507571,-121.118457,1416.0,2022-10-16T00:05:53Z
48.507513,-121.118611,1412.0,2022-10-16T00:06:41Z
48.507489,-121.118593,1406.0,2022-10-16T00:06:52Z
48.507478,-121.118512,1404.0,2022-10-16T00:07:19Z
48.507424,-121.118504,1408.0,2022-10-16T00:07:27Z
48.507384,-121.118474,1402.0,2022-10-16T00:07:53Z
48.507344,-121.118495,1407.0,2022-10-16T00:08:13Z
48.507340,-121.118532,1406.0,2022-10-16T00:08:18Z
48.507304,-121.118493,1403.0,2022-10-16T00:08:39Z
48.507261,-121.118533,1403.0,2022-10-16T00:08:57Z
48.507283,-121.118594,1400.0,2022-10-16T00:09:11Z
48.507269,-121.118626,1398.0,2022-10-16T00:09:26Z
48.507234,-121.118596,1395.0,2022-10-16T00:10:01Z
48.507145,-121.118625,1393.0,2022-10-16T00:10:53Z
48.507084,-121.118666,1396.0,2022-10-16T00:11:21Z
48.507062,-121.118622,1386.0,2022-10-16T00:11:46Z
48.507020,-121.118572,1387.0,2022-10-16T00:12:11Z
48.506957,-121.118590,1391.9,2022-10-16T00:12:27Z,4.560994
48.506964,-121.118609,1389.0,2022-10-16T00:12:29Z
48.506917,-121.118702,1378.0,2022-10-16T00:13:39Z
48.506880,-121.118648,1385.0,2022-10-16T00:14:07Z
48.506839,-121.118626,1373.0,2022-10-16T00:14:20Z
48.506756,-121.118694,1379.0,2022-10-16T00:14:56Z
48.506729,-121.118651,1383.1,2022-10-16T00:15:02Z,4.438217
48.506743,-121.118631,1379.0,2022-10-16T00:15:03Z
48.506706,-121.118622,1379.0,2022-10-16T00:15:09Z
48.506703,-121.118570,1376.0,2022-10-16T00:15:15Z
48.506642,-121.118623,1377.0,2022-10-16T00:15:31Z
48.506645,-121.118708,1376.0,2022-10-16T00:15:47Z
48.506633,-121.118750,1376.0,2022-10-16T00:15:54Z
48.506607,-121.118737,1360.0,2022-10-16T00:16:21Z
48.506564,-121.118771,1374.0,2022-10-16T00:16:39Z
48.506502,-121.118841,1372.0,2022-10-16T00:17:01Z
48.506506,-121.118903,1366.0,2022-10-16T00:17:20Z
48.506434,-121.118914,1360.0,2022-10-16T00:17:53Z
48.506407,-121.118929,1365.0,2022-10-16T00:18:00Z
48.506374,-121.118907,1362.0,2022-10-16T00:18:10Z
48.506370,-121.118856,1361.0,2022-10-16T00:18:21Z
48.506368,-121.118884,1360.0,2022-10-16T00:18:36Z
48.506338,-121.118884,1352.0,2022-10-16T00:18:58Z
48.506331,-121.118854,1359.0,2022-10-16T00:19:09Z
48.506288,-121.118830,1356.0,2022-10-16T00:19:21Z
48.506257,-121.118740,1356.0,2022-10-16T00:19:28Z
48.506214,-121.118862,1352.0,2022-10-16T00:19:46Z
48.506161,-121.118870,1351.0,2022-10-16T00:20:00Z
48.506112,-121.118896,1344.0,2022-10-16T00:20:20Z
48.506093,-121.118966,1352.0,2022-10-16T00:20:47Z
48.506104,-121.118989,1352.0,2022-10-16T00:20:53Z
48.506104,-121.119036,1350.0,2022-10-16T00:21:01Z
48.506075,-121.119110,1350.0,2022-10-16T00:21:38Z
48.506052,-121.119121,1352.0,2022-10-16T00:21:52Z
48.506034,-121.119086,1341.0,2022-10-16T00:22:05Z
48.505996,-121.119079,1344.0,2022-10-16T00:22:32Z
48.505968,-121.119129,1345.0,2022-10-16T00:22:51Z
48.505900,-121.119180,1344.0,2022-10-16T00:23:19Z
48.505868,-121.119221,1341.0,2022-10-16T00:23:32Z
48.505861,-121.119289,1344.0,2022-10-16T00:23:43Z
48.505803,-121.119327,1345.0,2022-10-16T00:24:14Z
48.505763,-121.119419,1343.0,2022-10-16T00:25:03Z
48.505719,-121.119427,1337.0,2022-10-16T00:25:27Z
48.505724,-121.119490,1342.0,2022-10-16T00:25:47Z
48.505703,-121.119492,1337.0,2022-10-16T00:25:56Z
48.505683,-121.119451,1340.0,2022-10-16T00:26:14Z
48.505692,-121.119413,1338.0,2022-10-16T00:26:18Z
48.505682,-121.119375,1326.0,2022-10-16T00:26:28Z
48.505664,-121.119391,1340.0,2022-10-16T00:26:40Z
48.505637,-121.119449,1335.0,2022-10-16T00:26:57Z
48.505604,-121.119415,1330.0,2022-10-16T00:27:08Z
48.505558,-121.119468,1331.0,2022-10-16T00:27:27Z
48.505544,-121.119521,1333.8,2022-10-16T00:27:31Z,4.557024
48.505508,-121.119453,1311.0,2022-10-16T00:27:43Z
48.505490,-121.119486,1327.0,2022-10-16T00:27:59Z
48.505456,-121.119471,1320.0,2022-10-16T00:28:12Z
48.505446,-121.119497,1324.0,2022-10-16T00:28:20Z
48.505423,-121.119512,1323.0,2022-10-16T00:28:28Z
48.505327,-121.119542,1312.0,2022-10-16T00:28:49Z
48.505278,-121.119543,1313.0,2022-10-16T00:29:08Z
48.505230,-121.119578,1316.0,2022-10-16T00:29:24Z
48.505174,-121.119592,1315.6,2022-10-16T00:29:37Z,4.565955
48.505204,-121.119588,1315.7,2022-10-16T00:29:38Z,4.490772
48.505178,-121.119619,1314.0,2022-10-16T00:29:41Z
48.505179,-121.119676,1312.0,2022-10-16T00:29:51Z
48.505197,-121.119681,1314.0,2022-10-16T00:29:58Z
48.505204,-121.119720,1314.0,2022-10-16T00:30:02Z
48.505132,-121.119781,1314.7,2022-10-16T00:30:08Z,4.554217
48.505151,-121.119734,1315.0,2022-10-16T00:30:11Z
48.505160,-121.119789,1315.1,2022-10-16T00:30:14Z,4.412995
48.505163,-121.119756,1312.0,2022-10-16T00:30:19Z
48.505208,-121.119719,1312.0,2022-10-16T00:30:26Z
48.505132,-121.119749,1310.0,2022-10-16T00:30:36Z
48.505159,-121.119734,1305.0,2022-10-16T00:30:41Z
48.505180,-121.119758,1312.7,2022-10-16T00:30:46Z,4.445186
48.505161,-121.119728,1310.0,2022-10-16T00:30:57Z
48.505119,-121.119737,1311.0,2022-10-16T00:31:49Z
48.505105,-121.119765,1305.0,2022-10-16T00:34:04Z
48.505091,-121.119816,1300.0,2022-10-16T00:35:28Z
48.505116,-121.119865,1308.4,2022-10-16T00:35:35Z,4.677759
48.505091,-121.119810,1305.0,2022-10-16T00:35:45Z
48.505070,-121.119825,1308.0,2022-10-16T00:35:55Z
48.505009,-121.119954,1301.0,2022-10-16T00:36:49Z
48.504952,-121.119957,1301.0,2022-10-16T00:37:28Z
48.504918,-121.119976,1302.0,2022-10-16T00:37:36Z
48.504931,-121.119930,1295.0,2022-10-16T00:38:17Z
48.504898,-121.119939,1297.0,2022-10-16T00:39:10Z
48.504867,-121.119954,1295.0,2022-10-16T00:39:27Z
48.504829,-121.120040,1292.0,2022-10-16T00:40:02Z
48.504815,-121.120028,1290.0,2022-10-16T00:40:21Z
48.504766,-121.120022,1289.0,2022-10-16T00:40:51Z
48.504732,-121.120057,1289.0,2022-10-16T00:41:08Z
48.504726,-121.120014,1280.0,2022-10-16T00:41:23Z
48.504701,-121.119981,1287.0,2022-10-16T00:41:40Z
48.504748,-121.119987,1286.6,2022-10-16T00:41:46Z,4.631766
48.504709,-121.119995,1285.0,2022-10-16T00:41:49Z
48.504653,-121.119970,1283.0,2022-10-16T00:42:04Z
48.504638,-121.119979,1280.0,2022-10-16T00:42:20Z
48.504603,-121.119912,1274.0,2022-10-16T00:42:52Z
48.504602,-121.119878,1275.0,2022-10-16T00:43:15Z
48.504584,-121.119860,1275.0,2022-10-16T00:43:18Z
48.504567,-121.119891,1264.0,2022-10-16T00:44:05Z
48.504526,-121.119844,1266.0,2022-10-16T00:44:33Z
48.504518,-121.119803,1272.0,2022-10-16T00:44:39Z
48.504528,-121.119747,1268.0,2022-10-16T00:44:59Z
48.504522,-121.119674,1268.0,2022-10-16T00:45:07Z
48.504478,-121.119610,1268.0,2022-10-16T00:45:49Z
48.504459,-121.119625,1265.0,2022-10-16T00:46:25Z
48.504461,-121.119584,1266.5,2022-10-16T00:46:34Z,4.568415
48.504459,-121.119616,1264.0,2022-10-16T00:46:37Z
48.504473,-121.119569,1265.1,2022-10-16T00:46:39Z,4.588844
48.504440,-121.119620,1260.0,2022-10-16T00:46:53Z
48.504391,-121.119660,1257.0,2022-10-16T00:47:13Z
48.504369,-121.119707,1257.4,2022-10-16T00:47:27Z,4.590330
48.504372,-121.119669,1257.6,2022-10-16T00:47:28Z,4.584142
48.504392,-121.119682,1257.0,2022-10-16T00:47:31Z
48.504369,-121.119668,1254.0,2022-10-16T00:47:39Z
48.504361,-121.119734,1253.0,2022-10-16T00:48:13Z
48.504306,-121.119762,1260.0,2022-10-16T00:49:20Z
48.504319,-121.119743,1246.0,2022-10-16T00:49:39Z
48.504295,-121.119698,1256.0,2022-10-16T00:49:57Z
48.504275,-121.119736,1252.0,2022-10-16T00:50:41Z
48.504255,-121.119709,1258.5,2022-10-16T00:50:50Z,4.685673
48.504296,-121.119739,1251.0,2022-10-16T00:51:00Z
48.504272,-121.119691,1251.9,2022-10-16T00:51:37Z,4.651011
48.504217,-121.119650,1244.0,2022-10-16T00:52:05Z
48.504173,-121.119559,1245.0,2022-10-16T00:52:34Z
48.504183,-121.119538,1243.0,2022-10-16T00:52:49Z
48.504169,-121.119602,1240.0,2022-10-16T00:53:13Z
48.504148,-121.119613,1239.0,2022-10-16T00:53:27Z
48.504121,-121.119554,1239.0,2022-10-16T00:54:14Z
48.504125,-121.119519,1239.0,2022-10-16T00:54:21Z
48.504174,-121.119530,1238.0,2022-10-16T00:54:30Z
48.504151,-121.119507,1232.0,2022-10-16T00:54:36Z
48.504159,-121.119539,1238.9,2022-10-16T00:54:41Z,4.640323
48.504137,-121.119515,1238.0,2022-10-16T00:54:43Z
48.504111,-121.119458,1238.0,2022-10-16T00:54:58Z
48.504095,-121.119377,1230.0,2022-10-16T00:55:39Z
48.504076,-121.119357,1232.0,2022-10-16T00:55:57Z
48.504070,-121.119393,1231.0,2022-10-16T00:56:39Z
48.504053,-121.119375,1224.0,2022-10-16T00:56:51Z
48.504005,-121.119405,1222.0,2022-10-16T00:57:23Z
48.503983,-121.119442,1221.0,2022-10-16T00:57:53Z
48.503922,-121.119466,1218.0,2022-10-16T00:58:22Z
48.503881,-121.119461,1219.0,2022-10-16T00:59:03Z
48.503886,-121.119390,1216.0,2022-10-16T00:59:25Z
48.503886,-121.119451,1215.0,2022-10-16T00:59:59Z
48.503838,-121.119397,1211.0,2022-10-16T01:00:44Z
48.503847,-121.119429,1209.0,2022-10-16T01:01:01Z
48.503844,-121.119477,1197.0,2022-10-16T01:01:22Z
48.503788,-121.119501,1210.0,2022-10-16T01:01:49Z
48.503764,-121.119459,1200.0,2022-10-16T01:02:13Z
48.503733,-121.119440,1208.0,2022-10-16T01:02:32Z
48.503722,-121.119380,1207.0,2022-10-16T01:02:50Z
48.503738,-121.119458,1208.0,2022-10-16T01:03:19Z
48.503735,-121.119507,1208.0,2022-10-16T01:03:22Z
48.503721,-121.119480,1208.0,2022-10-16T01:03:27Z
48.503680,-121.119487,1208.0,2022-10-16T01:03:32Z
48.503712,-121.119546,1207.0,2022-10-16T01:03:38Z
48.503726,-121.119500,1209.3,2022-10-16T01:03:46Z,4.556970
48.503702,-121.119524,1206.0,2022-10-16T01:03:52Z
48.503673,-121.119466,1207.0,2022-10-16T01:04:07Z
48.503642,-121.119476,1207.9,2022-10-16T01:04:16Z,4.580361
48.503667,-121.119449,1207.2,2022-10-16T01:04:19Z,4.608371
48.503617,-121.119504,1202.0,2022-10-16T01:04:33Z
48.503561,-121.119518,1202.0,2022-10-16T01:05:03Z
48.503544,-121.119564,1200.0,2022-10-16T01:05:29Z
48.503552,-121.119518,1200.0,2022-10-16T01:05:32Z
48.503566,-121.119550,1199.0,2022-10-16T01:05:36Z
48.503541,-121.119571,1200.0,2022-10-16T01:05:46Z
48.503524,-121.119551,1200.0,2022-10-16T01:05:54Z
48.503518,-121.119572,1200.0,2022-10-16T01:06:00Z
48.503392,-121.119596,1193.0,2022-10-16T01:07:07Z
48.503373,-121.119571,1191.0,2022-10-16T01:07:17Z
48.503359,-121.119597,1195.0,2022-10-16T01:07:31Z
48.503287,-121.119666,1192.0,2022-10-16T01:08:06Z
48.503271,-121.119705,1194.0,2022-10-16T01:08:17Z
48.503250,-121.119644,1188.0,2022-10-16T01:08:28Z
48.503219,-121.119623,1188.0,2022-10-16T01:08:39Z
48.503161,-121.119544,1190.0,2022-10-16T01:09:09Z
48.503162,-121.119471,1188.0,2022-10-16T01:09:26Z
48.503168,-121.119519,1190.9,2022-10-16T01:09:30Z,4.657841
48.503173,-121.119470,1190.0,2022-10-16T01:09:31Z
48.503142,-121.119451,1188.0,2022-10-16T01:09:33Z
48.503131,-121.119380,1189.9,2022-10-16T01:09:39Z,4.697281
48.503130,-121.119410,1183.0,2022-10-16T01:09:43Z
48.503065,-121.119335,1186.7,2022-10-16T01:09:55Z,4.655445
48.503081,-121.119366,1185.2,2022-10-16T01:09:56Z,4.654825
48.503106,-121.119347,1181.0,2022-10-16T01:10:00Z
48.503128,-121.119371,1181.0,2022-10-16T01:10:08Z
48.503134,-121.119323,1182.6,2022-10-16T01:10:10Z,4.634697
48.503139,-121.119383,1180.0,2022-10-16T01:10:16Z
48.503126,-121.119336,1179.0,2022-10-16T01:10:19Z
48.503138,-121.119293,1179.0,2022-10-16T01:10:23Z
48.503119,-121.119348,1175.0,2022-10-16T01:10:34Z
48.503117,-121.119287,1174.0,2022-10-16T01:10:53Z
48.503096,-121.119339,1176.0,2022-10-16T01:11:04Z
48.503064,-121.119285,1172.0,2022-10-16T01:11:13Z
48.503077,-121.119201,1172.0,2022-10-16T01:11:16Z
48.503067,-121.119342,1170.0,2022-10-16T01:11:24Z
48.503067,-121.119277,1170.0,2022-10-16T01:11:29Z
48.503031,-121.119235,1172.0,2022-10-16T01:11:38Z
48.503038,-121.119160,1169.0,2022-10-16T01:11:47Z
48.503058,-121.119128,1164.0,2022-10-16T01:11:51Z
48.503062,-121.119194,1165.0,2022-10-16T01:11:57Z
48.503027,-121.119214,1165.0,2022-10-16T01:12:02Z
48.502933,-121.119218,1166.0,2022-10-16T01:12:07Z
48.502890,-121.119230,1165.0,2022-10-16T01:12:18Z
48.502873,-121.119212,1168.0,2022-10-16T01:12:29Z
48.502873,-121.119162,1164.0,2022-10-16T01:12:35Z
48.502839,-121.119180,1165.0,2022-10-16T01:12:40Z
48.502857,-121.119127,1169.2,2022-10-16T01:12:43Z,4.885926
48.502849,-121.119211,1168.0,2022-10-16T01:12:45Z
48.502784,-121.119329,1164.0,2022-10-16T01:12:56Z
48.502791,-121.119278,1168.0,2022-10-16T01:13:02Z
48.502811,-121.119239,1168.0,2022-10-16T01:13:04Z
48.502804,-121.119334,1166.0,2022-10-16T01:13:06Z
48.502803,-121.119298,1164.0,2022-10-16T01:13:08Z
48.502782,-121.119274,1164.0,2022-10-16T01:13:11Z
48.502821,-121.119124,1164.0,2022-10-16T01:13:21Z
48.502794,-121.119188,1161.0,2022-10-16T01:13:31Z
48.502765,-121.119140,1160.0,2022-10-16T01:13:38Z
48.502771,-121.119173,1162.0,2022-10-16T01:13:41Z
48.502747,-121.119144,1161.0,2022-10-16T01:13:45Z
48.502744,-121.119205,1161.0,2022-10-16T01:13:48Z,4.670934
48.502690,-121.119147,1155.0,2022-10-16T01:13:55Z
48.502670,-121.119217,1160.5,2022-10-16T01:13:58Z,5.008320
48.502630,-121.119146,1157.0,2022-10-16T01:14:05Z
48.502642,-121.119117,1158.1,2022-10-16T01:14:07Z,4.566863
48.502662,-121.119101,1154.0,2022-10-16T01:14:10Z
48.502627,-121.119099,1152.0,2022-10-16T01:14:16Z
48.502591,-121.119120,1154.4,2022-10-16T01:14:20Z,4.604700
48.502582,-121.119163,1154.0,2022-10-16T01:14:22Z
48.502523,-121.119169,1155.0,2022-10-16T01:14:28Z
48.502535,-121.119111,1154.1,2022-10-16T01:14:32Z,4.682487
48.502483,-121.119117,1155.0,2022-10-16T01:14:35Z
48.502455,-121.119153,1156.0,2022-10-16T01:14:39Z
48.502487,-121.119159,1152.0,2022-10-16T01:14:42Z
48.502490,-121.119129,1152.8,2022-10-16T01:14:44Z,4.836609
48.502495,-121.119167,1152.2,2022-10-16T01:14:45Z,4.898280
48.502486,-121.119197,1153.0,2022-10-16T01:14:46Z,4.759499
48.502445,-121.119157,1148.0,2022-10-16T01:14:50Z
48.502426,-121.119193,1149.0,2022-10-16T01:14:55Z
48.502443,-121.119158,1143.0,2022-10-16T01:15:01Z
48.502393,-121.119133,1140.0,2022-10-16T01:15:15Z
48.502403,-121.119182,1134.0,2022-10-16T01:15:26Z
48.502356,-121.119223,1137.0,2022-10-16T01:15:34Z
48.502323,-121.119224,1133.0,2022-10-16T01:15:41Z
48.502315,-121.119146,1130.0,2022-10-16T01:15:49Z
48.502339,-121.119245,1125.0,2022-10-16T01:16:00Z
48.502291,-121.119184,1127.3,2022-10-16T01:16:11Z,5.561659
48.502316,-121.119252,1127.0,2022-10-16T01:16:16Z
48.502288,-121.119193,1125.0,2022-10-16T01:16:21Z
48.502235,-121.119170,1126.3,2022-10-16T01:16:37Z,4.774478
48.502210,-121.119170,1120.0,2022-10-16T01:16:43Z
48.502202,-121.119209,1122.0,2022-10-16T01:16:51Z
48.502176,-121.119234,1118.0,2022-10-16T01:16:59Z
48.502140,-121.119153,1120.0,2022-10-16T01:17:11Z
48.502139,-121.119106,1118.0,2022-10-16T01:17:17Z
48.502111,-121.119151,1117.0,2022-10-16T01:17:29Z
48.502086,-121.119166,1115.0,2022-10-16T01:17:37Z
48.502082,-121.119114,1116.0,2022-10-16T01:17:47Z
48.502060,-121.119059,1118.0,2022-10-16T01:17:55Z
48.502052,-121.119071,1120.0,2022-10-16T01:18:01Z
48.502050,-121.119146,1093.0,2022-10-16T01:18:42Z
48.502021,-121.119134,1110.0,2022-10-16T01:19:01Z
48.502014,-121.119017,1109.0,2022-10-16T01:19:10Z
48.501983,-121.119126,1107.0,2022-10-16T01:19:17Z
48.501949,-121.119155,1109.0,2022-10-16T01:19:20Z
48.501906,-121.119166,1110.0,2022-10-16T01:19:24Z
48.501867,-121.119142,1111.0,2022-10-16T01:19:28Z
48.501868,-121.119069,1112.9,2022-10-16T01:19:29Z,5.005633
48.501897,-121.119020,1110.0,2022-10-16T01:19:31Z
48.501885,-121.119076,1110.2,2022-10-16T01:19:33Z,4.670300
48.501907,-121.119151,1108.0,2022-10-16T01:19:37Z
48.501921,-121.119114,1104.0,2022-10-16T01:19:48Z
48.501891,-121.119121,1109.0,2022-10-16T01:19:56Z
48.501901,-121.119145,1106.0,2022-10-16T01:19:58Z
48.501935,-121.119130,1104.0,2022-10-16T01:20:05Z
48.501849,-121.119143,1104.0,2022-10-16T01:20:25Z
48.501903,-121.119132,1105.0,2022-10-16T01:20:29Z
48.501864,-121.119160,1106.0,2022-10-16T01:20:33Z
48.501925,-121.119118,1104.0,2022-10-16T01:20:41Z
48.501930,-121.119161,1105.0,2022-10-16T01:20:43Z
48.501965,-121.119116,1106.2,2022-10-16T01:20:44Z,5.463412
48.501935,-121.119118,1105.0,2022-10-16T01:20:46Z
48.501931,-121.119175,1104.0,2022-10-16T01:20:48Z
48.501902,-121.119117,1100.0,2022-10-16T01:20:53Z
48.501908,-121.119157,1103.7,2022-10-16T01:20:55Z,5.569425
48.501891,-121.119193,1101.0,2022-10-16T01:20:58Z
48.501824,-121.119154,1105.0,2022-10-16T01:21:08Z
48.501863,-121.119171,1104.9,2022-10-16T01:21:12Z,5.526299
48.501832,-121.119183,1104.0,2022-10-16T01:21:14Z
48.501865,-121.119163,1104.0,2022-10-16T01:21:17Z
48.501817,-121.119110,1104.0,2022-10-16T01:21:27Z
48.501843,-121.119191,1103.2,2022-10-16T01:21:30Z,5.071903
48.501825,-121.119149,1098.0,2022-10-16T01:21:34Z
48.501793,-121.119280,1101.4,2022-10-16T01:21:40Z,5.161644
48.501833,-121.119172,1100.0,2022-10-16T01:21:44Z
48.501800,-121.119175,1098.0,2022-10-16T01:21:48Z
48.501814,-121.119138,1099.2,2022-10-16T01:21:50Z,4.807451
48.501755,-121.119140,1098.0,2022-10-16T01:21:52Z
48.501837,-121.119156,1096.0,2022-10-16T01:22:01Z
48.501799,-121.119142,1095.0,2022-10-16T01:22:07Z
48.501842,-121.119045,1095.0,2022-10-16T01:22:13Z
48.501841,-121.119012,1096.0,2022-10-16T01:22:17Z
48.501845,-121.119094,1094.0,2022-10-16T01:22:21Z,4.745794
48.501798,-121.119111,1090.0,2022-10-16T01:22:26Z
48.501768,-121.119097,1092.0,2022-10-16T01:22:32Z
48.501776,-121.119144,1092.9,2022-10-16T01:22:33Z,5.161427
48.501753,-121.119166,1092.0,2022-10-16T01:22:35Z
48.501807,-121.119082,1094.1,2022-10-16T01:22:37Z,5.034052
48.501805,-121.119118,1091.0,2022-10-16T01:22:40Z
48.501748,-121.119140,1090.0,2022-10-16T01:22:45Z
48.501780,-121.119099,1089.0,2022-10-16T01:22:47Z
48.501722,-121.119099,1086.0,2022-10-16T01:22:59Z
48.501704,-121.119130,1089.0,2022-10-16T01:23:03Z
48.501722,-121.119200,1085.0,2022-10-16T01:23:11Z
48.501643,-121.119145,1092.0,2022-10-16T01:23:17Z
48.501617,-121.119175,1091.0,2022-10-16T01:23:22Z
48.501625,-121.119140,1092.1,2022-10-16T01:23:25Z,4.764657
48.501611,-121.119186,1090.0,2022-10-16T01:23:29Z
48.501598,-121.119155,1091.0,2022-10-16T01:23:33Z
48.501627,-121.119125,1088.0,2022-10-16T01:23:36Z
48.501682,-121.119008,1081.0,2022-10-16T01:23:52Z
48.501680,-121.118965,1084.0,2022-10-16T01:23:57Z
48.501660,-121.119047,1079.0,2022-10-16T01:24:03Z
48.501612,-121.119120,1080.0,2022-10-16T01:24:14Z
48.501564,-121.119096,1074.0,2022-10-16T01:24:31Z
48.501590,-121.119128,1078.0,2022-10-16T01:24:37Z
48.501570,-121.119076,1075.0,2022-10-16T01:24:40Z
48.501588,-121.119105,1076.2,2022-10-16T01:24:43Z,7.742161
48.501491,-121.119097,1071.0,2022-10-16T01:24:49Z
48.501480,-121.119137,1075.0,2022-10-16T01:24:57Z
48.501504,-121.119163,1077.5,2022-10-16T01:25:01Z,5.887638
48.501514,-121.119110,1074.0,2022-10-16T01:25:05Z
48.501520,-121.119150,1075.0,2022-10-16T01:25:09Z
48.501506,-121.119122,1074.0,2022-10-16T01:25:18Z
48.501543,-121.119155,1079.1,2022-10-16T01:25:26Z,5.924144
48.501573,-121.119132,1076.0,2022-10-16T01:25:29Z
48.501546,-121.119099,1076.0,2022-10-16T01:25:33Z
48.501508,-121.119111,1074.0,2022-10-16T01:25:38Z
48.501491,-121.119188,1073.0,2022-10-16T01:25:45Z
48.501451,-121.119189,1074.0,2022-10-16T01:25:51Z
48.501399,-121.119207,1074.0,2022-10-16T01:25:57Z
48.501409,-121.119175,1074.0,2022-10-16T01:26:00Z
48.501382,-121.119143,1067.0,2022-10-16T01:26:07Z
48.501363,-121.119177,1071.7,2022-10-16T01:26:13Z,5.215270
48.501397,-121.119163,1070.0,2022-10-16T01:26:15Z
48.501366,-121.119162,1070.0,2022-10-16T01:26:17Z
48.501404,-121.119162,1067.0,2022-10-16T01:26:21Z
48.501411,-121.119105,1069.0,2022-10-16T01:26:24Z
48.501413,-121.119158,1065.0,2022-10-16T01:26:31Z
48.501411,-121.119124,1067.0,2022-10-16T01:26:38Z
48.501369,-121.119130,1065.0,2022-10-16T01:26:45Z
48.501406,-121.119189,1066.2,2022-10-16T01:26:50Z,5.758897
48.501360,-121.119188,1059.0,2022-10-16T01:26:58Z
48.501360,-121.119159,1060.0,2022-10-16T01:27:11Z
48.501397,-121.119134,1060.0,2022-10-16T01:27:14Z
48.501418,-121.119093,1056.0,2022-10-16T01:27:17Z
48.501378,-121.119100,1055.0,2022-10-16T01:27:23Z
48.501358,-121.119189,1056.0,2022-10-16T01:27:30Z
48.501305,-121.119124,1055.0,2022-10-16T01:27:40Z
48.501305,-121.119078,1058.6,2022-10-16T01:27:43Z,4.973296
48.501269,-121.119127,1057.0,2022-10-16T01:27:46Z
48.501239,-121.119150,1056.0,2022-10-16T01:27:54Z
48.501205,-121.119134,1056.0,2022-10-16T01:27:59Z
48.501266,-121.119161,1056.4,2022-10-16T01:28:02Z,5.660932
48.501244,-121.119138,1056.0,2022-10-16T01:28:04Z
48.501295,-121.119176,1054.0,2022-10-16T01:28:18Z
48.501287,-121.119163,1053.0,2022-10-16T01:28:21Z
48.501227,-121.119149,1050.0,2022-10-16T01:28:26Z
48.501199,-121.119160,1053.9,2022-10-16T01:28:29Z,6.007145
48.501165,-121.119128,1054.1,2022-10-16T01:28:30Z,6.133226
48.501150,-121.119162,1052.0,2022-10-16T01:28:38Z
48.501165,-121.119207,1054.0,2022-10-16T01:28:52Z
48.501194,-121.119236,1054.0,2022-10-16T01:28:53Z,7.113718
48.501156,-121.119246,1054.6,2022-10-16T01:28:54Z,6.014202
48.501129,-121.119222,1053.0,2022-10-16T01:28:57Z
48.501071,-121.119307,1049.0,2022-10-16T01:29:09Z
48.501093,-121.119339,1047.0,2022-10-16T01:29:14Z
48.501012,-121.119308,1048.0,2022-10-16T01:29:19Z
48.501077,-121.119297,1040.0,2022-10-16T01:29:31Z
48.501103,-121.119245,1041.0,2022-10-16T01:29:42Z
48.501089,-121.119217,1036.0,2022-10-16T01:29:46Z
48.501060,-121.119239,1039.0,2022-10-16T01:29:51Z
48.501047,-121.119286,1039.0,2022-10-16T01:29:55Z
48.501015,-121.119270,1038.0,2022-10-16T01:30:00Z
48.500974,-121.119270,1040.0,2022-10-16T01:30:08Z
48.500979,-121.119238,1033.0,2022-10-16T01:30:17Z
48.500965,-121.119208,1042.6,2022-10-16T01:30:33Z,6.430828
48.500928,-121.119300,1041.0,2022-10-16T01:30:42Z
48.500865,-121.119294,1038.0,2022-10-16T01:30:49Z
48.500795,-121.119307,1031.0,2022-10-16T01:31:12Z
48.500775,-121.119355,1034.0,2022-10-16T01:31:29Z
48.500729,-121.119315,1035.0,2022-10-16T01:31:36Z
48.500760,-121.119297,1035.7,2022-10-16T01:31:40Z,4.834444
48.500724,-121.119297,1032.0,2022-10-16T01:31:51Z
48.500745,-121.119335,1032.0,2022-10-16T01:32:04Z
48.500756,-121.119302,1030.0,2022-10-16T01:32:13Z
48.500716,-121.119325,1031.0,2022-10-16T01:32:25Z
48.500794,-121.119331,1015.0,2022-10-16T01:32:46Z
48.500837,-121.119309,1029.0,2022-10-16T01:33:23Z
48.500779,-121.119320,1032.0,2022-10-16T01:34:44Z
48.500758,-121.119290,1039.9,2022-10-16T01:35:20Z,4.665573
48.500773,-121.119244,1036.0,2022-10-16T01:35:23Z
48.500807,-121.119237,1035.0,2022-10-16T01:35:42Z
48.500854,-121.119343,1023.0,2022-10-16T01:36:17Z
48.500904,-121.119403,1022.0,2022-10-16T01:37:40Z
48.500780,-121.119296,1035.0,2022-10-16T01:40:35Z
48.500834,-121.119451,1028.0,2022-10-16T01:42:13Z
48.500855,-121.119394,1025.0,2022-10-16T01:42:21Z
48.500846,-121.119345,1026.0,2022-10-16T01:42:26Z
48.500854,-121.119373,1031.0,2022-10-16T01:42:48Z
48.500824,-121.119313,1032.0,2022-10-16T01:42:53Z
48.500797,-121.119297,1035.0,2022-10-16T01:42:57Z
48.500809,-121.119249,1037.0,2022-10-16T01:42:59Z,5.033915
48.500805,-121.119320,1027.0,2022-10-16T01:43:09Z
48.500789,-121.119352,1032.0,2022-10-16T01:43:15Z
48.500759,-121.119342,1032.0,2022-10-16T01:44:02Z
48.500771,-121.119359,1036.0,2022-10-16T01:44:49Z
48.500767,-121.119286,1035.0,2022-10-16T01:45:06Z
48.500775,-121.119298,1037.0,2022-10-16T01:45:13Z
48.500679,-121.119299,1040.0,2022-10-16T01:45:46Z
48.500733,-121.119272,1042.0,2022-10-16T01:45:59Z
48.500727,-121.119306,1042.2,2022-10-16T01:46:00Z,4.948813
48.500736,-121.119343,1034.0,2022-10-16T01:46:05Z
48.500704,-121.119334,1032.0,2022-10-16T01:46:12Z
48.500704,-121.119382,1029.0,2022-10-16T01:46:19Z
48.500687,-121.119414,1026.0,2022-10-16T01:46:25Z
48.500645,-121.119421,1026.0,2022-10-16T01:46:34Z
48.500591,-121.119510,1025.0,2022-10-16T01:46:58Z
48.500540,-121.119495,1024.0,2022-10-16T01:47:08Z
48.500488,-121.119624,1026.0,2022-10-16T01:47:18Z
48.500458,-121.119629,1025.0,2022-10-16T01:47:22Z
48.500442,-121.119591,1023.0,2022-10-16T01:47:26Z
48.500410,-121.119569,1024.0,2022-10-16T01:47:28Z
48.500396,-121.119531,1022.0,2022-10-16T01:47:33Z
48.500424,-121.119583,1020.0,2022-10-16T01:47:37Z
48.500402,-121.119613,1017.0,2022-10-16T01:47:46Z
48.500408,-121.119591,1019.0,2022-10-16T01:47:59Z
48.500362,-121.119634,1019.0,2022-10-16T01:48:04Z
48.500364,-121.119602,1019.0,2022-10-16T01:48:12Z
48.500335,-121.119616,1020.0,2022-10-16T01:48:17Z
48.500331,-121.119706,1016.4,2022-10-16T01:48:22Z,4.693065
48.500327,-121.119668,1016.0,2022-10-16T01:48:25Z
48.500336,-121.119638,1016.0,2022-10-16T01:48:28Z
48.500299,-121.119603,1016.0,2022-10-16T01:48:31Z
48.500317,-121.119560,1015.0,2022-10-16T01:48:34Z
48.500310,-121.119622,1012.0,2022-10-16T01:48:44Z
48.500276,-121.119657,1009.0,2022-10-16T01:48:53Z
48.500240,-121.119633,1014.0,2022-10-16T01:49:04Z
48.500224,-121.119724,1013.1,2022-10-16T01:49:08Z,4.767278
48.500237,-121.119761,1012.4,2022-10-16T01:49:10Z,4.743612
48.500234,-121.119710,1012.3,2022-10-16T01:49:11Z,4.739783
48.500265,-121.119659,1008.0,2022-10-16T01:49:18Z
48.500254,-121.119622,1010.0,2022-10-16T01:49:25Z
48.500211,-121.119619,1008.0,2022-10-16T01:49:28Z
48.500185,-121.119638,1008.0,2022-10-16T01:49:36Z
48.500179,-121.119671,1005.0,2022-10-16T01:49:44Z
48.500134,-121.119631,1002.0,2022-10-16T01:49:50Z
48.500161,-121.119663,1006.6,2022-10-16T01:49:54Z,4.755804
48.500135,-121.119693,1000.0,2022-10-16T01:49:58Z
48.500090,-121.119718,1002.0,2022-10-16T01:50:02Z
48.500093,-121.119649,1001.0,2022-10-16T01:50:08Z
48.500076,-121.119615,1002.0,2022-10-16T01:50:13Z
48.500072,-121.119572,1004.0,2022-10-16T01:50:16Z
48.500030,-121.119555,993.0,2022-10-16T01:50:25Z
48.500031,-121.119585,1002.0,2022-10-16T01:50:34Z
48.500071,-121.119592,1001.7,2022-10-16T01:50:35Z,4.878812
48.500055,-121.119621,1000.0,2022-10-16T01:50:37Z
48.500019,-121.119633,1000.0,2022-10-16T01:50:40Z
48.500042,-121.119681,1000.1,2022-10-16T01:50:47Z,4.950378
48.499994,-121.119585,998.0,2022-10-16T01:50:54Z
48.500018,-121.119520,996.0,2022-10-16T01:50:59Z
48.499989,-121.119661,993.3,2022-10-16T01:51:07Z,4.715505
48.499965,-121.119695,987.0,2022-10-16T01:51:11Z
48.499808,-121.119731,991.5,2022-10-16T01:51:44Z,4.658553
48.499826,-121.119749,989.0,2022-10-16T01:51:47Z
48.499808,-121.119732,985.0,2022-10-16T01:51:54Z
48.499765,-121.119749,984.0,2022-10-16T01:52:04Z
48.499763,-121.119821,984.3,2022-10-16T01:52:24Z,4.639411
48.499708,-121.119844,984.0,2022-10-16T01:52:27Z
48.499699,-121.119889,983.1,2022-10-16T01:52:31Z,4.561283
48.499673,-121.119931,981.0,2022-10-16T01:52:33Z
48.499656,-121.119794,978.0,2022-10-16T01:52:39Z
48.499666,-121.119761,978.0,2022-10-16T01:52:42Z
48.499666,-121.119701,976.0,2022-10-16T01:52:48Z
48.499612,-121.119733,976.0,2022-10-16T01:52:59Z
48.499593,-121.119781,975.0,2022-10-16T01:53:02Z
48.499626,-121.119801,975.6,2022-10-16T01:53:04Z,4.621081
48.499599,-121.119827,972.0,2022-10-16T01:53:08Z
48.499575,-121.119875,975.0,2022-10-16T01:53:12Z
48.499530,-121.119900,973.0,2022-10-16T01:53:19Z
48.499538,-121.119876,973.3,2022-10-16T01:53:27Z,4.648896
48.499504,-121.119888,972.0,2022-10-16T01:53:30Z
48.499491,-121.119916,968.0,2022-10-16T01:53:34Z
48.499485,-121.119977,966.0,2022-10-16T01:53:39Z
48.499414,-121.120065,968.0,2022-10-16T01:53:49Z
48.499393,-121.120104,968.0,2022-10-16T01:53:52Z
48.499390,-121.120149,966.0,2022-10-16T01:53:57Z
48.499370,-121.120082,964.0,2022-10-16T01:54:03Z
48.499331,-121.120105,964.0,2022-10-16T01:54:08Z
48.499298,-121.120081,964.0,2022-10-16T01:54:12Z
48.499286,-121.120038,958.0,2022-10-16T01:54:27Z
48.499233,-121.120120,954.0,2022-10-16T01:54:46Z
48.499148,-121.120320,950.0,2022-10-16T01:55:09Z
48.499148,-121.120370,945.0,2022-10-16T01:55:16Z
48.499119,-121.120400,950.0,2022-10-16T01:55:23Z
48.499099,-121.120468,949.0,2022-10-16T01:55:28Z
48.499134,-121.120455,952.8,2022-10-16T01:55:31Z,4.778222
48.499151,-121.120512,953.2,2022-10-16T01:55:32Z,4.788144
48.499150,-121.120544,952.0,2022-10-16T01:55:33Z
48.499020,-121.120586,949.9,2022-10-16T01:55:48Z,4.662882
48.499000,-121.120501,947.0,2022-10-16T01:55:53Z
48.499015,-121.120578,945.0,2022-10-16T01:56:00Z
48.498906,-121.120579,945.0,2022-10-16T01:56:12Z
48.498914,-121.120531,943.0,2022-10-16T01:56:18Z
48.498883,-121.120450,939.0,2022-10-16T01:56:31Z
48.498861,-121.120559,936.0,2022-10-16T01:56:41Z
48.498872,-121.120534,930.0,2022-10-16T01:56:54Z
48.498872,-121.120587,933.0,2022-10-16T01:57:00Z
48.498825,-121.120601,932.0,2022-10-16T01:57:03Z
48.498784,-121.120684,930.0,2022-10-16T01:57:12Z
48.498743,-121.120683,928.0,2022-10-16T01:57:25Z
48.498739,-121.120728,925.0,2022-10-16T01:57:36Z
48.498728,-121.120629,921.0,2022-10-16T01:57:55Z
48.498707,-121.120592,917.0,2022-10-16T01:58:00Z
48.498744,-121.120584,923.3,2022-10-16T01:58:03Z,4.959480
48.498709,-121.120581,920.0,2022-10-16T01:58:09Z
48.498712,-121.120623,921.0,2022-10-16T01:58:17Z
48.498700,-121.120575,919.0,2022-10-16T01:58:24Z
48.498679,-121.120566,920.0,2022-10-16T01:58:32Z
48.498678,-121.120614,920.0,2022-10-16T01:58:38Z
48.498657,-121.120636,917.0,2022-10-16T01:58:43Z
48.498614,-121.120626,917.0,2022-10-16T01:58:50Z
48.498602,-121.120588,918.8,2022-10-16T01:58:54Z,4.943720
48.498620,-121.120547,918.0,2022-10-16T01:58:56Z
48.498628,-121.120616,918.0,2022-10-16T01:59:07Z,4.683784
48.498614,-121.120678,913.0,2022-10-16T01:59:23Z
48.498599,-121.120639,912.0,2022-10-16T01:59:31Z
48.498612,-121.120602,913.0,2022-10-16T01:59:40Z
48.498590,-121.120637,911.0,2022-10-16T02:00:02Z
48.498570,-121.120614,904.0,2022-10-16T02:00:23Z
48.498566,-121.120574,904.0,2022-10-16T02:00:33Z
48.498528,-121.120611,909.0,2022-10-16T02:00:47Z,4.622781
48.498538,-121.120581,907.0,2022-10-16T02:00:50Z
48.498564,-121.120556,906.0,2022-10-16T02:00:55Z
48.498558,-121.120524,902.0,2022-10-16T02:01:02Z
48.498521,-121.120584,900.0,2022-10-16T02:01:14Z
48.498515,-121.120549,900.0,2022-10-16T02:01:21Z
48.498511,-121.120607,900.0,2022-10-16T02:01:30Z
48.498493,-121.120648,902.0,2022-10-16T02:01:35Z
48.498497,-121.120612,901.0,2022-10-16T02:01:38Z
48.498522,-121.120588,901.9,2022-10-16T02:01:41Z,4.583317
48.498527,-121.120666,903.0,2022-10-16T02:01:46Z
48.498519,-121.120594,903.0,2022-10-16T02:01:48Z
48.498508,-121.120631,901.0,2022-10-16T02:01:52Z
48.498455,-121.120663,895.0,2022-10-16T02:02:25Z
48.498427,-121.120641,894.0,2022-10-16T02:02:45Z
48.498421,-121.120714,894.0,2022-10-16T02:02:53Z
48.498419,-121.120616,892.0,2022-10-16T02:03:01Z
48.498372,-121.120607,891.0,2022-10-16T02:03:03Z
48.498333,-121.120577,892.0,2022-10-16T02:03:07Z
48.498323,-121.120597,892.0,2022-10-16T02:03:12Z
48.498285,-121.120538,892.0,2022-10-16T02:03:17Z
48.498327,-121.120597,891.0,2022-10-16T02:03:21Z,4.664634
48.498343,-121.120571,890.2,2022-10-16T02:03:22Z,4.701799
48.498360,-121.120629,888.0,2022-10-16T02:03:29Z
48.498301,-121.120666,888.0,2022-10-16T02:03:37Z
48.498270,-121.120660,886.0,2022-10-16T02:03:41Z
48.498253,-121.120732,889.0,2022-10-16T02:03:46Z,4.757482
48.498251,-121.120642,883.0,2022-10-16T02:03:56Z
48.498239,-121.120581,884.0,2022-10-16T02:04:03Z
48.498244,-121.120635,882.6,2022-10-16T02:04:08Z,4.667568
48.498230,-121.120713,881.1,2022-10-16T02:04:11Z,4.598791
48.498245,-121.120741,880.0,2022-10-16T02:04:13Z
48.498255,-121.120812,878.0,2022-10-16T02:04:16Z
48.498266,-121.120778,879.0,2022-10-16T02:04:18Z,4.577512
48.498212,-121.120685,874.0,2022-10-16T02:04:37Z
48.498138,-121.120744,876.0,2022-10-16T02:04:57Z
48.498105,-121.120673,875.0,2022-10-16T02:05:05Z
48.498118,-121.120711,870.0,2022-10-16T02:05:13Z
48.498090,-121.120735,873.0,2022-10-16T02:05:19Z
48.498100,-121.120685,872.0,2022-10-16T02:05:25Z
48.498064,-121.120777,866.0,2022-10-16T02:05:47Z
48.498044,-121.120746,865.6,2022-10-16T02:05:50Z,4.630334
48.498063,-121.120773,864.0,2022-10-16T02:05:52Z
48.498061,-121.120814,864.0,2022-10-16T02:05:55Z
48.498023,-121.120873,862.0,2022-10-16T02:06:04Z
48.497938,-121.120780,858.0,2022-10-16T02:06:22Z
48.497990,-121.120847,859.0,2022-10-16T02:06:34Z
48.498002,-121.120808,864.0,2022-10-16T02:06:38Z
48.497926,-121.120774,860.0,2022-10-16T02:06:43Z
48.497903,-121.120735,858.0,2022-10-16T02:06:52Z
48.497932,-121.120809,856.0,2022-10-16T02:07:08Z
48.497882,-121.120915,854.0,2022-10-16T02:07:18Z
48.497862,-121.120846,853.0,2022-10-16T02:07:27Z
48.497842,-121.120868,855.0,2022-10-16T02:07:33Z
48.497825,-121.120932,850.0,2022-10-16T02:07:47Z
48.497794,-121.120883,849.0,2022-10-16T02:07:55Z
48.497764,-121.120966,849.7,2022-10-16T02:08:04Z,4.457636
48.497769,-121.121007,849.0,2022-10-16T02:08:06Z
48.497743,-121.120976,850.0,2022-10-16T02:08:16Z
48.497755,-121.120937,849.0,2022-10-16T02:08:19Z
48.497742,-121.120861,850.0,2022-10-16T02:08:22Z
48.497736,-121.120893,852.0,2022-10-16T02:08:24Z
48.497746,-121.120817,850.0,2022-10-16T02:08:30Z
48.497689,-121.120996,848.0,2022-10-16T02:08:40Z
48.497694,-121.121043,851.0,2022-10-16T02:08:45Z,4.548275
48.497646,-121.120918,845.0,2022-10-16T02:08:54Z
48.497607,-121.120922,840.0,2022-10-16T02:09:09Z
48.497586,-121.120942,837.0,2022-10-16T02:09:16Z
48.497571,-121.120826,837.4,2022-10-16T02:09:27Z,4.802482
48.497548,-121.120857,835.0,2022-10-16T02:09:30Z
48.497500,-121.120811,830.0,2022-10-16T02:09:46Z
48.497490,-121.120846,829.0,2022-10-16T02:09:58Z
48.497503,-121.120883,830.8,2022-10-16T02:10:00Z,4.655898
48.497475,-121.120980,829.0,2022-10-16T02:10:05Z
48.497433,-121.121011,829.0,2022-10-16T02:10:12Z
48.497420,-121.120923,825.0,2022-10-16T02:10:17Z
48.497360,-121.120821,824.0,2022-10-16T02:10:33Z
48.497337,-121.120873,825.0,2022-10-16T02:10:42Z
48.497363,-121.120936,824.0,2022-10-16T02:10:46Z
48.497343,-121.120961,826.0,2022-10-16T02:10:48Z
48.497323,-121.120915,822.0,2022-10-16T02:10:54Z
48.497270,-121.120891,820.0,2022-10-16T02:10:59Z
48.497263,-121.120940,820.0,2022-10-16T02:11:04Z
48.497219,-121.120921,816.0,2022-10-16T02:11:10Z
48.497235,-121.120984,816.0,2022-10-16T02:11:15Z
48.497182,-121.121121,810.0,2022-10-16T02:11:43Z
48.497174,-121.121170,810.0,2022-10-16T02:11:51Z
48.497127,-121.121185,810.0,2022-10-16T02:11:57Z
48.497082,-121.121224,807.0,2022-10-16T02:12:08Z
48.497044,-121.121167,800.0,2022-10-16T02:12:23Z
48.497053,-121.121219,802.7,2022-10-16T02:12:30Z,4.510896
48.497025,-121.121268,800.0,2022-10-16T02:12:34Z
48.497026,-121.121222,798.0,2022-10-16T02:12:38Z
48.497038,-121.121258,798.7,2022-10-16T02:12:42Z,4.619232
48.497000,-121.121343,798.0,2022-10-16T02:12:50Z
48.496979,-121.121267,800.0,2022-10-16T02:12:57Z
48.496947,-121.121269,800.0,2022-10-16T02:12:59Z
48.496950,-121.121300,797.0,2022-10-16T02:13:07Z
48.496922,-121.121349,797.4,2022-10-16T02:13:17Z,4.471940
48.496924,-121.121327,796.0,2022-10-16T02:13:18Z
48.496909,-121.121284,796.0,2022-10-16T02:13:20Z
48.496865,-121.121478,793.0,2022-10-16T02:13:40Z
48.496870,-121.121517,792.0,2022-10-16T02:13:50Z
48.496844,-121.121477,791.0,2022-10-16T02:13:59Z
48.496883,-121.121505,792.0,2022-10-16T02:14:05Z
48.496855,-121.121519,792.6,2022-10-16T02:14:06Z,4.597043
48.496848,-121.121550,791.0,2022-10-16T02:14:07Z
48.496877,-121.121516,791.0,2022-10-16T02:14:11Z,4.554034
48.496849,-121.121544,788.0,2022-10-16T02:14:13Z
48.496856,-121.121611,786.0,2022-10-16T02:14:25Z
48.496777,-121.121567,786.0,2022-10-16T02:14:45Z
48.496768,-121.121618,784.0,2022-10-16T02:14:48Z
48.496772,-121.121582,784.0,2022-10-16T02:14:52Z
48.496763,-121.121612,783.0,2022-10-16T02:14:56Z
48.496756,-121.121707,780.0,2022-10-16T02:15:12Z
48.496739,-121.121711,780.0,2022-10-16T02:15:16Z
48.496700,-121.121766,777.0,2022-10-16T02:15:21Z
48.496704,-121.121692,780.0,2022-10-16T02:15:29Z
48.496674,-121.121689,774.0,2022-10-16T02:15:37Z
48.496670,-121.121746,776.0,2022-10-16T02:15:45Z
48.496628,-121.121799,775.0,2022-10-16T02:15:52Z
48.496584,-121.121791,774.9,2022-10-16T02:15:56Z,4.515052
48.496606,-121.121699,771.0,2022-10-16T02:15:59Z
48.496589,-121.121656,770.0,2022-10-16T02:16:03Z
48.496581,-121.121727,770.0,2022-10-16T02:16:09Z
48.496544,-121.121722,770.0,2022-10-16T02:16:18Z
48.496507,-121.121649,764.0,2022-10-16T02:16:37Z
48.496507,-121.121683,765.0,2022-10-16T02:16:42Z
48.496532,-121.121727,764.0,2022-10-16T02:16:45Z
48.496525,-121.121828,764.0,2022-10-16T02:16:52Z
48.496508,-121.121871,764.0,2022-10-16T02:16:55Z
48.496448,-121.121831,762.0,2022-10-16T02:17:11Z
48.496447,-121.121884,760.0,2022-10-16T02:17:15Z
48.496461,-121.121841,759.0,2022-10-16T02:17:18Z
48.496433,-121.121884,760.0,2022-10-16T02:17:22Z
48.496440,-121.121844,756.0,2022-10-16T02:17:28Z
48.496462,-121.121886,756.0,2022-10-16T02:17:32Z
48.496442,-121.121908,755.0,2022-10-16T02:17:39Z
48.496462,-121.121949,756.0,2022-10-16T02:17:42Z
48.496409,-121.121932,757.1,2022-10-16T02:17:47Z,4.574963
48.496397,-121.122021,754.0,2022-10-16T02:17:59Z
48.496416,-121.122049,758.0,2022-10-16T02:18:07Z
48.496388,-121.122066,756.0,2022-10-16T02:18:18Z
48.496390,-121.122051,754.0,2022-10-16T02:18:21Z
48.496347,-121.122108,755.3,2022-10-16T02:18:26Z,4.560900
48.496351,-121.122069,752.0,2022-10-16T02:18:29Z
48.496303,-121.122093,753.0,2022-10-16T02:18:33Z
48.496290,-121.122046,753.2,2022-10-16T02:18:35Z,4.563890
48.496292,-121.122012,752.2,2022-10-16T02:18:36Z,4.559097
48.496313,-121.121987,752.0,2022-10-16T02:18:37Z
48.496272,-121.121998,748.0,2022-10-16T02:18:43Z
48.496233,-121.121986,748.0,2022-10-16T02:18:54Z
48.496203,-121.122036,750.0,2022-10-16T02:18:59Z
48.496178,-121.122022,750.0,2022-10-16T02:19:06Z
48.496148,-121.122022,748.0,2022-10-16T02:19:13Z
48.496154,-121.122070,748.0,2022-10-16T02:19:20Z
48.496174,-121.122047,750.1,2022-10-16T02:19:23Z,4.457653
48.496142,-121.122027,748.0,2022-10-16T02:19:26Z
48.496121,-121.121986,747.0,2022-10-16T02:19:30Z,4.431362
48.496136,-121.121866,742.0,2022-10-16T02:19:35Z
48.496091,-121.121874,736.0,2022-10-16T02:19:41Z
48.496067,-121.121917,740.5,2022-10-16T02:19:45Z,4.431523
48.496078,-121.121956,740.0,2022-10-16T02:19:48Z
48.496060,-121.121888,738.0,2022-10-16T02:19:51Z
48.496049,-121.121952,737.0,2022-10-16T02:19:55Z
48.496026,-121.121928,740.0,2022-10-16T02:19:57Z
48.496015,-121.121872,739.0,2022-10-16T02:20:00Z
48.496024,-121.121914,735.0,2022-10-16T02:20:05Z
48.496005,-121.121861,738.0,2022-10-16T02:20:11Z
48.496015,-121.121928,738.0,2022-10-16T02:20:17Z
48.496006,-121.121995,738.2,2022-10-16T02:20:19Z,5.290987
48.496039,-121.121966,735.0,2022-10-16T02:20:25Z
48.495979,-121.121971,736.0,2022-10-16T02:20:33Z
48.495958,-121.122013,734.0,2022-10-16T02:20:39Z
48.495940,-121.121940,732.0,2022-10-16T02:20:48Z
48.495947,-121.121851,731.0,2022-10-16T02:20:51Z
48.495892,-121.121787,729.0,2022-10-16T02:20:55Z
48.495879,-121.121835,728.0,2022-10-16T02:21:00Z
48.495882,-121.121882,728.0,2022-10-16T02:21:05Z
48.495865,-121.121915,728.0,2022-10-16T02:21:10Z
48.495866,-121.121967,728.0,2022-10-16T02:21:14Z
48.495812,-121.121999,725.0,2022-10-16T02:21:24Z
48.495788,-121.121979,726.0,2022-10-16T02:21:30Z
48.495779,-121.122015,723.0,2022-10-16T02:21:38Z
48.495786,-121.122072,725.6,2022-10-16T02:21:40Z,4.512825
48.495787,-121.122040,725.8,2022-10-16T02:21:41Z,4.584137
48.495775,-121.122097,725.6,2022-10-16T02:21:42Z,4.609483
48.495775,-121.122065,724.0,2022-10-16T02:21:44Z
48.495738,-121.122038,724.0,2022-10-16T02:21:46Z
48.495748,-121.122081,724.9,2022-10-16T02:21:47Z,4.446329
48.495746,-121.122125,725.5,2022-10-16T02:21:48Z,4.441364
48.495750,-121.122052,725.6,2022-10-16T02:21:49Z,4.428128
48.495720,-121.122077,726.0,2022-10-16T02:21:51Z
48.495706,-121.122035,724.0,2022-10-16T02:21:54Z
48.495726,-121.122088,723.0,2022-10-16T02:21:59Z
48.495722,-121.122034,721.0,2022-10-16T02:22:02Z
48.495724,-121.122090,722.3,2022-10-16T02:22:05Z,4.327039
48.495707,-121.122186,722.0,2022-10-16T02:22:12Z
48.495668,-121.122242,720.0,2022-10-16T02:22:16Z
48.495659,-121.122297,724.5,2022-10-16T02:22:19Z,4.414588
48.495615,-121.122283,723.0,2022-10-16T02:22:26Z
48.495603,-121.122324,723.0,2022-10-16T02:22:29Z
48.495570,-121.122260,723.0,2022-10-16T02:22:35Z
48.495573,-121.122222,720.0,2022-10-16T02:22:38Z
48.495545,-121.122264,720.0,2022-10-16T02:22:42Z
48.495558,-121.122229,719.0,2022-10-16T02:22:45Z
48.495527,-121.122295,718.0,2022-10-16T02:22:52Z
48.495529,-121.122261,713.0,2022-10-16T02:22:58Z
48.495531,-121.122385,720.0,2022-10-16T02:23:05Z
48.495518,-121.122435,721.7,2022-10-16T02:23:08Z,5.498690
48.495553,-121.122349,720.9,2022-10-16T02:23:09Z,4.583468
48.495562,-121.122124,711.0,2022-10-16T02:23:19Z
48.495556,-121.122256,706.0,2022-10-16T02:23:30Z
48.495534,-121.122303,705.0,2022-10-16T02:23:32Z
48.495474,-121.122385,707.4,2022-10-16T02:23:37Z,4.495929
48.495470,-121.122350,707.2,2022-10-16T02:23:38Z,4.489881
48.495441,-121.122341,709.0,2022-10-16T02:23:40Z
48.495416,-121.122297,707.8,2022-10-16T02:23:41Z,4.435701
48.495422,-121.122239,704.0,2022-10-16T02:23:46Z
48.495414,-121.122293,705.0,2022-10-16T02:23:52Z
48.495393,-121.122260,704.0,2022-10-16T02:23:57Z
48.495370,-121.122285,705.2,2022-10-16T02:23:59Z,4.557946
48.495410,-121.122379,705.1,2022-10-16T02:24:07Z,4.419661
48.495397,-121.122417,704.0,2022-10-16T02:24:09Z
48.495421,-121.122460,706.0,2022-10-16T02:24:14Z
48.495379,-121.122540,702.0,2022-10-16T02:24:22Z
48.495345,-121.122553,702.0,2022-10-16T02:24:24Z
48.495289,-121.122491,700.0,2022-10-16T02:24:30Z
48.495225,-121.122358,696.0,2022-10-16T02:24:44Z
48.495192,-121.122387,695.0,2022-10-16T02:24:50Z
48.495201,-121.122341,696.0,2022-10-16T02:24:55Z
48.495140,-121.122383,696.0,2022-10-16T02:25:03Z
48.495141,-121.122283,698.0,2022-10-16T02:25:07Z
48.495079,-121.122296,696.0,2022-10-16T02:25:13Z
48.495003,-121.122329,697.5,2022-10-16T02:25:17Z,4.639984
48.495082,-121.122303,698.3,2022-10-16T02:25:18Z,4.535735
48.495055,-121.122361,693.0,2022-10-16T02:25:23Z
48.495039,-121.122330,696.0,2022-10-16T02:25:32Z
48.495052,-121.122300,696.0,2022-10-16T02:25:39Z
48.495083,-121.122338,696.0,2022-10-16T02:25:47Z
48.495089,-121.122384,696.5,2022-10-16T02:25:50Z,4.539345
48.495062,-121.122413,698.0,2022-10-16T02:25:52Z
48.495060,-121.122358,693.0,2022-10-16T02:25:58Z
48.495018,-121.122334,692.0,2022-10-16T02:26:06Z
48.495000,-121.122367,692.0,2022-10-16T02:26:10Z
48.494965,-121.122381,693.7,2022-10-16T02:26:12Z,4.522442
48.494976,-121.122312,692.0,2022-10-16T02:26:14Z
48.494923,-121.122247,690.0,2022-10-16T02:26:19Z
48.494892,-121.122289,688.0,2022-10-16T02:26:27Z
48.494936,-121.122294,693.0,2022-10-16T02:26:32Z
48.494923,-121.122356,696.0,2022-10-16T02:26:38Z
48.494900,-121.122379,696.2,2022-10-16T02:26:40Z,4.464071
48.494900,-121.122424,696.0,2022-10-16T02:26:43Z
48.494856,-121.122442,696.6,2022-10-16T02:26:45Z,4.543713
48.494894,-121.122415,688.0,2022-10-16T02:26:55Z
48.494908,-121.122304,686.7,2022-10-16T02:27:09Z,4.702306
48.494887,-121.122246,684.0,2022-10-16T02:27:13Z
48.494878,-121.122291,687.4,2022-10-16T02:27:15Z,7.320615
48.494850,-121.122343,685.6,2022-10-16T02:27:16Z,6.929053
48.494877,-121.122429,680.0,2022-10-16T02:27:20Z
48.494923,-121.122444,686.0,2022-10-16T02:27:27Z
48.494886,-121.122460,687.6,2022-10-16T02:27:29Z,4.882781
48.494854,-121.122431,688.0,2022-10-16T02:27:29Z
48.494826,-121.122365,686.0,2022-10-16T02:27:34Z
48.494803,-121.122512,687.8,2022-10-16T02:27:41Z,4.722445
48.494758,-121.122531,688.1,2022-10-16T02:27:42Z,4.792724
48.494777,-121.122494,686.0,2022-10-16T02:27:47Z
48.494831,-121.122449,689.1,2022-10-16T02:27:50Z,4.548202
48.494813,-121.122487,687.0,2022-10-16T02:27:52Z
48.494739,-121.122436,687.0,2022-10-16T02:27:57Z
48.494741,-121.122377,684.0,2022-10-16T02:28:00Z
48.494714,-121.122321,686.0,2022-10-16T02:28:03Z
48.494730,-121.122351,686.9,2022-10-16T02:28:04Z,4.551773
48.494715,-121.122439,684.0,2022-10-16T02:28:08Z
48.494652,-121.122386,682.0,2022-10-16T02:28:17Z
48.494614,-121.122422,684.4,2022-10-16T02:28:20Z,4.518130
48.494632,-121.122494,684.0,2022-10-16T02:28:24Z
48.494606,-121.122474,684.0,2022-10-16T02:28:27Z
48.494589,-121.122508,684.0,2022-10-16T02:28:30Z
48.494610,-121.122398,682.0,2022-10-16T02:28:39Z
48.494592,-121.122478,682.8,2022-10-16T02:28:42Z,4.499221
48.494587,-121.122418,679.0,2022-10-16T02:28:45Z
48.494554,-121.122389,680.0,2022-10-16T02:28:47Z
48.494535,-121.122337,680.0,2022-10-16T02:28:50Z
48.494500,-121.122297,678.0,2022-10-16T02:28:52Z
48.494496,-121.122336,678.0,2022-10-16T02:28:55Z
48.494480,-121.122365,678.0,2022-10-16T02:28:58Z
48.494489,-121.122414,680.0,2022-10-16T02:29:01Z
48.494473,-121.122513,679.0,2022-10-16T02:29:04Z
48.494444,-121.122462,678.0,2022-10-16T02:29:09Z
48.494372,-121.122472,678.0,2022-10-16T02:29:13Z
48.494363,-121.122501,679.0,2022-10-16T02:29:16Z
48.494388,-121.122530,678.0,2022-10-16T02:29:18Z
48.494395,-121.122579,679.0,2022-10-16T02:29:22Z
48.494376,-121.122698,676.0,2022-10-16T02:29:29Z
48.494354,-121.122740,678.8,2022-10-16T02:29:32Z,4.393542
48.494329,-121.122709,676.0,2022-10-16T02:29:34Z
48.494396,-121.122632,676.0,2022-10-16T02:29:38Z
48.494377,-121.122676,678.0,2022-10-16T02:29:40Z
48.494401,-121.122825,678.0,2022-10-16T02:29:42Z
48.494353,-121.122793,679.3,2022-10-16T02:29:44Z,4.305049
48.494284,-121.122766,678.4,2022-10-16T02:29:48Z,4.087671
48.494276,-121.122728,676.0,2022-10-16T02:29:50Z
48.494211,-121.122696,675.6,2022-10-16T02:29:57Z,4.424804
48.494162,-121.122706,674.0,2022-10-16T02:29:58Z
48.494173,-121.122719,673.0,2022-10-16T02:30:02Z
48.494159,-121.122676,670.0,2022-10-16T02:30:12Z
48.494125,-121.122782,669.0,2022-10-16T02:30:24Z
48.494102,-121.122716,665.0,2022-10-16T02:30:28Z
48.494066,-121.122740,668.0,2022-10-16T02:30:32Z
48.494040,-121.122851,662.1,2022-10-16T02:30:36Z,4.276518
48.494044,-121.122912,661.0,2022-10-16T02:30:40Z
48.494036,-121.122944,662.0,2022-10-16T02:30:43Z
48.493962,-121.122903,660.0,2022-10-16T02:30:49Z
48.493986,-121.123004,662.0,2022-10-16T02:30:56Z
48.494036,-121.123050,661.9,2022-10-16T02:30:57Z,4.135734
48.493998,-121.123076,662.0,2022-10-16T02:30:59Z
48.493947,-121.123074,660.0,2022-10-16T02:31:03Z
48.493876,-121.123039,661.0,2022-10-16T02:31:10Z
48.493854,-121.123009,660.0,2022-10-16T02:31:13Z
48.493806,-121.123054,660.0,2022-10-16T02:31:18Z
48.493757,-121.123075,662.0,2022-10-16T02:31:31Z
48.493778,-121.123104,665.2,2022-10-16T02:31:36Z,5.862711
48.493737,-121.123241,666.0,2022-10-16T02:31:39Z
48.493699,-121.123200,666.8,2022-10-16T02:31:41Z,4.430541
48.493713,-121.123147,665.7,2022-10-16T02:31:41Z,4.390725
48.493711,-121.123084,664.9,2022-10-16T02:31:42Z,4.406258
48.493697,-121.123055,664.7,2022-10-16T02:31:43Z,4.469887
48.493702,-121.123000,663.0,2022-10-16T02:31:45Z
48.493717,-121.123026,662.2,2022-10-16T02:31:47Z,4.339017
48.493714,-121.122990,660.0,2022-10-16T02:31:50Z
48.493710,-121.123046,657.0,2022-10-16T02:31:54Z
48.493725,-121.123083,657.0,2022-10-16T02:31:57Z
48.493678,-121.123125,658.1,2022-10-16T02:32:01Z,4.462373
48.493635,-121.123121,658.0,2022-10-16T02:32:03Z
48.493588,-121.123059,656.0,2022-10-16T02:32:10Z
48.493543,-121.123041,656.0,2022-10-16T02:32:15Z
48.493536,-121.123100,657.4,2022-10-16T02:32:19Z,4.268981
48.493550,-121.123060,656.0,2022-10-16T02:32:21Z
48.493513,-121.122980,656.0,2022-10-16T02:32:26Z
48.493487,-121.122988,656.0,2022-10-16T02:32:31Z
48.493496,-121.123072,658.0,2022-10-16T02:32:37Z
48.493515,-121.123108,659.0,2022-10-16T02:32:46Z
48.493384,-121.123287,660.9,2022-10-16T02:33:04Z,4.204114
48.493381,-121.123207,659.0,2022-10-16T02:33:07Z
48.493365,-121.123241,656.0,2022-10-16T02:33:09Z
48.493388,-121.123218,655.7,2022-10-16T02:33:11Z,4.275435
48.493362,-121.123235,655.0,2022-10-16T02:33:13Z
48.493316,-121.123226,656.0,2022-10-16T02:33:17Z
48.493329,-121.123308,653.0,2022-10-16T02:33:21Z
48.493279,-121.123247,655.0,2022-10-16T02:33:30Z
48.493250,-121.123280,653.0,2022-10-16T02:33:34Z
48.493230,-121.123247,648.0,2022-10-16T02:33:41Z
48.493220,-121.123321,652.0,2022-10-16T02:33:53Z
48.493197,-121.123292,654.0,2022-10-16T02:33:56Z
48.493173,-121.123341,653.0,2022-10-16T02:34:06Z
48.493201,-121.123308,656.8,2022-10-16T02:34:12Z,4.528620
48.493162,-121.123320,656.4,2022-10-16T02:34:13Z,4.429493
48.493150,-121.123345,654.0,2022-10-16T02:34:16Z
48.493095,-121.123326,656.0,2022-10-16T02:34:22Z
48.493055,-121.123289,648.0,2022-10-16T02:34:29Z
48.493070,-121.123324,656.0,2022-10-16T02:34:37Z
48.493009,-121.123285,658.0,2022-10-16T02:34:40Z
48.493037,-121.123401,652.0,2022-10-16T02:34:51Z
48.493018,-121.123429,654.0,2022-10-16T02:34:56Z
48.492911,-121.123387,655.0,2022-10-16T02:35:06Z
48.492903,-121.123347,655.0,2022-10-16T02:35:08Z
48.492912,-121.123313,654.0,2022-10-16T02:35:10Z
48.492871,-121.123281,651.0,2022-10-16T02:35:14Z
48.492861,-121.123162,653.0,2022-10-16T02:35:29Z
48.492886,-121.123144,655.0,2022-10-16T02:35:33Z
48.492902,-121.123074,657.0,2022-10-16T02:35:47Z
48.492862,-121.123181,655.0,2022-10-16T02:36:03Z
48.492837,-121.123195,655.0,2022-10-16T02:36:11Z
48.492800,-121.123166,650.0,2022-10-16T02:36:25Z
48.492840,-121.123219,659.6,2022-10-16T02:36:37Z,4.646631
48.492824,-121.123185,660.8,2022-10-16T02:36:38Z,4.563619
48.492847,-121.123225,653.0,2022-10-16T02:36:50Z
48.492824,-121.123196,655.0,2022-10-16T02:37:03Z
48.492800,-121.123137,656.0,2022-10-16T02:37:07Z
48.492809,-121.123036,654.0,2022-10-16T02:37:14Z
48.492790,-121.122983,654.0,2022-10-16T02:37:16Z
48.492803,-121.122946,656.0,2022-10-16T02:37:18Z
48.492786,-121.122782,655.0,2022-10-16T02:37:29Z
48.492768,-121.122756,656.4,2022-10-16T02:37:31Z,4.634877
48.492770,-121.122725,654.0,2022-10-16T02:37:33Z
48.492804,-121.122664,653.0,2022-10-16T02:37:38Z
48.492807,-121.122616,652.0,2022-10-16T02:37:41Z
48.492758,-121.122482,650.0,2022-10-16T02:37:50Z
48.492753,-121.122350,650.0,2022-10-16T02:38:02Z
48.492691,-121.122305,648.0,2022-10-16T02:38:09Z
48.492625,-121.122309,651.0,2022-10-16T02:38:16Z
48.492606,-121.122336,661.0,2022-10-16T02:38:55Z
48.492589,-121.122335,664.1,2022-10-16T02:39:13Z,4.699385
48.492653,-121.122388,660.0,2022-10-16T02:39:25Z
48.492607,-121.122343,660.0,2022-10-16T02:39:31Z
48.492637,-121.122349,660.0,2022-10-16T02:39:33Z
48.492564,-121.122323,656.0,2022-10-16T02:39:39Z
48.492606,-121.122363,657.0,2022-10-16T02:39:53Z
48.492609,-121.122330,660.0,2022-10-16T02:40:00Z
48.492539,-121.122306,663.3,2022-10-16T02:40:07Z,4.749965
48.492632,-121.122351,660.0,2022-10-16T02:40:24Z
48.492619,-121.122394,660.0,2022-10-16T02:40:31Z
48.492662,-121.122413,660.0,2022-10-16T02:40:45Z
48.492690,-121.122354,662.0,2022-10-16T02:40:52Z
48.492659,-121.122338,646.0,2022-10-16T02:41:12Z
48.492615,-121.122335,656.0,2022-10-16T02:41:33Z
48.492587,-121.122318,660.0,2022-10-16T02:41:37Z
48.492619,-121.122344,661.0,2022-10-16T02:41:41Z
48.492610,-121.122398,661.0,2022-10-16T02:41:49Z
48.492632,-121.122362,660.0,2022-10-16T02:41:58Z
48.492608,-121.122340,660.0,2022-10-16T02:42:03Z
48.492585,-121.122361,661.0,2022-10-16T02:42:25Z
48.492588,-121.122397,660.0,2022-10-16T02:42:38Z
48.492572,-121.122378,661.0,2022-10-16T02:42:44Z
48.492606,-121.122422,659.0,2022-10-16T02:42:49Z
48.492580,-121.122443,662.0,2022-10-16T02:42:54Z
48.492667,-121.122406,663.0,2022-10-16T02:42:57Z,4.805369
48.492703,-121.122419,663.0,2022-10-16T02:42:59Z
48.492646,-121.122478,660.0,2022-10-16T02:43:03Z
48.492625,-121.122418,660.0,2022-10-16T02:43:06Z
48.492632,-121.122383,659.0,2022-10-16T02:43:10Z
48.492618,-121.122343,661.0,2022-10-16T02:43:17Z
48.492664,-121.122398,662.8,2022-10-16T02:43:20Z,5.785510
48.492663,-121.122379,660.0,2022-10-16T02:43:22Z
48.492617,-121.122389,661.5,2022-10-16T02:43:26Z,5.051933
48.492508,-121.122329,661.0,2022-10-16T02:43:29Z
48.492573,-121.122377,657.0,2022-10-16T02:43:40Z
48.492510,-121.122387,660.9,2022-10-16T02:43:48Z,4.841410
48.492570,-121.122355,663.0,2022-10-16T02:43:59Z
48.492626,-121.122388,660.0,2022-10-16T02:44:21Z
48.492678,-121.122440,662.0,2022-10-16T02:44:37Z
48.492643,-121.122461,660.0,2022-10-16T02:44:40Z
48.492601,-121.122420,659.0,2022-10-16T02:44:45Z
48.492595,-121.122394,659.0,2022-10-16T02:45:00Z
48.492654,-121.122409,661.0,2022-10-16T02:45:14Z
48.492663,-121.122376,660.0,2022-10-16T02:45:16Z
48.492609,-121.122338,663.0,2022-10-16T02:45:48Z
48.492610,-121.122355,665.0,2022-10-16T02:45:54Z
48.492591,-121.122354,657.0,2022-10-16T02:46:03Z
48.492540,-121.122313,656.0,2022-10-16T02:46:38Z
48.492486,-121.122232,663.0,2022-10-16T02:47:03Z
48.492632,-121.122284,672.0,2022-10-16T02:47:27Z
48.492563,-121.122272,671.0,2022-10-16T02:47:34Z
48.492619,-121.122314,669.0,2022-10-16T02:47:37Z
48.492653,-121.122319,668.0,2022-10-16T02:47:40Z
48.492658,-121.122357,667.0,2022-10-16T02:47:43Z
48.492610,-121.122342,665.0,2022-10-16T02:47:52Z
48.492578,-121.122318,664.0,2022-10-16T02:48:01Z
48.492606,-121.122315,661.0,2022-10-16T02:48:15Z
48.492628,-121.122290,661.0,2022-10-16T02:48:22Z
48.492623,-121.122360,656.0,2022-10-16T02:48:46Z
48.492586,-121.122323,657.0,2022-10-16T02:48:49Z
48.492625,-121.122374,654.0,2022-10-16T02:48:57Z
48.492593,-121.122376,660.0,2022-10-16T02:49:14Z
48.492643,-121.122411,660.0,2022-10-16T02:49:57Z
48.492623,-121.122309,662.6,2022-10-16T02:50:14Z,4.732984
48.492602,-121.122277,662.8,2022-10-16T02:50:15Z,4.791313
48.492599,-121.122197,657.0,2022-10-16T02:50:22Z
48.492641,-121.122149,660.0,2022-10-16T02:50:29Z
48.492742,-121.122331,664.7,2022-10-16T02:50:34Z,4.953104
48.492749,-121.122442,664.2,2022-10-16T02:50:36Z,5.325259
48.492771,-121.122494,664.1,2022-10-16T02:50:37Z,5.587019
48.492789,-121.122647,663.3,2022-10-16T02:50:39Z,7.002858
48.492771,-121.122935,661.6,2022-10-16T02:50:42Z,5.847959
48.492775,-121.123020,661.3,2022-10-16T02:50:43Z,6.143196
48.492792,-121.123112,661.4,2022-10-16T02:50:44Z,6.611333
48.492772,-121.123144,661.0,2022-10-16T02:50:45Z,6.091459
48.492781,-121.123212,660.7,2022-10-16T02:50:46Z,6.447922
48.492776,-121.123295,661.1,2022-10-16T02:50:47Z,5.642174
48.492748,-121.123321,660.9,2022-10-16T02:50:48Z,5.152197
48.492745,-121.123460,661.9,2022-10-16T02:50:50Z,5.137286
48.492758,-121.123595,662.0,2022-10-16T02:50:52Z,4.993396
48.492740,-121.123646,661.8,2022-10-16T02:50:53Z,4.940303
48.492746,-121.123870,662.2,2022-10-16T02:50:56Z,5.384373
48.492728,-121.124108,662.6,2022-10-16T02:50:59Z,6.408966
48.492730,-121.124188,662.5,2022-10-16T02:51:00Z,6.517380
48.492675,-121.124269,662.1,2022-10-16T02:51:01Z,6.936490
