<?xml version="1.0" ?><gpx xmlns="http://www.topografix.com/GPX/1/1" creator="GaiaGPS" version="1.1" xmlns:xsi="http://www.w3.org/2001/XMLSchema-instance" xsi:schemaLocation="http://www.topografix.com/GPX/1/1 http://www.topografix.com/GPX/1/1/gpx.xsd"><trk><name>Track (2/10/24, 12:04:20PM)</name><desc></desc><extensions><line xmlns="http://www.topografix.com/GPX/gpx_style/0/2"><color>F42410</color></line></extensions><trkseg><trkpt lat="47.488619" lon="-121.723214"><ele>206.6</ele><time>2024-02-10T20:04:21Z</time></trkpt><trkpt lat="47.488713" lon="-121.723206"><ele>206.8</ele><time>2024-02-10T20:04:30Z</time></trkpt><trkpt lat="47.48873" lon="-121.723195"><ele>205.9</ele><time>2024-02-10T20:04:30Z</time></trkpt><trkpt lat="47.488789" lon="-121.723151"><ele>204.0</ele><time>2024-02-10T20:04:35Z</time></trkpt><trkpt lat="47.488888" lon="-121.723018"><ele>206.6</ele><time>2024-02-10T20:04:44Z</time></trkpt><trkpt lat="47.488961" lon="-121.722974"><ele>205.0</ele><time>2024-02-10T20:04:54Z</time></trkpt><trkpt lat="47.489001" lon="-121.722969"><ele>204.0</ele><time>2024-02-10T20:04:58Z</time></trkpt><trkpt lat="47.489039" lon="-121.722991"><ele>205.0</ele><time>2024-02-10T20:05:02Z</time></trkpt><trkpt lat="47.489156" lon="-121.723141"><ele>206.0</ele><time>2024-02-10T20:05:14Z</time></trkpt><trkpt lat="47.489252" lon="-121.723209"><ele>207.9</ele><time>2024-02-10T20:05:23Z</time></trkpt><trkpt lat="47.489311" lon="-121.723227"><ele>206.0</ele><time>2024-02-10T20:05:30Z</time></trkpt><trkpt lat="47.489394" lon="-121.723221"><ele>205.0</ele><time>2024-02-10T20:05:38Z</time></trkpt><trkpt lat="47.489429" lon="-121.723203"><ele>209.0</ele><time>2024-02-10T20:05:44Z</time></trkpt><trkpt lat="47.489471" lon="-121.723153"><ele>212.0</ele><time>2024-02-10T20:05:54Z</time></trkpt><trkpt lat="47.489568" lon="-121.723074"><ele>213.0</ele><time>2024-02-10T20:06:04Z</time></trkpt><trkpt lat="47.489653" lon="-121.723054"><ele>216.6</ele><time>2024-02-10T20:06:12Z</time></trkpt><trkpt lat="47.489707" lon="-121.723077"><ele>216.0</ele><time>2024-02-10T20:06:23Z</time></trkpt><trkpt lat="47.489758" lon="-121.723136"><ele>217.0</ele><time>2024-02-10T20:06:32Z</time></trkpt><trkpt lat="47.489785" lon="-121.723201"><ele>219.0</ele><time>2024-02-10T20:06:38Z</time></trkpt><trkpt lat="47.489807" lon="-121.723297"><ele>220.0</ele><time>2024-02-10T20:06:45Z</time></trkpt><trkpt lat="47.489828" lon="-121.723509"><ele>224.0</ele><time>2024-02-10T20:07:00Z</time></trkpt><trkpt lat="47.489836" lon="-121.723745"><ele>225.0</ele><time>2024-02-10T20:07:21Z</time></trkpt><trkpt lat="47.489866" lon="-121.723813"><ele>228.0</ele><time>2024-02-10T20:07:31Z</time></trkpt><trkpt lat="47.489851" lon="-121.723889"><ele>228.0</ele><time>2024-02-10T20:07:36Z</time></trkpt><trkpt lat="47.489877" lon="-121.723919"><ele>228.0</ele><time>2024-02-10T20:07:38Z</time></trkpt><trkpt lat="47.489909" lon="-121.723933"><ele>227.0</ele><time>2024-02-10T20:07:40Z</time></trkpt><trkpt lat="47.489922" lon="-121.723888"><ele>229.8</ele><time>2024-02-10T20:07:41Z</time></trkpt><trkpt lat="47.489903" lon="-121.723799"><ele>227.0</ele><time>2024-02-10T20:07:51Z</time></trkpt><trkpt lat="47.490131" lon="-121.723454"><ele>229.0</ele><time>2024-02-10T20:09:44Z</time></trkpt><trkpt lat="47.490168" lon="-121.723362"><ele>231.0</ele><time>2024-02-10T20:09:51Z</time></trkpt><trkpt lat="47.490227" lon="-121.723128"><ele>236.0</ele><time>2024-02-10T20:10:12Z</time></trkpt><trkpt lat="47.490281" lon="-121.722987"><ele>236.0</ele><time>2024-02-10T20:10:19Z</time></trkpt><trkpt lat="47.490303" lon="-121.722952"><ele>236.0</ele><time>2024-02-10T20:10:22Z</time></trkpt><trkpt lat="47.490344" lon="-121.722919"><ele>236.0</ele><time>2024-02-10T20:10:24Z</time></trkpt><trkpt lat="47.490382" lon="-121.722917"><ele>236.0</ele><time>2024-02-10T20:10:33Z</time></trkpt><trkpt lat="47.490386" lon="-121.722889"><ele>237.0</ele><time>2024-02-10T20:10:39Z</time></trkpt><trkpt lat="47.490465" lon="-121.72319"><ele>243.0</ele><time>2024-02-10T20:11:04Z</time></trkpt><trkpt lat="47.490563" lon="-121.723461"><ele>247.0</ele><time>2024-02-10T20:11:30Z</time></trkpt><trkpt lat="47.490565" lon="-121.723499"><ele>248.6</ele><time>2024-02-10T20:11:31Z</time></trkpt><trkpt lat="47.490607" lon="-121.723597"><ele>248.0</ele><time>2024-02-10T20:11:40Z</time></trkpt><trkpt lat="47.490634" lon="-121.723648"><ele>250.0</ele><time>2024-02-10T20:11:44Z</time></trkpt><trkpt lat="47.490604" lon="-121.723579"><ele>249.0</ele><time>2024-02-10T20:11:49Z</time></trkpt><trkpt lat="47.490662" lon="-121.723704"><ele>251.0</ele><time>2024-02-10T20:12:08Z</time></trkpt><trkpt lat="47.490689" lon="-121.723737"><ele>253.5</ele><time>2024-02-10T20:12:13Z</time></trkpt><trkpt lat="47.490804" lon="-121.723788"><ele>255.0</ele><time>2024-02-10T20:12:26Z</time></trkpt><trkpt lat="47.490769" lon="-121.723774"><ele>254.0</ele><time>2024-02-10T20:12:30Z</time></trkpt><trkpt lat="47.490854" lon="-121.723817"><ele>256.0</ele><time>2024-02-10T20:12:38Z</time></trkpt><trkpt lat="47.490897" lon="-121.723851"><ele>256.0</ele><time>2024-02-10T20:12:43Z</time></trkpt><trkpt lat="47.490963" lon="-121.72396"><ele>260.5</ele><time>2024-02-10T20:12:57Z</time></trkpt><trkpt lat="47.491008" lon="-121.724093"><ele>261.0</ele><time>2024-02-10T20:13:05Z</time></trkpt><trkpt lat="47.491032" lon="-121.724255"><ele>264.0</ele><time>2024-02-10T20:13:17Z</time></trkpt><trkpt lat="47.491027" lon="-121.724626"><ele>266.0</ele><time>2024-02-10T20:13:42Z</time></trkpt><trkpt lat="47.491036" lon="-121.724698"><ele>268.0</ele><time>2024-02-10T20:13:50Z</time></trkpt><trkpt lat="47.491026" lon="-121.725386"><ele>276.0</ele><time>2024-02-10T20:14:41Z</time></trkpt><trkpt lat="47.491035" lon="-121.725488"><ele>278.0</ele><time>2024-02-10T20:14:51Z</time></trkpt><trkpt lat="47.491034" lon="-121.725966"><ele>281.0</ele><time>2024-02-10T20:15:31Z</time></trkpt><trkpt lat="47.491016" lon="-121.726193"><ele>284.0</ele><time>2024-02-10T20:15:48Z</time></trkpt><trkpt lat="47.491009" lon="-121.72686"><ele>289.0</ele><time>2024-02-10T20:16:34Z</time></trkpt><trkpt lat="47.491045" lon="-121.726961"><ele>290.9</ele><time>2024-02-10T20:16:41Z</time></trkpt><trkpt lat="47.491041" lon="-121.72692"><ele>290.0</ele><time>2024-02-10T20:16:44Z</time></trkpt><trkpt lat="47.491073" lon="-121.726898"><ele>288.0</ele><time>2024-02-10T20:16:48Z</time></trkpt><trkpt lat="47.491131" lon="-121.726803"><ele>290.0</ele><time>2024-02-10T20:16:57Z</time></trkpt><trkpt lat="47.491184" lon="-121.726785"><ele>289.0</ele><time>2024-02-10T20:17:08Z</time></trkpt><trkpt lat="47.491216" lon="-121.726817"><ele>295.0</ele><time>2024-02-10T20:17:23Z</time></trkpt><trkpt lat="47.491306" lon="-121.727173"><ele>305.0</ele><time>2024-02-10T20:18:02Z</time></trkpt><trkpt lat="47.491388" lon="-121.727399"><ele>309.0</ele><time>2024-02-10T20:18:26Z</time></trkpt><trkpt lat="47.491421" lon="-121.727637"><ele>312.0</ele><time>2024-02-10T20:19:01Z</time></trkpt><trkpt lat="47.49141" lon="-121.727589"><ele>317.0</ele><time>2024-02-10T20:19:50Z</time></trkpt><trkpt lat="47.491354" lon="-121.727574"><ele>322.0</ele><time>2024-02-10T20:20:18Z</time></trkpt><trkpt lat="47.491397" lon="-121.727604"><ele>317.0</ele><time>2024-02-10T20:20:38Z</time></trkpt><trkpt lat="47.491395" lon="-121.727647"><ele>318.0</ele><time>2024-02-10T20:20:44Z</time></trkpt><trkpt lat="47.491429" lon="-121.727579"><ele>316.0</ele><time>2024-02-10T20:21:34Z</time></trkpt><trkpt lat="47.491465" lon="-121.72754"><ele>317.0</ele><time>2024-02-10T20:21:44Z</time></trkpt><trkpt lat="47.491455" lon="-121.727593"><ele>318.0</ele><time>2024-02-10T20:21:53Z</time></trkpt><trkpt lat="47.491404" lon="-121.72758"><ele>315.0</ele><time>2024-02-10T20:22:17Z</time></trkpt><trkpt lat="47.49137" lon="-121.727603"><ele>315.0</ele><time>2024-02-10T20:22:45Z</time></trkpt><trkpt lat="47.491417" lon="-121.727618"><ele>299.0</ele><time>2024-02-10T20:23:25Z</time></trkpt><trkpt lat="47.491433" lon="-121.727703"><ele>315.0</ele><time>2024-02-10T20:24:03Z</time></trkpt><trkpt lat="47.491427" lon="-121.727763"><ele>315.0</ele><time>2024-02-10T20:24:08Z</time></trkpt><trkpt lat="47.491452" lon="-121.727792"><ele>318.0</ele><time>2024-02-10T20:24:12Z</time></trkpt><trkpt lat="47.491458" lon="-121.727838"><ele>318.0</ele><time>2024-02-10T20:24:15Z</time></trkpt><trkpt lat="47.491445" lon="-121.727903"><ele>318.0</ele><time>2024-02-10T20:24:18Z</time></trkpt><trkpt lat="47.491466" lon="-121.728013"><ele>322.0</ele><time>2024-02-10T20:24:33Z</time></trkpt><trkpt lat="47.491476" lon="-121.728121"><ele>320.0</ele><time>2024-02-10T20:24:39Z</time></trkpt><trkpt lat="47.491471" lon="-121.728149"><ele>323.0</ele><time>2024-02-10T20:24:41Z</time></trkpt><trkpt lat="47.491498" lon="-121.728235"><ele>324.0</ele><time>2024-02-10T20:24:47Z</time></trkpt><trkpt lat="47.491545" lon="-121.728323"><ele>325.0</ele><time>2024-02-10T20:25:05Z</time></trkpt><trkpt lat="47.491666" lon="-121.728392"><ele>333.0</ele><time>2024-02-10T20:25:27Z</time></trkpt><trkpt lat="47.491729" lon="-121.728392"><ele>336.0</ele><time>2024-02-10T20:25:42Z</time></trkpt><trkpt lat="47.491749" lon="-121.728428"><ele>338.0</ele><time>2024-02-10T20:25:46Z</time></trkpt><trkpt lat="47.491729" lon="-121.728397"><ele>337.0</ele><time>2024-02-10T20:25:49Z</time></trkpt><trkpt lat="47.491802" lon="-121.728314"><ele>341.0</ele><time>2024-02-10T20:26:00Z</time></trkpt><trkpt lat="47.491785" lon="-121.728352"><ele>339.0</ele><time>2024-02-10T20:26:07Z</time></trkpt><trkpt lat="47.491824" lon="-121.728296"><ele>344.0</ele><time>2024-02-10T20:26:17Z</time></trkpt><trkpt lat="47.491882" lon="-121.728082"><ele>346.0</ele><time>2024-02-10T20:26:32Z</time></trkpt><trkpt lat="47.491931" lon="-121.727979"><ele>345.0</ele><time>2024-02-10T20:26:41Z</time></trkpt><trkpt lat="47.492009" lon="-121.727895"><ele>345.0</ele><time>2024-02-10T20:26:50Z</time></trkpt><trkpt lat="47.491993" lon="-121.727923"><ele>343.0</ele><time>2024-02-10T20:26:56Z</time></trkpt><trkpt lat="47.492047" lon="-121.727869"><ele>350.0</ele><time>2024-02-10T20:27:03Z</time></trkpt><trkpt lat="47.492154" lon="-121.727804"><ele>351.0</ele><time>2024-02-10T20:27:12Z</time></trkpt><trkpt lat="47.492205" lon="-121.727745"><ele>352.0</ele><time>2024-02-10T20:27:20Z</time></trkpt><trkpt lat="47.492258" lon="-121.727658"><ele>354.0</ele><time>2024-02-10T20:27:30Z</time></trkpt><trkpt lat="47.492327" lon="-121.727488"><ele>357.0</ele><time>2024-02-10T20:27:41Z</time></trkpt><trkpt lat="47.492253" lon="-121.727656"><ele>354.0</ele><time>2024-02-10T20:28:42Z</time></trkpt><trkpt lat="47.492306" lon="-121.727534"><ele>354.0</ele><time>2024-02-10T20:29:01Z</time></trkpt><trkpt lat="47.4923" lon="-121.727567"><ele>352.0</ele><time>2024-02-10T20:29:15Z</time></trkpt><trkpt lat="47.492327" lon="-121.727513"><ele>350.0</ele><time>2024-02-10T20:29:39Z</time></trkpt><trkpt lat="47.492358" lon="-121.727357"><ele>356.0</ele><time>2024-02-10T20:29:55Z</time></trkpt><trkpt lat="47.492375" lon="-121.727313"><ele>355.0</ele><time>2024-02-10T20:29:58Z</time></trkpt><trkpt lat="47.492416" lon="-121.727285"><ele>356.0</ele><time>2024-02-10T20:30:03Z</time></trkpt><trkpt lat="47.492527" lon="-121.72701"><ele>362.0</ele><time>2024-02-10T20:30:22Z</time></trkpt><trkpt lat="47.492568" lon="-121.726951"><ele>362.0</ele><time>2024-02-10T20:30:26Z</time></trkpt><trkpt lat="47.492633" lon="-121.726936"><ele>362.0</ele><time>2024-02-10T20:30:35Z</time></trkpt><trkpt lat="47.492686" lon="-121.726805"><ele>367.3</ele><time>2024-02-10T20:30:44Z</time></trkpt><trkpt lat="47.492724" lon="-121.726805"><ele>366.6</ele><time>2024-02-10T20:30:45Z</time></trkpt><trkpt lat="47.492726" lon="-121.726772"><ele>366.5</ele><time>2024-02-10T20:30:46Z</time></trkpt><trkpt lat="47.492747" lon="-121.726738"><ele>366.0</ele><time>2024-02-10T20:30:48Z</time></trkpt><trkpt lat="47.492762" lon="-121.726853"><ele>367.4</ele><time>2024-02-10T20:30:55Z</time></trkpt><trkpt lat="47.492754" lon="-121.726894"><ele>368.1</ele><time>2024-02-10T20:30:56Z</time></trkpt><trkpt lat="47.492705" lon="-121.726944"><ele>368.0</ele><time>2024-02-10T20:30:59Z</time></trkpt><trkpt lat="47.492692" lon="-121.726978"><ele>369.0</ele><time>2024-02-10T20:31:02Z</time></trkpt><trkpt lat="47.49269" lon="-121.727026"><ele>369.5</ele><time>2024-02-10T20:31:04Z</time></trkpt><trkpt lat="47.492669" lon="-121.727072"><ele>368.0</ele><time>2024-02-10T20:31:08Z</time></trkpt><trkpt lat="47.492634" lon="-121.727542"><ele>373.0</ele><time>2024-02-10T20:31:43Z</time></trkpt><trkpt lat="47.492649" lon="-121.727752"><ele>373.0</ele><time>2024-02-10T20:31:57Z</time></trkpt><trkpt lat="47.492692" lon="-121.727965"><ele>378.0</ele><time>2024-02-10T20:32:14Z</time></trkpt><trkpt lat="47.492712" lon="-121.72802"><ele>380.0</ele><time>2024-02-10T20:32:18Z</time></trkpt><trkpt lat="47.492755" lon="-121.728075"><ele>378.0</ele><time>2024-02-10T20:32:26Z</time></trkpt><trkpt lat="47.492786" lon="-121.728143"><ele>382.0</ele><time>2024-02-10T20:32:33Z</time></trkpt><trkpt lat="47.492816" lon="-121.728172"><ele>381.0</ele><time>2024-02-10T20:32:35Z</time></trkpt><trkpt lat="47.492858" lon="-121.728194"><ele>384.1</ele><time>2024-02-10T20:32:37Z</time></trkpt><trkpt lat="47.492874" lon="-121.728146"><ele>382.0</ele><time>2024-02-10T20:32:40Z</time></trkpt><trkpt lat="47.492869" lon="-121.728096"><ele>386.0</ele><time>2024-02-10T20:32:46Z</time></trkpt><trkpt lat="47.492965" lon="-121.728211"><ele>389.6</ele><time>2024-02-10T20:32:57Z</time></trkpt><trkpt lat="47.493076" lon="-121.728285"><ele>392.0</ele><time>2024-02-10T20:33:08Z</time></trkpt><trkpt lat="47.493122" lon="-121.72834"><ele>392.0</ele><time>2024-02-10T20:33:11Z</time></trkpt><trkpt lat="47.493031" lon="-121.728553"><ele>395.0</ele><time>2024-02-10T20:33:23Z</time></trkpt><trkpt lat="47.493035" lon="-121.72863"><ele>396.0</ele><time>2024-02-10T20:33:29Z</time></trkpt><trkpt lat="47.493067" lon="-121.728818"><ele>400.0</ele><time>2024-02-10T20:33:45Z</time></trkpt><trkpt lat="47.493066" lon="-121.728917"><ele>402.0</ele><time>2024-02-10T20:33:52Z</time></trkpt><trkpt lat="47.49308" lon="-121.728984"><ele>403.0</ele><time>2024-02-10T20:33:58Z</time></trkpt><trkpt lat="47.493107" lon="-121.729526"><ele>411.0</ele><time>2024-02-10T20:34:46Z</time></trkpt><trkpt lat="47.493125" lon="-121.729614"><ele>411.6</ele><time>2024-02-10T20:34:51Z</time></trkpt><trkpt lat="47.493302" lon="-121.730124"><ele>418.0</ele><time>2024-02-10T20:35:37Z</time></trkpt><trkpt lat="47.493342" lon="-121.730354"><ele>422.0</ele><time>2024-02-10T20:35:53Z</time></trkpt><trkpt lat="47.493351" lon="-121.730271"><ele>423.7</ele><time>2024-02-10T20:35:58Z</time></trkpt><trkpt lat="47.49337" lon="-121.73024"><ele>421.0</ele><time>2024-02-10T20:36:00Z</time></trkpt><trkpt lat="47.493373" lon="-121.730273"><ele>422.0</ele><time>2024-02-10T20:36:03Z</time></trkpt><trkpt lat="47.493342" lon="-121.730349"><ele>424.0</ele><time>2024-02-10T20:36:08Z</time></trkpt><trkpt lat="47.493354" lon="-121.730663"><ele>426.0</ele><time>2024-02-10T20:36:37Z</time></trkpt><trkpt lat="47.493331" lon="-121.73101"><ele>432.3</ele><time>2024-02-10T20:37:00Z</time></trkpt><trkpt lat="47.493336" lon="-121.730966"><ele>432.1</ele><time>2024-02-10T20:37:02Z</time></trkpt><trkpt lat="47.493247" lon="-121.731508"><ele>430.0</ele><time>2024-02-10T20:37:46Z</time></trkpt><trkpt lat="47.493251" lon="-121.731652"><ele>431.0</ele><time>2024-02-10T20:37:53Z</time></trkpt><trkpt lat="47.493239" lon="-121.731906"><ele>432.0</ele><time>2024-02-10T20:38:11Z</time></trkpt><trkpt lat="47.493178" lon="-121.732582"><ele>443.7</ele><time>2024-02-10T20:38:59Z</time></trkpt><trkpt lat="47.493129" lon="-121.732884"><ele>445.0</ele><time>2024-02-10T20:39:23Z</time></trkpt><trkpt lat="47.493038" lon="-121.733309"><ele>450.0</ele><time>2024-02-10T20:39:51Z</time></trkpt><trkpt lat="47.492896" lon="-121.733722"><ele>456.3</ele><time>2024-02-10T20:40:21Z</time></trkpt><trkpt lat="47.492775" lon="-121.734008"><ele>458.0</ele><time>2024-02-10T20:40:47Z</time></trkpt><trkpt lat="47.492633" lon="-121.734293"><ele>458.0</ele><time>2024-02-10T20:41:10Z</time></trkpt><trkpt lat="47.492512" lon="-121.734507"><ele>460.0</ele><time>2024-02-10T20:41:29Z</time></trkpt><trkpt lat="47.492325" lon="-121.734899"><ele>462.0</ele><time>2024-02-10T20:42:01Z</time></trkpt><trkpt lat="47.492258" lon="-121.73502"><ele>465.0</ele><time>2024-02-10T20:42:10Z</time></trkpt><trkpt lat="47.492174" lon="-121.735218"><ele>466.3</ele><time>2024-02-10T20:42:29Z</time></trkpt><trkpt lat="47.492154" lon="-121.735303"><ele>464.0</ele><time>2024-02-10T20:42:34Z</time></trkpt><trkpt lat="47.492146" lon="-121.735391"><ele>462.0</ele><time>2024-02-10T20:42:41Z</time></trkpt><trkpt lat="47.492181" lon="-121.735628"><ele>468.0</ele><time>2024-02-10T20:42:59Z</time></trkpt><trkpt lat="47.492202" lon="-121.735672"><ele>468.0</ele><time>2024-02-10T20:43:01Z</time></trkpt><trkpt lat="47.492256" lon="-121.73587"><ele>471.0</ele><time>2024-02-10T20:43:18Z</time></trkpt><trkpt lat="47.492319" lon="-121.735995"><ele>473.0</ele><time>2024-02-10T20:43:33Z</time></trkpt><trkpt lat="47.492345" lon="-121.736107"><ele>476.0</ele><time>2024-02-10T20:43:41Z</time></trkpt><trkpt lat="47.492362" lon="-121.736146"><ele>478.0</ele><time>2024-02-10T20:43:47Z</time></trkpt><trkpt lat="47.492416" lon="-121.736448"><ele>481.4</ele><time>2024-02-10T20:44:14Z</time></trkpt><trkpt lat="47.492449" lon="-121.736553"><ele>481.0</ele><time>2024-02-10T20:44:19Z</time></trkpt><trkpt lat="47.492502" lon="-121.736614"><ele>483.0</ele><time>2024-02-10T20:44:34Z</time></trkpt><trkpt lat="47.492512" lon="-121.736773"><ele>484.0</ele><time>2024-02-10T20:44:45Z</time></trkpt><trkpt lat="47.49249" lon="-121.736817"><ele>490.0</ele><time>2024-02-10T20:45:06Z</time></trkpt><trkpt lat="47.492468" lon="-121.736815"><ele>489.0</ele><time>2024-02-10T20:45:13Z</time></trkpt><trkpt lat="47.492466" lon="-121.736887"><ele>490.0</ele><time>2024-02-10T20:45:18Z</time></trkpt><trkpt lat="47.49251" lon="-121.737032"><ele>485.0</ele><time>2024-02-10T20:45:28Z</time></trkpt><trkpt lat="47.492491" lon="-121.737081"><ele>487.8</ele><time>2024-02-10T20:45:31Z</time></trkpt><trkpt lat="47.492462" lon="-121.737095"><ele>484.0</ele><time>2024-02-10T20:45:36Z</time></trkpt><trkpt lat="47.492501" lon="-121.737221"><ele>483.0</ele><time>2024-02-10T20:45:48Z</time></trkpt><trkpt lat="47.492466" lon="-121.737207"><ele>483.0</ele><time>2024-02-10T20:45:53Z</time></trkpt><trkpt lat="47.492455" lon="-121.73723"><ele>484.0</ele><time>2024-02-10T20:45:56Z</time></trkpt><trkpt lat="47.492454" lon="-121.73744"><ele>477.0</ele><time>2024-02-10T20:46:16Z</time></trkpt><trkpt lat="47.492477" lon="-121.737489"><ele>484.0</ele><time>2024-02-10T20:46:21Z</time></trkpt><trkpt lat="47.49244" lon="-121.737468"><ele>485.0</ele><time>2024-02-10T20:46:26Z</time></trkpt><trkpt lat="47.492412" lon="-121.737407"><ele>485.0</ele><time>2024-02-10T20:46:35Z</time></trkpt><trkpt lat="47.492445" lon="-121.737557"><ele>483.0</ele><time>2024-02-10T20:46:51Z</time></trkpt><trkpt lat="47.492408" lon="-121.7376"><ele>480.0</ele><time>2024-02-10T20:47:02Z</time></trkpt><trkpt lat="47.49243" lon="-121.737554"><ele>477.0</ele><time>2024-02-10T20:47:16Z</time></trkpt><trkpt lat="47.492446" lon="-121.737595"><ele>484.0</ele><time>2024-02-10T20:47:29Z</time></trkpt><trkpt lat="47.492405" lon="-121.737541"><ele>484.0</ele><time>2024-02-10T20:47:36Z</time></trkpt><trkpt lat="47.492415" lon="-121.737576"><ele>484.0</ele><time>2024-02-10T20:47:47Z</time></trkpt><trkpt lat="47.492393" lon="-121.737629"><ele>486.0</ele><time>2024-02-10T20:47:59Z</time></trkpt><trkpt lat="47.492425" lon="-121.737473"><ele>486.0</ele><time>2024-02-10T20:48:31Z</time></trkpt><trkpt lat="47.492401" lon="-121.737515"><ele>486.0</ele><time>2024-02-10T20:48:35Z</time></trkpt><trkpt lat="47.492423" lon="-121.737579"><ele>481.0</ele><time>2024-02-10T20:48:56Z</time></trkpt><trkpt lat="47.492467" lon="-121.737544"><ele>483.5</ele><time>2024-02-10T20:49:01Z</time></trkpt><trkpt lat="47.492442" lon="-121.737523"><ele>484.0</ele><time>2024-02-10T20:49:03Z</time></trkpt><trkpt lat="47.492387" lon="-121.737407"><ele>491.1</ele><time>2024-02-10T20:49:20Z</time></trkpt><trkpt lat="47.492394" lon="-121.737476"><ele>489.0</ele><time>2024-02-10T20:49:27Z</time></trkpt><trkpt lat="47.492411" lon="-121.737375"><ele>486.0</ele><time>2024-02-10T20:49:43Z</time></trkpt><trkpt lat="47.492371" lon="-121.737477"><ele>486.0</ele><time>2024-02-10T20:49:47Z</time></trkpt><trkpt lat="47.492408" lon="-121.737495"><ele>486.4</ele><time>2024-02-10T20:49:49Z</time></trkpt><trkpt lat="47.492414" lon="-121.73754"><ele>483.0</ele><time>2024-02-10T20:49:53Z</time></trkpt><trkpt lat="47.492429" lon="-121.737568"><ele>485.0</ele><time>2024-02-10T20:50:02Z</time></trkpt><trkpt lat="47.492422" lon="-121.737538"><ele>486.5</ele><time>2024-02-10T20:50:05Z</time></trkpt><trkpt lat="47.492431" lon="-121.737461"><ele>485.0</ele><time>2024-02-10T20:50:08Z</time></trkpt><trkpt lat="47.492448" lon="-121.737415"><ele>485.0</ele><time>2024-02-10T20:50:12Z</time></trkpt><trkpt lat="47.492427" lon="-121.737382"><ele>483.0</ele><time>2024-02-10T20:50:16Z</time></trkpt><trkpt lat="47.492389" lon="-121.737365"><ele>484.1</ele><time>2024-02-10T20:50:26Z</time></trkpt><trkpt lat="47.492423" lon="-121.737337"><ele>484.0</ele><time>2024-02-10T20:50:31Z</time></trkpt><trkpt lat="47.492429" lon="-121.73738"><ele>485.5</ele><time>2024-02-10T20:50:39Z</time></trkpt><trkpt lat="47.492437" lon="-121.737325"><ele>485.0</ele><time>2024-02-10T20:50:46Z</time></trkpt><trkpt lat="47.492469" lon="-121.7374"><ele>485.9</ele><time>2024-02-10T20:50:52Z</time></trkpt><trkpt lat="47.492477" lon="-121.737449"><ele>484.0</ele><time>2024-02-10T20:50:55Z</time></trkpt><trkpt lat="47.492459" lon="-121.737425"><ele>484.0</ele><time>2024-02-10T20:51:57Z</time></trkpt><trkpt lat="47.492469" lon="-121.737463"><ele>486.0</ele><time>2024-02-10T20:52:11Z</time></trkpt><trkpt lat="47.492457" lon="-121.737409"><ele>486.0</ele><time>2024-02-10T20:52:15Z</time></trkpt><trkpt lat="47.492484" lon="-121.737451"><ele>480.0</ele><time>2024-02-10T20:52:30Z</time></trkpt><trkpt lat="47.492448" lon="-121.737451"><ele>484.0</ele><time>2024-02-10T20:52:43Z</time></trkpt><trkpt lat="47.492448" lon="-121.737408"><ele>485.2</ele><time>2024-02-10T20:52:47Z</time></trkpt><trkpt lat="47.492473" lon="-121.7373"><ele>484.0</ele><time>2024-02-10T20:52:54Z</time></trkpt><trkpt lat="47.492434" lon="-121.737075"><ele>486.0</ele><time>2024-02-10T20:53:01Z</time></trkpt><trkpt lat="47.49244" lon="-121.737143"><ele>485.7</ele><time>2024-02-10T20:53:03Z</time></trkpt><trkpt lat="47.492424" lon="-121.737232"><ele>485.0</ele><time>2024-02-10T20:53:15Z</time></trkpt><trkpt lat="47.492497" lon="-121.737311"><ele>487.6</ele><time>2024-02-10T20:53:31Z</time></trkpt><trkpt lat="47.492369" lon="-121.737281"><ele>486.8</ele><time>2024-02-10T20:53:40Z</time></trkpt><trkpt lat="47.492455" lon="-121.737104"><ele>483.0</ele><time>2024-02-10T20:53:55Z</time></trkpt><trkpt lat="47.492447" lon="-121.73707"><ele>482.0</ele><time>2024-02-10T20:54:02Z</time></trkpt><trkpt lat="47.492483" lon="-121.736998"><ele>480.0</ele><time>2024-02-10T20:54:12Z</time></trkpt><trkpt lat="47.492465" lon="-121.73696"><ele>483.0</ele><time>2024-02-10T20:54:20Z</time></trkpt><trkpt lat="47.492508" lon="-121.736864"><ele>484.0</ele><time>2024-02-10T20:54:25Z</time></trkpt><trkpt lat="47.49249" lon="-121.736826"><ele>482.0</ele><time>2024-02-10T20:54:29Z</time></trkpt><trkpt lat="47.492525" lon="-121.736729"><ele>482.0</ele><time>2024-02-10T20:54:40Z</time></trkpt><trkpt lat="47.492565" lon="-121.736711"><ele>480.0</ele><time>2024-02-10T20:54:43Z</time></trkpt><trkpt lat="47.492587" lon="-121.736614"><ele>485.0</ele><time>2024-02-10T20:54:50Z</time></trkpt><trkpt lat="47.492607" lon="-121.736562"><ele>486.0</ele><time>2024-02-10T20:54:56Z</time></trkpt><trkpt lat="47.492637" lon="-121.736518"><ele>488.0</ele><time>2024-02-10T20:55:02Z</time></trkpt><trkpt lat="47.492676" lon="-121.736294"><ele>492.0</ele><time>2024-02-10T20:55:14Z</time></trkpt><trkpt lat="47.49267" lon="-121.736238"><ele>491.8</ele><time>2024-02-10T20:55:18Z</time></trkpt><trkpt lat="47.492704" lon="-121.736186"><ele>491.0</ele><time>2024-02-10T20:55:22Z</time></trkpt><trkpt lat="47.492664" lon="-121.736122"><ele>492.0</ele><time>2024-02-10T20:55:29Z</time></trkpt><trkpt lat="47.492686" lon="-121.736097"><ele>492.0</ele><time>2024-02-10T20:55:31Z</time></trkpt><trkpt lat="47.492679" lon="-121.736018"><ele>490.0</ele><time>2024-02-10T20:55:37Z</time></trkpt><trkpt lat="47.492728" lon="-121.735996"><ele>494.6</ele><time>2024-02-10T20:55:41Z</time></trkpt><trkpt lat="47.492737" lon="-121.735963"><ele>495.0</ele><time>2024-02-10T20:55:42Z</time></trkpt><trkpt lat="47.492705" lon="-121.735963"><ele>494.4</ele><time>2024-02-10T20:55:43Z</time></trkpt><trkpt lat="47.492688" lon="-121.735932"><ele>493.8</ele><time>2024-02-10T20:55:44Z</time></trkpt><trkpt lat="47.492684" lon="-121.735757"><ele>495.0</ele><time>2024-02-10T20:55:53Z</time></trkpt><trkpt lat="47.492721" lon="-121.735691"><ele>492.0</ele><time>2024-02-10T20:56:00Z</time></trkpt><trkpt lat="47.492748" lon="-121.735604"><ele>495.0</ele><time>2024-02-10T20:56:04Z</time></trkpt><trkpt lat="47.492748" lon="-121.735511"><ele>498.0</ele><time>2024-02-10T20:56:11Z</time></trkpt><trkpt lat="47.492764" lon="-121.73548"><ele>498.0</ele><time>2024-02-10T20:56:14Z</time></trkpt><trkpt lat="47.492798" lon="-121.735457"><ele>496.0</ele><time>2024-02-10T20:56:17Z</time></trkpt><trkpt lat="47.492838" lon="-121.735383"><ele>498.0</ele><time>2024-02-10T20:56:25Z</time></trkpt><trkpt lat="47.492867" lon="-121.735356"><ele>495.0</ele><time>2024-02-10T20:56:28Z</time></trkpt><trkpt lat="47.492869" lon="-121.735295"><ele>498.0</ele><time>2024-02-10T20:56:31Z</time></trkpt><trkpt lat="47.492959" lon="-121.735232"><ele>502.0</ele><time>2024-02-10T20:56:41Z</time></trkpt><trkpt lat="47.492985" lon="-121.735179"><ele>501.0</ele><time>2024-02-10T20:56:44Z</time></trkpt><trkpt lat="47.493046" lon="-121.735123"><ele>504.0</ele><time>2024-02-10T20:56:51Z</time></trkpt><trkpt lat="47.493074" lon="-121.735111"><ele>506.0</ele><time>2024-02-10T20:56:54Z</time></trkpt><trkpt lat="47.493131" lon="-121.735107"><ele>507.0</ele><time>2024-02-10T20:56:59Z</time></trkpt><trkpt lat="47.493204" lon="-121.735119"><ele>504.0</ele><time>2024-02-10T20:57:07Z</time></trkpt><trkpt lat="47.49328" lon="-121.735164"><ele>510.5</ele><time>2024-02-10T20:57:16Z</time></trkpt><trkpt lat="47.493426" lon="-121.735329"><ele>515.0</ele><time>2024-02-10T20:57:36Z</time></trkpt><trkpt lat="47.493507" lon="-121.73552"><ele>522.0</ele><time>2024-02-10T20:57:50Z</time></trkpt><trkpt lat="47.493548" lon="-121.735527"><ele>522.0</ele><time>2024-02-10T20:57:53Z</time></trkpt><trkpt lat="47.493618" lon="-121.735466"><ele>524.0</ele><time>2024-02-10T20:57:58Z</time></trkpt><trkpt lat="47.493561" lon="-121.735507"><ele>525.0</ele><time>2024-02-10T20:58:01Z</time></trkpt><trkpt lat="47.493529" lon="-121.735492"><ele>525.5</ele><time>2024-02-10T20:58:02Z</time></trkpt><trkpt lat="47.493507" lon="-121.735561"><ele>524.0</ele><time>2024-02-10T20:58:06Z</time></trkpt><trkpt lat="47.49351" lon="-121.735644"><ele>525.0</ele><time>2024-02-10T20:58:09Z</time></trkpt><trkpt lat="47.493491" lon="-121.73568"><ele>525.0</ele><time>2024-02-10T20:58:12Z</time></trkpt><trkpt lat="47.49349" lon="-121.73571"><ele>526.0</ele><time>2024-02-10T20:58:16Z</time></trkpt><trkpt lat="47.493512" lon="-121.7358"><ele>526.0</ele><time>2024-02-10T20:58:20Z</time></trkpt><trkpt lat="47.493545" lon="-121.735811"><ele>527.0</ele><time>2024-02-10T20:58:23Z</time></trkpt><trkpt lat="47.493563" lon="-121.735759"><ele>528.5</ele><time>2024-02-10T20:58:25Z</time></trkpt><trkpt lat="47.493551" lon="-121.735713"><ele>528.1</ele><time>2024-02-10T20:58:26Z</time></trkpt><trkpt lat="47.49356" lon="-121.735674"><ele>528.0</ele><time>2024-02-10T20:58:27Z</time></trkpt><trkpt lat="47.493609" lon="-121.73556"><ele>528.0</ele><time>2024-02-10T20:58:35Z</time></trkpt><trkpt lat="47.493728" lon="-121.735413"><ele>530.0</ele><time>2024-02-10T20:58:53Z</time></trkpt><trkpt lat="47.493823" lon="-121.73527"><ele>534.0</ele><time>2024-02-10T20:59:05Z</time></trkpt><trkpt lat="47.493838" lon="-121.735225"><ele>536.7</ele><time>2024-02-10T20:59:08Z</time></trkpt><trkpt lat="47.493948" lon="-121.735069"><ele>540.0</ele><time>2024-02-10T20:59:24Z</time></trkpt><trkpt lat="47.494033" lon="-121.734925"><ele>540.0</ele><time>2024-02-10T20:59:44Z</time></trkpt><trkpt lat="47.494085" lon="-121.734872"><ele>540.0</ele><time>2024-02-10T20:59:53Z</time></trkpt><trkpt lat="47.494185" lon="-121.734736"><ele>543.0</ele><time>2024-02-10T21:00:14Z</time></trkpt><trkpt lat="47.494318" lon="-121.734535"><ele>548.0</ele><time>2024-02-10T21:00:36Z</time></trkpt><trkpt lat="47.49433" lon="-121.7345"><ele>546.0</ele><time>2024-02-10T21:00:41Z</time></trkpt><trkpt lat="47.494384" lon="-121.734426"><ele>548.0</ele><time>2024-02-10T21:00:47Z</time></trkpt><trkpt lat="47.494412" lon="-121.734358"><ele>547.0</ele><time>2024-02-10T21:00:55Z</time></trkpt><trkpt lat="47.49447" lon="-121.734273"><ele>550.0</ele><time>2024-02-10T21:01:05Z</time></trkpt><trkpt lat="47.494504" lon="-121.73419"><ele>551.0</ele><time>2024-02-10T21:01:13Z</time></trkpt><trkpt lat="47.494585" lon="-121.734052"><ele>552.0</ele><time>2024-02-10T21:01:27Z</time></trkpt><trkpt lat="47.494724" lon="-121.73374"><ele>559.0</ele><time>2024-02-10T21:02:04Z</time></trkpt><trkpt lat="47.494703" lon="-121.733791"><ele>560.0</ele><time>2024-02-10T21:02:10Z</time></trkpt><trkpt lat="47.494867" lon="-121.733376"><ele>562.0</ele><time>2024-02-10T21:02:45Z</time></trkpt><trkpt lat="47.494916" lon="-121.733288"><ele>563.0</ele><time>2024-02-10T21:02:59Z</time></trkpt><trkpt lat="47.494954" lon="-121.73329"><ele>564.3</ele><time>2024-02-10T21:03:01Z</time></trkpt><trkpt lat="47.494978" lon="-121.733185"><ele>565.0</ele><time>2024-02-10T21:03:09Z</time></trkpt><trkpt lat="47.494972" lon="-121.733151"><ele>566.7</ele><time>2024-02-10T21:03:12Z</time></trkpt><trkpt lat="47.494966" lon="-121.73319"><ele>566.0</ele><time>2024-02-10T21:03:13Z</time></trkpt><trkpt lat="47.494989" lon="-121.733169"><ele>564.0</ele><time>2024-02-10T21:03:15Z</time></trkpt><trkpt lat="47.494997" lon="-121.733065"><ele>565.6</ele><time>2024-02-10T21:03:18Z</time></trkpt><trkpt lat="47.495025" lon="-121.73308"><ele>564.0</ele><time>2024-02-10T21:03:21Z</time></trkpt><trkpt lat="47.495063" lon="-121.733049"><ele>565.0</ele><time>2024-02-10T21:03:25Z</time></trkpt><trkpt lat="47.495093" lon="-121.733001"><ele>566.0</ele><time>2024-02-10T21:03:34Z</time></trkpt><trkpt lat="47.495135" lon="-121.732919"><ele>567.0</ele><time>2024-02-10T21:03:40Z</time></trkpt><trkpt lat="47.495148" lon="-121.732845"><ele>568.0</ele><time>2024-02-10T21:03:44Z</time></trkpt><trkpt lat="47.495175" lon="-121.732827"><ele>567.0</ele><time>2024-02-10T21:03:48Z</time></trkpt><trkpt lat="47.495223" lon="-121.732765"><ele>570.0</ele><time>2024-02-10T21:03:57Z</time></trkpt><trkpt lat="47.495224" lon="-121.732722"><ele>570.5</ele><time>2024-02-10T21:03:58Z</time></trkpt><trkpt lat="47.495277" lon="-121.732672"><ele>572.6</ele><time>2024-02-10T21:04:04Z</time></trkpt><trkpt lat="47.495373" lon="-121.732481"><ele>575.0</ele><time>2024-02-10T21:04:27Z</time></trkpt><trkpt lat="47.495401" lon="-121.732398"><ele>579.0</ele><time>2024-02-10T21:04:36Z</time></trkpt><trkpt lat="47.495445" lon="-121.732334"><ele>579.0</ele><time>2024-02-10T21:04:40Z</time></trkpt><trkpt lat="47.495493" lon="-121.732195"><ele>580.0</ele><time>2024-02-10T21:04:50Z</time></trkpt><trkpt lat="47.49555" lon="-121.732111"><ele>581.0</ele><time>2024-02-10T21:05:02Z</time></trkpt><trkpt lat="47.495697" lon="-121.731967"><ele>586.0</ele><time>2024-02-10T21:05:16Z</time></trkpt><trkpt lat="47.495744" lon="-121.731897"><ele>589.9</ele><time>2024-02-10T21:05:24Z</time></trkpt><trkpt lat="47.495832" lon="-121.731871"><ele>590.0</ele><time>2024-02-10T21:05:30Z</time></trkpt><trkpt lat="47.495882" lon="-121.731836"><ele>594.0</ele><time>2024-02-10T21:05:39Z</time></trkpt><trkpt lat="47.495914" lon="-121.731782"><ele>594.0</ele><time>2024-02-10T21:05:46Z</time></trkpt><trkpt lat="47.495987" lon="-121.731714"><ele>595.0</ele><time>2024-02-10T21:05:57Z</time></trkpt><trkpt lat="47.496023" lon="-121.731713"><ele>600.8</ele><time>2024-02-10T21:06:04Z</time></trkpt><trkpt lat="47.496046" lon="-121.731733"><ele>601.5</ele><time>2024-02-10T21:06:05Z</time></trkpt><trkpt lat="47.496042" lon="-121.731801"><ele>602.1</ele><time>2024-02-10T21:06:07Z</time></trkpt><trkpt lat="47.496016" lon="-121.73178"><ele>602.0</ele><time>2024-02-10T21:06:09Z</time></trkpt><trkpt lat="47.496054" lon="-121.73176"><ele>601.0</ele><time>2024-02-10T21:06:11Z</time></trkpt><trkpt lat="47.496086" lon="-121.731767"><ele>602.0</ele><time>2024-02-10T21:06:16Z</time></trkpt><trkpt lat="47.496099" lon="-121.731829"><ele>603.0</ele><time>2024-02-10T21:06:22Z</time></trkpt><trkpt lat="47.496149" lon="-121.731743"><ele>606.0</ele><time>2024-02-10T21:06:31Z</time></trkpt><trkpt lat="47.496207" lon="-121.731759"><ele>608.0</ele><time>2024-02-10T21:06:34Z</time></trkpt><trkpt lat="47.496205" lon="-121.731729"><ele>610.3</ele><time>2024-02-10T21:06:39Z</time></trkpt><trkpt lat="47.496227" lon="-121.731759"><ele>608.0</ele><time>2024-02-10T21:06:41Z</time></trkpt><trkpt lat="47.496252" lon="-121.731726"><ele>610.0</ele><time>2024-02-10T21:06:46Z</time></trkpt><trkpt lat="47.49629" lon="-121.731699"><ele>610.0</ele><time>2024-02-10T21:06:49Z</time></trkpt><trkpt lat="47.496325" lon="-121.731625"><ele>612.0</ele><time>2024-02-10T21:06:53Z</time></trkpt><trkpt lat="47.496384" lon="-121.731571"><ele>612.0</ele><time>2024-02-10T21:06:58Z</time></trkpt><trkpt lat="47.496429" lon="-121.731558"><ele>612.0</ele><time>2024-02-10T21:07:01Z</time></trkpt><trkpt lat="47.496468" lon="-121.731565"><ele>615.0</ele><time>2024-02-10T21:07:05Z</time></trkpt><trkpt lat="47.496517" lon="-121.731556"><ele>614.0</ele><time>2024-02-10T21:07:09Z</time></trkpt><trkpt lat="47.496565" lon="-121.731511"><ele>617.0</ele><time>2024-02-10T21:07:15Z</time></trkpt><trkpt lat="47.496559" lon="-121.731475"><ele>617.0</ele><time>2024-02-10T21:07:17Z</time></trkpt><trkpt lat="47.496634" lon="-121.731442"><ele>616.0</ele><time>2024-02-10T21:07:23Z</time></trkpt><trkpt lat="47.496648" lon="-121.731472"><ele>618.0</ele><time>2024-02-10T21:07:28Z</time></trkpt><trkpt lat="47.496712" lon="-121.731476"><ele>618.0</ele><time>2024-02-10T21:07:33Z</time></trkpt><trkpt lat="47.496704" lon="-121.731445"><ele>619.0</ele><time>2024-02-10T21:07:37Z</time></trkpt><trkpt lat="47.496739" lon="-121.731453"><ele>618.0</ele><time>2024-02-10T21:07:41Z</time></trkpt><trkpt lat="47.496754" lon="-121.731351"><ele>621.6</ele><time>2024-02-10T21:07:46Z</time></trkpt><trkpt lat="47.496805" lon="-121.731365"><ele>618.0</ele><time>2024-02-10T21:07:54Z</time></trkpt><trkpt lat="47.496829" lon="-121.731417"><ele>622.0</ele><time>2024-02-10T21:08:04Z</time></trkpt><trkpt lat="47.496859" lon="-121.731402"><ele>624.0</ele><time>2024-02-10T21:08:09Z</time></trkpt><trkpt lat="47.496856" lon="-121.731433"><ele>624.0</ele><time>2024-02-10T21:08:12Z</time></trkpt><trkpt lat="47.496896" lon="-121.731461"><ele>624.0</ele><time>2024-02-10T21:08:15Z</time></trkpt><trkpt lat="47.496875" lon="-121.73158"><ele>624.0</ele><time>2024-02-10T21:08:24Z</time></trkpt><trkpt lat="47.496935" lon="-121.731737"><ele>628.0</ele><time>2024-02-10T21:08:34Z</time></trkpt><trkpt lat="47.496961" lon="-121.73175"><ele>630.0</ele><time>2024-02-10T21:08:39Z</time></trkpt><trkpt lat="47.497007" lon="-121.73182"><ele>632.0</ele><time>2024-02-10T21:08:48Z</time></trkpt><trkpt lat="47.496996" lon="-121.731972"><ele>633.0</ele><time>2024-02-10T21:08:59Z</time></trkpt><trkpt lat="47.496959" lon="-121.732108"><ele>635.0</ele><time>2024-02-10T21:09:08Z</time></trkpt><trkpt lat="47.496864" lon="-121.732209"><ele>634.0</ele><time>2024-02-10T21:09:18Z</time></trkpt><trkpt lat="47.496851" lon="-121.732296"><ele>634.0</ele><time>2024-02-10T21:09:24Z</time></trkpt><trkpt lat="47.496855" lon="-121.732331"><ele>633.0</ele><time>2024-02-10T21:09:26Z</time></trkpt><trkpt lat="47.496796" lon="-121.732552"><ele>632.0</ele><time>2024-02-10T21:09:40Z</time></trkpt><trkpt lat="47.496768" lon="-121.73275"><ele>634.3</ele><time>2024-02-10T21:09:50Z</time></trkpt><trkpt lat="47.496731" lon="-121.732826"><ele>630.0</ele><time>2024-02-10T21:09:57Z</time></trkpt><trkpt lat="47.496676" lon="-121.732907"><ele>635.0</ele><time>2024-02-10T21:10:03Z</time></trkpt><trkpt lat="47.496668" lon="-121.732943"><ele>636.0</ele><time>2024-02-10T21:10:05Z</time></trkpt><trkpt lat="47.496663" lon="-121.732973"><ele>636.0</ele><time>2024-02-10T21:10:07Z</time></trkpt><trkpt lat="47.496683" lon="-121.733083"><ele>636.0</ele><time>2024-02-10T21:10:15Z</time></trkpt><trkpt lat="47.49671" lon="-121.733133"><ele>637.0</ele><time>2024-02-10T21:10:19Z</time></trkpt><trkpt lat="47.496717" lon="-121.733233"><ele>640.0</ele><time>2024-02-10T21:10:28Z</time></trkpt><trkpt lat="47.496706" lon="-121.733332"><ele>637.0</ele><time>2024-02-10T21:10:31Z</time></trkpt><trkpt lat="47.496677" lon="-121.733434"><ele>637.0</ele><time>2024-02-10T21:10:38Z</time></trkpt><trkpt lat="47.496676" lon="-121.73357"><ele>639.0</ele><time>2024-02-10T21:10:46Z</time></trkpt><trkpt lat="47.496639" lon="-121.733836"><ele>640.0</ele><time>2024-02-10T21:10:59Z</time></trkpt><trkpt lat="47.496579" lon="-121.73386"><ele>640.0</ele><time>2024-02-10T21:11:02Z</time></trkpt><trkpt lat="47.496605" lon="-121.733991"><ele>639.0</ele><time>2024-02-10T21:11:21Z</time></trkpt><trkpt lat="47.496599" lon="-121.734075"><ele>642.0</ele><time>2024-02-10T21:11:29Z</time></trkpt><trkpt lat="47.496734" lon="-121.733984"><ele>647.0</ele><time>2024-02-10T21:11:42Z</time></trkpt><trkpt lat="47.496779" lon="-121.733875"><ele>648.0</ele><time>2024-02-10T21:11:49Z</time></trkpt><trkpt lat="47.496781" lon="-121.733835"><ele>649.2</ele><time>2024-02-10T21:11:51Z</time></trkpt><trkpt lat="47.496816" lon="-121.733801"><ele>648.0</ele><time>2024-02-10T21:11:54Z</time></trkpt><trkpt lat="47.496826" lon="-121.733765"><ele>649.0</ele><time>2024-02-10T21:11:59Z</time></trkpt><trkpt lat="47.496878" lon="-121.733725"><ele>649.0</ele><time>2024-02-10T21:12:04Z</time></trkpt><trkpt lat="47.496887" lon="-121.733673"><ele>650.0</ele><time>2024-02-10T21:12:08Z</time></trkpt><trkpt lat="47.496963" lon="-121.733591"><ele>652.0</ele><time>2024-02-10T21:12:21Z</time></trkpt><trkpt lat="47.497012" lon="-121.733518"><ele>655.0</ele><time>2024-02-10T21:12:30Z</time></trkpt><trkpt lat="47.497018" lon="-121.733449"><ele>654.0</ele><time>2024-02-10T21:12:34Z</time></trkpt><trkpt lat="47.497045" lon="-121.733423"><ele>654.0</ele><time>2024-02-10T21:12:36Z</time></trkpt><trkpt lat="47.497096" lon="-121.733336"><ele>657.0</ele><time>2024-02-10T21:12:44Z</time></trkpt><trkpt lat="47.49717" lon="-121.733182"><ele>658.0</ele><time>2024-02-10T21:12:59Z</time></trkpt><trkpt lat="47.497172" lon="-121.733146"><ele>658.0</ele><time>2024-02-10T21:13:02Z</time></trkpt><trkpt lat="47.497314" lon="-121.732964"><ele>660.0</ele><time>2024-02-10T21:13:21Z</time></trkpt><trkpt lat="47.497347" lon="-121.732957"><ele>660.0</ele><time>2024-02-10T21:13:24Z</time></trkpt><trkpt lat="47.497385" lon="-121.732973"><ele>657.0</ele><time>2024-02-10T21:13:30Z</time></trkpt><trkpt lat="47.49742" lon="-121.732874"><ele>662.0</ele><time>2024-02-10T21:13:35Z</time></trkpt><trkpt lat="47.497409" lon="-121.732835"><ele>662.0</ele><time>2024-02-10T21:13:37Z</time></trkpt><trkpt lat="47.497435" lon="-121.73286"><ele>658.0</ele><time>2024-02-10T21:13:43Z</time></trkpt><trkpt lat="47.497468" lon="-121.732863"><ele>663.0</ele><time>2024-02-10T21:13:48Z</time></trkpt><trkpt lat="47.497504" lon="-121.732848"><ele>664.0</ele><time>2024-02-10T21:13:51Z</time></trkpt><trkpt lat="47.497477" lon="-121.732872"><ele>664.0</ele><time>2024-02-10T21:13:54Z</time></trkpt><trkpt lat="47.497454" lon="-121.732973"><ele>662.0</ele><time>2024-02-10T21:14:05Z</time></trkpt><trkpt lat="47.497406" lon="-121.733006"><ele>664.0</ele><time>2024-02-10T21:14:10Z</time></trkpt><trkpt lat="47.497447" lon="-121.733104"><ele>665.0</ele><time>2024-02-10T21:14:17Z</time></trkpt><trkpt lat="47.497437" lon="-121.733141"><ele>665.0</ele><time>2024-02-10T21:14:21Z</time></trkpt><trkpt lat="47.497401" lon="-121.733174"><ele>664.0</ele><time>2024-02-10T21:14:24Z</time></trkpt><trkpt lat="47.49738" lon="-121.733253"><ele>665.0</ele><time>2024-02-10T21:14:29Z</time></trkpt><trkpt lat="47.497376" lon="-121.733293"><ele>668.5</ele><time>2024-02-10T21:14:33Z</time></trkpt><trkpt lat="47.497391" lon="-121.733335"><ele>668.0</ele><time>2024-02-10T21:14:35Z</time></trkpt><trkpt lat="47.497355" lon="-121.733388"><ele>670.0</ele><time>2024-02-10T21:14:44Z</time></trkpt><trkpt lat="47.497336" lon="-121.733476"><ele>671.0</ele><time>2024-02-10T21:14:50Z</time></trkpt><trkpt lat="47.497288" lon="-121.733539"><ele>669.0</ele><time>2024-02-10T21:14:55Z</time></trkpt><trkpt lat="47.497284" lon="-121.733693"><ele>671.9</ele><time>2024-02-10T21:15:05Z</time></trkpt><trkpt lat="47.497192" lon="-121.734041"><ele>674.0</ele><time>2024-02-10T21:15:28Z</time></trkpt><trkpt lat="47.497152" lon="-121.734102"><ele>676.0</ele><time>2024-02-10T21:15:32Z</time></trkpt><trkpt lat="47.497141" lon="-121.734152"><ele>676.0</ele><time>2024-02-10T21:15:34Z</time></trkpt><trkpt lat="47.497164" lon="-121.734174"><ele>675.0</ele><time>2024-02-10T21:15:37Z</time></trkpt><trkpt lat="47.497163" lon="-121.734225"><ele>675.0</ele><time>2024-02-10T21:15:40Z</time></trkpt><trkpt lat="47.497128" lon="-121.734375"><ele>675.0</ele><time>2024-02-10T21:16:31Z</time></trkpt><trkpt lat="47.497131" lon="-121.734342"><ele>672.0</ele><time>2024-02-10T21:16:57Z</time></trkpt><trkpt lat="47.497079" lon="-121.734465"><ele>675.0</ele><time>2024-02-10T21:17:16Z</time></trkpt><trkpt lat="47.497085" lon="-121.734569"><ele>676.0</ele><time>2024-02-10T21:17:20Z</time></trkpt><trkpt lat="47.497049" lon="-121.734689"><ele>679.0</ele><time>2024-02-10T21:17:31Z</time></trkpt><trkpt lat="47.497035" lon="-121.734831"><ele>681.0</ele><time>2024-02-10T21:17:40Z</time></trkpt><trkpt lat="47.496998" lon="-121.734909"><ele>681.0</ele><time>2024-02-10T21:17:45Z</time></trkpt><trkpt lat="47.497015" lon="-121.73495"><ele>681.0</ele><time>2024-02-10T21:17:48Z</time></trkpt><trkpt lat="47.497016" lon="-121.73499"><ele>684.0</ele><time>2024-02-10T21:17:54Z</time></trkpt><trkpt lat="47.497036" lon="-121.735029"><ele>685.0</ele><time>2024-02-10T21:17:58Z</time></trkpt><trkpt lat="47.497019" lon="-121.735139"><ele>686.0</ele><time>2024-02-10T21:18:04Z</time></trkpt><trkpt lat="47.497031" lon="-121.73516"><ele>688.0</ele><time>2024-02-10T21:18:05Z</time></trkpt><trkpt lat="47.497024" lon="-121.735233"><ele>689.4</ele><time>2024-02-10T21:18:09Z</time></trkpt><trkpt lat="47.496999" lon="-121.735262"><ele>689.0</ele><time>2024-02-10T21:18:11Z</time></trkpt><trkpt lat="47.496981" lon="-121.735362"><ele>690.0</ele><time>2024-02-10T21:18:19Z</time></trkpt><trkpt lat="47.497004" lon="-121.735462"><ele>690.0</ele><time>2024-02-10T21:18:31Z</time></trkpt><trkpt lat="47.496996" lon="-121.735512"><ele>695.0</ele><time>2024-02-10T21:18:34Z</time></trkpt><trkpt lat="47.496982" lon="-121.735483"><ele>693.0</ele><time>2024-02-10T21:18:36Z</time></trkpt><trkpt lat="47.496961" lon="-121.735555"><ele>695.0</ele><time>2024-02-10T21:18:41Z</time></trkpt><trkpt lat="47.496981" lon="-121.73558"><ele>696.0</ele><time>2024-02-10T21:18:43Z</time></trkpt><trkpt lat="47.496958" lon="-121.735693"><ele>698.5</ele><time>2024-02-10T21:18:49Z</time></trkpt><trkpt lat="47.496937" lon="-121.735745"><ele>699.0</ele><time>2024-02-10T21:18:56Z</time></trkpt><trkpt lat="47.496927" lon="-121.735721"><ele>701.3</ele><time>2024-02-10T21:18:59Z</time></trkpt><trkpt lat="47.49692" lon="-121.735773"><ele>700.0</ele><time>2024-02-10T21:19:02Z</time></trkpt><trkpt lat="47.496882" lon="-121.735858"><ele>700.0</ele><time>2024-02-10T21:19:10Z</time></trkpt><trkpt lat="47.49689" lon="-121.735895"><ele>701.3</ele><time>2024-02-10T21:19:15Z</time></trkpt><trkpt lat="47.496885" lon="-121.735935"><ele>702.8</ele><time>2024-02-10T21:19:16Z</time></trkpt><trkpt lat="47.496898" lon="-121.735981"><ele>700.0</ele><time>2024-02-10T21:19:25Z</time></trkpt><trkpt lat="47.496886" lon="-121.736039"><ele>702.0</ele><time>2024-02-10T21:19:28Z</time></trkpt><trkpt lat="47.496833" lon="-121.736158"><ele>704.0</ele><time>2024-02-10T21:19:35Z</time></trkpt><trkpt lat="47.496823" lon="-121.736206"><ele>704.0</ele><time>2024-02-10T21:19:37Z</time></trkpt><trkpt lat="47.496826" lon="-121.736326"><ele>705.0</ele><time>2024-02-10T21:19:49Z</time></trkpt><trkpt lat="47.49684" lon="-121.73639"><ele>705.0</ele><time>2024-02-10T21:19:55Z</time></trkpt><trkpt lat="47.496825" lon="-121.73666"><ele>713.0</ele><time>2024-02-10T21:20:18Z</time></trkpt><trkpt lat="47.496802" lon="-121.736775"><ele>714.5</ele><time>2024-02-10T21:20:23Z</time></trkpt><trkpt lat="47.496813" lon="-121.736808"><ele>710.0</ele><time>2024-02-10T21:20:27Z</time></trkpt><trkpt lat="47.496806" lon="-121.736874"><ele>715.4</ele><time>2024-02-10T21:20:35Z</time></trkpt><trkpt lat="47.496825" lon="-121.736944"><ele>716.0</ele><time>2024-02-10T21:20:40Z</time></trkpt><trkpt lat="47.496818" lon="-121.736991"><ele>716.0</ele><time>2024-02-10T21:20:44Z</time></trkpt><trkpt lat="47.496821" lon="-121.737091"><ele>714.0</ele><time>2024-02-10T21:20:52Z</time></trkpt><trkpt lat="47.496839" lon="-121.737141"><ele>718.0</ele><time>2024-02-10T21:20:57Z</time></trkpt><trkpt lat="47.496893" lon="-121.737208"><ele>715.0</ele><time>2024-02-10T21:21:08Z</time></trkpt><trkpt lat="47.496887" lon="-121.737305"><ele>723.0</ele><time>2024-02-10T21:21:20Z</time></trkpt><trkpt lat="47.4969" lon="-121.737341"><ele>723.0</ele><time>2024-02-10T21:21:23Z</time></trkpt><trkpt lat="47.496947" lon="-121.737341"><ele>724.3</ele><time>2024-02-10T21:21:25Z</time></trkpt><trkpt lat="47.496977" lon="-121.737307"><ele>724.0</ele><time>2024-02-10T21:21:28Z</time></trkpt><trkpt lat="47.49695" lon="-121.737306"><ele>725.0</ele><time>2024-02-10T21:21:34Z</time></trkpt><trkpt lat="47.496907" lon="-121.737276"><ele>726.0</ele><time>2024-02-10T21:21:37Z</time></trkpt><trkpt lat="47.496911" lon="-121.737243"><ele>724.0</ele><time>2024-02-10T21:21:40Z</time></trkpt><trkpt lat="47.496895" lon="-121.737288"><ele>726.0</ele><time>2024-02-10T21:21:44Z</time></trkpt><trkpt lat="47.496922" lon="-121.73735"><ele>720.0</ele><time>2024-02-10T21:21:59Z</time></trkpt><trkpt lat="47.496901" lon="-121.73724"><ele>720.0</ele><time>2024-02-10T21:22:32Z</time></trkpt><trkpt lat="47.496887" lon="-121.737276"><ele>725.7</ele><time>2024-02-10T21:22:44Z</time></trkpt><trkpt lat="47.496903" lon="-121.737245"><ele>725.0</ele><time>2024-02-10T21:22:45Z</time></trkpt><trkpt lat="47.496906" lon="-121.737305"><ele>726.0</ele><time>2024-02-10T21:22:48Z</time></trkpt><trkpt lat="47.496915" lon="-121.737279"><ele>723.0</ele><time>2024-02-10T21:22:55Z</time></trkpt><trkpt lat="47.496894" lon="-121.737312"><ele>725.2</ele><time>2024-02-10T21:23:02Z</time></trkpt><trkpt lat="47.496915" lon="-121.737341"><ele>725.0</ele><time>2024-02-10T21:23:03Z</time></trkpt><trkpt lat="47.49691" lon="-121.737282"><ele>726.0</ele><time>2024-02-10T21:23:05Z</time></trkpt><trkpt lat="47.496887" lon="-121.737246"><ele>726.0</ele><time>2024-02-10T21:23:06Z</time></trkpt><trkpt lat="47.496944" lon="-121.737185"><ele>725.0</ele><time>2024-02-10T21:23:12Z</time></trkpt><trkpt lat="47.496988" lon="-121.737079"><ele>728.0</ele><time>2024-02-10T21:23:22Z</time></trkpt><trkpt lat="47.497029" lon="-121.73688"><ele>729.0</ele><time>2024-02-10T21:23:37Z</time></trkpt><trkpt lat="47.497035" lon="-121.736799"><ele>730.0</ele><time>2024-02-10T21:23:42Z</time></trkpt><trkpt lat="47.497245" lon="-121.736332"><ele>741.0</ele><time>2024-02-10T21:24:26Z</time></trkpt><trkpt lat="47.497431" lon="-121.735989"><ele>746.0</ele><time>2024-02-10T21:24:58Z</time></trkpt><trkpt lat="47.497487" lon="-121.735935"><ele>745.0</ele><time>2024-02-10T21:25:05Z</time></trkpt><trkpt lat="47.49757" lon="-121.735805"><ele>750.0</ele><time>2024-02-10T21:25:16Z</time></trkpt><trkpt lat="47.497606" lon="-121.735731"><ele>753.0</ele><time>2024-02-10T21:25:26Z</time></trkpt><trkpt lat="47.49761" lon="-121.735688"><ele>752.0</ele><time>2024-02-10T21:25:29Z</time></trkpt><trkpt lat="47.497642" lon="-121.7356"><ele>752.0</ele><time>2024-02-10T21:25:34Z</time></trkpt><trkpt lat="47.497799" lon="-121.735273"><ele>753.0</ele><time>2024-02-10T21:26:02Z</time></trkpt><trkpt lat="47.497826" lon="-121.735245"><ele>754.0</ele><time>2024-02-10T21:26:07Z</time></trkpt><trkpt lat="47.497868" lon="-121.735167"><ele>753.0</ele><time>2024-02-10T21:26:12Z</time></trkpt><trkpt lat="47.497925" lon="-121.735102"><ele>754.0</ele><time>2024-02-10T21:26:20Z</time></trkpt><trkpt lat="47.497946" lon="-121.735041"><ele>754.0</ele><time>2024-02-10T21:26:22Z</time></trkpt><trkpt lat="47.498058" lon="-121.735077"><ele>756.0</ele><time>2024-02-10T21:26:38Z</time></trkpt><trkpt lat="47.498186" lon="-121.735093"><ele>760.0</ele><time>2024-02-10T21:26:50Z</time></trkpt><trkpt lat="47.498212" lon="-121.735062"><ele>761.9</ele><time>2024-02-10T21:26:52Z</time></trkpt><trkpt lat="47.498228" lon="-121.735015"><ele>762.0</ele><time>2024-02-10T21:26:58Z</time></trkpt><trkpt lat="47.498263" lon="-121.73503"><ele>764.3</ele><time>2024-02-10T21:27:02Z</time></trkpt><trkpt lat="47.498328" lon="-121.735025"><ele>764.0</ele><time>2024-02-10T21:27:04Z</time></trkpt><trkpt lat="47.498345" lon="-121.735076"><ele>765.0</ele><time>2024-02-10T21:27:10Z</time></trkpt><trkpt lat="47.498378" lon="-121.735126"><ele>768.0</ele><time>2024-02-10T21:27:16Z</time></trkpt><trkpt lat="47.498356" lon="-121.735117"><ele>768.0</ele><time>2024-02-10T21:27:20Z</time></trkpt><trkpt lat="47.498393" lon="-121.735118"><ele>769.0</ele><time>2024-02-10T21:27:25Z</time></trkpt><trkpt lat="47.498421" lon="-121.735138"><ele>769.0</ele><time>2024-02-10T21:27:29Z</time></trkpt><trkpt lat="47.498452" lon="-121.735102"><ele>771.0</ele><time>2024-02-10T21:27:34Z</time></trkpt><trkpt lat="47.498474" lon="-121.735154"><ele>772.0</ele><time>2024-02-10T21:27:41Z</time></trkpt><trkpt lat="47.498468" lon="-121.735235"><ele>769.0</ele><time>2024-02-10T21:27:51Z</time></trkpt><trkpt lat="47.49846" lon="-121.735248"><ele>775.0</ele><time>2024-02-10T21:28:06Z</time></trkpt><trkpt lat="47.498418" lon="-121.735234"><ele>774.0</ele><time>2024-02-10T21:28:11Z</time></trkpt><trkpt lat="47.498428" lon="-121.735198"><ele>775.0</ele><time>2024-02-10T21:28:16Z</time></trkpt><trkpt lat="47.498454" lon="-121.735234"><ele>776.0</ele><time>2024-02-10T21:28:21Z</time></trkpt><trkpt lat="47.498437" lon="-121.73528"><ele>775.8</ele><time>2024-02-10T21:28:22Z</time></trkpt><trkpt lat="47.498435" lon="-121.735321"><ele>776.2</ele><time>2024-02-10T21:28:23Z</time></trkpt><trkpt lat="47.49839" lon="-121.735312"><ele>776.0</ele><time>2024-02-10T21:28:26Z</time></trkpt><trkpt lat="47.498348" lon="-121.735367"><ele>775.0</ele><time>2024-02-10T21:28:41Z</time></trkpt><trkpt lat="47.498317" lon="-121.735391"><ele>777.5</ele><time>2024-02-10T21:28:47Z</time></trkpt><trkpt lat="47.498267" lon="-121.735355"><ele>776.0</ele><time>2024-02-10T21:28:51Z</time></trkpt><trkpt lat="47.498199" lon="-121.735387"><ele>778.0</ele><time>2024-02-10T21:28:59Z</time></trkpt><trkpt lat="47.498118" lon="-121.735451"><ele>777.0</ele><time>2024-02-10T21:29:07Z</time></trkpt><trkpt lat="47.498124" lon="-121.73549"><ele>778.0</ele><time>2024-02-10T21:29:10Z</time></trkpt><trkpt lat="47.498111" lon="-121.735543"><ele>776.0</ele><time>2024-02-10T21:29:13Z</time></trkpt><trkpt lat="47.498083" lon="-121.7356"><ele>777.0</ele><time>2024-02-10T21:29:16Z</time></trkpt><trkpt lat="47.498056" lon="-121.735581"><ele>778.0</ele><time>2024-02-10T21:29:19Z</time></trkpt><trkpt lat="47.498025" lon="-121.73562"><ele>780.0</ele><time>2024-02-10T21:29:24Z</time></trkpt><trkpt lat="47.498046" lon="-121.735662"><ele>781.2</ele><time>2024-02-10T21:29:28Z</time></trkpt><trkpt lat="47.498017" lon="-121.735679"><ele>780.0</ele><time>2024-02-10T21:29:33Z</time></trkpt><trkpt lat="47.498003" lon="-121.73573"><ele>780.7</ele><time>2024-02-10T21:29:37Z</time></trkpt><trkpt lat="47.497995" lon="-121.735698"><ele>779.0</ele><time>2024-02-10T21:29:45Z</time></trkpt><trkpt lat="47.497984" lon="-121.735738"><ele>780.0</ele><time>2024-02-10T21:29:53Z</time></trkpt><trkpt lat="47.497991" lon="-121.735835"><ele>780.0</ele><time>2024-02-10T21:30:01Z</time></trkpt><trkpt lat="47.497978" lon="-121.735886"><ele>780.0</ele><time>2024-02-10T21:30:03Z</time></trkpt><trkpt lat="47.497883" lon="-121.736143"><ele>783.0</ele><time>2024-02-10T21:30:25Z</time></trkpt><trkpt lat="47.497843" lon="-121.736193"><ele>783.0</ele><time>2024-02-10T21:30:29Z</time></trkpt><trkpt lat="47.497863" lon="-121.736269"><ele>786.0</ele><time>2024-02-10T21:30:38Z</time></trkpt><trkpt lat="47.497844" lon="-121.736316"><ele>786.0</ele><time>2024-02-10T21:30:40Z</time></trkpt><trkpt lat="47.497843" lon="-121.736358"><ele>786.0</ele><time>2024-02-10T21:30:42Z</time></trkpt><trkpt lat="47.497777" lon="-121.73658"><ele>791.0</ele><time>2024-02-10T21:31:02Z</time></trkpt><trkpt lat="47.497765" lon="-121.736656"><ele>792.0</ele><time>2024-02-10T21:31:08Z</time></trkpt><trkpt lat="47.497705" lon="-121.73675"><ele>792.0</ele><time>2024-02-10T21:31:17Z</time></trkpt><trkpt lat="47.497694" lon="-121.736845"><ele>792.0</ele><time>2024-02-10T21:31:25Z</time></trkpt><trkpt lat="47.497711" lon="-121.736882"><ele>793.0</ele><time>2024-02-10T21:31:28Z</time></trkpt><trkpt lat="47.497709" lon="-121.737041"><ele>796.0</ele><time>2024-02-10T21:31:39Z</time></trkpt><trkpt lat="47.497713" lon="-121.737085"><ele>795.0</ele><time>2024-02-10T21:31:41Z</time></trkpt><trkpt lat="47.497733" lon="-121.737118"><ele>796.0</ele><time>2024-02-10T21:31:44Z</time></trkpt><trkpt lat="47.497731" lon="-121.737225"><ele>797.0</ele><time>2024-02-10T21:31:53Z</time></trkpt><trkpt lat="47.497751" lon="-121.737289"><ele>800.0</ele><time>2024-02-10T21:32:05Z</time></trkpt><trkpt lat="47.497784" lon="-121.737292"><ele>800.0</ele><time>2024-02-10T21:32:11Z</time></trkpt><trkpt lat="47.497791" lon="-121.737253"><ele>798.0</ele><time>2024-02-10T21:32:18Z</time></trkpt><trkpt lat="47.49779" lon="-121.737116"><ele>804.0</ele><time>2024-02-10T21:32:27Z</time></trkpt><trkpt lat="47.497803" lon="-121.737051"><ele>804.0</ele><time>2024-02-10T21:32:32Z</time></trkpt><trkpt lat="47.497793" lon="-121.736926"><ele>806.0</ele><time>2024-02-10T21:32:45Z</time></trkpt><trkpt lat="47.497821" lon="-121.736891"><ele>805.0</ele><time>2024-02-10T21:32:48Z</time></trkpt><trkpt lat="47.497861" lon="-121.736876"><ele>805.0</ele><time>2024-02-10T21:32:55Z</time></trkpt><trkpt lat="47.497945" lon="-121.736784"><ele>806.0</ele><time>2024-02-10T21:33:06Z</time></trkpt><trkpt lat="47.49797" lon="-121.736803"><ele>805.0</ele><time>2024-02-10T21:33:10Z</time></trkpt><trkpt lat="47.498033" lon="-121.736757"><ele>808.0</ele><time>2024-02-10T21:33:15Z</time></trkpt><trkpt lat="47.49811" lon="-121.73666"><ele>812.0</ele><time>2024-02-10T21:33:27Z</time></trkpt><trkpt lat="47.498084" lon="-121.736611"><ele>815.5</ele><time>2024-02-10T21:33:28Z</time></trkpt><trkpt lat="47.498085" lon="-121.736576"><ele>814.0</ele><time>2024-02-10T21:33:30Z</time></trkpt><trkpt lat="47.498106" lon="-121.736624"><ele>815.6</ele><time>2024-02-10T21:33:31Z</time></trkpt><trkpt lat="47.498143" lon="-121.736623"><ele>810.0</ele><time>2024-02-10T21:33:36Z</time></trkpt><trkpt lat="47.498215" lon="-121.736474"><ele>818.5</ele><time>2024-02-10T21:33:49Z</time></trkpt><trkpt lat="47.498233" lon="-121.736484"><ele>815.0</ele><time>2024-02-10T21:33:51Z</time></trkpt><trkpt lat="47.498285" lon="-121.736449"><ele>817.0</ele><time>2024-02-10T21:34:00Z</time></trkpt><trkpt lat="47.498342" lon="-121.736445"><ele>820.0</ele><time>2024-02-10T21:34:07Z</time></trkpt><trkpt lat="47.498366" lon="-121.736487"><ele>820.0</ele><time>2024-02-10T21:34:10Z</time></trkpt><trkpt lat="47.498377" lon="-121.736535"><ele>819.0</ele><time>2024-02-10T21:34:15Z</time></trkpt><trkpt lat="47.498426" lon="-121.736613"><ele>822.0</ele><time>2024-02-10T21:34:22Z</time></trkpt><trkpt lat="47.498412" lon="-121.73665"><ele>822.0</ele><time>2024-02-10T21:34:24Z</time></trkpt><trkpt lat="47.49838" lon="-121.736631"><ele>822.0</ele><time>2024-02-10T21:34:27Z</time></trkpt><trkpt lat="47.498353" lon="-121.736586"><ele>822.0</ele><time>2024-02-10T21:34:30Z</time></trkpt><trkpt lat="47.498354" lon="-121.736619"><ele>823.0</ele><time>2024-02-10T21:34:33Z</time></trkpt><trkpt lat="47.498321" lon="-121.736621"><ele>822.0</ele><time>2024-02-10T21:34:36Z</time></trkpt><trkpt lat="47.498261" lon="-121.736705"><ele>825.0</ele><time>2024-02-10T21:34:42Z</time></trkpt><trkpt lat="47.498236" lon="-121.73682"><ele>824.0</ele><time>2024-02-10T21:34:51Z</time></trkpt><trkpt lat="47.498191" lon="-121.736875"><ele>822.0</ele><time>2024-02-10T21:34:55Z</time></trkpt><trkpt lat="47.498164" lon="-121.736965"><ele>816.0</ele><time>2024-02-10T21:35:09Z</time></trkpt><trkpt lat="47.498211" lon="-121.736989"><ele>824.0</ele><time>2024-02-10T21:35:20Z</time></trkpt><trkpt lat="47.498246" lon="-121.736905"><ele>828.0</ele><time>2024-02-10T21:35:27Z</time></trkpt><trkpt lat="47.49829" lon="-121.736847"><ele>828.0</ele><time>2024-02-10T21:35:36Z</time></trkpt><trkpt lat="47.498298" lon="-121.736893"><ele>831.6</ele><time>2024-02-10T21:35:39Z</time></trkpt><trkpt lat="47.498355" lon="-121.736896"><ele>830.0</ele><time>2024-02-10T21:35:41Z</time></trkpt><trkpt lat="47.498403" lon="-121.736867"><ele>829.0</ele><time>2024-02-10T21:35:46Z</time></trkpt><trkpt lat="47.49844" lon="-121.736993"><ele>832.0</ele><time>2024-02-10T21:35:55Z</time></trkpt><trkpt lat="47.498438" lon="-121.73703"><ele>832.0</ele><time>2024-02-10T21:35:58Z</time></trkpt><trkpt lat="47.498493" lon="-121.737076"><ele>834.0</ele><time>2024-02-10T21:36:04Z</time></trkpt><trkpt lat="47.498491" lon="-121.737116"><ele>836.0</ele><time>2024-02-10T21:36:08Z</time></trkpt><trkpt lat="47.498515" lon="-121.737094"><ele>838.0</ele><time>2024-02-10T21:36:11Z</time></trkpt><trkpt lat="47.498498" lon="-121.737137"><ele>837.0</ele><time>2024-02-10T21:36:18Z</time></trkpt><trkpt lat="47.498537" lon="-121.737156"><ele>838.0</ele><time>2024-02-10T21:36:20Z</time></trkpt><trkpt lat="47.49858" lon="-121.737161"><ele>839.5</ele><time>2024-02-10T21:36:22Z</time></trkpt><trkpt lat="47.498575" lon="-121.737194"><ele>840.0</ele><time>2024-02-10T21:36:24Z</time></trkpt><trkpt lat="47.498632" lon="-121.737236"><ele>842.0</ele><time>2024-02-10T21:36:27Z</time></trkpt><trkpt lat="47.498659" lon="-121.737221"><ele>841.0</ele><time>2024-02-10T21:36:29Z</time></trkpt><trkpt lat="47.498672" lon="-121.737143"><ele>843.0</ele><time>2024-02-10T21:36:36Z</time></trkpt><trkpt lat="47.498683" lon="-121.737174"><ele>840.0</ele><time>2024-02-10T21:36:41Z</time></trkpt><trkpt lat="47.49868" lon="-121.737257"><ele>849.0</ele><time>2024-02-10T21:37:07Z</time></trkpt><trkpt lat="47.498642" lon="-121.737256"><ele>849.0</ele><time>2024-02-10T21:37:12Z</time></trkpt><trkpt lat="47.498611" lon="-121.737301"><ele>849.6</ele><time>2024-02-10T21:37:15Z</time></trkpt><trkpt lat="47.498619" lon="-121.737348"><ele>849.5</ele><time>2024-02-10T21:37:16Z</time></trkpt><trkpt lat="47.498591" lon="-121.737315"><ele>848.0</ele><time>2024-02-10T21:37:19Z</time></trkpt><trkpt lat="47.498561" lon="-121.737306"><ele>846.0</ele><time>2024-02-10T21:37:24Z</time></trkpt><trkpt lat="47.498525" lon="-121.737327"><ele>846.0</ele><time>2024-02-10T21:37:28Z</time></trkpt><trkpt lat="47.498493" lon="-121.737324"><ele>846.0</ele><time>2024-02-10T21:37:31Z</time></trkpt><trkpt lat="47.498464" lon="-121.737336"><ele>845.0</ele><time>2024-02-10T21:37:34Z</time></trkpt><trkpt lat="47.4984" lon="-121.737209"><ele>846.0</ele><time>2024-02-10T21:37:44Z</time></trkpt><trkpt lat="47.498372" lon="-121.737229"><ele>843.0</ele><time>2024-02-10T21:37:50Z</time></trkpt><trkpt lat="47.498349" lon="-121.737295"><ele>843.0</ele><time>2024-02-10T21:37:56Z</time></trkpt><trkpt lat="47.498354" lon="-121.737351"><ele>843.0</ele><time>2024-02-10T21:38:01Z</time></trkpt><trkpt lat="47.498407" lon="-121.737325"><ele>838.0</ele><time>2024-02-10T21:38:13Z</time></trkpt><trkpt lat="47.498433" lon="-121.73734"><ele>842.0</ele><time>2024-02-10T21:38:20Z</time></trkpt><trkpt lat="47.498432" lon="-121.737386"><ele>845.6</ele><time>2024-02-10T21:38:23Z</time></trkpt><trkpt lat="47.498482" lon="-121.737469"><ele>844.0</ele><time>2024-02-10T21:38:25Z</time></trkpt><trkpt lat="47.498519" lon="-121.737476"><ele>846.0</ele><time>2024-02-10T21:38:28Z</time></trkpt><trkpt lat="47.498574" lon="-121.737525"><ele>848.0</ele><time>2024-02-10T21:38:34Z</time></trkpt><trkpt lat="47.498618" lon="-121.737536"><ele>848.0</ele><time>2024-02-10T21:38:36Z</time></trkpt><trkpt lat="47.498637" lon="-121.737515"><ele>851.0</ele><time>2024-02-10T21:38:41Z</time></trkpt><trkpt lat="47.498662" lon="-121.737534"><ele>853.1</ele><time>2024-02-10T21:38:47Z</time></trkpt><trkpt lat="47.498685" lon="-121.737523"><ele>852.0</ele><time>2024-02-10T21:38:48Z</time></trkpt><trkpt lat="47.498718" lon="-121.737537"><ele>854.4</ele><time>2024-02-10T21:38:50Z</time></trkpt><trkpt lat="47.498703" lon="-121.737507"><ele>854.4</ele><time>2024-02-10T21:38:51Z</time></trkpt><trkpt lat="47.49876" lon="-121.737528"><ele>847.0</ele><time>2024-02-10T21:38:58Z</time></trkpt><trkpt lat="47.498822" lon="-121.737477"><ele>858.3</ele><time>2024-02-10T21:39:05Z</time></trkpt><trkpt lat="47.498851" lon="-121.737488"><ele>858.3</ele><time>2024-02-10T21:39:06Z</time></trkpt><trkpt lat="47.498883" lon="-121.737527"><ele>858.0</ele><time>2024-02-10T21:39:08Z</time></trkpt><trkpt lat="47.498875" lon="-121.737602"><ele>859.1</ele><time>2024-02-10T21:39:10Z</time></trkpt><trkpt lat="47.498844" lon="-121.737626"><ele>858.0</ele><time>2024-02-10T21:39:12Z</time></trkpt><trkpt lat="47.498858" lon="-121.737657"><ele>856.7</ele><time>2024-02-10T21:39:14Z</time></trkpt><trkpt lat="47.498807" lon="-121.737678"><ele>854.0</ele><time>2024-02-10T21:39:22Z</time></trkpt><trkpt lat="47.498776" lon="-121.737675"><ele>852.0</ele><time>2024-02-10T21:39:26Z</time></trkpt><trkpt lat="47.498639" lon="-121.737702"><ele>857.0</ele><time>2024-02-10T21:39:34Z</time></trkpt><trkpt lat="47.498588" lon="-121.737678"><ele>858.0</ele><time>2024-02-10T21:39:37Z</time></trkpt><trkpt lat="47.498596" lon="-121.737714"><ele>859.6</ele><time>2024-02-10T21:39:40Z</time></trkpt><trkpt lat="47.498538" lon="-121.737761"><ele>860.0</ele><time>2024-02-10T21:39:56Z</time></trkpt><trkpt lat="47.49856" lon="-121.737787"><ele>860.0</ele><time>2024-02-10T21:40:10Z</time></trkpt><trkpt lat="47.498598" lon="-121.737788"><ele>862.0</ele><time>2024-02-10T21:40:19Z</time></trkpt><trkpt lat="47.498613" lon="-121.737748"><ele>864.0</ele><time>2024-02-10T21:40:22Z</time></trkpt><trkpt lat="47.498738" lon="-121.737654"><ele>865.0</ele><time>2024-02-10T21:40:37Z</time></trkpt><trkpt lat="47.498814" lon="-121.737728"><ele>872.0</ele><time>2024-02-10T21:40:43Z</time></trkpt><trkpt lat="47.498915" lon="-121.737746"><ele>874.0</ele><time>2024-02-10T21:40:49Z</time></trkpt><trkpt lat="47.49896" lon="-121.737719"><ele>874.0</ele><time>2024-02-10T21:40:53Z</time></trkpt><trkpt lat="47.498981" lon="-121.737757"><ele>876.0</ele><time>2024-02-10T21:40:56Z</time></trkpt><trkpt lat="47.499015" lon="-121.737765"><ele>876.0</ele><time>2024-02-10T21:41:00Z</time></trkpt><trkpt lat="47.499029" lon="-121.73773"><ele>876.0</ele><time>2024-02-10T21:41:07Z</time></trkpt><trkpt lat="47.499155" lon="-121.737665"><ele>881.6</ele><time>2024-02-10T21:41:17Z</time></trkpt><trkpt lat="47.499167" lon="-121.737693"><ele>880.0</ele><time>2024-02-10T21:41:19Z</time></trkpt><trkpt lat="47.499204" lon="-121.737689"><ele>881.0</ele><time>2024-02-10T21:41:25Z</time></trkpt><trkpt lat="47.499267" lon="-121.737738"><ele>883.0</ele><time>2024-02-10T21:41:35Z</time></trkpt><trkpt lat="47.499363" lon="-121.737727"><ele>884.0</ele><time>2024-02-10T21:41:46Z</time></trkpt><trkpt lat="47.499487" lon="-121.737675"><ele>890.0</ele><time>2024-02-10T21:41:58Z</time></trkpt><trkpt lat="47.49951" lon="-121.737647"><ele>890.0</ele><time>2024-02-10T21:42:05Z</time></trkpt><trkpt lat="47.49955" lon="-121.737627"><ele>890.0</ele><time>2024-02-10T21:42:10Z</time></trkpt><trkpt lat="47.49961" lon="-121.737614"><ele>890.0</ele><time>2024-02-10T21:42:21Z</time></trkpt><trkpt lat="47.499775" lon="-121.737482"><ele>891.0</ele><time>2024-02-10T21:42:52Z</time></trkpt><trkpt lat="47.499813" lon="-121.737486"><ele>892.0</ele><time>2024-02-10T21:42:54Z</time></trkpt><trkpt lat="47.499784" lon="-121.737549"><ele>892.0</ele><time>2024-02-10T21:42:57Z</time></trkpt><trkpt lat="47.499723" lon="-121.737624"><ele>892.0</ele><time>2024-02-10T21:43:06Z</time></trkpt><trkpt lat="47.499656" lon="-121.737813"><ele>895.0</ele><time>2024-02-10T21:43:27Z</time></trkpt><trkpt lat="47.499611" lon="-121.737811"><ele>897.0</ele><time>2024-02-10T21:43:33Z</time></trkpt><trkpt lat="47.499601" lon="-121.737847"><ele>898.9</ele><time>2024-02-10T21:43:34Z</time></trkpt><trkpt lat="47.499565" lon="-121.737868"><ele>898.0</ele><time>2024-02-10T21:43:37Z</time></trkpt><trkpt lat="47.4995" lon="-121.737949"><ele>900.7</ele><time>2024-02-10T21:43:42Z</time></trkpt><trkpt lat="47.499537" lon="-121.737939"><ele>900.0</ele><time>2024-02-10T21:43:46Z</time></trkpt><trkpt lat="47.49951" lon="-121.737944"><ele>902.9</ele><time>2024-02-10T21:43:50Z</time></trkpt><trkpt lat="47.499477" lon="-121.737991"><ele>902.0</ele><time>2024-02-10T21:43:58Z</time></trkpt><trkpt lat="47.499463" lon="-121.73803"><ele>902.0</ele><time>2024-02-10T21:44:00Z</time></trkpt><trkpt lat="47.499435" lon="-121.738051"><ele>903.0</ele><time>2024-02-10T21:44:04Z</time></trkpt><trkpt lat="47.499405" lon="-121.738041"><ele>903.0</ele><time>2024-02-10T21:44:09Z</time></trkpt><trkpt lat="47.499308" lon="-121.738136"><ele>904.0</ele><time>2024-02-10T21:44:21Z</time></trkpt><trkpt lat="47.499268" lon="-121.738161"><ele>905.8</ele><time>2024-02-10T21:44:25Z</time></trkpt><trkpt lat="47.499249" lon="-121.738129"><ele>904.0</ele><time>2024-02-10T21:44:26Z</time></trkpt><trkpt lat="47.499173" lon="-121.738233"><ele>907.0</ele><time>2024-02-10T21:44:38Z</time></trkpt><trkpt lat="47.499156" lon="-121.738274"><ele>908.1</ele><time>2024-02-10T21:44:41Z</time></trkpt><trkpt lat="47.49913" lon="-121.738259"><ele>906.0</ele><time>2024-02-10T21:44:42Z</time></trkpt><trkpt lat="47.499067" lon="-121.738284"><ele>907.0</ele><time>2024-02-10T21:44:46Z</time></trkpt><trkpt lat="47.499044" lon="-121.738315"><ele>906.0</ele><time>2024-02-10T21:44:49Z</time></trkpt><trkpt lat="47.498986" lon="-121.738348"><ele>904.0</ele><time>2024-02-10T21:44:56Z</time></trkpt><trkpt lat="47.498967" lon="-121.738386"><ele>906.0</ele><time>2024-02-10T21:45:00Z</time></trkpt><trkpt lat="47.498953" lon="-121.738345"><ele>906.4</ele><time>2024-02-10T21:45:02Z</time></trkpt><trkpt lat="47.498957" lon="-121.738437"><ele>906.4</ele><time>2024-02-10T21:45:04Z</time></trkpt><trkpt lat="47.498944" lon="-121.738396"><ele>904.0</ele><time>2024-02-10T21:45:07Z</time></trkpt><trkpt lat="47.498912" lon="-121.738483"><ele>904.0</ele><time>2024-02-10T21:45:14Z</time></trkpt><trkpt lat="47.498898" lon="-121.738564"><ele>905.0</ele><time>2024-02-10T21:45:20Z</time></trkpt><trkpt lat="47.49892" lon="-121.738614"><ele>907.0</ele><time>2024-02-10T21:45:26Z</time></trkpt><trkpt lat="47.498892" lon="-121.738677"><ele>909.2</ele><time>2024-02-10T21:45:31Z</time></trkpt><trkpt lat="47.498912" lon="-121.738801"><ele>910.0</ele><time>2024-02-10T21:45:40Z</time></trkpt><trkpt lat="47.498883" lon="-121.73888"><ele>909.0</ele><time>2024-02-10T21:45:48Z</time></trkpt><trkpt lat="47.498899" lon="-121.738972"><ele>912.0</ele><time>2024-02-10T21:45:55Z</time></trkpt><trkpt lat="47.498924" lon="-121.738943"><ele>909.0</ele><time>2024-02-10T21:45:59Z</time></trkpt><trkpt lat="47.49892" lon="-121.738995"><ele>908.0</ele><time>2024-02-10T21:46:04Z</time></trkpt><trkpt lat="47.498948" lon="-121.739009"><ele>909.0</ele><time>2024-02-10T21:46:10Z</time></trkpt><trkpt lat="47.49899" lon="-121.738998"><ele>911.7</ele><time>2024-02-10T21:46:19Z</time></trkpt><trkpt lat="47.498964" lon="-121.739006"><ele>912.0</ele><time>2024-02-10T21:46:21Z</time></trkpt><trkpt lat="47.498952" lon="-121.738891"><ele>912.0</ele><time>2024-02-10T21:46:35Z</time></trkpt><trkpt lat="47.498994" lon="-121.73882"><ele>913.0</ele><time>2024-02-10T21:46:39Z</time></trkpt><trkpt lat="47.498998" lon="-121.738774"><ele>915.4</ele><time>2024-02-10T21:46:41Z</time></trkpt><trkpt lat="47.499079" lon="-121.738758"><ele>917.0</ele><time>2024-02-10T21:46:49Z</time></trkpt><trkpt lat="47.499098" lon="-121.73873"><ele>917.0</ele><time>2024-02-10T21:46:52Z</time></trkpt><trkpt lat="47.499138" lon="-121.738729"><ele>917.0</ele><time>2024-02-10T21:46:55Z</time></trkpt><trkpt lat="47.499162" lon="-121.738692"><ele>920.0</ele><time>2024-02-10T21:46:59Z</time></trkpt><trkpt lat="47.499201" lon="-121.738665"><ele>917.0</ele><time>2024-02-10T21:47:05Z</time></trkpt><trkpt lat="47.499252" lon="-121.738669"><ele>922.9</ele><time>2024-02-10T21:47:10Z</time></trkpt><trkpt lat="47.499272" lon="-121.738641"><ele>924.0</ele><time>2024-02-10T21:47:11Z</time></trkpt><trkpt lat="47.499314" lon="-121.738654"><ele>923.0</ele><time>2024-02-10T21:47:19Z</time></trkpt><trkpt lat="47.499281" lon="-121.738627"><ele>924.0</ele><time>2024-02-10T21:47:24Z</time></trkpt><trkpt lat="47.499245" lon="-121.738667"><ele>924.0</ele><time>2024-02-10T21:47:34Z</time></trkpt><trkpt lat="47.49927" lon="-121.738686"><ele>924.0</ele><time>2024-02-10T21:47:39Z</time></trkpt><trkpt lat="47.499308" lon="-121.738681"><ele>924.0</ele><time>2024-02-10T21:47:43Z</time></trkpt><trkpt lat="47.499309" lon="-121.738651"><ele>926.0</ele><time>2024-02-10T21:47:47Z</time></trkpt><trkpt lat="47.499269" lon="-121.738685"><ele>924.0</ele><time>2024-02-10T21:47:55Z</time></trkpt><trkpt lat="47.499293" lon="-121.738708"><ele>924.0</ele><time>2024-02-10T21:48:03Z</time></trkpt><trkpt lat="47.499334" lon="-121.738683"><ele>924.0</ele><time>2024-02-10T21:48:07Z</time></trkpt><trkpt lat="47.499335" lon="-121.738652"><ele>926.0</ele><time>2024-02-10T21:48:10Z</time></trkpt><trkpt lat="47.499407" lon="-121.7386"><ele>925.0</ele><time>2024-02-10T21:48:14Z</time></trkpt><trkpt lat="47.499452" lon="-121.738644"><ele>927.0</ele><time>2024-02-10T21:48:21Z</time></trkpt><trkpt lat="47.499483" lon="-121.738621"><ele>928.7</ele><time>2024-02-10T21:48:22Z</time></trkpt><trkpt lat="47.499468" lon="-121.738654"><ele>925.0</ele><time>2024-02-10T21:48:25Z</time></trkpt><trkpt lat="47.499575" lon="-121.738625"><ele>930.4</ele><time>2024-02-10T21:48:42Z</time></trkpt><trkpt lat="47.499628" lon="-121.738634"><ele>931.0</ele><time>2024-02-10T21:48:48Z</time></trkpt><trkpt lat="47.499739" lon="-121.738587"><ele>935.4</ele><time>2024-02-10T21:48:55Z</time></trkpt><trkpt lat="47.499702" lon="-121.73863"><ele>933.0</ele><time>2024-02-10T21:48:59Z</time></trkpt><trkpt lat="47.499744" lon="-121.738645"><ele>931.0</ele><time>2024-02-10T21:49:06Z</time></trkpt><trkpt lat="47.499786" lon="-121.738589"><ele>935.0</ele><time>2024-02-10T21:49:15Z</time></trkpt><trkpt lat="47.499818" lon="-121.738624"><ele>931.0</ele><time>2024-02-10T21:49:20Z</time></trkpt><trkpt lat="47.499786" lon="-121.738643"><ele>936.0</ele><time>2024-02-10T21:49:31Z</time></trkpt><trkpt lat="47.499809" lon="-121.738613"><ele>936.0</ele><time>2024-02-10T21:49:42Z</time></trkpt><trkpt lat="47.499807" lon="-121.738583"><ele>936.0</ele><time>2024-02-10T21:49:45Z</time></trkpt><trkpt lat="47.499871" lon="-121.738599"><ele>936.0</ele><time>2024-02-10T21:49:51Z</time></trkpt><trkpt lat="47.499927" lon="-121.738589"><ele>935.0</ele><time>2024-02-10T21:49:57Z</time></trkpt><trkpt lat="47.499969" lon="-121.738539"><ele>936.0</ele><time>2024-02-10T21:50:11Z</time></trkpt><trkpt lat="47.499992" lon="-121.738568"><ele>936.0</ele><time>2024-02-10T21:50:29Z</time></trkpt><trkpt lat="47.500103" lon="-121.738504"><ele>937.0</ele><time>2024-02-10T21:50:44Z</time></trkpt><trkpt lat="47.500119" lon="-121.738472"><ele>942.0</ele><time>2024-02-10T21:50:49Z</time></trkpt><trkpt lat="47.500151" lon="-121.738458"><ele>942.4</ele><time>2024-02-10T21:50:53Z</time></trkpt><trkpt lat="47.500152" lon="-121.738475"><ele>940.0</ele><time>2024-02-10T21:50:58Z</time></trkpt><trkpt lat="47.500181" lon="-121.738467"><ele>941.0</ele><time>2024-02-10T21:51:04Z</time></trkpt><trkpt lat="47.500243" lon="-121.738471"><ele>942.0</ele><time>2024-02-10T21:51:10Z</time></trkpt><trkpt lat="47.500296" lon="-121.738533"><ele>942.0</ele><time>2024-02-10T21:51:22Z</time></trkpt><trkpt lat="47.500328" lon="-121.738588"><ele>945.0</ele><time>2024-02-10T21:51:29Z</time></trkpt><trkpt lat="47.500372" lon="-121.738594"><ele>945.0</ele><time>2024-02-10T21:51:33Z</time></trkpt><trkpt lat="47.500384" lon="-121.738627"><ele>946.0</ele><time>2024-02-10T21:51:37Z</time></trkpt><trkpt lat="47.500419" lon="-121.738618"><ele>946.5</ele><time>2024-02-10T21:51:38Z</time></trkpt><trkpt lat="47.500433" lon="-121.738649"><ele>944.0</ele><time>2024-02-10T21:51:41Z</time></trkpt><trkpt lat="47.500466" lon="-121.738669"><ele>945.0</ele><time>2024-02-10T21:51:44Z</time></trkpt><trkpt lat="47.500481" lon="-121.738717"><ele>948.0</ele><time>2024-02-10T21:51:49Z</time></trkpt><trkpt lat="47.500508" lon="-121.73875"><ele>948.0</ele><time>2024-02-10T21:51:52Z</time></trkpt><trkpt lat="47.500539" lon="-121.738764"><ele>948.0</ele><time>2024-02-10T21:51:56Z</time></trkpt><trkpt lat="47.500582" lon="-121.73884"><ele>952.0</ele><time>2024-02-10T21:52:08Z</time></trkpt><trkpt lat="47.500623" lon="-121.738846"><ele>954.0</ele><time>2024-02-10T21:52:12Z</time></trkpt><trkpt lat="47.500608" lon="-121.738889"><ele>954.0</ele><time>2024-02-10T21:52:19Z</time></trkpt><trkpt lat="47.500639" lon="-121.738897"><ele>954.0</ele><time>2024-02-10T21:52:25Z</time></trkpt><trkpt lat="47.500668" lon="-121.738951"><ele>957.0</ele><time>2024-02-10T21:52:29Z</time></trkpt><trkpt lat="47.500781" lon="-121.738933"><ele>956.0</ele><time>2024-02-10T21:52:36Z</time></trkpt><trkpt lat="47.500787" lon="-121.738988"><ele>960.0</ele><time>2024-02-10T21:52:44Z</time></trkpt><trkpt lat="47.500836" lon="-121.738977"><ele>960.0</ele><time>2024-02-10T21:52:55Z</time></trkpt><trkpt lat="47.500848" lon="-121.738944"><ele>962.0</ele><time>2024-02-10T21:52:59Z</time></trkpt><trkpt lat="47.500908" lon="-121.738949"><ele>960.0</ele><time>2024-02-10T21:53:06Z</time></trkpt><trkpt lat="47.500955" lon="-121.73894"><ele>963.0</ele><time>2024-02-10T21:53:10Z</time></trkpt><trkpt lat="47.50092" lon="-121.738955"><ele>960.0</ele><time>2024-02-10T21:53:28Z</time></trkpt><trkpt lat="47.50087" lon="-121.738997"><ele>961.0</ele><time>2024-02-10T21:53:53Z</time></trkpt><trkpt lat="47.500956" lon="-121.739041"><ele>962.0</ele><time>2024-02-10T21:54:05Z</time></trkpt><trkpt lat="47.500928" lon="-121.739051"><ele>960.0</ele><time>2024-02-10T21:54:12Z</time></trkpt><trkpt lat="47.500897" lon="-121.739018"><ele>963.0</ele><time>2024-02-10T21:54:19Z</time></trkpt><trkpt lat="47.500856" lon="-121.739039"><ele>963.0</ele><time>2024-02-10T21:54:27Z</time></trkpt><trkpt lat="47.500891" lon="-121.739046"><ele>963.0</ele><time>2024-02-10T21:54:33Z</time></trkpt><trkpt lat="47.500905" lon="-121.73903"><ele>964.0</ele><time>2024-02-10T21:54:39Z</time></trkpt><trkpt lat="47.500855" lon="-121.739002"><ele>963.0</ele><time>2024-02-10T21:54:51Z</time></trkpt><trkpt lat="47.500898" lon="-121.738987"><ele>964.3</ele><time>2024-02-10T21:55:00Z</time></trkpt><trkpt lat="47.500922" lon="-121.739055"><ele>964.0</ele><time>2024-02-10T21:55:01Z</time></trkpt><trkpt lat="47.500925" lon="-121.739017"><ele>960.0</ele><time>2024-02-10T21:55:05Z</time></trkpt><trkpt lat="47.500874" lon="-121.739001"><ele>964.0</ele><time>2024-02-10T21:55:10Z</time></trkpt><trkpt lat="47.500836" lon="-121.739014"><ele>963.0</ele><time>2024-02-10T21:55:14Z</time></trkpt><trkpt lat="47.50088" lon="-121.738974"><ele>965.3</ele><time>2024-02-10T21:55:16Z</time></trkpt><trkpt lat="47.500909" lon="-121.738982"><ele>965.1</ele><time>2024-02-10T21:55:17Z</time></trkpt><trkpt lat="47.500886" lon="-121.738957"><ele>963.0</ele><time>2024-02-10T21:55:19Z</time></trkpt><trkpt lat="47.500929" lon="-121.738943"><ele>964.0</ele><time>2024-02-10T21:55:21Z</time></trkpt><trkpt lat="47.500955" lon="-121.739047"><ele>964.8</ele><time>2024-02-10T21:55:29Z</time></trkpt><trkpt lat="47.50094" lon="-121.739019"><ele>965.0</ele><time>2024-02-10T21:55:39Z</time></trkpt><trkpt lat="47.500981" lon="-121.738967"><ele>965.6</ele><time>2024-02-10T21:55:41Z</time></trkpt><trkpt lat="47.500962" lon="-121.738907"><ele>965.0</ele><time>2024-02-10T21:55:44Z</time></trkpt><trkpt lat="47.500971" lon="-121.738883"><ele>965.0</ele><time>2024-02-10T21:55:49Z</time></trkpt><trkpt lat="47.50097" lon="-121.738925"><ele>961.0</ele><time>2024-02-10T21:56:04Z</time></trkpt><trkpt lat="47.501026" lon="-121.738903"><ele>960.0</ele><time>2024-02-10T21:56:15Z</time></trkpt><trkpt lat="47.501048" lon="-121.738933"><ele>963.0</ele><time>2024-02-10T21:56:19Z</time></trkpt><trkpt lat="47.501149" lon="-121.738905"><ele>964.0</ele><time>2024-02-10T21:56:40Z</time></trkpt><trkpt lat="47.501104" lon="-121.738923"><ele>964.0</ele><time>2024-02-10T21:56:45Z</time></trkpt><trkpt lat="47.501032" lon="-121.739005"><ele>964.0</ele><time>2024-02-10T21:56:55Z</time></trkpt><trkpt lat="47.501011" lon="-121.739065"><ele>962.0</ele><time>2024-02-10T21:57:05Z</time></trkpt><trkpt lat="47.500936" lon="-121.739176"><ele>968.8</ele><time>2024-02-10T21:57:19Z</time></trkpt><trkpt lat="47.500867" lon="-121.739177"><ele>968.0</ele><time>2024-02-10T21:57:26Z</time></trkpt><trkpt lat="47.500835" lon="-121.739244"><ele>970.0</ele><time>2024-02-10T21:57:32Z</time></trkpt><trkpt lat="47.500842" lon="-121.739237"><ele>972.0</ele><time>2024-02-10T21:57:39Z</time></trkpt><trkpt lat="47.500836" lon="-121.739314"><ele>973.2</ele><time>2024-02-10T21:57:41Z</time></trkpt><trkpt lat="47.500779" lon="-121.739327"><ele>973.3</ele><time>2024-02-10T21:57:42Z</time></trkpt><trkpt lat="47.500744" lon="-121.739348"><ele>973.6</ele><time>2024-02-10T21:57:43Z</time></trkpt><trkpt lat="47.50072" lon="-121.739247"><ele>972.0</ele><time>2024-02-10T21:57:48Z</time></trkpt><trkpt lat="47.500644" lon="-121.739284"><ele>972.0</ele><time>2024-02-10T21:58:03Z</time></trkpt><trkpt lat="47.500614" lon="-121.739265"><ele>975.0</ele><time>2024-02-10T21:58:08Z</time></trkpt><trkpt lat="47.500579" lon="-121.739311"><ele>976.0</ele><time>2024-02-10T21:58:15Z</time></trkpt><trkpt lat="47.500501" lon="-121.73938"><ele>977.0</ele><time>2024-02-10T21:58:28Z</time></trkpt><trkpt lat="47.50034" lon="-121.739389"><ele>973.0</ele><time>2024-02-10T21:58:49Z</time></trkpt><trkpt lat="47.500308" lon="-121.739405"><ele>977.0</ele><time>2024-02-10T21:58:54Z</time></trkpt><trkpt lat="47.500282" lon="-121.739433"><ele>976.0</ele><time>2024-02-10T21:58:58Z</time></trkpt><trkpt lat="47.500276" lon="-121.739467"><ele>978.0</ele><time>2024-02-10T21:59:02Z</time></trkpt><trkpt lat="47.500212" lon="-121.739533"><ele>975.0</ele><time>2024-02-10T21:59:11Z</time></trkpt><trkpt lat="47.500162" lon="-121.739651"><ele>979.0</ele><time>2024-02-10T21:59:21Z</time></trkpt><trkpt lat="47.500164" lon="-121.739732"><ele>979.0</ele><time>2024-02-10T21:59:30Z</time></trkpt><trkpt lat="47.500192" lon="-121.739759"><ele>978.0</ele><time>2024-02-10T21:59:39Z</time></trkpt><trkpt lat="47.50029" lon="-121.73974"><ele>980.0</ele><time>2024-02-10T21:59:50Z</time></trkpt><trkpt lat="47.500309" lon="-121.739777"><ele>983.0</ele><time>2024-02-10T21:59:58Z</time></trkpt><trkpt lat="47.500388" lon="-121.739775"><ele>984.0</ele><time>2024-02-10T22:00:06Z</time></trkpt><trkpt lat="47.50045" lon="-121.73984"><ele>988.0</ele><time>2024-02-10T22:00:19Z</time></trkpt><trkpt lat="47.500487" lon="-121.739852"><ele>990.0</ele><time>2024-02-10T22:00:23Z</time></trkpt><trkpt lat="47.500511" lon="-121.739874"><ele>990.0</ele><time>2024-02-10T22:00:26Z</time></trkpt><trkpt lat="47.500556" lon="-121.739894"><ele>990.0</ele><time>2024-02-10T22:00:34Z</time></trkpt><trkpt lat="47.500581" lon="-121.739927"><ele>995.9</ele><time>2024-02-10T22:00:42Z</time></trkpt><trkpt lat="47.500649" lon="-121.739939"><ele>995.0</ele><time>2024-02-10T22:00:52Z</time></trkpt><trkpt lat="47.500715" lon="-121.739984"><ele>999.0</ele><time>2024-02-10T22:01:04Z</time></trkpt><trkpt lat="47.500763" lon="-121.739991"><ele>999.0</ele><time>2024-02-10T22:01:09Z</time></trkpt><trkpt lat="47.50079" lon="-121.740025"><ele>999.0</ele><time>2024-02-10T22:01:12Z</time></trkpt><trkpt lat="47.500851" lon="-121.740064"><ele>1001.0</ele><time>2024-02-10T22:01:24Z</time></trkpt><trkpt lat="47.500932" lon="-121.740061"><ele>1005.0</ele><time>2024-02-10T22:01:33Z</time></trkpt><trkpt lat="47.501073" lon="-121.740005"><ele>1005.0</ele><time>2024-02-10T22:01:50Z</time></trkpt><trkpt lat="47.501097" lon="-121.739981"><ele>1007.0</ele><time>2024-02-10T22:01:54Z</time></trkpt><trkpt lat="47.501152" lon="-121.739964"><ele>1008.0</ele><time>2024-02-10T22:02:00Z</time></trkpt><trkpt lat="47.501169" lon="-121.739906"><ele>1008.0</ele><time>2024-02-10T22:02:05Z</time></trkpt><trkpt lat="47.501225" lon="-121.739898"><ele>1008.0</ele><time>2024-02-10T22:02:15Z</time></trkpt><trkpt lat="47.501246" lon="-121.739926"><ele>1007.0</ele><time>2024-02-10T22:02:19Z</time></trkpt><trkpt lat="47.50132" lon="-121.739934"><ele>1009.0</ele><time>2024-02-10T22:02:26Z</time></trkpt><trkpt lat="47.501464" lon="-121.739997"><ele>1008.0</ele><time>2024-02-10T22:02:52Z</time></trkpt><trkpt lat="47.50155" lon="-121.739997"><ele>1012.0</ele><time>2024-02-10T22:03:00Z</time></trkpt><trkpt lat="47.501592" lon="-121.739983"><ele>1014.0</ele><time>2024-02-10T22:03:03Z</time></trkpt><trkpt lat="47.501599" lon="-121.739932"><ele>1010.0</ele><time>2024-02-10T22:03:06Z</time></trkpt><trkpt lat="47.501649" lon="-121.739933"><ele>1013.7</ele><time>2024-02-10T22:03:09Z</time></trkpt><trkpt lat="47.501697" lon="-121.739971"><ele>1013.0</ele><time>2024-02-10T22:03:12Z</time></trkpt><trkpt lat="47.501702" lon="-121.739947"><ele>1014.0</ele><time>2024-02-10T22:03:19Z</time></trkpt><trkpt lat="47.501676" lon="-121.739958"><ele>1016.5</ele><time>2024-02-10T22:03:30Z</time></trkpt><trkpt lat="47.501667" lon="-121.74001"><ele>1014.0</ele><time>2024-02-10T22:03:32Z</time></trkpt><trkpt lat="47.501702" lon="-121.73998"><ele>1016.7</ele><time>2024-02-10T22:03:34Z</time></trkpt><trkpt lat="47.501734" lon="-121.739972"><ele>1010.0</ele><time>2024-02-10T22:03:39Z</time></trkpt><trkpt lat="47.501803" lon="-121.739975"><ele>1015.0</ele><time>2024-02-10T22:03:52Z</time></trkpt><trkpt lat="47.501891" lon="-121.7399"><ele>1015.0</ele><time>2024-02-10T22:04:10Z</time></trkpt><trkpt lat="47.50191" lon="-121.739899"><ele>1016.0</ele><time>2024-02-10T22:04:19Z</time></trkpt><trkpt lat="47.501946" lon="-121.739864"><ele>1016.0</ele><time>2024-02-10T22:04:25Z</time></trkpt><trkpt lat="47.502013" lon="-121.739855"><ele>1018.0</ele><time>2024-02-10T22:04:31Z</time></trkpt><trkpt lat="47.50211" lon="-121.739805"><ele>1018.0</ele><time>2024-02-10T22:04:47Z</time></trkpt><trkpt lat="47.502152" lon="-121.739834"><ele>1020.0</ele><time>2024-02-10T22:04:55Z</time></trkpt><trkpt lat="47.502183" lon="-121.739836"><ele>1022.0</ele><time>2024-02-10T22:05:10Z</time></trkpt><trkpt lat="47.502236" lon="-121.739814"><ele>1020.0</ele><time>2024-02-10T22:05:14Z</time></trkpt><trkpt lat="47.502265" lon="-121.739784"><ele>1024.0</ele><time>2024-02-10T22:05:21Z</time></trkpt><trkpt lat="47.50227" lon="-121.739742"><ele>1025.9</ele><time>2024-02-10T22:05:25Z</time></trkpt><trkpt lat="47.502315" lon="-121.739742"><ele>1024.0</ele><time>2024-02-10T22:05:28Z</time></trkpt><trkpt lat="47.502341" lon="-121.739777"><ele>1026.0</ele><time>2024-02-10T22:05:32Z</time></trkpt><trkpt lat="47.502353" lon="-121.739747"><ele>1024.0</ele><time>2024-02-10T22:05:35Z</time></trkpt><trkpt lat="47.502396" lon="-121.739717"><ele>1025.0</ele><time>2024-02-10T22:05:42Z</time></trkpt><trkpt lat="47.502353" lon="-121.739694"><ele>1025.3</ele><time>2024-02-10T22:05:50Z</time></trkpt><trkpt lat="47.502368" lon="-121.739672"><ele>1025.0</ele><time>2024-02-10T22:05:55Z</time></trkpt><trkpt lat="47.50242" lon="-121.739739"><ele>1026.0</ele><time>2024-02-10T22:06:11Z</time></trkpt><trkpt lat="47.502488" lon="-121.739688"><ele>1028.0</ele><time>2024-02-10T22:06:21Z</time></trkpt><trkpt lat="47.502475" lon="-121.739645"><ele>1029.2</ele><time>2024-02-10T22:06:23Z</time></trkpt><trkpt lat="47.502571" lon="-121.739615"><ele>1030.0</ele><time>2024-02-10T22:06:39Z</time></trkpt><trkpt lat="47.502588" lon="-121.739531"><ele>1030.0</ele><time>2024-02-10T22:06:46Z</time></trkpt><trkpt lat="47.502632" lon="-121.739461"><ele>1033.4</ele><time>2024-02-10T22:06:55Z</time></trkpt><trkpt lat="47.502635" lon="-121.739397"><ele>1032.8</ele><time>2024-02-10T22:07:01Z</time></trkpt><trkpt lat="47.502667" lon="-121.739395"><ele>1032.0</ele><time>2024-02-10T22:07:05Z</time></trkpt><trkpt lat="47.502708" lon="-121.739366"><ele>1033.0</ele><time>2024-02-10T22:07:14Z</time></trkpt><trkpt lat="47.502692" lon="-121.739421"><ele>1031.0</ele><time>2024-02-10T22:07:21Z</time></trkpt><trkpt lat="47.502724" lon="-121.739358"><ele>1036.0</ele><time>2024-02-10T22:07:26Z</time></trkpt><trkpt lat="47.502753" lon="-121.739265"><ele>1036.0</ele><time>2024-02-10T22:07:38Z</time></trkpt><trkpt lat="47.502711" lon="-121.739361"><ele>1036.0</ele><time>2024-02-10T22:07:46Z</time></trkpt><trkpt lat="47.502749" lon="-121.739301"><ele>1037.1</ele><time>2024-02-10T22:07:48Z</time></trkpt><trkpt lat="47.502772" lon="-121.739189"><ele>1038.0</ele><time>2024-02-10T22:07:57Z</time></trkpt><trkpt lat="47.502801" lon="-121.739144"><ele>1038.0</ele><time>2024-02-10T22:08:05Z</time></trkpt><trkpt lat="47.502886" lon="-121.739055"><ele>1041.0</ele><time>2024-02-10T22:08:22Z</time></trkpt><trkpt lat="47.502837" lon="-121.739119"><ele>1048.7</ele><time>2024-02-10T22:08:32Z</time></trkpt><trkpt lat="47.502841" lon="-121.739026"><ele>1045.0</ele><time>2024-02-10T22:08:52Z</time></trkpt><trkpt lat="47.502867" lon="-121.738988"><ele>1044.0</ele><time>2024-02-10T22:09:11Z</time></trkpt><trkpt lat="47.5029" lon="-121.738991"><ele>1044.0</ele><time>2024-02-10T22:09:16Z</time></trkpt><trkpt lat="47.502925" lon="-121.738876"><ele>1045.0</ele><time>2024-02-10T22:09:25Z</time></trkpt><trkpt lat="47.502925" lon="-121.73881"><ele>1045.0</ele><time>2024-02-10T22:09:29Z</time></trkpt><trkpt lat="47.502944" lon="-121.738737"><ele>1046.0</ele><time>2024-02-10T22:09:34Z</time></trkpt><trkpt lat="47.502939" lon="-121.738682"><ele>1046.0</ele><time>2024-02-10T22:09:38Z</time></trkpt><trkpt lat="47.503017" lon="-121.738634"><ele>1046.0</ele><time>2024-02-10T22:09:47Z</time></trkpt><trkpt lat="47.503036" lon="-121.738495"><ele>1047.0</ele><time>2024-02-10T22:09:56Z</time></trkpt><trkpt lat="47.503058" lon="-121.738473"><ele>1047.0</ele><time>2024-02-10T22:09:58Z</time></trkpt><trkpt lat="47.503054" lon="-121.738508"><ele>1044.0</ele><time>2024-02-10T22:10:08Z</time></trkpt><trkpt lat="47.503116" lon="-121.738471"><ele>1045.0</ele><time>2024-02-10T22:10:17Z</time></trkpt><trkpt lat="47.503151" lon="-121.738484"><ele>1046.0</ele><time>2024-02-10T22:10:19Z</time></trkpt><trkpt lat="47.50317" lon="-121.738446"><ele>1044.0</ele><time>2024-02-10T22:10:23Z</time></trkpt><trkpt lat="47.50322" lon="-121.738432"><ele>1049.2</ele><time>2024-02-10T22:10:26Z</time></trkpt><trkpt lat="47.503197" lon="-121.738473"><ele>1049.0</ele><time>2024-02-10T22:10:28Z</time></trkpt><trkpt lat="47.503273" lon="-121.738435"><ele>1054.1</ele><time>2024-02-10T22:10:38Z</time></trkpt><trkpt lat="47.503271" lon="-121.738396"><ele>1055.3</ele><time>2024-02-10T22:10:39Z</time></trkpt><trkpt lat="47.503302" lon="-121.738334"><ele>1054.0</ele><time>2024-02-10T22:10:43Z</time></trkpt><trkpt lat="47.503349" lon="-121.73833"><ele>1055.0</ele><time>2024-02-10T22:10:49Z</time></trkpt><trkpt lat="47.503381" lon="-121.738276"><ele>1057.8</ele><time>2024-02-10T22:11:03Z</time></trkpt><trkpt lat="47.503426" lon="-121.738292"><ele>1055.0</ele><time>2024-02-10T22:11:05Z</time></trkpt><trkpt lat="47.503448" lon="-121.738246"><ele>1056.0</ele><time>2024-02-10T22:11:14Z</time></trkpt><trkpt lat="47.503431" lon="-121.738228"><ele>1060.0</ele><time>2024-02-10T22:11:18Z</time></trkpt><trkpt lat="47.503492" lon="-121.738164"><ele>1061.0</ele><time>2024-02-10T22:11:25Z</time></trkpt><trkpt lat="47.503548" lon="-121.738084"><ele>1062.0</ele><time>2024-02-10T22:11:35Z</time></trkpt><trkpt lat="47.503554" lon="-121.73799"><ele>1061.0</ele><time>2024-02-10T22:11:41Z</time></trkpt><trkpt lat="47.503614" lon="-121.737913"><ele>1063.0</ele><time>2024-02-10T22:11:54Z</time></trkpt><trkpt lat="47.503671" lon="-121.737898"><ele>1062.0</ele><time>2024-02-10T22:12:02Z</time></trkpt><trkpt lat="47.503715" lon="-121.737841"><ele>1064.0</ele><time>2024-02-10T22:12:09Z</time></trkpt><trkpt lat="47.503702" lon="-121.737866"><ele>1061.0</ele><time>2024-02-10T22:12:16Z</time></trkpt><trkpt lat="47.503664" lon="-121.737884"><ele>1050.0</ele><time>2024-02-10T22:12:39Z</time></trkpt><trkpt lat="47.503696" lon="-121.737839"><ele>1064.0</ele><time>2024-02-10T22:13:00Z</time></trkpt><trkpt lat="47.50372" lon="-121.737924"><ele>1065.0</ele><time>2024-02-10T22:13:04Z</time></trkpt><trkpt lat="47.503745" lon="-121.737879"><ele>1065.7</ele><time>2024-02-10T22:13:07Z</time></trkpt><trkpt lat="47.503767" lon="-121.737889"><ele>1065.0</ele><time>2024-02-10T22:13:09Z</time></trkpt><trkpt lat="47.503866" lon="-121.737841"><ele>1064.0</ele><time>2024-02-10T22:13:27Z</time></trkpt><trkpt lat="47.503876" lon="-121.737743"><ele>1065.0</ele><time>2024-02-10T22:13:38Z</time></trkpt><trkpt lat="47.503894" lon="-121.737785"><ele>1064.0</ele><time>2024-02-10T22:13:47Z</time></trkpt><trkpt lat="47.503858" lon="-121.737806"><ele>1063.0</ele><time>2024-02-10T22:14:02Z</time></trkpt><trkpt lat="47.503873" lon="-121.737837"><ele>1065.0</ele><time>2024-02-10T22:14:10Z</time></trkpt><trkpt lat="47.503878" lon="-121.7378"><ele>1064.0</ele><time>2024-02-10T22:14:12Z</time></trkpt><trkpt lat="47.50387" lon="-121.737745"><ele>1064.0</ele><time>2024-02-10T22:14:21Z</time></trkpt><trkpt lat="47.503901" lon="-121.737833"><ele>1067.0</ele><time>2024-02-10T22:14:27Z</time></trkpt><trkpt lat="47.503872" lon="-121.737901"><ele>1065.1</ele><time>2024-02-10T22:14:49Z</time></trkpt><trkpt lat="47.503881" lon="-121.73783"><ele>1064.0</ele><time>2024-02-10T22:14:58Z</time></trkpt><trkpt lat="47.503926" lon="-121.737863"><ele>1064.0</ele><time>2024-02-10T22:15:02Z</time></trkpt><trkpt lat="47.503924" lon="-121.737825"><ele>1068.0</ele><time>2024-02-10T22:15:21Z</time></trkpt><trkpt lat="47.503964" lon="-121.737846"><ele>1066.0</ele><time>2024-02-10T22:15:31Z</time></trkpt><trkpt lat="47.503996" lon="-121.737793"><ele>1070.0</ele><time>2024-02-10T22:15:44Z</time></trkpt><trkpt lat="47.503936" lon="-121.737814"><ele>1070.7</ele><time>2024-02-10T22:15:46Z</time></trkpt><trkpt lat="47.503916" lon="-121.737837"><ele>1069.8</ele><time>2024-02-10T22:15:47Z</time></trkpt><trkpt lat="47.50393" lon="-121.737772"><ele>1068.0</ele><time>2024-02-10T22:15:50Z</time></trkpt><trkpt lat="47.503899" lon="-121.73775"><ele>1068.0</ele><time>2024-02-10T22:15:53Z</time></trkpt><trkpt lat="47.503886" lon="-121.737795"><ele>1064.0</ele><time>2024-02-10T22:16:15Z</time></trkpt><trkpt lat="47.503843" lon="-121.737876"><ele>1067.0</ele><time>2024-02-10T22:16:31Z</time></trkpt><trkpt lat="47.503896" lon="-121.737871"><ele>1065.0</ele><time>2024-02-10T22:16:35Z</time></trkpt><trkpt lat="47.503831" lon="-121.737874"><ele>1065.0</ele><time>2024-02-10T22:17:15Z</time></trkpt><trkpt lat="47.503866" lon="-121.737847"><ele>1062.0</ele><time>2024-02-10T22:17:28Z</time></trkpt><trkpt lat="47.50383" lon="-121.737825"><ele>1065.0</ele><time>2024-02-10T22:17:39Z</time></trkpt><trkpt lat="47.503869" lon="-121.737838"><ele>1064.0</ele><time>2024-02-10T22:17:44Z</time></trkpt><trkpt lat="47.503902" lon="-121.737809"><ele>1064.0</ele><time>2024-02-10T22:17:50Z</time></trkpt><trkpt lat="47.503881" lon="-121.737846"><ele>1066.0</ele><time>2024-02-10T22:17:54Z</time></trkpt><trkpt lat="47.503849" lon="-121.737862"><ele>1065.0</ele><time>2024-02-10T22:17:59Z</time></trkpt><trkpt lat="47.503868" lon="-121.737814"><ele>1056.0</ele><time>2024-02-10T22:18:14Z</time></trkpt><trkpt lat="47.503771" lon="-121.737897"><ele>1068.0</ele><time>2024-02-10T22:18:53Z</time></trkpt><trkpt lat="47.503751" lon="-121.737953"><ele>1071.0</ele><time>2024-02-10T22:18:59Z</time></trkpt><trkpt lat="47.503727" lon="-121.737986"><ele>1072.3</ele><time>2024-02-10T22:19:03Z</time></trkpt><trkpt lat="47.503677" lon="-121.738111"><ele>1068.0</ele><time>2024-02-10T22:19:16Z</time></trkpt><trkpt lat="47.50365" lon="-121.738268"><ele>1073.5</ele><time>2024-02-10T22:19:24Z</time></trkpt><trkpt lat="47.503671" lon="-121.738299"><ele>1072.0</ele><time>2024-02-10T22:19:27Z</time></trkpt><trkpt lat="47.503659" lon="-121.738403"><ele>1074.0</ele><time>2024-02-10T22:19:35Z</time></trkpt><trkpt lat="47.503564" lon="-121.738759"><ele>1080.0</ele><time>2024-02-10T22:20:10Z</time></trkpt><trkpt lat="47.503569" lon="-121.738827"><ele>1080.0</ele><time>2024-02-10T22:20:15Z</time></trkpt><trkpt lat="47.503523" lon="-121.738921"><ele>1083.0</ele><time>2024-02-10T22:20:28Z</time></trkpt><trkpt lat="47.503519" lon="-121.738975"><ele>1084.0</ele><time>2024-02-10T22:20:33Z</time></trkpt><trkpt lat="47.503478" lon="-121.73908"><ele>1083.0</ele><time>2024-02-10T22:20:42Z</time></trkpt><trkpt lat="47.50347" lon="-121.739138"><ele>1084.0</ele><time>2024-02-10T22:20:48Z</time></trkpt><trkpt lat="47.503496" lon="-121.739205"><ele>1085.0</ele><time>2024-02-10T22:20:55Z</time></trkpt><trkpt lat="47.503487" lon="-121.739234"><ele>1085.0</ele><time>2024-02-10T22:21:01Z</time></trkpt><trkpt lat="47.503526" lon="-121.739212"><ele>1086.0</ele><time>2024-02-10T22:21:05Z</time></trkpt><trkpt lat="47.503483" lon="-121.739322"><ele>1087.0</ele><time>2024-02-10T22:21:14Z</time></trkpt><trkpt lat="47.503433" lon="-121.739515"><ele>1092.5</ele><time>2024-02-10T22:21:30Z</time></trkpt><trkpt lat="47.503443" lon="-121.739549"><ele>1092.0</ele><time>2024-02-10T22:21:34Z</time></trkpt><trkpt lat="47.503444" lon="-121.739624"><ele>1093.1</ele><time>2024-02-10T22:21:41Z</time></trkpt><trkpt lat="47.503422" lon="-121.739669"><ele>1092.0</ele><time>2024-02-10T22:21:43Z</time></trkpt><trkpt lat="47.503459" lon="-121.739695"><ele>1092.0</ele><time>2024-02-10T22:21:48Z</time></trkpt><trkpt lat="47.503462" lon="-121.739734"><ele>1092.0</ele><time>2024-02-10T22:21:50Z</time></trkpt><trkpt lat="47.503442" lon="-121.739773"><ele>1093.0</ele><time>2024-02-10T22:21:52Z</time></trkpt><trkpt lat="47.503463" lon="-121.739845"><ele>1095.0</ele><time>2024-02-10T22:22:10Z</time></trkpt><trkpt lat="47.503418" lon="-121.739928"><ele>1094.0</ele><time>2024-02-10T22:22:14Z</time></trkpt><trkpt lat="47.503458" lon="-121.739877"><ele>1092.0</ele><time>2024-02-10T22:22:20Z</time></trkpt><trkpt lat="47.50344" lon="-121.740078"><ele>1092.0</ele><time>2024-02-10T22:22:37Z</time></trkpt><trkpt lat="47.503388" lon="-121.740307"><ele>1100.0</ele><time>2024-02-10T22:23:02Z</time></trkpt><trkpt lat="47.503391" lon="-121.74042"><ele>1100.0</ele><time>2024-02-10T22:23:11Z</time></trkpt><trkpt lat="47.503379" lon="-121.740511"><ele>1104.0</ele><time>2024-02-10T22:23:15Z</time></trkpt><trkpt lat="47.503397" lon="-121.740573"><ele>1104.0</ele><time>2024-02-10T22:23:25Z</time></trkpt><trkpt lat="47.503417" lon="-121.740601"><ele>1104.0</ele><time>2024-02-10T22:23:30Z</time></trkpt><trkpt lat="47.503468" lon="-121.740632"><ele>1102.0</ele><time>2024-02-10T22:23:45Z</time></trkpt><trkpt lat="47.50352" lon="-121.740607"><ele>1107.0</ele><time>2024-02-10T22:23:59Z</time></trkpt><trkpt lat="47.50355" lon="-121.740568"><ele>1107.0</ele><time>2024-02-10T22:24:03Z</time></trkpt><trkpt lat="47.50349" lon="-121.740517"><ele>1109.6</ele><time>2024-02-10T22:24:08Z</time></trkpt><trkpt lat="47.503561" lon="-121.740518"><ele>1109.0</ele><time>2024-02-10T22:24:14Z</time></trkpt><trkpt lat="47.503636" lon="-121.740587"><ele>1110.0</ele><time>2024-02-10T22:24:18Z</time></trkpt><trkpt lat="47.503633" lon="-121.740525"><ele>1110.0</ele><time>2024-02-10T22:24:28Z</time></trkpt><trkpt lat="47.503675" lon="-121.740496"><ele>1112.0</ele><time>2024-02-10T22:24:34Z</time></trkpt><trkpt lat="47.503696" lon="-121.740459"><ele>1113.7</ele><time>2024-02-10T22:24:36Z</time></trkpt><trkpt lat="47.503675" lon="-121.740435"><ele>1112.0</ele><time>2024-02-10T22:24:37Z</time></trkpt><trkpt lat="47.503676" lon="-121.740367"><ele>1113.0</ele><time>2024-02-10T22:24:43Z</time></trkpt><trkpt lat="47.503702" lon="-121.740274"><ele>1113.0</ele><time>2024-02-10T22:24:49Z</time></trkpt><trkpt lat="47.503727" lon="-121.740266"><ele>1115.0</ele><time>2024-02-10T22:24:54Z</time></trkpt><trkpt lat="47.503739" lon="-121.740178"><ele>1114.0</ele><time>2024-02-10T22:25:00Z</time></trkpt><trkpt lat="47.503796" lon="-121.740173"><ele>1116.0</ele><time>2024-02-10T22:25:13Z</time></trkpt><trkpt lat="47.503797" lon="-121.740225"><ele>1119.0</ele><time>2024-02-10T22:25:21Z</time></trkpt><trkpt lat="47.503826" lon="-121.740251"><ele>1119.0</ele><time>2024-02-10T22:25:25Z</time></trkpt><trkpt lat="47.50381" lon="-121.740339"><ele>1119.0</ele><time>2024-02-10T22:25:31Z</time></trkpt><trkpt lat="47.503822" lon="-121.740378"><ele>1116.0</ele><time>2024-02-10T22:25:37Z</time></trkpt><trkpt lat="47.503822" lon="-121.740441"><ele>1119.0</ele><time>2024-02-10T22:25:44Z</time></trkpt><trkpt lat="47.503856" lon="-121.740477"><ele>1122.1</ele><time>2024-02-10T22:25:47Z</time></trkpt><trkpt lat="47.503831" lon="-121.740531"><ele>1120.0</ele><time>2024-02-10T22:25:53Z</time></trkpt><trkpt lat="47.503843" lon="-121.740633"><ele>1120.0</ele><time>2024-02-10T22:26:00Z</time></trkpt><trkpt lat="47.503918" lon="-121.740687"><ele>1122.0</ele><time>2024-02-10T22:26:09Z</time></trkpt><trkpt lat="47.50396" lon="-121.740695"><ele>1121.0</ele><time>2024-02-10T22:26:13Z</time></trkpt><trkpt lat="47.503997" lon="-121.740664"><ele>1122.0</ele><time>2024-02-10T22:26:18Z</time></trkpt><trkpt lat="47.504062" lon="-121.740688"><ele>1124.0</ele><time>2024-02-10T22:26:28Z</time></trkpt><trkpt lat="47.504086" lon="-121.740726"><ele>1125.0</ele><time>2024-02-10T22:26:35Z</time></trkpt><trkpt lat="47.504125" lon="-121.740666"><ele>1127.6</ele><time>2024-02-10T22:26:42Z</time></trkpt><trkpt lat="47.504135" lon="-121.740597"><ele>1125.0</ele><time>2024-02-10T22:26:51Z</time></trkpt><trkpt lat="47.504178" lon="-121.740607"><ele>1129.0</ele><time>2024-02-10T22:27:11Z</time></trkpt><trkpt lat="47.50421" lon="-121.740574"><ele>1125.0</ele><time>2024-02-10T22:27:16Z</time></trkpt><trkpt lat="47.504229" lon="-121.740535"><ele>1133.3</ele><time>2024-02-10T22:27:24Z</time></trkpt><trkpt lat="47.504289" lon="-121.740508"><ele>1134.0</ele><time>2024-02-10T22:27:26Z</time></trkpt><trkpt lat="47.504278" lon="-121.740483"><ele>1131.0</ele><time>2024-02-10T22:27:30Z</time></trkpt><trkpt lat="47.504289" lon="-121.740439"><ele>1135.0</ele><time>2024-02-10T22:27:40Z</time></trkpt><trkpt lat="47.504331" lon="-121.74039"><ele>1136.0</ele><time>2024-02-10T22:27:49Z</time></trkpt><trkpt lat="47.504275" lon="-121.740405"><ele>1136.0</ele><time>2024-02-10T22:28:02Z</time></trkpt><trkpt lat="47.504326" lon="-121.740327"><ele>1139.0</ele><time>2024-02-10T22:28:25Z</time></trkpt><trkpt lat="47.50438" lon="-121.74029"><ele>1142.8</ele><time>2024-02-10T22:28:31Z</time></trkpt><trkpt lat="47.504396" lon="-121.740226"><ele>1143.0</ele><time>2024-02-10T22:28:35Z</time></trkpt><trkpt lat="47.504366" lon="-121.740199"><ele>1141.0</ele><time>2024-02-10T22:28:38Z</time></trkpt><trkpt lat="47.504342" lon="-121.740134"><ele>1142.0</ele><time>2024-02-10T22:28:40Z</time></trkpt><trkpt lat="47.504347" lon="-121.740104"><ele>1140.0</ele><time>2024-02-10T22:28:46Z</time></trkpt><trkpt lat="47.504404" lon="-121.740073"><ele>1140.0</ele><time>2024-02-10T22:28:57Z</time></trkpt><trkpt lat="47.504441" lon="-121.740073"><ele>1144.0</ele><time>2024-02-10T22:29:02Z</time></trkpt><trkpt lat="47.504417" lon="-121.740031"><ele>1146.0</ele><time>2024-02-10T22:29:07Z</time></trkpt><trkpt lat="47.504443" lon="-121.739999"><ele>1148.0</ele><time>2024-02-10T22:29:16Z</time></trkpt><trkpt lat="47.504453" lon="-121.739963"><ele>1149.0</ele><time>2024-02-10T22:29:22Z</time></trkpt><trkpt lat="47.504489" lon="-121.739912"><ele>1151.0</ele><time>2024-02-10T22:29:30Z</time></trkpt><trkpt lat="47.504613" lon="-121.739815"><ele>1152.0</ele><time>2024-02-10T22:29:48Z</time></trkpt><trkpt lat="47.504632" lon="-121.73978"><ele>1152.0</ele><time>2024-02-10T22:29:52Z</time></trkpt><trkpt lat="47.504625" lon="-121.739703"><ele>1150.0</ele><time>2024-02-10T22:29:59Z</time></trkpt><trkpt lat="47.504632" lon="-121.739651"><ele>1153.0</ele><time>2024-02-10T22:30:03Z</time></trkpt><trkpt lat="47.504705" lon="-121.739635"><ele>1156.0</ele><time>2024-02-10T22:30:18Z</time></trkpt><trkpt lat="47.504717" lon="-121.739622"><ele>1160.0</ele><time>2024-02-10T22:31:01Z</time></trkpt><trkpt lat="47.504715" lon="-121.739633"><ele>1160.0</ele><time>2024-02-10T22:31:17Z</time></trkpt><trkpt lat="47.504795" lon="-121.739739"><ele>1160.0</ele><time>2024-02-10T22:31:46Z</time></trkpt><trkpt lat="47.50478" lon="-121.739787"><ele>1164.0</ele><time>2024-02-10T22:32:10Z</time></trkpt><trkpt lat="47.504848" lon="-121.739742"><ele>1161.0</ele><time>2024-02-10T22:32:57Z</time></trkpt><trkpt lat="47.504836" lon="-121.739771"><ele>1162.0</ele><time>2024-02-10T22:33:05Z</time></trkpt><trkpt lat="47.504869" lon="-121.739711"><ele>1167.0</ele><time>2024-02-10T22:33:28Z</time></trkpt><trkpt lat="47.504908" lon="-121.739696"><ele>1166.0</ele><time>2024-02-10T22:34:02Z</time></trkpt><trkpt lat="47.505001" lon="-121.739618"><ele>1170.0</ele><time>2024-02-10T22:34:50Z</time></trkpt><trkpt lat="47.505033" lon="-121.739629"><ele>1174.0</ele><time>2024-02-10T22:35:30Z</time></trkpt><trkpt lat="47.505068" lon="-121.739585"><ele>1176.0</ele><time>2024-02-10T22:37:06Z</time></trkpt><trkpt lat="47.505079" lon="-121.739536"><ele>1170.0</ele><time>2024-02-10T22:37:44Z</time></trkpt><trkpt lat="47.50509" lon="-121.739568"><ele>1178.4</ele><time>2024-02-10T22:37:53Z</time></trkpt><trkpt lat="47.505089" lon="-121.739521"><ele>1173.0</ele><time>2024-02-10T22:38:18Z</time></trkpt><trkpt lat="47.505116" lon="-121.739508"><ele>1175.0</ele><time>2024-02-10T22:39:33Z</time></trkpt><trkpt lat="47.505125" lon="-121.739462"><ele>1176.0</ele><time>2024-02-10T22:39:39Z</time></trkpt><trkpt lat="47.505142" lon="-121.739485"><ele>1175.0</ele><time>2024-02-10T22:39:45Z</time></trkpt><trkpt lat="47.505179" lon="-121.739414"><ele>1176.0</ele><time>2024-02-10T22:39:57Z</time></trkpt><trkpt lat="47.505233" lon="-121.739399"><ele>1175.0</ele><time>2024-02-10T22:40:05Z</time></trkpt><trkpt lat="47.505269" lon="-121.739404"><ele>1176.0</ele><time>2024-02-10T22:40:07Z</time></trkpt><trkpt lat="47.505296" lon="-121.739343"><ele>1173.0</ele><time>2024-02-10T22:40:12Z</time></trkpt><trkpt lat="47.505269" lon="-121.739308"><ele>1171.0</ele><time>2024-02-10T22:40:19Z</time></trkpt><trkpt lat="47.505276" lon="-121.73926"><ele>1176.0</ele><time>2024-02-10T22:40:24Z</time></trkpt><trkpt lat="47.505313" lon="-121.739227"><ele>1176.0</ele><time>2024-02-10T22:40:25Z</time></trkpt><trkpt lat="47.505358" lon="-121.739225"><ele>1175.0</ele><time>2024-02-10T22:40:30Z</time></trkpt><trkpt lat="47.505378" lon="-121.739266"><ele>1176.0</ele><time>2024-02-10T22:40:37Z</time></trkpt><trkpt lat="47.505371" lon="-121.739238"><ele>1175.0</ele><time>2024-02-10T22:40:44Z</time></trkpt><trkpt lat="47.505413" lon="-121.73919"><ele>1177.0</ele><time>2024-02-10T22:40:48Z</time></trkpt><trkpt lat="47.50542" lon="-121.739124"><ele>1176.0</ele><time>2024-02-10T22:40:51Z</time></trkpt><trkpt lat="47.505487" lon="-121.739111"><ele>1176.0</ele><time>2024-02-10T22:41:01Z</time></trkpt><trkpt lat="47.505564" lon="-121.738984"><ele>1180.0</ele><time>2024-02-10T22:41:16Z</time></trkpt><trkpt lat="47.505598" lon="-121.738967"><ele>1181.3</ele><time>2024-02-10T22:41:19Z</time></trkpt><trkpt lat="47.505604" lon="-121.739009"><ele>1180.0</ele><time>2024-02-10T22:41:21Z</time></trkpt><trkpt lat="47.505626" lon="-121.739037"><ele>1181.0</ele><time>2024-02-10T22:41:23Z</time></trkpt><trkpt lat="47.505713" lon="-121.738934"><ele>1181.0</ele><time>2024-02-10T22:41:37Z</time></trkpt><trkpt lat="47.505761" lon="-121.738912"><ele>1183.0</ele><time>2024-02-10T22:41:42Z</time></trkpt><trkpt lat="47.505754" lon="-121.738872"><ele>1183.0</ele><time>2024-02-10T22:41:45Z</time></trkpt><trkpt lat="47.505788" lon="-121.738851"><ele>1182.0</ele><time>2024-02-10T22:41:50Z</time></trkpt><trkpt lat="47.505824" lon="-121.738885"><ele>1183.0</ele><time>2024-02-10T22:41:54Z</time></trkpt><trkpt lat="47.505865" lon="-121.738878"><ele>1180.0</ele><time>2024-02-10T22:41:57Z</time></trkpt><trkpt lat="47.505928" lon="-121.738817"><ele>1185.0</ele><time>2024-02-10T22:42:05Z</time></trkpt><trkpt lat="47.506015" lon="-121.738808"><ele>1184.0</ele><time>2024-02-10T22:42:24Z</time></trkpt><trkpt lat="47.505985" lon="-121.73891"><ele>1192.0</ele><time>2024-02-10T22:42:48Z</time></trkpt><trkpt lat="47.506025" lon="-121.73906"><ele>1191.0</ele><time>2024-02-10T22:42:54Z</time></trkpt><trkpt lat="47.506032" lon="-121.739132"><ele>1192.0</ele><time>2024-02-10T22:42:58Z</time></trkpt><trkpt lat="47.506011" lon="-121.739248"><ele>1188.0</ele><time>2024-02-10T22:43:08Z</time></trkpt><trkpt lat="47.505972" lon="-121.739281"><ele>1186.0</ele><time>2024-02-10T22:43:28Z</time></trkpt><trkpt lat="47.505979" lon="-121.739255"><ele>1186.0</ele><time>2024-02-10T22:43:57Z</time></trkpt><trkpt lat="47.505972" lon="-121.739295"><ele>1186.1</ele><time>2024-02-10T22:44:14Z</time></trkpt><trkpt lat="47.505962" lon="-121.739272"><ele>1187.0</ele><time>2024-02-10T22:44:41Z</time></trkpt><trkpt lat="47.505957" lon="-121.739297"><ele>1188.0</ele><time>2024-02-10T22:45:31Z</time></trkpt><trkpt lat="47.505972" lon="-121.739332"><ele>1185.0</ele><time>2024-02-10T22:46:02Z</time></trkpt><trkpt lat="47.505947" lon="-121.739307"><ele>1188.0</ele><time>2024-02-10T22:47:38Z</time></trkpt><trkpt lat="47.505942" lon="-121.739274"><ele>1178.0</ele><time>2024-02-10T22:52:12Z</time></trkpt><trkpt lat="47.506011" lon="-121.739235"><ele>1188.0</ele><time>2024-02-10T22:52:40Z</time></trkpt><trkpt lat="47.506053" lon="-121.739242"><ele>1188.0</ele><time>2024-02-10T22:52:48Z</time></trkpt><trkpt lat="47.506082" lon="-121.739179"><ele>1192.0</ele><time>2024-02-10T22:53:21Z</time></trkpt><trkpt lat="47.50611" lon="-121.739156"><ele>1191.0</ele><time>2024-02-10T22:53:27Z</time></trkpt><trkpt lat="47.506121" lon="-121.739109"><ele>1194.0</ele><time>2024-02-10T22:53:32Z</time></trkpt><trkpt lat="47.506154" lon="-121.739068"><ele>1195.0</ele><time>2024-02-10T22:53:38Z</time></trkpt><trkpt lat="47.506166" lon="-121.738995"><ele>1192.0</ele><time>2024-02-10T22:53:59Z</time></trkpt><trkpt lat="47.506071" lon="-121.739219"><ele>1190.0</ele><time>2024-02-10T22:54:37Z</time></trkpt><trkpt lat="47.506028" lon="-121.739228"><ele>1188.0</ele><time>2024-02-10T22:54:44Z</time></trkpt><trkpt lat="47.506017" lon="-121.739101"><ele>1189.0</ele><time>2024-02-10T22:54:55Z</time></trkpt><trkpt lat="47.505991" lon="-121.738991"><ele>1188.0</ele><time>2024-02-10T22:55:04Z</time></trkpt><trkpt lat="47.506044" lon="-121.738977"><ele>1193.0</ele><time>2024-02-10T22:55:27Z</time></trkpt><trkpt lat="47.506046" lon="-121.7389"><ele>1193.1</ele><time>2024-02-10T22:55:32Z</time></trkpt><trkpt lat="47.506009" lon="-121.738854"><ele>1191.0</ele><time>2024-02-10T22:55:36Z</time></trkpt><trkpt lat="47.505984" lon="-121.738782"><ele>1190.0</ele><time>2024-02-10T22:55:40Z</time></trkpt><trkpt lat="47.506039" lon="-121.738745"><ele>1188.0</ele><time>2024-02-10T22:55:46Z</time></trkpt><trkpt lat="47.506074" lon="-121.738745"><ele>1185.0</ele><time>2024-02-10T22:55:51Z</time></trkpt><trkpt lat="47.506104" lon="-121.738727"><ele>1188.0</ele><time>2024-02-10T22:55:54Z</time></trkpt><trkpt lat="47.506102" lon="-121.738697"><ele>1188.0</ele><time>2024-02-10T22:55:57Z</time></trkpt><trkpt lat="47.506138" lon="-121.738661"><ele>1187.0</ele><time>2024-02-10T22:56:04Z</time></trkpt><trkpt lat="47.506261" lon="-121.738598"><ele>1188.0</ele><time>2024-02-10T22:56:22Z</time></trkpt><trkpt lat="47.506249" lon="-121.738468"><ele>1188.0</ele><time>2024-02-10T22:56:27Z</time></trkpt><trkpt lat="47.506282" lon="-121.738299"><ele>1187.0</ele><time>2024-02-10T22:56:41Z</time></trkpt><trkpt lat="47.506326" lon="-121.738241"><ele>1187.0</ele><time>2024-02-10T22:56:47Z</time></trkpt><trkpt lat="47.50639" lon="-121.738256"><ele>1188.0</ele><time>2024-02-10T22:56:53Z</time></trkpt><trkpt lat="47.506425" lon="-121.738166"><ele>1190.0</ele><time>2024-02-10T22:56:59Z</time></trkpt><trkpt lat="47.506467" lon="-121.738183"><ele>1192.0</ele><time>2024-02-10T22:57:01Z</time></trkpt><trkpt lat="47.50653" lon="-121.738127"><ele>1194.0</ele><time>2024-02-10T22:57:11Z</time></trkpt><trkpt lat="47.506533" lon="-121.738088"><ele>1195.0</ele><time>2024-02-10T22:57:15Z</time></trkpt><trkpt lat="47.506558" lon="-121.738042"><ele>1194.0</ele><time>2024-02-10T22:57:18Z</time></trkpt><trkpt lat="47.506592" lon="-121.738052"><ele>1192.0</ele><time>2024-02-10T22:57:39Z</time></trkpt><trkpt lat="47.506642" lon="-121.738046"><ele>1194.0</ele><time>2024-02-10T22:57:59Z</time></trkpt><trkpt lat="47.506656" lon="-121.738012"><ele>1195.0</ele><time>2024-02-10T22:58:04Z</time></trkpt><trkpt lat="47.506727" lon="-121.738002"><ele>1194.0</ele><time>2024-02-10T22:58:14Z</time></trkpt><trkpt lat="47.506717" lon="-121.737941"><ele>1199.3</ele><time>2024-02-10T22:58:22Z</time></trkpt><trkpt lat="47.506784" lon="-121.737926"><ele>1198.0</ele><time>2024-02-10T22:58:37Z</time></trkpt><trkpt lat="47.506807" lon="-121.737987"><ele>1198.0</ele><time>2024-02-10T22:58:59Z</time></trkpt><trkpt lat="47.506797" lon="-121.737757"><ele>1200.0</ele><time>2024-02-10T22:59:34Z</time></trkpt><trkpt lat="47.5068" lon="-121.737884"><ele>1200.0</ele><time>2024-02-10T23:00:16Z</time></trkpt><trkpt lat="47.506815" lon="-121.737853"><ele>1200.0</ele><time>2024-02-10T23:00:18Z</time></trkpt><trkpt lat="47.506821" lon="-121.737781"><ele>1200.0</ele><time>2024-02-10T23:00:21Z</time></trkpt><trkpt lat="47.506757" lon="-121.737728"><ele>1200.0</ele><time>2024-02-10T23:00:26Z</time></trkpt><trkpt lat="47.506793" lon="-121.737665"><ele>1202.0</ele><time>2024-02-10T23:00:31Z</time></trkpt><trkpt lat="47.506787" lon="-121.737615"><ele>1208.0</ele><time>2024-02-10T23:04:54Z</time></trkpt><trkpt lat="47.506763" lon="-121.737561"><ele>1205.0</ele><time>2024-02-10T23:07:03Z</time></trkpt><trkpt lat="47.506774" lon="-121.737508"><ele>1203.0</ele><time>2024-02-10T23:07:08Z</time></trkpt><trkpt lat="47.506759" lon="-121.737426"><ele>1199.0</ele><time>2024-02-10T23:07:15Z</time></trkpt><trkpt lat="47.506721" lon="-121.737381"><ele>1205.2</ele><time>2024-02-10T23:07:21Z</time></trkpt><trkpt lat="47.506687" lon="-121.737404"><ele>1205.4</ele><time>2024-02-10T23:07:22Z</time></trkpt><trkpt lat="47.506667" lon="-121.737446"><ele>1204.0</ele><time>2024-02-10T23:07:26Z</time></trkpt><trkpt lat="47.506664" lon="-121.73751"><ele>1208.0</ele><time>2024-02-10T23:07:56Z</time></trkpt><trkpt lat="47.506826" lon="-121.737377"><ele>1208.0</ele><time>2024-02-10T23:08:09Z</time></trkpt><trkpt lat="47.506715" lon="-121.737384"><ele>1205.0</ele><time>2024-02-10T23:08:13Z</time></trkpt><trkpt lat="47.506734" lon="-121.737344"><ele>1202.0</ele><time>2024-02-10T23:08:27Z</time></trkpt><trkpt lat="47.506749" lon="-121.737371"><ele>1204.8</ele><time>2024-02-10T23:08:32Z</time></trkpt><trkpt lat="47.506731" lon="-121.737323"><ele>1204.7</ele><time>2024-02-10T23:08:34Z</time></trkpt><trkpt lat="47.506671" lon="-121.737292"><ele>1204.0</ele><time>2024-02-10T23:08:40Z</time></trkpt><trkpt lat="47.506643" lon="-121.737264"><ele>1203.0</ele><time>2024-02-10T23:08:44Z</time></trkpt><trkpt lat="47.506621" lon="-121.737195"><ele>1204.0</ele><time>2024-02-10T23:08:48Z</time></trkpt><trkpt lat="47.506603" lon="-121.737169"><ele>1205.7</ele><time>2024-02-10T23:08:51Z</time></trkpt><trkpt lat="47.506633" lon="-121.737188"><ele>1204.0</ele><time>2024-02-10T23:08:52Z</time></trkpt><trkpt lat="47.506687" lon="-121.73725"><ele>1205.2</ele><time>2024-02-10T23:08:54Z</time></trkpt><trkpt lat="47.506686" lon="-121.737317"><ele>1205.7</ele><time>2024-02-10T23:08:55Z</time></trkpt><trkpt lat="47.50675" lon="-121.737345"><ele>1205.0</ele><time>2024-02-10T23:08:59Z</time></trkpt><trkpt lat="47.506796" lon="-121.737424"><ele>1206.0</ele><time>2024-02-10T23:09:17Z</time></trkpt><trkpt lat="47.506828" lon="-121.737429"><ele>1206.0</ele><time>2024-02-10T23:09:20Z</time></trkpt><trkpt lat="47.50684" lon="-121.737479"><ele>1206.0</ele><time>2024-02-10T23:09:25Z</time></trkpt><trkpt lat="47.506833" lon="-121.737493"><ele>1207.0</ele><time>2024-02-10T23:09:35Z</time></trkpt><trkpt lat="47.50683" lon="-121.737616"><ele>1206.0</ele><time>2024-02-10T23:09:45Z</time></trkpt><trkpt lat="47.506808" lon="-121.737597"><ele>1204.0</ele><time>2024-02-10T23:09:54Z</time></trkpt><trkpt lat="47.506822" lon="-121.737718"><ele>1200.0</ele><time>2024-02-10T23:10:17Z</time></trkpt><trkpt lat="47.506789" lon="-121.737741"><ele>1203.0</ele><time>2024-02-10T23:10:23Z</time></trkpt><trkpt lat="47.506798" lon="-121.737741"><ele>1203.0</ele><time>2024-02-10T23:10:26Z</time></trkpt><trkpt lat="47.5068" lon="-121.73782"><ele>1201.0</ele><time>2024-02-10T23:10:33Z</time></trkpt><trkpt lat="47.506783" lon="-121.737876"><ele>1200.0</ele><time>2024-02-10T23:10:38Z</time></trkpt><trkpt lat="47.506812" lon="-121.738011"><ele>1197.0</ele><time>2024-02-10T23:10:53Z</time></trkpt><trkpt lat="47.506767" lon="-121.737927"><ele>1197.0</ele><time>2024-02-10T23:11:10Z</time></trkpt><trkpt lat="47.506824" lon="-121.737994"><ele>1199.0</ele><time>2024-02-10T23:11:45Z</time></trkpt><trkpt lat="47.506849" lon="-121.737962"><ele>1200.0</ele><time>2024-02-10T23:11:55Z</time></trkpt><trkpt lat="47.506813" lon="-121.737974"><ele>1200.0</ele><time>2024-02-10T23:12:01Z</time></trkpt><trkpt lat="47.506826" lon="-121.737989"><ele>1200.0</ele><time>2024-02-10T23:12:23Z</time></trkpt><trkpt lat="47.506789" lon="-121.737957"><ele>1200.0</ele><time>2024-02-10T23:12:35Z</time></trkpt><trkpt lat="47.506812" lon="-121.737924"><ele>1198.0</ele><time>2024-02-10T23:12:45Z</time></trkpt><trkpt lat="47.506776" lon="-121.737899"><ele>1200.0</ele><time>2024-02-10T23:12:51Z</time></trkpt><trkpt lat="47.506723" lon="-121.737954"><ele>1197.0</ele><time>2024-02-10T23:13:28Z</time></trkpt><trkpt lat="47.506696" lon="-121.738027"><ele>1191.0</ele><time>2024-02-10T23:14:05Z</time></trkpt><trkpt lat="47.50673" lon="-121.738026"><ele>1197.0</ele><time>2024-02-10T23:14:15Z</time></trkpt><trkpt lat="47.506727" lon="-121.737977"><ele>1199.5</ele><time>2024-02-10T23:14:18Z</time></trkpt><trkpt lat="47.506691" lon="-121.73797"><ele>1190.0</ele><time>2024-02-10T23:14:25Z</time></trkpt><trkpt lat="47.506669" lon="-121.738028"><ele>1195.0</ele><time>2024-02-10T23:14:40Z</time></trkpt><trkpt lat="47.506677" lon="-121.738069"><ele>1188.0</ele><time>2024-02-10T23:14:49Z</time></trkpt><trkpt lat="47.506649" lon="-121.738052"><ele>1192.0</ele><time>2024-02-10T23:15:08Z</time></trkpt><trkpt lat="47.506543" lon="-121.738083"><ele>1192.0</ele><time>2024-02-10T23:15:36Z</time></trkpt><trkpt lat="47.506521" lon="-121.738109"><ele>1192.0</ele><time>2024-02-10T23:15:40Z</time></trkpt><trkpt lat="47.506521" lon="-121.738151"><ele>1191.0</ele><time>2024-02-10T23:15:45Z</time></trkpt><trkpt lat="47.506444" lon="-121.738185"><ele>1189.0</ele><time>2024-02-10T23:15:56Z</time></trkpt><trkpt lat="47.506415" lon="-121.738216"><ele>1189.0</ele><time>2024-02-10T23:16:00Z</time></trkpt><trkpt lat="47.506369" lon="-121.738282"><ele>1189.0</ele><time>2024-02-10T23:16:07Z</time></trkpt><trkpt lat="47.506347" lon="-121.738369"><ele>1185.0</ele><time>2024-02-10T23:16:15Z</time></trkpt><trkpt lat="47.506309" lon="-121.738433"><ele>1188.8</ele><time>2024-02-10T23:16:22Z</time></trkpt><trkpt lat="47.506319" lon="-121.738466"><ele>1189.5</ele><time>2024-02-10T23:16:23Z</time></trkpt><trkpt lat="47.50629" lon="-121.738482"><ele>1188.0</ele><time>2024-02-10T23:16:27Z</time></trkpt><trkpt lat="47.506263" lon="-121.738588"><ele>1190.0</ele><time>2024-02-10T23:16:33Z</time></trkpt><trkpt lat="47.506272" lon="-121.738624"><ele>1190.0</ele><time>2024-02-10T23:16:35Z</time></trkpt><trkpt lat="47.506268" lon="-121.738657"><ele>1191.0</ele><time>2024-02-10T23:16:37Z</time></trkpt><trkpt lat="47.506249" lon="-121.73869"><ele>1190.0</ele><time>2024-02-10T23:16:40Z</time></trkpt><trkpt lat="47.506219" lon="-121.738692"><ele>1190.0</ele><time>2024-02-10T23:16:42Z</time></trkpt><trkpt lat="47.506176" lon="-121.73868"><ele>1188.0</ele><time>2024-02-10T23:16:52Z</time></trkpt><trkpt lat="47.506037" lon="-121.738743"><ele>1187.0</ele><time>2024-02-10T23:17:06Z</time></trkpt><trkpt lat="47.505978" lon="-121.73879"><ele>1188.0</ele><time>2024-02-10T23:17:16Z</time></trkpt><trkpt lat="47.505902" lon="-121.738796"><ele>1186.0</ele><time>2024-02-10T23:17:23Z</time></trkpt><trkpt lat="47.505839" lon="-121.738844"><ele>1185.1</ele><time>2024-02-10T23:17:34Z</time></trkpt><trkpt lat="47.505809" lon="-121.738838"><ele>1184.0</ele><time>2024-02-10T23:17:36Z</time></trkpt><trkpt lat="47.505782" lon="-121.738818"><ele>1182.0</ele><time>2024-02-10T23:17:40Z</time></trkpt><trkpt lat="47.505751" lon="-121.738832"><ele>1184.0</ele><time>2024-02-10T23:17:44Z</time></trkpt><trkpt lat="47.505684" lon="-121.738934"><ele>1179.0</ele><time>2024-02-10T23:18:00Z</time></trkpt><trkpt lat="47.505703" lon="-121.738946"><ele>1178.0</ele><time>2024-02-10T23:18:12Z</time></trkpt><trkpt lat="47.505673" lon="-121.738992"><ele>1177.0</ele><time>2024-02-10T23:18:21Z</time></trkpt><trkpt lat="47.505642" lon="-121.739015"><ele>1179.0</ele><time>2024-02-10T23:18:24Z</time></trkpt><trkpt lat="47.505561" lon="-121.738982"><ele>1180.0</ele><time>2024-02-10T23:18:31Z</time></trkpt><trkpt lat="47.505573" lon="-121.739035"><ele>1180.0</ele><time>2024-02-10T23:18:36Z</time></trkpt><trkpt lat="47.505561" lon="-121.739095"><ele>1180.0</ele><time>2024-02-10T23:18:54Z</time></trkpt><trkpt lat="47.505515" lon="-121.739114"><ele>1179.0</ele><time>2024-02-10T23:19:00Z</time></trkpt><trkpt lat="47.505487" lon="-121.739075"><ele>1178.1</ele><time>2024-02-10T23:19:03Z</time></trkpt><trkpt lat="47.505466" lon="-121.739106"><ele>1177.0</ele><time>2024-02-10T23:19:04Z</time></trkpt><trkpt lat="47.505456" lon="-121.739148"><ele>1174.0</ele><time>2024-02-10T23:19:12Z</time></trkpt><trkpt lat="47.50545" lon="-121.73911"><ele>1180.0</ele><time>2024-02-10T23:19:32Z</time></trkpt><trkpt lat="47.50545" lon="-121.739154"><ele>1176.0</ele><time>2024-02-10T23:19:39Z</time></trkpt><trkpt lat="47.505378" lon="-121.739231"><ele>1174.9</ele><time>2024-02-10T23:19:48Z</time></trkpt><trkpt lat="47.505361" lon="-121.739266"><ele>1173.0</ele><time>2024-02-10T23:19:50Z</time></trkpt><trkpt lat="47.505355" lon="-121.739236"><ele>1174.9</ele><time>2024-02-10T23:19:53Z</time></trkpt><trkpt lat="47.505327" lon="-121.739224"><ele>1170.0</ele><time>2024-02-10T23:19:56Z</time></trkpt><trkpt lat="47.505305" lon="-121.739246"><ele>1170.0</ele><time>2024-02-10T23:20:01Z</time></trkpt><trkpt lat="47.50533" lon="-121.739275"><ele>1170.0</ele><time>2024-02-10T23:20:10Z</time></trkpt><trkpt lat="47.505358" lon="-121.739231"><ele>1170.0</ele><time>2024-02-10T23:20:18Z</time></trkpt><trkpt lat="47.505315" lon="-121.739228"><ele>1172.0</ele><time>2024-02-10T23:20:22Z</time></trkpt><trkpt lat="47.505283" lon="-121.739326"><ele>1171.0</ele><time>2024-02-10T23:20:28Z</time></trkpt><trkpt lat="47.50529" lon="-121.739358"><ele>1170.0</ele><time>2024-02-10T23:20:30Z</time></trkpt><trkpt lat="47.505265" lon="-121.739411"><ele>1171.0</ele><time>2024-02-10T23:20:39Z</time></trkpt><trkpt lat="47.505217" lon="-121.739437"><ele>1170.0</ele><time>2024-02-10T23:21:02Z</time></trkpt><trkpt lat="47.505145" lon="-121.739426"><ele>1170.0</ele><time>2024-02-10T23:21:12Z</time></trkpt><trkpt lat="47.505126" lon="-121.739457"><ele>1170.0</ele><time>2024-02-10T23:21:16Z</time></trkpt><trkpt lat="47.505097" lon="-121.739469"><ele>1171.0</ele><time>2024-02-10T23:21:20Z</time></trkpt><trkpt lat="47.505044" lon="-121.739409"><ele>1168.0</ele><time>2024-02-10T23:21:33Z</time></trkpt><trkpt lat="47.505001" lon="-121.739413"><ele>1161.0</ele><time>2024-02-10T23:23:08Z</time></trkpt><trkpt lat="47.504944" lon="-121.739437"><ele>1157.0</ele><time>2024-02-10T23:24:08Z</time></trkpt><trkpt lat="47.5049" lon="-121.739469"><ele>1168.0</ele><time>2024-02-10T23:24:57Z</time></trkpt><trkpt lat="47.504866" lon="-121.739516"><ele>1159.0</ele><time>2024-02-10T23:25:07Z</time></trkpt><trkpt lat="47.504828" lon="-121.739495"><ele>1159.0</ele><time>2024-02-10T23:25:30Z</time></trkpt><trkpt lat="47.504797" lon="-121.739517"><ele>1157.0</ele><time>2024-02-10T23:25:55Z</time></trkpt><trkpt lat="47.504777" lon="-121.739622"><ele>1155.0</ele><time>2024-02-10T23:26:41Z</time></trkpt><trkpt lat="47.504734" lon="-121.739635"><ele>1152.0</ele><time>2024-02-10T23:27:04Z</time></trkpt><trkpt lat="47.50469" lon="-121.739585"><ele>1150.0</ele><time>2024-02-10T23:27:33Z</time></trkpt><trkpt lat="47.504666" lon="-121.739634"><ele>1152.0</ele><time>2024-02-10T23:27:47Z</time></trkpt><trkpt lat="47.504635" lon="-121.739656"><ele>1152.0</ele><time>2024-02-10T23:27:58Z</time></trkpt><trkpt lat="47.504602" lon="-121.739741"><ele>1152.0</ele><time>2024-02-10T23:28:08Z</time></trkpt><trkpt lat="47.504545" lon="-121.739844"><ele>1152.0</ele><time>2024-02-10T23:28:18Z</time></trkpt><trkpt lat="47.504434" lon="-121.739949"><ele>1148.0</ele><time>2024-02-10T23:28:41Z</time></trkpt><trkpt lat="47.504408" lon="-121.740037"><ele>1151.0</ele><time>2024-02-10T23:28:50Z</time></trkpt><trkpt lat="47.504416" lon="-121.740117"><ele>1150.0</ele><time>2024-02-10T23:29:00Z</time></trkpt><trkpt lat="47.504446" lon="-121.740056"><ele>1146.0</ele><time>2024-02-10T23:29:11Z</time></trkpt><trkpt lat="47.50441" lon="-121.740108"><ele>1145.0</ele><time>2024-02-10T23:29:26Z</time></trkpt><trkpt lat="47.504387" lon="-121.740083"><ele>1145.0</ele><time>2024-02-10T23:29:30Z</time></trkpt><trkpt lat="47.504353" lon="-121.740197"><ele>1143.0</ele><time>2024-02-10T23:29:43Z</time></trkpt><trkpt lat="47.504362" lon="-121.74029"><ele>1143.0</ele><time>2024-02-10T23:29:53Z</time></trkpt><trkpt lat="47.504356" lon="-121.740322"><ele>1141.0</ele><time>2024-02-10T23:30:01Z</time></trkpt><trkpt lat="47.504324" lon="-121.740332"><ele>1134.0</ele><time>2024-02-10T23:30:09Z</time></trkpt><trkpt lat="47.504318" lon="-121.740364"><ele>1140.0</ele><time>2024-02-10T23:30:16Z</time></trkpt><trkpt lat="47.5043" lon="-121.740381"><ele>1140.0</ele><time>2024-02-10T23:30:20Z</time></trkpt><trkpt lat="47.5043" lon="-121.74049"><ele>1136.0</ele><time>2024-02-10T23:30:31Z</time></trkpt><trkpt lat="47.504264" lon="-121.740501"><ele>1137.0</ele><time>2024-02-10T23:30:36Z</time></trkpt><trkpt lat="47.504253" lon="-121.740586"><ele>1135.0</ele><time>2024-02-10T23:30:41Z</time></trkpt><trkpt lat="47.504235" lon="-121.740505"><ele>1135.0</ele><time>2024-02-10T23:30:51Z</time></trkpt><trkpt lat="47.504273" lon="-121.740467"><ele>1134.0</ele><time>2024-02-10T23:31:14Z</time></trkpt><trkpt lat="47.504251" lon="-121.740471"><ele>1136.4</ele><time>2024-02-10T23:31:20Z</time></trkpt><trkpt lat="47.504242" lon="-121.740552"><ele>1135.6</ele><time>2024-02-10T23:31:24Z</time></trkpt><trkpt lat="47.504237" lon="-121.740516"><ele>1134.0</ele><time>2024-02-10T23:31:25Z</time></trkpt><trkpt lat="47.504206" lon="-121.740486"><ele>1135.2</ele><time>2024-02-10T23:31:28Z</time></trkpt><trkpt lat="47.504251" lon="-121.740456"><ele>1134.0</ele><time>2024-02-10T23:31:32Z</time></trkpt><trkpt lat="47.504286" lon="-121.740454"><ele>1134.0</ele><time>2024-02-10T23:31:38Z</time></trkpt><trkpt lat="47.5043" lon="-121.740516"><ele>1135.6</ele><time>2024-02-10T23:31:48Z</time></trkpt><trkpt lat="47.504272" lon="-121.740532"><ele>1134.0</ele><time>2024-02-10T23:31:51Z</time></trkpt><trkpt lat="47.504264" lon="-121.740577"><ele>1134.0</ele><time>2024-02-10T23:31:58Z</time></trkpt><trkpt lat="47.504295" lon="-121.740527"><ele>1134.0</ele><time>2024-02-10T23:32:05Z</time></trkpt><trkpt lat="47.504223" lon="-121.740639"><ele>1134.0</ele><time>2024-02-10T23:32:16Z</time></trkpt><trkpt lat="47.504194" lon="-121.740647"><ele>1132.0</ele><time>2024-02-10T23:32:18Z</time></trkpt><trkpt lat="47.504198" lon="-121.740594"><ele>1132.0</ele><time>2024-02-10T23:32:20Z</time></trkpt><trkpt lat="47.504172" lon="-121.740644"><ele>1132.7</ele><time>2024-02-10T23:32:24Z</time></trkpt><trkpt lat="47.504137" lon="-121.740646"><ele>1128.0</ele><time>2024-02-10T23:32:31Z</time></trkpt><trkpt lat="47.504149" lon="-121.740588"><ele>1129.0</ele><time>2024-02-10T23:32:40Z</time></trkpt><trkpt lat="47.504176" lon="-121.740602"><ele>1131.0</ele><time>2024-02-10T23:32:54Z</time></trkpt><trkpt lat="47.504111" lon="-121.740595"><ele>1129.0</ele><time>2024-02-10T23:33:41Z</time></trkpt><trkpt lat="47.504111" lon="-121.740698"><ele>1128.0</ele><time>2024-02-10T23:33:56Z</time></trkpt><trkpt lat="47.504086" lon="-121.740739"><ele>1129.0</ele><time>2024-02-10T23:34:10Z</time></trkpt><trkpt lat="47.504111" lon="-121.740726"><ele>1130.0</ele><time>2024-02-10T23:34:17Z</time></trkpt><trkpt lat="47.504124" lon="-121.740699"><ele>1130.7</ele><time>2024-02-10T23:34:19Z</time></trkpt><trkpt lat="47.504107" lon="-121.740673"><ele>1125.0</ele><time>2024-02-10T23:34:27Z</time></trkpt><trkpt lat="47.504117" lon="-121.740734"><ele>1126.0</ele><time>2024-02-10T23:34:50Z</time></trkpt><trkpt lat="47.504052" lon="-121.740764"><ele>1120.0</ele><time>2024-02-10T23:35:12Z</time></trkpt><trkpt lat="47.504033" lon="-121.740705"><ele>1126.0</ele><time>2024-02-10T23:35:25Z</time></trkpt><trkpt lat="47.503996" lon="-121.740671"><ele>1124.0</ele><time>2024-02-10T23:35:28Z</time></trkpt><trkpt lat="47.504002" lon="-121.740611"><ele>1123.0</ele><time>2024-02-10T23:35:32Z</time></trkpt><trkpt lat="47.503941" lon="-121.740582"><ele>1125.7</ele><time>2024-02-10T23:35:35Z</time></trkpt><trkpt lat="47.503905" lon="-121.740625"><ele>1122.0</ele><time>2024-02-10T23:35:43Z</time></trkpt><trkpt lat="47.503907" lon="-121.740659"><ele>1122.0</ele><time>2024-02-10T23:35:51Z</time></trkpt><trkpt lat="47.503867" lon="-121.740635"><ele>1120.0</ele><time>2024-02-10T23:35:58Z</time></trkpt><trkpt lat="47.503855" lon="-121.740627"><ele>1118.0</ele><time>2024-02-10T23:36:41Z</time></trkpt><trkpt lat="47.503862" lon="-121.740579"><ele>1118.0</ele><time>2024-02-10T23:36:54Z</time></trkpt><trkpt lat="47.503851" lon="-121.740446"><ele>1118.0</ele><time>2024-02-10T23:37:05Z</time></trkpt><trkpt lat="47.503853" lon="-121.740333"><ele>1119.1</ele><time>2024-02-10T23:37:10Z</time></trkpt><trkpt lat="47.503837" lon="-121.740279"><ele>1116.0</ele><time>2024-02-10T23:37:17Z</time></trkpt><trkpt lat="47.503834" lon="-121.740221"><ele>1113.0</ele><time>2024-02-10T23:37:23Z</time></trkpt><trkpt lat="47.503855" lon="-121.740268"><ele>1116.0</ele><time>2024-02-10T23:37:28Z</time></trkpt><trkpt lat="47.503827" lon="-121.740185"><ele>1116.0</ele><time>2024-02-10T23:37:36Z</time></trkpt><trkpt lat="47.503787" lon="-121.740158"><ele>1113.0</ele><time>2024-02-10T23:37:54Z</time></trkpt><trkpt lat="47.503793" lon="-121.740208"><ele>1111.0</ele><time>2024-02-10T23:38:15Z</time></trkpt><trkpt lat="47.503772" lon="-121.740177"><ele>1116.0</ele><time>2024-02-10T23:38:24Z</time></trkpt><trkpt lat="47.503756" lon="-121.740245"><ele>1114.0</ele><time>2024-02-10T23:38:29Z</time></trkpt><trkpt lat="47.503726" lon="-121.740301"><ele>1114.0</ele><time>2024-02-10T23:38:36Z</time></trkpt><trkpt lat="47.503691" lon="-121.740344"><ele>1110.0</ele><time>2024-02-10T23:38:43Z</time></trkpt><trkpt lat="47.503688" lon="-121.740427"><ele>1110.0</ele><time>2024-02-10T23:38:51Z</time></trkpt><trkpt lat="47.503703" lon="-121.740475"><ele>1108.0</ele><time>2024-02-10T23:38:55Z</time></trkpt><trkpt lat="47.503658" lon="-121.74053"><ele>1107.0</ele><time>2024-02-10T23:39:01Z</time></trkpt><trkpt lat="47.50367" lon="-121.74056"><ele>1107.0</ele><time>2024-02-10T23:39:07Z</time></trkpt><trkpt lat="47.503653" lon="-121.740586"><ele>1107.0</ele><time>2024-02-10T23:39:16Z</time></trkpt><trkpt lat="47.503604" lon="-121.740597"><ele>1107.0</ele><time>2024-02-10T23:39:27Z</time></trkpt><trkpt lat="47.503576" lon="-121.74057"><ele>1106.0</ele><time>2024-02-10T23:39:30Z</time></trkpt><trkpt lat="47.50351" lon="-121.740569"><ele>1104.0</ele><time>2024-02-10T23:39:37Z</time></trkpt><trkpt lat="47.503457" lon="-121.740631"><ele>1103.0</ele><time>2024-02-10T23:39:46Z</time></trkpt><trkpt lat="47.503436" lon="-121.740554"><ele>1100.0</ele><time>2024-02-10T23:39:55Z</time></trkpt><trkpt lat="47.503417" lon="-121.740525"><ele>1102.0</ele><time>2024-02-10T23:39:58Z</time></trkpt><trkpt lat="47.503383" lon="-121.740508"><ele>1103.1</ele><time>2024-02-10T23:40:00Z</time></trkpt><trkpt lat="47.503387" lon="-121.740418"><ele>1100.0</ele><time>2024-02-10T23:40:10Z</time></trkpt><trkpt lat="47.503401" lon="-121.740379"><ele>1100.0</ele><time>2024-02-10T23:40:15Z</time></trkpt><trkpt lat="47.503427" lon="-121.740364"><ele>1098.0</ele><time>2024-02-10T23:40:19Z</time></trkpt><trkpt lat="47.503413" lon="-121.740456"><ele>1098.0</ele><time>2024-02-10T23:40:25Z</time></trkpt><trkpt lat="47.503461" lon="-121.740508"><ele>1092.0</ele><time>2024-02-10T23:40:40Z</time></trkpt><trkpt lat="47.503425" lon="-121.740376"><ele>1099.0</ele><time>2024-02-10T23:40:52Z</time></trkpt><trkpt lat="47.503424" lon="-121.740247"><ele>1098.0</ele><time>2024-02-10T23:41:01Z</time></trkpt><trkpt lat="47.503411" lon="-121.740191"><ele>1097.0</ele><time>2024-02-10T23:41:05Z</time></trkpt><trkpt lat="47.503479" lon="-121.740047"><ele>1095.0</ele><time>2024-02-10T23:41:18Z</time></trkpt><trkpt lat="47.503445" lon="-121.739934"><ele>1094.0</ele><time>2024-02-10T23:41:32Z</time></trkpt><trkpt lat="47.503476" lon="-121.739775"><ele>1096.5</ele><time>2024-02-10T23:41:54Z</time></trkpt><trkpt lat="47.50346" lon="-121.739741"><ele>1096.7</ele><time>2024-02-10T23:41:55Z</time></trkpt><trkpt lat="47.50347" lon="-121.739705"><ele>1096.0</ele><time>2024-02-10T23:41:58Z</time></trkpt><trkpt lat="47.503501" lon="-121.739661"><ele>1095.0</ele><time>2024-02-10T23:42:01Z</time></trkpt><trkpt lat="47.503461" lon="-121.739646"><ele>1094.0</ele><time>2024-02-10T23:42:03Z</time></trkpt><trkpt lat="47.503448" lon="-121.739703"><ele>1090.0</ele><time>2024-02-10T23:42:07Z</time></trkpt><trkpt lat="47.503418" lon="-121.739688"><ele>1094.0</ele><time>2024-02-10T23:42:10Z</time></trkpt><trkpt lat="47.503443" lon="-121.739622"><ele>1093.0</ele><time>2024-02-10T23:42:16Z</time></trkpt><trkpt lat="47.503477" lon="-121.739657"><ele>1092.0</ele><time>2024-02-10T23:42:19Z</time></trkpt><trkpt lat="47.503471" lon="-121.73962"><ele>1092.0</ele><time>2024-02-10T23:42:22Z</time></trkpt><trkpt lat="47.503481" lon="-121.739574"><ele>1092.0</ele><time>2024-02-10T23:42:24Z</time></trkpt><trkpt lat="47.50345" lon="-121.739534"><ele>1090.0</ele><time>2024-02-10T23:42:30Z</time></trkpt><trkpt lat="47.503454" lon="-121.739496"><ele>1092.0</ele><time>2024-02-10T23:42:37Z</time></trkpt><trkpt lat="47.50344" lon="-121.739426"><ele>1089.0</ele><time>2024-02-10T23:42:42Z</time></trkpt><trkpt lat="47.503447" lon="-121.73939"><ele>1092.0</ele><time>2024-02-10T23:42:47Z</time></trkpt><trkpt lat="47.503477" lon="-121.739384"><ele>1092.0</ele><time>2024-02-10T23:42:50Z</time></trkpt><trkpt lat="47.50349" lon="-121.739331"><ele>1092.9</ele><time>2024-02-10T23:42:52Z</time></trkpt><trkpt lat="47.503524" lon="-121.739325"><ele>1090.0</ele><time>2024-02-10T23:42:55Z</time></trkpt><trkpt lat="47.503503" lon="-121.739289"><ele>1090.0</ele><time>2024-02-10T23:42:58Z</time></trkpt><trkpt lat="47.503479" lon="-121.73917"><ele>1087.0</ele><time>2024-02-10T23:43:07Z</time></trkpt><trkpt lat="47.50352" lon="-121.739138"><ele>1087.0</ele><time>2024-02-10T23:43:15Z</time></trkpt><trkpt lat="47.503537" lon="-121.73909"><ele>1088.0</ele><time>2024-02-10T23:43:17Z</time></trkpt><trkpt lat="47.503531" lon="-121.73913"><ele>1086.0</ele><time>2024-02-10T23:43:22Z</time></trkpt><trkpt lat="47.503511" lon="-121.739061"><ele>1088.0</ele><time>2024-02-10T23:43:30Z</time></trkpt><trkpt lat="47.50352" lon="-121.739029"><ele>1086.0</ele><time>2024-02-10T23:43:34Z</time></trkpt><trkpt lat="47.503491" lon="-121.738965"><ele>1087.1</ele><time>2024-02-10T23:43:38Z</time></trkpt><trkpt lat="47.503529" lon="-121.738952"><ele>1086.0</ele><time>2024-02-10T23:43:41Z</time></trkpt><trkpt lat="47.503544" lon="-121.738811"><ele>1086.0</ele><time>2024-02-10T23:43:52Z</time></trkpt><trkpt lat="47.503567" lon="-121.738814"><ele>1086.0</ele><time>2024-02-10T23:43:56Z</time></trkpt><trkpt lat="47.503578" lon="-121.738777"><ele>1085.0</ele><time>2024-02-10T23:44:00Z</time></trkpt><trkpt lat="47.503577" lon="-121.738665"><ele>1080.0</ele><time>2024-02-10T23:44:12Z</time></trkpt><trkpt lat="47.503599" lon="-121.738596"><ele>1080.0</ele><time>2024-02-10T23:44:21Z</time></trkpt><trkpt lat="47.50364" lon="-121.738388"><ele>1076.0</ele><time>2024-02-10T23:44:42Z</time></trkpt><trkpt lat="47.50366" lon="-121.738355"><ele>1077.0</ele><time>2024-02-10T23:44:44Z</time></trkpt><trkpt lat="47.503673" lon="-121.738289"><ele>1078.0</ele><time>2024-02-10T23:44:47Z</time></trkpt><trkpt lat="47.503657" lon="-121.738249"><ele>1076.0</ele><time>2024-02-10T23:44:50Z</time></trkpt><trkpt lat="47.503684" lon="-121.738193"><ele>1071.0</ele><time>2024-02-10T23:45:07Z</time></trkpt><trkpt lat="47.503686" lon="-121.738073"><ele>1074.0</ele><time>2024-02-10T23:45:18Z</time></trkpt><trkpt lat="47.503758" lon="-121.737931"><ele>1069.0</ele><time>2024-02-10T23:45:34Z</time></trkpt><trkpt lat="47.503826" lon="-121.737927"><ele>1066.0</ele><time>2024-02-10T23:45:49Z</time></trkpt><trkpt lat="47.503854" lon="-121.737846"><ele>1056.0</ele><time>2024-02-10T23:46:04Z</time></trkpt><trkpt lat="47.503837" lon="-121.737796"><ele>1063.0</ele><time>2024-02-10T23:46:21Z</time></trkpt><trkpt lat="47.503811" lon="-121.737801"><ele>1065.0</ele><time>2024-02-10T23:46:26Z</time></trkpt><trkpt lat="47.503775" lon="-121.737835"><ele>1064.2</ele><time>2024-02-10T23:46:31Z</time></trkpt><trkpt lat="47.503652" lon="-121.737885"><ele>1059.0</ele><time>2024-02-10T23:46:43Z</time></trkpt><trkpt lat="47.503637" lon="-121.737919"><ele>1059.0</ele><time>2024-02-10T23:46:46Z</time></trkpt><trkpt lat="47.503608" lon="-121.737939"><ele>1056.0</ele><time>2024-02-10T23:46:49Z</time></trkpt><trkpt lat="47.503546" lon="-121.738028"><ele>1056.0</ele><time>2024-02-10T23:47:02Z</time></trkpt><trkpt lat="47.503513" lon="-121.738042"><ele>1056.0</ele><time>2024-02-10T23:47:05Z</time></trkpt><trkpt lat="47.503486" lon="-121.738127"><ele>1056.0</ele><time>2024-02-10T23:47:14Z</time></trkpt><trkpt lat="47.503476" lon="-121.738118"><ele>1057.0</ele><time>2024-02-10T23:47:20Z</time></trkpt><trkpt lat="47.503467" lon="-121.738131"><ele>1053.0</ele><time>2024-02-10T23:47:35Z</time></trkpt><trkpt lat="47.503488" lon="-121.738121"><ele>1057.3</ele><time>2024-02-10T23:47:43Z</time></trkpt><trkpt lat="47.503451" lon="-121.738136"><ele>1056.0</ele><time>2024-02-10T23:47:48Z</time></trkpt><trkpt lat="47.503444" lon="-121.738204"><ele>1059.0</ele><time>2024-02-10T23:47:56Z</time></trkpt><trkpt lat="47.503425" lon="-121.738228"><ele>1056.0</ele><time>2024-02-10T23:47:59Z</time></trkpt><trkpt lat="47.503421" lon="-121.738288"><ele>1056.0</ele><time>2024-02-10T23:48:05Z</time></trkpt><trkpt lat="47.503402" lon="-121.738307"><ele>1056.0</ele><time>2024-02-10T23:48:10Z</time></trkpt><trkpt lat="47.503373" lon="-121.738299"><ele>1055.0</ele><time>2024-02-10T23:48:19Z</time></trkpt><trkpt lat="47.503297" lon="-121.738325"><ele>1056.0</ele><time>2024-02-10T23:48:35Z</time></trkpt><trkpt lat="47.503263" lon="-121.738375"><ele>1052.0</ele><time>2024-02-10T23:48:48Z</time></trkpt><trkpt lat="47.503173" lon="-121.738453"><ele>1051.0</ele><time>2024-02-10T23:49:02Z</time></trkpt><trkpt lat="47.503137" lon="-121.738445"><ele>1048.0</ele><time>2024-02-10T23:49:08Z</time></trkpt><trkpt lat="47.503037" lon="-121.738512"><ele>1044.0</ele><time>2024-02-10T23:49:21Z</time></trkpt><trkpt lat="47.502962" lon="-121.738676"><ele>1041.0</ele><time>2024-02-10T23:49:34Z</time></trkpt><trkpt lat="47.502977" lon="-121.738728"><ele>1042.9</ele><time>2024-02-10T23:49:36Z</time></trkpt><trkpt lat="47.502955" lon="-121.73875"><ele>1040.0</ele><time>2024-02-10T23:49:39Z</time></trkpt><trkpt lat="47.502938" lon="-121.738813"><ele>1041.0</ele><time>2024-02-10T23:49:45Z</time></trkpt><trkpt lat="47.502935" lon="-121.738879"><ele>1040.0</ele><time>2024-02-10T23:49:51Z</time></trkpt><trkpt lat="47.502953" lon="-121.738923"><ele>1039.0</ele><time>2024-02-10T23:49:57Z</time></trkpt><trkpt lat="47.502941" lon="-121.73898"><ele>1038.0</ele><time>2024-02-10T23:49:59Z</time></trkpt><trkpt lat="47.502903" lon="-121.739047"><ele>1038.0</ele><time>2024-02-10T23:50:03Z</time></trkpt><trkpt lat="47.502893" lon="-121.739083"><ele>1040.0</ele><time>2024-02-10T23:50:07Z</time></trkpt><trkpt lat="47.502859" lon="-121.739126"><ele>1039.0</ele><time>2024-02-10T23:50:16Z</time></trkpt><trkpt lat="47.502792" lon="-121.739171"><ele>1035.0</ele><time>2024-02-10T23:50:40Z</time></trkpt><trkpt lat="47.502766" lon="-121.739258"><ele>1036.0</ele><time>2024-02-10T23:50:50Z</time></trkpt><trkpt lat="47.502741" lon="-121.739226"><ele>1036.0</ele><time>2024-02-10T23:50:58Z</time></trkpt><trkpt lat="47.502712" lon="-121.739299"><ele>1032.0</ele><time>2024-02-10T23:51:49Z</time></trkpt><trkpt lat="47.50271" lon="-121.739373"><ele>1030.0</ele><time>2024-02-10T23:52:10Z</time></trkpt><trkpt lat="47.502687" lon="-121.739398"><ele>1030.0</ele><time>2024-02-10T23:52:15Z</time></trkpt><trkpt lat="47.502696" lon="-121.739428"><ele>1030.0</ele><time>2024-02-10T23:52:19Z</time></trkpt><trkpt lat="47.502679" lon="-121.739462"><ele>1029.0</ele><time>2024-02-10T23:52:23Z</time></trkpt><trkpt lat="47.502648" lon="-121.739474"><ele>1030.0</ele><time>2024-02-10T23:52:30Z</time></trkpt><trkpt lat="47.502644" lon="-121.739528"><ele>1030.0</ele><time>2024-02-10T23:52:41Z</time></trkpt><trkpt lat="47.502543" lon="-121.739631"><ele>1030.0</ele><time>2024-02-10T23:52:55Z</time></trkpt><trkpt lat="47.502495" lon="-121.739617"><ele>1026.0</ele><time>2024-02-10T23:53:01Z</time></trkpt><trkpt lat="47.502522" lon="-121.739641"><ele>1028.0</ele><time>2024-02-10T23:53:06Z</time></trkpt><trkpt lat="47.502495" lon="-121.739653"><ele>1028.0</ele><time>2024-02-10T23:53:09Z</time></trkpt><trkpt lat="47.50248" lon="-121.739703"><ele>1026.0</ele><time>2024-02-10T23:53:14Z</time></trkpt><trkpt lat="47.502461" lon="-121.739652"><ele>1028.0</ele><time>2024-02-10T23:53:17Z</time></trkpt><trkpt lat="47.502464" lon="-121.739716"><ele>1028.0</ele><time>2024-02-10T23:53:20Z</time></trkpt><trkpt lat="47.502449" lon="-121.739717"><ele>1026.0</ele><time>2024-02-10T23:53:24Z</time></trkpt><trkpt lat="47.502423" lon="-121.739754"><ele>1027.0</ele><time>2024-02-10T23:53:29Z</time></trkpt><trkpt lat="47.502381" lon="-121.739734"><ele>1025.0</ele><time>2024-02-10T23:53:33Z</time></trkpt><trkpt lat="47.50226" lon="-121.73976"><ele>1020.0</ele><time>2024-02-10T23:53:58Z</time></trkpt><trkpt lat="47.502186" lon="-121.739791"><ele>1020.0</ele><time>2024-02-10T23:54:09Z</time></trkpt><trkpt lat="47.502161" lon="-121.739824"><ele>1021.0</ele><time>2024-02-10T23:54:14Z</time></trkpt><trkpt lat="47.502079" lon="-121.7398"><ele>1017.0</ele><time>2024-02-10T23:54:32Z</time></trkpt><trkpt lat="47.501941" lon="-121.73987"><ele>1016.0</ele><time>2024-02-10T23:54:56Z</time></trkpt><trkpt lat="47.501914" lon="-121.739856"><ele>1016.0</ele><time>2024-02-10T23:55:00Z</time></trkpt><trkpt lat="47.501898" lon="-121.739878"><ele>1008.0</ele><time>2024-02-10T23:55:07Z</time></trkpt><trkpt lat="47.501803" lon="-121.739889"><ele>1012.0</ele><time>2024-02-10T23:55:19Z</time></trkpt><trkpt lat="47.50176" lon="-121.739946"><ele>1014.0</ele><time>2024-02-10T23:55:28Z</time></trkpt><trkpt lat="47.501719" lon="-121.739963"><ele>1015.0</ele><time>2024-02-10T23:55:30Z</time></trkpt><trkpt lat="47.501669" lon="-121.73995"><ele>1011.0</ele><time>2024-02-10T23:55:38Z</time></trkpt><trkpt lat="47.501637" lon="-121.739997"><ele>1011.0</ele><time>2024-02-10T23:55:44Z</time></trkpt><trkpt lat="47.501628" lon="-121.739948"><ele>1012.0</ele><time>2024-02-10T23:55:48Z</time></trkpt><trkpt lat="47.501621" lon="-121.739987"><ele>1008.0</ele><time>2024-02-10T23:55:53Z</time></trkpt><trkpt lat="47.501538" lon="-121.739955"><ele>1010.0</ele><time>2024-02-10T23:56:03Z</time></trkpt><trkpt lat="47.501502" lon="-121.739957"><ele>1009.0</ele><time>2024-02-10T23:56:12Z</time></trkpt><trkpt lat="47.501341" lon="-121.739872"><ele>1005.0</ele><time>2024-02-10T23:56:38Z</time></trkpt><trkpt lat="47.501285" lon="-121.739869"><ele>1001.0</ele><time>2024-02-10T23:56:48Z</time></trkpt><trkpt lat="47.501198" lon="-121.739882"><ele>1002.0</ele><time>2024-02-10T23:56:56Z</time></trkpt><trkpt lat="47.501108" lon="-121.739938"><ele>1001.0</ele><time>2024-02-10T23:57:06Z</time></trkpt><trkpt lat="47.501053" lon="-121.739942"><ele>1001.0</ele><time>2024-02-10T23:57:14Z</time></trkpt><trkpt lat="47.50103" lon="-121.739985"><ele>1000.0</ele><time>2024-02-10T23:57:19Z</time></trkpt><trkpt lat="47.501" lon="-121.74001"><ele>1002.0</ele><time>2024-02-10T23:57:22Z</time></trkpt><trkpt lat="47.500936" lon="-121.740008"><ele>999.0</ele><time>2024-02-10T23:57:29Z</time></trkpt><trkpt lat="47.500869" lon="-121.740059"><ele>1000.0</ele><time>2024-02-10T23:57:43Z</time></trkpt><trkpt lat="47.500833" lon="-121.740048"><ele>1000.0</ele><time>2024-02-10T23:57:47Z</time></trkpt><trkpt lat="47.500813" lon="-121.740012"><ele>999.0</ele><time>2024-02-10T23:57:50Z</time></trkpt><trkpt lat="47.500781" lon="-121.739989"><ele>1000.0</ele><time>2024-02-10T23:57:53Z</time></trkpt><trkpt lat="47.500769" lon="-121.739958"><ele>996.0</ele><time>2024-02-10T23:57:56Z</time></trkpt><trkpt lat="47.500673" lon="-121.7399"><ele>996.0</ele><time>2024-02-10T23:58:05Z</time></trkpt><trkpt lat="47.500649" lon="-121.739871"><ele>996.0</ele><time>2024-02-10T23:58:09Z</time></trkpt><trkpt lat="47.500574" lon="-121.739845"><ele>992.0</ele><time>2024-02-10T23:58:16Z</time></trkpt><trkpt lat="47.500482" lon="-121.739752"><ele>990.0</ele><time>2024-02-10T23:59:08Z</time></trkpt><trkpt lat="47.500468" lon="-121.739793"><ele>988.0</ele><time>2024-02-10T23:59:13Z</time></trkpt><trkpt lat="47.500395" lon="-121.73977"><ele>987.0</ele><time>2024-02-10T23:59:22Z</time></trkpt><trkpt lat="47.500336" lon="-121.739716"><ele>987.0</ele><time>2024-02-10T23:59:29Z</time></trkpt><trkpt lat="47.500288" lon="-121.739732"><ele>984.0</ele><time>2024-02-10T23:59:37Z</time></trkpt><trkpt lat="47.50022" lon="-121.739693"><ele>981.0</ele><time>2024-02-10T23:59:46Z</time></trkpt><trkpt lat="47.500167" lon="-121.739749"><ele>980.0</ele><time>2024-02-10T23:59:54Z</time></trkpt><trkpt lat="47.500152" lon="-121.739719"><ele>980.0</ele><time>2024-02-11T00:00:01Z</time></trkpt><trkpt lat="47.500153" lon="-121.739618"><ele>979.0</ele><time>2024-02-11T00:00:07Z</time></trkpt><trkpt lat="47.50018" lon="-121.739595"><ele>980.0</ele><time>2024-02-11T00:00:11Z</time></trkpt><trkpt lat="47.500214" lon="-121.739504"><ele>979.0</ele><time>2024-02-11T00:00:18Z</time></trkpt><trkpt lat="47.500321" lon="-121.739488"><ele>980.0</ele><time>2024-02-11T00:00:29Z</time></trkpt><trkpt lat="47.500316" lon="-121.739401"><ele>979.0</ele><time>2024-02-11T00:00:32Z</time></trkpt><trkpt lat="47.500423" lon="-121.739352"><ele>978.0</ele><time>2024-02-11T00:00:45Z</time></trkpt><trkpt lat="47.500535" lon="-121.739356"><ele>978.0</ele><time>2024-02-11T00:01:01Z</time></trkpt><trkpt lat="47.500585" lon="-121.73934"><ele>977.0</ele><time>2024-02-11T00:01:06Z</time></trkpt><trkpt lat="47.50059" lon="-121.739318"><ele>975.0</ele><time>2024-02-11T00:01:11Z</time></trkpt><trkpt lat="47.500635" lon="-121.73932"><ele>975.0</ele><time>2024-02-11T00:01:17Z</time></trkpt><trkpt lat="47.500673" lon="-121.7393"><ele>975.0</ele><time>2024-02-11T00:01:23Z</time></trkpt><trkpt lat="47.500718" lon="-121.739334"><ele>973.0</ele><time>2024-02-11T00:01:28Z</time></trkpt><trkpt lat="47.500731" lon="-121.739269"><ele>972.0</ele><time>2024-02-11T00:01:39Z</time></trkpt><trkpt lat="47.500842" lon="-121.739232"><ele>971.0</ele><time>2024-02-11T00:01:52Z</time></trkpt><trkpt lat="47.500896" lon="-121.739251"><ele>972.0</ele><time>2024-02-11T00:02:01Z</time></trkpt><trkpt lat="47.500919" lon="-121.739229"><ele>972.0</ele><time>2024-02-11T00:02:04Z</time></trkpt><trkpt lat="47.500932" lon="-121.739171"><ele>972.0</ele><time>2024-02-11T00:02:09Z</time></trkpt><trkpt lat="47.500964" lon="-121.739145"><ele>970.0</ele><time>2024-02-11T00:02:13Z</time></trkpt><trkpt lat="47.500985" lon="-121.739086"><ele>972.0</ele><time>2024-02-11T00:02:17Z</time></trkpt><trkpt lat="47.501011" lon="-121.739107"><ele>973.2</ele><time>2024-02-11T00:02:18Z</time></trkpt><trkpt lat="47.501044" lon="-121.739021"><ele>970.0</ele><time>2024-02-11T00:02:27Z</time></trkpt><trkpt lat="47.501039" lon="-121.738988"><ele>960.0</ele><time>2024-02-11T00:02:34Z</time></trkpt><trkpt lat="47.50106" lon="-121.738949"><ele>968.0</ele><time>2024-02-11T00:02:41Z</time></trkpt><trkpt lat="47.501099" lon="-121.738915"><ele>967.0</ele><time>2024-02-11T00:02:45Z</time></trkpt><trkpt lat="47.501104" lon="-121.738862"><ele>966.0</ele><time>2024-02-11T00:02:47Z</time></trkpt><trkpt lat="47.501134" lon="-121.738859"><ele>965.0</ele><time>2024-02-11T00:02:50Z</time></trkpt><trkpt lat="47.501143" lon="-121.738927"><ele>964.9</ele><time>2024-02-11T00:02:53Z</time></trkpt><trkpt lat="47.501111" lon="-121.738906"><ele>963.0</ele><time>2024-02-11T00:02:55Z</time></trkpt><trkpt lat="47.50107" lon="-121.738912"><ele>962.0</ele><time>2024-02-11T00:02:58Z</time></trkpt><trkpt lat="47.501049" lon="-121.738943"><ele>961.0</ele><time>2024-02-11T00:03:02Z</time></trkpt><trkpt lat="47.50089" lon="-121.738936"><ele>959.0</ele><time>2024-02-11T00:03:27Z</time></trkpt><trkpt lat="47.500749" lon="-121.738958"><ele>959.0</ele><time>2024-02-11T00:03:40Z</time></trkpt><trkpt lat="47.500676" lon="-121.738909"><ele>955.0</ele><time>2024-02-11T00:03:52Z</time></trkpt><trkpt lat="47.50062" lon="-121.738837"><ele>957.0</ele><time>2024-02-11T00:04:02Z</time></trkpt><trkpt lat="47.500583" lon="-121.738813"><ele>955.0</ele><time>2024-02-11T00:04:12Z</time></trkpt><trkpt lat="47.500518" lon="-121.738739"><ele>952.0</ele><time>2024-02-11T00:04:22Z</time></trkpt><trkpt lat="47.500502" lon="-121.738681"><ele>950.0</ele><time>2024-02-11T00:04:30Z</time></trkpt><trkpt lat="47.500463" lon="-121.738643"><ele>948.0</ele><time>2024-02-11T00:04:34Z</time></trkpt><trkpt lat="47.50046" lon="-121.738673"><ele>949.0</ele><time>2024-02-11T00:04:38Z</time></trkpt><trkpt lat="47.500412" lon="-121.738575"><ele>949.0</ele><time>2024-02-11T00:04:50Z</time></trkpt><trkpt lat="47.500287" lon="-121.738486"><ele>942.0</ele><time>2024-02-11T00:05:14Z</time></trkpt><trkpt lat="47.500286" lon="-121.738518"><ele>941.0</ele><time>2024-02-11T00:05:23Z</time></trkpt><trkpt lat="47.500238" lon="-121.738491"><ele>939.0</ele><time>2024-02-11T00:05:29Z</time></trkpt><trkpt lat="47.500152" lon="-121.738473"><ele>939.0</ele><time>2024-02-11T00:05:40Z</time></trkpt><trkpt lat="47.500177" lon="-121.738446"><ele>940.0</ele><time>2024-02-11T00:06:01Z</time></trkpt><trkpt lat="47.500134" lon="-121.738446"><ele>941.0</ele><time>2024-02-11T00:06:12Z</time></trkpt><trkpt lat="47.500104" lon="-121.738458"><ele>940.0</ele><time>2024-02-11T00:06:15Z</time></trkpt><trkpt lat="47.50007" lon="-121.738516"><ele>938.0</ele><time>2024-02-11T00:06:23Z</time></trkpt><trkpt lat="47.500033" lon="-121.738533"><ele>940.0</ele><time>2024-02-11T00:06:27Z</time></trkpt><trkpt lat="47.499989" lon="-121.738502"><ele>939.0</ele><time>2024-02-11T00:06:31Z</time></trkpt><trkpt lat="47.499939" lon="-121.738584"><ele>936.0</ele><time>2024-02-11T00:06:37Z</time></trkpt><trkpt lat="47.499911" lon="-121.738527"><ele>935.0</ele><time>2024-02-11T00:06:52Z</time></trkpt><trkpt lat="47.499866" lon="-121.738594"><ele>939.0</ele><time>2024-02-11T00:07:04Z</time></trkpt><trkpt lat="47.499773" lon="-121.738647"><ele>938.0</ele><time>2024-02-11T00:07:10Z</time></trkpt><trkpt lat="47.499776" lon="-121.738597"><ele>935.0</ele><time>2024-02-11T00:07:18Z</time></trkpt><trkpt lat="47.499803" lon="-121.738696"><ele>937.4</ele><time>2024-02-11T00:07:27Z</time></trkpt><trkpt lat="47.499719" lon="-121.73861"><ele>936.0</ele><time>2024-02-11T00:07:31Z</time></trkpt><trkpt lat="47.499661" lon="-121.738646"><ele>931.0</ele><time>2024-02-11T00:07:36Z</time></trkpt><trkpt lat="47.49964" lon="-121.738669"><ele>932.0</ele><time>2024-02-11T00:07:47Z</time></trkpt><trkpt lat="47.499545" lon="-121.738642"><ele>929.0</ele><time>2024-02-11T00:08:02Z</time></trkpt><trkpt lat="47.499429" lon="-121.738635"><ele>927.0</ele><time>2024-02-11T00:08:20Z</time></trkpt><trkpt lat="47.4994" lon="-121.738643"><ele>928.0</ele><time>2024-02-11T00:08:25Z</time></trkpt><trkpt lat="47.499361" lon="-121.738616"><ele>925.0</ele><time>2024-02-11T00:08:29Z</time></trkpt><trkpt lat="47.499293" lon="-121.738646"><ele>925.0</ele><time>2024-02-11T00:08:37Z</time></trkpt><trkpt lat="47.49928" lon="-121.738673"><ele>925.0</ele><time>2024-02-11T00:08:40Z</time></trkpt><trkpt lat="47.499195" lon="-121.738664"><ele>920.0</ele><time>2024-02-11T00:08:48Z</time></trkpt><trkpt lat="47.499141" lon="-121.738705"><ele>920.0</ele><time>2024-02-11T00:09:00Z</time></trkpt><trkpt lat="47.499045" lon="-121.738712"><ele>917.0</ele><time>2024-02-11T00:09:10Z</time></trkpt><trkpt lat="47.499019" lon="-121.738733"><ele>917.0</ele><time>2024-02-11T00:09:13Z</time></trkpt><trkpt lat="47.499033" lon="-121.73877"><ele>912.0</ele><time>2024-02-11T00:09:18Z</time></trkpt><trkpt lat="47.499008" lon="-121.738818"><ele>914.0</ele><time>2024-02-11T00:09:28Z</time></trkpt><trkpt lat="47.498967" lon="-121.738828"><ele>916.0</ele><time>2024-02-11T00:09:33Z</time></trkpt><trkpt lat="47.498945" lon="-121.738905"><ele>916.0</ele><time>2024-02-11T00:09:39Z</time></trkpt><trkpt lat="47.498977" lon="-121.738996"><ele>912.0</ele><time>2024-02-11T00:09:48Z</time></trkpt><trkpt lat="47.498938" lon="-121.738979"><ele>912.0</ele><time>2024-02-11T00:09:57Z</time></trkpt><trkpt lat="47.498908" lon="-121.738981"><ele>910.0</ele><time>2024-02-11T00:10:01Z</time></trkpt><trkpt lat="47.498883" lon="-121.73895"><ele>911.0</ele><time>2024-02-11T00:10:04Z</time></trkpt><trkpt lat="47.498881" lon="-121.738848"><ele>910.0</ele><time>2024-02-11T00:10:10Z</time></trkpt><trkpt lat="47.498864" lon="-121.738809"><ele>909.0</ele><time>2024-02-11T00:10:12Z</time></trkpt><trkpt lat="47.498881" lon="-121.738782"><ele>908.0</ele><time>2024-02-11T00:10:16Z</time></trkpt><trkpt lat="47.498899" lon="-121.738706"><ele>909.0</ele><time>2024-02-11T00:10:21Z</time></trkpt><trkpt lat="47.498869" lon="-121.738559"><ele>907.0</ele><time>2024-02-11T00:10:37Z</time></trkpt><trkpt lat="47.498912" lon="-121.73847"><ele>904.0</ele><time>2024-02-11T00:10:46Z</time></trkpt><trkpt lat="47.498919" lon="-121.738431"><ele>904.0</ele><time>2024-02-11T00:10:50Z</time></trkpt><trkpt lat="47.498944" lon="-121.738412"><ele>904.0</ele><time>2024-02-11T00:10:54Z</time></trkpt><trkpt lat="47.498954" lon="-121.738339"><ele>906.0</ele><time>2024-02-11T00:10:59Z</time></trkpt><trkpt lat="47.498972" lon="-121.738311"><ele>907.0</ele><time>2024-02-11T00:11:02Z</time></trkpt><trkpt lat="47.499" lon="-121.73834"><ele>906.0</ele><time>2024-02-11T00:11:05Z</time></trkpt><trkpt lat="47.499047" lon="-121.738358"><ele>903.0</ele><time>2024-02-11T00:11:08Z</time></trkpt><trkpt lat="47.499063" lon="-121.738306"><ele>903.0</ele><time>2024-02-11T00:11:11Z</time></trkpt><trkpt lat="47.499114" lon="-121.738236"><ele>902.0</ele><time>2024-02-11T00:11:23Z</time></trkpt><trkpt lat="47.499167" lon="-121.738201"><ele>900.0</ele><time>2024-02-11T00:11:29Z</time></trkpt><trkpt lat="47.499189" lon="-121.738156"><ele>903.5</ele><time>2024-02-11T00:11:31Z</time></trkpt><trkpt lat="47.499211" lon="-121.738178"><ele>900.0</ele><time>2024-02-11T00:11:34Z</time></trkpt><trkpt lat="47.499251" lon="-121.73811"><ele>902.0</ele><time>2024-02-11T00:11:40Z</time></trkpt><trkpt lat="47.499288" lon="-121.738101"><ele>901.0</ele><time>2024-02-11T00:11:43Z</time></trkpt><trkpt lat="47.499321" lon="-121.738131"><ele>904.4</ele><time>2024-02-11T00:11:46Z</time></trkpt><trkpt lat="47.499345" lon="-121.738109"><ele>904.0</ele><time>2024-02-11T00:11:48Z</time></trkpt><trkpt lat="47.499338" lon="-121.738065"><ele>902.0</ele><time>2024-02-11T00:11:51Z</time></trkpt><trkpt lat="47.499362" lon="-121.738069"><ele>901.0</ele><time>2024-02-11T00:11:54Z</time></trkpt><trkpt lat="47.499437" lon="-121.738013"><ele>900.0</ele><time>2024-02-11T00:12:02Z</time></trkpt><trkpt lat="47.499483" lon="-121.737961"><ele>900.0</ele><time>2024-02-11T00:12:08Z</time></trkpt><trkpt lat="47.499489" lon="-121.737911"><ele>901.0</ele><time>2024-02-11T00:12:11Z</time></trkpt><trkpt lat="47.499517" lon="-121.737903"><ele>900.0</ele><time>2024-02-11T00:12:12Z</time></trkpt><trkpt lat="47.499509" lon="-121.737852"><ele>900.8</ele><time>2024-02-11T00:12:17Z</time></trkpt><trkpt lat="47.499541" lon="-121.737827"><ele>900.0</ele><time>2024-02-11T00:12:20Z</time></trkpt><trkpt lat="47.499552" lon="-121.737794"><ele>900.0</ele><time>2024-02-11T00:12:22Z</time></trkpt><trkpt lat="47.499662" lon="-121.737622"><ele>896.0</ele><time>2024-02-11T00:12:41Z</time></trkpt><trkpt lat="47.499668" lon="-121.737572"><ele>895.0</ele><time>2024-02-11T00:12:45Z</time></trkpt><trkpt lat="47.499696" lon="-121.737524"><ele>887.0</ele><time>2024-02-11T00:12:59Z</time></trkpt><trkpt lat="47.499686" lon="-121.737576"><ele>886.7</ele><time>2024-02-11T00:13:10Z</time></trkpt><trkpt lat="47.499585" lon="-121.737611"><ele>885.0</ele><time>2024-02-11T00:13:22Z</time></trkpt><trkpt lat="47.499558" lon="-121.737647"><ele>880.0</ele><time>2024-02-11T00:13:33Z</time></trkpt><trkpt lat="47.499504" lon="-121.737649"><ele>884.0</ele><time>2024-02-11T00:13:50Z</time></trkpt><trkpt lat="47.499503" lon="-121.737619"><ele>887.0</ele><time>2024-02-11T00:14:08Z</time></trkpt><trkpt lat="47.499565" lon="-121.737608"><ele>882.0</ele><time>2024-02-11T00:14:18Z</time></trkpt><trkpt lat="47.499573" lon="-121.737697"><ele>882.0</ele><time>2024-02-11T00:14:37Z</time></trkpt><trkpt lat="47.499585" lon="-121.737654"><ele>884.0</ele><time>2024-02-11T00:14:44Z</time></trkpt><trkpt lat="47.499565" lon="-121.737572"><ele>885.0</ele><time>2024-02-11T00:14:52Z</time></trkpt><trkpt lat="47.499503" lon="-121.737626"><ele>885.0</ele><time>2024-02-11T00:15:04Z</time></trkpt><trkpt lat="47.499512" lon="-121.737598"><ele>888.0</ele><time>2024-02-11T00:15:15Z</time></trkpt><trkpt lat="47.49942" lon="-121.737711"><ele>887.0</ele><time>2024-02-11T00:15:44Z</time></trkpt><trkpt lat="47.499371" lon="-121.737726"><ele>888.0</ele><time>2024-02-11T00:15:49Z</time></trkpt><trkpt lat="47.499254" lon="-121.737685"><ele>886.0</ele><time>2024-02-11T00:15:59Z</time></trkpt><trkpt lat="47.499199" lon="-121.737697"><ele>884.0</ele><time>2024-02-11T00:16:01Z</time></trkpt><trkpt lat="47.49917" lon="-121.737721"><ele>884.0</ele><time>2024-02-11T00:16:03Z</time></trkpt><trkpt lat="47.499083" lon="-121.737665"><ele>883.0</ele><time>2024-02-11T00:16:11Z</time></trkpt><trkpt lat="47.499034" lon="-121.737645"><ele>880.0</ele><time>2024-02-11T00:16:16Z</time></trkpt><trkpt lat="47.498935" lon="-121.737647"><ele>877.0</ele><time>2024-02-11T00:16:25Z</time></trkpt><trkpt lat="47.498904" lon="-121.737655"><ele>873.0</ele><time>2024-02-11T00:16:31Z</time></trkpt><trkpt lat="47.498897" lon="-121.737693"><ele>876.4</ele><time>2024-02-11T00:16:36Z</time></trkpt><trkpt lat="47.498877" lon="-121.73772"><ele>875.0</ele><time>2024-02-11T00:16:38Z</time></trkpt><trkpt lat="47.498857" lon="-121.73768"><ele>875.0</ele><time>2024-02-11T00:16:41Z</time></trkpt><trkpt lat="47.498825" lon="-121.737707"><ele>872.0</ele><time>2024-02-11T00:16:48Z</time></trkpt><trkpt lat="47.498768" lon="-121.737697"><ele>872.0</ele><time>2024-02-11T00:16:53Z</time></trkpt><trkpt lat="47.498742" lon="-121.737723"><ele>870.0</ele><time>2024-02-11T00:16:55Z</time></trkpt><trkpt lat="47.498686" lon="-121.737734"><ele>868.0</ele><time>2024-02-11T00:17:00Z</time></trkpt><trkpt lat="47.498655" lon="-121.737773"><ele>866.0</ele><time>2024-02-11T00:17:03Z</time></trkpt><trkpt lat="47.498606" lon="-121.737743"><ele>866.0</ele><time>2024-02-11T00:17:08Z</time></trkpt><trkpt lat="47.498581" lon="-121.737709"><ele>866.0</ele><time>2024-02-11T00:17:10Z</time></trkpt><trkpt lat="47.498535" lon="-121.737716"><ele>861.0</ele><time>2024-02-11T00:17:14Z</time></trkpt><trkpt lat="47.498483" lon="-121.737636"><ele>863.2</ele><time>2024-02-11T00:17:20Z</time></trkpt><trkpt lat="47.498516" lon="-121.737668"><ele>862.5</ele><time>2024-02-11T00:17:21Z</time></trkpt><trkpt lat="47.498485" lon="-121.737686"><ele>862.0</ele><time>2024-02-11T00:17:23Z</time></trkpt><trkpt lat="47.498449" lon="-121.737629"><ele>862.9</ele><time>2024-02-11T00:17:24Z</time></trkpt><trkpt lat="47.498495" lon="-121.737586"><ele>862.0</ele><time>2024-02-11T00:17:26Z</time></trkpt><trkpt lat="47.498478" lon="-121.737454"><ele>860.0</ele><time>2024-02-11T00:17:32Z</time></trkpt><trkpt lat="47.498487" lon="-121.737417"><ele>859.0</ele><time>2024-02-11T00:17:34Z</time></trkpt><trkpt lat="47.49856" lon="-121.737408"><ele>858.0</ele><time>2024-02-11T00:17:39Z</time></trkpt><trkpt lat="47.498658" lon="-121.737449"><ele>857.0</ele><time>2024-02-11T00:17:45Z</time></trkpt><trkpt lat="47.498697" lon="-121.73748"><ele>855.0</ele><time>2024-02-11T00:17:48Z</time></trkpt><trkpt lat="47.498757" lon="-121.737495"><ele>856.0</ele><time>2024-02-11T00:17:51Z</time></trkpt><trkpt lat="47.498765" lon="-121.737529"><ele>854.0</ele><time>2024-02-11T00:18:01Z</time></trkpt><trkpt lat="47.498704" lon="-121.737537"><ele>852.0</ele><time>2024-02-11T00:18:08Z</time></trkpt><trkpt lat="47.498646" lon="-121.737579"><ele>849.0</ele><time>2024-02-11T00:18:15Z</time></trkpt><trkpt lat="47.498601" lon="-121.73759"><ele>851.0</ele><time>2024-02-11T00:18:17Z</time></trkpt><trkpt lat="47.498592" lon="-121.737508"><ele>850.5</ele><time>2024-02-11T00:18:21Z</time></trkpt><trkpt lat="47.498526" lon="-121.737461"><ele>849.0</ele><time>2024-02-11T00:18:24Z</time></trkpt><trkpt lat="47.498501" lon="-121.737487"><ele>849.1</ele><time>2024-02-11T00:18:26Z</time></trkpt><trkpt lat="47.498455" lon="-121.737439"><ele>848.0</ele><time>2024-02-11T00:18:30Z</time></trkpt><trkpt lat="47.498348" lon="-121.737288"><ele>848.0</ele><time>2024-02-11T00:18:40Z</time></trkpt><trkpt lat="47.498354" lon="-121.737263"><ele>846.0</ele><time>2024-02-11T00:18:42Z</time></trkpt><trkpt lat="47.498348" lon="-121.737323"><ele>842.0</ele><time>2024-02-11T00:18:53Z</time></trkpt><trkpt lat="47.498341" lon="-121.73726"><ele>840.0</ele><time>2024-02-11T00:19:01Z</time></trkpt><trkpt lat="47.498407" lon="-121.737208"><ele>840.0</ele><time>2024-02-11T00:19:12Z</time></trkpt><trkpt lat="47.498449" lon="-121.737224"><ele>841.0</ele><time>2024-02-11T00:19:18Z</time></trkpt><trkpt lat="47.498477" lon="-121.737263"><ele>842.0</ele><time>2024-02-11T00:19:20Z</time></trkpt><trkpt lat="47.498481" lon="-121.737294"><ele>844.0</ele><time>2024-02-11T00:19:22Z</time></trkpt><trkpt lat="47.498588" lon="-121.737359"><ele>842.0</ele><time>2024-02-11T00:19:30Z</time></trkpt><trkpt lat="47.49863" lon="-121.73734"><ele>844.6</ele><time>2024-02-11T00:19:34Z</time></trkpt><trkpt lat="47.498655" lon="-121.737315"><ele>843.0</ele><time>2024-02-11T00:19:36Z</time></trkpt><trkpt lat="47.498683" lon="-121.737198"><ele>840.0</ele><time>2024-02-11T00:19:48Z</time></trkpt><trkpt lat="47.498642" lon="-121.737216"><ele>842.0</ele><time>2024-02-11T00:19:55Z</time></trkpt><trkpt lat="47.498623" lon="-121.737177"><ele>840.0</ele><time>2024-02-11T00:19:58Z</time></trkpt><trkpt lat="47.498594" lon="-121.737162"><ele>840.0</ele><time>2024-02-11T00:20:02Z</time></trkpt><trkpt lat="47.498548" lon="-121.737172"><ele>840.0</ele><time>2024-02-11T00:20:04Z</time></trkpt><trkpt lat="47.498465" lon="-121.737091"><ele>841.0</ele><time>2024-02-11T00:20:13Z</time></trkpt><trkpt lat="47.498452" lon="-121.737052"><ele>841.3</ele><time>2024-02-11T00:20:15Z</time></trkpt><trkpt lat="47.498409" lon="-121.737002"><ele>840.0</ele><time>2024-02-11T00:20:19Z</time></trkpt><trkpt lat="47.498396" lon="-121.736912"><ele>837.0</ele><time>2024-02-11T00:20:27Z</time></trkpt><trkpt lat="47.498347" lon="-121.736818"><ele>834.0</ele><time>2024-02-11T00:20:39Z</time></trkpt><trkpt lat="47.498287" lon="-121.736808"><ele>831.0</ele><time>2024-02-11T00:20:47Z</time></trkpt><trkpt lat="47.498236" lon="-121.736848"><ele>828.0</ele><time>2024-02-11T00:20:54Z</time></trkpt><trkpt lat="47.498155" lon="-121.736954"><ele>824.0</ele><time>2024-02-11T00:21:10Z</time></trkpt><trkpt lat="47.498102" lon="-121.737003"><ele>822.0</ele><time>2024-02-11T00:21:20Z</time></trkpt><trkpt lat="47.49812" lon="-121.736938"><ele>822.8</ele><time>2024-02-11T00:21:24Z</time></trkpt><trkpt lat="47.498124" lon="-121.736867"><ele>823.0</ele><time>2024-02-11T00:21:28Z</time></trkpt><trkpt lat="47.498145" lon="-121.736804"><ele>820.0</ele><time>2024-02-11T00:21:33Z</time></trkpt><trkpt lat="47.498191" lon="-121.736708"><ele>823.8</ele><time>2024-02-11T00:21:41Z</time></trkpt><trkpt lat="47.498212" lon="-121.736677"><ele>822.0</ele><time>2024-02-11T00:21:43Z</time></trkpt><trkpt lat="47.49824" lon="-121.736664"><ele>822.0</ele><time>2024-02-11T00:21:45Z</time></trkpt><trkpt lat="47.498273" lon="-121.736595"><ele>823.0</ele><time>2024-02-11T00:21:50Z</time></trkpt><trkpt lat="47.498283" lon="-121.736499"><ele>822.0</ele><time>2024-02-11T00:21:57Z</time></trkpt><trkpt lat="47.49832" lon="-121.736496"><ele>822.0</ele><time>2024-02-11T00:22:00Z</time></trkpt><trkpt lat="47.498372" lon="-121.736509"><ele>821.7</ele><time>2024-02-11T00:22:05Z</time></trkpt><trkpt lat="47.498376" lon="-121.73654"><ele>816.0</ele><time>2024-02-11T00:22:08Z</time></trkpt><trkpt lat="47.498355" lon="-121.736469"><ele>819.0</ele><time>2024-02-11T00:22:14Z</time></trkpt><trkpt lat="47.498327" lon="-121.736444"><ele>819.0</ele><time>2024-02-11T00:22:16Z</time></trkpt><trkpt lat="47.49826" lon="-121.736426"><ele>819.0</ele><time>2024-02-11T00:22:23Z</time></trkpt><trkpt lat="47.498194" lon="-121.736447"><ele>816.0</ele><time>2024-02-11T00:22:31Z</time></trkpt><trkpt lat="47.498165" lon="-121.736504"><ele>815.0</ele><time>2024-02-11T00:22:34Z</time></trkpt><trkpt lat="47.498134" lon="-121.736529"><ele>814.0</ele><time>2024-02-11T00:22:36Z</time></trkpt><trkpt lat="47.498098" lon="-121.736633"><ele>812.0</ele><time>2024-02-11T00:22:44Z</time></trkpt><trkpt lat="47.497973" lon="-121.73671"><ele>808.8</ele><time>2024-02-11T00:22:55Z</time></trkpt><trkpt lat="47.497905" lon="-121.73679"><ele>806.0</ele><time>2024-02-11T00:23:02Z</time></trkpt><trkpt lat="47.497861" lon="-121.736768"><ele>805.0</ele><time>2024-02-11T00:23:04Z</time></trkpt><trkpt lat="47.497775" lon="-121.73684"><ele>806.0</ele><time>2024-02-11T00:23:12Z</time></trkpt><trkpt lat="47.497755" lon="-121.736882"><ele>805.0</ele><time>2024-02-11T00:23:14Z</time></trkpt><trkpt lat="47.497758" lon="-121.736948"><ele>804.0</ele><time>2024-02-11T00:23:17Z</time></trkpt><trkpt lat="47.497738" lon="-121.737025"><ele>801.0</ele><time>2024-02-11T00:23:30Z</time></trkpt><trkpt lat="47.497753" lon="-121.737065"><ele>801.0</ele><time>2024-02-11T00:23:36Z</time></trkpt><trkpt lat="47.497758" lon="-121.737134"><ele>800.0</ele><time>2024-02-11T00:23:40Z</time></trkpt><trkpt lat="47.497745" lon="-121.737165"><ele>798.0</ele><time>2024-02-11T00:23:43Z</time></trkpt><trkpt lat="47.497751" lon="-121.737208"><ele>798.0</ele><time>2024-02-11T00:23:47Z</time></trkpt><trkpt lat="47.49778" lon="-121.737252"><ele>798.0</ele><time>2024-02-11T00:23:49Z</time></trkpt><trkpt lat="47.497757" lon="-121.737298"><ele>795.0</ele><time>2024-02-11T00:23:58Z</time></trkpt><trkpt lat="47.497697" lon="-121.737275"><ele>795.0</ele><time>2024-02-11T00:24:15Z</time></trkpt><trkpt lat="47.497664" lon="-121.737185"><ele>796.0</ele><time>2024-02-11T00:24:20Z</time></trkpt><trkpt lat="47.497696" lon="-121.737202"><ele>798.3</ele><time>2024-02-11T00:24:23Z</time></trkpt><trkpt lat="47.497674" lon="-121.737123"><ele>799.2</ele><time>2024-02-11T00:24:24Z</time></trkpt><trkpt lat="47.497694" lon="-121.737052"><ele>795.0</ele><time>2024-02-11T00:24:29Z</time></trkpt><trkpt lat="47.497656" lon="-121.737042"><ele>796.0</ele><time>2024-02-11T00:24:31Z</time></trkpt><trkpt lat="47.497669" lon="-121.736716"><ele>793.4</ele><time>2024-02-11T00:24:53Z</time></trkpt><trkpt lat="47.497681" lon="-121.73668"><ele>792.6</ele><time>2024-02-11T00:24:54Z</time></trkpt><trkpt lat="47.49768" lon="-121.736763"><ele>788.0</ele><time>2024-02-11T00:24:59Z</time></trkpt><trkpt lat="47.49771" lon="-121.736741"><ele>788.0</ele><time>2024-02-11T00:25:02Z</time></trkpt><trkpt lat="47.497742" lon="-121.736692"><ele>784.0</ele><time>2024-02-11T00:25:09Z</time></trkpt><trkpt lat="47.497684" lon="-121.73675"><ele>788.0</ele><time>2024-02-11T00:25:14Z</time></trkpt><trkpt lat="47.497671" lon="-121.7368"><ele>786.0</ele><time>2024-02-11T00:25:16Z</time></trkpt><trkpt lat="47.497678" lon="-121.736741"><ele>783.0</ele><time>2024-02-11T00:25:30Z</time></trkpt><trkpt lat="47.497697" lon="-121.736794"><ele>784.0</ele><time>2024-02-11T00:25:49Z</time></trkpt><trkpt lat="47.497713" lon="-121.736704"><ele>781.0</ele><time>2024-02-11T00:25:59Z</time></trkpt><trkpt lat="47.497714" lon="-121.736751"><ele>781.0</ele><time>2024-02-11T00:26:09Z</time></trkpt><trkpt lat="47.497693" lon="-121.736791"><ele>785.2</ele><time>2024-02-11T00:26:18Z</time></trkpt><trkpt lat="47.497746" lon="-121.736698"><ele>785.1</ele><time>2024-02-11T00:26:20Z</time></trkpt><trkpt lat="47.497716" lon="-121.736733"><ele>785.4</ele><time>2024-02-11T00:26:21Z</time></trkpt><trkpt lat="47.497719" lon="-121.736781"><ele>784.8</ele><time>2024-02-11T00:26:22Z</time></trkpt><trkpt lat="47.497707" lon="-121.736734"><ele>785.2</ele><time>2024-02-11T00:26:23Z</time></trkpt><trkpt lat="47.497714" lon="-121.736697"><ele>785.8</ele><time>2024-02-11T00:26:24Z</time></trkpt><trkpt lat="47.497708" lon="-121.736605"><ele>787.3</ele><time>2024-02-11T00:26:27Z</time></trkpt><trkpt lat="47.497769" lon="-121.736504"><ele>787.0</ele><time>2024-02-11T00:26:34Z</time></trkpt><trkpt lat="47.497771" lon="-121.736451"><ele>787.0</ele><time>2024-02-11T00:26:38Z</time></trkpt><trkpt lat="47.497808" lon="-121.736337"><ele>784.0</ele><time>2024-02-11T00:26:46Z</time></trkpt><trkpt lat="47.497845" lon="-121.736124"><ele>783.6</ele><time>2024-02-11T00:26:56Z</time></trkpt><trkpt lat="47.497855" lon="-121.73609"><ele>782.0</ele><time>2024-02-11T00:26:58Z</time></trkpt><trkpt lat="47.497887" lon="-121.736068"><ele>782.0</ele><time>2024-02-11T00:27:00Z</time></trkpt><trkpt lat="47.497874" lon="-121.736018"><ele>783.0</ele><time>2024-02-11T00:27:02Z</time></trkpt><trkpt lat="47.497923" lon="-121.735762"><ele>782.0</ele><time>2024-02-11T00:27:18Z</time></trkpt><trkpt lat="47.498047" lon="-121.735481"><ele>778.0</ele><time>2024-02-11T00:27:38Z</time></trkpt><trkpt lat="47.498137" lon="-121.735371"><ele>774.0</ele><time>2024-02-11T00:27:49Z</time></trkpt><trkpt lat="47.498164" lon="-121.735418"><ele>773.0</ele><time>2024-02-11T00:27:52Z</time></trkpt><trkpt lat="47.498225" lon="-121.735387"><ele>774.0</ele><time>2024-02-11T00:27:59Z</time></trkpt><trkpt lat="47.498265" lon="-121.735378"><ele>773.3</ele><time>2024-02-11T00:28:02Z</time></trkpt><trkpt lat="47.498337" lon="-121.73531"><ele>772.0</ele><time>2024-02-11T00:28:07Z</time></trkpt><trkpt lat="47.498357" lon="-121.735275"><ele>772.0</ele><time>2024-02-11T00:28:09Z</time></trkpt><trkpt lat="47.498424" lon="-121.735259"><ele>772.0</ele><time>2024-02-11T00:28:13Z</time></trkpt><trkpt lat="47.498477" lon="-121.735182"><ele>768.0</ele><time>2024-02-11T00:28:24Z</time></trkpt><trkpt lat="47.498472" lon="-121.735142"><ele>766.0</ele><time>2024-02-11T00:28:31Z</time></trkpt><trkpt lat="47.498424" lon="-121.735093"><ele>765.0</ele><time>2024-02-11T00:28:38Z</time></trkpt><trkpt lat="47.498383" lon="-121.735076"><ele>765.0</ele><time>2024-02-11T00:28:40Z</time></trkpt><trkpt lat="47.498298" lon="-121.735082"><ele>762.0</ele><time>2024-02-11T00:28:48Z</time></trkpt><trkpt lat="47.498271" lon="-121.735051"><ele>763.0</ele><time>2024-02-11T00:28:50Z</time></trkpt><trkpt lat="47.498156" lon="-121.734994"><ele>760.0</ele><time>2024-02-11T00:29:00Z</time></trkpt><trkpt lat="47.498085" lon="-121.734989"><ele>762.0</ele><time>2024-02-11T00:29:07Z</time></trkpt><trkpt lat="47.498034" lon="-121.735001"><ele>761.0</ele><time>2024-02-11T00:29:09Z</time></trkpt><trkpt lat="47.497996" lon="-121.734996"><ele>760.0</ele><time>2024-02-11T00:29:11Z</time></trkpt><trkpt lat="47.497958" lon="-121.734977"><ele>759.0</ele><time>2024-02-11T00:29:13Z</time></trkpt><trkpt lat="47.497916" lon="-121.734989"><ele>760.0</ele><time>2024-02-11T00:29:16Z</time></trkpt><trkpt lat="47.497834" lon="-121.735055"><ele>760.0</ele><time>2024-02-11T00:29:25Z</time></trkpt><trkpt lat="47.497787" lon="-121.735133"><ele>756.0</ele><time>2024-02-11T00:29:31Z</time></trkpt><trkpt lat="47.497802" lon="-121.735173"><ele>757.0</ele><time>2024-02-11T00:29:36Z</time></trkpt><trkpt lat="47.497802" lon="-121.735208"><ele>757.6</ele><time>2024-02-11T00:29:37Z</time></trkpt><trkpt lat="47.497775" lon="-121.735223"><ele>757.1</ele><time>2024-02-11T00:29:38Z</time></trkpt><trkpt lat="47.497735" lon="-121.73532"><ele>752.0</ele><time>2024-02-11T00:29:48Z</time></trkpt><trkpt lat="47.497732" lon="-121.735355"><ele>752.0</ele><time>2024-02-11T00:29:51Z</time></trkpt><trkpt lat="47.497691" lon="-121.735386"><ele>752.0</ele><time>2024-02-11T00:29:54Z</time></trkpt><trkpt lat="47.497645" lon="-121.735555"><ele>751.0</ele><time>2024-02-11T00:30:05Z</time></trkpt><trkpt lat="47.497574" lon="-121.735664"><ele>750.0</ele><time>2024-02-11T00:30:15Z</time></trkpt><trkpt lat="47.497597" lon="-121.735729"><ele>750.0</ele><time>2024-02-11T00:30:19Z</time></trkpt><trkpt lat="47.497567" lon="-121.735811"><ele>748.0</ele><time>2024-02-11T00:30:26Z</time></trkpt><trkpt lat="47.497524" lon="-121.735883"><ele>748.0</ele><time>2024-02-11T00:30:30Z</time></trkpt><trkpt lat="47.497447" lon="-121.73596"><ele>744.0</ele><time>2024-02-11T00:30:39Z</time></trkpt><trkpt lat="47.497429" lon="-121.736009"><ele>747.0</ele><time>2024-02-11T00:30:43Z</time></trkpt><trkpt lat="47.4974" lon="-121.736026"><ele>746.0</ele><time>2024-02-11T00:30:45Z</time></trkpt><trkpt lat="47.497393" lon="-121.736056"><ele>744.0</ele><time>2024-02-11T00:30:47Z</time></trkpt><trkpt lat="47.497278" lon="-121.736135"><ele>741.0</ele><time>2024-02-11T00:30:59Z</time></trkpt><trkpt lat="47.497268" lon="-121.736186"><ele>742.0</ele><time>2024-02-11T00:31:02Z</time></trkpt><trkpt lat="47.497235" lon="-121.736235"><ele>742.0</ele><time>2024-02-11T00:31:04Z</time></trkpt><trkpt lat="47.497218" lon="-121.736332"><ele>741.0</ele><time>2024-02-11T00:31:09Z</time></trkpt><trkpt lat="47.497187" lon="-121.736344"><ele>741.0</ele><time>2024-02-11T00:31:11Z</time></trkpt><trkpt lat="47.49717" lon="-121.736372"><ele>740.0</ele><time>2024-02-11T00:31:13Z</time></trkpt><trkpt lat="47.497137" lon="-121.736496"><ele>740.0</ele><time>2024-02-11T00:31:19Z</time></trkpt><trkpt lat="47.497123" lon="-121.736603"><ele>736.0</ele><time>2024-02-11T00:31:27Z</time></trkpt><trkpt lat="47.49708" lon="-121.736683"><ele>732.0</ele><time>2024-02-11T00:31:37Z</time></trkpt><trkpt lat="47.49709" lon="-121.736642"><ele>735.0</ele><time>2024-02-11T00:31:42Z</time></trkpt><trkpt lat="47.497063" lon="-121.736675"><ele>737.8</ele><time>2024-02-11T00:31:45Z</time></trkpt><trkpt lat="47.497066" lon="-121.736718"><ele>736.0</ele><time>2024-02-11T00:31:47Z</time></trkpt><trkpt lat="47.496997" lon="-121.736797"><ele>732.0</ele><time>2024-02-11T00:32:00Z</time></trkpt><trkpt lat="47.496977" lon="-121.7369"><ele>728.0</ele><time>2024-02-11T00:32:09Z</time></trkpt><trkpt lat="47.496996" lon="-121.736929"><ele>727.8</ele><time>2024-02-11T00:32:12Z</time></trkpt><trkpt lat="47.496964" lon="-121.736942"><ele>728.0</ele><time>2024-02-11T00:32:14Z</time></trkpt><trkpt lat="47.496957" lon="-121.737103"><ele>729.8</ele><time>2024-02-11T00:32:27Z</time></trkpt><trkpt lat="47.496925" lon="-121.737189"><ele>724.0</ele><time>2024-02-11T00:32:42Z</time></trkpt><trkpt lat="47.496888" lon="-121.737216"><ele>720.0</ele><time>2024-02-11T00:32:54Z</time></trkpt><trkpt lat="47.496875" lon="-121.737258"><ele>720.0</ele><time>2024-02-11T00:32:56Z</time></trkpt><trkpt lat="47.496885" lon="-121.737316"><ele>720.0</ele><time>2024-02-11T00:33:00Z</time></trkpt><trkpt lat="47.496891" lon="-121.737265"><ele>719.5</ele><time>2024-02-11T00:33:02Z</time></trkpt><trkpt lat="47.496869" lon="-121.737238"><ele>718.9</ele><time>2024-02-11T00:33:03Z</time></trkpt><trkpt lat="47.496818" lon="-121.73711"><ele>716.0</ele><time>2024-02-11T00:33:11Z</time></trkpt><trkpt lat="47.496841" lon="-121.73706"><ele>717.0</ele><time>2024-02-11T00:33:13Z</time></trkpt><trkpt lat="47.496803" lon="-121.737024"><ele>718.4</ele><time>2024-02-11T00:33:16Z</time></trkpt><trkpt lat="47.496809" lon="-121.73695"><ele>718.0</ele><time>2024-02-11T00:33:20Z</time></trkpt><trkpt lat="47.496783" lon="-121.736917"><ele>717.0</ele><time>2024-02-11T00:33:22Z</time></trkpt><trkpt lat="47.496777" lon="-121.736828"><ele>718.0</ele><time>2024-02-11T00:33:27Z</time></trkpt><trkpt lat="47.496746" lon="-121.736753"><ele>717.0</ele><time>2024-02-11T00:33:31Z</time></trkpt><trkpt lat="47.49675" lon="-121.736621"><ele>717.0</ele><time>2024-02-11T00:33:38Z</time></trkpt><trkpt lat="47.496782" lon="-121.73656"><ele>713.0</ele><time>2024-02-11T00:33:46Z</time></trkpt><trkpt lat="47.496782" lon="-121.736505"><ele>712.0</ele><time>2024-02-11T00:33:55Z</time></trkpt><trkpt lat="47.496805" lon="-121.736468"><ele>710.0</ele><time>2024-02-11T00:34:01Z</time></trkpt><trkpt lat="47.496778" lon="-121.736411"><ele>710.0</ele><time>2024-02-11T00:34:06Z</time></trkpt><trkpt lat="47.496765" lon="-121.736312"><ele>708.0</ele><time>2024-02-11T00:34:11Z</time></trkpt><trkpt lat="47.496778" lon="-121.736265"><ele>710.0</ele><time>2024-02-11T00:34:13Z</time></trkpt><trkpt lat="47.496774" lon="-121.736228"><ele>710.0</ele><time>2024-02-11T00:34:15Z</time></trkpt><trkpt lat="47.496814" lon="-121.73612"><ele>705.0</ele><time>2024-02-11T00:34:26Z</time></trkpt><trkpt lat="47.496806" lon="-121.73604"><ele>704.0</ele><time>2024-02-11T00:34:31Z</time></trkpt><trkpt lat="47.496859" lon="-121.735948"><ele>702.0</ele><time>2024-02-11T00:34:36Z</time></trkpt><trkpt lat="47.496874" lon="-121.735897"><ele>702.0</ele><time>2024-02-11T00:34:38Z</time></trkpt><trkpt lat="47.496874" lon="-121.735843"><ele>702.0</ele><time>2024-02-11T00:34:40Z</time></trkpt><trkpt lat="47.496898" lon="-121.735814"><ele>703.4</ele><time>2024-02-11T00:34:42Z</time></trkpt><trkpt lat="47.496881" lon="-121.735648"><ele>700.0</ele><time>2024-02-11T00:34:50Z</time></trkpt><trkpt lat="47.496902" lon="-121.735542"><ele>700.0</ele><time>2024-02-11T00:34:56Z</time></trkpt><trkpt lat="47.496917" lon="-121.735514"><ele>700.0</ele><time>2024-02-11T00:34:58Z</time></trkpt><trkpt lat="47.496964" lon="-121.735223"><ele>695.0</ele><time>2024-02-11T00:35:15Z</time></trkpt><trkpt lat="47.496973" lon="-121.735095"><ele>691.0</ele><time>2024-02-11T00:35:26Z</time></trkpt><trkpt lat="47.496966" lon="-121.734929"><ele>687.0</ele><time>2024-02-11T00:35:46Z</time></trkpt><trkpt lat="47.496996" lon="-121.734905"><ele>685.0</ele><time>2024-02-11T00:35:50Z</time></trkpt><trkpt lat="47.496984" lon="-121.734945"><ele>686.0</ele><time>2024-02-11T00:35:54Z</time></trkpt><trkpt lat="47.496956" lon="-121.734868"><ele>684.0</ele><time>2024-02-11T00:36:00Z</time></trkpt><trkpt lat="47.496957" lon="-121.734787"><ele>682.0</ele><time>2024-02-11T00:36:05Z</time></trkpt><trkpt lat="47.496996" lon="-121.734708"><ele>680.0</ele><time>2024-02-11T00:36:11Z</time></trkpt><trkpt lat="47.497006" lon="-121.734618"><ele>679.3</ele><time>2024-02-11T00:36:19Z</time></trkpt><trkpt lat="47.497" lon="-121.73457"><ele>679.0</ele><time>2024-02-11T00:36:20Z</time></trkpt><trkpt lat="47.497052" lon="-121.734391"><ele>677.0</ele><time>2024-02-11T00:36:30Z</time></trkpt><trkpt lat="47.497054" lon="-121.734325"><ele>677.0</ele><time>2024-02-11T00:36:35Z</time></trkpt><trkpt lat="47.497153" lon="-121.734073"><ele>674.0</ele><time>2024-02-11T00:37:01Z</time></trkpt><trkpt lat="47.497147" lon="-121.734042"><ele>672.0</ele><time>2024-02-11T00:37:04Z</time></trkpt><trkpt lat="47.49716" lon="-121.734009"><ele>673.0</ele><time>2024-02-11T00:37:06Z</time></trkpt><trkpt lat="47.497164" lon="-121.733923"><ele>674.1</ele><time>2024-02-11T00:37:10Z</time></trkpt><trkpt lat="47.497188" lon="-121.733903"><ele>672.0</ele><time>2024-02-11T00:37:12Z</time></trkpt><trkpt lat="47.497256" lon="-121.73374"><ele>670.0</ele><time>2024-02-11T00:37:25Z</time></trkpt><trkpt lat="47.497266" lon="-121.733697"><ele>672.4</ele><time>2024-02-11T00:37:26Z</time></trkpt><trkpt lat="47.497268" lon="-121.733557"><ele>669.0</ele><time>2024-02-11T00:37:32Z</time></trkpt><trkpt lat="47.497284" lon="-121.733518"><ele>666.0</ele><time>2024-02-11T00:37:37Z</time></trkpt><trkpt lat="47.497321" lon="-121.733484"><ele>671.0</ele><time>2024-02-11T00:37:40Z</time></trkpt><trkpt lat="47.49732" lon="-121.733415"><ele>670.0</ele><time>2024-02-11T00:37:44Z</time></trkpt><trkpt lat="47.497306" lon="-121.733374"><ele>670.5</ele><time>2024-02-11T00:37:45Z</time></trkpt><trkpt lat="47.49731" lon="-121.733333"><ele>669.0</ele><time>2024-02-11T00:37:47Z</time></trkpt><trkpt lat="47.497326" lon="-121.733304"><ele>667.0</ele><time>2024-02-11T00:37:49Z</time></trkpt><trkpt lat="47.497384" lon="-121.73302"><ele>665.0</ele><time>2024-02-11T00:38:10Z</time></trkpt><trkpt lat="47.49737" lon="-121.733097"><ele>665.5</ele><time>2024-02-11T00:38:13Z</time></trkpt><trkpt lat="47.49738" lon="-121.733239"><ele>664.0</ele><time>2024-02-11T00:38:23Z</time></trkpt><trkpt lat="47.497363" lon="-121.733173"><ele>663.6</ele><time>2024-02-11T00:38:26Z</time></trkpt><trkpt lat="47.497364" lon="-121.733122"><ele>662.0</ele><time>2024-02-11T00:38:28Z</time></trkpt><trkpt lat="47.497392" lon="-121.73303"><ele>662.0</ele><time>2024-02-11T00:38:32Z</time></trkpt><trkpt lat="47.497389" lon="-121.732913"><ele>660.0</ele><time>2024-02-11T00:38:37Z</time></trkpt><trkpt lat="47.497404" lon="-121.732879"><ele>662.0</ele><time>2024-02-11T00:38:40Z</time></trkpt><trkpt lat="47.497418" lon="-121.732797"><ele>661.7</ele><time>2024-02-11T00:38:51Z</time></trkpt><trkpt lat="47.497416" lon="-121.732708"><ele>660.0</ele><time>2024-02-11T00:38:54Z</time></trkpt><trkpt lat="47.497439" lon="-121.732616"><ele>659.0</ele><time>2024-02-11T00:38:58Z</time></trkpt><trkpt lat="47.497443" lon="-121.732686"><ele>659.0</ele><time>2024-02-11T00:39:00Z</time></trkpt><trkpt lat="47.497438" lon="-121.732726"><ele>659.0</ele><time>2024-02-11T00:39:01Z</time></trkpt><trkpt lat="47.497382" lon="-121.732799"><ele>658.0</ele><time>2024-02-11T00:39:05Z</time></trkpt><trkpt lat="47.497369" lon="-121.732831"><ele>656.0</ele><time>2024-02-11T00:39:07Z</time></trkpt><trkpt lat="47.497389" lon="-121.732941"><ele>658.0</ele><time>2024-02-11T00:39:11Z</time></trkpt><trkpt lat="47.497349" lon="-121.732945"><ele>657.0</ele><time>2024-02-11T00:39:13Z</time></trkpt><trkpt lat="47.497289" lon="-121.732989"><ele>657.0</ele><time>2024-02-11T00:39:22Z</time></trkpt><trkpt lat="47.497227" lon="-121.733076"><ele>659.0</ele><time>2024-02-11T00:39:29Z</time></trkpt><trkpt lat="47.497163" lon="-121.733195"><ele>655.0</ele><time>2024-02-11T00:39:37Z</time></trkpt><trkpt lat="47.497133" lon="-121.733227"><ele>656.0</ele><time>2024-02-11T00:39:41Z</time></trkpt><trkpt lat="47.497112" lon="-121.733302"><ele>656.0</ele><time>2024-02-11T00:39:44Z</time></trkpt><trkpt lat="47.497019" lon="-121.733501"><ele>656.0</ele><time>2024-02-11T00:40:03Z</time></trkpt><trkpt lat="47.496972" lon="-121.733543"><ele>656.0</ele><time>2024-02-11T00:40:08Z</time></trkpt><trkpt lat="47.496967" lon="-121.733614"><ele>656.0</ele><time>2024-02-11T00:40:13Z</time></trkpt><trkpt lat="47.496942" lon="-121.733677"><ele>654.0</ele><time>2024-02-11T00:40:21Z</time></trkpt><trkpt lat="47.496914" lon="-121.733608"><ele>655.5</ele><time>2024-02-11T00:40:24Z</time></trkpt><trkpt lat="47.496852" lon="-121.733838"><ele>655.3</ele><time>2024-02-11T00:40:34Z</time></trkpt><trkpt lat="47.496855" lon="-121.733813"><ele>652.0</ele><time>2024-02-11T00:40:39Z</time></trkpt><trkpt lat="47.496822" lon="-121.733885"><ele>651.0</ele><time>2024-02-11T00:40:50Z</time></trkpt><trkpt lat="47.496749" lon="-121.733967"><ele>649.0</ele><time>2024-02-11T00:40:59Z</time></trkpt><trkpt lat="47.496694" lon="-121.734008"><ele>648.0</ele><time>2024-02-11T00:41:05Z</time></trkpt><trkpt lat="47.49663" lon="-121.734019"><ele>648.0</ele><time>2024-02-11T00:41:13Z</time></trkpt><trkpt lat="47.496627" lon="-121.734061"><ele>648.0</ele><time>2024-02-11T00:41:15Z</time></trkpt><trkpt lat="47.496592" lon="-121.734141"><ele>649.3</ele><time>2024-02-11T00:41:18Z</time></trkpt><trkpt lat="47.496565" lon="-121.734161"><ele>647.0</ele><time>2024-02-11T00:41:20Z</time></trkpt><trkpt lat="47.496529" lon="-121.734055"><ele>646.3</ele><time>2024-02-11T00:41:24Z</time></trkpt><trkpt lat="47.496542" lon="-121.733926"><ele>644.7</ele><time>2024-02-11T00:41:28Z</time></trkpt><trkpt lat="47.496588" lon="-121.733787"><ele>642.0</ele><time>2024-02-11T00:41:36Z</time></trkpt><trkpt lat="47.496588" lon="-121.733725"><ele>642.7</ele><time>2024-02-11T00:41:38Z</time></trkpt><trkpt lat="47.496613" lon="-121.73369"><ele>642.0</ele><time>2024-02-11T00:41:40Z</time></trkpt><trkpt lat="47.496628" lon="-121.733637"><ele>642.0</ele><time>2024-02-11T00:41:42Z</time></trkpt><trkpt lat="47.496681" lon="-121.733538"><ele>642.0</ele><time>2024-02-11T00:41:54Z</time></trkpt><trkpt lat="47.496656" lon="-121.733345"><ele>640.0</ele><time>2024-02-11T00:42:03Z</time></trkpt><trkpt lat="47.496652" lon="-121.733221"><ele>640.0</ele><time>2024-02-11T00:42:08Z</time></trkpt><trkpt lat="47.496662" lon="-121.733179"><ele>638.0</ele><time>2024-02-11T00:42:10Z</time></trkpt><trkpt lat="47.496705" lon="-121.733138"><ele>639.0</ele><time>2024-02-11T00:42:15Z</time></trkpt><trkpt lat="47.496655" lon="-121.733025"><ele>638.0</ele><time>2024-02-11T00:42:23Z</time></trkpt><trkpt lat="47.496661" lon="-121.732916"><ele>636.0</ele><time>2024-02-11T00:42:29Z</time></trkpt><trkpt lat="47.496709" lon="-121.732721"><ele>636.1</ele><time>2024-02-11T00:42:37Z</time></trkpt><trkpt lat="47.496732" lon="-121.7327"><ele>635.6</ele><time>2024-02-11T00:42:38Z</time></trkpt><trkpt lat="47.496746" lon="-121.732614"><ele>634.0</ele><time>2024-02-11T00:42:42Z</time></trkpt><trkpt lat="47.496785" lon="-121.732598"><ele>634.0</ele><time>2024-02-11T00:42:44Z</time></trkpt><trkpt lat="47.496798" lon="-121.732566"><ele>635.0</ele><time>2024-02-11T00:42:46Z</time></trkpt><trkpt lat="47.496757" lon="-121.732533"><ele>633.0</ele><time>2024-02-11T00:42:51Z</time></trkpt><trkpt lat="47.496793" lon="-121.732537"><ele>636.1</ele><time>2024-02-11T00:42:56Z</time></trkpt><trkpt lat="47.496753" lon="-121.732459"><ele>634.0</ele><time>2024-02-11T00:42:57Z</time></trkpt><trkpt lat="47.496787" lon="-121.732329"><ele>633.0</ele><time>2024-02-11T00:43:04Z</time></trkpt><trkpt lat="47.496806" lon="-121.73232"><ele>633.0</ele><time>2024-02-11T00:43:07Z</time></trkpt><trkpt lat="47.496858" lon="-121.732256"><ele>632.0</ele><time>2024-02-11T00:43:13Z</time></trkpt><trkpt lat="47.496851" lon="-121.732131"><ele>630.0</ele><time>2024-02-11T00:43:21Z</time></trkpt><trkpt lat="47.496946" lon="-121.731934"><ele>632.0</ele><time>2024-02-11T00:43:33Z</time></trkpt><trkpt lat="47.496977" lon="-121.731928"><ele>631.0</ele><time>2024-02-11T00:43:35Z</time></trkpt><trkpt lat="47.497001" lon="-121.731906"><ele>630.0</ele><time>2024-02-11T00:43:39Z</time></trkpt><trkpt lat="47.497006" lon="-121.731799"><ele>633.3</ele><time>2024-02-11T00:43:45Z</time></trkpt><trkpt lat="47.496987" lon="-121.731745"><ele>632.0</ele><time>2024-02-11T00:43:47Z</time></trkpt><trkpt lat="47.496957" lon="-121.731734"><ele>630.0</ele><time>2024-02-11T00:43:49Z</time></trkpt><trkpt lat="47.49692" lon="-121.731684"><ele>630.0</ele><time>2024-02-11T00:43:52Z</time></trkpt><trkpt lat="47.496901" lon="-121.731602"><ele>631.0</ele><time>2024-02-11T00:43:57Z</time></trkpt><trkpt lat="47.49691" lon="-121.731566"><ele>630.0</ele><time>2024-02-11T00:43:59Z</time></trkpt><trkpt lat="47.49688" lon="-121.73155"><ele>629.0</ele><time>2024-02-11T00:44:02Z</time></trkpt><trkpt lat="47.496879" lon="-121.731435"><ele>627.0</ele><time>2024-02-11T00:44:08Z</time></trkpt><trkpt lat="47.496843" lon="-121.731454"><ele>625.0</ele><time>2024-02-11T00:44:12Z</time></trkpt><trkpt lat="47.496802" lon="-121.731417"><ele>624.0</ele><time>2024-02-11T00:44:18Z</time></trkpt><trkpt lat="47.496828" lon="-121.731393"><ele>620.0</ele><time>2024-02-11T00:44:22Z</time></trkpt><trkpt lat="47.496798" lon="-121.731367"><ele>620.0</ele><time>2024-02-11T00:44:27Z</time></trkpt><trkpt lat="47.496763" lon="-121.731386"><ele>620.0</ele><time>2024-02-11T00:44:31Z</time></trkpt><trkpt lat="47.496761" lon="-121.731353"><ele>617.0</ele><time>2024-02-11T00:44:42Z</time></trkpt><trkpt lat="47.496722" lon="-121.731381"><ele>617.0</ele><time>2024-02-11T00:44:47Z</time></trkpt><trkpt lat="47.496727" lon="-121.731408"><ele>618.4</ele><time>2024-02-11T00:44:50Z</time></trkpt><trkpt lat="47.496708" lon="-121.731361"><ele>613.0</ele><time>2024-02-11T00:44:54Z</time></trkpt><trkpt lat="47.496711" lon="-121.731417"><ele>615.0</ele><time>2024-02-11T00:44:58Z</time></trkpt><trkpt lat="47.496691" lon="-121.731447"><ele>616.0</ele><time>2024-02-11T00:45:00Z</time></trkpt><trkpt lat="47.496685" lon="-121.73148"><ele>615.0</ele><time>2024-02-11T00:45:04Z</time></trkpt><trkpt lat="47.496605" lon="-121.731505"><ele>614.0</ele><time>2024-02-11T00:45:16Z</time></trkpt><trkpt lat="47.496573" lon="-121.731466"><ele>614.0</ele><time>2024-02-11T00:45:19Z</time></trkpt><trkpt lat="47.496533" lon="-121.731481"><ele>612.0</ele><time>2024-02-11T00:45:22Z</time></trkpt><trkpt lat="47.496516" lon="-121.731527"><ele>612.0</ele><time>2024-02-11T00:45:26Z</time></trkpt><trkpt lat="47.496466" lon="-121.73154"><ele>612.0</ele><time>2024-02-11T00:45:30Z</time></trkpt><trkpt lat="47.49641" lon="-121.731573"><ele>612.0</ele><time>2024-02-11T00:45:35Z</time></trkpt><trkpt lat="47.496386" lon="-121.731624"><ele>614.2</ele><time>2024-02-11T00:45:38Z</time></trkpt><trkpt lat="47.496329" lon="-121.731625"><ele>612.0</ele><time>2024-02-11T00:45:44Z</time></trkpt><trkpt lat="47.496207" lon="-121.73179"><ele>608.0</ele><time>2024-02-11T00:45:58Z</time></trkpt><trkpt lat="47.496135" lon="-121.731824"><ele>606.0</ele><time>2024-02-11T00:46:04Z</time></trkpt><trkpt lat="47.496105" lon="-121.731813"><ele>606.0</ele><time>2024-02-11T00:46:08Z</time></trkpt><trkpt lat="47.496044" lon="-121.731841"><ele>604.0</ele><time>2024-02-11T00:46:17Z</time></trkpt><trkpt lat="47.495985" lon="-121.731832"><ele>603.0</ele><time>2024-02-11T00:46:20Z</time></trkpt><trkpt lat="47.495956" lon="-121.7318"><ele>606.6</ele><time>2024-02-11T00:46:22Z</time></trkpt><trkpt lat="47.495951" lon="-121.731758"><ele>604.0</ele><time>2024-02-11T00:46:24Z</time></trkpt><trkpt lat="47.495916" lon="-121.731724"><ele>604.0</ele><time>2024-02-11T00:46:27Z</time></trkpt><trkpt lat="47.495873" lon="-121.73172"><ele>599.0</ele><time>2024-02-11T00:46:35Z</time></trkpt><trkpt lat="47.495869" lon="-121.731813"><ele>597.0</ele><time>2024-02-11T00:46:48Z</time></trkpt><trkpt lat="47.495834" lon="-121.731833"><ele>596.0</ele><time>2024-02-11T00:46:50Z</time></trkpt><trkpt lat="47.495824" lon="-121.731872"><ele>594.0</ele><time>2024-02-11T00:46:54Z</time></trkpt><trkpt lat="47.495793" lon="-121.731902"><ele>594.0</ele><time>2024-02-11T00:46:58Z</time></trkpt><trkpt lat="47.495763" lon="-121.731896"><ele>594.0</ele><time>2024-02-11T00:47:00Z</time></trkpt><trkpt lat="47.495727" lon="-121.73192"><ele>590.0</ele><time>2024-02-11T00:47:03Z</time></trkpt><trkpt lat="47.495703" lon="-121.731972"><ele>590.0</ele><time>2024-02-11T00:47:10Z</time></trkpt><trkpt lat="47.495674" lon="-121.731982"><ele>592.0</ele><time>2024-02-11T00:47:14Z</time></trkpt><trkpt lat="47.495662" lon="-121.732005"><ele>592.0</ele><time>2024-02-11T00:47:16Z</time></trkpt><trkpt lat="47.495629" lon="-121.732026"><ele>590.0</ele><time>2024-02-11T00:47:18Z</time></trkpt><trkpt lat="47.495603" lon="-121.732001"><ele>588.0</ele><time>2024-02-11T00:47:21Z</time></trkpt><trkpt lat="47.495549" lon="-121.732013"><ele>588.0</ele><time>2024-02-11T00:47:25Z</time></trkpt><trkpt lat="47.495507" lon="-121.732046"><ele>589.0</ele><time>2024-02-11T00:47:27Z</time></trkpt><trkpt lat="47.495526" lon="-121.73208"><ele>587.0</ele><time>2024-02-11T00:47:30Z</time></trkpt><trkpt lat="47.495529" lon="-121.732146"><ele>585.0</ele><time>2024-02-11T00:47:34Z</time></trkpt><trkpt lat="47.495481" lon="-121.732184"><ele>582.0</ele><time>2024-02-11T00:47:42Z</time></trkpt><trkpt lat="47.49544" lon="-121.732243"><ele>580.0</ele><time>2024-02-11T00:47:48Z</time></trkpt><trkpt lat="47.495414" lon="-121.732264"><ele>580.0</ele><time>2024-02-11T00:47:51Z</time></trkpt><trkpt lat="47.49541" lon="-121.732304"><ele>580.3</ele><time>2024-02-11T00:47:52Z</time></trkpt><trkpt lat="47.49536" lon="-121.732382"><ele>579.0</ele><time>2024-02-11T00:47:57Z</time></trkpt><trkpt lat="47.495354" lon="-121.732478"><ele>576.0</ele><time>2024-02-11T00:48:04Z</time></trkpt><trkpt lat="47.495304" lon="-121.73259"><ele>576.0</ele><time>2024-02-11T00:48:10Z</time></trkpt><trkpt lat="47.4953" lon="-121.732631"><ele>576.0</ele><time>2024-02-11T00:48:12Z</time></trkpt><trkpt lat="47.49525" lon="-121.732697"><ele>576.0</ele><time>2024-02-11T00:48:16Z</time></trkpt><trkpt lat="47.495215" lon="-121.732711"><ele>574.0</ele><time>2024-02-11T00:48:18Z</time></trkpt><trkpt lat="47.495166" lon="-121.732854"><ele>568.0</ele><time>2024-02-11T00:48:34Z</time></trkpt><trkpt lat="47.495097" lon="-121.732892"><ele>568.1</ele><time>2024-02-11T00:48:41Z</time></trkpt><trkpt lat="47.495092" lon="-121.73293"><ele>567.0</ele><time>2024-02-11T00:48:43Z</time></trkpt><trkpt lat="47.495061" lon="-121.732976"><ele>567.0</ele><time>2024-02-11T00:48:45Z</time></trkpt><trkpt lat="47.495067" lon="-121.733053"><ele>566.8</ele><time>2024-02-11T00:48:47Z</time></trkpt><trkpt lat="47.495013" lon="-121.733139"><ele>568.0</ele><time>2024-02-11T00:48:53Z</time></trkpt><trkpt lat="47.494983" lon="-121.733154"><ele>568.0</ele><time>2024-02-11T00:48:54Z</time></trkpt><trkpt lat="47.494965" lon="-121.733199"><ele>568.1</ele><time>2024-02-11T00:48:57Z</time></trkpt><trkpt lat="47.494976" lon="-121.733248"><ele>561.0</ele><time>2024-02-11T00:49:03Z</time></trkpt><trkpt lat="47.494965" lon="-121.733278"><ele>564.0</ele><time>2024-02-11T00:49:10Z</time></trkpt><trkpt lat="47.494936" lon="-121.733239"><ele>565.4</ele><time>2024-02-11T00:49:12Z</time></trkpt><trkpt lat="47.494846" lon="-121.733422"><ele>561.0</ele><time>2024-02-11T00:49:25Z</time></trkpt><trkpt lat="47.494819" lon="-121.733509"><ele>560.0</ele><time>2024-02-11T00:49:30Z</time></trkpt><trkpt lat="47.494709" lon="-121.733777"><ele>560.0</ele><time>2024-02-11T00:49:45Z</time></trkpt><trkpt lat="47.49459" lon="-121.73404"><ele>556.0</ele><time>2024-02-11T00:50:01Z</time></trkpt><trkpt lat="47.494553" lon="-121.734095"><ele>556.0</ele><time>2024-02-11T00:50:06Z</time></trkpt><trkpt lat="47.494513" lon="-121.734194"><ele>555.0</ele><time>2024-02-11T00:50:14Z</time></trkpt><trkpt lat="47.494447" lon="-121.734296"><ele>554.0</ele><time>2024-02-11T00:50:22Z</time></trkpt><trkpt lat="47.49442" lon="-121.734366"><ele>553.0</ele><time>2024-02-11T00:50:27Z</time></trkpt><trkpt lat="47.494359" lon="-121.734448"><ele>552.0</ele><time>2024-02-11T00:50:34Z</time></trkpt><trkpt lat="47.494265" lon="-121.734619"><ele>549.0</ele><time>2024-02-11T00:50:52Z</time></trkpt><trkpt lat="47.494043" lon="-121.73492"><ele>540.0</ele><time>2024-02-11T00:51:42Z</time></trkpt><trkpt lat="47.493942" lon="-121.735078"><ele>535.0</ele><time>2024-02-11T00:52:05Z</time></trkpt><trkpt lat="47.493908" lon="-121.735113"><ele>538.6</ele><time>2024-02-11T00:52:08Z</time></trkpt><trkpt lat="47.493864" lon="-121.735202"><ele>537.0</ele><time>2024-02-11T00:52:14Z</time></trkpt><trkpt lat="47.493842" lon="-121.735225"><ele>538.0</ele><time>2024-02-11T00:52:15Z</time></trkpt><trkpt lat="47.493825" lon="-121.735266"><ele>538.5</ele><time>2024-02-11T00:52:18Z</time></trkpt><trkpt lat="47.493728" lon="-121.735414"><ele>536.0</ele><time>2024-02-11T00:52:32Z</time></trkpt><trkpt lat="47.493626" lon="-121.735538"><ele>532.0</ele><time>2024-02-11T00:52:49Z</time></trkpt><trkpt lat="47.493564" lon="-121.735581"><ele>528.0</ele><time>2024-02-11T00:52:59Z</time></trkpt><trkpt lat="47.493498" lon="-121.73585"><ele>532.4</ele><time>2024-02-11T00:53:13Z</time></trkpt><trkpt lat="47.493473" lon="-121.735762"><ele>530.0</ele><time>2024-02-11T00:53:17Z</time></trkpt><trkpt lat="47.493479" lon="-121.735671"><ele>529.0</ele><time>2024-02-11T00:53:20Z</time></trkpt><trkpt lat="47.493468" lon="-121.735617"><ele>530.7</ele><time>2024-02-11T00:53:23Z</time></trkpt><trkpt lat="47.493496" lon="-121.735514"><ele>525.0</ele><time>2024-02-11T00:53:30Z</time></trkpt><trkpt lat="47.493487" lon="-121.735477"><ele>528.0</ele><time>2024-02-11T00:53:34Z</time></trkpt><trkpt lat="47.493449" lon="-121.735362"><ele>525.0</ele><time>2024-02-11T00:53:45Z</time></trkpt><trkpt lat="47.493377" lon="-121.73527"><ele>525.0</ele><time>2024-02-11T00:53:54Z</time></trkpt><trkpt lat="47.49335" lon="-121.735253"><ele>525.0</ele><time>2024-02-11T00:53:56Z</time></trkpt><trkpt lat="47.493286" lon="-121.735184"><ele>524.0</ele><time>2024-02-11T00:54:02Z</time></trkpt><trkpt lat="47.493156" lon="-121.735096"><ele>518.0</ele><time>2024-02-11T00:54:15Z</time></trkpt><trkpt lat="47.493122" lon="-121.735097"><ele>513.0</ele><time>2024-02-11T00:54:24Z</time></trkpt><trkpt lat="47.493059" lon="-121.735118"><ele>514.0</ele><time>2024-02-11T00:54:32Z</time></trkpt><trkpt lat="47.492991" lon="-121.735164"><ele>511.0</ele><time>2024-02-11T00:54:38Z</time></trkpt><trkpt lat="47.492878" lon="-121.73528"><ele>506.0</ele><time>2024-02-11T00:54:54Z</time></trkpt><trkpt lat="47.492812" lon="-121.735373"><ele>504.0</ele><time>2024-02-11T00:55:02Z</time></trkpt><trkpt lat="47.492766" lon="-121.735473"><ele>501.0</ele><time>2024-02-11T00:55:12Z</time></trkpt><trkpt lat="47.492714" lon="-121.73565"><ele>499.0</ele><time>2024-02-11T00:55:37Z</time></trkpt><trkpt lat="47.492687" lon="-121.73581"><ele>499.0</ele><time>2024-02-11T00:55:48Z</time></trkpt><trkpt lat="47.492651" lon="-121.736232"><ele>499.5</ele><time>2024-02-11T00:56:19Z</time></trkpt><trkpt lat="47.492619" lon="-121.736418"><ele>495.0</ele><time>2024-02-11T00:56:34Z</time></trkpt><trkpt lat="47.492576" lon="-121.736539"><ele>494.0</ele><time>2024-02-11T00:56:46Z</time></trkpt><trkpt lat="47.492507" lon="-121.736609"><ele>491.0</ele><time>2024-02-11T00:56:57Z</time></trkpt><trkpt lat="47.492495" lon="-121.736674"><ele>489.0</ele><time>2024-02-11T00:57:08Z</time></trkpt><trkpt lat="47.492489" lon="-121.736638"><ele>488.0</ele><time>2024-02-11T00:57:11Z</time></trkpt><trkpt lat="47.492447" lon="-121.736573"><ele>485.0</ele><time>2024-02-11T00:57:19Z</time></trkpt><trkpt lat="47.492437" lon="-121.736535"><ele>484.0</ele><time>2024-02-11T00:57:24Z</time></trkpt><trkpt lat="47.492325" lon="-121.736006"><ele>480.0</ele><time>2024-02-11T00:58:02Z</time></trkpt><trkpt lat="47.492265" lon="-121.735892"><ele>478.0</ele><time>2024-02-11T00:58:11Z</time></trkpt><trkpt lat="47.492212" lon="-121.735737"><ele>476.0</ele><time>2024-02-11T00:58:20Z</time></trkpt><trkpt lat="47.492159" lon="-121.735512"><ele>473.0</ele><time>2024-02-11T00:58:36Z</time></trkpt><trkpt lat="47.492143" lon="-121.735393"><ele>472.0</ele><time>2024-02-11T00:58:46Z</time></trkpt><trkpt lat="47.492153" lon="-121.73526"><ele>468.0</ele><time>2024-02-11T00:58:57Z</time></trkpt><trkpt lat="47.492163" lon="-121.735224"><ele>468.0</ele><time>2024-02-11T00:59:00Z</time></trkpt><trkpt lat="47.492387" lon="-121.734777"><ele>463.8</ele><time>2024-02-11T00:59:25Z</time></trkpt><trkpt lat="47.492391" lon="-121.734745"><ele>463.5</ele><time>2024-02-11T00:59:26Z</time></trkpt><trkpt lat="47.492718" lon="-121.734106"><ele>462.0</ele><time>2024-02-11T01:00:12Z</time></trkpt><trkpt lat="47.492759" lon="-121.734046"><ele>462.0</ele><time>2024-02-11T01:00:16Z</time></trkpt><trkpt lat="47.492905" lon="-121.733676"><ele>452.0</ele><time>2024-02-11T01:00:51Z</time></trkpt><trkpt lat="47.492923" lon="-121.733651"><ele>452.0</ele><time>2024-02-11T01:00:55Z</time></trkpt><trkpt lat="47.493019" lon="-121.733376"><ele>451.7</ele><time>2024-02-11T01:01:17Z</time></trkpt><trkpt lat="47.493083" lon="-121.733112"><ele>450.0</ele><time>2024-02-11T01:01:30Z</time></trkpt><trkpt lat="47.493132" lon="-121.732815"><ele>448.0</ele><time>2024-02-11T01:01:44Z</time></trkpt><trkpt lat="47.493155" lon="-121.732739"><ele>448.0</ele><time>2024-02-11T01:01:48Z</time></trkpt><trkpt lat="47.493204" lon="-121.732295"><ele>441.0</ele><time>2024-02-11T01:02:18Z</time></trkpt><trkpt lat="47.493245" lon="-121.73178"><ele>435.0</ele><time>2024-02-11T01:03:05Z</time></trkpt><trkpt lat="47.493236" lon="-121.73168"><ele>435.0</ele><time>2024-02-11T01:03:14Z</time></trkpt><trkpt lat="47.493241" lon="-121.731469"><ele>432.8</ele><time>2024-02-11T01:03:27Z</time></trkpt><trkpt lat="47.493327" lon="-121.731054"><ele>429.0</ele><time>2024-02-11T01:03:53Z</time></trkpt><trkpt lat="47.49335" lon="-121.730776"><ele>429.0</ele><time>2024-02-11T01:04:07Z</time></trkpt><trkpt lat="47.493354" lon="-121.730531"><ele>425.0</ele><time>2024-02-11T01:04:26Z</time></trkpt><trkpt lat="47.493339" lon="-121.730415"><ele>423.0</ele><time>2024-02-11T01:04:33Z</time></trkpt><trkpt lat="47.493336" lon="-121.730296"><ele>423.0</ele><time>2024-02-11T01:04:37Z</time></trkpt><trkpt lat="47.493313" lon="-121.730167"><ele>422.0</ele><time>2024-02-11T01:04:43Z</time></trkpt><trkpt lat="47.493277" lon="-121.730039"><ele>418.0</ele><time>2024-02-11T01:04:49Z</time></trkpt><trkpt lat="47.493203" lon="-121.729852"><ele>415.8</ele><time>2024-02-11T01:04:58Z</time></trkpt><trkpt lat="47.493196" lon="-121.729803"><ele>414.0</ele><time>2024-02-11T01:05:00Z</time></trkpt><trkpt lat="47.493136" lon="-121.729648"><ele>411.0</ele><time>2024-02-11T01:05:07Z</time></trkpt><trkpt lat="47.4931" lon="-121.729465"><ele>408.0</ele><time>2024-02-11T01:05:16Z</time></trkpt><trkpt lat="47.493082" lon="-121.729156"><ele>406.0</ele><time>2024-02-11T01:05:27Z</time></trkpt><trkpt lat="47.493086" lon="-121.729077"><ele>405.9</ele><time>2024-02-11T01:05:30Z</time></trkpt><trkpt lat="47.493067" lon="-121.728929"><ele>403.0</ele><time>2024-02-11T01:05:37Z</time></trkpt><trkpt lat="47.493066" lon="-121.728807"><ele>402.0</ele><time>2024-02-11T01:05:45Z</time></trkpt><trkpt lat="47.493009" lon="-121.728409"><ele>395.0</ele><time>2024-02-11T01:06:07Z</time></trkpt><trkpt lat="47.492951" lon="-121.728236"><ele>394.0</ele><time>2024-02-11T01:06:15Z</time></trkpt><trkpt lat="47.49288" lon="-121.728122"><ele>391.0</ele><time>2024-02-11T01:06:22Z</time></trkpt><trkpt lat="47.49284" lon="-121.728094"><ele>391.1</ele><time>2024-02-11T01:06:24Z</time></trkpt><trkpt lat="47.492777" lon="-121.728087"><ele>385.0</ele><time>2024-02-11T01:06:33Z</time></trkpt><trkpt lat="47.492745" lon="-121.728068"><ele>384.0</ele><time>2024-02-11T01:06:37Z</time></trkpt><trkpt lat="47.49272" lon="-121.728036"><ele>381.0</ele><time>2024-02-11T01:06:41Z</time></trkpt><trkpt lat="47.492651" lon="-121.727768"><ele>377.8</ele><time>2024-02-11T01:06:52Z</time></trkpt><trkpt lat="47.492627" lon="-121.72759"><ele>375.1</ele><time>2024-02-11T01:07:01Z</time></trkpt><trkpt lat="47.492668" lon="-121.727051"><ele>367.0</ele><time>2024-02-11T01:07:24Z</time></trkpt><trkpt lat="47.492662" lon="-121.726972"><ele>368.0</ele><time>2024-02-11T01:07:30Z</time></trkpt><trkpt lat="47.492678" lon="-121.726924"><ele>367.0</ele><time>2024-02-11T01:07:33Z</time></trkpt><trkpt lat="47.492667" lon="-121.726885"><ele>367.3</ele><time>2024-02-11T01:07:35Z</time></trkpt><trkpt lat="47.492696" lon="-121.726872"><ele>366.9</ele><time>2024-02-11T01:07:36Z</time></trkpt><trkpt lat="47.492711" lon="-121.726806"><ele>365.9</ele><time>2024-02-11T01:07:38Z</time></trkpt><trkpt lat="47.492704" lon="-121.726775"><ele>367.0</ele><time>2024-02-11T01:07:39Z</time></trkpt><trkpt lat="47.492673" lon="-121.726789"><ele>364.0</ele><time>2024-02-11T01:07:41Z</time></trkpt><trkpt lat="47.492647" lon="-121.726821"><ele>365.3</ele><time>2024-02-11T01:07:42Z</time></trkpt><trkpt lat="47.492638" lon="-121.726877"><ele>364.7</ele><time>2024-02-11T01:07:43Z</time></trkpt><trkpt lat="47.4926" lon="-121.726908"><ele>364.0</ele><time>2024-02-11T01:07:46Z</time></trkpt><trkpt lat="47.492534" lon="-121.726998"><ele>361.0</ele><time>2024-02-11T01:07:52Z</time></trkpt><trkpt lat="47.492356" lon="-121.727404"><ele>354.0</ele><time>2024-02-11T01:08:17Z</time></trkpt><trkpt lat="47.492299" lon="-121.727575"><ele>351.0</ele><time>2024-02-11T01:08:24Z</time></trkpt><trkpt lat="47.492224" lon="-121.727722"><ele>351.0</ele><time>2024-02-11T01:08:37Z</time></trkpt><trkpt lat="47.492156" lon="-121.727801"><ele>351.0</ele><time>2024-02-11T01:08:50Z</time></trkpt><trkpt lat="47.491948" lon="-121.727956"><ele>345.0</ele><time>2024-02-11T01:09:15Z</time></trkpt><trkpt lat="47.491882" lon="-121.728058"><ele>345.0</ele><time>2024-02-11T01:09:28Z</time></trkpt><trkpt lat="47.491924" lon="-121.727953"><ele>342.0</ele><time>2024-02-11T01:09:36Z</time></trkpt><trkpt lat="47.491907" lon="-121.727978"><ele>342.0</ele><time>2024-02-11T01:09:40Z</time></trkpt><trkpt lat="47.491844" lon="-121.728244"><ele>339.0</ele><time>2024-02-11T01:10:01Z</time></trkpt><trkpt lat="47.491814" lon="-121.728314"><ele>336.0</ele><time>2024-02-11T01:10:08Z</time></trkpt><trkpt lat="47.491776" lon="-121.728363"><ele>336.0</ele><time>2024-02-11T01:10:17Z</time></trkpt><trkpt lat="47.491736" lon="-121.728386"><ele>334.0</ele><time>2024-02-11T01:10:25Z</time></trkpt><trkpt lat="47.491666" lon="-121.72839"><ele>329.0</ele><time>2024-02-11T01:10:37Z</time></trkpt><trkpt lat="47.491645" lon="-121.728455"><ele>330.0</ele><time>2024-02-11T01:10:45Z</time></trkpt><trkpt lat="47.491622" lon="-121.728385"><ele>330.0</ele><time>2024-02-11T01:10:50Z</time></trkpt><trkpt lat="47.491522" lon="-121.72827"><ele>329.0</ele><time>2024-02-11T01:11:06Z</time></trkpt><trkpt lat="47.491542" lon="-121.728313"><ele>324.0</ele><time>2024-02-11T01:11:10Z</time></trkpt><trkpt lat="47.491515" lon="-121.728277"><ele>323.0</ele><time>2024-02-11T01:11:16Z</time></trkpt><trkpt lat="47.491481" lon="-121.728179"><ele>324.0</ele><time>2024-02-11T01:11:23Z</time></trkpt><trkpt lat="47.491403" lon="-121.727462"><ele>308.0</ele><time>2024-02-11T01:12:31Z</time></trkpt><trkpt lat="47.491364" lon="-121.72733"><ele>308.0</ele><time>2024-02-11T01:12:47Z</time></trkpt><trkpt lat="47.491279" lon="-121.727113"><ele>300.0</ele><time>2024-02-11T01:13:15Z</time></trkpt><trkpt lat="47.491244" lon="-121.726903"><ele>296.0</ele><time>2024-02-11T01:13:30Z</time></trkpt><trkpt lat="47.491212" lon="-121.726809"><ele>294.0</ele><time>2024-02-11T01:13:37Z</time></trkpt><trkpt lat="47.491217" lon="-121.726735"><ele>293.0</ele><time>2024-02-11T01:13:43Z</time></trkpt><trkpt lat="47.491205" lon="-121.726684"><ele>292.0</ele><time>2024-02-11T01:13:46Z</time></trkpt><trkpt lat="47.49117" lon="-121.726754"><ele>293.0</ele><time>2024-02-11T01:13:51Z</time></trkpt><trkpt lat="47.491078" lon="-121.726872"><ele>290.0</ele><time>2024-02-11T01:14:01Z</time></trkpt><trkpt lat="47.491019" lon="-121.726908"><ele>285.0</ele><time>2024-02-11T01:14:13Z</time></trkpt><trkpt lat="47.491" lon="-121.726862"><ele>285.0</ele><time>2024-02-11T01:14:17Z</time></trkpt><trkpt lat="47.491013" lon="-121.726233"><ele>284.0</ele><time>2024-02-11T01:14:49Z</time></trkpt><trkpt lat="47.491033" lon="-121.726027"><ele>276.0</ele><time>2024-02-11T01:15:01Z</time></trkpt><trkpt lat="47.491028" lon="-121.7258"><ele>280.0</ele><time>2024-02-11T01:15:14Z</time></trkpt><trkpt lat="47.491035" lon="-121.725636"><ele>280.0</ele><time>2024-02-11T01:15:24Z</time></trkpt><trkpt lat="47.491026" lon="-121.725524"><ele>279.0</ele><time>2024-02-11T01:15:31Z</time></trkpt><trkpt lat="47.491035" lon="-121.725372"><ele>276.0</ele><time>2024-02-11T01:15:40Z</time></trkpt><trkpt lat="47.491026" lon="-121.725253"><ele>274.0</ele><time>2024-02-11T01:15:46Z</time></trkpt><trkpt lat="47.491036" lon="-121.725124"><ele>274.0</ele><time>2024-02-11T01:15:52Z</time></trkpt><trkpt lat="47.491027" lon="-121.724891"><ele>272.0</ele><time>2024-02-11T01:16:03Z</time></trkpt><trkpt lat="47.491032" lon="-121.724941"><ele>270.0</ele><time>2024-02-11T01:16:15Z</time></trkpt><trkpt lat="47.491036" lon="-121.72444"><ele>263.0</ele><time>2024-02-11T01:16:41Z</time></trkpt><trkpt lat="47.491025" lon="-121.724163"><ele>260.0</ele><time>2024-02-11T01:16:57Z</time></trkpt><trkpt lat="47.491005" lon="-121.724042"><ele>262.2</ele><time>2024-02-11T01:17:01Z</time></trkpt><trkpt lat="47.490959" lon="-121.723929"><ele>261.1</ele><time>2024-02-11T01:17:06Z</time></trkpt><trkpt lat="47.490857" lon="-121.723808"><ele>257.0</ele><time>2024-02-11T01:17:16Z</time></trkpt><trkpt lat="47.490725" lon="-121.723756"><ele>250.0</ele><time>2024-02-11T01:17:34Z</time></trkpt><trkpt lat="47.490672" lon="-121.723718"><ele>251.0</ele><time>2024-02-11T01:17:39Z</time></trkpt><trkpt lat="47.490627" lon="-121.723652"><ele>251.0</ele><time>2024-02-11T01:17:44Z</time></trkpt><trkpt lat="47.490485" lon="-121.72326"><ele>246.0</ele><time>2024-02-11T01:18:06Z</time></trkpt><trkpt lat="47.490441" lon="-121.723085"><ele>244.0</ele><time>2024-02-11T01:18:17Z</time></trkpt><trkpt lat="47.490326" lon="-121.722853"><ele>237.0</ele><time>2024-02-11T01:18:37Z</time></trkpt><trkpt lat="47.490265" lon="-121.723004"><ele>236.0</ele><time>2024-02-11T01:18:46Z</time></trkpt><trkpt lat="47.490173" lon="-121.723348"><ele>232.0</ele><time>2024-02-11T01:19:01Z</time></trkpt><trkpt lat="47.490125" lon="-121.723452"><ele>232.0</ele><time>2024-02-11T01:19:06Z</time></trkpt><trkpt lat="47.490059" lon="-121.723564"><ele>232.0</ele><time>2024-02-11T01:19:12Z</time></trkpt><trkpt lat="47.490036" lon="-121.723586"><ele>231.8</ele><time>2024-02-11T01:19:13Z</time></trkpt><trkpt lat="47.49003" lon="-121.723616"><ele>231.6</ele><time>2024-02-11T01:19:14Z</time></trkpt><trkpt lat="47.489939" lon="-121.723745"><ele>230.0</ele><time>2024-02-11T01:19:22Z</time></trkpt><trkpt lat="47.48988" lon="-121.723799"><ele>228.0</ele><time>2024-02-11T01:19:28Z</time></trkpt><trkpt lat="47.48984" lon="-121.723858"><ele>225.0</ele><time>2024-02-11T01:19:34Z</time></trkpt><trkpt lat="47.48982" lon="-121.723405"><ele>225.0</ele><time>2024-02-11T01:19:54Z</time></trkpt><trkpt lat="47.489807" lon="-121.723365"><ele>222.0</ele><time>2024-02-11T01:19:56Z</time></trkpt><trkpt lat="47.489803" lon="-121.723279"><ele>220.0</ele><time>2024-02-11T01:20:02Z</time></trkpt><trkpt lat="47.489787" lon="-121.723207"><ele>214.0</ele><time>2024-02-11T01:20:10Z</time></trkpt><trkpt lat="47.489761" lon="-121.72314"><ele>214.2</ele><time>2024-02-11T01:20:11Z</time></trkpt><trkpt lat="47.489729" lon="-121.723094"><ele>214.0</ele><time>2024-02-11T01:20:14Z</time></trkpt><trkpt lat="47.489661" lon="-121.723056"><ele>213.0</ele><time>2024-02-11T01:20:19Z</time></trkpt><trkpt lat="47.489593" lon="-121.723056"><ele>212.0</ele><time>2024-02-11T01:20:24Z</time></trkpt><trkpt lat="47.489493" lon="-121.723134"><ele>208.0</ele><time>2024-02-11T01:20:36Z</time></trkpt><trkpt lat="47.489447" lon="-121.723189"><ele>207.0</ele><time>2024-02-11T01:20:43Z</time></trkpt><trkpt lat="47.489416" lon="-121.723211"><ele>205.0</ele><time>2024-02-11T01:20:46Z</time></trkpt><trkpt lat="47.489345" lon="-121.72323"><ele>206.0</ele><time>2024-02-11T01:20:51Z</time></trkpt><trkpt lat="47.489307" lon="-121.723227"><ele>206.0</ele><time>2024-02-11T01:20:53Z</time></trkpt><trkpt lat="47.489192" lon="-121.723174"><ele>207.0</ele><time>2024-02-11T01:21:02Z</time></trkpt><trkpt lat="47.489158" lon="-121.723143"><ele>208.0</ele><time>2024-02-11T01:21:04Z</time></trkpt><trkpt lat="47.489115" lon="-121.723078"><ele>207.0</ele><time>2024-02-11T01:21:10Z</time></trkpt><trkpt lat="47.488976" lon="-121.722955"><ele>206.0</ele><time>2024-02-11T01:21:25Z</time></trkpt><trkpt lat="47.488903" lon="-121.722943"><ele>204.0</ele><time>2024-02-11T01:21:31Z</time></trkpt><trkpt lat="47.488876" lon="-121.723031"><ele>206.0</ele><time>2024-02-11T01:21:37Z</time></trkpt><trkpt lat="47.488789" lon="-121.723136"><ele>204.0</ele><time>2024-02-11T01:21:46Z</time></trkpt><trkpt lat="47.488737" lon="-121.723176"><ele>202.0</ele><time>2024-02-11T01:21:53Z</time></trkpt><trkpt lat="47.488673" lon="-121.723206"><ele>202.0</ele><time>2024-02-11T01:21:57Z</time></trkpt><trkpt lat="47.488529" lon="-121.723202"><ele>204.0</ele><time>2024-02-11T01:22:05Z</time></trkpt><trkpt lat="47.488391" lon="-121.723184"><ele>203.9</ele><time>2024-02-11T01:22:24Z</time></trkpt></trkseg></trk></gpx>