<?xml version="1.0" ?><gpx xmlns="http://www.topografix.com/GPX/1/1" creator="GaiaGPS" version="1.1" xmlns:xsi="http://www.w3.org/2001/XMLSchema-instance" xsi:schemaLocation="http://www.topografix.com/GPX/1/1 http://www.topografix.com/GPX/1/1/gpx.xsd"><trk><name>Mt Daniel (west summit) with Will</name><desc></desc><extensions><line xmlns="http://www.topografix.com/GPX/gpx_style/0/2"><color>00DAE1</color></line></extensions><trkseg><trkpt lat="47.543413" lon="-121.097111"><ele>1015.9</ele><time>2025-08-30T13:58:03Z</time></trkpt><trkpt lat="47.543462" lon="-121.097076"><ele>1025.8</ele><time>2025-08-30T13:58:06Z</time></trkpt><trkpt lat="47.543419" lon="-121.097252"><ele>1022.0</ele><time>2025-08-30T13:58:19Z</time></trkpt><trkpt lat="47.54337" lon="-121.097354"><ele>1015.0</ele><time>2025-08-30T13:58:29Z</time></trkpt><trkpt lat="47.543369" lon="-121.097389"><ele>1021.0</ele><time>2025-08-30T13:58:34Z</time></trkpt><trkpt lat="47.543313" lon="-121.097459"><ele>1021.0</ele><time>2025-08-30T13:58:38Z</time></trkpt><trkpt lat="47.543257" lon="-121.097507"><ele>1024.0</ele><time>2025-08-30T13:58:46Z</time></trkpt><trkpt lat="47.543205" lon="-121.097581"><ele>1026.0</ele><time>2025-08-30T13:58:52Z</time></trkpt><trkpt lat="47.543195" lon="-121.097623"><ele>1026.0</ele><time>2025-08-30T13:59:04Z</time></trkpt><trkpt lat="47.543201" lon="-121.097659"><ele>1025.0</ele><time>2025-08-30T13:59:14Z</time></trkpt><trkpt lat="47.543141" lon="-121.097721"><ele>1023.0</ele><time>2025-08-30T13:59:22Z</time></trkpt><trkpt lat="47.542968" lon="-121.097735"><ele>1024.0</ele><time>2025-08-30T13:59:37Z</time></trkpt><trkpt lat="47.542836" lon="-121.097797"><ele>1024.0</ele><time>2025-08-30T13:59:50Z</time></trkpt><trkpt lat="47.54276" lon="-121.09781"><ele>1023.0</ele><time>2025-08-30T13:59:56Z</time></trkpt><trkpt lat="47.542699" lon="-121.097848"><ele>1020.0</ele><time>2025-08-30T14:00:02Z</time></trkpt><trkpt lat="47.542638" lon="-121.097861"><ele>1022.0</ele><time>2025-08-30T14:00:14Z</time></trkpt><trkpt lat="47.542576" lon="-121.097858"><ele>1023.0</ele><time>2025-08-30T14:00:21Z</time></trkpt><trkpt lat="47.542459" lon="-121.097874"><ele>1023.0</ele><time>2025-08-30T14:00:29Z</time></trkpt><trkpt lat="47.54242" lon="-121.097863"><ele>1023.0</ele><time>2025-08-30T14:00:32Z</time></trkpt><trkpt lat="47.542341" lon="-121.097734"><ele>1020.0</ele><time>2025-08-30T14:00:41Z</time></trkpt><trkpt lat="47.542307" lon="-121.097744"><ele>1022.0</ele><time>2025-08-30T14:00:44Z</time></trkpt><trkpt lat="47.542254" lon="-121.097834"><ele>1024.0</ele><time>2025-08-30T14:00:50Z</time></trkpt><trkpt lat="47.542171" lon="-121.097901"><ele>1020.0</ele><time>2025-08-30T14:00:58Z</time></trkpt><trkpt lat="47.542131" lon="-121.097926"><ele>1020.0</ele><time>2025-08-30T14:01:01Z</time></trkpt><trkpt lat="47.542023" lon="-121.097945"><ele>1022.0</ele><time>2025-08-30T14:01:09Z</time></trkpt><trkpt lat="47.541994" lon="-121.097961"><ele>1023.0</ele><time>2025-08-30T14:01:12Z</time></trkpt><trkpt lat="47.541972" lon="-121.097993"><ele>1024.0</ele><time>2025-08-30T14:01:15Z</time></trkpt><trkpt lat="47.541935" lon="-121.098096"><ele>1022.0</ele><time>2025-08-30T14:01:21Z</time></trkpt><trkpt lat="47.541899" lon="-121.0981"><ele>1023.0</ele><time>2025-08-30T14:01:23Z</time></trkpt><trkpt lat="47.541864" lon="-121.098085"><ele>1024.8</ele><time>2025-08-30T14:01:25Z</time></trkpt><trkpt lat="47.541844" lon="-121.098097"><ele>1024.0</ele><time>2025-08-30T14:01:27Z</time></trkpt><trkpt lat="47.54182" lon="-121.098148"><ele>1024.0</ele><time>2025-08-30T14:01:31Z</time></trkpt><trkpt lat="47.541849" lon="-121.098304"><ele>1024.5</ele><time>2025-08-30T14:01:37Z</time></trkpt><trkpt lat="47.541851" lon="-121.098371"><ele>1026.0</ele><time>2025-08-30T14:01:41Z</time></trkpt><trkpt lat="47.541816" lon="-121.098509"><ele>1026.0</ele><time>2025-08-30T14:01:49Z</time></trkpt><trkpt lat="47.54174" lon="-121.098611"><ele>1024.0</ele><time>2025-08-30T14:01:56Z</time></trkpt><trkpt lat="47.541653" lon="-121.098794"><ele>1026.0</ele><time>2025-08-30T14:02:09Z</time></trkpt><trkpt lat="47.541624" lon="-121.098827"><ele>1026.0</ele><time>2025-08-30T14:02:12Z</time></trkpt><trkpt lat="47.541564" lon="-121.098855"><ele>1028.0</ele><time>2025-08-30T14:02:15Z</time></trkpt><trkpt lat="47.541427" lon="-121.098869"><ele>1029.8</ele><time>2025-08-30T14:02:29Z</time></trkpt><trkpt lat="47.541373" lon="-121.098892"><ele>1027.0</ele><time>2025-08-30T14:02:33Z</time></trkpt><trkpt lat="47.541342" lon="-121.098895"><ele>1026.0</ele><time>2025-08-30T14:02:36Z</time></trkpt><trkpt lat="47.541268" lon="-121.098991"><ele>1028.0</ele><time>2025-08-30T14:02:43Z</time></trkpt><trkpt lat="47.541215" lon="-121.099042"><ele>1029.0</ele><time>2025-08-30T14:02:49Z</time></trkpt><trkpt lat="47.541213" lon="-121.099133"><ele>1028.0</ele><time>2025-08-30T14:02:54Z</time></trkpt><trkpt lat="47.54118" lon="-121.099203"><ele>1030.0</ele><time>2025-08-30T14:03:00Z</time></trkpt><trkpt lat="47.541174" lon="-121.09924"><ele>1030.0</ele><time>2025-08-30T14:03:02Z</time></trkpt><trkpt lat="47.541196" lon="-121.099372"><ele>1030.5</ele><time>2025-08-30T14:03:08Z</time></trkpt><trkpt lat="47.54117" lon="-121.099446"><ele>1029.0</ele><time>2025-08-30T14:03:13Z</time></trkpt><trkpt lat="47.541137" lon="-121.099455"><ele>1029.0</ele><time>2025-08-30T14:03:16Z</time></trkpt><trkpt lat="47.541095" lon="-121.099437"><ele>1030.0</ele><time>2025-08-30T14:03:19Z</time></trkpt><trkpt lat="47.541056" lon="-121.09947"><ele>1029.0</ele><time>2025-08-30T14:03:22Z</time></trkpt><trkpt lat="47.541022" lon="-121.099477"><ele>1031.0</ele><time>2025-08-30T14:03:25Z</time></trkpt><trkpt lat="47.54091" lon="-121.099434"><ele>1032.0</ele><time>2025-08-30T14:03:36Z</time></trkpt><trkpt lat="47.540843" lon="-121.099427"><ele>1032.0</ele><time>2025-08-30T14:03:42Z</time></trkpt><trkpt lat="47.540777" lon="-121.099471"><ele>1032.0</ele><time>2025-08-30T14:03:49Z</time></trkpt><trkpt lat="47.540735" lon="-121.099544"><ele>1031.0</ele><time>2025-08-30T14:03:53Z</time></trkpt><trkpt lat="47.540707" lon="-121.099558"><ele>1032.0</ele><time>2025-08-30T14:03:55Z</time></trkpt><trkpt lat="47.540655" lon="-121.099558"><ele>1034.0</ele><time>2025-08-30T14:04:00Z</time></trkpt><trkpt lat="47.540617" lon="-121.099493"><ele>1030.0</ele><time>2025-08-30T14:04:06Z</time></trkpt><trkpt lat="47.540583" lon="-121.099523"><ele>1032.0</ele><time>2025-08-30T14:04:10Z</time></trkpt><trkpt lat="47.540573" lon="-121.099556"><ele>1032.0</ele><time>2025-08-30T14:04:13Z</time></trkpt><trkpt lat="47.54051" lon="-121.099603"><ele>1036.0</ele><time>2025-08-30T14:04:21Z</time></trkpt><trkpt lat="47.540491" lon="-121.099641"><ele>1036.0</ele><time>2025-08-30T14:04:24Z</time></trkpt><trkpt lat="47.540499" lon="-121.099679"><ele>1037.0</ele><time>2025-08-30T14:04:27Z</time></trkpt><trkpt lat="47.540479" lon="-121.099739"><ele>1038.0</ele><time>2025-08-30T14:04:32Z</time></trkpt><trkpt lat="47.540434" lon="-121.099764"><ele>1037.0</ele><time>2025-08-30T14:04:37Z</time></trkpt><trkpt lat="47.540386" lon="-121.099818"><ele>1040.0</ele><time>2025-08-30T14:04:47Z</time></trkpt><trkpt lat="47.540144" lon="-121.099843"><ele>1043.0</ele><time>2025-08-30T14:05:14Z</time></trkpt><trkpt lat="47.540114" lon="-121.099821"><ele>1044.0</ele><time>2025-08-30T14:05:18Z</time></trkpt><trkpt lat="47.539961" lon="-121.099801"><ele>1048.0</ele><time>2025-08-30T14:05:35Z</time></trkpt><trkpt lat="47.539926" lon="-121.099804"><ele>1049.2</ele><time>2025-08-30T14:05:37Z</time></trkpt><trkpt lat="47.539797" lon="-121.099739"><ele>1048.0</ele><time>2025-08-30T14:05:50Z</time></trkpt><trkpt lat="47.539725" lon="-121.099731"><ele>1050.0</ele><time>2025-08-30T14:06:00Z</time></trkpt><trkpt lat="47.53966" lon="-121.099707"><ele>1050.0</ele><time>2025-08-30T14:06:08Z</time></trkpt><trkpt lat="47.539551" lon="-121.099694"><ele>1052.0</ele><time>2025-08-30T14:06:20Z</time></trkpt><trkpt lat="47.539506" lon="-121.099677"><ele>1056.0</ele><time>2025-08-30T14:06:25Z</time></trkpt><trkpt lat="47.539546" lon="-121.09966"><ele>1055.0</ele><time>2025-08-30T14:06:30Z</time></trkpt><trkpt lat="47.539468" lon="-121.099598"><ele>1055.0</ele><time>2025-08-30T14:06:41Z</time></trkpt><trkpt lat="47.539354" lon="-121.099558"><ele>1053.0</ele><time>2025-08-30T14:07:01Z</time></trkpt><trkpt lat="47.539247" lon="-121.099473"><ele>1056.0</ele><time>2025-08-30T14:07:12Z</time></trkpt><trkpt lat="47.539186" lon="-121.099464"><ele>1055.0</ele><time>2025-08-30T14:07:16Z</time></trkpt><trkpt lat="47.539047" lon="-121.099318"><ele>1055.0</ele><time>2025-08-30T14:07:33Z</time></trkpt><trkpt lat="47.538984" lon="-121.099267"><ele>1056.0</ele><time>2025-08-30T14:07:44Z</time></trkpt><trkpt lat="47.539048" lon="-121.099393"><ele>1060.0</ele><time>2025-08-30T14:07:55Z</time></trkpt><trkpt lat="47.539044" lon="-121.099476"><ele>1062.0</ele><time>2025-08-30T14:08:00Z</time></trkpt><trkpt lat="47.539126" lon="-121.09965"><ele>1062.0</ele><time>2025-08-30T14:08:11Z</time></trkpt><trkpt lat="47.539134" lon="-121.099699"><ele>1065.0</ele><time>2025-08-30T14:08:14Z</time></trkpt><trkpt lat="47.539182" lon="-121.099743"><ele>1062.0</ele><time>2025-08-30T14:08:20Z</time></trkpt><trkpt lat="47.539219" lon="-121.099838"><ele>1064.0</ele><time>2025-08-30T14:08:27Z</time></trkpt><trkpt lat="47.539266" lon="-121.099903"><ele>1064.0</ele><time>2025-08-30T14:08:32Z</time></trkpt><trkpt lat="47.539268" lon="-121.099951"><ele>1057.0</ele><time>2025-08-30T14:08:42Z</time></trkpt><trkpt lat="47.539265" lon="-121.099919"><ele>1060.0</ele><time>2025-08-30T14:09:10Z</time></trkpt><trkpt lat="47.539289" lon="-121.099885"><ele>1066.0</ele><time>2025-08-30T14:09:32Z</time></trkpt><trkpt lat="47.539297" lon="-121.099981"><ele>1066.0</ele><time>2025-08-30T14:09:38Z</time></trkpt><trkpt lat="47.539348" lon="-121.10009"><ele>1068.0</ele><time>2025-08-30T14:09:47Z</time></trkpt><trkpt lat="47.539379" lon="-121.100117"><ele>1066.0</ele><time>2025-08-30T14:09:50Z</time></trkpt><trkpt lat="47.539418" lon="-121.100178"><ele>1065.0</ele><time>2025-08-30T14:09:56Z</time></trkpt><trkpt lat="47.539445" lon="-121.100195"><ele>1065.0</ele><time>2025-08-30T14:10:00Z</time></trkpt><trkpt lat="47.539497" lon="-121.100255"><ele>1067.0</ele><time>2025-08-30T14:10:08Z</time></trkpt><trkpt lat="47.539541" lon="-121.100339"><ele>1068.0</ele><time>2025-08-30T14:10:15Z</time></trkpt><trkpt lat="47.539602" lon="-121.100534"><ele>1070.0</ele><time>2025-08-30T14:10:32Z</time></trkpt><trkpt lat="47.53964" lon="-121.100597"><ele>1071.0</ele><time>2025-08-30T14:10:39Z</time></trkpt><trkpt lat="47.539647" lon="-121.100713"><ele>1073.0</ele><time>2025-08-30T14:10:47Z</time></trkpt><trkpt lat="47.539631" lon="-121.100779"><ele>1070.0</ele><time>2025-08-30T14:10:56Z</time></trkpt><trkpt lat="47.539659" lon="-121.100852"><ele>1074.0</ele><time>2025-08-30T14:11:01Z</time></trkpt><trkpt lat="47.539669" lon="-121.100958"><ele>1075.0</ele><time>2025-08-30T14:11:10Z</time></trkpt><trkpt lat="47.539698" lon="-121.101004"><ele>1077.0</ele><time>2025-08-30T14:11:14Z</time></trkpt><trkpt lat="47.53974" lon="-121.101036"><ele>1074.0</ele><time>2025-08-30T14:11:19Z</time></trkpt><trkpt lat="47.539747" lon="-121.101073"><ele>1077.0</ele><time>2025-08-30T14:11:24Z</time></trkpt><trkpt lat="47.539724" lon="-121.101112"><ele>1076.0</ele><time>2025-08-30T14:11:30Z</time></trkpt><trkpt lat="47.53965" lon="-121.101114"><ele>1078.0</ele><time>2025-08-30T14:11:38Z</time></trkpt><trkpt lat="47.539617" lon="-121.101124"><ele>1079.0</ele><time>2025-08-30T14:11:41Z</time></trkpt><trkpt lat="47.539555" lon="-121.101075"><ele>1079.0</ele><time>2025-08-30T14:11:47Z</time></trkpt><trkpt lat="47.539414" lon="-121.101074"><ele>1085.6</ele><time>2025-08-30T14:12:02Z</time></trkpt><trkpt lat="47.539397" lon="-121.101051"><ele>1083.0</ele><time>2025-08-30T14:12:04Z</time></trkpt><trkpt lat="47.539372" lon="-121.101066"><ele>1082.0</ele><time>2025-08-30T14:12:09Z</time></trkpt><trkpt lat="47.539288" lon="-121.101029"><ele>1084.0</ele><time>2025-08-30T14:12:20Z</time></trkpt><trkpt lat="47.539218" lon="-121.10098"><ele>1085.0</ele><time>2025-08-30T14:12:30Z</time></trkpt><trkpt lat="47.539119" lon="-121.100941"><ele>1083.0</ele><time>2025-08-30T14:12:41Z</time></trkpt><trkpt lat="47.539088" lon="-121.100912"><ele>1084.0</ele><time>2025-08-30T14:12:45Z</time></trkpt><trkpt lat="47.538924" lon="-121.100894"><ele>1085.0</ele><time>2025-08-30T14:13:07Z</time></trkpt><trkpt lat="47.538889" lon="-121.1009"><ele>1089.0</ele><time>2025-08-30T14:13:11Z</time></trkpt><trkpt lat="47.538783" lon="-121.100827"><ele>1090.0</ele><time>2025-08-30T14:13:22Z</time></trkpt><trkpt lat="47.538736" lon="-121.100758"><ele>1092.0</ele><time>2025-08-30T14:13:29Z</time></trkpt><trkpt lat="47.538675" lon="-121.100752"><ele>1092.0</ele><time>2025-08-30T14:13:36Z</time></trkpt><trkpt lat="47.538575" lon="-121.10067"><ele>1094.0</ele><time>2025-08-30T14:13:48Z</time></trkpt><trkpt lat="47.538512" lon="-121.100665"><ele>1096.0</ele><time>2025-08-30T14:13:55Z</time></trkpt><trkpt lat="47.538482" lon="-121.100644"><ele>1095.0</ele><time>2025-08-30T14:13:58Z</time></trkpt><trkpt lat="47.538446" lon="-121.100636"><ele>1095.0</ele><time>2025-08-30T14:14:01Z</time></trkpt><trkpt lat="47.538387" lon="-121.100596"><ele>1097.0</ele><time>2025-08-30T14:14:06Z</time></trkpt><trkpt lat="47.538316" lon="-121.100518"><ele>1098.0</ele><time>2025-08-30T14:14:12Z</time></trkpt><trkpt lat="47.538244" lon="-121.100521"><ele>1100.0</ele><time>2025-08-30T14:14:22Z</time></trkpt><trkpt lat="47.538212" lon="-121.10048"><ele>1096.0</ele><time>2025-08-30T14:14:28Z</time></trkpt><trkpt lat="47.538134" lon="-121.100476"><ele>1103.0</ele><time>2025-08-30T14:14:37Z</time></trkpt><trkpt lat="47.538084" lon="-121.100447"><ele>1104.0</ele><time>2025-08-30T14:14:45Z</time></trkpt><trkpt lat="47.538016" lon="-121.100464"><ele>1106.0</ele><time>2025-08-30T14:14:52Z</time></trkpt><trkpt lat="47.53792" lon="-121.100445"><ele>1108.0</ele><time>2025-08-30T14:15:06Z</time></trkpt><trkpt lat="47.537842" lon="-121.10045"><ele>1110.0</ele><time>2025-08-30T14:15:15Z</time></trkpt><trkpt lat="47.537784" lon="-121.10035"><ele>1110.0</ele><time>2025-08-30T14:15:23Z</time></trkpt><trkpt lat="47.537638" lon="-121.100236"><ele>1111.0</ele><time>2025-08-30T14:15:43Z</time></trkpt><trkpt lat="47.537571" lon="-121.100204"><ele>1115.0</ele><time>2025-08-30T14:15:51Z</time></trkpt><trkpt lat="47.537511" lon="-121.100219"><ele>1118.0</ele><time>2025-08-30T14:15:59Z</time></trkpt><trkpt lat="47.537385" lon="-121.100212"><ele>1117.0</ele><time>2025-08-30T14:16:12Z</time></trkpt><trkpt lat="47.537355" lon="-121.100258"><ele>1119.0</ele><time>2025-08-30T14:16:17Z</time></trkpt><trkpt lat="47.537294" lon="-121.100279"><ele>1120.0</ele><time>2025-08-30T14:16:27Z</time></trkpt><trkpt lat="47.53726" lon="-121.100203"><ele>1123.0</ele><time>2025-08-30T14:16:35Z</time></trkpt><trkpt lat="47.53722" lon="-121.100145"><ele>1122.0</ele><time>2025-08-30T14:16:41Z</time></trkpt><trkpt lat="47.537204" lon="-121.100097"><ele>1124.0</ele><time>2025-08-30T14:16:45Z</time></trkpt><trkpt lat="47.537178" lon="-121.10008"><ele>1122.0</ele><time>2025-08-30T14:16:48Z</time></trkpt><trkpt lat="47.537137" lon="-121.100002"><ele>1124.0</ele><time>2025-08-30T14:16:54Z</time></trkpt><trkpt lat="47.537143" lon="-121.099956"><ele>1124.0</ele><time>2025-08-30T14:16:56Z</time></trkpt><trkpt lat="47.537092" lon="-121.099956"><ele>1123.0</ele><time>2025-08-30T14:17:03Z</time></trkpt><trkpt lat="47.537021" lon="-121.099929"><ele>1125.0</ele><time>2025-08-30T14:17:11Z</time></trkpt><trkpt lat="47.536955" lon="-121.099928"><ele>1127.0</ele><time>2025-08-30T14:17:41Z</time></trkpt><trkpt lat="47.536875" lon="-121.099871"><ele>1124.0</ele><time>2025-08-30T14:18:20Z</time></trkpt><trkpt lat="47.536835" lon="-121.099859"><ele>1127.0</ele><time>2025-08-30T14:18:26Z</time></trkpt><trkpt lat="47.536807" lon="-121.099832"><ele>1128.0</ele><time>2025-08-30T14:18:30Z</time></trkpt><trkpt lat="47.536729" lon="-121.099808"><ele>1126.0</ele><time>2025-08-30T14:18:38Z</time></trkpt><trkpt lat="47.536704" lon="-121.099774"><ele>1128.0</ele><time>2025-08-30T14:18:42Z</time></trkpt><trkpt lat="47.536648" lon="-121.09974"><ele>1128.0</ele><time>2025-08-30T14:18:48Z</time></trkpt><trkpt lat="47.536624" lon="-121.099679"><ele>1128.0</ele><time>2025-08-30T14:18:57Z</time></trkpt><trkpt lat="47.536622" lon="-121.099643"><ele>1128.0</ele><time>2025-08-30T14:19:00Z</time></trkpt><trkpt lat="47.53654" lon="-121.099543"><ele>1128.0</ele><time>2025-08-30T14:19:12Z</time></trkpt><trkpt lat="47.536488" lon="-121.099533"><ele>1131.0</ele><time>2025-08-30T14:19:20Z</time></trkpt><trkpt lat="47.536383" lon="-121.099419"><ele>1129.0</ele><time>2025-08-30T14:19:31Z</time></trkpt><trkpt lat="47.536307" lon="-121.099391"><ele>1130.0</ele><time>2025-08-30T14:19:41Z</time></trkpt><trkpt lat="47.536236" lon="-121.099383"><ele>1133.0</ele><time>2025-08-30T14:19:49Z</time></trkpt><trkpt lat="47.536204" lon="-121.09939"><ele>1132.0</ele><time>2025-08-30T14:19:52Z</time></trkpt><trkpt lat="47.536158" lon="-121.099341"><ele>1137.0</ele><time>2025-08-30T14:19:57Z</time></trkpt><trkpt lat="47.53608" lon="-121.099305"><ele>1138.7</ele><time>2025-08-30T14:20:08Z</time></trkpt><trkpt lat="47.536075" lon="-121.099281"><ele>1137.0</ele><time>2025-08-30T14:20:09Z</time></trkpt><trkpt lat="47.536039" lon="-121.099262"><ele>1137.0</ele><time>2025-08-30T14:20:14Z</time></trkpt><trkpt lat="47.535991" lon="-121.099218"><ele>1137.0</ele><time>2025-08-30T14:20:21Z</time></trkpt><trkpt lat="47.535933" lon="-121.099207"><ele>1138.0</ele><time>2025-08-30T14:20:32Z</time></trkpt><trkpt lat="47.535925" lon="-121.09914"><ele>1138.0</ele><time>2025-08-30T14:20:36Z</time></trkpt><trkpt lat="47.535908" lon="-121.099113"><ele>1140.0</ele><time>2025-08-30T14:20:40Z</time></trkpt><trkpt lat="47.535848" lon="-121.099071"><ele>1139.0</ele><time>2025-08-30T14:20:49Z</time></trkpt><trkpt lat="47.535799" lon="-121.099012"><ele>1140.0</ele><time>2025-08-30T14:20:56Z</time></trkpt><trkpt lat="47.535734" lon="-121.098965"><ele>1139.0</ele><time>2025-08-30T14:21:04Z</time></trkpt><trkpt lat="47.535636" lon="-121.098936"><ele>1139.0</ele><time>2025-08-30T14:21:16Z</time></trkpt><trkpt lat="47.535575" lon="-121.098766"><ele>1140.0</ele><time>2025-08-30T14:21:31Z</time></trkpt><trkpt lat="47.535534" lon="-121.098741"><ele>1140.0</ele><time>2025-08-30T14:21:37Z</time></trkpt><trkpt lat="47.535503" lon="-121.09875"><ele>1140.0</ele><time>2025-08-30T14:21:40Z</time></trkpt><trkpt lat="47.535467" lon="-121.098745"><ele>1140.0</ele><time>2025-08-30T14:21:44Z</time></trkpt><trkpt lat="47.535424" lon="-121.098716"><ele>1142.0</ele><time>2025-08-30T14:21:49Z</time></trkpt><trkpt lat="47.535392" lon="-121.098609"><ele>1140.0</ele><time>2025-08-30T14:21:56Z</time></trkpt><trkpt lat="47.535351" lon="-121.09854"><ele>1140.0</ele><time>2025-08-30T14:22:03Z</time></trkpt><trkpt lat="47.535263" lon="-121.098468"><ele>1143.0</ele><time>2025-08-30T14:22:11Z</time></trkpt><trkpt lat="47.5352" lon="-121.098454"><ele>1143.0</ele><time>2025-08-30T14:22:17Z</time></trkpt><trkpt lat="47.535155" lon="-121.098405"><ele>1146.0</ele><time>2025-08-30T14:22:24Z</time></trkpt><trkpt lat="47.535108" lon="-121.098382"><ele>1147.0</ele><time>2025-08-30T14:22:32Z</time></trkpt><trkpt lat="47.535015" lon="-121.098356"><ele>1149.0</ele><time>2025-08-30T14:22:39Z</time></trkpt><trkpt lat="47.534919" lon="-121.098211"><ele>1149.0</ele><time>2025-08-30T14:22:53Z</time></trkpt><trkpt lat="47.534841" lon="-121.098141"><ele>1151.0</ele><time>2025-08-30T14:23:05Z</time></trkpt><trkpt lat="47.534808" lon="-121.098145"><ele>1152.0</ele><time>2025-08-30T14:23:10Z</time></trkpt><trkpt lat="47.534824" lon="-121.098213"><ele>1152.0</ele><time>2025-08-30T14:23:15Z</time></trkpt><trkpt lat="47.534867" lon="-121.098308"><ele>1153.0</ele><time>2025-08-30T14:23:25Z</time></trkpt><trkpt lat="47.534908" lon="-121.098341"><ele>1160.3</ele><time>2025-08-30T14:23:28Z</time></trkpt><trkpt lat="47.53491" lon="-121.098367"><ele>1155.0</ele><time>2025-08-30T14:23:31Z</time></trkpt><trkpt lat="47.534889" lon="-121.098403"><ele>1158.0</ele><time>2025-08-30T14:23:36Z</time></trkpt><trkpt lat="47.534894" lon="-121.098434"><ele>1158.0</ele><time>2025-08-30T14:23:39Z</time></trkpt><trkpt lat="47.534882" lon="-121.098515"><ele>1158.0</ele><time>2025-08-30T14:23:45Z</time></trkpt><trkpt lat="47.534883" lon="-121.098587"><ele>1160.0</ele><time>2025-08-30T14:23:51Z</time></trkpt><trkpt lat="47.534927" lon="-121.098758"><ele>1162.0</ele><time>2025-08-30T14:24:07Z</time></trkpt><trkpt lat="47.534963" lon="-121.098808"><ele>1166.7</ele><time>2025-08-30T14:24:18Z</time></trkpt><trkpt lat="47.534965" lon="-121.098787"><ele>1164.0</ele><time>2025-08-30T14:24:20Z</time></trkpt><trkpt lat="47.534986" lon="-121.098782"><ele>1164.0</ele><time>2025-08-30T14:24:25Z</time></trkpt><trkpt lat="47.535015" lon="-121.098796"><ele>1163.0</ele><time>2025-08-30T14:25:19Z</time></trkpt><trkpt lat="47.53505" lon="-121.098763"><ele>1168.0</ele><time>2025-08-30T14:25:53Z</time></trkpt><trkpt lat="47.534998" lon="-121.098816"><ele>1159.0</ele><time>2025-08-30T14:26:30Z</time></trkpt><trkpt lat="47.534973" lon="-121.098813"><ele>1162.0</ele><time>2025-08-30T14:26:56Z</time></trkpt><trkpt lat="47.53498" lon="-121.098876"><ele>1167.0</ele><time>2025-08-30T14:27:12Z</time></trkpt><trkpt lat="47.535021" lon="-121.09894"><ele>1167.0</ele><time>2025-08-30T14:27:18Z</time></trkpt><trkpt lat="47.535078" lon="-121.099069"><ele>1170.0</ele><time>2025-08-30T14:27:30Z</time></trkpt><trkpt lat="47.535175" lon="-121.099377"><ele>1176.0</ele><time>2025-08-30T14:28:05Z</time></trkpt><trkpt lat="47.535173" lon="-121.099451"><ele>1179.0</ele><time>2025-08-30T14:28:11Z</time></trkpt><trkpt lat="47.535203" lon="-121.099594"><ele>1179.0</ele><time>2025-08-30T14:28:22Z</time></trkpt><trkpt lat="47.535272" lon="-121.099704"><ele>1182.0</ele><time>2025-08-30T14:28:38Z</time></trkpt><trkpt lat="47.535374" lon="-121.100103"><ele>1186.0</ele><time>2025-08-30T14:29:11Z</time></trkpt><trkpt lat="47.535432" lon="-121.100188"><ele>1188.0</ele><time>2025-08-30T14:29:20Z</time></trkpt><trkpt lat="47.535444" lon="-121.100222"><ele>1188.0</ele><time>2025-08-30T14:29:23Z</time></trkpt><trkpt lat="47.53545" lon="-121.100324"><ele>1189.0</ele><time>2025-08-30T14:29:33Z</time></trkpt><trkpt lat="47.53544" lon="-121.100362"><ele>1192.4</ele><time>2025-08-30T14:29:40Z</time></trkpt><trkpt lat="47.535468" lon="-121.100463"><ele>1192.0</ele><time>2025-08-30T14:29:48Z</time></trkpt><trkpt lat="47.535552" lon="-121.100547"><ele>1194.0</ele><time>2025-08-30T14:30:00Z</time></trkpt><trkpt lat="47.535641" lon="-121.100799"><ele>1202.0</ele><time>2025-08-30T14:30:23Z</time></trkpt><trkpt lat="47.535712" lon="-121.100927"><ele>1200.0</ele><time>2025-08-30T14:30:34Z</time></trkpt><trkpt lat="47.535726" lon="-121.101"><ele>1200.0</ele><time>2025-08-30T14:30:42Z</time></trkpt><trkpt lat="47.535767" lon="-121.101098"><ele>1202.0</ele><time>2025-08-30T14:30:51Z</time></trkpt><trkpt lat="47.53578" lon="-121.101346"><ele>1203.6</ele><time>2025-08-30T14:31:07Z</time></trkpt><trkpt lat="47.535806" lon="-121.101451"><ele>1205.0</ele><time>2025-08-30T14:31:13Z</time></trkpt><trkpt lat="47.535875" lon="-121.101545"><ele>1206.0</ele><time>2025-08-30T14:31:21Z</time></trkpt><trkpt lat="47.535909" lon="-121.101558"><ele>1205.0</ele><time>2025-08-30T14:31:23Z</time></trkpt><trkpt lat="47.535968" lon="-121.101603"><ele>1206.0</ele><time>2025-08-30T14:31:28Z</time></trkpt><trkpt lat="47.536014" lon="-121.101659"><ele>1204.0</ele><time>2025-08-30T14:31:33Z</time></trkpt><trkpt lat="47.536024" lon="-121.101693"><ele>1204.0</ele><time>2025-08-30T14:31:37Z</time></trkpt><trkpt lat="47.536068" lon="-121.101743"><ele>1210.0</ele><time>2025-08-30T14:31:47Z</time></trkpt><trkpt lat="47.536086" lon="-121.101812"><ele>1210.0</ele><time>2025-08-30T14:31:55Z</time></trkpt><trkpt lat="47.536137" lon="-121.10191"><ele>1215.0</ele><time>2025-08-30T14:32:05Z</time></trkpt><trkpt lat="47.536188" lon="-121.102096"><ele>1218.0</ele><time>2025-08-30T14:32:24Z</time></trkpt><trkpt lat="47.536254" lon="-121.10222"><ele>1223.0</ele><time>2025-08-30T14:32:35Z</time></trkpt><trkpt lat="47.536272" lon="-121.102293"><ele>1221.0</ele><time>2025-08-30T14:32:40Z</time></trkpt><trkpt lat="47.536408" lon="-121.102551"><ele>1227.0</ele><time>2025-08-30T14:33:02Z</time></trkpt><trkpt lat="47.536442" lon="-121.102658"><ele>1225.0</ele><time>2025-08-30T14:33:12Z</time></trkpt><trkpt lat="47.536458" lon="-121.102744"><ele>1226.0</ele><time>2025-08-30T14:33:21Z</time></trkpt><trkpt lat="47.536513" lon="-121.102882"><ele>1232.0</ele><time>2025-08-30T14:33:37Z</time></trkpt><trkpt lat="47.536558" lon="-121.102938"><ele>1234.0</ele><time>2025-08-30T14:33:43Z</time></trkpt><trkpt lat="47.536614" lon="-121.103165"><ele>1235.0</ele><time>2025-08-30T14:34:05Z</time></trkpt><trkpt lat="47.536868" lon="-121.103574"><ele>1245.0</ele><time>2025-08-30T14:34:50Z</time></trkpt><trkpt lat="47.53689" lon="-121.103652"><ele>1246.0</ele><time>2025-08-30T14:34:57Z</time></trkpt><trkpt lat="47.536885" lon="-121.103697"><ele>1244.0</ele><time>2025-08-30T14:35:00Z</time></trkpt><trkpt lat="47.536917" lon="-121.103845"><ele>1244.0</ele><time>2025-08-30T14:35:10Z</time></trkpt><trkpt lat="47.537045" lon="-121.104201"><ele>1251.0</ele><time>2025-08-30T14:35:43Z</time></trkpt><trkpt lat="47.537055" lon="-121.104275"><ele>1248.0</ele><time>2025-08-30T14:35:50Z</time></trkpt><trkpt lat="47.537121" lon="-121.104389"><ele>1255.0</ele><time>2025-08-30T14:36:04Z</time></trkpt><trkpt lat="47.537271" lon="-121.104455"><ele>1252.0</ele><time>2025-08-30T14:36:18Z</time></trkpt><trkpt lat="47.537325" lon="-121.10459"><ele>1254.0</ele><time>2025-08-30T14:36:34Z</time></trkpt><trkpt lat="47.537327" lon="-121.104629"><ele>1254.0</ele><time>2025-08-30T14:36:36Z</time></trkpt><trkpt lat="47.537304" lon="-121.104663"><ele>1254.0</ele><time>2025-08-30T14:36:41Z</time></trkpt><trkpt lat="47.537237" lon="-121.104592"><ele>1256.0</ele><time>2025-08-30T14:36:53Z</time></trkpt><trkpt lat="47.53716" lon="-121.104533"><ele>1260.0</ele><time>2025-08-30T14:37:03Z</time></trkpt><trkpt lat="47.537072" lon="-121.104516"><ele>1260.0</ele><time>2025-08-30T14:37:13Z</time></trkpt><trkpt lat="47.536988" lon="-121.10441"><ele>1263.0</ele><time>2025-08-30T14:37:26Z</time></trkpt><trkpt lat="47.5369" lon="-121.10436"><ele>1263.0</ele><time>2025-08-30T14:37:37Z</time></trkpt><trkpt lat="47.536881" lon="-121.104329"><ele>1264.0</ele><time>2025-08-30T14:37:41Z</time></trkpt><trkpt lat="47.536817" lon="-121.104284"><ele>1266.0</ele><time>2025-08-30T14:37:46Z</time></trkpt><trkpt lat="47.53676" lon="-121.104229"><ele>1268.0</ele><time>2025-08-30T14:37:52Z</time></trkpt><trkpt lat="47.536632" lon="-121.104031"><ele>1269.0</ele><time>2025-08-30T14:38:14Z</time></trkpt><trkpt lat="47.536557" lon="-121.103944"><ele>1268.0</ele><time>2025-08-30T14:38:23Z</time></trkpt><trkpt lat="47.536497" lon="-121.103915"><ele>1269.0</ele><time>2025-08-30T14:38:30Z</time></trkpt><trkpt lat="47.53636" lon="-121.103796"><ele>1274.0</ele><time>2025-08-30T14:38:43Z</time></trkpt><trkpt lat="47.536262" lon="-121.103733"><ele>1276.0</ele><time>2025-08-30T14:38:56Z</time></trkpt><trkpt lat="47.536174" lon="-121.103643"><ele>1272.0</ele><time>2025-08-30T14:39:10Z</time></trkpt><trkpt lat="47.53612" lon="-121.103608"><ele>1275.0</ele><time>2025-08-30T14:39:16Z</time></trkpt><trkpt lat="47.536006" lon="-121.103469"><ele>1276.0</ele><time>2025-08-30T14:39:34Z</time></trkpt><trkpt lat="47.535829" lon="-121.103356"><ele>1275.0</ele><time>2025-08-30T14:39:54Z</time></trkpt><trkpt lat="47.535681" lon="-121.103191"><ele>1278.0</ele><time>2025-08-30T14:40:42Z</time></trkpt><trkpt lat="47.535604" lon="-121.103125"><ele>1278.0</ele><time>2025-08-30T14:41:04Z</time></trkpt><trkpt lat="47.535561" lon="-121.103068"><ele>1281.0</ele><time>2025-08-30T14:41:10Z</time></trkpt><trkpt lat="47.535359" lon="-121.102925"><ele>1284.0</ele><time>2025-08-30T14:41:31Z</time></trkpt><trkpt lat="47.535343" lon="-121.102896"><ele>1284.0</ele><time>2025-08-30T14:41:34Z</time></trkpt><trkpt lat="47.5353" lon="-121.102853"><ele>1288.0</ele><time>2025-08-30T14:41:40Z</time></trkpt><trkpt lat="47.535246" lon="-121.102822"><ele>1288.0</ele><time>2025-08-30T14:41:48Z</time></trkpt><trkpt lat="47.535221" lon="-121.102788"><ele>1290.0</ele><time>2025-08-30T14:41:51Z</time></trkpt><trkpt lat="47.535138" lon="-121.102722"><ele>1290.0</ele><time>2025-08-30T14:42:04Z</time></trkpt><trkpt lat="47.535108" lon="-121.10266"><ele>1290.0</ele><time>2025-08-30T14:42:11Z</time></trkpt><trkpt lat="47.535043" lon="-121.102621"><ele>1290.0</ele><time>2025-08-30T14:42:19Z</time></trkpt><trkpt lat="47.535003" lon="-121.102614"><ele>1286.0</ele><time>2025-08-30T14:42:36Z</time></trkpt><trkpt lat="47.534965" lon="-121.102558"><ele>1288.0</ele><time>2025-08-30T14:42:45Z</time></trkpt><trkpt lat="47.534906" lon="-121.102505"><ele>1291.0</ele><time>2025-08-30T14:42:55Z</time></trkpt><trkpt lat="47.534898" lon="-121.102474"><ele>1293.0</ele><time>2025-08-30T14:42:58Z</time></trkpt><trkpt lat="47.534874" lon="-121.102453"><ele>1292.0</ele><time>2025-08-30T14:43:02Z</time></trkpt><trkpt lat="47.534794" lon="-121.102421"><ele>1292.0</ele><time>2025-08-30T14:43:11Z</time></trkpt><trkpt lat="47.53477" lon="-121.102398"><ele>1293.0</ele><time>2025-08-30T14:43:14Z</time></trkpt><trkpt lat="47.534761" lon="-121.102362"><ele>1292.0</ele><time>2025-08-30T14:43:18Z</time></trkpt><trkpt lat="47.534704" lon="-121.102336"><ele>1296.0</ele><time>2025-08-30T14:43:25Z</time></trkpt><trkpt lat="47.534678" lon="-121.102312"><ele>1296.0</ele><time>2025-08-30T14:43:27Z</time></trkpt><trkpt lat="47.534583" lon="-121.102186"><ele>1298.0</ele><time>2025-08-30T14:43:39Z</time></trkpt><trkpt lat="47.534425" lon="-121.102061"><ele>1302.0</ele><time>2025-08-30T14:43:58Z</time></trkpt><trkpt lat="47.534365" lon="-121.101995"><ele>1301.0</ele><time>2025-08-30T14:44:08Z</time></trkpt><trkpt lat="47.534306" lon="-121.101899"><ele>1304.7</ele><time>2025-08-30T14:44:18Z</time></trkpt><trkpt lat="47.534266" lon="-121.101862"><ele>1303.0</ele><time>2025-08-30T14:44:24Z</time></trkpt><trkpt lat="47.534214" lon="-121.101785"><ele>1305.0</ele><time>2025-08-30T14:44:31Z</time></trkpt><trkpt lat="47.53416" lon="-121.101746"><ele>1305.0</ele><time>2025-08-30T14:44:41Z</time></trkpt><trkpt lat="47.534089" lon="-121.101666"><ele>1305.0</ele><time>2025-08-30T14:44:50Z</time></trkpt><trkpt lat="47.534001" lon="-121.101541"><ele>1308.0</ele><time>2025-08-30T14:45:03Z</time></trkpt><trkpt lat="47.533953" lon="-121.101512"><ele>1309.0</ele><time>2025-08-30T14:45:07Z</time></trkpt><trkpt lat="47.533905" lon="-121.101465"><ele>1311.0</ele><time>2025-08-30T14:45:15Z</time></trkpt><trkpt lat="47.533852" lon="-121.101435"><ele>1312.0</ele><time>2025-08-30T14:45:25Z</time></trkpt><trkpt lat="47.53377" lon="-121.101345"><ele>1313.0</ele><time>2025-08-30T14:45:33Z</time></trkpt><trkpt lat="47.533617" lon="-121.101072"><ele>1320.0</ele><time>2025-08-30T14:45:57Z</time></trkpt><trkpt lat="47.533572" lon="-121.101029"><ele>1318.0</ele><time>2025-08-30T14:46:04Z</time></trkpt><trkpt lat="47.53351" lon="-121.100994"><ele>1320.0</ele><time>2025-08-30T14:46:13Z</time></trkpt><trkpt lat="47.533417" lon="-121.100845"><ele>1317.0</ele><time>2025-08-30T14:46:29Z</time></trkpt><trkpt lat="47.533359" lon="-121.100811"><ele>1316.0</ele><time>2025-08-30T14:46:35Z</time></trkpt><trkpt lat="47.533312" lon="-121.100737"><ele>1317.0</ele><time>2025-08-30T14:46:42Z</time></trkpt><trkpt lat="47.533261" lon="-121.100554"><ele>1318.0</ele><time>2025-08-30T14:46:56Z</time></trkpt><trkpt lat="47.533234" lon="-121.100525"><ele>1317.0</ele><time>2025-08-30T14:46:59Z</time></trkpt><trkpt lat="47.5332" lon="-121.100509"><ele>1318.0</ele><time>2025-08-30T14:47:02Z</time></trkpt><trkpt lat="47.533133" lon="-121.100415"><ele>1320.0</ele><time>2025-08-30T14:47:09Z</time></trkpt><trkpt lat="47.533029" lon="-121.100321"><ele>1323.0</ele><time>2025-08-30T14:47:21Z</time></trkpt><trkpt lat="47.533022" lon="-121.10028"><ele>1324.0</ele><time>2025-08-30T14:47:24Z</time></trkpt><trkpt lat="47.532815" lon="-121.100002"><ele>1327.0</ele><time>2025-08-30T14:47:50Z</time></trkpt><trkpt lat="47.532736" lon="-121.09994"><ele>1328.0</ele><time>2025-08-30T14:48:00Z</time></trkpt><trkpt lat="47.532555" lon="-121.099675"><ele>1324.0</ele><time>2025-08-30T14:48:27Z</time></trkpt><trkpt lat="47.532508" lon="-121.099647"><ele>1326.8</ele><time>2025-08-30T14:48:34Z</time></trkpt><trkpt lat="47.532465" lon="-121.099606"><ele>1326.0</ele><time>2025-08-30T14:48:39Z</time></trkpt><trkpt lat="47.532456" lon="-121.099531"><ele>1320.0</ele><time>2025-08-30T14:48:47Z</time></trkpt><trkpt lat="47.532405" lon="-121.099479"><ele>1326.0</ele><time>2025-08-30T14:48:57Z</time></trkpt><trkpt lat="47.532314" lon="-121.099322"><ele>1331.0</ele><time>2025-08-30T14:49:17Z</time></trkpt><trkpt lat="47.532258" lon="-121.099255"><ele>1332.0</ele><time>2025-08-30T14:49:26Z</time></trkpt><trkpt lat="47.532228" lon="-121.099246"><ele>1332.0</ele><time>2025-08-30T14:49:29Z</time></trkpt><trkpt lat="47.532204" lon="-121.099225"><ele>1330.0</ele><time>2025-08-30T14:49:33Z</time></trkpt><trkpt lat="47.532172" lon="-121.099238"><ele>1332.0</ele><time>2025-08-30T14:49:37Z</time></trkpt><trkpt lat="47.532153" lon="-121.099264"><ele>1332.0</ele><time>2025-08-30T14:49:41Z</time></trkpt><trkpt lat="47.532158" lon="-121.099333"><ele>1332.0</ele><time>2025-08-30T14:49:46Z</time></trkpt><trkpt lat="47.532141" lon="-121.099427"><ele>1335.0</ele><time>2025-08-30T14:49:57Z</time></trkpt><trkpt lat="47.532151" lon="-121.099485"><ele>1340.0</ele><time>2025-08-30T14:50:07Z</time></trkpt><trkpt lat="47.532179" lon="-121.099517"><ele>1333.0</ele><time>2025-08-30T14:50:28Z</time></trkpt><trkpt lat="47.532173" lon="-121.099556"><ele>1332.0</ele><time>2025-08-30T14:50:37Z</time></trkpt><trkpt lat="47.532202" lon="-121.099539"><ele>1328.0</ele><time>2025-08-30T14:50:52Z</time></trkpt><trkpt lat="47.532176" lon="-121.099616"><ele>1334.0</ele><time>2025-08-30T14:51:05Z</time></trkpt><trkpt lat="47.532177" lon="-121.099657"><ele>1332.0</ele><time>2025-08-30T14:51:08Z</time></trkpt><trkpt lat="47.532225" lon="-121.099731"><ele>1334.0</ele><time>2025-08-30T14:51:18Z</time></trkpt><trkpt lat="47.532232" lon="-121.099871"><ele>1335.0</ele><time>2025-08-30T14:51:27Z</time></trkpt><trkpt lat="47.532257" lon="-121.09991"><ele>1335.0</ele><time>2025-08-30T14:51:34Z</time></trkpt><trkpt lat="47.532277" lon="-121.100026"><ele>1335.0</ele><time>2025-08-30T14:51:41Z</time></trkpt><trkpt lat="47.532312" lon="-121.100093"><ele>1338.0</ele><time>2025-08-30T14:51:48Z</time></trkpt><trkpt lat="47.532313" lon="-121.100216"><ele>1337.0</ele><time>2025-08-30T14:51:57Z</time></trkpt><trkpt lat="47.532329" lon="-121.100284"><ele>1338.0</ele><time>2025-08-30T14:52:01Z</time></trkpt><trkpt lat="47.532315" lon="-121.100321"><ele>1336.0</ele><time>2025-08-30T14:52:04Z</time></trkpt><trkpt lat="47.532231" lon="-121.100188"><ele>1340.0</ele><time>2025-08-30T14:52:16Z</time></trkpt><trkpt lat="47.532131" lon="-121.100065"><ele>1340.0</ele><time>2025-08-30T14:52:37Z</time></trkpt><trkpt lat="47.532094" lon="-121.100034"><ele>1344.1</ele><time>2025-08-30T14:52:39Z</time></trkpt><trkpt lat="47.532109" lon="-121.100063"><ele>1344.2</ele><time>2025-08-30T14:52:40Z</time></trkpt><trkpt lat="47.532083" lon="-121.100003"><ele>1344.0</ele><time>2025-08-30T14:52:45Z</time></trkpt><trkpt lat="47.53203" lon="-121.099966"><ele>1347.0</ele><time>2025-08-30T14:52:51Z</time></trkpt><trkpt lat="47.532002" lon="-121.099933"><ele>1345.0</ele><time>2025-08-30T14:52:55Z</time></trkpt><trkpt lat="47.531981" lon="-121.099996"><ele>1347.0</ele><time>2025-08-30T14:53:00Z</time></trkpt><trkpt lat="47.531994" lon="-121.100249"><ele>1347.0</ele><time>2025-08-30T14:53:17Z</time></trkpt><trkpt lat="47.532038" lon="-121.100355"><ele>1349.0</ele><time>2025-08-30T14:53:24Z</time></trkpt><trkpt lat="47.53205" lon="-121.100476"><ele>1352.0</ele><time>2025-08-30T14:53:34Z</time></trkpt><trkpt lat="47.532079" lon="-121.100542"><ele>1352.0</ele><time>2025-08-30T14:53:39Z</time></trkpt><trkpt lat="47.532069" lon="-121.100571"><ele>1352.0</ele><time>2025-08-30T14:53:41Z</time></trkpt><trkpt lat="47.532072" lon="-121.10062"><ele>1351.0</ele><time>2025-08-30T14:53:43Z</time></trkpt><trkpt lat="47.532106" lon="-121.100687"><ele>1350.0</ele><time>2025-08-30T14:53:49Z</time></trkpt><trkpt lat="47.532105" lon="-121.100796"><ele>1350.0</ele><time>2025-08-30T14:53:54Z</time></trkpt><trkpt lat="47.532089" lon="-121.100824"><ele>1350.0</ele><time>2025-08-30T14:53:57Z</time></trkpt><trkpt lat="47.532123" lon="-121.100901"><ele>1350.0</ele><time>2025-08-30T14:54:03Z</time></trkpt><trkpt lat="47.532123" lon="-121.10095"><ele>1350.0</ele><time>2025-08-30T14:54:06Z</time></trkpt><trkpt lat="47.532158" lon="-121.101015"><ele>1352.0</ele><time>2025-08-30T14:54:13Z</time></trkpt><trkpt lat="47.53218" lon="-121.101171"><ele>1353.0</ele><time>2025-08-30T14:54:23Z</time></trkpt><trkpt lat="47.532229" lon="-121.101257"><ele>1355.0</ele><time>2025-08-30T14:54:29Z</time></trkpt><trkpt lat="47.532295" lon="-121.101341"><ele>1356.0</ele><time>2025-08-30T14:54:40Z</time></trkpt><trkpt lat="47.532294" lon="-121.101436"><ele>1358.0</ele><time>2025-08-30T14:54:47Z</time></trkpt><trkpt lat="47.532321" lon="-121.101454"><ele>1358.0</ele><time>2025-08-30T14:54:50Z</time></trkpt><trkpt lat="47.532309" lon="-121.101535"><ele>1358.0</ele><time>2025-08-30T14:54:57Z</time></trkpt><trkpt lat="47.532222" lon="-121.101432"><ele>1360.0</ele><time>2025-08-30T14:55:11Z</time></trkpt><trkpt lat="47.532139" lon="-121.101376"><ele>1361.0</ele><time>2025-08-30T14:55:22Z</time></trkpt><trkpt lat="47.532091" lon="-121.101317"><ele>1363.0</ele><time>2025-08-30T14:55:28Z</time></trkpt><trkpt lat="47.532065" lon="-121.101387"><ele>1362.0</ele><time>2025-08-30T14:55:31Z</time></trkpt><trkpt lat="47.532064" lon="-121.10143"><ele>1362.3</ele><time>2025-08-30T14:55:32Z</time></trkpt><trkpt lat="47.532093" lon="-121.101492"><ele>1360.0</ele><time>2025-08-30T14:55:39Z</time></trkpt><trkpt lat="47.532098" lon="-121.101656"><ele>1365.0</ele><time>2025-08-30T14:55:53Z</time></trkpt><trkpt lat="47.532172" lon="-121.101862"><ele>1365.0</ele><time>2025-08-30T14:56:10Z</time></trkpt><trkpt lat="47.532196" lon="-121.102046"><ele>1368.0</ele><time>2025-08-30T14:56:24Z</time></trkpt><trkpt lat="47.532192" lon="-121.102161"><ele>1365.0</ele><time>2025-08-30T14:56:35Z</time></trkpt><trkpt lat="47.532156" lon="-121.102246"><ele>1368.0</ele><time>2025-08-30T14:56:42Z</time></trkpt><trkpt lat="47.53216" lon="-121.102278"><ele>1369.0</ele><time>2025-08-30T14:56:44Z</time></trkpt><trkpt lat="47.532187" lon="-121.102407"><ele>1368.0</ele><time>2025-08-30T14:56:51Z</time></trkpt><trkpt lat="47.532247" lon="-121.102531"><ele>1372.0</ele><time>2025-08-30T14:57:01Z</time></trkpt><trkpt lat="47.532297" lon="-121.102755"><ele>1377.0</ele><time>2025-08-30T14:57:18Z</time></trkpt><trkpt lat="47.532354" lon="-121.102887"><ele>1380.0</ele><time>2025-08-30T14:57:33Z</time></trkpt><trkpt lat="47.532346" lon="-121.102867"><ele>1381.0</ele><time>2025-08-30T14:57:36Z</time></trkpt><trkpt lat="47.53235" lon="-121.103032"><ele>1381.0</ele><time>2025-08-30T14:57:45Z</time></trkpt><trkpt lat="47.532367" lon="-121.103084"><ele>1381.0</ele><time>2025-08-30T14:57:49Z</time></trkpt><trkpt lat="47.53237" lon="-121.103149"><ele>1382.0</ele><time>2025-08-30T14:57:54Z</time></trkpt><trkpt lat="47.532412" lon="-121.103195"><ele>1384.0</ele><time>2025-08-30T14:57:57Z</time></trkpt><trkpt lat="47.532447" lon="-121.103203"><ele>1383.0</ele><time>2025-08-30T14:57:59Z</time></trkpt><trkpt lat="47.532499" lon="-121.103266"><ele>1382.0</ele><time>2025-08-30T14:58:05Z</time></trkpt><trkpt lat="47.532568" lon="-121.10326"><ele>1385.3</ele><time>2025-08-30T14:58:11Z</time></trkpt><trkpt lat="47.5326" lon="-121.103314"><ele>1384.0</ele><time>2025-08-30T14:58:15Z</time></trkpt><trkpt lat="47.532671" lon="-121.103331"><ele>1384.0</ele><time>2025-08-30T14:58:21Z</time></trkpt><trkpt lat="47.532681" lon="-121.103416"><ele>1386.0</ele><time>2025-08-30T14:58:28Z</time></trkpt><trkpt lat="47.532765" lon="-121.103427"><ele>1384.0</ele><time>2025-08-30T14:58:37Z</time></trkpt><trkpt lat="47.532865" lon="-121.103554"><ele>1386.0</ele><time>2025-08-30T14:58:50Z</time></trkpt><trkpt lat="47.532872" lon="-121.103592"><ele>1388.0</ele><time>2025-08-30T14:58:53Z</time></trkpt><trkpt lat="47.532883" lon="-121.103532"><ele>1388.0</ele><time>2025-08-30T14:58:56Z</time></trkpt><trkpt lat="47.532813" lon="-121.103462"><ele>1387.0</ele><time>2025-08-30T14:59:06Z</time></trkpt><trkpt lat="47.532771" lon="-121.103447"><ele>1386.0</ele><time>2025-08-30T14:59:10Z</time></trkpt><trkpt lat="47.532736" lon="-121.103462"><ele>1386.0</ele><time>2025-08-30T14:59:13Z</time></trkpt><trkpt lat="47.532698" lon="-121.103462"><ele>1386.0</ele><time>2025-08-30T14:59:19Z</time></trkpt><trkpt lat="47.53268" lon="-121.10361"><ele>1388.0</ele><time>2025-08-30T14:59:26Z</time></trkpt><trkpt lat="47.532727" lon="-121.103638"><ele>1388.0</ele><time>2025-08-30T14:59:33Z</time></trkpt><trkpt lat="47.532765" lon="-121.103692"><ele>1392.0</ele><time>2025-08-30T14:59:40Z</time></trkpt><trkpt lat="47.532817" lon="-121.103706"><ele>1394.0</ele><time>2025-08-30T14:59:46Z</time></trkpt><trkpt lat="47.532828" lon="-121.103733"><ele>1393.0</ele><time>2025-08-30T14:59:49Z</time></trkpt><trkpt lat="47.532889" lon="-121.10378"><ele>1395.0</ele><time>2025-08-30T14:59:57Z</time></trkpt><trkpt lat="47.532923" lon="-121.103851"><ele>1395.0</ele><time>2025-08-30T15:00:03Z</time></trkpt><trkpt lat="47.532972" lon="-121.103906"><ele>1398.0</ele><time>2025-08-30T15:00:10Z</time></trkpt><trkpt lat="47.533065" lon="-121.103977"><ele>1397.0</ele><time>2025-08-30T15:00:20Z</time></trkpt><trkpt lat="47.533088" lon="-121.104025"><ele>1395.0</ele><time>2025-08-30T15:00:25Z</time></trkpt><trkpt lat="47.533118" lon="-121.104037"><ele>1397.0</ele><time>2025-08-30T15:00:28Z</time></trkpt><trkpt lat="47.533173" lon="-121.104115"><ele>1397.0</ele><time>2025-08-30T15:00:36Z</time></trkpt><trkpt lat="47.533204" lon="-121.104207"><ele>1393.0</ele><time>2025-08-30T15:00:46Z</time></trkpt><trkpt lat="47.533259" lon="-121.104296"><ele>1400.0</ele><time>2025-08-30T15:00:58Z</time></trkpt><trkpt lat="47.533282" lon="-121.104365"><ele>1401.0</ele><time>2025-08-30T15:01:07Z</time></trkpt><trkpt lat="47.533304" lon="-121.104392"><ele>1400.0</ele><time>2025-08-30T15:01:12Z</time></trkpt><trkpt lat="47.533317" lon="-121.104469"><ele>1401.0</ele><time>2025-08-30T15:01:28Z</time></trkpt><trkpt lat="47.533364" lon="-121.104613"><ele>1400.0</ele><time>2025-08-30T15:01:43Z</time></trkpt><trkpt lat="47.533401" lon="-121.104658"><ele>1404.0</ele><time>2025-08-30T15:01:47Z</time></trkpt><trkpt lat="47.533469" lon="-121.104706"><ele>1404.0</ele><time>2025-08-30T15:01:53Z</time></trkpt><trkpt lat="47.533509" lon="-121.104718"><ele>1406.0</ele><time>2025-08-30T15:01:56Z</time></trkpt><trkpt lat="47.533563" lon="-121.10479"><ele>1407.0</ele><time>2025-08-30T15:02:03Z</time></trkpt><trkpt lat="47.533642" lon="-121.104854"><ele>1408.0</ele><time>2025-08-30T15:02:12Z</time></trkpt><trkpt lat="47.53372" lon="-121.10498"><ele>1407.0</ele><time>2025-08-30T15:02:22Z</time></trkpt><trkpt lat="47.533734" lon="-121.105031"><ele>1407.0</ele><time>2025-08-30T15:02:25Z</time></trkpt><trkpt lat="47.533731" lon="-121.105069"><ele>1410.0</ele><time>2025-08-30T15:02:28Z</time></trkpt><trkpt lat="47.533794" lon="-121.105247"><ele>1408.0</ele><time>2025-08-30T15:02:40Z</time></trkpt><trkpt lat="47.533792" lon="-121.105334"><ele>1410.1</ele><time>2025-08-30T15:02:44Z</time></trkpt><trkpt lat="47.533894" lon="-121.105576"><ele>1410.0</ele><time>2025-08-30T15:03:00Z</time></trkpt><trkpt lat="47.533918" lon="-121.105598"><ele>1412.0</ele><time>2025-08-30T15:03:02Z</time></trkpt><trkpt lat="47.53396" lon="-121.105685"><ele>1412.0</ele><time>2025-08-30T15:03:08Z</time></trkpt><trkpt lat="47.533962" lon="-121.105767"><ele>1412.0</ele><time>2025-08-30T15:03:13Z</time></trkpt><trkpt lat="47.533997" lon="-121.10587"><ele>1412.0</ele><time>2025-08-30T15:03:20Z</time></trkpt><trkpt lat="47.534095" lon="-121.106048"><ele>1413.0</ele><time>2025-08-30T15:03:33Z</time></trkpt><trkpt lat="47.534101" lon="-121.106119"><ele>1414.0</ele><time>2025-08-30T15:03:37Z</time></trkpt><trkpt lat="47.534147" lon="-121.106213"><ele>1415.0</ele><time>2025-08-30T15:03:45Z</time></trkpt><trkpt lat="47.534151" lon="-121.106302"><ele>1416.9</ele><time>2025-08-30T15:03:50Z</time></trkpt><trkpt lat="47.534193" lon="-121.10633"><ele>1416.0</ele><time>2025-08-30T15:03:53Z</time></trkpt><trkpt lat="47.534195" lon="-121.10638"><ele>1417.2</ele><time>2025-08-30T15:03:56Z</time></trkpt><trkpt lat="47.534249" lon="-121.106468"><ele>1416.0</ele><time>2025-08-30T15:04:04Z</time></trkpt><trkpt lat="47.534259" lon="-121.106508"><ele>1416.0</ele><time>2025-08-30T15:04:07Z</time></trkpt><trkpt lat="47.534283" lon="-121.106537"><ele>1416.0</ele><time>2025-08-30T15:04:10Z</time></trkpt><trkpt lat="47.534447" lon="-121.106944"><ele>1420.0</ele><time>2025-08-30T15:04:42Z</time></trkpt><trkpt lat="47.534485" lon="-121.107002"><ele>1422.0</ele><time>2025-08-30T15:04:48Z</time></trkpt><trkpt lat="47.534504" lon="-121.107065"><ele>1422.0</ele><time>2025-08-30T15:04:53Z</time></trkpt><trkpt lat="47.534496" lon="-121.107095"><ele>1424.0</ele><time>2025-08-30T15:04:56Z</time></trkpt><trkpt lat="47.534529" lon="-121.107196"><ele>1424.0</ele><time>2025-08-30T15:05:05Z</time></trkpt><trkpt lat="47.534544" lon="-121.107302"><ele>1425.0</ele><time>2025-08-30T15:05:15Z</time></trkpt><trkpt lat="47.534529" lon="-121.10733"><ele>1422.0</ele><time>2025-08-30T15:05:20Z</time></trkpt><trkpt lat="47.534478" lon="-121.107259"><ele>1428.0</ele><time>2025-08-30T15:05:33Z</time></trkpt><trkpt lat="47.534448" lon="-121.107233"><ele>1428.0</ele><time>2025-08-30T15:05:38Z</time></trkpt><trkpt lat="47.534381" lon="-121.107253"><ele>1430.0</ele><time>2025-08-30T15:05:48Z</time></trkpt><trkpt lat="47.534348" lon="-121.107253"><ele>1432.0</ele><time>2025-08-30T15:05:54Z</time></trkpt><trkpt lat="47.534317" lon="-121.107238"><ele>1431.0</ele><time>2025-08-30T15:05:59Z</time></trkpt><trkpt lat="47.534227" lon="-121.107232"><ele>1434.0</ele><time>2025-08-30T15:06:12Z</time></trkpt><trkpt lat="47.534187" lon="-121.107198"><ele>1436.0</ele><time>2025-08-30T15:06:21Z</time></trkpt><trkpt lat="47.534147" lon="-121.107225"><ele>1435.0</ele><time>2025-08-30T15:06:29Z</time></trkpt><trkpt lat="47.534082" lon="-121.107301"><ele>1440.0</ele><time>2025-08-30T15:06:42Z</time></trkpt><trkpt lat="47.534039" lon="-121.107293"><ele>1440.0</ele><time>2025-08-30T15:06:49Z</time></trkpt><trkpt lat="47.534003" lon="-121.107304"><ele>1440.0</ele><time>2025-08-30T15:06:52Z</time></trkpt><trkpt lat="47.533952" lon="-121.107333"><ele>1440.0</ele><time>2025-08-30T15:06:59Z</time></trkpt><trkpt lat="47.533872" lon="-121.107361"><ele>1443.0</ele><time>2025-08-30T15:07:07Z</time></trkpt><trkpt lat="47.533831" lon="-121.107392"><ele>1444.0</ele><time>2025-08-30T15:07:12Z</time></trkpt><trkpt lat="47.533761" lon="-121.107493"><ele>1444.0</ele><time>2025-08-30T15:07:24Z</time></trkpt><trkpt lat="47.533742" lon="-121.107543"><ele>1442.0</ele><time>2025-08-30T15:07:28Z</time></trkpt><trkpt lat="47.533688" lon="-121.107539"><ele>1444.0</ele><time>2025-08-30T15:07:33Z</time></trkpt><trkpt lat="47.533617" lon="-121.107615"><ele>1446.0</ele><time>2025-08-30T15:07:42Z</time></trkpt><trkpt lat="47.533572" lon="-121.107707"><ele>1448.0</ele><time>2025-08-30T15:07:48Z</time></trkpt><trkpt lat="47.53352" lon="-121.107783"><ele>1451.0</ele><time>2025-08-30T15:07:57Z</time></trkpt><trkpt lat="47.533508" lon="-121.107849"><ele>1452.0</ele><time>2025-08-30T15:08:03Z</time></trkpt><trkpt lat="47.533484" lon="-121.107892"><ele>1452.0</ele><time>2025-08-30T15:08:10Z</time></trkpt><trkpt lat="47.533471" lon="-121.107956"><ele>1450.0</ele><time>2025-08-30T15:08:17Z</time></trkpt><trkpt lat="47.533442" lon="-121.107995"><ele>1455.0</ele><time>2025-08-30T15:08:23Z</time></trkpt><trkpt lat="47.533436" lon="-121.108074"><ele>1456.0</ele><time>2025-08-30T15:08:32Z</time></trkpt><trkpt lat="47.533424" lon="-121.108104"><ele>1456.0</ele><time>2025-08-30T15:08:36Z</time></trkpt><trkpt lat="47.533391" lon="-121.108113"><ele>1456.0</ele><time>2025-08-30T15:08:41Z</time></trkpt><trkpt lat="47.53336" lon="-121.108136"><ele>1456.0</ele><time>2025-08-30T15:08:47Z</time></trkpt><trkpt lat="47.533332" lon="-121.108184"><ele>1460.0</ele><time>2025-08-30T15:08:52Z</time></trkpt><trkpt lat="47.533351" lon="-121.10829"><ele>1460.0</ele><time>2025-08-30T15:08:59Z</time></trkpt><trkpt lat="47.53335" lon="-121.10839"><ele>1464.0</ele><time>2025-08-30T15:09:08Z</time></trkpt><trkpt lat="47.533378" lon="-121.108499"><ele>1464.0</ele><time>2025-08-30T15:09:16Z</time></trkpt><trkpt lat="47.53353" lon="-121.108933"><ele>1467.0</ele><time>2025-08-30T15:09:46Z</time></trkpt><trkpt lat="47.533566" lon="-121.109"><ele>1465.0</ele><time>2025-08-30T15:09:52Z</time></trkpt><trkpt lat="47.533657" lon="-121.109059"><ele>1468.0</ele><time>2025-08-30T15:09:59Z</time></trkpt><trkpt lat="47.533702" lon="-121.109123"><ele>1466.0</ele><time>2025-08-30T15:10:03Z</time></trkpt><trkpt lat="47.53373" lon="-121.109193"><ele>1466.0</ele><time>2025-08-30T15:10:07Z</time></trkpt><trkpt lat="47.533786" lon="-121.109281"><ele>1466.0</ele><time>2025-08-30T15:10:14Z</time></trkpt><trkpt lat="47.533824" lon="-121.109394"><ele>1464.0</ele><time>2025-08-30T15:10:20Z</time></trkpt><trkpt lat="47.533855" lon="-121.109418"><ele>1464.0</ele><time>2025-08-30T15:10:23Z</time></trkpt><trkpt lat="47.533878" lon="-121.109459"><ele>1466.0</ele><time>2025-08-30T15:10:26Z</time></trkpt><trkpt lat="47.533902" lon="-121.109569"><ele>1466.0</ele><time>2025-08-30T15:10:32Z</time></trkpt><trkpt lat="47.53394" lon="-121.109628"><ele>1465.0</ele><time>2025-08-30T15:10:37Z</time></trkpt><trkpt lat="47.533926" lon="-121.109673"><ele>1466.9</ele><time>2025-08-30T15:10:39Z</time></trkpt><trkpt lat="47.53397" lon="-121.109749"><ele>1465.0</ele><time>2025-08-30T15:10:45Z</time></trkpt><trkpt lat="47.534" lon="-121.109764"><ele>1466.0</ele><time>2025-08-30T15:10:48Z</time></trkpt><trkpt lat="47.534022" lon="-121.109793"><ele>1464.0</ele><time>2025-08-30T15:10:51Z</time></trkpt><trkpt lat="47.534049" lon="-121.109927"><ele>1465.0</ele><time>2025-08-30T15:10:59Z</time></trkpt><trkpt lat="47.534129" lon="-121.110021"><ele>1466.0</ele><time>2025-08-30T15:11:07Z</time></trkpt><trkpt lat="47.534226" lon="-121.110183"><ele>1467.0</ele><time>2025-08-30T15:11:22Z</time></trkpt><trkpt lat="47.534264" lon="-121.110199"><ele>1468.5</ele><time>2025-08-30T15:11:26Z</time></trkpt><trkpt lat="47.534272" lon="-121.110237"><ele>1467.0</ele><time>2025-08-30T15:11:29Z</time></trkpt><trkpt lat="47.534299" lon="-121.110256"><ele>1468.0</ele><time>2025-08-30T15:11:32Z</time></trkpt><trkpt lat="47.5343" lon="-121.110339"><ele>1468.0</ele><time>2025-08-30T15:11:37Z</time></trkpt><trkpt lat="47.534323" lon="-121.110439"><ele>1469.0</ele><time>2025-08-30T15:11:44Z</time></trkpt><trkpt lat="47.534341" lon="-121.110474"><ele>1470.0</ele><time>2025-08-30T15:11:47Z</time></trkpt><trkpt lat="47.534346" lon="-121.110541"><ele>1470.0</ele><time>2025-08-30T15:11:51Z</time></trkpt><trkpt lat="47.534372" lon="-121.110562"><ele>1469.0</ele><time>2025-08-30T15:11:54Z</time></trkpt><trkpt lat="47.534408" lon="-121.110668"><ele>1470.0</ele><time>2025-08-30T15:12:03Z</time></trkpt><trkpt lat="47.534429" lon="-121.110697"><ele>1470.0</ele><time>2025-08-30T15:12:08Z</time></trkpt><trkpt lat="47.534448" lon="-121.110775"><ele>1474.0</ele><time>2025-08-30T15:12:13Z</time></trkpt><trkpt lat="47.534528" lon="-121.110945"><ele>1476.0</ele><time>2025-08-30T15:12:32Z</time></trkpt><trkpt lat="47.534524" lon="-121.111067"><ele>1476.0</ele><time>2025-08-30T15:12:40Z</time></trkpt><trkpt lat="47.534567" lon="-121.111321"><ele>1476.0</ele><time>2025-08-30T15:12:53Z</time></trkpt><trkpt lat="47.534651" lon="-121.111487"><ele>1477.1</ele><time>2025-08-30T15:13:05Z</time></trkpt><trkpt lat="47.534698" lon="-121.111503"><ele>1476.0</ele><time>2025-08-30T15:13:08Z</time></trkpt><trkpt lat="47.534784" lon="-121.111621"><ele>1479.0</ele><time>2025-08-30T15:13:19Z</time></trkpt><trkpt lat="47.534944" lon="-121.111776"><ele>1479.0</ele><time>2025-08-30T15:13:34Z</time></trkpt><trkpt lat="47.534974" lon="-121.111797"><ele>1479.0</ele><time>2025-08-30T15:13:37Z</time></trkpt><trkpt lat="47.53507" lon="-121.111817"><ele>1479.0</ele><time>2025-08-30T15:13:48Z</time></trkpt><trkpt lat="47.535211" lon="-121.111882"><ele>1478.0</ele><time>2025-08-30T15:14:01Z</time></trkpt><trkpt lat="47.535236" lon="-121.111904"><ele>1478.0</ele><time>2025-08-30T15:14:03Z</time></trkpt><trkpt lat="47.535285" lon="-121.112011"><ele>1479.0</ele><time>2025-08-30T15:14:11Z</time></trkpt><trkpt lat="47.535307" lon="-121.112223"><ele>1480.0</ele><time>2025-08-30T15:14:23Z</time></trkpt><trkpt lat="47.535332" lon="-121.112292"><ele>1480.0</ele><time>2025-08-30T15:14:27Z</time></trkpt><trkpt lat="47.535347" lon="-121.11239"><ele>1480.0</ele><time>2025-08-30T15:14:33Z</time></trkpt><trkpt lat="47.53542" lon="-121.112655"><ele>1476.0</ele><time>2025-08-30T15:14:48Z</time></trkpt><trkpt lat="47.53545" lon="-121.112723"><ele>1477.0</ele><time>2025-08-30T15:14:53Z</time></trkpt><trkpt lat="47.535511" lon="-121.112774"><ele>1476.0</ele><time>2025-08-30T15:14:58Z</time></trkpt><trkpt lat="47.535553" lon="-121.112832"><ele>1477.0</ele><time>2025-08-30T15:15:03Z</time></trkpt><trkpt lat="47.535608" lon="-121.112877"><ele>1476.0</ele><time>2025-08-30T15:15:08Z</time></trkpt><trkpt lat="47.535677" lon="-121.11289"><ele>1476.0</ele><time>2025-08-30T15:15:14Z</time></trkpt><trkpt lat="47.535725" lon="-121.112944"><ele>1476.0</ele><time>2025-08-30T15:15:19Z</time></trkpt><trkpt lat="47.535762" lon="-121.112942"><ele>1476.0</ele><time>2025-08-30T15:15:22Z</time></trkpt><trkpt lat="47.53582" lon="-121.112889"><ele>1476.0</ele><time>2025-08-30T15:15:27Z</time></trkpt><trkpt lat="47.53587" lon="-121.112879"><ele>1476.0</ele><time>2025-08-30T15:15:31Z</time></trkpt><trkpt lat="47.535905" lon="-121.112925"><ele>1476.0</ele><time>2025-08-30T15:15:39Z</time></trkpt><trkpt lat="47.535916" lon="-121.112986"><ele>1476.0</ele><time>2025-08-30T15:15:44Z</time></trkpt><trkpt lat="47.535962" lon="-121.113101"><ele>1476.0</ele><time>2025-08-30T15:15:56Z</time></trkpt><trkpt lat="47.535953" lon="-121.113179"><ele>1476.0</ele><time>2025-08-30T15:16:01Z</time></trkpt><trkpt lat="47.535959" lon="-121.113279"><ele>1478.0</ele><time>2025-08-30T15:16:07Z</time></trkpt><trkpt lat="47.535997" lon="-121.113395"><ele>1476.0</ele><time>2025-08-30T15:16:42Z</time></trkpt><trkpt lat="47.536038" lon="-121.113385"><ele>1480.4</ele><time>2025-08-30T15:17:24Z</time></trkpt><trkpt lat="47.535997" lon="-121.113397"><ele>1479.0</ele><time>2025-08-30T15:17:37Z</time></trkpt><trkpt lat="47.53605" lon="-121.113352"><ele>1477.0</ele><time>2025-08-30T15:17:44Z</time></trkpt><trkpt lat="47.536119" lon="-121.113382"><ele>1473.0</ele><time>2025-08-30T15:17:54Z</time></trkpt><trkpt lat="47.536142" lon="-121.113433"><ele>1479.0</ele><time>2025-08-30T15:18:00Z</time></trkpt><trkpt lat="47.536145" lon="-121.113656"><ele>1479.0</ele><time>2025-08-30T15:18:12Z</time></trkpt><trkpt lat="47.536193" lon="-121.113767"><ele>1478.0</ele><time>2025-08-30T15:18:19Z</time></trkpt><trkpt lat="47.536228" lon="-121.113926"><ele>1478.0</ele><time>2025-08-30T15:18:27Z</time></trkpt><trkpt lat="47.536295" lon="-121.114096"><ele>1481.0</ele><time>2025-08-30T15:18:42Z</time></trkpt><trkpt lat="47.536313" lon="-121.114122"><ele>1482.0</ele><time>2025-08-30T15:18:45Z</time></trkpt><trkpt lat="47.536321" lon="-121.114155"><ele>1482.0</ele><time>2025-08-30T15:18:47Z</time></trkpt><trkpt lat="47.536318" lon="-121.114227"><ele>1480.0</ele><time>2025-08-30T15:18:52Z</time></trkpt><trkpt lat="47.536272" lon="-121.114264"><ele>1479.0</ele><time>2025-08-30T15:18:57Z</time></trkpt><trkpt lat="47.536196" lon="-121.114572"><ele>1486.4</ele><time>2025-08-30T15:19:17Z</time></trkpt><trkpt lat="47.536045" lon="-121.114878"><ele>1480.0</ele><time>2025-08-30T15:19:43Z</time></trkpt><trkpt lat="47.536012" lon="-121.114878"><ele>1480.0</ele><time>2025-08-30T15:19:48Z</time></trkpt><trkpt lat="47.535984" lon="-121.114895"><ele>1483.0</ele><time>2025-08-30T15:19:51Z</time></trkpt><trkpt lat="47.535914" lon="-121.115062"><ele>1486.0</ele><time>2025-08-30T15:20:02Z</time></trkpt><trkpt lat="47.535921" lon="-121.115178"><ele>1486.0</ele><time>2025-08-30T15:20:08Z</time></trkpt><trkpt lat="47.535885" lon="-121.115416"><ele>1486.0</ele><time>2025-08-30T15:20:25Z</time></trkpt><trkpt lat="47.535834" lon="-121.115555"><ele>1490.0</ele><time>2025-08-30T15:20:35Z</time></trkpt><trkpt lat="47.53583" lon="-121.115619"><ele>1489.0</ele><time>2025-08-30T15:20:39Z</time></trkpt><trkpt lat="47.535808" lon="-121.115694"><ele>1491.0</ele><time>2025-08-30T15:20:44Z</time></trkpt><trkpt lat="47.535823" lon="-121.115735"><ele>1491.0</ele><time>2025-08-30T15:20:47Z</time></trkpt><trkpt lat="47.535891" lon="-121.115801"><ele>1492.0</ele><time>2025-08-30T15:20:54Z</time></trkpt><trkpt lat="47.535945" lon="-121.115788"><ele>1494.0</ele><time>2025-08-30T15:20:57Z</time></trkpt><trkpt lat="47.535947" lon="-121.11574"><ele>1494.6</ele><time>2025-08-30T15:20:59Z</time></trkpt><trkpt lat="47.535966" lon="-121.115721"><ele>1494.0</ele><time>2025-08-30T15:21:01Z</time></trkpt><trkpt lat="47.535994" lon="-121.115618"><ele>1492.0</ele><time>2025-08-30T15:21:06Z</time></trkpt><trkpt lat="47.535995" lon="-121.115578"><ele>1494.0</ele><time>2025-08-30T15:21:09Z</time></trkpt><trkpt lat="47.536061" lon="-121.1156"><ele>1492.0</ele><time>2025-08-30T15:21:16Z</time></trkpt><trkpt lat="47.536044" lon="-121.11549"><ele>1492.0</ele><time>2025-08-30T15:21:21Z</time></trkpt><trkpt lat="47.536061" lon="-121.11544"><ele>1491.0</ele><time>2025-08-30T15:21:23Z</time></trkpt><trkpt lat="47.536106" lon="-121.115373"><ele>1491.0</ele><time>2025-08-30T15:21:28Z</time></trkpt><trkpt lat="47.536138" lon="-121.115273"><ele>1491.0</ele><time>2025-08-30T15:21:36Z</time></trkpt><trkpt lat="47.536177" lon="-121.115309"><ele>1491.0</ele><time>2025-08-30T15:21:43Z</time></trkpt><trkpt lat="47.536213" lon="-121.115257"><ele>1493.0</ele><time>2025-08-30T15:21:49Z</time></trkpt><trkpt lat="47.53627" lon="-121.115204"><ele>1494.0</ele><time>2025-08-30T15:21:56Z</time></trkpt><trkpt lat="47.536398" lon="-121.11502"><ele>1494.0</ele><time>2025-08-30T15:22:21Z</time></trkpt><trkpt lat="47.536351" lon="-121.115083"><ele>1498.0</ele><time>2025-08-30T15:22:29Z</time></trkpt><trkpt lat="47.536311" lon="-121.115418"><ele>1500.0</ele><time>2025-08-30T15:22:50Z</time></trkpt><trkpt lat="47.536319" lon="-121.115532"><ele>1500.0</ele><time>2025-08-30T15:22:58Z</time></trkpt><trkpt lat="47.536346" lon="-121.115612"><ele>1500.0</ele><time>2025-08-30T15:23:05Z</time></trkpt><trkpt lat="47.536401" lon="-121.115664"><ele>1502.0</ele><time>2025-08-30T15:23:13Z</time></trkpt><trkpt lat="47.536439" lon="-121.11566"><ele>1503.0</ele><time>2025-08-30T15:23:16Z</time></trkpt><trkpt lat="47.536503" lon="-121.115734"><ele>1505.0</ele><time>2025-08-30T15:23:28Z</time></trkpt><trkpt lat="47.536534" lon="-121.115735"><ele>1506.0</ele><time>2025-08-30T15:23:33Z</time></trkpt><trkpt lat="47.536569" lon="-121.115818"><ele>1508.0</ele><time>2025-08-30T15:23:41Z</time></trkpt><trkpt lat="47.536619" lon="-121.115888"><ele>1506.0</ele><time>2025-08-30T15:23:45Z</time></trkpt><trkpt lat="47.536647" lon="-121.115791"><ele>1508.0</ele><time>2025-08-30T15:23:53Z</time></trkpt><trkpt lat="47.536691" lon="-121.115719"><ele>1511.0</ele><time>2025-08-30T15:24:00Z</time></trkpt><trkpt lat="47.536704" lon="-121.115813"><ele>1512.0</ele><time>2025-08-30T15:24:10Z</time></trkpt><trkpt lat="47.536771" lon="-121.115785"><ele>1515.0</ele><time>2025-08-30T15:24:18Z</time></trkpt><trkpt lat="47.536782" lon="-121.115699"><ele>1514.9</ele><time>2025-08-30T15:24:21Z</time></trkpt><trkpt lat="47.536749" lon="-121.115702"><ele>1515.0</ele><time>2025-08-30T15:24:23Z</time></trkpt><trkpt lat="47.536781" lon="-121.115662"><ele>1512.0</ele><time>2025-08-30T15:24:27Z</time></trkpt><trkpt lat="47.536802" lon="-121.115687"><ele>1515.0</ele><time>2025-08-30T15:24:32Z</time></trkpt><trkpt lat="47.536817" lon="-121.115773"><ele>1516.0</ele><time>2025-08-30T15:24:41Z</time></trkpt><trkpt lat="47.53684" lon="-121.115809"><ele>1515.0</ele><time>2025-08-30T15:24:44Z</time></trkpt><trkpt lat="47.536868" lon="-121.115833"><ele>1515.0</ele><time>2025-08-30T15:24:47Z</time></trkpt><trkpt lat="47.536936" lon="-121.11586"><ele>1515.0</ele><time>2025-08-30T15:24:55Z</time></trkpt><trkpt lat="47.537018" lon="-121.115984"><ele>1521.0</ele><time>2025-08-30T15:25:08Z</time></trkpt><trkpt lat="47.537049" lon="-121.116077"><ele>1522.0</ele><time>2025-08-30T15:25:17Z</time></trkpt><trkpt lat="47.537077" lon="-121.116101"><ele>1522.0</ele><time>2025-08-30T15:25:19Z</time></trkpt><trkpt lat="47.537085" lon="-121.116146"><ele>1522.0</ele><time>2025-08-30T15:25:21Z</time></trkpt><trkpt lat="47.537063" lon="-121.116182"><ele>1523.0</ele><time>2025-08-30T15:25:23Z</time></trkpt><trkpt lat="47.537064" lon="-121.116222"><ele>1524.0</ele><time>2025-08-30T15:25:27Z</time></trkpt><trkpt lat="47.537125" lon="-121.116413"><ele>1524.0</ele><time>2025-08-30T15:25:40Z</time></trkpt><trkpt lat="47.537172" lon="-121.116478"><ele>1524.0</ele><time>2025-08-30T15:25:46Z</time></trkpt><trkpt lat="47.537206" lon="-121.116557"><ele>1527.0</ele><time>2025-08-30T15:25:52Z</time></trkpt><trkpt lat="47.537239" lon="-121.11659"><ele>1529.0</ele><time>2025-08-30T15:25:57Z</time></trkpt><trkpt lat="47.537312" lon="-121.1166"><ele>1530.0</ele><time>2025-08-30T15:26:04Z</time></trkpt><trkpt lat="47.537333" lon="-121.116626"><ele>1530.0</ele><time>2025-08-30T15:26:06Z</time></trkpt><trkpt lat="47.537369" lon="-121.116723"><ele>1533.0</ele><time>2025-08-30T15:26:12Z</time></trkpt><trkpt lat="47.537391" lon="-121.116749"><ele>1532.0</ele><time>2025-08-30T15:26:15Z</time></trkpt><trkpt lat="47.537453" lon="-121.116762"><ele>1532.0</ele><time>2025-08-30T15:26:21Z</time></trkpt><trkpt lat="47.537496" lon="-121.116826"><ele>1536.0</ele><time>2025-08-30T15:26:28Z</time></trkpt><trkpt lat="47.53761" lon="-121.116907"><ele>1536.0</ele><time>2025-08-30T15:26:40Z</time></trkpt><trkpt lat="47.537658" lon="-121.116981"><ele>1534.0</ele><time>2025-08-30T15:26:48Z</time></trkpt><trkpt lat="47.537701" lon="-121.117129"><ele>1536.0</ele><time>2025-08-30T15:27:00Z</time></trkpt><trkpt lat="47.537794" lon="-121.117243"><ele>1536.0</ele><time>2025-08-30T15:27:11Z</time></trkpt><trkpt lat="47.537826" lon="-121.117316"><ele>1536.0</ele><time>2025-08-30T15:27:18Z</time></trkpt><trkpt lat="47.537811" lon="-121.117372"><ele>1538.0</ele><time>2025-08-30T15:27:24Z</time></trkpt><trkpt lat="47.537822" lon="-121.117402"><ele>1538.0</ele><time>2025-08-30T15:27:26Z</time></trkpt><trkpt lat="47.53788" lon="-121.117457"><ele>1538.0</ele><time>2025-08-30T15:27:31Z</time></trkpt><trkpt lat="47.537966" lon="-121.117514"><ele>1540.0</ele><time>2025-08-30T15:27:37Z</time></trkpt><trkpt lat="47.537992" lon="-121.117544"><ele>1541.3</ele><time>2025-08-30T15:27:41Z</time></trkpt><trkpt lat="47.538045" lon="-121.117645"><ele>1541.0</ele><time>2025-08-30T15:27:49Z</time></trkpt><trkpt lat="47.538106" lon="-121.117675"><ele>1542.0</ele><time>2025-08-30T15:27:56Z</time></trkpt><trkpt lat="47.538147" lon="-121.11768"><ele>1543.0</ele><time>2025-08-30T15:28:00Z</time></trkpt><trkpt lat="47.538202" lon="-121.117715"><ele>1544.0</ele><time>2025-08-30T15:28:07Z</time></trkpt><trkpt lat="47.53824" lon="-121.117725"><ele>1544.0</ele><time>2025-08-30T15:28:11Z</time></trkpt><trkpt lat="47.538273" lon="-121.117709"><ele>1545.0</ele><time>2025-08-30T15:28:14Z</time></trkpt><trkpt lat="47.538304" lon="-121.117714"><ele>1545.0</ele><time>2025-08-30T15:28:17Z</time></trkpt><trkpt lat="47.538337" lon="-121.117771"><ele>1544.0</ele><time>2025-08-30T15:28:22Z</time></trkpt><trkpt lat="47.538379" lon="-121.117814"><ele>1546.0</ele><time>2025-08-30T15:28:28Z</time></trkpt><trkpt lat="47.538429" lon="-121.117809"><ele>1547.0</ele><time>2025-08-30T15:28:33Z</time></trkpt><trkpt lat="47.538466" lon="-121.117879"><ele>1547.0</ele><time>2025-08-30T15:28:40Z</time></trkpt><trkpt lat="47.53849" lon="-121.117906"><ele>1547.0</ele><time>2025-08-30T15:28:42Z</time></trkpt><trkpt lat="47.538522" lon="-121.117914"><ele>1545.0</ele><time>2025-08-30T15:28:45Z</time></trkpt><trkpt lat="47.538566" lon="-121.117973"><ele>1548.0</ele><time>2025-08-30T15:28:51Z</time></trkpt><trkpt lat="47.5386" lon="-121.117991"><ele>1548.0</ele><time>2025-08-30T15:28:55Z</time></trkpt><trkpt lat="47.53864" lon="-121.117987"><ele>1548.0</ele><time>2025-08-30T15:28:58Z</time></trkpt><trkpt lat="47.538683" lon="-121.118046"><ele>1548.0</ele><time>2025-08-30T15:29:03Z</time></trkpt><trkpt lat="47.538724" lon="-121.118147"><ele>1548.0</ele><time>2025-08-30T15:29:10Z</time></trkpt><trkpt lat="47.538794" lon="-121.1182"><ele>1550.0</ele><time>2025-08-30T15:29:16Z</time></trkpt><trkpt lat="47.538817" lon="-121.118297"><ele>1554.0</ele><time>2025-08-30T15:29:31Z</time></trkpt><trkpt lat="47.538833" lon="-121.11833"><ele>1554.0</ele><time>2025-08-30T15:29:33Z</time></trkpt><trkpt lat="47.538881" lon="-121.118383"><ele>1554.0</ele><time>2025-08-30T15:29:40Z</time></trkpt><trkpt lat="47.538898" lon="-121.118422"><ele>1554.0</ele><time>2025-08-30T15:29:43Z</time></trkpt><trkpt lat="47.539034" lon="-121.118485"><ele>1557.0</ele><time>2025-08-30T15:29:53Z</time></trkpt><trkpt lat="47.539032" lon="-121.118523"><ele>1557.0</ele><time>2025-08-30T15:29:56Z</time></trkpt><trkpt lat="47.53905" lon="-121.118557"><ele>1556.0</ele><time>2025-08-30T15:30:00Z</time></trkpt><trkpt lat="47.539088" lon="-121.118554"><ele>1557.0</ele><time>2025-08-30T15:30:03Z</time></trkpt><trkpt lat="47.539104" lon="-121.118588"><ele>1558.0</ele><time>2025-08-30T15:30:06Z</time></trkpt><trkpt lat="47.539128" lon="-121.118699"><ele>1558.0</ele><time>2025-08-30T15:30:14Z</time></trkpt><trkpt lat="47.539166" lon="-121.118748"><ele>1560.0</ele><time>2025-08-30T15:30:20Z</time></trkpt><trkpt lat="47.539166" lon="-121.118813"><ele>1560.0</ele><time>2025-08-30T15:30:26Z</time></trkpt><trkpt lat="47.539234" lon="-121.118826"><ele>1565.0</ele><time>2025-08-30T15:30:33Z</time></trkpt><trkpt lat="47.539259" lon="-121.118803"><ele>1561.0</ele><time>2025-08-30T15:30:38Z</time></trkpt><trkpt lat="47.53928" lon="-121.118854"><ele>1566.0</ele><time>2025-08-30T15:30:51Z</time></trkpt><trkpt lat="47.539321" lon="-121.118856"><ele>1566.0</ele><time>2025-08-30T15:30:57Z</time></trkpt><trkpt lat="47.539349" lon="-121.118833"><ele>1566.0</ele><time>2025-08-30T15:31:01Z</time></trkpt><trkpt lat="47.539359" lon="-121.118953"><ele>1569.5</ele><time>2025-08-30T15:31:13Z</time></trkpt><trkpt lat="47.539397" lon="-121.119009"><ele>1569.0</ele><time>2025-08-30T15:31:16Z</time></trkpt><trkpt lat="47.539466" lon="-121.119016"><ele>1570.0</ele><time>2025-08-30T15:31:21Z</time></trkpt><trkpt lat="47.539502" lon="-121.118966"><ele>1570.0</ele><time>2025-08-30T15:31:24Z</time></trkpt><trkpt lat="47.539563" lon="-121.11896"><ele>1570.0</ele><time>2025-08-30T15:31:28Z</time></trkpt><trkpt lat="47.539653" lon="-121.118848"><ele>1570.0</ele><time>2025-08-30T15:31:39Z</time></trkpt><trkpt lat="47.539648" lon="-121.118917"><ele>1571.0</ele><time>2025-08-30T15:31:47Z</time></trkpt><trkpt lat="47.539659" lon="-121.118853"><ele>1570.0</ele><time>2025-08-30T15:32:00Z</time></trkpt><trkpt lat="47.539637" lon="-121.11891"><ele>1568.0</ele><time>2025-08-30T15:32:05Z</time></trkpt><trkpt lat="47.539644" lon="-121.11895"><ele>1569.0</ele><time>2025-08-30T15:32:07Z</time></trkpt><trkpt lat="47.539639" lon="-121.119029"><ele>1569.0</ele><time>2025-08-30T15:32:12Z</time></trkpt><trkpt lat="47.539659" lon="-121.119061"><ele>1571.0</ele><time>2025-08-30T15:32:15Z</time></trkpt><trkpt lat="47.539685" lon="-121.119083"><ele>1572.0</ele><time>2025-08-30T15:32:18Z</time></trkpt><trkpt lat="47.539769" lon="-121.119082"><ele>1574.0</ele><time>2025-08-30T15:32:25Z</time></trkpt><trkpt lat="47.539805" lon="-121.119107"><ele>1576.0</ele><time>2025-08-30T15:32:29Z</time></trkpt><trkpt lat="47.539858" lon="-121.119127"><ele>1578.0</ele><time>2025-08-30T15:32:34Z</time></trkpt><trkpt lat="47.539878" lon="-121.119176"><ele>1580.0</ele><time>2025-08-30T15:32:39Z</time></trkpt><trkpt lat="47.539872" lon="-121.119223"><ele>1580.0</ele><time>2025-08-30T15:32:45Z</time></trkpt><trkpt lat="47.539833" lon="-121.119286"><ele>1580.0</ele><time>2025-08-30T15:32:53Z</time></trkpt><trkpt lat="47.539879" lon="-121.11954"><ele>1581.0</ele><time>2025-08-30T15:33:08Z</time></trkpt><trkpt lat="47.53997" lon="-121.119575"><ele>1584.0</ele><time>2025-08-30T15:33:18Z</time></trkpt><trkpt lat="47.540022" lon="-121.119537"><ele>1584.0</ele><time>2025-08-30T15:33:26Z</time></trkpt><trkpt lat="47.54007" lon="-121.119556"><ele>1588.0</ele><time>2025-08-30T15:33:34Z</time></trkpt><trkpt lat="47.540105" lon="-121.119519"><ele>1589.0</ele><time>2025-08-30T15:33:39Z</time></trkpt><trkpt lat="47.540142" lon="-121.119504"><ele>1590.0</ele><time>2025-08-30T15:33:42Z</time></trkpt><trkpt lat="47.540218" lon="-121.119577"><ele>1592.0</ele><time>2025-08-30T15:33:52Z</time></trkpt><trkpt lat="47.54023" lon="-121.119613"><ele>1590.0</ele><time>2025-08-30T15:33:56Z</time></trkpt><trkpt lat="47.540304" lon="-121.119605"><ele>1594.0</ele><time>2025-08-30T15:34:05Z</time></trkpt><trkpt lat="47.540331" lon="-121.119572"><ele>1595.0</ele><time>2025-08-30T15:34:10Z</time></trkpt><trkpt lat="47.540359" lon="-121.119595"><ele>1588.0</ele><time>2025-08-30T15:34:32Z</time></trkpt><trkpt lat="47.540421" lon="-121.119531"><ele>1593.0</ele><time>2025-08-30T15:34:46Z</time></trkpt><trkpt lat="47.540437" lon="-121.119564"><ele>1595.0</ele><time>2025-08-30T15:34:53Z</time></trkpt><trkpt lat="47.540422" lon="-121.119636"><ele>1596.0</ele><time>2025-08-30T15:35:01Z</time></trkpt><trkpt lat="47.540403" lon="-121.119665"><ele>1596.0</ele><time>2025-08-30T15:35:04Z</time></trkpt><trkpt lat="47.540396" lon="-121.119787"><ele>1600.6</ele><time>2025-08-30T15:35:13Z</time></trkpt><trkpt lat="47.540447" lon="-121.119814"><ele>1602.0</ele><time>2025-08-30T15:35:19Z</time></trkpt><trkpt lat="47.540462" lon="-121.119848"><ele>1602.0</ele><time>2025-08-30T15:35:21Z</time></trkpt><trkpt lat="47.540486" lon="-121.119869"><ele>1600.0</ele><time>2025-08-30T15:35:25Z</time></trkpt><trkpt lat="47.540561" lon="-121.119863"><ele>1604.0</ele><time>2025-08-30T15:35:33Z</time></trkpt><trkpt lat="47.54057" lon="-121.119945"><ele>1605.0</ele><time>2025-08-30T15:35:39Z</time></trkpt><trkpt lat="47.540622" lon="-121.120036"><ele>1608.0</ele><time>2025-08-30T15:35:48Z</time></trkpt><trkpt lat="47.54068" lon="-121.120108"><ele>1605.0</ele><time>2025-08-30T15:36:00Z</time></trkpt><trkpt lat="47.540815" lon="-121.120131"><ele>1609.0</ele><time>2025-08-30T15:36:38Z</time></trkpt><trkpt lat="47.540844" lon="-121.120171"><ele>1610.0</ele><time>2025-08-30T15:36:43Z</time></trkpt><trkpt lat="47.540915" lon="-121.120194"><ele>1611.0</ele><time>2025-08-30T15:36:51Z</time></trkpt><trkpt lat="47.540923" lon="-121.120234"><ele>1611.0</ele><time>2025-08-30T15:36:53Z</time></trkpt><trkpt lat="47.540982" lon="-121.120312"><ele>1612.0</ele><time>2025-08-30T15:37:03Z</time></trkpt><trkpt lat="47.541021" lon="-121.120414"><ele>1616.0</ele><time>2025-08-30T15:37:11Z</time></trkpt><trkpt lat="47.541062" lon="-121.120456"><ele>1616.0</ele><time>2025-08-30T15:37:16Z</time></trkpt><trkpt lat="47.541048" lon="-121.1205"><ele>1618.4</ele><time>2025-08-30T15:37:19Z</time></trkpt><trkpt lat="47.541062" lon="-121.120553"><ele>1617.0</ele><time>2025-08-30T15:37:23Z</time></trkpt><trkpt lat="47.541085" lon="-121.12058"><ele>1617.0</ele><time>2025-08-30T15:37:26Z</time></trkpt><trkpt lat="47.541123" lon="-121.120579"><ele>1616.0</ele><time>2025-08-30T15:37:31Z</time></trkpt><trkpt lat="47.54115" lon="-121.1206"><ele>1620.0</ele><time>2025-08-30T15:37:36Z</time></trkpt><trkpt lat="47.54119" lon="-121.120602"><ele>1620.0</ele><time>2025-08-30T15:37:41Z</time></trkpt><trkpt lat="47.541219" lon="-121.120633"><ele>1620.0</ele><time>2025-08-30T15:37:46Z</time></trkpt><trkpt lat="47.541277" lon="-121.120651"><ele>1620.0</ele><time>2025-08-30T15:37:54Z</time></trkpt><trkpt lat="47.541319" lon="-121.120628"><ele>1622.0</ele><time>2025-08-30T15:37:59Z</time></trkpt><trkpt lat="47.541363" lon="-121.12072"><ele>1623.0</ele><time>2025-08-30T15:38:07Z</time></trkpt><trkpt lat="47.541374" lon="-121.120795"><ele>1624.0</ele><time>2025-08-30T15:38:13Z</time></trkpt><trkpt lat="47.541423" lon="-121.120859"><ele>1626.0</ele><time>2025-08-30T15:38:18Z</time></trkpt><trkpt lat="47.541526" lon="-121.120951"><ele>1626.0</ele><time>2025-08-30T15:38:29Z</time></trkpt><trkpt lat="47.541543" lon="-121.121057"><ele>1629.0</ele><time>2025-08-30T15:38:35Z</time></trkpt><trkpt lat="47.541556" lon="-121.121085"><ele>1628.0</ele><time>2025-08-30T15:38:38Z</time></trkpt><trkpt lat="47.541635" lon="-121.121155"><ele>1630.0</ele><time>2025-08-30T15:38:48Z</time></trkpt><trkpt lat="47.541683" lon="-121.121223"><ele>1630.0</ele><time>2025-08-30T15:38:58Z</time></trkpt><trkpt lat="47.541662" lon="-121.121294"><ele>1628.0</ele><time>2025-08-30T15:39:04Z</time></trkpt><trkpt lat="47.541655" lon="-121.121359"><ele>1632.0</ele><time>2025-08-30T15:39:11Z</time></trkpt><trkpt lat="47.541705" lon="-121.121437"><ele>1632.0</ele><time>2025-08-30T15:39:25Z</time></trkpt><trkpt lat="47.541738" lon="-121.121684"><ele>1635.0</ele><time>2025-08-30T15:39:44Z</time></trkpt><trkpt lat="47.541736" lon="-121.121748"><ele>1636.5</ele><time>2025-08-30T15:39:49Z</time></trkpt><trkpt lat="47.541683" lon="-121.121852"><ele>1636.0</ele><time>2025-08-30T15:39:57Z</time></trkpt><trkpt lat="47.541709" lon="-121.121924"><ele>1636.0</ele><time>2025-08-30T15:40:01Z</time></trkpt><trkpt lat="47.541757" lon="-121.122018"><ele>1637.0</ele><time>2025-08-30T15:40:07Z</time></trkpt><trkpt lat="47.541871" lon="-121.122167"><ele>1637.0</ele><time>2025-08-30T15:40:19Z</time></trkpt><trkpt lat="47.541958" lon="-121.122232"><ele>1638.0</ele><time>2025-08-30T15:40:26Z</time></trkpt><trkpt lat="47.542081" lon="-121.12242"><ele>1641.1</ele><time>2025-08-30T15:40:38Z</time></trkpt><trkpt lat="47.542084" lon="-121.122461"><ele>1640.0</ele><time>2025-08-30T15:40:40Z</time></trkpt><trkpt lat="47.542132" lon="-121.122551"><ele>1642.0</ele><time>2025-08-30T15:40:46Z</time></trkpt><trkpt lat="47.542162" lon="-121.122711"><ele>1642.0</ele><time>2025-08-30T15:40:55Z</time></trkpt><trkpt lat="47.542189" lon="-121.122741"><ele>1641.0</ele><time>2025-08-30T15:40:59Z</time></trkpt><trkpt lat="47.542249" lon="-121.122778"><ele>1642.0</ele><time>2025-08-30T15:41:03Z</time></trkpt><trkpt lat="47.54228" lon="-121.122777"><ele>1641.0</ele><time>2025-08-30T15:41:06Z</time></trkpt><trkpt lat="47.542313" lon="-121.122808"><ele>1641.0</ele><time>2025-08-30T15:41:09Z</time></trkpt><trkpt lat="47.542352" lon="-121.122813"><ele>1642.0</ele><time>2025-08-30T15:41:12Z</time></trkpt><trkpt lat="47.54235" lon="-121.122882"><ele>1641.0</ele><time>2025-08-30T15:41:19Z</time></trkpt><trkpt lat="47.54238" lon="-121.122906"><ele>1645.0</ele><time>2025-08-30T15:41:22Z</time></trkpt><trkpt lat="47.542401" lon="-121.122883"><ele>1644.0</ele><time>2025-08-30T15:41:24Z</time></trkpt><trkpt lat="47.542473" lon="-121.122904"><ele>1646.0</ele><time>2025-08-30T15:41:30Z</time></trkpt><trkpt lat="47.542558" lon="-121.123004"><ele>1646.0</ele><time>2025-08-30T15:41:40Z</time></trkpt><trkpt lat="47.542599" lon="-121.123015"><ele>1647.0</ele><time>2025-08-30T15:41:43Z</time></trkpt><trkpt lat="47.542622" lon="-121.123044"><ele>1647.0</ele><time>2025-08-30T15:41:46Z</time></trkpt><trkpt lat="47.542723" lon="-121.123092"><ele>1647.0</ele><time>2025-08-30T15:41:55Z</time></trkpt><trkpt lat="47.542838" lon="-121.123242"><ele>1650.0</ele><time>2025-08-30T15:42:08Z</time></trkpt><trkpt lat="47.542849" lon="-121.12328"><ele>1650.0</ele><time>2025-08-30T15:42:12Z</time></trkpt><trkpt lat="47.542889" lon="-121.123284"><ele>1650.0</ele><time>2025-08-30T15:42:16Z</time></trkpt><trkpt lat="47.542919" lon="-121.123314"><ele>1650.0</ele><time>2025-08-30T15:42:20Z</time></trkpt><trkpt lat="47.542982" lon="-121.123341"><ele>1650.0</ele><time>2025-08-30T15:42:26Z</time></trkpt><trkpt lat="47.543005" lon="-121.123369"><ele>1651.0</ele><time>2025-08-30T15:42:30Z</time></trkpt><trkpt lat="47.543039" lon="-121.123386"><ele>1653.0</ele><time>2025-08-30T15:42:33Z</time></trkpt><trkpt lat="47.543112" lon="-121.123342"><ele>1650.0</ele><time>2025-08-30T15:42:38Z</time></trkpt><trkpt lat="47.543148" lon="-121.123341"><ele>1652.0</ele><time>2025-08-30T15:42:41Z</time></trkpt><trkpt lat="47.543176" lon="-121.123368"><ele>1654.0</ele><time>2025-08-30T15:42:44Z</time></trkpt><trkpt lat="47.543177" lon="-121.123441"><ele>1654.0</ele><time>2025-08-30T15:42:47Z</time></trkpt><trkpt lat="47.543252" lon="-121.123499"><ele>1656.0</ele><time>2025-08-30T15:42:59Z</time></trkpt><trkpt lat="47.543244" lon="-121.12354"><ele>1658.0</ele><time>2025-08-30T15:43:02Z</time></trkpt><trkpt lat="47.543273" lon="-121.123599"><ele>1657.0</ele><time>2025-08-30T15:43:06Z</time></trkpt><trkpt lat="47.5433" lon="-121.123632"><ele>1658.4</ele><time>2025-08-30T15:43:09Z</time></trkpt><trkpt lat="47.543387" lon="-121.123681"><ele>1656.0</ele><time>2025-08-30T15:43:17Z</time></trkpt><trkpt lat="47.543423" lon="-121.123687"><ele>1659.0</ele><time>2025-08-30T15:43:20Z</time></trkpt><trkpt lat="47.543477" lon="-121.123736"><ele>1659.0</ele><time>2025-08-30T15:43:27Z</time></trkpt><trkpt lat="47.543536" lon="-121.123765"><ele>1661.0</ele><time>2025-08-30T15:43:33Z</time></trkpt><trkpt lat="47.543573" lon="-121.123747"><ele>1660.0</ele><time>2025-08-30T15:43:36Z</time></trkpt><trkpt lat="47.543636" lon="-121.12375"><ele>1660.0</ele><time>2025-08-30T15:43:44Z</time></trkpt><trkpt lat="47.543786" lon="-121.123822"><ele>1661.0</ele><time>2025-08-30T15:43:57Z</time></trkpt><trkpt lat="47.543905" lon="-121.12392"><ele>1662.0</ele><time>2025-08-30T15:44:08Z</time></trkpt><trkpt lat="47.543923" lon="-121.123953"><ele>1662.0</ele><time>2025-08-30T15:44:10Z</time></trkpt><trkpt lat="47.544024" lon="-121.124021"><ele>1664.0</ele><time>2025-08-30T15:44:18Z</time></trkpt><trkpt lat="47.544062" lon="-121.124036"><ele>1664.0</ele><time>2025-08-30T15:44:21Z</time></trkpt><trkpt lat="47.544139" lon="-121.124034"><ele>1656.0</ele><time>2025-08-30T15:44:32Z</time></trkpt><trkpt lat="47.544139" lon="-121.124002"><ele>1666.0</ele><time>2025-08-30T15:44:39Z</time></trkpt><trkpt lat="47.544207" lon="-121.124056"><ele>1666.0</ele><time>2025-08-30T15:44:45Z</time></trkpt><trkpt lat="47.544298" lon="-121.124096"><ele>1665.0</ele><time>2025-08-30T15:44:54Z</time></trkpt><trkpt lat="47.544313" lon="-121.124134"><ele>1667.0</ele><time>2025-08-30T15:44:57Z</time></trkpt><trkpt lat="47.544444" lon="-121.124292"><ele>1668.0</ele><time>2025-08-30T15:45:09Z</time></trkpt><trkpt lat="47.544557" lon="-121.124383"><ele>1668.0</ele><time>2025-08-30T15:45:27Z</time></trkpt><trkpt lat="47.544624" lon="-121.124482"><ele>1667.0</ele><time>2025-08-30T15:45:35Z</time></trkpt><trkpt lat="47.544747" lon="-121.124545"><ele>1668.0</ele><time>2025-08-30T15:45:45Z</time></trkpt><trkpt lat="47.544772" lon="-121.124573"><ele>1669.0</ele><time>2025-08-30T15:45:49Z</time></trkpt><trkpt lat="47.544783" lon="-121.124652"><ele>1670.0</ele><time>2025-08-30T15:45:55Z</time></trkpt><trkpt lat="47.544779" lon="-121.124695"><ele>1671.0</ele><time>2025-08-30T15:45:58Z</time></trkpt><trkpt lat="47.544805" lon="-121.124744"><ele>1671.0</ele><time>2025-08-30T15:46:01Z</time></trkpt><trkpt lat="47.544885" lon="-121.124765"><ele>1672.0</ele><time>2025-08-30T15:46:08Z</time></trkpt><trkpt lat="47.544911" lon="-121.12479"><ele>1673.0</ele><time>2025-08-30T15:46:11Z</time></trkpt><trkpt lat="47.544916" lon="-121.124824"><ele>1672.0</ele><time>2025-08-30T15:46:15Z</time></trkpt><trkpt lat="47.54503" lon="-121.124982"><ele>1674.0</ele><time>2025-08-30T15:46:31Z</time></trkpt><trkpt lat="47.545046" lon="-121.125056"><ele>1675.0</ele><time>2025-08-30T15:46:36Z</time></trkpt><trkpt lat="47.545126" lon="-121.125187"><ele>1677.0</ele><time>2025-08-30T15:46:47Z</time></trkpt><trkpt lat="47.545147" lon="-121.125214"><ele>1676.0</ele><time>2025-08-30T15:46:50Z</time></trkpt><trkpt lat="47.54521" lon="-121.125249"><ele>1672.0</ele><time>2025-08-30T15:47:01Z</time></trkpt><trkpt lat="47.545282" lon="-121.125348"><ele>1676.0</ele><time>2025-08-30T15:47:16Z</time></trkpt><trkpt lat="47.54538" lon="-121.125445"><ele>1674.0</ele><time>2025-08-30T15:47:27Z</time></trkpt><trkpt lat="47.545417" lon="-121.125504"><ele>1674.0</ele><time>2025-08-30T15:47:32Z</time></trkpt><trkpt lat="47.545495" lon="-121.125586"><ele>1674.0</ele><time>2025-08-30T15:47:40Z</time></trkpt><trkpt lat="47.545601" lon="-121.12573"><ele>1673.0</ele><time>2025-08-30T15:47:52Z</time></trkpt><trkpt lat="47.545636" lon="-121.125749"><ele>1673.7</ele><time>2025-08-30T15:47:55Z</time></trkpt><trkpt lat="47.545664" lon="-121.12578"><ele>1674.0</ele><time>2025-08-30T15:47:57Z</time></trkpt><trkpt lat="47.545728" lon="-121.125798"><ele>1673.0</ele><time>2025-08-30T15:48:01Z</time></trkpt><trkpt lat="47.545787" lon="-121.125831"><ele>1672.0</ele><time>2025-08-30T15:48:05Z</time></trkpt><trkpt lat="47.545889" lon="-121.12586"><ele>1672.0</ele><time>2025-08-30T15:48:12Z</time></trkpt><trkpt lat="47.546057" lon="-121.125948"><ele>1672.0</ele><time>2025-08-30T15:48:26Z</time></trkpt><trkpt lat="47.546174" lon="-121.12608"><ele>1672.0</ele><time>2025-08-30T15:48:37Z</time></trkpt><trkpt lat="47.546232" lon="-121.126111"><ele>1672.8</ele><time>2025-08-30T15:48:41Z</time></trkpt><trkpt lat="47.546248" lon="-121.126137"><ele>1672.0</ele><time>2025-08-30T15:48:42Z</time></trkpt><trkpt lat="47.546369" lon="-121.126221"><ele>1672.0</ele><time>2025-08-30T15:48:53Z</time></trkpt><trkpt lat="47.546435" lon="-121.126283"><ele>1668.0</ele><time>2025-08-30T15:49:02Z</time></trkpt><trkpt lat="47.546584" lon="-121.12635"><ele>1668.0</ele><time>2025-08-30T15:49:13Z</time></trkpt><trkpt lat="47.546616" lon="-121.12637"><ele>1668.0</ele><time>2025-08-30T15:49:16Z</time></trkpt><trkpt lat="47.546663" lon="-121.126422"><ele>1670.0</ele><time>2025-08-30T15:49:20Z</time></trkpt><trkpt lat="47.546734" lon="-121.126453"><ele>1670.0</ele><time>2025-08-30T15:49:26Z</time></trkpt><trkpt lat="47.546817" lon="-121.126508"><ele>1670.0</ele><time>2025-08-30T15:49:32Z</time></trkpt><trkpt lat="47.54688" lon="-121.126564"><ele>1668.0</ele><time>2025-08-30T15:49:38Z</time></trkpt><trkpt lat="47.547009" lon="-121.12662"><ele>1665.0</ele><time>2025-08-30T15:49:50Z</time></trkpt><trkpt lat="47.547038" lon="-121.126651"><ele>1665.0</ele><time>2025-08-30T15:49:53Z</time></trkpt><trkpt lat="47.547455" lon="-121.126893"><ele>1664.0</ele><time>2025-08-30T15:50:29Z</time></trkpt><trkpt lat="47.547504" lon="-121.126953"><ele>1665.0</ele><time>2025-08-30T15:50:34Z</time></trkpt><trkpt lat="47.547566" lon="-121.126995"><ele>1662.0</ele><time>2025-08-30T15:50:40Z</time></trkpt><trkpt lat="47.547675" lon="-121.127014"><ele>1662.0</ele><time>2025-08-30T15:50:49Z</time></trkpt><trkpt lat="47.547853" lon="-121.127095"><ele>1660.0</ele><time>2025-08-30T15:51:04Z</time></trkpt><trkpt lat="47.547922" lon="-121.127143"><ele>1658.0</ele><time>2025-08-30T15:51:10Z</time></trkpt><trkpt lat="47.547947" lon="-121.12718"><ele>1659.0</ele><time>2025-08-30T15:51:13Z</time></trkpt><trkpt lat="47.547993" lon="-121.127307"><ele>1660.0</ele><time>2025-08-30T15:51:21Z</time></trkpt><trkpt lat="47.548077" lon="-121.1274"><ele>1659.0</ele><time>2025-08-30T15:51:30Z</time></trkpt><trkpt lat="47.548147" lon="-121.12743"><ele>1659.0</ele><time>2025-08-30T15:51:36Z</time></trkpt><trkpt lat="47.548216" lon="-121.127532"><ele>1659.0</ele><time>2025-08-30T15:51:44Z</time></trkpt><trkpt lat="47.548251" lon="-121.127554"><ele>1659.0</ele><time>2025-08-30T15:51:47Z</time></trkpt><trkpt lat="47.548329" lon="-121.127637"><ele>1658.0</ele><time>2025-08-30T15:51:54Z</time></trkpt><trkpt lat="47.548343" lon="-121.127678"><ele>1658.0</ele><time>2025-08-30T15:51:56Z</time></trkpt><trkpt lat="47.548367" lon="-121.127698"><ele>1658.0</ele><time>2025-08-30T15:51:58Z</time></trkpt><trkpt lat="47.548453" lon="-121.127814"><ele>1659.0</ele><time>2025-08-30T15:52:08Z</time></trkpt><trkpt lat="47.548482" lon="-121.127883"><ele>1658.0</ele><time>2025-08-30T15:52:14Z</time></trkpt><trkpt lat="47.548492" lon="-121.127986"><ele>1657.0</ele><time>2025-08-30T15:52:20Z</time></trkpt><trkpt lat="47.548513" lon="-121.128017"><ele>1656.0</ele><time>2025-08-30T15:52:26Z</time></trkpt><trkpt lat="47.548572" lon="-121.128077"><ele>1656.0</ele><time>2025-08-30T15:52:38Z</time></trkpt><trkpt lat="47.548602" lon="-121.128091"><ele>1656.0</ele><time>2025-08-30T15:52:41Z</time></trkpt><trkpt lat="47.548653" lon="-121.128147"><ele>1656.0</ele><time>2025-08-30T15:52:46Z</time></trkpt><trkpt lat="47.548693" lon="-121.128215"><ele>1655.0</ele><time>2025-08-30T15:52:50Z</time></trkpt><trkpt lat="47.548774" lon="-121.128254"><ele>1654.0</ele><time>2025-08-30T15:52:55Z</time></trkpt><trkpt lat="47.548854" lon="-121.128242"><ele>1656.0</ele><time>2025-08-30T15:53:01Z</time></trkpt><trkpt lat="47.548942" lon="-121.128316"><ele>1653.0</ele><time>2025-08-30T15:53:09Z</time></trkpt><trkpt lat="47.548977" lon="-121.128319"><ele>1654.0</ele><time>2025-08-30T15:53:12Z</time></trkpt><trkpt lat="47.549013" lon="-121.128308"><ele>1655.0</ele><time>2025-08-30T15:53:14Z</time></trkpt><trkpt lat="47.549071" lon="-121.128345"><ele>1656.0</ele><time>2025-08-30T15:53:21Z</time></trkpt><trkpt lat="47.549133" lon="-121.128345"><ele>1658.0</ele><time>2025-08-30T15:53:28Z</time></trkpt><trkpt lat="47.5492" lon="-121.128307"><ele>1656.0</ele><time>2025-08-30T15:53:38Z</time></trkpt><trkpt lat="47.549221" lon="-121.128359"><ele>1658.0</ele><time>2025-08-30T15:53:45Z</time></trkpt><trkpt lat="47.54925" lon="-121.128382"><ele>1659.9</ele><time>2025-08-30T15:53:48Z</time></trkpt><trkpt lat="47.549256" lon="-121.12845"><ele>1659.0</ele><time>2025-08-30T15:53:52Z</time></trkpt><trkpt lat="47.549305" lon="-121.128498"><ele>1660.0</ele><time>2025-08-30T15:53:58Z</time></trkpt><trkpt lat="47.549337" lon="-121.128497"><ele>1659.0</ele><time>2025-08-30T15:54:01Z</time></trkpt><trkpt lat="47.549358" lon="-121.128522"><ele>1660.0</ele><time>2025-08-30T15:54:04Z</time></trkpt><trkpt lat="47.549463" lon="-121.128524"><ele>1662.0</ele><time>2025-08-30T15:54:13Z</time></trkpt><trkpt lat="47.549484" lon="-121.12856"><ele>1660.0</ele><time>2025-08-30T15:54:16Z</time></trkpt><trkpt lat="47.549543" lon="-121.128619"><ele>1662.0</ele><time>2025-08-30T15:54:24Z</time></trkpt><trkpt lat="47.549628" lon="-121.12856"><ele>1666.0</ele><time>2025-08-30T15:54:33Z</time></trkpt><trkpt lat="47.549711" lon="-121.128691"><ele>1670.0</ele><time>2025-08-30T15:54:52Z</time></trkpt><trkpt lat="47.549755" lon="-121.128672"><ele>1665.0</ele><time>2025-08-30T15:54:56Z</time></trkpt><trkpt lat="47.549816" lon="-121.128714"><ele>1668.0</ele><time>2025-08-30T15:55:02Z</time></trkpt><trkpt lat="47.549862" lon="-121.128771"><ele>1669.0</ele><time>2025-08-30T15:55:08Z</time></trkpt><trkpt lat="47.549898" lon="-121.12885"><ele>1671.0</ele><time>2025-08-30T15:55:14Z</time></trkpt><trkpt lat="47.549921" lon="-121.129018"><ele>1674.0</ele><time>2025-08-30T15:55:30Z</time></trkpt><trkpt lat="47.549983" lon="-121.129046"><ele>1676.0</ele><time>2025-08-30T15:55:41Z</time></trkpt><trkpt lat="47.550094" lon="-121.129123"><ele>1676.0</ele><time>2025-08-30T15:55:56Z</time></trkpt><trkpt lat="47.550127" lon="-121.129092"><ele>1677.0</ele><time>2025-08-30T15:56:00Z</time></trkpt><trkpt lat="47.55016" lon="-121.129098"><ele>1677.0</ele><time>2025-08-30T15:56:03Z</time></trkpt><trkpt lat="47.550357" lon="-121.129259"><ele>1677.0</ele><time>2025-08-30T15:56:22Z</time></trkpt><trkpt lat="47.550417" lon="-121.129345"><ele>1678.0</ele><time>2025-08-30T15:56:30Z</time></trkpt><trkpt lat="47.550544" lon="-121.129477"><ele>1681.0</ele><time>2025-08-30T15:56:47Z</time></trkpt><trkpt lat="47.550574" lon="-121.129584"><ele>1684.0</ele><time>2025-08-30T15:56:57Z</time></trkpt><trkpt lat="47.550649" lon="-121.129577"><ele>1683.0</ele><time>2025-08-30T15:57:04Z</time></trkpt><trkpt lat="47.550671" lon="-121.129685"><ele>1683.0</ele><time>2025-08-30T15:57:19Z</time></trkpt><trkpt lat="47.550697" lon="-121.129708"><ele>1683.0</ele><time>2025-08-30T15:57:22Z</time></trkpt><trkpt lat="47.550726" lon="-121.129792"><ele>1684.0</ele><time>2025-08-30T15:57:27Z</time></trkpt><trkpt lat="47.550845" lon="-121.12989"><ele>1685.0</ele><time>2025-08-30T15:57:37Z</time></trkpt><trkpt lat="47.550874" lon="-121.129924"><ele>1685.0</ele><time>2025-08-30T15:57:40Z</time></trkpt><trkpt lat="47.550883" lon="-121.129988"><ele>1686.0</ele><time>2025-08-30T15:57:45Z</time></trkpt><trkpt lat="47.55091" lon="-121.130025"><ele>1686.0</ele><time>2025-08-30T15:57:50Z</time></trkpt><trkpt lat="47.550914" lon="-121.130125"><ele>1688.0</ele><time>2025-08-30T15:58:01Z</time></trkpt><trkpt lat="47.550945" lon="-121.130185"><ele>1689.0</ele><time>2025-08-30T15:58:08Z</time></trkpt><trkpt lat="47.550957" lon="-121.130277"><ele>1689.0</ele><time>2025-08-30T15:58:15Z</time></trkpt><trkpt lat="47.550994" lon="-121.130329"><ele>1689.0</ele><time>2025-08-30T15:58:21Z</time></trkpt><trkpt lat="47.551005" lon="-121.130363"><ele>1691.0</ele><time>2025-08-30T15:58:23Z</time></trkpt><trkpt lat="47.551004" lon="-121.130408"><ele>1690.0</ele><time>2025-08-30T15:58:26Z</time></trkpt><trkpt lat="47.551023" lon="-121.130445"><ele>1690.0</ele><time>2025-08-30T15:58:30Z</time></trkpt><trkpt lat="47.551073" lon="-121.130503"><ele>1692.0</ele><time>2025-08-30T15:58:36Z</time></trkpt><trkpt lat="47.551065" lon="-121.130541"><ele>1692.0</ele><time>2025-08-30T15:58:39Z</time></trkpt><trkpt lat="47.55113" lon="-121.130734"><ele>1698.0</ele><time>2025-08-30T15:58:53Z</time></trkpt><trkpt lat="47.551161" lon="-121.130768"><ele>1697.0</ele><time>2025-08-30T15:58:56Z</time></trkpt><trkpt lat="47.551165" lon="-121.130804"><ele>1698.0</ele><time>2025-08-30T15:59:01Z</time></trkpt><trkpt lat="47.55113" lon="-121.130788"><ele>1698.0</ele><time>2025-08-30T15:59:04Z</time></trkpt><trkpt lat="47.551085" lon="-121.130744"><ele>1700.0</ele><time>2025-08-30T15:59:08Z</time></trkpt><trkpt lat="47.550953" lon="-121.130672"><ele>1698.0</ele><time>2025-08-30T15:59:17Z</time></trkpt><trkpt lat="47.550912" lon="-121.130676"><ele>1698.0</ele><time>2025-08-30T15:59:20Z</time></trkpt><trkpt lat="47.550849" lon="-121.130719"><ele>1698.0</ele><time>2025-08-30T15:59:25Z</time></trkpt><trkpt lat="47.550737" lon="-121.130745"><ele>1701.0</ele><time>2025-08-30T15:59:34Z</time></trkpt><trkpt lat="47.550688" lon="-121.130713"><ele>1701.0</ele><time>2025-08-30T15:59:38Z</time></trkpt><trkpt lat="47.55065" lon="-121.130715"><ele>1701.0</ele><time>2025-08-30T15:59:41Z</time></trkpt><trkpt lat="47.550594" lon="-121.130676"><ele>1700.0</ele><time>2025-08-30T15:59:48Z</time></trkpt><trkpt lat="47.550559" lon="-121.130676"><ele>1704.0</ele><time>2025-08-30T15:59:53Z</time></trkpt><trkpt lat="47.550392" lon="-121.13078"><ele>1704.0</ele><time>2025-08-30T16:00:10Z</time></trkpt><trkpt lat="47.550391" lon="-121.130814"><ele>1702.0</ele><time>2025-08-30T16:00:26Z</time></trkpt><trkpt lat="47.550408" lon="-121.130861"><ele>1700.0</ele><time>2025-08-30T16:16:41Z</time></trkpt><trkpt lat="47.550414" lon="-121.130903"><ele>1702.7</ele><time>2025-08-30T16:16:47Z</time></trkpt><trkpt lat="47.550448" lon="-121.130951"><ele>1701.0</ele><time>2025-08-30T16:16:53Z</time></trkpt><trkpt lat="47.550473" lon="-121.131013"><ele>1701.0</ele><time>2025-08-30T16:16:58Z</time></trkpt><trkpt lat="47.55048" lon="-121.131077"><ele>1704.0</ele><time>2025-08-30T16:17:08Z</time></trkpt><trkpt lat="47.55053" lon="-121.131208"><ele>1701.0</ele><time>2025-08-30T16:17:20Z</time></trkpt><trkpt lat="47.550607" lon="-121.131292"><ele>1700.0</ele><time>2025-08-30T16:17:34Z</time></trkpt><trkpt lat="47.550658" lon="-121.13142"><ele>1700.0</ele><time>2025-08-30T16:17:45Z</time></trkpt><trkpt lat="47.55066" lon="-121.131556"><ele>1699.0</ele><time>2025-08-30T16:17:52Z</time></trkpt><trkpt lat="47.550641" lon="-121.131605"><ele>1700.0</ele><time>2025-08-30T16:17:56Z</time></trkpt><trkpt lat="47.550639" lon="-121.131652"><ele>1699.0</ele><time>2025-08-30T16:17:58Z</time></trkpt><trkpt lat="47.550617" lon="-121.131678"><ele>1698.0</ele><time>2025-08-30T16:18:00Z</time></trkpt><trkpt lat="47.550621" lon="-121.131909"><ele>1698.0</ele><time>2025-08-30T16:18:12Z</time></trkpt><trkpt lat="47.550613" lon="-121.132118"><ele>1697.4</ele><time>2025-08-30T16:18:24Z</time></trkpt><trkpt lat="47.550588" lon="-121.132261"><ele>1696.0</ele><time>2025-08-30T16:18:31Z</time></trkpt><trkpt lat="47.550556" lon="-121.132374"><ele>1695.0</ele><time>2025-08-30T16:18:37Z</time></trkpt><trkpt lat="47.550566" lon="-121.132495"><ele>1692.0</ele><time>2025-08-30T16:18:45Z</time></trkpt><trkpt lat="47.550585" lon="-121.132542"><ele>1692.0</ele><time>2025-08-30T16:18:48Z</time></trkpt><trkpt lat="47.550585" lon="-121.132649"><ele>1691.0</ele><time>2025-08-30T16:18:55Z</time></trkpt><trkpt lat="47.550559" lon="-121.132773"><ele>1691.0</ele><time>2025-08-30T16:19:02Z</time></trkpt><trkpt lat="47.550536" lon="-121.132821"><ele>1691.0</ele><time>2025-08-30T16:19:07Z</time></trkpt><trkpt lat="47.550531" lon="-121.132893"><ele>1691.0</ele><time>2025-08-30T16:19:11Z</time></trkpt><trkpt lat="47.550539" lon="-121.133006"><ele>1691.0</ele><time>2025-08-30T16:19:16Z</time></trkpt><trkpt lat="47.550575" lon="-121.133113"><ele>1691.0</ele><time>2025-08-30T16:19:22Z</time></trkpt><trkpt lat="47.550562" lon="-121.133189"><ele>1690.0</ele><time>2025-08-30T16:19:26Z</time></trkpt><trkpt lat="47.550593" lon="-121.1333"><ele>1692.0</ele><time>2025-08-30T16:19:32Z</time></trkpt><trkpt lat="47.550605" lon="-121.133415"><ele>1690.0</ele><time>2025-08-30T16:19:37Z</time></trkpt><trkpt lat="47.550612" lon="-121.133527"><ele>1690.0</ele><time>2025-08-30T16:19:44Z</time></trkpt><trkpt lat="47.5506" lon="-121.133563"><ele>1688.0</ele><time>2025-08-30T16:19:46Z</time></trkpt><trkpt lat="47.550628" lon="-121.133633"><ele>1689.0</ele><time>2025-08-30T16:19:50Z</time></trkpt><trkpt lat="47.55066" lon="-121.133628"><ele>1690.0</ele><time>2025-08-30T16:19:52Z</time></trkpt><trkpt lat="47.550674" lon="-121.133575"><ele>1688.0</ele><time>2025-08-30T16:19:56Z</time></trkpt><trkpt lat="47.550693" lon="-121.133732"><ele>1686.0</ele><time>2025-08-30T16:20:08Z</time></trkpt><trkpt lat="47.550693" lon="-121.13382"><ele>1686.0</ele><time>2025-08-30T16:20:12Z</time></trkpt><trkpt lat="47.550756" lon="-121.133962"><ele>1686.0</ele><time>2025-08-30T16:20:20Z</time></trkpt><trkpt lat="47.550793" lon="-121.134156"><ele>1680.0</ele><time>2025-08-30T16:20:39Z</time></trkpt><trkpt lat="47.550821" lon="-121.134236"><ele>1679.0</ele><time>2025-08-30T16:20:46Z</time></trkpt><trkpt lat="47.550828" lon="-121.134336"><ele>1677.0</ele><time>2025-08-30T16:20:58Z</time></trkpt><trkpt lat="47.55087" lon="-121.134392"><ele>1677.0</ele><time>2025-08-30T16:21:03Z</time></trkpt><trkpt lat="47.550983" lon="-121.134631"><ele>1677.0</ele><time>2025-08-30T16:21:22Z</time></trkpt><trkpt lat="47.551049" lon="-121.134888"><ele>1677.0</ele><time>2025-08-30T16:21:46Z</time></trkpt><trkpt lat="47.551106" lon="-121.13498"><ele>1678.0</ele><time>2025-08-30T16:21:57Z</time></trkpt><trkpt lat="47.551133" lon="-121.135152"><ele>1678.0</ele><time>2025-08-30T16:22:08Z</time></trkpt><trkpt lat="47.551156" lon="-121.135191"><ele>1680.0</ele><time>2025-08-30T16:22:14Z</time></trkpt><trkpt lat="47.551206" lon="-121.135235"><ele>1681.0</ele><time>2025-08-30T16:22:23Z</time></trkpt><trkpt lat="47.551243" lon="-121.135293"><ele>1682.0</ele><time>2025-08-30T16:22:31Z</time></trkpt><trkpt lat="47.551273" lon="-121.135371"><ele>1680.0</ele><time>2025-08-30T16:22:39Z</time></trkpt><trkpt lat="47.5513" lon="-121.135529"><ele>1674.0</ele><time>2025-08-30T16:22:59Z</time></trkpt><trkpt lat="47.551342" lon="-121.13562"><ele>1674.0</ele><time>2025-08-30T16:23:08Z</time></trkpt><trkpt lat="47.551352" lon="-121.135743"><ele>1670.0</ele><time>2025-08-30T16:23:19Z</time></trkpt><trkpt lat="47.551347" lon="-121.135908"><ele>1668.0</ele><time>2025-08-30T16:23:32Z</time></trkpt><trkpt lat="47.551336" lon="-121.135948"><ele>1668.0</ele><time>2025-08-30T16:23:37Z</time></trkpt><trkpt lat="47.551346" lon="-121.135983"><ele>1666.0</ele><time>2025-08-30T16:23:42Z</time></trkpt><trkpt lat="47.551334" lon="-121.136063"><ele>1665.9</ele><time>2025-08-30T16:23:49Z</time></trkpt><trkpt lat="47.551341" lon="-121.136082"><ele>1664.0</ele><time>2025-08-30T16:23:50Z</time></trkpt><trkpt lat="47.551319" lon="-121.136177"><ele>1662.0</ele><time>2025-08-30T16:24:04Z</time></trkpt><trkpt lat="47.551298" lon="-121.136202"><ele>1659.0</ele><time>2025-08-30T16:24:09Z</time></trkpt><trkpt lat="47.551287" lon="-121.136236"><ele>1660.0</ele><time>2025-08-30T16:24:15Z</time></trkpt><trkpt lat="47.55132" lon="-121.136403"><ele>1654.0</ele><time>2025-08-30T16:24:43Z</time></trkpt><trkpt lat="47.551316" lon="-121.136431"><ele>1648.0</ele><time>2025-08-30T16:24:59Z</time></trkpt><trkpt lat="47.551339" lon="-121.136513"><ele>1648.0</ele><time>2025-08-30T16:25:18Z</time></trkpt><trkpt lat="47.551328" lon="-121.136541"><ele>1650.0</ele><time>2025-08-30T16:25:28Z</time></trkpt><trkpt lat="47.551299" lon="-121.136523"><ele>1650.0</ele><time>2025-08-30T16:25:36Z</time></trkpt><trkpt lat="47.551269" lon="-121.136548"><ele>1645.0</ele><time>2025-08-30T16:25:54Z</time></trkpt><trkpt lat="47.551282" lon="-121.136574"><ele>1648.0</ele><time>2025-08-30T16:26:29Z</time></trkpt><trkpt lat="47.551322" lon="-121.136616"><ele>1649.0</ele><time>2025-08-30T16:26:46Z</time></trkpt><trkpt lat="47.551372" lon="-121.136629"><ele>1644.0</ele><time>2025-08-30T16:27:03Z</time></trkpt><trkpt lat="47.551402" lon="-121.136683"><ele>1641.0</ele><time>2025-08-30T16:27:16Z</time></trkpt><trkpt lat="47.551504" lon="-121.136749"><ele>1640.0</ele><time>2025-08-30T16:27:42Z</time></trkpt><trkpt lat="47.551525" lon="-121.136806"><ele>1638.0</ele><time>2025-08-30T16:28:02Z</time></trkpt><trkpt lat="47.551561" lon="-121.136818"><ele>1639.0</ele><time>2025-08-30T16:28:15Z</time></trkpt><trkpt lat="47.551528" lon="-121.136814"><ele>1636.0</ele><time>2025-08-30T16:28:27Z</time></trkpt><trkpt lat="47.551533" lon="-121.13684"><ele>1634.0</ele><time>2025-08-30T16:28:38Z</time></trkpt><trkpt lat="47.551576" lon="-121.136893"><ele>1634.0</ele><time>2025-08-30T16:28:53Z</time></trkpt><trkpt lat="47.551522" lon="-121.136857"><ele>1638.0</ele><time>2025-08-30T16:29:16Z</time></trkpt><trkpt lat="47.551648" lon="-121.137168"><ele>1631.8</ele><time>2025-08-30T16:30:14Z</time></trkpt><trkpt lat="47.551697" lon="-121.13718"><ele>1630.0</ele><time>2025-08-30T16:30:20Z</time></trkpt><trkpt lat="47.55173" lon="-121.137218"><ele>1631.0</ele><time>2025-08-30T16:30:25Z</time></trkpt><trkpt lat="47.551751" lon="-121.137253"><ele>1629.0</ele><time>2025-08-30T16:30:29Z</time></trkpt><trkpt lat="47.551774" lon="-121.137327"><ele>1630.0</ele><time>2025-08-30T16:30:33Z</time></trkpt><trkpt lat="47.551843" lon="-121.137403"><ele>1628.0</ele><time>2025-08-30T16:30:42Z</time></trkpt><trkpt lat="47.551872" lon="-121.137461"><ele>1631.0</ele><time>2025-08-30T16:30:46Z</time></trkpt><trkpt lat="47.551899" lon="-121.137556"><ele>1631.0</ele><time>2025-08-30T16:30:53Z</time></trkpt><trkpt lat="47.551924" lon="-121.137586"><ele>1631.0</ele><time>2025-08-30T16:30:55Z</time></trkpt><trkpt lat="47.551954" lon="-121.137588"><ele>1630.0</ele><time>2025-08-30T16:30:57Z</time></trkpt><trkpt lat="47.551954" lon="-121.137631"><ele>1629.0</ele><time>2025-08-30T16:31:03Z</time></trkpt><trkpt lat="47.552" lon="-121.137664"><ele>1627.0</ele><time>2025-08-30T16:31:10Z</time></trkpt><trkpt lat="47.552037" lon="-121.137706"><ele>1628.0</ele><time>2025-08-30T16:31:20Z</time></trkpt><trkpt lat="47.55209" lon="-121.137833"><ele>1629.0</ele><time>2025-08-30T16:31:33Z</time></trkpt><trkpt lat="47.552128" lon="-121.137828"><ele>1626.0</ele><time>2025-08-30T16:31:38Z</time></trkpt><trkpt lat="47.552156" lon="-121.137843"><ele>1625.0</ele><time>2025-08-30T16:31:44Z</time></trkpt><trkpt lat="47.55216" lon="-121.137878"><ele>1628.0</ele><time>2025-08-30T16:31:47Z</time></trkpt><trkpt lat="47.552188" lon="-121.137942"><ele>1626.0</ele><time>2025-08-30T16:31:55Z</time></trkpt><trkpt lat="47.552223" lon="-121.137971"><ele>1626.0</ele><time>2025-08-30T16:32:01Z</time></trkpt><trkpt lat="47.552257" lon="-121.138037"><ele>1629.0</ele><time>2025-08-30T16:32:07Z</time></trkpt><trkpt lat="47.552294" lon="-121.138013"><ele>1628.0</ele><time>2025-08-30T16:32:11Z</time></trkpt><trkpt lat="47.55236" lon="-121.138075"><ele>1629.0</ele><time>2025-08-30T16:32:20Z</time></trkpt><trkpt lat="47.552482" lon="-121.138299"><ele>1630.0</ele><time>2025-08-30T16:32:40Z</time></trkpt><trkpt lat="47.552598" lon="-121.138475"><ele>1626.0</ele><time>2025-08-30T16:33:00Z</time></trkpt><trkpt lat="47.552741" lon="-121.13857"><ele>1623.0</ele><time>2025-08-30T16:33:13Z</time></trkpt><trkpt lat="47.552757" lon="-121.138608"><ele>1623.0</ele><time>2025-08-30T16:33:16Z</time></trkpt><trkpt lat="47.552764" lon="-121.138701"><ele>1624.0</ele><time>2025-08-30T16:33:21Z</time></trkpt><trkpt lat="47.552793" lon="-121.138799"><ele>1624.0</ele><time>2025-08-30T16:33:27Z</time></trkpt><trkpt lat="47.55284" lon="-121.138901"><ele>1623.0</ele><time>2025-08-30T16:33:35Z</time></trkpt><trkpt lat="47.552872" lon="-121.139018"><ele>1625.0</ele><time>2025-08-30T16:33:42Z</time></trkpt><trkpt lat="47.552919" lon="-121.139112"><ele>1624.0</ele><time>2025-08-30T16:33:50Z</time></trkpt><trkpt lat="47.552965" lon="-121.139172"><ele>1626.0</ele><time>2025-08-30T16:33:58Z</time></trkpt><trkpt lat="47.553017" lon="-121.139209"><ele>1625.0</ele><time>2025-08-30T16:34:04Z</time></trkpt><trkpt lat="47.553047" lon="-121.139214"><ele>1625.0</ele><time>2025-08-30T16:34:08Z</time></trkpt><trkpt lat="47.553079" lon="-121.139235"><ele>1626.0</ele><time>2025-08-30T16:34:13Z</time></trkpt><trkpt lat="47.553095" lon="-121.139265"><ele>1626.0</ele><time>2025-08-30T16:34:17Z</time></trkpt><trkpt lat="47.553156" lon="-121.139324"><ele>1629.0</ele><time>2025-08-30T16:34:24Z</time></trkpt><trkpt lat="47.55318" lon="-121.139401"><ele>1630.0</ele><time>2025-08-30T16:34:30Z</time></trkpt><trkpt lat="47.55321" lon="-121.139422"><ele>1630.0</ele><time>2025-08-30T16:34:33Z</time></trkpt><trkpt lat="47.553225" lon="-121.139454"><ele>1630.0</ele><time>2025-08-30T16:34:37Z</time></trkpt><trkpt lat="47.553238" lon="-121.139548"><ele>1630.0</ele><time>2025-08-30T16:34:44Z</time></trkpt><trkpt lat="47.553301" lon="-121.139613"><ele>1630.0</ele><time>2025-08-30T16:34:55Z</time></trkpt><trkpt lat="47.553313" lon="-121.139648"><ele>1632.0</ele><time>2025-08-30T16:34:57Z</time></trkpt><trkpt lat="47.553367" lon="-121.139693"><ele>1630.0</ele><time>2025-08-30T16:35:04Z</time></trkpt><trkpt lat="47.553485" lon="-121.139868"><ele>1631.0</ele><time>2025-08-30T16:35:25Z</time></trkpt><trkpt lat="47.553531" lon="-121.13987"><ele>1630.0</ele><time>2025-08-30T16:35:31Z</time></trkpt><trkpt lat="47.553553" lon="-121.139904"><ele>1632.0</ele><time>2025-08-30T16:35:35Z</time></trkpt><trkpt lat="47.553564" lon="-121.13995"><ele>1632.0</ele><time>2025-08-30T16:35:38Z</time></trkpt><trkpt lat="47.553625" lon="-121.140055"><ele>1632.0</ele><time>2025-08-30T16:35:46Z</time></trkpt><trkpt lat="47.553691" lon="-121.140148"><ele>1634.0</ele><time>2025-08-30T16:35:55Z</time></trkpt><trkpt lat="47.55371" lon="-121.140152"><ele>1633.0</ele><time>2025-08-30T16:35:58Z</time></trkpt><trkpt lat="47.553718" lon="-121.1402"><ele>1633.0</ele><time>2025-08-30T16:36:01Z</time></trkpt><trkpt lat="47.553755" lon="-121.140224"><ele>1632.0</ele><time>2025-08-30T16:36:04Z</time></trkpt><trkpt lat="47.553747" lon="-121.140367"><ele>1632.0</ele><time>2025-08-30T16:36:16Z</time></trkpt><trkpt lat="47.55373" lon="-121.140401"><ele>1632.0</ele><time>2025-08-30T16:36:18Z</time></trkpt><trkpt lat="47.553722" lon="-121.140447"><ele>1630.0</ele><time>2025-08-30T16:36:24Z</time></trkpt><trkpt lat="47.553692" lon="-121.140467"><ele>1631.0</ele><time>2025-08-30T16:36:30Z</time></trkpt><trkpt lat="47.55374" lon="-121.14059"><ele>1631.2</ele><time>2025-08-30T16:36:46Z</time></trkpt><trkpt lat="47.553841" lon="-121.140706"><ele>1632.0</ele><time>2025-08-30T16:37:02Z</time></trkpt><trkpt lat="47.553837" lon="-121.140787"><ele>1636.0</ele><time>2025-08-30T16:37:12Z</time></trkpt><trkpt lat="47.553849" lon="-121.140849"><ele>1637.0</ele><time>2025-08-30T16:37:27Z</time></trkpt><trkpt lat="47.553812" lon="-121.140885"><ele>1636.0</ele><time>2025-08-30T16:37:31Z</time></trkpt><trkpt lat="47.553827" lon="-121.140928"><ele>1638.4</ele><time>2025-08-30T16:37:33Z</time></trkpt><trkpt lat="47.55382" lon="-121.140988"><ele>1638.7</ele><time>2025-08-30T16:37:36Z</time></trkpt><trkpt lat="47.553838" lon="-121.141011"><ele>1638.0</ele><time>2025-08-30T16:37:37Z</time></trkpt><trkpt lat="47.55385" lon="-121.141114"><ele>1638.0</ele><time>2025-08-30T16:37:44Z</time></trkpt><trkpt lat="47.553888" lon="-121.141254"><ele>1643.0</ele><time>2025-08-30T16:38:00Z</time></trkpt><trkpt lat="47.553849" lon="-121.14148"><ele>1644.0</ele><time>2025-08-30T16:38:27Z</time></trkpt><trkpt lat="47.553855" lon="-121.141515"><ele>1647.0</ele><time>2025-08-30T16:38:31Z</time></trkpt><trkpt lat="47.553825" lon="-121.141608"><ele>1648.0</ele><time>2025-08-30T16:38:38Z</time></trkpt><trkpt lat="47.553822" lon="-121.141718"><ele>1648.0</ele><time>2025-08-30T16:38:44Z</time></trkpt><trkpt lat="47.553835" lon="-121.141825"><ele>1648.0</ele><time>2025-08-30T16:38:52Z</time></trkpt><trkpt lat="47.553857" lon="-121.141852"><ele>1645.0</ele><time>2025-08-30T16:38:55Z</time></trkpt><trkpt lat="47.553852" lon="-121.142032"><ele>1649.0</ele><time>2025-08-30T16:39:06Z</time></trkpt><trkpt lat="47.553861" lon="-121.142108"><ele>1650.0</ele><time>2025-08-30T16:39:11Z</time></trkpt><trkpt lat="47.55383" lon="-121.142198"><ele>1651.1</ele><time>2025-08-30T16:39:17Z</time></trkpt><trkpt lat="47.553834" lon="-121.142292"><ele>1650.0</ele><time>2025-08-30T16:39:26Z</time></trkpt><trkpt lat="47.553868" lon="-121.142271"><ele>1653.1</ele><time>2025-08-30T16:39:28Z</time></trkpt><trkpt lat="47.553848" lon="-121.142305"><ele>1653.0</ele><time>2025-08-30T16:39:30Z</time></trkpt><trkpt lat="47.55385" lon="-121.142441"><ele>1653.0</ele><time>2025-08-30T16:39:42Z</time></trkpt><trkpt lat="47.553821" lon="-121.142515"><ele>1654.0</ele><time>2025-08-30T16:39:47Z</time></trkpt><trkpt lat="47.553821" lon="-121.142562"><ele>1652.0</ele><time>2025-08-30T16:39:49Z</time></trkpt><trkpt lat="47.553897" lon="-121.142679"><ele>1653.0</ele><time>2025-08-30T16:40:03Z</time></trkpt><trkpt lat="47.553905" lon="-121.142758"><ele>1654.1</ele><time>2025-08-30T16:40:07Z</time></trkpt><trkpt lat="47.553947" lon="-121.142813"><ele>1654.0</ele><time>2025-08-30T16:40:15Z</time></trkpt><trkpt lat="47.553961" lon="-121.14288"><ele>1655.0</ele><time>2025-08-30T16:40:21Z</time></trkpt><trkpt lat="47.55396" lon="-121.142932"><ele>1653.0</ele><time>2025-08-30T16:40:24Z</time></trkpt><trkpt lat="47.553925" lon="-121.142964"><ele>1654.0</ele><time>2025-08-30T16:40:26Z</time></trkpt><trkpt lat="47.553959" lon="-121.143011"><ele>1653.0</ele><time>2025-08-30T16:40:31Z</time></trkpt><trkpt lat="47.553971" lon="-121.143064"><ele>1654.0</ele><time>2025-08-30T16:40:33Z</time></trkpt><trkpt lat="47.55399" lon="-121.143093"><ele>1655.0</ele><time>2025-08-30T16:40:36Z</time></trkpt><trkpt lat="47.553992" lon="-121.143217"><ele>1658.0</ele><time>2025-08-30T16:40:47Z</time></trkpt><trkpt lat="47.553969" lon="-121.14329"><ele>1658.0</ele><time>2025-08-30T16:40:53Z</time></trkpt><trkpt lat="47.553972" lon="-121.143353"><ele>1658.7</ele><time>2025-08-30T16:40:56Z</time></trkpt><trkpt lat="47.553998" lon="-121.143412"><ele>1659.0</ele><time>2025-08-30T16:41:02Z</time></trkpt><trkpt lat="47.554026" lon="-121.143426"><ele>1658.0</ele><time>2025-08-30T16:41:06Z</time></trkpt><trkpt lat="47.554049" lon="-121.143533"><ele>1660.0</ele><time>2025-08-30T16:41:13Z</time></trkpt><trkpt lat="47.554149" lon="-121.143607"><ele>1662.0</ele><time>2025-08-30T16:41:24Z</time></trkpt><trkpt lat="47.55418" lon="-121.143685"><ele>1662.0</ele><time>2025-08-30T16:41:33Z</time></trkpt><trkpt lat="47.554164" lon="-121.143805"><ele>1664.0</ele><time>2025-08-30T16:41:41Z</time></trkpt><trkpt lat="47.554205" lon="-121.143914"><ele>1660.0</ele><time>2025-08-30T16:41:47Z</time></trkpt><trkpt lat="47.554257" lon="-121.143964"><ele>1662.0</ele><time>2025-08-30T16:41:53Z</time></trkpt><trkpt lat="47.554289" lon="-121.143979"><ele>1662.0</ele><time>2025-08-30T16:41:56Z</time></trkpt><trkpt lat="47.554333" lon="-121.144031"><ele>1662.0</ele><time>2025-08-30T16:42:01Z</time></trkpt><trkpt lat="47.554366" lon="-121.144146"><ele>1662.0</ele><time>2025-08-30T16:42:07Z</time></trkpt><trkpt lat="47.554417" lon="-121.144221"><ele>1659.0</ele><time>2025-08-30T16:42:15Z</time></trkpt><trkpt lat="47.554452" lon="-121.144234"><ele>1662.0</ele><time>2025-08-30T16:42:20Z</time></trkpt><trkpt lat="47.554498" lon="-121.144213"><ele>1662.0</ele><time>2025-08-30T16:42:23Z</time></trkpt><trkpt lat="47.554566" lon="-121.144246"><ele>1664.0</ele><time>2025-08-30T16:42:28Z</time></trkpt><trkpt lat="47.554596" lon="-121.14428"><ele>1664.0</ele><time>2025-08-30T16:42:31Z</time></trkpt><trkpt lat="47.55466" lon="-121.144251"><ele>1666.0</ele><time>2025-08-30T16:42:37Z</time></trkpt><trkpt lat="47.554704" lon="-121.144264"><ele>1666.5</ele><time>2025-08-30T16:42:39Z</time></trkpt><trkpt lat="47.554734" lon="-121.144262"><ele>1665.0</ele><time>2025-08-30T16:42:41Z</time></trkpt><trkpt lat="47.554767" lon="-121.144323"><ele>1665.0</ele><time>2025-08-30T16:42:46Z</time></trkpt><trkpt lat="47.55482" lon="-121.144381"><ele>1666.9</ele><time>2025-08-30T16:42:50Z</time></trkpt><trkpt lat="47.554912" lon="-121.144427"><ele>1665.0</ele><time>2025-08-30T16:42:57Z</time></trkpt><trkpt lat="47.554947" lon="-121.144409"><ele>1665.0</ele><time>2025-08-30T16:43:01Z</time></trkpt><trkpt lat="47.554982" lon="-121.144443"><ele>1666.0</ele><time>2025-08-30T16:43:05Z</time></trkpt><trkpt lat="47.555" lon="-121.144487"><ele>1666.0</ele><time>2025-08-30T16:43:07Z</time></trkpt><trkpt lat="47.555002" lon="-121.144581"><ele>1666.0</ele><time>2025-08-30T16:43:11Z</time></trkpt><trkpt lat="47.554977" lon="-121.144679"><ele>1667.5</ele><time>2025-08-30T16:43:15Z</time></trkpt><trkpt lat="47.554995" lon="-121.144743"><ele>1666.0</ele><time>2025-08-30T16:43:19Z</time></trkpt><trkpt lat="47.555017" lon="-121.144778"><ele>1665.0</ele><time>2025-08-30T16:43:21Z</time></trkpt><trkpt lat="47.555055" lon="-121.144782"><ele>1665.0</ele><time>2025-08-30T16:43:24Z</time></trkpt><trkpt lat="47.555071" lon="-121.144815"><ele>1664.0</ele><time>2025-08-30T16:43:26Z</time></trkpt><trkpt lat="47.555113" lon="-121.144825"><ele>1665.7</ele><time>2025-08-30T16:43:31Z</time></trkpt><trkpt lat="47.55516" lon="-121.144863"><ele>1665.0</ele><time>2025-08-30T16:43:35Z</time></trkpt><trkpt lat="47.555218" lon="-121.144826"><ele>1666.0</ele><time>2025-08-30T16:43:42Z</time></trkpt><trkpt lat="47.555257" lon="-121.144849"><ele>1664.0</ele><time>2025-08-30T16:43:45Z</time></trkpt><trkpt lat="47.555328" lon="-121.144842"><ele>1664.0</ele><time>2025-08-30T16:43:54Z</time></trkpt><trkpt lat="47.555451" lon="-121.1449"><ele>1667.0</ele><time>2025-08-30T16:44:09Z</time></trkpt><trkpt lat="47.555535" lon="-121.144925"><ele>1668.0</ele><time>2025-08-30T16:44:16Z</time></trkpt><trkpt lat="47.555591" lon="-121.144924"><ele>1668.0</ele><time>2025-08-30T16:44:23Z</time></trkpt><trkpt lat="47.555641" lon="-121.144945"><ele>1668.0</ele><time>2025-08-30T16:44:28Z</time></trkpt><trkpt lat="47.555718" lon="-121.145061"><ele>1670.0</ele><time>2025-08-30T16:44:41Z</time></trkpt><trkpt lat="47.555755" lon="-121.145166"><ele>1672.0</ele><time>2025-08-30T16:44:51Z</time></trkpt><trkpt lat="47.555862" lon="-121.145275"><ele>1676.0</ele><time>2025-08-30T16:45:04Z</time></trkpt><trkpt lat="47.555887" lon="-121.14528"><ele>1676.0</ele><time>2025-08-30T16:45:06Z</time></trkpt><trkpt lat="47.555906" lon="-121.145328"><ele>1676.0</ele><time>2025-08-30T16:45:08Z</time></trkpt><trkpt lat="47.555942" lon="-121.145224"><ele>1676.0</ele><time>2025-08-30T16:45:16Z</time></trkpt><trkpt lat="47.555977" lon="-121.145229"><ele>1677.0</ele><time>2025-08-30T16:45:19Z</time></trkpt><trkpt lat="47.556058" lon="-121.145292"><ele>1677.0</ele><time>2025-08-30T16:45:30Z</time></trkpt><trkpt lat="47.556094" lon="-121.145285"><ele>1676.0</ele><time>2025-08-30T16:45:33Z</time></trkpt><trkpt lat="47.556194" lon="-121.145213"><ele>1678.0</ele><time>2025-08-30T16:45:55Z</time></trkpt><trkpt lat="47.556214" lon="-121.145246"><ele>1679.0</ele><time>2025-08-30T16:45:58Z</time></trkpt><trkpt lat="47.556242" lon="-121.145256"><ele>1680.0</ele><time>2025-08-30T16:46:03Z</time></trkpt><trkpt lat="47.556241" lon="-121.145138"><ele>1685.0</ele><time>2025-08-30T16:46:36Z</time></trkpt><trkpt lat="47.556262" lon="-121.145098"><ele>1684.0</ele><time>2025-08-30T16:46:46Z</time></trkpt><trkpt lat="47.556296" lon="-121.14507"><ele>1689.3</ele><time>2025-08-30T16:46:51Z</time></trkpt><trkpt lat="47.556291" lon="-121.145036"><ele>1688.0</ele><time>2025-08-30T16:46:53Z</time></trkpt><trkpt lat="47.556325" lon="-121.145028"><ele>1688.0</ele><time>2025-08-30T16:46:58Z</time></trkpt><trkpt lat="47.556367" lon="-121.145076"><ele>1690.0</ele><time>2025-08-30T16:47:07Z</time></trkpt><trkpt lat="47.55642" lon="-121.145084"><ele>1692.0</ele><time>2025-08-30T16:47:18Z</time></trkpt><trkpt lat="47.556431" lon="-121.145035"><ele>1692.0</ele><time>2025-08-30T16:47:21Z</time></trkpt><trkpt lat="47.556497" lon="-121.1451"><ele>1696.0</ele><time>2025-08-30T16:47:36Z</time></trkpt><trkpt lat="47.55651" lon="-121.145154"><ele>1697.9</ele><time>2025-08-30T16:47:39Z</time></trkpt><trkpt lat="47.556544" lon="-121.145131"><ele>1696.0</ele><time>2025-08-30T16:47:42Z</time></trkpt><trkpt lat="47.556582" lon="-121.145148"><ele>1695.0</ele><time>2025-08-30T16:47:46Z</time></trkpt><trkpt lat="47.556648" lon="-121.145111"><ele>1698.0</ele><time>2025-08-30T16:47:52Z</time></trkpt><trkpt lat="47.556728" lon="-121.145105"><ele>1698.0</ele><time>2025-08-30T16:48:05Z</time></trkpt><trkpt lat="47.55678" lon="-121.145081"><ele>1696.0</ele><time>2025-08-30T16:48:21Z</time></trkpt><trkpt lat="47.556813" lon="-121.145106"><ele>1700.0</ele><time>2025-08-30T16:48:28Z</time></trkpt><trkpt lat="47.556833" lon="-121.145202"><ele>1699.0</ele><time>2025-08-30T16:48:37Z</time></trkpt><trkpt lat="47.55688" lon="-121.145263"><ele>1704.0</ele><time>2025-08-30T16:48:45Z</time></trkpt><trkpt lat="47.556896" lon="-121.145217"><ele>1704.0</ele><time>2025-08-30T16:48:47Z</time></trkpt><trkpt lat="47.556931" lon="-121.14524"><ele>1705.0</ele><time>2025-08-30T16:48:49Z</time></trkpt><trkpt lat="47.556974" lon="-121.145241"><ele>1704.0</ele><time>2025-08-30T16:48:51Z</time></trkpt><trkpt lat="47.55701" lon="-121.145217"><ele>1705.0</ele><time>2025-08-30T16:48:54Z</time></trkpt><trkpt lat="47.557037" lon="-121.145246"><ele>1704.0</ele><time>2025-08-30T16:48:57Z</time></trkpt><trkpt lat="47.557093" lon="-121.145235"><ele>1704.0</ele><time>2025-08-30T16:49:03Z</time></trkpt><trkpt lat="47.557119" lon="-121.145244"><ele>1706.0</ele><time>2025-08-30T16:49:09Z</time></trkpt><trkpt lat="47.557173" lon="-121.145215"><ele>1706.9</ele><time>2025-08-30T16:49:17Z</time></trkpt><trkpt lat="47.557188" lon="-121.145231"><ele>1706.0</ele><time>2025-08-30T16:49:19Z</time></trkpt><trkpt lat="47.557197" lon="-121.145296"><ele>1705.0</ele><time>2025-08-30T16:49:25Z</time></trkpt><trkpt lat="47.557239" lon="-121.145352"><ele>1710.0</ele><time>2025-08-30T16:49:36Z</time></trkpt><trkpt lat="47.557245" lon="-121.145397"><ele>1712.0</ele><time>2025-08-30T16:49:40Z</time></trkpt><trkpt lat="47.557275" lon="-121.145409"><ele>1705.0</ele><time>2025-08-30T16:49:46Z</time></trkpt><trkpt lat="47.557259" lon="-121.145558"><ele>1719.0</ele><time>2025-08-30T16:50:15Z</time></trkpt><trkpt lat="47.557274" lon="-121.145623"><ele>1719.0</ele><time>2025-08-30T16:50:32Z</time></trkpt><trkpt lat="47.557247" lon="-121.145696"><ele>1721.0</ele><time>2025-08-30T16:50:48Z</time></trkpt><trkpt lat="47.557268" lon="-121.145764"><ele>1724.1</ele><time>2025-08-30T16:51:01Z</time></trkpt><trkpt lat="47.557304" lon="-121.145751"><ele>1722.0</ele><time>2025-08-30T16:51:04Z</time></trkpt><trkpt lat="47.557324" lon="-121.14579"><ele>1706.0</ele><time>2025-08-30T16:51:21Z</time></trkpt><trkpt lat="47.557373" lon="-121.145848"><ele>1728.0</ele><time>2025-08-30T16:52:11Z</time></trkpt><trkpt lat="47.557339" lon="-121.145876"><ele>1731.0</ele><time>2025-08-30T16:52:17Z</time></trkpt><trkpt lat="47.5574" lon="-121.14595"><ele>1732.0</ele><time>2025-08-30T16:52:40Z</time></trkpt><trkpt lat="47.557424" lon="-121.146055"><ele>1736.0</ele><time>2025-08-30T16:52:52Z</time></trkpt><trkpt lat="47.557506" lon="-121.146153"><ele>1740.0</ele><time>2025-08-30T16:53:07Z</time></trkpt><trkpt lat="47.557532" lon="-121.146175"><ele>1740.0</ele><time>2025-08-30T16:53:12Z</time></trkpt><trkpt lat="47.55757" lon="-121.146147"><ele>1743.0</ele><time>2025-08-30T16:53:22Z</time></trkpt><trkpt lat="47.557618" lon="-121.146206"><ele>1745.0</ele><time>2025-08-30T16:53:38Z</time></trkpt><trkpt lat="47.557659" lon="-121.146199"><ele>1744.0</ele><time>2025-08-30T16:53:47Z</time></trkpt><trkpt lat="47.557684" lon="-121.14626"><ele>1749.0</ele><time>2025-08-30T16:54:02Z</time></trkpt><trkpt lat="47.557718" lon="-121.146231"><ele>1746.0</ele><time>2025-08-30T16:54:06Z</time></trkpt><trkpt lat="47.557755" lon="-121.146289"><ele>1749.0</ele><time>2025-08-30T16:54:29Z</time></trkpt><trkpt lat="47.55779" lon="-121.146421"><ele>1749.0</ele><time>2025-08-30T16:54:41Z</time></trkpt><trkpt lat="47.557848" lon="-121.146472"><ele>1750.0</ele><time>2025-08-30T16:54:48Z</time></trkpt><trkpt lat="47.557875" lon="-121.146551"><ele>1755.0</ele><time>2025-08-30T16:55:00Z</time></trkpt><trkpt lat="47.557874" lon="-121.146591"><ele>1750.0</ele><time>2025-08-30T16:55:09Z</time></trkpt><trkpt lat="47.55783" lon="-121.146651"><ele>1760.0</ele><time>2025-08-30T16:55:22Z</time></trkpt><trkpt lat="47.557828" lon="-121.146736"><ele>1760.0</ele><time>2025-08-30T16:55:37Z</time></trkpt><trkpt lat="47.557842" lon="-121.146771"><ele>1764.9</ele><time>2025-08-30T16:55:42Z</time></trkpt><trkpt lat="47.557905" lon="-121.146768"><ele>1764.0</ele><time>2025-08-30T16:55:55Z</time></trkpt><trkpt lat="47.557874" lon="-121.146774"><ele>1755.0</ele><time>2025-08-30T16:56:05Z</time></trkpt><trkpt lat="47.557818" lon="-121.146843"><ele>1767.0</ele><time>2025-08-30T16:56:29Z</time></trkpt><trkpt lat="47.557867" lon="-121.146907"><ele>1770.0</ele><time>2025-08-30T16:56:43Z</time></trkpt><trkpt lat="47.557853" lon="-121.146938"><ele>1773.0</ele><time>2025-08-30T16:56:51Z</time></trkpt><trkpt lat="47.557869" lon="-121.146967"><ele>1773.0</ele><time>2025-08-30T16:57:00Z</time></trkpt><trkpt lat="47.557834" lon="-121.147007"><ele>1775.0</ele><time>2025-08-30T16:57:15Z</time></trkpt><trkpt lat="47.557809" lon="-121.147059"><ele>1770.0</ele><time>2025-08-30T16:57:30Z</time></trkpt><trkpt lat="47.557855" lon="-121.147209"><ele>1777.0</ele><time>2025-08-30T16:58:06Z</time></trkpt><trkpt lat="47.557884" lon="-121.147266"><ele>1777.0</ele><time>2025-08-30T16:58:17Z</time></trkpt><trkpt lat="47.557914" lon="-121.147288"><ele>1782.0</ele><time>2025-08-30T16:58:23Z</time></trkpt><trkpt lat="47.557925" lon="-121.147326"><ele>1782.0</ele><time>2025-08-30T16:58:27Z</time></trkpt><trkpt lat="47.557958" lon="-121.147382"><ele>1782.0</ele><time>2025-08-30T16:58:59Z</time></trkpt><trkpt lat="47.557943" lon="-121.147454"><ele>1785.0</ele><time>2025-08-30T16:59:05Z</time></trkpt><trkpt lat="47.557953" lon="-121.147485"><ele>1786.0</ele><time>2025-08-30T16:59:07Z</time></trkpt><trkpt lat="47.557941" lon="-121.147537"><ele>1784.0</ele><time>2025-08-30T16:59:12Z</time></trkpt><trkpt lat="47.557906" lon="-121.147557"><ele>1785.0</ele><time>2025-08-30T16:59:18Z</time></trkpt><trkpt lat="47.55782" lon="-121.147568"><ele>1785.0</ele><time>2025-08-30T17:00:05Z</time></trkpt><trkpt lat="47.557818" lon="-121.147551"><ele>1790.0</ele><time>2025-08-30T17:00:50Z</time></trkpt><trkpt lat="47.557657" lon="-121.147697"><ele>1794.0</ele><time>2025-08-30T17:01:32Z</time></trkpt><trkpt lat="47.557614" lon="-121.147696"><ele>1797.0</ele><time>2025-08-30T17:01:39Z</time></trkpt><trkpt lat="47.557603" lon="-121.147727"><ele>1798.0</ele><time>2025-08-30T17:01:43Z</time></trkpt><trkpt lat="47.557608" lon="-121.147752"><ele>1800.0</ele><time>2025-08-30T17:01:47Z</time></trkpt><trkpt lat="47.557483" lon="-121.147759"><ele>1804.0</ele><time>2025-08-30T17:03:23Z</time></trkpt><trkpt lat="47.557384" lon="-121.14773"><ele>1807.0</ele><time>2025-08-30T17:03:42Z</time></trkpt><trkpt lat="47.557355" lon="-121.147746"><ele>1806.0</ele><time>2025-08-30T17:03:49Z</time></trkpt><trkpt lat="47.557294" lon="-121.147732"><ele>1808.0</ele><time>2025-08-30T17:04:03Z</time></trkpt><trkpt lat="47.557241" lon="-121.147787"><ele>1810.0</ele><time>2025-08-30T17:04:14Z</time></trkpt><trkpt lat="47.557217" lon="-121.147844"><ele>1810.0</ele><time>2025-08-30T17:04:27Z</time></trkpt><trkpt lat="47.557213" lon="-121.147874"><ele>1813.0</ele><time>2025-08-30T17:04:33Z</time></trkpt><trkpt lat="47.557223" lon="-121.147913"><ele>1812.0</ele><time>2025-08-30T17:04:40Z</time></trkpt><trkpt lat="47.557202" lon="-121.147996"><ele>1816.0</ele><time>2025-08-30T17:05:12Z</time></trkpt><trkpt lat="47.557165" lon="-121.148056"><ele>1817.0</ele><time>2025-08-30T17:05:45Z</time></trkpt><trkpt lat="47.557138" lon="-121.148076"><ele>1820.0</ele><time>2025-08-30T17:05:49Z</time></trkpt><trkpt lat="47.557108" lon="-121.148083"><ele>1821.0</ele><time>2025-08-30T17:05:52Z</time></trkpt><trkpt lat="47.556979" lon="-121.148268"><ele>1824.0</ele><time>2025-08-30T17:06:12Z</time></trkpt><trkpt lat="47.556974" lon="-121.148308"><ele>1820.0</ele><time>2025-08-30T17:06:17Z</time></trkpt><trkpt lat="47.556948" lon="-121.148326"><ele>1825.0</ele><time>2025-08-30T17:06:23Z</time></trkpt><trkpt lat="47.556951" lon="-121.148364"><ele>1827.0</ele><time>2025-08-30T17:06:26Z</time></trkpt><trkpt lat="47.556942" lon="-121.148397"><ele>1826.0</ele><time>2025-08-30T17:06:33Z</time></trkpt><trkpt lat="47.556822" lon="-121.148557"><ele>1833.0</ele><time>2025-08-30T17:07:02Z</time></trkpt><trkpt lat="47.556779" lon="-121.148648"><ele>1836.0</ele><time>2025-08-30T17:07:16Z</time></trkpt><trkpt lat="47.556731" lon="-121.148698"><ele>1836.0</ele><time>2025-08-30T17:07:57Z</time></trkpt><trkpt lat="47.556698" lon="-121.148704"><ele>1837.0</ele><time>2025-08-30T17:08:01Z</time></trkpt><trkpt lat="47.556661" lon="-121.148731"><ele>1838.8</ele><time>2025-08-30T17:08:05Z</time></trkpt><trkpt lat="47.556572" lon="-121.14876"><ele>1840.0</ele><time>2025-08-30T17:08:16Z</time></trkpt><trkpt lat="47.556511" lon="-121.148792"><ele>1840.0</ele><time>2025-08-30T17:08:25Z</time></trkpt><trkpt lat="47.556454" lon="-121.148784"><ele>1842.0</ele><time>2025-08-30T17:08:35Z</time></trkpt><trkpt lat="47.556393" lon="-121.148806"><ele>1844.0</ele><time>2025-08-30T17:08:44Z</time></trkpt><trkpt lat="47.556347" lon="-121.148841"><ele>1846.0</ele><time>2025-08-30T17:08:50Z</time></trkpt><trkpt lat="47.556336" lon="-121.148878"><ele>1846.0</ele><time>2025-08-30T17:08:53Z</time></trkpt><trkpt lat="47.556344" lon="-121.148903"><ele>1844.0</ele><time>2025-08-30T17:09:30Z</time></trkpt><trkpt lat="47.556309" lon="-121.148924"><ele>1845.0</ele><time>2025-08-30T17:09:37Z</time></trkpt><trkpt lat="47.556271" lon="-121.148916"><ele>1847.0</ele><time>2025-08-30T17:09:43Z</time></trkpt><trkpt lat="47.556217" lon="-121.14895"><ele>1850.0</ele><time>2025-08-30T17:09:51Z</time></trkpt><trkpt lat="47.556124" lon="-121.148966"><ele>1848.0</ele><time>2025-08-30T17:10:02Z</time></trkpt><trkpt lat="47.556063" lon="-121.149019"><ele>1849.0</ele><time>2025-08-30T17:10:08Z</time></trkpt><trkpt lat="47.556043" lon="-121.149121"><ele>1845.0</ele><time>2025-08-30T17:10:20Z</time></trkpt><trkpt lat="47.556043" lon="-121.149224"><ele>1852.0</ele><time>2025-08-30T17:10:36Z</time></trkpt><trkpt lat="47.555965" lon="-121.149312"><ele>1857.5</ele><time>2025-08-30T17:10:51Z</time></trkpt><trkpt lat="47.555891" lon="-121.149533"><ele>1860.0</ele><time>2025-08-30T17:11:35Z</time></trkpt><trkpt lat="47.555878" lon="-121.149667"><ele>1861.0</ele><time>2025-08-30T17:11:52Z</time></trkpt><trkpt lat="47.555821" lon="-121.149829"><ele>1866.0</ele><time>2025-08-30T17:14:00Z</time></trkpt><trkpt lat="47.555815" lon="-121.149881"><ele>1864.0</ele><time>2025-08-30T17:15:03Z</time></trkpt><trkpt lat="47.555784" lon="-121.149935"><ele>1865.0</ele><time>2025-08-30T17:16:05Z</time></trkpt><trkpt lat="47.55575" lon="-121.149963"><ele>1869.0</ele><time>2025-08-30T17:16:16Z</time></trkpt><trkpt lat="47.555815" lon="-121.150074"><ele>1872.0</ele><time>2025-08-30T17:16:32Z</time></trkpt><trkpt lat="47.555791" lon="-121.150092"><ele>1874.0</ele><time>2025-08-30T17:16:36Z</time></trkpt><trkpt lat="47.555781" lon="-121.150125"><ele>1875.0</ele><time>2025-08-30T17:16:41Z</time></trkpt><trkpt lat="47.555791" lon="-121.150166"><ele>1870.0</ele><time>2025-08-30T17:16:49Z</time></trkpt><trkpt lat="47.555766" lon="-121.150174"><ele>1875.0</ele><time>2025-08-30T17:17:00Z</time></trkpt><trkpt lat="47.555777" lon="-121.150205"><ele>1879.0</ele><time>2025-08-30T17:17:05Z</time></trkpt><trkpt lat="47.555758" lon="-121.15024"><ele>1882.0</ele><time>2025-08-30T17:17:33Z</time></trkpt><trkpt lat="47.555776" lon="-121.150315"><ele>1887.0</ele><time>2025-08-30T17:17:47Z</time></trkpt><trkpt lat="47.555749" lon="-121.150341"><ele>1885.0</ele><time>2025-08-30T17:17:56Z</time></trkpt><trkpt lat="47.555769" lon="-121.150493"><ele>1890.0</ele><time>2025-08-30T17:18:24Z</time></trkpt><trkpt lat="47.555747" lon="-121.150555"><ele>1896.0</ele><time>2025-08-30T17:18:47Z</time></trkpt><trkpt lat="47.555757" lon="-121.150589"><ele>1895.0</ele><time>2025-08-30T17:18:54Z</time></trkpt><trkpt lat="47.555723" lon="-121.150631"><ele>1899.0</ele><time>2025-08-30T17:19:15Z</time></trkpt><trkpt lat="47.555716" lon="-121.150694"><ele>1900.0</ele><time>2025-08-30T17:19:29Z</time></trkpt><trkpt lat="47.555684" lon="-121.150698"><ele>1900.0</ele><time>2025-08-30T17:19:33Z</time></trkpt><trkpt lat="47.555684" lon="-121.150841"><ele>1902.0</ele><time>2025-08-30T17:19:53Z</time></trkpt><trkpt lat="47.55564" lon="-121.150834"><ele>1897.0</ele><time>2025-08-30T17:20:06Z</time></trkpt><trkpt lat="47.555603" lon="-121.150859"><ele>1900.0</ele><time>2025-08-30T17:20:23Z</time></trkpt><trkpt lat="47.555543" lon="-121.150877"><ele>1908.0</ele><time>2025-08-30T17:20:35Z</time></trkpt><trkpt lat="47.555524" lon="-121.151013"><ele>1905.0</ele><time>2025-08-30T17:20:49Z</time></trkpt><trkpt lat="47.555478" lon="-121.151031"><ele>1909.0</ele><time>2025-08-30T17:20:58Z</time></trkpt><trkpt lat="47.555437" lon="-121.151133"><ele>1913.7</ele><time>2025-08-30T17:21:24Z</time></trkpt><trkpt lat="47.555444" lon="-121.151203"><ele>1908.0</ele><time>2025-08-30T17:21:44Z</time></trkpt><trkpt lat="47.555403" lon="-121.151262"><ele>1920.0</ele><time>2025-08-30T17:22:22Z</time></trkpt><trkpt lat="47.555353" lon="-121.151218"><ele>1921.0</ele><time>2025-08-30T17:23:10Z</time></trkpt><trkpt lat="47.555312" lon="-121.151236"><ele>1922.0</ele><time>2025-08-30T17:23:23Z</time></trkpt><trkpt lat="47.555279" lon="-121.151301"><ele>1922.0</ele><time>2025-08-30T17:23:40Z</time></trkpt><trkpt lat="47.55527" lon="-121.151347"><ele>1932.0</ele><time>2025-08-30T17:23:59Z</time></trkpt><trkpt lat="47.555248" lon="-121.151355"><ele>1933.0</ele><time>2025-08-30T17:24:07Z</time></trkpt><trkpt lat="47.555235" lon="-121.151402"><ele>1930.0</ele><time>2025-08-30T17:24:15Z</time></trkpt><trkpt lat="47.555257" lon="-121.15148"><ele>1932.0</ele><time>2025-08-30T17:24:29Z</time></trkpt><trkpt lat="47.555302" lon="-121.151517"><ele>1936.0</ele><time>2025-08-30T17:24:40Z</time></trkpt><trkpt lat="47.555332" lon="-121.151635"><ele>1937.0</ele><time>2025-08-30T17:25:09Z</time></trkpt><trkpt lat="47.555269" lon="-121.151625"><ele>1942.0</ele><time>2025-08-30T17:25:28Z</time></trkpt><trkpt lat="47.555185" lon="-121.151633"><ele>1944.0</ele><time>2025-08-30T17:25:46Z</time></trkpt><trkpt lat="47.555159" lon="-121.151664"><ele>1945.0</ele><time>2025-08-30T17:25:52Z</time></trkpt><trkpt lat="47.555128" lon="-121.151738"><ele>1944.0</ele><time>2025-08-30T17:26:02Z</time></trkpt><trkpt lat="47.555159" lon="-121.151746"><ele>1944.0</ele><time>2025-08-30T17:26:10Z</time></trkpt><trkpt lat="47.555165" lon="-121.151776"><ele>1947.0</ele><time>2025-08-30T17:26:25Z</time></trkpt><trkpt lat="47.555157" lon="-121.151806"><ele>1950.0</ele><time>2025-08-30T17:26:29Z</time></trkpt><trkpt lat="47.555121" lon="-121.15185"><ele>1950.0</ele><time>2025-08-30T17:26:39Z</time></trkpt><trkpt lat="47.555092" lon="-121.151924"><ele>1952.0</ele><time>2025-08-30T17:26:51Z</time></trkpt><trkpt lat="47.555095" lon="-121.15199"><ele>1953.0</ele><time>2025-08-30T17:27:01Z</time></trkpt><trkpt lat="47.55513" lon="-121.152028"><ele>1952.0</ele><time>2025-08-30T17:27:34Z</time></trkpt><trkpt lat="47.555169" lon="-121.152115"><ele>1952.0</ele><time>2025-08-30T17:27:56Z</time></trkpt><trkpt lat="47.55521" lon="-121.152126"><ele>1956.0</ele><time>2025-08-30T17:28:05Z</time></trkpt><trkpt lat="47.555241" lon="-121.152155"><ele>1960.0</ele><time>2025-08-30T17:28:14Z</time></trkpt><trkpt lat="47.555212" lon="-121.152277"><ele>1967.4</ele><time>2025-08-30T17:28:36Z</time></trkpt><trkpt lat="47.555216" lon="-121.152297"><ele>1966.0</ele><time>2025-08-30T17:28:38Z</time></trkpt><trkpt lat="47.555246" lon="-121.152314"><ele>1968.0</ele><time>2025-08-30T17:28:47Z</time></trkpt><trkpt lat="47.55528" lon="-121.152381"><ele>1967.0</ele><time>2025-08-30T17:29:09Z</time></trkpt><trkpt lat="47.55528" lon="-121.152426"><ele>1970.0</ele><time>2025-08-30T17:29:33Z</time></trkpt><trkpt lat="47.555329" lon="-121.152404"><ele>1969.0</ele><time>2025-08-30T17:30:05Z</time></trkpt><trkpt lat="47.555397" lon="-121.152461"><ele>1975.0</ele><time>2025-08-30T17:30:26Z</time></trkpt><trkpt lat="47.555415" lon="-121.152619"><ele>1980.0</ele><time>2025-08-30T17:31:01Z</time></trkpt><trkpt lat="47.555448" lon="-121.152668"><ele>1980.0</ele><time>2025-08-30T17:31:17Z</time></trkpt><trkpt lat="47.55545" lon="-121.152705"><ele>1980.0</ele><time>2025-08-30T17:31:22Z</time></trkpt><trkpt lat="47.555483" lon="-121.152739"><ele>1986.0</ele><time>2025-08-30T17:31:33Z</time></trkpt><trkpt lat="47.555448" lon="-121.152863"><ele>1990.0</ele><time>2025-08-30T17:31:54Z</time></trkpt><trkpt lat="47.555455" lon="-121.152894"><ele>1986.0</ele><time>2025-08-30T17:32:00Z</time></trkpt><trkpt lat="47.555528" lon="-121.152957"><ele>1986.0</ele><time>2025-08-30T17:32:18Z</time></trkpt><trkpt lat="47.555594" lon="-121.152937"><ele>1990.0</ele><time>2025-08-30T17:32:59Z</time></trkpt><trkpt lat="47.555622" lon="-121.152968"><ele>1992.0</ele><time>2025-08-30T17:33:05Z</time></trkpt><trkpt lat="47.555612" lon="-121.152997"><ele>1990.0</ele><time>2025-08-30T17:33:09Z</time></trkpt><trkpt lat="47.555568" lon="-121.153048"><ele>1995.0</ele><time>2025-08-30T17:33:17Z</time></trkpt><trkpt lat="47.555581" lon="-121.153081"><ele>1995.0</ele><time>2025-08-30T17:33:22Z</time></trkpt><trkpt lat="47.555616" lon="-121.153056"><ele>1997.0</ele><time>2025-08-30T17:33:34Z</time></trkpt><trkpt lat="47.555653" lon="-121.1531"><ele>1995.0</ele><time>2025-08-30T17:33:41Z</time></trkpt><trkpt lat="47.555693" lon="-121.153123"><ele>1988.0</ele><time>2025-08-30T17:33:52Z</time></trkpt><trkpt lat="47.555696" lon="-121.153154"><ele>2000.0</ele><time>2025-08-30T17:34:05Z</time></trkpt><trkpt lat="47.555732" lon="-121.153219"><ele>2004.0</ele><time>2025-08-30T17:34:15Z</time></trkpt><trkpt lat="47.555701" lon="-121.153293"><ele>2006.0</ele><time>2025-08-30T17:34:28Z</time></trkpt><trkpt lat="47.555716" lon="-121.153466"><ele>2000.0</ele><time>2025-08-30T17:35:24Z</time></trkpt><trkpt lat="47.55571" lon="-121.153549"><ele>2011.0</ele><time>2025-08-30T17:35:45Z</time></trkpt><trkpt lat="47.555722" lon="-121.153604"><ele>2014.0</ele><time>2025-08-30T17:35:50Z</time></trkpt><trkpt lat="47.55574" lon="-121.153628"><ele>2013.0</ele><time>2025-08-30T17:35:54Z</time></trkpt><trkpt lat="47.555739" lon="-121.153665"><ele>2014.0</ele><time>2025-08-30T17:35:59Z</time></trkpt><trkpt lat="47.555763" lon="-121.153697"><ele>2014.0</ele><time>2025-08-30T17:36:05Z</time></trkpt><trkpt lat="47.555812" lon="-121.153683"><ele>2016.0</ele><time>2025-08-30T17:36:14Z</time></trkpt><trkpt lat="47.555832" lon="-121.153706"><ele>2016.0</ele><time>2025-08-30T17:36:18Z</time></trkpt><trkpt lat="47.555832" lon="-121.153776"><ele>2019.0</ele><time>2025-08-30T17:36:27Z</time></trkpt><trkpt lat="47.555893" lon="-121.153844"><ele>2022.0</ele><time>2025-08-30T17:36:41Z</time></trkpt><trkpt lat="47.55591" lon="-121.153894"><ele>2022.0</ele><time>2025-08-30T17:36:49Z</time></trkpt><trkpt lat="47.55591" lon="-121.15394"><ele>2022.0</ele><time>2025-08-30T17:36:54Z</time></trkpt><trkpt lat="47.555968" lon="-121.153992"><ele>2025.0</ele><time>2025-08-30T17:37:08Z</time></trkpt><trkpt lat="47.555975" lon="-121.15406"><ele>2026.0</ele><time>2025-08-30T17:37:15Z</time></trkpt><trkpt lat="47.555989" lon="-121.154093"><ele>2026.0</ele><time>2025-08-30T17:37:18Z</time></trkpt><trkpt lat="47.555984" lon="-121.15416"><ele>2028.0</ele><time>2025-08-30T17:37:24Z</time></trkpt><trkpt lat="47.556013" lon="-121.15421"><ele>2028.0</ele><time>2025-08-30T17:37:31Z</time></trkpt><trkpt lat="47.55601" lon="-121.15426"><ele>2030.0</ele><time>2025-08-30T17:37:37Z</time></trkpt><trkpt lat="47.556047" lon="-121.154328"><ele>2030.0</ele><time>2025-08-30T17:37:46Z</time></trkpt><trkpt lat="47.556086" lon="-121.154376"><ele>2032.0</ele><time>2025-08-30T17:37:54Z</time></trkpt><trkpt lat="47.556096" lon="-121.154448"><ele>2030.0</ele><time>2025-08-30T17:38:01Z</time></trkpt><trkpt lat="47.556041" lon="-121.154528"><ele>2035.0</ele><time>2025-08-30T17:38:15Z</time></trkpt><trkpt lat="47.556027" lon="-121.1546"><ele>2036.0</ele><time>2025-08-30T17:38:21Z</time></trkpt><trkpt lat="47.556003" lon="-121.154635"><ele>2039.0</ele><time>2025-08-30T17:39:14Z</time></trkpt><trkpt lat="47.556016" lon="-121.15479"><ele>2040.0</ele><time>2025-08-30T17:39:25Z</time></trkpt><trkpt lat="47.555986" lon="-121.154885"><ele>2040.0</ele><time>2025-08-30T17:39:33Z</time></trkpt><trkpt lat="47.555982" lon="-121.15495"><ele>2042.0</ele><time>2025-08-30T17:39:38Z</time></trkpt><trkpt lat="47.555965" lon="-121.155004"><ele>2044.3</ele><time>2025-08-30T17:39:42Z</time></trkpt><trkpt lat="47.555991" lon="-121.155024"><ele>2042.0</ele><time>2025-08-30T17:39:46Z</time></trkpt><trkpt lat="47.555977" lon="-121.155142"><ele>2043.0</ele><time>2025-08-30T17:39:54Z</time></trkpt><trkpt lat="47.556002" lon="-121.155208"><ele>2045.0</ele><time>2025-08-30T17:40:00Z</time></trkpt><trkpt lat="47.556003" lon="-121.155276"><ele>2046.0</ele><time>2025-08-30T17:40:06Z</time></trkpt><trkpt lat="47.555979" lon="-121.155348"><ele>2046.0</ele><time>2025-08-30T17:40:24Z</time></trkpt><trkpt lat="47.555978" lon="-121.155411"><ele>2049.0</ele><time>2025-08-30T17:40:32Z</time></trkpt><trkpt lat="47.555957" lon="-121.155493"><ele>2049.0</ele><time>2025-08-30T17:40:42Z</time></trkpt><trkpt lat="47.555956" lon="-121.155526"><ele>2049.0</ele><time>2025-08-30T17:40:45Z</time></trkpt><trkpt lat="47.555967" lon="-121.155554"><ele>2050.0</ele><time>2025-08-30T17:40:50Z</time></trkpt><trkpt lat="47.555961" lon="-121.155587"><ele>2052.0</ele><time>2025-08-30T17:40:54Z</time></trkpt><trkpt lat="47.556043" lon="-121.155641"><ele>2052.0</ele><time>2025-08-30T17:41:11Z</time></trkpt><trkpt lat="47.556069" lon="-121.155695"><ele>2055.0</ele><time>2025-08-30T17:41:23Z</time></trkpt><trkpt lat="47.55606" lon="-121.155738"><ele>2058.0</ele><time>2025-08-30T17:41:50Z</time></trkpt><trkpt lat="47.55608" lon="-121.155778"><ele>2057.0</ele><time>2025-08-30T17:42:02Z</time></trkpt><trkpt lat="47.556138" lon="-121.155807"><ele>2064.0</ele><time>2025-08-30T17:42:20Z</time></trkpt><trkpt lat="47.556147" lon="-121.155848"><ele>2064.0</ele><time>2025-08-30T17:42:27Z</time></trkpt><trkpt lat="47.556121" lon="-121.155882"><ele>2058.0</ele><time>2025-08-30T17:42:41Z</time></trkpt><trkpt lat="47.556121" lon="-121.155927"><ele>2065.0</ele><time>2025-08-30T17:43:03Z</time></trkpt><trkpt lat="47.556156" lon="-121.156004"><ele>2072.0</ele><time>2025-08-30T17:43:16Z</time></trkpt><trkpt lat="47.556235" lon="-121.156058"><ele>2070.0</ele><time>2025-08-30T17:44:06Z</time></trkpt><trkpt lat="47.556248" lon="-121.156123"><ele>2072.0</ele><time>2025-08-30T17:44:22Z</time></trkpt><trkpt lat="47.556231" lon="-121.156146"><ele>2075.0</ele><time>2025-08-30T17:44:32Z</time></trkpt><trkpt lat="47.556226" lon="-121.156201"><ele>2076.0</ele><time>2025-08-30T17:44:47Z</time></trkpt><trkpt lat="47.556205" lon="-121.156224"><ele>2079.0</ele><time>2025-08-30T17:44:53Z</time></trkpt><trkpt lat="47.556201" lon="-121.15626"><ele>2080.0</ele><time>2025-08-30T17:44:57Z</time></trkpt><trkpt lat="47.556218" lon="-121.156315"><ele>2080.0</ele><time>2025-08-30T17:45:47Z</time></trkpt><trkpt lat="47.556206" lon="-121.156351"><ele>2082.0</ele><time>2025-08-30T17:45:52Z</time></trkpt><trkpt lat="47.556161" lon="-121.156353"><ele>2083.0</ele><time>2025-08-30T17:45:59Z</time></trkpt><trkpt lat="47.556145" lon="-121.156387"><ele>2083.0</ele><time>2025-08-30T17:46:02Z</time></trkpt><trkpt lat="47.556115" lon="-121.156389"><ele>2083.0</ele><time>2025-08-30T17:46:06Z</time></trkpt><trkpt lat="47.556083" lon="-121.156451"><ele>2086.0</ele><time>2025-08-30T17:46:14Z</time></trkpt><trkpt lat="47.556129" lon="-121.156559"><ele>2085.0</ele><time>2025-08-30T17:46:28Z</time></trkpt><trkpt lat="47.556117" lon="-121.156618"><ele>2089.7</ele><time>2025-08-30T17:46:36Z</time></trkpt><trkpt lat="47.556146" lon="-121.156768"><ele>2092.0</ele><time>2025-08-30T17:47:11Z</time></trkpt><trkpt lat="47.556161" lon="-121.156798"><ele>2092.0</ele><time>2025-08-30T17:47:15Z</time></trkpt><trkpt lat="47.556157" lon="-121.156877"><ele>2091.0</ele><time>2025-08-30T17:47:23Z</time></trkpt><trkpt lat="47.556317" lon="-121.157138"><ele>2088.0</ele><time>2025-08-30T17:47:46Z</time></trkpt><trkpt lat="47.556332" lon="-121.157214"><ele>2091.0</ele><time>2025-08-30T17:47:51Z</time></trkpt><trkpt lat="47.556407" lon="-121.157379"><ele>2092.0</ele><time>2025-08-30T17:48:06Z</time></trkpt><trkpt lat="47.556439" lon="-121.15751"><ele>2095.0</ele><time>2025-08-30T17:48:20Z</time></trkpt><trkpt lat="47.556425" lon="-121.157677"><ele>2094.0</ele><time>2025-08-30T17:48:45Z</time></trkpt><trkpt lat="47.556388" lon="-121.157786"><ele>2100.0</ele><time>2025-08-30T17:49:11Z</time></trkpt><trkpt lat="47.55639" lon="-121.157828"><ele>2100.0</ele><time>2025-08-30T17:49:20Z</time></trkpt><trkpt lat="47.556409" lon="-121.157874"><ele>2100.0</ele><time>2025-08-30T17:49:36Z</time></trkpt><trkpt lat="47.556397" lon="-121.157963"><ele>2097.0</ele><time>2025-08-30T17:49:51Z</time></trkpt><trkpt lat="47.556409" lon="-121.158003"><ele>2103.0</ele><time>2025-08-30T17:49:58Z</time></trkpt><trkpt lat="47.556412" lon="-121.158131"><ele>2110.0</ele><time>2025-08-30T17:50:17Z</time></trkpt><trkpt lat="47.556387" lon="-121.158245"><ele>2111.0</ele><time>2025-08-30T17:50:41Z</time></trkpt><trkpt lat="47.556341" lon="-121.158265"><ele>2113.0</ele><time>2025-08-30T17:50:56Z</time></trkpt><trkpt lat="47.556286" lon="-121.158319"><ele>2115.0</ele><time>2025-08-30T17:51:19Z</time></trkpt><trkpt lat="47.556309" lon="-121.158416"><ele>2120.0</ele><time>2025-08-30T17:51:30Z</time></trkpt><trkpt lat="47.556305" lon="-121.158517"><ele>2120.0</ele><time>2025-08-30T17:51:40Z</time></trkpt><trkpt lat="47.556323" lon="-121.158576"><ele>2120.0</ele><time>2025-08-30T17:51:54Z</time></trkpt><trkpt lat="47.556331" lon="-121.158544"><ele>2122.2</ele><time>2025-08-30T17:52:09Z</time></trkpt><trkpt lat="47.556327" lon="-121.158612"><ele>2121.0</ele><time>2025-08-30T17:52:15Z</time></trkpt><trkpt lat="47.556397" lon="-121.158877"><ele>2124.0</ele><time>2025-08-30T17:52:40Z</time></trkpt><trkpt lat="47.556396" lon="-121.158917"><ele>2124.0</ele><time>2025-08-30T17:52:42Z</time></trkpt><trkpt lat="47.556372" lon="-121.15896"><ele>2124.1</ele><time>2025-08-30T17:52:48Z</time></trkpt><trkpt lat="47.556344" lon="-121.159077"><ele>2124.0</ele><time>2025-08-30T17:52:59Z</time></trkpt><trkpt lat="47.556368" lon="-121.159153"><ele>2121.0</ele><time>2025-08-30T17:53:04Z</time></trkpt><trkpt lat="47.556362" lon="-121.159198"><ele>2122.0</ele><time>2025-08-30T17:53:07Z</time></trkpt><trkpt lat="47.556342" lon="-121.159222"><ele>2122.0</ele><time>2025-08-30T17:53:10Z</time></trkpt><trkpt lat="47.556315" lon="-121.159302"><ele>2122.0</ele><time>2025-08-30T17:53:17Z</time></trkpt><trkpt lat="47.556261" lon="-121.159368"><ele>2124.0</ele><time>2025-08-30T17:53:25Z</time></trkpt><trkpt lat="47.556229" lon="-121.159629"><ele>2125.0</ele><time>2025-08-30T17:54:01Z</time></trkpt><trkpt lat="47.556229" lon="-121.159773"><ele>2124.0</ele><time>2025-08-30T17:54:12Z</time></trkpt><trkpt lat="47.556245" lon="-121.1599"><ele>2125.0</ele><time>2025-08-30T17:54:22Z</time></trkpt><trkpt lat="47.556238" lon="-121.159996"><ele>2126.0</ele><time>2025-08-30T17:54:29Z</time></trkpt><trkpt lat="47.556262" lon="-121.160045"><ele>2127.0</ele><time>2025-08-30T17:54:34Z</time></trkpt><trkpt lat="47.556275" lon="-121.160186"><ele>2127.0</ele><time>2025-08-30T17:54:45Z</time></trkpt><trkpt lat="47.556276" lon="-121.160303"><ele>2128.0</ele><time>2025-08-30T17:54:53Z</time></trkpt><trkpt lat="47.556263" lon="-121.160362"><ele>2128.0</ele><time>2025-08-30T17:54:57Z</time></trkpt><trkpt lat="47.556282" lon="-121.160491"><ele>2124.0</ele><time>2025-08-30T17:55:13Z</time></trkpt><trkpt lat="47.556246" lon="-121.160776"><ele>2124.0</ele><time>2025-08-30T17:55:33Z</time></trkpt><trkpt lat="47.556283" lon="-121.1609"><ele>2120.0</ele><time>2025-08-30T17:56:01Z</time></trkpt><trkpt lat="47.556294" lon="-121.160985"><ele>2119.0</ele><time>2025-08-30T17:56:09Z</time></trkpt><trkpt lat="47.556278" lon="-121.16106"><ele>2118.0</ele><time>2025-08-30T17:56:21Z</time></trkpt><trkpt lat="47.556299" lon="-121.161316"><ele>2112.0</ele><time>2025-08-30T17:56:56Z</time></trkpt><trkpt lat="47.556257" lon="-121.161331"><ele>2107.0</ele><time>2025-08-30T18:01:33Z</time></trkpt><trkpt lat="47.556263" lon="-121.161403"><ele>2112.0</ele><time>2025-08-30T18:04:07Z</time></trkpt><trkpt lat="47.556331" lon="-121.161643"><ele>2110.5</ele><time>2025-08-30T18:04:31Z</time></trkpt><trkpt lat="47.5564" lon="-121.161814"><ele>2109.0</ele><time>2025-08-30T18:04:44Z</time></trkpt><trkpt lat="47.556417" lon="-121.162022"><ele>2108.0</ele><time>2025-08-30T18:04:56Z</time></trkpt><trkpt lat="47.556381" lon="-121.16213"><ele>2108.0</ele><time>2025-08-30T18:05:07Z</time></trkpt><trkpt lat="47.556371" lon="-121.162202"><ele>2108.0</ele><time>2025-08-30T18:05:11Z</time></trkpt><trkpt lat="47.556412" lon="-121.162288"><ele>2109.0</ele><time>2025-08-30T18:05:22Z</time></trkpt><trkpt lat="47.556414" lon="-121.162388"><ele>2112.0</ele><time>2025-08-30T18:05:30Z</time></trkpt><trkpt lat="47.556437" lon="-121.162499"><ele>2110.2</ele><time>2025-08-30T18:05:46Z</time></trkpt><trkpt lat="47.55644" lon="-121.162624"><ele>2109.0</ele><time>2025-08-30T18:05:57Z</time></trkpt><trkpt lat="47.556459" lon="-121.162695"><ele>2108.0</ele><time>2025-08-30T18:06:03Z</time></trkpt><trkpt lat="47.556447" lon="-121.162774"><ele>2109.0</ele><time>2025-08-30T18:06:09Z</time></trkpt><trkpt lat="47.556457" lon="-121.162845"><ele>2110.0</ele><time>2025-08-30T18:06:14Z</time></trkpt><trkpt lat="47.556445" lon="-121.162998"><ele>2111.0</ele><time>2025-08-30T18:06:24Z</time></trkpt><trkpt lat="47.556472" lon="-121.163058"><ele>2112.0</ele><time>2025-08-30T18:06:30Z</time></trkpt><trkpt lat="47.556459" lon="-121.163284"><ele>2114.0</ele><time>2025-08-30T18:06:48Z</time></trkpt><trkpt lat="47.55644" lon="-121.16338"><ele>2115.0</ele><time>2025-08-30T18:06:56Z</time></trkpt><trkpt lat="47.55646" lon="-121.163577"><ele>2114.0</ele><time>2025-08-30T18:07:13Z</time></trkpt><trkpt lat="47.556455" lon="-121.163787"><ele>2116.0</ele><time>2025-08-30T18:07:30Z</time></trkpt><trkpt lat="47.556474" lon="-121.163845"><ele>2112.0</ele><time>2025-08-30T18:07:50Z</time></trkpt><trkpt lat="47.556471" lon="-121.163906"><ele>2112.0</ele><time>2025-08-30T18:07:57Z</time></trkpt><trkpt lat="47.556504" lon="-121.164244"><ele>2115.0</ele><time>2025-08-30T18:08:44Z</time></trkpt><trkpt lat="47.556527" lon="-121.164269"><ele>2115.0</ele><time>2025-08-30T18:08:49Z</time></trkpt><trkpt lat="47.55654" lon="-121.164371"><ele>2120.0</ele><time>2025-08-30T18:08:59Z</time></trkpt><trkpt lat="47.556565" lon="-121.164456"><ele>2120.0</ele><time>2025-08-30T18:09:15Z</time></trkpt><trkpt lat="47.556568" lon="-121.164608"><ele>2125.3</ele><time>2025-08-30T18:09:54Z</time></trkpt><trkpt lat="47.556627" lon="-121.164697"><ele>2128.0</ele><time>2025-08-30T18:10:05Z</time></trkpt><trkpt lat="47.556653" lon="-121.164825"><ele>2133.0</ele><time>2025-08-30T18:10:16Z</time></trkpt><trkpt lat="47.556643" lon="-121.164903"><ele>2136.0</ele><time>2025-08-30T18:10:20Z</time></trkpt><trkpt lat="47.556707" lon="-121.165089"><ele>2142.0</ele><time>2025-08-30T18:11:03Z</time></trkpt><trkpt lat="47.55673" lon="-121.165127"><ele>2136.0</ele><time>2025-08-30T18:11:11Z</time></trkpt><trkpt lat="47.556728" lon="-121.165169"><ele>2142.0</ele><time>2025-08-30T18:11:18Z</time></trkpt><trkpt lat="47.556744" lon="-121.165199"><ele>2134.0</ele><time>2025-08-30T18:11:33Z</time></trkpt><trkpt lat="47.556749" lon="-121.165264"><ele>2142.0</ele><time>2025-08-30T18:11:53Z</time></trkpt><trkpt lat="47.556754" lon="-121.165219"><ele>2143.5</ele><time>2025-08-30T18:12:01Z</time></trkpt><trkpt lat="47.556801" lon="-121.165363"><ele>2150.0</ele><time>2025-08-30T18:12:32Z</time></trkpt><trkpt lat="47.556778" lon="-121.165399"><ele>2146.0</ele><time>2025-08-30T18:12:47Z</time></trkpt><trkpt lat="47.556773" lon="-121.165442"><ele>2142.0</ele><time>2025-08-30T18:13:03Z</time></trkpt><trkpt lat="47.556799" lon="-121.165496"><ele>2144.0</ele><time>2025-08-30T18:13:21Z</time></trkpt><trkpt lat="47.556806" lon="-121.165618"><ele>2148.0</ele><time>2025-08-30T18:13:46Z</time></trkpt><trkpt lat="47.55685" lon="-121.165649"><ele>2141.0</ele><time>2025-08-30T18:14:21Z</time></trkpt><trkpt lat="47.556849" lon="-121.165745"><ele>2157.0</ele><time>2025-08-30T18:14:42Z</time></trkpt><trkpt lat="47.556886" lon="-121.165862"><ele>2158.0</ele><time>2025-08-30T18:14:54Z</time></trkpt><trkpt lat="47.556914" lon="-121.166221"><ele>2160.0</ele><time>2025-08-30T18:15:26Z</time></trkpt><trkpt lat="47.556948" lon="-121.166395"><ele>2161.0</ele><time>2025-08-30T18:18:09Z</time></trkpt><trkpt lat="47.557054" lon="-121.166456"><ele>2147.0</ele><time>2025-08-30T18:20:32Z</time></trkpt><trkpt lat="47.557065" lon="-121.166426"><ele>2156.0</ele><time>2025-08-30T18:20:46Z</time></trkpt><trkpt lat="47.557061" lon="-121.166363"><ele>2157.0</ele><time>2025-08-30T18:21:00Z</time></trkpt><trkpt lat="47.557083" lon="-121.166349"><ele>2145.0</ele><time>2025-08-30T18:21:26Z</time></trkpt><trkpt lat="47.557086" lon="-121.166265"><ele>2142.0</ele><time>2025-08-30T18:22:01Z</time></trkpt><trkpt lat="47.557125" lon="-121.166178"><ele>2151.0</ele><time>2025-08-30T18:22:40Z</time></trkpt><trkpt lat="47.55713" lon="-121.166198"><ele>2147.0</ele><time>2025-08-30T18:22:49Z</time></trkpt><trkpt lat="47.557176" lon="-121.166173"><ele>2144.0</ele><time>2025-08-30T18:23:06Z</time></trkpt><trkpt lat="47.557242" lon="-121.166238"><ele>2148.0</ele><time>2025-08-30T18:23:26Z</time></trkpt><trkpt lat="47.557246" lon="-121.166273"><ele>2148.0</ele><time>2025-08-30T18:23:30Z</time></trkpt><trkpt lat="47.557288" lon="-121.16626"><ele>2150.4</ele><time>2025-08-30T18:23:33Z</time></trkpt><trkpt lat="47.557305" lon="-121.166327"><ele>2149.0</ele><time>2025-08-30T18:23:43Z</time></trkpt><trkpt lat="47.557343" lon="-121.166384"><ele>2148.0</ele><time>2025-08-30T18:23:50Z</time></trkpt><trkpt lat="47.557405" lon="-121.16642"><ele>2148.0</ele><time>2025-08-30T18:23:58Z</time></trkpt><trkpt lat="47.557458" lon="-121.166607"><ele>2152.0</ele><time>2025-08-30T18:24:13Z</time></trkpt><trkpt lat="47.557478" lon="-121.16674"><ele>2148.0</ele><time>2025-08-30T18:24:28Z</time></trkpt><trkpt lat="47.557518" lon="-121.166777"><ele>2151.0</ele><time>2025-08-30T18:24:39Z</time></trkpt><trkpt lat="47.557583" lon="-121.16697"><ele>2160.0</ele><time>2025-08-30T18:25:33Z</time></trkpt><trkpt lat="47.557614" lon="-121.166992"><ele>2163.0</ele><time>2025-08-30T18:25:40Z</time></trkpt><trkpt lat="47.557644" lon="-121.167073"><ele>2168.0</ele><time>2025-08-30T18:25:57Z</time></trkpt><trkpt lat="47.557608" lon="-121.167087"><ele>2168.0</ele><time>2025-08-30T18:26:01Z</time></trkpt><trkpt lat="47.557599" lon="-121.16715"><ele>2168.0</ele><time>2025-08-30T18:26:08Z</time></trkpt><trkpt lat="47.557655" lon="-121.167146"><ele>2168.0</ele><time>2025-08-30T18:26:18Z</time></trkpt><trkpt lat="47.55769" lon="-121.167123"><ele>2168.0</ele><time>2025-08-30T18:26:23Z</time></trkpt><trkpt lat="47.557718" lon="-121.167261"><ele>2168.0</ele><time>2025-08-30T18:26:34Z</time></trkpt><trkpt lat="47.557759" lon="-121.167261"><ele>2165.0</ele><time>2025-08-30T18:26:40Z</time></trkpt><trkpt lat="47.557787" lon="-121.16729"><ele>2170.0</ele><time>2025-08-30T18:26:45Z</time></trkpt><trkpt lat="47.557828" lon="-121.167311"><ele>2169.0</ele><time>2025-08-30T18:26:52Z</time></trkpt><trkpt lat="47.557899" lon="-121.167394"><ele>2172.0</ele><time>2025-08-30T18:27:04Z</time></trkpt><trkpt lat="47.557909" lon="-121.167432"><ele>2169.0</ele><time>2025-08-30T18:27:12Z</time></trkpt><trkpt lat="47.557938" lon="-121.167451"><ele>2172.0</ele><time>2025-08-30T18:27:19Z</time></trkpt><trkpt lat="47.557971" lon="-121.167433"><ele>2170.0</ele><time>2025-08-30T18:27:26Z</time></trkpt><trkpt lat="47.557974" lon="-121.167478"><ele>2171.0</ele><time>2025-08-30T18:27:37Z</time></trkpt><trkpt lat="47.557941" lon="-121.16755"><ele>2169.0</ele><time>2025-08-30T18:27:48Z</time></trkpt><trkpt lat="47.557949" lon="-121.167594"><ele>2168.0</ele><time>2025-08-30T18:27:54Z</time></trkpt><trkpt lat="47.557992" lon="-121.167668"><ele>2173.0</ele><time>2025-08-30T18:28:03Z</time></trkpt><trkpt lat="47.557984" lon="-121.167739"><ele>2178.0</ele><time>2025-08-30T18:28:13Z</time></trkpt><trkpt lat="47.558022" lon="-121.167749"><ele>2183.0</ele><time>2025-08-30T18:28:30Z</time></trkpt><trkpt lat="47.558047" lon="-121.167734"><ele>2183.0</ele><time>2025-08-30T18:28:57Z</time></trkpt><trkpt lat="47.558081" lon="-121.167899"><ele>2188.6</ele><time>2025-08-30T18:29:41Z</time></trkpt><trkpt lat="47.558105" lon="-121.167878"><ele>2185.0</ele><time>2025-08-30T18:29:47Z</time></trkpt><trkpt lat="47.558182" lon="-121.168033"><ele>2182.0</ele><time>2025-08-30T18:30:18Z</time></trkpt><trkpt lat="47.558248" lon="-121.168009"><ele>2189.1</ele><time>2025-08-30T18:30:26Z</time></trkpt><trkpt lat="47.558273" lon="-121.167981"><ele>2188.0</ele><time>2025-08-30T18:30:28Z</time></trkpt><trkpt lat="47.558305" lon="-121.168014"><ele>2186.0</ele><time>2025-08-30T18:30:39Z</time></trkpt><trkpt lat="47.558354" lon="-121.168011"><ele>2188.0</ele><time>2025-08-30T18:30:47Z</time></trkpt><trkpt lat="47.558372" lon="-121.168041"><ele>2184.0</ele><time>2025-08-30T18:30:53Z</time></trkpt><trkpt lat="47.558416" lon="-121.168033"><ele>2188.0</ele><time>2025-08-30T18:30:59Z</time></trkpt><trkpt lat="47.558426" lon="-121.168109"><ele>2190.0</ele><time>2025-08-30T18:31:06Z</time></trkpt><trkpt lat="47.55845" lon="-121.168137"><ele>2190.0</ele><time>2025-08-30T18:31:09Z</time></trkpt><trkpt lat="47.558442" lon="-121.168173"><ele>2190.0</ele><time>2025-08-30T18:31:12Z</time></trkpt><trkpt lat="47.558451" lon="-121.168202"><ele>2191.0</ele><time>2025-08-30T18:31:15Z</time></trkpt><trkpt lat="47.558481" lon="-121.168213"><ele>2192.0</ele><time>2025-08-30T18:31:17Z</time></trkpt><trkpt lat="47.558534" lon="-121.16832"><ele>2196.0</ele><time>2025-08-30T18:31:32Z</time></trkpt><trkpt lat="47.558577" lon="-121.168278"><ele>2187.0</ele><time>2025-08-30T18:31:42Z</time></trkpt><trkpt lat="47.558608" lon="-121.168297"><ele>2192.0</ele><time>2025-08-30T18:31:48Z</time></trkpt><trkpt lat="47.558639" lon="-121.168286"><ele>2190.0</ele><time>2025-08-30T18:31:53Z</time></trkpt><trkpt lat="47.558709" lon="-121.168302"><ele>2192.0</ele><time>2025-08-30T18:32:00Z</time></trkpt><trkpt lat="47.558763" lon="-121.168273"><ele>2189.0</ele><time>2025-08-30T18:32:27Z</time></trkpt><trkpt lat="47.558789" lon="-121.168354"><ele>2188.0</ele><time>2025-08-30T18:32:36Z</time></trkpt><trkpt lat="47.558808" lon="-121.168381"><ele>2188.0</ele><time>2025-08-30T18:32:41Z</time></trkpt><trkpt lat="47.558845" lon="-121.168401"><ele>2188.0</ele><time>2025-08-30T18:32:46Z</time></trkpt><trkpt lat="47.558917" lon="-121.168403"><ele>2188.0</ele><time>2025-08-30T18:32:54Z</time></trkpt><trkpt lat="47.558958" lon="-121.168392"><ele>2190.0</ele><time>2025-08-30T18:33:00Z</time></trkpt><trkpt lat="47.558994" lon="-121.16842"><ele>2188.0</ele><time>2025-08-30T18:33:10Z</time></trkpt><trkpt lat="47.559019" lon="-121.16843"><ele>2190.0</ele><time>2025-08-30T18:33:23Z</time></trkpt><trkpt lat="47.559058" lon="-121.168448"><ele>2192.0</ele><time>2025-08-30T18:35:57Z</time></trkpt><trkpt lat="47.559097" lon="-121.168329"><ele>2191.6</ele><time>2025-08-30T18:37:38Z</time></trkpt><trkpt lat="47.559159" lon="-121.168369"><ele>2190.0</ele><time>2025-08-30T18:38:56Z</time></trkpt><trkpt lat="47.559124" lon="-121.168458"><ele>2192.0</ele><time>2025-08-30T18:39:06Z</time></trkpt><trkpt lat="47.559198" lon="-121.168478"><ele>2192.0</ele><time>2025-08-30T18:39:16Z</time></trkpt><trkpt lat="47.559254" lon="-121.168514"><ele>2187.0</ele><time>2025-08-30T18:39:24Z</time></trkpt><trkpt lat="47.559275" lon="-121.168546"><ele>2184.0</ele><time>2025-08-30T18:39:34Z</time></trkpt><trkpt lat="47.559296" lon="-121.168638"><ele>2194.0</ele><time>2025-08-30T18:40:01Z</time></trkpt><trkpt lat="47.559318" lon="-121.168665"><ele>2196.0</ele><time>2025-08-30T18:40:25Z</time></trkpt><trkpt lat="47.559324" lon="-121.168702"><ele>2200.0</ele><time>2025-08-30T18:40:30Z</time></trkpt><trkpt lat="47.559336" lon="-121.168665"><ele>2196.0</ele><time>2025-08-30T18:40:34Z</time></trkpt><trkpt lat="47.559458" lon="-121.168647"><ele>2204.0</ele><time>2025-08-30T18:41:02Z</time></trkpt><trkpt lat="47.559541" lon="-121.168712"><ele>2205.0</ele><time>2025-08-30T18:41:13Z</time></trkpt><trkpt lat="47.559655" lon="-121.168779"><ele>2208.0</ele><time>2025-08-30T18:41:35Z</time></trkpt><trkpt lat="47.559669" lon="-121.168829"><ele>2208.0</ele><time>2025-08-30T18:41:40Z</time></trkpt><trkpt lat="47.559695" lon="-121.168854"><ele>2208.0</ele><time>2025-08-30T18:41:45Z</time></trkpt><trkpt lat="47.559746" lon="-121.168825"><ele>2211.0</ele><time>2025-08-30T18:42:03Z</time></trkpt><trkpt lat="47.559785" lon="-121.168819"><ele>2211.0</ele><time>2025-08-30T18:42:13Z</time></trkpt><trkpt lat="47.559808" lon="-121.168876"><ele>2212.0</ele><time>2025-08-30T18:42:35Z</time></trkpt><trkpt lat="47.559872" lon="-121.16886"><ele>2215.0</ele><time>2025-08-30T18:42:46Z</time></trkpt><trkpt lat="47.559883" lon="-121.16889"><ele>2211.0</ele><time>2025-08-30T18:42:50Z</time></trkpt><trkpt lat="47.560053" lon="-121.168953"><ele>2220.0</ele><time>2025-08-30T18:43:42Z</time></trkpt><trkpt lat="47.560094" lon="-121.168991"><ele>2222.0</ele><time>2025-08-30T18:43:50Z</time></trkpt><trkpt lat="47.560132" lon="-121.169313"><ele>2230.0</ele><time>2025-08-30T18:44:39Z</time></trkpt><trkpt lat="47.560151" lon="-121.169325"><ele>2230.0</ele><time>2025-08-30T18:44:56Z</time></trkpt><trkpt lat="47.560203" lon="-121.169408"><ele>2232.0</ele><time>2025-08-30T18:45:49Z</time></trkpt><trkpt lat="47.560201" lon="-121.169513"><ele>2235.0</ele><time>2025-08-30T18:46:03Z</time></trkpt><trkpt lat="47.560249" lon="-121.169601"><ele>2235.0</ele><time>2025-08-30T18:46:30Z</time></trkpt><trkpt lat="47.560261" lon="-121.16977"><ele>2245.0</ele><time>2025-08-30T18:47:39Z</time></trkpt><trkpt lat="47.560241" lon="-121.169804"><ele>2247.0</ele><time>2025-08-30T18:47:50Z</time></trkpt><trkpt lat="47.560317" lon="-121.169887"><ele>2256.0</ele><time>2025-08-30T18:48:29Z</time></trkpt><trkpt lat="47.560341" lon="-121.169878"><ele>2255.0</ele><time>2025-08-30T18:48:36Z</time></trkpt><trkpt lat="47.560409" lon="-121.170041"><ele>2256.0</ele><time>2025-08-30T18:49:19Z</time></trkpt><trkpt lat="47.560393" lon="-121.170196"><ele>2262.0</ele><time>2025-08-30T18:50:06Z</time></trkpt><trkpt lat="47.560408" lon="-121.170215"><ele>2262.0</ele><time>2025-08-30T18:50:12Z</time></trkpt><trkpt lat="47.560432" lon="-121.170426"><ele>2268.0</ele><time>2025-08-30T18:51:22Z</time></trkpt><trkpt lat="47.560462" lon="-121.170491"><ele>2274.0</ele><time>2025-08-30T18:52:33Z</time></trkpt><trkpt lat="47.560476" lon="-121.170548"><ele>2278.0</ele><time>2025-08-30T18:53:09Z</time></trkpt><trkpt lat="47.560482" lon="-121.170636"><ele>2281.5</ele><time>2025-08-30T18:53:30Z</time></trkpt><trkpt lat="47.560541" lon="-121.170653"><ele>2278.0</ele><time>2025-08-30T18:54:19Z</time></trkpt><trkpt lat="47.560551" lon="-121.170601"><ele>2281.0</ele><time>2025-08-30T18:55:10Z</time></trkpt><trkpt lat="47.560544" lon="-121.170572"><ele>2281.0</ele><time>2025-08-30T18:55:29Z</time></trkpt><trkpt lat="47.560632" lon="-121.170562"><ele>2280.1</ele><time>2025-08-30T18:56:02Z</time></trkpt><trkpt lat="47.560669" lon="-121.1706"><ele>2278.0</ele><time>2025-08-30T18:56:21Z</time></trkpt><trkpt lat="47.560759" lon="-121.170663"><ele>2282.0</ele><time>2025-08-30T18:57:29Z</time></trkpt><trkpt lat="47.560754" lon="-121.170702"><ele>2285.0</ele><time>2025-08-30T18:57:43Z</time></trkpt><trkpt lat="47.560794" lon="-121.170753"><ele>2286.0</ele><time>2025-08-30T18:58:11Z</time></trkpt><trkpt lat="47.560972" lon="-121.17079"><ele>2286.0</ele><time>2025-08-30T18:59:56Z</time></trkpt><trkpt lat="47.560955" lon="-121.170821"><ele>2292.0</ele><time>2025-08-30T19:00:31Z</time></trkpt><trkpt lat="47.560958" lon="-121.170874"><ele>2294.0</ele><time>2025-08-30T19:00:57Z</time></trkpt><trkpt lat="47.560974" lon="-121.170905"><ele>2295.0</ele><time>2025-08-30T19:02:20Z</time></trkpt><trkpt lat="47.560935" lon="-121.170956"><ele>2295.0</ele><time>2025-08-30T19:03:19Z</time></trkpt><trkpt lat="47.560884" lon="-121.170998"><ele>2298.6</ele><time>2025-08-30T19:03:45Z</time></trkpt><trkpt lat="47.560851" lon="-121.171087"><ele>2298.0</ele><time>2025-08-30T19:04:53Z</time></trkpt><trkpt lat="47.560834" lon="-121.171095"><ele>2300.0</ele><time>2025-08-30T19:05:09Z</time></trkpt><trkpt lat="47.560811" lon="-121.171194"><ele>2304.0</ele><time>2025-08-30T19:06:53Z</time></trkpt><trkpt lat="47.560809" lon="-121.171279"><ele>2303.0</ele><time>2025-08-30T19:07:39Z</time></trkpt><trkpt lat="47.560836" lon="-121.171355"><ele>2300.0</ele><time>2025-08-30T19:07:58Z</time></trkpt><trkpt lat="47.560914" lon="-121.171443"><ele>2298.0</ele><time>2025-08-30T19:08:16Z</time></trkpt><trkpt lat="47.560943" lon="-121.171462"><ele>2296.0</ele><time>2025-08-30T19:08:23Z</time></trkpt><trkpt lat="47.560971" lon="-121.171527"><ele>2298.0</ele><time>2025-08-30T19:08:49Z</time></trkpt><trkpt lat="47.561008" lon="-121.171531"><ele>2300.0</ele><time>2025-08-30T19:09:00Z</time></trkpt><trkpt lat="47.561052" lon="-121.171627"><ele>2301.0</ele><time>2025-08-30T19:09:45Z</time></trkpt><trkpt lat="47.561071" lon="-121.171644"><ele>2299.0</ele><time>2025-08-30T19:09:58Z</time></trkpt><trkpt lat="47.561128" lon="-121.171652"><ele>2304.0</ele><time>2025-08-30T19:10:32Z</time></trkpt><trkpt lat="47.561196" lon="-121.171947"><ele>2296.0</ele><time>2025-08-30T19:12:39Z</time></trkpt><trkpt lat="47.561218" lon="-121.171968"><ele>2295.0</ele><time>2025-08-30T19:12:47Z</time></trkpt><trkpt lat="47.561238" lon="-121.172045"><ele>2298.0</ele><time>2025-08-30T19:13:07Z</time></trkpt><trkpt lat="47.561232" lon="-121.172101"><ele>2296.0</ele><time>2025-08-30T19:13:15Z</time></trkpt><trkpt lat="47.561269" lon="-121.172195"><ele>2298.0</ele><time>2025-08-30T19:13:25Z</time></trkpt><trkpt lat="47.561282" lon="-121.172259"><ele>2298.0</ele><time>2025-08-30T19:13:31Z</time></trkpt><trkpt lat="47.561331" lon="-121.172311"><ele>2300.0</ele><time>2025-08-30T19:13:39Z</time></trkpt><trkpt lat="47.561387" lon="-121.172408"><ele>2296.0</ele><time>2025-08-30T19:13:53Z</time></trkpt><trkpt lat="47.561408" lon="-121.172424"><ele>2301.0</ele><time>2025-08-30T19:13:57Z</time></trkpt><trkpt lat="47.561547" lon="-121.172622"><ele>2298.0</ele><time>2025-08-30T19:14:18Z</time></trkpt><trkpt lat="47.561573" lon="-121.172641"><ele>2300.0</ele><time>2025-08-30T19:14:22Z</time></trkpt><trkpt lat="47.56159" lon="-121.172736"><ele>2298.0</ele><time>2025-08-30T19:14:29Z</time></trkpt><trkpt lat="47.561606" lon="-121.172765"><ele>2298.0</ele><time>2025-08-30T19:14:32Z</time></trkpt><trkpt lat="47.561677" lon="-121.172824"><ele>2300.0</ele><time>2025-08-30T19:14:44Z</time></trkpt><trkpt lat="47.561778" lon="-121.172991"><ele>2298.0</ele><time>2025-08-30T19:15:08Z</time></trkpt><trkpt lat="47.561835" lon="-121.173016"><ele>2300.0</ele><time>2025-08-30T19:15:17Z</time></trkpt><trkpt lat="47.561862" lon="-121.173046"><ele>2295.0</ele><time>2025-08-30T19:15:24Z</time></trkpt><trkpt lat="47.561906" lon="-121.173058"><ele>2302.0</ele><time>2025-08-30T19:15:37Z</time></trkpt><trkpt lat="47.561937" lon="-121.173039"><ele>2299.0</ele><time>2025-08-30T19:15:47Z</time></trkpt><trkpt lat="47.561977" lon="-121.173083"><ele>2297.0</ele><time>2025-08-30T19:16:04Z</time></trkpt><trkpt lat="47.561989" lon="-121.173115"><ele>2298.0</ele><time>2025-08-30T19:16:07Z</time></trkpt><trkpt lat="47.561985" lon="-121.173216"><ele>2295.0</ele><time>2025-08-30T19:16:24Z</time></trkpt><trkpt lat="47.562015" lon="-121.173326"><ele>2292.0</ele><time>2025-08-30T19:16:39Z</time></trkpt><trkpt lat="47.562067" lon="-121.173408"><ele>2289.0</ele><time>2025-08-30T19:16:50Z</time></trkpt><trkpt lat="47.562188" lon="-121.173513"><ele>2292.0</ele><time>2025-08-30T19:17:07Z</time></trkpt><trkpt lat="47.562249" lon="-121.173679"><ele>2288.0</ele><time>2025-08-30T19:17:29Z</time></trkpt><trkpt lat="47.56232" lon="-121.173743"><ele>2289.0</ele><time>2025-08-30T19:17:39Z</time></trkpt><trkpt lat="47.562364" lon="-121.173809"><ele>2288.0</ele><time>2025-08-30T19:17:44Z</time></trkpt><trkpt lat="47.562463" lon="-121.173894"><ele>2292.0</ele><time>2025-08-30T19:17:57Z</time></trkpt><trkpt lat="47.562574" lon="-121.174101"><ele>2295.0</ele><time>2025-08-30T19:18:36Z</time></trkpt><trkpt lat="47.562613" lon="-121.174106"><ele>2299.0</ele><time>2025-08-30T19:18:45Z</time></trkpt><trkpt lat="47.56276" lon="-121.174316"><ele>2304.0</ele><time>2025-08-30T19:19:37Z</time></trkpt><trkpt lat="47.562815" lon="-121.17431"><ele>2304.0</ele><time>2025-08-30T19:19:48Z</time></trkpt><trkpt lat="47.562885" lon="-121.174352"><ele>2306.0</ele><time>2025-08-30T19:20:00Z</time></trkpt><trkpt lat="47.562926" lon="-121.174342"><ele>2309.6</ele><time>2025-08-30T19:20:38Z</time></trkpt><trkpt lat="47.562899" lon="-121.174423"><ele>2305.0</ele><time>2025-08-30T19:20:49Z</time></trkpt><trkpt lat="47.562911" lon="-121.174486"><ele>2308.0</ele><time>2025-08-30T19:20:57Z</time></trkpt><trkpt lat="47.562887" lon="-121.174695"><ele>2315.0</ele><time>2025-08-30T19:21:30Z</time></trkpt><trkpt lat="47.562858" lon="-121.174783"><ele>2320.0</ele><time>2025-08-30T19:21:58Z</time></trkpt><trkpt lat="47.562893" lon="-121.174934"><ele>2325.0</ele><time>2025-08-30T19:23:43Z</time></trkpt><trkpt lat="47.562917" lon="-121.174971"><ele>2327.0</ele><time>2025-08-30T19:24:02Z</time></trkpt><trkpt lat="47.562891" lon="-121.175055"><ele>2335.0</ele><time>2025-08-30T19:24:54Z</time></trkpt><trkpt lat="47.562933" lon="-121.175121"><ele>2338.0</ele><time>2025-08-30T19:25:32Z</time></trkpt><trkpt lat="47.562825" lon="-121.175253"><ele>2343.0</ele><time>2025-08-30T19:28:06Z</time></trkpt><trkpt lat="47.562787" lon="-121.17533"><ele>2350.0</ele><time>2025-08-30T19:28:56Z</time></trkpt><trkpt lat="47.562834" lon="-121.175375"><ele>2351.8</ele><time>2025-08-30T19:29:20Z</time></trkpt><trkpt lat="47.562822" lon="-121.175429"><ele>2355.0</ele><time>2025-08-30T19:29:40Z</time></trkpt><trkpt lat="47.562844" lon="-121.175463"><ele>2355.0</ele><time>2025-08-30T19:29:50Z</time></trkpt><trkpt lat="47.562801" lon="-121.175497"><ele>2352.0</ele><time>2025-08-30T19:30:07Z</time></trkpt><trkpt lat="47.562809" lon="-121.17553"><ele>2352.0</ele><time>2025-08-30T19:30:15Z</time></trkpt><trkpt lat="47.562804" lon="-121.175597"><ele>2355.0</ele><time>2025-08-30T19:30:27Z</time></trkpt><trkpt lat="47.562853" lon="-121.175629"><ele>2358.0</ele><time>2025-08-30T19:30:39Z</time></trkpt><trkpt lat="47.562869" lon="-121.175694"><ele>2360.0</ele><time>2025-08-30T19:31:15Z</time></trkpt><trkpt lat="47.562897" lon="-121.175707"><ele>2360.0</ele><time>2025-08-30T19:31:19Z</time></trkpt><trkpt lat="47.562939" lon="-121.17578"><ele>2362.0</ele><time>2025-08-30T19:31:27Z</time></trkpt><trkpt lat="47.562991" lon="-121.175754"><ele>2364.0</ele><time>2025-08-30T19:31:33Z</time></trkpt><trkpt lat="47.563121" lon="-121.17572"><ele>2360.0</ele><time>2025-08-30T19:31:57Z</time></trkpt><trkpt lat="47.563155" lon="-121.175702"><ele>2360.0</ele><time>2025-08-30T19:32:01Z</time></trkpt><trkpt lat="47.563301" lon="-121.175737"><ele>2358.0</ele><time>2025-08-30T19:32:17Z</time></trkpt><trkpt lat="47.563325" lon="-121.175756"><ele>2358.0</ele><time>2025-08-30T19:32:20Z</time></trkpt><trkpt lat="47.563337" lon="-121.17579"><ele>2358.0</ele><time>2025-08-30T19:32:23Z</time></trkpt><trkpt lat="47.563359" lon="-121.175808"><ele>2358.0</ele><time>2025-08-30T19:32:25Z</time></trkpt><trkpt lat="47.563383" lon="-121.175885"><ele>2360.0</ele><time>2025-08-30T19:32:40Z</time></trkpt><trkpt lat="47.563408" lon="-121.175922"><ele>2360.0</ele><time>2025-08-30T19:32:44Z</time></trkpt><trkpt lat="47.563471" lon="-121.175951"><ele>2361.0</ele><time>2025-08-30T19:32:51Z</time></trkpt><trkpt lat="47.56352" lon="-121.176008"><ele>2359.0</ele><time>2025-08-30T19:33:00Z</time></trkpt><trkpt lat="47.56355" lon="-121.176018"><ele>2358.0</ele><time>2025-08-30T19:33:07Z</time></trkpt><trkpt lat="47.563587" lon="-121.176052"><ele>2358.0</ele><time>2025-08-30T19:33:13Z</time></trkpt><trkpt lat="47.56365" lon="-121.17605"><ele>2358.0</ele><time>2025-08-30T19:33:20Z</time></trkpt><trkpt lat="47.563742" lon="-121.176106"><ele>2356.0</ele><time>2025-08-30T19:33:30Z</time></trkpt><trkpt lat="47.563815" lon="-121.176233"><ele>2358.0</ele><time>2025-08-30T19:33:40Z</time></trkpt><trkpt lat="47.563873" lon="-121.17638"><ele>2358.0</ele><time>2025-08-30T19:33:50Z</time></trkpt><trkpt lat="47.563898" lon="-121.17641"><ele>2358.0</ele><time>2025-08-30T19:33:53Z</time></trkpt><trkpt lat="47.563956" lon="-121.176451"><ele>2358.0</ele><time>2025-08-30T19:34:00Z</time></trkpt><trkpt lat="47.563978" lon="-121.176532"><ele>2360.0</ele><time>2025-08-30T19:34:05Z</time></trkpt><trkpt lat="47.563975" lon="-121.176607"><ele>2360.0</ele><time>2025-08-30T19:34:10Z</time></trkpt><trkpt lat="47.564022" lon="-121.176648"><ele>2361.0</ele><time>2025-08-30T19:34:16Z</time></trkpt><trkpt lat="47.564052" lon="-121.176709"><ele>2362.0</ele><time>2025-08-30T19:34:22Z</time></trkpt><trkpt lat="47.564088" lon="-121.176711"><ele>2364.0</ele><time>2025-08-30T19:34:26Z</time></trkpt><trkpt lat="47.564126" lon="-121.176808"><ele>2364.0</ele><time>2025-08-30T19:34:36Z</time></trkpt><trkpt lat="47.56421" lon="-121.176916"><ele>2368.0</ele><time>2025-08-30T19:34:49Z</time></trkpt><trkpt lat="47.564238" lon="-121.176996"><ele>2368.0</ele><time>2025-08-30T19:35:01Z</time></trkpt><trkpt lat="47.564318" lon="-121.177122"><ele>2370.0</ele><time>2025-08-30T19:35:37Z</time></trkpt><trkpt lat="47.564443" lon="-121.177429"><ele>2373.0</ele><time>2025-08-30T19:36:05Z</time></trkpt><trkpt lat="47.564492" lon="-121.177466"><ele>2372.0</ele><time>2025-08-30T19:36:12Z</time></trkpt><trkpt lat="47.564515" lon="-121.177506"><ele>2377.4</ele><time>2025-08-30T19:36:53Z</time></trkpt><trkpt lat="47.564518" lon="-121.177528"><ele>2376.0</ele><time>2025-08-30T19:36:58Z</time></trkpt><trkpt lat="47.564672" lon="-121.177696"><ele>2376.0</ele><time>2025-08-30T19:37:21Z</time></trkpt><trkpt lat="47.564718" lon="-121.177787"><ele>2378.0</ele><time>2025-08-30T19:37:33Z</time></trkpt><trkpt lat="47.564794" lon="-121.177897"><ele>2378.0</ele><time>2025-08-30T19:37:43Z</time></trkpt><trkpt lat="47.564846" lon="-121.177995"><ele>2377.0</ele><time>2025-08-30T19:37:52Z</time></trkpt><trkpt lat="47.564893" lon="-121.178037"><ele>2376.0</ele><time>2025-08-30T19:37:58Z</time></trkpt><trkpt lat="47.564923" lon="-121.178102"><ele>2378.0</ele><time>2025-08-30T19:38:03Z</time></trkpt><trkpt lat="47.56494" lon="-121.178225"><ele>2378.0</ele><time>2025-08-30T19:38:20Z</time></trkpt><trkpt lat="47.564993" lon="-121.178358"><ele>2378.0</ele><time>2025-08-30T19:38:36Z</time></trkpt><trkpt lat="47.565033" lon="-121.178431"><ele>2377.0</ele><time>2025-08-30T19:38:54Z</time></trkpt><trkpt lat="47.565052" lon="-121.178648"><ele>2378.0</ele><time>2025-08-30T19:39:23Z</time></trkpt><trkpt lat="47.565048" lon="-121.178763"><ele>2379.0</ele><time>2025-08-30T19:39:33Z</time></trkpt><trkpt lat="47.565087" lon="-121.17889"><ele>2382.0</ele><time>2025-08-30T19:39:46Z</time></trkpt><trkpt lat="47.565098" lon="-121.179242"><ele>2384.0</ele><time>2025-08-30T19:40:19Z</time></trkpt><trkpt lat="47.565015" lon="-121.179564"><ele>2388.0</ele><time>2025-08-30T19:40:47Z</time></trkpt><trkpt lat="47.564958" lon="-121.179616"><ele>2388.0</ele><time>2025-08-30T19:40:58Z</time></trkpt><trkpt lat="47.564956" lon="-121.17966"><ele>2388.0</ele><time>2025-08-30T19:41:06Z</time></trkpt><trkpt lat="47.564973" lon="-121.17964"><ele>2390.2</ele><time>2025-08-30T19:41:12Z</time></trkpt><trkpt lat="47.564966" lon="-121.179706"><ele>2385.0</ele><time>2025-08-30T19:41:19Z</time></trkpt><trkpt lat="47.564988" lon="-121.17977"><ele>2392.0</ele><time>2025-08-30T19:41:31Z</time></trkpt><trkpt lat="47.564959" lon="-121.179837"><ele>2390.0</ele><time>2025-08-30T19:41:41Z</time></trkpt><trkpt lat="47.564954" lon="-121.179907"><ele>2394.0</ele><time>2025-08-30T19:41:53Z</time></trkpt><trkpt lat="47.564934" lon="-121.179949"><ele>2395.0</ele><time>2025-08-30T19:42:05Z</time></trkpt><trkpt lat="47.564931" lon="-121.180012"><ele>2390.0</ele><time>2025-08-30T19:42:44Z</time></trkpt><trkpt lat="47.564886" lon="-121.180161"><ele>2398.0</ele><time>2025-08-30T19:43:30Z</time></trkpt><trkpt lat="47.564911" lon="-121.180301"><ele>2398.0</ele><time>2025-08-30T19:44:11Z</time></trkpt><trkpt lat="47.564888" lon="-121.180362"><ele>2409.0</ele><time>2025-08-30T19:44:29Z</time></trkpt><trkpt lat="47.564902" lon="-121.18041"><ele>2410.0</ele><time>2025-08-30T19:44:46Z</time></trkpt><trkpt lat="47.564865" lon="-121.18049"><ele>2409.0</ele><time>2025-08-30T19:45:36Z</time></trkpt><trkpt lat="47.564874" lon="-121.180537"><ele>2415.0</ele><time>2025-08-30T19:45:52Z</time></trkpt><trkpt lat="47.564905" lon="-121.18059"><ele>2415.0</ele><time>2025-08-30T19:46:01Z</time></trkpt><trkpt lat="47.564887" lon="-121.180626"><ele>2419.0</ele><time>2025-08-30T19:46:06Z</time></trkpt><trkpt lat="47.564911" lon="-121.18066"><ele>2415.0</ele><time>2025-08-30T19:46:46Z</time></trkpt><trkpt lat="47.564931" lon="-121.180716"><ele>2418.0</ele><time>2025-08-30T19:47:14Z</time></trkpt><trkpt lat="47.564981" lon="-121.180782"><ele>2418.0</ele><time>2025-08-30T19:47:37Z</time></trkpt><trkpt lat="47.56503" lon="-121.180867"><ele>2424.0</ele><time>2025-08-30T19:48:35Z</time></trkpt><trkpt lat="47.565036" lon="-121.180926"><ele>2429.0</ele><time>2025-08-30T19:49:24Z</time></trkpt><trkpt lat="47.565035" lon="-121.180937"><ele>2417.0</ele><time>2025-08-30T20:01:27Z</time></trkpt><trkpt lat="47.565021" lon="-121.180875"><ele>2416.0</ele><time>2025-08-30T20:02:40Z</time></trkpt><trkpt lat="47.565028" lon="-121.180842"><ele>2416.3</ele><time>2025-08-30T20:02:53Z</time></trkpt><trkpt lat="47.564984" lon="-121.180805"><ele>2412.0</ele><time>2025-08-30T20:03:29Z</time></trkpt><trkpt lat="47.564921" lon="-121.180706"><ele>2415.0</ele><time>2025-08-30T20:03:46Z</time></trkpt><trkpt lat="47.56489" lon="-121.180657"><ele>2415.0</ele><time>2025-08-30T20:05:53Z</time></trkpt><trkpt lat="47.56488" lon="-121.180485"><ele>2410.0</ele><time>2025-08-30T20:07:19Z</time></trkpt><trkpt lat="47.564905" lon="-121.180312"><ele>2400.0</ele><time>2025-08-30T20:08:05Z</time></trkpt><trkpt lat="47.564899" lon="-121.180268"><ele>2400.0</ele><time>2025-08-30T20:08:18Z</time></trkpt><trkpt lat="47.564879" lon="-121.180229"><ele>2400.0</ele><time>2025-08-30T20:08:30Z</time></trkpt><trkpt lat="47.564896" lon="-121.180261"><ele>2394.0</ele><time>2025-08-30T20:08:39Z</time></trkpt><trkpt lat="47.564887" lon="-121.180164"><ele>2400.0</ele><time>2025-08-30T20:08:59Z</time></trkpt><trkpt lat="47.564907" lon="-121.180198"><ele>2400.3</ele><time>2025-08-30T20:09:04Z</time></trkpt><trkpt lat="47.564912" lon="-121.180152"><ele>2395.0</ele><time>2025-08-30T20:09:11Z</time></trkpt><trkpt lat="47.564898" lon="-121.180117"><ele>2397.0</ele><time>2025-08-30T20:09:28Z</time></trkpt><trkpt lat="47.5649" lon="-121.180083"><ele>2395.0</ele><time>2025-08-30T20:09:32Z</time></trkpt><trkpt lat="47.564944" lon="-121.179947"><ele>2394.3</ele><time>2025-08-30T20:09:49Z</time></trkpt><trkpt lat="47.564931" lon="-121.179976"><ele>2391.0</ele><time>2025-08-30T20:09:51Z</time></trkpt><trkpt lat="47.56493" lon="-121.17989"><ele>2390.0</ele><time>2025-08-30T20:10:07Z</time></trkpt><trkpt lat="47.564971" lon="-121.179831"><ele>2391.0</ele><time>2025-08-30T20:10:21Z</time></trkpt><trkpt lat="47.564943" lon="-121.17978"><ele>2388.0</ele><time>2025-08-30T20:10:37Z</time></trkpt><trkpt lat="47.564961" lon="-121.179708"><ele>2385.0</ele><time>2025-08-30T20:10:47Z</time></trkpt><trkpt lat="47.564952" lon="-121.17963"><ele>2380.0</ele><time>2025-08-30T20:11:01Z</time></trkpt><trkpt lat="47.564973" lon="-121.179593"><ele>2384.0</ele><time>2025-08-30T20:11:07Z</time></trkpt><trkpt lat="47.56501" lon="-121.179574"><ele>2380.0</ele><time>2025-08-30T20:11:11Z</time></trkpt><trkpt lat="47.565067" lon="-121.179469"><ele>2382.0</ele><time>2025-08-30T20:11:24Z</time></trkpt><trkpt lat="47.565065" lon="-121.179425"><ele>2380.0</ele><time>2025-08-30T20:11:29Z</time></trkpt><trkpt lat="47.565102" lon="-121.179243"><ele>2379.0</ele><time>2025-08-30T20:11:49Z</time></trkpt><trkpt lat="47.565106" lon="-121.179125"><ele>2380.0</ele><time>2025-08-30T20:12:00Z</time></trkpt><trkpt lat="47.565072" lon="-121.178848"><ele>2375.0</ele><time>2025-08-30T20:12:27Z</time></trkpt><trkpt lat="47.565078" lon="-121.178819"><ele>2376.0</ele><time>2025-08-30T20:12:30Z</time></trkpt><trkpt lat="47.565049" lon="-121.178761"><ele>2373.0</ele><time>2025-08-30T20:12:36Z</time></trkpt><trkpt lat="47.565056" lon="-121.178694"><ele>2370.0</ele><time>2025-08-30T20:12:45Z</time></trkpt><trkpt lat="47.565041" lon="-121.178636"><ele>2373.0</ele><time>2025-08-30T20:12:51Z</time></trkpt><trkpt lat="47.564992" lon="-121.178552"><ele>2372.0</ele><time>2025-08-30T20:13:03Z</time></trkpt><trkpt lat="47.56498" lon="-121.178478"><ele>2373.0</ele><time>2025-08-30T20:13:08Z</time></trkpt><trkpt lat="47.564928" lon="-121.1784"><ele>2371.3</ele><time>2025-08-30T20:13:18Z</time></trkpt><trkpt lat="47.564931" lon="-121.17837"><ele>2372.0</ele><time>2025-08-30T20:13:20Z</time></trkpt><trkpt lat="47.564892" lon="-121.178318"><ele>2370.0</ele><time>2025-08-30T20:13:26Z</time></trkpt><trkpt lat="47.564881" lon="-121.178281"><ele>2370.0</ele><time>2025-08-30T20:13:28Z</time></trkpt><trkpt lat="47.564794" lon="-121.178187"><ele>2368.0</ele><time>2025-08-30T20:13:41Z</time></trkpt><trkpt lat="47.564749" lon="-121.178089"><ele>2367.0</ele><time>2025-08-30T20:13:52Z</time></trkpt><trkpt lat="47.564666" lon="-121.177971"><ele>2364.0</ele><time>2025-08-30T20:14:06Z</time></trkpt><trkpt lat="47.564614" lon="-121.177937"><ele>2365.2</ele><time>2025-08-30T20:14:12Z</time></trkpt><trkpt lat="47.564606" lon="-121.177867"><ele>2364.0</ele><time>2025-08-30T20:14:18Z</time></trkpt><trkpt lat="47.564543" lon="-121.177741"><ele>2365.0</ele><time>2025-08-30T20:14:31Z</time></trkpt><trkpt lat="47.56451" lon="-121.177724"><ele>2364.0</ele><time>2025-08-30T20:14:35Z</time></trkpt><trkpt lat="47.564471" lon="-121.177627"><ele>2366.0</ele><time>2025-08-30T20:14:44Z</time></trkpt><trkpt lat="47.56447" lon="-121.177597"><ele>2365.0</ele><time>2025-08-30T20:14:47Z</time></trkpt><trkpt lat="47.564364" lon="-121.17747"><ele>2367.0</ele><time>2025-08-30T20:14:59Z</time></trkpt><trkpt lat="47.564339" lon="-121.177414"><ele>2366.0</ele><time>2025-08-30T20:15:03Z</time></trkpt><trkpt lat="47.564298" lon="-121.177381"><ele>2365.0</ele><time>2025-08-30T20:15:08Z</time></trkpt><trkpt lat="47.564228" lon="-121.177275"><ele>2364.0</ele><time>2025-08-30T20:15:19Z</time></trkpt><trkpt lat="47.564158" lon="-121.177206"><ele>2362.0</ele><time>2025-08-30T20:15:27Z</time></trkpt><trkpt lat="47.564132" lon="-121.177142"><ele>2362.0</ele><time>2025-08-30T20:15:33Z</time></trkpt><trkpt lat="47.564109" lon="-121.177114"><ele>2361.0</ele><time>2025-08-30T20:15:35Z</time></trkpt><trkpt lat="47.564089" lon="-121.177018"><ele>2359.0</ele><time>2025-08-30T20:15:44Z</time></trkpt><trkpt lat="47.56404" lon="-121.1769"><ele>2362.4</ele><time>2025-08-30T20:15:52Z</time></trkpt><trkpt lat="47.564003" lon="-121.176765"><ele>2360.0</ele><time>2025-08-30T20:16:01Z</time></trkpt><trkpt lat="47.564012" lon="-121.176698"><ele>2359.0</ele><time>2025-08-30T20:16:06Z</time></trkpt><trkpt lat="47.563988" lon="-121.176592"><ele>2358.0</ele><time>2025-08-30T20:16:13Z</time></trkpt><trkpt lat="47.563977" lon="-121.176471"><ele>2358.0</ele><time>2025-08-30T20:16:21Z</time></trkpt><trkpt lat="47.563869" lon="-121.176336"><ele>2358.0</ele><time>2025-08-30T20:16:32Z</time></trkpt><trkpt lat="47.563828" lon="-121.176244"><ele>2357.0</ele><time>2025-08-30T20:16:40Z</time></trkpt><trkpt lat="47.563759" lon="-121.176142"><ele>2357.0</ele><time>2025-08-30T20:16:50Z</time></trkpt><trkpt lat="47.563745" lon="-121.176085"><ele>2358.4</ele><time>2025-08-30T20:16:53Z</time></trkpt><trkpt lat="47.563691" lon="-121.176102"><ele>2358.0</ele><time>2025-08-30T20:16:58Z</time></trkpt><trkpt lat="47.563664" lon="-121.176079"><ele>2357.0</ele><time>2025-08-30T20:17:02Z</time></trkpt><trkpt lat="47.563634" lon="-121.176079"><ele>2359.0</ele><time>2025-08-30T20:17:05Z</time></trkpt><trkpt lat="47.563574" lon="-121.176111"><ele>2355.0</ele><time>2025-08-30T20:17:12Z</time></trkpt><trkpt lat="47.563408" lon="-121.176125"><ele>2358.7</ele><time>2025-08-30T20:17:32Z</time></trkpt><trkpt lat="47.563384" lon="-121.176101"><ele>2355.0</ele><time>2025-08-30T20:17:35Z</time></trkpt><trkpt lat="47.563351" lon="-121.176087"><ele>2356.0</ele><time>2025-08-30T20:17:39Z</time></trkpt><trkpt lat="47.56326" lon="-121.175999"><ele>2358.0</ele><time>2025-08-30T20:17:49Z</time></trkpt><trkpt lat="47.563172" lon="-121.175955"><ele>2358.0</ele><time>2025-08-30T20:17:57Z</time></trkpt><trkpt lat="47.563125" lon="-121.175955"><ele>2356.0</ele><time>2025-08-30T20:18:01Z</time></trkpt><trkpt lat="47.56309" lon="-121.175897"><ele>2358.0</ele><time>2025-08-30T20:18:11Z</time></trkpt><trkpt lat="47.56308" lon="-121.175852"><ele>2360.0</ele><time>2025-08-30T20:18:18Z</time></trkpt><trkpt lat="47.563097" lon="-121.175771"><ele>2361.0</ele><time>2025-08-30T20:18:29Z</time></trkpt><trkpt lat="47.563083" lon="-121.175662"><ele>2358.0</ele><time>2025-08-30T20:19:10Z</time></trkpt><trkpt lat="47.56307" lon="-121.175706"><ele>2354.0</ele><time>2025-08-30T20:19:44Z</time></trkpt><trkpt lat="47.563101" lon="-121.175569"><ele>2360.3</ele><time>2025-08-30T20:20:11Z</time></trkpt><trkpt lat="47.563041" lon="-121.175559"><ele>2357.0</ele><time>2025-08-30T20:20:16Z</time></trkpt><trkpt lat="47.562886" lon="-121.175447"><ele>2351.1</ele><time>2025-08-30T20:20:45Z</time></trkpt><trkpt lat="47.56288" lon="-121.175419"><ele>2350.0</ele><time>2025-08-30T20:20:49Z</time></trkpt><trkpt lat="47.562893" lon="-121.175378"><ele>2348.0</ele><time>2025-08-30T20:20:56Z</time></trkpt><trkpt lat="47.562855" lon="-121.175338"><ele>2347.0</ele><time>2025-08-30T20:21:06Z</time></trkpt><trkpt lat="47.562863" lon="-121.175292"><ele>2346.0</ele><time>2025-08-30T20:21:20Z</time></trkpt><trkpt lat="47.562781" lon="-121.175229"><ele>2341.0</ele><time>2025-08-30T20:21:59Z</time></trkpt><trkpt lat="47.562823" lon="-121.175155"><ele>2340.0</ele><time>2025-08-30T20:22:25Z</time></trkpt><trkpt lat="47.562824" lon="-121.175116"><ele>2340.0</ele><time>2025-08-30T20:22:37Z</time></trkpt><trkpt lat="47.562875" lon="-121.175001"><ele>2337.6</ele><time>2025-08-30T20:23:11Z</time></trkpt><trkpt lat="47.562894" lon="-121.175033"><ele>2334.0</ele><time>2025-08-30T20:23:29Z</time></trkpt><trkpt lat="47.562836" lon="-121.174938"><ele>2329.3</ele><time>2025-08-30T20:24:15Z</time></trkpt><trkpt lat="47.562814" lon="-121.174875"><ele>2328.0</ele><time>2025-08-30T20:24:27Z</time></trkpt><trkpt lat="47.562816" lon="-121.174849"><ele>2324.0</ele><time>2025-08-30T20:24:32Z</time></trkpt><trkpt lat="47.562861" lon="-121.174743"><ele>2321.0</ele><time>2025-08-30T20:24:58Z</time></trkpt><trkpt lat="47.562843" lon="-121.174706"><ele>2316.0</ele><time>2025-08-30T20:25:10Z</time></trkpt><trkpt lat="47.562871" lon="-121.174539"><ele>2309.0</ele><time>2025-08-30T20:25:39Z</time></trkpt><trkpt lat="47.562913" lon="-121.174369"><ele>2310.0</ele><time>2025-08-30T20:25:58Z</time></trkpt><trkpt lat="47.562892" lon="-121.174284"><ele>2307.0</ele><time>2025-08-30T20:26:07Z</time></trkpt><trkpt lat="47.562768" lon="-121.174279"><ele>2306.0</ele><time>2025-08-30T20:26:29Z</time></trkpt><trkpt lat="47.562743" lon="-121.174252"><ele>2306.0</ele><time>2025-08-30T20:26:31Z</time></trkpt><trkpt lat="47.562739" lon="-121.174212"><ele>2304.0</ele><time>2025-08-30T20:26:35Z</time></trkpt><trkpt lat="47.562668" lon="-121.174162"><ele>2300.0</ele><time>2025-08-30T20:26:45Z</time></trkpt><trkpt lat="47.56265" lon="-121.174086"><ele>2298.0</ele><time>2025-08-30T20:26:50Z</time></trkpt><trkpt lat="47.562615" lon="-121.174061"><ele>2296.0</ele><time>2025-08-30T20:26:56Z</time></trkpt><trkpt lat="47.562593" lon="-121.173997"><ele>2288.0</ele><time>2025-08-30T20:27:11Z</time></trkpt><trkpt lat="47.562554" lon="-121.174007"><ele>2292.0</ele><time>2025-08-30T20:27:19Z</time></trkpt><trkpt lat="47.562517" lon="-121.173993"><ele>2292.0</ele><time>2025-08-30T20:27:23Z</time></trkpt><trkpt lat="47.562532" lon="-121.173954"><ele>2290.0</ele><time>2025-08-30T20:27:28Z</time></trkpt><trkpt lat="47.562482" lon="-121.173933"><ele>2286.0</ele><time>2025-08-30T20:27:36Z</time></trkpt><trkpt lat="47.56247" lon="-121.173843"><ele>2286.0</ele><time>2025-08-30T20:27:46Z</time></trkpt><trkpt lat="47.56245" lon="-121.173798"><ele>2287.2</ele><time>2025-08-30T20:27:50Z</time></trkpt><trkpt lat="47.56232" lon="-121.173668"><ele>2286.0</ele><time>2025-08-30T20:28:10Z</time></trkpt><trkpt lat="47.562231" lon="-121.173602"><ele>2284.0</ele><time>2025-08-30T20:28:21Z</time></trkpt><trkpt lat="47.562212" lon="-121.173519"><ele>2286.0</ele><time>2025-08-30T20:28:28Z</time></trkpt><trkpt lat="47.562214" lon="-121.173457"><ele>2285.0</ele><time>2025-08-30T20:28:37Z</time></trkpt><trkpt lat="47.562104" lon="-121.173398"><ele>2285.0</ele><time>2025-08-30T20:28:52Z</time></trkpt><trkpt lat="47.562056" lon="-121.173336"><ele>2286.0</ele><time>2025-08-30T20:28:58Z</time></trkpt><trkpt lat="47.562055" lon="-121.173297"><ele>2287.0</ele><time>2025-08-30T20:29:00Z</time></trkpt><trkpt lat="47.562011" lon="-121.173202"><ele>2287.0</ele><time>2025-08-30T20:29:10Z</time></trkpt><trkpt lat="47.561995" lon="-121.173108"><ele>2290.0</ele><time>2025-08-30T20:29:23Z</time></trkpt><trkpt lat="47.562015" lon="-121.173078"><ele>2290.0</ele><time>2025-08-30T20:29:30Z</time></trkpt><trkpt lat="47.561951" lon="-121.173015"><ele>2295.0</ele><time>2025-08-30T20:29:47Z</time></trkpt><trkpt lat="47.56192" lon="-121.17302"><ele>2296.0</ele><time>2025-08-30T20:29:52Z</time></trkpt><trkpt lat="47.56188" lon="-121.173049"><ele>2299.0</ele><time>2025-08-30T20:30:17Z</time></trkpt><trkpt lat="47.561824" lon="-121.172987"><ele>2299.0</ele><time>2025-08-30T20:30:39Z</time></trkpt><trkpt lat="47.561768" lon="-121.172945"><ele>2295.0</ele><time>2025-08-30T20:30:54Z</time></trkpt><trkpt lat="47.5617" lon="-121.172797"><ele>2293.0</ele><time>2025-08-30T20:31:11Z</time></trkpt><trkpt lat="47.56168" lon="-121.17277"><ele>2293.0</ele><time>2025-08-30T20:31:14Z</time></trkpt><trkpt lat="47.561618" lon="-121.172736"><ele>2294.0</ele><time>2025-08-30T20:31:22Z</time></trkpt><trkpt lat="47.561587" lon="-121.172624"><ele>2292.0</ele><time>2025-08-30T20:31:32Z</time></trkpt><trkpt lat="47.561546" lon="-121.172608"><ele>2294.0</ele><time>2025-08-30T20:31:36Z</time></trkpt><trkpt lat="47.561505" lon="-121.172533"><ele>2294.0</ele><time>2025-08-30T20:31:44Z</time></trkpt><trkpt lat="47.561471" lon="-121.172512"><ele>2293.0</ele><time>2025-08-30T20:31:48Z</time></trkpt><trkpt lat="47.56143" lon="-121.172443"><ele>2295.0</ele><time>2025-08-30T20:31:55Z</time></trkpt><trkpt lat="47.561378" lon="-121.172398"><ele>2295.0</ele><time>2025-08-30T20:32:04Z</time></trkpt><trkpt lat="47.561345" lon="-121.172342"><ele>2297.0</ele><time>2025-08-30T20:32:10Z</time></trkpt><trkpt lat="47.561275" lon="-121.172266"><ele>2293.0</ele><time>2025-08-30T20:32:23Z</time></trkpt><trkpt lat="47.561262" lon="-121.172199"><ele>2295.0</ele><time>2025-08-30T20:32:29Z</time></trkpt><trkpt lat="47.561219" lon="-121.172134"><ele>2296.0</ele><time>2025-08-30T20:32:37Z</time></trkpt><trkpt lat="47.561235" lon="-121.172041"><ele>2295.0</ele><time>2025-08-30T20:32:47Z</time></trkpt><trkpt lat="47.561222" lon="-121.171953"><ele>2294.0</ele><time>2025-08-30T20:33:01Z</time></trkpt><trkpt lat="47.561159" lon="-121.171759"><ele>2295.0</ele><time>2025-08-30T20:33:51Z</time></trkpt><trkpt lat="47.561172" lon="-121.171734"><ele>2296.0</ele><time>2025-08-30T20:33:55Z</time></trkpt><trkpt lat="47.561141" lon="-121.171663"><ele>2298.0</ele><time>2025-08-30T20:34:24Z</time></trkpt><trkpt lat="47.56114" lon="-121.17163"><ele>2298.0</ele><time>2025-08-30T20:34:41Z</time></trkpt><trkpt lat="47.561107" lon="-121.171629"><ele>2300.8</ele><time>2025-08-30T20:35:19Z</time></trkpt><trkpt lat="47.561037" lon="-121.171585"><ele>2293.0</ele><time>2025-08-30T20:35:44Z</time></trkpt><trkpt lat="47.561028" lon="-121.171533"><ele>2295.0</ele><time>2025-08-30T20:35:51Z</time></trkpt><trkpt lat="47.560989" lon="-121.171504"><ele>2292.0</ele><time>2025-08-30T20:36:01Z</time></trkpt><trkpt lat="47.560942" lon="-121.171499"><ele>2292.0</ele><time>2025-08-30T20:36:16Z</time></trkpt><trkpt lat="47.560906" lon="-121.171394"><ele>2295.0</ele><time>2025-08-30T20:36:28Z</time></trkpt><trkpt lat="47.560836" lon="-121.171323"><ele>2292.0</ele><time>2025-08-30T20:36:46Z</time></trkpt><trkpt lat="47.560822" lon="-121.171214"><ele>2300.0</ele><time>2025-08-30T20:37:02Z</time></trkpt><trkpt lat="47.560743" lon="-121.171127"><ele>2299.0</ele><time>2025-08-30T20:37:58Z</time></trkpt><trkpt lat="47.560741" lon="-121.171083"><ele>2288.0</ele><time>2025-08-30T20:38:23Z</time></trkpt><trkpt lat="47.560712" lon="-121.171034"><ele>2295.0</ele><time>2025-08-30T20:38:46Z</time></trkpt><trkpt lat="47.560698" lon="-121.171056"><ele>2296.0</ele><time>2025-08-30T20:39:08Z</time></trkpt><trkpt lat="47.560665" lon="-121.170984"><ele>2297.0</ele><time>2025-08-30T20:39:53Z</time></trkpt><trkpt lat="47.560643" lon="-121.170966"><ele>2297.0</ele><time>2025-08-30T20:40:25Z</time></trkpt><trkpt lat="47.560664" lon="-121.170979"><ele>2298.0</ele><time>2025-08-30T20:40:58Z</time></trkpt><trkpt lat="47.560668" lon="-121.171035"><ele>2298.0</ele><time>2025-08-30T20:41:29Z</time></trkpt><trkpt lat="47.560726" lon="-121.171051"><ele>2300.0</ele><time>2025-08-30T20:42:05Z</time></trkpt><trkpt lat="47.560776" lon="-121.171098"><ele>2296.0</ele><time>2025-08-30T20:43:07Z</time></trkpt><trkpt lat="47.560796" lon="-121.171061"><ele>2296.0</ele><time>2025-08-30T20:43:50Z</time></trkpt><trkpt lat="47.560836" lon="-121.171037"><ele>2296.0</ele><time>2025-08-30T20:44:35Z</time></trkpt><trkpt lat="47.560808" lon="-121.171009"><ele>2295.0</ele><time>2025-08-30T20:44:52Z</time></trkpt><trkpt lat="47.560831" lon="-121.170943"><ele>2295.0</ele><time>2025-08-30T20:45:23Z</time></trkpt><trkpt lat="47.560852" lon="-121.170962"><ele>2296.0</ele><time>2025-08-30T20:45:51Z</time></trkpt><trkpt lat="47.56087" lon="-121.170964"><ele>2294.0</ele><time>2025-08-30T20:46:20Z</time></trkpt><trkpt lat="47.560899" lon="-121.17092"><ele>2295.0</ele><time>2025-08-30T20:46:49Z</time></trkpt><trkpt lat="47.560872" lon="-121.170889"><ele>2295.5</ele><time>2025-08-30T20:47:41Z</time></trkpt><trkpt lat="47.560891" lon="-121.170878"><ele>2292.0</ele><time>2025-08-30T20:49:23Z</time></trkpt><trkpt lat="47.560851" lon="-121.17081"><ele>2291.0</ele><time>2025-08-30T20:51:24Z</time></trkpt><trkpt lat="47.560862" lon="-121.170786"><ele>2286.0</ele><time>2025-08-30T20:51:47Z</time></trkpt><trkpt lat="47.56086" lon="-121.170735"><ele>2289.7</ele><time>2025-08-30T20:52:14Z</time></trkpt><trkpt lat="47.560846" lon="-121.170753"><ele>2289.0</ele><time>2025-08-30T20:52:17Z</time></trkpt><trkpt lat="47.560781" lon="-121.170727"><ele>2287.4</ele><time>2025-08-30T20:52:34Z</time></trkpt><trkpt lat="47.560786" lon="-121.170605"><ele>2281.0</ele><time>2025-08-30T20:53:19Z</time></trkpt><trkpt lat="47.560833" lon="-121.170573"><ele>2277.0</ele><time>2025-08-30T20:53:29Z</time></trkpt><trkpt lat="47.560868" lon="-121.170505"><ele>2280.0</ele><time>2025-08-30T20:53:42Z</time></trkpt><trkpt lat="47.560888" lon="-121.1705"><ele>2275.0</ele><time>2025-08-30T20:53:48Z</time></trkpt><trkpt lat="47.560865" lon="-121.170452"><ele>2278.0</ele><time>2025-08-30T20:53:54Z</time></trkpt><trkpt lat="47.560854" lon="-121.170476"><ele>2277.7</ele><time>2025-08-30T20:53:57Z</time></trkpt><trkpt lat="47.560814" lon="-121.170465"><ele>2274.0</ele><time>2025-08-30T20:54:01Z</time></trkpt><trkpt lat="47.560774" lon="-121.1704"><ele>2275.0</ele><time>2025-08-30T20:54:14Z</time></trkpt><trkpt lat="47.560715" lon="-121.17044"><ele>2275.0</ele><time>2025-08-30T20:54:28Z</time></trkpt><trkpt lat="47.560684" lon="-121.170441"><ele>2274.0</ele><time>2025-08-30T20:54:42Z</time></trkpt><trkpt lat="47.560656" lon="-121.170421"><ele>2277.0</ele><time>2025-08-30T20:54:49Z</time></trkpt><trkpt lat="47.560646" lon="-121.170457"><ele>2272.0</ele><time>2025-08-30T20:54:59Z</time></trkpt><trkpt lat="47.560607" lon="-121.170439"><ele>2274.0</ele><time>2025-08-30T20:55:07Z</time></trkpt><trkpt lat="47.560606" lon="-121.170409"><ele>2270.0</ele><time>2025-08-30T20:55:17Z</time></trkpt><trkpt lat="47.56053" lon="-121.170422"><ele>2272.0</ele><time>2025-08-30T20:55:36Z</time></trkpt><trkpt lat="47.560521" lon="-121.170358"><ele>2272.0</ele><time>2025-08-30T20:55:54Z</time></trkpt><trkpt lat="47.560488" lon="-121.170351"><ele>2272.0</ele><time>2025-08-30T20:56:05Z</time></trkpt><trkpt lat="47.560449" lon="-121.170367"><ele>2268.0</ele><time>2025-08-30T20:56:20Z</time></trkpt><trkpt lat="47.560462" lon="-121.170355"><ele>2277.0</ele><time>2025-08-30T20:56:30Z</time></trkpt><trkpt lat="47.560434" lon="-121.170297"><ele>2274.0</ele><time>2025-08-30T20:56:43Z</time></trkpt><trkpt lat="47.560405" lon="-121.170278"><ele>2272.0</ele><time>2025-08-30T20:56:51Z</time></trkpt><trkpt lat="47.560408" lon="-121.170241"><ele>2268.0</ele><time>2025-08-30T20:56:59Z</time></trkpt><trkpt lat="47.560447" lon="-121.170196"><ele>2268.0</ele><time>2025-08-30T20:57:20Z</time></trkpt><trkpt lat="47.560422" lon="-121.17015"><ele>2267.0</ele><time>2025-08-30T20:57:29Z</time></trkpt><trkpt lat="47.56042" lon="-121.170099"><ele>2264.0</ele><time>2025-08-30T20:57:44Z</time></trkpt><trkpt lat="47.560447" lon="-121.170085"><ele>2259.0</ele><time>2025-08-30T20:57:50Z</time></trkpt><trkpt lat="47.560434" lon="-121.170041"><ele>2262.0</ele><time>2025-08-30T20:58:11Z</time></trkpt><trkpt lat="47.560374" lon="-121.169965"><ele>2254.0</ele><time>2025-08-30T20:58:32Z</time></trkpt><trkpt lat="47.560341" lon="-121.169893"><ele>2258.0</ele><time>2025-08-30T20:58:58Z</time></trkpt><trkpt lat="47.560313" lon="-121.169873"><ele>2254.0</ele><time>2025-08-30T20:59:13Z</time></trkpt><trkpt lat="47.560315" lon="-121.169825"><ele>2252.0</ele><time>2025-08-30T20:59:29Z</time></trkpt><trkpt lat="47.560262" lon="-121.169818"><ele>2250.0</ele><time>2025-08-30T20:59:55Z</time></trkpt><trkpt lat="47.560183" lon="-121.169692"><ele>2244.0</ele><time>2025-08-30T21:00:29Z</time></trkpt><trkpt lat="47.560158" lon="-121.169542"><ele>2240.0</ele><time>2025-08-30T21:01:31Z</time></trkpt><trkpt lat="47.560101" lon="-121.1695"><ele>2227.0</ele><time>2025-08-30T21:01:53Z</time></trkpt><trkpt lat="47.560056" lon="-121.169446"><ele>2233.0</ele><time>2025-08-30T21:02:24Z</time></trkpt><trkpt lat="47.560031" lon="-121.169381"><ele>2233.0</ele><time>2025-08-30T21:02:38Z</time></trkpt><trkpt lat="47.559957" lon="-121.169382"><ele>2226.0</ele><time>2025-08-30T21:02:53Z</time></trkpt><trkpt lat="47.55991" lon="-121.169274"><ele>2229.0</ele><time>2025-08-30T21:03:11Z</time></trkpt><trkpt lat="47.559866" lon="-121.169304"><ele>2220.0</ele><time>2025-08-30T21:03:24Z</time></trkpt><trkpt lat="47.559797" lon="-121.16928"><ele>2226.0</ele><time>2025-08-30T21:03:39Z</time></trkpt><trkpt lat="47.55977" lon="-121.169252"><ele>2223.0</ele><time>2025-08-30T21:03:47Z</time></trkpt><trkpt lat="47.559718" lon="-121.169271"><ele>2225.0</ele><time>2025-08-30T21:03:59Z</time></trkpt><trkpt lat="47.559588" lon="-121.169205"><ele>2219.0</ele><time>2025-08-30T21:04:44Z</time></trkpt><trkpt lat="47.559566" lon="-121.169118"><ele>2219.0</ele><time>2025-08-30T21:04:52Z</time></trkpt><trkpt lat="47.559466" lon="-121.16905"><ele>2214.0</ele><time>2025-08-30T21:05:13Z</time></trkpt><trkpt lat="47.559426" lon="-121.168968"><ele>2213.0</ele><time>2025-08-30T21:05:27Z</time></trkpt><trkpt lat="47.559386" lon="-121.168944"><ele>2214.0</ele><time>2025-08-30T21:05:37Z</time></trkpt><trkpt lat="47.55936" lon="-121.168904"><ele>2210.0</ele><time>2025-08-30T21:05:59Z</time></trkpt><trkpt lat="47.559332" lon="-121.16879"><ele>2205.0</ele><time>2025-08-30T21:06:44Z</time></trkpt><trkpt lat="47.559299" lon="-121.168776"><ele>2187.0</ele><time>2025-08-30T21:07:02Z</time></trkpt><trkpt lat="47.559267" lon="-121.168779"><ele>2206.0</ele><time>2025-08-30T21:07:19Z</time></trkpt><trkpt lat="47.559268" lon="-121.168709"><ele>2204.0</ele><time>2025-08-30T21:07:35Z</time></trkpt><trkpt lat="47.559192" lon="-121.168708"><ele>2199.0</ele><time>2025-08-30T21:08:13Z</time></trkpt><trkpt lat="47.559214" lon="-121.168686"><ele>2199.0</ele><time>2025-08-30T21:08:41Z</time></trkpt><trkpt lat="47.559181" lon="-121.168669"><ele>2196.0</ele><time>2025-08-30T21:08:56Z</time></trkpt><trkpt lat="47.559154" lon="-121.168638"><ele>2195.0</ele><time>2025-08-30T21:09:04Z</time></trkpt><trkpt lat="47.559175" lon="-121.168577"><ele>2192.0</ele><time>2025-08-30T21:09:16Z</time></trkpt><trkpt lat="47.559106" lon="-121.168462"><ele>2190.0</ele><time>2025-08-30T21:09:40Z</time></trkpt><trkpt lat="47.559062" lon="-121.168451"><ele>2190.0</ele><time>2025-08-30T21:09:50Z</time></trkpt><trkpt lat="47.559026" lon="-121.168459"><ele>2191.0</ele><time>2025-08-30T21:09:57Z</time></trkpt><trkpt lat="47.558971" lon="-121.168413"><ele>2190.0</ele><time>2025-08-30T21:10:11Z</time></trkpt><trkpt lat="47.558953" lon="-121.168382"><ele>2192.0</ele><time>2025-08-30T21:10:18Z</time></trkpt><trkpt lat="47.558872" lon="-121.168383"><ele>2190.0</ele><time>2025-08-30T21:10:37Z</time></trkpt><trkpt lat="47.558833" lon="-121.168357"><ele>2192.0</ele><time>2025-08-30T21:10:43Z</time></trkpt><trkpt lat="47.558814" lon="-121.168325"><ele>2192.0</ele><time>2025-08-30T21:10:51Z</time></trkpt><trkpt lat="47.558758" lon="-121.168291"><ele>2184.0</ele><time>2025-08-30T21:11:08Z</time></trkpt><trkpt lat="47.558745" lon="-121.168226"><ele>2182.0</ele><time>2025-08-30T21:11:20Z</time></trkpt><trkpt lat="47.558711" lon="-121.16816"><ele>2190.0</ele><time>2025-08-30T21:11:45Z</time></trkpt><trkpt lat="47.558709" lon="-121.168183"><ele>2189.2</ele><time>2025-08-30T21:11:49Z</time></trkpt><trkpt lat="47.5587" lon="-121.168137"><ele>2187.0</ele><time>2025-08-30T21:11:54Z</time></trkpt><trkpt lat="47.558681" lon="-121.168111"><ele>2188.0</ele><time>2025-08-30T21:11:58Z</time></trkpt><trkpt lat="47.558656" lon="-121.168139"><ele>2188.0</ele><time>2025-08-30T21:12:03Z</time></trkpt><trkpt lat="47.558509" lon="-121.168115"><ele>2184.0</ele><time>2025-08-30T21:12:24Z</time></trkpt><trkpt lat="47.5585" lon="-121.168092"><ele>2184.0</ele><time>2025-08-30T21:12:31Z</time></trkpt><trkpt lat="47.558458" lon="-121.168095"><ele>2184.0</ele><time>2025-08-30T21:12:43Z</time></trkpt><trkpt lat="47.558324" lon="-121.168004"><ele>2186.0</ele><time>2025-08-30T21:13:19Z</time></trkpt><trkpt lat="47.558252" lon="-121.167978"><ele>2180.0</ele><time>2025-08-30T21:13:36Z</time></trkpt><trkpt lat="47.558235" lon="-121.16794"><ele>2180.0</ele><time>2025-08-30T21:13:45Z</time></trkpt><trkpt lat="47.558196" lon="-121.167958"><ele>2182.0</ele><time>2025-08-30T21:13:52Z</time></trkpt><trkpt lat="47.558107" lon="-121.167917"><ele>2184.0</ele><time>2025-08-30T21:14:06Z</time></trkpt><trkpt lat="47.558044" lon="-121.167749"><ele>2184.0</ele><time>2025-08-30T21:14:38Z</time></trkpt><trkpt lat="47.558015" lon="-121.167707"><ele>2180.0</ele><time>2025-08-30T21:15:00Z</time></trkpt><trkpt lat="47.557983" lon="-121.167702"><ele>2181.0</ele><time>2025-08-30T21:15:11Z</time></trkpt><trkpt lat="47.557963" lon="-121.167649"><ele>2182.0</ele><time>2025-08-30T21:15:21Z</time></trkpt><trkpt lat="47.557958" lon="-121.167599"><ele>2182.9</ele><time>2025-08-30T21:15:23Z</time></trkpt><trkpt lat="47.557966" lon="-121.167666"><ele>2180.0</ele><time>2025-08-30T21:15:25Z</time></trkpt><trkpt lat="47.557935" lon="-121.167656"><ele>2179.0</ele><time>2025-08-30T21:15:30Z</time></trkpt><trkpt lat="47.557922" lon="-121.167626"><ele>2182.0</ele><time>2025-08-30T21:15:34Z</time></trkpt><trkpt lat="47.557874" lon="-121.16758"><ele>2179.0</ele><time>2025-08-30T21:15:52Z</time></trkpt><trkpt lat="47.557762" lon="-121.167351"><ele>2170.0</ele><time>2025-08-30T21:17:17Z</time></trkpt><trkpt lat="47.557719" lon="-121.167322"><ele>2171.0</ele><time>2025-08-30T21:17:23Z</time></trkpt><trkpt lat="47.557727" lon="-121.167251"><ele>2171.0</ele><time>2025-08-30T21:17:37Z</time></trkpt><trkpt lat="47.557691" lon="-121.167181"><ele>2169.0</ele><time>2025-08-30T21:17:52Z</time></trkpt><trkpt lat="47.557685" lon="-121.167081"><ele>2160.0</ele><time>2025-08-30T21:18:11Z</time></trkpt><trkpt lat="47.557645" lon="-121.167059"><ele>2166.0</ele><time>2025-08-30T21:18:29Z</time></trkpt><trkpt lat="47.557617" lon="-121.167015"><ele>2160.0</ele><time>2025-08-30T21:18:40Z</time></trkpt><trkpt lat="47.557567" lon="-121.166905"><ele>2160.0</ele><time>2025-08-30T21:19:01Z</time></trkpt><trkpt lat="47.557535" lon="-121.166806"><ele>2155.0</ele><time>2025-08-30T21:19:22Z</time></trkpt><trkpt lat="47.557474" lon="-121.166745"><ele>2150.0</ele><time>2025-08-30T21:19:46Z</time></trkpt><trkpt lat="47.557466" lon="-121.16669"><ele>2153.0</ele><time>2025-08-30T21:19:57Z</time></trkpt><trkpt lat="47.557409" lon="-121.166602"><ele>2152.0</ele><time>2025-08-30T21:20:08Z</time></trkpt><trkpt lat="47.557386" lon="-121.166589"><ele>2151.0</ele><time>2025-08-30T21:20:13Z</time></trkpt><trkpt lat="47.557341" lon="-121.166534"><ele>2152.0</ele><time>2025-08-30T21:20:23Z</time></trkpt><trkpt lat="47.557316" lon="-121.166463"><ele>2150.0</ele><time>2025-08-30T21:20:31Z</time></trkpt><trkpt lat="47.557266" lon="-121.166429"><ele>2151.0</ele><time>2025-08-30T21:20:44Z</time></trkpt><trkpt lat="47.557248" lon="-121.166398"><ele>2148.0</ele><time>2025-08-30T21:20:52Z</time></trkpt><trkpt lat="47.557255" lon="-121.166357"><ele>2149.0</ele><time>2025-08-30T21:21:03Z</time></trkpt><trkpt lat="47.557192" lon="-121.166229"><ele>2145.0</ele><time>2025-08-30T21:21:41Z</time></trkpt><trkpt lat="47.557176" lon="-121.166269"><ele>2143.0</ele><time>2025-08-30T21:22:04Z</time></trkpt><trkpt lat="47.557155" lon="-121.166229"><ele>2152.6</ele><time>2025-08-30T21:22:20Z</time></trkpt><trkpt lat="47.557099" lon="-121.166181"><ele>2152.0</ele><time>2025-08-30T21:22:48Z</time></trkpt><trkpt lat="47.557076" lon="-121.166271"><ele>2145.0</ele><time>2025-08-30T21:23:12Z</time></trkpt><trkpt lat="47.557049" lon="-121.166302"><ele>2147.0</ele><time>2025-08-30T21:23:23Z</time></trkpt><trkpt lat="47.557046" lon="-121.166371"><ele>2157.0</ele><time>2025-08-30T21:24:07Z</time></trkpt><trkpt lat="47.557028" lon="-121.166422"><ele>2162.0</ele><time>2025-08-30T21:24:54Z</time></trkpt><trkpt lat="47.556981" lon="-121.166337"><ele>2164.0</ele><time>2025-08-30T21:25:44Z</time></trkpt><trkpt lat="47.556919" lon="-121.166298"><ele>2164.0</ele><time>2025-08-30T21:26:47Z</time></trkpt><trkpt lat="47.556918" lon="-121.166229"><ele>2165.0</ele><time>2025-08-30T21:26:56Z</time></trkpt><trkpt lat="47.556886" lon="-121.166064"><ele>2166.0</ele><time>2025-08-30T21:27:12Z</time></trkpt><trkpt lat="47.556879" lon="-121.165915"><ele>2162.0</ele><time>2025-08-30T21:27:53Z</time></trkpt><trkpt lat="47.556831" lon="-121.165737"><ele>2160.0</ele><time>2025-08-30T21:28:31Z</time></trkpt><trkpt lat="47.556826" lon="-121.165684"><ele>2157.0</ele><time>2025-08-30T21:28:38Z</time></trkpt><trkpt lat="47.556788" lon="-121.165635"><ele>2146.0</ele><time>2025-08-30T21:28:56Z</time></trkpt><trkpt lat="47.556814" lon="-121.165546"><ele>2148.0</ele><time>2025-08-30T21:29:28Z</time></trkpt><trkpt lat="47.55678" lon="-121.165545"><ele>2146.8</ele><time>2025-08-30T21:29:47Z</time></trkpt><trkpt lat="47.556763" lon="-121.165488"><ele>2146.0</ele><time>2025-08-30T21:29:52Z</time></trkpt><trkpt lat="47.556781" lon="-121.165318"><ele>2148.0</ele><time>2025-08-30T21:30:17Z</time></trkpt><trkpt lat="47.5568" lon="-121.165289"><ele>2147.0</ele><time>2025-08-30T21:30:22Z</time></trkpt><trkpt lat="47.55678" lon="-121.165209"><ele>2146.0</ele><time>2025-08-30T21:30:42Z</time></trkpt><trkpt lat="47.556798" lon="-121.16517"><ele>2140.0</ele><time>2025-08-30T21:31:01Z</time></trkpt><trkpt lat="47.556797" lon="-121.165197"><ele>2140.0</ele><time>2025-08-30T21:31:15Z</time></trkpt><trkpt lat="47.556789" lon="-121.165164"><ele>2128.0</ele><time>2025-08-30T21:31:27Z</time></trkpt><trkpt lat="47.556763" lon="-121.165135"><ele>2140.0</ele><time>2025-08-30T21:31:36Z</time></trkpt><trkpt lat="47.55678" lon="-121.16516"><ele>2136.0</ele><time>2025-08-30T21:31:39Z</time></trkpt><trkpt lat="47.556751" lon="-121.165187"><ele>2136.0</ele><time>2025-08-30T21:32:00Z</time></trkpt><trkpt lat="47.556714" lon="-121.165059"><ele>2141.0</ele><time>2025-08-30T21:32:24Z</time></trkpt><trkpt lat="47.556663" lon="-121.164945"><ele>2138.0</ele><time>2025-08-30T21:32:49Z</time></trkpt><trkpt lat="47.556642" lon="-121.164808"><ele>2131.0</ele><time>2025-08-30T21:33:09Z</time></trkpt><trkpt lat="47.556572" lon="-121.164615"><ele>2128.0</ele><time>2025-08-30T21:33:41Z</time></trkpt><trkpt lat="47.556582" lon="-121.164574"><ele>2130.0</ele><time>2025-08-30T21:33:49Z</time></trkpt><trkpt lat="47.556549" lon="-121.164555"><ele>2124.0</ele><time>2025-08-30T21:34:15Z</time></trkpt><trkpt lat="47.556549" lon="-121.164434"><ele>2121.0</ele><time>2025-08-30T21:34:50Z</time></trkpt><trkpt lat="47.556515" lon="-121.164326"><ele>2112.0</ele><time>2025-08-30T21:35:07Z</time></trkpt><trkpt lat="47.556476" lon="-121.164249"><ele>2120.0</ele><time>2025-08-30T21:35:19Z</time></trkpt><trkpt lat="47.556483" lon="-121.164211"><ele>2120.0</ele><time>2025-08-30T21:35:23Z</time></trkpt><trkpt lat="47.556438" lon="-121.163969"><ele>2112.0</ele><time>2025-08-30T21:35:54Z</time></trkpt><trkpt lat="47.556435" lon="-121.163765"><ele>2113.0</ele><time>2025-08-30T21:36:10Z</time></trkpt><trkpt lat="47.556414" lon="-121.163642"><ele>2110.0</ele><time>2025-08-30T21:36:22Z</time></trkpt><trkpt lat="47.556411" lon="-121.163494"><ele>2109.0</ele><time>2025-08-30T21:36:31Z</time></trkpt><trkpt lat="47.556419" lon="-121.163408"><ele>2110.0</ele><time>2025-08-30T21:36:36Z</time></trkpt><trkpt lat="47.556457" lon="-121.163264"><ele>2112.0</ele><time>2025-08-30T21:36:47Z</time></trkpt><trkpt lat="47.556448" lon="-121.16306"><ele>2110.0</ele><time>2025-08-30T21:36:59Z</time></trkpt><trkpt lat="47.556427" lon="-121.162972"><ele>2109.0</ele><time>2025-08-30T21:37:06Z</time></trkpt><trkpt lat="47.556445" lon="-121.162814"><ele>2109.0</ele><time>2025-08-30T21:37:16Z</time></trkpt><trkpt lat="47.556436" lon="-121.162682"><ele>2109.0</ele><time>2025-08-30T21:37:22Z</time></trkpt><trkpt lat="47.556413" lon="-121.162555"><ele>2110.0</ele><time>2025-08-30T21:37:28Z</time></trkpt><trkpt lat="47.556428" lon="-121.162413"><ele>2113.0</ele><time>2025-08-30T21:37:36Z</time></trkpt><trkpt lat="47.556413" lon="-121.162383"><ele>2114.0</ele><time>2025-08-30T21:37:38Z</time></trkpt><trkpt lat="47.556416" lon="-121.162314"><ele>2114.0</ele><time>2025-08-30T21:37:42Z</time></trkpt><trkpt lat="47.556392" lon="-121.16229"><ele>2114.0</ele><time>2025-08-30T21:37:44Z</time></trkpt><trkpt lat="47.556394" lon="-121.162222"><ele>2113.0</ele><time>2025-08-30T21:37:48Z</time></trkpt><trkpt lat="47.556333" lon="-121.162134"><ele>2110.0</ele><time>2025-08-30T21:37:56Z</time></trkpt><trkpt lat="47.556321" lon="-121.162101"><ele>2108.0</ele><time>2025-08-30T21:37:58Z</time></trkpt><trkpt lat="47.556326" lon="-121.162061"><ele>2109.0</ele><time>2025-08-30T21:38:01Z</time></trkpt><trkpt lat="47.556376" lon="-121.162002"><ele>2109.0</ele><time>2025-08-30T21:38:07Z</time></trkpt><trkpt lat="47.556474" lon="-121.161992"><ele>2111.0</ele><time>2025-08-30T21:38:15Z</time></trkpt><trkpt lat="47.556469" lon="-121.161955"><ele>2112.0</ele><time>2025-08-30T21:38:17Z</time></trkpt><trkpt lat="47.556451" lon="-121.161922"><ele>2112.0</ele><time>2025-08-30T21:38:20Z</time></trkpt><trkpt lat="47.556443" lon="-121.161815"><ele>2114.0</ele><time>2025-08-30T21:38:26Z</time></trkpt><trkpt lat="47.556397" lon="-121.16171"><ele>2115.0</ele><time>2025-08-30T21:38:32Z</time></trkpt><trkpt lat="47.55635" lon="-121.161668"><ele>2113.0</ele><time>2025-08-30T21:38:40Z</time></trkpt><trkpt lat="47.55625" lon="-121.161432"><ele>2109.0</ele><time>2025-08-30T21:39:04Z</time></trkpt><trkpt lat="47.556287" lon="-121.161236"><ele>2116.0</ele><time>2025-08-30T21:39:30Z</time></trkpt><trkpt lat="47.556212" lon="-121.160845"><ele>2118.0</ele><time>2025-08-30T21:40:03Z</time></trkpt><trkpt lat="47.556276" lon="-121.160717"><ele>2121.0</ele><time>2025-08-30T21:40:16Z</time></trkpt><trkpt lat="47.556265" lon="-121.160602"><ele>2121.9</ele><time>2025-08-30T21:40:25Z</time></trkpt><trkpt lat="47.55628" lon="-121.160534"><ele>2121.0</ele><time>2025-08-30T21:40:30Z</time></trkpt><trkpt lat="47.556266" lon="-121.160412"><ele>2122.0</ele><time>2025-08-30T21:40:39Z</time></trkpt><trkpt lat="47.556278" lon="-121.160285"><ele>2122.0</ele><time>2025-08-30T21:40:46Z</time></trkpt><trkpt lat="47.556277" lon="-121.160128"><ele>2122.0</ele><time>2025-08-30T21:40:54Z</time></trkpt><trkpt lat="47.556218" lon="-121.159957"><ele>2122.0</ele><time>2025-08-30T21:41:05Z</time></trkpt><trkpt lat="47.556237" lon="-121.159886"><ele>2124.0</ele><time>2025-08-30T21:41:09Z</time></trkpt><trkpt lat="47.556217" lon="-121.159802"><ele>2124.0</ele><time>2025-08-30T21:41:14Z</time></trkpt><trkpt lat="47.556236" lon="-121.15969"><ele>2121.0</ele><time>2025-08-30T21:41:23Z</time></trkpt><trkpt lat="47.556227" lon="-121.159596"><ele>2124.0</ele><time>2025-08-30T21:41:29Z</time></trkpt><trkpt lat="47.556264" lon="-121.159455"><ele>2123.0</ele><time>2025-08-30T21:41:42Z</time></trkpt><trkpt lat="47.556263" lon="-121.15941"><ele>2124.0</ele><time>2025-08-30T21:41:45Z</time></trkpt><trkpt lat="47.556281" lon="-121.159333"><ele>2123.9</ele><time>2025-08-30T21:41:50Z</time></trkpt><trkpt lat="47.556348" lon="-121.159236"><ele>2121.0</ele><time>2025-08-30T21:42:01Z</time></trkpt><trkpt lat="47.556386" lon="-121.159146"><ele>2120.0</ele><time>2025-08-30T21:42:07Z</time></trkpt><trkpt lat="47.556359" lon="-121.159035"><ele>2119.0</ele><time>2025-08-30T21:42:17Z</time></trkpt><trkpt lat="47.556386" lon="-121.158986"><ele>2120.0</ele><time>2025-08-30T21:42:24Z</time></trkpt><trkpt lat="47.556382" lon="-121.158947"><ele>2121.0</ele><time>2025-08-30T21:42:28Z</time></trkpt><trkpt lat="47.556408" lon="-121.158916"><ele>2122.0</ele><time>2025-08-30T21:42:47Z</time></trkpt><trkpt lat="47.556411" lon="-121.158881"><ele>2123.9</ele><time>2025-08-30T21:42:53Z</time></trkpt><trkpt lat="47.55637" lon="-121.158775"><ele>2120.0</ele><time>2025-08-30T21:43:02Z</time></trkpt><trkpt lat="47.55633" lon="-121.158601"><ele>2121.0</ele><time>2025-08-30T21:43:16Z</time></trkpt><trkpt lat="47.556294" lon="-121.158497"><ele>2120.0</ele><time>2025-08-30T21:43:30Z</time></trkpt><trkpt lat="47.556294" lon="-121.158429"><ele>2118.0</ele><time>2025-08-30T21:43:41Z</time></trkpt><trkpt lat="47.556268" lon="-121.158293"><ele>2112.0</ele><time>2025-08-30T21:44:02Z</time></trkpt><trkpt lat="47.556333" lon="-121.158319"><ele>2112.0</ele><time>2025-08-30T21:44:12Z</time></trkpt><trkpt lat="47.556376" lon="-121.158269"><ele>2110.0</ele><time>2025-08-30T21:44:23Z</time></trkpt><trkpt lat="47.556387" lon="-121.158218"><ele>2108.0</ele><time>2025-08-30T21:44:32Z</time></trkpt><trkpt lat="47.556409" lon="-121.157962"><ele>2095.0</ele><time>2025-08-30T21:45:32Z</time></trkpt><trkpt lat="47.556392" lon="-121.157827"><ele>2100.0</ele><time>2025-08-30T21:46:12Z</time></trkpt><trkpt lat="47.556431" lon="-121.157654"><ele>2092.0</ele><time>2025-08-30T21:46:46Z</time></trkpt><trkpt lat="47.556428" lon="-121.157488"><ele>2092.0</ele><time>2025-08-30T21:47:01Z</time></trkpt><trkpt lat="47.556363" lon="-121.157285"><ele>2091.0</ele><time>2025-08-30T21:47:15Z</time></trkpt><trkpt lat="47.556342" lon="-121.157258"><ele>2091.0</ele><time>2025-08-30T21:47:18Z</time></trkpt><trkpt lat="47.556319" lon="-121.157141"><ele>2088.0</ele><time>2025-08-30T21:47:27Z</time></trkpt><trkpt lat="47.556248" lon="-121.15707"><ele>2090.0</ele><time>2025-08-30T21:47:36Z</time></trkpt><trkpt lat="47.556188" lon="-121.15692"><ele>2091.0</ele><time>2025-08-30T21:47:46Z</time></trkpt><trkpt lat="47.556162" lon="-121.156897"><ele>2088.0</ele><time>2025-08-30T21:47:50Z</time></trkpt><trkpt lat="47.556144" lon="-121.156833"><ele>2089.9</ele><time>2025-08-30T21:47:55Z</time></trkpt><trkpt lat="47.556107" lon="-121.156645"><ele>2084.0</ele><time>2025-08-30T21:48:16Z</time></trkpt><trkpt lat="47.556106" lon="-121.156608"><ele>2085.0</ele><time>2025-08-30T21:48:20Z</time></trkpt><trkpt lat="47.556121" lon="-121.156579"><ele>2084.0</ele><time>2025-08-30T21:48:22Z</time></trkpt><trkpt lat="47.556111" lon="-121.156515"><ele>2084.0</ele><time>2025-08-30T21:48:28Z</time></trkpt><trkpt lat="47.556079" lon="-121.156437"><ele>2084.0</ele><time>2025-08-30T21:48:36Z</time></trkpt><trkpt lat="47.556093" lon="-121.156409"><ele>2084.0</ele><time>2025-08-30T21:48:40Z</time></trkpt><trkpt lat="47.556119" lon="-121.156391"><ele>2082.0</ele><time>2025-08-30T21:48:44Z</time></trkpt><trkpt lat="47.556148" lon="-121.156402"><ele>2082.0</ele><time>2025-08-30T21:48:46Z</time></trkpt><trkpt lat="47.556182" lon="-121.156367"><ele>2081.0</ele><time>2025-08-30T21:48:51Z</time></trkpt><trkpt lat="47.556223" lon="-121.156353"><ele>2080.0</ele><time>2025-08-30T21:48:56Z</time></trkpt><trkpt lat="47.556229" lon="-121.15631"><ele>2080.0</ele><time>2025-08-30T21:48:58Z</time></trkpt><trkpt lat="47.556213" lon="-121.156261"><ele>2072.0</ele><time>2025-08-30T21:49:16Z</time></trkpt><trkpt lat="47.556185" lon="-121.15624"><ele>2082.0</ele><time>2025-08-30T21:49:55Z</time></trkpt><trkpt lat="47.55621" lon="-121.156209"><ele>2077.0</ele><time>2025-08-30T21:50:03Z</time></trkpt><trkpt lat="47.556208" lon="-121.156109"><ele>2076.0</ele><time>2025-08-30T21:50:35Z</time></trkpt><trkpt lat="47.556233" lon="-121.15607"><ele>2076.0</ele><time>2025-08-30T21:50:47Z</time></trkpt><trkpt lat="47.55614" lon="-121.155909"><ele>2071.0</ele><time>2025-08-30T21:51:18Z</time></trkpt><trkpt lat="47.556114" lon="-121.155915"><ele>2070.0</ele><time>2025-08-30T21:51:33Z</time></trkpt><trkpt lat="47.556095" lon="-121.155893"><ele>2070.0</ele><time>2025-08-30T21:51:39Z</time></trkpt><trkpt lat="47.556115" lon="-121.155839"><ele>2064.0</ele><time>2025-08-30T21:51:51Z</time></trkpt><trkpt lat="47.556057" lon="-121.155726"><ele>2062.8</ele><time>2025-08-30T21:52:32Z</time></trkpt><trkpt lat="47.556058" lon="-121.155768"><ele>2059.0</ele><time>2025-08-30T21:52:37Z</time></trkpt><trkpt lat="47.556043" lon="-121.155699"><ele>2057.0</ele><time>2025-08-30T21:52:55Z</time></trkpt><trkpt lat="47.556063" lon="-121.155659"><ele>2056.0</ele><time>2025-08-30T21:53:05Z</time></trkpt><trkpt lat="47.556032" lon="-121.155609"><ele>2060.0</ele><time>2025-08-30T21:53:15Z</time></trkpt><trkpt lat="47.556032" lon="-121.155565"><ele>2058.0</ele><time>2025-08-30T21:53:18Z</time></trkpt><trkpt lat="47.556019" lon="-121.15552"><ele>2057.0</ele><time>2025-08-30T21:53:22Z</time></trkpt><trkpt lat="47.556032" lon="-121.155491"><ele>2052.0</ele><time>2025-08-30T21:53:27Z</time></trkpt><trkpt lat="47.555932" lon="-121.155312"><ele>2049.0</ele><time>2025-08-30T21:53:42Z</time></trkpt><trkpt lat="47.555953" lon="-121.155278"><ele>2048.0</ele><time>2025-08-30T21:53:45Z</time></trkpt><trkpt lat="47.555959" lon="-121.155239"><ele>2048.0</ele><time>2025-08-30T21:53:47Z</time></trkpt><trkpt lat="47.55599" lon="-121.155162"><ele>2047.0</ele><time>2025-08-30T21:53:52Z</time></trkpt><trkpt lat="47.555953" lon="-121.155047"><ele>2046.0</ele><time>2025-08-30T21:53:59Z</time></trkpt><trkpt lat="47.555986" lon="-121.154985"><ele>2044.0</ele><time>2025-08-30T21:54:04Z</time></trkpt><trkpt lat="47.555974" lon="-121.154915"><ele>2044.0</ele><time>2025-08-30T21:54:07Z</time></trkpt><trkpt lat="47.555924" lon="-121.154906"><ele>2045.0</ele><time>2025-08-30T21:54:11Z</time></trkpt><trkpt lat="47.555965" lon="-121.154807"><ele>2045.0</ele><time>2025-08-30T21:54:18Z</time></trkpt><trkpt lat="47.555965" lon="-121.154768"><ele>2044.0</ele><time>2025-08-30T21:54:20Z</time></trkpt><trkpt lat="47.555978" lon="-121.154732"><ele>2043.0</ele><time>2025-08-30T21:54:22Z</time></trkpt><trkpt lat="47.556008" lon="-121.15471"><ele>2041.0</ele><time>2025-08-30T21:54:27Z</time></trkpt><trkpt lat="47.556007" lon="-121.154671"><ele>2040.0</ele><time>2025-08-30T21:54:32Z</time></trkpt><trkpt lat="47.555982" lon="-121.154586"><ele>2037.0</ele><time>2025-08-30T21:54:40Z</time></trkpt><trkpt lat="47.556013" lon="-121.154555"><ele>2036.0</ele><time>2025-08-30T21:54:45Z</time></trkpt><trkpt lat="47.556021" lon="-121.154489"><ele>2034.0</ele><time>2025-08-30T21:54:50Z</time></trkpt><trkpt lat="47.556098" lon="-121.15441"><ele>2033.8</ele><time>2025-08-30T21:54:58Z</time></trkpt><trkpt lat="47.55609" lon="-121.15437"><ele>2034.0</ele><time>2025-08-30T21:54:59Z</time></trkpt><trkpt lat="47.556028" lon="-121.154298"><ele>2031.0</ele><time>2025-08-30T21:55:06Z</time></trkpt><trkpt lat="47.555997" lon="-121.154224"><ele>2030.0</ele><time>2025-08-30T21:55:10Z</time></trkpt><trkpt lat="47.55599" lon="-121.154187"><ele>2030.0</ele><time>2025-08-30T21:55:12Z</time></trkpt><trkpt lat="47.555997" lon="-121.154151"><ele>2030.0</ele><time>2025-08-30T21:55:14Z</time></trkpt><trkpt lat="47.555954" lon="-121.154083"><ele>2030.0</ele><time>2025-08-30T21:55:18Z</time></trkpt><trkpt lat="47.555967" lon="-121.154002"><ele>2028.0</ele><time>2025-08-30T21:55:22Z</time></trkpt><trkpt lat="47.555947" lon="-121.153918"><ele>2025.0</ele><time>2025-08-30T21:55:27Z</time></trkpt><trkpt lat="47.555887" lon="-121.153878"><ele>2024.0</ele><time>2025-08-30T21:55:33Z</time></trkpt><trkpt lat="47.555876" lon="-121.153844"><ele>2024.0</ele><time>2025-08-30T21:55:35Z</time></trkpt><trkpt lat="47.555893" lon="-121.153804"><ele>2024.0</ele><time>2025-08-30T21:55:38Z</time></trkpt><trkpt lat="47.555839" lon="-121.15374"><ele>2024.0</ele><time>2025-08-30T21:55:44Z</time></trkpt><trkpt lat="47.555879" lon="-121.153713"><ele>2022.0</ele><time>2025-08-30T21:55:46Z</time></trkpt><trkpt lat="47.555892" lon="-121.153678"><ele>2022.0</ele><time>2025-08-30T21:55:48Z</time></trkpt><trkpt lat="47.555818" lon="-121.153614"><ele>2022.0</ele><time>2025-08-30T21:55:55Z</time></trkpt><trkpt lat="47.555804" lon="-121.153582"><ele>2022.0</ele><time>2025-08-30T21:55:57Z</time></trkpt><trkpt lat="47.555801" lon="-121.153511"><ele>2020.0</ele><time>2025-08-30T21:56:01Z</time></trkpt><trkpt lat="47.55579" lon="-121.153476"><ele>2020.0</ele><time>2025-08-30T21:56:03Z</time></trkpt><trkpt lat="47.555766" lon="-121.15345"><ele>2020.0</ele><time>2025-08-30T21:56:05Z</time></trkpt><trkpt lat="47.555767" lon="-121.153344"><ele>2018.0</ele><time>2025-08-30T21:56:11Z</time></trkpt><trkpt lat="47.555753" lon="-121.15331"><ele>2016.0</ele><time>2025-08-30T21:56:14Z</time></trkpt><trkpt lat="47.555785" lon="-121.153296"><ele>2016.0</ele><time>2025-08-30T21:56:18Z</time></trkpt><trkpt lat="47.555781" lon="-121.153382"><ele>2010.0</ele><time>2025-08-30T21:56:46Z</time></trkpt><trkpt lat="47.555766" lon="-121.153344"><ele>2010.0</ele><time>2025-08-30T21:56:54Z</time></trkpt><trkpt lat="47.55576" lon="-121.153287"><ele>2008.0</ele><time>2025-08-30T21:57:01Z</time></trkpt><trkpt lat="47.555702" lon="-121.153181"><ele>2006.0</ele><time>2025-08-30T21:57:18Z</time></trkpt><trkpt lat="47.555699" lon="-121.15313"><ele>2005.0</ele><time>2025-08-30T21:57:43Z</time></trkpt><trkpt lat="47.555666" lon="-121.153133"><ele>2002.0</ele><time>2025-08-30T21:57:52Z</time></trkpt><trkpt lat="47.555604" lon="-121.153068"><ele>2000.0</ele><time>2025-08-30T21:58:02Z</time></trkpt><trkpt lat="47.555571" lon="-121.153053"><ele>1996.0</ele><time>2025-08-30T21:58:07Z</time></trkpt><trkpt lat="47.555539" lon="-121.153051"><ele>1999.0</ele><time>2025-08-30T21:58:16Z</time></trkpt><trkpt lat="47.555535" lon="-121.153013"><ele>2000.0</ele><time>2025-08-30T21:58:23Z</time></trkpt><trkpt lat="47.555588" lon="-121.152965"><ele>2000.0</ele><time>2025-08-30T21:58:31Z</time></trkpt><trkpt lat="47.555581" lon="-121.152919"><ele>1998.0</ele><time>2025-08-30T21:58:33Z</time></trkpt><trkpt lat="47.555509" lon="-121.152925"><ele>1998.0</ele><time>2025-08-30T21:58:38Z</time></trkpt><trkpt lat="47.55544" lon="-121.152859"><ele>1996.0</ele><time>2025-08-30T21:58:46Z</time></trkpt><trkpt lat="47.555417" lon="-121.152824"><ele>1995.0</ele><time>2025-08-30T21:58:49Z</time></trkpt><trkpt lat="47.555444" lon="-121.152763"><ele>1994.0</ele><time>2025-08-30T21:58:54Z</time></trkpt><trkpt lat="47.555463" lon="-121.152679"><ele>1992.0</ele><time>2025-08-30T21:58:58Z</time></trkpt><trkpt lat="47.555447" lon="-121.152644"><ele>1992.0</ele><time>2025-08-30T21:59:00Z</time></trkpt><trkpt lat="47.555409" lon="-121.152631"><ele>1992.0</ele><time>2025-08-30T21:59:03Z</time></trkpt><trkpt lat="47.5554" lon="-121.152549"><ele>1990.0</ele><time>2025-08-30T21:59:08Z</time></trkpt><trkpt lat="47.555364" lon="-121.152536"><ele>1988.0</ele><time>2025-08-30T21:59:11Z</time></trkpt><trkpt lat="47.555346" lon="-121.152488"><ele>1986.0</ele><time>2025-08-30T21:59:15Z</time></trkpt><trkpt lat="47.555372" lon="-121.152453"><ele>1986.0</ele><time>2025-08-30T21:59:19Z</time></trkpt><trkpt lat="47.555334" lon="-121.15244"><ele>1985.0</ele><time>2025-08-30T21:59:22Z</time></trkpt><trkpt lat="47.55538" lon="-121.152381"><ele>1984.0</ele><time>2025-08-30T21:59:27Z</time></trkpt><trkpt lat="47.555378" lon="-121.152351"><ele>1982.0</ele><time>2025-08-30T21:59:28Z</time></trkpt><trkpt lat="47.555323" lon="-121.152317"><ele>1982.0</ele><time>2025-08-30T21:59:32Z</time></trkpt><trkpt lat="47.555284" lon="-121.15232"><ele>1982.0</ele><time>2025-08-30T21:59:35Z</time></trkpt><trkpt lat="47.555261" lon="-121.152272"><ele>1980.0</ele><time>2025-08-30T21:59:38Z</time></trkpt><trkpt lat="47.555198" lon="-121.152297"><ele>1985.0</ele><time>2025-08-30T21:59:43Z</time></trkpt><trkpt lat="47.555199" lon="-121.152241"><ele>1986.0</ele><time>2025-08-30T21:59:46Z</time></trkpt><trkpt lat="47.555231" lon="-121.152326"><ele>1980.0</ele><time>2025-08-30T21:59:55Z</time></trkpt><trkpt lat="47.555232" lon="-121.152373"><ele>1974.0</ele><time>2025-08-30T22:00:16Z</time></trkpt><trkpt lat="47.555224" lon="-121.152272"><ele>1974.0</ele><time>2025-08-30T22:00:42Z</time></trkpt><trkpt lat="47.555192" lon="-121.152262"><ele>1972.0</ele><time>2025-08-30T22:00:46Z</time></trkpt><trkpt lat="47.555182" lon="-121.152233"><ele>1973.0</ele><time>2025-08-30T22:00:49Z</time></trkpt><trkpt lat="47.555201" lon="-121.152157"><ele>1972.0</ele><time>2025-08-30T22:00:55Z</time></trkpt><trkpt lat="47.555196" lon="-121.15208"><ele>1969.0</ele><time>2025-08-30T22:01:00Z</time></trkpt><trkpt lat="47.555173" lon="-121.152054"><ele>1963.0</ele><time>2025-08-30T22:01:10Z</time></trkpt><trkpt lat="47.555146" lon="-121.152054"><ele>1964.0</ele><time>2025-08-30T22:01:17Z</time></trkpt><trkpt lat="47.555106" lon="-121.152037"><ele>1954.0</ele><time>2025-08-30T22:01:27Z</time></trkpt><trkpt lat="47.555091" lon="-121.151949"><ele>1950.0</ele><time>2025-08-30T22:01:47Z</time></trkpt><trkpt lat="47.555063" lon="-121.151882"><ele>1952.0</ele><time>2025-08-30T22:01:56Z</time></trkpt><trkpt lat="47.555078" lon="-121.151789"><ele>1954.0</ele><time>2025-08-30T22:02:03Z</time></trkpt><trkpt lat="47.555118" lon="-121.151747"><ele>1953.0</ele><time>2025-08-30T22:02:10Z</time></trkpt><trkpt lat="47.555149" lon="-121.151732"><ele>1950.0</ele><time>2025-08-30T22:02:14Z</time></trkpt><trkpt lat="47.555143" lon="-121.151698"><ele>1950.0</ele><time>2025-08-30T22:02:18Z</time></trkpt><trkpt lat="47.555118" lon="-121.151658"><ele>1950.0</ele><time>2025-08-30T22:02:20Z</time></trkpt><trkpt lat="47.555096" lon="-121.151695"><ele>1947.0</ele><time>2025-08-30T22:02:22Z</time></trkpt><trkpt lat="47.555116" lon="-121.151644"><ele>1944.0</ele><time>2025-08-30T22:02:28Z</time></trkpt><trkpt lat="47.555185" lon="-121.151533"><ele>1944.0</ele><time>2025-08-30T22:02:50Z</time></trkpt><trkpt lat="47.55516" lon="-121.151515"><ele>1937.0</ele><time>2025-08-30T22:03:23Z</time></trkpt><trkpt lat="47.555175" lon="-121.15146"><ele>1938.0</ele><time>2025-08-30T22:03:33Z</time></trkpt><trkpt lat="47.555202" lon="-121.151478"><ele>1940.0</ele><time>2025-08-30T22:03:39Z</time></trkpt><trkpt lat="47.555215" lon="-121.151512"><ele>1940.0</ele><time>2025-08-30T22:03:42Z</time></trkpt><trkpt lat="47.555291" lon="-121.151576"><ele>1940.0</ele><time>2025-08-30T22:03:48Z</time></trkpt><trkpt lat="47.555286" lon="-121.151529"><ele>1939.2</ele><time>2025-08-30T22:03:54Z</time></trkpt><trkpt lat="47.555305" lon="-121.151555"><ele>1936.0</ele><time>2025-08-30T22:03:57Z</time></trkpt><trkpt lat="47.555291" lon="-121.151539"><ele>1936.0</ele><time>2025-08-30T22:04:02Z</time></trkpt><trkpt lat="47.555292" lon="-121.151463"><ele>1933.0</ele><time>2025-08-30T22:04:12Z</time></trkpt><trkpt lat="47.555318" lon="-121.151478"><ele>1932.0</ele><time>2025-08-30T22:04:16Z</time></trkpt><trkpt lat="47.55533" lon="-121.151443"><ele>1931.0</ele><time>2025-08-30T22:04:22Z</time></trkpt><trkpt lat="47.555322" lon="-121.151355"><ele>1926.0</ele><time>2025-08-30T22:04:38Z</time></trkpt><trkpt lat="47.555384" lon="-121.151423"><ele>1926.0</ele><time>2025-08-30T22:04:46Z</time></trkpt><trkpt lat="47.555416" lon="-121.151431"><ele>1924.0</ele><time>2025-08-30T22:04:49Z</time></trkpt><trkpt lat="47.555441" lon="-121.151333"><ele>1920.0</ele><time>2025-08-30T22:05:04Z</time></trkpt><trkpt lat="47.55549" lon="-121.151346"><ele>1920.0</ele><time>2025-08-30T22:05:14Z</time></trkpt><trkpt lat="47.555532" lon="-121.151368"><ele>1919.0</ele><time>2025-08-30T22:09:20Z</time></trkpt><trkpt lat="47.555629" lon="-121.151212"><ele>1917.7</ele><time>2025-08-30T22:10:11Z</time></trkpt><trkpt lat="47.555606" lon="-121.151236"><ele>1916.6</ele><time>2025-08-30T22:10:12Z</time></trkpt><trkpt lat="47.555572" lon="-121.151194"><ele>1915.0</ele><time>2025-08-30T22:10:17Z</time></trkpt><trkpt lat="47.555586" lon="-121.151156"><ele>1913.0</ele><time>2025-08-30T22:10:21Z</time></trkpt><trkpt lat="47.555587" lon="-121.151114"><ele>1910.0</ele><time>2025-08-30T22:10:24Z</time></trkpt><trkpt lat="47.555547" lon="-121.15105"><ele>1911.0</ele><time>2025-08-30T22:10:34Z</time></trkpt><trkpt lat="47.55553" lon="-121.150999"><ele>1910.0</ele><time>2025-08-30T22:10:40Z</time></trkpt><trkpt lat="47.555533" lon="-121.150906"><ele>1909.0</ele><time>2025-08-30T22:10:50Z</time></trkpt><trkpt lat="47.555551" lon="-121.150873"><ele>1908.0</ele><time>2025-08-30T22:10:54Z</time></trkpt><trkpt lat="47.555592" lon="-121.15086"><ele>1908.0</ele><time>2025-08-30T22:11:05Z</time></trkpt><trkpt lat="47.555657" lon="-121.150779"><ele>1902.0</ele><time>2025-08-30T22:11:22Z</time></trkpt><trkpt lat="47.555668" lon="-121.150661"><ele>1900.0</ele><time>2025-08-30T22:11:32Z</time></trkpt><trkpt lat="47.555708" lon="-121.150655"><ele>1898.0</ele><time>2025-08-30T22:11:39Z</time></trkpt><trkpt lat="47.555707" lon="-121.150625"><ele>1897.0</ele><time>2025-08-30T22:11:48Z</time></trkpt><trkpt lat="47.555732" lon="-121.150595"><ele>1898.0</ele><time>2025-08-30T22:11:56Z</time></trkpt><trkpt lat="47.555764" lon="-121.1506"><ele>1896.0</ele><time>2025-08-30T22:12:04Z</time></trkpt><trkpt lat="47.555745" lon="-121.150534"><ele>1895.6</ele><time>2025-08-30T22:12:13Z</time></trkpt><trkpt lat="47.555745" lon="-121.150498"><ele>1895.0</ele><time>2025-08-30T22:12:14Z</time></trkpt><trkpt lat="47.555761" lon="-121.150467"><ele>1890.0</ele><time>2025-08-30T22:12:22Z</time></trkpt><trkpt lat="47.555763" lon="-121.150401"><ele>1891.4</ele><time>2025-08-30T22:12:32Z</time></trkpt><trkpt lat="47.555737" lon="-121.150396"><ele>1889.0</ele><time>2025-08-30T22:12:37Z</time></trkpt><trkpt lat="47.555717" lon="-121.150304"><ele>1890.0</ele><time>2025-08-30T22:12:45Z</time></trkpt><trkpt lat="47.555726" lon="-121.150262"><ele>1889.9</ele><time>2025-08-30T22:12:48Z</time></trkpt><trkpt lat="47.55576" lon="-121.150245"><ele>1883.0</ele><time>2025-08-30T22:12:57Z</time></trkpt><trkpt lat="47.555785" lon="-121.150172"><ele>1881.0</ele><time>2025-08-30T22:13:09Z</time></trkpt><trkpt lat="47.555771" lon="-121.150141"><ele>1881.0</ele><time>2025-08-30T22:13:12Z</time></trkpt><trkpt lat="47.555749" lon="-121.150127"><ele>1877.0</ele><time>2025-08-30T22:13:20Z</time></trkpt><trkpt lat="47.555794" lon="-121.150088"><ele>1880.2</ele><time>2025-08-30T22:13:36Z</time></trkpt><trkpt lat="47.555804" lon="-121.150066"><ele>1879.0</ele><time>2025-08-30T22:13:39Z</time></trkpt><trkpt lat="47.55576" lon="-121.150072"><ele>1875.0</ele><time>2025-08-30T22:13:44Z</time></trkpt><trkpt lat="47.555773" lon="-121.150039"><ele>1877.0</ele><time>2025-08-30T22:13:51Z</time></trkpt><trkpt lat="47.555807" lon="-121.149997"><ele>1875.0</ele><time>2025-08-30T22:13:58Z</time></trkpt><trkpt lat="47.555746" lon="-121.149972"><ele>1870.0</ele><time>2025-08-30T22:14:08Z</time></trkpt><trkpt lat="47.555762" lon="-121.149905"><ele>1872.0</ele><time>2025-08-30T22:14:14Z</time></trkpt><trkpt lat="47.555792" lon="-121.149895"><ele>1870.0</ele><time>2025-08-30T22:14:17Z</time></trkpt><trkpt lat="47.555795" lon="-121.149858"><ele>1868.0</ele><time>2025-08-30T22:14:25Z</time></trkpt><trkpt lat="47.555819" lon="-121.149842"><ele>1868.0</ele><time>2025-08-30T22:14:27Z</time></trkpt><trkpt lat="47.555811" lon="-121.149777"><ele>1866.0</ele><time>2025-08-30T22:14:33Z</time></trkpt><trkpt lat="47.555844" lon="-121.14973"><ele>1864.0</ele><time>2025-08-30T22:14:40Z</time></trkpt><trkpt lat="47.55586" lon="-121.149684"><ele>1862.0</ele><time>2025-08-30T22:14:43Z</time></trkpt><trkpt lat="47.555855" lon="-121.149644"><ele>1862.0</ele><time>2025-08-30T22:14:46Z</time></trkpt><trkpt lat="47.555874" lon="-121.149616"><ele>1862.0</ele><time>2025-08-30T22:14:48Z</time></trkpt><trkpt lat="47.555872" lon="-121.149582"><ele>1862.0</ele><time>2025-08-30T22:14:50Z</time></trkpt><trkpt lat="47.555894" lon="-121.149469"><ele>1857.0</ele><time>2025-08-30T22:14:58Z</time></trkpt><trkpt lat="47.555931" lon="-121.149408"><ele>1856.0</ele><time>2025-08-30T22:15:03Z</time></trkpt><trkpt lat="47.555942" lon="-121.149362"><ele>1856.0</ele><time>2025-08-30T22:15:05Z</time></trkpt><trkpt lat="47.555992" lon="-121.149293"><ele>1855.0</ele><time>2025-08-30T22:15:10Z</time></trkpt><trkpt lat="47.55606" lon="-121.149168"><ele>1856.1</ele><time>2025-08-30T22:15:18Z</time></trkpt><trkpt lat="47.556058" lon="-121.149055"><ele>1856.0</ele><time>2025-08-30T22:15:24Z</time></trkpt><trkpt lat="47.556049" lon="-121.14902"><ele>1854.0</ele><time>2025-08-30T22:15:26Z</time></trkpt><trkpt lat="47.555988" lon="-121.148965"><ele>1852.0</ele><time>2025-08-30T22:15:33Z</time></trkpt><trkpt lat="47.556022" lon="-121.149006"><ele>1848.0</ele><time>2025-08-30T22:15:46Z</time></trkpt><trkpt lat="47.556083" lon="-121.148959"><ele>1848.0</ele><time>2025-08-30T22:15:56Z</time></trkpt><trkpt lat="47.556161" lon="-121.148955"><ele>1846.0</ele><time>2025-08-30T22:16:03Z</time></trkpt><trkpt lat="47.556286" lon="-121.148895"><ele>1845.0</ele><time>2025-08-30T22:16:19Z</time></trkpt><trkpt lat="47.55632" lon="-121.148895"><ele>1844.0</ele><time>2025-08-30T22:16:23Z</time></trkpt><trkpt lat="47.55636" lon="-121.148881"><ele>1844.0</ele><time>2025-08-30T22:16:28Z</time></trkpt><trkpt lat="47.556348" lon="-121.148807"><ele>1844.0</ele><time>2025-08-30T22:16:32Z</time></trkpt><trkpt lat="47.556375" lon="-121.14879"><ele>1842.0</ele><time>2025-08-30T22:16:34Z</time></trkpt><trkpt lat="47.556407" lon="-121.148793"><ele>1840.0</ele><time>2025-08-30T22:16:38Z</time></trkpt><trkpt lat="47.556431" lon="-121.148762"><ele>1842.0</ele><time>2025-08-30T22:16:41Z</time></trkpt><trkpt lat="47.556542" lon="-121.148786"><ele>1840.0</ele><time>2025-08-30T22:16:56Z</time></trkpt><trkpt lat="47.556576" lon="-121.148714"><ele>1840.0</ele><time>2025-08-30T22:17:08Z</time></trkpt><trkpt lat="47.556743" lon="-121.148666"><ele>1836.0</ele><time>2025-08-30T22:17:24Z</time></trkpt><trkpt lat="47.556778" lon="-121.148611"><ele>1836.0</ele><time>2025-08-30T22:17:33Z</time></trkpt><trkpt lat="47.556815" lon="-121.148517"><ele>1833.0</ele><time>2025-08-30T22:17:39Z</time></trkpt><trkpt lat="47.556884" lon="-121.148429"><ele>1831.2</ele><time>2025-08-30T22:17:49Z</time></trkpt><trkpt lat="47.556922" lon="-121.148399"><ele>1830.0</ele><time>2025-08-30T22:17:51Z</time></trkpt><trkpt lat="47.55696" lon="-121.148327"><ele>1829.0</ele><time>2025-08-30T22:17:55Z</time></trkpt><trkpt lat="47.556958" lon="-121.148242"><ele>1828.0</ele><time>2025-08-30T22:17:59Z</time></trkpt><trkpt lat="47.556985" lon="-121.148215"><ele>1825.0</ele><time>2025-08-30T22:18:03Z</time></trkpt><trkpt lat="47.556991" lon="-121.148179"><ele>1824.0</ele><time>2025-08-30T22:18:07Z</time></trkpt><trkpt lat="47.557094" lon="-121.148096"><ele>1819.0</ele><time>2025-08-30T22:18:19Z</time></trkpt><trkpt lat="47.557107" lon="-121.148063"><ele>1818.0</ele><time>2025-08-30T22:18:23Z</time></trkpt><trkpt lat="47.55716" lon="-121.148053"><ele>1818.0</ele><time>2025-08-30T22:18:29Z</time></trkpt><trkpt lat="47.55721" lon="-121.147955"><ele>1815.0</ele><time>2025-08-30T22:18:40Z</time></trkpt><trkpt lat="47.557206" lon="-121.147871"><ele>1810.0</ele><time>2025-08-30T22:18:52Z</time></trkpt><trkpt lat="47.557259" lon="-121.147751"><ele>1808.0</ele><time>2025-08-30T22:19:07Z</time></trkpt><trkpt lat="47.557274" lon="-121.14769"><ele>1805.0</ele><time>2025-08-30T22:19:13Z</time></trkpt><trkpt lat="47.557341" lon="-121.147756"><ele>1806.0</ele><time>2025-08-30T22:19:26Z</time></trkpt><trkpt lat="47.557368" lon="-121.147765"><ele>1806.0</ele><time>2025-08-30T22:19:29Z</time></trkpt><trkpt lat="47.557377" lon="-121.147724"><ele>1800.0</ele><time>2025-08-30T22:19:36Z</time></trkpt><trkpt lat="47.55741" lon="-121.147715"><ele>1804.0</ele><time>2025-08-30T22:19:42Z</time></trkpt><trkpt lat="47.557474" lon="-121.147755"><ele>1804.0</ele><time>2025-08-30T22:19:48Z</time></trkpt><trkpt lat="47.557553" lon="-121.147758"><ele>1800.0</ele><time>2025-08-30T22:20:14Z</time></trkpt><trkpt lat="47.55759" lon="-121.147773"><ele>1802.3</ele><time>2025-08-30T22:20:19Z</time></trkpt><trkpt lat="47.557636" lon="-121.147739"><ele>1796.0</ele><time>2025-08-30T22:20:32Z</time></trkpt><trkpt lat="47.557609" lon="-121.147683"><ele>1792.0</ele><time>2025-08-30T22:20:52Z</time></trkpt><trkpt lat="47.557683" lon="-121.147639"><ele>1795.4</ele><time>2025-08-30T22:21:09Z</time></trkpt><trkpt lat="47.557728" lon="-121.147587"><ele>1788.0</ele><time>2025-08-30T22:21:28Z</time></trkpt><trkpt lat="47.557724" lon="-121.147569"><ele>1781.0</ele><time>2025-08-30T22:22:04Z</time></trkpt><trkpt lat="47.557696" lon="-121.147535"><ele>1782.0</ele><time>2025-08-30T22:22:15Z</time></trkpt><trkpt lat="47.557656" lon="-121.147554"><ele>1783.5</ele><time>2025-08-30T22:22:18Z</time></trkpt><trkpt lat="47.557674" lon="-121.147526"><ele>1784.3</ele><time>2025-08-30T22:22:19Z</time></trkpt><trkpt lat="47.55767" lon="-121.147483"><ele>1784.0</ele><time>2025-08-30T22:22:20Z</time></trkpt><trkpt lat="47.557633" lon="-121.147423"><ele>1786.0</ele><time>2025-08-30T22:22:25Z</time></trkpt><trkpt lat="47.557604" lon="-121.147274"><ele>1784.0</ele><time>2025-08-30T22:22:37Z</time></trkpt><trkpt lat="47.557596" lon="-121.147167"><ele>1784.0</ele><time>2025-08-30T22:22:47Z</time></trkpt><trkpt lat="47.557605" lon="-121.14711"><ele>1784.0</ele><time>2025-08-30T22:22:50Z</time></trkpt><trkpt lat="47.557641" lon="-121.147081"><ele>1782.3</ele><time>2025-08-30T22:22:58Z</time></trkpt><trkpt lat="47.557653" lon="-121.147019"><ele>1780.0</ele><time>2025-08-30T22:22:59Z</time></trkpt><trkpt lat="47.557691" lon="-121.147128"><ele>1776.0</ele><time>2025-08-30T22:23:22Z</time></trkpt><trkpt lat="47.557714" lon="-121.14712"><ele>1775.0</ele><time>2025-08-30T22:23:31Z</time></trkpt><trkpt lat="47.55769" lon="-121.147123"><ele>1777.0</ele><time>2025-08-30T22:23:45Z</time></trkpt><trkpt lat="47.557688" lon="-121.147059"><ele>1775.0</ele><time>2025-08-30T22:23:54Z</time></trkpt><trkpt lat="47.557719" lon="-121.146921"><ele>1771.5</ele><time>2025-08-30T22:24:19Z</time></trkpt><trkpt lat="47.557735" lon="-121.146909"><ele>1770.0</ele><time>2025-08-30T22:24:25Z</time></trkpt><trkpt lat="47.557672" lon="-121.146837"><ele>1768.0</ele><time>2025-08-30T22:24:43Z</time></trkpt><trkpt lat="47.557665" lon="-121.146868"><ele>1768.0</ele><time>2025-08-30T22:24:47Z</time></trkpt><trkpt lat="47.557661" lon="-121.146751"><ele>1760.0</ele><time>2025-08-30T22:25:00Z</time></trkpt><trkpt lat="47.557676" lon="-121.146678"><ele>1763.0</ele><time>2025-08-30T22:25:08Z</time></trkpt><trkpt lat="47.557668" lon="-121.14657"><ele>1758.0</ele><time>2025-08-30T22:25:40Z</time></trkpt><trkpt lat="47.5577" lon="-121.146492"><ele>1753.0</ele><time>2025-08-30T22:25:56Z</time></trkpt><trkpt lat="47.557681" lon="-121.146473"><ele>1755.0</ele><time>2025-08-30T22:26:01Z</time></trkpt><trkpt lat="47.557661" lon="-121.146383"><ele>1750.0</ele><time>2025-08-30T22:26:21Z</time></trkpt><trkpt lat="47.557682" lon="-121.146331"><ele>1748.0</ele><time>2025-08-30T22:26:29Z</time></trkpt><trkpt lat="47.557673" lon="-121.146299"><ele>1744.0</ele><time>2025-08-30T22:26:35Z</time></trkpt><trkpt lat="47.557673" lon="-121.146211"><ele>1747.0</ele><time>2025-08-30T22:26:48Z</time></trkpt><trkpt lat="47.557648" lon="-121.146197"><ele>1745.0</ele><time>2025-08-30T22:26:56Z</time></trkpt><trkpt lat="47.557629" lon="-121.146168"><ele>1746.0</ele><time>2025-08-30T22:27:00Z</time></trkpt><trkpt lat="47.557572" lon="-121.1462"><ele>1746.0</ele><time>2025-08-30T22:27:02Z</time></trkpt><trkpt lat="47.557561" lon="-121.146137"><ele>1740.0</ele><time>2025-08-30T22:27:09Z</time></trkpt><trkpt lat="47.557536" lon="-121.146114"><ele>1737.0</ele><time>2025-08-30T22:27:16Z</time></trkpt><trkpt lat="47.557502" lon="-121.146138"><ele>1740.0</ele><time>2025-08-30T22:27:21Z</time></trkpt><trkpt lat="47.557435" lon="-121.146076"><ele>1740.0</ele><time>2025-08-30T22:27:30Z</time></trkpt><trkpt lat="47.557374" lon="-121.145998"><ele>1737.4</ele><time>2025-08-30T22:27:44Z</time></trkpt><trkpt lat="47.557373" lon="-121.145961"><ele>1737.0</ele><time>2025-08-30T22:27:46Z</time></trkpt><trkpt lat="47.55736" lon="-121.145931"><ele>1735.0</ele><time>2025-08-30T22:27:50Z</time></trkpt><trkpt lat="47.557326" lon="-121.145916"><ele>1734.0</ele><time>2025-08-30T22:27:54Z</time></trkpt><trkpt lat="47.557327" lon="-121.145803"><ele>1725.0</ele><time>2025-08-30T22:28:10Z</time></trkpt><trkpt lat="47.557341" lon="-121.145753"><ele>1726.0</ele><time>2025-08-30T22:28:22Z</time></trkpt><trkpt lat="47.557319" lon="-121.145777"><ele>1727.0</ele><time>2025-08-30T22:28:27Z</time></trkpt><trkpt lat="47.557319" lon="-121.145802"><ele>1722.0</ele><time>2025-08-30T22:28:34Z</time></trkpt><trkpt lat="47.557314" lon="-121.145765"><ele>1725.0</ele><time>2025-08-30T22:28:47Z</time></trkpt><trkpt lat="47.557253" lon="-121.145765"><ele>1720.0</ele><time>2025-08-30T22:29:10Z</time></trkpt><trkpt lat="47.557227" lon="-121.145655"><ele>1719.0</ele><time>2025-08-30T22:29:24Z</time></trkpt><trkpt lat="47.557233" lon="-121.14561"><ele>1720.0</ele><time>2025-08-30T22:29:28Z</time></trkpt><trkpt lat="47.557256" lon="-121.145573"><ele>1719.0</ele><time>2025-08-30T22:29:32Z</time></trkpt><trkpt lat="47.557262" lon="-121.14554"><ele>1714.0</ele><time>2025-08-30T22:29:39Z</time></trkpt><trkpt lat="47.557249" lon="-121.145466"><ele>1714.0</ele><time>2025-08-30T22:29:53Z</time></trkpt><trkpt lat="47.557252" lon="-121.145403"><ele>1716.0</ele><time>2025-08-30T22:30:02Z</time></trkpt><trkpt lat="47.557237" lon="-121.145454"><ele>1715.0</ele><time>2025-08-30T22:30:07Z</time></trkpt><trkpt lat="47.55723" lon="-121.145401"><ele>1712.0</ele><time>2025-08-30T22:30:12Z</time></trkpt><trkpt lat="47.557168" lon="-121.145361"><ele>1710.0</ele><time>2025-08-30T22:30:29Z</time></trkpt><trkpt lat="47.557206" lon="-121.145358"><ele>1712.0</ele><time>2025-08-30T22:30:35Z</time></trkpt><trkpt lat="47.557098" lon="-121.145238"><ele>1707.0</ele><time>2025-08-30T22:30:55Z</time></trkpt><trkpt lat="47.557106" lon="-121.145186"><ele>1708.0</ele><time>2025-08-30T22:31:00Z</time></trkpt><trkpt lat="47.557078" lon="-121.145158"><ele>1708.2</ele><time>2025-08-30T22:31:05Z</time></trkpt><trkpt lat="47.55708" lon="-121.145096"><ele>1706.0</ele><time>2025-08-30T22:31:16Z</time></trkpt><trkpt lat="47.557048" lon="-121.145023"><ele>1705.0</ele><time>2025-08-30T22:31:21Z</time></trkpt><trkpt lat="47.557058" lon="-121.144947"><ele>1704.0</ele><time>2025-08-30T22:31:26Z</time></trkpt><trkpt lat="47.557031" lon="-121.144875"><ele>1704.0</ele><time>2025-08-30T22:31:32Z</time></trkpt><trkpt lat="47.557055" lon="-121.144788"><ele>1701.0</ele><time>2025-08-30T22:31:47Z</time></trkpt><trkpt lat="47.557033" lon="-121.144677"><ele>1703.0</ele><time>2025-08-30T22:31:53Z</time></trkpt><trkpt lat="47.557033" lon="-121.144613"><ele>1704.0</ele><time>2025-08-30T22:31:57Z</time></trkpt><trkpt lat="47.557057" lon="-121.144521"><ele>1702.0</ele><time>2025-08-30T22:32:05Z</time></trkpt><trkpt lat="47.556927" lon="-121.144063"><ele>1699.0</ele><time>2025-08-30T22:32:36Z</time></trkpt><trkpt lat="47.556804" lon="-121.143843"><ele>1701.0</ele><time>2025-08-30T22:32:50Z</time></trkpt><trkpt lat="47.556722" lon="-121.14377"><ele>1698.0</ele><time>2025-08-30T22:33:02Z</time></trkpt><trkpt lat="47.55663" lon="-121.14374"><ele>1696.0</ele><time>2025-08-30T22:33:12Z</time></trkpt><trkpt lat="47.556564" lon="-121.143629"><ele>1697.0</ele><time>2025-08-30T22:33:22Z</time></trkpt><trkpt lat="47.5565" lon="-121.1435"><ele>1697.0</ele><time>2025-08-30T22:33:33Z</time></trkpt><trkpt lat="47.556483" lon="-121.143419"><ele>1696.0</ele><time>2025-08-30T22:33:38Z</time></trkpt><trkpt lat="47.556486" lon="-121.143347"><ele>1696.0</ele><time>2025-08-30T22:33:42Z</time></trkpt><trkpt lat="47.556467" lon="-121.143303"><ele>1697.0</ele><time>2025-08-30T22:33:44Z</time></trkpt><trkpt lat="47.556395" lon="-121.143276"><ele>1696.0</ele><time>2025-08-30T22:33:48Z</time></trkpt><trkpt lat="47.556346" lon="-121.143204"><ele>1698.0</ele><time>2025-08-30T22:33:52Z</time></trkpt><trkpt lat="47.556354" lon="-121.143167"><ele>1694.0</ele><time>2025-08-30T22:33:57Z</time></trkpt><trkpt lat="47.556376" lon="-121.143208"><ele>1692.0</ele><time>2025-08-30T22:34:20Z</time></trkpt><trkpt lat="47.556272" lon="-121.143023"><ele>1692.0</ele><time>2025-08-30T22:34:55Z</time></trkpt><trkpt lat="47.556264" lon="-121.142908"><ele>1693.0</ele><time>2025-08-30T22:35:03Z</time></trkpt><trkpt lat="47.556193" lon="-121.142776"><ele>1695.0</ele><time>2025-08-30T22:35:17Z</time></trkpt><trkpt lat="47.55614" lon="-121.142725"><ele>1694.0</ele><time>2025-08-30T22:35:26Z</time></trkpt><trkpt lat="47.556108" lon="-121.142757"><ele>1695.0</ele><time>2025-08-30T22:35:32Z</time></trkpt><trkpt lat="47.556096" lon="-121.142855"><ele>1692.0</ele><time>2025-08-30T22:35:41Z</time></trkpt><trkpt lat="47.556063" lon="-121.142963"><ele>1692.0</ele><time>2025-08-30T22:35:47Z</time></trkpt><trkpt lat="47.556054" lon="-121.143042"><ele>1691.0</ele><time>2025-08-30T22:35:51Z</time></trkpt><trkpt lat="47.556039" lon="-121.143073"><ele>1691.0</ele><time>2025-08-30T22:35:54Z</time></trkpt><trkpt lat="47.555956" lon="-121.143133"><ele>1691.1</ele><time>2025-08-30T22:36:01Z</time></trkpt><trkpt lat="47.555926" lon="-121.143144"><ele>1688.0</ele><time>2025-08-30T22:36:04Z</time></trkpt><trkpt lat="47.555887" lon="-121.143106"><ele>1688.0</ele><time>2025-08-30T22:36:08Z</time></trkpt><trkpt lat="47.555848" lon="-121.143136"><ele>1688.0</ele><time>2025-08-30T22:36:13Z</time></trkpt><trkpt lat="47.55581" lon="-121.143126"><ele>1688.0</ele><time>2025-08-30T22:36:17Z</time></trkpt><trkpt lat="47.555743" lon="-121.143144"><ele>1686.0</ele><time>2025-08-30T22:36:22Z</time></trkpt><trkpt lat="47.555704" lon="-121.143134"><ele>1688.0</ele><time>2025-08-30T22:36:25Z</time></trkpt><trkpt lat="47.555674" lon="-121.143112"><ele>1688.0</ele><time>2025-08-30T22:36:27Z</time></trkpt><trkpt lat="47.555638" lon="-121.143107"><ele>1688.0</ele><time>2025-08-30T22:36:29Z</time></trkpt><trkpt lat="47.555558" lon="-121.143191"><ele>1688.0</ele><time>2025-08-30T22:36:35Z</time></trkpt><trkpt lat="47.555527" lon="-121.143356"><ele>1686.0</ele><time>2025-08-30T22:36:43Z</time></trkpt><trkpt lat="47.555515" lon="-121.143482"><ele>1686.0</ele><time>2025-08-30T22:36:52Z</time></trkpt><trkpt lat="47.555487" lon="-121.143543"><ele>1688.0</ele><time>2025-08-30T22:36:59Z</time></trkpt><trkpt lat="47.555502" lon="-121.143606"><ele>1687.0</ele><time>2025-08-30T22:37:03Z</time></trkpt><trkpt lat="47.555498" lon="-121.143652"><ele>1688.0</ele><time>2025-08-30T22:37:05Z</time></trkpt><trkpt lat="47.55551" lon="-121.143723"><ele>1686.0</ele><time>2025-08-30T22:37:10Z</time></trkpt><trkpt lat="47.555494" lon="-121.143834"><ele>1684.0</ele><time>2025-08-30T22:37:18Z</time></trkpt><trkpt lat="47.555516" lon="-121.143966"><ele>1683.0</ele><time>2025-08-30T22:37:27Z</time></trkpt><trkpt lat="47.555516" lon="-121.1441"><ele>1682.0</ele><time>2025-08-30T22:37:35Z</time></trkpt><trkpt lat="47.555503" lon="-121.144128"><ele>1682.0</ele><time>2025-08-30T22:37:37Z</time></trkpt><trkpt lat="47.555521" lon="-121.144168"><ele>1683.0</ele><time>2025-08-30T22:37:39Z</time></trkpt><trkpt lat="47.555516" lon="-121.144211"><ele>1680.0</ele><time>2025-08-30T22:37:42Z</time></trkpt><trkpt lat="47.555462" lon="-121.144327"><ele>1679.0</ele><time>2025-08-30T22:37:55Z</time></trkpt><trkpt lat="47.555433" lon="-121.144354"><ele>1679.0</ele><time>2025-08-30T22:37:58Z</time></trkpt><trkpt lat="47.555398" lon="-121.14436"><ele>1677.0</ele><time>2025-08-30T22:38:00Z</time></trkpt><trkpt lat="47.555376" lon="-121.144383"><ele>1678.0</ele><time>2025-08-30T22:38:03Z</time></trkpt><trkpt lat="47.555347" lon="-121.144527"><ele>1675.0</ele><time>2025-08-30T22:38:13Z</time></trkpt><trkpt lat="47.55532" lon="-121.144572"><ele>1674.0</ele><time>2025-08-30T22:38:15Z</time></trkpt><trkpt lat="47.555271" lon="-121.144543"><ele>1672.0</ele><time>2025-08-30T22:38:21Z</time></trkpt><trkpt lat="47.555215" lon="-121.144469"><ele>1672.0</ele><time>2025-08-30T22:38:26Z</time></trkpt><trkpt lat="47.555128" lon="-121.144405"><ele>1672.0</ele><time>2025-08-30T22:38:33Z</time></trkpt><trkpt lat="47.555121" lon="-121.144377"><ele>1672.0</ele><time>2025-08-30T22:38:38Z</time></trkpt><trkpt lat="47.555175" lon="-121.14438"><ele>1672.8</ele><time>2025-08-30T22:38:42Z</time></trkpt><trkpt lat="47.555125" lon="-121.1444"><ele>1670.0</ele><time>2025-08-30T22:38:45Z</time></trkpt><trkpt lat="47.555091" lon="-121.144487"><ele>1668.0</ele><time>2025-08-30T22:38:55Z</time></trkpt><trkpt lat="47.555051" lon="-121.144472"><ele>1668.0</ele><time>2025-08-30T22:39:01Z</time></trkpt><trkpt lat="47.554965" lon="-121.144517"><ele>1668.0</ele><time>2025-08-30T22:39:09Z</time></trkpt><trkpt lat="47.554927" lon="-121.144486"><ele>1668.0</ele><time>2025-08-30T22:39:11Z</time></trkpt><trkpt lat="47.554889" lon="-121.144422"><ele>1666.0</ele><time>2025-08-30T22:39:15Z</time></trkpt><trkpt lat="47.554863" lon="-121.144399"><ele>1666.0</ele><time>2025-08-30T22:39:17Z</time></trkpt><trkpt lat="47.554781" lon="-121.144378"><ele>1668.0</ele><time>2025-08-30T22:39:22Z</time></trkpt><trkpt lat="47.55475" lon="-121.144357"><ele>1668.0</ele><time>2025-08-30T22:39:24Z</time></trkpt><trkpt lat="47.55471" lon="-121.144295"><ele>1669.0</ele><time>2025-08-30T22:39:28Z</time></trkpt><trkpt lat="47.554681" lon="-121.144273"><ele>1670.0</ele><time>2025-08-30T22:39:31Z</time></trkpt><trkpt lat="47.5546" lon="-121.144297"><ele>1667.0</ele><time>2025-08-30T22:39:37Z</time></trkpt><trkpt lat="47.554579" lon="-121.144324"><ele>1666.0</ele><time>2025-08-30T22:39:39Z</time></trkpt><trkpt lat="47.554538" lon="-121.144327"><ele>1666.0</ele><time>2025-08-30T22:39:43Z</time></trkpt><trkpt lat="47.554507" lon="-121.14431"><ele>1664.0</ele><time>2025-08-30T22:39:51Z</time></trkpt><trkpt lat="47.554435" lon="-121.144245"><ele>1666.0</ele><time>2025-08-30T22:40:01Z</time></trkpt><trkpt lat="47.554403" lon="-121.144176"><ele>1666.0</ele><time>2025-08-30T22:40:04Z</time></trkpt><trkpt lat="47.554338" lon="-121.144106"><ele>1666.0</ele><time>2025-08-30T22:40:09Z</time></trkpt><trkpt lat="47.554314" lon="-121.144026"><ele>1664.0</ele><time>2025-08-30T22:40:13Z</time></trkpt><trkpt lat="47.554198" lon="-121.143882"><ele>1662.0</ele><time>2025-08-30T22:40:28Z</time></trkpt><trkpt lat="47.554149" lon="-121.143763"><ele>1662.0</ele><time>2025-08-30T22:40:37Z</time></trkpt><trkpt lat="47.554169" lon="-121.143682"><ele>1660.0</ele><time>2025-08-30T22:40:43Z</time></trkpt><trkpt lat="47.554127" lon="-121.143593"><ele>1661.0</ele><time>2025-08-30T22:40:50Z</time></trkpt><trkpt lat="47.554097" lon="-121.143537"><ele>1662.0</ele><time>2025-08-30T22:40:55Z</time></trkpt><trkpt lat="47.554019" lon="-121.143503"><ele>1662.0</ele><time>2025-08-30T22:41:03Z</time></trkpt><trkpt lat="47.553991" lon="-121.143389"><ele>1658.0</ele><time>2025-08-30T22:41:16Z</time></trkpt><trkpt lat="47.553973" lon="-121.143415"><ele>1658.0</ele><time>2025-08-30T22:41:18Z</time></trkpt><trkpt lat="47.553971" lon="-121.143343"><ele>1658.0</ele><time>2025-08-30T22:41:23Z</time></trkpt><trkpt lat="47.553953" lon="-121.14328"><ele>1656.0</ele><time>2025-08-30T22:41:27Z</time></trkpt><trkpt lat="47.55396" lon="-121.14325"><ele>1657.0</ele><time>2025-08-30T22:41:30Z</time></trkpt><trkpt lat="47.553984" lon="-121.143222"><ele>1656.0</ele><time>2025-08-30T22:41:33Z</time></trkpt><trkpt lat="47.553979" lon="-121.143141"><ele>1653.0</ele><time>2025-08-30T22:41:40Z</time></trkpt><trkpt lat="47.553956" lon="-121.14304"><ele>1656.0</ele><time>2025-08-30T22:41:43Z</time></trkpt><trkpt lat="47.553939" lon="-121.143008"><ele>1656.0</ele><time>2025-08-30T22:41:45Z</time></trkpt><trkpt lat="47.553906" lon="-121.142976"><ele>1656.0</ele><time>2025-08-30T22:41:48Z</time></trkpt><trkpt lat="47.553907" lon="-121.142896"><ele>1656.0</ele><time>2025-08-30T22:41:53Z</time></trkpt><trkpt lat="47.553942" lon="-121.142852"><ele>1656.0</ele><time>2025-08-30T22:41:55Z</time></trkpt><trkpt lat="47.553897" lon="-121.142855"><ele>1657.0</ele><time>2025-08-30T22:41:56Z</time></trkpt><trkpt lat="47.553901" lon="-121.142766"><ele>1655.0</ele><time>2025-08-30T22:42:03Z</time></trkpt><trkpt lat="47.553886" lon="-121.142653"><ele>1656.0</ele><time>2025-08-30T22:42:11Z</time></trkpt><trkpt lat="47.553858" lon="-121.142634"><ele>1654.0</ele><time>2025-08-30T22:42:15Z</time></trkpt><trkpt lat="47.553812" lon="-121.142573"><ele>1652.0</ele><time>2025-08-30T22:42:21Z</time></trkpt><trkpt lat="47.553826" lon="-121.142525"><ele>1654.0</ele><time>2025-08-30T22:42:24Z</time></trkpt><trkpt lat="47.553802" lon="-121.142455"><ele>1654.0</ele><time>2025-08-30T22:42:28Z</time></trkpt><trkpt lat="47.553838" lon="-121.142403"><ele>1651.0</ele><time>2025-08-30T22:42:32Z</time></trkpt><trkpt lat="47.553845" lon="-121.142219"><ele>1650.0</ele><time>2025-08-30T22:42:45Z</time></trkpt><trkpt lat="47.553825" lon="-121.142193"><ele>1649.0</ele><time>2025-08-30T22:42:47Z</time></trkpt><trkpt lat="47.553854" lon="-121.14193"><ele>1648.0</ele><time>2025-08-30T22:43:01Z</time></trkpt><trkpt lat="47.553825" lon="-121.141768"><ele>1649.0</ele><time>2025-08-30T22:43:09Z</time></trkpt><trkpt lat="47.553787" lon="-121.141718"><ele>1648.0</ele><time>2025-08-30T22:43:15Z</time></trkpt><trkpt lat="47.55378" lon="-121.141678"><ele>1648.0</ele><time>2025-08-30T22:43:19Z</time></trkpt><trkpt lat="47.553822" lon="-121.141564"><ele>1647.0</ele><time>2025-08-30T22:43:29Z</time></trkpt><trkpt lat="47.553841" lon="-121.141436"><ele>1644.0</ele><time>2025-08-30T22:43:38Z</time></trkpt><trkpt lat="47.553823" lon="-121.141414"><ele>1644.0</ele><time>2025-08-30T22:43:41Z</time></trkpt><trkpt lat="47.55388" lon="-121.141253"><ele>1638.0</ele><time>2025-08-30T22:43:56Z</time></trkpt><trkpt lat="47.553826" lon="-121.141125"><ele>1637.0</ele><time>2025-08-30T22:44:12Z</time></trkpt><trkpt lat="47.553833" lon="-121.141032"><ele>1636.0</ele><time>2025-08-30T22:44:19Z</time></trkpt><trkpt lat="47.553811" lon="-121.140866"><ele>1636.8</ele><time>2025-08-30T22:44:26Z</time></trkpt><trkpt lat="47.553819" lon="-121.140808"><ele>1632.0</ele><time>2025-08-30T22:44:34Z</time></trkpt><trkpt lat="47.553867" lon="-121.140748"><ele>1634.1</ele><time>2025-08-30T22:44:44Z</time></trkpt><trkpt lat="47.55377" lon="-121.140694"><ele>1633.0</ele><time>2025-08-30T22:44:50Z</time></trkpt><trkpt lat="47.553816" lon="-121.140634"><ele>1632.0</ele><time>2025-08-30T22:44:56Z</time></trkpt><trkpt lat="47.553805" lon="-121.14054"><ele>1633.6</ele><time>2025-08-30T22:44:58Z</time></trkpt><trkpt lat="47.553799" lon="-121.140575"><ele>1632.0</ele><time>2025-08-30T22:45:00Z</time></trkpt><trkpt lat="47.553764" lon="-121.140556"><ele>1632.0</ele><time>2025-08-30T22:45:04Z</time></trkpt><trkpt lat="47.553729" lon="-121.140491"><ele>1629.0</ele><time>2025-08-30T22:45:18Z</time></trkpt><trkpt lat="47.553695" lon="-121.140458"><ele>1628.0</ele><time>2025-08-30T22:45:24Z</time></trkpt><trkpt lat="47.5537" lon="-121.140405"><ele>1629.0</ele><time>2025-08-30T22:45:31Z</time></trkpt><trkpt lat="47.553685" lon="-121.140279"><ele>1630.0</ele><time>2025-08-30T22:45:35Z</time></trkpt><trkpt lat="47.553711" lon="-121.140213"><ele>1626.0</ele><time>2025-08-30T22:45:41Z</time></trkpt><trkpt lat="47.553693" lon="-121.140179"><ele>1629.6</ele><time>2025-08-30T22:45:45Z</time></trkpt><trkpt lat="47.553686" lon="-121.140224"><ele>1630.0</ele><time>2025-08-30T22:45:47Z</time></trkpt><trkpt lat="47.553733" lon="-121.140213"><ele>1630.0</ele><time>2025-08-30T22:45:53Z</time></trkpt><trkpt lat="47.553788" lon="-121.140106"><ele>1634.8</ele><time>2025-08-30T22:45:59Z</time></trkpt><trkpt lat="47.553755" lon="-121.140085"><ele>1635.0</ele><time>2025-08-30T22:46:00Z</time></trkpt><trkpt lat="47.55369" lon="-121.140086"><ele>1634.0</ele><time>2025-08-30T22:46:04Z</time></trkpt><trkpt lat="47.553687" lon="-121.140128"><ele>1634.4</ele><time>2025-08-30T22:46:05Z</time></trkpt><trkpt lat="47.55371" lon="-121.140195"><ele>1634.0</ele><time>2025-08-30T22:46:06Z</time></trkpt><trkpt lat="47.553685" lon="-121.140175"><ele>1631.0</ele><time>2025-08-30T22:46:08Z</time></trkpt><trkpt lat="47.553657" lon="-121.140118"><ele>1632.0</ele><time>2025-08-30T22:46:09Z</time></trkpt><trkpt lat="47.553601" lon="-121.140036"><ele>1632.0</ele><time>2025-08-30T22:46:16Z</time></trkpt><trkpt lat="47.553577" lon="-121.139935"><ele>1632.0</ele><time>2025-08-30T22:46:23Z</time></trkpt><trkpt lat="47.553477" lon="-121.139878"><ele>1627.0</ele><time>2025-08-30T22:46:32Z</time></trkpt><trkpt lat="47.553455" lon="-121.139853"><ele>1629.0</ele><time>2025-08-30T22:46:36Z</time></trkpt><trkpt lat="47.553491" lon="-121.139895"><ele>1627.0</ele><time>2025-08-30T22:46:40Z</time></trkpt><trkpt lat="47.553414" lon="-121.139723"><ele>1631.7</ele><time>2025-08-30T22:46:50Z</time></trkpt><trkpt lat="47.553365" lon="-121.13967"><ele>1630.0</ele><time>2025-08-30T22:46:55Z</time></trkpt><trkpt lat="47.553312" lon="-121.139634"><ele>1630.0</ele><time>2025-08-30T22:46:59Z</time></trkpt><trkpt lat="47.553296" lon="-121.139598"><ele>1629.0</ele><time>2025-08-30T22:47:04Z</time></trkpt><trkpt lat="47.553241" lon="-121.139543"><ele>1615.0</ele><time>2025-08-30T22:47:30Z</time></trkpt><trkpt lat="47.553226" lon="-121.139503"><ele>1629.0</ele><time>2025-08-30T22:47:42Z</time></trkpt><trkpt lat="47.553185" lon="-121.139448"><ele>1627.0</ele><time>2025-08-30T22:47:49Z</time></trkpt><trkpt lat="47.553102" lon="-121.139271"><ele>1626.0</ele><time>2025-08-30T22:48:02Z</time></trkpt><trkpt lat="47.553073" lon="-121.139251"><ele>1626.0</ele><time>2025-08-30T22:48:04Z</time></trkpt><trkpt lat="47.553051" lon="-121.13922"><ele>1626.0</ele><time>2025-08-30T22:48:07Z</time></trkpt><trkpt lat="47.552955" lon="-121.139169"><ele>1624.0</ele><time>2025-08-30T22:48:21Z</time></trkpt><trkpt lat="47.552881" lon="-121.139091"><ele>1623.0</ele><time>2025-08-30T22:48:33Z</time></trkpt><trkpt lat="47.552846" lon="-121.139029"><ele>1623.0</ele><time>2025-08-30T22:48:38Z</time></trkpt><trkpt lat="47.552732" lon="-121.13868"><ele>1622.0</ele><time>2025-08-30T22:49:06Z</time></trkpt><trkpt lat="47.552699" lon="-121.138642"><ele>1622.0</ele><time>2025-08-30T22:49:09Z</time></trkpt><trkpt lat="47.552713" lon="-121.138592"><ele>1623.0</ele><time>2025-08-30T22:49:12Z</time></trkpt><trkpt lat="47.552539" lon="-121.138468"><ele>1625.0</ele><time>2025-08-30T22:49:29Z</time></trkpt><trkpt lat="47.552517" lon="-121.138407"><ele>1626.0</ele><time>2025-08-30T22:49:38Z</time></trkpt><trkpt lat="47.552442" lon="-121.13828"><ele>1625.0</ele><time>2025-08-30T22:49:50Z</time></trkpt><trkpt lat="47.552431" lon="-121.138234"><ele>1628.0</ele><time>2025-08-30T22:49:54Z</time></trkpt><trkpt lat="47.552363" lon="-121.138192"><ele>1628.0</ele><time>2025-08-30T22:49:59Z</time></trkpt><trkpt lat="47.552359" lon="-121.138152"><ele>1629.0</ele><time>2025-08-30T22:50:01Z</time></trkpt><trkpt lat="47.552287" lon="-121.138082"><ele>1628.0</ele><time>2025-08-30T22:50:13Z</time></trkpt><trkpt lat="47.552277" lon="-121.138046"><ele>1629.0</ele><time>2025-08-30T22:50:16Z</time></trkpt><trkpt lat="47.552231" lon="-121.138004"><ele>1631.4</ele><time>2025-08-30T22:50:23Z</time></trkpt><trkpt lat="47.552203" lon="-121.138002"><ele>1628.0</ele><time>2025-08-30T22:50:26Z</time></trkpt><trkpt lat="47.552182" lon="-121.137954"><ele>1624.0</ele><time>2025-08-30T22:50:35Z</time></trkpt><trkpt lat="47.552141" lon="-121.137909"><ele>1629.0</ele><time>2025-08-30T22:50:45Z</time></trkpt><trkpt lat="47.552135" lon="-121.137872"><ele>1628.0</ele><time>2025-08-30T22:50:49Z</time></trkpt><trkpt lat="47.552046" lon="-121.137781"><ele>1629.0</ele><time>2025-08-30T22:51:01Z</time></trkpt><trkpt lat="47.552022" lon="-121.137695"><ele>1629.0</ele><time>2025-08-30T22:51:14Z</time></trkpt><trkpt lat="47.551997" lon="-121.137653"><ele>1628.0</ele><time>2025-08-30T22:51:23Z</time></trkpt><trkpt lat="47.551959" lon="-121.137628"><ele>1625.0</ele><time>2025-08-30T22:51:29Z</time></trkpt><trkpt lat="47.551941" lon="-121.1376"><ele>1630.0</ele><time>2025-08-30T22:51:33Z</time></trkpt><trkpt lat="47.551938" lon="-121.137567"><ele>1629.0</ele><time>2025-08-30T22:51:39Z</time></trkpt><trkpt lat="47.55185" lon="-121.137417"><ele>1629.0</ele><time>2025-08-30T22:51:57Z</time></trkpt><trkpt lat="47.551815" lon="-121.137339"><ele>1630.0</ele><time>2025-08-30T22:52:02Z</time></trkpt><trkpt lat="47.55175" lon="-121.137308"><ele>1630.0</ele><time>2025-08-30T22:52:07Z</time></trkpt><trkpt lat="47.551739" lon="-121.137229"><ele>1630.0</ele><time>2025-08-30T22:52:16Z</time></trkpt><trkpt lat="47.551748" lon="-121.137187"><ele>1632.2</ele><time>2025-08-30T22:52:19Z</time></trkpt><trkpt lat="47.551648" lon="-121.137122"><ele>1631.0</ele><time>2025-08-30T22:52:29Z</time></trkpt><trkpt lat="47.551645" lon="-121.137092"><ele>1626.0</ele><time>2025-08-30T22:52:33Z</time></trkpt><trkpt lat="47.551622" lon="-121.137051"><ele>1630.0</ele><time>2025-08-30T22:52:38Z</time></trkpt><trkpt lat="47.551621" lon="-121.137021"><ele>1630.0</ele><time>2025-08-30T22:52:43Z</time></trkpt><trkpt lat="47.551598" lon="-121.136984"><ele>1633.7</ele><time>2025-08-30T22:52:46Z</time></trkpt><trkpt lat="47.551602" lon="-121.136916"><ele>1634.2</ele><time>2025-08-30T22:52:50Z</time></trkpt><trkpt lat="47.551526" lon="-121.136835"><ele>1632.0</ele><time>2025-08-30T22:53:01Z</time></trkpt><trkpt lat="47.5515" lon="-121.136857"><ele>1632.0</ele><time>2025-08-30T22:53:07Z</time></trkpt><trkpt lat="47.551533" lon="-121.136819"><ele>1631.0</ele><time>2025-08-30T22:53:25Z</time></trkpt><trkpt lat="47.551533" lon="-121.136793"><ele>1636.0</ele><time>2025-08-30T22:53:47Z</time></trkpt><trkpt lat="47.551517" lon="-121.136758"><ele>1641.2</ele><time>2025-08-30T22:54:15Z</time></trkpt><trkpt lat="47.551426" lon="-121.136697"><ele>1640.0</ele><time>2025-08-30T22:54:36Z</time></trkpt><trkpt lat="47.551386" lon="-121.136612"><ele>1639.0</ele><time>2025-08-30T22:54:47Z</time></trkpt><trkpt lat="47.551402" lon="-121.136678"><ele>1641.0</ele><time>2025-08-30T22:54:51Z</time></trkpt><trkpt lat="47.551392" lon="-121.136624"><ele>1640.0</ele><time>2025-08-30T22:54:59Z</time></trkpt><trkpt lat="47.551358" lon="-121.136652"><ele>1642.6</ele><time>2025-08-30T22:55:01Z</time></trkpt><trkpt lat="47.551347" lon="-121.136577"><ele>1640.0</ele><time>2025-08-30T22:55:06Z</time></trkpt><trkpt lat="47.551325" lon="-121.136539"><ele>1640.0</ele><time>2025-08-30T22:55:15Z</time></trkpt><trkpt lat="47.551321" lon="-121.136505"><ele>1643.4</ele><time>2025-08-30T22:55:20Z</time></trkpt><trkpt lat="47.55128" lon="-121.136519"><ele>1644.0</ele><time>2025-08-30T22:55:22Z</time></trkpt><trkpt lat="47.551281" lon="-121.136461"><ele>1644.0</ele><time>2025-08-30T22:55:25Z</time></trkpt><trkpt lat="47.55136" lon="-121.136532"><ele>1646.0</ele><time>2025-08-30T22:55:40Z</time></trkpt><trkpt lat="47.551333" lon="-121.136481"><ele>1644.0</ele><time>2025-08-30T22:55:55Z</time></trkpt><trkpt lat="47.55135" lon="-121.136426"><ele>1652.0</ele><time>2025-08-30T22:56:19Z</time></trkpt><trkpt lat="47.551324" lon="-121.136391"><ele>1653.0</ele><time>2025-08-30T22:56:24Z</time></trkpt><trkpt lat="47.551299" lon="-121.136258"><ele>1654.0</ele><time>2025-08-30T22:56:42Z</time></trkpt><trkpt lat="47.551305" lon="-121.136225"><ele>1655.0</ele><time>2025-08-30T22:56:45Z</time></trkpt><trkpt lat="47.551349" lon="-121.136203"><ele>1658.0</ele><time>2025-08-30T22:56:49Z</time></trkpt><trkpt lat="47.551381" lon="-121.136151"><ele>1656.0</ele><time>2025-08-30T22:56:57Z</time></trkpt><trkpt lat="47.551357" lon="-121.136098"><ele>1655.0</ele><time>2025-08-30T22:57:04Z</time></trkpt><trkpt lat="47.551401" lon="-121.136073"><ele>1659.0</ele><time>2025-08-30T22:57:09Z</time></trkpt><trkpt lat="47.551373" lon="-121.135973"><ele>1656.0</ele><time>2025-08-30T22:57:20Z</time></trkpt><trkpt lat="47.551374" lon="-121.135937"><ele>1660.0</ele><time>2025-08-30T22:57:26Z</time></trkpt><trkpt lat="47.551345" lon="-121.135926"><ele>1650.0</ele><time>2025-08-30T22:57:45Z</time></trkpt><trkpt lat="47.551319" lon="-121.135897"><ele>1664.8</ele><time>2025-08-30T22:58:08Z</time></trkpt><trkpt lat="47.55133" lon="-121.135847"><ele>1665.0</ele><time>2025-08-30T22:58:14Z</time></trkpt><trkpt lat="47.551355" lon="-121.135827"><ele>1666.0</ele><time>2025-08-30T22:58:16Z</time></trkpt><trkpt lat="47.55135" lon="-121.135649"><ele>1670.0</ele><time>2025-08-30T22:58:37Z</time></trkpt><trkpt lat="47.551319" lon="-121.135552"><ele>1671.0</ele><time>2025-08-30T22:58:48Z</time></trkpt><trkpt lat="47.551275" lon="-121.135458"><ele>1675.0</ele><time>2025-08-30T22:58:59Z</time></trkpt><trkpt lat="47.551284" lon="-121.135418"><ele>1675.0</ele><time>2025-08-30T22:59:09Z</time></trkpt><trkpt lat="47.551246" lon="-121.135369"><ele>1675.0</ele><time>2025-08-30T22:59:39Z</time></trkpt><trkpt lat="47.551232" lon="-121.135292"><ele>1680.0</ele><time>2025-08-30T23:00:10Z</time></trkpt><trkpt lat="47.551203" lon="-121.135224"><ele>1679.0</ele><time>2025-08-30T23:00:18Z</time></trkpt><trkpt lat="47.551151" lon="-121.135194"><ele>1675.0</ele><time>2025-08-30T23:00:31Z</time></trkpt><trkpt lat="47.551118" lon="-121.135127"><ele>1677.0</ele><time>2025-08-30T23:00:39Z</time></trkpt><trkpt lat="47.551106" lon="-121.135084"><ele>1677.0</ele><time>2025-08-30T23:00:42Z</time></trkpt><trkpt lat="47.551115" lon="-121.135006"><ele>1679.0</ele><time>2025-08-30T23:00:51Z</time></trkpt><trkpt lat="47.551104" lon="-121.134966"><ele>1680.3</ele><time>2025-08-30T23:00:53Z</time></trkpt><trkpt lat="47.551025" lon="-121.134813"><ele>1676.0</ele><time>2025-08-30T23:01:04Z</time></trkpt><trkpt lat="47.551028" lon="-121.134784"><ele>1676.0</ele><time>2025-08-30T23:01:05Z</time></trkpt><trkpt lat="47.550976" lon="-121.134686"><ele>1674.0</ele><time>2025-08-30T23:01:16Z</time></trkpt><trkpt lat="47.550963" lon="-121.134609"><ele>1674.0</ele><time>2025-08-30T23:01:22Z</time></trkpt><trkpt lat="47.550922" lon="-121.134555"><ele>1673.0</ele><time>2025-08-30T23:01:25Z</time></trkpt><trkpt lat="47.550894" lon="-121.134451"><ele>1674.0</ele><time>2025-08-30T23:01:29Z</time></trkpt><trkpt lat="47.550789" lon="-121.134311"><ele>1676.4</ele><time>2025-08-30T23:01:38Z</time></trkpt><trkpt lat="47.55082" lon="-121.134254"><ele>1675.0</ele><time>2025-08-30T23:01:43Z</time></trkpt><trkpt lat="47.550853" lon="-121.134228"><ele>1678.0</ele><time>2025-08-30T23:01:45Z</time></trkpt><trkpt lat="47.550735" lon="-121.134057"><ele>1680.0</ele><time>2025-08-30T23:01:55Z</time></trkpt><trkpt lat="47.55075" lon="-121.134005"><ele>1682.0</ele><time>2025-08-30T23:02:00Z</time></trkpt><trkpt lat="47.550737" lon="-121.133931"><ele>1681.0</ele><time>2025-08-30T23:02:08Z</time></trkpt><trkpt lat="47.550701" lon="-121.133876"><ele>1682.0</ele><time>2025-08-30T23:02:12Z</time></trkpt><trkpt lat="47.550668" lon="-121.133749"><ele>1684.0</ele><time>2025-08-30T23:02:19Z</time></trkpt><trkpt lat="47.550675" lon="-121.133624"><ele>1682.0</ele><time>2025-08-30T23:02:29Z</time></trkpt><trkpt lat="47.550648" lon="-121.133545"><ele>1684.0</ele><time>2025-08-30T23:02:44Z</time></trkpt><trkpt lat="47.550601" lon="-121.13346"><ele>1686.0</ele><time>2025-08-30T23:03:05Z</time></trkpt><trkpt lat="47.550595" lon="-121.133255"><ele>1686.0</ele><time>2025-08-30T23:03:17Z</time></trkpt><trkpt lat="47.550541" lon="-121.133077"><ele>1690.0</ele><time>2025-08-30T23:03:33Z</time></trkpt><trkpt lat="47.550547" lon="-121.133041"><ele>1690.0</ele><time>2025-08-30T23:03:35Z</time></trkpt><trkpt lat="47.550526" lon="-121.13288"><ele>1690.0</ele><time>2025-08-30T23:03:44Z</time></trkpt><trkpt lat="47.550552" lon="-121.132688"><ele>1692.0</ele><time>2025-08-30T23:03:57Z</time></trkpt><trkpt lat="47.550576" lon="-121.132611"><ele>1691.0</ele><time>2025-08-30T23:04:03Z</time></trkpt><trkpt lat="47.550568" lon="-121.132436"><ele>1689.0</ele><time>2025-08-30T23:04:12Z</time></trkpt><trkpt lat="47.550582" lon="-121.132205"><ele>1692.0</ele><time>2025-08-30T23:04:24Z</time></trkpt><trkpt lat="47.550613" lon="-121.132142"><ele>1692.0</ele><time>2025-08-30T23:04:28Z</time></trkpt><trkpt lat="47.550603" lon="-121.13211"><ele>1692.0</ele><time>2025-08-30T23:04:30Z</time></trkpt><trkpt lat="47.550615" lon="-121.13204"><ele>1692.0</ele><time>2025-08-30T23:04:35Z</time></trkpt><trkpt lat="47.550617" lon="-121.131941"><ele>1692.0</ele><time>2025-08-30T23:04:41Z</time></trkpt><trkpt lat="47.55063" lon="-121.131896"><ele>1692.0</ele><time>2025-08-30T23:04:44Z</time></trkpt><trkpt lat="47.550622" lon="-121.131692"><ele>1693.0</ele><time>2025-08-30T23:04:57Z</time></trkpt><trkpt lat="47.550673" lon="-121.131542"><ele>1694.0</ele><time>2025-08-30T23:05:06Z</time></trkpt><trkpt lat="47.550676" lon="-121.1315"><ele>1695.0</ele><time>2025-08-30T23:05:09Z</time></trkpt><trkpt lat="47.550655" lon="-121.131387"><ele>1695.0</ele><time>2025-08-30T23:05:15Z</time></trkpt><trkpt lat="47.55051" lon="-121.131162"><ele>1696.0</ele><time>2025-08-30T23:05:36Z</time></trkpt><trkpt lat="47.550469" lon="-121.13105"><ele>1698.0</ele><time>2025-08-30T23:05:44Z</time></trkpt><trkpt lat="47.550457" lon="-121.130967"><ele>1698.0</ele><time>2025-08-30T23:05:51Z</time></trkpt><trkpt lat="47.550392" lon="-121.130875"><ele>1701.0</ele><time>2025-08-30T23:06:00Z</time></trkpt><trkpt lat="47.550375" lon="-121.130824"><ele>1700.0</ele><time>2025-08-30T23:06:04Z</time></trkpt><trkpt lat="47.550431" lon="-121.130741"><ele>1702.5</ele><time>2025-08-30T23:06:15Z</time></trkpt><trkpt lat="47.550535" lon="-121.130709"><ele>1700.0</ele><time>2025-08-30T23:06:28Z</time></trkpt><trkpt lat="47.550566" lon="-121.13069"><ele>1702.0</ele><time>2025-08-30T23:06:32Z</time></trkpt><trkpt lat="47.550603" lon="-121.130694"><ele>1701.0</ele><time>2025-08-30T23:06:35Z</time></trkpt><trkpt lat="47.550675" lon="-121.130729"><ele>1702.0</ele><time>2025-08-30T23:06:40Z</time></trkpt><trkpt lat="47.550774" lon="-121.130755"><ele>1702.0</ele><time>2025-08-30T23:06:48Z</time></trkpt><trkpt lat="47.550945" lon="-121.130703"><ele>1704.0</ele><time>2025-08-30T23:06:59Z</time></trkpt><trkpt lat="47.551022" lon="-121.130706"><ele>1704.0</ele><time>2025-08-30T23:07:04Z</time></trkpt><trkpt lat="47.551051" lon="-121.130736"><ele>1703.6</ele><time>2025-08-30T23:07:07Z</time></trkpt><trkpt lat="47.551172" lon="-121.13082"><ele>1700.0</ele><time>2025-08-30T23:07:20Z</time></trkpt><trkpt lat="47.551192" lon="-121.1308"><ele>1700.0</ele><time>2025-08-30T23:07:24Z</time></trkpt><trkpt lat="47.551132" lon="-121.130724"><ele>1700.0</ele><time>2025-08-30T23:07:29Z</time></trkpt><trkpt lat="47.551091" lon="-121.130597"><ele>1701.0</ele><time>2025-08-30T23:07:35Z</time></trkpt><trkpt lat="47.551045" lon="-121.130505"><ele>1698.0</ele><time>2025-08-30T23:07:44Z</time></trkpt><trkpt lat="47.551034" lon="-121.13044"><ele>1695.0</ele><time>2025-08-30T23:07:49Z</time></trkpt><trkpt lat="47.551002" lon="-121.130387"><ele>1694.0</ele><time>2025-08-30T23:07:54Z</time></trkpt><trkpt lat="47.550976" lon="-121.130292"><ele>1694.0</ele><time>2025-08-30T23:08:02Z</time></trkpt><trkpt lat="47.550926" lon="-121.130194"><ele>1694.0</ele><time>2025-08-30T23:08:09Z</time></trkpt><trkpt lat="47.550917" lon="-121.130129"><ele>1691.0</ele><time>2025-08-30T23:08:15Z</time></trkpt><trkpt lat="47.550882" lon="-121.130072"><ele>1692.0</ele><time>2025-08-30T23:08:22Z</time></trkpt><trkpt lat="47.550866" lon="-121.12997"><ele>1692.0</ele><time>2025-08-30T23:08:34Z</time></trkpt><trkpt lat="47.550808" lon="-121.12984"><ele>1690.0</ele><time>2025-08-30T23:08:45Z</time></trkpt><trkpt lat="47.550727" lon="-121.129766"><ele>1689.0</ele><time>2025-08-30T23:08:54Z</time></trkpt><trkpt lat="47.550689" lon="-121.129646"><ele>1687.0</ele><time>2025-08-30T23:09:03Z</time></trkpt><trkpt lat="47.550616" lon="-121.129615"><ele>1687.0</ele><time>2025-08-30T23:09:10Z</time></trkpt><trkpt lat="47.550552" lon="-121.129541"><ele>1686.0</ele><time>2025-08-30T23:09:21Z</time></trkpt><trkpt lat="47.55052" lon="-121.12953"><ele>1684.0</ele><time>2025-08-30T23:09:24Z</time></trkpt><trkpt lat="47.5505" lon="-121.12944"><ele>1680.0</ele><time>2025-08-30T23:09:31Z</time></trkpt><trkpt lat="47.550475" lon="-121.129424"><ele>1682.0</ele><time>2025-08-30T23:09:34Z</time></trkpt><trkpt lat="47.550462" lon="-121.129393"><ele>1681.3</ele><time>2025-08-30T23:09:37Z</time></trkpt><trkpt lat="47.550429" lon="-121.129364"><ele>1678.0</ele><time>2025-08-30T23:09:42Z</time></trkpt><trkpt lat="47.550407" lon="-121.129324"><ele>1678.0</ele><time>2025-08-30T23:09:45Z</time></trkpt><trkpt lat="47.550352" lon="-121.129278"><ele>1677.0</ele><time>2025-08-30T23:09:51Z</time></trkpt><trkpt lat="47.550251" lon="-121.129168"><ele>1680.0</ele><time>2025-08-30T23:10:01Z</time></trkpt><trkpt lat="47.550221" lon="-121.129153"><ele>1680.0</ele><time>2025-08-30T23:10:03Z</time></trkpt><trkpt lat="47.550146" lon="-121.129085"><ele>1679.0</ele><time>2025-08-30T23:10:11Z</time></trkpt><trkpt lat="47.550116" lon="-121.129066"><ele>1677.0</ele><time>2025-08-30T23:10:14Z</time></trkpt><trkpt lat="47.550079" lon="-121.129058"><ele>1677.0</ele><time>2025-08-30T23:10:18Z</time></trkpt><trkpt lat="47.550005" lon="-121.129069"><ele>1678.0</ele><time>2025-08-30T23:10:24Z</time></trkpt><trkpt lat="47.549897" lon="-121.12899"><ele>1675.0</ele><time>2025-08-30T23:10:38Z</time></trkpt><trkpt lat="47.54988" lon="-121.128906"><ele>1672.0</ele><time>2025-08-30T23:10:44Z</time></trkpt><trkpt lat="47.549896" lon="-121.12886"><ele>1672.0</ele><time>2025-08-30T23:10:46Z</time></trkpt><trkpt lat="47.549882" lon="-121.12881"><ele>1671.0</ele><time>2025-08-30T23:10:48Z</time></trkpt><trkpt lat="47.549841" lon="-121.12873"><ele>1672.0</ele><time>2025-08-30T23:10:52Z</time></trkpt><trkpt lat="47.54979" lon="-121.12868"><ele>1671.0</ele><time>2025-08-30T23:11:12Z</time></trkpt><trkpt lat="47.549802" lon="-121.128716"><ele>1670.0</ele><time>2025-08-30T23:11:24Z</time></trkpt><trkpt lat="47.549818" lon="-121.128694"><ele>1670.0</ele><time>2025-08-30T23:11:33Z</time></trkpt><trkpt lat="47.549775" lon="-121.128752"><ele>1673.4</ele><time>2025-08-30T23:11:39Z</time></trkpt><trkpt lat="47.549742" lon="-121.128833"><ele>1669.0</ele><time>2025-08-30T23:12:11Z</time></trkpt><trkpt lat="47.549742" lon="-121.128858"><ele>1675.5</ele><time>2025-08-30T23:15:09Z</time></trkpt><trkpt lat="47.549788" lon="-121.128782"><ele>1674.5</ele><time>2025-08-30T23:15:10Z</time></trkpt><trkpt lat="47.549713" lon="-121.128776"><ele>1672.0</ele><time>2025-08-30T23:15:30Z</time></trkpt><trkpt lat="47.54984" lon="-121.128769"><ele>1671.0</ele><time>2025-08-30T23:16:27Z</time></trkpt><trkpt lat="47.549846" lon="-121.128671"><ele>1671.0</ele><time>2025-08-30T23:16:37Z</time></trkpt><trkpt lat="47.549756" lon="-121.128799"><ele>1674.0</ele><time>2025-08-30T23:19:15Z</time></trkpt><trkpt lat="47.549787" lon="-121.128774"><ele>1665.0</ele><time>2025-08-30T23:19:35Z</time></trkpt><trkpt lat="47.549754" lon="-121.128828"><ele>1666.0</ele><time>2025-08-30T23:20:00Z</time></trkpt><trkpt lat="47.549794" lon="-121.128746"><ele>1670.0</ele><time>2025-08-30T23:21:17Z</time></trkpt><trkpt lat="47.549736" lon="-121.128801"><ele>1674.0</ele><time>2025-08-30T23:21:54Z</time></trkpt><trkpt lat="47.549804" lon="-121.128789"><ele>1674.5</ele><time>2025-08-30T23:23:19Z</time></trkpt><trkpt lat="47.549702" lon="-121.128836"><ele>1675.9</ele><time>2025-08-30T23:23:57Z</time></trkpt><trkpt lat="47.549801" lon="-121.128768"><ele>1673.0</ele><time>2025-08-30T23:24:25Z</time></trkpt><trkpt lat="47.549805" lon="-121.128727"><ele>1671.0</ele><time>2025-08-30T23:24:49Z</time></trkpt><trkpt lat="47.549758" lon="-121.128799"><ele>1672.0</ele><time>2025-08-30T23:24:59Z</time></trkpt><trkpt lat="47.549791" lon="-121.128774"><ele>1666.0</ele><time>2025-08-30T23:25:18Z</time></trkpt><trkpt lat="47.549803" lon="-121.12881"><ele>1672.0</ele><time>2025-08-30T23:25:38Z</time></trkpt><trkpt lat="47.54978" lon="-121.128899"><ele>1672.0</ele><time>2025-08-30T23:25:59Z</time></trkpt><trkpt lat="47.549804" lon="-121.128777"><ele>1675.3</ele><time>2025-08-30T23:26:02Z</time></trkpt><trkpt lat="47.549791" lon="-121.128733"><ele>1674.1</ele><time>2025-08-30T23:26:03Z</time></trkpt><trkpt lat="47.549793" lon="-121.128691"><ele>1673.5</ele><time>2025-08-30T23:26:06Z</time></trkpt><trkpt lat="47.549813" lon="-121.128687"><ele>1670.0</ele><time>2025-08-30T23:26:09Z</time></trkpt><trkpt lat="47.549772" lon="-121.128573"><ele>1670.0</ele><time>2025-08-30T23:26:29Z</time></trkpt><trkpt lat="47.549782" lon="-121.128536"><ele>1668.0</ele><time>2025-08-30T23:26:31Z</time></trkpt><trkpt lat="47.549828" lon="-121.128487"><ele>1664.0</ele><time>2025-08-30T23:26:40Z</time></trkpt><trkpt lat="47.549791" lon="-121.128482"><ele>1667.0</ele><time>2025-08-30T23:26:48Z</time></trkpt><trkpt lat="47.549774" lon="-121.128438"><ele>1668.0</ele><time>2025-08-30T23:27:06Z</time></trkpt><trkpt lat="47.549786" lon="-121.128461"><ele>1668.0</ele><time>2025-08-30T23:27:35Z</time></trkpt><trkpt lat="47.549757" lon="-121.128535"><ele>1670.4</ele><time>2025-08-30T23:27:39Z</time></trkpt><trkpt lat="47.54975" lon="-121.128591"><ele>1670.0</ele><time>2025-08-30T23:27:40Z</time></trkpt><trkpt lat="47.549775" lon="-121.128682"><ele>1669.0</ele><time>2025-08-30T23:27:44Z</time></trkpt><trkpt lat="47.549809" lon="-121.128695"><ele>1670.0</ele><time>2025-08-30T23:27:47Z</time></trkpt><trkpt lat="47.549821" lon="-121.128726"><ele>1670.0</ele><time>2025-08-30T23:27:49Z</time></trkpt><trkpt lat="47.549796" lon="-121.12875"><ele>1670.0</ele><time>2025-08-30T23:27:51Z</time></trkpt><trkpt lat="47.549848" lon="-121.128715"><ele>1671.0</ele><time>2025-08-30T23:28:03Z</time></trkpt><trkpt lat="47.549818" lon="-121.128761"><ele>1671.0</ele><time>2025-08-30T23:28:13Z</time></trkpt><trkpt lat="47.549772" lon="-121.128794"><ele>1671.0</ele><time>2025-08-30T23:28:21Z</time></trkpt><trkpt lat="47.549791" lon="-121.12875"><ele>1670.0</ele><time>2025-08-30T23:28:26Z</time></trkpt><trkpt lat="47.549755" lon="-121.12875"><ele>1670.0</ele><time>2025-08-30T23:28:34Z</time></trkpt><trkpt lat="47.549743" lon="-121.128692"><ele>1671.0</ele><time>2025-08-30T23:28:39Z</time></trkpt><trkpt lat="47.549695" lon="-121.128683"><ele>1670.0</ele><time>2025-08-30T23:28:42Z</time></trkpt><trkpt lat="47.549664" lon="-121.128612"><ele>1670.0</ele><time>2025-08-30T23:28:50Z</time></trkpt><trkpt lat="47.549601" lon="-121.128599"><ele>1668.0</ele><time>2025-08-30T23:28:58Z</time></trkpt><trkpt lat="47.54952" lon="-121.128611"><ele>1666.0</ele><time>2025-08-30T23:29:07Z</time></trkpt><trkpt lat="47.549441" lon="-121.128516"><ele>1664.0</ele><time>2025-08-30T23:29:17Z</time></trkpt><trkpt lat="47.549366" lon="-121.1285"><ele>1665.0</ele><time>2025-08-30T23:29:24Z</time></trkpt><trkpt lat="47.549334" lon="-121.128502"><ele>1664.0</ele><time>2025-08-30T23:29:27Z</time></trkpt><trkpt lat="47.549239" lon="-121.128448"><ele>1665.0</ele><time>2025-08-30T23:29:39Z</time></trkpt><trkpt lat="47.549231" lon="-121.128336"><ele>1662.0</ele><time>2025-08-30T23:29:52Z</time></trkpt><trkpt lat="47.549172" lon="-121.128287"><ele>1662.0</ele><time>2025-08-30T23:30:02Z</time></trkpt><trkpt lat="47.549089" lon="-121.128307"><ele>1659.0</ele><time>2025-08-30T23:30:09Z</time></trkpt><trkpt lat="47.549014" lon="-121.128297"><ele>1659.0</ele><time>2025-08-30T23:30:17Z</time></trkpt><trkpt lat="47.548959" lon="-121.128265"><ele>1658.0</ele><time>2025-08-30T23:30:24Z</time></trkpt><trkpt lat="47.548849" lon="-121.128234"><ele>1658.0</ele><time>2025-08-30T23:30:35Z</time></trkpt><trkpt lat="47.548799" lon="-121.128197"><ele>1659.5</ele><time>2025-08-30T23:30:40Z</time></trkpt><trkpt lat="47.548732" lon="-121.128187"><ele>1658.0</ele><time>2025-08-30T23:30:46Z</time></trkpt><trkpt lat="47.54864" lon="-121.128141"><ele>1657.0</ele><time>2025-08-30T23:30:58Z</time></trkpt><trkpt lat="47.548484" lon="-121.12799"><ele>1656.0</ele><time>2025-08-30T23:31:18Z</time></trkpt><trkpt lat="47.548412" lon="-121.127817"><ele>1656.0</ele><time>2025-08-30T23:31:31Z</time></trkpt><trkpt lat="47.548361" lon="-121.127739"><ele>1656.0</ele><time>2025-08-30T23:31:37Z</time></trkpt><trkpt lat="47.54828" lon="-121.127653"><ele>1656.0</ele><time>2025-08-30T23:31:46Z</time></trkpt><trkpt lat="47.548151" lon="-121.127477"><ele>1658.0</ele><time>2025-08-30T23:32:01Z</time></trkpt><trkpt lat="47.5481" lon="-121.12744"><ele>1656.0</ele><time>2025-08-30T23:32:07Z</time></trkpt><trkpt lat="47.548059" lon="-121.127369"><ele>1656.0</ele><time>2025-08-30T23:32:15Z</time></trkpt><trkpt lat="47.548033" lon="-121.127351"><ele>1656.0</ele><time>2025-08-30T23:32:18Z</time></trkpt><trkpt lat="47.548004" lon="-121.127345"><ele>1656.0</ele><time>2025-08-30T23:32:20Z</time></trkpt><trkpt lat="47.547935" lon="-121.127242"><ele>1658.0</ele><time>2025-08-30T23:32:30Z</time></trkpt><trkpt lat="47.54791" lon="-121.127183"><ele>1655.0</ele><time>2025-08-30T23:32:35Z</time></trkpt><trkpt lat="47.547865" lon="-121.127122"><ele>1656.0</ele><time>2025-08-30T23:32:41Z</time></trkpt><trkpt lat="47.547797" lon="-121.127089"><ele>1656.0</ele><time>2025-08-30T23:32:50Z</time></trkpt><trkpt lat="47.547759" lon="-121.127086"><ele>1657.0</ele><time>2025-08-30T23:32:54Z</time></trkpt><trkpt lat="47.547687" lon="-121.127059"><ele>1659.0</ele><time>2025-08-30T23:32:59Z</time></trkpt><trkpt lat="47.54763" lon="-121.127025"><ele>1659.0</ele><time>2025-08-30T23:33:05Z</time></trkpt><trkpt lat="47.547514" lon="-121.127007"><ele>1659.0</ele><time>2025-08-30T23:33:17Z</time></trkpt><trkpt lat="47.547478" lon="-121.126989"><ele>1659.0</ele><time>2025-08-30T23:33:20Z</time></trkpt><trkpt lat="47.547382" lon="-121.126879"><ele>1660.0</ele><time>2025-08-30T23:33:30Z</time></trkpt><trkpt lat="47.547289" lon="-121.126833"><ele>1660.0</ele><time>2025-08-30T23:33:38Z</time></trkpt><trkpt lat="47.547218" lon="-121.126771"><ele>1660.0</ele><time>2025-08-30T23:33:46Z</time></trkpt><trkpt lat="47.547066" lon="-121.126676"><ele>1662.0</ele><time>2025-08-30T23:34:01Z</time></trkpt><trkpt lat="47.54698" lon="-121.126636"><ele>1660.0</ele><time>2025-08-30T23:34:09Z</time></trkpt><trkpt lat="47.546803" lon="-121.126525"><ele>1662.0</ele><time>2025-08-30T23:34:28Z</time></trkpt><trkpt lat="47.546713" lon="-121.126491"><ele>1665.0</ele><time>2025-08-30T23:34:38Z</time></trkpt><trkpt lat="47.546689" lon="-121.126467"><ele>1665.0</ele><time>2025-08-30T23:34:41Z</time></trkpt><trkpt lat="47.546605" lon="-121.126425"><ele>1666.0</ele><time>2025-08-30T23:34:50Z</time></trkpt><trkpt lat="47.54654" lon="-121.126356"><ele>1665.0</ele><time>2025-08-30T23:34:59Z</time></trkpt><trkpt lat="47.546419" lon="-121.126293"><ele>1668.0</ele><time>2025-08-30T23:35:13Z</time></trkpt><trkpt lat="47.546308" lon="-121.126203"><ele>1668.0</ele><time>2025-08-30T23:35:26Z</time></trkpt><trkpt lat="47.546213" lon="-121.126152"><ele>1668.0</ele><time>2025-08-30T23:35:37Z</time></trkpt><trkpt lat="47.546168" lon="-121.126106"><ele>1670.0</ele><time>2025-08-30T23:35:41Z</time></trkpt><trkpt lat="47.546077" lon="-121.126046"><ele>1668.0</ele><time>2025-08-30T23:35:53Z</time></trkpt><trkpt lat="47.546048" lon="-121.126005"><ele>1668.0</ele><time>2025-08-30T23:35:57Z</time></trkpt><trkpt lat="47.545966" lon="-121.125938"><ele>1671.0</ele><time>2025-08-30T23:36:07Z</time></trkpt><trkpt lat="47.545932" lon="-121.12593"><ele>1672.0</ele><time>2025-08-30T23:36:10Z</time></trkpt><trkpt lat="47.545879" lon="-121.125889"><ele>1671.0</ele><time>2025-08-30T23:36:16Z</time></trkpt><trkpt lat="47.545718" lon="-121.125808"><ele>1671.9</ele><time>2025-08-30T23:36:35Z</time></trkpt><trkpt lat="47.545582" lon="-121.125689"><ele>1673.0</ele><time>2025-08-30T23:36:49Z</time></trkpt><trkpt lat="47.545439" lon="-121.125506"><ele>1674.0</ele><time>2025-08-30T23:37:05Z</time></trkpt><trkpt lat="47.545303" lon="-121.125355"><ele>1674.0</ele><time>2025-08-30T23:37:20Z</time></trkpt><trkpt lat="47.545211" lon="-121.125229"><ele>1672.0</ele><time>2025-08-30T23:37:34Z</time></trkpt><trkpt lat="47.545107" lon="-121.125153"><ele>1678.0</ele><time>2025-08-30T23:37:47Z</time></trkpt><trkpt lat="47.545082" lon="-121.12509"><ele>1676.0</ele><time>2025-08-30T23:37:51Z</time></trkpt><trkpt lat="47.545035" lon="-121.125025"><ele>1677.0</ele><time>2025-08-30T23:37:58Z</time></trkpt><trkpt lat="47.545004" lon="-121.124948"><ele>1677.0</ele><time>2025-08-30T23:38:03Z</time></trkpt><trkpt lat="47.544933" lon="-121.124864"><ele>1674.0</ele><time>2025-08-30T23:38:11Z</time></trkpt><trkpt lat="47.544864" lon="-121.124816"><ele>1672.0</ele><time>2025-08-30T23:38:19Z</time></trkpt><trkpt lat="47.544818" lon="-121.124723"><ele>1671.0</ele><time>2025-08-30T23:38:25Z</time></trkpt><trkpt lat="47.544793" lon="-121.124691"><ele>1671.0</ele><time>2025-08-30T23:38:28Z</time></trkpt><trkpt lat="47.544736" lon="-121.124647"><ele>1671.0</ele><time>2025-08-30T23:38:34Z</time></trkpt><trkpt lat="47.54472" lon="-121.124584"><ele>1671.0</ele><time>2025-08-30T23:38:41Z</time></trkpt><trkpt lat="47.544661" lon="-121.124486"><ele>1668.0</ele><time>2025-08-30T23:38:48Z</time></trkpt><trkpt lat="47.544609" lon="-121.124444"><ele>1668.0</ele><time>2025-08-30T23:38:54Z</time></trkpt><trkpt lat="47.544498" lon="-121.124309"><ele>1668.0</ele><time>2025-08-30T23:39:05Z</time></trkpt><trkpt lat="47.544467" lon="-121.124298"><ele>1668.0</ele><time>2025-08-30T23:39:09Z</time></trkpt><trkpt lat="47.544412" lon="-121.124244"><ele>1668.0</ele><time>2025-08-30T23:39:14Z</time></trkpt><trkpt lat="47.544293" lon="-121.124065"><ele>1668.0</ele><time>2025-08-30T23:39:31Z</time></trkpt><trkpt lat="47.544251" lon="-121.124063"><ele>1668.0</ele><time>2025-08-30T23:39:34Z</time></trkpt><trkpt lat="47.544121" lon="-121.124012"><ele>1664.0</ele><time>2025-08-30T23:39:45Z</time></trkpt><trkpt lat="47.544084" lon="-121.124011"><ele>1665.0</ele><time>2025-08-30T23:39:49Z</time></trkpt><trkpt lat="47.54406" lon="-121.12403"><ele>1664.0</ele><time>2025-08-30T23:39:51Z</time></trkpt><trkpt lat="47.543932" lon="-121.123955"><ele>1662.0</ele><time>2025-08-30T23:40:04Z</time></trkpt><trkpt lat="47.543882" lon="-121.123947"><ele>1656.0</ele><time>2025-08-30T23:40:09Z</time></trkpt><trkpt lat="47.543761" lon="-121.123794"><ele>1662.0</ele><time>2025-08-30T23:40:35Z</time></trkpt><trkpt lat="47.54369" lon="-121.123784"><ele>1661.0</ele><time>2025-08-30T23:40:40Z</time></trkpt><trkpt lat="47.543595" lon="-121.123738"><ele>1660.0</ele><time>2025-08-30T23:40:49Z</time></trkpt><trkpt lat="47.543457" lon="-121.123719"><ele>1659.0</ele><time>2025-08-30T23:41:01Z</time></trkpt><trkpt lat="47.543289" lon="-121.123654"><ele>1656.0</ele><time>2025-08-30T23:41:15Z</time></trkpt><trkpt lat="47.543235" lon="-121.123605"><ele>1656.0</ele><time>2025-08-30T23:41:21Z</time></trkpt><trkpt lat="47.543216" lon="-121.123573"><ele>1656.0</ele><time>2025-08-30T23:41:24Z</time></trkpt><trkpt lat="47.543202" lon="-121.123489"><ele>1652.0</ele><time>2025-08-30T23:41:31Z</time></trkpt><trkpt lat="47.54316" lon="-121.123489"><ele>1654.0</ele><time>2025-08-30T23:41:37Z</time></trkpt><trkpt lat="47.543099" lon="-121.123433"><ele>1653.0</ele><time>2025-08-30T23:41:43Z</time></trkpt><trkpt lat="47.543064" lon="-121.123416"><ele>1653.0</ele><time>2025-08-30T23:41:45Z</time></trkpt><trkpt lat="47.543073" lon="-121.123376"><ele>1653.0</ele><time>2025-08-30T23:41:48Z</time></trkpt><trkpt lat="47.543031" lon="-121.123374"><ele>1650.0</ele><time>2025-08-30T23:41:52Z</time></trkpt><trkpt lat="47.543006" lon="-121.123396"><ele>1650.0</ele><time>2025-08-30T23:41:55Z</time></trkpt><trkpt lat="47.542971" lon="-121.123404"><ele>1650.0</ele><time>2025-08-30T23:41:58Z</time></trkpt><trkpt lat="47.542937" lon="-121.123393"><ele>1649.0</ele><time>2025-08-30T23:42:00Z</time></trkpt><trkpt lat="47.542891" lon="-121.123293"><ele>1649.0</ele><time>2025-08-30T23:42:06Z</time></trkpt><trkpt lat="47.542825" lon="-121.123266"><ele>1648.0</ele><time>2025-08-30T23:42:11Z</time></trkpt><trkpt lat="47.542775" lon="-121.123223"><ele>1648.0</ele><time>2025-08-30T23:42:16Z</time></trkpt><trkpt lat="47.542692" lon="-121.12313"><ele>1650.0</ele><time>2025-08-30T23:42:23Z</time></trkpt><trkpt lat="47.542676" lon="-121.12309"><ele>1647.0</ele><time>2025-08-30T23:42:26Z</time></trkpt><trkpt lat="47.542645" lon="-121.123062"><ele>1648.0</ele><time>2025-08-30T23:42:28Z</time></trkpt><trkpt lat="47.542611" lon="-121.123047"><ele>1647.0</ele><time>2025-08-30T23:42:30Z</time></trkpt><trkpt lat="47.542574" lon="-121.123049"><ele>1646.0</ele><time>2025-08-30T23:42:33Z</time></trkpt><trkpt lat="47.542549" lon="-121.123022"><ele>1646.0</ele><time>2025-08-30T23:42:34Z</time></trkpt><trkpt lat="47.542429" lon="-121.122952"><ele>1648.0</ele><time>2025-08-30T23:42:44Z</time></trkpt><trkpt lat="47.542395" lon="-121.122897"><ele>1644.0</ele><time>2025-08-30T23:42:49Z</time></trkpt><trkpt lat="47.542296" lon="-121.122862"><ele>1644.0</ele><time>2025-08-30T23:43:00Z</time></trkpt><trkpt lat="47.542264" lon="-121.122861"><ele>1644.0</ele><time>2025-08-30T23:43:03Z</time></trkpt><trkpt lat="47.542279" lon="-121.122835"><ele>1641.0</ele><time>2025-08-30T23:43:08Z</time></trkpt><trkpt lat="47.54228" lon="-121.122799"><ele>1641.0</ele><time>2025-08-30T23:43:13Z</time></trkpt><trkpt lat="47.542234" lon="-121.122756"><ele>1642.0</ele><time>2025-08-30T23:43:16Z</time></trkpt><trkpt lat="47.542189" lon="-121.122737"><ele>1644.0</ele><time>2025-08-30T23:43:19Z</time></trkpt><trkpt lat="47.542145" lon="-121.12266"><ele>1644.0</ele><time>2025-08-30T23:43:23Z</time></trkpt><trkpt lat="47.542118" lon="-121.122646"><ele>1643.0</ele><time>2025-08-30T23:43:24Z</time></trkpt><trkpt lat="47.542076" lon="-121.122595"><ele>1643.0</ele><time>2025-08-30T23:43:28Z</time></trkpt><trkpt lat="47.542065" lon="-121.122499"><ele>1641.0</ele><time>2025-08-30T23:43:32Z</time></trkpt><trkpt lat="47.542028" lon="-121.122388"><ele>1641.0</ele><time>2025-08-30T23:43:38Z</time></trkpt><trkpt lat="47.541992" lon="-121.122328"><ele>1641.0</ele><time>2025-08-30T23:43:42Z</time></trkpt><trkpt lat="47.541889" lon="-121.122187"><ele>1640.0</ele><time>2025-08-30T23:43:53Z</time></trkpt><trkpt lat="47.541791" lon="-121.122103"><ele>1639.0</ele><time>2025-08-30T23:44:02Z</time></trkpt><trkpt lat="47.541704" lon="-121.121999"><ele>1638.0</ele><time>2025-08-30T23:44:15Z</time></trkpt><trkpt lat="47.541676" lon="-121.121948"><ele>1638.0</ele><time>2025-08-30T23:44:20Z</time></trkpt><trkpt lat="47.541658" lon="-121.121873"><ele>1638.0</ele><time>2025-08-30T23:44:25Z</time></trkpt><trkpt lat="47.541663" lon="-121.121824"><ele>1636.0</ele><time>2025-08-30T23:44:28Z</time></trkpt><trkpt lat="47.54172" lon="-121.121753"><ele>1636.0</ele><time>2025-08-30T23:44:37Z</time></trkpt><trkpt lat="47.541724" lon="-121.121663"><ele>1633.0</ele><time>2025-08-30T23:44:43Z</time></trkpt><trkpt lat="47.541715" lon="-121.121586"><ele>1632.0</ele><time>2025-08-30T23:44:49Z</time></trkpt><trkpt lat="47.541657" lon="-121.121402"><ele>1631.5</ele><time>2025-08-30T23:45:04Z</time></trkpt><trkpt lat="47.54163" lon="-121.121378"><ele>1630.0</ele><time>2025-08-30T23:45:08Z</time></trkpt><trkpt lat="47.541646" lon="-121.121254"><ele>1628.0</ele><time>2025-08-30T23:45:21Z</time></trkpt><trkpt lat="47.541634" lon="-121.121179"><ele>1626.0</ele><time>2025-08-30T23:45:27Z</time></trkpt><trkpt lat="47.541539" lon="-121.121069"><ele>1627.0</ele><time>2025-08-30T23:45:39Z</time></trkpt><trkpt lat="47.541504" lon="-121.121012"><ele>1628.0</ele><time>2025-08-30T23:45:43Z</time></trkpt><trkpt lat="47.54147" lon="-121.12091"><ele>1626.0</ele><time>2025-08-30T23:45:49Z</time></trkpt><trkpt lat="47.541408" lon="-121.120868"><ele>1626.0</ele><time>2025-08-30T23:45:56Z</time></trkpt><trkpt lat="47.541356" lon="-121.120807"><ele>1626.0</ele><time>2025-08-30T23:46:01Z</time></trkpt><trkpt lat="47.541308" lon="-121.120706"><ele>1626.0</ele><time>2025-08-30T23:46:07Z</time></trkpt><trkpt lat="47.541234" lon="-121.120621"><ele>1626.0</ele><time>2025-08-30T23:46:14Z</time></trkpt><trkpt lat="47.541171" lon="-121.120594"><ele>1623.0</ele><time>2025-08-30T23:46:19Z</time></trkpt><trkpt lat="47.541048" lon="-121.120624"><ele>1620.0</ele><time>2025-08-30T23:46:34Z</time></trkpt><trkpt lat="47.541022" lon="-121.120597"><ele>1618.0</ele><time>2025-08-30T23:46:37Z</time></trkpt><trkpt lat="47.541014" lon="-121.12056"><ele>1620.0</ele><time>2025-08-30T23:46:39Z</time></trkpt><trkpt lat="47.540991" lon="-121.120521"><ele>1619.0</ele><time>2025-08-30T23:46:41Z</time></trkpt><trkpt lat="47.540988" lon="-121.120453"><ele>1616.0</ele><time>2025-08-30T23:46:45Z</time></trkpt><trkpt lat="47.540934" lon="-121.120368"><ele>1618.0</ele><time>2025-08-30T23:46:52Z</time></trkpt><trkpt lat="47.540922" lon="-121.120291"><ele>1617.0</ele><time>2025-08-30T23:46:56Z</time></trkpt><trkpt lat="47.54087" lon="-121.120257"><ele>1613.0</ele><time>2025-08-30T23:47:02Z</time></trkpt><trkpt lat="47.540823" lon="-121.120182"><ele>1612.0</ele><time>2025-08-30T23:47:08Z</time></trkpt><trkpt lat="47.540747" lon="-121.120127"><ele>1611.0</ele><time>2025-08-30T23:47:14Z</time></trkpt><trkpt lat="47.540738" lon="-121.120091"><ele>1612.0</ele><time>2025-08-30T23:47:17Z</time></trkpt><trkpt lat="47.540714" lon="-121.120068"><ele>1611.0</ele><time>2025-08-30T23:47:20Z</time></trkpt><trkpt lat="47.540676" lon="-121.120065"><ele>1610.0</ele><time>2025-08-30T23:47:24Z</time></trkpt><trkpt lat="47.540647" lon="-121.120029"><ele>1606.0</ele><time>2025-08-30T23:47:29Z</time></trkpt><trkpt lat="47.540609" lon="-121.120032"><ele>1608.0</ele><time>2025-08-30T23:47:34Z</time></trkpt><trkpt lat="47.540557" lon="-121.119985"><ele>1607.0</ele><time>2025-08-30T23:47:39Z</time></trkpt><trkpt lat="47.540515" lon="-121.1199"><ele>1604.0</ele><time>2025-08-30T23:47:46Z</time></trkpt><trkpt lat="47.540552" lon="-121.119913"><ele>1604.0</ele><time>2025-08-30T23:47:50Z</time></trkpt><trkpt lat="47.540524" lon="-121.119865"><ele>1603.0</ele><time>2025-08-30T23:47:55Z</time></trkpt><trkpt lat="47.540489" lon="-121.119888"><ele>1603.0</ele><time>2025-08-30T23:48:02Z</time></trkpt><trkpt lat="47.540463" lon="-121.119851"><ele>1602.0</ele><time>2025-08-30T23:48:08Z</time></trkpt><trkpt lat="47.540417" lon="-121.119855"><ele>1602.5</ele><time>2025-08-30T23:48:12Z</time></trkpt><trkpt lat="47.540381" lon="-121.119786"><ele>1600.0</ele><time>2025-08-30T23:48:16Z</time></trkpt><trkpt lat="47.540391" lon="-121.119697"><ele>1599.7</ele><time>2025-08-30T23:48:22Z</time></trkpt><trkpt lat="47.540418" lon="-121.119653"><ele>1598.0</ele><time>2025-08-30T23:48:25Z</time></trkpt><trkpt lat="47.540428" lon="-121.119594"><ele>1597.0</ele><time>2025-08-30T23:48:31Z</time></trkpt><trkpt lat="47.54038" lon="-121.119518"><ele>1594.0</ele><time>2025-08-30T23:48:40Z</time></trkpt><trkpt lat="47.54033" lon="-121.119513"><ele>1594.0</ele><time>2025-08-30T23:48:47Z</time></trkpt><trkpt lat="47.540339" lon="-121.119554"><ele>1594.0</ele><time>2025-08-30T23:48:50Z</time></trkpt><trkpt lat="47.540308" lon="-121.119592"><ele>1594.0</ele><time>2025-08-30T23:48:54Z</time></trkpt><trkpt lat="47.540321" lon="-121.119652"><ele>1594.0</ele><time>2025-08-30T23:48:56Z</time></trkpt><trkpt lat="47.540301" lon="-121.119624"><ele>1594.0</ele><time>2025-08-30T23:48:58Z</time></trkpt><trkpt lat="47.540273" lon="-121.119637"><ele>1594.0</ele><time>2025-08-30T23:49:01Z</time></trkpt><trkpt lat="47.540235" lon="-121.11963"><ele>1595.0</ele><time>2025-08-30T23:49:06Z</time></trkpt><trkpt lat="47.540208" lon="-121.119612"><ele>1592.0</ele><time>2025-08-30T23:49:10Z</time></trkpt><trkpt lat="47.540144" lon="-121.119533"><ele>1592.0</ele><time>2025-08-30T23:49:21Z</time></trkpt><trkpt lat="47.540124" lon="-121.119475"><ele>1592.0</ele><time>2025-08-30T23:49:25Z</time></trkpt><trkpt lat="47.540081" lon="-121.11949"><ele>1590.0</ele><time>2025-08-30T23:49:28Z</time></trkpt><trkpt lat="47.540046" lon="-121.119484"><ele>1591.0</ele><time>2025-08-30T23:49:33Z</time></trkpt><trkpt lat="47.540038" lon="-121.119516"><ele>1590.0</ele><time>2025-08-30T23:49:36Z</time></trkpt><trkpt lat="47.540043" lon="-121.119555"><ele>1588.0</ele><time>2025-08-30T23:49:40Z</time></trkpt><trkpt lat="47.540004" lon="-121.119535"><ele>1588.0</ele><time>2025-08-30T23:49:45Z</time></trkpt><trkpt lat="47.539976" lon="-121.119548"><ele>1587.0</ele><time>2025-08-30T23:49:47Z</time></trkpt><trkpt lat="47.539965" lon="-121.1196"><ele>1587.0</ele><time>2025-08-30T23:49:51Z</time></trkpt><trkpt lat="47.539939" lon="-121.119585"><ele>1587.0</ele><time>2025-08-30T23:49:54Z</time></trkpt><trkpt lat="47.539924" lon="-121.119543"><ele>1585.0</ele><time>2025-08-30T23:49:58Z</time></trkpt><trkpt lat="47.539871" lon="-121.119494"><ele>1587.0</ele><time>2025-08-30T23:50:04Z</time></trkpt><trkpt lat="47.53986" lon="-121.119439"><ele>1586.0</ele><time>2025-08-30T23:50:06Z</time></trkpt><trkpt lat="47.539876" lon="-121.119334"><ele>1585.8</ele><time>2025-08-30T23:50:11Z</time></trkpt><trkpt lat="47.539867" lon="-121.119239"><ele>1581.0</ele><time>2025-08-30T23:50:21Z</time></trkpt><trkpt lat="47.539887" lon="-121.119202"><ele>1580.0</ele><time>2025-08-30T23:50:26Z</time></trkpt><trkpt lat="47.539873" lon="-121.119118"><ele>1578.0</ele><time>2025-08-30T23:50:32Z</time></trkpt><trkpt lat="47.539837" lon="-121.119078"><ele>1578.0</ele><time>2025-08-30T23:50:36Z</time></trkpt><trkpt lat="47.539796" lon="-121.119074"><ele>1577.0</ele><time>2025-08-30T23:50:39Z</time></trkpt><trkpt lat="47.539687" lon="-121.119089"><ele>1575.0</ele><time>2025-08-30T23:50:47Z</time></trkpt><trkpt lat="47.539652" lon="-121.119071"><ele>1575.0</ele><time>2025-08-30T23:50:50Z</time></trkpt><trkpt lat="47.53959" lon="-121.119088"><ele>1572.0</ele><time>2025-08-30T23:50:55Z</time></trkpt><trkpt lat="47.539603" lon="-121.119027"><ele>1573.0</ele><time>2025-08-30T23:50:58Z</time></trkpt><trkpt lat="47.53966" lon="-121.118974"><ele>1569.0</ele><time>2025-08-30T23:51:01Z</time></trkpt><trkpt lat="47.539615" lon="-121.118784"><ele>1569.0</ele><time>2025-08-30T23:51:10Z</time></trkpt><trkpt lat="47.539584" lon="-121.118896"><ele>1569.5</ele><time>2025-08-30T23:51:16Z</time></trkpt><trkpt lat="47.539523" lon="-121.119007"><ele>1570.0</ele><time>2025-08-30T23:51:22Z</time></trkpt><trkpt lat="47.539501" lon="-121.11903"><ele>1569.0</ele><time>2025-08-30T23:51:24Z</time></trkpt><trkpt lat="47.539464" lon="-121.119002"><ele>1569.0</ele><time>2025-08-30T23:51:27Z</time></trkpt><trkpt lat="47.539395" lon="-121.119038"><ele>1569.0</ele><time>2025-08-30T23:51:31Z</time></trkpt><trkpt lat="47.539338" lon="-121.119009"><ele>1569.0</ele><time>2025-08-30T23:51:36Z</time></trkpt><trkpt lat="47.53934" lon="-121.118949"><ele>1568.0</ele><time>2025-08-30T23:51:38Z</time></trkpt><trkpt lat="47.539358" lon="-121.118898"><ele>1569.5</ele><time>2025-08-30T23:51:39Z</time></trkpt><trkpt lat="47.539355" lon="-121.118866"><ele>1568.0</ele><time>2025-08-30T23:51:41Z</time></trkpt><trkpt lat="47.539282" lon="-121.118803"><ele>1563.0</ele><time>2025-08-30T23:51:48Z</time></trkpt><trkpt lat="47.539265" lon="-121.118837"><ele>1562.0</ele><time>2025-08-30T23:51:53Z</time></trkpt><trkpt lat="47.539205" lon="-121.118701"><ele>1560.0</ele><time>2025-08-30T23:52:02Z</time></trkpt><trkpt lat="47.539171" lon="-121.118716"><ele>1560.0</ele><time>2025-08-30T23:52:04Z</time></trkpt><trkpt lat="47.539169" lon="-121.118765"><ele>1558.0</ele><time>2025-08-30T23:52:07Z</time></trkpt><trkpt lat="47.539092" lon="-121.118637"><ele>1557.3</ele><time>2025-08-30T23:52:21Z</time></trkpt><trkpt lat="47.539082" lon="-121.118569"><ele>1554.0</ele><time>2025-08-30T23:52:25Z</time></trkpt><trkpt lat="47.539053" lon="-121.118543"><ele>1554.0</ele><time>2025-08-30T23:52:27Z</time></trkpt><trkpt lat="47.539017" lon="-121.118554"><ele>1552.0</ele><time>2025-08-30T23:52:30Z</time></trkpt><trkpt lat="47.539001" lon="-121.118468"><ele>1553.9</ele><time>2025-08-30T23:52:35Z</time></trkpt><trkpt lat="47.538984" lon="-121.118433"><ele>1552.0</ele><time>2025-08-30T23:52:36Z</time></trkpt><trkpt lat="47.538944" lon="-121.11842"><ele>1552.0</ele><time>2025-08-30T23:52:38Z</time></trkpt><trkpt lat="47.538882" lon="-121.118377"><ele>1552.0</ele><time>2025-08-30T23:52:42Z</time></trkpt><trkpt lat="47.538823" lon="-121.118309"><ele>1550.0</ele><time>2025-08-30T23:52:49Z</time></trkpt><trkpt lat="47.538784" lon="-121.118237"><ele>1548.0</ele><time>2025-08-30T23:52:55Z</time></trkpt><trkpt lat="47.538773" lon="-121.118166"><ele>1549.0</ele><time>2025-08-30T23:52:58Z</time></trkpt><trkpt lat="47.538674" lon="-121.118059"><ele>1545.0</ele><time>2025-08-30T23:53:10Z</time></trkpt><trkpt lat="47.538583" lon="-121.117942"><ele>1544.0</ele><time>2025-08-30T23:53:22Z</time></trkpt><trkpt lat="47.538515" lon="-121.117925"><ele>1546.0</ele><time>2025-08-30T23:53:27Z</time></trkpt><trkpt lat="47.538411" lon="-121.117783"><ele>1543.0</ele><time>2025-08-30T23:53:44Z</time></trkpt><trkpt lat="47.538362" lon="-121.117813"><ele>1542.0</ele><time>2025-08-30T23:53:50Z</time></trkpt><trkpt lat="47.538317" lon="-121.117767"><ele>1543.0</ele><time>2025-08-30T23:53:55Z</time></trkpt><trkpt lat="47.538305" lon="-121.11772"><ele>1540.0</ele><time>2025-08-30T23:53:58Z</time></trkpt><trkpt lat="47.538264" lon="-121.117702"><ele>1540.0</ele><time>2025-08-30T23:54:02Z</time></trkpt><trkpt lat="47.538237" lon="-121.11772"><ele>1542.0</ele><time>2025-08-30T23:54:06Z</time></trkpt><trkpt lat="47.538152" lon="-121.117683"><ele>1542.0</ele><time>2025-08-30T23:54:12Z</time></trkpt><trkpt lat="47.538105" lon="-121.117649"><ele>1540.9</ele><time>2025-08-30T23:54:18Z</time></trkpt><trkpt lat="47.538043" lon="-121.117656"><ele>1539.0</ele><time>2025-08-30T23:54:22Z</time></trkpt><trkpt lat="47.538015" lon="-121.117631"><ele>1539.0</ele><time>2025-08-30T23:54:25Z</time></trkpt><trkpt lat="47.537957" lon="-121.11754"><ele>1537.0</ele><time>2025-08-30T23:54:34Z</time></trkpt><trkpt lat="47.537944" lon="-121.117472"><ele>1537.0</ele><time>2025-08-30T23:54:37Z</time></trkpt><trkpt lat="47.537891" lon="-121.117465"><ele>1536.0</ele><time>2025-08-30T23:54:41Z</time></trkpt><trkpt lat="47.537798" lon="-121.117421"><ele>1538.0</ele><time>2025-08-30T23:54:47Z</time></trkpt><trkpt lat="47.537778" lon="-121.117398"><ele>1538.9</ele><time>2025-08-30T23:54:49Z</time></trkpt><trkpt lat="47.537755" lon="-121.117318"><ele>1537.0</ele><time>2025-08-30T23:54:52Z</time></trkpt><trkpt lat="47.537781" lon="-121.117183"><ele>1536.0</ele><time>2025-08-30T23:54:57Z</time></trkpt><trkpt lat="47.53777" lon="-121.117134"><ele>1535.0</ele><time>2025-08-30T23:55:00Z</time></trkpt><trkpt lat="47.537659" lon="-121.11706"><ele>1532.0</ele><time>2025-08-30T23:55:30Z</time></trkpt><trkpt lat="47.537634" lon="-121.116963"><ele>1531.0</ele><time>2025-08-30T23:55:38Z</time></trkpt><trkpt lat="47.537614" lon="-121.116941"><ele>1531.6</ele><time>2025-08-30T23:55:42Z</time></trkpt><trkpt lat="47.537613" lon="-121.116815"><ele>1529.0</ele><time>2025-08-30T23:55:49Z</time></trkpt><trkpt lat="47.537589" lon="-121.116789"><ele>1530.0</ele><time>2025-08-30T23:55:51Z</time></trkpt><trkpt lat="47.537509" lon="-121.116773"><ele>1531.3</ele><time>2025-08-30T23:55:57Z</time></trkpt><trkpt lat="47.537414" lon="-121.116722"><ele>1529.0</ele><time>2025-08-30T23:56:05Z</time></trkpt><trkpt lat="47.537354" lon="-121.116662"><ele>1530.0</ele><time>2025-08-30T23:56:09Z</time></trkpt><trkpt lat="47.537343" lon="-121.11661"><ele>1529.0</ele><time>2025-08-30T23:56:10Z</time></trkpt><trkpt lat="47.537313" lon="-121.116602"><ele>1528.0</ele><time>2025-08-30T23:56:12Z</time></trkpt><trkpt lat="47.537318" lon="-121.116535"><ele>1527.0</ele><time>2025-08-30T23:56:14Z</time></trkpt><trkpt lat="47.537305" lon="-121.116507"><ele>1527.0</ele><time>2025-08-30T23:56:16Z</time></trkpt><trkpt lat="47.537217" lon="-121.11651"><ele>1525.0</ele><time>2025-08-30T23:56:22Z</time></trkpt><trkpt lat="47.537164" lon="-121.116423"><ele>1523.0</ele><time>2025-08-30T23:56:28Z</time></trkpt><trkpt lat="47.537096" lon="-121.116338"><ele>1522.0</ele><time>2025-08-30T23:56:34Z</time></trkpt><trkpt lat="47.537039" lon="-121.1162"><ele>1521.0</ele><time>2025-08-30T23:56:40Z</time></trkpt><trkpt lat="47.537067" lon="-121.11608"><ele>1520.4</ele><time>2025-08-30T23:56:48Z</time></trkpt><trkpt lat="47.537037" lon="-121.115923"><ele>1515.0</ele><time>2025-08-30T23:57:00Z</time></trkpt><trkpt lat="47.536962" lon="-121.115888"><ele>1516.0</ele><time>2025-08-30T23:57:06Z</time></trkpt><trkpt lat="47.536932" lon="-121.115853"><ele>1514.0</ele><time>2025-08-30T23:57:08Z</time></trkpt><trkpt lat="47.536902" lon="-121.115854"><ele>1514.0</ele><time>2025-08-30T23:57:10Z</time></trkpt><trkpt lat="47.536879" lon="-121.115813"><ele>1515.0</ele><time>2025-08-30T23:57:12Z</time></trkpt><trkpt lat="47.536821" lon="-121.115839"><ele>1512.0</ele><time>2025-08-30T23:57:16Z</time></trkpt><trkpt lat="47.536786" lon="-121.115818"><ele>1512.0</ele><time>2025-08-30T23:57:18Z</time></trkpt><trkpt lat="47.536757" lon="-121.115741"><ele>1503.0</ele><time>2025-08-30T23:57:28Z</time></trkpt><trkpt lat="47.536791" lon="-121.115746"><ele>1507.0</ele><time>2025-08-30T23:57:34Z</time></trkpt><trkpt lat="47.53681" lon="-121.1158"><ele>1506.0</ele><time>2025-08-30T23:57:36Z</time></trkpt><trkpt lat="47.536784" lon="-121.115813"><ele>1508.0</ele><time>2025-08-30T23:57:37Z</time></trkpt><trkpt lat="47.536739" lon="-121.1158"><ele>1506.0</ele><time>2025-08-30T23:57:41Z</time></trkpt><trkpt lat="47.536684" lon="-121.115753"><ele>1506.8</ele><time>2025-08-30T23:57:44Z</time></trkpt><trkpt lat="47.536654" lon="-121.1157"><ele>1505.0</ele><time>2025-08-30T23:57:49Z</time></trkpt><trkpt lat="47.536664" lon="-121.11574"><ele>1504.0</ele><time>2025-08-30T23:57:54Z</time></trkpt><trkpt lat="47.536656" lon="-121.115791"><ele>1503.0</ele><time>2025-08-30T23:57:59Z</time></trkpt><trkpt lat="47.536629" lon="-121.115817"><ele>1503.0</ele><time>2025-08-30T23:58:02Z</time></trkpt><trkpt lat="47.536584" lon="-121.115822"><ele>1501.0</ele><time>2025-08-30T23:58:05Z</time></trkpt><trkpt lat="47.536554" lon="-121.115768"><ele>1502.0</ele><time>2025-08-30T23:58:09Z</time></trkpt><trkpt lat="47.536544" lon="-121.115703"><ele>1502.0</ele><time>2025-08-30T23:58:11Z</time></trkpt><trkpt lat="47.536516" lon="-121.115677"><ele>1502.0</ele><time>2025-08-30T23:58:13Z</time></trkpt><trkpt lat="47.536457" lon="-121.115667"><ele>1500.0</ele><time>2025-08-30T23:58:17Z</time></trkpt><trkpt lat="47.536429" lon="-121.115702"><ele>1500.0</ele><time>2025-08-30T23:58:20Z</time></trkpt><trkpt lat="47.536393" lon="-121.115693"><ele>1500.0</ele><time>2025-08-30T23:58:23Z</time></trkpt><trkpt lat="47.536322" lon="-121.115621"><ele>1495.0</ele><time>2025-08-30T23:58:34Z</time></trkpt><trkpt lat="47.536317" lon="-121.115556"><ele>1495.0</ele><time>2025-08-30T23:58:37Z</time></trkpt><trkpt lat="47.5363" lon="-121.115523"><ele>1495.0</ele><time>2025-08-30T23:58:39Z</time></trkpt><trkpt lat="47.536298" lon="-121.115428"><ele>1494.0</ele><time>2025-08-30T23:58:42Z</time></trkpt><trkpt lat="47.536398" lon="-121.115212"><ele>1496.0</ele><time>2025-08-30T23:58:56Z</time></trkpt><trkpt lat="47.536365" lon="-121.115064"><ele>1495.0</ele><time>2025-08-30T23:59:04Z</time></trkpt><trkpt lat="47.536382" lon="-121.114934"><ele>1494.0</ele><time>2025-08-30T23:59:13Z</time></trkpt><trkpt lat="47.536312" lon="-121.115134"><ele>1490.0</ele><time>2025-08-30T23:59:22Z</time></trkpt><trkpt lat="47.536239" lon="-121.115282"><ele>1486.0</ele><time>2025-08-30T23:59:32Z</time></trkpt><trkpt lat="47.53619" lon="-121.115306"><ele>1489.0</ele><time>2025-08-30T23:59:36Z</time></trkpt><trkpt lat="47.536156" lon="-121.115363"><ele>1488.0</ele><time>2025-08-30T23:59:40Z</time></trkpt><trkpt lat="47.536095" lon="-121.1153"><ele>1487.0</ele><time>2025-08-30T23:59:45Z</time></trkpt><trkpt lat="47.536055" lon="-121.115308"><ele>1486.7</ele><time>2025-08-30T23:59:49Z</time></trkpt><trkpt lat="47.536019" lon="-121.115491"><ele>1485.0</ele><time>2025-08-31T00:00:04Z</time></trkpt><trkpt lat="47.536055" lon="-121.115511"><ele>1486.4</ele><time>2025-08-31T00:00:07Z</time></trkpt><trkpt lat="47.536019" lon="-121.115599"><ele>1484.0</ele><time>2025-08-31T00:00:11Z</time></trkpt><trkpt lat="47.53596" lon="-121.115656"><ele>1484.0</ele><time>2025-08-31T00:00:15Z</time></trkpt><trkpt lat="47.535927" lon="-121.115672"><ele>1485.0</ele><time>2025-08-31T00:00:17Z</time></trkpt><trkpt lat="47.535919" lon="-121.115784"><ele>1485.0</ele><time>2025-08-31T00:00:23Z</time></trkpt><trkpt lat="47.535873" lon="-121.115816"><ele>1483.0</ele><time>2025-08-31T00:00:31Z</time></trkpt><trkpt lat="47.53583" lon="-121.11583"><ele>1487.0</ele><time>2025-08-31T00:00:36Z</time></trkpt><trkpt lat="47.535819" lon="-121.11574"><ele>1487.5</ele><time>2025-08-31T00:00:38Z</time></trkpt><trkpt lat="47.535831" lon="-121.115671"><ele>1488.2</ele><time>2025-08-31T00:00:40Z</time></trkpt><trkpt lat="47.535844" lon="-121.115629"><ele>1486.0</ele><time>2025-08-31T00:00:41Z</time></trkpt><trkpt lat="47.535876" lon="-121.115585"><ele>1487.4</ele><time>2025-08-31T00:00:43Z</time></trkpt><trkpt lat="47.535897" lon="-121.115517"><ele>1486.0</ele><time>2025-08-31T00:00:46Z</time></trkpt><trkpt lat="47.535877" lon="-121.115448"><ele>1484.0</ele><time>2025-08-31T00:00:53Z</time></trkpt><trkpt lat="47.535957" lon="-121.115335"><ele>1484.0</ele><time>2025-08-31T00:00:59Z</time></trkpt><trkpt lat="47.535939" lon="-121.115284"><ele>1483.0</ele><time>2025-08-31T00:01:01Z</time></trkpt><trkpt lat="47.535912" lon="-121.115252"><ele>1484.4</ele><time>2025-08-31T00:01:03Z</time></trkpt><trkpt lat="47.535909" lon="-121.115179"><ele>1482.0</ele><time>2025-08-31T00:01:07Z</time></trkpt><trkpt lat="47.535918" lon="-121.115129"><ele>1480.0</ele><time>2025-08-31T00:01:11Z</time></trkpt><trkpt lat="47.53594" lon="-121.115105"><ele>1484.0</ele><time>2025-08-31T00:01:15Z</time></trkpt><trkpt lat="47.535959" lon="-121.115018"><ele>1483.7</ele><time>2025-08-31T00:01:20Z</time></trkpt><trkpt lat="47.535989" lon="-121.114989"><ele>1484.0</ele><time>2025-08-31T00:01:22Z</time></trkpt><trkpt lat="47.536003" lon="-121.114909"><ele>1482.9</ele><time>2025-08-31T00:01:25Z</time></trkpt><trkpt lat="47.535994" lon="-121.114878"><ele>1482.8</ele><time>2025-08-31T00:01:26Z</time></trkpt><trkpt lat="47.535995" lon="-121.114802"><ele>1480.0</ele><time>2025-08-31T00:01:30Z</time></trkpt><trkpt lat="47.536056" lon="-121.114828"><ele>1482.2</ele><time>2025-08-31T00:01:33Z</time></trkpt><trkpt lat="47.536093" lon="-121.114881"><ele>1482.0</ele><time>2025-08-31T00:01:35Z</time></trkpt><trkpt lat="47.53613" lon="-121.114901"><ele>1483.4</ele><time>2025-08-31T00:01:37Z</time></trkpt><trkpt lat="47.536123" lon="-121.114862"><ele>1482.0</ele><time>2025-08-31T00:01:39Z</time></trkpt><trkpt lat="47.536129" lon="-121.114765"><ele>1483.6</ele><time>2025-08-31T00:01:42Z</time></trkpt><trkpt lat="47.536154" lon="-121.11473"><ele>1482.0</ele><time>2025-08-31T00:01:44Z</time></trkpt><trkpt lat="47.53617" lon="-121.11467"><ele>1481.0</ele><time>2025-08-31T00:01:50Z</time></trkpt><trkpt lat="47.53619" lon="-121.114638"><ele>1481.0</ele><time>2025-08-31T00:01:52Z</time></trkpt><trkpt lat="47.5362" lon="-121.114556"><ele>1479.0</ele><time>2025-08-31T00:01:58Z</time></trkpt><trkpt lat="47.536214" lon="-121.114397"><ele>1480.0</ele><time>2025-08-31T00:02:06Z</time></trkpt><trkpt lat="47.536195" lon="-121.11436"><ele>1481.0</ele><time>2025-08-31T00:02:08Z</time></trkpt><trkpt lat="47.536225" lon="-121.114326"><ele>1481.1</ele><time>2025-08-31T00:02:09Z</time></trkpt><trkpt lat="47.536261" lon="-121.114239"><ele>1482.0</ele><time>2025-08-31T00:02:15Z</time></trkpt><trkpt lat="47.536262" lon="-121.114197"><ele>1481.0</ele><time>2025-08-31T00:02:19Z</time></trkpt><trkpt lat="47.536282" lon="-121.114175"><ele>1482.0</ele><time>2025-08-31T00:02:22Z</time></trkpt><trkpt lat="47.536334" lon="-121.114148"><ele>1482.0</ele><time>2025-08-31T00:02:26Z</time></trkpt><trkpt lat="47.536355" lon="-121.114109"><ele>1480.0</ele><time>2025-08-31T00:02:30Z</time></trkpt><trkpt lat="47.536332" lon="-121.114063"><ele>1484.1</ele><time>2025-08-31T00:02:32Z</time></trkpt><trkpt lat="47.536305" lon="-121.114048"><ele>1482.0</ele><time>2025-08-31T00:02:34Z</time></trkpt><trkpt lat="47.536292" lon="-121.11396"><ele>1481.0</ele><time>2025-08-31T00:02:39Z</time></trkpt><trkpt lat="47.536264" lon="-121.113942"><ele>1479.0</ele><time>2025-08-31T00:02:42Z</time></trkpt><trkpt lat="47.536219" lon="-121.113888"><ele>1480.0</ele><time>2025-08-31T00:02:44Z</time></trkpt><trkpt lat="47.536214" lon="-121.113843"><ele>1478.0</ele><time>2025-08-31T00:02:48Z</time></trkpt><trkpt lat="47.536194" lon="-121.113798"><ele>1478.0</ele><time>2025-08-31T00:02:52Z</time></trkpt><trkpt lat="47.536167" lon="-121.113775"><ele>1476.0</ele><time>2025-08-31T00:02:55Z</time></trkpt><trkpt lat="47.536115" lon="-121.113542"><ele>1476.0</ele><time>2025-08-31T00:03:12Z</time></trkpt><trkpt lat="47.536122" lon="-121.113363"><ele>1478.5</ele><time>2025-08-31T00:03:21Z</time></trkpt><trkpt lat="47.536084" lon="-121.113317"><ele>1479.0</ele><time>2025-08-31T00:03:25Z</time></trkpt><trkpt lat="47.536014" lon="-121.113312"><ele>1476.0</ele><time>2025-08-31T00:03:31Z</time></trkpt><trkpt lat="47.535972" lon="-121.113288"><ele>1476.0</ele><time>2025-08-31T00:03:33Z</time></trkpt><trkpt lat="47.535945" lon="-121.11325"><ele>1479.0</ele><time>2025-08-31T00:03:36Z</time></trkpt><trkpt lat="47.535932" lon="-121.113196"><ele>1478.0</ele><time>2025-08-31T00:03:38Z</time></trkpt><trkpt lat="47.535942" lon="-121.113144"><ele>1478.0</ele><time>2025-08-31T00:03:40Z</time></trkpt><trkpt lat="47.535961" lon="-121.113106"><ele>1478.0</ele><time>2025-08-31T00:03:42Z</time></trkpt><trkpt lat="47.53596" lon="-121.113065"><ele>1476.0</ele><time>2025-08-31T00:03:44Z</time></trkpt><trkpt lat="47.535981" lon="-121.113047"><ele>1477.0</ele><time>2025-08-31T00:03:46Z</time></trkpt><trkpt lat="47.535942" lon="-121.112966"><ele>1475.0</ele><time>2025-08-31T00:03:53Z</time></trkpt><trkpt lat="47.535952" lon="-121.112926"><ele>1475.1</ele><time>2025-08-31T00:03:55Z</time></trkpt><trkpt lat="47.535927" lon="-121.112952"><ele>1474.0</ele><time>2025-08-31T00:03:57Z</time></trkpt><trkpt lat="47.535913" lon="-121.112911"><ele>1475.0</ele><time>2025-08-31T00:03:58Z</time></trkpt><trkpt lat="47.535875" lon="-121.112859"><ele>1474.0</ele><time>2025-08-31T00:04:03Z</time></trkpt><trkpt lat="47.535821" lon="-121.112815"><ele>1473.0</ele><time>2025-08-31T00:04:08Z</time></trkpt><trkpt lat="47.535774" lon="-121.112868"><ele>1473.0</ele><time>2025-08-31T00:04:14Z</time></trkpt><trkpt lat="47.535751" lon="-121.112923"><ele>1472.0</ele><time>2025-08-31T00:04:18Z</time></trkpt><trkpt lat="47.535718" lon="-121.112921"><ele>1474.0</ele><time>2025-08-31T00:04:21Z</time></trkpt><trkpt lat="47.535684" lon="-121.112888"><ele>1472.0</ele><time>2025-08-31T00:04:24Z</time></trkpt><trkpt lat="47.535655" lon="-121.112897"><ele>1473.0</ele><time>2025-08-31T00:04:27Z</time></trkpt><trkpt lat="47.535611" lon="-121.112851"><ele>1474.0</ele><time>2025-08-31T00:04:33Z</time></trkpt><trkpt lat="47.535558" lon="-121.112814"><ele>1474.0</ele><time>2025-08-31T00:04:36Z</time></trkpt><trkpt lat="47.535553" lon="-121.112789"><ele>1474.0</ele><time>2025-08-31T00:04:39Z</time></trkpt><trkpt lat="47.535485" lon="-121.112733"><ele>1474.4</ele><time>2025-08-31T00:04:45Z</time></trkpt><trkpt lat="47.535472" lon="-121.112695"><ele>1473.0</ele><time>2025-08-31T00:04:47Z</time></trkpt><trkpt lat="47.535443" lon="-121.112676"><ele>1473.0</ele><time>2025-08-31T00:04:50Z</time></trkpt><trkpt lat="47.535423" lon="-121.11264"><ele>1474.0</ele><time>2025-08-31T00:04:52Z</time></trkpt><trkpt lat="47.53542" lon="-121.112572"><ele>1473.0</ele><time>2025-08-31T00:04:54Z</time></trkpt><trkpt lat="47.535363" lon="-121.112419"><ele>1472.0</ele><time>2025-08-31T00:05:05Z</time></trkpt><trkpt lat="47.535363" lon="-121.112383"><ele>1473.0</ele><time>2025-08-31T00:05:09Z</time></trkpt><trkpt lat="47.535339" lon="-121.112302"><ele>1474.0</ele><time>2025-08-31T00:05:13Z</time></trkpt><trkpt lat="47.535333" lon="-121.112221"><ele>1473.0</ele><time>2025-08-31T00:05:19Z</time></trkpt><trkpt lat="47.535287" lon="-121.112038"><ele>1474.0</ele><time>2025-08-31T00:05:28Z</time></trkpt><trkpt lat="47.535214" lon="-121.111812"><ele>1474.0</ele><time>2025-08-31T00:05:41Z</time></trkpt><trkpt lat="47.535143" lon="-121.111761"><ele>1473.0</ele><time>2025-08-31T00:05:50Z</time></trkpt><trkpt lat="47.535122" lon="-121.111786"><ele>1474.5</ele><time>2025-08-31T00:05:52Z</time></trkpt><trkpt lat="47.534986" lon="-121.111776"><ele>1470.0</ele><time>2025-08-31T00:06:05Z</time></trkpt><trkpt lat="47.534921" lon="-121.111748"><ele>1473.0</ele><time>2025-08-31T00:06:09Z</time></trkpt><trkpt lat="47.534869" lon="-121.111696"><ele>1473.0</ele><time>2025-08-31T00:06:14Z</time></trkpt><trkpt lat="47.534842" lon="-121.111648"><ele>1473.0</ele><time>2025-08-31T00:06:16Z</time></trkpt><trkpt lat="47.534811" lon="-121.111624"><ele>1474.0</ele><time>2025-08-31T00:06:19Z</time></trkpt><trkpt lat="47.534781" lon="-121.111546"><ele>1474.0</ele><time>2025-08-31T00:06:26Z</time></trkpt><trkpt lat="47.534706" lon="-121.111448"><ele>1472.0</ele><time>2025-08-31T00:06:34Z</time></trkpt><trkpt lat="47.534587" lon="-121.111389"><ele>1473.0</ele><time>2025-08-31T00:06:42Z</time></trkpt><trkpt lat="47.534553" lon="-121.111352"><ele>1472.0</ele><time>2025-08-31T00:06:45Z</time></trkpt><trkpt lat="47.53452" lon="-121.111275"><ele>1474.0</ele><time>2025-08-31T00:06:48Z</time></trkpt><trkpt lat="47.534518" lon="-121.111242"><ele>1473.0</ele><time>2025-08-31T00:06:50Z</time></trkpt><trkpt lat="47.53454" lon="-121.111182"><ele>1472.0</ele><time>2025-08-31T00:06:52Z</time></trkpt><trkpt lat="47.534546" lon="-121.111054"><ele>1474.0</ele><time>2025-08-31T00:06:57Z</time></trkpt><trkpt lat="47.534519" lon="-121.110895"><ele>1474.0</ele><time>2025-08-31T00:07:08Z</time></trkpt><trkpt lat="47.534493" lon="-121.110846"><ele>1473.0</ele><time>2025-08-31T00:07:11Z</time></trkpt><trkpt lat="47.534485" lon="-121.110801"><ele>1473.0</ele><time>2025-08-31T00:07:14Z</time></trkpt><trkpt lat="47.534443" lon="-121.110743"><ele>1473.0</ele><time>2025-08-31T00:07:19Z</time></trkpt><trkpt lat="47.534456" lon="-121.110696"><ele>1473.0</ele><time>2025-08-31T00:07:21Z</time></trkpt><trkpt lat="47.534408" lon="-121.110646"><ele>1472.0</ele><time>2025-08-31T00:07:27Z</time></trkpt><trkpt lat="47.534409" lon="-121.110576"><ele>1472.0</ele><time>2025-08-31T00:07:31Z</time></trkpt><trkpt lat="47.534391" lon="-121.11055"><ele>1472.0</ele><time>2025-08-31T00:07:33Z</time></trkpt><trkpt lat="47.534386" lon="-121.110466"><ele>1472.0</ele><time>2025-08-31T00:07:37Z</time></trkpt><trkpt lat="47.53436" lon="-121.110398"><ele>1471.9</ele><time>2025-08-31T00:07:40Z</time></trkpt><trkpt lat="47.534386" lon="-121.110444"><ele>1471.9</ele><time>2025-08-31T00:07:41Z</time></trkpt><trkpt lat="47.534351" lon="-121.110424"><ele>1472.1</ele><time>2025-08-31T00:07:42Z</time></trkpt><trkpt lat="47.534346" lon="-121.110349"><ele>1470.0</ele><time>2025-08-31T00:07:44Z</time></trkpt><trkpt lat="47.534277" lon="-121.110178"><ele>1471.0</ele><time>2025-08-31T00:07:53Z</time></trkpt><trkpt lat="47.534262" lon="-121.110098"><ele>1472.0</ele><time>2025-08-31T00:07:56Z</time></trkpt><trkpt lat="47.534186" lon="-121.109951"><ele>1469.0</ele><time>2025-08-31T00:08:06Z</time></trkpt><trkpt lat="47.534104" lon="-121.109939"><ele>1467.0</ele><time>2025-08-31T00:08:10Z</time></trkpt><trkpt lat="47.534047" lon="-121.109769"><ele>1468.0</ele><time>2025-08-31T00:08:26Z</time></trkpt><trkpt lat="47.534034" lon="-121.109681"><ele>1466.0</ele><time>2025-08-31T00:08:31Z</time></trkpt><trkpt lat="47.534001" lon="-121.109568"><ele>1466.0</ele><time>2025-08-31T00:08:37Z</time></trkpt><trkpt lat="47.53398" lon="-121.109543"><ele>1467.0</ele><time>2025-08-31T00:08:39Z</time></trkpt><trkpt lat="47.533946" lon="-121.109533"><ele>1467.0</ele><time>2025-08-31T00:08:41Z</time></trkpt><trkpt lat="47.53392" lon="-121.109504"><ele>1466.0</ele><time>2025-08-31T00:08:44Z</time></trkpt><trkpt lat="47.533921" lon="-121.109423"><ele>1467.0</ele><time>2025-08-31T00:08:46Z</time></trkpt><trkpt lat="47.533882" lon="-121.109353"><ele>1466.0</ele><time>2025-08-31T00:08:51Z</time></trkpt><trkpt lat="47.533835" lon="-121.109337"><ele>1465.0</ele><time>2025-08-31T00:08:56Z</time></trkpt><trkpt lat="47.533835" lon="-121.109288"><ele>1468.0</ele><time>2025-08-31T00:09:00Z</time></trkpt><trkpt lat="47.533796" lon="-121.109254"><ele>1468.0</ele><time>2025-08-31T00:09:03Z</time></trkpt><trkpt lat="47.533763" lon="-121.10917"><ele>1468.0</ele><time>2025-08-31T00:09:07Z</time></trkpt><trkpt lat="47.533703" lon="-121.109101"><ele>1466.0</ele><time>2025-08-31T00:09:13Z</time></trkpt><trkpt lat="47.533694" lon="-121.109018"><ele>1466.0</ele><time>2025-08-31T00:09:17Z</time></trkpt><trkpt lat="47.533674" lon="-121.10898"><ele>1467.0</ele><time>2025-08-31T00:09:20Z</time></trkpt><trkpt lat="47.533649" lon="-121.108948"><ele>1464.0</ele><time>2025-08-31T00:09:23Z</time></trkpt><trkpt lat="47.53361" lon="-121.108938"><ele>1464.0</ele><time>2025-08-31T00:09:27Z</time></trkpt><trkpt lat="47.533524" lon="-121.108882"><ele>1467.0</ele><time>2025-08-31T00:09:35Z</time></trkpt><trkpt lat="47.533498" lon="-121.108806"><ele>1468.0</ele><time>2025-08-31T00:09:39Z</time></trkpt><trkpt lat="47.533472" lon="-121.108677"><ele>1470.1</ele><time>2025-08-31T00:09:45Z</time></trkpt><trkpt lat="47.533447" lon="-121.108624"><ele>1469.0</ele><time>2025-08-31T00:09:49Z</time></trkpt><trkpt lat="47.533442" lon="-121.108564"><ele>1468.0</ele><time>2025-08-31T00:09:51Z</time></trkpt><trkpt lat="47.533428" lon="-121.108537"><ele>1468.0</ele><time>2025-08-31T00:09:53Z</time></trkpt><trkpt lat="47.53342" lon="-121.108482"><ele>1468.0</ele><time>2025-08-31T00:09:55Z</time></trkpt><trkpt lat="47.533401" lon="-121.108453"><ele>1467.0</ele><time>2025-08-31T00:09:57Z</time></trkpt><trkpt lat="47.5334" lon="-121.108402"><ele>1466.0</ele><time>2025-08-31T00:10:02Z</time></trkpt><trkpt lat="47.533383" lon="-121.108336"><ele>1467.7</ele><time>2025-08-31T00:10:09Z</time></trkpt><trkpt lat="47.533387" lon="-121.108267"><ele>1466.0</ele><time>2025-08-31T00:10:17Z</time></trkpt><trkpt lat="47.533362" lon="-121.108231"><ele>1465.3</ele><time>2025-08-31T00:10:19Z</time></trkpt><trkpt lat="47.533318" lon="-121.108257"><ele>1464.0</ele><time>2025-08-31T00:10:21Z</time></trkpt><trkpt lat="47.533288" lon="-121.108195"><ele>1464.0</ele><time>2025-08-31T00:10:25Z</time></trkpt><trkpt lat="47.533293" lon="-121.108159"><ele>1464.0</ele><time>2025-08-31T00:10:26Z</time></trkpt><trkpt lat="47.533317" lon="-121.108183"><ele>1463.0</ele><time>2025-08-31T00:10:28Z</time></trkpt><trkpt lat="47.533396" lon="-121.108128"><ele>1464.0</ele><time>2025-08-31T00:10:36Z</time></trkpt><trkpt lat="47.533448" lon="-121.108121"><ele>1463.0</ele><time>2025-08-31T00:10:39Z</time></trkpt><trkpt lat="47.533475" lon="-121.107984"><ele>1461.0</ele><time>2025-08-31T00:10:47Z</time></trkpt><trkpt lat="47.533467" lon="-121.107913"><ele>1460.0</ele><time>2025-08-31T00:10:52Z</time></trkpt><trkpt lat="47.533485" lon="-121.107873"><ele>1459.0</ele><time>2025-08-31T00:10:57Z</time></trkpt><trkpt lat="47.533523" lon="-121.107839"><ele>1458.0</ele><time>2025-08-31T00:11:03Z</time></trkpt><trkpt lat="47.533502" lon="-121.10781"><ele>1456.0</ele><time>2025-08-31T00:11:06Z</time></trkpt><trkpt lat="47.533563" lon="-121.107711"><ele>1454.0</ele><time>2025-08-31T00:11:17Z</time></trkpt><trkpt lat="47.533579" lon="-121.107607"><ele>1453.0</ele><time>2025-08-31T00:11:22Z</time></trkpt><trkpt lat="47.533629" lon="-121.107566"><ele>1450.0</ele><time>2025-08-31T00:11:29Z</time></trkpt><trkpt lat="47.533623" lon="-121.107523"><ele>1452.9</ele><time>2025-08-31T00:11:32Z</time></trkpt><trkpt lat="47.533692" lon="-121.107507"><ele>1454.0</ele><time>2025-08-31T00:11:34Z</time></trkpt><trkpt lat="47.533728" lon="-121.107515"><ele>1452.0</ele><time>2025-08-31T00:11:37Z</time></trkpt><trkpt lat="47.533766" lon="-121.107503"><ele>1452.0</ele><time>2025-08-31T00:11:39Z</time></trkpt><trkpt lat="47.533789" lon="-121.107479"><ele>1452.0</ele><time>2025-08-31T00:11:41Z</time></trkpt><trkpt lat="47.533803" lon="-121.107441"><ele>1453.3</ele><time>2025-08-31T00:11:43Z</time></trkpt><trkpt lat="47.5338" lon="-121.10741"><ele>1453.2</ele><time>2025-08-31T00:11:44Z</time></trkpt><trkpt lat="47.533844" lon="-121.107373"><ele>1449.0</ele><time>2025-08-31T00:11:47Z</time></trkpt><trkpt lat="47.533954" lon="-121.107354"><ele>1444.0</ele><time>2025-08-31T00:11:57Z</time></trkpt><trkpt lat="47.533988" lon="-121.107332"><ele>1446.0</ele><time>2025-08-31T00:12:02Z</time></trkpt><trkpt lat="47.534014" lon="-121.107299"><ele>1445.0</ele><time>2025-08-31T00:12:05Z</time></trkpt><trkpt lat="47.534049" lon="-121.107297"><ele>1445.0</ele><time>2025-08-31T00:12:07Z</time></trkpt><trkpt lat="47.534063" lon="-121.107351"><ele>1445.2</ele><time>2025-08-31T00:12:09Z</time></trkpt><trkpt lat="47.534089" lon="-121.107377"><ele>1443.0</ele><time>2025-08-31T00:12:11Z</time></trkpt><trkpt lat="47.53414" lon="-121.107359"><ele>1442.0</ele><time>2025-08-31T00:12:15Z</time></trkpt><trkpt lat="47.534148" lon="-121.107305"><ele>1442.4</ele><time>2025-08-31T00:12:16Z</time></trkpt><trkpt lat="47.534249" lon="-121.107194"><ele>1436.0</ele><time>2025-08-31T00:12:28Z</time></trkpt><trkpt lat="47.534294" lon="-121.10729"><ele>1436.0</ele><time>2025-08-31T00:12:34Z</time></trkpt><trkpt lat="47.534338" lon="-121.107274"><ele>1434.0</ele><time>2025-08-31T00:12:37Z</time></trkpt><trkpt lat="47.534402" lon="-121.107266"><ele>1431.0</ele><time>2025-08-31T00:12:48Z</time></trkpt><trkpt lat="47.534435" lon="-121.107311"><ele>1428.0</ele><time>2025-08-31T00:12:57Z</time></trkpt><trkpt lat="47.534418" lon="-121.107261"><ele>1428.0</ele><time>2025-08-31T00:13:01Z</time></trkpt><trkpt lat="47.534467" lon="-121.107313"><ele>1425.0</ele><time>2025-08-31T00:13:17Z</time></trkpt><trkpt lat="47.53449" lon="-121.107284"><ele>1424.0</ele><time>2025-08-31T00:13:20Z</time></trkpt><trkpt lat="47.534527" lon="-121.107299"><ele>1424.0</ele><time>2025-08-31T00:13:24Z</time></trkpt><trkpt lat="47.534584" lon="-121.107341"><ele>1424.0</ele><time>2025-08-31T00:13:33Z</time></trkpt><trkpt lat="47.534602" lon="-121.107302"><ele>1425.5</ele><time>2025-08-31T00:13:35Z</time></trkpt><trkpt lat="47.534578" lon="-121.107279"><ele>1425.3</ele><time>2025-08-31T00:13:36Z</time></trkpt><trkpt lat="47.534559" lon="-121.107205"><ele>1422.0</ele><time>2025-08-31T00:13:40Z</time></trkpt><trkpt lat="47.534577" lon="-121.107133"><ele>1422.0</ele><time>2025-08-31T00:13:43Z</time></trkpt><trkpt lat="47.534552" lon="-121.107097"><ele>1422.0</ele><time>2025-08-31T00:13:46Z</time></trkpt><trkpt lat="47.534556" lon="-121.10706"><ele>1422.0</ele><time>2025-08-31T00:13:48Z</time></trkpt><trkpt lat="47.534522" lon="-121.107048"><ele>1422.4</ele><time>2025-08-31T00:13:50Z</time></trkpt><trkpt lat="47.534535" lon="-121.107023"><ele>1422.0</ele><time>2025-08-31T00:13:51Z</time></trkpt><trkpt lat="47.534538" lon="-121.106961"><ele>1421.0</ele><time>2025-08-31T00:13:54Z</time></trkpt><trkpt lat="47.534498" lon="-121.106827"><ele>1422.0</ele><time>2025-08-31T00:13:59Z</time></trkpt><trkpt lat="47.53444" lon="-121.106776"><ele>1420.0</ele><time>2025-08-31T00:14:03Z</time></trkpt><trkpt lat="47.534419" lon="-121.106737"><ele>1422.0</ele><time>2025-08-31T00:14:05Z</time></trkpt><trkpt lat="47.534397" lon="-121.106649"><ele>1421.0</ele><time>2025-08-31T00:14:09Z</time></trkpt><trkpt lat="47.53436" lon="-121.106638"><ele>1420.0</ele><time>2025-08-31T00:14:11Z</time></trkpt><trkpt lat="47.53434" lon="-121.106572"><ele>1420.0</ele><time>2025-08-31T00:14:16Z</time></trkpt><trkpt lat="47.534369" lon="-121.10654"><ele>1422.0</ele><time>2025-08-31T00:14:19Z</time></trkpt><trkpt lat="47.5343" lon="-121.106341"><ele>1422.0</ele><time>2025-08-31T00:14:33Z</time></trkpt><trkpt lat="47.534298" lon="-121.106307"><ele>1422.0</ele><time>2025-08-31T00:14:36Z</time></trkpt><trkpt lat="47.534256" lon="-121.106239"><ele>1422.0</ele><time>2025-08-31T00:14:40Z</time></trkpt><trkpt lat="47.534189" lon="-121.106182"><ele>1422.0</ele><time>2025-08-31T00:14:47Z</time></trkpt><trkpt lat="47.534136" lon="-121.106107"><ele>1421.0</ele><time>2025-08-31T00:14:51Z</time></trkpt><trkpt lat="47.534089" lon="-121.105917"><ele>1422.0</ele><time>2025-08-31T00:15:01Z</time></trkpt><trkpt lat="47.534029" lon="-121.105887"><ele>1419.0</ele><time>2025-08-31T00:15:06Z</time></trkpt><trkpt lat="47.533985" lon="-121.10577"><ele>1419.0</ele><time>2025-08-31T00:15:13Z</time></trkpt><trkpt lat="47.533948" lon="-121.105628"><ele>1420.0</ele><time>2025-08-31T00:15:19Z</time></trkpt><trkpt lat="47.533961" lon="-121.105562"><ele>1419.0</ele><time>2025-08-31T00:15:24Z</time></trkpt><trkpt lat="47.533909" lon="-121.105497"><ele>1416.0</ele><time>2025-08-31T00:15:29Z</time></trkpt><trkpt lat="47.533882" lon="-121.105429"><ele>1416.0</ele><time>2025-08-31T00:15:34Z</time></trkpt><trkpt lat="47.533852" lon="-121.105392"><ele>1416.0</ele><time>2025-08-31T00:15:37Z</time></trkpt><trkpt lat="47.533827" lon="-121.105317"><ele>1416.0</ele><time>2025-08-31T00:15:42Z</time></trkpt><trkpt lat="47.533805" lon="-121.105288"><ele>1413.0</ele><time>2025-08-31T00:15:44Z</time></trkpt><trkpt lat="47.533748" lon="-121.105244"><ele>1412.0</ele><time>2025-08-31T00:15:48Z</time></trkpt><trkpt lat="47.533727" lon="-121.105162"><ele>1412.0</ele><time>2025-08-31T00:15:52Z</time></trkpt><trkpt lat="47.533736" lon="-121.105077"><ele>1411.0</ele><time>2025-08-31T00:15:55Z</time></trkpt><trkpt lat="47.533699" lon="-121.104913"><ele>1409.0</ele><time>2025-08-31T00:16:03Z</time></trkpt><trkpt lat="47.533739" lon="-121.104839"><ele>1410.0</ele><time>2025-08-31T00:16:06Z</time></trkpt><trkpt lat="47.533731" lon="-121.10479"><ele>1409.0</ele><time>2025-08-31T00:16:09Z</time></trkpt><trkpt lat="47.533659" lon="-121.104727"><ele>1406.0</ele><time>2025-08-31T00:16:16Z</time></trkpt><trkpt lat="47.533641" lon="-121.104691"><ele>1406.0</ele><time>2025-08-31T00:16:18Z</time></trkpt><trkpt lat="47.533574" lon="-121.104666"><ele>1406.0</ele><time>2025-08-31T00:16:22Z</time></trkpt><trkpt lat="47.533528" lon="-121.10463"><ele>1406.0</ele><time>2025-08-31T00:16:26Z</time></trkpt><trkpt lat="47.533487" lon="-121.104632"><ele>1405.0</ele><time>2025-08-31T00:16:29Z</time></trkpt><trkpt lat="47.533355" lon="-121.104519"><ele>1404.0</ele><time>2025-08-31T00:16:44Z</time></trkpt><trkpt lat="47.533285" lon="-121.104299"><ele>1401.0</ele><time>2025-08-31T00:17:03Z</time></trkpt><trkpt lat="47.533251" lon="-121.10427"><ele>1400.0</ele><time>2025-08-31T00:17:07Z</time></trkpt><trkpt lat="47.533183" lon="-121.104138"><ele>1397.0</ele><time>2025-08-31T00:17:17Z</time></trkpt><trkpt lat="47.533042" lon="-121.103953"><ele>1395.0</ele><time>2025-08-31T00:17:36Z</time></trkpt><trkpt lat="47.533015" lon="-121.103938"><ele>1394.0</ele><time>2025-08-31T00:17:39Z</time></trkpt><trkpt lat="47.532969" lon="-121.103887"><ele>1395.0</ele><time>2025-08-31T00:17:46Z</time></trkpt><trkpt lat="47.532941" lon="-121.103825"><ele>1396.0</ele><time>2025-08-31T00:17:50Z</time></trkpt><trkpt lat="47.532872" lon="-121.103788"><ele>1394.0</ele><time>2025-08-31T00:17:56Z</time></trkpt><trkpt lat="47.532833" lon="-121.103748"><ele>1392.0</ele><time>2025-08-31T00:18:01Z</time></trkpt><trkpt lat="47.532809" lon="-121.103717"><ele>1394.0</ele><time>2025-08-31T00:18:04Z</time></trkpt><trkpt lat="47.532797" lon="-121.103678"><ele>1394.0</ele><time>2025-08-31T00:18:06Z</time></trkpt><trkpt lat="47.532767" lon="-121.103654"><ele>1392.0</ele><time>2025-08-31T00:18:09Z</time></trkpt><trkpt lat="47.532746" lon="-121.103615"><ele>1390.0</ele><time>2025-08-31T00:18:13Z</time></trkpt><trkpt lat="47.532655" lon="-121.103635"><ele>1390.0</ele><time>2025-08-31T00:18:24Z</time></trkpt><trkpt lat="47.532649" lon="-121.103588"><ele>1390.4</ele><time>2025-08-31T00:18:25Z</time></trkpt><trkpt lat="47.532685" lon="-121.103553"><ele>1388.0</ele><time>2025-08-31T00:18:27Z</time></trkpt><trkpt lat="47.532707" lon="-121.103504"><ele>1388.0</ele><time>2025-08-31T00:18:29Z</time></trkpt><trkpt lat="47.532741" lon="-121.103482"><ele>1387.0</ele><time>2025-08-31T00:18:31Z</time></trkpt><trkpt lat="47.532925" lon="-121.103482"><ele>1386.0</ele><time>2025-08-31T00:18:45Z</time></trkpt><trkpt lat="47.532903" lon="-121.10346"><ele>1387.9</ele><time>2025-08-31T00:18:47Z</time></trkpt><trkpt lat="47.532872" lon="-121.103466"><ele>1387.0</ele><time>2025-08-31T00:18:49Z</time></trkpt><trkpt lat="47.53279" lon="-121.103426"><ele>1386.0</ele><time>2025-08-31T00:18:53Z</time></trkpt><trkpt lat="47.532786" lon="-121.103342"><ele>1387.0</ele><time>2025-08-31T00:18:57Z</time></trkpt><trkpt lat="47.532751" lon="-121.103322"><ele>1388.1</ele><time>2025-08-31T00:18:58Z</time></trkpt><trkpt lat="47.532745" lon="-121.103278"><ele>1387.0</ele><time>2025-08-31T00:19:01Z</time></trkpt><trkpt lat="47.532719" lon="-121.103269"><ele>1385.0</ele><time>2025-08-31T00:19:02Z</time></trkpt><trkpt lat="47.532608" lon="-121.103266"><ele>1382.0</ele><time>2025-08-31T00:19:12Z</time></trkpt><trkpt lat="47.532561" lon="-121.103235"><ele>1383.0</ele><time>2025-08-31T00:19:18Z</time></trkpt><trkpt lat="47.532481" lon="-121.10323"><ele>1381.0</ele><time>2025-08-31T00:19:25Z</time></trkpt><trkpt lat="47.532377" lon="-121.103144"><ele>1381.0</ele><time>2025-08-31T00:19:35Z</time></trkpt><trkpt lat="47.532363" lon="-121.103102"><ele>1380.0</ele><time>2025-08-31T00:19:40Z</time></trkpt><trkpt lat="47.532365" lon="-121.103038"><ele>1384.3</ele><time>2025-08-31T00:19:44Z</time></trkpt><trkpt lat="47.532297" lon="-121.10295"><ele>1384.0</ele><time>2025-08-31T00:19:45Z</time></trkpt><trkpt lat="47.532335" lon="-121.102957"><ele>1383.0</ele><time>2025-08-31T00:19:46Z</time></trkpt><trkpt lat="47.532334" lon="-121.102901"><ele>1382.0</ele><time>2025-08-31T00:19:48Z</time></trkpt><trkpt lat="47.532373" lon="-121.102835"><ele>1382.0</ele><time>2025-08-31T00:19:52Z</time></trkpt><trkpt lat="47.532377" lon="-121.10278"><ele>1380.9</ele><time>2025-08-31T00:19:56Z</time></trkpt><trkpt lat="47.53234" lon="-121.102772"><ele>1379.0</ele><time>2025-08-31T00:19:58Z</time></trkpt><trkpt lat="47.532283" lon="-121.102582"><ele>1376.0</ele><time>2025-08-31T00:20:11Z</time></trkpt><trkpt lat="47.532277" lon="-121.10247"><ele>1377.0</ele><time>2025-08-31T00:20:17Z</time></trkpt><trkpt lat="47.532238" lon="-121.102415"><ele>1375.0</ele><time>2025-08-31T00:20:21Z</time></trkpt><trkpt lat="47.532203" lon="-121.102408"><ele>1376.3</ele><time>2025-08-31T00:20:22Z</time></trkpt><trkpt lat="47.532141" lon="-121.10221"><ele>1373.0</ele><time>2025-08-31T00:20:34Z</time></trkpt><trkpt lat="47.532169" lon="-121.102166"><ele>1374.0</ele><time>2025-08-31T00:20:36Z</time></trkpt><trkpt lat="47.532226" lon="-121.10212"><ele>1372.0</ele><time>2025-08-31T00:20:39Z</time></trkpt><trkpt lat="47.532227" lon="-121.102082"><ele>1372.0</ele><time>2025-08-31T00:20:41Z</time></trkpt><trkpt lat="47.5322" lon="-121.101993"><ele>1370.0</ele><time>2025-08-31T00:20:48Z</time></trkpt><trkpt lat="47.532205" lon="-121.101941"><ele>1369.0</ele><time>2025-08-31T00:20:50Z</time></trkpt><trkpt lat="47.532256" lon="-121.10189"><ele>1365.0</ele><time>2025-08-31T00:20:54Z</time></trkpt><trkpt lat="47.532252" lon="-121.101847"><ele>1368.0</ele><time>2025-08-31T00:20:59Z</time></trkpt><trkpt lat="47.532224" lon="-121.10183"><ele>1369.0</ele><time>2025-08-31T00:21:01Z</time></trkpt><trkpt lat="47.532216" lon="-121.101784"><ele>1369.5</ele><time>2025-08-31T00:21:04Z</time></trkpt><trkpt lat="47.532155" lon="-121.101692"><ele>1368.0</ele><time>2025-08-31T00:21:10Z</time></trkpt><trkpt lat="47.532158" lon="-121.101637"><ele>1366.0</ele><time>2025-08-31T00:21:12Z</time></trkpt><trkpt lat="47.532138" lon="-121.101599"><ele>1366.0</ele><time>2025-08-31T00:21:14Z</time></trkpt><trkpt lat="47.532088" lon="-121.10143"><ele>1364.0</ele><time>2025-08-31T00:21:22Z</time></trkpt><trkpt lat="47.532048" lon="-121.101352"><ele>1364.0</ele><time>2025-08-31T00:21:26Z</time></trkpt><trkpt lat="47.532071" lon="-121.101314"><ele>1362.0</ele><time>2025-08-31T00:21:28Z</time></trkpt><trkpt lat="47.532053" lon="-121.101285"><ele>1360.0</ele><time>2025-08-31T00:21:31Z</time></trkpt><trkpt lat="47.532052" lon="-121.101249"><ele>1362.0</ele><time>2025-08-31T00:21:34Z</time></trkpt><trkpt lat="47.532116" lon="-121.101292"><ele>1362.0</ele><time>2025-08-31T00:21:40Z</time></trkpt><trkpt lat="47.532161" lon="-121.101364"><ele>1362.0</ele><time>2025-08-31T00:21:42Z</time></trkpt><trkpt lat="47.532244" lon="-121.10143"><ele>1360.0</ele><time>2025-08-31T00:21:47Z</time></trkpt><trkpt lat="47.53228" lon="-121.101428"><ele>1359.0</ele><time>2025-08-31T00:21:51Z</time></trkpt><trkpt lat="47.532308" lon="-121.101452"><ele>1359.0</ele><time>2025-08-31T00:21:54Z</time></trkpt><trkpt lat="47.532385" lon="-121.101441"><ele>1359.0</ele><time>2025-08-31T00:21:59Z</time></trkpt><trkpt lat="47.532417" lon="-121.101415"><ele>1360.0</ele><time>2025-08-31T00:22:01Z</time></trkpt><trkpt lat="47.532429" lon="-121.101331"><ele>1359.0</ele><time>2025-08-31T00:22:05Z</time></trkpt><trkpt lat="47.532391" lon="-121.101247"><ele>1358.0</ele><time>2025-08-31T00:22:07Z</time></trkpt><trkpt lat="47.532338" lon="-121.101185"><ele>1358.0</ele><time>2025-08-31T00:22:10Z</time></trkpt><trkpt lat="47.532305" lon="-121.10111"><ele>1358.0</ele><time>2025-08-31T00:22:14Z</time></trkpt><trkpt lat="47.532222" lon="-121.101064"><ele>1353.0</ele><time>2025-08-31T00:22:24Z</time></trkpt><trkpt lat="47.532206" lon="-121.100974"><ele>1354.0</ele><time>2025-08-31T00:22:28Z</time></trkpt><trkpt lat="47.532189" lon="-121.100938"><ele>1354.0</ele><time>2025-08-31T00:22:30Z</time></trkpt><trkpt lat="47.532162" lon="-121.100911"><ele>1353.0</ele><time>2025-08-31T00:22:32Z</time></trkpt><trkpt lat="47.532156" lon="-121.10082"><ele>1354.0</ele><time>2025-08-31T00:22:36Z</time></trkpt><trkpt lat="47.532128" lon="-121.10079"><ele>1352.0</ele><time>2025-08-31T00:22:38Z</time></trkpt><trkpt lat="47.532067" lon="-121.100759"><ele>1353.5</ele><time>2025-08-31T00:22:41Z</time></trkpt><trkpt lat="47.532102" lon="-121.100702"><ele>1354.0</ele><time>2025-08-31T00:22:42Z</time></trkpt><trkpt lat="47.532083" lon="-121.100667"><ele>1353.5</ele><time>2025-08-31T00:22:44Z</time></trkpt><trkpt lat="47.532104" lon="-121.100605"><ele>1352.0</ele><time>2025-08-31T00:22:48Z</time></trkpt><trkpt lat="47.532081" lon="-121.100537"><ele>1350.0</ele><time>2025-08-31T00:22:52Z</time></trkpt><trkpt lat="47.53209" lon="-121.100458"><ele>1352.0</ele><time>2025-08-31T00:22:57Z</time></trkpt><trkpt lat="47.532047" lon="-121.100379"><ele>1348.0</ele><time>2025-08-31T00:23:03Z</time></trkpt><trkpt lat="47.532058" lon="-121.100241"><ele>1349.0</ele><time>2025-08-31T00:23:09Z</time></trkpt><trkpt lat="47.532045" lon="-121.100206"><ele>1349.6</ele><time>2025-08-31T00:23:10Z</time></trkpt><trkpt lat="47.53201" lon="-121.100184"><ele>1348.0</ele><time>2025-08-31T00:23:12Z</time></trkpt><trkpt lat="47.531987" lon="-121.100013"><ele>1348.0</ele><time>2025-08-31T00:23:22Z</time></trkpt><trkpt lat="47.531938" lon="-121.099919"><ele>1347.0</ele><time>2025-08-31T00:23:31Z</time></trkpt><trkpt lat="47.531972" lon="-121.099903"><ele>1347.5</ele><time>2025-08-31T00:23:34Z</time></trkpt><trkpt lat="47.532006" lon="-121.099903"><ele>1346.0</ele><time>2025-08-31T00:23:37Z</time></trkpt><trkpt lat="47.532019" lon="-121.099959"><ele>1346.0</ele><time>2025-08-31T00:23:39Z</time></trkpt><trkpt lat="47.532095" lon="-121.100058"><ele>1344.0</ele><time>2025-08-31T00:23:47Z</time></trkpt><trkpt lat="47.532128" lon="-121.100084"><ele>1344.0</ele><time>2025-08-31T00:23:49Z</time></trkpt><trkpt lat="47.532162" lon="-121.100091"><ele>1344.0</ele><time>2025-08-31T00:23:51Z</time></trkpt><trkpt lat="47.532225" lon="-121.100192"><ele>1344.0</ele><time>2025-08-31T00:23:58Z</time></trkpt><trkpt lat="47.532256" lon="-121.100221"><ele>1344.0</ele><time>2025-08-31T00:24:04Z</time></trkpt><trkpt lat="47.532338" lon="-121.100255"><ele>1341.0</ele><time>2025-08-31T00:24:10Z</time></trkpt><trkpt lat="47.532358" lon="-121.100279"><ele>1339.0</ele><time>2025-08-31T00:24:16Z</time></trkpt><trkpt lat="47.532325" lon="-121.100216"><ele>1337.0</ele><time>2025-08-31T00:24:23Z</time></trkpt><trkpt lat="47.532313" lon="-121.100167"><ele>1338.8</ele><time>2025-08-31T00:24:25Z</time></trkpt><trkpt lat="47.532345" lon="-121.100091"><ele>1337.0</ele><time>2025-08-31T00:24:27Z</time></trkpt><trkpt lat="47.532345" lon="-121.099935"><ele>1336.0</ele><time>2025-08-31T00:24:41Z</time></trkpt><trkpt lat="47.532322" lon="-121.099872"><ele>1336.4</ele><time>2025-08-31T00:24:47Z</time></trkpt><trkpt lat="47.53222" lon="-121.099729"><ele>1334.0</ele><time>2025-08-31T00:24:57Z</time></trkpt><trkpt lat="47.532205" lon="-121.09969"><ele>1333.0</ele><time>2025-08-31T00:24:59Z</time></trkpt><trkpt lat="47.532162" lon="-121.09965"><ele>1332.0</ele><time>2025-08-31T00:25:03Z</time></trkpt><trkpt lat="47.532105" lon="-121.099548"><ele>1332.0</ele><time>2025-08-31T00:25:11Z</time></trkpt><trkpt lat="47.532084" lon="-121.099457"><ele>1332.0</ele><time>2025-08-31T00:25:14Z</time></trkpt><trkpt lat="47.532078" lon="-121.099357"><ele>1332.0</ele><time>2025-08-31T00:25:18Z</time></trkpt><trkpt lat="47.532055" lon="-121.09928"><ele>1331.0</ele><time>2025-08-31T00:25:22Z</time></trkpt><trkpt lat="47.532094" lon="-121.099209"><ele>1330.0</ele><time>2025-08-31T00:25:26Z</time></trkpt><trkpt lat="47.532076" lon="-121.099178"><ele>1328.0</ele><time>2025-08-31T00:25:29Z</time></trkpt><trkpt lat="47.532131" lon="-121.099176"><ele>1329.0</ele><time>2025-08-31T00:25:32Z</time></trkpt><trkpt lat="47.532141" lon="-121.099141"><ele>1328.0</ele><time>2025-08-31T00:25:34Z</time></trkpt><trkpt lat="47.532138" lon="-121.099099"><ele>1328.4</ele><time>2025-08-31T00:25:37Z</time></trkpt><trkpt lat="47.532192" lon="-121.099133"><ele>1328.2</ele><time>2025-08-31T00:25:38Z</time></trkpt><trkpt lat="47.532242" lon="-121.099305"><ele>1325.0</ele><time>2025-08-31T00:25:49Z</time></trkpt><trkpt lat="47.532246" lon="-121.099381"><ele>1325.0</ele><time>2025-08-31T00:25:57Z</time></trkpt><trkpt lat="47.532263" lon="-121.099422"><ele>1325.6</ele><time>2025-08-31T00:25:59Z</time></trkpt><trkpt lat="47.532271" lon="-121.099392"><ele>1324.9</ele><time>2025-08-31T00:26:00Z</time></trkpt><trkpt lat="47.532303" lon="-121.099376"><ele>1323.0</ele><time>2025-08-31T00:26:02Z</time></trkpt><trkpt lat="47.532377" lon="-121.099447"><ele>1324.0</ele><time>2025-08-31T00:26:07Z</time></trkpt><trkpt lat="47.532395" lon="-121.099484"><ele>1324.0</ele><time>2025-08-31T00:26:10Z</time></trkpt><trkpt lat="47.532532" lon="-121.099669"><ele>1320.0</ele><time>2025-08-31T00:26:23Z</time></trkpt><trkpt lat="47.532546" lon="-121.099737"><ele>1322.7</ele><time>2025-08-31T00:26:27Z</time></trkpt><trkpt lat="47.532637" lon="-121.099762"><ele>1320.0</ele><time>2025-08-31T00:26:33Z</time></trkpt><trkpt lat="47.53265" lon="-121.0998"><ele>1320.0</ele><time>2025-08-31T00:26:36Z</time></trkpt><trkpt lat="47.53266" lon="-121.099919"><ele>1320.0</ele><time>2025-08-31T00:26:42Z</time></trkpt><trkpt lat="47.532699" lon="-121.099944"><ele>1320.0</ele><time>2025-08-31T00:26:47Z</time></trkpt><trkpt lat="47.53274" lon="-121.099907"><ele>1321.6</ele><time>2025-08-31T00:26:48Z</time></trkpt><trkpt lat="47.53274" lon="-121.099954"><ele>1320.0</ele><time>2025-08-31T00:26:50Z</time></trkpt><trkpt lat="47.532751" lon="-121.099987"><ele>1320.0</ele><time>2025-08-31T00:26:53Z</time></trkpt><trkpt lat="47.532776" lon="-121.100014"><ele>1318.0</ele><time>2025-08-31T00:26:56Z</time></trkpt><trkpt lat="47.532835" lon="-121.100053"><ele>1318.0</ele><time>2025-08-31T00:27:03Z</time></trkpt><trkpt lat="47.532863" lon="-121.100093"><ele>1317.0</ele><time>2025-08-31T00:27:05Z</time></trkpt><trkpt lat="47.532988" lon="-121.100148"><ele>1318.0</ele><time>2025-08-31T00:27:12Z</time></trkpt><trkpt lat="47.533069" lon="-121.100257"><ele>1316.0</ele><time>2025-08-31T00:27:17Z</time></trkpt><trkpt lat="47.533154" lon="-121.100342"><ele>1316.0</ele><time>2025-08-31T00:27:25Z</time></trkpt><trkpt lat="47.533184" lon="-121.100481"><ele>1314.0</ele><time>2025-08-31T00:27:35Z</time></trkpt><trkpt lat="47.533222" lon="-121.100397"><ele>1315.0</ele><time>2025-08-31T00:27:42Z</time></trkpt><trkpt lat="47.533159" lon="-121.100443"><ele>1315.0</ele><time>2025-08-31T00:27:44Z</time></trkpt><trkpt lat="47.533105" lon="-121.100396"><ele>1316.0</ele><time>2025-08-31T00:27:46Z</time></trkpt><trkpt lat="47.53315" lon="-121.100461"><ele>1315.0</ele><time>2025-08-31T00:27:49Z</time></trkpt><trkpt lat="47.533252" lon="-121.100529"><ele>1314.0</ele><time>2025-08-31T00:27:58Z</time></trkpt><trkpt lat="47.533297" lon="-121.100533"><ele>1314.8</ele><time>2025-08-31T00:28:00Z</time></trkpt><trkpt lat="47.533327" lon="-121.100582"><ele>1314.0</ele><time>2025-08-31T00:28:01Z</time></trkpt><trkpt lat="47.533325" lon="-121.100638"><ele>1314.0</ele><time>2025-08-31T00:28:04Z</time></trkpt><trkpt lat="47.533364" lon="-121.100713"><ele>1314.0</ele><time>2025-08-31T00:28:09Z</time></trkpt><trkpt lat="47.533355" lon="-121.100812"><ele>1315.0</ele><time>2025-08-31T00:28:15Z</time></trkpt><trkpt lat="47.533449" lon="-121.100868"><ele>1314.0</ele><time>2025-08-31T00:28:22Z</time></trkpt><trkpt lat="47.533474" lon="-121.100937"><ele>1314.0</ele><time>2025-08-31T00:28:26Z</time></trkpt><trkpt lat="47.533522" lon="-121.100982"><ele>1313.0</ele><time>2025-08-31T00:28:32Z</time></trkpt><trkpt lat="47.533558" lon="-121.100995"><ele>1314.0</ele><time>2025-08-31T00:28:34Z</time></trkpt><trkpt lat="47.533585" lon="-121.101014"><ele>1311.0</ele><time>2025-08-31T00:28:37Z</time></trkpt><trkpt lat="47.53361" lon="-121.10105"><ele>1312.0</ele><time>2025-08-31T00:28:40Z</time></trkpt><trkpt lat="47.533672" lon="-121.101083"><ele>1310.0</ele><time>2025-08-31T00:28:44Z</time></trkpt><trkpt lat="47.533682" lon="-121.101127"><ele>1309.0</ele><time>2025-08-31T00:28:46Z</time></trkpt><trkpt lat="47.533705" lon="-121.101147"><ele>1309.0</ele><time>2025-08-31T00:28:49Z</time></trkpt><trkpt lat="47.533711" lon="-121.101188"><ele>1309.0</ele><time>2025-08-31T00:28:52Z</time></trkpt><trkpt lat="47.53376" lon="-121.101291"><ele>1308.0</ele><time>2025-08-31T00:28:57Z</time></trkpt><trkpt lat="47.533814" lon="-121.101308"><ele>1308.0</ele><time>2025-08-31T00:29:00Z</time></trkpt><trkpt lat="47.533801" lon="-121.10135"><ele>1306.0</ele><time>2025-08-31T00:29:04Z</time></trkpt><trkpt lat="47.533814" lon="-121.10138"><ele>1308.0</ele><time>2025-08-31T00:29:07Z</time></trkpt><trkpt lat="47.533851" lon="-121.101399"><ele>1308.7</ele><time>2025-08-31T00:29:08Z</time></trkpt><trkpt lat="47.533814" lon="-121.101392"><ele>1308.2</ele><time>2025-08-31T00:29:09Z</time></trkpt><trkpt lat="47.533866" lon="-121.101433"><ele>1308.0</ele><time>2025-08-31T00:29:14Z</time></trkpt><trkpt lat="47.5339" lon="-121.101426"><ele>1308.0</ele><time>2025-08-31T00:29:17Z</time></trkpt><trkpt lat="47.533898" lon="-121.101459"><ele>1308.0</ele><time>2025-08-31T00:29:19Z</time></trkpt><trkpt lat="47.533917" lon="-121.101507"><ele>1308.0</ele><time>2025-08-31T00:29:24Z</time></trkpt><trkpt lat="47.53404" lon="-121.101532"><ele>1304.0</ele><time>2025-08-31T00:29:42Z</time></trkpt><trkpt lat="47.534064" lon="-121.101574"><ele>1306.0</ele><time>2025-08-31T00:29:46Z</time></trkpt><trkpt lat="47.534049" lon="-121.101614"><ele>1305.0</ele><time>2025-08-31T00:29:47Z</time></trkpt><trkpt lat="47.534118" lon="-121.101708"><ele>1304.0</ele><time>2025-08-31T00:29:55Z</time></trkpt><trkpt lat="47.534167" lon="-121.101724"><ele>1304.0</ele><time>2025-08-31T00:29:59Z</time></trkpt><trkpt lat="47.534189" lon="-121.101747"><ele>1302.0</ele><time>2025-08-31T00:30:02Z</time></trkpt><trkpt lat="47.534212" lon="-121.101815"><ele>1301.0</ele><time>2025-08-31T00:30:06Z</time></trkpt><trkpt lat="47.534248" lon="-121.101877"><ele>1300.0</ele><time>2025-08-31T00:30:12Z</time></trkpt><trkpt lat="47.534284" lon="-121.101864"><ele>1301.0</ele><time>2025-08-31T00:30:16Z</time></trkpt><trkpt lat="47.53433" lon="-121.101863"><ele>1301.7</ele><time>2025-08-31T00:30:18Z</time></trkpt><trkpt lat="47.534343" lon="-121.101896"><ele>1300.0</ele><time>2025-08-31T00:30:19Z</time></trkpt><trkpt lat="47.534343" lon="-121.10194"><ele>1301.7</ele><time>2025-08-31T00:30:21Z</time></trkpt><trkpt lat="47.534387" lon="-121.102"><ele>1300.0</ele><time>2025-08-31T00:30:24Z</time></trkpt><trkpt lat="47.534422" lon="-121.10202"><ele>1299.0</ele><time>2025-08-31T00:30:26Z</time></trkpt><trkpt lat="47.534444" lon="-121.102057"><ele>1298.0</ele><time>2025-08-31T00:30:28Z</time></trkpt><trkpt lat="47.534486" lon="-121.102078"><ele>1299.0</ele><time>2025-08-31T00:30:30Z</time></trkpt><trkpt lat="47.534567" lon="-121.102165"><ele>1298.0</ele><time>2025-08-31T00:30:36Z</time></trkpt><trkpt lat="47.534593" lon="-121.102157"><ele>1297.0</ele><time>2025-08-31T00:30:38Z</time></trkpt><trkpt lat="47.534687" lon="-121.102199"><ele>1293.0</ele><time>2025-08-31T00:30:46Z</time></trkpt><trkpt lat="47.534712" lon="-121.102224"><ele>1294.0</ele><time>2025-08-31T00:30:49Z</time></trkpt><trkpt lat="47.534724" lon="-121.102252"><ele>1292.0</ele><time>2025-08-31T00:30:52Z</time></trkpt><trkpt lat="47.534762" lon="-121.102278"><ele>1293.0</ele><time>2025-08-31T00:30:55Z</time></trkpt><trkpt lat="47.534856" lon="-121.102429"><ele>1287.0</ele><time>2025-08-31T00:31:08Z</time></trkpt><trkpt lat="47.534857" lon="-121.102496"><ele>1290.0</ele><time>2025-08-31T00:31:14Z</time></trkpt><trkpt lat="47.534884" lon="-121.102516"><ele>1290.0</ele><time>2025-08-31T00:31:17Z</time></trkpt><trkpt lat="47.534898" lon="-121.102552"><ele>1290.0</ele><time>2025-08-31T00:31:20Z</time></trkpt><trkpt lat="47.534972" lon="-121.102568"><ele>1288.0</ele><time>2025-08-31T00:31:25Z</time></trkpt><trkpt lat="47.535022" lon="-121.102613"><ele>1287.0</ele><time>2025-08-31T00:31:28Z</time></trkpt><trkpt lat="47.535051" lon="-121.102682"><ele>1285.0</ele><time>2025-08-31T00:31:34Z</time></trkpt><trkpt lat="47.535086" lon="-121.102692"><ele>1287.0</ele><time>2025-08-31T00:31:37Z</time></trkpt><trkpt lat="47.535116" lon="-121.102732"><ele>1287.0</ele><time>2025-08-31T00:31:40Z</time></trkpt><trkpt lat="47.535192" lon="-121.102697"><ele>1286.0</ele><time>2025-08-31T00:31:44Z</time></trkpt><trkpt lat="47.535263" lon="-121.102806"><ele>1286.0</ele><time>2025-08-31T00:31:53Z</time></trkpt><trkpt lat="47.535311" lon="-121.102851"><ele>1284.0</ele><time>2025-08-31T00:31:57Z</time></trkpt><trkpt lat="47.535369" lon="-121.102845"><ele>1283.0</ele><time>2025-08-31T00:32:03Z</time></trkpt><trkpt lat="47.535356" lon="-121.102914"><ele>1281.0</ele><time>2025-08-31T00:32:09Z</time></trkpt><trkpt lat="47.535401" lon="-121.102902"><ele>1281.0</ele><time>2025-08-31T00:32:15Z</time></trkpt><trkpt lat="47.535393" lon="-121.102957"><ele>1281.0</ele><time>2025-08-31T00:32:19Z</time></trkpt><trkpt lat="47.535429" lon="-121.102966"><ele>1281.3</ele><time>2025-08-31T00:32:22Z</time></trkpt><trkpt lat="47.535468" lon="-121.103026"><ele>1281.0</ele><time>2025-08-31T00:32:27Z</time></trkpt><trkpt lat="47.535499" lon="-121.103044"><ele>1278.0</ele><time>2025-08-31T00:32:30Z</time></trkpt><trkpt lat="47.535513" lon="-121.103085"><ele>1280.0</ele><time>2025-08-31T00:32:32Z</time></trkpt><trkpt lat="47.535611" lon="-121.103097"><ele>1278.0</ele><time>2025-08-31T00:32:37Z</time></trkpt><trkpt lat="47.535668" lon="-121.103156"><ele>1278.3</ele><time>2025-08-31T00:32:41Z</time></trkpt><trkpt lat="47.535742" lon="-121.103183"><ele>1275.0</ele><time>2025-08-31T00:32:45Z</time></trkpt><trkpt lat="47.53577" lon="-121.103211"><ele>1276.0</ele><time>2025-08-31T00:32:48Z</time></trkpt><trkpt lat="47.535781" lon="-121.103261"><ele>1276.4</ele><time>2025-08-31T00:32:49Z</time></trkpt><trkpt lat="47.535823" lon="-121.103299"><ele>1276.0</ele><time>2025-08-31T00:32:54Z</time></trkpt><trkpt lat="47.535861" lon="-121.103296"><ele>1275.0</ele><time>2025-08-31T00:32:56Z</time></trkpt><trkpt lat="47.535891" lon="-121.103318"><ele>1275.0</ele><time>2025-08-31T00:32:59Z</time></trkpt><trkpt lat="47.535896" lon="-121.103364"><ele>1276.7</ele><time>2025-08-31T00:33:00Z</time></trkpt><trkpt lat="47.535913" lon="-121.10339"><ele>1274.0</ele><time>2025-08-31T00:33:02Z</time></trkpt><trkpt lat="47.53595" lon="-121.103388"><ele>1274.0</ele><time>2025-08-31T00:33:04Z</time></trkpt><trkpt lat="47.536001" lon="-121.103422"><ele>1276.0</ele><time>2025-08-31T00:33:07Z</time></trkpt><trkpt lat="47.536032" lon="-121.103407"><ele>1275.0</ele><time>2025-08-31T00:33:09Z</time></trkpt><trkpt lat="47.536091" lon="-121.10354"><ele>1272.0</ele><time>2025-08-31T00:33:22Z</time></trkpt><trkpt lat="47.536163" lon="-121.103585"><ele>1270.0</ele><time>2025-08-31T00:33:28Z</time></trkpt><trkpt lat="47.536185" lon="-121.103612"><ele>1270.0</ele><time>2025-08-31T00:33:30Z</time></trkpt><trkpt lat="47.53621" lon="-121.103701"><ele>1270.5</ele><time>2025-08-31T00:33:33Z</time></trkpt><trkpt lat="47.536262" lon="-121.10374"><ele>1268.0</ele><time>2025-08-31T00:33:38Z</time></trkpt><trkpt lat="47.536326" lon="-121.103763"><ele>1267.0</ele><time>2025-08-31T00:33:46Z</time></trkpt><trkpt lat="47.536389" lon="-121.103869"><ele>1269.8</ele><time>2025-08-31T00:33:57Z</time></trkpt><trkpt lat="47.536411" lon="-121.10388"><ele>1268.0</ele><time>2025-08-31T00:33:58Z</time></trkpt><trkpt lat="47.536474" lon="-121.10388"><ele>1268.0</ele><time>2025-08-31T00:34:02Z</time></trkpt><trkpt lat="47.536507" lon="-121.103832"><ele>1269.8</ele><time>2025-08-31T00:34:04Z</time></trkpt><trkpt lat="47.53656" lon="-121.10385"><ele>1268.0</ele><time>2025-08-31T00:34:07Z</time></trkpt><trkpt lat="47.536636" lon="-121.103925"><ele>1264.0</ele><time>2025-08-31T00:34:13Z</time></trkpt><trkpt lat="47.536654" lon="-121.103878"><ele>1264.7</ele><time>2025-08-31T00:34:15Z</time></trkpt><trkpt lat="47.536677" lon="-121.103953"><ele>1265.7</ele><time>2025-08-31T00:34:17Z</time></trkpt><trkpt lat="47.536721" lon="-121.103998"><ele>1264.0</ele><time>2025-08-31T00:34:20Z</time></trkpt><trkpt lat="47.53674" lon="-121.104036"><ele>1264.0</ele><time>2025-08-31T00:34:22Z</time></trkpt><trkpt lat="47.53675" lon="-121.104114"><ele>1262.0</ele><time>2025-08-31T00:34:26Z</time></trkpt><trkpt lat="47.536712" lon="-121.104124"><ele>1260.0</ele><time>2025-08-31T00:34:29Z</time></trkpt><trkpt lat="47.5368" lon="-121.104276"><ele>1262.0</ele><time>2025-08-31T00:34:39Z</time></trkpt><trkpt lat="47.536862" lon="-121.104325"><ele>1262.0</ele><time>2025-08-31T00:34:44Z</time></trkpt><trkpt lat="47.53696" lon="-121.104348"><ele>1262.0</ele><time>2025-08-31T00:34:50Z</time></trkpt><trkpt lat="47.537" lon="-121.104426"><ele>1260.0</ele><time>2025-08-31T00:34:56Z</time></trkpt><trkpt lat="47.537109" lon="-121.104473"><ele>1259.0</ele><time>2025-08-31T00:35:06Z</time></trkpt><trkpt lat="47.537121" lon="-121.104506"><ele>1260.0</ele><time>2025-08-31T00:35:09Z</time></trkpt><trkpt lat="47.53712" lon="-121.10454"><ele>1259.0</ele><time>2025-08-31T00:35:12Z</time></trkpt><trkpt lat="47.537146" lon="-121.104561"><ele>1260.0</ele><time>2025-08-31T00:35:15Z</time></trkpt><trkpt lat="47.537262" lon="-121.104547"><ele>1256.0</ele><time>2025-08-31T00:35:25Z</time></trkpt><trkpt lat="47.537322" lon="-121.104582"><ele>1257.0</ele><time>2025-08-31T00:35:30Z</time></trkpt><trkpt lat="47.537346" lon="-121.104611"><ele>1256.0</ele><time>2025-08-31T00:35:32Z</time></trkpt><trkpt lat="47.53736" lon="-121.104678"><ele>1254.0</ele><time>2025-08-31T00:35:35Z</time></trkpt><trkpt lat="47.537401" lon="-121.104687"><ele>1254.0</ele><time>2025-08-31T00:35:37Z</time></trkpt><trkpt lat="47.53743" lon="-121.104781"><ele>1254.0</ele><time>2025-08-31T00:35:42Z</time></trkpt><trkpt lat="47.537476" lon="-121.104766"><ele>1254.0</ele><time>2025-08-31T00:35:45Z</time></trkpt><trkpt lat="47.537493" lon="-121.104725"><ele>1253.0</ele><time>2025-08-31T00:35:47Z</time></trkpt><trkpt lat="47.537486" lon="-121.104694"><ele>1251.0</ele><time>2025-08-31T00:35:49Z</time></trkpt><trkpt lat="47.537411" lon="-121.104542"><ele>1250.3</ele><time>2025-08-31T00:35:52Z</time></trkpt><trkpt lat="47.537313" lon="-121.104485"><ele>1248.0</ele><time>2025-08-31T00:35:56Z</time></trkpt><trkpt lat="47.537252" lon="-121.104471"><ele>1248.0</ele><time>2025-08-31T00:36:02Z</time></trkpt><trkpt lat="47.537232" lon="-121.10443"><ele>1248.0</ele><time>2025-08-31T00:36:05Z</time></trkpt><trkpt lat="47.5372" lon="-121.104408"><ele>1248.0</ele><time>2025-08-31T00:36:07Z</time></trkpt><trkpt lat="47.537166" lon="-121.104444"><ele>1248.0</ele><time>2025-08-31T00:36:10Z</time></trkpt><trkpt lat="47.537101" lon="-121.104465"><ele>1248.0</ele><time>2025-08-31T00:36:16Z</time></trkpt><trkpt lat="47.537057" lon="-121.104437"><ele>1251.0</ele><time>2025-08-31T00:36:20Z</time></trkpt><trkpt lat="47.536981" lon="-121.104302"><ele>1252.0</ele><time>2025-08-31T00:36:28Z</time></trkpt><trkpt lat="47.537021" lon="-121.104179"><ele>1251.0</ele><time>2025-08-31T00:36:36Z</time></trkpt><trkpt lat="47.536963" lon="-121.104033"><ele>1248.0</ele><time>2025-08-31T00:36:43Z</time></trkpt><trkpt lat="47.536967" lon="-121.103993"><ele>1249.0</ele><time>2025-08-31T00:36:45Z</time></trkpt><trkpt lat="47.536937" lon="-121.104013"><ele>1248.0</ele><time>2025-08-31T00:36:51Z</time></trkpt><trkpt lat="47.536956" lon="-121.103951"><ele>1244.0</ele><time>2025-08-31T00:36:58Z</time></trkpt><trkpt lat="47.53693" lon="-121.103918"><ele>1245.0</ele><time>2025-08-31T00:37:02Z</time></trkpt><trkpt lat="47.53688" lon="-121.103817"><ele>1246.0</ele><time>2025-08-31T00:37:07Z</time></trkpt><trkpt lat="47.536864" lon="-121.103738"><ele>1244.0</ele><time>2025-08-31T00:37:12Z</time></trkpt><trkpt lat="47.536876" lon="-121.103702"><ele>1241.0</ele><time>2025-08-31T00:37:15Z</time></trkpt><trkpt lat="47.536864" lon="-121.103666"><ele>1242.0</ele><time>2025-08-31T00:37:17Z</time></trkpt><trkpt lat="47.536864" lon="-121.103588"><ele>1241.0</ele><time>2025-08-31T00:37:23Z</time></trkpt><trkpt lat="47.536845" lon="-121.103559"><ele>1240.0</ele><time>2025-08-31T00:37:27Z</time></trkpt><trkpt lat="47.536812" lon="-121.103536"><ele>1238.0</ele><time>2025-08-31T00:37:31Z</time></trkpt><trkpt lat="47.536791" lon="-121.10347"><ele>1235.0</ele><time>2025-08-31T00:37:36Z</time></trkpt><trkpt lat="47.536755" lon="-121.103456"><ele>1236.0</ele><time>2025-08-31T00:37:39Z</time></trkpt><trkpt lat="47.53673" lon="-121.103428"><ele>1236.0</ele><time>2025-08-31T00:37:41Z</time></trkpt><trkpt lat="47.53668" lon="-121.103338"><ele>1236.0</ele><time>2025-08-31T00:37:47Z</time></trkpt><trkpt lat="47.53667" lon="-121.103301"><ele>1233.0</ele><time>2025-08-31T00:37:50Z</time></trkpt><trkpt lat="47.536631" lon="-121.103246"><ele>1233.0</ele><time>2025-08-31T00:37:57Z</time></trkpt><trkpt lat="47.536598" lon="-121.103228"><ele>1232.0</ele><time>2025-08-31T00:38:01Z</time></trkpt><trkpt lat="47.53656" lon="-121.103227"><ele>1233.0</ele><time>2025-08-31T00:38:06Z</time></trkpt><trkpt lat="47.536531" lon="-121.103188"><ele>1234.2</ele><time>2025-08-31T00:38:08Z</time></trkpt><trkpt lat="47.536598" lon="-121.103172"><ele>1233.0</ele><time>2025-08-31T00:38:11Z</time></trkpt><trkpt lat="47.536623" lon="-121.103129"><ele>1232.0</ele><time>2025-08-31T00:38:15Z</time></trkpt><trkpt lat="47.536621" lon="-121.103091"><ele>1233.6</ele><time>2025-08-31T00:38:16Z</time></trkpt><trkpt lat="47.536505" lon="-121.102833"><ele>1230.0</ele><time>2025-08-31T00:38:27Z</time></trkpt><trkpt lat="47.536474" lon="-121.102852"><ele>1228.0</ele><time>2025-08-31T00:38:30Z</time></trkpt><trkpt lat="47.536439" lon="-121.102776"><ele>1228.0</ele><time>2025-08-31T00:38:35Z</time></trkpt><trkpt lat="47.536397" lon="-121.102761"><ele>1228.0</ele><time>2025-08-31T00:38:37Z</time></trkpt><trkpt lat="47.536394" lon="-121.102717"><ele>1228.0</ele><time>2025-08-31T00:38:43Z</time></trkpt><trkpt lat="47.536355" lon="-121.1027"><ele>1228.0</ele><time>2025-08-31T00:38:46Z</time></trkpt><trkpt lat="47.536329" lon="-121.102665"><ele>1228.0</ele><time>2025-08-31T00:38:48Z</time></trkpt><trkpt lat="47.536337" lon="-121.102635"><ele>1227.0</ele><time>2025-08-31T00:38:51Z</time></trkpt><trkpt lat="47.536327" lon="-121.1026"><ele>1228.0</ele><time>2025-08-31T00:38:53Z</time></trkpt><trkpt lat="47.536339" lon="-121.102532"><ele>1226.0</ele><time>2025-08-31T00:38:58Z</time></trkpt><trkpt lat="47.536302" lon="-121.1025"><ele>1227.2</ele><time>2025-08-31T00:39:02Z</time></trkpt><trkpt lat="47.536279" lon="-121.102387"><ele>1224.0</ele><time>2025-08-31T00:39:09Z</time></trkpt><trkpt lat="47.536272" lon="-121.102273"><ele>1222.0</ele><time>2025-08-31T00:39:16Z</time></trkpt><trkpt lat="47.536241" lon="-121.102268"><ele>1218.0</ele><time>2025-08-31T00:39:21Z</time></trkpt><trkpt lat="47.536242" lon="-121.10233"><ele>1222.5</ele><time>2025-08-31T00:39:29Z</time></trkpt><trkpt lat="47.536219" lon="-121.102236"><ele>1221.3</ele><time>2025-08-31T00:39:33Z</time></trkpt><trkpt lat="47.536184" lon="-121.102154"><ele>1219.0</ele><time>2025-08-31T00:39:37Z</time></trkpt><trkpt lat="47.5362" lon="-121.102098"><ele>1220.8</ele><time>2025-08-31T00:39:40Z</time></trkpt><trkpt lat="47.536239" lon="-121.102167"><ele>1220.7</ele><time>2025-08-31T00:39:41Z</time></trkpt><trkpt lat="47.53613" lon="-121.102077"><ele>1218.2</ele><time>2025-08-31T00:39:47Z</time></trkpt><trkpt lat="47.536152" lon="-121.102098"><ele>1218.0</ele><time>2025-08-31T00:39:48Z</time></trkpt><trkpt lat="47.536112" lon="-121.10197"><ele>1217.5</ele><time>2025-08-31T00:39:55Z</time></trkpt><trkpt lat="47.536104" lon="-121.101882"><ele>1214.0</ele><time>2025-08-31T00:40:01Z</time></trkpt><trkpt lat="47.536076" lon="-121.101842"><ele>1212.0</ele><time>2025-08-31T00:40:03Z</time></trkpt><trkpt lat="47.53603" lon="-121.101837"><ele>1212.0</ele><time>2025-08-31T00:40:06Z</time></trkpt><trkpt lat="47.536005" lon="-121.101801"><ele>1212.0</ele><time>2025-08-31T00:40:09Z</time></trkpt><trkpt lat="47.536009" lon="-121.101695"><ele>1210.0</ele><time>2025-08-31T00:40:15Z</time></trkpt><trkpt lat="47.535864" lon="-121.101599"><ele>1208.0</ele><time>2025-08-31T00:40:27Z</time></trkpt><trkpt lat="47.535792" lon="-121.101588"><ele>1210.0</ele><time>2025-08-31T00:40:31Z</time></trkpt><trkpt lat="47.535768" lon="-121.101557"><ele>1209.0</ele><time>2025-08-31T00:40:34Z</time></trkpt><trkpt lat="47.535757" lon="-121.101515"><ele>1212.4</ele><time>2025-08-31T00:40:36Z</time></trkpt><trkpt lat="47.535734" lon="-121.101548"><ele>1213.1</ele><time>2025-08-31T00:40:37Z</time></trkpt><trkpt lat="47.535741" lon="-121.101445"><ele>1212.0</ele><time>2025-08-31T00:40:42Z</time></trkpt><trkpt lat="47.535703" lon="-121.101373"><ele>1214.0</ele><time>2025-08-31T00:40:45Z</time></trkpt><trkpt lat="47.535714" lon="-121.101337"><ele>1214.7</ele><time>2025-08-31T00:40:47Z</time></trkpt><trkpt lat="47.535699" lon="-121.101241"><ele>1212.0</ele><time>2025-08-31T00:40:54Z</time></trkpt><trkpt lat="47.535755" lon="-121.101168"><ele>1211.0</ele><time>2025-08-31T00:40:57Z</time></trkpt><trkpt lat="47.535744" lon="-121.101114"><ele>1210.0</ele><time>2025-08-31T00:40:59Z</time></trkpt><trkpt lat="47.535761" lon="-121.101077"><ele>1208.0</ele><time>2025-08-31T00:41:02Z</time></trkpt><trkpt lat="47.535769" lon="-121.101112"><ele>1206.0</ele><time>2025-08-31T00:41:08Z</time></trkpt><trkpt lat="47.535792" lon="-121.101149"><ele>1201.0</ele><time>2025-08-31T00:41:34Z</time></trkpt><trkpt lat="47.535794" lon="-121.101106"><ele>1204.0</ele><time>2025-08-31T00:41:40Z</time></trkpt><trkpt lat="47.535737" lon="-121.101057"><ele>1201.0</ele><time>2025-08-31T00:41:44Z</time></trkpt><trkpt lat="47.535604" lon="-121.100851"><ele>1201.3</ele><time>2025-08-31T00:41:58Z</time></trkpt><trkpt lat="47.535609" lon="-121.100771"><ele>1200.0</ele><time>2025-08-31T00:42:04Z</time></trkpt><trkpt lat="47.535582" lon="-121.100734"><ele>1200.0</ele><time>2025-08-31T00:42:07Z</time></trkpt><trkpt lat="47.535561" lon="-121.100638"><ele>1198.0</ele><time>2025-08-31T00:42:12Z</time></trkpt><trkpt lat="47.535532" lon="-121.100579"><ele>1198.0</ele><time>2025-08-31T00:42:16Z</time></trkpt><trkpt lat="47.535533" lon="-121.100542"><ele>1197.0</ele><time>2025-08-31T00:42:18Z</time></trkpt><trkpt lat="47.535515" lon="-121.100512"><ele>1195.0</ele><time>2025-08-31T00:42:21Z</time></trkpt><trkpt lat="47.535454" lon="-121.100506"><ele>1195.0</ele><time>2025-08-31T00:42:26Z</time></trkpt><trkpt lat="47.535429" lon="-121.100488"><ele>1194.0</ele><time>2025-08-31T00:42:29Z</time></trkpt><trkpt lat="47.535388" lon="-121.100486"><ele>1196.3</ele><time>2025-08-31T00:42:32Z</time></trkpt><trkpt lat="47.535365" lon="-121.100415"><ele>1195.8</ele><time>2025-08-31T00:42:34Z</time></trkpt><trkpt lat="47.535396" lon="-121.100413"><ele>1196.0</ele><time>2025-08-31T00:42:35Z</time></trkpt><trkpt lat="47.535394" lon="-121.100348"><ele>1194.0</ele><time>2025-08-31T00:42:39Z</time></trkpt><trkpt lat="47.535431" lon="-121.100292"><ele>1194.0</ele><time>2025-08-31T00:42:44Z</time></trkpt><trkpt lat="47.535441" lon="-121.100241"><ele>1193.0</ele><time>2025-08-31T00:42:46Z</time></trkpt><trkpt lat="47.535401" lon="-121.100106"><ele>1188.0</ele><time>2025-08-31T00:42:54Z</time></trkpt><trkpt lat="47.535364" lon="-121.100078"><ele>1189.0</ele><time>2025-08-31T00:42:58Z</time></trkpt><trkpt lat="47.535344" lon="-121.100037"><ele>1188.0</ele><time>2025-08-31T00:43:00Z</time></trkpt><trkpt lat="47.535352" lon="-121.099992"><ele>1188.9</ele><time>2025-08-31T00:43:02Z</time></trkpt><trkpt lat="47.535321" lon="-121.09996"><ele>1188.0</ele><time>2025-08-31T00:43:04Z</time></trkpt><trkpt lat="47.535307" lon="-121.09989"><ele>1188.0</ele><time>2025-08-31T00:43:07Z</time></trkpt><trkpt lat="47.535264" lon="-121.099769"><ele>1185.0</ele><time>2025-08-31T00:43:16Z</time></trkpt><trkpt lat="47.535263" lon="-121.099706"><ele>1185.2</ele><time>2025-08-31T00:43:19Z</time></trkpt><trkpt lat="47.535237" lon="-121.099637"><ele>1182.0</ele><time>2025-08-31T00:43:23Z</time></trkpt><trkpt lat="47.535213" lon="-121.099668"><ele>1180.0</ele><time>2025-08-31T00:43:27Z</time></trkpt><trkpt lat="47.535219" lon="-121.099627"><ele>1180.0</ele><time>2025-08-31T00:43:30Z</time></trkpt><trkpt lat="47.535197" lon="-121.099598"><ele>1181.0</ele><time>2025-08-31T00:43:33Z</time></trkpt><trkpt lat="47.535156" lon="-121.099446"><ele>1179.0</ele><time>2025-08-31T00:43:42Z</time></trkpt><trkpt lat="47.535097" lon="-121.099397"><ele>1177.0</ele><time>2025-08-31T00:43:46Z</time></trkpt><trkpt lat="47.535098" lon="-121.099306"><ele>1176.0</ele><time>2025-08-31T00:43:51Z</time></trkpt><trkpt lat="47.535077" lon="-121.099191"><ele>1174.0</ele><time>2025-08-31T00:43:58Z</time></trkpt><trkpt lat="47.53503" lon="-121.099129"><ele>1173.0</ele><time>2025-08-31T00:44:02Z</time></trkpt><trkpt lat="47.535027" lon="-121.099084"><ele>1176.0</ele><time>2025-08-31T00:44:05Z</time></trkpt><trkpt lat="47.535041" lon="-121.09905"><ele>1174.0</ele><time>2025-08-31T00:44:06Z</time></trkpt><trkpt lat="47.535026" lon="-121.099015"><ele>1175.0</ele><time>2025-08-31T00:44:08Z</time></trkpt><trkpt lat="47.535014" lon="-121.098873"><ele>1172.5</ele><time>2025-08-31T00:44:19Z</time></trkpt><trkpt lat="47.534957" lon="-121.098804"><ele>1171.0</ele><time>2025-08-31T00:44:24Z</time></trkpt><trkpt lat="47.534954" lon="-121.098771"><ele>1170.0</ele><time>2025-08-31T00:44:26Z</time></trkpt><trkpt lat="47.534894" lon="-121.098729"><ele>1167.0</ele><time>2025-08-31T00:44:32Z</time></trkpt><trkpt lat="47.534855" lon="-121.098662"><ele>1168.0</ele><time>2025-08-31T00:44:36Z</time></trkpt><trkpt lat="47.534836" lon="-121.098426"><ele>1168.0</ele><time>2025-08-31T00:44:48Z</time></trkpt><trkpt lat="47.534791" lon="-121.098363"><ele>1168.0</ele><time>2025-08-31T00:44:53Z</time></trkpt><trkpt lat="47.53478" lon="-121.098333"><ele>1168.0</ele><time>2025-08-31T00:44:55Z</time></trkpt><trkpt lat="47.534812" lon="-121.098274"><ele>1165.0</ele><time>2025-08-31T00:45:00Z</time></trkpt><trkpt lat="47.534813" lon="-121.098213"><ele>1161.0</ele><time>2025-08-31T00:45:08Z</time></trkpt><trkpt lat="47.534805" lon="-121.098182"><ele>1160.0</ele><time>2025-08-31T00:45:10Z</time></trkpt><trkpt lat="47.534744" lon="-121.098079"><ele>1156.0</ele><time>2025-08-31T00:45:18Z</time></trkpt><trkpt lat="47.534772" lon="-121.098037"><ele>1154.0</ele><time>2025-08-31T00:45:21Z</time></trkpt><trkpt lat="47.534911" lon="-121.098172"><ele>1150.0</ele><time>2025-08-31T00:45:30Z</time></trkpt><trkpt lat="47.534947" lon="-121.098193"><ele>1150.0</ele><time>2025-08-31T00:45:32Z</time></trkpt><trkpt lat="47.535007" lon="-121.098271"><ele>1149.0</ele><time>2025-08-31T00:45:36Z</time></trkpt><trkpt lat="47.535048" lon="-121.098357"><ele>1149.0</ele><time>2025-08-31T00:45:40Z</time></trkpt><trkpt lat="47.535074" lon="-121.098387"><ele>1150.0</ele><time>2025-08-31T00:45:42Z</time></trkpt><trkpt lat="47.535159" lon="-121.098354"><ele>1149.0</ele><time>2025-08-31T00:45:46Z</time></trkpt><trkpt lat="47.535197" lon="-121.098358"><ele>1150.0</ele><time>2025-08-31T00:45:48Z</time></trkpt><trkpt lat="47.53521" lon="-121.098418"><ele>1150.0</ele><time>2025-08-31T00:45:50Z</time></trkpt><trkpt lat="47.535238" lon="-121.098444"><ele>1148.0</ele><time>2025-08-31T00:45:52Z</time></trkpt><trkpt lat="47.535286" lon="-121.098402"><ele>1146.0</ele><time>2025-08-31T00:45:54Z</time></trkpt><trkpt lat="47.535318" lon="-121.098418"><ele>1146.0</ele><time>2025-08-31T00:45:56Z</time></trkpt><trkpt lat="47.535411" lon="-121.098502"><ele>1144.0</ele><time>2025-08-31T00:46:04Z</time></trkpt><trkpt lat="47.535432" lon="-121.098535"><ele>1142.0</ele><time>2025-08-31T00:46:08Z</time></trkpt><trkpt lat="47.535415" lon="-121.098637"><ele>1142.0</ele><time>2025-08-31T00:46:14Z</time></trkpt><trkpt lat="47.535465" lon="-121.098701"><ele>1142.0</ele><time>2025-08-31T00:46:19Z</time></trkpt><trkpt lat="47.535545" lon="-121.098777"><ele>1143.0</ele><time>2025-08-31T00:46:25Z</time></trkpt><trkpt lat="47.535585" lon="-121.098779"><ele>1144.0</ele><time>2025-08-31T00:46:28Z</time></trkpt><trkpt lat="47.53565" lon="-121.098801"><ele>1143.0</ele><time>2025-08-31T00:46:32Z</time></trkpt><trkpt lat="47.535679" lon="-121.098791"><ele>1143.0</ele><time>2025-08-31T00:46:35Z</time></trkpt><trkpt lat="47.535736" lon="-121.098836"><ele>1143.0</ele><time>2025-08-31T00:46:40Z</time></trkpt><trkpt lat="47.53577" lon="-121.098904"><ele>1141.0</ele><time>2025-08-31T00:46:45Z</time></trkpt><trkpt lat="47.535775" lon="-121.09897"><ele>1140.0</ele><time>2025-08-31T00:46:53Z</time></trkpt><trkpt lat="47.535815" lon="-121.098945"><ele>1140.0</ele><time>2025-08-31T00:47:02Z</time></trkpt><trkpt lat="47.535853" lon="-121.09897"><ele>1139.3</ele><time>2025-08-31T00:47:06Z</time></trkpt><trkpt lat="47.535871" lon="-121.099026"><ele>1136.0</ele><time>2025-08-31T00:47:09Z</time></trkpt><trkpt lat="47.535899" lon="-121.099048"><ele>1137.0</ele><time>2025-08-31T00:47:13Z</time></trkpt><trkpt lat="47.535903" lon="-121.099079"><ele>1138.0</ele><time>2025-08-31T00:47:15Z</time></trkpt><trkpt lat="47.536035" lon="-121.099155"><ele>1136.0</ele><time>2025-08-31T00:47:25Z</time></trkpt><trkpt lat="47.536073" lon="-121.09922"><ele>1136.0</ele><time>2025-08-31T00:47:28Z</time></trkpt><trkpt lat="47.536158" lon="-121.099287"><ele>1134.0</ele><time>2025-08-31T00:47:34Z</time></trkpt><trkpt lat="47.536181" lon="-121.099327"><ele>1136.0</ele><time>2025-08-31T00:47:37Z</time></trkpt><trkpt lat="47.536255" lon="-121.099325"><ele>1134.0</ele><time>2025-08-31T00:47:43Z</time></trkpt><trkpt lat="47.536354" lon="-121.099363"><ele>1134.0</ele><time>2025-08-31T00:47:53Z</time></trkpt><trkpt lat="47.536303" lon="-121.09938"><ele>1136.2</ele><time>2025-08-31T00:48:00Z</time></trkpt><trkpt lat="47.536307" lon="-121.099421"><ele>1134.0</ele><time>2025-08-31T00:48:02Z</time></trkpt><trkpt lat="47.536419" lon="-121.099428"><ele>1134.0</ele><time>2025-08-31T00:48:14Z</time></trkpt><trkpt lat="47.536548" lon="-121.099512"><ele>1132.0</ele><time>2025-08-31T00:48:26Z</time></trkpt><trkpt lat="47.5366" lon="-121.099574"><ele>1132.0</ele><time>2025-08-31T00:48:31Z</time></trkpt><trkpt lat="47.536673" lon="-121.099578"><ele>1132.0</ele><time>2025-08-31T00:48:36Z</time></trkpt><trkpt lat="47.536693" lon="-121.099603"><ele>1132.0</ele><time>2025-08-31T00:48:38Z</time></trkpt><trkpt lat="47.536706" lon="-121.099641"><ele>1132.0</ele><time>2025-08-31T00:48:40Z</time></trkpt><trkpt lat="47.53673" lon="-121.099662"><ele>1132.0</ele><time>2025-08-31T00:48:41Z</time></trkpt><trkpt lat="47.536751" lon="-121.099709"><ele>1131.3</ele><time>2025-08-31T00:48:44Z</time></trkpt><trkpt lat="47.53674" lon="-121.099759"><ele>1130.0</ele><time>2025-08-31T00:48:49Z</time></trkpt><trkpt lat="47.53675" lon="-121.099869"><ele>1130.5</ele><time>2025-08-31T00:48:56Z</time></trkpt><trkpt lat="47.536776" lon="-121.09986"><ele>1131.0</ele><time>2025-08-31T00:48:58Z</time></trkpt><trkpt lat="47.53688" lon="-121.099881"><ele>1132.0</ele><time>2025-08-31T00:49:05Z</time></trkpt><trkpt lat="47.536918" lon="-121.099918"><ele>1132.0</ele><time>2025-08-31T00:49:08Z</time></trkpt><trkpt lat="47.537001" lon="-121.099906"><ele>1131.0</ele><time>2025-08-31T00:49:13Z</time></trkpt><trkpt lat="47.53707" lon="-121.099945"><ele>1130.0</ele><time>2025-08-31T00:49:21Z</time></trkpt><trkpt lat="47.537123" lon="-121.09993"><ele>1128.0</ele><time>2025-08-31T00:49:26Z</time></trkpt><trkpt lat="47.537126" lon="-121.099965"><ele>1128.0</ele><time>2025-08-31T00:49:28Z</time></trkpt><trkpt lat="47.537175" lon="-121.099984"><ele>1128.0</ele><time>2025-08-31T00:49:31Z</time></trkpt><trkpt lat="47.537307" lon="-121.100145"><ele>1126.0</ele><time>2025-08-31T00:49:47Z</time></trkpt><trkpt lat="47.537307" lon="-121.100197"><ele>1125.0</ele><time>2025-08-31T00:49:49Z</time></trkpt><trkpt lat="47.53736" lon="-121.100226"><ele>1124.0</ele><time>2025-08-31T00:49:58Z</time></trkpt><trkpt lat="47.53744" lon="-121.100192"><ele>1124.0</ele><time>2025-08-31T00:50:02Z</time></trkpt><trkpt lat="47.537479" lon="-121.100202"><ele>1124.0</ele><time>2025-08-31T00:50:05Z</time></trkpt><trkpt lat="47.537484" lon="-121.100139"><ele>1122.0</ele><time>2025-08-31T00:50:09Z</time></trkpt><trkpt lat="47.537533" lon="-121.100112"><ele>1123.0</ele><time>2025-08-31T00:50:15Z</time></trkpt><trkpt lat="47.537591" lon="-121.100107"><ele>1120.0</ele><time>2025-08-31T00:50:23Z</time></trkpt><trkpt lat="47.537618" lon="-121.100158"><ele>1116.0</ele><time>2025-08-31T00:50:29Z</time></trkpt><trkpt lat="47.537722" lon="-121.100274"><ele>1112.0</ele><time>2025-08-31T00:50:39Z</time></trkpt><trkpt lat="47.537793" lon="-121.100331"><ele>1114.0</ele><time>2025-08-31T00:50:45Z</time></trkpt><trkpt lat="47.537826" lon="-121.100309"><ele>1112.0</ele><time>2025-08-31T00:50:47Z</time></trkpt><trkpt lat="47.537846" lon="-121.100337"><ele>1112.0</ele><time>2025-08-31T00:50:49Z</time></trkpt><trkpt lat="47.537955" lon="-121.100426"><ele>1112.0</ele><time>2025-08-31T00:50:59Z</time></trkpt><trkpt lat="47.538014" lon="-121.100448"><ele>1110.0</ele><time>2025-08-31T00:51:06Z</time></trkpt><trkpt lat="47.538107" lon="-121.100504"><ele>1110.0</ele><time>2025-08-31T00:51:12Z</time></trkpt><trkpt lat="47.538162" lon="-121.100478"><ele>1109.0</ele><time>2025-08-31T00:51:15Z</time></trkpt><trkpt lat="47.538198" lon="-121.100448"><ele>1106.0</ele><time>2025-08-31T00:51:21Z</time></trkpt><trkpt lat="47.538252" lon="-121.100453"><ele>1104.0</ele><time>2025-08-31T00:51:24Z</time></trkpt><trkpt lat="47.538305" lon="-121.100478"><ele>1104.0</ele><time>2025-08-31T00:51:28Z</time></trkpt><trkpt lat="47.538346" lon="-121.100568"><ele>1104.0</ele><time>2025-08-31T00:51:32Z</time></trkpt><trkpt lat="47.538392" lon="-121.10057"><ele>1099.0</ele><time>2025-08-31T00:51:37Z</time></trkpt><trkpt lat="47.538417" lon="-121.100552"><ele>1100.0</ele><time>2025-08-31T00:51:42Z</time></trkpt><trkpt lat="47.538464" lon="-121.100662"><ele>1096.0</ele><time>2025-08-31T00:51:53Z</time></trkpt><trkpt lat="47.538501" lon="-121.100664"><ele>1097.0</ele><time>2025-08-31T00:51:55Z</time></trkpt><trkpt lat="47.538551" lon="-121.100724"><ele>1096.0</ele><time>2025-08-31T00:51:59Z</time></trkpt><trkpt lat="47.538587" lon="-121.100741"><ele>1095.0</ele><time>2025-08-31T00:52:02Z</time></trkpt><trkpt lat="47.538654" lon="-121.10068"><ele>1092.0</ele><time>2025-08-31T00:52:07Z</time></trkpt><trkpt lat="47.538677" lon="-121.100701"><ele>1092.0</ele><time>2025-08-31T00:52:11Z</time></trkpt><trkpt lat="47.538683" lon="-121.100737"><ele>1091.0</ele><time>2025-08-31T00:52:14Z</time></trkpt><trkpt lat="47.538717" lon="-121.100745"><ele>1091.0</ele><time>2025-08-31T00:52:17Z</time></trkpt><trkpt lat="47.538771" lon="-121.100737"><ele>1090.0</ele><time>2025-08-31T00:52:20Z</time></trkpt><trkpt lat="47.538858" lon="-121.100847"><ele>1090.8</ele><time>2025-08-31T00:52:25Z</time></trkpt><trkpt lat="47.538869" lon="-121.10088"><ele>1086.0</ele><time>2025-08-31T00:52:29Z</time></trkpt><trkpt lat="47.538968" lon="-121.100906"><ele>1090.2</ele><time>2025-08-31T00:52:35Z</time></trkpt><trkpt lat="47.539005" lon="-121.100883"><ele>1089.0</ele><time>2025-08-31T00:52:37Z</time></trkpt><trkpt lat="47.539069" lon="-121.100915"><ele>1088.0</ele><time>2025-08-31T00:52:41Z</time></trkpt><trkpt lat="47.539064" lon="-121.100863"><ele>1088.4</ele><time>2025-08-31T00:52:43Z</time></trkpt><trkpt lat="47.539103" lon="-121.100884"><ele>1086.0</ele><time>2025-08-31T00:52:44Z</time></trkpt><trkpt lat="47.539133" lon="-121.100918"><ele>1084.0</ele><time>2025-08-31T00:52:47Z</time></trkpt><trkpt lat="47.539173" lon="-121.100943"><ele>1084.0</ele><time>2025-08-31T00:52:52Z</time></trkpt><trkpt lat="47.5392" lon="-121.101005"><ele>1083.0</ele><time>2025-08-31T00:52:56Z</time></trkpt><trkpt lat="47.539229" lon="-121.101036"><ele>1083.0</ele><time>2025-08-31T00:52:59Z</time></trkpt><trkpt lat="47.539237" lon="-121.101073"><ele>1083.0</ele><time>2025-08-31T00:53:01Z</time></trkpt><trkpt lat="47.539302" lon="-121.101097"><ele>1080.0</ele><time>2025-08-31T00:53:08Z</time></trkpt><trkpt lat="47.53935" lon="-121.101093"><ele>1080.0</ele><time>2025-08-31T00:53:12Z</time></trkpt><trkpt lat="47.539421" lon="-121.101106"><ele>1081.0</ele><time>2025-08-31T00:53:17Z</time></trkpt><trkpt lat="47.539459" lon="-121.101092"><ele>1082.0</ele><time>2025-08-31T00:53:19Z</time></trkpt><trkpt lat="47.539503" lon="-121.101115"><ele>1080.0</ele><time>2025-08-31T00:53:23Z</time></trkpt><trkpt lat="47.53952" lon="-121.101038"><ele>1078.0</ele><time>2025-08-31T00:53:30Z</time></trkpt><trkpt lat="47.539565" lon="-121.101047"><ele>1078.0</ele><time>2025-08-31T00:53:33Z</time></trkpt><trkpt lat="47.539629" lon="-121.101144"><ele>1079.7</ele><time>2025-08-31T00:53:40Z</time></trkpt><trkpt lat="47.53972" lon="-121.10111"><ele>1076.0</ele><time>2025-08-31T00:53:45Z</time></trkpt><trkpt lat="47.539757" lon="-121.10107"><ele>1074.0</ele><time>2025-08-31T00:53:48Z</time></trkpt><trkpt lat="47.539756" lon="-121.101025"><ele>1075.0</ele><time>2025-08-31T00:53:51Z</time></trkpt><trkpt lat="47.53973" lon="-121.10099"><ele>1074.0</ele><time>2025-08-31T00:53:53Z</time></trkpt><trkpt lat="47.539706" lon="-121.10087"><ele>1074.0</ele><time>2025-08-31T00:53:56Z</time></trkpt><trkpt lat="47.539671" lon="-121.10082"><ele>1072.0</ele><time>2025-08-31T00:54:00Z</time></trkpt><trkpt lat="47.539606" lon="-121.100688"><ele>1070.4</ele><time>2025-08-31T00:54:10Z</time></trkpt><trkpt lat="47.539615" lon="-121.100572"><ele>1067.0</ele><time>2025-08-31T00:54:16Z</time></trkpt><trkpt lat="47.539568" lon="-121.100392"><ele>1068.0</ele><time>2025-08-31T00:54:33Z</time></trkpt><trkpt lat="47.539565" lon="-121.100446"><ele>1068.0</ele><time>2025-08-31T00:54:34Z</time></trkpt><trkpt lat="47.539554" lon="-121.100295"><ele>1067.0</ele><time>2025-08-31T00:54:40Z</time></trkpt><trkpt lat="47.539488" lon="-121.100106"><ele>1064.0</ele><time>2025-08-31T00:54:52Z</time></trkpt><trkpt lat="47.539464" lon="-121.100082"><ele>1064.0</ele><time>2025-08-31T00:54:55Z</time></trkpt><trkpt lat="47.539396" lon="-121.100056"><ele>1064.0</ele><time>2025-08-31T00:55:00Z</time></trkpt><trkpt lat="47.539363" lon="-121.100032"><ele>1064.0</ele><time>2025-08-31T00:55:02Z</time></trkpt><trkpt lat="47.539302" lon="-121.099914"><ele>1063.0</ele><time>2025-08-31T00:55:10Z</time></trkpt><trkpt lat="47.539227" lon="-121.09985"><ele>1061.0</ele><time>2025-08-31T00:55:21Z</time></trkpt><trkpt lat="47.5392" lon="-121.099806"><ele>1062.0</ele><time>2025-08-31T00:55:26Z</time></trkpt><trkpt lat="47.539199" lon="-121.09975"><ele>1062.0</ele><time>2025-08-31T00:55:31Z</time></trkpt><trkpt lat="47.53918" lon="-121.099708"><ele>1060.0</ele><time>2025-08-31T00:55:34Z</time></trkpt><trkpt lat="47.53914" lon="-121.099706"><ele>1061.0</ele><time>2025-08-31T00:55:38Z</time></trkpt><trkpt lat="47.539119" lon="-121.099657"><ele>1061.0</ele><time>2025-08-31T00:55:40Z</time></trkpt><trkpt lat="47.539116" lon="-121.099586"><ele>1060.0</ele><time>2025-08-31T00:55:42Z</time></trkpt><trkpt lat="47.539067" lon="-121.099455"><ele>1060.0</ele><time>2025-08-31T00:55:48Z</time></trkpt><trkpt lat="47.539042" lon="-121.099415"><ele>1060.0</ele><time>2025-08-31T00:55:51Z</time></trkpt><trkpt lat="47.538992" lon="-121.099372"><ele>1059.0</ele><time>2025-08-31T00:55:57Z</time></trkpt><trkpt lat="47.53899" lon="-121.099316"><ele>1059.8</ele><time>2025-08-31T00:55:59Z</time></trkpt><trkpt lat="47.538966" lon="-121.099263"><ele>1058.0</ele><time>2025-08-31T00:56:05Z</time></trkpt><trkpt lat="47.539009" lon="-121.09922"><ele>1056.0</ele><time>2025-08-31T00:56:11Z</time></trkpt><trkpt lat="47.539057" lon="-121.099294"><ele>1056.0</ele><time>2025-08-31T00:56:16Z</time></trkpt><trkpt lat="47.539069" lon="-121.099346"><ele>1056.0</ele><time>2025-08-31T00:56:18Z</time></trkpt><trkpt lat="47.539135" lon="-121.099392"><ele>1053.0</ele><time>2025-08-31T00:56:23Z</time></trkpt><trkpt lat="47.539195" lon="-121.09947"><ele>1054.0</ele><time>2025-08-31T00:56:30Z</time></trkpt><trkpt lat="47.539266" lon="-121.099589"><ele>1056.0</ele><time>2025-08-31T00:56:37Z</time></trkpt><trkpt lat="47.539292" lon="-121.09956"><ele>1056.0</ele><time>2025-08-31T00:56:40Z</time></trkpt><trkpt lat="47.539331" lon="-121.099559"><ele>1056.0</ele><time>2025-08-31T00:56:43Z</time></trkpt><trkpt lat="47.539386" lon="-121.099609"><ele>1055.0</ele><time>2025-08-31T00:56:46Z</time></trkpt><trkpt lat="47.539418" lon="-121.099663"><ele>1056.0</ele><time>2025-08-31T00:56:51Z</time></trkpt><trkpt lat="47.5395" lon="-121.099624"><ele>1056.1</ele><time>2025-08-31T00:56:55Z</time></trkpt><trkpt lat="47.539516" lon="-121.099633"><ele>1054.0</ele><time>2025-08-31T00:56:57Z</time></trkpt><trkpt lat="47.539588" lon="-121.099641"><ele>1053.0</ele><time>2025-08-31T00:57:02Z</time></trkpt><trkpt lat="47.539605" lon="-121.099667"><ele>1050.0</ele><time>2025-08-31T00:57:06Z</time></trkpt><trkpt lat="47.5396" lon="-121.099697"><ele>1053.0</ele><time>2025-08-31T00:57:10Z</time></trkpt><trkpt lat="47.539647" lon="-121.09975"><ele>1052.0</ele><time>2025-08-31T00:57:16Z</time></trkpt><trkpt lat="47.539699" lon="-121.099723"><ele>1053.0</ele><time>2025-08-31T00:57:19Z</time></trkpt><trkpt lat="47.539727" lon="-121.099741"><ele>1052.0</ele><time>2025-08-31T00:57:22Z</time></trkpt><trkpt lat="47.539764" lon="-121.09973"><ele>1053.0</ele><time>2025-08-31T00:57:26Z</time></trkpt><trkpt lat="47.539825" lon="-121.099785"><ele>1052.0</ele><time>2025-08-31T00:57:33Z</time></trkpt><trkpt lat="47.539888" lon="-121.099751"><ele>1051.0</ele><time>2025-08-31T00:57:38Z</time></trkpt><trkpt lat="47.539904" lon="-121.099779"><ele>1050.0</ele><time>2025-08-31T00:57:45Z</time></trkpt><trkpt lat="47.539948" lon="-121.099806"><ele>1049.0</ele><time>2025-08-31T00:57:50Z</time></trkpt><trkpt lat="47.540046" lon="-121.099779"><ele>1046.0</ele><time>2025-08-31T00:57:55Z</time></trkpt><trkpt lat="47.540081" lon="-121.099782"><ele>1047.0</ele><time>2025-08-31T00:57:58Z</time></trkpt><trkpt lat="47.540132" lon="-121.099837"><ele>1044.0</ele><time>2025-08-31T00:58:04Z</time></trkpt><trkpt lat="47.540177" lon="-121.099803"><ele>1045.6</ele><time>2025-08-31T00:58:08Z</time></trkpt><trkpt lat="47.540195" lon="-121.09983"><ele>1044.0</ele><time>2025-08-31T00:58:10Z</time></trkpt><trkpt lat="47.540243" lon="-121.099839"><ele>1042.0</ele><time>2025-08-31T00:58:13Z</time></trkpt><trkpt lat="47.540275" lon="-121.099857"><ele>1043.0</ele><time>2025-08-31T00:58:16Z</time></trkpt><trkpt lat="47.540313" lon="-121.099835"><ele>1042.0</ele><time>2025-08-31T00:58:18Z</time></trkpt><trkpt lat="47.540351" lon="-121.099842"><ele>1041.0</ele><time>2025-08-31T00:58:20Z</time></trkpt><trkpt lat="47.540389" lon="-121.099834"><ele>1036.0</ele><time>2025-08-31T00:58:25Z</time></trkpt><trkpt lat="47.540421" lon="-121.099792"><ele>1039.0</ele><time>2025-08-31T00:58:30Z</time></trkpt><trkpt lat="47.540463" lon="-121.099815"><ele>1039.0</ele><time>2025-08-31T00:58:33Z</time></trkpt><trkpt lat="47.540525" lon="-121.099732"><ele>1038.5</ele><time>2025-08-31T00:58:39Z</time></trkpt><trkpt lat="47.540547" lon="-121.099739"><ele>1037.0</ele><time>2025-08-31T00:58:41Z</time></trkpt><trkpt lat="47.540568" lon="-121.0997"><ele>1036.0</ele><time>2025-08-31T00:58:45Z</time></trkpt><trkpt lat="47.540557" lon="-121.099608"><ele>1035.0</ele><time>2025-08-31T00:58:48Z</time></trkpt><trkpt lat="47.540564" lon="-121.099578"><ele>1035.0</ele><time>2025-08-31T00:58:51Z</time></trkpt><trkpt lat="47.540594" lon="-121.09953"><ele>1034.0</ele><time>2025-08-31T00:58:55Z</time></trkpt><trkpt lat="47.540613" lon="-121.099477"><ele>1034.0</ele><time>2025-08-31T00:58:57Z</time></trkpt><trkpt lat="47.540639" lon="-121.099454"><ele>1032.0</ele><time>2025-08-31T00:58:59Z</time></trkpt><trkpt lat="47.540676" lon="-121.099439"><ele>1032.0</ele><time>2025-08-31T00:59:02Z</time></trkpt><trkpt lat="47.540716" lon="-121.099509"><ele>1032.0</ele><time>2025-08-31T00:59:08Z</time></trkpt><trkpt lat="47.54078" lon="-121.099456"><ele>1032.0</ele><time>2025-08-31T00:59:15Z</time></trkpt><trkpt lat="47.540762" lon="-121.099431"><ele>1033.0</ele><time>2025-08-31T00:59:16Z</time></trkpt><trkpt lat="47.5408" lon="-121.099434"><ele>1032.0</ele><time>2025-08-31T00:59:18Z</time></trkpt><trkpt lat="47.54082" lon="-121.099404"><ele>1030.0</ele><time>2025-08-31T00:59:21Z</time></trkpt><trkpt lat="47.540858" lon="-121.099423"><ele>1031.0</ele><time>2025-08-31T00:59:23Z</time></trkpt><trkpt lat="47.540885" lon="-121.099464"><ele>1032.0</ele><time>2025-08-31T00:59:26Z</time></trkpt><trkpt lat="47.54087" lon="-121.099553"><ele>1033.6</ele><time>2025-08-31T00:59:31Z</time></trkpt><trkpt lat="47.540901" lon="-121.099559"><ele>1032.0</ele><time>2025-08-31T00:59:33Z</time></trkpt><trkpt lat="47.540931" lon="-121.09953"><ele>1033.0</ele><time>2025-08-31T00:59:39Z</time></trkpt><trkpt lat="47.540979" lon="-121.099509"><ele>1031.0</ele><time>2025-08-31T00:59:43Z</time></trkpt><trkpt lat="47.541013" lon="-121.099468"><ele>1031.5</ele><time>2025-08-31T00:59:45Z</time></trkpt><trkpt lat="47.54113" lon="-121.099421"><ele>1029.0</ele><time>2025-08-31T00:59:54Z</time></trkpt><trkpt lat="47.541154" lon="-121.099304"><ele>1030.0</ele><time>2025-08-31T01:00:01Z</time></trkpt><trkpt lat="47.541147" lon="-121.099187"><ele>1029.0</ele><time>2025-08-31T01:00:07Z</time></trkpt><trkpt lat="47.541202" lon="-121.099056"><ele>1026.0</ele><time>2025-08-31T01:00:15Z</time></trkpt><trkpt lat="47.541202" lon="-121.098917"><ele>1026.0</ele><time>2025-08-31T01:00:21Z</time></trkpt><trkpt lat="47.541229" lon="-121.09884"><ele>1026.0</ele><time>2025-08-31T01:00:25Z</time></trkpt><trkpt lat="47.5413" lon="-121.098796"><ele>1027.0</ele><time>2025-08-31T01:00:31Z</time></trkpt><trkpt lat="47.541341" lon="-121.098841"><ele>1027.0</ele><time>2025-08-31T01:00:35Z</time></trkpt><trkpt lat="47.541416" lon="-121.098797"><ele>1026.0</ele><time>2025-08-31T01:00:40Z</time></trkpt><trkpt lat="47.541464" lon="-121.098882"><ele>1028.0</ele><time>2025-08-31T01:00:47Z</time></trkpt><trkpt lat="47.541479" lon="-121.098891"><ele>1026.0</ele><time>2025-08-31T01:00:51Z</time></trkpt><trkpt lat="47.541569" lon="-121.09889"><ele>1027.2</ele><time>2025-08-31T01:00:53Z</time></trkpt><trkpt lat="47.541587" lon="-121.098864"><ele>1026.0</ele><time>2025-08-31T01:00:55Z</time></trkpt><trkpt lat="47.541637" lon="-121.098856"><ele>1026.0</ele><time>2025-08-31T01:00:57Z</time></trkpt><trkpt lat="47.541673" lon="-121.098786"><ele>1026.3</ele><time>2025-08-31T01:00:59Z</time></trkpt><trkpt lat="47.541641" lon="-121.098729"><ele>1026.0</ele><time>2025-08-31T01:01:01Z</time></trkpt><trkpt lat="47.541755" lon="-121.098594"><ele>1024.0</ele><time>2025-08-31T01:01:09Z</time></trkpt><trkpt lat="47.541767" lon="-121.098547"><ele>1026.0</ele><time>2025-08-31T01:01:11Z</time></trkpt><trkpt lat="47.541806" lon="-121.098483"><ele>1028.0</ele><time>2025-08-31T01:01:15Z</time></trkpt><trkpt lat="47.541813" lon="-121.098429"><ele>1028.0</ele><time>2025-08-31T01:01:17Z</time></trkpt><trkpt lat="47.541868" lon="-121.098276"><ele>1026.0</ele><time>2025-08-31T01:01:28Z</time></trkpt><trkpt lat="47.541882" lon="-121.098103"><ele>1025.0</ele><time>2025-08-31T01:01:36Z</time></trkpt><trkpt lat="47.541877" lon="-121.098059"><ele>1027.0</ele><time>2025-08-31T01:01:38Z</time></trkpt><trkpt lat="47.541906" lon="-121.098039"><ele>1026.0</ele><time>2025-08-31T01:01:39Z</time></trkpt><trkpt lat="47.541975" lon="-121.098052"><ele>1023.0</ele><time>2025-08-31T01:01:43Z</time></trkpt><trkpt lat="47.542009" lon="-121.098024"><ele>1026.0</ele><time>2025-08-31T01:01:45Z</time></trkpt><trkpt lat="47.542016" lon="-121.097972"><ele>1025.7</ele><time>2025-08-31T01:01:47Z</time></trkpt><trkpt lat="47.542055" lon="-121.097907"><ele>1026.0</ele><time>2025-08-31T01:01:50Z</time></trkpt><trkpt lat="47.542084" lon="-121.09789"><ele>1026.0</ele><time>2025-08-31T01:01:52Z</time></trkpt><trkpt lat="47.542122" lon="-121.097897"><ele>1026.0</ele><time>2025-08-31T01:01:54Z</time></trkpt><trkpt lat="47.542161" lon="-121.09792"><ele>1026.0</ele><time>2025-08-31T01:01:56Z</time></trkpt><trkpt lat="47.542245" lon="-121.097838"><ele>1026.0</ele><time>2025-08-31T01:02:07Z</time></trkpt><trkpt lat="47.542281" lon="-121.09776"><ele>1027.0</ele><time>2025-08-31T01:02:16Z</time></trkpt><trkpt lat="47.542318" lon="-121.097762"><ele>1027.1</ele><time>2025-08-31T01:02:18Z</time></trkpt><trkpt lat="47.542376" lon="-121.097815"><ele>1024.0</ele><time>2025-08-31T01:02:22Z</time></trkpt><trkpt lat="47.542444" lon="-121.097914"><ele>1023.0</ele><time>2025-08-31T01:02:26Z</time></trkpt><trkpt lat="47.542595" lon="-121.097877"><ele>1024.0</ele><time>2025-08-31T01:02:36Z</time></trkpt><trkpt lat="47.542686" lon="-121.097872"><ele>1022.0</ele><time>2025-08-31T01:02:44Z</time></trkpt><trkpt lat="47.542714" lon="-121.097854"><ele>1022.0</ele><time>2025-08-31T01:02:47Z</time></trkpt><trkpt lat="47.542746" lon="-121.097853"><ele>1020.0</ele><time>2025-08-31T01:02:51Z</time></trkpt><trkpt lat="47.54276" lon="-121.097888"><ele>1022.0</ele><time>2025-08-31T01:02:55Z</time></trkpt><trkpt lat="47.542754" lon="-121.097941"><ele>1021.0</ele><time>2025-08-31T01:02:57Z</time></trkpt><trkpt lat="47.542763" lon="-121.097875"><ele>1022.0</ele><time>2025-08-31T01:03:04Z</time></trkpt><trkpt lat="47.542759" lon="-121.09781"><ele>1022.0</ele><time>2025-08-31T01:03:06Z</time></trkpt><trkpt lat="47.542783" lon="-121.097745"><ele>1022.0</ele><time>2025-08-31T01:03:14Z</time></trkpt><trkpt lat="47.542769" lon="-121.097703"><ele>1023.0</ele><time>2025-08-31T01:03:20Z</time></trkpt><trkpt lat="47.542757" lon="-121.097803"><ele>1023.0</ele><time>2025-08-31T01:03:25Z</time></trkpt><trkpt lat="47.542766" lon="-121.097901"><ele>1022.0</ele><time>2025-08-31T01:03:32Z</time></trkpt><trkpt lat="47.542754" lon="-121.097926"><ele>1023.7</ele><time>2025-08-31T01:03:37Z</time></trkpt><trkpt lat="47.542793" lon="-121.097889"><ele>1023.0</ele><time>2025-08-31T01:03:40Z</time></trkpt><trkpt lat="47.542807" lon="-121.097846"><ele>1024.1</ele><time>2025-08-31T01:03:42Z</time></trkpt><trkpt lat="47.542797" lon="-121.097816"><ele>1024.4</ele><time>2025-08-31T01:03:43Z</time></trkpt><trkpt lat="47.542844" lon="-121.097776"><ele>1023.0</ele><time>2025-08-31T01:03:47Z</time></trkpt><trkpt lat="47.542887" lon="-121.097778"><ele>1023.0</ele><time>2025-08-31T01:03:50Z</time></trkpt><trkpt lat="47.542954" lon="-121.097743"><ele>1026.0</ele><time>2025-08-31T01:03:54Z</time></trkpt><trkpt lat="47.54299" lon="-121.097736"><ele>1026.0</ele><time>2025-08-31T01:03:56Z</time></trkpt><trkpt lat="47.543091" lon="-121.097666"><ele>1025.0</ele><time>2025-08-31T01:04:06Z</time></trkpt><trkpt lat="47.54315" lon="-121.097687"><ele>1024.0</ele><time>2025-08-31T01:04:11Z</time></trkpt><trkpt lat="47.543173" lon="-121.097723"><ele>1024.0</ele><time>2025-08-31T01:04:13Z</time></trkpt><trkpt lat="47.543236" lon="-121.097621"><ele>1025.0</ele><time>2025-08-31T01:04:24Z</time></trkpt><trkpt lat="47.543236" lon="-121.097579"><ele>1027.0</ele><time>2025-08-31T01:04:29Z</time></trkpt><trkpt lat="47.54325" lon="-121.097555"><ele>1026.0</ele><time>2025-08-31T01:04:30Z</time></trkpt><trkpt lat="47.543238" lon="-121.097576"><ele>1026.0</ele><time>2025-08-31T01:04:34Z</time></trkpt><trkpt lat="47.543278" lon="-121.097517"><ele>1024.0</ele><time>2025-08-31T01:04:37Z</time></trkpt><trkpt lat="47.543308" lon="-121.097491"><ele>1025.0</ele><time>2025-08-31T01:04:39Z</time></trkpt><trkpt lat="47.54335" lon="-121.097473"><ele>1024.0</ele><time>2025-08-31T01:04:42Z</time></trkpt><trkpt lat="47.543373" lon="-121.09744"><ele>1026.0</ele><time>2025-08-31T01:04:45Z</time></trkpt><trkpt lat="47.54338" lon="-121.097287"><ele>1026.0</ele><time>2025-08-31T01:04:56Z</time></trkpt><trkpt lat="47.543432" lon="-121.097121"><ele>1024.0</ele><time>2025-08-31T01:05:08Z</time></trkpt><trkpt lat="47.543451" lon="-121.097005"><ele>1025.0</ele><time>2025-08-31T01:05:15Z</time></trkpt><trkpt lat="47.543468" lon="-121.096967"><ele>1024.0</ele><time>2025-08-31T01:05:17Z</time></trkpt><trkpt lat="47.543502" lon="-121.096943"><ele>1026.3</ele><time>2025-08-31T01:05:21Z</time></trkpt></trkseg></trk></gpx>