<?xml version="1.0" ?><gpx xmlns="http://www.topografix.com/GPX/1/1" creator="GaiaGPS" version="1.1" xmlns:xsi="http://www.w3.org/2001/XMLSchema-instance" xsi:schemaLocation="http://www.topografix.com/GPX/1/1 http://www.topografix.com/GPX/1/1/gpx.xsd"><trk><name>Cascade Pass &amp; Sahale Arm</name><desc></desc><extensions><line xmlns="http://www.topografix.com/GPX/gpx_style/0/2"><color>5726C2</color></line></extensions><trkseg><trkpt lat="48.474502" lon="-121.076539"><ele>1073.8</ele><time>2025-07-26T15:08:55Z</time></trkpt><trkpt lat="48.474524" lon="-121.076396"><ele>1075.1</ele><time>2025-07-26T15:09:04Z</time></trkpt><trkpt lat="48.474583" lon="-121.076287"><ele>1074.0</ele><time>2025-07-26T15:09:12Z</time></trkpt><trkpt lat="48.474665" lon="-121.076222"><ele>1077.0</ele><time>2025-07-26T15:09:20Z</time></trkpt><trkpt lat="48.474701" lon="-121.076219"><ele>1076.0</ele><time>2025-07-26T15:09:23Z</time></trkpt><trkpt lat="48.474814" lon="-121.076249"><ele>1080.0</ele><time>2025-07-26T15:09:34Z</time></trkpt><trkpt lat="48.47485" lon="-121.076249"><ele>1080.0</ele><time>2025-07-26T15:09:37Z</time></trkpt><trkpt lat="48.474917" lon="-121.076281"><ele>1082.0</ele><time>2025-07-26T15:09:43Z</time></trkpt><trkpt lat="48.47508" lon="-121.076324"><ele>1085.0</ele><time>2025-07-26T15:09:58Z</time></trkpt><trkpt lat="48.475097" lon="-121.076349"><ele>1084.0</ele><time>2025-07-26T15:10:00Z</time></trkpt><trkpt lat="48.475379" lon="-121.076411"><ele>1092.0</ele><time>2025-07-26T15:10:27Z</time></trkpt><trkpt lat="48.475458" lon="-121.076398"><ele>1091.0</ele><time>2025-07-26T15:10:34Z</time></trkpt><trkpt lat="48.475494" lon="-121.076411"><ele>1092.0</ele><time>2025-07-26T15:10:37Z</time></trkpt><trkpt lat="48.475555" lon="-121.076406"><ele>1094.0</ele><time>2025-07-26T15:10:42Z</time></trkpt><trkpt lat="48.47561" lon="-121.076389"><ele>1094.0</ele><time>2025-07-26T15:10:49Z</time></trkpt><trkpt lat="48.475753" lon="-121.076415"><ele>1095.0</ele><time>2025-07-26T15:11:02Z</time></trkpt><trkpt lat="48.475849" lon="-121.076409"><ele>1096.0</ele><time>2025-07-26T15:11:11Z</time></trkpt><trkpt lat="48.475911" lon="-121.076382"><ele>1096.0</ele><time>2025-07-26T15:11:18Z</time></trkpt><trkpt lat="48.475942" lon="-121.076356"><ele>1098.0</ele><time>2025-07-26T15:11:21Z</time></trkpt><trkpt lat="48.475966" lon="-121.076308"><ele>1095.0</ele><time>2025-07-26T15:11:25Z</time></trkpt><trkpt lat="48.476006" lon="-121.076286"><ele>1099.0</ele><time>2025-07-26T15:11:29Z</time></trkpt><trkpt lat="48.476036" lon="-121.076237"><ele>1098.0</ele><time>2025-07-26T15:11:33Z</time></trkpt><trkpt lat="48.476081" lon="-121.076197"><ele>1099.0</ele><time>2025-07-26T15:11:38Z</time></trkpt><trkpt lat="48.476118" lon="-121.076087"><ele>1101.0</ele><time>2025-07-26T15:11:45Z</time></trkpt><trkpt lat="48.4761" lon="-121.075939"><ele>1103.0</ele><time>2025-07-26T15:11:53Z</time></trkpt><trkpt lat="48.476103" lon="-121.075899"><ele>1102.0</ele><time>2025-07-26T15:11:55Z</time></trkpt><trkpt lat="48.476066" lon="-121.075795"><ele>1103.0</ele><time>2025-07-26T15:12:02Z</time></trkpt><trkpt lat="48.476042" lon="-121.075768"><ele>1101.0</ele><time>2025-07-26T15:12:05Z</time></trkpt><trkpt lat="48.475953" lon="-121.075685"><ele>1104.0</ele><time>2025-07-26T15:12:13Z</time></trkpt><trkpt lat="48.475911" lon="-121.075683"><ele>1106.0</ele><time>2025-07-26T15:12:14Z</time></trkpt><trkpt lat="48.475896" lon="-121.075709"><ele>1106.0</ele><time>2025-07-26T15:12:16Z</time></trkpt><trkpt lat="48.475855" lon="-121.075714"><ele>1107.0</ele><time>2025-07-26T15:12:18Z</time></trkpt><trkpt lat="48.475817" lon="-121.075684"><ele>1107.0</ele><time>2025-07-26T15:12:23Z</time></trkpt><trkpt lat="48.475775" lon="-121.075679"><ele>1109.7</ele><time>2025-07-26T15:12:28Z</time></trkpt><trkpt lat="48.475681" lon="-121.075636"><ele>1110.0</ele><time>2025-07-26T15:12:37Z</time></trkpt><trkpt lat="48.475646" lon="-121.075578"><ele>1109.0</ele><time>2025-07-26T15:12:42Z</time></trkpt><trkpt lat="48.475643" lon="-121.075475"><ele>1108.0</ele><time>2025-07-26T15:12:49Z</time></trkpt><trkpt lat="48.475612" lon="-121.075324"><ele>1107.0</ele><time>2025-07-26T15:12:57Z</time></trkpt><trkpt lat="48.475594" lon="-121.07529"><ele>1109.0</ele><time>2025-07-26T15:13:00Z</time></trkpt><trkpt lat="48.475545" lon="-121.075124"><ele>1108.0</ele><time>2025-07-26T15:13:47Z</time></trkpt><trkpt lat="48.475521" lon="-121.075102"><ele>1110.0</ele><time>2025-07-26T15:14:33Z</time></trkpt><trkpt lat="48.475531" lon="-121.075016"><ele>1109.0</ele><time>2025-07-26T15:14:40Z</time></trkpt><trkpt lat="48.475505" lon="-121.074853"><ele>1110.0</ele><time>2025-07-26T15:14:49Z</time></trkpt><trkpt lat="48.475523" lon="-121.074907"><ele>1114.0</ele><time>2025-07-26T15:14:53Z</time></trkpt><trkpt lat="48.475529" lon="-121.07497"><ele>1111.0</ele><time>2025-07-26T15:14:56Z</time></trkpt><trkpt lat="48.475549" lon="-121.075008"><ele>1112.0</ele><time>2025-07-26T15:14:59Z</time></trkpt><trkpt lat="48.475604" lon="-121.075048"><ele>1114.0</ele><time>2025-07-26T15:15:03Z</time></trkpt><trkpt lat="48.47564" lon="-121.075059"><ele>1115.0</ele><time>2025-07-26T15:15:06Z</time></trkpt><trkpt lat="48.475666" lon="-121.075085"><ele>1115.0</ele><time>2025-07-26T15:15:08Z</time></trkpt><trkpt lat="48.475733" lon="-121.075201"><ele>1121.0</ele><time>2025-07-26T15:15:17Z</time></trkpt><trkpt lat="48.47578" lon="-121.075213"><ele>1120.0</ele><time>2025-07-26T15:15:20Z</time></trkpt><trkpt lat="48.475807" lon="-121.075163"><ele>1120.0</ele><time>2025-07-26T15:15:24Z</time></trkpt><trkpt lat="48.475842" lon="-121.075149"><ele>1122.0</ele><time>2025-07-26T15:15:27Z</time></trkpt><trkpt lat="48.475862" lon="-121.075173"><ele>1122.0</ele><time>2025-07-26T15:15:29Z</time></trkpt><trkpt lat="48.47591" lon="-121.075172"><ele>1121.0</ele><time>2025-07-26T15:15:33Z</time></trkpt><trkpt lat="48.475956" lon="-121.075157"><ele>1124.0</ele><time>2025-07-26T15:15:37Z</time></trkpt><trkpt lat="48.475981" lon="-121.075131"><ele>1124.0</ele><time>2025-07-26T15:15:40Z</time></trkpt><trkpt lat="48.475998" lon="-121.075083"><ele>1122.0</ele><time>2025-07-26T15:15:42Z</time></trkpt><trkpt lat="48.475995" lon="-121.074949"><ele>1127.0</ele><time>2025-07-26T15:15:49Z</time></trkpt><trkpt lat="48.475952" lon="-121.074957"><ele>1128.0</ele><time>2025-07-26T15:15:52Z</time></trkpt><trkpt lat="48.475947" lon="-121.074881"><ele>1126.0</ele><time>2025-07-26T15:15:57Z</time></trkpt><trkpt lat="48.47586" lon="-121.07481"><ele>1130.0</ele><time>2025-07-26T15:16:03Z</time></trkpt><trkpt lat="48.475853" lon="-121.074776"><ele>1130.0</ele><time>2025-07-26T15:16:05Z</time></trkpt><trkpt lat="48.475862" lon="-121.074747"><ele>1132.0</ele><time>2025-07-26T15:16:06Z</time></trkpt><trkpt lat="48.47583" lon="-121.074633"><ele>1134.0</ele><time>2025-07-26T15:16:14Z</time></trkpt><trkpt lat="48.475832" lon="-121.074595"><ele>1133.0</ele><time>2025-07-26T15:16:17Z</time></trkpt><trkpt lat="48.475875" lon="-121.074472"><ele>1136.3</ele><time>2025-07-26T15:16:23Z</time></trkpt><trkpt lat="48.475874" lon="-121.074442"><ele>1137.0</ele><time>2025-07-26T15:16:25Z</time></trkpt><trkpt lat="48.475847" lon="-121.074357"><ele>1138.0</ele><time>2025-07-26T15:16:30Z</time></trkpt><trkpt lat="48.475825" lon="-121.074319"><ele>1141.0</ele><time>2025-07-26T15:16:33Z</time></trkpt><trkpt lat="48.47574" lon="-121.074323"><ele>1142.0</ele><time>2025-07-26T15:16:43Z</time></trkpt><trkpt lat="48.475706" lon="-121.074336"><ele>1140.0</ele><time>2025-07-26T15:16:46Z</time></trkpt><trkpt lat="48.475675" lon="-121.074313"><ele>1142.0</ele><time>2025-07-26T15:16:48Z</time></trkpt><trkpt lat="48.475638" lon="-121.074308"><ele>1143.0</ele><time>2025-07-26T15:16:51Z</time></trkpt><trkpt lat="48.475602" lon="-121.074319"><ele>1144.0</ele><time>2025-07-26T15:16:54Z</time></trkpt><trkpt lat="48.475579" lon="-121.074352"><ele>1144.0</ele><time>2025-07-26T15:16:57Z</time></trkpt><trkpt lat="48.475546" lon="-121.074375"><ele>1146.4</ele><time>2025-07-26T15:17:01Z</time></trkpt><trkpt lat="48.475489" lon="-121.07436"><ele>1147.0</ele><time>2025-07-26T15:17:05Z</time></trkpt><trkpt lat="48.475457" lon="-121.074341"><ele>1147.0</ele><time>2025-07-26T15:17:08Z</time></trkpt><trkpt lat="48.475421" lon="-121.074339"><ele>1145.0</ele><time>2025-07-26T15:17:12Z</time></trkpt><trkpt lat="48.475394" lon="-121.074354"><ele>1146.0</ele><time>2025-07-26T15:17:15Z</time></trkpt><trkpt lat="48.475329" lon="-121.074363"><ele>1144.0</ele><time>2025-07-26T15:17:20Z</time></trkpt><trkpt lat="48.475275" lon="-121.074415"><ele>1147.0</ele><time>2025-07-26T15:17:24Z</time></trkpt><trkpt lat="48.475241" lon="-121.074424"><ele>1146.0</ele><time>2025-07-26T15:17:27Z</time></trkpt><trkpt lat="48.475201" lon="-121.074389"><ele>1145.0</ele><time>2025-07-26T15:17:29Z</time></trkpt><trkpt lat="48.47517" lon="-121.074266"><ele>1140.0</ele><time>2025-07-26T15:17:36Z</time></trkpt><trkpt lat="48.475127" lon="-121.074236"><ele>1138.0</ele><time>2025-07-26T15:17:39Z</time></trkpt><trkpt lat="48.475053" lon="-121.074116"><ele>1141.0</ele><time>2025-07-26T15:17:47Z</time></trkpt><trkpt lat="48.475045" lon="-121.07408"><ele>1140.0</ele><time>2025-07-26T15:17:49Z</time></trkpt><trkpt lat="48.475007" lon="-121.074024"><ele>1138.0</ele><time>2025-07-26T15:17:53Z</time></trkpt><trkpt lat="48.474999" lon="-121.073981"><ele>1139.0</ele><time>2025-07-26T15:17:55Z</time></trkpt><trkpt lat="48.474966" lon="-121.073923"><ele>1140.0</ele><time>2025-07-26T15:17:59Z</time></trkpt><trkpt lat="48.474924" lon="-121.073917"><ele>1142.0</ele><time>2025-07-26T15:18:02Z</time></trkpt><trkpt lat="48.474916" lon="-121.073966"><ele>1138.0</ele><time>2025-07-26T15:18:06Z</time></trkpt><trkpt lat="48.474934" lon="-121.074011"><ele>1139.0</ele><time>2025-07-26T15:18:08Z</time></trkpt><trkpt lat="48.475011" lon="-121.074035"><ele>1144.0</ele><time>2025-07-26T15:18:12Z</time></trkpt><trkpt lat="48.475043" lon="-121.074059"><ele>1145.0</ele><time>2025-07-26T15:18:14Z</time></trkpt><trkpt lat="48.475082" lon="-121.074071"><ele>1144.0</ele><time>2025-07-26T15:18:16Z</time></trkpt><trkpt lat="48.475108" lon="-121.074096"><ele>1144.0</ele><time>2025-07-26T15:18:18Z</time></trkpt><trkpt lat="48.475179" lon="-121.074112"><ele>1145.0</ele><time>2025-07-26T15:18:25Z</time></trkpt><trkpt lat="48.475253" lon="-121.074084"><ele>1147.0</ele><time>2025-07-26T15:18:31Z</time></trkpt><trkpt lat="48.475308" lon="-121.073989"><ele>1148.1</ele><time>2025-07-26T15:18:36Z</time></trkpt><trkpt lat="48.475364" lon="-121.073982"><ele>1150.0</ele><time>2025-07-26T15:18:39Z</time></trkpt><trkpt lat="48.475456" lon="-121.073863"><ele>1148.0</ele><time>2025-07-26T15:18:50Z</time></trkpt><trkpt lat="48.475535" lon="-121.073872"><ele>1152.0</ele><time>2025-07-26T15:18:58Z</time></trkpt><trkpt lat="48.475644" lon="-121.073788"><ele>1152.0</ele><time>2025-07-26T15:19:05Z</time></trkpt><trkpt lat="48.475677" lon="-121.073799"><ele>1154.0</ele><time>2025-07-26T15:19:07Z</time></trkpt><trkpt lat="48.475711" lon="-121.073793"><ele>1152.0</ele><time>2025-07-26T15:19:10Z</time></trkpt><trkpt lat="48.475771" lon="-121.073811"><ele>1149.0</ele><time>2025-07-26T15:19:18Z</time></trkpt><trkpt lat="48.475789" lon="-121.073859"><ele>1150.0</ele><time>2025-07-26T15:19:21Z</time></trkpt><trkpt lat="48.475821" lon="-121.073819"><ele>1152.0</ele><time>2025-07-26T15:19:27Z</time></trkpt><trkpt lat="48.475798" lon="-121.073752"><ele>1152.0</ele><time>2025-07-26T15:19:30Z</time></trkpt><trkpt lat="48.475752" lon="-121.073765"><ele>1150.0</ele><time>2025-07-26T15:19:31Z</time></trkpt><trkpt lat="48.475708" lon="-121.073753"><ele>1150.3</ele><time>2025-07-26T15:19:33Z</time></trkpt><trkpt lat="48.475675" lon="-121.073676"><ele>1150.0</ele><time>2025-07-26T15:19:37Z</time></trkpt><trkpt lat="48.47569" lon="-121.073642"><ele>1150.0</ele><time>2025-07-26T15:19:39Z</time></trkpt><trkpt lat="48.475682" lon="-121.073611"><ele>1151.0</ele><time>2025-07-26T15:19:42Z</time></trkpt><trkpt lat="48.475624" lon="-121.073613"><ele>1154.0</ele><time>2025-07-26T15:19:44Z</time></trkpt><trkpt lat="48.475507" lon="-121.073675"><ele>1163.0</ele><time>2025-07-26T15:19:52Z</time></trkpt><trkpt lat="48.475471" lon="-121.073652"><ele>1166.0</ele><time>2025-07-26T15:19:55Z</time></trkpt><trkpt lat="48.475433" lon="-121.073658"><ele>1162.0</ele><time>2025-07-26T15:20:00Z</time></trkpt><trkpt lat="48.475407" lon="-121.073624"><ele>1166.0</ele><time>2025-07-26T15:20:05Z</time></trkpt><trkpt lat="48.475374" lon="-121.073623"><ele>1165.0</ele><time>2025-07-26T15:20:07Z</time></trkpt><trkpt lat="48.475301" lon="-121.073594"><ele>1164.0</ele><time>2025-07-26T15:20:14Z</time></trkpt><trkpt lat="48.475285" lon="-121.073564"><ele>1164.9</ele><time>2025-07-26T15:20:16Z</time></trkpt><trkpt lat="48.475264" lon="-121.073568"><ele>1163.0</ele><time>2025-07-26T15:20:18Z</time></trkpt><trkpt lat="48.475243" lon="-121.073535"><ele>1159.0</ele><time>2025-07-26T15:20:23Z</time></trkpt><trkpt lat="48.475248" lon="-121.073486"><ele>1157.0</ele><time>2025-07-26T15:20:27Z</time></trkpt><trkpt lat="48.47531" lon="-121.07346"><ele>1157.0</ele><time>2025-07-26T15:20:31Z</time></trkpt><trkpt lat="48.475334" lon="-121.073486"><ele>1158.0</ele><time>2025-07-26T15:20:34Z</time></trkpt><trkpt lat="48.475532" lon="-121.073493"><ele>1161.0</ele><time>2025-07-26T15:20:53Z</time></trkpt><trkpt lat="48.475601" lon="-121.073461"><ele>1162.0</ele><time>2025-07-26T15:20:58Z</time></trkpt><trkpt lat="48.47571" lon="-121.073443"><ele>1164.0</ele><time>2025-07-26T15:21:09Z</time></trkpt><trkpt lat="48.475766" lon="-121.073405"><ele>1164.5</ele><time>2025-07-26T15:21:13Z</time></trkpt><trkpt lat="48.475814" lon="-121.073395"><ele>1164.0</ele><time>2025-07-26T15:21:15Z</time></trkpt><trkpt lat="48.475841" lon="-121.073409"><ele>1165.0</ele><time>2025-07-26T15:21:18Z</time></trkpt><trkpt lat="48.475883" lon="-121.073397"><ele>1164.0</ele><time>2025-07-26T15:21:22Z</time></trkpt><trkpt lat="48.47594" lon="-121.073363"><ele>1166.0</ele><time>2025-07-26T15:21:29Z</time></trkpt><trkpt lat="48.47599" lon="-121.073359"><ele>1166.0</ele><time>2025-07-26T15:21:31Z</time></trkpt><trkpt lat="48.47604" lon="-121.073314"><ele>1167.0</ele><time>2025-07-26T15:21:34Z</time></trkpt><trkpt lat="48.47607" lon="-121.073298"><ele>1167.0</ele><time>2025-07-26T15:21:37Z</time></trkpt><trkpt lat="48.476103" lon="-121.073295"><ele>1167.0</ele><time>2025-07-26T15:21:40Z</time></trkpt><trkpt lat="48.476113" lon="-121.073257"><ele>1167.0</ele><time>2025-07-26T15:21:43Z</time></trkpt><trkpt lat="48.476148" lon="-121.073229"><ele>1164.0</ele><time>2025-07-26T15:21:46Z</time></trkpt><trkpt lat="48.476244" lon="-121.073241"><ele>1168.0</ele><time>2025-07-26T15:21:55Z</time></trkpt><trkpt lat="48.476273" lon="-121.073272"><ele>1168.0</ele><time>2025-07-26T15:21:57Z</time></trkpt><trkpt lat="48.476296" lon="-121.073339"><ele>1169.5</ele><time>2025-07-26T15:22:01Z</time></trkpt><trkpt lat="48.47632" lon="-121.073309"><ele>1168.0</ele><time>2025-07-26T15:22:04Z</time></trkpt><trkpt lat="48.476519" lon="-121.073363"><ele>1172.9</ele><time>2025-07-26T15:22:20Z</time></trkpt><trkpt lat="48.476568" lon="-121.073402"><ele>1174.0</ele><time>2025-07-26T15:22:24Z</time></trkpt><trkpt lat="48.476625" lon="-121.073489"><ele>1175.0</ele><time>2025-07-26T15:22:32Z</time></trkpt><trkpt lat="48.476671" lon="-121.073483"><ele>1175.0</ele><time>2025-07-26T15:22:34Z</time></trkpt><trkpt lat="48.476713" lon="-121.073557"><ele>1173.0</ele><time>2025-07-26T15:22:40Z</time></trkpt><trkpt lat="48.47677" lon="-121.073489"><ele>1176.0</ele><time>2025-07-26T15:22:46Z</time></trkpt><trkpt lat="48.47683" lon="-121.073508"><ele>1176.9</ele><time>2025-07-26T15:22:51Z</time></trkpt><trkpt lat="48.476863" lon="-121.073562"><ele>1179.0</ele><time>2025-07-26T15:22:55Z</time></trkpt><trkpt lat="48.476903" lon="-121.073587"><ele>1180.0</ele><time>2025-07-26T15:22:59Z</time></trkpt><trkpt lat="48.476906" lon="-121.073629"><ele>1178.0</ele><time>2025-07-26T15:23:03Z</time></trkpt><trkpt lat="48.476951" lon="-121.073694"><ele>1181.0</ele><time>2025-07-26T15:23:11Z</time></trkpt><trkpt lat="48.476928" lon="-121.073597"><ele>1179.1</ele><time>2025-07-26T15:23:13Z</time></trkpt><trkpt lat="48.476931" lon="-121.07356"><ele>1178.0</ele><time>2025-07-26T15:23:15Z</time></trkpt><trkpt lat="48.476893" lon="-121.073493"><ele>1176.0</ele><time>2025-07-26T15:23:18Z</time></trkpt><trkpt lat="48.476857" lon="-121.073484"><ele>1179.0</ele><time>2025-07-26T15:23:21Z</time></trkpt><trkpt lat="48.47684" lon="-121.073459"><ele>1180.0</ele><time>2025-07-26T15:23:23Z</time></trkpt><trkpt lat="48.476856" lon="-121.073409"><ele>1178.0</ele><time>2025-07-26T15:23:25Z</time></trkpt><trkpt lat="48.476825" lon="-121.073422"><ele>1181.0</ele><time>2025-07-26T15:23:28Z</time></trkpt><trkpt lat="48.476802" lon="-121.073399"><ele>1179.0</ele><time>2025-07-26T15:23:31Z</time></trkpt><trkpt lat="48.476763" lon="-121.073403"><ele>1181.0</ele><time>2025-07-26T15:23:36Z</time></trkpt><trkpt lat="48.47671" lon="-121.073327"><ele>1182.4</ele><time>2025-07-26T15:23:41Z</time></trkpt><trkpt lat="48.476716" lon="-121.073295"><ele>1183.0</ele><time>2025-07-26T15:23:43Z</time></trkpt><trkpt lat="48.476703" lon="-121.073216"><ele>1182.0</ele><time>2025-07-26T15:23:48Z</time></trkpt><trkpt lat="48.476647" lon="-121.073171"><ele>1181.0</ele><time>2025-07-26T15:23:53Z</time></trkpt><trkpt lat="48.476579" lon="-121.073159"><ele>1179.0</ele><time>2025-07-26T15:23:57Z</time></trkpt><trkpt lat="48.476553" lon="-121.073135"><ele>1177.0</ele><time>2025-07-26T15:24:00Z</time></trkpt><trkpt lat="48.476472" lon="-121.073146"><ele>1182.0</ele><time>2025-07-26T15:24:08Z</time></trkpt><trkpt lat="48.47644" lon="-121.073133"><ele>1183.0</ele><time>2025-07-26T15:24:11Z</time></trkpt><trkpt lat="48.476404" lon="-121.073063"><ele>1184.0</ele><time>2025-07-26T15:24:15Z</time></trkpt><trkpt lat="48.476296" lon="-121.073051"><ele>1185.0</ele><time>2025-07-26T15:24:22Z</time></trkpt><trkpt lat="48.476275" lon="-121.073027"><ele>1187.0</ele><time>2025-07-26T15:24:24Z</time></trkpt><trkpt lat="48.476263" lon="-121.07295"><ele>1188.0</ele><time>2025-07-26T15:24:26Z</time></trkpt><trkpt lat="48.476232" lon="-121.07296"><ele>1187.0</ele><time>2025-07-26T15:24:30Z</time></trkpt><trkpt lat="48.476184" lon="-121.072959"><ele>1190.0</ele><time>2025-07-26T15:24:33Z</time></trkpt><trkpt lat="48.476147" lon="-121.072943"><ele>1191.0</ele><time>2025-07-26T15:24:35Z</time></trkpt><trkpt lat="48.476113" lon="-121.072961"><ele>1191.0</ele><time>2025-07-26T15:24:37Z</time></trkpt><trkpt lat="48.476064" lon="-121.073032"><ele>1194.0</ele><time>2025-07-26T15:24:42Z</time></trkpt><trkpt lat="48.475992" lon="-121.073027"><ele>1192.0</ele><time>2025-07-26T15:24:51Z</time></trkpt><trkpt lat="48.475939" lon="-121.072975"><ele>1194.0</ele><time>2025-07-26T15:24:58Z</time></trkpt><trkpt lat="48.475902" lon="-121.072962"><ele>1192.0</ele><time>2025-07-26T15:25:01Z</time></trkpt><trkpt lat="48.47585" lon="-121.072908"><ele>1192.0</ele><time>2025-07-26T15:25:06Z</time></trkpt><trkpt lat="48.475792" lon="-121.072867"><ele>1192.0</ele><time>2025-07-26T15:25:11Z</time></trkpt><trkpt lat="48.475744" lon="-121.072847"><ele>1192.0</ele><time>2025-07-26T15:25:14Z</time></trkpt><trkpt lat="48.475728" lon="-121.072815"><ele>1192.0</ele><time>2025-07-26T15:25:16Z</time></trkpt><trkpt lat="48.475723" lon="-121.072756"><ele>1192.2</ele><time>2025-07-26T15:25:19Z</time></trkpt><trkpt lat="48.475692" lon="-121.072723"><ele>1190.0</ele><time>2025-07-26T15:25:23Z</time></trkpt><trkpt lat="48.475658" lon="-121.07271"><ele>1193.0</ele><time>2025-07-26T15:25:28Z</time></trkpt><trkpt lat="48.475619" lon="-121.072661"><ele>1193.0</ele><time>2025-07-26T15:25:33Z</time></trkpt><trkpt lat="48.475609" lon="-121.072613"><ele>1194.0</ele><time>2025-07-26T15:25:36Z</time></trkpt><trkpt lat="48.475572" lon="-121.072564"><ele>1197.4</ele><time>2025-07-26T15:25:38Z</time></trkpt><trkpt lat="48.475638" lon="-121.072604"><ele>1189.0</ele><time>2025-07-26T15:25:42Z</time></trkpt><trkpt lat="48.475717" lon="-121.072672"><ele>1189.0</ele><time>2025-07-26T15:25:50Z</time></trkpt><trkpt lat="48.475758" lon="-121.072679"><ele>1190.0</ele><time>2025-07-26T15:25:53Z</time></trkpt><trkpt lat="48.475783" lon="-121.072707"><ele>1192.0</ele><time>2025-07-26T15:25:55Z</time></trkpt><trkpt lat="48.47586" lon="-121.072724"><ele>1191.0</ele><time>2025-07-26T15:26:03Z</time></trkpt><trkpt lat="48.475927" lon="-121.072714"><ele>1192.0</ele><time>2025-07-26T15:26:08Z</time></trkpt><trkpt lat="48.475993" lon="-121.072722"><ele>1194.0</ele><time>2025-07-26T15:26:16Z</time></trkpt><trkpt lat="48.47602" lon="-121.072746"><ele>1195.0</ele><time>2025-07-26T15:26:18Z</time></trkpt><trkpt lat="48.476074" lon="-121.072756"><ele>1195.0</ele><time>2025-07-26T15:26:21Z</time></trkpt><trkpt lat="48.476118" lon="-121.072741"><ele>1193.0</ele><time>2025-07-26T15:26:27Z</time></trkpt><trkpt lat="48.476177" lon="-121.072766"><ele>1199.0</ele><time>2025-07-26T15:26:31Z</time></trkpt><trkpt lat="48.476217" lon="-121.072719"><ele>1198.0</ele><time>2025-07-26T15:26:35Z</time></trkpt><trkpt lat="48.476323" lon="-121.072695"><ele>1195.0</ele><time>2025-07-26T15:26:42Z</time></trkpt><trkpt lat="48.476358" lon="-121.072706"><ele>1196.0</ele><time>2025-07-26T15:26:45Z</time></trkpt><trkpt lat="48.476377" lon="-121.072731"><ele>1194.0</ele><time>2025-07-26T15:26:49Z</time></trkpt><trkpt lat="48.476438" lon="-121.072758"><ele>1198.0</ele><time>2025-07-26T15:26:54Z</time></trkpt><trkpt lat="48.476445" lon="-121.072784"><ele>1200.0</ele><time>2025-07-26T15:26:56Z</time></trkpt><trkpt lat="48.476476" lon="-121.072801"><ele>1198.0</ele><time>2025-07-26T15:27:00Z</time></trkpt><trkpt lat="48.476563" lon="-121.072798"><ele>1196.0</ele><time>2025-07-26T15:27:08Z</time></trkpt><trkpt lat="48.476624" lon="-121.072818"><ele>1198.0</ele><time>2025-07-26T15:27:15Z</time></trkpt><trkpt lat="48.476692" lon="-121.072769"><ele>1200.0</ele><time>2025-07-26T15:27:22Z</time></trkpt><trkpt lat="48.476809" lon="-121.072771"><ele>1202.0</ele><time>2025-07-26T15:27:33Z</time></trkpt><trkpt lat="48.47691" lon="-121.072868"><ele>1207.0</ele><time>2025-07-26T15:27:47Z</time></trkpt><trkpt lat="48.476987" lon="-121.072904"><ele>1206.0</ele><time>2025-07-26T15:27:55Z</time></trkpt><trkpt lat="48.476989" lon="-121.072996"><ele>1207.0</ele><time>2025-07-26T15:27:58Z</time></trkpt><trkpt lat="48.477024" lon="-121.07303"><ele>1206.0</ele><time>2025-07-26T15:28:00Z</time></trkpt><trkpt lat="48.477108" lon="-121.072979"><ele>1201.0</ele><time>2025-07-26T15:28:05Z</time></trkpt><trkpt lat="48.477136" lon="-121.072991"><ele>1202.0</ele><time>2025-07-26T15:28:08Z</time></trkpt><trkpt lat="48.477156" lon="-121.073027"><ele>1203.0</ele><time>2025-07-26T15:28:11Z</time></trkpt><trkpt lat="48.477227" lon="-121.07305"><ele>1204.0</ele><time>2025-07-26T15:28:15Z</time></trkpt><trkpt lat="48.477287" lon="-121.073094"><ele>1207.0</ele><time>2025-07-26T15:28:20Z</time></trkpt><trkpt lat="48.47735" lon="-121.073121"><ele>1206.0</ele><time>2025-07-26T15:28:27Z</time></trkpt><trkpt lat="48.477391" lon="-121.073172"><ele>1212.0</ele><time>2025-07-26T15:28:31Z</time></trkpt><trkpt lat="48.477449" lon="-121.073202"><ele>1214.0</ele><time>2025-07-26T15:28:36Z</time></trkpt><trkpt lat="48.477477" lon="-121.073233"><ele>1213.0</ele><time>2025-07-26T15:28:39Z</time></trkpt><trkpt lat="48.477564" lon="-121.073274"><ele>1206.0</ele><time>2025-07-26T15:28:49Z</time></trkpt><trkpt lat="48.477652" lon="-121.073351"><ele>1212.0</ele><time>2025-07-26T15:28:57Z</time></trkpt><trkpt lat="48.477657" lon="-121.073388"><ele>1212.0</ele><time>2025-07-26T15:29:00Z</time></trkpt><trkpt lat="48.477691" lon="-121.073446"><ele>1212.0</ele><time>2025-07-26T15:29:07Z</time></trkpt><trkpt lat="48.477689" lon="-121.073397"><ele>1215.0</ele><time>2025-07-26T15:29:10Z</time></trkpt><trkpt lat="48.477636" lon="-121.07324"><ele>1212.0</ele><time>2025-07-26T15:29:18Z</time></trkpt><trkpt lat="48.477515" lon="-121.073176"><ele>1218.0</ele><time>2025-07-26T15:29:31Z</time></trkpt><trkpt lat="48.477474" lon="-121.073081"><ele>1215.0</ele><time>2025-07-26T15:29:37Z</time></trkpt><trkpt lat="48.477446" lon="-121.073056"><ele>1215.0</ele><time>2025-07-26T15:29:39Z</time></trkpt><trkpt lat="48.477404" lon="-121.073063"><ele>1216.0</ele><time>2025-07-26T15:29:42Z</time></trkpt><trkpt lat="48.47739" lon="-121.072956"><ele>1218.0</ele><time>2025-07-26T15:29:50Z</time></trkpt><trkpt lat="48.477322" lon="-121.072899"><ele>1218.0</ele><time>2025-07-26T15:29:56Z</time></trkpt><trkpt lat="48.477178" lon="-121.072747"><ele>1222.0</ele><time>2025-07-26T15:30:12Z</time></trkpt><trkpt lat="48.477146" lon="-121.072686"><ele>1221.0</ele><time>2025-07-26T15:30:15Z</time></trkpt><trkpt lat="48.477024" lon="-121.072622"><ele>1220.0</ele><time>2025-07-26T15:30:28Z</time></trkpt><trkpt lat="48.477004" lon="-121.072583"><ele>1221.0</ele><time>2025-07-26T15:30:31Z</time></trkpt><trkpt lat="48.47697" lon="-121.072444"><ele>1219.0</ele><time>2025-07-26T15:30:37Z</time></trkpt><trkpt lat="48.476948" lon="-121.072419"><ele>1219.0</ele><time>2025-07-26T15:30:42Z</time></trkpt><trkpt lat="48.47694" lon="-121.072367"><ele>1220.0</ele><time>2025-07-26T15:30:45Z</time></trkpt><trkpt lat="48.476858" lon="-121.072345"><ele>1221.0</ele><time>2025-07-26T15:30:48Z</time></trkpt><trkpt lat="48.476818" lon="-121.072303"><ele>1223.0</ele><time>2025-07-26T15:30:54Z</time></trkpt><trkpt lat="48.47672" lon="-121.072253"><ele>1224.0</ele><time>2025-07-26T15:31:04Z</time></trkpt><trkpt lat="48.476663" lon="-121.072249"><ele>1228.0</ele><time>2025-07-26T15:31:08Z</time></trkpt><trkpt lat="48.476516" lon="-121.072182"><ele>1228.0</ele><time>2025-07-26T15:31:23Z</time></trkpt><trkpt lat="48.476475" lon="-121.072128"><ele>1231.0</ele><time>2025-07-26T15:31:24Z</time></trkpt><trkpt lat="48.476415" lon="-121.07208"><ele>1229.1</ele><time>2025-07-26T15:31:32Z</time></trkpt><trkpt lat="48.476394" lon="-121.07202"><ele>1231.0</ele><time>2025-07-26T15:31:36Z</time></trkpt><trkpt lat="48.476355" lon="-121.071995"><ele>1228.0</ele><time>2025-07-26T15:31:40Z</time></trkpt><trkpt lat="48.476292" lon="-121.071926"><ele>1228.0</ele><time>2025-07-26T15:31:48Z</time></trkpt><trkpt lat="48.4763" lon="-121.071897"><ele>1229.0</ele><time>2025-07-26T15:31:50Z</time></trkpt><trkpt lat="48.476333" lon="-121.07192"><ele>1226.0</ele><time>2025-07-26T15:31:54Z</time></trkpt><trkpt lat="48.47639" lon="-121.071928"><ele>1225.0</ele><time>2025-07-26T15:31:58Z</time></trkpt><trkpt lat="48.476406" lon="-121.071967"><ele>1225.0</ele><time>2025-07-26T15:32:00Z</time></trkpt><trkpt lat="48.476453" lon="-121.071987"><ele>1224.0</ele><time>2025-07-26T15:32:04Z</time></trkpt><trkpt lat="48.476489" lon="-121.072018"><ele>1227.0</ele><time>2025-07-26T15:32:08Z</time></trkpt><trkpt lat="48.476498" lon="-121.072047"><ele>1228.0</ele><time>2025-07-26T15:32:10Z</time></trkpt><trkpt lat="48.47657" lon="-121.072064"><ele>1228.0</ele><time>2025-07-26T15:32:15Z</time></trkpt><trkpt lat="48.476607" lon="-121.072101"><ele>1227.0</ele><time>2025-07-26T15:32:18Z</time></trkpt><trkpt lat="48.476644" lon="-121.07206"><ele>1225.0</ele><time>2025-07-26T15:32:21Z</time></trkpt><trkpt lat="48.476689" lon="-121.072086"><ele>1227.0</ele><time>2025-07-26T15:32:24Z</time></trkpt><trkpt lat="48.476698" lon="-121.072119"><ele>1228.0</ele><time>2025-07-26T15:32:29Z</time></trkpt><trkpt lat="48.476788" lon="-121.072165"><ele>1233.0</ele><time>2025-07-26T15:32:40Z</time></trkpt><trkpt lat="48.476897" lon="-121.072279"><ele>1235.6</ele><time>2025-07-26T15:32:49Z</time></trkpt><trkpt lat="48.476903" lon="-121.072319"><ele>1236.0</ele><time>2025-07-26T15:32:50Z</time></trkpt><trkpt lat="48.47694" lon="-121.072266"><ele>1231.0</ele><time>2025-07-26T15:32:55Z</time></trkpt><trkpt lat="48.476973" lon="-121.072306"><ele>1230.0</ele><time>2025-07-26T15:33:01Z</time></trkpt><trkpt lat="48.477023" lon="-121.072328"><ele>1230.0</ele><time>2025-07-26T15:33:05Z</time></trkpt><trkpt lat="48.477121" lon="-121.072392"><ele>1230.0</ele><time>2025-07-26T15:33:11Z</time></trkpt><trkpt lat="48.477151" lon="-121.072418"><ele>1230.0</ele><time>2025-07-26T15:33:14Z</time></trkpt><trkpt lat="48.477159" lon="-121.07245"><ele>1232.0</ele><time>2025-07-26T15:33:17Z</time></trkpt><trkpt lat="48.477263" lon="-121.072499"><ele>1235.0</ele><time>2025-07-26T15:33:27Z</time></trkpt><trkpt lat="48.477318" lon="-121.072502"><ele>1236.0</ele><time>2025-07-26T15:33:33Z</time></trkpt><trkpt lat="48.477356" lon="-121.072546"><ele>1238.0</ele><time>2025-07-26T15:33:37Z</time></trkpt><trkpt lat="48.477397" lon="-121.072539"><ele>1239.0</ele><time>2025-07-26T15:33:41Z</time></trkpt><trkpt lat="48.477474" lon="-121.072575"><ele>1240.0</ele><time>2025-07-26T15:33:47Z</time></trkpt><trkpt lat="48.477583" lon="-121.072701"><ele>1240.0</ele><time>2025-07-26T15:33:58Z</time></trkpt><trkpt lat="48.477592" lon="-121.072748"><ele>1240.0</ele><time>2025-07-26T15:34:02Z</time></trkpt><trkpt lat="48.47756" lon="-121.072723"><ele>1243.7</ele><time>2025-07-26T15:34:05Z</time></trkpt><trkpt lat="48.477519" lon="-121.072756"><ele>1243.2</ele><time>2025-07-26T15:34:06Z</time></trkpt><trkpt lat="48.477501" lon="-121.072711"><ele>1243.0</ele><time>2025-07-26T15:34:07Z</time></trkpt><trkpt lat="48.477498" lon="-121.072563"><ele>1242.0</ele><time>2025-07-26T15:34:11Z</time></trkpt><trkpt lat="48.477404" lon="-121.072525"><ele>1245.0</ele><time>2025-07-26T15:34:19Z</time></trkpt><trkpt lat="48.477242" lon="-121.07237"><ele>1246.0</ele><time>2025-07-26T15:34:40Z</time></trkpt><trkpt lat="48.477208" lon="-121.072358"><ele>1246.0</ele><time>2025-07-26T15:34:42Z</time></trkpt><trkpt lat="48.477177" lon="-121.072314"><ele>1246.0</ele><time>2025-07-26T15:34:44Z</time></trkpt><trkpt lat="48.477144" lon="-121.072291"><ele>1244.0</ele><time>2025-07-26T15:34:46Z</time></trkpt><trkpt lat="48.477134" lon="-121.072258"><ele>1244.0</ele><time>2025-07-26T15:34:48Z</time></trkpt><trkpt lat="48.477103" lon="-121.072237"><ele>1245.0</ele><time>2025-07-26T15:34:50Z</time></trkpt><trkpt lat="48.477091" lon="-121.072199"><ele>1244.0</ele><time>2025-07-26T15:34:53Z</time></trkpt><trkpt lat="48.477046" lon="-121.072146"><ele>1246.0</ele><time>2025-07-26T15:34:59Z</time></trkpt><trkpt lat="48.47704" lon="-121.072076"><ele>1246.0</ele><time>2025-07-26T15:35:03Z</time></trkpt><trkpt lat="48.477024" lon="-121.072036"><ele>1245.0</ele><time>2025-07-26T15:35:06Z</time></trkpt><trkpt lat="48.476982" lon="-121.072023"><ele>1247.0</ele><time>2025-07-26T15:35:09Z</time></trkpt><trkpt lat="48.476922" lon="-121.071949"><ele>1244.0</ele><time>2025-07-26T15:35:15Z</time></trkpt><trkpt lat="48.476864" lon="-121.071924"><ele>1244.0</ele><time>2025-07-26T15:35:21Z</time></trkpt><trkpt lat="48.476846" lon="-121.071839"><ele>1247.0</ele><time>2025-07-26T15:35:25Z</time></trkpt><trkpt lat="48.476818" lon="-121.071806"><ele>1245.0</ele><time>2025-07-26T15:35:27Z</time></trkpt><trkpt lat="48.476788" lon="-121.071803"><ele>1247.0</ele><time>2025-07-26T15:35:29Z</time></trkpt><trkpt lat="48.476772" lon="-121.071761"><ele>1248.3</ele><time>2025-07-26T15:35:32Z</time></trkpt><trkpt lat="48.476772" lon="-121.071725"><ele>1248.6</ele><time>2025-07-26T15:35:33Z</time></trkpt><trkpt lat="48.476741" lon="-121.071667"><ele>1247.0</ele><time>2025-07-26T15:35:38Z</time></trkpt><trkpt lat="48.476708" lon="-121.071651"><ele>1248.0</ele><time>2025-07-26T15:35:41Z</time></trkpt><trkpt lat="48.476671" lon="-121.071652"><ele>1248.0</ele><time>2025-07-26T15:35:45Z</time></trkpt><trkpt lat="48.476617" lon="-121.071579"><ele>1250.0</ele><time>2025-07-26T15:35:51Z</time></trkpt><trkpt lat="48.476587" lon="-121.071554"><ele>1250.0</ele><time>2025-07-26T15:35:55Z</time></trkpt><trkpt lat="48.476632" lon="-121.071556"><ele>1251.0</ele><time>2025-07-26T15:35:59Z</time></trkpt><trkpt lat="48.476663" lon="-121.071572"><ele>1251.0</ele><time>2025-07-26T15:36:02Z</time></trkpt><trkpt lat="48.476706" lon="-121.07157"><ele>1251.3</ele><time>2025-07-26T15:36:05Z</time></trkpt><trkpt lat="48.476735" lon="-121.071583"><ele>1248.0</ele><time>2025-07-26T15:36:07Z</time></trkpt><trkpt lat="48.47677" lon="-121.07161"><ele>1249.0</ele><time>2025-07-26T15:36:10Z</time></trkpt><trkpt lat="48.476807" lon="-121.071683"><ele>1251.0</ele><time>2025-07-26T15:36:15Z</time></trkpt><trkpt lat="48.476854" lon="-121.07171"><ele>1252.0</ele><time>2025-07-26T15:36:20Z</time></trkpt><trkpt lat="48.476872" lon="-121.071743"><ele>1254.0</ele><time>2025-07-26T15:36:23Z</time></trkpt><trkpt lat="48.476933" lon="-121.071783"><ele>1258.0</ele><time>2025-07-26T15:36:27Z</time></trkpt><trkpt lat="48.476977" lon="-121.071787"><ele>1254.0</ele><time>2025-07-26T15:36:30Z</time></trkpt><trkpt lat="48.477009" lon="-121.071802"><ele>1257.0</ele><time>2025-07-26T15:36:32Z</time></trkpt><trkpt lat="48.477036" lon="-121.071834"><ele>1257.0</ele><time>2025-07-26T15:36:35Z</time></trkpt><trkpt lat="48.477052" lon="-121.071892"><ele>1259.0</ele><time>2025-07-26T15:36:40Z</time></trkpt><trkpt lat="48.477098" lon="-121.071898"><ele>1260.0</ele><time>2025-07-26T15:36:45Z</time></trkpt><trkpt lat="48.477162" lon="-121.071976"><ele>1258.0</ele><time>2025-07-26T15:36:49Z</time></trkpt><trkpt lat="48.477237" lon="-121.072017"><ele>1255.0</ele><time>2025-07-26T15:36:53Z</time></trkpt><trkpt lat="48.477262" lon="-121.072072"><ele>1256.0</ele><time>2025-07-26T15:36:57Z</time></trkpt><trkpt lat="48.4773" lon="-121.072093"><ele>1256.0</ele><time>2025-07-26T15:37:04Z</time></trkpt><trkpt lat="48.477253" lon="-121.072002"><ele>1258.7</ele><time>2025-07-26T15:37:09Z</time></trkpt><trkpt lat="48.47721" lon="-121.071951"><ele>1258.2</ele><time>2025-07-26T15:37:12Z</time></trkpt><trkpt lat="48.47721" lon="-121.071908"><ele>1258.0</ele><time>2025-07-26T15:37:15Z</time></trkpt><trkpt lat="48.477179" lon="-121.071859"><ele>1257.0</ele><time>2025-07-26T15:37:18Z</time></trkpt><trkpt lat="48.477165" lon="-121.071806"><ele>1259.0</ele><time>2025-07-26T15:37:22Z</time></trkpt><trkpt lat="48.477159" lon="-121.071837"><ele>1260.0</ele><time>2025-07-26T15:37:25Z</time></trkpt><trkpt lat="48.477052" lon="-121.071756"><ele>1260.0</ele><time>2025-07-26T15:37:39Z</time></trkpt><trkpt lat="48.477016" lon="-121.071681"><ele>1265.0</ele><time>2025-07-26T15:37:46Z</time></trkpt><trkpt lat="48.476943" lon="-121.07163"><ele>1266.0</ele><time>2025-07-26T15:37:54Z</time></trkpt><trkpt lat="48.476905" lon="-121.071641"><ele>1266.0</ele><time>2025-07-26T15:37:56Z</time></trkpt><trkpt lat="48.476903" lon="-121.071603"><ele>1264.0</ele><time>2025-07-26T15:37:59Z</time></trkpt><trkpt lat="48.476882" lon="-121.071565"><ele>1268.1</ele><time>2025-07-26T15:38:01Z</time></trkpt><trkpt lat="48.476889" lon="-121.07154"><ele>1266.0</ele><time>2025-07-26T15:38:02Z</time></trkpt><trkpt lat="48.476881" lon="-121.071435"><ele>1266.0</ele><time>2025-07-26T15:38:10Z</time></trkpt><trkpt lat="48.476841" lon="-121.071368"><ele>1264.0</ele><time>2025-07-26T15:38:16Z</time></trkpt><trkpt lat="48.476946" lon="-121.071455"><ele>1266.0</ele><time>2025-07-26T15:38:26Z</time></trkpt><trkpt lat="48.476983" lon="-121.071523"><ele>1270.5</ele><time>2025-07-26T15:38:30Z</time></trkpt><trkpt lat="48.476967" lon="-121.071555"><ele>1269.0</ele><time>2025-07-26T15:38:31Z</time></trkpt><trkpt lat="48.477" lon="-121.071546"><ele>1269.0</ele><time>2025-07-26T15:38:34Z</time></trkpt><trkpt lat="48.477028" lon="-121.071566"><ele>1270.0</ele><time>2025-07-26T15:38:37Z</time></trkpt><trkpt lat="48.477072" lon="-121.071641"><ele>1268.0</ele><time>2025-07-26T15:38:42Z</time></trkpt><trkpt lat="48.477108" lon="-121.071659"><ele>1271.0</ele><time>2025-07-26T15:38:45Z</time></trkpt><trkpt lat="48.477144" lon="-121.07171"><ele>1272.0</ele><time>2025-07-26T15:38:51Z</time></trkpt><trkpt lat="48.477174" lon="-121.071712"><ele>1269.0</ele><time>2025-07-26T15:38:53Z</time></trkpt><trkpt lat="48.477177" lon="-121.071676"><ele>1264.0</ele><time>2025-07-26T15:38:55Z</time></trkpt><trkpt lat="48.477065" lon="-121.071546"><ele>1268.0</ele><time>2025-07-26T15:39:05Z</time></trkpt><trkpt lat="48.477044" lon="-121.071511"><ele>1269.0</ele><time>2025-07-26T15:39:08Z</time></trkpt><trkpt lat="48.477046" lon="-121.071474"><ele>1270.0</ele><time>2025-07-26T15:39:10Z</time></trkpt><trkpt lat="48.477017" lon="-121.071454"><ele>1272.0</ele><time>2025-07-26T15:39:13Z</time></trkpt><trkpt lat="48.47698" lon="-121.071447"><ele>1274.0</ele><time>2025-07-26T15:39:15Z</time></trkpt><trkpt lat="48.476949" lon="-121.071423"><ele>1275.0</ele><time>2025-07-26T15:39:17Z</time></trkpt><trkpt lat="48.476931" lon="-121.071373"><ele>1275.0</ele><time>2025-07-26T15:39:22Z</time></trkpt><trkpt lat="48.476927" lon="-121.071309"><ele>1277.0</ele><time>2025-07-26T15:39:28Z</time></trkpt><trkpt lat="48.476969" lon="-121.071316"><ele>1276.0</ele><time>2025-07-26T15:39:33Z</time></trkpt><trkpt lat="48.477012" lon="-121.071378"><ele>1275.0</ele><time>2025-07-26T15:39:37Z</time></trkpt><trkpt lat="48.477029" lon="-121.071441"><ele>1276.0</ele><time>2025-07-26T15:39:42Z</time></trkpt><trkpt lat="48.477068" lon="-121.071459"><ele>1277.0</ele><time>2025-07-26T15:39:45Z</time></trkpt><trkpt lat="48.477079" lon="-121.07149"><ele>1276.0</ele><time>2025-07-26T15:39:49Z</time></trkpt><trkpt lat="48.477183" lon="-121.071532"><ele>1278.0</ele><time>2025-07-26T15:39:57Z</time></trkpt><trkpt lat="48.477228" lon="-121.071598"><ele>1280.0</ele><time>2025-07-26T15:40:07Z</time></trkpt><trkpt lat="48.477321" lon="-121.071606"><ele>1277.0</ele><time>2025-07-26T15:40:13Z</time></trkpt><trkpt lat="48.477363" lon="-121.071647"><ele>1278.1</ele><time>2025-07-26T15:40:17Z</time></trkpt><trkpt lat="48.477373" lon="-121.07168"><ele>1278.0</ele><time>2025-07-26T15:40:18Z</time></trkpt><trkpt lat="48.477371" lon="-121.071733"><ele>1279.0</ele><time>2025-07-26T15:40:21Z</time></trkpt><trkpt lat="48.477461" lon="-121.071771"><ele>1281.0</ele><time>2025-07-26T15:40:33Z</time></trkpt><trkpt lat="48.477499" lon="-121.071765"><ele>1281.0</ele><time>2025-07-26T15:40:37Z</time></trkpt><trkpt lat="48.477525" lon="-121.071841"><ele>1280.0</ele><time>2025-07-26T15:40:42Z</time></trkpt><trkpt lat="48.477552" lon="-121.071858"><ele>1278.0</ele><time>2025-07-26T15:40:45Z</time></trkpt><trkpt lat="48.477609" lon="-121.071943"><ele>1281.0</ele><time>2025-07-26T15:40:50Z</time></trkpt><trkpt lat="48.477641" lon="-121.071949"><ele>1284.0</ele><time>2025-07-26T15:40:55Z</time></trkpt><trkpt lat="48.477632" lon="-121.071912"><ele>1285.0</ele><time>2025-07-26T15:40:58Z</time></trkpt><trkpt lat="48.477659" lon="-121.071881"><ele>1286.0</ele><time>2025-07-26T15:41:01Z</time></trkpt><trkpt lat="48.477655" lon="-121.071848"><ele>1285.0</ele><time>2025-07-26T15:41:03Z</time></trkpt><trkpt lat="48.477691" lon="-121.071796"><ele>1287.0</ele><time>2025-07-26T15:41:08Z</time></trkpt><trkpt lat="48.477714" lon="-121.071698"><ele>1283.0</ele><time>2025-07-26T15:41:13Z</time></trkpt><trkpt lat="48.477751" lon="-121.071671"><ele>1285.0</ele><time>2025-07-26T15:41:17Z</time></trkpt><trkpt lat="48.477782" lon="-121.071632"><ele>1288.0</ele><time>2025-07-26T15:41:21Z</time></trkpt><trkpt lat="48.47796" lon="-121.071554"><ele>1289.0</ele><time>2025-07-26T15:41:38Z</time></trkpt><trkpt lat="48.477975" lon="-121.071527"><ele>1292.0</ele><time>2025-07-26T15:41:43Z</time></trkpt><trkpt lat="48.478021" lon="-121.071493"><ele>1288.0</ele><time>2025-07-26T15:41:48Z</time></trkpt><trkpt lat="48.478089" lon="-121.07151"><ele>1290.0</ele><time>2025-07-26T15:41:58Z</time></trkpt><trkpt lat="48.478168" lon="-121.071574"><ele>1293.0</ele><time>2025-07-26T15:42:04Z</time></trkpt><trkpt lat="48.478188" lon="-121.071602"><ele>1290.0</ele><time>2025-07-26T15:42:07Z</time></trkpt><trkpt lat="48.478236" lon="-121.071573"><ele>1292.7</ele><time>2025-07-26T15:42:12Z</time></trkpt><trkpt lat="48.478279" lon="-121.071589"><ele>1289.0</ele><time>2025-07-26T15:42:14Z</time></trkpt><trkpt lat="48.478329" lon="-121.071669"><ele>1293.0</ele><time>2025-07-26T15:42:22Z</time></trkpt><trkpt lat="48.478356" lon="-121.071696"><ele>1294.0</ele><time>2025-07-26T15:42:25Z</time></trkpt><trkpt lat="48.478391" lon="-121.071701"><ele>1293.0</ele><time>2025-07-26T15:42:28Z</time></trkpt><trkpt lat="48.478457" lon="-121.071736"><ele>1290.0</ele><time>2025-07-26T15:42:37Z</time></trkpt><trkpt lat="48.478455" lon="-121.071685"><ele>1291.0</ele><time>2025-07-26T15:42:42Z</time></trkpt><trkpt lat="48.478431" lon="-121.071711"><ele>1294.2</ele><time>2025-07-26T15:42:44Z</time></trkpt><trkpt lat="48.478398" lon="-121.071681"><ele>1292.0</ele><time>2025-07-26T15:42:46Z</time></trkpt><trkpt lat="48.478358" lon="-121.071665"><ele>1294.0</ele><time>2025-07-26T15:42:49Z</time></trkpt><trkpt lat="48.478346" lon="-121.071625"><ele>1294.0</ele><time>2025-07-26T15:42:53Z</time></trkpt><trkpt lat="48.478305" lon="-121.071612"><ele>1297.0</ele><time>2025-07-26T15:42:56Z</time></trkpt><trkpt lat="48.47829" lon="-121.071516"><ele>1298.0</ele><time>2025-07-26T15:43:02Z</time></trkpt><trkpt lat="48.478258" lon="-121.071465"><ele>1299.0</ele><time>2025-07-26T15:43:06Z</time></trkpt><trkpt lat="48.478191" lon="-121.071422"><ele>1300.0</ele><time>2025-07-26T15:43:11Z</time></trkpt><trkpt lat="48.47817" lon="-121.071386"><ele>1301.0</ele><time>2025-07-26T15:43:17Z</time></trkpt><trkpt lat="48.478169" lon="-121.071338"><ele>1303.0</ele><time>2025-07-26T15:43:21Z</time></trkpt><trkpt lat="48.47814" lon="-121.071318"><ele>1301.0</ele><time>2025-07-26T15:43:23Z</time></trkpt><trkpt lat="48.478041" lon="-121.071313"><ele>1302.0</ele><time>2025-07-26T15:43:28Z</time></trkpt><trkpt lat="48.477993" lon="-121.071283"><ele>1301.0</ele><time>2025-07-26T15:43:34Z</time></trkpt><trkpt lat="48.477885" lon="-121.071315"><ele>1308.0</ele><time>2025-07-26T15:43:42Z</time></trkpt><trkpt lat="48.477839" lon="-121.071383"><ele>1309.0</ele><time>2025-07-26T15:43:46Z</time></trkpt><trkpt lat="48.477784" lon="-121.071348"><ele>1308.0</ele><time>2025-07-26T15:43:52Z</time></trkpt><trkpt lat="48.477756" lon="-121.071313"><ele>1306.0</ele><time>2025-07-26T15:43:59Z</time></trkpt><trkpt lat="48.477704" lon="-121.071306"><ele>1310.6</ele><time>2025-07-26T15:44:03Z</time></trkpt><trkpt lat="48.477643" lon="-121.07133"><ele>1308.0</ele><time>2025-07-26T15:44:09Z</time></trkpt><trkpt lat="48.477569" lon="-121.071314"><ele>1311.0</ele><time>2025-07-26T15:44:14Z</time></trkpt><trkpt lat="48.477538" lon="-121.071293"><ele>1313.0</ele><time>2025-07-26T15:44:17Z</time></trkpt><trkpt lat="48.477514" lon="-121.071325"><ele>1314.0</ele><time>2025-07-26T15:44:19Z</time></trkpt><trkpt lat="48.47748" lon="-121.071327"><ele>1316.0</ele><time>2025-07-26T15:44:23Z</time></trkpt><trkpt lat="48.477459" lon="-121.071298"><ele>1315.0</ele><time>2025-07-26T15:44:27Z</time></trkpt><trkpt lat="48.47737" lon="-121.071249"><ele>1319.0</ele><time>2025-07-26T15:44:37Z</time></trkpt><trkpt lat="48.477354" lon="-121.07122"><ele>1318.0</ele><time>2025-07-26T15:44:39Z</time></trkpt><trkpt lat="48.477341" lon="-121.07115"><ele>1319.0</ele><time>2025-07-26T15:44:44Z</time></trkpt><trkpt lat="48.477361" lon="-121.071048"><ele>1317.0</ele><time>2025-07-26T15:44:51Z</time></trkpt><trkpt lat="48.477311" lon="-121.070944"><ele>1315.0</ele><time>2025-07-26T15:44:59Z</time></trkpt><trkpt lat="48.477264" lon="-121.070888"><ele>1316.0</ele><time>2025-07-26T15:45:04Z</time></trkpt><trkpt lat="48.477244" lon="-121.07083"><ele>1315.0</ele><time>2025-07-26T15:45:09Z</time></trkpt><trkpt lat="48.477245" lon="-121.070793"><ele>1317.0</ele><time>2025-07-26T15:45:11Z</time></trkpt><trkpt lat="48.477216" lon="-121.070763"><ele>1318.0</ele><time>2025-07-26T15:45:13Z</time></trkpt><trkpt lat="48.477206" lon="-121.07073"><ele>1315.0</ele><time>2025-07-26T15:45:15Z</time></trkpt><trkpt lat="48.477259" lon="-121.070753"><ele>1314.0</ele><time>2025-07-26T15:45:19Z</time></trkpt><trkpt lat="48.477305" lon="-121.070813"><ele>1315.0</ele><time>2025-07-26T15:45:24Z</time></trkpt><trkpt lat="48.477408" lon="-121.070877"><ele>1319.0</ele><time>2025-07-26T15:45:32Z</time></trkpt><trkpt lat="48.477426" lon="-121.070915"><ele>1320.0</ele><time>2025-07-26T15:45:35Z</time></trkpt><trkpt lat="48.477401" lon="-121.071007"><ele>1317.0</ele><time>2025-07-26T15:45:40Z</time></trkpt><trkpt lat="48.477422" lon="-121.07103"><ele>1315.0</ele><time>2025-07-26T15:45:43Z</time></trkpt><trkpt lat="48.477453" lon="-121.071038"><ele>1315.0</ele><time>2025-07-26T15:45:47Z</time></trkpt><trkpt lat="48.477505" lon="-121.07108"><ele>1315.0</ele><time>2025-07-26T15:45:55Z</time></trkpt><trkpt lat="48.477539" lon="-121.071078"><ele>1317.0</ele><time>2025-07-26T15:45:58Z</time></trkpt><trkpt lat="48.47758" lon="-121.071048"><ele>1316.0</ele><time>2025-07-26T15:46:03Z</time></trkpt><trkpt lat="48.47762" lon="-121.071065"><ele>1317.0</ele><time>2025-07-26T15:46:06Z</time></trkpt><trkpt lat="48.477717" lon="-121.071039"><ele>1317.0</ele><time>2025-07-26T15:46:13Z</time></trkpt><trkpt lat="48.477773" lon="-121.071035"><ele>1320.0</ele><time>2025-07-26T15:46:21Z</time></trkpt><trkpt lat="48.4778" lon="-121.070978"><ele>1320.0</ele><time>2025-07-26T15:46:27Z</time></trkpt><trkpt lat="48.4779" lon="-121.070961"><ele>1320.0</ele><time>2025-07-26T15:46:36Z</time></trkpt><trkpt lat="48.477929" lon="-121.070936"><ele>1320.0</ele><time>2025-07-26T15:46:40Z</time></trkpt><trkpt lat="48.477989" lon="-121.07093"><ele>1323.0</ele><time>2025-07-26T15:46:48Z</time></trkpt><trkpt lat="48.478051" lon="-121.070972"><ele>1323.0</ele><time>2025-07-26T15:46:55Z</time></trkpt><trkpt lat="48.478092" lon="-121.070969"><ele>1321.0</ele><time>2025-07-26T15:46:58Z</time></trkpt><trkpt lat="48.478123" lon="-121.070987"><ele>1321.0</ele><time>2025-07-26T15:47:01Z</time></trkpt><trkpt lat="48.478163" lon="-121.071057"><ele>1321.0</ele><time>2025-07-26T15:47:06Z</time></trkpt><trkpt lat="48.478195" lon="-121.071063"><ele>1324.0</ele><time>2025-07-26T15:47:08Z</time></trkpt><trkpt lat="48.478301" lon="-121.070966"><ele>1322.6</ele><time>2025-07-26T15:47:16Z</time></trkpt><trkpt lat="48.478347" lon="-121.070956"><ele>1319.0</ele><time>2025-07-26T15:47:20Z</time></trkpt><trkpt lat="48.478366" lon="-121.071013"><ele>1320.0</ele><time>2025-07-26T15:47:26Z</time></trkpt><trkpt lat="48.478412" lon="-121.071072"><ele>1322.0</ele><time>2025-07-26T15:47:32Z</time></trkpt><trkpt lat="48.47845" lon="-121.071072"><ele>1323.0</ele><time>2025-07-26T15:47:35Z</time></trkpt><trkpt lat="48.478491" lon="-121.071049"><ele>1325.0</ele><time>2025-07-26T15:47:37Z</time></trkpt><trkpt lat="48.478542" lon="-121.071076"><ele>1321.0</ele><time>2025-07-26T15:47:44Z</time></trkpt><trkpt lat="48.478602" lon="-121.071149"><ele>1321.0</ele><time>2025-07-26T15:47:49Z</time></trkpt><trkpt lat="48.478642" lon="-121.071183"><ele>1324.0</ele><time>2025-07-26T15:47:54Z</time></trkpt><trkpt lat="48.478689" lon="-121.071165"><ele>1320.0</ele><time>2025-07-26T15:47:59Z</time></trkpt><trkpt lat="48.478633" lon="-121.07112"><ele>1322.2</ele><time>2025-07-26T15:48:05Z</time></trkpt><trkpt lat="48.478624" lon="-121.071076"><ele>1320.6</ele><time>2025-07-26T15:48:06Z</time></trkpt><trkpt lat="48.478581" lon="-121.070988"><ele>1323.4</ele><time>2025-07-26T15:48:09Z</time></trkpt><trkpt lat="48.478458" lon="-121.070968"><ele>1327.0</ele><time>2025-07-26T15:48:20Z</time></trkpt><trkpt lat="48.478394" lon="-121.070869"><ele>1330.0</ele><time>2025-07-26T15:48:31Z</time></trkpt><trkpt lat="48.478354" lon="-121.070868"><ele>1331.0</ele><time>2025-07-26T15:48:33Z</time></trkpt><trkpt lat="48.478305" lon="-121.070816"><ele>1332.0</ele><time>2025-07-26T15:48:39Z</time></trkpt><trkpt lat="48.478293" lon="-121.070766"><ele>1332.0</ele><time>2025-07-26T15:48:43Z</time></trkpt><trkpt lat="48.478252" lon="-121.070755"><ele>1332.0</ele><time>2025-07-26T15:48:47Z</time></trkpt><trkpt lat="48.478231" lon="-121.07078"><ele>1336.0</ele><time>2025-07-26T15:48:51Z</time></trkpt><trkpt lat="48.478196" lon="-121.070786"><ele>1337.9</ele><time>2025-07-26T15:48:53Z</time></trkpt><trkpt lat="48.478179" lon="-121.07081"><ele>1337.0</ele><time>2025-07-26T15:48:54Z</time></trkpt><trkpt lat="48.478135" lon="-121.070823"><ele>1337.0</ele><time>2025-07-26T15:48:58Z</time></trkpt><trkpt lat="48.478081" lon="-121.070709"><ele>1341.0</ele><time>2025-07-26T15:49:06Z</time></trkpt><trkpt lat="48.478057" lon="-121.070695"><ele>1340.0</ele><time>2025-07-26T15:49:13Z</time></trkpt><trkpt lat="48.478026" lon="-121.070605"><ele>1341.0</ele><time>2025-07-26T15:49:21Z</time></trkpt><trkpt lat="48.477996" lon="-121.070634"><ele>1341.0</ele><time>2025-07-26T15:49:25Z</time></trkpt><trkpt lat="48.477993" lon="-121.070588"><ele>1340.0</ele><time>2025-07-26T15:49:28Z</time></trkpt><trkpt lat="48.477928" lon="-121.070583"><ele>1341.0</ele><time>2025-07-26T15:49:32Z</time></trkpt><trkpt lat="48.477899" lon="-121.070549"><ele>1341.0</ele><time>2025-07-26T15:49:34Z</time></trkpt><trkpt lat="48.477839" lon="-121.070612"><ele>1340.0</ele><time>2025-07-26T15:49:42Z</time></trkpt><trkpt lat="48.477827" lon="-121.070562"><ele>1341.0</ele><time>2025-07-26T15:50:07Z</time></trkpt><trkpt lat="48.477851" lon="-121.070601"><ele>1340.0</ele><time>2025-07-26T15:50:28Z</time></trkpt><trkpt lat="48.477817" lon="-121.070575"><ele>1344.0</ele><time>2025-07-26T15:50:52Z</time></trkpt><trkpt lat="48.477808" lon="-121.070541"><ele>1345.0</ele><time>2025-07-26T15:50:56Z</time></trkpt><trkpt lat="48.4777" lon="-121.070467"><ele>1350.0</ele><time>2025-07-26T15:51:12Z</time></trkpt><trkpt lat="48.477667" lon="-121.070489"><ele>1352.0</ele><time>2025-07-26T15:51:16Z</time></trkpt><trkpt lat="48.477634" lon="-121.070529"><ele>1348.0</ele><time>2025-07-26T15:51:21Z</time></trkpt><trkpt lat="48.477573" lon="-121.070497"><ele>1344.0</ele><time>2025-07-26T15:51:35Z</time></trkpt><trkpt lat="48.47756" lon="-121.070466"><ele>1348.0</ele><time>2025-07-26T15:51:40Z</time></trkpt><trkpt lat="48.477536" lon="-121.070453"><ele>1348.0</ele><time>2025-07-26T15:51:41Z</time></trkpt><trkpt lat="48.477516" lon="-121.070413"><ele>1349.9</ele><time>2025-07-26T15:51:46Z</time></trkpt><trkpt lat="48.477557" lon="-121.070375"><ele>1351.0</ele><time>2025-07-26T15:51:51Z</time></trkpt><trkpt lat="48.477593" lon="-121.070387"><ele>1351.0</ele><time>2025-07-26T15:51:53Z</time></trkpt><trkpt lat="48.477632" lon="-121.070387"><ele>1349.8</ele><time>2025-07-26T15:51:54Z</time></trkpt><trkpt lat="48.477678" lon="-121.070336"><ele>1350.0</ele><time>2025-07-26T15:51:59Z</time></trkpt><trkpt lat="48.477822" lon="-121.070315"><ele>1356.0</ele><time>2025-07-26T15:52:13Z</time></trkpt><trkpt lat="48.477839" lon="-121.070288"><ele>1356.0</ele><time>2025-07-26T15:52:16Z</time></trkpt><trkpt lat="48.47788" lon="-121.07026"><ele>1351.0</ele><time>2025-07-26T15:52:21Z</time></trkpt><trkpt lat="48.477896" lon="-121.070286"><ele>1354.0</ele><time>2025-07-26T15:52:26Z</time></trkpt><trkpt lat="48.478011" lon="-121.070288"><ele>1355.4</ele><time>2025-07-26T15:52:34Z</time></trkpt><trkpt lat="48.478085" lon="-121.070358"><ele>1354.0</ele><time>2025-07-26T15:52:43Z</time></trkpt><trkpt lat="48.478112" lon="-121.070336"><ele>1354.0</ele><time>2025-07-26T15:52:45Z</time></trkpt><trkpt lat="48.478019" lon="-121.070217"><ele>1355.0</ele><time>2025-07-26T15:52:57Z</time></trkpt><trkpt lat="48.477964" lon="-121.070181"><ele>1354.0</ele><time>2025-07-26T15:53:00Z</time></trkpt><trkpt lat="48.477924" lon="-121.070168"><ele>1355.0</ele><time>2025-07-26T15:53:03Z</time></trkpt><trkpt lat="48.477902" lon="-121.070121"><ele>1356.9</ele><time>2025-07-26T15:53:06Z</time></trkpt><trkpt lat="48.477809" lon="-121.070124"><ele>1356.0</ele><time>2025-07-26T15:53:12Z</time></trkpt><trkpt lat="48.47776" lon="-121.070063"><ele>1357.0</ele><time>2025-07-26T15:53:18Z</time></trkpt><trkpt lat="48.477686" lon="-121.070008"><ele>1358.0</ele><time>2025-07-26T15:53:25Z</time></trkpt><trkpt lat="48.477638" lon="-121.069997"><ele>1359.0</ele><time>2025-07-26T15:53:30Z</time></trkpt><trkpt lat="48.47758" lon="-121.070069"><ele>1361.0</ele><time>2025-07-26T15:53:37Z</time></trkpt><trkpt lat="48.477571" lon="-121.070103"><ele>1362.0</ele><time>2025-07-26T15:53:40Z</time></trkpt><trkpt lat="48.477513" lon="-121.070081"><ele>1362.0</ele><time>2025-07-26T15:53:46Z</time></trkpt><trkpt lat="48.47751" lon="-121.070047"><ele>1362.1</ele><time>2025-07-26T15:53:47Z</time></trkpt><trkpt lat="48.477486" lon="-121.070025"><ele>1365.0</ele><time>2025-07-26T15:53:50Z</time></trkpt><trkpt lat="48.477464" lon="-121.069963"><ele>1364.0</ele><time>2025-07-26T15:53:53Z</time></trkpt><trkpt lat="48.477382" lon="-121.069852"><ele>1366.0</ele><time>2025-07-26T15:54:03Z</time></trkpt><trkpt lat="48.477348" lon="-121.069748"><ele>1368.0</ele><time>2025-07-26T15:54:14Z</time></trkpt><trkpt lat="48.477368" lon="-121.069721"><ele>1364.0</ele><time>2025-07-26T15:54:17Z</time></trkpt><trkpt lat="48.47736" lon="-121.069684"><ele>1364.0</ele><time>2025-07-26T15:54:20Z</time></trkpt><trkpt lat="48.477399" lon="-121.069734"><ele>1366.0</ele><time>2025-07-26T15:54:26Z</time></trkpt><trkpt lat="48.47746" lon="-121.069749"><ele>1365.0</ele><time>2025-07-26T15:54:32Z</time></trkpt><trkpt lat="48.477539" lon="-121.069817"><ele>1369.0</ele><time>2025-07-26T15:54:38Z</time></trkpt><trkpt lat="48.477557" lon="-121.069795"><ele>1369.0</ele><time>2025-07-26T15:54:44Z</time></trkpt><trkpt lat="48.477592" lon="-121.069785"><ele>1371.0</ele><time>2025-07-26T15:54:47Z</time></trkpt><trkpt lat="48.477674" lon="-121.069693"><ele>1368.0</ele><time>2025-07-26T15:54:57Z</time></trkpt><trkpt lat="48.477713" lon="-121.069686"><ele>1367.0</ele><time>2025-07-26T15:55:04Z</time></trkpt><trkpt lat="48.477782" lon="-121.069701"><ele>1372.0</ele><time>2025-07-26T15:55:13Z</time></trkpt><trkpt lat="48.477808" lon="-121.069728"><ele>1375.0</ele><time>2025-07-26T15:55:16Z</time></trkpt><trkpt lat="48.477904" lon="-121.069766"><ele>1375.6</ele><time>2025-07-26T15:55:27Z</time></trkpt><trkpt lat="48.477994" lon="-121.069854"><ele>1374.0</ele><time>2025-07-26T15:55:41Z</time></trkpt><trkpt lat="48.478028" lon="-121.069873"><ele>1374.0</ele><time>2025-07-26T15:55:44Z</time></trkpt><trkpt lat="48.478074" lon="-121.069872"><ele>1374.6</ele><time>2025-07-26T15:55:45Z</time></trkpt><trkpt lat="48.478096" lon="-121.069896"><ele>1377.0</ele><time>2025-07-26T15:55:47Z</time></trkpt><trkpt lat="48.478089" lon="-121.069947"><ele>1380.0</ele><time>2025-07-26T15:55:51Z</time></trkpt><trkpt lat="48.478122" lon="-121.069985"><ele>1378.0</ele><time>2025-07-26T15:55:57Z</time></trkpt><trkpt lat="48.478154" lon="-121.069981"><ele>1380.0</ele><time>2025-07-26T15:56:02Z</time></trkpt><trkpt lat="48.478164" lon="-121.069952"><ele>1379.3</ele><time>2025-07-26T15:56:04Z</time></trkpt><trkpt lat="48.478167" lon="-121.06988"><ele>1379.0</ele><time>2025-07-26T15:56:08Z</time></trkpt><trkpt lat="48.478157" lon="-121.06985"><ele>1377.0</ele><time>2025-07-26T15:56:10Z</time></trkpt><trkpt lat="48.478198" lon="-121.069852"><ele>1381.0</ele><time>2025-07-26T15:56:16Z</time></trkpt><trkpt lat="48.478255" lon="-121.06975"><ele>1379.0</ele><time>2025-07-26T15:56:26Z</time></trkpt><trkpt lat="48.478222" lon="-121.069685"><ele>1380.0</ele><time>2025-07-26T15:56:32Z</time></trkpt><trkpt lat="48.478168" lon="-121.069643"><ele>1381.0</ele><time>2025-07-26T15:56:36Z</time></trkpt><trkpt lat="48.478096" lon="-121.06966"><ele>1381.0</ele><time>2025-07-26T15:56:44Z</time></trkpt><trkpt lat="48.478021" lon="-121.069643"><ele>1385.0</ele><time>2025-07-26T15:56:52Z</time></trkpt><trkpt lat="48.478012" lon="-121.069608"><ele>1384.0</ele><time>2025-07-26T15:56:55Z</time></trkpt><trkpt lat="48.477956" lon="-121.06951"><ele>1385.0</ele><time>2025-07-26T15:57:01Z</time></trkpt><trkpt lat="48.477913" lon="-121.069492"><ele>1386.0</ele><time>2025-07-26T15:57:05Z</time></trkpt><trkpt lat="48.477909" lon="-121.069447"><ele>1386.5</ele><time>2025-07-26T15:57:08Z</time></trkpt><trkpt lat="48.477863" lon="-121.069431"><ele>1395.3</ele><time>2025-07-26T15:57:12Z</time></trkpt><trkpt lat="48.477835" lon="-121.069441"><ele>1394.0</ele><time>2025-07-26T15:57:16Z</time></trkpt><trkpt lat="48.477771" lon="-121.069388"><ele>1394.0</ele><time>2025-07-26T15:57:23Z</time></trkpt><trkpt lat="48.477648" lon="-121.069243"><ele>1395.0</ele><time>2025-07-26T15:57:38Z</time></trkpt><trkpt lat="48.47757" lon="-121.06917"><ele>1395.0</ele><time>2025-07-26T15:57:50Z</time></trkpt><trkpt lat="48.477727" lon="-121.069176"><ele>1393.2</ele><time>2025-07-26T15:58:00Z</time></trkpt><trkpt lat="48.477787" lon="-121.069251"><ele>1390.0</ele><time>2025-07-26T15:58:07Z</time></trkpt><trkpt lat="48.477844" lon="-121.069254"><ele>1392.0</ele><time>2025-07-26T15:58:15Z</time></trkpt><trkpt lat="48.477889" lon="-121.069277"><ele>1393.0</ele><time>2025-07-26T15:58:21Z</time></trkpt><trkpt lat="48.477917" lon="-121.069208"><ele>1396.2</ele><time>2025-07-26T15:58:26Z</time></trkpt><trkpt lat="48.477974" lon="-121.069222"><ele>1394.0</ele><time>2025-07-26T15:58:28Z</time></trkpt><trkpt lat="48.478003" lon="-121.069244"><ele>1392.0</ele><time>2025-07-26T15:58:32Z</time></trkpt><trkpt lat="48.478051" lon="-121.069259"><ele>1395.0</ele><time>2025-07-26T15:58:38Z</time></trkpt><trkpt lat="48.478181" lon="-121.069248"><ele>1396.0</ele><time>2025-07-26T15:58:47Z</time></trkpt><trkpt lat="48.478259" lon="-121.069252"><ele>1400.0</ele><time>2025-07-26T15:58:57Z</time></trkpt><trkpt lat="48.478345" lon="-121.069177"><ele>1398.0</ele><time>2025-07-26T15:59:09Z</time></trkpt><trkpt lat="48.478395" lon="-121.069103"><ele>1398.0</ele><time>2025-07-26T15:59:17Z</time></trkpt><trkpt lat="48.478445" lon="-121.069061"><ele>1398.0</ele><time>2025-07-26T15:59:20Z</time></trkpt><trkpt lat="48.478549" lon="-121.069097"><ele>1400.0</ele><time>2025-07-26T15:59:29Z</time></trkpt><trkpt lat="48.478561" lon="-121.069063"><ele>1401.0</ele><time>2025-07-26T15:59:33Z</time></trkpt><trkpt lat="48.478642" lon="-121.069059"><ele>1400.0</ele><time>2025-07-26T15:59:39Z</time></trkpt><trkpt lat="48.478694" lon="-121.069076"><ele>1400.0</ele><time>2025-07-26T15:59:44Z</time></trkpt><trkpt lat="48.478762" lon="-121.069058"><ele>1400.0</ele><time>2025-07-26T15:59:52Z</time></trkpt><trkpt lat="48.478795" lon="-121.069037"><ele>1400.0</ele><time>2025-07-26T15:59:55Z</time></trkpt><trkpt lat="48.478832" lon="-121.069034"><ele>1401.0</ele><time>2025-07-26T15:59:58Z</time></trkpt><trkpt lat="48.478857" lon="-121.069058"><ele>1400.0</ele><time>2025-07-26T16:00:02Z</time></trkpt><trkpt lat="48.478886" lon="-121.069043"><ele>1398.0</ele><time>2025-07-26T16:00:07Z</time></trkpt><trkpt lat="48.478924" lon="-121.069054"><ele>1398.0</ele><time>2025-07-26T16:00:13Z</time></trkpt><trkpt lat="48.479026" lon="-121.069046"><ele>1405.0</ele><time>2025-07-26T16:00:27Z</time></trkpt><trkpt lat="48.479007" lon="-121.069017"><ele>1405.8</ele><time>2025-07-26T16:00:30Z</time></trkpt><trkpt lat="48.478966" lon="-121.069017"><ele>1405.0</ele><time>2025-07-26T16:00:32Z</time></trkpt><trkpt lat="48.478939" lon="-121.068985"><ele>1404.0</ele><time>2025-07-26T16:00:35Z</time></trkpt><trkpt lat="48.478847" lon="-121.068953"><ele>1408.0</ele><time>2025-07-26T16:00:46Z</time></trkpt><trkpt lat="48.478816" lon="-121.068953"><ele>1409.0</ele><time>2025-07-26T16:00:49Z</time></trkpt><trkpt lat="48.47871" lon="-121.068878"><ele>1408.0</ele><time>2025-07-26T16:01:00Z</time></trkpt><trkpt lat="48.478554" lon="-121.068803"><ele>1412.0</ele><time>2025-07-26T16:01:17Z</time></trkpt><trkpt lat="48.478527" lon="-121.068808"><ele>1413.0</ele><time>2025-07-26T16:01:21Z</time></trkpt><trkpt lat="48.478423" lon="-121.068762"><ele>1414.0</ele><time>2025-07-26T16:01:32Z</time></trkpt><trkpt lat="48.478355" lon="-121.068769"><ele>1421.0</ele><time>2025-07-26T16:01:39Z</time></trkpt><trkpt lat="48.478298" lon="-121.068727"><ele>1421.0</ele><time>2025-07-26T16:01:47Z</time></trkpt><trkpt lat="48.47833" lon="-121.068697"><ele>1417.0</ele><time>2025-07-26T16:01:50Z</time></trkpt><trkpt lat="48.47836" lon="-121.068716"><ele>1419.9</ele><time>2025-07-26T16:01:52Z</time></trkpt><trkpt lat="48.4784" lon="-121.0687"><ele>1419.0</ele><time>2025-07-26T16:01:54Z</time></trkpt><trkpt lat="48.478461" lon="-121.068735"><ele>1420.0</ele><time>2025-07-26T16:01:59Z</time></trkpt><trkpt lat="48.478525" lon="-121.068717"><ele>1420.0</ele><time>2025-07-26T16:02:06Z</time></trkpt><trkpt lat="48.47853" lon="-121.068696"><ele>1419.0</ele><time>2025-07-26T16:02:09Z</time></trkpt><trkpt lat="48.478604" lon="-121.068724"><ele>1420.0</ele><time>2025-07-26T16:02:15Z</time></trkpt><trkpt lat="48.478649" lon="-121.068718"><ele>1419.0</ele><time>2025-07-26T16:02:22Z</time></trkpt><trkpt lat="48.478711" lon="-121.068685"><ele>1421.0</ele><time>2025-07-26T16:02:29Z</time></trkpt><trkpt lat="48.47876" lon="-121.068701"><ele>1422.0</ele><time>2025-07-26T16:02:32Z</time></trkpt><trkpt lat="48.478787" lon="-121.068684"><ele>1423.0</ele><time>2025-07-26T16:02:35Z</time></trkpt><trkpt lat="48.47891" lon="-121.068651"><ele>1421.0</ele><time>2025-07-26T16:02:46Z</time></trkpt><trkpt lat="48.479014" lon="-121.068675"><ele>1423.2</ele><time>2025-07-26T16:02:56Z</time></trkpt><trkpt lat="48.479037" lon="-121.068664"><ele>1425.0</ele><time>2025-07-26T16:02:59Z</time></trkpt><trkpt lat="48.478918" lon="-121.06862"><ele>1427.0</ele><time>2025-07-26T16:03:10Z</time></trkpt><trkpt lat="48.478851" lon="-121.06854"><ele>1426.0</ele><time>2025-07-26T16:03:20Z</time></trkpt><trkpt lat="48.478788" lon="-121.068528"><ele>1424.0</ele><time>2025-07-26T16:03:26Z</time></trkpt><trkpt lat="48.478756" lon="-121.068543"><ele>1425.0</ele><time>2025-07-26T16:03:30Z</time></trkpt><trkpt lat="48.478649" lon="-121.068535"><ele>1431.0</ele><time>2025-07-26T16:03:41Z</time></trkpt><trkpt lat="48.478605" lon="-121.068494"><ele>1431.0</ele><time>2025-07-26T16:03:48Z</time></trkpt><trkpt lat="48.478563" lon="-121.0685"><ele>1432.0</ele><time>2025-07-26T16:03:51Z</time></trkpt><trkpt lat="48.478448" lon="-121.068437"><ele>1431.0</ele><time>2025-07-26T16:04:07Z</time></trkpt><trkpt lat="48.478417" lon="-121.068434"><ele>1432.0</ele><time>2025-07-26T16:04:12Z</time></trkpt><trkpt lat="48.478397" lon="-121.068395"><ele>1433.0</ele><time>2025-07-26T16:04:16Z</time></trkpt><trkpt lat="48.478442" lon="-121.068372"><ele>1433.0</ele><time>2025-07-26T16:04:21Z</time></trkpt><trkpt lat="48.47852" lon="-121.068437"><ele>1428.0</ele><time>2025-07-26T16:04:29Z</time></trkpt><trkpt lat="48.478565" lon="-121.068448"><ele>1430.0</ele><time>2025-07-26T16:04:34Z</time></trkpt><trkpt lat="48.478593" lon="-121.068436"><ele>1432.0</ele><time>2025-07-26T16:04:37Z</time></trkpt><trkpt lat="48.478655" lon="-121.068469"><ele>1431.0</ele><time>2025-07-26T16:04:47Z</time></trkpt><trkpt lat="48.478696" lon="-121.068477"><ele>1434.0</ele><time>2025-07-26T16:04:53Z</time></trkpt><trkpt lat="48.478718" lon="-121.068456"><ele>1435.0</ele><time>2025-07-26T16:04:57Z</time></trkpt><trkpt lat="48.478846" lon="-121.068416"><ele>1440.0</ele><time>2025-07-26T16:05:10Z</time></trkpt><trkpt lat="48.478877" lon="-121.068419"><ele>1439.0</ele><time>2025-07-26T16:05:14Z</time></trkpt><trkpt lat="48.478904" lon="-121.06839"><ele>1434.0</ele><time>2025-07-26T16:05:19Z</time></trkpt><trkpt lat="48.478974" lon="-121.068365"><ele>1436.0</ele><time>2025-07-26T16:05:26Z</time></trkpt><trkpt lat="48.479018" lon="-121.068377"><ele>1438.6</ele><time>2025-07-26T16:05:32Z</time></trkpt><trkpt lat="48.479035" lon="-121.068327"><ele>1436.0</ele><time>2025-07-26T16:05:38Z</time></trkpt><trkpt lat="48.478914" lon="-121.06832"><ele>1439.0</ele><time>2025-07-26T16:05:49Z</time></trkpt><trkpt lat="48.478855" lon="-121.068283"><ele>1436.0</ele><time>2025-07-26T16:05:59Z</time></trkpt><trkpt lat="48.4788" lon="-121.068274"><ele>1439.0</ele><time>2025-07-26T16:06:03Z</time></trkpt><trkpt lat="48.47879" lon="-121.068241"><ele>1438.0</ele><time>2025-07-26T16:06:07Z</time></trkpt><trkpt lat="48.47865" lon="-121.068181"><ele>1444.0</ele><time>2025-07-26T16:06:21Z</time></trkpt><trkpt lat="48.478579" lon="-121.068201"><ele>1445.0</ele><time>2025-07-26T16:06:28Z</time></trkpt><trkpt lat="48.478482" lon="-121.068091"><ele>1450.0</ele><time>2025-07-26T16:06:39Z</time></trkpt><trkpt lat="48.478459" lon="-121.068113"><ele>1451.0</ele><time>2025-07-26T16:06:43Z</time></trkpt><trkpt lat="48.478486" lon="-121.068063"><ele>1449.0</ele><time>2025-07-26T16:06:54Z</time></trkpt><trkpt lat="48.478483" lon="-121.068109"><ele>1449.0</ele><time>2025-07-26T16:07:05Z</time></trkpt><trkpt lat="48.478454" lon="-121.068076"><ele>1448.0</ele><time>2025-07-26T16:07:17Z</time></trkpt><trkpt lat="48.478493" lon="-121.068071"><ele>1449.0</ele><time>2025-07-26T16:07:26Z</time></trkpt><trkpt lat="48.478483" lon="-121.068023"><ele>1451.4</ele><time>2025-07-26T16:07:31Z</time></trkpt><trkpt lat="48.478455" lon="-121.067999"><ele>1446.0</ele><time>2025-07-26T16:07:35Z</time></trkpt><trkpt lat="48.478315" lon="-121.067979"><ele>1449.0</ele><time>2025-07-26T16:07:50Z</time></trkpt><trkpt lat="48.478272" lon="-121.067987"><ele>1448.0</ele><time>2025-07-26T16:07:54Z</time></trkpt><trkpt lat="48.478236" lon="-121.067974"><ele>1449.0</ele><time>2025-07-26T16:07:58Z</time></trkpt><trkpt lat="48.478187" lon="-121.068048"><ele>1451.0</ele><time>2025-07-26T16:08:02Z</time></trkpt><trkpt lat="48.47814" lon="-121.068069"><ele>1452.0</ele><time>2025-07-26T16:08:06Z</time></trkpt><trkpt lat="48.478121" lon="-121.068053"><ele>1452.0</ele><time>2025-07-26T16:08:10Z</time></trkpt><trkpt lat="48.478087" lon="-121.068063"><ele>1452.0</ele><time>2025-07-26T16:08:14Z</time></trkpt><trkpt lat="48.478015" lon="-121.068044"><ele>1452.0</ele><time>2025-07-26T16:08:21Z</time></trkpt><trkpt lat="48.477972" lon="-121.068005"><ele>1452.0</ele><time>2025-07-26T16:08:25Z</time></trkpt><trkpt lat="48.477893" lon="-121.068006"><ele>1452.0</ele><time>2025-07-26T16:08:34Z</time></trkpt><trkpt lat="48.477836" lon="-121.067978"><ele>1452.0</ele><time>2025-07-26T16:08:42Z</time></trkpt><trkpt lat="48.477816" lon="-121.067942"><ele>1452.0</ele><time>2025-07-26T16:08:46Z</time></trkpt><trkpt lat="48.477968" lon="-121.067995"><ele>1455.0</ele><time>2025-07-26T16:08:56Z</time></trkpt><trkpt lat="48.477999" lon="-121.067986"><ele>1457.0</ele><time>2025-07-26T16:08:59Z</time></trkpt><trkpt lat="48.478034" lon="-121.067919"><ele>1455.0</ele><time>2025-07-26T16:09:06Z</time></trkpt><trkpt lat="48.478143" lon="-121.067901"><ele>1456.0</ele><time>2025-07-26T16:09:18Z</time></trkpt><trkpt lat="48.4781" lon="-121.067883"><ele>1454.0</ele><time>2025-07-26T16:09:22Z</time></trkpt><trkpt lat="48.478074" lon="-121.067901"><ele>1456.1</ele><time>2025-07-26T16:09:23Z</time></trkpt><trkpt lat="48.478046" lon="-121.067827"><ele>1458.0</ele><time>2025-07-26T16:09:30Z</time></trkpt><trkpt lat="48.477987" lon="-121.067842"><ele>1460.0</ele><time>2025-07-26T16:09:37Z</time></trkpt><trkpt lat="48.477838" lon="-121.067748"><ele>1467.5</ele><time>2025-07-26T16:09:52Z</time></trkpt><trkpt lat="48.477735" lon="-121.067736"><ele>1464.0</ele><time>2025-07-26T16:10:05Z</time></trkpt><trkpt lat="48.477699" lon="-121.067748"><ele>1465.0</ele><time>2025-07-26T16:10:08Z</time></trkpt><trkpt lat="48.47767" lon="-121.067788"><ele>1467.0</ele><time>2025-07-26T16:10:11Z</time></trkpt><trkpt lat="48.47757" lon="-121.067819"><ele>1469.0</ele><time>2025-07-26T16:10:20Z</time></trkpt><trkpt lat="48.477517" lon="-121.067823"><ele>1471.0</ele><time>2025-07-26T16:10:25Z</time></trkpt><trkpt lat="48.477439" lon="-121.06778"><ele>1470.0</ele><time>2025-07-26T16:10:33Z</time></trkpt><trkpt lat="48.477435" lon="-121.067737"><ele>1471.4</ele><time>2025-07-26T16:10:35Z</time></trkpt><trkpt lat="48.477383" lon="-121.067695"><ele>1472.8</ele><time>2025-07-26T16:10:39Z</time></trkpt><trkpt lat="48.477344" lon="-121.067696"><ele>1473.0</ele><time>2025-07-26T16:10:40Z</time></trkpt><trkpt lat="48.477383" lon="-121.067659"><ele>1470.0</ele><time>2025-07-26T16:10:47Z</time></trkpt><trkpt lat="48.477361" lon="-121.067642"><ele>1471.0</ele><time>2025-07-26T16:10:50Z</time></trkpt><trkpt lat="48.477344" lon="-121.067604"><ele>1471.9</ele><time>2025-07-26T16:10:53Z</time></trkpt><trkpt lat="48.477321" lon="-121.067581"><ele>1472.0</ele><time>2025-07-26T16:10:55Z</time></trkpt><trkpt lat="48.477269" lon="-121.067549"><ele>1471.0</ele><time>2025-07-26T16:11:04Z</time></trkpt><trkpt lat="48.477304" lon="-121.067579"><ele>1475.0</ele><time>2025-07-26T16:11:10Z</time></trkpt><trkpt lat="48.477385" lon="-121.067581"><ele>1472.0</ele><time>2025-07-26T16:11:16Z</time></trkpt><trkpt lat="48.477418" lon="-121.067601"><ele>1473.0</ele><time>2025-07-26T16:11:17Z</time></trkpt><trkpt lat="48.477446" lon="-121.067658"><ele>1470.0</ele><time>2025-07-26T16:11:23Z</time></trkpt><trkpt lat="48.477528" lon="-121.067661"><ele>1470.0</ele><time>2025-07-26T16:11:32Z</time></trkpt><trkpt lat="48.477656" lon="-121.067585"><ele>1468.0</ele><time>2025-07-26T16:11:51Z</time></trkpt><trkpt lat="48.477685" lon="-121.067595"><ele>1472.0</ele><time>2025-07-26T16:11:55Z</time></trkpt><trkpt lat="48.477797" lon="-121.067557"><ele>1473.0</ele><time>2025-07-26T16:12:06Z</time></trkpt><trkpt lat="48.477874" lon="-121.067543"><ele>1476.0</ele><time>2025-07-26T16:12:12Z</time></trkpt><trkpt lat="48.477959" lon="-121.067473"><ele>1480.5</ele><time>2025-07-26T16:12:30Z</time></trkpt><trkpt lat="48.477966" lon="-121.067364"><ele>1479.0</ele><time>2025-07-26T16:12:36Z</time></trkpt><trkpt lat="48.477982" lon="-121.067329"><ele>1479.0</ele><time>2025-07-26T16:12:40Z</time></trkpt><trkpt lat="48.477934" lon="-121.06735"><ele>1479.0</ele><time>2025-07-26T16:12:44Z</time></trkpt><trkpt lat="48.477909" lon="-121.067386"><ele>1479.0</ele><time>2025-07-26T16:12:46Z</time></trkpt><trkpt lat="48.477834" lon="-121.067434"><ele>1480.0</ele><time>2025-07-26T16:12:55Z</time></trkpt><trkpt lat="48.477752" lon="-121.067454"><ele>1484.0</ele><time>2025-07-26T16:13:04Z</time></trkpt><trkpt lat="48.477711" lon="-121.067447"><ele>1485.0</ele><time>2025-07-26T16:13:08Z</time></trkpt><trkpt lat="48.477656" lon="-121.06737"><ele>1483.0</ele><time>2025-07-26T16:13:15Z</time></trkpt><trkpt lat="48.477613" lon="-121.067359"><ele>1483.0</ele><time>2025-07-26T16:13:18Z</time></trkpt><trkpt lat="48.477586" lon="-121.067339"><ele>1483.0</ele><time>2025-07-26T16:13:21Z</time></trkpt><trkpt lat="48.47752" lon="-121.067333"><ele>1482.0</ele><time>2025-07-26T16:13:29Z</time></trkpt><trkpt lat="48.477474" lon="-121.067281"><ele>1485.0</ele><time>2025-07-26T16:13:37Z</time></trkpt><trkpt lat="48.477442" lon="-121.067267"><ele>1482.0</ele><time>2025-07-26T16:13:42Z</time></trkpt><trkpt lat="48.477403" lon="-121.067273"><ele>1483.0</ele><time>2025-07-26T16:13:46Z</time></trkpt><trkpt lat="48.47733" lon="-121.067254"><ele>1482.0</ele><time>2025-07-26T16:13:53Z</time></trkpt><trkpt lat="48.47729" lon="-121.067273"><ele>1487.0</ele><time>2025-07-26T16:13:57Z</time></trkpt><trkpt lat="48.47719" lon="-121.067188"><ele>1491.0</ele><time>2025-07-26T16:14:11Z</time></trkpt><trkpt lat="48.477147" lon="-121.067124"><ele>1494.4</ele><time>2025-07-26T16:14:15Z</time></trkpt><trkpt lat="48.477095" lon="-121.067096"><ele>1491.0</ele><time>2025-07-26T16:14:23Z</time></trkpt><trkpt lat="48.477029" lon="-121.067013"><ele>1500.0</ele><time>2025-07-26T16:14:32Z</time></trkpt><trkpt lat="48.476975" lon="-121.066988"><ele>1500.0</ele><time>2025-07-26T16:14:38Z</time></trkpt><trkpt lat="48.476888" lon="-121.06689"><ele>1496.0</ele><time>2025-07-26T16:14:52Z</time></trkpt><trkpt lat="48.47683" lon="-121.066856"><ele>1497.0</ele><time>2025-07-26T16:14:58Z</time></trkpt><trkpt lat="48.47681" lon="-121.066829"><ele>1500.0</ele><time>2025-07-26T16:15:00Z</time></trkpt><trkpt lat="48.476802" lon="-121.066798"><ele>1498.4</ele><time>2025-07-26T16:15:01Z</time></trkpt><trkpt lat="48.476819" lon="-121.066768"><ele>1496.2</ele><time>2025-07-26T16:15:03Z</time></trkpt><trkpt lat="48.476774" lon="-121.066725"><ele>1496.0</ele><time>2025-07-26T16:15:09Z</time></trkpt><trkpt lat="48.476675" lon="-121.066541"><ele>1494.0</ele><time>2025-07-26T16:15:28Z</time></trkpt><trkpt lat="48.476748" lon="-121.066579"><ele>1497.0</ele><time>2025-07-26T16:15:38Z</time></trkpt><trkpt lat="48.476799" lon="-121.066629"><ele>1496.0</ele><time>2025-07-26T16:15:45Z</time></trkpt><trkpt lat="48.476818" lon="-121.066677"><ele>1499.0</ele><time>2025-07-26T16:15:50Z</time></trkpt><trkpt lat="48.476857" lon="-121.066716"><ele>1498.0</ele><time>2025-07-26T16:15:57Z</time></trkpt><trkpt lat="48.476991" lon="-121.066749"><ele>1504.0</ele><time>2025-07-26T16:16:14Z</time></trkpt><trkpt lat="48.477024" lon="-121.06674"><ele>1503.0</ele><time>2025-07-26T16:16:18Z</time></trkpt><trkpt lat="48.477095" lon="-121.066756"><ele>1502.0</ele><time>2025-07-26T16:16:25Z</time></trkpt><trkpt lat="48.477129" lon="-121.066789"><ele>1504.0</ele><time>2025-07-26T16:16:28Z</time></trkpt><trkpt lat="48.477213" lon="-121.066811"><ele>1505.8</ele><time>2025-07-26T16:16:41Z</time></trkpt><trkpt lat="48.477224" lon="-121.066837"><ele>1506.0</ele><time>2025-07-26T16:16:42Z</time></trkpt><trkpt lat="48.477258" lon="-121.066823"><ele>1504.2</ele><time>2025-07-26T16:16:45Z</time></trkpt><trkpt lat="48.477299" lon="-121.066855"><ele>1504.0</ele><time>2025-07-26T16:16:49Z</time></trkpt><trkpt lat="48.477362" lon="-121.066858"><ele>1504.0</ele><time>2025-07-26T16:16:53Z</time></trkpt><trkpt lat="48.477372" lon="-121.066888"><ele>1506.0</ele><time>2025-07-26T16:16:56Z</time></trkpt><trkpt lat="48.477432" lon="-121.066876"><ele>1506.0</ele><time>2025-07-26T16:17:03Z</time></trkpt><trkpt lat="48.477474" lon="-121.066909"><ele>1507.0</ele><time>2025-07-26T16:17:11Z</time></trkpt><trkpt lat="48.477585" lon="-121.066843"><ele>1508.0</ele><time>2025-07-26T16:17:21Z</time></trkpt><trkpt lat="48.477662" lon="-121.06683"><ele>1510.0</ele><time>2025-07-26T16:17:30Z</time></trkpt><trkpt lat="48.477754" lon="-121.066797"><ele>1510.0</ele><time>2025-07-26T16:17:43Z</time></trkpt><trkpt lat="48.477817" lon="-121.066749"><ele>1510.0</ele><time>2025-07-26T16:17:51Z</time></trkpt><trkpt lat="48.477881" lon="-121.066765"><ele>1510.0</ele><time>2025-07-26T16:17:56Z</time></trkpt><trkpt lat="48.477958" lon="-121.066744"><ele>1511.0</ele><time>2025-07-26T16:18:05Z</time></trkpt><trkpt lat="48.478052" lon="-121.066809"><ele>1514.0</ele><time>2025-07-26T16:18:18Z</time></trkpt><trkpt lat="48.478086" lon="-121.066796"><ele>1513.0</ele><time>2025-07-26T16:18:21Z</time></trkpt><trkpt lat="48.478088" lon="-121.066756"><ele>1514.0</ele><time>2025-07-26T16:18:24Z</time></trkpt><trkpt lat="48.478016" lon="-121.06673"><ele>1513.0</ele><time>2025-07-26T16:18:29Z</time></trkpt><trkpt lat="48.477981" lon="-121.066703"><ele>1513.0</ele><time>2025-07-26T16:18:33Z</time></trkpt><trkpt lat="48.477945" lon="-121.066711"><ele>1517.0</ele><time>2025-07-26T16:18:36Z</time></trkpt><trkpt lat="48.477923" lon="-121.066688"><ele>1515.0</ele><time>2025-07-26T16:18:39Z</time></trkpt><trkpt lat="48.477893" lon="-121.066683"><ele>1516.0</ele><time>2025-07-26T16:18:42Z</time></trkpt><trkpt lat="48.477852" lon="-121.066692"><ele>1517.0</ele><time>2025-07-26T16:18:46Z</time></trkpt><trkpt lat="48.477823" lon="-121.066679"><ele>1516.0</ele><time>2025-07-26T16:18:49Z</time></trkpt><trkpt lat="48.47779" lon="-121.066637"><ele>1518.0</ele><time>2025-07-26T16:18:53Z</time></trkpt><trkpt lat="48.477746" lon="-121.06663"><ele>1518.0</ele><time>2025-07-26T16:19:00Z</time></trkpt><trkpt lat="48.477643" lon="-121.066662"><ele>1522.0</ele><time>2025-07-26T16:19:11Z</time></trkpt><trkpt lat="48.477578" lon="-121.066611"><ele>1523.0</ele><time>2025-07-26T16:19:20Z</time></trkpt><trkpt lat="48.477527" lon="-121.066581"><ele>1521.0</ele><time>2025-07-26T16:19:28Z</time></trkpt><trkpt lat="48.477496" lon="-121.066574"><ele>1521.0</ele><time>2025-07-26T16:19:32Z</time></trkpt><trkpt lat="48.477388" lon="-121.066438"><ele>1526.0</ele><time>2025-07-26T16:19:46Z</time></trkpt><trkpt lat="48.477276" lon="-121.066447"><ele>1523.0</ele><time>2025-07-26T16:19:59Z</time></trkpt><trkpt lat="48.477259" lon="-121.066417"><ele>1523.0</ele><time>2025-07-26T16:20:03Z</time></trkpt><trkpt lat="48.477222" lon="-121.066398"><ele>1521.0</ele><time>2025-07-26T16:20:05Z</time></trkpt><trkpt lat="48.477109" lon="-121.066258"><ele>1525.0</ele><time>2025-07-26T16:20:19Z</time></trkpt><trkpt lat="48.477052" lon="-121.06622"><ele>1527.0</ele><time>2025-07-26T16:20:27Z</time></trkpt><trkpt lat="48.477032" lon="-121.06618"><ele>1524.0</ele><time>2025-07-26T16:20:30Z</time></trkpt><trkpt lat="48.476934" lon="-121.066091"><ele>1529.0</ele><time>2025-07-26T16:20:39Z</time></trkpt><trkpt lat="48.476898" lon="-121.065974"><ele>1530.0</ele><time>2025-07-26T16:20:50Z</time></trkpt><trkpt lat="48.476835" lon="-121.065835"><ele>1529.0</ele><time>2025-07-26T16:21:03Z</time></trkpt><trkpt lat="48.476789" lon="-121.065788"><ele>1529.0</ele><time>2025-07-26T16:21:09Z</time></trkpt><trkpt lat="48.476757" lon="-121.065777"><ele>1531.0</ele><time>2025-07-26T16:21:12Z</time></trkpt><trkpt lat="48.476714" lon="-121.065714"><ele>1530.0</ele><time>2025-07-26T16:21:20Z</time></trkpt><trkpt lat="48.476651" lon="-121.065665"><ele>1533.0</ele><time>2025-07-26T16:21:26Z</time></trkpt><trkpt lat="48.476544" lon="-121.065548"><ele>1533.0</ele><time>2025-07-26T16:21:42Z</time></trkpt><trkpt lat="48.476508" lon="-121.065447"><ele>1531.0</ele><time>2025-07-26T16:21:51Z</time></trkpt><trkpt lat="48.476472" lon="-121.065383"><ele>1534.0</ele><time>2025-07-26T16:21:57Z</time></trkpt><trkpt lat="48.476414" lon="-121.065348"><ele>1539.0</ele><time>2025-07-26T16:22:02Z</time></trkpt><trkpt lat="48.47638" lon="-121.065352"><ele>1537.0</ele><time>2025-07-26T16:22:06Z</time></trkpt><trkpt lat="48.476329" lon="-121.065307"><ele>1536.0</ele><time>2025-07-26T16:22:14Z</time></trkpt><trkpt lat="48.476267" lon="-121.065298"><ele>1536.0</ele><time>2025-07-26T16:22:20Z</time></trkpt><trkpt lat="48.476221" lon="-121.065227"><ele>1535.0</ele><time>2025-07-26T16:22:27Z</time></trkpt><trkpt lat="48.47617" lon="-121.065173"><ele>1536.0</ele><time>2025-07-26T16:22:33Z</time></trkpt><trkpt lat="48.476134" lon="-121.065156"><ele>1540.0</ele><time>2025-07-26T16:22:37Z</time></trkpt><trkpt lat="48.476122" lon="-121.065128"><ele>1540.0</ele><time>2025-07-26T16:22:41Z</time></trkpt><trkpt lat="48.476238" lon="-121.065177"><ele>1540.0</ele><time>2025-07-26T16:22:53Z</time></trkpt><trkpt lat="48.476252" lon="-121.065207"><ele>1541.0</ele><time>2025-07-26T16:22:56Z</time></trkpt><trkpt lat="48.476326" lon="-121.065249"><ele>1541.0</ele><time>2025-07-26T16:23:05Z</time></trkpt><trkpt lat="48.476363" lon="-121.065247"><ele>1543.0</ele><time>2025-07-26T16:23:08Z</time></trkpt><trkpt lat="48.476534" lon="-121.065275"><ele>1540.0</ele><time>2025-07-26T16:23:25Z</time></trkpt><trkpt lat="48.476582" lon="-121.065357"><ele>1540.0</ele><time>2025-07-26T16:23:35Z</time></trkpt><trkpt lat="48.476628" lon="-121.065399"><ele>1542.0</ele><time>2025-07-26T16:23:42Z</time></trkpt><trkpt lat="48.476668" lon="-121.065458"><ele>1543.0</ele><time>2025-07-26T16:23:49Z</time></trkpt><trkpt lat="48.476696" lon="-121.065475"><ele>1541.0</ele><time>2025-07-26T16:23:53Z</time></trkpt><trkpt lat="48.476791" lon="-121.065512"><ele>1544.0</ele><time>2025-07-26T16:24:04Z</time></trkpt><trkpt lat="48.476865" lon="-121.065516"><ele>1544.0</ele><time>2025-07-26T16:24:11Z</time></trkpt><trkpt lat="48.476982" lon="-121.06559"><ele>1544.0</ele><time>2025-07-26T16:24:26Z</time></trkpt><trkpt lat="48.477048" lon="-121.065595"><ele>1545.0</ele><time>2025-07-26T16:24:34Z</time></trkpt><trkpt lat="48.477158" lon="-121.065675"><ele>1550.0</ele><time>2025-07-26T16:24:47Z</time></trkpt><trkpt lat="48.477231" lon="-121.065688"><ele>1548.0</ele><time>2025-07-26T16:24:55Z</time></trkpt><trkpt lat="48.477248" lon="-121.065719"><ele>1547.0</ele><time>2025-07-26T16:24:58Z</time></trkpt><trkpt lat="48.477401" lon="-121.0658"><ele>1550.0</ele><time>2025-07-26T16:25:17Z</time></trkpt><trkpt lat="48.477461" lon="-121.065781"><ele>1548.0</ele><time>2025-07-26T16:25:21Z</time></trkpt><trkpt lat="48.47754" lon="-121.065829"><ele>1547.0</ele><time>2025-07-26T16:25:32Z</time></trkpt><trkpt lat="48.47757" lon="-121.065827"><ele>1553.0</ele><time>2025-07-26T16:25:37Z</time></trkpt><trkpt lat="48.477615" lon="-121.065805"><ele>1552.0</ele><time>2025-07-26T16:25:43Z</time></trkpt><trkpt lat="48.477701" lon="-121.065789"><ele>1554.0</ele><time>2025-07-26T16:25:49Z</time></trkpt><trkpt lat="48.477734" lon="-121.065801"><ele>1554.0</ele><time>2025-07-26T16:25:51Z</time></trkpt><trkpt lat="48.477812" lon="-121.0658"><ele>1555.0</ele><time>2025-07-26T16:26:01Z</time></trkpt><trkpt lat="48.4779" lon="-121.06577"><ele>1558.0</ele><time>2025-07-26T16:26:11Z</time></trkpt><trkpt lat="48.478002" lon="-121.065759"><ele>1558.0</ele><time>2025-07-26T16:26:19Z</time></trkpt><trkpt lat="48.477978" lon="-121.065723"><ele>1560.0</ele><time>2025-07-26T16:26:22Z</time></trkpt><trkpt lat="48.47786" lon="-121.065717"><ele>1561.3</ele><time>2025-07-26T16:26:31Z</time></trkpt><trkpt lat="48.477832" lon="-121.065699"><ele>1562.0</ele><time>2025-07-26T16:26:33Z</time></trkpt><trkpt lat="48.477771" lon="-121.065694"><ele>1561.0</ele><time>2025-07-26T16:26:39Z</time></trkpt><trkpt lat="48.477746" lon="-121.065673"><ele>1560.0</ele><time>2025-07-26T16:26:43Z</time></trkpt><trkpt lat="48.477649" lon="-121.065658"><ele>1562.0</ele><time>2025-07-26T16:26:51Z</time></trkpt><trkpt lat="48.4776" lon="-121.065594"><ele>1562.0</ele><time>2025-07-26T16:27:01Z</time></trkpt><trkpt lat="48.477548" lon="-121.065577"><ele>1561.0</ele><time>2025-07-26T16:27:07Z</time></trkpt><trkpt lat="48.477508" lon="-121.065581"><ele>1563.0</ele><time>2025-07-26T16:27:10Z</time></trkpt><trkpt lat="48.477434" lon="-121.065482"><ele>1565.0</ele><time>2025-07-26T16:27:18Z</time></trkpt><trkpt lat="48.47738" lon="-121.065436"><ele>1566.0</ele><time>2025-07-26T16:27:23Z</time></trkpt><trkpt lat="48.477333" lon="-121.06537"><ele>1566.0</ele><time>2025-07-26T16:27:31Z</time></trkpt><trkpt lat="48.477272" lon="-121.065322"><ele>1568.0</ele><time>2025-07-26T16:27:39Z</time></trkpt><trkpt lat="48.477232" lon="-121.065259"><ele>1565.0</ele><time>2025-07-26T16:27:45Z</time></trkpt><trkpt lat="48.477176" lon="-121.06523"><ele>1568.0</ele><time>2025-07-26T16:27:50Z</time></trkpt><trkpt lat="48.477134" lon="-121.065187"><ele>1568.0</ele><time>2025-07-26T16:27:56Z</time></trkpt><trkpt lat="48.477095" lon="-121.065177"><ele>1570.0</ele><time>2025-07-26T16:27:59Z</time></trkpt><trkpt lat="48.477042" lon="-121.065145"><ele>1569.0</ele><time>2025-07-26T16:28:04Z</time></trkpt><trkpt lat="48.477008" lon="-121.065099"><ele>1571.0</ele><time>2025-07-26T16:28:09Z</time></trkpt><trkpt lat="48.476888" lon="-121.06482"><ele>1572.0</ele><time>2025-07-26T16:28:34Z</time></trkpt><trkpt lat="48.476835" lon="-121.064785"><ele>1570.0</ele><time>2025-07-26T16:28:39Z</time></trkpt><trkpt lat="48.476774" lon="-121.06469"><ele>1568.0</ele><time>2025-07-26T16:29:10Z</time></trkpt><trkpt lat="48.476588" lon="-121.06466"><ele>1570.0</ele><time>2025-07-26T16:29:42Z</time></trkpt><trkpt lat="48.476543" lon="-121.064674"><ele>1570.0</ele><time>2025-07-26T16:29:46Z</time></trkpt><trkpt lat="48.476401" lon="-121.064633"><ele>1571.0</ele><time>2025-07-26T16:30:01Z</time></trkpt><trkpt lat="48.476381" lon="-121.06453"><ele>1570.0</ele><time>2025-07-26T16:30:10Z</time></trkpt><trkpt lat="48.476345" lon="-121.06454"><ele>1570.0</ele><time>2025-07-26T16:30:12Z</time></trkpt><trkpt lat="48.476279" lon="-121.064527"><ele>1571.0</ele><time>2025-07-26T16:30:19Z</time></trkpt><trkpt lat="48.476215" lon="-121.064453"><ele>1574.0</ele><time>2025-07-26T16:30:27Z</time></trkpt><trkpt lat="48.476108" lon="-121.064433"><ele>1578.0</ele><time>2025-07-26T16:30:43Z</time></trkpt><trkpt lat="48.476059" lon="-121.064405"><ele>1576.0</ele><time>2025-07-26T16:30:49Z</time></trkpt><trkpt lat="48.475989" lon="-121.064341"><ele>1576.0</ele><time>2025-07-26T16:31:04Z</time></trkpt><trkpt lat="48.475946" lon="-121.064281"><ele>1575.0</ele><time>2025-07-26T16:31:12Z</time></trkpt><trkpt lat="48.47588" lon="-121.064255"><ele>1575.0</ele><time>2025-07-26T16:31:20Z</time></trkpt><trkpt lat="48.475818" lon="-121.064208"><ele>1576.0</ele><time>2025-07-26T16:31:27Z</time></trkpt><trkpt lat="48.475744" lon="-121.0642"><ele>1579.0</ele><time>2025-07-26T16:31:35Z</time></trkpt><trkpt lat="48.475701" lon="-121.064177"><ele>1580.0</ele><time>2025-07-26T16:31:40Z</time></trkpt><trkpt lat="48.475621" lon="-121.064109"><ele>1578.0</ele><time>2025-07-26T16:31:51Z</time></trkpt><trkpt lat="48.475567" lon="-121.063963"><ele>1576.0</ele><time>2025-07-26T16:32:02Z</time></trkpt><trkpt lat="48.475509" lon="-121.063938"><ele>1579.0</ele><time>2025-07-26T16:32:08Z</time></trkpt><trkpt lat="48.475422" lon="-121.063813"><ele>1577.0</ele><time>2025-07-26T16:32:20Z</time></trkpt><trkpt lat="48.475332" lon="-121.063725"><ele>1580.0</ele><time>2025-07-26T16:32:30Z</time></trkpt><trkpt lat="48.475269" lon="-121.063627"><ele>1580.0</ele><time>2025-07-26T16:32:40Z</time></trkpt><trkpt lat="48.475171" lon="-121.063504"><ele>1580.0</ele><time>2025-07-26T16:32:53Z</time></trkpt><trkpt lat="48.475106" lon="-121.063449"><ele>1581.0</ele><time>2025-07-26T16:32:59Z</time></trkpt><trkpt lat="48.475034" lon="-121.063328"><ele>1584.0</ele><time>2025-07-26T16:33:10Z</time></trkpt><trkpt lat="48.474999" lon="-121.063313"><ele>1585.0</ele><time>2025-07-26T16:33:14Z</time></trkpt><trkpt lat="48.474945" lon="-121.063242"><ele>1583.0</ele><time>2025-07-26T16:33:25Z</time></trkpt><trkpt lat="48.474893" lon="-121.063196"><ele>1584.0</ele><time>2025-07-26T16:33:32Z</time></trkpt><trkpt lat="48.474874" lon="-121.06316"><ele>1580.0</ele><time>2025-07-26T16:33:39Z</time></trkpt><trkpt lat="48.474817" lon="-121.063117"><ele>1576.0</ele><time>2025-07-26T16:33:52Z</time></trkpt><trkpt lat="48.474769" lon="-121.063102"><ele>1578.0</ele><time>2025-07-26T16:34:03Z</time></trkpt><trkpt lat="48.474717" lon="-121.063106"><ele>1581.0</ele><time>2025-07-26T16:34:11Z</time></trkpt><trkpt lat="48.474681" lon="-121.063096"><ele>1581.0</ele><time>2025-07-26T16:34:17Z</time></trkpt><trkpt lat="48.474652" lon="-121.063069"><ele>1581.0</ele><time>2025-07-26T16:34:22Z</time></trkpt><trkpt lat="48.474585" lon="-121.063042"><ele>1584.0</ele><time>2025-07-26T16:34:31Z</time></trkpt><trkpt lat="48.474487" lon="-121.063028"><ele>1585.0</ele><time>2025-07-26T16:34:45Z</time></trkpt><trkpt lat="48.474454" lon="-121.063039"><ele>1585.0</ele><time>2025-07-26T16:34:49Z</time></trkpt><trkpt lat="48.474387" lon="-121.062999"><ele>1586.0</ele><time>2025-07-26T16:35:00Z</time></trkpt><trkpt lat="48.474381" lon="-121.062914"><ele>1587.0</ele><time>2025-07-26T16:35:09Z</time></trkpt><trkpt lat="48.474332" lon="-121.062831"><ele>1590.0</ele><time>2025-07-26T16:35:18Z</time></trkpt><trkpt lat="48.474283" lon="-121.062822"><ele>1590.7</ele><time>2025-07-26T16:35:24Z</time></trkpt><trkpt lat="48.474218" lon="-121.062671"><ele>1587.0</ele><time>2025-07-26T16:35:36Z</time></trkpt><trkpt lat="48.474204" lon="-121.062597"><ele>1587.0</ele><time>2025-07-26T16:35:42Z</time></trkpt><trkpt lat="48.474153" lon="-121.062545"><ele>1584.0</ele><time>2025-07-26T16:35:56Z</time></trkpt><trkpt lat="48.474109" lon="-121.062601"><ele>1588.0</ele><time>2025-07-26T16:36:06Z</time></trkpt><trkpt lat="48.474055" lon="-121.06263"><ele>1587.0</ele><time>2025-07-26T16:36:14Z</time></trkpt><trkpt lat="48.474027" lon="-121.062667"><ele>1587.0</ele><time>2025-07-26T16:36:17Z</time></trkpt><trkpt lat="48.473992" lon="-121.062681"><ele>1588.0</ele><time>2025-07-26T16:36:21Z</time></trkpt><trkpt lat="48.473956" lon="-121.06268"><ele>1588.0</ele><time>2025-07-26T16:36:24Z</time></trkpt><trkpt lat="48.473896" lon="-121.062642"><ele>1587.0</ele><time>2025-07-26T16:36:30Z</time></trkpt><trkpt lat="48.473856" lon="-121.06257"><ele>1588.0</ele><time>2025-07-26T16:36:36Z</time></trkpt><trkpt lat="48.473853" lon="-121.062534"><ele>1587.0</ele><time>2025-07-26T16:36:38Z</time></trkpt><trkpt lat="48.473773" lon="-121.06241"><ele>1587.0</ele><time>2025-07-26T16:36:49Z</time></trkpt><trkpt lat="48.473651" lon="-121.062297"><ele>1589.0</ele><time>2025-07-26T16:37:04Z</time></trkpt><trkpt lat="48.473608" lon="-121.062171"><ele>1588.0</ele><time>2025-07-26T16:37:13Z</time></trkpt><trkpt lat="48.473473" lon="-121.062079"><ele>1587.0</ele><time>2025-07-26T16:37:33Z</time></trkpt><trkpt lat="48.473425" lon="-121.062061"><ele>1588.0</ele><time>2025-07-26T16:37:40Z</time></trkpt><trkpt lat="48.473276" lon="-121.062055"><ele>1586.0</ele><time>2025-07-26T16:38:02Z</time></trkpt><trkpt lat="48.473249" lon="-121.062088"><ele>1589.0</ele><time>2025-07-26T16:38:20Z</time></trkpt><trkpt lat="48.473169" lon="-121.062088"><ele>1588.0</ele><time>2025-07-26T16:38:46Z</time></trkpt><trkpt lat="48.473103" lon="-121.062109"><ele>1588.0</ele><time>2025-07-26T16:38:53Z</time></trkpt><trkpt lat="48.473005" lon="-121.0621"><ele>1590.0</ele><time>2025-07-26T16:39:04Z</time></trkpt><trkpt lat="48.47298" lon="-121.062082"><ele>1590.0</ele><time>2025-07-26T16:39:07Z</time></trkpt><trkpt lat="48.472888" lon="-121.062051"><ele>1591.0</ele><time>2025-07-26T16:39:16Z</time></trkpt><trkpt lat="48.47274" lon="-121.062049"><ele>1592.0</ele><time>2025-07-26T16:39:29Z</time></trkpt><trkpt lat="48.472705" lon="-121.062029"><ele>1593.1</ele><time>2025-07-26T16:39:34Z</time></trkpt><trkpt lat="48.472589" lon="-121.062022"><ele>1590.0</ele><time>2025-07-26T16:39:45Z</time></trkpt><trkpt lat="48.472554" lon="-121.062009"><ele>1591.0</ele><time>2025-07-26T16:39:48Z</time></trkpt><trkpt lat="48.472521" lon="-121.062019"><ele>1592.0</ele><time>2025-07-26T16:39:51Z</time></trkpt><trkpt lat="48.472489" lon="-121.062004"><ele>1592.0</ele><time>2025-07-26T16:39:55Z</time></trkpt><trkpt lat="48.472422" lon="-121.062006"><ele>1591.0</ele><time>2025-07-26T16:40:03Z</time></trkpt><trkpt lat="48.472387" lon="-121.061993"><ele>1590.0</ele><time>2025-07-26T16:40:06Z</time></trkpt><trkpt lat="48.472216" lon="-121.061988"><ele>1592.4</ele><time>2025-07-26T16:40:24Z</time></trkpt><trkpt lat="48.472112" lon="-121.061912"><ele>1592.0</ele><time>2025-07-26T16:40:38Z</time></trkpt><trkpt lat="48.472058" lon="-121.061858"><ele>1592.0</ele><time>2025-07-26T16:40:45Z</time></trkpt><trkpt lat="48.472027" lon="-121.061794"><ele>1592.0</ele><time>2025-07-26T16:40:57Z</time></trkpt><trkpt lat="48.472009" lon="-121.061712"><ele>1593.0</ele><time>2025-07-26T16:41:02Z</time></trkpt><trkpt lat="48.471974" lon="-121.06165"><ele>1594.0</ele><time>2025-07-26T16:41:10Z</time></trkpt><trkpt lat="48.471851" lon="-121.061612"><ele>1596.0</ele><time>2025-07-26T16:41:23Z</time></trkpt><trkpt lat="48.471698" lon="-121.061496"><ele>1596.0</ele><time>2025-07-26T16:41:40Z</time></trkpt><trkpt lat="48.471603" lon="-121.061451"><ele>1596.0</ele><time>2025-07-26T16:41:50Z</time></trkpt><trkpt lat="48.471581" lon="-121.061416"><ele>1597.0</ele><time>2025-07-26T16:41:53Z</time></trkpt><trkpt lat="48.471507" lon="-121.061169"><ele>1598.0</ele><time>2025-07-26T16:42:11Z</time></trkpt><trkpt lat="48.47149" lon="-121.06114"><ele>1597.0</ele><time>2025-07-26T16:42:13Z</time></trkpt><trkpt lat="48.471355" lon="-121.061063"><ele>1598.0</ele><time>2025-07-26T16:42:28Z</time></trkpt><trkpt lat="48.471329" lon="-121.060991"><ele>1600.0</ele><time>2025-07-26T16:42:34Z</time></trkpt><trkpt lat="48.471326" lon="-121.06092"><ele>1599.0</ele><time>2025-07-26T16:42:38Z</time></trkpt><trkpt lat="48.471247" lon="-121.060791"><ele>1600.0</ele><time>2025-07-26T16:42:49Z</time></trkpt><trkpt lat="48.471122" lon="-121.060549"><ele>1599.0</ele><time>2025-07-26T16:43:10Z</time></trkpt><trkpt lat="48.471069" lon="-121.06048"><ele>1601.0</ele><time>2025-07-26T16:43:17Z</time></trkpt><trkpt lat="48.471013" lon="-121.060445"><ele>1602.0</ele><time>2025-07-26T16:43:22Z</time></trkpt><trkpt lat="48.470981" lon="-121.060436"><ele>1600.0</ele><time>2025-07-26T16:43:25Z</time></trkpt><trkpt lat="48.470881" lon="-121.06044"><ele>1602.0</ele><time>2025-07-26T16:43:34Z</time></trkpt><trkpt lat="48.470804" lon="-121.060401"><ele>1603.0</ele><time>2025-07-26T16:43:43Z</time></trkpt><trkpt lat="48.470737" lon="-121.060416"><ele>1602.0</ele><time>2025-07-26T16:44:00Z</time></trkpt><trkpt lat="48.470606" lon="-121.060389"><ele>1601.0</ele><time>2025-07-26T16:44:13Z</time></trkpt><trkpt lat="48.470564" lon="-121.060398"><ele>1604.0</ele><time>2025-07-26T16:44:16Z</time></trkpt><trkpt lat="48.470495" lon="-121.060374"><ele>1603.0</ele><time>2025-07-26T16:44:24Z</time></trkpt><trkpt lat="48.470459" lon="-121.060334"><ele>1602.0</ele><time>2025-07-26T16:44:34Z</time></trkpt><trkpt lat="48.470451" lon="-121.060352"><ele>1601.0</ele><time>2025-07-26T16:44:55Z</time></trkpt><trkpt lat="48.470418" lon="-121.060325"><ele>1605.0</ele><time>2025-07-26T16:45:05Z</time></trkpt><trkpt lat="48.470387" lon="-121.060315"><ele>1602.0</ele><time>2025-07-26T16:45:10Z</time></trkpt><trkpt lat="48.470362" lon="-121.060294"><ele>1604.0</ele><time>2025-07-26T16:45:15Z</time></trkpt><trkpt lat="48.470324" lon="-121.060221"><ele>1604.0</ele><time>2025-07-26T16:45:22Z</time></trkpt><trkpt lat="48.470151" lon="-121.060028"><ele>1607.0</ele><time>2025-07-26T16:45:49Z</time></trkpt><trkpt lat="48.470056" lon="-121.059992"><ele>1608.0</ele><time>2025-07-26T16:46:01Z</time></trkpt><trkpt lat="48.46984" lon="-121.059833"><ele>1612.0</ele><time>2025-07-26T16:46:32Z</time></trkpt><trkpt lat="48.46977" lon="-121.059802"><ele>1612.0</ele><time>2025-07-26T16:46:40Z</time></trkpt><trkpt lat="48.469722" lon="-121.059756"><ele>1612.0</ele><time>2025-07-26T16:46:50Z</time></trkpt><trkpt lat="48.46963" lon="-121.059716"><ele>1612.0</ele><time>2025-07-26T16:47:01Z</time></trkpt><trkpt lat="48.469493" lon="-121.059593"><ele>1614.0</ele><time>2025-07-26T16:47:26Z</time></trkpt><trkpt lat="48.469448" lon="-121.059539"><ele>1616.0</ele><time>2025-07-26T16:47:35Z</time></trkpt><trkpt lat="48.469398" lon="-121.05951"><ele>1616.0</ele><time>2025-07-26T16:47:42Z</time></trkpt><trkpt lat="48.469284" lon="-121.059412"><ele>1618.0</ele><time>2025-07-26T16:47:58Z</time></trkpt><trkpt lat="48.469143" lon="-121.059313"><ele>1620.0</ele><time>2025-07-26T16:48:21Z</time></trkpt><trkpt lat="48.469112" lon="-121.059301"><ele>1616.0</ele><time>2025-07-26T16:48:31Z</time></trkpt><trkpt lat="48.469022" lon="-121.059292"><ele>1620.0</ele><time>2025-07-26T16:48:47Z</time></trkpt><trkpt lat="48.468949" lon="-121.05931"><ele>1623.0</ele><time>2025-07-26T16:48:56Z</time></trkpt><trkpt lat="48.468842" lon="-121.059427"><ele>1623.0</ele><time>2025-07-26T16:49:11Z</time></trkpt><trkpt lat="48.468772" lon="-121.05945"><ele>1624.0</ele><time>2025-07-26T16:49:18Z</time></trkpt><trkpt lat="48.468738" lon="-121.05945"><ele>1624.0</ele><time>2025-07-26T16:49:22Z</time></trkpt><trkpt lat="48.468679" lon="-121.059424"><ele>1624.0</ele><time>2025-07-26T16:49:29Z</time></trkpt><trkpt lat="48.468652" lon="-121.0594"><ele>1623.0</ele><time>2025-07-26T16:49:32Z</time></trkpt><trkpt lat="48.468615" lon="-121.059328"><ele>1626.0</ele><time>2025-07-26T16:49:38Z</time></trkpt><trkpt lat="48.468573" lon="-121.059177"><ele>1623.0</ele><time>2025-07-26T16:49:49Z</time></trkpt><trkpt lat="48.46854" lon="-121.059107"><ele>1624.0</ele><time>2025-07-26T16:49:55Z</time></trkpt><trkpt lat="48.468487" lon="-121.059074"><ele>1625.0</ele><time>2025-07-26T16:50:04Z</time></trkpt><trkpt lat="48.468457" lon="-121.059069"><ele>1625.0</ele><time>2025-07-26T16:50:07Z</time></trkpt><trkpt lat="48.468374" lon="-121.05923"><ele>1628.0</ele><time>2025-07-26T16:50:22Z</time></trkpt><trkpt lat="48.468361" lon="-121.05929"><ele>1630.0</ele><time>2025-07-26T16:50:27Z</time></trkpt><trkpt lat="48.468295" lon="-121.059406"><ele>1631.0</ele><time>2025-07-26T16:50:40Z</time></trkpt><trkpt lat="48.468268" lon="-121.059426"><ele>1629.0</ele><time>2025-07-26T16:50:44Z</time></trkpt><trkpt lat="48.468154" lon="-121.059431"><ele>1632.0</ele><time>2025-07-26T16:50:57Z</time></trkpt><trkpt lat="48.468124" lon="-121.059441"><ele>1632.0</ele><time>2025-07-26T16:51:01Z</time></trkpt><trkpt lat="48.468093" lon="-121.059457"><ele>1632.0</ele><time>2025-07-26T16:51:04Z</time></trkpt><trkpt lat="48.468075" lon="-121.059483"><ele>1632.0</ele><time>2025-07-26T16:51:07Z</time></trkpt><trkpt lat="48.468047" lon="-121.059501"><ele>1631.0</ele><time>2025-07-26T16:51:11Z</time></trkpt><trkpt lat="48.467979" lon="-121.059483"><ele>1637.0</ele><time>2025-07-26T16:51:17Z</time></trkpt><trkpt lat="48.467871" lon="-121.059488"><ele>1636.0</ele><time>2025-07-26T16:51:29Z</time></trkpt><trkpt lat="48.467801" lon="-121.059503"><ele>1637.0</ele><time>2025-07-26T16:51:35Z</time></trkpt><trkpt lat="48.467772" lon="-121.059491"><ele>1638.0</ele><time>2025-07-26T16:51:38Z</time></trkpt><trkpt lat="48.4677" lon="-121.059423"><ele>1641.0</ele><time>2025-07-26T16:51:48Z</time></trkpt><trkpt lat="48.46767" lon="-121.059362"><ele>1639.0</ele><time>2025-07-26T16:51:55Z</time></trkpt><trkpt lat="48.467605" lon="-121.059041"><ele>1635.0</ele><time>2025-07-26T16:59:43Z</time></trkpt><trkpt lat="48.467566" lon="-121.059079"><ele>1640.0</ele><time>2025-07-26T17:10:12Z</time></trkpt><trkpt lat="48.467543" lon="-121.059113"><ele>1640.0</ele><time>2025-07-26T17:10:17Z</time></trkpt><trkpt lat="48.467536" lon="-121.059143"><ele>1641.0</ele><time>2025-07-26T17:10:21Z</time></trkpt><trkpt lat="48.467486" lon="-121.059212"><ele>1644.0</ele><time>2025-07-26T17:10:35Z</time></trkpt><trkpt lat="48.467452" lon="-121.059293"><ele>1643.0</ele><time>2025-07-26T17:11:56Z</time></trkpt><trkpt lat="48.467488" lon="-121.059311"><ele>1646.0</ele><time>2025-07-26T17:12:26Z</time></trkpt><trkpt lat="48.467515" lon="-121.059345"><ele>1638.0</ele><time>2025-07-26T17:13:10Z</time></trkpt><trkpt lat="48.467458" lon="-121.059276"><ele>1646.0</ele><time>2025-07-26T17:13:55Z</time></trkpt><trkpt lat="48.467511" lon="-121.059176"><ele>1639.0</ele><time>2025-07-26T17:14:57Z</time></trkpt><trkpt lat="48.467574" lon="-121.059099"><ele>1640.0</ele><time>2025-07-26T17:15:20Z</time></trkpt><trkpt lat="48.467629" lon="-121.058978"><ele>1640.0</ele><time>2025-07-26T17:15:49Z</time></trkpt><trkpt lat="48.467715" lon="-121.05885"><ele>1641.0</ele><time>2025-07-26T17:16:09Z</time></trkpt><trkpt lat="48.467774" lon="-121.058809"><ele>1641.0</ele><time>2025-07-26T17:16:16Z</time></trkpt><trkpt lat="48.467836" lon="-121.05889"><ele>1644.0</ele><time>2025-07-26T17:16:25Z</time></trkpt><trkpt lat="48.467881" lon="-121.058887"><ele>1644.0</ele><time>2025-07-26T17:16:31Z</time></trkpt><trkpt lat="48.467923" lon="-121.058812"><ele>1644.0</ele><time>2025-07-26T17:17:28Z</time></trkpt><trkpt lat="48.467969" lon="-121.058775"><ele>1642.0</ele><time>2025-07-26T17:17:36Z</time></trkpt><trkpt lat="48.46799" lon="-121.058744"><ele>1642.0</ele><time>2025-07-26T17:17:40Z</time></trkpt><trkpt lat="48.467967" lon="-121.058603"><ele>1639.0</ele><time>2025-07-26T17:17:59Z</time></trkpt><trkpt lat="48.467997" lon="-121.058618"><ele>1641.0</ele><time>2025-07-26T17:18:12Z</time></trkpt><trkpt lat="48.468037" lon="-121.058584"><ele>1640.0</ele><time>2025-07-26T17:18:17Z</time></trkpt><trkpt lat="48.468091" lon="-121.058437"><ele>1640.0</ele><time>2025-07-26T17:18:27Z</time></trkpt><trkpt lat="48.468171" lon="-121.058314"><ele>1638.0</ele><time>2025-07-26T17:18:39Z</time></trkpt><trkpt lat="48.46817" lon="-121.058233"><ele>1635.0</ele><time>2025-07-26T17:18:50Z</time></trkpt><trkpt lat="48.468149" lon="-121.058202"><ele>1638.0</ele><time>2025-07-26T17:19:03Z</time></trkpt><trkpt lat="48.468035" lon="-121.057697"><ele>1646.0</ele><time>2025-07-26T17:19:53Z</time></trkpt><trkpt lat="48.468032" lon="-121.057473"><ele>1648.0</ele><time>2025-07-26T17:20:16Z</time></trkpt><trkpt lat="48.468009" lon="-121.05734"><ele>1647.0</ele><time>2025-07-26T17:20:33Z</time></trkpt><trkpt lat="48.468013" lon="-121.057215"><ele>1648.0</ele><time>2025-07-26T17:20:43Z</time></trkpt><trkpt lat="48.468028" lon="-121.057143"><ele>1648.0</ele><time>2025-07-26T17:20:50Z</time></trkpt><trkpt lat="48.468025" lon="-121.057071"><ele>1646.0</ele><time>2025-07-26T17:20:56Z</time></trkpt><trkpt lat="48.468048" lon="-121.057001"><ele>1648.0</ele><time>2025-07-26T17:21:03Z</time></trkpt><trkpt lat="48.468067" lon="-121.056881"><ele>1650.0</ele><time>2025-07-26T17:21:12Z</time></trkpt><trkpt lat="48.46806" lon="-121.05664"><ele>1652.0</ele><time>2025-07-26T17:21:34Z</time></trkpt><trkpt lat="48.468051" lon="-121.056588"><ele>1653.9</ele><time>2025-07-26T17:21:37Z</time></trkpt><trkpt lat="48.468073" lon="-121.056521"><ele>1650.0</ele><time>2025-07-26T17:21:44Z</time></trkpt><trkpt lat="48.468061" lon="-121.056358"><ele>1648.0</ele><time>2025-07-26T17:21:56Z</time></trkpt><trkpt lat="48.468077" lon="-121.056317"><ele>1650.0</ele><time>2025-07-26T17:22:00Z</time></trkpt><trkpt lat="48.468093" lon="-121.056212"><ele>1650.0</ele><time>2025-07-26T17:22:08Z</time></trkpt><trkpt lat="48.468124" lon="-121.056143"><ele>1648.0</ele><time>2025-07-26T17:22:16Z</time></trkpt><trkpt lat="48.468118" lon="-121.055864"><ele>1651.0</ele><time>2025-07-26T17:22:37Z</time></trkpt><trkpt lat="48.468151" lon="-121.055834"><ele>1650.0</ele><time>2025-07-26T17:22:43Z</time></trkpt><trkpt lat="48.468159" lon="-121.055797"><ele>1650.0</ele><time>2025-07-26T17:22:47Z</time></trkpt><trkpt lat="48.468122" lon="-121.055653"><ele>1650.0</ele><time>2025-07-26T17:22:57Z</time></trkpt><trkpt lat="48.468121" lon="-121.055487"><ele>1654.0</ele><time>2025-07-26T17:23:14Z</time></trkpt><trkpt lat="48.46808" lon="-121.055314"><ele>1657.0</ele><time>2025-07-26T17:23:29Z</time></trkpt><trkpt lat="48.468092" lon="-121.055252"><ele>1658.0</ele><time>2025-07-26T17:23:36Z</time></trkpt><trkpt lat="48.4681" lon="-121.0551"><ele>1661.0</ele><time>2025-07-26T17:23:55Z</time></trkpt><trkpt lat="48.468135" lon="-121.055207"><ele>1662.0</ele><time>2025-07-26T17:24:04Z</time></trkpt><trkpt lat="48.468164" lon="-121.055232"><ele>1664.0</ele><time>2025-07-26T17:24:08Z</time></trkpt><trkpt lat="48.468153" lon="-121.055088"><ele>1666.0</ele><time>2025-07-26T17:24:19Z</time></trkpt><trkpt lat="48.46813" lon="-121.05501"><ele>1667.0</ele><time>2025-07-26T17:24:25Z</time></trkpt><trkpt lat="48.468159" lon="-121.054872"><ele>1668.0</ele><time>2025-07-26T17:24:38Z</time></trkpt><trkpt lat="48.46813" lon="-121.054731"><ele>1672.0</ele><time>2025-07-26T17:24:53Z</time></trkpt><trkpt lat="48.468104" lon="-121.054688"><ele>1672.3</ele><time>2025-07-26T17:24:57Z</time></trkpt><trkpt lat="48.46809" lon="-121.054594"><ele>1672.0</ele><time>2025-07-26T17:25:09Z</time></trkpt><trkpt lat="48.468049" lon="-121.054529"><ele>1674.0</ele><time>2025-07-26T17:25:50Z</time></trkpt><trkpt lat="48.468043" lon="-121.054466"><ele>1677.0</ele><time>2025-07-26T17:25:58Z</time></trkpt><trkpt lat="48.468122" lon="-121.054529"><ele>1676.0</ele><time>2025-07-26T17:26:19Z</time></trkpt><trkpt lat="48.468177" lon="-121.054623"><ele>1677.0</ele><time>2025-07-26T17:26:28Z</time></trkpt><trkpt lat="48.468228" lon="-121.054678"><ele>1680.0</ele><time>2025-07-26T17:26:35Z</time></trkpt><trkpt lat="48.4683" lon="-121.054781"><ele>1680.0</ele><time>2025-07-26T17:26:46Z</time></trkpt><trkpt lat="48.468316" lon="-121.054871"><ele>1680.0</ele><time>2025-07-26T17:26:54Z</time></trkpt><trkpt lat="48.468343" lon="-121.054946"><ele>1682.0</ele><time>2025-07-26T17:27:00Z</time></trkpt><trkpt lat="48.468369" lon="-121.054965"><ele>1683.0</ele><time>2025-07-26T17:27:04Z</time></trkpt><trkpt lat="48.46842" lon="-121.05509"><ele>1687.0</ele><time>2025-07-26T17:27:17Z</time></trkpt><trkpt lat="48.468457" lon="-121.055145"><ele>1688.0</ele><time>2025-07-26T17:27:26Z</time></trkpt><trkpt lat="48.468582" lon="-121.055504"><ele>1695.0</ele><time>2025-07-26T17:28:07Z</time></trkpt><trkpt lat="48.468679" lon="-121.055631"><ele>1696.0</ele><time>2025-07-26T17:28:25Z</time></trkpt><trkpt lat="48.468708" lon="-121.055624"><ele>1697.0</ele><time>2025-07-26T17:29:10Z</time></trkpt><trkpt lat="48.468742" lon="-121.055662"><ele>1698.0</ele><time>2025-07-26T17:29:26Z</time></trkpt><trkpt lat="48.468744" lon="-121.055705"><ele>1700.0</ele><time>2025-07-26T17:29:31Z</time></trkpt><trkpt lat="48.468728" lon="-121.055738"><ele>1701.0</ele><time>2025-07-26T17:29:35Z</time></trkpt><trkpt lat="48.468712" lon="-121.055889"><ele>1701.0</ele><time>2025-07-26T17:29:44Z</time></trkpt><trkpt lat="48.468676" lon="-121.056017"><ele>1703.0</ele><time>2025-07-26T17:29:53Z</time></trkpt><trkpt lat="48.468661" lon="-121.056271"><ele>1704.0</ele><time>2025-07-26T17:30:18Z</time></trkpt><trkpt lat="48.468683" lon="-121.056357"><ele>1704.0</ele><time>2025-07-26T17:30:26Z</time></trkpt><trkpt lat="48.468762" lon="-121.056461"><ele>1709.0</ele><time>2025-07-26T17:30:42Z</time></trkpt><trkpt lat="48.468773" lon="-121.05644"><ele>1708.0</ele><time>2025-07-26T17:30:43Z</time></trkpt><trkpt lat="48.468779" lon="-121.056298"><ele>1710.0</ele><time>2025-07-26T17:30:56Z</time></trkpt><trkpt lat="48.46877" lon="-121.056264"><ele>1710.0</ele><time>2025-07-26T17:30:59Z</time></trkpt><trkpt lat="48.468785" lon="-121.056197"><ele>1710.0</ele><time>2025-07-26T17:31:07Z</time></trkpt><trkpt lat="48.468837" lon="-121.056071"><ele>1712.0</ele><time>2025-07-26T17:31:27Z</time></trkpt><trkpt lat="48.468876" lon="-121.056138"><ele>1717.1</ele><time>2025-07-26T17:31:38Z</time></trkpt><trkpt lat="48.468897" lon="-121.056254"><ele>1714.0</ele><time>2025-07-26T17:31:54Z</time></trkpt><trkpt lat="48.468934" lon="-121.056203"><ele>1717.0</ele><time>2025-07-26T17:32:30Z</time></trkpt><trkpt lat="48.46895" lon="-121.056164"><ele>1722.0</ele><time>2025-07-26T17:33:02Z</time></trkpt><trkpt lat="48.468998" lon="-121.05613"><ele>1722.0</ele><time>2025-07-26T17:33:13Z</time></trkpt><trkpt lat="48.468991" lon="-121.056085"><ele>1724.0</ele><time>2025-07-26T17:33:19Z</time></trkpt><trkpt lat="48.469019" lon="-121.055985"><ele>1726.0</ele><time>2025-07-26T17:33:33Z</time></trkpt><trkpt lat="48.469029" lon="-121.0559"><ele>1727.0</ele><time>2025-07-26T17:33:40Z</time></trkpt><trkpt lat="48.469051" lon="-121.055871"><ele>1725.0</ele><time>2025-07-26T17:33:45Z</time></trkpt><trkpt lat="48.46908" lon="-121.055854"><ele>1726.0</ele><time>2025-07-26T17:33:50Z</time></trkpt><trkpt lat="48.469104" lon="-121.05578"><ele>1730.0</ele><time>2025-07-26T17:34:06Z</time></trkpt><trkpt lat="48.469137" lon="-121.055748"><ele>1728.0</ele><time>2025-07-26T17:34:14Z</time></trkpt><trkpt lat="48.469187" lon="-121.055646"><ele>1734.0</ele><time>2025-07-26T17:35:13Z</time></trkpt><trkpt lat="48.469229" lon="-121.055645"><ele>1736.0</ele><time>2025-07-26T17:35:59Z</time></trkpt><trkpt lat="48.469275" lon="-121.055787"><ele>1741.0</ele><time>2025-07-26T17:36:25Z</time></trkpt><trkpt lat="48.469307" lon="-121.055851"><ele>1742.0</ele><time>2025-07-26T17:36:37Z</time></trkpt><trkpt lat="48.46932" lon="-121.055936"><ele>1746.0</ele><time>2025-07-26T17:36:48Z</time></trkpt><trkpt lat="48.469362" lon="-121.055987"><ele>1746.0</ele><time>2025-07-26T17:37:03Z</time></trkpt><trkpt lat="48.469354" lon="-121.05607"><ele>1748.0</ele><time>2025-07-26T17:37:12Z</time></trkpt><trkpt lat="48.469369" lon="-121.056112"><ele>1749.0</ele><time>2025-07-26T17:37:19Z</time></trkpt><trkpt lat="48.469411" lon="-121.056095"><ele>1750.0</ele><time>2025-07-26T17:37:45Z</time></trkpt><trkpt lat="48.46949" lon="-121.055987"><ele>1753.0</ele><time>2025-07-26T17:40:36Z</time></trkpt><trkpt lat="48.469511" lon="-121.05587"><ele>1758.0</ele><time>2025-07-26T17:40:48Z</time></trkpt><trkpt lat="48.469538" lon="-121.055819"><ele>1756.0</ele><time>2025-07-26T17:40:59Z</time></trkpt><trkpt lat="48.469561" lon="-121.055796"><ele>1760.0</ele><time>2025-07-26T17:41:05Z</time></trkpt><trkpt lat="48.46957" lon="-121.055746"><ele>1755.0</ele><time>2025-07-26T17:41:13Z</time></trkpt><trkpt lat="48.469599" lon="-121.055694"><ele>1760.0</ele><time>2025-07-26T17:41:26Z</time></trkpt><trkpt lat="48.469622" lon="-121.055545"><ele>1764.0</ele><time>2025-07-26T17:41:46Z</time></trkpt><trkpt lat="48.469669" lon="-121.055511"><ele>1764.0</ele><time>2025-07-26T17:42:04Z</time></trkpt><trkpt lat="48.46969" lon="-121.05541"><ele>1769.0</ele><time>2025-07-26T17:42:29Z</time></trkpt><trkpt lat="48.469717" lon="-121.055351"><ele>1767.0</ele><time>2025-07-26T17:42:44Z</time></trkpt><trkpt lat="48.469735" lon="-121.055379"><ele>1770.0</ele><time>2025-07-26T17:42:48Z</time></trkpt><trkpt lat="48.46979" lon="-121.055529"><ele>1773.0</ele><time>2025-07-26T17:43:14Z</time></trkpt><trkpt lat="48.469797" lon="-121.055497"><ele>1776.0</ele><time>2025-07-26T17:43:18Z</time></trkpt><trkpt lat="48.469802" lon="-121.055377"><ele>1777.0</ele><time>2025-07-26T17:43:26Z</time></trkpt><trkpt lat="48.469791" lon="-121.05529"><ele>1775.0</ele><time>2025-07-26T17:43:32Z</time></trkpt><trkpt lat="48.469812" lon="-121.055256"><ele>1778.0</ele><time>2025-07-26T17:43:37Z</time></trkpt><trkpt lat="48.469805" lon="-121.055059"><ele>1780.0</ele><time>2025-07-26T17:44:24Z</time></trkpt><trkpt lat="48.469824" lon="-121.054957"><ele>1784.0</ele><time>2025-07-26T17:44:39Z</time></trkpt><trkpt lat="48.469822" lon="-121.054924"><ele>1785.0</ele><time>2025-07-26T17:44:46Z</time></trkpt><trkpt lat="48.469835" lon="-121.054894"><ele>1780.0</ele><time>2025-07-26T17:44:53Z</time></trkpt><trkpt lat="48.469844" lon="-121.054707"><ele>1791.0</ele><time>2025-07-26T17:45:42Z</time></trkpt><trkpt lat="48.46987" lon="-121.054711"><ele>1785.0</ele><time>2025-07-26T17:46:05Z</time></trkpt><trkpt lat="48.469816" lon="-121.054608"><ele>1796.0</ele><time>2025-07-26T17:46:50Z</time></trkpt><trkpt lat="48.469816" lon="-121.054566"><ele>1796.0</ele><time>2025-07-26T17:46:53Z</time></trkpt><trkpt lat="48.469783" lon="-121.054501"><ele>1797.0</ele><time>2025-07-26T17:47:01Z</time></trkpt><trkpt lat="48.469732" lon="-121.054437"><ele>1798.0</ele><time>2025-07-26T17:47:35Z</time></trkpt><trkpt lat="48.469715" lon="-121.054397"><ele>1798.5</ele><time>2025-07-26T17:47:39Z</time></trkpt><trkpt lat="48.469746" lon="-121.054438"><ele>1794.0</ele><time>2025-07-26T17:47:49Z</time></trkpt><trkpt lat="48.469834" lon="-121.054347"><ele>1800.0</ele><time>2025-07-26T17:48:16Z</time></trkpt><trkpt lat="48.469797" lon="-121.054271"><ele>1804.2</ele><time>2025-07-26T17:48:26Z</time></trkpt><trkpt lat="48.469775" lon="-121.05426"><ele>1804.0</ele><time>2025-07-26T17:48:28Z</time></trkpt><trkpt lat="48.469792" lon="-121.054221"><ele>1800.0</ele><time>2025-07-26T17:48:36Z</time></trkpt><trkpt lat="48.469826" lon="-121.054207"><ele>1801.0</ele><time>2025-07-26T17:48:41Z</time></trkpt><trkpt lat="48.469912" lon="-121.054249"><ele>1802.0</ele><time>2025-07-26T17:49:00Z</time></trkpt><trkpt lat="48.469974" lon="-121.054267"><ele>1806.0</ele><time>2025-07-26T17:49:10Z</time></trkpt><trkpt lat="48.469975" lon="-121.054218"><ele>1809.0</ele><time>2025-07-26T17:49:15Z</time></trkpt><trkpt lat="48.469893" lon="-121.054019"><ele>1811.0</ele><time>2025-07-26T17:49:37Z</time></trkpt><trkpt lat="48.469887" lon="-121.053907"><ele>1812.0</ele><time>2025-07-26T17:49:45Z</time></trkpt><trkpt lat="48.469839" lon="-121.053776"><ele>1813.0</ele><time>2025-07-26T17:49:54Z</time></trkpt><trkpt lat="48.469825" lon="-121.053708"><ele>1815.0</ele><time>2025-07-26T17:50:01Z</time></trkpt><trkpt lat="48.469849" lon="-121.053595"><ele>1814.3</ele><time>2025-07-26T17:50:10Z</time></trkpt><trkpt lat="48.4698" lon="-121.053526"><ele>1815.0</ele><time>2025-07-26T17:50:20Z</time></trkpt><trkpt lat="48.469797" lon="-121.053446"><ele>1808.0</ele><time>2025-07-26T17:53:13Z</time></trkpt><trkpt lat="48.469768" lon="-121.053378"><ele>1817.0</ele><time>2025-07-26T17:56:09Z</time></trkpt><trkpt lat="48.469769" lon="-121.053221"><ele>1818.0</ele><time>2025-07-26T17:56:21Z</time></trkpt><trkpt lat="48.469785" lon="-121.053112"><ele>1819.0</ele><time>2025-07-26T17:56:30Z</time></trkpt><trkpt lat="48.469762" lon="-121.053052"><ele>1820.0</ele><time>2025-07-26T17:56:34Z</time></trkpt><trkpt lat="48.469731" lon="-121.053023"><ele>1821.0</ele><time>2025-07-26T17:56:40Z</time></trkpt><trkpt lat="48.469721" lon="-121.052945"><ele>1820.0</ele><time>2025-07-26T17:56:48Z</time></trkpt><trkpt lat="48.469766" lon="-121.052981"><ele>1820.0</ele><time>2025-07-26T17:56:56Z</time></trkpt><trkpt lat="48.469799" lon="-121.052965"><ele>1820.0</ele><time>2025-07-26T17:57:01Z</time></trkpt><trkpt lat="48.469831" lon="-121.052993"><ele>1824.0</ele><time>2025-07-26T17:57:33Z</time></trkpt><trkpt lat="48.469863" lon="-121.05319"><ele>1824.0</ele><time>2025-07-26T17:58:04Z</time></trkpt><trkpt lat="48.469921" lon="-121.053295"><ele>1828.0</ele><time>2025-07-26T17:58:17Z</time></trkpt><trkpt lat="48.469958" lon="-121.053309"><ele>1827.0</ele><time>2025-07-26T17:58:22Z</time></trkpt><trkpt lat="48.469934" lon="-121.053242"><ele>1830.0</ele><time>2025-07-26T17:58:31Z</time></trkpt><trkpt lat="48.469926" lon="-121.053172"><ele>1832.0</ele><time>2025-07-26T17:58:37Z</time></trkpt><trkpt lat="48.469943" lon="-121.052938"><ele>1833.0</ele><time>2025-07-26T17:58:59Z</time></trkpt><trkpt lat="48.469985" lon="-121.052707"><ele>1836.0</ele><time>2025-07-26T17:59:20Z</time></trkpt><trkpt lat="48.469982" lon="-121.052667"><ele>1836.0</ele><time>2025-07-26T17:59:23Z</time></trkpt><trkpt lat="48.469933" lon="-121.052615"><ele>1838.0</ele><time>2025-07-26T17:59:28Z</time></trkpt><trkpt lat="48.469822" lon="-121.0524"><ele>1838.0</ele><time>2025-07-26T17:59:55Z</time></trkpt><trkpt lat="48.469896" lon="-121.052208"><ele>1836.0</ele><time>2025-07-26T18:02:24Z</time></trkpt><trkpt lat="48.469895" lon="-121.052133"><ele>1836.0</ele><time>2025-07-26T18:02:30Z</time></trkpt><trkpt lat="48.469911" lon="-121.052107"><ele>1835.0</ele><time>2025-07-26T18:02:34Z</time></trkpt><trkpt lat="48.46997" lon="-121.052116"><ele>1840.0</ele><time>2025-07-26T18:02:47Z</time></trkpt><trkpt lat="48.470026" lon="-121.052079"><ele>1843.0</ele><time>2025-07-26T18:02:58Z</time></trkpt><trkpt lat="48.470085" lon="-121.052076"><ele>1845.0</ele><time>2025-07-26T18:03:08Z</time></trkpt><trkpt lat="48.470145" lon="-121.052043"><ele>1845.0</ele><time>2025-07-26T18:03:18Z</time></trkpt><trkpt lat="48.470171" lon="-121.052015"><ele>1845.0</ele><time>2025-07-26T18:03:23Z</time></trkpt><trkpt lat="48.470247" lon="-121.051975"><ele>1848.0</ele><time>2025-07-26T18:03:36Z</time></trkpt><trkpt lat="48.470309" lon="-121.051918"><ele>1850.0</ele><time>2025-07-26T18:03:46Z</time></trkpt><trkpt lat="48.470383" lon="-121.051826"><ele>1851.0</ele><time>2025-07-26T18:03:55Z</time></trkpt><trkpt lat="48.470395" lon="-121.051785"><ele>1851.0</ele><time>2025-07-26T18:03:58Z</time></trkpt><trkpt lat="48.470461" lon="-121.051671"><ele>1852.0</ele><time>2025-07-26T18:04:32Z</time></trkpt><trkpt lat="48.470434" lon="-121.051641"><ele>1851.0</ele><time>2025-07-26T18:04:48Z</time></trkpt><trkpt lat="48.470392" lon="-121.051701"><ele>1852.0</ele><time>2025-07-26T18:05:00Z</time></trkpt><trkpt lat="48.470328" lon="-121.051753"><ele>1855.0</ele><time>2025-07-26T18:05:08Z</time></trkpt><trkpt lat="48.470282" lon="-121.051651"><ele>1855.0</ele><time>2025-07-26T18:05:20Z</time></trkpt><trkpt lat="48.47024" lon="-121.051617"><ele>1852.0</ele><time>2025-07-26T18:05:32Z</time></trkpt><trkpt lat="48.470219" lon="-121.051612"><ele>1848.0</ele><time>2025-07-26T18:25:12Z</time></trkpt><trkpt lat="48.470223" lon="-121.051636"><ele>1853.0</ele><time>2025-07-26T18:26:55Z</time></trkpt><trkpt lat="48.470239" lon="-121.051647"><ele>1856.0</ele><time>2025-07-26T18:47:24Z</time></trkpt><trkpt lat="48.470278" lon="-121.051664"><ele>1855.0</ele><time>2025-07-26T18:47:31Z</time></trkpt><trkpt lat="48.470319" lon="-121.051735"><ele>1851.0</ele><time>2025-07-26T18:47:47Z</time></trkpt><trkpt lat="48.470371" lon="-121.05173"><ele>1856.0</ele><time>2025-07-26T18:48:04Z</time></trkpt><trkpt lat="48.470439" lon="-121.051647"><ele>1857.0</ele><time>2025-07-26T18:48:13Z</time></trkpt><trkpt lat="48.470484" lon="-121.051701"><ele>1857.0</ele><time>2025-07-26T18:48:19Z</time></trkpt><trkpt lat="48.470645" lon="-121.051794"><ele>1853.0</ele><time>2025-07-26T18:48:55Z</time></trkpt><trkpt lat="48.470662" lon="-121.051759"><ele>1854.0</ele><time>2025-07-26T18:49:12Z</time></trkpt><trkpt lat="48.470647" lon="-121.051804"><ele>1850.0</ele><time>2025-07-26T18:49:23Z</time></trkpt><trkpt lat="48.470668" lon="-121.051827"><ele>1855.0</ele><time>2025-07-26T18:49:31Z</time></trkpt><trkpt lat="48.470688" lon="-121.051899"><ele>1854.0</ele><time>2025-07-26T18:50:22Z</time></trkpt><trkpt lat="48.470683" lon="-121.051939"><ele>1854.0</ele><time>2025-07-26T18:50:46Z</time></trkpt><trkpt lat="48.47072" lon="-121.051994"><ele>1855.0</ele><time>2025-07-26T18:50:52Z</time></trkpt><trkpt lat="48.470732" lon="-121.052042"><ele>1856.0</ele><time>2025-07-26T18:50:58Z</time></trkpt><trkpt lat="48.470855" lon="-121.052017"><ele>1860.0</ele><time>2025-07-26T18:51:19Z</time></trkpt><trkpt lat="48.470949" lon="-121.052009"><ele>1854.0</ele><time>2025-07-26T18:51:34Z</time></trkpt><trkpt lat="48.470989" lon="-121.051952"><ele>1860.0</ele><time>2025-07-26T18:51:44Z</time></trkpt><trkpt lat="48.471018" lon="-121.051943"><ele>1860.0</ele><time>2025-07-26T18:51:50Z</time></trkpt><trkpt lat="48.471067" lon="-121.051987"><ele>1862.0</ele><time>2025-07-26T18:52:01Z</time></trkpt><trkpt lat="48.471157" lon="-121.05196"><ele>1863.0</ele><time>2025-07-26T18:52:13Z</time></trkpt><trkpt lat="48.47124" lon="-121.052006"><ele>1864.0</ele><time>2025-07-26T18:52:26Z</time></trkpt><trkpt lat="48.471298" lon="-121.052047"><ele>1864.0</ele><time>2025-07-26T18:52:34Z</time></trkpt><trkpt lat="48.471334" lon="-121.052122"><ele>1866.0</ele><time>2025-07-26T18:52:40Z</time></trkpt><trkpt lat="48.471433" lon="-121.052222"><ele>1868.0</ele><time>2025-07-26T18:52:51Z</time></trkpt><trkpt lat="48.471446" lon="-121.052267"><ele>1869.6</ele><time>2025-07-26T18:52:55Z</time></trkpt><trkpt lat="48.471491" lon="-121.052331"><ele>1868.0</ele><time>2025-07-26T18:53:02Z</time></trkpt><trkpt lat="48.471552" lon="-121.052369"><ele>1868.0</ele><time>2025-07-26T18:53:10Z</time></trkpt><trkpt lat="48.471573" lon="-121.0524"><ele>1872.0</ele><time>2025-07-26T18:53:14Z</time></trkpt><trkpt lat="48.47164" lon="-121.052426"><ele>1872.0</ele><time>2025-07-26T18:53:23Z</time></trkpt><trkpt lat="48.471662" lon="-121.052491"><ele>1872.0</ele><time>2025-07-26T18:53:31Z</time></trkpt><trkpt lat="48.471727" lon="-121.052568"><ele>1873.4</ele><time>2025-07-26T18:53:42Z</time></trkpt><trkpt lat="48.471756" lon="-121.052695"><ele>1872.0</ele><time>2025-07-26T18:54:09Z</time></trkpt><trkpt lat="48.471801" lon="-121.052782"><ele>1875.0</ele><time>2025-07-26T18:54:20Z</time></trkpt><trkpt lat="48.471826" lon="-121.052811"><ele>1876.0</ele><time>2025-07-26T18:54:23Z</time></trkpt><trkpt lat="48.471883" lon="-121.05285"><ele>1878.0</ele><time>2025-07-26T18:54:31Z</time></trkpt><trkpt lat="48.471931" lon="-121.052995"><ele>1881.0</ele><time>2025-07-26T18:54:42Z</time></trkpt><trkpt lat="48.471985" lon="-121.053086"><ele>1881.0</ele><time>2025-07-26T18:54:52Z</time></trkpt><trkpt lat="48.471994" lon="-121.053119"><ele>1882.0</ele><time>2025-07-26T18:54:55Z</time></trkpt><trkpt lat="48.471995" lon="-121.0532"><ele>1880.0</ele><time>2025-07-26T18:55:01Z</time></trkpt><trkpt lat="48.47201" lon="-121.053239"><ele>1881.0</ele><time>2025-07-26T18:55:04Z</time></trkpt><trkpt lat="48.47203" lon="-121.053271"><ele>1880.0</ele><time>2025-07-26T18:55:08Z</time></trkpt><trkpt lat="48.472064" lon="-121.053291"><ele>1878.0</ele><time>2025-07-26T18:55:12Z</time></trkpt><trkpt lat="48.472085" lon="-121.053362"><ele>1878.0</ele><time>2025-07-26T18:55:17Z</time></trkpt><trkpt lat="48.472143" lon="-121.053438"><ele>1878.0</ele><time>2025-07-26T18:55:26Z</time></trkpt><trkpt lat="48.47217" lon="-121.053492"><ele>1878.0</ele><time>2025-07-26T18:55:31Z</time></trkpt><trkpt lat="48.472207" lon="-121.053495"><ele>1872.0</ele><time>2025-07-26T18:55:37Z</time></trkpt><trkpt lat="48.472213" lon="-121.053543"><ele>1872.0</ele><time>2025-07-26T18:56:24Z</time></trkpt><trkpt lat="48.472276" lon="-121.053656"><ele>1880.5</ele><time>2025-07-26T18:56:52Z</time></trkpt><trkpt lat="48.472282" lon="-121.053722"><ele>1877.0</ele><time>2025-07-26T18:56:58Z</time></trkpt><trkpt lat="48.472337" lon="-121.053761"><ele>1878.0</ele><time>2025-07-26T18:57:05Z</time></trkpt><trkpt lat="48.472364" lon="-121.053796"><ele>1878.0</ele><time>2025-07-26T18:57:09Z</time></trkpt><trkpt lat="48.472377" lon="-121.053831"><ele>1878.0</ele><time>2025-07-26T18:57:13Z</time></trkpt><trkpt lat="48.472465" lon="-121.053853"><ele>1878.0</ele><time>2025-07-26T18:57:30Z</time></trkpt><trkpt lat="48.472493" lon="-121.053874"><ele>1877.0</ele><time>2025-07-26T18:57:34Z</time></trkpt><trkpt lat="48.472523" lon="-121.05393"><ele>1878.0</ele><time>2025-07-26T18:57:40Z</time></trkpt><trkpt lat="48.47257" lon="-121.053976"><ele>1878.0</ele><time>2025-07-26T18:57:48Z</time></trkpt><trkpt lat="48.472582" lon="-121.054049"><ele>1880.0</ele><time>2025-07-26T18:57:53Z</time></trkpt><trkpt lat="48.472607" lon="-121.054115"><ele>1881.0</ele><time>2025-07-26T18:57:59Z</time></trkpt><trkpt lat="48.472668" lon="-121.054201"><ele>1881.0</ele><time>2025-07-26T18:58:07Z</time></trkpt><trkpt lat="48.472705" lon="-121.054302"><ele>1880.0</ele><time>2025-07-26T18:58:15Z</time></trkpt><trkpt lat="48.472788" lon="-121.054461"><ele>1881.0</ele><time>2025-07-26T18:58:30Z</time></trkpt><trkpt lat="48.472847" lon="-121.054478"><ele>1877.0</ele><time>2025-07-26T18:58:38Z</time></trkpt><trkpt lat="48.472873" lon="-121.054504"><ele>1878.0</ele><time>2025-07-26T18:58:41Z</time></trkpt><trkpt lat="48.47292" lon="-121.054616"><ele>1878.0</ele><time>2025-07-26T18:58:50Z</time></trkpt><trkpt lat="48.472923" lon="-121.054722"><ele>1875.0</ele><time>2025-07-26T18:58:56Z</time></trkpt><trkpt lat="48.472951" lon="-121.054742"><ele>1872.0</ele><time>2025-07-26T18:59:07Z</time></trkpt><trkpt lat="48.472945" lon="-121.054836"><ele>1880.0</ele><time>2025-07-26T18:59:24Z</time></trkpt><trkpt lat="48.473023" lon="-121.054934"><ele>1880.0</ele><time>2025-07-26T18:59:43Z</time></trkpt><trkpt lat="48.473054" lon="-121.054949"><ele>1880.0</ele><time>2025-07-26T18:59:48Z</time></trkpt><trkpt lat="48.473109" lon="-121.055072"><ele>1881.0</ele><time>2025-07-26T19:00:00Z</time></trkpt><trkpt lat="48.473149" lon="-121.055215"><ele>1882.0</ele><time>2025-07-26T19:00:09Z</time></trkpt><trkpt lat="48.473241" lon="-121.055325"><ele>1880.0</ele><time>2025-07-26T19:00:25Z</time></trkpt><trkpt lat="48.473319" lon="-121.055297"><ele>1878.0</ele><time>2025-07-26T19:00:34Z</time></trkpt><trkpt lat="48.47337" lon="-121.055331"><ele>1878.0</ele><time>2025-07-26T19:00:40Z</time></trkpt><trkpt lat="48.473412" lon="-121.055378"><ele>1878.0</ele><time>2025-07-26T19:00:45Z</time></trkpt><trkpt lat="48.473441" lon="-121.055441"><ele>1878.0</ele><time>2025-07-26T19:00:51Z</time></trkpt><trkpt lat="48.47351" lon="-121.05552"><ele>1877.0</ele><time>2025-07-26T19:01:02Z</time></trkpt><trkpt lat="48.473514" lon="-121.055598"><ele>1882.2</ele><time>2025-07-26T19:01:12Z</time></trkpt><trkpt lat="48.473484" lon="-121.055656"><ele>1880.0</ele><time>2025-07-26T19:01:22Z</time></trkpt><trkpt lat="48.473454" lon="-121.055692"><ele>1882.0</ele><time>2025-07-26T19:01:32Z</time></trkpt><trkpt lat="48.473509" lon="-121.055754"><ele>1884.0</ele><time>2025-07-26T19:01:44Z</time></trkpt><trkpt lat="48.473562" lon="-121.055838"><ele>1887.0</ele><time>2025-07-26T19:02:07Z</time></trkpt><trkpt lat="48.473586" lon="-121.055856"><ele>1884.0</ele><time>2025-07-26T19:02:44Z</time></trkpt><trkpt lat="48.473588" lon="-121.055925"><ele>1886.0</ele><time>2025-07-26T19:03:10Z</time></trkpt><trkpt lat="48.473559" lon="-121.056018"><ele>1883.0</ele><time>2025-07-26T19:03:22Z</time></trkpt><trkpt lat="48.473557" lon="-121.056062"><ele>1884.0</ele><time>2025-07-26T19:03:26Z</time></trkpt><trkpt lat="48.473576" lon="-121.056096"><ele>1882.0</ele><time>2025-07-26T19:03:30Z</time></trkpt><trkpt lat="48.473572" lon="-121.056198"><ele>1880.0</ele><time>2025-07-26T19:03:49Z</time></trkpt><trkpt lat="48.47363" lon="-121.056242"><ele>1888.0</ele><time>2025-07-26T19:04:04Z</time></trkpt><trkpt lat="48.473674" lon="-121.056327"><ele>1890.0</ele><time>2025-07-26T19:04:16Z</time></trkpt><trkpt lat="48.473703" lon="-121.056337"><ele>1890.0</ele><time>2025-07-26T19:04:21Z</time></trkpt><trkpt lat="48.473748" lon="-121.056335"><ele>1890.0</ele><time>2025-07-26T19:04:32Z</time></trkpt><trkpt lat="48.473804" lon="-121.05626"><ele>1892.0</ele><time>2025-07-26T19:05:00Z</time></trkpt><trkpt lat="48.473869" lon="-121.05621"><ele>1896.0</ele><time>2025-07-26T19:05:21Z</time></trkpt><trkpt lat="48.473902" lon="-121.056203"><ele>1893.0</ele><time>2025-07-26T19:05:29Z</time></trkpt><trkpt lat="48.473887" lon="-121.056269"><ele>1900.0</ele><time>2025-07-26T19:05:39Z</time></trkpt><trkpt lat="48.473886" lon="-121.056363"><ele>1902.0</ele><time>2025-07-26T19:05:51Z</time></trkpt><trkpt lat="48.473905" lon="-121.056429"><ele>1904.0</ele><time>2025-07-26T19:06:00Z</time></trkpt><trkpt lat="48.473922" lon="-121.056454"><ele>1904.0</ele><time>2025-07-26T19:06:06Z</time></trkpt><trkpt lat="48.47396" lon="-121.056446"><ele>1905.0</ele><time>2025-07-26T19:06:12Z</time></trkpt><trkpt lat="48.473972" lon="-121.056404"><ele>1901.0</ele><time>2025-07-26T19:07:32Z</time></trkpt><trkpt lat="48.473983" lon="-121.05635"><ele>1903.0</ele><time>2025-07-26T19:13:36Z</time></trkpt><trkpt lat="48.473972" lon="-121.056422"><ele>1905.0</ele><time>2025-07-26T19:13:41Z</time></trkpt><trkpt lat="48.473967" lon="-121.056624"><ele>1908.0</ele><time>2025-07-26T19:13:58Z</time></trkpt><trkpt lat="48.473985" lon="-121.056678"><ele>1890.0</ele><time>2025-07-26T19:14:18Z</time></trkpt><trkpt lat="48.473979" lon="-121.056912"><ele>1906.0</ele><time>2025-07-26T19:14:51Z</time></trkpt><trkpt lat="48.474011" lon="-121.057176"><ele>1908.0</ele><time>2025-07-26T19:15:12Z</time></trkpt><trkpt lat="48.474077" lon="-121.057126"><ele>1908.0</ele><time>2025-07-26T19:15:35Z</time></trkpt><trkpt lat="48.4741" lon="-121.057152"><ele>1911.0</ele><time>2025-07-26T19:15:38Z</time></trkpt><trkpt lat="48.474115" lon="-121.057196"><ele>1910.0</ele><time>2025-07-26T19:15:42Z</time></trkpt><trkpt lat="48.474143" lon="-121.057204"><ele>1912.0</ele><time>2025-07-26T19:15:46Z</time></trkpt><trkpt lat="48.474174" lon="-121.057232"><ele>1914.0</ele><time>2025-07-26T19:15:53Z</time></trkpt><trkpt lat="48.474205" lon="-121.057238"><ele>1914.0</ele><time>2025-07-26T19:15:56Z</time></trkpt><trkpt lat="48.474262" lon="-121.057193"><ele>1915.0</ele><time>2025-07-26T19:16:04Z</time></trkpt><trkpt lat="48.474292" lon="-121.057179"><ele>1914.0</ele><time>2025-07-26T19:16:08Z</time></trkpt><trkpt lat="48.474324" lon="-121.057179"><ele>1915.0</ele><time>2025-07-26T19:16:12Z</time></trkpt><trkpt lat="48.474345" lon="-121.057211"><ele>1914.0</ele><time>2025-07-26T19:16:16Z</time></trkpt><trkpt lat="48.474353" lon="-121.057253"><ele>1917.0</ele><time>2025-07-26T19:16:19Z</time></trkpt><trkpt lat="48.474405" lon="-121.0573"><ele>1915.0</ele><time>2025-07-26T19:16:27Z</time></trkpt><trkpt lat="48.474457" lon="-121.057432"><ele>1922.0</ele><time>2025-07-26T19:16:38Z</time></trkpt><trkpt lat="48.474493" lon="-121.057429"><ele>1920.0</ele><time>2025-07-26T19:18:13Z</time></trkpt><trkpt lat="48.474511" lon="-121.057321"><ele>1923.0</ele><time>2025-07-26T19:18:54Z</time></trkpt><trkpt lat="48.474568" lon="-121.05737"><ele>1925.0</ele><time>2025-07-26T19:19:04Z</time></trkpt><trkpt lat="48.474642" lon="-121.057417"><ele>1928.0</ele><time>2025-07-26T19:19:16Z</time></trkpt><trkpt lat="48.474741" lon="-121.057352"><ele>1932.0</ele><time>2025-07-26T19:19:29Z</time></trkpt><trkpt lat="48.474759" lon="-121.05731"><ele>1932.0</ele><time>2025-07-26T19:19:33Z</time></trkpt><trkpt lat="48.474895" lon="-121.057193"><ele>1932.0</ele><time>2025-07-26T19:19:53Z</time></trkpt><trkpt lat="48.474939" lon="-121.057184"><ele>1933.0</ele><time>2025-07-26T19:20:03Z</time></trkpt><trkpt lat="48.475037" lon="-121.057094"><ele>1935.0</ele><time>2025-07-26T19:20:19Z</time></trkpt><trkpt lat="48.475053" lon="-121.057065"><ele>1935.0</ele><time>2025-07-26T19:20:22Z</time></trkpt><trkpt lat="48.475102" lon="-121.056875"><ele>1937.0</ele><time>2025-07-26T19:20:36Z</time></trkpt><trkpt lat="48.475153" lon="-121.056765"><ele>1938.0</ele><time>2025-07-26T19:20:44Z</time></trkpt><trkpt lat="48.475196" lon="-121.056742"><ele>1936.0</ele><time>2025-07-26T19:20:49Z</time></trkpt><trkpt lat="48.475301" lon="-121.056755"><ele>1940.0</ele><time>2025-07-26T19:21:01Z</time></trkpt><trkpt lat="48.475405" lon="-121.056726"><ele>1941.0</ele><time>2025-07-26T19:21:13Z</time></trkpt><trkpt lat="48.475499" lon="-121.056802"><ele>1944.0</ele><time>2025-07-26T19:22:15Z</time></trkpt><trkpt lat="48.475556" lon="-121.056767"><ele>1945.0</ele><time>2025-07-26T19:22:25Z</time></trkpt><trkpt lat="48.475596" lon="-121.056756"><ele>1944.0</ele><time>2025-07-26T19:22:30Z</time></trkpt><trkpt lat="48.475635" lon="-121.05675"><ele>1944.0</ele><time>2025-07-26T19:22:34Z</time></trkpt><trkpt lat="48.475672" lon="-121.056762"><ele>1946.0</ele><time>2025-07-26T19:22:38Z</time></trkpt><trkpt lat="48.475699" lon="-121.056757"><ele>1949.0</ele><time>2025-07-26T19:22:41Z</time></trkpt><trkpt lat="48.475752" lon="-121.056717"><ele>1944.0</ele><time>2025-07-26T19:22:56Z</time></trkpt><trkpt lat="48.475803" lon="-121.056647"><ele>1952.0</ele><time>2025-07-26T19:23:19Z</time></trkpt><trkpt lat="48.475839" lon="-121.056642"><ele>1952.0</ele><time>2025-07-26T19:23:27Z</time></trkpt><trkpt lat="48.475856" lon="-121.05666"><ele>1954.0</ele><time>2025-07-26T19:23:32Z</time></trkpt><trkpt lat="48.475899" lon="-121.056653"><ele>1957.1</ele><time>2025-07-26T19:23:44Z</time></trkpt><trkpt lat="48.475911" lon="-121.05662"><ele>1947.0</ele><time>2025-07-26T19:23:49Z</time></trkpt><trkpt lat="48.475947" lon="-121.056671"><ele>1957.0</ele><time>2025-07-26T19:24:04Z</time></trkpt><trkpt lat="48.475989" lon="-121.056642"><ele>1960.0</ele><time>2025-07-26T19:24:13Z</time></trkpt><trkpt lat="48.476041" lon="-121.05664"><ele>1960.0</ele><time>2025-07-26T19:24:21Z</time></trkpt><trkpt lat="48.476087" lon="-121.056606"><ele>1961.0</ele><time>2025-07-26T19:24:32Z</time></trkpt><trkpt lat="48.476108" lon="-121.056704"><ele>1965.0</ele><time>2025-07-26T19:24:42Z</time></trkpt><trkpt lat="48.476175" lon="-121.056755"><ele>1958.0</ele><time>2025-07-26T19:24:55Z</time></trkpt><trkpt lat="48.476142" lon="-121.056807"><ele>1966.0</ele><time>2025-07-26T19:25:06Z</time></trkpt><trkpt lat="48.47616" lon="-121.057025"><ele>1968.0</ele><time>2025-07-26T19:25:41Z</time></trkpt><trkpt lat="48.476183" lon="-121.057064"><ele>1967.0</ele><time>2025-07-26T19:29:46Z</time></trkpt><trkpt lat="48.476151" lon="-121.057001"><ele>1968.0</ele><time>2025-07-26T19:29:52Z</time></trkpt><trkpt lat="48.476166" lon="-121.056913"><ele>1969.7</ele><time>2025-07-26T19:30:02Z</time></trkpt><trkpt lat="48.476146" lon="-121.056852"><ele>1967.0</ele><time>2025-07-26T19:30:07Z</time></trkpt><trkpt lat="48.476151" lon="-121.056808"><ele>1964.0</ele><time>2025-07-26T19:30:11Z</time></trkpt><trkpt lat="48.476166" lon="-121.056776"><ele>1966.0</ele><time>2025-07-26T19:30:14Z</time></trkpt><trkpt lat="48.47621" lon="-121.056754"><ele>1968.0</ele><time>2025-07-26T19:30:19Z</time></trkpt><trkpt lat="48.476235" lon="-121.056717"><ele>1969.4</ele><time>2025-07-26T19:30:25Z</time></trkpt><trkpt lat="48.476277" lon="-121.056704"><ele>1971.0</ele><time>2025-07-26T19:30:32Z</time></trkpt><trkpt lat="48.476346" lon="-121.056651"><ele>1967.0</ele><time>2025-07-26T19:30:46Z</time></trkpt><trkpt lat="48.476385" lon="-121.056601"><ele>1973.0</ele><time>2025-07-26T19:31:11Z</time></trkpt><trkpt lat="48.476449" lon="-121.056557"><ele>1975.0</ele><time>2025-07-26T19:31:23Z</time></trkpt><trkpt lat="48.476531" lon="-121.056564"><ele>1969.0</ele><time>2025-07-26T19:31:37Z</time></trkpt><trkpt lat="48.476633" lon="-121.056745"><ele>1979.0</ele><time>2025-07-26T19:32:09Z</time></trkpt><trkpt lat="48.476686" lon="-121.056775"><ele>1980.0</ele><time>2025-07-26T19:32:16Z</time></trkpt><trkpt lat="48.476718" lon="-121.056841"><ele>1980.0</ele><time>2025-07-26T19:32:22Z</time></trkpt><trkpt lat="48.476733" lon="-121.05691"><ele>1980.0</ele><time>2025-07-26T19:32:31Z</time></trkpt><trkpt lat="48.476816" lon="-121.056968"><ele>1983.0</ele><time>2025-07-26T19:32:43Z</time></trkpt><trkpt lat="48.476865" lon="-121.057058"><ele>1984.0</ele><time>2025-07-26T19:32:58Z</time></trkpt><trkpt lat="48.477029" lon="-121.05722"><ele>1984.0</ele><time>2025-07-26T19:33:33Z</time></trkpt><trkpt lat="48.47707" lon="-121.057213"><ele>1986.0</ele><time>2025-07-26T19:33:41Z</time></trkpt><trkpt lat="48.477098" lon="-121.05717"><ele>1988.0</ele><time>2025-07-26T19:33:50Z</time></trkpt><trkpt lat="48.477195" lon="-121.057154"><ele>1989.0</ele><time>2025-07-26T19:34:11Z</time></trkpt><trkpt lat="48.47727" lon="-121.057117"><ele>1990.0</ele><time>2025-07-26T19:34:21Z</time></trkpt><trkpt lat="48.477306" lon="-121.057163"><ele>1994.0</ele><time>2025-07-26T19:34:30Z</time></trkpt><trkpt lat="48.477392" lon="-121.057217"><ele>1987.0</ele><time>2025-07-26T19:37:33Z</time></trkpt><trkpt lat="48.477366" lon="-121.057193"><ele>1996.0</ele><time>2025-07-26T19:40:55Z</time></trkpt><trkpt lat="48.477355" lon="-121.057165"><ele>1995.0</ele><time>2025-07-26T19:40:58Z</time></trkpt><trkpt lat="48.477304" lon="-121.057171"><ele>1995.0</ele><time>2025-07-26T19:41:05Z</time></trkpt><trkpt lat="48.477287" lon="-121.057133"><ele>1994.0</ele><time>2025-07-26T19:41:09Z</time></trkpt><trkpt lat="48.477279" lon="-121.057052"><ele>1994.0</ele><time>2025-07-26T19:41:14Z</time></trkpt><trkpt lat="48.47729" lon="-121.057016"><ele>1995.0</ele><time>2025-07-26T19:41:16Z</time></trkpt><trkpt lat="48.47734" lon="-121.056917"><ele>1996.0</ele><time>2025-07-26T19:41:24Z</time></trkpt><trkpt lat="48.477445" lon="-121.056757"><ele>1995.0</ele><time>2025-07-26T19:41:40Z</time></trkpt><trkpt lat="48.477483" lon="-121.056748"><ele>1997.0</ele><time>2025-07-26T19:41:44Z</time></trkpt><trkpt lat="48.477527" lon="-121.056673"><ele>1998.0</ele><time>2025-07-26T19:41:50Z</time></trkpt><trkpt lat="48.477605" lon="-121.056604"><ele>1997.0</ele><time>2025-07-26T19:42:00Z</time></trkpt><trkpt lat="48.477666" lon="-121.056572"><ele>1998.0</ele><time>2025-07-26T19:42:06Z</time></trkpt><trkpt lat="48.477713" lon="-121.056474"><ele>1996.0</ele><time>2025-07-26T19:42:14Z</time></trkpt><trkpt lat="48.477717" lon="-121.056432"><ele>1999.0</ele><time>2025-07-26T19:42:17Z</time></trkpt><trkpt lat="48.477778" lon="-121.056294"><ele>1998.0</ele><time>2025-07-26T19:42:27Z</time></trkpt><trkpt lat="48.477804" lon="-121.056205"><ele>1998.0</ele><time>2025-07-26T19:42:33Z</time></trkpt><trkpt lat="48.477804" lon="-121.056127"><ele>1998.0</ele><time>2025-07-26T19:42:37Z</time></trkpt><trkpt lat="48.477823" lon="-121.056023"><ele>1998.0</ele><time>2025-07-26T19:42:45Z</time></trkpt><trkpt lat="48.477842" lon="-121.055996"><ele>1997.0</ele><time>2025-07-26T19:42:49Z</time></trkpt><trkpt lat="48.477854" lon="-121.055952"><ele>1998.0</ele><time>2025-07-26T19:42:52Z</time></trkpt><trkpt lat="48.477943" lon="-121.055825"><ele>2000.0</ele><time>2025-07-26T19:43:07Z</time></trkpt><trkpt lat="48.477971" lon="-121.055809"><ele>2001.0</ele><time>2025-07-26T19:43:11Z</time></trkpt><trkpt lat="48.478043" lon="-121.055811"><ele>2000.0</ele><time>2025-07-26T19:43:19Z</time></trkpt><trkpt lat="48.478101" lon="-121.055827"><ele>2003.0</ele><time>2025-07-26T19:43:27Z</time></trkpt><trkpt lat="48.478125" lon="-121.055789"><ele>2004.9</ele><time>2025-07-26T19:43:32Z</time></trkpt><trkpt lat="48.478137" lon="-121.055845"><ele>2004.0</ele><time>2025-07-26T19:43:39Z</time></trkpt><trkpt lat="48.478157" lon="-121.055875"><ele>2004.0</ele><time>2025-07-26T19:43:43Z</time></trkpt><trkpt lat="48.478198" lon="-121.055901"><ele>2006.0</ele><time>2025-07-26T19:43:48Z</time></trkpt><trkpt lat="48.4783" lon="-121.055855"><ele>2010.0</ele><time>2025-07-26T19:44:03Z</time></trkpt><trkpt lat="48.478368" lon="-121.055766"><ele>2013.0</ele><time>2025-07-26T19:44:18Z</time></trkpt><trkpt lat="48.478424" lon="-121.055669"><ele>2011.0</ele><time>2025-07-26T19:44:35Z</time></trkpt><trkpt lat="48.478469" lon="-121.055626"><ele>2016.0</ele><time>2025-07-26T19:44:49Z</time></trkpt><trkpt lat="48.478529" lon="-121.055587"><ele>2015.0</ele><time>2025-07-26T19:44:58Z</time></trkpt><trkpt lat="48.478583" lon="-121.05551"><ele>2020.0</ele><time>2025-07-26T19:45:07Z</time></trkpt><trkpt lat="48.478667" lon="-121.05545"><ele>2019.0</ele><time>2025-07-26T19:45:46Z</time></trkpt><trkpt lat="48.478686" lon="-121.055385"><ele>2019.0</ele><time>2025-07-26T19:45:52Z</time></trkpt><trkpt lat="48.478747" lon="-121.05532"><ele>2019.0</ele><time>2025-07-26T19:45:59Z</time></trkpt><trkpt lat="48.478762" lon="-121.055279"><ele>2018.0</ele><time>2025-07-26T19:46:03Z</time></trkpt><trkpt lat="48.478813" lon="-121.055252"><ele>2019.0</ele><time>2025-07-26T19:46:09Z</time></trkpt><trkpt lat="48.478926" lon="-121.055123"><ele>2020.0</ele><time>2025-07-26T19:46:26Z</time></trkpt><trkpt lat="48.478992" lon="-121.055098"><ele>2020.0</ele><time>2025-07-26T19:46:34Z</time></trkpt><trkpt lat="48.47902" lon="-121.05507"><ele>2019.0</ele><time>2025-07-26T19:46:37Z</time></trkpt><trkpt lat="48.47907" lon="-121.054975"><ele>2020.0</ele><time>2025-07-26T19:46:44Z</time></trkpt><trkpt lat="48.47912" lon="-121.054911"><ele>2020.0</ele><time>2025-07-26T19:46:50Z</time></trkpt><trkpt lat="48.479235" lon="-121.054804"><ele>2011.0</ele><time>2025-07-26T19:47:23Z</time></trkpt><trkpt lat="48.479323" lon="-121.054751"><ele>2022.0</ele><time>2025-07-26T19:47:40Z</time></trkpt><trkpt lat="48.479431" lon="-121.05458"><ele>2022.0</ele><time>2025-07-26T19:47:56Z</time></trkpt><trkpt lat="48.479503" lon="-121.054431"><ele>2022.0</ele><time>2025-07-26T19:48:07Z</time></trkpt><trkpt lat="48.479561" lon="-121.054395"><ele>2022.0</ele><time>2025-07-26T19:48:13Z</time></trkpt><trkpt lat="48.479689" lon="-121.054256"><ele>2020.0</ele><time>2025-07-26T19:48:28Z</time></trkpt><trkpt lat="48.479716" lon="-121.054244"><ele>2022.0</ele><time>2025-07-26T19:48:32Z</time></trkpt><trkpt lat="48.47974" lon="-121.054168"><ele>2019.0</ele><time>2025-07-26T19:48:41Z</time></trkpt><trkpt lat="48.479766" lon="-121.054151"><ele>2020.0</ele><time>2025-07-26T19:48:44Z</time></trkpt><trkpt lat="48.479827" lon="-121.054134"><ele>2020.0</ele><time>2025-07-26T19:48:50Z</time></trkpt><trkpt lat="48.479872" lon="-121.05407"><ele>2022.0</ele><time>2025-07-26T19:48:57Z</time></trkpt><trkpt lat="48.479839" lon="-121.054011"><ele>2021.0</ele><time>2025-07-26T19:49:30Z</time></trkpt><trkpt lat="48.47984" lon="-121.054007"><ele>2022.0</ele><time>2025-07-26T19:53:39Z</time></trkpt><trkpt lat="48.47984" lon="-121.054063"><ele>2022.0</ele><time>2025-07-26T19:55:19Z</time></trkpt><trkpt lat="48.479888" lon="-121.05406"><ele>2025.0</ele><time>2025-07-26T19:59:04Z</time></trkpt><trkpt lat="48.48" lon="-121.053902"><ele>2026.0</ele><time>2025-07-26T19:59:27Z</time></trkpt><trkpt lat="48.480042" lon="-121.053799"><ele>2025.0</ele><time>2025-07-26T19:59:37Z</time></trkpt><trkpt lat="48.4801" lon="-121.05361"><ele>2029.0</ele><time>2025-07-26T19:59:53Z</time></trkpt><trkpt lat="48.480119" lon="-121.053512"><ele>2028.0</ele><time>2025-07-26T20:00:02Z</time></trkpt><trkpt lat="48.480212" lon="-121.053343"><ele>2029.0</ele><time>2025-07-26T20:00:18Z</time></trkpt><trkpt lat="48.480289" lon="-121.053251"><ele>2029.0</ele><time>2025-07-26T20:00:28Z</time></trkpt><trkpt lat="48.480321" lon="-121.053269"><ele>2030.0</ele><time>2025-07-26T20:00:33Z</time></trkpt><trkpt lat="48.480372" lon="-121.053191"><ele>2031.0</ele><time>2025-07-26T20:00:40Z</time></trkpt><trkpt lat="48.480464" lon="-121.053129"><ele>2032.0</ele><time>2025-07-26T20:00:49Z</time></trkpt><trkpt lat="48.480562" lon="-121.053015"><ele>2035.0</ele><time>2025-07-26T20:01:00Z</time></trkpt><trkpt lat="48.480617" lon="-121.052984"><ele>2034.0</ele><time>2025-07-26T20:01:06Z</time></trkpt><trkpt lat="48.480634" lon="-121.052945"><ele>2036.0</ele><time>2025-07-26T20:01:09Z</time></trkpt><trkpt lat="48.480635" lon="-121.052874"><ele>2036.0</ele><time>2025-07-26T20:01:13Z</time></trkpt><trkpt lat="48.480688" lon="-121.052793"><ele>2037.0</ele><time>2025-07-26T20:01:22Z</time></trkpt><trkpt lat="48.480718" lon="-121.052722"><ele>2037.0</ele><time>2025-07-26T20:01:27Z</time></trkpt><trkpt lat="48.480751" lon="-121.052719"><ele>2037.0</ele><time>2025-07-26T20:01:30Z</time></trkpt><trkpt lat="48.480768" lon="-121.05276"><ele>2039.0</ele><time>2025-07-26T20:01:35Z</time></trkpt><trkpt lat="48.480801" lon="-121.052781"><ele>2040.0</ele><time>2025-07-26T20:01:56Z</time></trkpt><trkpt lat="48.480789" lon="-121.052821"><ele>2040.0</ele><time>2025-07-26T20:02:12Z</time></trkpt><trkpt lat="48.480849" lon="-121.052826"><ele>2044.0</ele><time>2025-07-26T20:02:26Z</time></trkpt><trkpt lat="48.480958" lon="-121.0528"><ele>2044.0</ele><time>2025-07-26T20:02:38Z</time></trkpt><trkpt lat="48.481045" lon="-121.052736"><ele>2047.0</ele><time>2025-07-26T20:02:49Z</time></trkpt><trkpt lat="48.481119" lon="-121.052622"><ele>2044.0</ele><time>2025-07-26T20:03:02Z</time></trkpt><trkpt lat="48.48115" lon="-121.05261"><ele>2046.0</ele><time>2025-07-26T20:03:08Z</time></trkpt><trkpt lat="48.481194" lon="-121.052619"><ele>2040.0</ele><time>2025-07-26T20:03:19Z</time></trkpt><trkpt lat="48.481236" lon="-121.052615"><ele>2051.6</ele><time>2025-07-26T20:03:35Z</time></trkpt><trkpt lat="48.481251" lon="-121.052636"><ele>2050.0</ele><time>2025-07-26T20:04:25Z</time></trkpt><trkpt lat="48.481296" lon="-121.052587"><ele>2050.0</ele><time>2025-07-26T20:05:03Z</time></trkpt><trkpt lat="48.481344" lon="-121.052597"><ele>2051.0</ele><time>2025-07-26T20:05:14Z</time></trkpt><trkpt lat="48.481369" lon="-121.052622"><ele>2055.0</ele><time>2025-07-26T20:05:23Z</time></trkpt><trkpt lat="48.481399" lon="-121.052575"><ele>2056.0</ele><time>2025-07-26T20:05:32Z</time></trkpt><trkpt lat="48.481435" lon="-121.052563"><ele>2055.0</ele><time>2025-07-26T20:05:39Z</time></trkpt><trkpt lat="48.481439" lon="-121.052491"><ele>2058.0</ele><time>2025-07-26T20:05:48Z</time></trkpt><trkpt lat="48.48147" lon="-121.052463"><ele>2058.0</ele><time>2025-07-26T20:05:58Z</time></trkpt><trkpt lat="48.481522" lon="-121.052366"><ele>2061.0</ele><time>2025-07-26T20:06:18Z</time></trkpt><trkpt lat="48.481551" lon="-121.05235"><ele>2064.0</ele><time>2025-07-26T20:06:23Z</time></trkpt><trkpt lat="48.481553" lon="-121.052295"><ele>2064.0</ele><time>2025-07-26T20:06:34Z</time></trkpt><trkpt lat="48.481598" lon="-121.052251"><ele>2064.0</ele><time>2025-07-26T20:06:43Z</time></trkpt><trkpt lat="48.481606" lon="-121.05222"><ele>2065.0</ele><time>2025-07-26T20:06:48Z</time></trkpt><trkpt lat="48.481601" lon="-121.052186"><ele>2064.0</ele><time>2025-07-26T20:06:56Z</time></trkpt><trkpt lat="48.481619" lon="-121.052116"><ele>2069.0</ele><time>2025-07-26T20:07:11Z</time></trkpt><trkpt lat="48.481634" lon="-121.052096"><ele>2070.0</ele><time>2025-07-26T20:07:19Z</time></trkpt><trkpt lat="48.48168" lon="-121.052079"><ele>2070.0</ele><time>2025-07-26T20:07:29Z</time></trkpt><trkpt lat="48.481755" lon="-121.051997"><ele>2074.0</ele><time>2025-07-26T20:07:49Z</time></trkpt><trkpt lat="48.481738" lon="-121.051942"><ele>2076.0</ele><time>2025-07-26T20:07:58Z</time></trkpt><trkpt lat="48.481713" lon="-121.051913"><ele>2077.0</ele><time>2025-07-26T20:08:03Z</time></trkpt><trkpt lat="48.481748" lon="-121.051854"><ele>2079.0</ele><time>2025-07-26T20:08:15Z</time></trkpt><trkpt lat="48.481779" lon="-121.051755"><ele>2082.0</ele><time>2025-07-26T20:09:19Z</time></trkpt><trkpt lat="48.48183" lon="-121.051719"><ele>2082.0</ele><time>2025-07-26T20:09:32Z</time></trkpt><trkpt lat="48.481895" lon="-121.051646"><ele>2085.0</ele><time>2025-07-26T20:09:51Z</time></trkpt><trkpt lat="48.481896" lon="-121.051618"><ele>2086.0</ele><time>2025-07-26T20:09:54Z</time></trkpt><trkpt lat="48.481943" lon="-121.051581"><ele>2088.0</ele><time>2025-07-26T20:10:08Z</time></trkpt><trkpt lat="48.481952" lon="-121.05155"><ele>2088.0</ele><time>2025-07-26T20:10:14Z</time></trkpt><trkpt lat="48.482029" lon="-121.051473"><ele>2088.0</ele><time>2025-07-26T20:10:38Z</time></trkpt><trkpt lat="48.482066" lon="-121.051387"><ele>2092.0</ele><time>2025-07-26T20:10:54Z</time></trkpt><trkpt lat="48.482101" lon="-121.051358"><ele>2096.0</ele><time>2025-07-26T20:11:33Z</time></trkpt><trkpt lat="48.482157" lon="-121.051364"><ele>2095.0</ele><time>2025-07-26T20:11:59Z</time></trkpt><trkpt lat="48.482186" lon="-121.051348"><ele>2095.0</ele><time>2025-07-26T20:12:04Z</time></trkpt><trkpt lat="48.482219" lon="-121.051349"><ele>2096.0</ele><time>2025-07-26T20:12:09Z</time></trkpt><trkpt lat="48.482249" lon="-121.051329"><ele>2096.0</ele><time>2025-07-26T20:12:13Z</time></trkpt><trkpt lat="48.482272" lon="-121.051274"><ele>2100.0</ele><time>2025-07-26T20:12:23Z</time></trkpt><trkpt lat="48.482298" lon="-121.05127"><ele>2101.0</ele><time>2025-07-26T20:12:44Z</time></trkpt><trkpt lat="48.482337" lon="-121.051289"><ele>2100.0</ele><time>2025-07-26T20:13:20Z</time></trkpt><trkpt lat="48.482363" lon="-121.051251"><ele>2100.0</ele><time>2025-07-26T20:13:36Z</time></trkpt><trkpt lat="48.482351" lon="-121.051161"><ele>2100.0</ele><time>2025-07-26T20:13:52Z</time></trkpt><trkpt lat="48.482387" lon="-121.051035"><ele>2104.0</ele><time>2025-07-26T20:14:15Z</time></trkpt><trkpt lat="48.482356" lon="-121.050918"><ele>2109.0</ele><time>2025-07-26T20:14:29Z</time></trkpt><trkpt lat="48.482437" lon="-121.050819"><ele>2113.0</ele><time>2025-07-26T20:14:53Z</time></trkpt><trkpt lat="48.482474" lon="-121.050755"><ele>2111.0</ele><time>2025-07-26T20:15:17Z</time></trkpt><trkpt lat="48.482539" lon="-121.050692"><ele>2120.0</ele><time>2025-07-26T20:15:55Z</time></trkpt><trkpt lat="48.48255" lon="-121.050653"><ele>2121.0</ele><time>2025-07-26T20:16:02Z</time></trkpt><trkpt lat="48.482574" lon="-121.050626"><ele>2112.0</ele><time>2025-07-26T20:16:10Z</time></trkpt><trkpt lat="48.482609" lon="-121.050617"><ele>2113.0</ele><time>2025-07-26T20:16:26Z</time></trkpt><trkpt lat="48.482612" lon="-121.050462"><ele>2126.0</ele><time>2025-07-26T20:17:27Z</time></trkpt><trkpt lat="48.482639" lon="-121.050467"><ele>2127.0</ele><time>2025-07-26T20:17:46Z</time></trkpt><trkpt lat="48.482686" lon="-121.050356"><ele>2128.0</ele><time>2025-07-26T20:18:17Z</time></trkpt><trkpt lat="48.482703" lon="-121.050343"><ele>2130.0</ele><time>2025-07-26T20:38:41Z</time></trkpt><trkpt lat="48.482713" lon="-121.050301"><ele>2129.0</ele><time>2025-07-26T20:38:46Z</time></trkpt><trkpt lat="48.482657" lon="-121.050094"><ele>2128.0</ele><time>2025-07-26T20:39:11Z</time></trkpt><trkpt lat="48.482694" lon="-121.049893"><ele>2136.0</ele><time>2025-07-26T20:39:37Z</time></trkpt><trkpt lat="48.482681" lon="-121.049864"><ele>2137.0</ele><time>2025-07-26T20:39:40Z</time></trkpt><trkpt lat="48.482702" lon="-121.049838"><ele>2136.0</ele><time>2025-07-26T20:39:44Z</time></trkpt><trkpt lat="48.482698" lon="-121.049775"><ele>2140.0</ele><time>2025-07-26T20:39:51Z</time></trkpt><trkpt lat="48.482708" lon="-121.04974"><ele>2140.0</ele><time>2025-07-26T20:39:55Z</time></trkpt><trkpt lat="48.482773" lon="-121.04972"><ele>2140.0</ele><time>2025-07-26T20:40:06Z</time></trkpt><trkpt lat="48.48281" lon="-121.049611"><ele>2143.0</ele><time>2025-07-26T20:40:29Z</time></trkpt><trkpt lat="48.482864" lon="-121.04955"><ele>2142.0</ele><time>2025-07-26T20:40:41Z</time></trkpt><trkpt lat="48.482893" lon="-121.049533"><ele>2145.0</ele><time>2025-07-26T20:40:47Z</time></trkpt><trkpt lat="48.482929" lon="-121.049388"><ele>2151.0</ele><time>2025-07-26T20:41:15Z</time></trkpt><trkpt lat="48.482942" lon="-121.049385"><ele>2152.0</ele><time>2025-07-26T20:41:25Z</time></trkpt><trkpt lat="48.482983" lon="-121.049339"><ele>2152.0</ele><time>2025-07-26T20:41:38Z</time></trkpt><trkpt lat="48.483011" lon="-121.049189"><ele>2156.0</ele><time>2025-07-26T20:42:02Z</time></trkpt><trkpt lat="48.483034" lon="-121.049157"><ele>2154.0</ele><time>2025-07-26T20:42:56Z</time></trkpt><trkpt lat="48.483032" lon="-121.049106"><ele>2160.0</ele><time>2025-07-26T20:43:26Z</time></trkpt><trkpt lat="48.483071" lon="-121.049065"><ele>2160.0</ele><time>2025-07-26T20:43:42Z</time></trkpt><trkpt lat="48.483057" lon="-121.048959"><ele>2163.0</ele><time>2025-07-26T20:43:50Z</time></trkpt><trkpt lat="48.483092" lon="-121.048813"><ele>2164.0</ele><time>2025-07-26T20:44:09Z</time></trkpt><trkpt lat="48.483094" lon="-121.048668"><ele>2166.0</ele><time>2025-07-26T20:44:22Z</time></trkpt><trkpt lat="48.483186" lon="-121.048451"><ele>2175.0</ele><time>2025-07-26T20:45:32Z</time></trkpt><trkpt lat="48.483184" lon="-121.048417"><ele>2175.0</ele><time>2025-07-26T20:45:50Z</time></trkpt><trkpt lat="48.483207" lon="-121.048315"><ele>2176.0</ele><time>2025-07-26T20:46:06Z</time></trkpt><trkpt lat="48.483318" lon="-121.048104"><ele>2183.0</ele><time>2025-07-26T20:47:11Z</time></trkpt><trkpt lat="48.483327" lon="-121.048104"><ele>2184.0</ele><time>2025-07-26T20:47:24Z</time></trkpt><trkpt lat="48.483362" lon="-121.04805"><ele>2178.0</ele><time>2025-07-26T20:47:33Z</time></trkpt><trkpt lat="48.483409" lon="-121.048046"><ele>2187.1</ele><time>2025-07-26T20:47:38Z</time></trkpt><trkpt lat="48.483371" lon="-121.048038"><ele>2186.0</ele><time>2025-07-26T20:48:03Z</time></trkpt><trkpt lat="48.483391" lon="-121.047991"><ele>2187.0</ele><time>2025-07-26T20:48:09Z</time></trkpt><trkpt lat="48.483455" lon="-121.047938"><ele>2189.0</ele><time>2025-07-26T20:49:00Z</time></trkpt><trkpt lat="48.483494" lon="-121.047932"><ele>2194.0</ele><time>2025-07-26T20:49:49Z</time></trkpt><trkpt lat="48.483516" lon="-121.047905"><ele>2193.0</ele><time>2025-07-26T20:50:10Z</time></trkpt><trkpt lat="48.483567" lon="-121.047905"><ele>2198.0</ele><time>2025-07-26T20:50:33Z</time></trkpt><trkpt lat="48.483675" lon="-121.047838"><ele>2197.0</ele><time>2025-07-26T20:51:49Z</time></trkpt><trkpt lat="48.483695" lon="-121.047866"><ele>2205.0</ele><time>2025-07-26T20:51:59Z</time></trkpt><trkpt lat="48.48373" lon="-121.047848"><ele>2208.0</ele><time>2025-07-26T20:52:11Z</time></trkpt><trkpt lat="48.483765" lon="-121.047867"><ele>2208.0</ele><time>2025-07-26T20:52:32Z</time></trkpt><trkpt lat="48.483789" lon="-121.047852"><ele>2209.0</ele><time>2025-07-26T20:52:42Z</time></trkpt><trkpt lat="48.483878" lon="-121.047751"><ele>2205.0</ele><time>2025-07-26T20:57:21Z</time></trkpt><trkpt lat="48.483992" lon="-121.047659"><ele>2213.0</ele><time>2025-07-26T21:03:20Z</time></trkpt><trkpt lat="48.483996" lon="-121.047785"><ele>2216.0</ele><time>2025-07-26T21:03:39Z</time></trkpt><trkpt lat="48.484017" lon="-121.047808"><ele>2216.0</ele><time>2025-07-26T21:03:44Z</time></trkpt><trkpt lat="48.484042" lon="-121.047785"><ele>2219.0</ele><time>2025-07-26T21:03:50Z</time></trkpt><trkpt lat="48.484076" lon="-121.047792"><ele>2222.0</ele><time>2025-07-26T21:04:01Z</time></trkpt><trkpt lat="48.484109" lon="-121.047779"><ele>2225.0</ele><time>2025-07-26T21:04:10Z</time></trkpt><trkpt lat="48.484125" lon="-121.047762"><ele>2226.0</ele><time>2025-07-26T21:04:14Z</time></trkpt><trkpt lat="48.484116" lon="-121.047716"><ele>2226.0</ele><time>2025-07-26T21:04:18Z</time></trkpt><trkpt lat="48.484141" lon="-121.047699"><ele>2226.0</ele><time>2025-07-26T21:05:33Z</time></trkpt><trkpt lat="48.484124" lon="-121.047653"><ele>2226.0</ele><time>2025-07-26T21:06:03Z</time></trkpt><trkpt lat="48.484142" lon="-121.047613"><ele>2227.0</ele><time>2025-07-26T21:06:17Z</time></trkpt><trkpt lat="48.484168" lon="-121.047465"><ele>2230.0</ele><time>2025-07-26T21:06:57Z</time></trkpt><trkpt lat="48.484211" lon="-121.047422"><ele>2230.0</ele><time>2025-07-26T21:07:29Z</time></trkpt><trkpt lat="48.484215" lon="-121.047365"><ele>2233.0</ele><time>2025-07-26T21:08:04Z</time></trkpt><trkpt lat="48.484232" lon="-121.047314"><ele>2235.0</ele><time>2025-07-26T21:08:18Z</time></trkpt><trkpt lat="48.484263" lon="-121.047311"><ele>2224.0</ele><time>2025-07-26T21:08:34Z</time></trkpt><trkpt lat="48.484295" lon="-121.047228"><ele>2232.0</ele><time>2025-07-26T21:09:09Z</time></trkpt><trkpt lat="48.484285" lon="-121.047107"><ele>2238.0</ele><time>2025-07-26T21:09:51Z</time></trkpt><trkpt lat="48.484291" lon="-121.047024"><ele>2227.0</ele><time>2025-07-26T21:10:11Z</time></trkpt><trkpt lat="48.484283" lon="-121.04699"><ele>2240.0</ele><time>2025-07-26T21:10:24Z</time></trkpt><trkpt lat="48.484323" lon="-121.046955"><ele>2240.0</ele><time>2025-07-26T21:10:45Z</time></trkpt><trkpt lat="48.484307" lon="-121.046898"><ele>2240.0</ele><time>2025-07-26T21:11:03Z</time></trkpt><trkpt lat="48.484334" lon="-121.046889"><ele>2236.0</ele><time>2025-07-26T21:11:26Z</time></trkpt><trkpt lat="48.484341" lon="-121.046809"><ele>2244.0</ele><time>2025-07-26T21:11:50Z</time></trkpt><trkpt lat="48.484365" lon="-121.046775"><ele>2241.0</ele><time>2025-07-26T21:12:00Z</time></trkpt><trkpt lat="48.484417" lon="-121.046857"><ele>2248.0</ele><time>2025-07-26T21:12:14Z</time></trkpt><trkpt lat="48.484449" lon="-121.046857"><ele>2249.0</ele><time>2025-07-26T21:12:24Z</time></trkpt><trkpt lat="48.484446" lon="-121.046765"><ele>2248.0</ele><time>2025-07-26T21:13:58Z</time></trkpt><trkpt lat="48.484494" lon="-121.046793"><ele>2240.0</ele><time>2025-07-26T21:15:27Z</time></trkpt><trkpt lat="48.484556" lon="-121.04678"><ele>2253.0</ele><time>2025-07-26T21:15:50Z</time></trkpt><trkpt lat="48.484575" lon="-121.046688"><ele>2256.0</ele><time>2025-07-26T21:16:20Z</time></trkpt><trkpt lat="48.484612" lon="-121.046688"><ele>2257.0</ele><time>2025-07-26T21:16:36Z</time></trkpt><trkpt lat="48.484651" lon="-121.046702"><ele>2260.0</ele><time>2025-07-26T21:16:46Z</time></trkpt><trkpt lat="48.484651" lon="-121.046731"><ele>2263.0</ele><time>2025-07-26T21:16:56Z</time></trkpt><trkpt lat="48.484669" lon="-121.046698"><ele>2263.0</ele><time>2025-07-26T21:16:59Z</time></trkpt><trkpt lat="48.484701" lon="-121.046715"><ele>2264.0</ele><time>2025-07-26T21:17:02Z</time></trkpt><trkpt lat="48.484773" lon="-121.046652"><ele>2267.0</ele><time>2025-07-26T21:17:29Z</time></trkpt><trkpt lat="48.484777" lon="-121.046664"><ele>2260.0</ele><time>2025-07-26T21:18:49Z</time></trkpt><trkpt lat="48.484783" lon="-121.046555"><ele>2274.0</ele><time>2025-07-26T21:20:20Z</time></trkpt><trkpt lat="48.48485" lon="-121.046576"><ele>2276.0</ele><time>2025-07-26T21:20:43Z</time></trkpt><trkpt lat="48.484869" lon="-121.046569"><ele>2276.0</ele><time>2025-07-26T21:20:48Z</time></trkpt><trkpt lat="48.484921" lon="-121.046469"><ele>2277.0</ele><time>2025-07-26T21:21:06Z</time></trkpt><trkpt lat="48.484901" lon="-121.046338"><ele>2280.0</ele><time>2025-07-26T21:21:59Z</time></trkpt><trkpt lat="48.484918" lon="-121.046236"><ele>2285.0</ele><time>2025-07-26T21:22:27Z</time></trkpt><trkpt lat="48.484954" lon="-121.046255"><ele>2286.0</ele><time>2025-07-26T21:22:40Z</time></trkpt><trkpt lat="48.484971" lon="-121.046213"><ele>2288.0</ele><time>2025-07-26T21:22:46Z</time></trkpt><trkpt lat="48.484994" lon="-121.046227"><ele>2285.0</ele><time>2025-07-26T21:22:56Z</time></trkpt><trkpt lat="48.485024" lon="-121.046163"><ele>2290.0</ele><time>2025-07-26T21:23:16Z</time></trkpt><trkpt lat="48.485012" lon="-121.046173"><ele>2292.0</ele><time>2025-07-26T21:23:30Z</time></trkpt><trkpt lat="48.484995" lon="-121.046107"><ele>2293.0</ele><time>2025-07-26T21:23:50Z</time></trkpt><trkpt lat="48.485016" lon="-121.046081"><ele>2295.0</ele><time>2025-07-26T21:24:03Z</time></trkpt><trkpt lat="48.485045" lon="-121.046082"><ele>2298.0</ele><time>2025-07-26T21:25:14Z</time></trkpt><trkpt lat="48.485078" lon="-121.046104"><ele>2300.0</ele><time>2025-07-26T21:26:04Z</time></trkpt><trkpt lat="48.485081" lon="-121.046042"><ele>2301.0</ele><time>2025-07-26T21:26:21Z</time></trkpt><trkpt lat="48.485072" lon="-121.046"><ele>2301.0</ele><time>2025-07-26T21:26:35Z</time></trkpt><trkpt lat="48.48511" lon="-121.045992"><ele>2303.0</ele><time>2025-07-26T21:27:07Z</time></trkpt><trkpt lat="48.485121" lon="-121.045978"><ele>2301.0</ele><time>2025-07-26T21:27:27Z</time></trkpt><trkpt lat="48.485129" lon="-121.045853"><ele>2307.0</ele><time>2025-07-26T21:27:47Z</time></trkpt><trkpt lat="48.485115" lon="-121.045824"><ele>2306.0</ele><time>2025-07-26T21:27:50Z</time></trkpt><trkpt lat="48.485122" lon="-121.045773"><ele>2307.0</ele><time>2025-07-26T21:27:55Z</time></trkpt><trkpt lat="48.485106" lon="-121.045684"><ele>2308.0</ele><time>2025-07-26T21:28:06Z</time></trkpt><trkpt lat="48.485119" lon="-121.045611"><ele>2311.0</ele><time>2025-07-26T21:28:16Z</time></trkpt><trkpt lat="48.485132" lon="-121.045273"><ele>2322.0</ele><time>2025-07-26T21:29:01Z</time></trkpt><trkpt lat="48.485154" lon="-121.045239"><ele>2314.0</ele><time>2025-07-26T21:29:15Z</time></trkpt><trkpt lat="48.485148" lon="-121.04528"><ele>2326.1</ele><time>2025-07-26T21:29:29Z</time></trkpt><trkpt lat="48.485203" lon="-121.04529"><ele>2318.0</ele><time>2025-07-26T21:55:23Z</time></trkpt><trkpt lat="48.485243" lon="-121.045206"><ele>2316.1</ele><time>2025-07-26T21:55:46Z</time></trkpt><trkpt lat="48.485329" lon="-121.045144"><ele>2310.0</ele><time>2025-07-26T21:56:06Z</time></trkpt><trkpt lat="48.485342" lon="-121.045108"><ele>2310.0</ele><time>2025-07-26T21:56:12Z</time></trkpt><trkpt lat="48.485339" lon="-121.045074"><ele>2312.0</ele><time>2025-07-26T21:56:19Z</time></trkpt><trkpt lat="48.485315" lon="-121.045053"><ele>2310.0</ele><time>2025-07-26T21:56:27Z</time></trkpt><trkpt lat="48.485234" lon="-121.045044"><ele>2313.0</ele><time>2025-07-26T22:00:25Z</time></trkpt><trkpt lat="48.485241" lon="-121.045088"><ele>2315.0</ele><time>2025-07-26T22:04:29Z</time></trkpt><trkpt lat="48.485224" lon="-121.045136"><ele>2316.0</ele><time>2025-07-26T22:04:35Z</time></trkpt><trkpt lat="48.485229" lon="-121.045216"><ele>2317.0</ele><time>2025-07-26T22:04:48Z</time></trkpt><trkpt lat="48.4852" lon="-121.045276"><ele>2320.0</ele><time>2025-07-26T22:05:01Z</time></trkpt><trkpt lat="48.485201" lon="-121.045343"><ele>2314.0</ele><time>2025-07-26T22:05:13Z</time></trkpt><trkpt lat="48.485177" lon="-121.045325"><ele>2322.0</ele><time>2025-07-26T22:05:22Z</time></trkpt><trkpt lat="48.485179" lon="-121.045491"><ele>2322.0</ele><time>2025-07-26T22:06:49Z</time></trkpt><trkpt lat="48.485211" lon="-121.04558"><ele>2320.0</ele><time>2025-07-26T22:07:03Z</time></trkpt><trkpt lat="48.48518" lon="-121.045739"><ele>2313.0</ele><time>2025-07-26T22:07:27Z</time></trkpt><trkpt lat="48.485214" lon="-121.04587"><ele>2312.0</ele><time>2025-07-26T22:07:43Z</time></trkpt><trkpt lat="48.485219" lon="-121.045974"><ele>2313.0</ele><time>2025-07-26T22:07:53Z</time></trkpt><trkpt lat="48.485116" lon="-121.04612"><ele>2309.0</ele><time>2025-07-26T22:10:54Z</time></trkpt><trkpt lat="48.485084" lon="-121.046142"><ele>2299.0</ele><time>2025-07-26T22:12:10Z</time></trkpt><trkpt lat="48.485049" lon="-121.046122"><ele>2295.0</ele><time>2025-07-26T22:13:06Z</time></trkpt><trkpt lat="48.485028" lon="-121.046092"><ele>2294.0</ele><time>2025-07-26T22:13:14Z</time></trkpt><trkpt lat="48.485005" lon="-121.04611"><ele>2290.0</ele><time>2025-07-26T22:13:31Z</time></trkpt><trkpt lat="48.484997" lon="-121.046177"><ele>2292.0</ele><time>2025-07-26T22:13:59Z</time></trkpt><trkpt lat="48.485003" lon="-121.046201"><ele>2290.0</ele><time>2025-07-26T22:14:06Z</time></trkpt><trkpt lat="48.484986" lon="-121.046243"><ele>2283.0</ele><time>2025-07-26T22:14:24Z</time></trkpt><trkpt lat="48.484958" lon="-121.046262"><ele>2283.0</ele><time>2025-07-26T22:14:49Z</time></trkpt><trkpt lat="48.484916" lon="-121.04623"><ele>2286.0</ele><time>2025-07-26T22:14:59Z</time></trkpt><trkpt lat="48.484904" lon="-121.04626"><ele>2285.0</ele><time>2025-07-26T22:15:04Z</time></trkpt><trkpt lat="48.484899" lon="-121.046319"><ele>2282.0</ele><time>2025-07-26T22:15:15Z</time></trkpt><trkpt lat="48.484913" lon="-121.046465"><ele>2280.0</ele><time>2025-07-26T22:16:19Z</time></trkpt><trkpt lat="48.484876" lon="-121.046568"><ele>2272.0</ele><time>2025-07-26T22:17:20Z</time></trkpt><trkpt lat="48.484844" lon="-121.046582"><ele>2268.0</ele><time>2025-07-26T22:17:29Z</time></trkpt><trkpt lat="48.484807" lon="-121.046577"><ele>2268.0</ele><time>2025-07-26T22:17:40Z</time></trkpt><trkpt lat="48.484786" lon="-121.046601"><ele>2270.0</ele><time>2025-07-26T22:17:53Z</time></trkpt><trkpt lat="48.484741" lon="-121.046713"><ele>2267.0</ele><time>2025-07-26T22:18:43Z</time></trkpt><trkpt lat="48.4847" lon="-121.046692"><ele>2266.0</ele><time>2025-07-26T22:18:57Z</time></trkpt><trkpt lat="48.48468" lon="-121.046739"><ele>2264.0</ele><time>2025-07-26T22:19:04Z</time></trkpt><trkpt lat="48.484676" lon="-121.04684"><ele>2254.0</ele><time>2025-07-26T22:19:22Z</time></trkpt><trkpt lat="48.484618" lon="-121.046834"><ele>2260.0</ele><time>2025-07-26T22:19:31Z</time></trkpt><trkpt lat="48.484615" lon="-121.046884"><ele>2253.0</ele><time>2025-07-26T22:20:01Z</time></trkpt><trkpt lat="48.484425" lon="-121.046861"><ele>2249.0</ele><time>2025-07-26T22:21:06Z</time></trkpt><trkpt lat="48.484358" lon="-121.046766"><ele>2220.0</ele><time>2025-07-26T22:21:34Z</time></trkpt><trkpt lat="48.484361" lon="-121.046731"><ele>2246.0</ele><time>2025-07-26T22:22:02Z</time></trkpt><trkpt lat="48.484346" lon="-121.046677"><ele>2242.0</ele><time>2025-07-26T22:22:32Z</time></trkpt><trkpt lat="48.484285" lon="-121.04668"><ele>2240.0</ele><time>2025-07-26T22:26:02Z</time></trkpt><trkpt lat="48.484297" lon="-121.046763"><ele>2243.4</ele><time>2025-07-26T22:26:37Z</time></trkpt><trkpt lat="48.484311" lon="-121.046788"><ele>2240.0</ele><time>2025-07-26T22:26:42Z</time></trkpt><trkpt lat="48.484343" lon="-121.04684"><ele>2238.0</ele><time>2025-07-26T22:31:13Z</time></trkpt><trkpt lat="48.484338" lon="-121.046879"><ele>2244.0</ele><time>2025-07-26T22:31:39Z</time></trkpt><trkpt lat="48.484296" lon="-121.046922"><ele>2238.0</ele><time>2025-07-26T22:32:17Z</time></trkpt><trkpt lat="48.484273" lon="-121.047048"><ele>2233.0</ele><time>2025-07-26T22:32:56Z</time></trkpt><trkpt lat="48.484256" lon="-121.047058"><ele>2238.0</ele><time>2025-07-26T22:33:05Z</time></trkpt><trkpt lat="48.484232" lon="-121.047146"><ele>2226.0</ele><time>2025-07-26T22:33:35Z</time></trkpt><trkpt lat="48.484239" lon="-121.04719"><ele>2235.0</ele><time>2025-07-26T22:33:55Z</time></trkpt><trkpt lat="48.484264" lon="-121.04724"><ele>2238.0</ele><time>2025-07-26T22:34:08Z</time></trkpt><trkpt lat="48.484261" lon="-121.047281"><ele>2233.0</ele><time>2025-07-26T22:34:17Z</time></trkpt><trkpt lat="48.48423" lon="-121.047335"><ele>2235.0</ele><time>2025-07-26T22:34:35Z</time></trkpt><trkpt lat="48.484224" lon="-121.047392"><ele>2229.0</ele><time>2025-07-26T22:34:57Z</time></trkpt><trkpt lat="48.484203" lon="-121.047455"><ele>2229.0</ele><time>2025-07-26T22:35:30Z</time></trkpt><trkpt lat="48.484201" lon="-121.04754"><ele>2226.0</ele><time>2025-07-26T22:35:58Z</time></trkpt><trkpt lat="48.484226" lon="-121.047576"><ele>2228.0</ele><time>2025-07-26T22:36:08Z</time></trkpt><trkpt lat="48.484195" lon="-121.047645"><ele>2226.0</ele><time>2025-07-26T22:36:28Z</time></trkpt><trkpt lat="48.484168" lon="-121.047678"><ele>2226.0</ele><time>2025-07-26T22:36:44Z</time></trkpt><trkpt lat="48.484147" lon="-121.047758"><ele>2223.0</ele><time>2025-07-26T22:38:13Z</time></trkpt><trkpt lat="48.484056" lon="-121.047787"><ele>2220.0</ele><time>2025-07-26T22:39:06Z</time></trkpt><trkpt lat="48.484019" lon="-121.047808"><ele>2219.0</ele><time>2025-07-26T22:40:26Z</time></trkpt><trkpt lat="48.483993" lon="-121.047846"><ele>2210.0</ele><time>2025-07-26T22:40:36Z</time></trkpt><trkpt lat="48.48396" lon="-121.047851"><ele>2216.0</ele><time>2025-07-26T22:40:45Z</time></trkpt><trkpt lat="48.483953" lon="-121.047894"><ele>2212.0</ele><time>2025-07-26T22:41:19Z</time></trkpt><trkpt lat="48.483869" lon="-121.047887"><ele>2209.0</ele><time>2025-07-26T22:41:44Z</time></trkpt><trkpt lat="48.483809" lon="-121.047981"><ele>2210.0</ele><time>2025-07-26T22:42:03Z</time></trkpt><trkpt lat="48.483771" lon="-121.048066"><ele>2208.0</ele><time>2025-07-26T22:42:12Z</time></trkpt><trkpt lat="48.483737" lon="-121.048086"><ele>2208.0</ele><time>2025-07-26T22:42:17Z</time></trkpt><trkpt lat="48.483693" lon="-121.048094"><ele>2208.0</ele><time>2025-07-26T22:42:24Z</time></trkpt><trkpt lat="48.483662" lon="-121.048119"><ele>2196.0</ele><time>2025-07-26T22:42:38Z</time></trkpt><trkpt lat="48.483629" lon="-121.048162"><ele>2204.0</ele><time>2025-07-26T22:43:07Z</time></trkpt><trkpt lat="48.4836" lon="-121.048247"><ele>2201.0</ele><time>2025-07-26T22:43:20Z</time></trkpt><trkpt lat="48.483563" lon="-121.048259"><ele>2199.0</ele><time>2025-07-26T22:43:28Z</time></trkpt><trkpt lat="48.483429" lon="-121.048466"><ele>2191.0</ele><time>2025-07-26T22:44:52Z</time></trkpt><trkpt lat="48.483358" lon="-121.048384"><ele>2184.0</ele><time>2025-07-26T22:45:15Z</time></trkpt><trkpt lat="48.48332" lon="-121.04845"><ele>2184.0</ele><time>2025-07-26T22:45:37Z</time></trkpt><trkpt lat="48.48332" lon="-121.048482"><ele>2185.0</ele><time>2025-07-26T22:47:18Z</time></trkpt><trkpt lat="48.483308" lon="-121.048467"><ele>2185.0</ele><time>2025-07-26T22:47:54Z</time></trkpt><trkpt lat="48.483279" lon="-121.048555"><ele>2176.0</ele><time>2025-07-26T22:48:11Z</time></trkpt><trkpt lat="48.483236" lon="-121.048613"><ele>2176.0</ele><time>2025-07-26T22:48:30Z</time></trkpt><trkpt lat="48.483219" lon="-121.048694"><ele>2175.0</ele><time>2025-07-26T22:48:44Z</time></trkpt><trkpt lat="48.483219" lon="-121.048652"><ele>2176.0</ele><time>2025-07-26T22:48:52Z</time></trkpt><trkpt lat="48.483205" lon="-121.048726"><ele>2170.0</ele><time>2025-07-26T22:49:17Z</time></trkpt><trkpt lat="48.483171" lon="-121.048763"><ele>2170.0</ele><time>2025-07-26T22:49:35Z</time></trkpt><trkpt lat="48.483146" lon="-121.048699"><ele>2171.3</ele><time>2025-07-26T22:50:12Z</time></trkpt><trkpt lat="48.483159" lon="-121.04868"><ele>2171.0</ele><time>2025-07-26T22:50:18Z</time></trkpt><trkpt lat="48.483107" lon="-121.048782"><ele>2160.0</ele><time>2025-07-26T22:51:11Z</time></trkpt><trkpt lat="48.483083" lon="-121.04885"><ele>2163.0</ele><time>2025-07-26T22:51:24Z</time></trkpt><trkpt lat="48.483068" lon="-121.049036"><ele>2160.0</ele><time>2025-07-26T22:51:54Z</time></trkpt><trkpt lat="48.483026" lon="-121.049033"><ele>2161.7</ele><time>2025-07-26T22:51:57Z</time></trkpt><trkpt lat="48.483051" lon="-121.049065"><ele>2159.0</ele><time>2025-07-26T22:51:59Z</time></trkpt><trkpt lat="48.483046" lon="-121.049147"><ele>2155.0</ele><time>2025-07-26T22:52:10Z</time></trkpt><trkpt lat="48.483024" lon="-121.049207"><ele>2155.0</ele><time>2025-07-26T22:52:49Z</time></trkpt><trkpt lat="48.483013" lon="-121.049271"><ele>2154.0</ele><time>2025-07-26T22:52:57Z</time></trkpt><trkpt lat="48.482933" lon="-121.049402"><ele>2148.0</ele><time>2025-07-26T22:53:29Z</time></trkpt><trkpt lat="48.482885" lon="-121.049531"><ele>2145.0</ele><time>2025-07-26T22:53:39Z</time></trkpt><trkpt lat="48.482855" lon="-121.049551"><ele>2142.0</ele><time>2025-07-26T22:53:46Z</time></trkpt><trkpt lat="48.482842" lon="-121.049598"><ele>2142.0</ele><time>2025-07-26T22:53:50Z</time></trkpt><trkpt lat="48.482795" lon="-121.049677"><ele>2132.0</ele><time>2025-07-26T22:54:05Z</time></trkpt><trkpt lat="48.482713" lon="-121.049746"><ele>2136.0</ele><time>2025-07-26T22:54:20Z</time></trkpt><trkpt lat="48.482715" lon="-121.049834"><ele>2136.0</ele><time>2025-07-26T22:54:28Z</time></trkpt><trkpt lat="48.482696" lon="-121.049884"><ele>2132.0</ele><time>2025-07-26T22:54:45Z</time></trkpt><trkpt lat="48.482706" lon="-121.049939"><ele>2134.0</ele><time>2025-07-26T22:55:21Z</time></trkpt><trkpt lat="48.482702" lon="-121.049991"><ele>2132.0</ele><time>2025-07-26T22:55:28Z</time></trkpt><trkpt lat="48.482679" lon="-121.050097"><ele>2128.0</ele><time>2025-07-26T22:55:47Z</time></trkpt><trkpt lat="48.482701" lon="-121.050168"><ele>2128.0</ele><time>2025-07-26T22:55:57Z</time></trkpt><trkpt lat="48.482703" lon="-121.050236"><ele>2129.0</ele><time>2025-07-26T22:56:03Z</time></trkpt><trkpt lat="48.482734" lon="-121.050293"><ele>2128.0</ele><time>2025-07-26T22:56:08Z</time></trkpt><trkpt lat="48.482731" lon="-121.050329"><ele>2129.0</ele><time>2025-07-26T22:56:10Z</time></trkpt><trkpt lat="48.482687" lon="-121.050402"><ele>2127.0</ele><time>2025-07-26T22:56:22Z</time></trkpt><trkpt lat="48.482686" lon="-121.050442"><ele>2127.0</ele><time>2025-07-26T22:56:25Z</time></trkpt><trkpt lat="48.482722" lon="-121.05055"><ele>2124.0</ele><time>2025-07-26T22:57:37Z</time></trkpt><trkpt lat="48.482692" lon="-121.050589"><ele>2123.0</ele><time>2025-07-26T22:58:16Z</time></trkpt><trkpt lat="48.482632" lon="-121.050546"><ele>2120.0</ele><time>2025-07-26T22:58:32Z</time></trkpt><trkpt lat="48.482613" lon="-121.050617"><ele>2120.0</ele><time>2025-07-26T22:58:44Z</time></trkpt><trkpt lat="48.482589" lon="-121.050639"><ele>2119.0</ele><time>2025-07-26T22:58:51Z</time></trkpt><trkpt lat="48.482535" lon="-121.050656"><ele>2116.0</ele><time>2025-07-26T22:59:02Z</time></trkpt><trkpt lat="48.482482" lon="-121.05069"><ele>2115.0</ele><time>2025-07-26T22:59:13Z</time></trkpt><trkpt lat="48.482444" lon="-121.050748"><ele>2112.0</ele><time>2025-07-26T22:59:26Z</time></trkpt><trkpt lat="48.482421" lon="-121.050826"><ele>2111.0</ele><time>2025-07-26T23:00:46Z</time></trkpt><trkpt lat="48.48238" lon="-121.050882"><ele>2108.0</ele><time>2025-07-26T23:01:02Z</time></trkpt><trkpt lat="48.482363" lon="-121.050953"><ele>2108.0</ele><time>2025-07-26T23:01:12Z</time></trkpt><trkpt lat="48.482366" lon="-121.050987"><ele>2108.0</ele><time>2025-07-26T23:01:16Z</time></trkpt><trkpt lat="48.482404" lon="-121.051055"><ele>2106.0</ele><time>2025-07-26T23:01:39Z</time></trkpt><trkpt lat="48.482368" lon="-121.051232"><ele>2102.5</ele><time>2025-07-26T23:02:27Z</time></trkpt><trkpt lat="48.482372" lon="-121.051261"><ele>2102.0</ele><time>2025-07-26T23:02:28Z</time></trkpt><trkpt lat="48.482419" lon="-121.051296"><ele>2100.0</ele><time>2025-07-26T23:05:31Z</time></trkpt><trkpt lat="48.482298" lon="-121.051278"><ele>2100.0</ele><time>2025-07-26T23:05:45Z</time></trkpt><trkpt lat="48.482249" lon="-121.051347"><ele>2095.0</ele><time>2025-07-26T23:05:56Z</time></trkpt><trkpt lat="48.482173" lon="-121.051357"><ele>2097.0</ele><time>2025-07-26T23:06:12Z</time></trkpt><trkpt lat="48.482103" lon="-121.051383"><ele>2097.0</ele><time>2025-07-26T23:07:01Z</time></trkpt><trkpt lat="48.482083" lon="-121.051407"><ele>2088.0</ele><time>2025-07-26T23:07:10Z</time></trkpt><trkpt lat="48.482011" lon="-121.051353"><ele>2079.0</ele><time>2025-07-26T23:07:37Z</time></trkpt><trkpt lat="48.482047" lon="-121.051422"><ele>2095.0</ele><time>2025-07-26T23:08:11Z</time></trkpt><trkpt lat="48.48205" lon="-121.051472"><ele>2092.0</ele><time>2025-07-26T23:08:23Z</time></trkpt><trkpt lat="48.482011" lon="-121.051532"><ele>2091.0</ele><time>2025-07-26T23:08:28Z</time></trkpt><trkpt lat="48.481979" lon="-121.051545"><ele>2086.0</ele><time>2025-07-26T23:08:33Z</time></trkpt><trkpt lat="48.481929" lon="-121.051645"><ele>2085.0</ele><time>2025-07-26T23:08:48Z</time></trkpt><trkpt lat="48.481909" lon="-121.051668"><ele>2084.0</ele><time>2025-07-26T23:08:52Z</time></trkpt><trkpt lat="48.481876" lon="-121.051679"><ele>2084.0</ele><time>2025-07-26T23:08:56Z</time></trkpt><trkpt lat="48.481774" lon="-121.0518"><ele>2079.0</ele><time>2025-07-26T23:09:14Z</time></trkpt><trkpt lat="48.481749" lon="-121.051952"><ele>2071.0</ele><time>2025-07-26T23:09:35Z</time></trkpt><trkpt lat="48.481756" lon="-121.052019"><ele>2072.0</ele><time>2025-07-26T23:10:06Z</time></trkpt><trkpt lat="48.481607" lon="-121.052131"><ele>2071.0</ele><time>2025-07-26T23:10:41Z</time></trkpt><trkpt lat="48.481618" lon="-121.052169"><ele>2063.0</ele><time>2025-07-26T23:10:49Z</time></trkpt><trkpt lat="48.481577" lon="-121.052334"><ele>2066.0</ele><time>2025-07-26T23:11:27Z</time></trkpt><trkpt lat="48.48156" lon="-121.052304"><ele>2060.0</ele><time>2025-07-26T23:11:33Z</time></trkpt><trkpt lat="48.481558" lon="-121.052336"><ele>2060.0</ele><time>2025-07-26T23:11:40Z</time></trkpt><trkpt lat="48.481532" lon="-121.052357"><ele>2061.0</ele><time>2025-07-26T23:11:44Z</time></trkpt><trkpt lat="48.481499" lon="-121.052462"><ele>2060.0</ele><time>2025-07-26T23:12:01Z</time></trkpt><trkpt lat="48.481447" lon="-121.0525"><ele>2057.0</ele><time>2025-07-26T23:12:14Z</time></trkpt><trkpt lat="48.481426" lon="-121.052566"><ele>2055.0</ele><time>2025-07-26T23:12:22Z</time></trkpt><trkpt lat="48.481392" lon="-121.052543"><ele>2056.0</ele><time>2025-07-26T23:12:27Z</time></trkpt><trkpt lat="48.481375" lon="-121.052614"><ele>2048.0</ele><time>2025-07-26T23:12:38Z</time></trkpt><trkpt lat="48.481324" lon="-121.05259"><ele>2052.8</ele><time>2025-07-26T23:13:12Z</time></trkpt><trkpt lat="48.481329" lon="-121.052569"><ele>2051.0</ele><time>2025-07-26T23:13:14Z</time></trkpt><trkpt lat="48.481292" lon="-121.05259"><ele>2049.0</ele><time>2025-07-26T23:13:20Z</time></trkpt><trkpt lat="48.48127" lon="-121.052629"><ele>2049.0</ele><time>2025-07-26T23:13:24Z</time></trkpt><trkpt lat="48.481166" lon="-121.052607"><ele>2048.0</ele><time>2025-07-26T23:14:03Z</time></trkpt><trkpt lat="48.481139" lon="-121.052627"><ele>2047.0</ele><time>2025-07-26T23:14:07Z</time></trkpt><trkpt lat="48.481071" lon="-121.05273"><ele>2046.0</ele><time>2025-07-26T23:14:17Z</time></trkpt><trkpt lat="48.481018" lon="-121.052769"><ele>2046.0</ele><time>2025-07-26T23:14:22Z</time></trkpt><trkpt lat="48.480994" lon="-121.052804"><ele>2046.0</ele><time>2025-07-26T23:14:24Z</time></trkpt><trkpt lat="48.480967" lon="-121.052824"><ele>2044.0</ele><time>2025-07-26T23:14:27Z</time></trkpt><trkpt lat="48.480923" lon="-121.052814"><ele>2044.0</ele><time>2025-07-26T23:14:30Z</time></trkpt><trkpt lat="48.480825" lon="-121.052825"><ele>2038.0</ele><time>2025-07-26T23:15:03Z</time></trkpt><trkpt lat="48.480787" lon="-121.052763"><ele>2041.0</ele><time>2025-07-26T23:16:23Z</time></trkpt><trkpt lat="48.480751" lon="-121.052736"><ele>2042.0</ele><time>2025-07-26T23:16:31Z</time></trkpt><trkpt lat="48.480718" lon="-121.052744"><ele>2040.0</ele><time>2025-07-26T23:16:48Z</time></trkpt><trkpt lat="48.480669" lon="-121.052844"><ele>2036.0</ele><time>2025-07-26T23:17:02Z</time></trkpt><trkpt lat="48.480642" lon="-121.052873"><ele>2036.0</ele><time>2025-07-26T23:17:05Z</time></trkpt><trkpt lat="48.480625" lon="-121.052983"><ele>2034.0</ele><time>2025-07-26T23:17:11Z</time></trkpt><trkpt lat="48.480569" lon="-121.053021"><ele>2034.0</ele><time>2025-07-26T23:17:15Z</time></trkpt><trkpt lat="48.480528" lon="-121.053025"><ele>2034.0</ele><time>2025-07-26T23:17:18Z</time></trkpt><trkpt lat="48.480497" lon="-121.053118"><ele>2034.0</ele><time>2025-07-26T23:17:23Z</time></trkpt><trkpt lat="48.480468" lon="-121.053135"><ele>2032.0</ele><time>2025-07-26T23:17:27Z</time></trkpt><trkpt lat="48.480445" lon="-121.053166"><ele>2032.0</ele><time>2025-07-26T23:17:31Z</time></trkpt><trkpt lat="48.480372" lon="-121.053202"><ele>2033.0</ele><time>2025-07-26T23:17:38Z</time></trkpt><trkpt lat="48.480359" lon="-121.053227"><ele>2032.0</ele><time>2025-07-26T23:17:40Z</time></trkpt><trkpt lat="48.480292" lon="-121.05313"><ele>2030.0</ele><time>2025-07-26T23:17:58Z</time></trkpt><trkpt lat="48.480268" lon="-121.053107"><ele>2030.0</ele><time>2025-07-26T23:18:04Z</time></trkpt><trkpt lat="48.480228" lon="-121.053099"><ele>2023.0</ele><time>2025-07-26T23:18:15Z</time></trkpt><trkpt lat="48.480214" lon="-121.053132"><ele>2030.0</ele><time>2025-07-26T23:18:28Z</time></trkpt><trkpt lat="48.480217" lon="-121.053184"><ele>2031.0</ele><time>2025-07-26T23:18:32Z</time></trkpt><trkpt lat="48.480233" lon="-121.053254"><ele>2029.0</ele><time>2025-07-26T23:18:39Z</time></trkpt><trkpt lat="48.480262" lon="-121.053313"><ele>2030.0</ele><time>2025-07-26T23:19:12Z</time></trkpt><trkpt lat="48.480256" lon="-121.053337"><ele>2030.8</ele><time>2025-07-26T23:19:38Z</time></trkpt><trkpt lat="48.480271" lon="-121.053274"><ele>2031.0</ele><time>2025-07-26T23:19:45Z</time></trkpt><trkpt lat="48.480262" lon="-121.053235"><ele>2020.0</ele><time>2025-07-26T23:21:27Z</time></trkpt><trkpt lat="48.480236" lon="-121.053354"><ele>2028.0</ele><time>2025-07-26T23:22:18Z</time></trkpt><trkpt lat="48.480125" lon="-121.053483"><ele>2028.0</ele><time>2025-07-26T23:22:36Z</time></trkpt><trkpt lat="48.480105" lon="-121.053559"><ele>2027.0</ele><time>2025-07-26T23:22:41Z</time></trkpt><trkpt lat="48.4801" lon="-121.053644"><ele>2024.0</ele><time>2025-07-26T23:22:46Z</time></trkpt><trkpt lat="48.480066" lon="-121.053758"><ele>2025.0</ele><time>2025-07-26T23:22:56Z</time></trkpt><trkpt lat="48.480017" lon="-121.053877"><ele>2022.0</ele><time>2025-07-26T23:23:05Z</time></trkpt><trkpt lat="48.47998" lon="-121.053926"><ele>2022.0</ele><time>2025-07-26T23:23:11Z</time></trkpt><trkpt lat="48.479942" lon="-121.054001"><ele>2022.0</ele><time>2025-07-26T23:23:16Z</time></trkpt><trkpt lat="48.479916" lon="-121.054019"><ele>2020.0</ele><time>2025-07-26T23:23:19Z</time></trkpt><trkpt lat="48.479878" lon="-121.054077"><ele>2022.0</ele><time>2025-07-26T23:23:25Z</time></trkpt><trkpt lat="48.479825" lon="-121.054124"><ele>2020.0</ele><time>2025-07-26T23:23:31Z</time></trkpt><trkpt lat="48.479757" lon="-121.054159"><ele>2019.0</ele><time>2025-07-26T23:23:37Z</time></trkpt><trkpt lat="48.479726" lon="-121.05425"><ele>2019.0</ele><time>2025-07-26T23:23:45Z</time></trkpt><trkpt lat="48.479669" lon="-121.054302"><ele>2020.0</ele><time>2025-07-26T23:23:54Z</time></trkpt><trkpt lat="48.47966" lon="-121.054327"><ele>2020.0</ele><time>2025-07-26T23:23:55Z</time></trkpt><trkpt lat="48.479591" lon="-121.054379"><ele>2022.0</ele><time>2025-07-26T23:24:04Z</time></trkpt><trkpt lat="48.47956" lon="-121.054387"><ele>2022.0</ele><time>2025-07-26T23:24:06Z</time></trkpt><trkpt lat="48.479509" lon="-121.05443"><ele>2022.0</ele><time>2025-07-26T23:24:12Z</time></trkpt><trkpt lat="48.479458" lon="-121.054537"><ele>2022.0</ele><time>2025-07-26T23:24:19Z</time></trkpt><trkpt lat="48.479354" lon="-121.054691"><ele>2021.0</ele><time>2025-07-26T23:24:31Z</time></trkpt><trkpt lat="48.479338" lon="-121.054733"><ele>2022.0</ele><time>2025-07-26T23:24:33Z</time></trkpt><trkpt lat="48.479203" lon="-121.054825"><ele>2022.0</ele><time>2025-07-26T23:24:44Z</time></trkpt><trkpt lat="48.479058" lon="-121.054987"><ele>2020.0</ele><time>2025-07-26T23:24:59Z</time></trkpt><trkpt lat="48.479028" lon="-121.055056"><ele>2020.0</ele><time>2025-07-26T23:25:03Z</time></trkpt><trkpt lat="48.478987" lon="-121.05512"><ele>2020.0</ele><time>2025-07-26T23:25:07Z</time></trkpt><trkpt lat="48.478885" lon="-121.055142"><ele>2021.0</ele><time>2025-07-26T23:25:16Z</time></trkpt><trkpt lat="48.478822" lon="-121.055257"><ele>2016.0</ele><time>2025-07-26T23:25:25Z</time></trkpt><trkpt lat="48.478788" lon="-121.055273"><ele>2016.0</ele><time>2025-07-26T23:25:28Z</time></trkpt><trkpt lat="48.478754" lon="-121.055268"><ele>2018.0</ele><time>2025-07-26T23:25:32Z</time></trkpt><trkpt lat="48.478734" lon="-121.055323"><ele>2021.2</ele><time>2025-07-26T23:25:35Z</time></trkpt><trkpt lat="48.47874" lon="-121.055354"><ele>2021.0</ele><time>2025-07-26T23:25:36Z</time></trkpt><trkpt lat="48.478699" lon="-121.055389"><ele>2020.0</ele><time>2025-07-26T23:25:40Z</time></trkpt><trkpt lat="48.478676" lon="-121.055423"><ele>2019.0</ele><time>2025-07-26T23:25:43Z</time></trkpt><trkpt lat="48.478625" lon="-121.055454"><ele>2010.0</ele><time>2025-07-26T23:28:10Z</time></trkpt><trkpt lat="48.478475" lon="-121.055619"><ele>2011.0</ele><time>2025-07-26T23:28:41Z</time></trkpt><trkpt lat="48.47841" lon="-121.055651"><ele>2002.0</ele><time>2025-07-26T23:29:03Z</time></trkpt><trkpt lat="48.478311" lon="-121.055818"><ele>2007.0</ele><time>2025-07-26T23:29:31Z</time></trkpt><trkpt lat="48.478254" lon="-121.05587"><ele>2004.0</ele><time>2025-07-26T23:29:46Z</time></trkpt><trkpt lat="48.478155" lon="-121.055904"><ele>2005.0</ele><time>2025-07-26T23:29:55Z</time></trkpt><trkpt lat="48.478114" lon="-121.056096"><ele>2000.0</ele><time>2025-07-26T23:30:09Z</time></trkpt><trkpt lat="48.478035" lon="-121.056178"><ele>2000.0</ele><time>2025-07-26T23:30:25Z</time></trkpt><trkpt lat="48.478015" lon="-121.056053"><ele>2004.0</ele><time>2025-07-26T23:30:43Z</time></trkpt><trkpt lat="48.478042" lon="-121.055974"><ele>2004.0</ele><time>2025-07-26T23:30:57Z</time></trkpt><trkpt lat="48.478099" lon="-121.055943"><ele>2004.0</ele><time>2025-07-26T23:31:04Z</time></trkpt><trkpt lat="48.478137" lon="-121.055858"><ele>2003.0</ele><time>2025-07-26T23:31:14Z</time></trkpt><trkpt lat="48.478133" lon="-121.05582"><ele>2000.0</ele><time>2025-07-26T23:31:19Z</time></trkpt><trkpt lat="48.478113" lon="-121.055772"><ele>2000.0</ele><time>2025-07-26T23:31:26Z</time></trkpt><trkpt lat="48.478084" lon="-121.055806"><ele>2000.0</ele><time>2025-07-26T23:31:31Z</time></trkpt><trkpt lat="48.478017" lon="-121.055785"><ele>2001.0</ele><time>2025-07-26T23:31:38Z</time></trkpt><trkpt lat="48.477919" lon="-121.055818"><ele>2000.0</ele><time>2025-07-26T23:31:49Z</time></trkpt><trkpt lat="48.477893" lon="-121.055878"><ele>1998.0</ele><time>2025-07-26T23:31:55Z</time></trkpt><trkpt lat="48.477844" lon="-121.055931"><ele>1998.0</ele><time>2025-07-26T23:32:02Z</time></trkpt><trkpt lat="48.477809" lon="-121.056023"><ele>1995.0</ele><time>2025-07-26T23:32:12Z</time></trkpt><trkpt lat="48.477792" lon="-121.05622"><ele>1995.0</ele><time>2025-07-26T23:32:24Z</time></trkpt><trkpt lat="48.477698" lon="-121.056488"><ele>1992.0</ele><time>2025-07-26T23:32:58Z</time></trkpt><trkpt lat="48.477651" lon="-121.056581"><ele>1992.0</ele><time>2025-07-26T23:33:07Z</time></trkpt><trkpt lat="48.477611" lon="-121.056595"><ele>1992.0</ele><time>2025-07-26T23:33:11Z</time></trkpt><trkpt lat="48.477548" lon="-121.056647"><ele>1992.0</ele><time>2025-07-26T23:33:18Z</time></trkpt><trkpt lat="48.477499" lon="-121.0567"><ele>1992.0</ele><time>2025-07-26T23:33:24Z</time></trkpt><trkpt lat="48.47748" lon="-121.056747"><ele>1992.0</ele><time>2025-07-26T23:33:27Z</time></trkpt><trkpt lat="48.47739" lon="-121.056824"><ele>1992.0</ele><time>2025-07-26T23:33:36Z</time></trkpt><trkpt lat="48.477382" lon="-121.056849"><ele>1992.0</ele><time>2025-07-26T23:33:38Z</time></trkpt><trkpt lat="48.47734" lon="-121.056887"><ele>1991.0</ele><time>2025-07-26T23:33:48Z</time></trkpt><trkpt lat="48.477299" lon="-121.056989"><ele>1991.0</ele><time>2025-07-26T23:34:11Z</time></trkpt><trkpt lat="48.477276" lon="-121.05711"><ele>1989.0</ele><time>2025-07-26T23:34:23Z</time></trkpt><trkpt lat="48.477296" lon="-121.057155"><ele>1991.0</ele><time>2025-07-26T23:34:27Z</time></trkpt><trkpt lat="48.477276" lon="-121.057228"><ele>1990.0</ele><time>2025-07-26T23:34:38Z</time></trkpt><trkpt lat="48.477278" lon="-121.05706"><ele>1990.0</ele><time>2025-07-26T23:35:13Z</time></trkpt><trkpt lat="48.477196" lon="-121.056906"><ele>1992.0</ele><time>2025-07-26T23:35:26Z</time></trkpt><trkpt lat="48.477126" lon="-121.056624"><ele>1989.0</ele><time>2025-07-26T23:35:45Z</time></trkpt><trkpt lat="48.47709" lon="-121.056525"><ele>1990.0</ele><time>2025-07-26T23:35:54Z</time></trkpt><trkpt lat="48.477074" lon="-121.056438"><ele>1992.0</ele><time>2025-07-26T23:36:02Z</time></trkpt><trkpt lat="48.477085" lon="-121.056376"><ele>1992.0</ele><time>2025-07-26T23:36:07Z</time></trkpt><trkpt lat="48.477078" lon="-121.056328"><ele>1991.0</ele><time>2025-07-26T23:39:32Z</time></trkpt><trkpt lat="48.477108" lon="-121.056346"><ele>1989.0</ele><time>2025-07-26T23:40:26Z</time></trkpt><trkpt lat="48.47714" lon="-121.056392"><ele>1990.0</ele><time>2025-07-26T23:41:02Z</time></trkpt><trkpt lat="48.477124" lon="-121.056637"><ele>1989.0</ele><time>2025-07-26T23:41:20Z</time></trkpt><trkpt lat="48.477206" lon="-121.056906"><ele>1989.0</ele><time>2025-07-26T23:41:41Z</time></trkpt><trkpt lat="48.477282" lon="-121.057078"><ele>1988.0</ele><time>2025-07-26T23:41:56Z</time></trkpt><trkpt lat="48.477279" lon="-121.057246"><ele>1993.6</ele><time>2025-07-26T23:42:30Z</time></trkpt><trkpt lat="48.47729" lon="-121.05715"><ele>1989.0</ele><time>2025-07-26T23:42:37Z</time></trkpt><trkpt lat="48.477264" lon="-121.057112"><ele>1988.0</ele><time>2025-07-26T23:42:41Z</time></trkpt><trkpt lat="48.477165" lon="-121.057153"><ele>1988.0</ele><time>2025-07-26T23:42:53Z</time></trkpt><trkpt lat="48.477096" lon="-121.057148"><ele>1988.0</ele><time>2025-07-26T23:43:03Z</time></trkpt><trkpt lat="48.477059" lon="-121.057215"><ele>1984.0</ele><time>2025-07-26T23:43:15Z</time></trkpt><trkpt lat="48.477025" lon="-121.057187"><ele>1985.0</ele><time>2025-07-26T23:43:23Z</time></trkpt><trkpt lat="48.476991" lon="-121.057179"><ele>1984.0</ele><time>2025-07-26T23:43:27Z</time></trkpt><trkpt lat="48.476943" lon="-121.057118"><ele>1984.0</ele><time>2025-07-26T23:43:39Z</time></trkpt><trkpt lat="48.47686" lon="-121.057045"><ele>1980.0</ele><time>2025-07-26T23:43:50Z</time></trkpt><trkpt lat="48.476848" lon="-121.057005"><ele>1980.0</ele><time>2025-07-26T23:43:53Z</time></trkpt><trkpt lat="48.476792" lon="-121.056952"><ele>1980.0</ele><time>2025-07-26T23:43:58Z</time></trkpt><trkpt lat="48.476775" lon="-121.056921"><ele>1979.0</ele><time>2025-07-26T23:44:00Z</time></trkpt><trkpt lat="48.476724" lon="-121.056884"><ele>1978.0</ele><time>2025-07-26T23:44:06Z</time></trkpt><trkpt lat="48.476698" lon="-121.056798"><ele>1978.0</ele><time>2025-07-26T23:44:13Z</time></trkpt><trkpt lat="48.476626" lon="-121.056724"><ele>1977.0</ele><time>2025-07-26T23:44:22Z</time></trkpt><trkpt lat="48.476522" lon="-121.056554"><ele>1974.0</ele><time>2025-07-26T23:44:40Z</time></trkpt><trkpt lat="48.476489" lon="-121.056549"><ele>1974.0</ele><time>2025-07-26T23:44:44Z</time></trkpt><trkpt lat="48.47642" lon="-121.056551"><ele>1970.0</ele><time>2025-07-26T23:44:52Z</time></trkpt><trkpt lat="48.476363" lon="-121.056593"><ele>1971.0</ele><time>2025-07-26T23:45:07Z</time></trkpt><trkpt lat="48.476359" lon="-121.056625"><ele>1972.0</ele><time>2025-07-26T23:45:11Z</time></trkpt><trkpt lat="48.476282" lon="-121.056681"><ele>1968.0</ele><time>2025-07-26T23:45:26Z</time></trkpt><trkpt lat="48.47624" lon="-121.056692"><ele>1969.0</ele><time>2025-07-26T23:45:31Z</time></trkpt><trkpt lat="48.476204" lon="-121.056732"><ele>1968.0</ele><time>2025-07-26T23:45:37Z</time></trkpt><trkpt lat="48.476172" lon="-121.056736"><ele>1965.0</ele><time>2025-07-26T23:45:41Z</time></trkpt><trkpt lat="48.476112" lon="-121.056687"><ele>1955.0</ele><time>2025-07-26T23:45:59Z</time></trkpt><trkpt lat="48.476111" lon="-121.056723"><ele>1962.0</ele><time>2025-07-26T23:46:17Z</time></trkpt><trkpt lat="48.476071" lon="-121.056592"><ele>1962.0</ele><time>2025-07-26T23:46:36Z</time></trkpt><trkpt lat="48.476041" lon="-121.056619"><ele>1960.0</ele><time>2025-07-26T23:46:43Z</time></trkpt><trkpt lat="48.475947" lon="-121.056657"><ele>1958.0</ele><time>2025-07-26T23:46:58Z</time></trkpt><trkpt lat="48.475907" lon="-121.056608"><ele>1958.0</ele><time>2025-07-26T23:47:09Z</time></trkpt><trkpt lat="48.475886" lon="-121.056634"><ele>1955.0</ele><time>2025-07-26T23:47:20Z</time></trkpt><trkpt lat="48.475858" lon="-121.05662"><ele>1958.0</ele><time>2025-07-26T23:47:25Z</time></trkpt><trkpt lat="48.475838" lon="-121.056639"><ele>1952.0</ele><time>2025-07-26T23:49:00Z</time></trkpt><trkpt lat="48.475785" lon="-121.056644"><ele>1952.0</ele><time>2025-07-26T23:50:40Z</time></trkpt><trkpt lat="48.475777" lon="-121.056623"><ele>1950.0</ele><time>2025-07-26T23:50:46Z</time></trkpt><trkpt lat="48.475761" lon="-121.056681"><ele>1950.0</ele><time>2025-07-26T23:51:07Z</time></trkpt><trkpt lat="48.475728" lon="-121.056728"><ele>1950.0</ele><time>2025-07-26T23:51:16Z</time></trkpt><trkpt lat="48.47566" lon="-121.056752"><ele>1946.0</ele><time>2025-07-26T23:51:28Z</time></trkpt><trkpt lat="48.475615" lon="-121.056738"><ele>1944.0</ele><time>2025-07-26T23:51:36Z</time></trkpt><trkpt lat="48.475582" lon="-121.056741"><ele>1944.0</ele><time>2025-07-26T23:51:41Z</time></trkpt><trkpt lat="48.475503" lon="-121.056776"><ele>1944.0</ele><time>2025-07-26T23:51:52Z</time></trkpt><trkpt lat="48.475416" lon="-121.056723"><ele>1943.0</ele><time>2025-07-26T23:52:03Z</time></trkpt><trkpt lat="48.47536" lon="-121.056742"><ele>1940.0</ele><time>2025-07-26T23:52:10Z</time></trkpt><trkpt lat="48.475332" lon="-121.056771"><ele>1937.0</ele><time>2025-07-26T23:52:15Z</time></trkpt><trkpt lat="48.475196" lon="-121.056754"><ele>1935.0</ele><time>2025-07-26T23:52:30Z</time></trkpt><trkpt lat="48.475148" lon="-121.056807"><ele>1936.0</ele><time>2025-07-26T23:52:36Z</time></trkpt><trkpt lat="48.475102" lon="-121.056913"><ele>1935.0</ele><time>2025-07-26T23:52:43Z</time></trkpt><trkpt lat="48.475052" lon="-121.05709"><ele>1933.0</ele><time>2025-07-26T23:52:56Z</time></trkpt><trkpt lat="48.474989" lon="-121.057141"><ele>1932.0</ele><time>2025-07-26T23:53:03Z</time></trkpt><trkpt lat="48.474923" lon="-121.057173"><ele>1931.0</ele><time>2025-07-26T23:53:12Z</time></trkpt><trkpt lat="48.474882" lon="-121.057207"><ele>1928.0</ele><time>2025-07-26T23:53:18Z</time></trkpt><trkpt lat="48.474868" lon="-121.057241"><ele>1931.0</ele><time>2025-07-26T23:53:23Z</time></trkpt><trkpt lat="48.474748" lon="-121.057326"><ele>1928.0</ele><time>2025-07-26T23:53:39Z</time></trkpt><trkpt lat="48.474734" lon="-121.057364"><ele>1926.0</ele><time>2025-07-26T23:53:44Z</time></trkpt><trkpt lat="48.474649" lon="-121.057401"><ele>1925.0</ele><time>2025-07-26T23:53:57Z</time></trkpt><trkpt lat="48.474525" lon="-121.057305"><ele>1922.0</ele><time>2025-07-26T23:54:14Z</time></trkpt><trkpt lat="48.474501" lon="-121.057335"><ele>1921.0</ele><time>2025-07-26T23:54:17Z</time></trkpt><trkpt lat="48.47449" lon="-121.057411"><ele>1918.0</ele><time>2025-07-26T23:54:25Z</time></trkpt><trkpt lat="48.47436" lon="-121.057244"><ele>1917.0</ele><time>2025-07-26T23:54:44Z</time></trkpt><trkpt lat="48.474324" lon="-121.057173"><ele>1916.0</ele><time>2025-07-26T23:55:14Z</time></trkpt><trkpt lat="48.474237" lon="-121.057224"><ele>1915.0</ele><time>2025-07-26T23:56:00Z</time></trkpt><trkpt lat="48.474203" lon="-121.057231"><ele>1912.0</ele><time>2025-07-26T23:56:06Z</time></trkpt><trkpt lat="48.474167" lon="-121.057212"><ele>1913.0</ele><time>2025-07-26T23:56:12Z</time></trkpt><trkpt lat="48.474143" lon="-121.057179"><ele>1908.0</ele><time>2025-07-26T23:56:20Z</time></trkpt><trkpt lat="48.474072" lon="-121.057118"><ele>1908.0</ele><time>2025-07-26T23:57:03Z</time></trkpt><trkpt lat="48.474034" lon="-121.057172"><ele>1900.0</ele><time>2025-07-26T23:58:05Z</time></trkpt><trkpt lat="48.47403" lon="-121.057123"><ele>1905.0</ele><time>2025-07-26T23:58:54Z</time></trkpt><trkpt lat="48.473995" lon="-121.057055"><ele>1906.0</ele><time>2025-07-26T23:59:02Z</time></trkpt><trkpt lat="48.473983" lon="-121.056989"><ele>1904.0</ele><time>2025-07-26T23:59:06Z</time></trkpt><trkpt lat="48.473971" lon="-121.056845"><ele>1908.0</ele><time>2025-07-26T23:59:15Z</time></trkpt><trkpt lat="48.473985" lon="-121.056745"><ele>1908.0</ele><time>2025-07-26T23:59:24Z</time></trkpt><trkpt lat="48.473973" lon="-121.056652"><ele>1908.0</ele><time>2025-07-26T23:59:31Z</time></trkpt><trkpt lat="48.473959" lon="-121.056617"><ele>1909.8</ele><time>2025-07-26T23:59:34Z</time></trkpt><trkpt lat="48.473959" lon="-121.056437"><ele>1905.0</ele><time>2025-07-26T23:59:52Z</time></trkpt><trkpt lat="48.473905" lon="-121.056454"><ele>1905.0</ele><time>2025-07-27T00:00:44Z</time></trkpt><trkpt lat="48.473884" lon="-121.056353"><ele>1903.0</ele><time>2025-07-27T00:01:34Z</time></trkpt><trkpt lat="48.473892" lon="-121.056184"><ele>1898.0</ele><time>2025-07-27T00:02:08Z</time></trkpt><trkpt lat="48.473761" lon="-121.056272"><ele>1896.0</ele><time>2025-07-27T00:02:30Z</time></trkpt><trkpt lat="48.473748" lon="-121.056318"><ele>1896.0</ele><time>2025-07-27T00:02:38Z</time></trkpt><trkpt lat="48.47369" lon="-121.056327"><ele>1894.0</ele><time>2025-07-27T00:02:50Z</time></trkpt><trkpt lat="48.473643" lon="-121.056275"><ele>1893.0</ele><time>2025-07-27T00:02:56Z</time></trkpt><trkpt lat="48.473623" lon="-121.056222"><ele>1887.0</ele><time>2025-07-27T00:03:06Z</time></trkpt><trkpt lat="48.473576" lon="-121.056203"><ele>1887.0</ele><time>2025-07-27T00:03:23Z</time></trkpt><trkpt lat="48.473554" lon="-121.056029"><ele>1884.0</ele><time>2025-07-27T00:04:13Z</time></trkpt><trkpt lat="48.473581" lon="-121.055966"><ele>1885.0</ele><time>2025-07-27T00:04:30Z</time></trkpt><trkpt lat="48.473585" lon="-121.055881"><ele>1886.0</ele><time>2025-07-27T00:04:35Z</time></trkpt><trkpt lat="48.473538" lon="-121.055833"><ele>1884.0</ele><time>2025-07-27T00:04:43Z</time></trkpt><trkpt lat="48.473452" lon="-121.055673"><ele>1884.0</ele><time>2025-07-27T00:05:09Z</time></trkpt><trkpt lat="48.473479" lon="-121.055649"><ele>1885.0</ele><time>2025-07-27T00:05:16Z</time></trkpt><trkpt lat="48.473495" lon="-121.055598"><ele>1884.0</ele><time>2025-07-27T00:05:22Z</time></trkpt><trkpt lat="48.473493" lon="-121.0555"><ele>1883.0</ele><time>2025-07-27T00:05:32Z</time></trkpt><trkpt lat="48.473434" lon="-121.055462"><ele>1880.0</ele><time>2025-07-27T00:05:40Z</time></trkpt><trkpt lat="48.473382" lon="-121.055348"><ele>1882.0</ele><time>2025-07-27T00:05:50Z</time></trkpt><trkpt lat="48.47329" lon="-121.055305"><ele>1886.0</ele><time>2025-07-27T00:06:01Z</time></trkpt><trkpt lat="48.473227" lon="-121.05532"><ele>1881.0</ele><time>2025-07-27T00:06:12Z</time></trkpt><trkpt lat="48.47313" lon="-121.05518"><ele>1883.0</ele><time>2025-07-27T00:06:25Z</time></trkpt><trkpt lat="48.473122" lon="-121.0551"><ele>1880.0</ele><time>2025-07-27T00:09:47Z</time></trkpt><trkpt lat="48.473054" lon="-121.055018"><ele>1884.9</ele><time>2025-07-27T00:12:43Z</time></trkpt><trkpt lat="48.473068" lon="-121.054986"><ele>1882.0</ele><time>2025-07-27T00:13:09Z</time></trkpt><trkpt lat="48.473014" lon="-121.054938"><ele>1880.0</ele><time>2025-07-27T00:13:23Z</time></trkpt><trkpt lat="48.472975" lon="-121.054877"><ele>1878.0</ele><time>2025-07-27T00:13:32Z</time></trkpt><trkpt lat="48.472946" lon="-121.054855"><ele>1878.0</ele><time>2025-07-27T00:13:38Z</time></trkpt><trkpt lat="48.472936" lon="-121.054824"><ele>1880.0</ele><time>2025-07-27T00:13:43Z</time></trkpt><trkpt lat="48.472931" lon="-121.054729"><ele>1878.0</ele><time>2025-07-27T00:13:53Z</time></trkpt><trkpt lat="48.472907" lon="-121.054669"><ele>1878.0</ele><time>2025-07-27T00:13:58Z</time></trkpt><trkpt lat="48.472909" lon="-121.054549"><ele>1874.0</ele><time>2025-07-27T00:14:42Z</time></trkpt><trkpt lat="48.472903" lon="-121.054564"><ele>1874.0</ele><time>2025-07-27T00:16:51Z</time></trkpt><trkpt lat="48.472864" lon="-121.054484"><ele>1877.0</ele><time>2025-07-27T00:18:36Z</time></trkpt><trkpt lat="48.472789" lon="-121.05447"><ele>1879.0</ele><time>2025-07-27T00:18:51Z</time></trkpt><trkpt lat="48.472741" lon="-121.054354"><ele>1878.0</ele><time>2025-07-27T00:19:01Z</time></trkpt><trkpt lat="48.47272" lon="-121.05432"><ele>1876.0</ele><time>2025-07-27T00:19:04Z</time></trkpt><trkpt lat="48.472683" lon="-121.05429"><ele>1874.0</ele><time>2025-07-27T00:19:06Z</time></trkpt><trkpt lat="48.472677" lon="-121.054229"><ele>1875.0</ele><time>2025-07-27T00:19:13Z</time></trkpt><trkpt lat="48.472575" lon="-121.054053"><ele>1878.3</ele><time>2025-07-27T00:19:40Z</time></trkpt><trkpt lat="48.472572" lon="-121.053953"><ele>1872.0</ele><time>2025-07-27T00:24:59Z</time></trkpt><trkpt lat="48.472449" lon="-121.05385"><ele>1876.0</ele><time>2025-07-27T00:28:20Z</time></trkpt><trkpt lat="48.472423" lon="-121.053854"><ele>1876.0</ele><time>2025-07-27T00:28:22Z</time></trkpt><trkpt lat="48.472384" lon="-121.053843"><ele>1876.0</ele><time>2025-07-27T00:28:28Z</time></trkpt><trkpt lat="48.472348" lon="-121.053778"><ele>1876.0</ele><time>2025-07-27T00:28:35Z</time></trkpt><trkpt lat="48.472291" lon="-121.053738"><ele>1876.0</ele><time>2025-07-27T00:28:43Z</time></trkpt><trkpt lat="48.472278" lon="-121.053708"><ele>1876.0</ele><time>2025-07-27T00:28:46Z</time></trkpt><trkpt lat="48.472269" lon="-121.053636"><ele>1875.0</ele><time>2025-07-27T00:28:52Z</time></trkpt><trkpt lat="48.472217" lon="-121.05355"><ele>1875.0</ele><time>2025-07-27T00:29:01Z</time></trkpt><trkpt lat="48.472208" lon="-121.053516"><ele>1876.0</ele><time>2025-07-27T00:29:05Z</time></trkpt><trkpt lat="48.472166" lon="-121.053505"><ele>1875.0</ele><time>2025-07-27T00:29:10Z</time></trkpt><trkpt lat="48.472087" lon="-121.053373"><ele>1875.0</ele><time>2025-07-27T00:29:25Z</time></trkpt><trkpt lat="48.472052" lon="-121.053289"><ele>1876.0</ele><time>2025-07-27T00:29:32Z</time></trkpt><trkpt lat="48.472021" lon="-121.053278"><ele>1875.0</ele><time>2025-07-27T00:29:35Z</time></trkpt><trkpt lat="48.472003" lon="-121.053242"><ele>1876.0</ele><time>2025-07-27T00:29:38Z</time></trkpt><trkpt lat="48.471979" lon="-121.0531"><ele>1876.0</ele><time>2025-07-27T00:29:47Z</time></trkpt><trkpt lat="48.471907" lon="-121.052944"><ele>1874.0</ele><time>2025-07-27T00:29:57Z</time></trkpt><trkpt lat="48.471904" lon="-121.052907"><ele>1873.0</ele><time>2025-07-27T00:29:59Z</time></trkpt><trkpt lat="48.47188" lon="-121.052849"><ele>1872.0</ele><time>2025-07-27T00:30:03Z</time></trkpt><trkpt lat="48.471855" lon="-121.052819"><ele>1871.6</ele><time>2025-07-27T00:30:07Z</time></trkpt><trkpt lat="48.471819" lon="-121.052818"><ele>1869.0</ele><time>2025-07-27T00:30:10Z</time></trkpt><trkpt lat="48.471791" lon="-121.052801"><ele>1869.0</ele><time>2025-07-27T00:30:13Z</time></trkpt><trkpt lat="48.471775" lon="-121.052774"><ele>1868.0</ele><time>2025-07-27T00:30:15Z</time></trkpt><trkpt lat="48.471777" lon="-121.052733"><ele>1868.0</ele><time>2025-07-27T00:30:18Z</time></trkpt><trkpt lat="48.471744" lon="-121.05271"><ele>1866.0</ele><time>2025-07-27T00:30:22Z</time></trkpt><trkpt lat="48.471757" lon="-121.05267"><ele>1866.0</ele><time>2025-07-27T00:30:26Z</time></trkpt><trkpt lat="48.471755" lon="-121.052599"><ele>1863.0</ele><time>2025-07-27T00:30:32Z</time></trkpt><trkpt lat="48.471744" lon="-121.052564"><ele>1864.0</ele><time>2025-07-27T00:30:34Z</time></trkpt><trkpt lat="48.471711" lon="-121.052551"><ele>1863.0</ele><time>2025-07-27T00:30:37Z</time></trkpt><trkpt lat="48.471638" lon="-121.052472"><ele>1864.0</ele><time>2025-07-27T00:30:45Z</time></trkpt><trkpt lat="48.471647" lon="-121.052438"><ele>1863.0</ele><time>2025-07-27T00:30:48Z</time></trkpt><trkpt lat="48.47163" lon="-121.052401"><ele>1862.0</ele><time>2025-07-27T00:30:52Z</time></trkpt><trkpt lat="48.47159" lon="-121.05241"><ele>1862.0</ele><time>2025-07-27T00:30:55Z</time></trkpt><trkpt lat="48.471532" lon="-121.052382"><ele>1861.0</ele><time>2025-07-27T00:31:17Z</time></trkpt><trkpt lat="48.471466" lon="-121.052308"><ele>1864.0</ele><time>2025-07-27T00:31:44Z</time></trkpt><trkpt lat="48.471435" lon="-121.052242"><ele>1863.0</ele><time>2025-07-27T00:31:51Z</time></trkpt><trkpt lat="48.471361" lon="-121.052161"><ele>1863.0</ele><time>2025-07-27T00:32:00Z</time></trkpt><trkpt lat="48.471295" lon="-121.052062"><ele>1860.0</ele><time>2025-07-27T00:32:09Z</time></trkpt><trkpt lat="48.471186" lon="-121.051981"><ele>1860.0</ele><time>2025-07-27T00:32:24Z</time></trkpt><trkpt lat="48.471155" lon="-121.051975"><ele>1860.0</ele><time>2025-07-27T00:32:27Z</time></trkpt><trkpt lat="48.471057" lon="-121.052004"><ele>1859.9</ele><time>2025-07-27T00:32:38Z</time></trkpt><trkpt lat="48.471022" lon="-121.051965"><ele>1856.0</ele><time>2025-07-27T00:32:46Z</time></trkpt><trkpt lat="48.470991" lon="-121.051961"><ele>1856.0</ele><time>2025-07-27T00:32:52Z</time></trkpt><trkpt lat="48.470938" lon="-121.052015"><ele>1857.0</ele><time>2025-07-27T00:32:59Z</time></trkpt><trkpt lat="48.470879" lon="-121.052019"><ele>1856.0</ele><time>2025-07-27T00:33:05Z</time></trkpt><trkpt lat="48.470848" lon="-121.052036"><ele>1855.0</ele><time>2025-07-27T00:33:10Z</time></trkpt><trkpt lat="48.470807" lon="-121.052031"><ele>1855.0</ele><time>2025-07-27T00:33:14Z</time></trkpt><trkpt lat="48.470739" lon="-121.052053"><ele>1855.0</ele><time>2025-07-27T00:33:21Z</time></trkpt><trkpt lat="48.470672" lon="-121.051905"><ele>1854.0</ele><time>2025-07-27T00:33:32Z</time></trkpt><trkpt lat="48.470673" lon="-121.051822"><ele>1851.0</ele><time>2025-07-27T00:33:38Z</time></trkpt><trkpt lat="48.47053" lon="-121.051741"><ele>1851.0</ele><time>2025-07-27T00:33:54Z</time></trkpt><trkpt lat="48.470458" lon="-121.051727"><ele>1850.0</ele><time>2025-07-27T00:34:12Z</time></trkpt><trkpt lat="48.4704" lon="-121.051803"><ele>1848.0</ele><time>2025-07-27T00:34:25Z</time></trkpt><trkpt lat="48.470382" lon="-121.051843"><ele>1848.0</ele><time>2025-07-27T00:34:28Z</time></trkpt><trkpt lat="48.470253" lon="-121.051987"><ele>1848.0</ele><time>2025-07-27T00:34:43Z</time></trkpt><trkpt lat="48.470241" lon="-121.052019"><ele>1848.0</ele><time>2025-07-27T00:34:46Z</time></trkpt><trkpt lat="48.470183" lon="-121.052031"><ele>1841.0</ele><time>2025-07-27T00:35:00Z</time></trkpt><trkpt lat="48.470126" lon="-121.052074"><ele>1843.0</ele><time>2025-07-27T00:35:20Z</time></trkpt><trkpt lat="48.470056" lon="-121.052107"><ele>1840.0</ele><time>2025-07-27T00:35:43Z</time></trkpt><trkpt lat="48.469998" lon="-121.052121"><ele>1841.5</ele><time>2025-07-27T00:35:54Z</time></trkpt><trkpt lat="48.46998" lon="-121.052139"><ele>1840.0</ele><time>2025-07-27T00:35:56Z</time></trkpt><trkpt lat="48.469931" lon="-121.052143"><ele>1834.0</ele><time>2025-07-27T00:36:06Z</time></trkpt><trkpt lat="48.469909" lon="-121.052164"><ele>1836.0</ele><time>2025-07-27T00:36:11Z</time></trkpt><trkpt lat="48.469891" lon="-121.052204"><ele>1838.0</ele><time>2025-07-27T00:36:48Z</time></trkpt><trkpt lat="48.469885" lon="-121.052254"><ele>1836.0</ele><time>2025-07-27T00:37:01Z</time></trkpt><trkpt lat="48.469835" lon="-121.052426"><ele>1836.0</ele><time>2025-07-27T00:37:20Z</time></trkpt><trkpt lat="48.469839" lon="-121.052463"><ele>1836.0</ele><time>2025-07-27T00:37:22Z</time></trkpt><trkpt lat="48.469929" lon="-121.05263"><ele>1836.0</ele><time>2025-07-27T00:37:36Z</time></trkpt><trkpt lat="48.469889" lon="-121.052578"><ele>1820.0</ele><time>2025-07-27T00:38:00Z</time></trkpt><trkpt lat="48.469962" lon="-121.052654"><ele>1835.0</ele><time>2025-07-27T00:38:40Z</time></trkpt><trkpt lat="48.469966" lon="-121.052746"><ele>1833.0</ele><time>2025-07-27T00:39:04Z</time></trkpt><trkpt lat="48.46995" lon="-121.052809"><ele>1834.0</ele><time>2025-07-27T00:39:11Z</time></trkpt><trkpt lat="48.469956" lon="-121.052871"><ele>1833.0</ele><time>2025-07-27T00:39:17Z</time></trkpt><trkpt lat="48.469932" lon="-121.052929"><ele>1833.0</ele><time>2025-07-27T00:39:23Z</time></trkpt><trkpt lat="48.469918" lon="-121.053126"><ele>1828.0</ele><time>2025-07-27T00:39:37Z</time></trkpt><trkpt lat="48.469934" lon="-121.053256"><ele>1828.0</ele><time>2025-07-27T00:39:54Z</time></trkpt><trkpt lat="48.46995" lon="-121.053306"><ele>1824.0</ele><time>2025-07-27T00:40:00Z</time></trkpt><trkpt lat="48.469926" lon="-121.053286"><ele>1824.0</ele><time>2025-07-27T00:40:06Z</time></trkpt><trkpt lat="48.469862" lon="-121.053168"><ele>1822.5</ele><time>2025-07-27T00:40:19Z</time></trkpt><trkpt lat="48.469836" lon="-121.052991"><ele>1818.0</ele><time>2025-07-27T00:40:32Z</time></trkpt><trkpt lat="48.469792" lon="-121.052981"><ele>1815.0</ele><time>2025-07-27T00:40:42Z</time></trkpt><trkpt lat="48.469764" lon="-121.053001"><ele>1818.0</ele><time>2025-07-27T00:40:46Z</time></trkpt><trkpt lat="48.469743" lon="-121.052978"><ele>1818.0</ele><time>2025-07-27T00:40:48Z</time></trkpt><trkpt lat="48.469728" lon="-121.05294"><ele>1816.0</ele><time>2025-07-27T00:40:51Z</time></trkpt><trkpt lat="48.469729" lon="-121.053002"><ele>1818.0</ele><time>2025-07-27T00:41:00Z</time></trkpt><trkpt lat="48.469779" lon="-121.053079"><ele>1818.0</ele><time>2025-07-27T00:41:07Z</time></trkpt><trkpt lat="48.46976" lon="-121.053237"><ele>1815.0</ele><time>2025-07-27T00:41:19Z</time></trkpt><trkpt lat="48.46976" lon="-121.053315"><ele>1816.0</ele><time>2025-07-27T00:41:23Z</time></trkpt><trkpt lat="48.469782" lon="-121.053467"><ele>1815.0</ele><time>2025-07-27T00:41:34Z</time></trkpt><trkpt lat="48.469837" lon="-121.053601"><ele>1813.0</ele><time>2025-07-27T00:41:45Z</time></trkpt><trkpt lat="48.46982" lon="-121.053726"><ele>1814.0</ele><time>2025-07-27T00:41:55Z</time></trkpt><trkpt lat="48.46988" lon="-121.053915"><ele>1812.0</ele><time>2025-07-27T00:42:15Z</time></trkpt><trkpt lat="48.469884" lon="-121.053987"><ele>1812.0</ele><time>2025-07-27T00:42:21Z</time></trkpt><trkpt lat="48.469914" lon="-121.054042"><ele>1808.0</ele><time>2025-07-27T00:42:28Z</time></trkpt><trkpt lat="48.469974" lon="-121.0543"><ele>1800.0</ele><time>2025-07-27T00:43:22Z</time></trkpt><trkpt lat="48.469931" lon="-121.05427"><ele>1800.0</ele><time>2025-07-27T00:44:01Z</time></trkpt><trkpt lat="48.469841" lon="-121.054234"><ele>1800.0</ele><time>2025-07-27T00:44:13Z</time></trkpt><trkpt lat="48.469806" lon="-121.054248"><ele>1799.0</ele><time>2025-07-27T00:44:18Z</time></trkpt><trkpt lat="48.469794" lon="-121.054285"><ele>1800.0</ele><time>2025-07-27T00:44:23Z</time></trkpt><trkpt lat="48.469813" lon="-121.054311"><ele>1800.0</ele><time>2025-07-27T00:44:28Z</time></trkpt><trkpt lat="48.469814" lon="-121.054341"><ele>1800.0</ele><time>2025-07-27T00:44:33Z</time></trkpt><trkpt lat="48.469777" lon="-121.054434"><ele>1796.0</ele><time>2025-07-27T00:44:45Z</time></trkpt><trkpt lat="48.469818" lon="-121.054608"><ele>1796.0</ele><time>2025-07-27T00:45:05Z</time></trkpt><trkpt lat="48.469859" lon="-121.054662"><ele>1792.0</ele><time>2025-07-27T00:45:12Z</time></trkpt><trkpt lat="48.46987" lon="-121.054696"><ele>1790.0</ele><time>2025-07-27T00:45:17Z</time></trkpt><trkpt lat="48.46984" lon="-121.054712"><ele>1783.0</ele><time>2025-07-27T00:45:26Z</time></trkpt><trkpt lat="48.469831" lon="-121.054741"><ele>1788.0</ele><time>2025-07-27T00:45:36Z</time></trkpt><trkpt lat="48.469832" lon="-121.054881"><ele>1778.0</ele><time>2025-07-27T00:46:17Z</time></trkpt><trkpt lat="48.469794" lon="-121.055098"><ele>1781.0</ele><time>2025-07-27T00:47:05Z</time></trkpt><trkpt lat="48.469806" lon="-121.055205"><ele>1776.0</ele><time>2025-07-27T00:47:17Z</time></trkpt><trkpt lat="48.469782" lon="-121.055338"><ele>1773.0</ele><time>2025-07-27T00:47:36Z</time></trkpt><trkpt lat="48.46979" lon="-121.055436"><ele>1773.0</ele><time>2025-07-27T00:47:43Z</time></trkpt><trkpt lat="48.469775" lon="-121.055517"><ele>1770.0</ele><time>2025-07-27T00:47:55Z</time></trkpt><trkpt lat="48.469702" lon="-121.055354"><ele>1770.0</ele><time>2025-07-27T00:48:30Z</time></trkpt><trkpt lat="48.469663" lon="-121.055486"><ele>1760.0</ele><time>2025-07-27T00:49:36Z</time></trkpt><trkpt lat="48.469626" lon="-121.055516"><ele>1754.0</ele><time>2025-07-27T00:50:40Z</time></trkpt><trkpt lat="48.469584" lon="-121.055708"><ele>1756.0</ele><time>2025-07-27T00:51:44Z</time></trkpt><trkpt lat="48.469538" lon="-121.055767"><ele>1755.0</ele><time>2025-07-27T00:51:57Z</time></trkpt><trkpt lat="48.469492" lon="-121.055892"><ele>1752.0</ele><time>2025-07-27T00:52:16Z</time></trkpt><trkpt lat="48.469476" lon="-121.056009"><ele>1752.0</ele><time>2025-07-27T00:52:26Z</time></trkpt><trkpt lat="48.469381" lon="-121.056125"><ele>1746.0</ele><time>2025-07-27T00:52:51Z</time></trkpt><trkpt lat="48.469353" lon="-121.056115"><ele>1745.0</ele><time>2025-07-27T00:53:03Z</time></trkpt><trkpt lat="48.469345" lon="-121.056025"><ele>1740.0</ele><time>2025-07-27T00:53:18Z</time></trkpt><trkpt lat="48.469355" lon="-121.055982"><ele>1742.0</ele><time>2025-07-27T00:53:21Z</time></trkpt><trkpt lat="48.469304" lon="-121.055922"><ele>1739.0</ele><time>2025-07-27T00:53:46Z</time></trkpt><trkpt lat="48.469283" lon="-121.055875"><ele>1736.0</ele><time>2025-07-27T00:54:00Z</time></trkpt><trkpt lat="48.469259" lon="-121.055741"><ele>1729.0</ele><time>2025-07-27T00:54:20Z</time></trkpt><trkpt lat="48.469197" lon="-121.055645"><ele>1730.0</ele><time>2025-07-27T00:55:33Z</time></trkpt><trkpt lat="48.469138" lon="-121.055723"><ele>1729.0</ele><time>2025-07-27T00:56:04Z</time></trkpt><trkpt lat="48.469124" lon="-121.055764"><ele>1728.0</ele><time>2025-07-27T00:56:11Z</time></trkpt><trkpt lat="48.469072" lon="-121.055813"><ele>1725.0</ele><time>2025-07-27T00:56:24Z</time></trkpt><trkpt lat="48.469065" lon="-121.055843"><ele>1725.0</ele><time>2025-07-27T00:56:31Z</time></trkpt><trkpt lat="48.469015" lon="-121.055902"><ele>1725.0</ele><time>2025-07-27T00:56:45Z</time></trkpt><trkpt lat="48.468976" lon="-121.056108"><ele>1722.0</ele><time>2025-07-27T00:57:23Z</time></trkpt><trkpt lat="48.468982" lon="-121.05615"><ele>1710.0</ele><time>2025-07-27T00:57:33Z</time></trkpt><trkpt lat="48.468938" lon="-121.056174"><ele>1715.0</ele><time>2025-07-27T00:57:51Z</time></trkpt><trkpt lat="48.468905" lon="-121.056269"><ele>1716.0</ele><time>2025-07-27T00:58:13Z</time></trkpt><trkpt lat="48.46889" lon="-121.056275"><ele>1712.0</ele><time>2025-07-27T00:58:57Z</time></trkpt><trkpt lat="48.468862" lon="-121.056188"><ele>1712.0</ele><time>2025-07-27T00:59:48Z</time></trkpt><trkpt lat="48.46886" lon="-121.056146"><ele>1710.0</ele><time>2025-07-27T00:59:54Z</time></trkpt><trkpt lat="48.468827" lon="-121.056081"><ele>1708.0</ele><time>2025-07-27T01:00:04Z</time></trkpt><trkpt lat="48.468808" lon="-121.056108"><ele>1707.0</ele><time>2025-07-27T01:00:07Z</time></trkpt><trkpt lat="48.468808" lon="-121.056144"><ele>1708.0</ele><time>2025-07-27T01:00:11Z</time></trkpt><trkpt lat="48.46876" lon="-121.056251"><ele>1706.0</ele><time>2025-07-27T01:00:21Z</time></trkpt><trkpt lat="48.468772" lon="-121.05632"><ele>1707.0</ele><time>2025-07-27T01:00:26Z</time></trkpt><trkpt lat="48.468766" lon="-121.056393"><ele>1706.0</ele><time>2025-07-27T01:00:32Z</time></trkpt><trkpt lat="48.468743" lon="-121.056443"><ele>1704.0</ele><time>2025-07-27T01:00:38Z</time></trkpt><trkpt lat="48.468706" lon="-121.056436"><ele>1704.9</ele><time>2025-07-27T01:00:43Z</time></trkpt><trkpt lat="48.468698" lon="-121.056405"><ele>1702.0</ele><time>2025-07-27T01:00:45Z</time></trkpt><trkpt lat="48.468666" lon="-121.056356"><ele>1700.0</ele><time>2025-07-27T01:00:52Z</time></trkpt><trkpt lat="48.468648" lon="-121.056278"><ele>1699.0</ele><time>2025-07-27T01:01:00Z</time></trkpt><trkpt lat="48.468646" lon="-121.056089"><ele>1700.0</ele><time>2025-07-27T01:01:21Z</time></trkpt><trkpt lat="48.46868" lon="-121.055966"><ele>1698.0</ele><time>2025-07-27T01:01:30Z</time></trkpt><trkpt lat="48.468714" lon="-121.055739"><ele>1696.0</ele><time>2025-07-27T01:01:47Z</time></trkpt><trkpt lat="48.468733" lon="-121.055709"><ele>1696.0</ele><time>2025-07-27T01:01:51Z</time></trkpt><trkpt lat="48.468736" lon="-121.055676"><ele>1696.0</ele><time>2025-07-27T01:01:55Z</time></trkpt><trkpt lat="48.468696" lon="-121.055619"><ele>1692.0</ele><time>2025-07-27T01:02:08Z</time></trkpt><trkpt lat="48.468652" lon="-121.055613"><ele>1693.5</ele><time>2025-07-27T01:02:19Z</time></trkpt><trkpt lat="48.468553" lon="-121.055456"><ele>1689.0</ele><time>2025-07-27T01:03:59Z</time></trkpt><trkpt lat="48.468546" lon="-121.055415"><ele>1688.0</ele><time>2025-07-27T01:04:03Z</time></trkpt><trkpt lat="48.468513" lon="-121.055355"><ele>1686.0</ele><time>2025-07-27T01:04:11Z</time></trkpt><trkpt lat="48.468466" lon="-121.055206"><ele>1684.8</ele><time>2025-07-27T01:04:30Z</time></trkpt><trkpt lat="48.468453" lon="-121.055129"><ele>1680.0</ele><time>2025-07-27T01:04:44Z</time></trkpt><trkpt lat="48.46843" lon="-121.055099"><ele>1680.0</ele><time>2025-07-27T01:04:48Z</time></trkpt><trkpt lat="48.468423" lon="-121.05506"><ele>1666.0</ele><time>2025-07-27T01:05:00Z</time></trkpt><trkpt lat="48.468388" lon="-121.05502"><ele>1677.0</ele><time>2025-07-27T01:05:15Z</time></trkpt><trkpt lat="48.468364" lon="-121.054956"><ele>1676.0</ele><time>2025-07-27T01:05:20Z</time></trkpt><trkpt lat="48.468318" lon="-121.054918"><ele>1677.0</ele><time>2025-07-27T01:05:26Z</time></trkpt><trkpt lat="48.468291" lon="-121.054783"><ele>1675.0</ele><time>2025-07-27T01:06:26Z</time></trkpt><trkpt lat="48.468217" lon="-121.054673"><ele>1675.7</ele><time>2025-07-27T01:06:41Z</time></trkpt><trkpt lat="48.468201" lon="-121.054661"><ele>1674.0</ele><time>2025-07-27T01:06:43Z</time></trkpt><trkpt lat="48.46814" lon="-121.05454"><ele>1672.0</ele><time>2025-07-27T01:07:03Z</time></trkpt><trkpt lat="48.468103" lon="-121.054523"><ele>1664.0</ele><time>2025-07-27T01:07:12Z</time></trkpt><trkpt lat="48.468092" lon="-121.054563"><ele>1670.0</ele><time>2025-07-27T01:07:43Z</time></trkpt><trkpt lat="48.468148" lon="-121.054754"><ele>1668.0</ele><time>2025-07-27T01:08:22Z</time></trkpt><trkpt lat="48.46815" lon="-121.054907"><ele>1665.0</ele><time>2025-07-27T01:08:35Z</time></trkpt><trkpt lat="48.468126" lon="-121.055005"><ele>1659.0</ele><time>2025-07-27T01:09:00Z</time></trkpt><trkpt lat="48.468156" lon="-121.055114"><ele>1662.0</ele><time>2025-07-27T01:09:32Z</time></trkpt><trkpt lat="48.468149" lon="-121.055217"><ele>1659.0</ele><time>2025-07-27T01:09:45Z</time></trkpt><trkpt lat="48.468118" lon="-121.055139"><ele>1656.0</ele><time>2025-07-27T01:09:54Z</time></trkpt><trkpt lat="48.468093" lon="-121.055115"><ele>1656.0</ele><time>2025-07-27T01:10:01Z</time></trkpt><trkpt lat="48.468097" lon="-121.055249"><ele>1658.0</ele><time>2025-07-27T01:10:16Z</time></trkpt><trkpt lat="48.468079" lon="-121.0553"><ele>1653.0</ele><time>2025-07-27T01:10:23Z</time></trkpt><trkpt lat="48.468096" lon="-121.055443"><ele>1650.0</ele><time>2025-07-27T01:10:39Z</time></trkpt><trkpt lat="48.468123" lon="-121.055529"><ele>1652.0</ele><time>2025-07-27T01:10:51Z</time></trkpt><trkpt lat="48.468123" lon="-121.055651"><ele>1648.0</ele><time>2025-07-27T01:11:06Z</time></trkpt><trkpt lat="48.468156" lon="-121.055787"><ele>1647.0</ele><time>2025-07-27T01:11:21Z</time></trkpt><trkpt lat="48.46815" lon="-121.055818"><ele>1648.0</ele><time>2025-07-27T01:11:24Z</time></trkpt><trkpt lat="48.468119" lon="-121.055844"><ele>1648.0</ele><time>2025-07-27T01:11:28Z</time></trkpt><trkpt lat="48.468128" lon="-121.055911"><ele>1650.0</ele><time>2025-07-27T01:11:36Z</time></trkpt><trkpt lat="48.468124" lon="-121.056164"><ele>1649.3</ele><time>2025-07-27T01:12:01Z</time></trkpt><trkpt lat="48.468095" lon="-121.056214"><ele>1644.0</ele><time>2025-07-27T01:12:08Z</time></trkpt><trkpt lat="48.468062" lon="-121.056384"><ele>1646.0</ele><time>2025-07-27T01:12:23Z</time></trkpt><trkpt lat="48.468069" lon="-121.056538"><ele>1648.0</ele><time>2025-07-27T01:12:38Z</time></trkpt><trkpt lat="48.468054" lon="-121.056641"><ele>1650.0</ele><time>2025-07-27T01:12:46Z</time></trkpt><trkpt lat="48.468059" lon="-121.056853"><ele>1647.0</ele><time>2025-07-27T01:13:11Z</time></trkpt><trkpt lat="48.468015" lon="-121.057113"><ele>1644.0</ele><time>2025-07-27T01:14:36Z</time></trkpt><trkpt lat="48.468022" lon="-121.057148"><ele>1644.0</ele><time>2025-07-27T01:14:39Z</time></trkpt><trkpt lat="48.468013" lon="-121.057248"><ele>1646.0</ele><time>2025-07-27T01:14:47Z</time></trkpt><trkpt lat="48.468022" lon="-121.0573"><ele>1647.1</ele><time>2025-07-27T01:14:51Z</time></trkpt><trkpt lat="48.468016" lon="-121.057355"><ele>1647.0</ele><time>2025-07-27T01:14:56Z</time></trkpt><trkpt lat="48.468038" lon="-121.057471"><ele>1645.0</ele><time>2025-07-27T01:15:08Z</time></trkpt><trkpt lat="48.46804" lon="-121.057675"><ele>1644.0</ele><time>2025-07-27T01:15:33Z</time></trkpt><trkpt lat="48.468058" lon="-121.057735"><ele>1646.0</ele><time>2025-07-27T01:15:38Z</time></trkpt><trkpt lat="48.468074" lon="-121.057857"><ele>1640.0</ele><time>2025-07-27T01:15:50Z</time></trkpt><trkpt lat="48.468097" lon="-121.057892"><ele>1640.0</ele><time>2025-07-27T01:15:54Z</time></trkpt><trkpt lat="48.468095" lon="-121.057926"><ele>1641.0</ele><time>2025-07-27T01:15:58Z</time></trkpt><trkpt lat="48.468171" lon="-121.058243"><ele>1638.3</ele><time>2025-07-27T01:16:31Z</time></trkpt><trkpt lat="48.468157" lon="-121.058314"><ele>1638.0</ele><time>2025-07-27T01:16:36Z</time></trkpt><trkpt lat="48.468093" lon="-121.058408"><ele>1639.0</ele><time>2025-07-27T01:16:45Z</time></trkpt><trkpt lat="48.468067" lon="-121.058516"><ele>1640.0</ele><time>2025-07-27T01:16:52Z</time></trkpt><trkpt lat="48.468022" lon="-121.058581"><ele>1638.0</ele><time>2025-07-27T01:16:56Z</time></trkpt><trkpt lat="48.467987" lon="-121.058595"><ele>1638.0</ele><time>2025-07-27T01:16:59Z</time></trkpt><trkpt lat="48.46796" lon="-121.058619"><ele>1638.0</ele><time>2025-07-27T01:17:02Z</time></trkpt><trkpt lat="48.467964" lon="-121.058662"><ele>1638.0</ele><time>2025-07-27T01:17:05Z</time></trkpt><trkpt lat="48.467984" lon="-121.058688"><ele>1638.0</ele><time>2025-07-27T01:17:07Z</time></trkpt><trkpt lat="48.467971" lon="-121.058725"><ele>1632.0</ele><time>2025-07-27T01:17:13Z</time></trkpt><trkpt lat="48.467989" lon="-121.058762"><ele>1636.0</ele><time>2025-07-27T01:17:17Z</time></trkpt><trkpt lat="48.467932" lon="-121.0588"><ele>1636.0</ele><time>2025-07-27T01:17:29Z</time></trkpt><trkpt lat="48.46789" lon="-121.058854"><ele>1638.0</ele><time>2025-07-27T01:17:37Z</time></trkpt><trkpt lat="48.467833" lon="-121.058883"><ele>1638.0</ele><time>2025-07-27T01:17:47Z</time></trkpt><trkpt lat="48.467791" lon="-121.058837"><ele>1636.0</ele><time>2025-07-27T01:17:55Z</time></trkpt><trkpt lat="48.467762" lon="-121.058827"><ele>1636.0</ele><time>2025-07-27T01:17:59Z</time></trkpt><trkpt lat="48.46772" lon="-121.05889"><ele>1638.0</ele><time>2025-07-27T01:18:06Z</time></trkpt><trkpt lat="48.467696" lon="-121.058898"><ele>1638.0</ele><time>2025-07-27T01:18:08Z</time></trkpt><trkpt lat="48.467632" lon="-121.058986"><ele>1635.0</ele><time>2025-07-27T01:18:17Z</time></trkpt><trkpt lat="48.467591" lon="-121.05901"><ele>1636.0</ele><time>2025-07-27T01:19:02Z</time></trkpt><trkpt lat="48.467593" lon="-121.059013"><ele>1637.0</ele><time>2025-07-27T01:33:04Z</time></trkpt><trkpt lat="48.467585" lon="-121.059082"><ele>1638.0</ele><time>2025-07-27T01:34:17Z</time></trkpt><trkpt lat="48.467632" lon="-121.059124"><ele>1637.0</ele><time>2025-07-27T01:35:09Z</time></trkpt><trkpt lat="48.467684" lon="-121.059367"><ele>1633.0</ele><time>2025-07-27T01:35:59Z</time></trkpt><trkpt lat="48.467719" lon="-121.059437"><ele>1632.0</ele><time>2025-07-27T01:36:06Z</time></trkpt><trkpt lat="48.467778" lon="-121.059474"><ele>1631.0</ele><time>2025-07-27T01:36:14Z</time></trkpt><trkpt lat="48.467795" lon="-121.059505"><ele>1629.0</ele><time>2025-07-27T01:36:18Z</time></trkpt><trkpt lat="48.467862" lon="-121.059488"><ele>1631.0</ele><time>2025-07-27T01:36:24Z</time></trkpt><trkpt lat="48.467922" lon="-121.059516"><ele>1632.0</ele><time>2025-07-27T01:36:30Z</time></trkpt><trkpt lat="48.467955" lon="-121.059516"><ele>1629.0</ele><time>2025-07-27T01:36:34Z</time></trkpt><trkpt lat="48.467994" lon="-121.059496"><ele>1632.0</ele><time>2025-07-27T01:36:36Z</time></trkpt><trkpt lat="48.46802" lon="-121.059519"><ele>1628.0</ele><time>2025-07-27T01:36:50Z</time></trkpt><trkpt lat="48.468072" lon="-121.059506"><ele>1629.0</ele><time>2025-07-27T01:37:06Z</time></trkpt><trkpt lat="48.468128" lon="-121.059459"><ele>1626.0</ele><time>2025-07-27T01:37:14Z</time></trkpt><trkpt lat="48.468233" lon="-121.059455"><ele>1628.0</ele><time>2025-07-27T01:37:25Z</time></trkpt><trkpt lat="48.468304" lon="-121.059428"><ele>1626.0</ele><time>2025-07-27T01:37:30Z</time></trkpt><trkpt lat="48.468367" lon="-121.05932"><ele>1626.0</ele><time>2025-07-27T01:37:39Z</time></trkpt><trkpt lat="48.468377" lon="-121.059256"><ele>1625.0</ele><time>2025-07-27T01:37:50Z</time></trkpt><trkpt lat="48.468453" lon="-121.059113"><ele>1622.0</ele><time>2025-07-27T01:38:04Z</time></trkpt><trkpt lat="48.468521" lon="-121.059099"><ele>1620.0</ele><time>2025-07-27T01:38:10Z</time></trkpt><trkpt lat="48.468549" lon="-121.059117"><ele>1621.0</ele><time>2025-07-27T01:38:16Z</time></trkpt><trkpt lat="48.46858" lon="-121.059168"><ele>1621.0</ele><time>2025-07-27T01:38:23Z</time></trkpt><trkpt lat="48.468617" lon="-121.05931"><ele>1620.0</ele><time>2025-07-27T01:38:34Z</time></trkpt><trkpt lat="48.46869" lon="-121.05944"><ele>1620.0</ele><time>2025-07-27T01:38:44Z</time></trkpt><trkpt lat="48.468792" lon="-121.059456"><ele>1620.0</ele><time>2025-07-27T01:38:54Z</time></trkpt><trkpt lat="48.468836" lon="-121.059439"><ele>1620.0</ele><time>2025-07-27T01:38:58Z</time></trkpt><trkpt lat="48.468907" lon="-121.05936"><ele>1620.0</ele><time>2025-07-27T01:39:09Z</time></trkpt><trkpt lat="48.468991" lon="-121.059315"><ele>1616.0</ele><time>2025-07-27T01:39:19Z</time></trkpt><trkpt lat="48.469058" lon="-121.059298"><ele>1616.0</ele><time>2025-07-27T01:39:26Z</time></trkpt><trkpt lat="48.469157" lon="-121.059317"><ele>1616.0</ele><time>2025-07-27T01:39:35Z</time></trkpt><trkpt lat="48.469201" lon="-121.059377"><ele>1616.0</ele><time>2025-07-27T01:39:42Z</time></trkpt><trkpt lat="48.469281" lon="-121.059411"><ele>1614.0</ele><time>2025-07-27T01:39:53Z</time></trkpt><trkpt lat="48.46935" lon="-121.059483"><ele>1616.0</ele><time>2025-07-27T01:40:03Z</time></trkpt><trkpt lat="48.469389" lon="-121.05954"><ele>1616.0</ele><time>2025-07-27T01:40:10Z</time></trkpt><trkpt lat="48.469464" lon="-121.059566"><ele>1614.0</ele><time>2025-07-27T01:40:18Z</time></trkpt><trkpt lat="48.469667" lon="-121.059761"><ele>1612.0</ele><time>2025-07-27T01:40:54Z</time></trkpt><trkpt lat="48.469699" lon="-121.059766"><ele>1613.8</ele><time>2025-07-27T01:40:58Z</time></trkpt><trkpt lat="48.469723" lon="-121.059826"><ele>1610.0</ele><time>2025-07-27T01:41:06Z</time></trkpt><trkpt lat="48.469812" lon="-121.059837"><ele>1608.0</ele><time>2025-07-27T01:41:17Z</time></trkpt><trkpt lat="48.469908" lon="-121.059915"><ele>1596.0</ele><time>2025-07-27T01:41:36Z</time></trkpt><trkpt lat="48.469925" lon="-121.059914"><ele>1608.0</ele><time>2025-07-27T01:42:04Z</time></trkpt><trkpt lat="48.470107" lon="-121.060039"><ele>1604.0</ele><time>2025-07-27T01:43:10Z</time></trkpt><trkpt lat="48.470169" lon="-121.060057"><ele>1605.0</ele><time>2025-07-27T01:43:20Z</time></trkpt><trkpt lat="48.470256" lon="-121.06014"><ele>1605.0</ele><time>2025-07-27T01:43:31Z</time></trkpt><trkpt lat="48.470343" lon="-121.060293"><ele>1604.0</ele><time>2025-07-27T01:43:48Z</time></trkpt><trkpt lat="48.47038" lon="-121.060337"><ele>1601.0</ele><time>2025-07-27T01:43:56Z</time></trkpt><trkpt lat="48.470439" lon="-121.060346"><ele>1601.0</ele><time>2025-07-27T01:44:03Z</time></trkpt><trkpt lat="48.470492" lon="-121.0604"><ele>1600.0</ele><time>2025-07-27T01:44:10Z</time></trkpt><trkpt lat="48.470564" lon="-121.060419"><ele>1600.0</ele><time>2025-07-27T01:44:18Z</time></trkpt><trkpt lat="48.470639" lon="-121.060399"><ele>1601.0</ele><time>2025-07-27T01:44:26Z</time></trkpt><trkpt lat="48.470681" lon="-121.060421"><ele>1601.0</ele><time>2025-07-27T01:44:38Z</time></trkpt><trkpt lat="48.470809" lon="-121.060436"><ele>1602.0</ele><time>2025-07-27T01:44:51Z</time></trkpt><trkpt lat="48.470908" lon="-121.06047"><ele>1600.0</ele><time>2025-07-27T01:45:02Z</time></trkpt><trkpt lat="48.470941" lon="-121.060454"><ele>1599.0</ele><time>2025-07-27T01:45:05Z</time></trkpt><trkpt lat="48.471056" lon="-121.06049"><ele>1599.0</ele><time>2025-07-27T01:45:13Z</time></trkpt><trkpt lat="48.47109" lon="-121.060511"><ele>1600.0</ele><time>2025-07-27T01:45:15Z</time></trkpt><trkpt lat="48.47108" lon="-121.060556"><ele>1600.7</ele><time>2025-07-27T01:45:17Z</time></trkpt><trkpt lat="48.471126" lon="-121.060591"><ele>1598.0</ele><time>2025-07-27T01:45:21Z</time></trkpt><trkpt lat="48.47126" lon="-121.060798"><ele>1596.0</ele><time>2025-07-27T01:45:48Z</time></trkpt><trkpt lat="48.471293" lon="-121.060829"><ele>1596.0</ele><time>2025-07-27T01:45:51Z</time></trkpt><trkpt lat="48.471328" lon="-121.060935"><ele>1596.0</ele><time>2025-07-27T01:46:00Z</time></trkpt><trkpt lat="48.47133" lon="-121.061024"><ele>1596.0</ele><time>2025-07-27T01:46:05Z</time></trkpt><trkpt lat="48.471366" lon="-121.061097"><ele>1596.0</ele><time>2025-07-27T01:46:10Z</time></trkpt><trkpt lat="48.471429" lon="-121.06113"><ele>1593.0</ele><time>2025-07-27T01:46:17Z</time></trkpt><trkpt lat="48.471505" lon="-121.061212"><ele>1593.0</ele><time>2025-07-27T01:46:25Z</time></trkpt><trkpt lat="48.471591" lon="-121.061448"><ele>1593.0</ele><time>2025-07-27T01:46:44Z</time></trkpt><trkpt lat="48.471612" lon="-121.06148"><ele>1593.0</ele><time>2025-07-27T01:46:47Z</time></trkpt><trkpt lat="48.471675" lon="-121.061502"><ele>1593.0</ele><time>2025-07-27T01:46:54Z</time></trkpt><trkpt lat="48.471744" lon="-121.061578"><ele>1593.0</ele><time>2025-07-27T01:47:01Z</time></trkpt><trkpt lat="48.471808" lon="-121.061603"><ele>1593.0</ele><time>2025-07-27T01:47:08Z</time></trkpt><trkpt lat="48.471823" lon="-121.061628"><ele>1593.0</ele><time>2025-07-27T01:47:10Z</time></trkpt><trkpt lat="48.471871" lon="-121.06165"><ele>1594.2</ele><time>2025-07-27T01:47:15Z</time></trkpt><trkpt lat="48.47193" lon="-121.061662"><ele>1592.0</ele><time>2025-07-27T01:47:21Z</time></trkpt><trkpt lat="48.471993" lon="-121.061697"><ele>1590.0</ele><time>2025-07-27T01:47:29Z</time></trkpt><trkpt lat="48.472055" lon="-121.061881"><ele>1590.0</ele><time>2025-07-27T01:47:43Z</time></trkpt><trkpt lat="48.472091" lon="-121.061906"><ele>1590.0</ele><time>2025-07-27T01:48:07Z</time></trkpt><trkpt lat="48.472119" lon="-121.061957"><ele>1588.0</ele><time>2025-07-27T01:48:20Z</time></trkpt><trkpt lat="48.472199" lon="-121.062015"><ele>1585.0</ele><time>2025-07-27T01:48:55Z</time></trkpt><trkpt lat="48.472267" lon="-121.061994"><ele>1587.1</ele><time>2025-07-27T01:49:05Z</time></trkpt><trkpt lat="48.472375" lon="-121.062008"><ele>1586.0</ele><time>2025-07-27T01:49:15Z</time></trkpt><trkpt lat="48.472399" lon="-121.062036"><ele>1589.1</ele><time>2025-07-27T01:49:18Z</time></trkpt><trkpt lat="48.4725" lon="-121.062039"><ele>1588.0</ele><time>2025-07-27T01:49:27Z</time></trkpt><trkpt lat="48.472521" lon="-121.062064"><ele>1588.0</ele><time>2025-07-27T01:49:30Z</time></trkpt><trkpt lat="48.472585" lon="-121.06206"><ele>1587.0</ele><time>2025-07-27T01:49:36Z</time></trkpt><trkpt lat="48.472618" lon="-121.062044"><ele>1585.0</ele><time>2025-07-27T01:49:39Z</time></trkpt><trkpt lat="48.472701" lon="-121.062048"><ele>1586.0</ele><time>2025-07-27T01:49:48Z</time></trkpt><trkpt lat="48.472971" lon="-121.062096"><ele>1587.0</ele><time>2025-07-27T01:50:33Z</time></trkpt><trkpt lat="48.473047" lon="-121.062124"><ele>1588.7</ele><time>2025-07-27T01:50:39Z</time></trkpt><trkpt lat="48.473116" lon="-121.062117"><ele>1585.0</ele><time>2025-07-27T01:50:51Z</time></trkpt><trkpt lat="48.47326" lon="-121.062076"><ele>1587.0</ele><time>2025-07-27T01:51:14Z</time></trkpt><trkpt lat="48.473287" lon="-121.062053"><ele>1586.0</ele><time>2025-07-27T01:51:18Z</time></trkpt><trkpt lat="48.473319" lon="-121.06208"><ele>1586.0</ele><time>2025-07-27T01:51:30Z</time></trkpt><trkpt lat="48.473363" lon="-121.062072"><ele>1586.0</ele><time>2025-07-27T01:51:34Z</time></trkpt><trkpt lat="48.473375" lon="-121.062086"><ele>1586.0</ele><time>2025-07-27T01:51:36Z</time></trkpt><trkpt lat="48.473421" lon="-121.06209"><ele>1585.0</ele><time>2025-07-27T01:51:40Z</time></trkpt><trkpt lat="48.473479" lon="-121.062111"><ele>1584.0</ele><time>2025-07-27T01:51:47Z</time></trkpt><trkpt lat="48.473499" lon="-121.062146"><ele>1584.0</ele><time>2025-07-27T01:51:50Z</time></trkpt><trkpt lat="48.473578" lon="-121.062162"><ele>1585.0</ele><time>2025-07-27T01:51:56Z</time></trkpt><trkpt lat="48.473606" lon="-121.062195"><ele>1585.0</ele><time>2025-07-27T01:52:00Z</time></trkpt><trkpt lat="48.47361" lon="-121.062227"><ele>1586.0</ele><time>2025-07-27T01:52:04Z</time></trkpt><trkpt lat="48.473631" lon="-121.062256"><ele>1584.0</ele><time>2025-07-27T01:52:06Z</time></trkpt><trkpt lat="48.473636" lon="-121.062321"><ele>1585.0</ele><time>2025-07-27T01:52:11Z</time></trkpt><trkpt lat="48.473653" lon="-121.062349"><ele>1584.0</ele><time>2025-07-27T01:52:14Z</time></trkpt><trkpt lat="48.473703" lon="-121.062348"><ele>1584.0</ele><time>2025-07-27T01:52:17Z</time></trkpt><trkpt lat="48.473785" lon="-121.062435"><ele>1587.0</ele><time>2025-07-27T01:52:27Z</time></trkpt><trkpt lat="48.473843" lon="-121.062531"><ele>1586.0</ele><time>2025-07-27T01:52:34Z</time></trkpt><trkpt lat="48.473886" lon="-121.06263"><ele>1584.0</ele><time>2025-07-27T01:52:42Z</time></trkpt><trkpt lat="48.473979" lon="-121.062652"><ele>1584.0</ele><time>2025-07-27T01:52:51Z</time></trkpt><trkpt lat="48.474014" lon="-121.062649"><ele>1581.0</ele><time>2025-07-27T01:52:55Z</time></trkpt><trkpt lat="48.474074" lon="-121.062602"><ele>1584.0</ele><time>2025-07-27T01:53:03Z</time></trkpt><trkpt lat="48.474136" lon="-121.062585"><ele>1584.3</ele><time>2025-07-27T01:53:10Z</time></trkpt><trkpt lat="48.474203" lon="-121.062642"><ele>1584.0</ele><time>2025-07-27T01:53:20Z</time></trkpt><trkpt lat="48.474231" lon="-121.062754"><ele>1584.0</ele><time>2025-07-27T01:53:27Z</time></trkpt><trkpt lat="48.474241" lon="-121.062855"><ele>1584.0</ele><time>2025-07-27T01:53:43Z</time></trkpt><trkpt lat="48.47431" lon="-121.062823"><ele>1585.0</ele><time>2025-07-27T01:53:54Z</time></trkpt><trkpt lat="48.47433" lon="-121.062866"><ele>1584.0</ele><time>2025-07-27T01:53:56Z</time></trkpt><trkpt lat="48.474359" lon="-121.062884"><ele>1584.0</ele><time>2025-07-27T01:53:59Z</time></trkpt><trkpt lat="48.474394" lon="-121.06304"><ele>1581.0</ele><time>2025-07-27T01:54:12Z</time></trkpt><trkpt lat="48.474417" lon="-121.063067"><ele>1581.0</ele><time>2025-07-27T01:54:16Z</time></trkpt><trkpt lat="48.474449" lon="-121.063072"><ele>1582.0</ele><time>2025-07-27T01:54:19Z</time></trkpt><trkpt lat="48.474466" lon="-121.063115"><ele>1584.0</ele><time>2025-07-27T01:54:21Z</time></trkpt><trkpt lat="48.474509" lon="-121.063068"><ele>1583.0</ele><time>2025-07-27T01:54:26Z</time></trkpt><trkpt lat="48.47456" lon="-121.063052"><ele>1580.0</ele><time>2025-07-27T01:54:33Z</time></trkpt><trkpt lat="48.474586" lon="-121.063072"><ele>1580.0</ele><time>2025-07-27T01:54:38Z</time></trkpt><trkpt lat="48.474613" lon="-121.06305"><ele>1578.0</ele><time>2025-07-27T01:54:40Z</time></trkpt><trkpt lat="48.474644" lon="-121.063068"><ele>1578.0</ele><time>2025-07-27T01:54:43Z</time></trkpt><trkpt lat="48.474649" lon="-121.063111"><ele>1577.0</ele><time>2025-07-27T01:54:49Z</time></trkpt><trkpt lat="48.474715" lon="-121.063121"><ele>1578.0</ele><time>2025-07-27T01:54:55Z</time></trkpt><trkpt lat="48.474747" lon="-121.063108"><ele>1576.0</ele><time>2025-07-27T01:54:58Z</time></trkpt><trkpt lat="48.474812" lon="-121.063159"><ele>1576.0</ele><time>2025-07-27T01:55:08Z</time></trkpt><trkpt lat="48.474883" lon="-121.063195"><ele>1577.0</ele><time>2025-07-27T01:55:15Z</time></trkpt><trkpt lat="48.474921" lon="-121.063197"><ele>1578.0</ele><time>2025-07-27T01:55:18Z</time></trkpt><trkpt lat="48.474972" lon="-121.063293"><ele>1576.0</ele><time>2025-07-27T01:55:27Z</time></trkpt><trkpt lat="48.475066" lon="-121.063335"><ele>1575.0</ele><time>2025-07-27T01:55:38Z</time></trkpt><trkpt lat="48.475067" lon="-121.063366"><ele>1576.0</ele><time>2025-07-27T01:55:41Z</time></trkpt><trkpt lat="48.475091" lon="-121.063402"><ele>1577.9</ele><time>2025-07-27T01:55:44Z</time></trkpt><trkpt lat="48.475096" lon="-121.063428"><ele>1576.0</ele><time>2025-07-27T01:55:45Z</time></trkpt><trkpt lat="48.475169" lon="-121.063524"><ele>1577.0</ele><time>2025-07-27T01:55:57Z</time></trkpt><trkpt lat="48.475182" lon="-121.063558"><ele>1577.0</ele><time>2025-07-27T01:55:59Z</time></trkpt><trkpt lat="48.475266" lon="-121.063626"><ele>1575.0</ele><time>2025-07-27T01:56:09Z</time></trkpt><trkpt lat="48.47532" lon="-121.063725"><ele>1575.0</ele><time>2025-07-27T01:56:21Z</time></trkpt><trkpt lat="48.475367" lon="-121.063776"><ele>1575.0</ele><time>2025-07-27T01:56:29Z</time></trkpt><trkpt lat="48.475403" lon="-121.063839"><ele>1576.0</ele><time>2025-07-27T01:56:35Z</time></trkpt><trkpt lat="48.475459" lon="-121.063875"><ele>1576.0</ele><time>2025-07-27T01:56:42Z</time></trkpt><trkpt lat="48.47549" lon="-121.06393"><ele>1576.0</ele><time>2025-07-27T01:56:46Z</time></trkpt><trkpt lat="48.475525" lon="-121.063969"><ele>1576.0</ele><time>2025-07-27T01:56:52Z</time></trkpt><trkpt lat="48.475587" lon="-121.063999"><ele>1573.0</ele><time>2025-07-27T01:56:59Z</time></trkpt><trkpt lat="48.475651" lon="-121.064151"><ele>1571.0</ele><time>2025-07-27T01:57:16Z</time></trkpt><trkpt lat="48.475725" lon="-121.064223"><ele>1575.0</ele><time>2025-07-27T01:57:26Z</time></trkpt><trkpt lat="48.475878" lon="-121.064273"><ele>1571.0</ele><time>2025-07-27T01:57:40Z</time></trkpt><trkpt lat="48.475882" lon="-121.06423"><ele>1568.0</ele><time>2025-07-27T01:57:44Z</time></trkpt><trkpt lat="48.475847" lon="-121.064226"><ele>1568.0</ele><time>2025-07-27T01:57:51Z</time></trkpt><trkpt lat="48.475816" lon="-121.06429"><ele>1576.0</ele><time>2025-07-27T01:58:25Z</time></trkpt><trkpt lat="48.475881" lon="-121.064284"><ele>1572.0</ele><time>2025-07-27T01:59:15Z</time></trkpt><trkpt lat="48.475956" lon="-121.064305"><ele>1574.0</ele><time>2025-07-27T01:59:29Z</time></trkpt><trkpt lat="48.475965" lon="-121.064345"><ele>1571.0</ele><time>2025-07-27T01:59:33Z</time></trkpt><trkpt lat="48.475996" lon="-121.064386"><ele>1567.0</ele><time>2025-07-27T01:59:41Z</time></trkpt><trkpt lat="48.47607" lon="-121.064409"><ele>1566.0</ele><time>2025-07-27T01:59:52Z</time></trkpt><trkpt lat="48.476212" lon="-121.064487"><ele>1566.0</ele><time>2025-07-27T02:00:09Z</time></trkpt><trkpt lat="48.47627" lon="-121.064558"><ele>1569.9</ele><time>2025-07-27T02:00:18Z</time></trkpt><trkpt lat="48.476284" lon="-121.064594"><ele>1569.0</ele><time>2025-07-27T02:00:21Z</time></trkpt><trkpt lat="48.476322" lon="-121.064608"><ele>1570.0</ele><time>2025-07-27T02:00:27Z</time></trkpt><trkpt lat="48.476365" lon="-121.064608"><ele>1569.0</ele><time>2025-07-27T02:00:30Z</time></trkpt><trkpt lat="48.476403" lon="-121.064626"><ele>1570.0</ele><time>2025-07-27T02:00:34Z</time></trkpt><trkpt lat="48.476416" lon="-121.06468"><ele>1569.0</ele><time>2025-07-27T02:00:39Z</time></trkpt><trkpt lat="48.476454" lon="-121.064696"><ele>1568.0</ele><time>2025-07-27T02:00:44Z</time></trkpt><trkpt lat="48.476496" lon="-121.064696"><ele>1568.0</ele><time>2025-07-27T02:00:48Z</time></trkpt><trkpt lat="48.476559" lon="-121.064713"><ele>1570.0</ele><time>2025-07-27T02:00:54Z</time></trkpt><trkpt lat="48.47659" lon="-121.0647"><ele>1568.0</ele><time>2025-07-27T02:00:57Z</time></trkpt><trkpt lat="48.476709" lon="-121.064702"><ele>1570.0</ele><time>2025-07-27T02:01:08Z</time></trkpt><trkpt lat="48.476725" lon="-121.064727"><ele>1571.8</ele><time>2025-07-27T02:01:10Z</time></trkpt><trkpt lat="48.476756" lon="-121.064732"><ele>1568.0</ele><time>2025-07-27T02:01:14Z</time></trkpt><trkpt lat="48.476809" lon="-121.064785"><ele>1568.0</ele><time>2025-07-27T02:01:22Z</time></trkpt><trkpt lat="48.476852" lon="-121.064854"><ele>1568.0</ele><time>2025-07-27T02:01:28Z</time></trkpt><trkpt lat="48.476895" lon="-121.064871"><ele>1554.0</ele><time>2025-07-27T02:01:41Z</time></trkpt><trkpt lat="48.476869" lon="-121.064897"><ele>1570.0</ele><time>2025-07-27T02:02:05Z</time></trkpt><trkpt lat="48.476893" lon="-121.064865"><ele>1569.4</ele><time>2025-07-27T02:02:18Z</time></trkpt><trkpt lat="48.476873" lon="-121.064898"><ele>1567.0</ele><time>2025-07-27T02:02:32Z</time></trkpt><trkpt lat="48.476955" lon="-121.065053"><ele>1564.0</ele><time>2025-07-27T02:02:50Z</time></trkpt><trkpt lat="48.477" lon="-121.065111"><ele>1563.0</ele><time>2025-07-27T02:02:57Z</time></trkpt><trkpt lat="48.477012" lon="-121.06515"><ele>1563.0</ele><time>2025-07-27T02:03:00Z</time></trkpt><trkpt lat="48.477131" lon="-121.065221"><ele>1562.0</ele><time>2025-07-27T02:03:16Z</time></trkpt><trkpt lat="48.477315" lon="-121.065405"><ele>1559.0</ele><time>2025-07-27T02:03:51Z</time></trkpt><trkpt lat="48.477365" lon="-121.065438"><ele>1560.0</ele><time>2025-07-27T02:03:56Z</time></trkpt><trkpt lat="48.47737" lon="-121.065479"><ele>1558.0</ele><time>2025-07-27T02:03:59Z</time></trkpt><trkpt lat="48.477464" lon="-121.065549"><ele>1560.0</ele><time>2025-07-27T02:04:08Z</time></trkpt><trkpt lat="48.477479" lon="-121.065584"><ele>1560.0</ele><time>2025-07-27T02:04:11Z</time></trkpt><trkpt lat="48.477513" lon="-121.065622"><ele>1558.0</ele><time>2025-07-27T02:04:17Z</time></trkpt><trkpt lat="48.477555" lon="-121.065644"><ele>1560.0</ele><time>2025-07-27T02:04:20Z</time></trkpt><trkpt lat="48.477597" lon="-121.065634"><ele>1558.0</ele><time>2025-07-27T02:04:22Z</time></trkpt><trkpt lat="48.477698" lon="-121.065725"><ele>1554.0</ele><time>2025-07-27T02:04:35Z</time></trkpt><trkpt lat="48.477734" lon="-121.065736"><ele>1557.0</ele><time>2025-07-27T02:04:39Z</time></trkpt><trkpt lat="48.477764" lon="-121.06576"><ele>1559.0</ele><time>2025-07-27T02:04:42Z</time></trkpt><trkpt lat="48.477792" lon="-121.065746"><ele>1559.0</ele><time>2025-07-27T02:04:44Z</time></trkpt><trkpt lat="48.47786" lon="-121.065763"><ele>1557.0</ele><time>2025-07-27T02:04:48Z</time></trkpt><trkpt lat="48.47791" lon="-121.065757"><ele>1558.0</ele><time>2025-07-27T02:04:51Z</time></trkpt><trkpt lat="48.477937" lon="-121.065784"><ele>1558.0</ele><time>2025-07-27T02:04:54Z</time></trkpt><trkpt lat="48.47802" lon="-121.065783"><ele>1557.0</ele><time>2025-07-27T02:05:01Z</time></trkpt><trkpt lat="48.477963" lon="-121.065786"><ele>1554.0</ele><time>2025-07-27T02:05:04Z</time></trkpt><trkpt lat="48.477921" lon="-121.065768"><ele>1555.0</ele><time>2025-07-27T02:05:06Z</time></trkpt><trkpt lat="48.477784" lon="-121.065773"><ele>1555.0</ele><time>2025-07-27T02:05:21Z</time></trkpt><trkpt lat="48.477712" lon="-121.065847"><ele>1554.0</ele><time>2025-07-27T02:05:28Z</time></trkpt><trkpt lat="48.477649" lon="-121.065868"><ele>1554.0</ele><time>2025-07-27T02:05:34Z</time></trkpt><trkpt lat="48.477514" lon="-121.065836"><ele>1555.8</ele><time>2025-07-27T02:05:46Z</time></trkpt><trkpt lat="48.477486" lon="-121.065868"><ele>1553.0</ele><time>2025-07-27T02:05:48Z</time></trkpt><trkpt lat="48.477437" lon="-121.065887"><ele>1556.0</ele><time>2025-07-27T02:05:52Z</time></trkpt><trkpt lat="48.477409" lon="-121.065868"><ele>1555.0</ele><time>2025-07-27T02:05:55Z</time></trkpt><trkpt lat="48.477373" lon="-121.065868"><ele>1554.0</ele><time>2025-07-27T02:05:57Z</time></trkpt><trkpt lat="48.477344" lon="-121.065896"><ele>1552.0</ele><time>2025-07-27T02:06:00Z</time></trkpt><trkpt lat="48.477254" lon="-121.065837"><ele>1550.0</ele><time>2025-07-27T02:06:08Z</time></trkpt><trkpt lat="48.477218" lon="-121.065827"><ele>1552.0</ele><time>2025-07-27T02:06:12Z</time></trkpt><trkpt lat="48.477193" lon="-121.065753"><ele>1550.7</ele><time>2025-07-27T02:06:17Z</time></trkpt><trkpt lat="48.477019" lon="-121.065634"><ele>1549.0</ele><time>2025-07-27T02:06:34Z</time></trkpt><trkpt lat="48.476983" lon="-121.065621"><ele>1548.0</ele><time>2025-07-27T02:06:38Z</time></trkpt><trkpt lat="48.476955" lon="-121.065634"><ele>1544.0</ele><time>2025-07-27T02:06:42Z</time></trkpt><trkpt lat="48.476917" lon="-121.065618"><ele>1544.0</ele><time>2025-07-27T02:06:46Z</time></trkpt><trkpt lat="48.476865" lon="-121.065571"><ele>1546.0</ele><time>2025-07-27T02:06:52Z</time></trkpt><trkpt lat="48.47684" lon="-121.065534"><ele>1545.0</ele><time>2025-07-27T02:06:55Z</time></trkpt><trkpt lat="48.476745" lon="-121.065513"><ele>1544.0</ele><time>2025-07-27T02:07:05Z</time></trkpt><trkpt lat="48.476704" lon="-121.065532"><ele>1542.0</ele><time>2025-07-27T02:07:09Z</time></trkpt><trkpt lat="48.476603" lon="-121.065465"><ele>1542.0</ele><time>2025-07-27T02:07:20Z</time></trkpt><trkpt lat="48.476548" lon="-121.065394"><ele>1540.0</ele><time>2025-07-27T02:07:27Z</time></trkpt><trkpt lat="48.4765" lon="-121.065288"><ele>1538.0</ele><time>2025-07-27T02:07:38Z</time></trkpt><trkpt lat="48.47647" lon="-121.065275"><ele>1536.0</ele><time>2025-07-27T02:07:42Z</time></trkpt><trkpt lat="48.476437" lon="-121.065279"><ele>1538.0</ele><time>2025-07-27T02:07:46Z</time></trkpt><trkpt lat="48.476409" lon="-121.065259"><ele>1536.0</ele><time>2025-07-27T02:07:50Z</time></trkpt><trkpt lat="48.476339" lon="-121.065292"><ele>1536.0</ele><time>2025-07-27T02:07:57Z</time></trkpt><trkpt lat="48.476343" lon="-121.065231"><ele>1536.0</ele><time>2025-07-27T02:08:00Z</time></trkpt><trkpt lat="48.476296" lon="-121.065204"><ele>1538.0</ele><time>2025-07-27T02:08:03Z</time></trkpt><trkpt lat="48.476233" lon="-121.065268"><ele>1536.0</ele><time>2025-07-27T02:08:11Z</time></trkpt><trkpt lat="48.47618" lon="-121.065285"><ele>1536.0</ele><time>2025-07-27T02:08:17Z</time></trkpt><trkpt lat="48.47617" lon="-121.065228"><ele>1536.0</ele><time>2025-07-27T02:08:21Z</time></trkpt><trkpt lat="48.47612" lon="-121.065224"><ele>1536.0</ele><time>2025-07-27T02:08:27Z</time></trkpt><trkpt lat="48.476095" lon="-121.065193"><ele>1537.0</ele><time>2025-07-27T02:08:31Z</time></trkpt><trkpt lat="48.476086" lon="-121.06523"><ele>1536.0</ele><time>2025-07-27T02:08:33Z</time></trkpt><trkpt lat="48.476142" lon="-121.065223"><ele>1531.0</ele><time>2025-07-27T02:08:49Z</time></trkpt><trkpt lat="48.476202" lon="-121.065291"><ele>1532.0</ele><time>2025-07-27T02:09:03Z</time></trkpt><trkpt lat="48.476276" lon="-121.065353"><ele>1530.0</ele><time>2025-07-27T02:09:14Z</time></trkpt><trkpt lat="48.476309" lon="-121.06537"><ele>1530.0</ele><time>2025-07-27T02:09:17Z</time></trkpt><trkpt lat="48.476342" lon="-121.065364"><ele>1531.0</ele><time>2025-07-27T02:09:20Z</time></trkpt><trkpt lat="48.476383" lon="-121.065337"><ele>1530.0</ele><time>2025-07-27T02:09:23Z</time></trkpt><trkpt lat="48.476452" lon="-121.065372"><ele>1528.0</ele><time>2025-07-27T02:09:30Z</time></trkpt><trkpt lat="48.476479" lon="-121.065402"><ele>1526.0</ele><time>2025-07-27T02:09:35Z</time></trkpt><trkpt lat="48.476521" lon="-121.065513"><ele>1526.0</ele><time>2025-07-27T02:09:46Z</time></trkpt><trkpt lat="48.476521" lon="-121.065554"><ele>1526.8</ele><time>2025-07-27T02:09:47Z</time></trkpt><trkpt lat="48.476556" lon="-121.065601"><ele>1525.0</ele><time>2025-07-27T02:09:51Z</time></trkpt><trkpt lat="48.476572" lon="-121.065644"><ele>1527.0</ele><time>2025-07-27T02:09:57Z</time></trkpt><trkpt lat="48.476629" lon="-121.065669"><ele>1524.0</ele><time>2025-07-27T02:10:03Z</time></trkpt><trkpt lat="48.476652" lon="-121.065706"><ele>1526.0</ele><time>2025-07-27T02:10:06Z</time></trkpt><trkpt lat="48.476685" lon="-121.065735"><ele>1525.0</ele><time>2025-07-27T02:10:09Z</time></trkpt><trkpt lat="48.476754" lon="-121.065757"><ele>1524.0</ele><time>2025-07-27T02:10:16Z</time></trkpt><trkpt lat="48.476814" lon="-121.065802"><ele>1524.0</ele><time>2025-07-27T02:10:22Z</time></trkpt><trkpt lat="48.476916" lon="-121.066058"><ele>1520.0</ele><time>2025-07-27T02:10:43Z</time></trkpt><trkpt lat="48.476929" lon="-121.066144"><ele>1522.0</ele><time>2025-07-27T02:10:50Z</time></trkpt><trkpt lat="48.477007" lon="-121.066212"><ele>1520.0</ele><time>2025-07-27T02:11:00Z</time></trkpt><trkpt lat="48.47707" lon="-121.066241"><ele>1520.0</ele><time>2025-07-27T02:11:07Z</time></trkpt><trkpt lat="48.477099" lon="-121.066266"><ele>1518.0</ele><time>2025-07-27T02:11:11Z</time></trkpt><trkpt lat="48.477136" lon="-121.066327"><ele>1518.0</ele><time>2025-07-27T02:11:18Z</time></trkpt><trkpt lat="48.477161" lon="-121.066351"><ele>1518.0</ele><time>2025-07-27T02:11:21Z</time></trkpt><trkpt lat="48.477174" lon="-121.066386"><ele>1518.0</ele><time>2025-07-27T02:11:24Z</time></trkpt><trkpt lat="48.477275" lon="-121.066458"><ele>1518.3</ele><time>2025-07-27T02:11:34Z</time></trkpt><trkpt lat="48.477284" lon="-121.066485"><ele>1515.0</ele><time>2025-07-27T02:11:37Z</time></trkpt><trkpt lat="48.477332" lon="-121.066467"><ele>1515.0</ele><time>2025-07-27T02:11:42Z</time></trkpt><trkpt lat="48.477398" lon="-121.066464"><ele>1514.0</ele><time>2025-07-27T02:11:47Z</time></trkpt><trkpt lat="48.477492" lon="-121.066568"><ele>1514.0</ele><time>2025-07-27T02:12:00Z</time></trkpt><trkpt lat="48.477529" lon="-121.066582"><ele>1516.0</ele><time>2025-07-27T02:12:04Z</time></trkpt><trkpt lat="48.477539" lon="-121.066612"><ele>1515.0</ele><time>2025-07-27T02:12:08Z</time></trkpt><trkpt lat="48.477577" lon="-121.066621"><ele>1512.0</ele><time>2025-07-27T02:12:12Z</time></trkpt><trkpt lat="48.477655" lon="-121.06667"><ele>1509.0</ele><time>2025-07-27T02:12:21Z</time></trkpt><trkpt lat="48.4777" lon="-121.066679"><ele>1510.0</ele><time>2025-07-27T02:12:25Z</time></trkpt><trkpt lat="48.477775" lon="-121.066645"><ele>1509.0</ele><time>2025-07-27T02:12:39Z</time></trkpt><trkpt lat="48.477813" lon="-121.066672"><ele>1508.0</ele><time>2025-07-27T02:12:43Z</time></trkpt><trkpt lat="48.477883" lon="-121.066702"><ele>1508.0</ele><time>2025-07-27T02:12:51Z</time></trkpt><trkpt lat="48.477919" lon="-121.06676"><ele>1510.0</ele><time>2025-07-27T02:12:59Z</time></trkpt><trkpt lat="48.478036" lon="-121.066764"><ele>1507.0</ele><time>2025-07-27T02:13:09Z</time></trkpt><trkpt lat="48.478079" lon="-121.066789"><ele>1509.0</ele><time>2025-07-27T02:13:13Z</time></trkpt><trkpt lat="48.478042" lon="-121.066817"><ele>1504.0</ele><time>2025-07-27T02:13:24Z</time></trkpt><trkpt lat="48.477907" lon="-121.066791"><ele>1507.0</ele><time>2025-07-27T02:13:40Z</time></trkpt><trkpt lat="48.477876" lon="-121.066823"><ele>1508.0</ele><time>2025-07-27T02:13:43Z</time></trkpt><trkpt lat="48.477852" lon="-121.0668"><ele>1508.0</ele><time>2025-07-27T02:13:45Z</time></trkpt><trkpt lat="48.477842" lon="-121.066826"><ele>1507.0</ele><time>2025-07-27T02:13:51Z</time></trkpt><trkpt lat="48.477759" lon="-121.066768"><ele>1508.0</ele><time>2025-07-27T02:14:00Z</time></trkpt><trkpt lat="48.477664" lon="-121.066797"><ele>1509.8</ele><time>2025-07-27T02:14:04Z</time></trkpt><trkpt lat="48.477683" lon="-121.066825"><ele>1508.0</ele><time>2025-07-27T02:14:06Z</time></trkpt><trkpt lat="48.477638" lon="-121.066883"><ele>1508.0</ele><time>2025-07-27T02:14:18Z</time></trkpt><trkpt lat="48.477549" lon="-121.066912"><ele>1505.0</ele><time>2025-07-27T02:14:28Z</time></trkpt><trkpt lat="48.477507" lon="-121.066912"><ele>1504.0</ele><time>2025-07-27T02:14:34Z</time></trkpt><trkpt lat="48.477473" lon="-121.066884"><ele>1505.0</ele><time>2025-07-27T02:14:37Z</time></trkpt><trkpt lat="48.477435" lon="-121.066924"><ele>1505.0</ele><time>2025-07-27T02:14:40Z</time></trkpt><trkpt lat="48.477364" lon="-121.066899"><ele>1506.0</ele><time>2025-07-27T02:14:47Z</time></trkpt><trkpt lat="48.477297" lon="-121.066934"><ele>1508.0</ele><time>2025-07-27T02:14:55Z</time></trkpt><trkpt lat="48.477252" lon="-121.066916"><ele>1508.0</ele><time>2025-07-27T02:15:01Z</time></trkpt><trkpt lat="48.477238" lon="-121.066881"><ele>1506.0</ele><time>2025-07-27T02:15:03Z</time></trkpt><trkpt lat="48.477216" lon="-121.066857"><ele>1507.0</ele><time>2025-07-27T02:15:06Z</time></trkpt><trkpt lat="48.477179" lon="-121.066863"><ele>1503.0</ele><time>2025-07-27T02:15:11Z</time></trkpt><trkpt lat="48.477157" lon="-121.066833"><ele>1504.0</ele><time>2025-07-27T02:15:17Z</time></trkpt><trkpt lat="48.477125" lon="-121.066827"><ele>1504.0</ele><time>2025-07-27T02:15:21Z</time></trkpt><trkpt lat="48.47709" lon="-121.066842"><ele>1504.0</ele><time>2025-07-27T02:15:25Z</time></trkpt><trkpt lat="48.477041" lon="-121.066799"><ele>1504.0</ele><time>2025-07-27T02:15:31Z</time></trkpt><trkpt lat="48.476964" lon="-121.066799"><ele>1502.0</ele><time>2025-07-27T02:15:40Z</time></trkpt><trkpt lat="48.476924" lon="-121.066809"><ele>1500.0</ele><time>2025-07-27T02:15:45Z</time></trkpt><trkpt lat="48.476871" lon="-121.066772"><ele>1500.0</ele><time>2025-07-27T02:15:55Z</time></trkpt><trkpt lat="48.476844" lon="-121.066739"><ele>1500.0</ele><time>2025-07-27T02:16:00Z</time></trkpt><trkpt lat="48.476813" lon="-121.06673"><ele>1500.0</ele><time>2025-07-27T02:16:04Z</time></trkpt><trkpt lat="48.476762" lon="-121.066692"><ele>1498.0</ele><time>2025-07-27T02:16:11Z</time></trkpt><trkpt lat="48.476728" lon="-121.066683"><ele>1500.0</ele><time>2025-07-27T02:16:14Z</time></trkpt><trkpt lat="48.476704" lon="-121.06661"><ele>1494.0</ele><time>2025-07-27T02:16:22Z</time></trkpt><trkpt lat="48.476654" lon="-121.066562"><ele>1491.0</ele><time>2025-07-27T02:16:35Z</time></trkpt><trkpt lat="48.47669" lon="-121.06662"><ele>1488.0</ele><time>2025-07-27T02:16:47Z</time></trkpt><trkpt lat="48.476718" lon="-121.066647"><ele>1488.0</ele><time>2025-07-27T02:16:50Z</time></trkpt><trkpt lat="48.476753" lon="-121.066753"><ele>1488.0</ele><time>2025-07-27T02:17:00Z</time></trkpt><trkpt lat="48.476775" lon="-121.066779"><ele>1488.0</ele><time>2025-07-27T02:17:02Z</time></trkpt><trkpt lat="48.476833" lon="-121.066815"><ele>1488.0</ele><time>2025-07-27T02:17:08Z</time></trkpt><trkpt lat="48.476886" lon="-121.066917"><ele>1488.0</ele><time>2025-07-27T02:17:17Z</time></trkpt><trkpt lat="48.476941" lon="-121.06695"><ele>1488.0</ele><time>2025-07-27T02:17:22Z</time></trkpt><trkpt lat="48.476962" lon="-121.06701"><ele>1488.0</ele><time>2025-07-27T02:17:28Z</time></trkpt><trkpt lat="48.476993" lon="-121.066995"><ele>1488.0</ele><time>2025-07-27T02:17:31Z</time></trkpt><trkpt lat="48.477093" lon="-121.067067"><ele>1488.0</ele><time>2025-07-27T02:17:42Z</time></trkpt><trkpt lat="48.477137" lon="-121.067105"><ele>1485.0</ele><time>2025-07-27T02:17:47Z</time></trkpt><trkpt lat="48.477192" lon="-121.067178"><ele>1481.0</ele><time>2025-07-27T02:18:02Z</time></trkpt><trkpt lat="48.477283" lon="-121.067249"><ele>1483.3</ele><time>2025-07-27T02:18:12Z</time></trkpt><trkpt lat="48.47728" lon="-121.067282"><ele>1484.0</ele><time>2025-07-27T02:18:15Z</time></trkpt><trkpt lat="48.47731" lon="-121.067302"><ele>1482.0</ele><time>2025-07-27T02:18:20Z</time></trkpt><trkpt lat="48.477357" lon="-121.067291"><ele>1483.0</ele><time>2025-07-27T02:18:23Z</time></trkpt><trkpt lat="48.477446" lon="-121.067307"><ele>1480.0</ele><time>2025-07-27T02:18:32Z</time></trkpt><trkpt lat="48.47748" lon="-121.06735"><ele>1480.0</ele><time>2025-07-27T02:18:38Z</time></trkpt><trkpt lat="48.477564" lon="-121.067366"><ele>1478.0</ele><time>2025-07-27T02:18:46Z</time></trkpt><trkpt lat="48.477602" lon="-121.067437"><ele>1479.0</ele><time>2025-07-27T02:18:52Z</time></trkpt><trkpt lat="48.477683" lon="-121.067449"><ele>1475.0</ele><time>2025-07-27T02:19:02Z</time></trkpt><trkpt lat="48.477713" lon="-121.067483"><ele>1477.9</ele><time>2025-07-27T02:19:05Z</time></trkpt><trkpt lat="48.477745" lon="-121.067472"><ele>1475.7</ele><time>2025-07-27T02:19:07Z</time></trkpt><trkpt lat="48.477773" lon="-121.067492"><ele>1475.0</ele><time>2025-07-27T02:19:11Z</time></trkpt><trkpt lat="48.477808" lon="-121.067491"><ele>1474.0</ele><time>2025-07-27T02:19:15Z</time></trkpt><trkpt lat="48.477893" lon="-121.067425"><ele>1473.0</ele><time>2025-07-27T02:19:24Z</time></trkpt><trkpt lat="48.477937" lon="-121.067428"><ele>1472.0</ele><time>2025-07-27T02:19:27Z</time></trkpt><trkpt lat="48.477937" lon="-121.067387"><ele>1472.0</ele><time>2025-07-27T02:19:30Z</time></trkpt><trkpt lat="48.477966" lon="-121.067363"><ele>1470.0</ele><time>2025-07-27T02:19:33Z</time></trkpt><trkpt lat="48.477994" lon="-121.067402"><ele>1472.8</ele><time>2025-07-27T02:19:36Z</time></trkpt><trkpt lat="48.477996" lon="-121.067438"><ele>1472.0</ele><time>2025-07-27T02:19:39Z</time></trkpt><trkpt lat="48.47796" lon="-121.067474"><ele>1476.0</ele><time>2025-07-27T02:19:42Z</time></trkpt><trkpt lat="48.477925" lon="-121.067568"><ele>1472.0</ele><time>2025-07-27T02:19:48Z</time></trkpt><trkpt lat="48.477878" lon="-121.067567"><ele>1475.0</ele><time>2025-07-27T02:19:53Z</time></trkpt><trkpt lat="48.477852" lon="-121.067584"><ele>1473.0</ele><time>2025-07-27T02:19:56Z</time></trkpt><trkpt lat="48.47767" lon="-121.067643"><ele>1473.0</ele><time>2025-07-27T02:20:13Z</time></trkpt><trkpt lat="48.477636" lon="-121.067644"><ele>1473.0</ele><time>2025-07-27T02:20:17Z</time></trkpt><trkpt lat="48.477558" lon="-121.067724"><ele>1472.0</ele><time>2025-07-27T02:20:30Z</time></trkpt><trkpt lat="48.477482" lon="-121.067762"><ele>1473.2</ele><time>2025-07-27T02:20:35Z</time></trkpt><trkpt lat="48.477472" lon="-121.067732"><ele>1472.0</ele><time>2025-07-27T02:20:37Z</time></trkpt><trkpt lat="48.477418" lon="-121.067728"><ele>1472.3</ele><time>2025-07-27T02:20:43Z</time></trkpt><trkpt lat="48.477359" lon="-121.067655"><ele>1470.0</ele><time>2025-07-27T02:20:49Z</time></trkpt><trkpt lat="48.47732" lon="-121.067686"><ele>1472.9</ele><time>2025-07-27T02:20:53Z</time></trkpt><trkpt lat="48.477325" lon="-121.067653"><ele>1472.1</ele><time>2025-07-27T02:20:54Z</time></trkpt><trkpt lat="48.477288" lon="-121.067616"><ele>1473.0</ele><time>2025-07-27T02:20:58Z</time></trkpt><trkpt lat="48.477222" lon="-121.067622"><ele>1470.0</ele><time>2025-07-27T02:21:05Z</time></trkpt><trkpt lat="48.477242" lon="-121.067655"><ele>1469.0</ele><time>2025-07-27T02:21:09Z</time></trkpt><trkpt lat="48.47732" lon="-121.067674"><ele>1464.0</ele><time>2025-07-27T02:21:16Z</time></trkpt><trkpt lat="48.477353" lon="-121.067744"><ele>1466.0</ele><time>2025-07-27T02:21:21Z</time></trkpt><trkpt lat="48.4774" lon="-121.067785"><ele>1465.0</ele><time>2025-07-27T02:21:26Z</time></trkpt><trkpt lat="48.477425" lon="-121.067802"><ele>1465.0</ele><time>2025-07-27T02:21:28Z</time></trkpt><trkpt lat="48.47746" lon="-121.067801"><ele>1464.0</ele><time>2025-07-27T02:21:30Z</time></trkpt><trkpt lat="48.477513" lon="-121.067851"><ele>1465.0</ele><time>2025-07-27T02:21:39Z</time></trkpt><trkpt lat="48.477578" lon="-121.067877"><ele>1464.0</ele><time>2025-07-27T02:21:44Z</time></trkpt><trkpt lat="48.477622" lon="-121.067841"><ele>1462.0</ele><time>2025-07-27T02:21:50Z</time></trkpt><trkpt lat="48.477661" lon="-121.067744"><ele>1459.0</ele><time>2025-07-27T02:21:58Z</time></trkpt><trkpt lat="48.477686" lon="-121.067797"><ele>1456.0</ele><time>2025-07-27T02:22:04Z</time></trkpt><trkpt lat="48.477742" lon="-121.067775"><ele>1456.0</ele><time>2025-07-27T02:22:09Z</time></trkpt><trkpt lat="48.477775" lon="-121.067732"><ele>1457.0</ele><time>2025-07-27T02:22:11Z</time></trkpt><trkpt lat="48.477801" lon="-121.067754"><ele>1455.0</ele><time>2025-07-27T02:22:13Z</time></trkpt><trkpt lat="48.477816" lon="-121.067783"><ele>1456.0</ele><time>2025-07-27T02:22:16Z</time></trkpt><trkpt lat="48.477893" lon="-121.067784"><ele>1455.0</ele><time>2025-07-27T02:22:22Z</time></trkpt><trkpt lat="48.477926" lon="-121.067808"><ele>1456.5</ele><time>2025-07-27T02:22:26Z</time></trkpt><trkpt lat="48.477926" lon="-121.067847"><ele>1453.0</ele><time>2025-07-27T02:22:30Z</time></trkpt><trkpt lat="48.47795" lon="-121.067875"><ele>1454.0</ele><time>2025-07-27T02:22:34Z</time></trkpt><trkpt lat="48.478005" lon="-121.067855"><ele>1455.0</ele><time>2025-07-27T02:22:40Z</time></trkpt><trkpt lat="48.478103" lon="-121.067863"><ele>1455.0</ele><time>2025-07-27T02:22:48Z</time></trkpt><trkpt lat="48.478149" lon="-121.067852"><ele>1455.0</ele><time>2025-07-27T02:22:50Z</time></trkpt><trkpt lat="48.478163" lon="-121.067907"><ele>1450.0</ele><time>2025-07-27T02:22:55Z</time></trkpt><trkpt lat="48.478188" lon="-121.067934"><ele>1454.0</ele><time>2025-07-27T02:22:59Z</time></trkpt><trkpt lat="48.478064" lon="-121.067987"><ele>1456.0</ele><time>2025-07-27T02:23:07Z</time></trkpt><trkpt lat="48.478005" lon="-121.068025"><ele>1455.0</ele><time>2025-07-27T02:23:13Z</time></trkpt><trkpt lat="48.477909" lon="-121.068022"><ele>1454.0</ele><time>2025-07-27T02:23:21Z</time></trkpt><trkpt lat="48.477878" lon="-121.068034"><ele>1454.0</ele><time>2025-07-27T02:23:24Z</time></trkpt><trkpt lat="48.477838" lon="-121.06801"><ele>1451.0</ele><time>2025-07-27T02:23:32Z</time></trkpt><trkpt lat="48.477885" lon="-121.068005"><ele>1451.0</ele><time>2025-07-27T02:23:38Z</time></trkpt><trkpt lat="48.477905" lon="-121.068051"><ele>1452.0</ele><time>2025-07-27T02:23:40Z</time></trkpt><trkpt lat="48.477981" lon="-121.06806"><ele>1449.0</ele><time>2025-07-27T02:23:48Z</time></trkpt><trkpt lat="48.477969" lon="-121.068033"><ele>1450.5</ele><time>2025-07-27T02:23:52Z</time></trkpt><trkpt lat="48.477999" lon="-121.068046"><ele>1448.0</ele><time>2025-07-27T02:23:54Z</time></trkpt><trkpt lat="48.477998" lon="-121.068084"><ele>1447.0</ele><time>2025-07-27T02:23:57Z</time></trkpt><trkpt lat="48.478029" lon="-121.068111"><ele>1447.0</ele><time>2025-07-27T02:23:59Z</time></trkpt><trkpt lat="48.478079" lon="-121.068108"><ele>1447.0</ele><time>2025-07-27T02:24:03Z</time></trkpt><trkpt lat="48.478191" lon="-121.068031"><ele>1445.0</ele><time>2025-07-27T02:24:17Z</time></trkpt><trkpt lat="48.47829" lon="-121.068042"><ele>1446.0</ele><time>2025-07-27T02:24:30Z</time></trkpt><trkpt lat="48.478311" lon="-121.06801"><ele>1445.5</ele><time>2025-07-27T02:24:32Z</time></trkpt><trkpt lat="48.478342" lon="-121.068042"><ele>1445.0</ele><time>2025-07-27T02:24:36Z</time></trkpt><trkpt lat="48.478432" lon="-121.068067"><ele>1445.0</ele><time>2025-07-27T02:24:44Z</time></trkpt><trkpt lat="48.478472" lon="-121.068068"><ele>1444.0</ele><time>2025-07-27T02:24:47Z</time></trkpt><trkpt lat="48.478493" lon="-121.068167"><ele>1445.5</ele><time>2025-07-27T02:24:58Z</time></trkpt><trkpt lat="48.478519" lon="-121.068185"><ele>1444.0</ele><time>2025-07-27T02:25:01Z</time></trkpt><trkpt lat="48.478563" lon="-121.068182"><ele>1442.0</ele><time>2025-07-27T02:25:05Z</time></trkpt><trkpt lat="48.478594" lon="-121.0682"><ele>1442.0</ele><time>2025-07-27T02:25:08Z</time></trkpt><trkpt lat="48.478611" lon="-121.068234"><ele>1440.0</ele><time>2025-07-27T02:25:13Z</time></trkpt><trkpt lat="48.478654" lon="-121.068221"><ele>1440.0</ele><time>2025-07-27T02:25:18Z</time></trkpt><trkpt lat="48.478809" lon="-121.068308"><ele>1440.0</ele><time>2025-07-27T02:25:33Z</time></trkpt><trkpt lat="48.478879" lon="-121.068403"><ele>1442.1</ele><time>2025-07-27T02:25:42Z</time></trkpt><trkpt lat="48.478972" lon="-121.068373"><ele>1435.0</ele><time>2025-07-27T02:25:51Z</time></trkpt><trkpt lat="48.479005" lon="-121.068399"><ele>1432.0</ele><time>2025-07-27T02:26:01Z</time></trkpt><trkpt lat="48.478955" lon="-121.068453"><ele>1436.0</ele><time>2025-07-27T02:26:07Z</time></trkpt><trkpt lat="48.478969" lon="-121.068397"><ele>1430.0</ele><time>2025-07-27T02:26:18Z</time></trkpt><trkpt lat="48.478936" lon="-121.068414"><ele>1432.0</ele><time>2025-07-27T02:26:23Z</time></trkpt><trkpt lat="48.47889" lon="-121.068412"><ele>1433.0</ele><time>2025-07-27T02:26:26Z</time></trkpt><trkpt lat="48.478848" lon="-121.068391"><ele>1433.0</ele><time>2025-07-27T02:26:29Z</time></trkpt><trkpt lat="48.478832" lon="-121.068449"><ele>1435.0</ele><time>2025-07-27T02:26:32Z</time></trkpt><trkpt lat="48.478687" lon="-121.068471"><ele>1437.0</ele><time>2025-07-27T02:26:47Z</time></trkpt><trkpt lat="48.478651" lon="-121.068539"><ele>1437.0</ele><time>2025-07-27T02:26:52Z</time></trkpt><trkpt lat="48.478598" lon="-121.068532"><ele>1435.0</ele><time>2025-07-27T02:26:59Z</time></trkpt><trkpt lat="48.478543" lon="-121.068504"><ele>1435.0</ele><time>2025-07-27T02:27:06Z</time></trkpt><trkpt lat="48.478499" lon="-121.068522"><ele>1433.0</ele><time>2025-07-27T02:27:09Z</time></trkpt><trkpt lat="48.478466" lon="-121.068471"><ele>1431.0</ele><time>2025-07-27T02:27:14Z</time></trkpt><trkpt lat="48.478373" lon="-121.068452"><ele>1431.0</ele><time>2025-07-27T02:27:28Z</time></trkpt><trkpt lat="48.478536" lon="-121.068509"><ele>1428.0</ele><time>2025-07-27T02:27:48Z</time></trkpt><trkpt lat="48.478566" lon="-121.068536"><ele>1425.0</ele><time>2025-07-27T02:27:53Z</time></trkpt><trkpt lat="48.478622" lon="-121.068551"><ele>1428.0</ele><time>2025-07-27T02:27:58Z</time></trkpt><trkpt lat="48.478685" lon="-121.068531"><ele>1425.2</ele><time>2025-07-27T02:28:02Z</time></trkpt><trkpt lat="48.478728" lon="-121.068566"><ele>1422.0</ele><time>2025-07-27T02:28:09Z</time></trkpt><trkpt lat="48.478792" lon="-121.068595"><ele>1424.0</ele><time>2025-07-27T02:28:16Z</time></trkpt><trkpt lat="48.478783" lon="-121.068629"><ele>1425.7</ele><time>2025-07-27T02:28:18Z</time></trkpt><trkpt lat="48.478851" lon="-121.068599"><ele>1422.0</ele><time>2025-07-27T02:28:25Z</time></trkpt><trkpt lat="48.478875" lon="-121.068627"><ele>1422.7</ele><time>2025-07-27T02:28:27Z</time></trkpt><trkpt lat="48.478943" lon="-121.068636"><ele>1416.0</ele><time>2025-07-27T02:28:35Z</time></trkpt><trkpt lat="48.479002" lon="-121.068673"><ele>1414.0</ele><time>2025-07-27T02:28:53Z</time></trkpt><trkpt lat="48.478886" lon="-121.068718"><ele>1419.0</ele><time>2025-07-27T02:29:12Z</time></trkpt><trkpt lat="48.478825" lon="-121.068685"><ele>1421.6</ele><time>2025-07-27T02:29:21Z</time></trkpt><trkpt lat="48.478774" lon="-121.068684"><ele>1420.0</ele><time>2025-07-27T02:29:22Z</time></trkpt><trkpt lat="48.47875" lon="-121.068725"><ele>1419.0</ele><time>2025-07-27T02:29:25Z</time></trkpt><trkpt lat="48.478715" lon="-121.068741"><ele>1420.0</ele><time>2025-07-27T02:29:28Z</time></trkpt><trkpt lat="48.478613" lon="-121.068767"><ele>1420.0</ele><time>2025-07-27T02:29:39Z</time></trkpt><trkpt lat="48.478579" lon="-121.068765"><ele>1421.0</ele><time>2025-07-27T02:29:44Z</time></trkpt><trkpt lat="48.478536" lon="-121.068788"><ele>1422.0</ele><time>2025-07-27T02:29:48Z</time></trkpt><trkpt lat="48.478452" lon="-121.068806"><ele>1422.0</ele><time>2025-07-27T02:29:52Z</time></trkpt><trkpt lat="48.478468" lon="-121.068762"><ele>1420.0</ele><time>2025-07-27T02:29:55Z</time></trkpt><trkpt lat="48.478435" lon="-121.068771"><ele>1420.0</ele><time>2025-07-27T02:29:59Z</time></trkpt><trkpt lat="48.478363" lon="-121.068758"><ele>1420.0</ele><time>2025-07-27T02:30:10Z</time></trkpt><trkpt lat="48.478294" lon="-121.068787"><ele>1420.0</ele><time>2025-07-27T02:30:14Z</time></trkpt><trkpt lat="48.478269" lon="-121.068871"><ele>1420.0</ele><time>2025-07-27T02:30:19Z</time></trkpt><trkpt lat="48.478305" lon="-121.068839"><ele>1417.0</ele><time>2025-07-27T02:30:22Z</time></trkpt><trkpt lat="48.47835" lon="-121.068843"><ele>1416.0</ele><time>2025-07-27T02:30:24Z</time></trkpt><trkpt lat="48.478373" lon="-121.068811"><ele>1416.0</ele><time>2025-07-27T02:30:27Z</time></trkpt><trkpt lat="48.478445" lon="-121.06884"><ele>1410.0</ele><time>2025-07-27T02:30:43Z</time></trkpt><trkpt lat="48.478456" lon="-121.068801"><ele>1410.0</ele><time>2025-07-27T02:30:56Z</time></trkpt><trkpt lat="48.47853" lon="-121.068782"><ele>1407.0</ele><time>2025-07-27T02:31:04Z</time></trkpt><trkpt lat="48.478499" lon="-121.0688"><ele>1402.0</ele><time>2025-07-27T02:31:11Z</time></trkpt><trkpt lat="48.47853" lon="-121.068747"><ele>1410.0</ele><time>2025-07-27T02:31:29Z</time></trkpt><trkpt lat="48.478555" lon="-121.068743"><ele>1411.6</ele><time>2025-07-27T02:31:34Z</time></trkpt><trkpt lat="48.478544" lon="-121.068777"><ele>1410.0</ele><time>2025-07-27T02:31:35Z</time></trkpt><trkpt lat="48.478494" lon="-121.068848"><ele>1410.0</ele><time>2025-07-27T02:31:55Z</time></trkpt><trkpt lat="48.478483" lon="-121.068809"><ele>1412.0</ele><time>2025-07-27T02:33:03Z</time></trkpt><trkpt lat="48.478679" lon="-121.068897"><ele>1408.3</ele><time>2025-07-27T02:34:15Z</time></trkpt><trkpt lat="48.478703" lon="-121.068898"><ele>1408.0</ele><time>2025-07-27T02:34:17Z</time></trkpt><trkpt lat="48.478737" lon="-121.068949"><ele>1406.0</ele><time>2025-07-27T02:34:25Z</time></trkpt><trkpt lat="48.478926" lon="-121.069008"><ele>1401.0</ele><time>2025-07-27T02:34:48Z</time></trkpt><trkpt lat="48.478944" lon="-121.069032"><ele>1400.0</ele><time>2025-07-27T02:34:52Z</time></trkpt><trkpt lat="48.478993" lon="-121.069032"><ele>1395.0</ele><time>2025-07-27T02:34:58Z</time></trkpt><trkpt lat="48.47895" lon="-121.069059"><ele>1398.0</ele><time>2025-07-27T02:35:04Z</time></trkpt><trkpt lat="48.478909" lon="-121.069068"><ele>1397.0</ele><time>2025-07-27T02:35:10Z</time></trkpt><trkpt lat="48.47882" lon="-121.069057"><ele>1396.0</ele><time>2025-07-27T02:35:23Z</time></trkpt><trkpt lat="48.478794" lon="-121.069081"><ele>1396.0</ele><time>2025-07-27T02:35:29Z</time></trkpt><trkpt lat="48.478776" lon="-121.069127"><ele>1398.0</ele><time>2025-07-27T02:35:36Z</time></trkpt><trkpt lat="48.478716" lon="-121.069174"><ele>1397.0</ele><time>2025-07-27T02:35:42Z</time></trkpt><trkpt lat="48.478704" lon="-121.069125"><ele>1398.0</ele><time>2025-07-27T02:35:45Z</time></trkpt><trkpt lat="48.478669" lon="-121.069159"><ele>1399.3</ele><time>2025-07-27T02:35:47Z</time></trkpt><trkpt lat="48.478601" lon="-121.069083"><ele>1398.0</ele><time>2025-07-27T02:35:54Z</time></trkpt><trkpt lat="48.478568" lon="-121.069079"><ele>1399.0</ele><time>2025-07-27T02:35:57Z</time></trkpt><trkpt lat="48.478525" lon="-121.069053"><ele>1399.0</ele><time>2025-07-27T02:36:02Z</time></trkpt><trkpt lat="48.478434" lon="-121.069157"><ele>1402.0</ele><time>2025-07-27T02:36:10Z</time></trkpt><trkpt lat="48.478406" lon="-121.069169"><ele>1400.0</ele><time>2025-07-27T02:36:12Z</time></trkpt><trkpt lat="48.478378" lon="-121.069131"><ele>1400.8</ele><time>2025-07-27T02:36:14Z</time></trkpt><trkpt lat="48.478326" lon="-121.069221"><ele>1398.0</ele><time>2025-07-27T02:36:26Z</time></trkpt><trkpt lat="48.478313" lon="-121.069283"><ele>1396.0</ele><time>2025-07-27T02:36:30Z</time></trkpt><trkpt lat="48.47828" lon="-121.06929"><ele>1395.0</ele><time>2025-07-27T02:36:33Z</time></trkpt><trkpt lat="48.478207" lon="-121.069276"><ele>1395.0</ele><time>2025-07-27T02:36:39Z</time></trkpt><trkpt lat="48.478133" lon="-121.069282"><ele>1395.0</ele><time>2025-07-27T02:36:45Z</time></trkpt><trkpt lat="48.478105" lon="-121.069313"><ele>1396.0</ele><time>2025-07-27T02:36:48Z</time></trkpt><trkpt lat="48.47804" lon="-121.069332"><ele>1396.0</ele><time>2025-07-27T02:36:55Z</time></trkpt><trkpt lat="48.47796" lon="-121.069325"><ele>1397.5</ele><time>2025-07-27T02:36:57Z</time></trkpt><trkpt lat="48.477981" lon="-121.069282"><ele>1397.0</ele><time>2025-07-27T02:37:00Z</time></trkpt><trkpt lat="48.477942" lon="-121.069307"><ele>1393.0</ele><time>2025-07-27T02:37:06Z</time></trkpt><trkpt lat="48.47791" lon="-121.069298"><ele>1395.0</ele><time>2025-07-27T02:37:11Z</time></trkpt><trkpt lat="48.477859" lon="-121.069351"><ele>1394.0</ele><time>2025-07-27T02:37:17Z</time></trkpt><trkpt lat="48.477787" lon="-121.069353"><ele>1397.4</ele><time>2025-07-27T02:37:25Z</time></trkpt><trkpt lat="48.477725" lon="-121.069271"><ele>1392.0</ele><time>2025-07-27T02:37:32Z</time></trkpt><trkpt lat="48.477698" lon="-121.06926"><ele>1394.0</ele><time>2025-07-27T02:37:37Z</time></trkpt><trkpt lat="48.477663" lon="-121.069288"><ele>1395.5</ele><time>2025-07-27T02:37:40Z</time></trkpt><trkpt lat="48.477615" lon="-121.069198"><ele>1394.0</ele><time>2025-07-27T02:37:48Z</time></trkpt><trkpt lat="48.477594" lon="-121.069233"><ele>1396.0</ele><time>2025-07-27T02:37:51Z</time></trkpt><trkpt lat="48.477553" lon="-121.069248"><ele>1394.0</ele><time>2025-07-27T02:37:55Z</time></trkpt><trkpt lat="48.477571" lon="-121.069286"><ele>1391.0</ele><time>2025-07-27T02:37:59Z</time></trkpt><trkpt lat="48.477647" lon="-121.069281"><ele>1387.0</ele><time>2025-07-27T02:38:03Z</time></trkpt><trkpt lat="48.477676" lon="-121.069299"><ele>1386.0</ele><time>2025-07-27T02:38:05Z</time></trkpt><trkpt lat="48.477741" lon="-121.069385"><ele>1383.0</ele><time>2025-07-27T02:38:14Z</time></trkpt><trkpt lat="48.477823" lon="-121.069444"><ele>1384.0</ele><time>2025-07-27T02:38:23Z</time></trkpt><trkpt lat="48.477936" lon="-121.069447"><ele>1380.0</ele><time>2025-07-27T02:38:33Z</time></trkpt><trkpt lat="48.477957" lon="-121.069488"><ele>1376.0</ele><time>2025-07-27T02:38:38Z</time></trkpt><trkpt lat="48.477946" lon="-121.069521"><ele>1377.0</ele><time>2025-07-27T02:38:42Z</time></trkpt><trkpt lat="48.477972" lon="-121.069605"><ele>1376.0</ele><time>2025-07-27T02:38:48Z</time></trkpt><trkpt lat="48.477987" lon="-121.069641"><ele>1377.0</ele><time>2025-07-27T02:38:52Z</time></trkpt><trkpt lat="48.478019" lon="-121.069671"><ele>1378.0</ele><time>2025-07-27T02:38:55Z</time></trkpt><trkpt lat="48.478112" lon="-121.069673"><ele>1377.0</ele><time>2025-07-27T02:39:02Z</time></trkpt><trkpt lat="48.478141" lon="-121.069683"><ele>1377.0</ele><time>2025-07-27T02:39:05Z</time></trkpt><trkpt lat="48.478167" lon="-121.069639"><ele>1376.0</ele><time>2025-07-27T02:39:09Z</time></trkpt><trkpt lat="48.478233" lon="-121.069785"><ele>1374.0</ele><time>2025-07-27T02:39:23Z</time></trkpt><trkpt lat="48.478214" lon="-121.069873"><ele>1375.0</ele><time>2025-07-27T02:39:28Z</time></trkpt><trkpt lat="48.478192" lon="-121.069905"><ele>1374.0</ele><time>2025-07-27T02:39:32Z</time></trkpt><trkpt lat="48.478136" lon="-121.069941"><ele>1372.0</ele><time>2025-07-27T02:39:39Z</time></trkpt><trkpt lat="48.478119" lon="-121.069982"><ele>1375.0</ele><time>2025-07-27T02:39:43Z</time></trkpt><trkpt lat="48.478083" lon="-121.069989"><ele>1374.0</ele><time>2025-07-27T02:39:46Z</time></trkpt><trkpt lat="48.478024" lon="-121.069891"><ele>1370.0</ele><time>2025-07-27T02:39:56Z</time></trkpt><trkpt lat="48.477988" lon="-121.069874"><ele>1372.0</ele><time>2025-07-27T02:40:00Z</time></trkpt><trkpt lat="48.477889" lon="-121.069783"><ele>1372.0</ele><time>2025-07-27T02:40:11Z</time></trkpt><trkpt lat="48.477851" lon="-121.069768"><ele>1371.0</ele><time>2025-07-27T02:40:16Z</time></trkpt><trkpt lat="48.477822" lon="-121.069785"><ele>1372.0</ele><time>2025-07-27T02:40:20Z</time></trkpt><trkpt lat="48.477789" lon="-121.069788"><ele>1372.0</ele><time>2025-07-27T02:40:22Z</time></trkpt><trkpt lat="48.477752" lon="-121.069817"><ele>1373.0</ele><time>2025-07-27T02:40:26Z</time></trkpt><trkpt lat="48.477688" lon="-121.069745"><ele>1373.0</ele><time>2025-07-27T02:40:33Z</time></trkpt><trkpt lat="48.477673" lon="-121.069705"><ele>1370.0</ele><time>2025-07-27T02:40:38Z</time></trkpt><trkpt lat="48.477601" lon="-121.069758"><ele>1367.0</ele><time>2025-07-27T02:40:46Z</time></trkpt><trkpt lat="48.477606" lon="-121.069801"><ele>1366.0</ele><time>2025-07-27T02:40:51Z</time></trkpt><trkpt lat="48.477577" lon="-121.069837"><ele>1364.0</ele><time>2025-07-27T02:40:55Z</time></trkpt><trkpt lat="48.477485" lon="-121.069829"><ele>1364.0</ele><time>2025-07-27T02:41:05Z</time></trkpt><trkpt lat="48.477434" lon="-121.069813"><ele>1365.0</ele><time>2025-07-27T02:41:12Z</time></trkpt><trkpt lat="48.477349" lon="-121.069736"><ele>1368.0</ele><time>2025-07-27T02:41:25Z</time></trkpt><trkpt lat="48.477376" lon="-121.069685"><ele>1366.0</ele><time>2025-07-27T02:41:29Z</time></trkpt><trkpt lat="48.47743" lon="-121.069743"><ele>1360.0</ele><time>2025-07-27T02:41:39Z</time></trkpt><trkpt lat="48.477446" lon="-121.069783"><ele>1364.7</ele><time>2025-07-27T02:41:47Z</time></trkpt><trkpt lat="48.47736" lon="-121.069814"><ele>1361.0</ele><time>2025-07-27T02:41:53Z</time></trkpt><trkpt lat="48.477403" lon="-121.069835"><ele>1360.0</ele><time>2025-07-27T02:42:00Z</time></trkpt><trkpt lat="48.477405" lon="-121.069934"><ele>1360.0</ele><time>2025-07-27T02:42:05Z</time></trkpt><trkpt lat="48.477375" lon="-121.069947"><ele>1359.0</ele><time>2025-07-27T02:42:08Z</time></trkpt><trkpt lat="48.477344" lon="-121.069998"><ele>1359.1</ele><time>2025-07-27T02:42:10Z</time></trkpt><trkpt lat="48.477379" lon="-121.070034"><ele>1357.0</ele><time>2025-07-27T02:42:11Z</time></trkpt><trkpt lat="48.477441" lon="-121.07005"><ele>1356.0</ele><time>2025-07-27T02:42:16Z</time></trkpt><trkpt lat="48.477506" lon="-121.070118"><ele>1356.0</ele><time>2025-07-27T02:42:27Z</time></trkpt><trkpt lat="48.477467" lon="-121.070156"><ele>1353.0</ele><time>2025-07-27T02:42:41Z</time></trkpt><trkpt lat="48.477501" lon="-121.07011"><ele>1354.0</ele><time>2025-07-27T02:43:23Z</time></trkpt><trkpt lat="48.477508" lon="-121.07014"><ele>1354.0</ele><time>2025-07-27T02:43:27Z</time></trkpt><trkpt lat="48.477498" lon="-121.070186"><ele>1356.1</ele><time>2025-07-27T02:43:30Z</time></trkpt><trkpt lat="48.477528" lon="-121.070159"><ele>1356.0</ele><time>2025-07-27T02:43:40Z</time></trkpt><trkpt lat="48.477516" lon="-121.070058"><ele>1355.4</ele><time>2025-07-27T02:44:08Z</time></trkpt><trkpt lat="48.477521" lon="-121.070027"><ele>1356.0</ele><time>2025-07-27T02:44:12Z</time></trkpt><trkpt lat="48.477594" lon="-121.070057"><ele>1352.8</ele><time>2025-07-27T02:44:44Z</time></trkpt><trkpt lat="48.477576" lon="-121.07003"><ele>1352.7</ele><time>2025-07-27T02:44:46Z</time></trkpt><trkpt lat="48.477722" lon="-121.070013"><ele>1346.0</ele><time>2025-07-27T02:45:02Z</time></trkpt><trkpt lat="48.47777" lon="-121.070023"><ele>1348.0</ele><time>2025-07-27T02:45:12Z</time></trkpt><trkpt lat="48.477776" lon="-121.070066"><ele>1347.0</ele><time>2025-07-27T02:45:15Z</time></trkpt><trkpt lat="48.47781" lon="-121.070138"><ele>1350.0</ele><time>2025-07-27T02:45:21Z</time></trkpt><trkpt lat="48.477817" lon="-121.070186"><ele>1350.0</ele><time>2025-07-27T02:45:25Z</time></trkpt><trkpt lat="48.477828" lon="-121.070158"><ele>1350.0</ele><time>2025-07-27T02:45:30Z</time></trkpt><trkpt lat="48.477914" lon="-121.070223"><ele>1351.0</ele><time>2025-07-27T02:45:40Z</time></trkpt><trkpt lat="48.477916" lon="-121.070283"><ele>1354.9</ele><time>2025-07-27T02:45:44Z</time></trkpt><trkpt lat="48.477941" lon="-121.070238"><ele>1354.6</ele><time>2025-07-27T02:45:45Z</time></trkpt><trkpt lat="48.477953" lon="-121.070273"><ele>1353.0</ele><time>2025-07-27T02:45:46Z</time></trkpt><trkpt lat="48.477986" lon="-121.070298"><ele>1352.0</ele><time>2025-07-27T02:45:49Z</time></trkpt><trkpt lat="48.477967" lon="-121.070365"><ele>1351.0</ele><time>2025-07-27T02:45:52Z</time></trkpt><trkpt lat="48.478012" lon="-121.070358"><ele>1352.0</ele><time>2025-07-27T02:45:54Z</time></trkpt><trkpt lat="48.47803" lon="-121.070383"><ele>1352.0</ele><time>2025-07-27T02:45:57Z</time></trkpt><trkpt lat="48.478041" lon="-121.070424"><ele>1350.0</ele><time>2025-07-27T02:46:01Z</time></trkpt><trkpt lat="48.47802" lon="-121.070399"><ele>1350.0</ele><time>2025-07-27T02:46:06Z</time></trkpt><trkpt lat="48.477976" lon="-121.070417"><ele>1350.4</ele><time>2025-07-27T02:46:08Z</time></trkpt><trkpt lat="48.477957" lon="-121.070384"><ele>1350.0</ele><time>2025-07-27T02:46:09Z</time></trkpt><trkpt lat="48.477938" lon="-121.070299"><ele>1350.0</ele><time>2025-07-27T02:46:12Z</time></trkpt><trkpt lat="48.477902" lon="-121.070247"><ele>1352.0</ele><time>2025-07-27T02:46:15Z</time></trkpt><trkpt lat="48.477821" lon="-121.070294"><ele>1353.0</ele><time>2025-07-27T02:46:23Z</time></trkpt><trkpt lat="48.477761" lon="-121.070302"><ele>1353.0</ele><time>2025-07-27T02:46:28Z</time></trkpt><trkpt lat="48.477677" lon="-121.070349"><ele>1353.0</ele><time>2025-07-27T02:46:39Z</time></trkpt><trkpt lat="48.477628" lon="-121.070341"><ele>1355.0</ele><time>2025-07-27T02:46:42Z</time></trkpt><trkpt lat="48.477576" lon="-121.070373"><ele>1353.0</ele><time>2025-07-27T02:46:48Z</time></trkpt><trkpt lat="48.477501" lon="-121.070488"><ele>1351.0</ele><time>2025-07-27T02:46:58Z</time></trkpt><trkpt lat="48.477497" lon="-121.070523"><ele>1348.0</ele><time>2025-07-27T02:47:02Z</time></trkpt><trkpt lat="48.477521" lon="-121.070508"><ele>1347.0</ele><time>2025-07-27T02:47:07Z</time></trkpt><trkpt lat="48.477561" lon="-121.07053"><ele>1346.0</ele><time>2025-07-27T02:47:17Z</time></trkpt><trkpt lat="48.477567" lon="-121.070492"><ele>1344.0</ele><time>2025-07-27T02:47:27Z</time></trkpt><trkpt lat="48.477586" lon="-121.070523"><ele>1345.0</ele><time>2025-07-27T02:47:32Z</time></trkpt><trkpt lat="48.477629" lon="-121.070508"><ele>1344.0</ele><time>2025-07-27T02:47:34Z</time></trkpt><trkpt lat="48.477651" lon="-121.070544"><ele>1343.0</ele><time>2025-07-27T02:47:39Z</time></trkpt><trkpt lat="48.477674" lon="-121.070513"><ele>1342.0</ele><time>2025-07-27T02:47:43Z</time></trkpt><trkpt lat="48.477703" lon="-121.070503"><ele>1333.0</ele><time>2025-07-27T02:47:50Z</time></trkpt><trkpt lat="48.47774" lon="-121.070557"><ele>1338.0</ele><time>2025-07-27T02:47:59Z</time></trkpt><trkpt lat="48.477748" lon="-121.070599"><ele>1336.0</ele><time>2025-07-27T02:48:02Z</time></trkpt><trkpt lat="48.477781" lon="-121.070547"><ele>1338.2</ele><time>2025-07-27T02:48:08Z</time></trkpt><trkpt lat="48.477817" lon="-121.070594"><ele>1338.0</ele><time>2025-07-27T02:48:09Z</time></trkpt><trkpt lat="48.477831" lon="-121.070637"><ele>1336.6</ele><time>2025-07-27T02:48:11Z</time></trkpt><trkpt lat="48.477861" lon="-121.070595"><ele>1336.9</ele><time>2025-07-27T02:48:12Z</time></trkpt><trkpt lat="48.477901" lon="-121.070562"><ele>1330.0</ele><time>2025-07-27T02:48:23Z</time></trkpt><trkpt lat="48.477941" lon="-121.070627"><ele>1332.0</ele><time>2025-07-27T02:48:34Z</time></trkpt><trkpt lat="48.477969" lon="-121.070651"><ele>1332.0</ele><time>2025-07-27T02:48:37Z</time></trkpt><trkpt lat="48.477978" lon="-121.070703"><ele>1329.0</ele><time>2025-07-27T02:48:40Z</time></trkpt><trkpt lat="48.47805" lon="-121.070826"><ele>1332.0</ele><time>2025-07-27T02:48:52Z</time></trkpt><trkpt lat="48.478086" lon="-121.070867"><ele>1332.0</ele><time>2025-07-27T02:48:56Z</time></trkpt><trkpt lat="48.478117" lon="-121.070887"><ele>1332.0</ele><time>2025-07-27T02:49:01Z</time></trkpt><trkpt lat="48.47817" lon="-121.070839"><ele>1328.0</ele><time>2025-07-27T02:49:07Z</time></trkpt><trkpt lat="48.478234" lon="-121.07086"><ele>1328.0</ele><time>2025-07-27T02:49:13Z</time></trkpt><trkpt lat="48.478296" lon="-121.070846"><ele>1330.8</ele><time>2025-07-27T02:49:17Z</time></trkpt><trkpt lat="48.478309" lon="-121.070925"><ele>1331.3</ele><time>2025-07-27T02:49:18Z</time></trkpt><trkpt lat="48.478342" lon="-121.070894"><ele>1330.9</ele><time>2025-07-27T02:49:19Z</time></trkpt><trkpt lat="48.478398" lon="-121.070878"><ele>1329.0</ele><time>2025-07-27T02:49:30Z</time></trkpt><trkpt lat="48.478422" lon="-121.070897"><ele>1328.0</ele><time>2025-07-27T02:49:33Z</time></trkpt><trkpt lat="48.478412" lon="-121.070976"><ele>1328.0</ele><time>2025-07-27T02:49:37Z</time></trkpt><trkpt lat="48.47842" lon="-121.071119"><ele>1323.0</ele><time>2025-07-27T02:49:52Z</time></trkpt><trkpt lat="48.478441" lon="-121.071163"><ele>1323.0</ele><time>2025-07-27T02:49:57Z</time></trkpt><trkpt lat="48.478479" lon="-121.0712"><ele>1323.0</ele><time>2025-07-27T02:50:01Z</time></trkpt><trkpt lat="48.47854" lon="-121.071215"><ele>1322.0</ele><time>2025-07-27T02:50:06Z</time></trkpt><trkpt lat="48.478588" lon="-121.071201"><ele>1323.8</ele><time>2025-07-27T02:50:08Z</time></trkpt><trkpt lat="48.478639" lon="-121.071232"><ele>1322.0</ele><time>2025-07-27T02:50:13Z</time></trkpt><trkpt lat="48.478681" lon="-121.071216"><ele>1320.0</ele><time>2025-07-27T02:50:16Z</time></trkpt><trkpt lat="48.478629" lon="-121.071235"><ele>1320.0</ele><time>2025-07-27T02:50:20Z</time></trkpt><trkpt lat="48.478594" lon="-121.071172"><ele>1319.0</ele><time>2025-07-27T02:50:23Z</time></trkpt><trkpt lat="48.478548" lon="-121.071177"><ele>1321.9</ele><time>2025-07-27T02:50:25Z</time></trkpt><trkpt lat="48.478578" lon="-121.071179"><ele>1318.0</ele><time>2025-07-27T02:50:28Z</time></trkpt><trkpt lat="48.478544" lon="-121.071133"><ele>1318.0</ele><time>2025-07-27T02:50:32Z</time></trkpt><trkpt lat="48.478516" lon="-121.07112"><ele>1317.0</ele><time>2025-07-27T02:50:36Z</time></trkpt><trkpt lat="48.478497" lon="-121.071146"><ele>1319.1</ele><time>2025-07-27T02:50:38Z</time></trkpt><trkpt lat="48.478471" lon="-121.071104"><ele>1320.0</ele><time>2025-07-27T02:50:40Z</time></trkpt><trkpt lat="48.478409" lon="-121.071107"><ele>1320.0</ele><time>2025-07-27T02:50:49Z</time></trkpt><trkpt lat="48.478345" lon="-121.071067"><ele>1320.0</ele><time>2025-07-27T02:50:58Z</time></trkpt><trkpt lat="48.478261" lon="-121.071057"><ele>1320.0</ele><time>2025-07-27T02:51:04Z</time></trkpt><trkpt lat="48.478232" lon="-121.071007"><ele>1322.0</ele><time>2025-07-27T02:51:08Z</time></trkpt><trkpt lat="48.478203" lon="-121.070978"><ele>1322.0</ele><time>2025-07-27T02:51:09Z</time></trkpt><trkpt lat="48.478199" lon="-121.071015"><ele>1317.0</ele><time>2025-07-27T02:51:13Z</time></trkpt><trkpt lat="48.478145" lon="-121.071094"><ele>1323.0</ele><time>2025-07-27T02:51:19Z</time></trkpt><trkpt lat="48.478124" lon="-121.071043"><ele>1323.0</ele><time>2025-07-27T02:51:24Z</time></trkpt><trkpt lat="48.478071" lon="-121.071065"><ele>1323.0</ele><time>2025-07-27T02:51:27Z</time></trkpt><trkpt lat="48.477994" lon="-121.071036"><ele>1320.0</ele><time>2025-07-27T02:51:35Z</time></trkpt><trkpt lat="48.477966" lon="-121.071"><ele>1322.0</ele><time>2025-07-27T02:51:38Z</time></trkpt><trkpt lat="48.477925" lon="-121.070982"><ele>1321.0</ele><time>2025-07-27T02:51:42Z</time></trkpt><trkpt lat="48.477915" lon="-121.070923"><ele>1322.9</ele><time>2025-07-27T02:51:45Z</time></trkpt><trkpt lat="48.477884" lon="-121.070915"><ele>1320.0</ele><time>2025-07-27T02:51:48Z</time></trkpt><trkpt lat="48.477885" lon="-121.070997"><ele>1323.9</ele><time>2025-07-27T02:51:51Z</time></trkpt><trkpt lat="48.477853" lon="-121.071066"><ele>1321.0</ele><time>2025-07-27T02:51:58Z</time></trkpt><trkpt lat="48.477823" lon="-121.071075"><ele>1320.0</ele><time>2025-07-27T02:52:03Z</time></trkpt><trkpt lat="48.477789" lon="-121.071054"><ele>1320.0</ele><time>2025-07-27T02:52:06Z</time></trkpt><trkpt lat="48.477728" lon="-121.071082"><ele>1319.0</ele><time>2025-07-27T02:52:13Z</time></trkpt><trkpt lat="48.477671" lon="-121.071064"><ele>1320.0</ele><time>2025-07-27T02:52:19Z</time></trkpt><trkpt lat="48.47765" lon="-121.071106"><ele>1320.0</ele><time>2025-07-27T02:52:22Z</time></trkpt><trkpt lat="48.477589" lon="-121.071147"><ele>1320.0</ele><time>2025-07-27T02:52:27Z</time></trkpt><trkpt lat="48.477572" lon="-121.071175"><ele>1318.0</ele><time>2025-07-27T02:52:30Z</time></trkpt><trkpt lat="48.477525" lon="-121.071156"><ele>1319.0</ele><time>2025-07-27T02:52:35Z</time></trkpt><trkpt lat="48.47746" lon="-121.071166"><ele>1319.0</ele><time>2025-07-27T02:52:41Z</time></trkpt><trkpt lat="48.477391" lon="-121.071095"><ele>1318.0</ele><time>2025-07-27T02:52:50Z</time></trkpt><trkpt lat="48.477337" lon="-121.070984"><ele>1315.0</ele><time>2025-07-27T02:52:58Z</time></trkpt><trkpt lat="48.477268" lon="-121.070981"><ele>1315.0</ele><time>2025-07-27T02:53:05Z</time></trkpt><trkpt lat="48.47724" lon="-121.070956"><ele>1317.0</ele><time>2025-07-27T02:53:08Z</time></trkpt><trkpt lat="48.47721" lon="-121.070871"><ele>1316.0</ele><time>2025-07-27T02:53:16Z</time></trkpt><trkpt lat="48.477161" lon="-121.070796"><ele>1313.0</ele><time>2025-07-27T02:53:26Z</time></trkpt><trkpt lat="48.477205" lon="-121.070784"><ele>1301.0</ele><time>2025-07-27T02:53:38Z</time></trkpt><trkpt lat="48.477227" lon="-121.070828"><ele>1303.0</ele><time>2025-07-27T02:53:45Z</time></trkpt><trkpt lat="48.477234" lon="-121.070887"><ele>1302.0</ele><time>2025-07-27T02:53:49Z</time></trkpt><trkpt lat="48.477264" lon="-121.070923"><ele>1302.0</ele><time>2025-07-27T02:53:52Z</time></trkpt><trkpt lat="48.477323" lon="-121.070965"><ele>1304.0</ele><time>2025-07-27T02:53:58Z</time></trkpt><trkpt lat="48.477336" lon="-121.071036"><ele>1304.0</ele><time>2025-07-27T02:54:05Z</time></trkpt><trkpt lat="48.477332" lon="-121.070985"><ele>1298.0</ele><time>2025-07-27T02:54:24Z</time></trkpt><trkpt lat="48.477287" lon="-121.070992"><ele>1296.0</ele><time>2025-07-27T02:54:51Z</time></trkpt><trkpt lat="48.477347" lon="-121.070926"><ele>1302.0</ele><time>2025-07-27T02:55:03Z</time></trkpt><trkpt lat="48.47743" lon="-121.070904"><ele>1302.5</ele><time>2025-07-27T02:55:06Z</time></trkpt><trkpt lat="48.477387" lon="-121.071263"><ele>1306.1</ele><time>2025-07-27T02:55:26Z</time></trkpt><trkpt lat="48.477443" lon="-121.07133"><ele>1300.0</ele><time>2025-07-27T02:55:33Z</time></trkpt><trkpt lat="48.477514" lon="-121.071319"><ele>1302.0</ele><time>2025-07-27T02:55:40Z</time></trkpt><trkpt lat="48.477503" lon="-121.071357"><ele>1300.0</ele><time>2025-07-27T02:55:45Z</time></trkpt><trkpt lat="48.477609" lon="-121.071337"><ele>1302.0</ele><time>2025-07-27T02:55:52Z</time></trkpt><trkpt lat="48.47768" lon="-121.071406"><ele>1302.0</ele><time>2025-07-27T02:55:56Z</time></trkpt><trkpt lat="48.47766" lon="-121.071302"><ele>1298.0</ele><time>2025-07-27T02:56:05Z</time></trkpt><trkpt lat="48.477663" lon="-121.071347"><ele>1297.0</ele><time>2025-07-27T02:56:11Z</time></trkpt><trkpt lat="48.477739" lon="-121.071279"><ele>1297.0</ele><time>2025-07-27T02:56:14Z</time></trkpt><trkpt lat="48.477745" lon="-121.071343"><ele>1296.0</ele><time>2025-07-27T02:56:24Z</time></trkpt><trkpt lat="48.477786" lon="-121.071326"><ele>1296.0</ele><time>2025-07-27T02:56:27Z</time></trkpt><trkpt lat="48.477815" lon="-121.071351"><ele>1292.0</ele><time>2025-07-27T02:56:30Z</time></trkpt><trkpt lat="48.47785" lon="-121.071337"><ele>1288.0</ele><time>2025-07-27T02:56:36Z</time></trkpt><trkpt lat="48.477898" lon="-121.071356"><ele>1292.0</ele><time>2025-07-27T02:56:45Z</time></trkpt><trkpt lat="48.477913" lon="-121.071339"><ele>1294.0</ele><time>2025-07-27T02:56:48Z</time></trkpt><trkpt lat="48.477925" lon="-121.071366"><ele>1296.4</ele><time>2025-07-27T02:56:50Z</time></trkpt><trkpt lat="48.477999" lon="-121.071353"><ele>1296.0</ele><time>2025-07-27T02:56:56Z</time></trkpt><trkpt lat="48.478004" lon="-121.071394"><ele>1298.6</ele><time>2025-07-27T02:57:01Z</time></trkpt><trkpt lat="48.478029" lon="-121.071408"><ele>1297.0</ele><time>2025-07-27T02:57:05Z</time></trkpt><trkpt lat="48.478036" lon="-121.071342"><ele>1299.1</ele><time>2025-07-27T02:57:08Z</time></trkpt><trkpt lat="48.478078" lon="-121.071395"><ele>1299.0</ele><time>2025-07-27T02:57:14Z</time></trkpt><trkpt lat="48.478085" lon="-121.071435"><ele>1298.0</ele><time>2025-07-27T02:57:16Z</time></trkpt><trkpt lat="48.47821" lon="-121.071454"><ele>1297.4</ele><time>2025-07-27T02:57:25Z</time></trkpt><trkpt lat="48.478223" lon="-121.071485"><ele>1295.0</ele><time>2025-07-27T02:57:28Z</time></trkpt><trkpt lat="48.478249" lon="-121.071458"><ele>1294.0</ele><time>2025-07-27T02:57:34Z</time></trkpt><trkpt lat="48.478249" lon="-121.071533"><ele>1294.8</ele><time>2025-07-27T02:57:38Z</time></trkpt><trkpt lat="48.478225" lon="-121.071552"><ele>1294.0</ele><time>2025-07-27T02:57:40Z</time></trkpt><trkpt lat="48.478301" lon="-121.07156"><ele>1294.0</ele><time>2025-07-27T02:57:46Z</time></trkpt><trkpt lat="48.478281" lon="-121.071599"><ele>1294.5</ele><time>2025-07-27T02:57:47Z</time></trkpt><trkpt lat="48.478302" lon="-121.071663"><ele>1294.0</ele><time>2025-07-27T02:57:51Z</time></trkpt><trkpt lat="48.478343" lon="-121.07167"><ele>1294.9</ele><time>2025-07-27T02:57:52Z</time></trkpt><trkpt lat="48.47839" lon="-121.071711"><ele>1287.0</ele><time>2025-07-27T02:58:00Z</time></trkpt><trkpt lat="48.478426" lon="-121.071775"><ele>1290.0</ele><time>2025-07-27T02:58:11Z</time></trkpt><trkpt lat="48.478441" lon="-121.071823"><ele>1290.0</ele><time>2025-07-27T02:58:16Z</time></trkpt><trkpt lat="48.478364" lon="-121.071813"><ele>1288.0</ele><time>2025-07-27T02:58:25Z</time></trkpt><trkpt lat="48.478339" lon="-121.071753"><ele>1287.0</ele><time>2025-07-27T02:58:30Z</time></trkpt><trkpt lat="48.4783" lon="-121.071731"><ele>1286.0</ele><time>2025-07-27T02:58:42Z</time></trkpt><trkpt lat="48.47827" lon="-121.071747"><ele>1287.0</ele><time>2025-07-27T02:58:55Z</time></trkpt><trkpt lat="48.478267" lon="-121.071788"><ele>1288.0</ele><time>2025-07-27T02:59:04Z</time></trkpt><trkpt lat="48.478281" lon="-121.071743"><ele>1285.0</ele><time>2025-07-27T02:59:14Z</time></trkpt><trkpt lat="48.478192" lon="-121.071706"><ele>1286.0</ele><time>2025-07-27T02:59:22Z</time></trkpt><trkpt lat="48.478191" lon="-121.071611"><ele>1286.0</ele><time>2025-07-27T02:59:31Z</time></trkpt><trkpt lat="48.478127" lon="-121.071581"><ele>1286.0</ele><time>2025-07-27T02:59:37Z</time></trkpt><trkpt lat="48.478068" lon="-121.071515"><ele>1289.0</ele><time>2025-07-27T02:59:43Z</time></trkpt><trkpt lat="48.478034" lon="-121.071551"><ele>1291.0</ele><time>2025-07-27T02:59:47Z</time></trkpt><trkpt lat="48.478004" lon="-121.071567"><ele>1290.0</ele><time>2025-07-27T02:59:49Z</time></trkpt><trkpt lat="48.477973" lon="-121.071579"><ele>1290.0</ele><time>2025-07-27T02:59:51Z</time></trkpt><trkpt lat="48.477943" lon="-121.071564"><ele>1291.0</ele><time>2025-07-27T02:59:53Z</time></trkpt><trkpt lat="48.477909" lon="-121.07157"><ele>1292.0</ele><time>2025-07-27T02:59:56Z</time></trkpt><trkpt lat="48.477882" lon="-121.071606"><ele>1293.0</ele><time>2025-07-27T03:00:00Z</time></trkpt><trkpt lat="48.477851" lon="-121.071615"><ele>1291.0</ele><time>2025-07-27T03:00:06Z</time></trkpt><trkpt lat="48.47769" lon="-121.071817"><ele>1290.0</ele><time>2025-07-27T03:00:27Z</time></trkpt><trkpt lat="48.477646" lon="-121.071928"><ele>1286.0</ele><time>2025-07-27T03:00:38Z</time></trkpt><trkpt lat="48.47759" lon="-121.071939"><ele>1287.0</ele><time>2025-07-27T03:00:43Z</time></trkpt><trkpt lat="48.477568" lon="-121.072"><ele>1284.0</ele><time>2025-07-27T03:00:49Z</time></trkpt><trkpt lat="48.477529" lon="-121.072022"><ele>1284.5</ele><time>2025-07-27T03:00:57Z</time></trkpt><trkpt lat="48.477544" lon="-121.07205"><ele>1285.0</ele><time>2025-07-27T03:00:58Z</time></trkpt><trkpt lat="48.477548" lon="-121.072028"><ele>1282.0</ele><time>2025-07-27T03:01:01Z</time></trkpt><trkpt lat="48.477484" lon="-121.072003"><ele>1281.0</ele><time>2025-07-27T03:01:06Z</time></trkpt><trkpt lat="48.477475" lon="-121.071972"><ele>1281.0</ele><time>2025-07-27T03:01:09Z</time></trkpt><trkpt lat="48.477491" lon="-121.071917"><ele>1280.0</ele><time>2025-07-27T03:01:12Z</time></trkpt><trkpt lat="48.477439" lon="-121.071821"><ele>1280.0</ele><time>2025-07-27T03:01:19Z</time></trkpt><trkpt lat="48.477414" lon="-121.071741"><ele>1278.0</ele><time>2025-07-27T03:01:23Z</time></trkpt><trkpt lat="48.477381" lon="-121.071716"><ele>1278.0</ele><time>2025-07-27T03:01:26Z</time></trkpt><trkpt lat="48.477305" lon="-121.07172"><ele>1280.0</ele><time>2025-07-27T03:01:34Z</time></trkpt><trkpt lat="48.477213" lon="-121.071646"><ele>1281.0</ele><time>2025-07-27T03:01:46Z</time></trkpt><trkpt lat="48.47716" lon="-121.071677"><ele>1279.1</ele><time>2025-07-27T03:01:52Z</time></trkpt><trkpt lat="48.477064" lon="-121.071577"><ele>1277.0</ele><time>2025-07-27T03:02:08Z</time></trkpt><trkpt lat="48.476996" lon="-121.071557"><ele>1276.0</ele><time>2025-07-27T03:02:16Z</time></trkpt><trkpt lat="48.476934" lon="-121.071451"><ele>1277.0</ele><time>2025-07-27T03:02:24Z</time></trkpt><trkpt lat="48.476926" lon="-121.07142"><ele>1279.0</ele><time>2025-07-27T03:02:26Z</time></trkpt><trkpt lat="48.476911" lon="-121.071446"><ele>1278.0</ele><time>2025-07-27T03:02:29Z</time></trkpt><trkpt lat="48.476895" lon="-121.071354"><ele>1276.0</ele><time>2025-07-27T03:02:36Z</time></trkpt><trkpt lat="48.476857" lon="-121.071336"><ele>1276.0</ele><time>2025-07-27T03:02:44Z</time></trkpt><trkpt lat="48.476871" lon="-121.071376"><ele>1274.0</ele><time>2025-07-27T03:02:56Z</time></trkpt><trkpt lat="48.476877" lon="-121.071333"><ele>1275.0</ele><time>2025-07-27T03:03:02Z</time></trkpt><trkpt lat="48.476902" lon="-121.071398"><ele>1273.0</ele><time>2025-07-27T03:03:07Z</time></trkpt><trkpt lat="48.476938" lon="-121.071381"><ele>1273.8</ele><time>2025-07-27T03:03:14Z</time></trkpt><trkpt lat="48.476913" lon="-121.071399"><ele>1266.0</ele><time>2025-07-27T03:03:21Z</time></trkpt><trkpt lat="48.476885" lon="-121.071362"><ele>1270.0</ele><time>2025-07-27T03:03:27Z</time></trkpt><trkpt lat="48.476915" lon="-121.071309"><ele>1269.0</ele><time>2025-07-27T03:03:29Z</time></trkpt><trkpt lat="48.47684" lon="-121.071373"><ele>1272.0</ele><time>2025-07-27T03:03:40Z</time></trkpt><trkpt lat="48.47676" lon="-121.071293"><ele>1273.0</ele><time>2025-07-27T03:03:48Z</time></trkpt><trkpt lat="48.476773" lon="-121.071361"><ele>1272.0</ele><time>2025-07-27T03:03:54Z</time></trkpt><trkpt lat="48.476788" lon="-121.071317"><ele>1273.5</ele><time>2025-07-27T03:04:01Z</time></trkpt><trkpt lat="48.476777" lon="-121.071276"><ele>1267.0</ele><time>2025-07-27T03:04:09Z</time></trkpt><trkpt lat="48.476804" lon="-121.071242"><ele>1267.0</ele><time>2025-07-27T03:04:17Z</time></trkpt><trkpt lat="48.476766" lon="-121.071268"><ele>1265.0</ele><time>2025-07-27T03:04:39Z</time></trkpt><trkpt lat="48.476784" lon="-121.071206"><ele>1268.0</ele><time>2025-07-27T03:04:42Z</time></trkpt><trkpt lat="48.47678" lon="-121.071245"><ele>1268.2</ele><time>2025-07-27T03:04:44Z</time></trkpt><trkpt lat="48.476794" lon="-121.071311"><ele>1266.0</ele><time>2025-07-27T03:04:47Z</time></trkpt><trkpt lat="48.476789" lon="-121.071279"><ele>1267.0</ele><time>2025-07-27T03:04:53Z</time></trkpt><trkpt lat="48.476775" lon="-121.0713"><ele>1266.0</ele><time>2025-07-27T03:05:01Z</time></trkpt><trkpt lat="48.476804" lon="-121.071309"><ele>1267.0</ele><time>2025-07-27T03:05:05Z</time></trkpt><trkpt lat="48.476816" lon="-121.071348"><ele>1268.2</ele><time>2025-07-27T03:05:07Z</time></trkpt><trkpt lat="48.476846" lon="-121.071321"><ele>1266.0</ele><time>2025-07-27T03:05:09Z</time></trkpt><trkpt lat="48.476868" lon="-121.071392"><ele>1268.0</ele><time>2025-07-27T03:05:14Z</time></trkpt><trkpt lat="48.476856" lon="-121.071427"><ele>1268.0</ele><time>2025-07-27T03:05:17Z</time></trkpt><trkpt lat="48.47687" lon="-121.071461"><ele>1269.0</ele><time>2025-07-27T03:05:19Z</time></trkpt><trkpt lat="48.476861" lon="-121.071408"><ele>1272.0</ele><time>2025-07-27T03:05:24Z</time></trkpt><trkpt lat="48.476797" lon="-121.071518"><ele>1279.0</ele><time>2025-07-27T03:05:35Z</time></trkpt><trkpt lat="48.476768" lon="-121.071492"><ele>1280.0</ele><time>2025-07-27T03:05:40Z</time></trkpt><trkpt lat="48.476775" lon="-121.071434"><ele>1279.0</ele><time>2025-07-27T03:06:22Z</time></trkpt><trkpt lat="48.476806" lon="-121.071362"><ele>1277.9</ele><time>2025-07-27T03:06:41Z</time></trkpt><trkpt lat="48.476849" lon="-121.071356"><ele>1275.7</ele><time>2025-07-27T03:06:54Z</time></trkpt><trkpt lat="48.476861" lon="-121.071405"><ele>1272.0</ele><time>2025-07-27T03:07:10Z</time></trkpt><trkpt lat="48.4769" lon="-121.071393"><ele>1273.1</ele><time>2025-07-27T03:07:16Z</time></trkpt><trkpt lat="48.476904" lon="-121.071347"><ele>1272.0</ele><time>2025-07-27T03:07:21Z</time></trkpt><trkpt lat="48.476882" lon="-121.071374"><ele>1266.0</ele><time>2025-07-27T03:07:35Z</time></trkpt><trkpt lat="48.477008" lon="-121.07155"><ele>1268.0</ele><time>2025-07-27T03:08:18Z</time></trkpt><trkpt lat="48.477074" lon="-121.071669"><ele>1266.0</ele><time>2025-07-27T03:08:26Z</time></trkpt><trkpt lat="48.477111" lon="-121.071787"><ele>1262.0</ele><time>2025-07-27T03:08:42Z</time></trkpt><trkpt lat="48.477082" lon="-121.071703"><ele>1263.0</ele><time>2025-07-27T03:08:52Z</time></trkpt><trkpt lat="48.477034" lon="-121.071661"><ele>1266.0</ele><time>2025-07-27T03:08:56Z</time></trkpt><trkpt lat="48.476992" lon="-121.071601"><ele>1266.0</ele><time>2025-07-27T03:09:03Z</time></trkpt><trkpt lat="48.476984" lon="-121.071656"><ele>1269.0</ele><time>2025-07-27T03:09:12Z</time></trkpt><trkpt lat="48.476955" lon="-121.071604"><ele>1266.0</ele><time>2025-07-27T03:09:18Z</time></trkpt><trkpt lat="48.476962" lon="-121.071647"><ele>1267.0</ele><time>2025-07-27T03:09:37Z</time></trkpt><trkpt lat="48.476913" lon="-121.071558"><ele>1266.0</ele><time>2025-07-27T03:09:46Z</time></trkpt><trkpt lat="48.476896" lon="-121.071461"><ele>1266.0</ele><time>2025-07-27T03:09:52Z</time></trkpt><trkpt lat="48.476825" lon="-121.07144"><ele>1264.0</ele><time>2025-07-27T03:09:58Z</time></trkpt><trkpt lat="48.476803" lon="-121.07141"><ele>1264.0</ele><time>2025-07-27T03:10:02Z</time></trkpt><trkpt lat="48.476776" lon="-121.071431"><ele>1264.0</ele><time>2025-07-27T03:10:05Z</time></trkpt><trkpt lat="48.476797" lon="-121.071473"><ele>1261.0</ele><time>2025-07-27T03:10:07Z</time></trkpt><trkpt lat="48.476834" lon="-121.071488"><ele>1260.0</ele><time>2025-07-27T03:10:10Z</time></trkpt><trkpt lat="48.476856" lon="-121.07152"><ele>1260.0</ele><time>2025-07-27T03:10:13Z</time></trkpt><trkpt lat="48.476955" lon="-121.071737"><ele>1259.0</ele><time>2025-07-27T03:10:30Z</time></trkpt><trkpt lat="48.477004" lon="-121.071824"><ele>1261.0</ele><time>2025-07-27T03:10:37Z</time></trkpt><trkpt lat="48.477051" lon="-121.071881"><ele>1260.0</ele><time>2025-07-27T03:10:42Z</time></trkpt><trkpt lat="48.477162" lon="-121.071993"><ele>1258.0</ele><time>2025-07-27T03:10:58Z</time></trkpt><trkpt lat="48.477214" lon="-121.072009"><ele>1255.0</ele><time>2025-07-27T03:11:02Z</time></trkpt><trkpt lat="48.477255" lon="-121.071974"><ele>1256.0</ele><time>2025-07-27T03:11:05Z</time></trkpt><trkpt lat="48.477275" lon="-121.072009"><ele>1257.0</ele><time>2025-07-27T03:11:07Z</time></trkpt><trkpt lat="48.477271" lon="-121.072036"><ele>1254.0</ele><time>2025-07-27T03:11:09Z</time></trkpt><trkpt lat="48.477282" lon="-121.072087"><ele>1255.4</ele><time>2025-07-27T03:11:11Z</time></trkpt><trkpt lat="48.477266" lon="-121.07213"><ele>1254.0</ele><time>2025-07-27T03:11:13Z</time></trkpt><trkpt lat="48.477207" lon="-121.072106"><ele>1254.0</ele><time>2025-07-27T03:11:22Z</time></trkpt><trkpt lat="48.477174" lon="-121.07213"><ele>1254.0</ele><time>2025-07-27T03:11:24Z</time></trkpt><trkpt lat="48.477162" lon="-121.072039"><ele>1254.0</ele><time>2025-07-27T03:11:27Z</time></trkpt><trkpt lat="48.477109" lon="-121.071992"><ele>1253.0</ele><time>2025-07-27T03:11:32Z</time></trkpt><trkpt lat="48.47703" lon="-121.0719"><ele>1254.0</ele><time>2025-07-27T03:11:42Z</time></trkpt><trkpt lat="48.476988" lon="-121.071924"><ele>1256.0</ele><time>2025-07-27T03:11:46Z</time></trkpt><trkpt lat="48.476983" lon="-121.071893"><ele>1256.4</ele><time>2025-07-27T03:11:48Z</time></trkpt><trkpt lat="48.476903" lon="-121.071836"><ele>1254.0</ele><time>2025-07-27T03:11:54Z</time></trkpt><trkpt lat="48.476866" lon="-121.071867"><ele>1256.0</ele><time>2025-07-27T03:11:56Z</time></trkpt><trkpt lat="48.476838" lon="-121.071851"><ele>1254.0</ele><time>2025-07-27T03:11:59Z</time></trkpt><trkpt lat="48.476741" lon="-121.071744"><ele>1254.0</ele><time>2025-07-27T03:12:13Z</time></trkpt><trkpt lat="48.476708" lon="-121.071683"><ele>1252.0</ele><time>2025-07-27T03:12:20Z</time></trkpt><trkpt lat="48.476651" lon="-121.071651"><ele>1254.0</ele><time>2025-07-27T03:12:23Z</time></trkpt><trkpt lat="48.476559" lon="-121.071628"><ele>1255.0</ele><time>2025-07-27T03:12:31Z</time></trkpt><trkpt lat="48.476535" lon="-121.071585"><ele>1254.0</ele><time>2025-07-27T03:12:35Z</time></trkpt><trkpt lat="48.476624" lon="-121.071629"><ele>1248.7</ele><time>2025-07-27T03:12:46Z</time></trkpt><trkpt lat="48.476632" lon="-121.071739"><ele>1245.0</ele><time>2025-07-27T03:12:57Z</time></trkpt><trkpt lat="48.476726" lon="-121.071711"><ele>1244.0</ele><time>2025-07-27T03:13:02Z</time></trkpt><trkpt lat="48.476747" lon="-121.07168"><ele>1244.9</ele><time>2025-07-27T03:13:05Z</time></trkpt><trkpt lat="48.476744" lon="-121.07164"><ele>1244.1</ele><time>2025-07-27T03:13:06Z</time></trkpt><trkpt lat="48.476714" lon="-121.071646"><ele>1239.0</ele><time>2025-07-27T03:13:10Z</time></trkpt><trkpt lat="48.476698" lon="-121.071688"><ele>1242.0</ele><time>2025-07-27T03:13:16Z</time></trkpt><trkpt lat="48.476743" lon="-121.071691"><ele>1242.0</ele><time>2025-07-27T03:13:18Z</time></trkpt><trkpt lat="48.476778" lon="-121.071786"><ele>1242.0</ele><time>2025-07-27T03:13:24Z</time></trkpt><trkpt lat="48.476758" lon="-121.071873"><ele>1243.8</ele><time>2025-07-27T03:13:27Z</time></trkpt><trkpt lat="48.476787" lon="-121.071845"><ele>1242.0</ele><time>2025-07-27T03:13:28Z</time></trkpt><trkpt lat="48.476842" lon="-121.071896"><ele>1242.0</ele><time>2025-07-27T03:13:33Z</time></trkpt><trkpt lat="48.476886" lon="-121.072012"><ele>1244.1</ele><time>2025-07-27T03:13:41Z</time></trkpt><trkpt lat="48.47692" lon="-121.072038"><ele>1242.0</ele><time>2025-07-27T03:13:45Z</time></trkpt><trkpt lat="48.476919" lon="-121.072077"><ele>1244.0</ele><time>2025-07-27T03:13:49Z</time></trkpt><trkpt lat="48.476952" lon="-121.072087"><ele>1242.0</ele><time>2025-07-27T03:13:51Z</time></trkpt><trkpt lat="48.476997" lon="-121.072144"><ele>1238.0</ele><time>2025-07-27T03:14:00Z</time></trkpt><trkpt lat="48.477056" lon="-121.072132"><ele>1240.0</ele><time>2025-07-27T03:14:05Z</time></trkpt><trkpt lat="48.477081" lon="-121.072195"><ele>1236.0</ele><time>2025-07-27T03:14:11Z</time></trkpt><trkpt lat="48.477125" lon="-121.072201"><ele>1238.0</ele><time>2025-07-27T03:14:14Z</time></trkpt><trkpt lat="48.477144" lon="-121.072225"><ele>1238.0</ele><time>2025-07-27T03:14:16Z</time></trkpt><trkpt lat="48.477146" lon="-121.072298"><ele>1238.0</ele><time>2025-07-27T03:14:21Z</time></trkpt><trkpt lat="48.477192" lon="-121.072389"><ele>1238.0</ele><time>2025-07-27T03:14:27Z</time></trkpt><trkpt lat="48.477234" lon="-121.072442"><ele>1238.9</ele><time>2025-07-27T03:14:33Z</time></trkpt><trkpt lat="48.477269" lon="-121.072444"><ele>1236.0</ele><time>2025-07-27T03:14:37Z</time></trkpt><trkpt lat="48.477273" lon="-121.072489"><ele>1236.0</ele><time>2025-07-27T03:14:41Z</time></trkpt><trkpt lat="48.477362" lon="-121.072516"><ele>1236.0</ele><time>2025-07-27T03:14:48Z</time></trkpt><trkpt lat="48.477429" lon="-121.072556"><ele>1233.0</ele><time>2025-07-27T03:14:57Z</time></trkpt><trkpt lat="48.477473" lon="-121.072646"><ele>1234.0</ele><time>2025-07-27T03:15:05Z</time></trkpt><trkpt lat="48.477505" lon="-121.072663"><ele>1232.0</ele><time>2025-07-27T03:15:08Z</time></trkpt><trkpt lat="48.477537" lon="-121.072756"><ele>1234.0</ele><time>2025-07-27T03:15:15Z</time></trkpt><trkpt lat="48.477525" lon="-121.07276"><ele>1233.0</ele><time>2025-07-27T03:15:18Z</time></trkpt><trkpt lat="48.477505" lon="-121.072722"><ele>1233.0</ele><time>2025-07-27T03:15:21Z</time></trkpt><trkpt lat="48.477388" lon="-121.072588"><ele>1233.0</ele><time>2025-07-27T03:15:33Z</time></trkpt><trkpt lat="48.477352" lon="-121.072568"><ele>1232.0</ele><time>2025-07-27T03:15:36Z</time></trkpt><trkpt lat="48.477313" lon="-121.072562"><ele>1236.0</ele><time>2025-07-27T03:15:40Z</time></trkpt><trkpt lat="48.477221" lon="-121.072494"><ele>1239.8</ele><time>2025-07-27T03:15:46Z</time></trkpt><trkpt lat="48.477114" lon="-121.072497"><ele>1235.0</ele><time>2025-07-27T03:15:57Z</time></trkpt><trkpt lat="48.47708" lon="-121.072486"><ele>1233.0</ele><time>2025-07-27T03:16:00Z</time></trkpt><trkpt lat="48.477036" lon="-121.072439"><ele>1233.0</ele><time>2025-07-27T03:16:06Z</time></trkpt><trkpt lat="48.477032" lon="-121.072404"><ele>1232.0</ele><time>2025-07-27T03:16:07Z</time></trkpt><trkpt lat="48.47699" lon="-121.072373"><ele>1233.5</ele><time>2025-07-27T03:16:11Z</time></trkpt><trkpt lat="48.476971" lon="-121.07234"><ele>1230.0</ele><time>2025-07-27T03:16:14Z</time></trkpt><trkpt lat="48.476916" lon="-121.072306"><ele>1230.0</ele><time>2025-07-27T03:16:20Z</time></trkpt><trkpt lat="48.476889" lon="-121.072278"><ele>1230.0</ele><time>2025-07-27T03:16:22Z</time></trkpt><trkpt lat="48.476881" lon="-121.072246"><ele>1227.0</ele><time>2025-07-27T03:16:25Z</time></trkpt><trkpt lat="48.476819" lon="-121.072195"><ele>1229.0</ele><time>2025-07-27T03:16:33Z</time></trkpt><trkpt lat="48.47671" lon="-121.072184"><ele>1228.0</ele><time>2025-07-27T03:16:43Z</time></trkpt><trkpt lat="48.476649" lon="-121.072162"><ele>1230.0</ele><time>2025-07-27T03:16:48Z</time></trkpt><trkpt lat="48.476561" lon="-121.072191"><ele>1230.0</ele><time>2025-07-27T03:16:57Z</time></trkpt><trkpt lat="48.476518" lon="-121.072151"><ele>1230.4</ele><time>2025-07-27T03:17:01Z</time></trkpt><trkpt lat="48.476459" lon="-121.072123"><ele>1227.0</ele><time>2025-07-27T03:17:08Z</time></trkpt><trkpt lat="48.476415" lon="-121.072051"><ele>1226.0</ele><time>2025-07-27T03:17:12Z</time></trkpt><trkpt lat="48.476399" lon="-121.072002"><ele>1224.0</ele><time>2025-07-27T03:17:15Z</time></trkpt><trkpt lat="48.476339" lon="-121.071954"><ele>1224.0</ele><time>2025-07-27T03:17:22Z</time></trkpt><trkpt lat="48.476261" lon="-121.071964"><ele>1226.0</ele><time>2025-07-27T03:17:26Z</time></trkpt><trkpt lat="48.476265" lon="-121.071994"><ele>1224.0</ele><time>2025-07-27T03:17:29Z</time></trkpt><trkpt lat="48.476336" lon="-121.072018"><ele>1222.0</ele><time>2025-07-27T03:17:33Z</time></trkpt><trkpt lat="48.476354" lon="-121.07206"><ele>1222.0</ele><time>2025-07-27T03:17:36Z</time></trkpt><trkpt lat="48.476382" lon="-121.072084"><ele>1220.0</ele><time>2025-07-27T03:17:39Z</time></trkpt><trkpt lat="48.476469" lon="-121.072112"><ele>1221.0</ele><time>2025-07-27T03:17:46Z</time></trkpt><trkpt lat="48.4765" lon="-121.072193"><ele>1219.0</ele><time>2025-07-27T03:17:51Z</time></trkpt><trkpt lat="48.476551" lon="-121.072252"><ele>1221.7</ele><time>2025-07-27T03:17:57Z</time></trkpt><trkpt lat="48.476642" lon="-121.072282"><ele>1219.0</ele><time>2025-07-27T03:18:06Z</time></trkpt><trkpt lat="48.476722" lon="-121.072272"><ele>1215.0</ele><time>2025-07-27T03:18:12Z</time></trkpt><trkpt lat="48.476759" lon="-121.072297"><ele>1215.0</ele><time>2025-07-27T03:18:16Z</time></trkpt><trkpt lat="48.476783" lon="-121.072262"><ele>1219.7</ele><time>2025-07-27T03:18:18Z</time></trkpt><trkpt lat="48.476846" lon="-121.072395"><ele>1218.0</ele><time>2025-07-27T03:18:25Z</time></trkpt><trkpt lat="48.476854" lon="-121.072436"><ele>1220.4</ele><time>2025-07-27T03:18:26Z</time></trkpt><trkpt lat="48.476883" lon="-121.072425"><ele>1221.4</ele><time>2025-07-27T03:18:27Z</time></trkpt><trkpt lat="48.47692" lon="-121.072485"><ele>1217.0</ele><time>2025-07-27T03:18:32Z</time></trkpt><trkpt lat="48.476957" lon="-121.072481"><ele>1217.0</ele><time>2025-07-27T03:18:35Z</time></trkpt><trkpt lat="48.476962" lon="-121.072556"><ele>1217.0</ele><time>2025-07-27T03:18:38Z</time></trkpt><trkpt lat="48.476988" lon="-121.07257"><ele>1215.0</ele><time>2025-07-27T03:18:40Z</time></trkpt><trkpt lat="48.477018" lon="-121.072521"><ele>1215.0</ele><time>2025-07-27T03:18:43Z</time></trkpt><trkpt lat="48.477054" lon="-121.072634"><ele>1215.0</ele><time>2025-07-27T03:18:48Z</time></trkpt><trkpt lat="48.477082" lon="-121.072682"><ele>1214.0</ele><time>2025-07-27T03:18:53Z</time></trkpt><trkpt lat="48.477115" lon="-121.072688"><ele>1213.0</ele><time>2025-07-27T03:18:55Z</time></trkpt><trkpt lat="48.477128" lon="-121.072722"><ele>1214.0</ele><time>2025-07-27T03:18:58Z</time></trkpt><trkpt lat="48.477172" lon="-121.072776"><ele>1213.0</ele><time>2025-07-27T03:19:06Z</time></trkpt><trkpt lat="48.477205" lon="-121.07278"><ele>1212.0</ele><time>2025-07-27T03:19:08Z</time></trkpt><trkpt lat="48.477269" lon="-121.072817"><ele>1212.0</ele><time>2025-07-27T03:19:15Z</time></trkpt><trkpt lat="48.47729" lon="-121.072853"><ele>1213.0</ele><time>2025-07-27T03:19:17Z</time></trkpt><trkpt lat="48.477309" lon="-121.072933"><ele>1212.0</ele><time>2025-07-27T03:19:22Z</time></trkpt><trkpt lat="48.477367" lon="-121.072973"><ele>1208.0</ele><time>2025-07-27T03:19:28Z</time></trkpt><trkpt lat="48.477427" lon="-121.073071"><ele>1206.0</ele><time>2025-07-27T03:19:36Z</time></trkpt><trkpt lat="48.477426" lon="-121.073102"><ele>1206.0</ele><time>2025-07-27T03:19:38Z</time></trkpt><trkpt lat="48.477434" lon="-121.073064"><ele>1206.0</ele><time>2025-07-27T03:19:41Z</time></trkpt><trkpt lat="48.477467" lon="-121.073075"><ele>1205.5</ele><time>2025-07-27T03:19:43Z</time></trkpt><trkpt lat="48.477465" lon="-121.07315"><ele>1208.0</ele><time>2025-07-27T03:19:44Z</time></trkpt><trkpt lat="48.477483" lon="-121.073193"><ele>1208.0</ele><time>2025-07-27T03:19:46Z</time></trkpt><trkpt lat="48.477518" lon="-121.073227"><ele>1208.4</ele><time>2025-07-27T03:19:48Z</time></trkpt><trkpt lat="48.47754" lon="-121.073206"><ele>1208.5</ele><time>2025-07-27T03:19:49Z</time></trkpt><trkpt lat="48.477567" lon="-121.073328"><ele>1207.0</ele><time>2025-07-27T03:19:55Z</time></trkpt><trkpt lat="48.477603" lon="-121.073347"><ele>1209.0</ele><time>2025-07-27T03:19:57Z</time></trkpt><trkpt lat="48.477636" lon="-121.073347"><ele>1206.0</ele><time>2025-07-27T03:19:59Z</time></trkpt><trkpt lat="48.477643" lon="-121.073416"><ele>1208.0</ele><time>2025-07-27T03:20:03Z</time></trkpt><trkpt lat="48.477702" lon="-121.073453"><ele>1204.0</ele><time>2025-07-27T03:20:09Z</time></trkpt><trkpt lat="48.477666" lon="-121.073443"><ele>1204.0</ele><time>2025-07-27T03:20:13Z</time></trkpt><trkpt lat="48.477614" lon="-121.073395"><ele>1204.0</ele><time>2025-07-27T03:20:17Z</time></trkpt><trkpt lat="48.477593" lon="-121.073356"><ele>1205.0</ele><time>2025-07-27T03:20:20Z</time></trkpt><trkpt lat="48.477548" lon="-121.073348"><ele>1200.0</ele><time>2025-07-27T03:20:26Z</time></trkpt><trkpt lat="48.477536" lon="-121.073303"><ele>1204.0</ele><time>2025-07-27T03:20:31Z</time></trkpt><trkpt lat="48.477519" lon="-121.073278"><ele>1203.0</ele><time>2025-07-27T03:20:33Z</time></trkpt><trkpt lat="48.477479" lon="-121.073271"><ele>1201.0</ele><time>2025-07-27T03:20:36Z</time></trkpt><trkpt lat="48.477438" lon="-121.073189"><ele>1202.0</ele><time>2025-07-27T03:20:41Z</time></trkpt><trkpt lat="48.477289" lon="-121.073118"><ele>1201.0</ele><time>2025-07-27T03:20:56Z</time></trkpt><trkpt lat="48.477118" lon="-121.073061"><ele>1202.0</ele><time>2025-07-27T03:21:10Z</time></trkpt><trkpt lat="48.477021" lon="-121.072973"><ele>1201.0</ele><time>2025-07-27T03:21:20Z</time></trkpt><trkpt lat="48.476964" lon="-121.072936"><ele>1203.0</ele><time>2025-07-27T03:21:25Z</time></trkpt><trkpt lat="48.476928" lon="-121.072921"><ele>1204.0</ele><time>2025-07-27T03:21:27Z</time></trkpt><trkpt lat="48.476886" lon="-121.072932"><ele>1203.0</ele><time>2025-07-27T03:21:30Z</time></trkpt><trkpt lat="48.476834" lon="-121.072878"><ele>1204.0</ele><time>2025-07-27T03:21:35Z</time></trkpt><trkpt lat="48.476818" lon="-121.072845"><ele>1203.0</ele><time>2025-07-27T03:21:38Z</time></trkpt><trkpt lat="48.47677" lon="-121.072865"><ele>1204.0</ele><time>2025-07-27T03:21:41Z</time></trkpt><trkpt lat="48.476738" lon="-121.072847"><ele>1205.0</ele><time>2025-07-27T03:21:46Z</time></trkpt><trkpt lat="48.476697" lon="-121.072837"><ele>1203.0</ele><time>2025-07-27T03:21:50Z</time></trkpt><trkpt lat="48.476663" lon="-121.07284"><ele>1204.0</ele><time>2025-07-27T03:21:53Z</time></trkpt><trkpt lat="48.476551" lon="-121.07281"><ele>1204.3</ele><time>2025-07-27T03:22:02Z</time></trkpt><trkpt lat="48.476509" lon="-121.072826"><ele>1203.0</ele><time>2025-07-27T03:22:04Z</time></trkpt><trkpt lat="48.47648" lon="-121.07287"><ele>1207.0</ele><time>2025-07-27T03:22:06Z</time></trkpt><trkpt lat="48.476436" lon="-121.072901"><ele>1207.0</ele><time>2025-07-27T03:22:10Z</time></trkpt><trkpt lat="48.476389" lon="-121.072899"><ele>1207.0</ele><time>2025-07-27T03:22:14Z</time></trkpt><trkpt lat="48.476333" lon="-121.072801"><ele>1203.0</ele><time>2025-07-27T03:22:28Z</time></trkpt><trkpt lat="48.476281" lon="-121.072774"><ele>1203.0</ele><time>2025-07-27T03:22:34Z</time></trkpt><trkpt lat="48.476224" lon="-121.072774"><ele>1200.0</ele><time>2025-07-27T03:22:40Z</time></trkpt><trkpt lat="48.476187" lon="-121.072798"><ele>1200.0</ele><time>2025-07-27T03:22:44Z</time></trkpt><trkpt lat="48.47614" lon="-121.07281"><ele>1201.0</ele><time>2025-07-27T03:22:47Z</time></trkpt><trkpt lat="48.476111" lon="-121.072803"><ele>1200.0</ele><time>2025-07-27T03:22:51Z</time></trkpt><trkpt lat="48.47603" lon="-121.07282"><ele>1197.0</ele><time>2025-07-27T03:23:00Z</time></trkpt><trkpt lat="48.475984" lon="-121.07285"><ele>1197.0</ele><time>2025-07-27T03:23:04Z</time></trkpt><trkpt lat="48.475915" lon="-121.072772"><ele>1195.0</ele><time>2025-07-27T03:23:12Z</time></trkpt><trkpt lat="48.475868" lon="-121.072787"><ele>1196.0</ele><time>2025-07-27T03:23:16Z</time></trkpt><trkpt lat="48.475797" lon="-121.072762"><ele>1194.0</ele><time>2025-07-27T03:23:24Z</time></trkpt><trkpt lat="48.475761" lon="-121.072729"><ele>1192.0</ele><time>2025-07-27T03:23:28Z</time></trkpt><trkpt lat="48.475715" lon="-121.072718"><ele>1191.0</ele><time>2025-07-27T03:23:33Z</time></trkpt><trkpt lat="48.475672" lon="-121.072685"><ele>1191.0</ele><time>2025-07-27T03:23:37Z</time></trkpt><trkpt lat="48.475604" lon="-121.072667"><ele>1191.0</ele><time>2025-07-27T03:23:43Z</time></trkpt><trkpt lat="48.475586" lon="-121.072648"><ele>1190.0</ele><time>2025-07-27T03:23:47Z</time></trkpt><trkpt lat="48.475616" lon="-121.072668"><ele>1185.0</ele><time>2025-07-27T03:23:52Z</time></trkpt><trkpt lat="48.4756" lon="-121.072716"><ele>1185.0</ele><time>2025-07-27T03:23:57Z</time></trkpt><trkpt lat="48.475632" lon="-121.072731"><ele>1184.6</ele><time>2025-07-27T03:23:59Z</time></trkpt><trkpt lat="48.475659" lon="-121.072791"><ele>1184.0</ele><time>2025-07-27T03:24:02Z</time></trkpt><trkpt lat="48.475652" lon="-121.072843"><ele>1183.0</ele><time>2025-07-27T03:24:04Z</time></trkpt><trkpt lat="48.475723" lon="-121.072933"><ele>1184.9</ele><time>2025-07-27T03:24:10Z</time></trkpt><trkpt lat="48.475779" lon="-121.072953"><ele>1181.0</ele><time>2025-07-27T03:24:15Z</time></trkpt><trkpt lat="48.47582" lon="-121.072982"><ele>1182.0</ele><time>2025-07-27T03:24:19Z</time></trkpt><trkpt lat="48.475927" lon="-121.072991"><ele>1182.0</ele><time>2025-07-27T03:24:27Z</time></trkpt><trkpt lat="48.475959" lon="-121.073058"><ele>1183.0</ele><time>2025-07-27T03:24:33Z</time></trkpt><trkpt lat="48.475981" lon="-121.073143"><ele>1184.4</ele><time>2025-07-27T03:24:36Z</time></trkpt><trkpt lat="48.475994" lon="-121.073096"><ele>1182.0</ele><time>2025-07-27T03:24:38Z</time></trkpt><trkpt lat="48.476022" lon="-121.073125"><ele>1182.0</ele><time>2025-07-27T03:24:41Z</time></trkpt><trkpt lat="48.476055" lon="-121.073102"><ele>1181.7</ele><time>2025-07-27T03:24:42Z</time></trkpt><trkpt lat="48.476086" lon="-121.073053"><ele>1180.0</ele><time>2025-07-27T03:24:47Z</time></trkpt><trkpt lat="48.476119" lon="-121.073037"><ele>1180.0</ele><time>2025-07-27T03:24:50Z</time></trkpt><trkpt lat="48.476143" lon="-121.073005"><ele>1181.0</ele><time>2025-07-27T03:24:53Z</time></trkpt><trkpt lat="48.476257" lon="-121.073042"><ele>1180.0</ele><time>2025-07-27T03:25:04Z</time></trkpt><trkpt lat="48.476269" lon="-121.073118"><ele>1176.0</ele><time>2025-07-27T03:25:13Z</time></trkpt><trkpt lat="48.476306" lon="-121.073127"><ele>1179.0</ele><time>2025-07-27T03:25:18Z</time></trkpt><trkpt lat="48.476337" lon="-121.07318"><ele>1182.8</ele><time>2025-07-27T03:25:21Z</time></trkpt><trkpt lat="48.476348" lon="-121.073137"><ele>1176.0</ele><time>2025-07-27T03:25:25Z</time></trkpt><trkpt lat="48.476383" lon="-121.073178"><ele>1180.0</ele><time>2025-07-27T03:25:30Z</time></trkpt><trkpt lat="48.476396" lon="-121.073142"><ele>1179.5</ele><time>2025-07-27T03:25:33Z</time></trkpt><trkpt lat="48.476362" lon="-121.073136"><ele>1178.0</ele><time>2025-07-27T03:25:34Z</time></trkpt><trkpt lat="48.476383" lon="-121.073096"><ele>1179.6</ele><time>2025-07-27T03:25:36Z</time></trkpt><trkpt lat="48.476415" lon="-121.073069"><ele>1179.8</ele><time>2025-07-27T03:25:37Z</time></trkpt><trkpt lat="48.476446" lon="-121.073071"><ele>1179.4</ele><time>2025-07-27T03:25:38Z</time></trkpt><trkpt lat="48.476455" lon="-121.073104"><ele>1177.0</ele><time>2025-07-27T03:25:41Z</time></trkpt><trkpt lat="48.47649" lon="-121.073127"><ele>1179.4</ele><time>2025-07-27T03:25:44Z</time></trkpt><trkpt lat="48.476445" lon="-121.073196"><ele>1179.0</ele><time>2025-07-27T03:25:46Z</time></trkpt><trkpt lat="48.476459" lon="-121.073224"><ele>1177.0</ele><time>2025-07-27T03:25:49Z</time></trkpt><trkpt lat="48.476522" lon="-121.073276"><ele>1178.0</ele><time>2025-07-27T03:25:54Z</time></trkpt><trkpt lat="48.476628" lon="-121.07328"><ele>1177.0</ele><time>2025-07-27T03:26:01Z</time></trkpt><trkpt lat="48.476715" lon="-121.073321"><ele>1177.0</ele><time>2025-07-27T03:26:09Z</time></trkpt><trkpt lat="48.476746" lon="-121.073303"><ele>1176.0</ele><time>2025-07-27T03:26:13Z</time></trkpt><trkpt lat="48.476806" lon="-121.073291"><ele>1175.0</ele><time>2025-07-27T03:26:18Z</time></trkpt><trkpt lat="48.476818" lon="-121.073324"><ele>1174.0</ele><time>2025-07-27T03:26:21Z</time></trkpt><trkpt lat="48.476816" lon="-121.073425"><ele>1174.0</ele><time>2025-07-27T03:26:25Z</time></trkpt><trkpt lat="48.476829" lon="-121.073494"><ele>1172.0</ele><time>2025-07-27T03:26:27Z</time></trkpt><trkpt lat="48.47682" lon="-121.073535"><ele>1172.0</ele><time>2025-07-27T03:26:29Z</time></trkpt><trkpt lat="48.476879" lon="-121.073636"><ele>1174.0</ele><time>2025-07-27T03:26:40Z</time></trkpt><trkpt lat="48.476911" lon="-121.07365"><ele>1171.0</ele><time>2025-07-27T03:26:42Z</time></trkpt><trkpt lat="48.47695" lon="-121.073725"><ele>1172.0</ele><time>2025-07-27T03:26:48Z</time></trkpt><trkpt lat="48.476902" lon="-121.073645"><ele>1170.3</ele><time>2025-07-27T03:26:54Z</time></trkpt><trkpt lat="48.476854" lon="-121.073646"><ele>1170.0</ele><time>2025-07-27T03:26:57Z</time></trkpt><trkpt lat="48.476826" lon="-121.07362"><ele>1169.0</ele><time>2025-07-27T03:27:01Z</time></trkpt><trkpt lat="48.476778" lon="-121.073619"><ele>1170.0</ele><time>2025-07-27T03:27:05Z</time></trkpt><trkpt lat="48.476767" lon="-121.073586"><ele>1170.0</ele><time>2025-07-27T03:27:07Z</time></trkpt><trkpt lat="48.476728" lon="-121.073568"><ele>1170.0</ele><time>2025-07-27T03:27:09Z</time></trkpt><trkpt lat="48.476662" lon="-121.07358"><ele>1170.0</ele><time>2025-07-27T03:27:19Z</time></trkpt><trkpt lat="48.476635" lon="-121.073564"><ele>1170.0</ele><time>2025-07-27T03:27:23Z</time></trkpt><trkpt lat="48.47663" lon="-121.073533"><ele>1172.6</ele><time>2025-07-27T03:27:25Z</time></trkpt><trkpt lat="48.476555" lon="-121.073491"><ele>1170.0</ele><time>2025-07-27T03:27:30Z</time></trkpt><trkpt lat="48.476566" lon="-121.07345"><ele>1169.0</ele><time>2025-07-27T03:27:32Z</time></trkpt><trkpt lat="48.476526" lon="-121.073399"><ele>1170.0</ele><time>2025-07-27T03:27:40Z</time></trkpt><trkpt lat="48.476565" lon="-121.073379"><ele>1172.1</ele><time>2025-07-27T03:27:44Z</time></trkpt><trkpt lat="48.476503" lon="-121.073377"><ele>1171.0</ele><time>2025-07-27T03:27:47Z</time></trkpt><trkpt lat="48.476473" lon="-121.073397"><ele>1172.0</ele><time>2025-07-27T03:27:49Z</time></trkpt><trkpt lat="48.47644" lon="-121.073361"><ele>1172.7</ele><time>2025-07-27T03:27:52Z</time></trkpt><trkpt lat="48.476364" lon="-121.073319"><ele>1170.0</ele><time>2025-07-27T03:27:58Z</time></trkpt><trkpt lat="48.476298" lon="-121.073335"><ele>1171.0</ele><time>2025-07-27T03:28:05Z</time></trkpt><trkpt lat="48.476244" lon="-121.073321"><ele>1173.0</ele><time>2025-07-27T03:28:11Z</time></trkpt><trkpt lat="48.476201" lon="-121.07329"><ele>1171.0</ele><time>2025-07-27T03:28:15Z</time></trkpt><trkpt lat="48.476122" lon="-121.073289"><ele>1172.0</ele><time>2025-07-27T03:28:24Z</time></trkpt><trkpt lat="48.476084" lon="-121.073307"><ele>1171.0</ele><time>2025-07-27T03:28:27Z</time></trkpt><trkpt lat="48.47597" lon="-121.07341"><ele>1173.0</ele><time>2025-07-27T03:28:39Z</time></trkpt><trkpt lat="48.475925" lon="-121.073405"><ele>1171.0</ele><time>2025-07-27T03:28:44Z</time></trkpt><trkpt lat="48.475878" lon="-121.073485"><ele>1174.0</ele><time>2025-07-27T03:28:51Z</time></trkpt><trkpt lat="48.475847" lon="-121.073503"><ele>1174.0</ele><time>2025-07-27T03:28:53Z</time></trkpt><trkpt lat="48.475782" lon="-121.073481"><ele>1173.0</ele><time>2025-07-27T03:29:00Z</time></trkpt><trkpt lat="48.475714" lon="-121.073487"><ele>1172.0</ele><time>2025-07-27T03:29:06Z</time></trkpt><trkpt lat="48.475648" lon="-121.073531"><ele>1170.0</ele><time>2025-07-27T03:29:12Z</time></trkpt><trkpt lat="48.475585" lon="-121.073543"><ele>1170.0</ele><time>2025-07-27T03:29:18Z</time></trkpt><trkpt lat="48.475547" lon="-121.073573"><ele>1167.0</ele><time>2025-07-27T03:29:26Z</time></trkpt><trkpt lat="48.475428" lon="-121.073547"><ele>1162.0</ele><time>2025-07-27T03:29:42Z</time></trkpt><trkpt lat="48.475394" lon="-121.073519"><ele>1163.0</ele><time>2025-07-27T03:29:46Z</time></trkpt><trkpt lat="48.475384" lon="-121.073555"><ele>1164.0</ele><time>2025-07-27T03:29:48Z</time></trkpt><trkpt lat="48.475353" lon="-121.073544"><ele>1164.0</ele><time>2025-07-27T03:29:50Z</time></trkpt><trkpt lat="48.475282" lon="-121.073539"><ele>1162.0</ele><time>2025-07-27T03:29:56Z</time></trkpt><trkpt lat="48.47525" lon="-121.073578"><ele>1161.9</ele><time>2025-07-27T03:29:58Z</time></trkpt><trkpt lat="48.475221" lon="-121.07355"><ele>1158.0</ele><time>2025-07-27T03:30:01Z</time></trkpt><trkpt lat="48.475211" lon="-121.073512"><ele>1160.0</ele><time>2025-07-27T03:30:05Z</time></trkpt><trkpt lat="48.47517" lon="-121.073552"><ele>1159.0</ele><time>2025-07-27T03:30:08Z</time></trkpt><trkpt lat="48.475194" lon="-121.07365"><ele>1156.0</ele><time>2025-07-27T03:30:13Z</time></trkpt><trkpt lat="48.475282" lon="-121.07361"><ele>1153.0</ele><time>2025-07-27T03:30:29Z</time></trkpt><trkpt lat="48.475306" lon="-121.073584"><ele>1155.2</ele><time>2025-07-27T03:30:31Z</time></trkpt><trkpt lat="48.475326" lon="-121.073611"><ele>1154.8</ele><time>2025-07-27T03:30:32Z</time></trkpt><trkpt lat="48.475292" lon="-121.073603"><ele>1154.0</ele><time>2025-07-27T03:30:34Z</time></trkpt><trkpt lat="48.475295" lon="-121.073656"><ele>1155.0</ele><time>2025-07-27T03:30:36Z</time></trkpt><trkpt lat="48.475308" lon="-121.073619"><ele>1154.9</ele><time>2025-07-27T03:30:38Z</time></trkpt><trkpt lat="48.475383" lon="-121.073617"><ele>1152.0</ele><time>2025-07-27T03:30:43Z</time></trkpt><trkpt lat="48.475413" lon="-121.073655"><ele>1154.8</ele><time>2025-07-27T03:30:45Z</time></trkpt><trkpt lat="48.475429" lon="-121.073705"><ele>1155.0</ele><time>2025-07-27T03:30:47Z</time></trkpt><trkpt lat="48.475452" lon="-121.073668"><ele>1154.0</ele><time>2025-07-27T03:30:50Z</time></trkpt><trkpt lat="48.475505" lon="-121.07367"><ele>1152.0</ele><time>2025-07-27T03:30:56Z</time></trkpt><trkpt lat="48.475533" lon="-121.073642"><ele>1154.9</ele><time>2025-07-27T03:30:59Z</time></trkpt><trkpt lat="48.475548" lon="-121.073677"><ele>1154.0</ele><time>2025-07-27T03:31:01Z</time></trkpt><trkpt lat="48.475578" lon="-121.073697"><ele>1154.0</ele><time>2025-07-27T03:31:03Z</time></trkpt><trkpt lat="48.475615" lon="-121.073675"><ele>1154.0</ele><time>2025-07-27T03:31:07Z</time></trkpt><trkpt lat="48.475691" lon="-121.073708"><ele>1154.2</ele><time>2025-07-27T03:31:13Z</time></trkpt><trkpt lat="48.475708" lon="-121.073801"><ele>1149.0</ele><time>2025-07-27T03:31:21Z</time></trkpt><trkpt lat="48.475742" lon="-121.073825"><ele>1149.0</ele><time>2025-07-27T03:31:25Z</time></trkpt><trkpt lat="48.475763" lon="-121.073864"><ele>1151.4</ele><time>2025-07-27T03:31:28Z</time></trkpt><trkpt lat="48.475806" lon="-121.073886"><ele>1149.0</ele><time>2025-07-27T03:31:34Z</time></trkpt><trkpt lat="48.475778" lon="-121.073911"><ele>1148.0</ele><time>2025-07-27T03:31:37Z</time></trkpt><trkpt lat="48.475723" lon="-121.073862"><ele>1149.4</ele><time>2025-07-27T03:31:41Z</time></trkpt><trkpt lat="48.475693" lon="-121.073869"><ele>1148.0</ele><time>2025-07-27T03:31:44Z</time></trkpt><trkpt lat="48.475686" lon="-121.073832"><ele>1148.0</ele><time>2025-07-27T03:31:53Z</time></trkpt><trkpt lat="48.475628" lon="-121.073759"><ele>1149.0</ele><time>2025-07-27T03:32:01Z</time></trkpt><trkpt lat="48.475525" lon="-121.073834"><ele>1150.0</ele><time>2025-07-27T03:32:10Z</time></trkpt><trkpt lat="48.475405" lon="-121.073895"><ele>1151.0</ele><time>2025-07-27T03:32:20Z</time></trkpt><trkpt lat="48.475379" lon="-121.073936"><ele>1152.6</ele><time>2025-07-27T03:32:22Z</time></trkpt><trkpt lat="48.475393" lon="-121.073992"><ele>1151.0</ele><time>2025-07-27T03:32:25Z</time></trkpt><trkpt lat="48.475364" lon="-121.074031"><ele>1150.0</ele><time>2025-07-27T03:32:31Z</time></trkpt><trkpt lat="48.475347" lon="-121.07408"><ele>1148.0</ele><time>2025-07-27T03:32:35Z</time></trkpt><trkpt lat="48.475287" lon="-121.074101"><ele>1143.0</ele><time>2025-07-27T03:32:45Z</time></trkpt><trkpt lat="48.475325" lon="-121.074066"><ele>1146.0</ele><time>2025-07-27T03:32:50Z</time></trkpt><trkpt lat="48.47533" lon="-121.074095"><ele>1145.0</ele><time>2025-07-27T03:32:55Z</time></trkpt><trkpt lat="48.475163" lon="-121.074155"><ele>1147.0</ele><time>2025-07-27T03:33:11Z</time></trkpt><trkpt lat="48.475109" lon="-121.074151"><ele>1144.0</ele><time>2025-07-27T03:33:18Z</time></trkpt><trkpt lat="48.47508" lon="-121.074131"><ele>1144.0</ele><time>2025-07-27T03:33:22Z</time></trkpt><trkpt lat="48.475024" lon="-121.074035"><ele>1143.0</ele><time>2025-07-27T03:33:30Z</time></trkpt><trkpt lat="48.474946" lon="-121.073975"><ele>1140.0</ele><time>2025-07-27T03:33:41Z</time></trkpt><trkpt lat="48.474948" lon="-121.074002"><ele>1137.0</ele><time>2025-07-27T03:33:45Z</time></trkpt><trkpt lat="48.475017" lon="-121.07413"><ele>1136.0</ele><time>2025-07-27T03:34:01Z</time></trkpt><trkpt lat="48.475022" lon="-121.07417"><ele>1136.0</ele><time>2025-07-27T03:34:03Z</time></trkpt><trkpt lat="48.47509" lon="-121.074254"><ele>1134.0</ele><time>2025-07-27T03:34:12Z</time></trkpt><trkpt lat="48.475066" lon="-121.074218"><ele>1136.0</ele><time>2025-07-27T03:34:18Z</time></trkpt><trkpt lat="48.475042" lon="-121.074221"><ele>1136.0</ele><time>2025-07-27T03:34:37Z</time></trkpt><trkpt lat="48.475042" lon="-121.074167"><ele>1132.0</ele><time>2025-07-27T03:35:04Z</time></trkpt><trkpt lat="48.475148" lon="-121.074303"><ele>1134.0</ele><time>2025-07-27T03:35:24Z</time></trkpt><trkpt lat="48.475222" lon="-121.07438"><ele>1132.0</ele><time>2025-07-27T03:35:33Z</time></trkpt><trkpt lat="48.475271" lon="-121.074374"><ele>1132.0</ele><time>2025-07-27T03:35:38Z</time></trkpt><trkpt lat="48.475297" lon="-121.074343"><ele>1132.0</ele><time>2025-07-27T03:35:42Z</time></trkpt><trkpt lat="48.475323" lon="-121.074358"><ele>1132.0</ele><time>2025-07-27T03:35:45Z</time></trkpt><trkpt lat="48.475355" lon="-121.074338"><ele>1131.0</ele><time>2025-07-27T03:35:47Z</time></trkpt><trkpt lat="48.475432" lon="-121.074326"><ele>1131.0</ele><time>2025-07-27T03:35:54Z</time></trkpt><trkpt lat="48.475483" lon="-121.074307"><ele>1129.0</ele><time>2025-07-27T03:35:59Z</time></trkpt><trkpt lat="48.475558" lon="-121.074318"><ele>1128.0</ele><time>2025-07-27T03:36:08Z</time></trkpt><trkpt lat="48.475592" lon="-121.074288"><ele>1128.0</ele><time>2025-07-27T03:36:11Z</time></trkpt><trkpt lat="48.475603" lon="-121.074246"><ele>1130.0</ele><time>2025-07-27T03:36:13Z</time></trkpt><trkpt lat="48.475695" lon="-121.07425"><ele>1127.0</ele><time>2025-07-27T03:36:20Z</time></trkpt><trkpt lat="48.475725" lon="-121.074284"><ele>1128.1</ele><time>2025-07-27T03:36:25Z</time></trkpt><trkpt lat="48.475733" lon="-121.074335"><ele>1127.8</ele><time>2025-07-27T03:36:27Z</time></trkpt><trkpt lat="48.475797" lon="-121.074306"><ele>1126.9</ele><time>2025-07-27T03:36:33Z</time></trkpt><trkpt lat="48.475877" lon="-121.074352"><ele>1122.0</ele><time>2025-07-27T03:36:40Z</time></trkpt><trkpt lat="48.47585" lon="-121.074431"><ele>1126.8</ele><time>2025-07-27T03:36:46Z</time></trkpt><trkpt lat="48.475857" lon="-121.074481"><ele>1127.0</ele><time>2025-07-27T03:36:48Z</time></trkpt><trkpt lat="48.475844" lon="-121.074595"><ele>1128.0</ele><time>2025-07-27T03:36:52Z</time></trkpt><trkpt lat="48.475871" lon="-121.074725"><ele>1126.0</ele><time>2025-07-27T03:37:01Z</time></trkpt><trkpt lat="48.475867" lon="-121.074802"><ele>1125.0</ele><time>2025-07-27T03:37:05Z</time></trkpt><trkpt lat="48.475884" lon="-121.074854"><ele>1123.0</ele><time>2025-07-27T03:37:09Z</time></trkpt><trkpt lat="48.475921" lon="-121.074932"><ele>1122.0</ele><time>2025-07-27T03:37:17Z</time></trkpt><trkpt lat="48.475969" lon="-121.075003"><ele>1119.0</ele><time>2025-07-27T03:37:23Z</time></trkpt><trkpt lat="48.475995" lon="-121.075022"><ele>1120.0</ele><time>2025-07-27T03:37:26Z</time></trkpt><trkpt lat="48.476014" lon="-121.07509"><ele>1120.0</ele><time>2025-07-27T03:37:28Z</time></trkpt><trkpt lat="48.475971" lon="-121.075229"><ele>1120.0</ele><time>2025-07-27T03:37:38Z</time></trkpt><trkpt lat="48.475938" lon="-121.07524"><ele>1118.0</ele><time>2025-07-27T03:37:40Z</time></trkpt><trkpt lat="48.475863" lon="-121.075228"><ele>1118.0</ele><time>2025-07-27T03:37:45Z</time></trkpt><trkpt lat="48.475825" lon="-121.075169"><ele>1120.0</ele><time>2025-07-27T03:37:50Z</time></trkpt><trkpt lat="48.475788" lon="-121.075183"><ele>1120.0</ele><time>2025-07-27T03:37:53Z</time></trkpt><trkpt lat="48.475711" lon="-121.075283"><ele>1120.0</ele><time>2025-07-27T03:37:59Z</time></trkpt><trkpt lat="48.475687" lon="-121.075252"><ele>1120.5</ele><time>2025-07-27T03:38:01Z</time></trkpt><trkpt lat="48.475668" lon="-121.075162"><ele>1118.0</ele><time>2025-07-27T03:38:05Z</time></trkpt><trkpt lat="48.475677" lon="-121.075118"><ele>1119.8</ele><time>2025-07-27T03:38:08Z</time></trkpt><trkpt lat="48.475657" lon="-121.075095"><ele>1116.0</ele><time>2025-07-27T03:38:10Z</time></trkpt><trkpt lat="48.475594" lon="-121.075062"><ele>1116.0</ele><time>2025-07-27T03:38:17Z</time></trkpt><trkpt lat="48.475541" lon="-121.075021"><ele>1116.0</ele><time>2025-07-27T03:38:23Z</time></trkpt><trkpt lat="48.475508" lon="-121.07496"><ele>1114.0</ele><time>2025-07-27T03:38:29Z</time></trkpt><trkpt lat="48.475506" lon="-121.074921"><ele>1113.7</ele><time>2025-07-27T03:38:33Z</time></trkpt></trkseg></trk></gpx>