<?xml version="1.0" ?><gpx xmlns="http://www.topografix.com/GPX/1/1" creator="GaiaGPS" version="1.1" xmlns:xsi="http://www.w3.org/2001/XMLSchema-instance" xsi:schemaLocation="http://www.topografix.com/GPX/1/1 http://www.topografix.com/GPX/1/1/gpx.xsd"><trk><name>Track (7/8/23, 10:43:16AM)</name><desc></desc><extensions><line xmlns="http://www.topografix.com/GPX/gpx_style/0/2"><color>00A478</color></line></extensions><trkseg><trkpt lat="48.038206" lon="-123.432775"><ele>585.7</ele><time>2023-07-08T17:43:17Z</time></trkpt><trkpt lat="48.038225" lon="-123.432725"><ele>587.9</ele><time>2023-07-08T17:43:21Z</time></trkpt><trkpt lat="48.038291" lon="-123.432698"><ele>585.0</ele><time>2023-07-08T17:43:24Z</time></trkpt><trkpt lat="48.038258" lon="-123.432614"><ele>584.0</ele><time>2023-07-08T17:43:29Z</time></trkpt><trkpt lat="48.038258" lon="-123.432579"><ele>584.0</ele><time>2023-07-08T17:43:31Z</time></trkpt><trkpt lat="48.038283" lon="-123.432518"><ele>584.0</ele><time>2023-07-08T17:43:35Z</time></trkpt><trkpt lat="48.038246" lon="-123.432477"><ele>582.0</ele><time>2023-07-08T17:43:38Z</time></trkpt><trkpt lat="48.038134" lon="-123.432396"><ele>580.0</ele><time>2023-07-08T17:43:45Z</time></trkpt><trkpt lat="48.0381" lon="-123.432414"><ele>579.0</ele><time>2023-07-08T17:43:49Z</time></trkpt><trkpt lat="48.038014" lon="-123.432414"><ele>579.0</ele><time>2023-07-08T17:43:55Z</time></trkpt><trkpt lat="48.037978" lon="-123.432433"><ele>579.0</ele><time>2023-07-08T17:43:58Z</time></trkpt><trkpt lat="48.037907" lon="-123.43248"><ele>581.0</ele><time>2023-07-08T17:44:03Z</time></trkpt><trkpt lat="48.037704" lon="-123.432763"><ele>589.0</ele><time>2023-07-08T17:44:29Z</time></trkpt><trkpt lat="48.037625" lon="-123.43284"><ele>593.0</ele><time>2023-07-08T17:44:40Z</time></trkpt><trkpt lat="48.037581" lon="-123.432901"><ele>592.0</ele><time>2023-07-08T17:44:46Z</time></trkpt><trkpt lat="48.037504" lon="-123.432957"><ele>594.0</ele><time>2023-07-08T17:44:52Z</time></trkpt><trkpt lat="48.037339" lon="-123.433107"><ele>597.0</ele><time>2023-07-08T17:45:16Z</time></trkpt><trkpt lat="48.037104" lon="-123.433284"><ele>602.0</ele><time>2023-07-08T17:45:37Z</time></trkpt><trkpt lat="48.037031" lon="-123.433329"><ele>604.0</ele><time>2023-07-08T17:45:44Z</time></trkpt><trkpt lat="48.036976" lon="-123.433379"><ele>606.0</ele><time>2023-07-08T17:45:49Z</time></trkpt><trkpt lat="48.036775" lon="-123.433514"><ele>612.0</ele><time>2023-07-08T17:46:13Z</time></trkpt><trkpt lat="48.036503" lon="-123.433734"><ele>618.0</ele><time>2023-07-08T17:46:52Z</time></trkpt><trkpt lat="48.036552" lon="-123.433706"><ele>615.0</ele><time>2023-07-08T17:46:59Z</time></trkpt><trkpt lat="48.036639" lon="-123.43362"><ele>609.0</ele><time>2023-07-08T17:47:16Z</time></trkpt><trkpt lat="48.036634" lon="-123.433573"><ele>612.0</ele><time>2023-07-08T17:47:32Z</time></trkpt><trkpt lat="48.036643" lon="-123.433564"><ele>613.0</ele><time>2023-07-08T17:47:52Z</time></trkpt><trkpt lat="48.036639" lon="-123.43365"><ele>612.0</ele><time>2023-07-08T17:48:11Z</time></trkpt><trkpt lat="48.0366" lon="-123.433724"><ele>613.0</ele><time>2023-07-08T17:48:14Z</time></trkpt><trkpt lat="48.036515" lon="-123.433713"><ele>612.0</ele><time>2023-07-08T17:48:22Z</time></trkpt><trkpt lat="48.036471" lon="-123.433725"><ele>615.0</ele><time>2023-07-08T17:48:29Z</time></trkpt><trkpt lat="48.036351" lon="-123.433851"><ele>620.0</ele><time>2023-07-08T17:48:44Z</time></trkpt><trkpt lat="48.036249" lon="-123.433907"><ele>624.0</ele><time>2023-07-08T17:48:50Z</time></trkpt><trkpt lat="48.036214" lon="-123.433912"><ele>624.0</ele><time>2023-07-08T17:48:55Z</time></trkpt><trkpt lat="48.035784" lon="-123.434145"><ele>633.0</ele><time>2023-07-08T17:49:48Z</time></trkpt><trkpt lat="48.035714" lon="-123.434168"><ele>636.0</ele><time>2023-07-08T17:49:54Z</time></trkpt><trkpt lat="48.035648" lon="-123.434204"><ele>638.0</ele><time>2023-07-08T17:50:00Z</time></trkpt><trkpt lat="48.035469" lon="-123.434245"><ele>643.0</ele><time>2023-07-08T17:50:20Z</time></trkpt><trkpt lat="48.035285" lon="-123.434268"><ele>641.0</ele><time>2023-07-08T17:50:41Z</time></trkpt><trkpt lat="48.035245" lon="-123.434258"><ele>645.0</ele><time>2023-07-08T17:50:45Z</time></trkpt><trkpt lat="48.035182" lon="-123.434223"><ele>646.5</ele><time>2023-07-08T17:50:49Z</time></trkpt><trkpt lat="48.035089" lon="-123.43419"><ele>646.0</ele><time>2023-07-08T17:51:03Z</time></trkpt><trkpt lat="48.034914" lon="-123.434071"><ele>648.0</ele><time>2023-07-08T17:51:22Z</time></trkpt><trkpt lat="48.034859" lon="-123.434017"><ele>648.0</ele><time>2023-07-08T17:51:29Z</time></trkpt><trkpt lat="48.034783" lon="-123.433981"><ele>645.0</ele><time>2023-07-08T17:51:36Z</time></trkpt><trkpt lat="48.034731" lon="-123.433988"><ele>646.0</ele><time>2023-07-08T17:51:40Z</time></trkpt><trkpt lat="48.034526" lon="-123.43408"><ele>652.0</ele><time>2023-07-08T17:51:58Z</time></trkpt><trkpt lat="48.03437" lon="-123.434167"><ele>656.6</ele><time>2023-07-08T17:52:20Z</time></trkpt><trkpt lat="48.034272" lon="-123.434186"><ele>654.0</ele><time>2023-07-08T17:52:29Z</time></trkpt><trkpt lat="48.033803" lon="-123.434134"><ele>658.0</ele><time>2023-07-08T17:53:19Z</time></trkpt><trkpt lat="48.033678" lon="-123.434156"><ele>660.0</ele><time>2023-07-08T17:53:33Z</time></trkpt><trkpt lat="48.033499" lon="-123.434229"><ele>660.0</ele><time>2023-07-08T17:53:46Z</time></trkpt><trkpt lat="48.033171" lon="-123.434502"><ele>665.0</ele><time>2023-07-08T17:54:23Z</time></trkpt><trkpt lat="48.032987" lon="-123.434698"><ele>672.0</ele><time>2023-07-08T17:54:51Z</time></trkpt><trkpt lat="48.032908" lon="-123.434762"><ele>674.0</ele><time>2023-07-08T17:54:59Z</time></trkpt><trkpt lat="48.032778" lon="-123.434844"><ele>674.0</ele><time>2023-07-08T17:55:14Z</time></trkpt><trkpt lat="48.032649" lon="-123.434954"><ele>678.0</ele><time>2023-07-08T17:55:29Z</time></trkpt><trkpt lat="48.032545" lon="-123.435164"><ele>682.0</ele><time>2023-07-08T17:55:50Z</time></trkpt><trkpt lat="48.032482" lon="-123.435373"><ele>685.0</ele><time>2023-07-08T17:56:03Z</time></trkpt><trkpt lat="48.032444" lon="-123.435464"><ele>684.0</ele><time>2023-07-08T17:56:10Z</time></trkpt><trkpt lat="48.032303" lon="-123.435696"><ele>694.0</ele><time>2023-07-08T17:56:33Z</time></trkpt><trkpt lat="48.032153" lon="-123.435813"><ele>696.0</ele><time>2023-07-08T17:56:52Z</time></trkpt><trkpt lat="48.032031" lon="-123.435858"><ele>695.0</ele><time>2023-07-08T17:57:03Z</time></trkpt><trkpt lat="48.031968" lon="-123.435895"><ele>698.0</ele><time>2023-07-08T17:57:09Z</time></trkpt><trkpt lat="48.031877" lon="-123.43598"><ele>700.0</ele><time>2023-07-08T17:57:17Z</time></trkpt><trkpt lat="48.031431" lon="-123.436535"><ele>714.0</ele><time>2023-07-08T17:58:18Z</time></trkpt><trkpt lat="48.031445" lon="-123.436513"><ele>714.0</ele><time>2023-07-08T17:58:21Z</time></trkpt><trkpt lat="48.031371" lon="-123.436595"><ele>714.0</ele><time>2023-07-08T17:58:28Z</time></trkpt><trkpt lat="48.031303" lon="-123.436651"><ele>714.0</ele><time>2023-07-08T17:58:36Z</time></trkpt><trkpt lat="48.031236" lon="-123.436687"><ele>720.0</ele><time>2023-07-08T17:58:48Z</time></trkpt><trkpt lat="48.031113" lon="-123.436724"><ele>720.0</ele><time>2023-07-08T17:59:01Z</time></trkpt><trkpt lat="48.030793" lon="-123.436929"><ele>726.0</ele><time>2023-07-08T17:59:38Z</time></trkpt><trkpt lat="48.0306" lon="-123.437085"><ele>730.0</ele><time>2023-07-08T18:00:00Z</time></trkpt><trkpt lat="48.030525" lon="-123.437132"><ele>732.0</ele><time>2023-07-08T18:00:08Z</time></trkpt><trkpt lat="48.030403" lon="-123.437177"><ele>731.0</ele><time>2023-07-08T18:00:21Z</time></trkpt><trkpt lat="48.030215" lon="-123.437191"><ele>738.0</ele><time>2023-07-08T18:00:38Z</time></trkpt><trkpt lat="48.030095" lon="-123.437213"><ele>740.0</ele><time>2023-07-08T18:00:49Z</time></trkpt><trkpt lat="48.02999" lon="-123.437252"><ele>741.0</ele><time>2023-07-08T18:01:00Z</time></trkpt><trkpt lat="48.029863" lon="-123.437278"><ele>742.0</ele><time>2023-07-08T18:01:09Z</time></trkpt><trkpt lat="48.029479" lon="-123.437453"><ele>750.0</ele><time>2023-07-08T18:01:52Z</time></trkpt><trkpt lat="48.029391" lon="-123.437528"><ele>748.0</ele><time>2023-07-08T18:02:04Z</time></trkpt><trkpt lat="48.029316" lon="-123.437569"><ele>751.0</ele><time>2023-07-08T18:02:13Z</time></trkpt><trkpt lat="48.029199" lon="-123.437655"><ele>753.0</ele><time>2023-07-08T18:02:24Z</time></trkpt><trkpt lat="48.02915" lon="-123.437671"><ele>756.0</ele><time>2023-07-08T18:02:30Z</time></trkpt><trkpt lat="48.029042" lon="-123.437737"><ele>756.0</ele><time>2023-07-08T18:02:38Z</time></trkpt><trkpt lat="48.029003" lon="-123.437776"><ele>760.0</ele><time>2023-07-08T18:02:42Z</time></trkpt><trkpt lat="48.028913" lon="-123.437822"><ele>760.0</ele><time>2023-07-08T18:02:51Z</time></trkpt><trkpt lat="48.0288" lon="-123.437926"><ele>760.0</ele><time>2023-07-08T18:03:07Z</time></trkpt><trkpt lat="48.02875" lon="-123.437952"><ele>762.0</ele><time>2023-07-08T18:03:11Z</time></trkpt><trkpt lat="48.028728" lon="-123.437979"><ele>762.0</ele><time>2023-07-08T18:03:14Z</time></trkpt><trkpt lat="48.028507" lon="-123.438157"><ele>765.0</ele><time>2023-07-08T18:03:38Z</time></trkpt><trkpt lat="48.028353" lon="-123.438253"><ele>770.0</ele><time>2023-07-08T18:03:54Z</time></trkpt><trkpt lat="48.028185" lon="-123.438332"><ele>771.0</ele><time>2023-07-08T18:04:11Z</time></trkpt><trkpt lat="48.028107" lon="-123.438365"><ele>770.0</ele><time>2023-07-08T18:04:20Z</time></trkpt><trkpt lat="48.028007" lon="-123.438391"><ele>771.0</ele><time>2023-07-08T18:04:31Z</time></trkpt><trkpt lat="48.027973" lon="-123.43839"><ele>772.0</ele><time>2023-07-08T18:04:34Z</time></trkpt><trkpt lat="48.027896" lon="-123.438412"><ele>771.0</ele><time>2023-07-08T18:04:40Z</time></trkpt><trkpt lat="48.027831" lon="-123.438408"><ele>770.0</ele><time>2023-07-08T18:04:45Z</time></trkpt><trkpt lat="48.027769" lon="-123.438424"><ele>771.0</ele><time>2023-07-08T18:04:50Z</time></trkpt><trkpt lat="48.02773" lon="-123.43842"><ele>772.0</ele><time>2023-07-08T18:04:53Z</time></trkpt><trkpt lat="48.027676" lon="-123.438439"><ele>774.0</ele><time>2023-07-08T18:04:59Z</time></trkpt><trkpt lat="48.027535" lon="-123.438447"><ele>776.0</ele><time>2023-07-08T18:05:07Z</time></trkpt><trkpt lat="48.027292" lon="-123.438418"><ele>780.0</ele><time>2023-07-08T18:05:33Z</time></trkpt><trkpt lat="48.027202" lon="-123.438423"><ele>782.0</ele><time>2023-07-08T18:05:39Z</time></trkpt><trkpt lat="48.027057" lon="-123.438414"><ele>782.0</ele><time>2023-07-08T18:05:50Z</time></trkpt><trkpt lat="48.027185" lon="-123.438402"><ele>780.0</ele><time>2023-07-08T18:06:39Z</time></trkpt><trkpt lat="48.027215" lon="-123.438427"><ele>780.0</ele><time>2023-07-08T18:07:34Z</time></trkpt><trkpt lat="48.027237" lon="-123.43847"><ele>784.0</ele><time>2023-07-08T18:07:50Z</time></trkpt><trkpt lat="48.027263" lon="-123.438445"><ele>780.0</ele><time>2023-07-08T18:07:57Z</time></trkpt><trkpt lat="48.027239" lon="-123.438421"><ele>780.0</ele><time>2023-07-08T18:08:02Z</time></trkpt><trkpt lat="48.027195" lon="-123.438426"><ele>783.0</ele><time>2023-07-08T18:08:18Z</time></trkpt><trkpt lat="48.027267" lon="-123.438407"><ele>782.0</ele><time>2023-07-08T18:09:09Z</time></trkpt><trkpt lat="48.027162" lon="-123.438424"><ele>780.4</ele><time>2023-07-08T18:09:48Z</time></trkpt><trkpt lat="48.027057" lon="-123.438413"><ele>780.0</ele><time>2023-07-08T18:09:59Z</time></trkpt><trkpt lat="48.026902" lon="-123.43843"><ele>785.7</ele><time>2023-07-08T18:10:10Z</time></trkpt><trkpt lat="48.026799" lon="-123.438419"><ele>783.0</ele><time>2023-07-08T18:10:18Z</time></trkpt><trkpt lat="48.026525" lon="-123.438434"><ele>788.0</ele><time>2023-07-08T18:10:43Z</time></trkpt><trkpt lat="48.026436" lon="-123.43842"><ele>789.0</ele><time>2023-07-08T18:10:50Z</time></trkpt><trkpt lat="48.026308" lon="-123.438431"><ele>788.0</ele><time>2023-07-08T18:11:00Z</time></trkpt><trkpt lat="48.026178" lon="-123.43843"><ele>796.0</ele><time>2023-07-08T18:11:10Z</time></trkpt><trkpt lat="48.026065" lon="-123.438415"><ele>797.0</ele><time>2023-07-08T18:11:20Z</time></trkpt><trkpt lat="48.026032" lon="-123.438426"><ele>798.0</ele><time>2023-07-08T18:11:22Z</time></trkpt><trkpt lat="48.025839" lon="-123.438407"><ele>798.0</ele><time>2023-07-08T18:11:39Z</time></trkpt><trkpt lat="48.025659" lon="-123.438372"><ele>792.0</ele><time>2023-07-08T18:11:59Z</time></trkpt><trkpt lat="48.025474" lon="-123.43823"><ele>793.0</ele><time>2023-07-08T18:12:21Z</time></trkpt><trkpt lat="48.02537" lon="-123.438075"><ele>794.0</ele><time>2023-07-08T18:12:38Z</time></trkpt><trkpt lat="48.025301" lon="-123.437907"><ele>796.0</ele><time>2023-07-08T18:12:54Z</time></trkpt><trkpt lat="48.025336" lon="-123.437978"><ele>795.0</ele><time>2023-07-08T18:13:07Z</time></trkpt><trkpt lat="48.025302" lon="-123.437871"><ele>792.0</ele><time>2023-07-08T18:13:15Z</time></trkpt><trkpt lat="48.025326" lon="-123.437961"><ele>795.2</ele><time>2023-07-08T18:13:20Z</time></trkpt><trkpt lat="48.02534" lon="-123.437991"><ele>795.0</ele><time>2023-07-08T18:13:21Z</time></trkpt><trkpt lat="48.025344" lon="-123.437964"><ele>794.0</ele><time>2023-07-08T18:13:23Z</time></trkpt><trkpt lat="48.025364" lon="-123.437986"><ele>795.6</ele><time>2023-07-08T18:13:26Z</time></trkpt><trkpt lat="48.025389" lon="-123.438073"><ele>780.0</ele><time>2023-07-08T18:13:49Z</time></trkpt><trkpt lat="48.025417" lon="-123.43806"><ele>797.0</ele><time>2023-07-08T18:14:00Z</time></trkpt><trkpt lat="48.025405" lon="-123.438024"><ele>796.0</ele><time>2023-07-08T18:14:03Z</time></trkpt><trkpt lat="48.025374" lon="-123.438016"><ele>795.0</ele><time>2023-07-08T18:14:06Z</time></trkpt><trkpt lat="48.025334" lon="-123.437964"><ele>794.0</ele><time>2023-07-08T18:14:09Z</time></trkpt><trkpt lat="48.025301" lon="-123.437872"><ele>794.5</ele><time>2023-07-08T18:14:14Z</time></trkpt><trkpt lat="48.025286" lon="-123.43778"><ele>790.0</ele><time>2023-07-08T18:14:18Z</time></trkpt><trkpt lat="48.025355" lon="-123.437463"><ele>798.0</ele><time>2023-07-08T18:14:50Z</time></trkpt><trkpt lat="48.025378" lon="-123.437267"><ele>801.0</ele><time>2023-07-08T18:15:04Z</time></trkpt><trkpt lat="48.025424" lon="-123.437229"><ele>802.0</ele><time>2023-07-08T18:15:09Z</time></trkpt><trkpt lat="48.025369" lon="-123.437207"><ele>802.0</ele><time>2023-07-08T18:15:13Z</time></trkpt><trkpt lat="48.025346" lon="-123.437163"><ele>801.0</ele><time>2023-07-08T18:15:15Z</time></trkpt><trkpt lat="48.025334" lon="-123.437097"><ele>800.0</ele><time>2023-07-08T18:15:28Z</time></trkpt><trkpt lat="48.02534" lon="-123.43704"><ele>806.3</ele><time>2023-07-08T18:15:32Z</time></trkpt><trkpt lat="48.025374" lon="-123.436913"><ele>804.0</ele><time>2023-07-08T18:15:40Z</time></trkpt><trkpt lat="48.025427" lon="-123.436835"><ele>808.0</ele><time>2023-07-08T18:15:49Z</time></trkpt><trkpt lat="48.025581" lon="-123.436675"><ele>809.0</ele><time>2023-07-08T18:16:08Z</time></trkpt><trkpt lat="48.025734" lon="-123.436554"><ele>810.0</ele><time>2023-07-08T18:16:31Z</time></trkpt><trkpt lat="48.025828" lon="-123.436498"><ele>811.0</ele><time>2023-07-08T18:16:39Z</time></trkpt><trkpt lat="48.025897" lon="-123.436435"><ele>814.0</ele><time>2023-07-08T18:16:51Z</time></trkpt><trkpt lat="48.025992" lon="-123.436306"><ele>812.0</ele><time>2023-07-08T18:17:02Z</time></trkpt><trkpt lat="48.026025" lon="-123.436238"><ele>813.0</ele><time>2023-07-08T18:17:08Z</time></trkpt><trkpt lat="48.026049" lon="-123.436218"><ele>813.0</ele><time>2023-07-08T18:17:11Z</time></trkpt><trkpt lat="48.026193" lon="-123.435957"><ele>818.0</ele><time>2023-07-08T18:17:29Z</time></trkpt><trkpt lat="48.026339" lon="-123.435668"><ele>825.2</ele><time>2023-07-08T18:17:59Z</time></trkpt><trkpt lat="48.026387" lon="-123.435553"><ele>827.7</ele><time>2023-07-08T18:18:05Z</time></trkpt><trkpt lat="48.026453" lon="-123.435448"><ele>830.0</ele><time>2023-07-08T18:18:19Z</time></trkpt><trkpt lat="48.026686" lon="-123.435007"><ele>834.0</ele><time>2023-07-08T18:18:57Z</time></trkpt><trkpt lat="48.026696" lon="-123.434967"><ele>836.4</ele><time>2023-07-08T18:18:59Z</time></trkpt><trkpt lat="48.026806" lon="-123.434757"><ele>840.0</ele><time>2023-07-08T18:19:23Z</time></trkpt><trkpt lat="48.026865" lon="-123.434539"><ele>840.0</ele><time>2023-07-08T18:19:40Z</time></trkpt><trkpt lat="48.026896" lon="-123.434484"><ele>841.0</ele><time>2023-07-08T18:19:42Z</time></trkpt><trkpt lat="48.026945" lon="-123.434466"><ele>841.0</ele><time>2023-07-08T18:19:46Z</time></trkpt><trkpt lat="48.026885" lon="-123.434364"><ele>840.0</ele><time>2023-07-08T18:19:53Z</time></trkpt><trkpt lat="48.02691" lon="-123.434265"><ele>844.0</ele><time>2023-07-08T18:19:59Z</time></trkpt><trkpt lat="48.026978" lon="-123.433801"><ele>848.0</ele><time>2023-07-08T18:20:34Z</time></trkpt><trkpt lat="48.027003" lon="-123.433507"><ele>852.0</ele><time>2023-07-08T18:20:49Z</time></trkpt><trkpt lat="48.027007" lon="-123.433137"><ele>858.0</ele><time>2023-07-08T18:21:20Z</time></trkpt><trkpt lat="48.027016" lon="-123.433052"><ele>860.0</ele><time>2023-07-08T18:21:25Z</time></trkpt><trkpt lat="48.02701" lon="-123.43297"><ele>860.0</ele><time>2023-07-08T18:21:32Z</time></trkpt><trkpt lat="48.027023" lon="-123.432852"><ele>862.0</ele><time>2023-07-08T18:21:39Z</time></trkpt><trkpt lat="48.027012" lon="-123.432142"><ele>870.4</ele><time>2023-07-08T18:22:29Z</time></trkpt><trkpt lat="48.026966" lon="-123.431874"><ele>874.4</ele><time>2023-07-08T18:22:47Z</time></trkpt><trkpt lat="48.026892" lon="-123.431673"><ele>876.0</ele><time>2023-07-08T18:22:58Z</time></trkpt><trkpt lat="48.026836" lon="-123.431472"><ele>881.6</ele><time>2023-07-08T18:23:17Z</time></trkpt><trkpt lat="48.02685" lon="-123.431406"><ele>880.7</ele><time>2023-07-08T18:23:21Z</time></trkpt><trkpt lat="48.026886" lon="-123.431337"><ele>880.0</ele><time>2023-07-08T18:23:24Z</time></trkpt><trkpt lat="48.026866" lon="-123.43125"><ele>880.0</ele><time>2023-07-08T18:23:27Z</time></trkpt><trkpt lat="48.026747" lon="-123.431207"><ele>880.0</ele><time>2023-07-08T18:23:31Z</time></trkpt><trkpt lat="48.026661" lon="-123.43092"><ele>885.0</ele><time>2023-07-08T18:23:59Z</time></trkpt><trkpt lat="48.026632" lon="-123.430853"><ele>885.9</ele><time>2023-07-08T18:24:02Z</time></trkpt><trkpt lat="48.026632" lon="-123.430819"><ele>884.0</ele><time>2023-07-08T18:24:04Z</time></trkpt><trkpt lat="48.026606" lon="-123.43074"><ele>884.0</ele><time>2023-07-08T18:24:09Z</time></trkpt><trkpt lat="48.026529" lon="-123.430575"><ele>882.0</ele><time>2023-07-08T18:24:28Z</time></trkpt><trkpt lat="48.026442" lon="-123.430468"><ele>884.0</ele><time>2023-07-08T18:24:38Z</time></trkpt><trkpt lat="48.026332" lon="-123.430361"><ele>886.0</ele><time>2023-07-08T18:24:50Z</time></trkpt><trkpt lat="48.026178" lon="-123.430278"><ele>888.0</ele><time>2023-07-08T18:25:10Z</time></trkpt><trkpt lat="48.026085" lon="-123.430264"><ele>888.0</ele><time>2023-07-08T18:25:19Z</time></trkpt><trkpt lat="48.026006" lon="-123.43027"><ele>894.0</ele><time>2023-07-08T18:25:26Z</time></trkpt><trkpt lat="48.025878" lon="-123.430247"><ele>900.0</ele><time>2023-07-08T18:25:44Z</time></trkpt><trkpt lat="48.02583" lon="-123.430235"><ele>903.9</ele><time>2023-07-08T18:25:47Z</time></trkpt><trkpt lat="48.025772" lon="-123.430203"><ele>904.1</ele><time>2023-07-08T18:25:49Z</time></trkpt><trkpt lat="48.025734" lon="-123.430169"><ele>904.6</ele><time>2023-07-08T18:25:50Z</time></trkpt><trkpt lat="48.025683" lon="-123.4301"><ele>906.0</ele><time>2023-07-08T18:25:57Z</time></trkpt><trkpt lat="48.025697" lon="-123.430012"><ele>906.0</ele><time>2023-07-08T18:26:01Z</time></trkpt><trkpt lat="48.02566" lon="-123.429992"><ele>906.0</ele><time>2023-07-08T18:26:04Z</time></trkpt><trkpt lat="48.025636" lon="-123.430056"><ele>904.0</ele><time>2023-07-08T18:26:06Z</time></trkpt><trkpt lat="48.025469" lon="-123.4298"><ele>908.0</ele><time>2023-07-08T18:26:31Z</time></trkpt><trkpt lat="48.025416" lon="-123.42968"><ele>910.0</ele><time>2023-07-08T18:26:39Z</time></trkpt><trkpt lat="48.025361" lon="-123.42959"><ele>912.0</ele><time>2023-07-08T18:26:54Z</time></trkpt><trkpt lat="48.025302" lon="-123.429538"><ele>913.0</ele><time>2023-07-08T18:26:57Z</time></trkpt><trkpt lat="48.025329" lon="-123.429574"><ele>912.9</ele><time>2023-07-08T18:26:58Z</time></trkpt><trkpt lat="48.025266" lon="-123.429519"><ele>911.0</ele><time>2023-07-08T18:27:07Z</time></trkpt><trkpt lat="48.025053" lon="-123.429427"><ele>918.0</ele><time>2023-07-08T18:27:30Z</time></trkpt><trkpt lat="48.024659" lon="-123.429266"><ele>926.0</ele><time>2023-07-08T18:28:20Z</time></trkpt><trkpt lat="48.024607" lon="-123.429257"><ele>928.0</ele><time>2023-07-08T18:28:28Z</time></trkpt><trkpt lat="48.02458" lon="-123.429237"><ele>930.7</ele><time>2023-07-08T18:28:32Z</time></trkpt><trkpt lat="48.024547" lon="-123.429241"><ele>931.4</ele><time>2023-07-08T18:28:33Z</time></trkpt><trkpt lat="48.024508" lon="-123.429228"><ele>924.0</ele><time>2023-07-08T18:28:39Z</time></trkpt><trkpt lat="48.024371" lon="-123.429161"><ele>934.8</ele><time>2023-07-08T18:28:55Z</time></trkpt><trkpt lat="48.024435" lon="-123.429193"><ele>930.0</ele><time>2023-07-08T18:29:06Z</time></trkpt><trkpt lat="48.024411" lon="-123.429183"><ele>932.0</ele><time>2023-07-08T18:29:09Z</time></trkpt><trkpt lat="48.024438" lon="-123.429208"><ele>932.6</ele><time>2023-07-08T18:29:15Z</time></trkpt><trkpt lat="48.024402" lon="-123.429193"><ele>932.0</ele><time>2023-07-08T18:29:17Z</time></trkpt><trkpt lat="48.024465" lon="-123.429212"><ele>934.0</ele><time>2023-07-08T18:29:26Z</time></trkpt><trkpt lat="48.024435" lon="-123.429193"><ele>933.0</ele><time>2023-07-08T18:29:31Z</time></trkpt><trkpt lat="48.02442" lon="-123.429162"><ele>934.0</ele><time>2023-07-08T18:29:33Z</time></trkpt><trkpt lat="48.02442" lon="-123.428947"><ele>935.6</ele><time>2023-07-08T18:29:41Z</time></trkpt><trkpt lat="48.024447" lon="-123.428978"><ele>931.0</ele><time>2023-07-08T18:29:45Z</time></trkpt><trkpt lat="48.024401" lon="-123.429016"><ele>934.0</ele><time>2023-07-08T18:29:49Z</time></trkpt><trkpt lat="48.024383" lon="-123.429054"><ele>935.3</ele><time>2023-07-08T18:29:51Z</time></trkpt><trkpt lat="48.024401" lon="-123.428972"><ele>935.1</ele><time>2023-07-08T18:29:52Z</time></trkpt><trkpt lat="48.024368" lon="-123.428971"><ele>935.0</ele><time>2023-07-08T18:29:55Z</time></trkpt><trkpt lat="48.024398" lon="-123.428951"><ele>929.0</ele><time>2023-07-08T18:30:01Z</time></trkpt><trkpt lat="48.024345" lon="-123.428994"><ele>936.0</ele><time>2023-07-08T18:30:06Z</time></trkpt><trkpt lat="48.024307" lon="-123.429057"><ele>936.0</ele><time>2023-07-08T18:30:17Z</time></trkpt><trkpt lat="48.024308" lon="-123.429045"><ele>937.0</ele><time>2023-07-08T18:30:29Z</time></trkpt><trkpt lat="48.024306" lon="-123.42908"><ele>938.0</ele><time>2023-07-08T18:30:35Z</time></trkpt><trkpt lat="48.02434" lon="-123.429135"><ele>939.0</ele><time>2023-07-08T18:30:37Z</time></trkpt><trkpt lat="48.024321" lon="-123.429099"><ele>939.0</ele><time>2023-07-08T18:30:39Z</time></trkpt><trkpt lat="48.024362" lon="-123.429155"><ele>935.0</ele><time>2023-07-08T18:30:43Z</time></trkpt><trkpt lat="48.024393" lon="-123.429174"><ele>936.9</ele><time>2023-07-08T18:30:59Z</time></trkpt><trkpt lat="48.024367" lon="-123.429158"><ele>937.1</ele><time>2023-07-08T18:31:00Z</time></trkpt><trkpt lat="48.024338" lon="-123.429089"><ele>936.0</ele><time>2023-07-08T18:31:02Z</time></trkpt><trkpt lat="48.024321" lon="-123.428995"><ele>936.0</ele><time>2023-07-08T18:31:04Z</time></trkpt><trkpt lat="48.024354" lon="-123.428999"><ele>937.0</ele><time>2023-07-08T18:31:06Z</time></trkpt><trkpt lat="48.024412" lon="-123.429024"><ele>938.0</ele><time>2023-07-08T18:31:10Z</time></trkpt><trkpt lat="48.024452" lon="-123.429023"><ele>936.0</ele><time>2023-07-08T18:31:13Z</time></trkpt><trkpt lat="48.024484" lon="-123.429041"><ele>936.0</ele><time>2023-07-08T18:31:30Z</time></trkpt><trkpt lat="48.024436" lon="-123.429028"><ele>931.0</ele><time>2023-07-08T18:31:54Z</time></trkpt><trkpt lat="48.024459" lon="-123.429049"><ele>927.0</ele><time>2023-07-08T18:32:13Z</time></trkpt><trkpt lat="48.024489" lon="-123.429119"><ele>930.0</ele><time>2023-07-08T18:32:24Z</time></trkpt><trkpt lat="48.024386" lon="-123.42917"><ele>932.0</ele><time>2023-07-08T18:32:44Z</time></trkpt><trkpt lat="48.024323" lon="-123.429111"><ele>933.0</ele><time>2023-07-08T18:32:59Z</time></trkpt><trkpt lat="48.024361" lon="-123.429154"><ele>933.0</ele><time>2023-07-08T18:33:02Z</time></trkpt><trkpt lat="48.024299" lon="-123.429061"><ele>933.9</ele><time>2023-07-08T18:33:05Z</time></trkpt><trkpt lat="48.024309" lon="-123.429094"><ele>933.0</ele><time>2023-07-08T18:33:07Z</time></trkpt><trkpt lat="48.024264" lon="-123.428864"><ele>939.7</ele><time>2023-07-08T18:33:19Z</time></trkpt><trkpt lat="48.024273" lon="-123.428904"><ele>938.0</ele><time>2023-07-08T18:33:23Z</time></trkpt><trkpt lat="48.024254" lon="-123.428707"><ele>940.0</ele><time>2023-07-08T18:33:36Z</time></trkpt><trkpt lat="48.024259" lon="-123.428744"><ele>942.0</ele><time>2023-07-08T18:33:39Z</time></trkpt><trkpt lat="48.024264" lon="-123.428116"><ele>945.0</ele><time>2023-07-08T18:34:24Z</time></trkpt><trkpt lat="48.024285" lon="-123.427907"><ele>945.0</ele><time>2023-07-08T18:34:34Z</time></trkpt><trkpt lat="48.024405" lon="-123.427407"><ele>952.0</ele><time>2023-07-08T18:35:14Z</time></trkpt><trkpt lat="48.024546" lon="-123.426522"><ele>955.0</ele><time>2023-07-08T18:36:24Z</time></trkpt><trkpt lat="48.024695" lon="-123.425773"><ele>964.0</ele><time>2023-07-08T18:37:34Z</time></trkpt><trkpt lat="48.024706" lon="-123.425658"><ele>966.0</ele><time>2023-07-08T18:37:42Z</time></trkpt><trkpt lat="48.024701" lon="-123.425582"><ele>966.0</ele><time>2023-07-08T18:37:47Z</time></trkpt><trkpt lat="48.024664" lon="-123.42546"><ele>964.0</ele><time>2023-07-08T18:37:58Z</time></trkpt><trkpt lat="48.024618" lon="-123.425398"><ele>965.0</ele><time>2023-07-08T18:38:05Z</time></trkpt><trkpt lat="48.024561" lon="-123.425389"><ele>965.0</ele><time>2023-07-08T18:38:13Z</time></trkpt><trkpt lat="48.024503" lon="-123.425409"><ele>967.0</ele><time>2023-07-08T18:38:19Z</time></trkpt><trkpt lat="48.024418" lon="-123.425507"><ele>969.0</ele><time>2023-07-08T18:38:33Z</time></trkpt><trkpt lat="48.024402" lon="-123.425551"><ele>970.0</ele><time>2023-07-08T18:38:47Z</time></trkpt><trkpt lat="48.024434" lon="-123.425613"><ele>974.0</ele><time>2023-07-08T18:38:53Z</time></trkpt><trkpt lat="48.024448" lon="-123.425742"><ele>972.0</ele><time>2023-07-08T18:38:59Z</time></trkpt><trkpt lat="48.024406" lon="-123.425746"><ele>976.0</ele><time>2023-07-08T18:39:03Z</time></trkpt><trkpt lat="48.024408" lon="-123.425712"><ele>976.0</ele><time>2023-07-08T18:39:05Z</time></trkpt><trkpt lat="48.024425" lon="-123.425673"><ele>976.0</ele><time>2023-07-08T18:39:08Z</time></trkpt><trkpt lat="48.024399" lon="-123.425638"><ele>976.0</ele><time>2023-07-08T18:39:11Z</time></trkpt><trkpt lat="48.024315" lon="-123.425661"><ele>978.0</ele><time>2023-07-08T18:39:22Z</time></trkpt><trkpt lat="48.024219" lon="-123.425773"><ele>978.0</ele><time>2023-07-08T18:39:35Z</time></trkpt><trkpt lat="48.024183" lon="-123.425825"><ele>980.0</ele><time>2023-07-08T18:39:39Z</time></trkpt><trkpt lat="48.024172" lon="-123.425857"><ele>980.0</ele><time>2023-07-08T18:39:44Z</time></trkpt><trkpt lat="48.024028" lon="-123.426054"><ele>988.0</ele><time>2023-07-08T18:40:06Z</time></trkpt><trkpt lat="48.023983" lon="-123.426078"><ele>990.0</ele><time>2023-07-08T18:40:13Z</time></trkpt><trkpt lat="48.02389" lon="-123.426182"><ele>992.0</ele><time>2023-07-08T18:40:28Z</time></trkpt><trkpt lat="48.023875" lon="-123.426231"><ele>992.0</ele><time>2023-07-08T18:40:31Z</time></trkpt><trkpt lat="48.023751" lon="-123.426451"><ele>996.0</ele><time>2023-07-08T18:40:56Z</time></trkpt><trkpt lat="48.023713" lon="-123.426492"><ele>999.0</ele><time>2023-07-08T18:41:03Z</time></trkpt><trkpt lat="48.023716" lon="-123.426473"><ele>1001.0</ele><time>2023-07-08T18:41:08Z</time></trkpt><trkpt lat="48.023618" lon="-123.426553"><ele>1002.0</ele><time>2023-07-08T18:41:21Z</time></trkpt><trkpt lat="48.023582" lon="-123.426605"><ele>1000.0</ele><time>2023-07-08T18:41:25Z</time></trkpt><trkpt lat="48.023647" lon="-123.426526"><ele>999.0</ele><time>2023-07-08T18:41:50Z</time></trkpt><trkpt lat="48.023725" lon="-123.426493"><ele>1011.0</ele><time>2023-07-08T18:42:45Z</time></trkpt><trkpt lat="48.023691" lon="-123.426526"><ele>988.0</ele><time>2023-07-08T18:43:08Z</time></trkpt><trkpt lat="48.023665" lon="-123.426543"><ele>1005.0</ele><time>2023-07-08T18:45:16Z</time></trkpt><trkpt lat="48.023683" lon="-123.426478"><ele>1001.0</ele><time>2023-07-08T18:45:47Z</time></trkpt><trkpt lat="48.023679" lon="-123.426505"><ele>1004.0</ele><time>2023-07-08T18:45:59Z</time></trkpt><trkpt lat="48.023655" lon="-123.426483"><ele>1003.0</ele><time>2023-07-08T18:46:10Z</time></trkpt><trkpt lat="48.023653" lon="-123.426538"><ele>1001.0</ele><time>2023-07-08T18:46:31Z</time></trkpt><trkpt lat="48.023593" lon="-123.426643"><ele>1008.0</ele><time>2023-07-08T18:46:41Z</time></trkpt><trkpt lat="48.023576" lon="-123.426588"><ele>1008.4</ele><time>2023-07-08T18:46:45Z</time></trkpt><trkpt lat="48.023547" lon="-123.4266"><ele>1008.5</ele><time>2023-07-08T18:46:46Z</time></trkpt><trkpt lat="48.023569" lon="-123.426572"><ele>1007.0</ele><time>2023-07-08T18:46:49Z</time></trkpt><trkpt lat="48.02355" lon="-123.426553"><ele>1006.0</ele><time>2023-07-08T18:46:53Z</time></trkpt><trkpt lat="48.023535" lon="-123.426648"><ele>1007.3</ele><time>2023-07-08T18:46:58Z</time></trkpt><trkpt lat="48.023507" lon="-123.426632"><ele>1008.1</ele><time>2023-07-08T18:46:59Z</time></trkpt><trkpt lat="48.023503" lon="-123.426688"><ele>1008.0</ele><time>2023-07-08T18:47:03Z</time></trkpt><trkpt lat="48.023472" lon="-123.426715"><ele>1008.0</ele><time>2023-07-08T18:47:06Z</time></trkpt><trkpt lat="48.023482" lon="-123.426745"><ele>1008.0</ele><time>2023-07-08T18:47:09Z</time></trkpt><trkpt lat="48.023424" lon="-123.426898"><ele>1008.0</ele><time>2023-07-08T18:47:17Z</time></trkpt><trkpt lat="48.0234" lon="-123.426842"><ele>1010.0</ele><time>2023-07-08T18:47:21Z</time></trkpt><trkpt lat="48.023333" lon="-123.427091"><ele>1012.0</ele><time>2023-07-08T18:47:37Z</time></trkpt><trkpt lat="48.023345" lon="-123.427182"><ele>1015.2</ele><time>2023-07-08T18:47:40Z</time></trkpt><trkpt lat="48.023327" lon="-123.427209"><ele>1016.0</ele><time>2023-07-08T18:47:42Z</time></trkpt><trkpt lat="48.023299" lon="-123.427297"><ele>1015.0</ele><time>2023-07-08T18:47:51Z</time></trkpt><trkpt lat="48.023259" lon="-123.427355"><ele>1016.0</ele><time>2023-07-08T18:47:56Z</time></trkpt><trkpt lat="48.023237" lon="-123.427468"><ele>1018.0</ele><time>2023-07-08T18:48:03Z</time></trkpt><trkpt lat="48.0232" lon="-123.42756"><ele>1017.0</ele><time>2023-07-08T18:48:11Z</time></trkpt><trkpt lat="48.023189" lon="-123.427662"><ele>1021.2</ele><time>2023-07-08T18:48:17Z</time></trkpt><trkpt lat="48.023147" lon="-123.427682"><ele>1020.0</ele><time>2023-07-08T18:48:22Z</time></trkpt><trkpt lat="48.023123" lon="-123.42771"><ele>1020.0</ele><time>2023-07-08T18:48:26Z</time></trkpt><trkpt lat="48.023117" lon="-123.427768"><ele>1022.0</ele><time>2023-07-08T18:48:28Z</time></trkpt><trkpt lat="48.023094" lon="-123.427811"><ele>1022.0</ele><time>2023-07-08T18:48:31Z</time></trkpt><trkpt lat="48.023061" lon="-123.428002"><ele>1025.0</ele><time>2023-07-08T18:48:44Z</time></trkpt><trkpt lat="48.022953" lon="-123.428169"><ele>1030.0</ele><time>2023-07-08T18:48:58Z</time></trkpt><trkpt lat="48.022896" lon="-123.428213"><ele>1032.0</ele><time>2023-07-08T18:49:06Z</time></trkpt><trkpt lat="48.02289" lon="-123.428321"><ele>1032.0</ele><time>2023-07-08T18:49:11Z</time></trkpt><trkpt lat="48.022828" lon="-123.428425"><ele>1035.0</ele><time>2023-07-08T18:49:21Z</time></trkpt><trkpt lat="48.022788" lon="-123.428469"><ele>1036.0</ele><time>2023-07-08T18:49:27Z</time></trkpt><trkpt lat="48.022771" lon="-123.428566"><ele>1038.0</ele><time>2023-07-08T18:49:35Z</time></trkpt><trkpt lat="48.022701" lon="-123.428606"><ele>1040.9</ele><time>2023-07-08T18:49:42Z</time></trkpt><trkpt lat="48.022665" lon="-123.428679"><ele>1042.0</ele><time>2023-07-08T18:49:48Z</time></trkpt><trkpt lat="48.022639" lon="-123.428747"><ele>1042.0</ele><time>2023-07-08T18:49:54Z</time></trkpt><trkpt lat="48.022648" lon="-123.428781"><ele>1042.0</ele><time>2023-07-08T18:49:56Z</time></trkpt><trkpt lat="48.022636" lon="-123.428834"><ele>1041.0</ele><time>2023-07-08T18:49:58Z</time></trkpt><trkpt lat="48.022605" lon="-123.428879"><ele>1041.0</ele><time>2023-07-08T18:50:01Z</time></trkpt><trkpt lat="48.022568" lon="-123.429025"><ele>1041.0</ele><time>2023-07-08T18:50:11Z</time></trkpt><trkpt lat="48.022542" lon="-123.429031"><ele>1040.0</ele><time>2023-07-08T18:50:17Z</time></trkpt><trkpt lat="48.02251" lon="-123.42902"><ele>1041.9</ele><time>2023-07-08T18:50:20Z</time></trkpt><trkpt lat="48.022514" lon="-123.429084"><ele>1042.5</ele><time>2023-07-08T18:50:21Z</time></trkpt><trkpt lat="48.022543" lon="-123.429144"><ele>1041.0</ele><time>2023-07-08T18:50:26Z</time></trkpt><trkpt lat="48.022529" lon="-123.429181"><ele>1040.0</ele><time>2023-07-08T18:50:30Z</time></trkpt><trkpt lat="48.022495" lon="-123.429194"><ele>1041.0</ele><time>2023-07-08T18:50:34Z</time></trkpt><trkpt lat="48.022472" lon="-123.429228"><ele>1041.0</ele><time>2023-07-08T18:50:36Z</time></trkpt><trkpt lat="48.022464" lon="-123.429257"><ele>1041.7</ele><time>2023-07-08T18:50:38Z</time></trkpt><trkpt lat="48.022469" lon="-123.429303"><ele>1042.0</ele><time>2023-07-08T18:50:39Z</time></trkpt><trkpt lat="48.022452" lon="-123.429329"><ele>1042.0</ele><time>2023-07-08T18:50:41Z</time></trkpt><trkpt lat="48.022454" lon="-123.429362"><ele>1042.0</ele><time>2023-07-08T18:50:43Z</time></trkpt><trkpt lat="48.022402" lon="-123.429475"><ele>1042.0</ele><time>2023-07-08T18:50:49Z</time></trkpt><trkpt lat="48.022398" lon="-123.429619"><ele>1046.0</ele><time>2023-07-08T18:51:02Z</time></trkpt><trkpt lat="48.022417" lon="-123.42968"><ele>1048.0</ele><time>2023-07-08T18:51:06Z</time></trkpt><trkpt lat="48.022395" lon="-123.429805"><ele>1051.0</ele><time>2023-07-08T18:51:11Z</time></trkpt><trkpt lat="48.022391" lon="-123.429775"><ele>1050.0</ele><time>2023-07-08T18:51:13Z</time></trkpt><trkpt lat="48.022356" lon="-123.429842"><ele>1052.0</ele><time>2023-07-08T18:51:19Z</time></trkpt><trkpt lat="48.02235" lon="-123.429923"><ele>1053.0</ele><time>2023-07-08T18:51:22Z</time></trkpt><trkpt lat="48.022319" lon="-123.429931"><ele>1053.0</ele><time>2023-07-08T18:51:25Z</time></trkpt><trkpt lat="48.022305" lon="-123.429972"><ele>1054.5</ele><time>2023-07-08T18:51:26Z</time></trkpt><trkpt lat="48.022324" lon="-123.430007"><ele>1054.0</ele><time>2023-07-08T18:51:28Z</time></trkpt><trkpt lat="48.022327" lon="-123.43005"><ele>1054.0</ele><time>2023-07-08T18:51:31Z</time></trkpt><trkpt lat="48.022372" lon="-123.430106"><ele>1054.0</ele><time>2023-07-08T18:51:40Z</time></trkpt><trkpt lat="48.022364" lon="-123.430182"><ele>1053.0</ele><time>2023-07-08T18:51:46Z</time></trkpt><trkpt lat="48.022333" lon="-123.43023"><ele>1056.0</ele><time>2023-07-08T18:51:50Z</time></trkpt><trkpt lat="48.022305" lon="-123.430219"><ele>1055.0</ele><time>2023-07-08T18:51:54Z</time></trkpt><trkpt lat="48.022202" lon="-123.430315"><ele>1060.0</ele><time>2023-07-08T18:52:07Z</time></trkpt><trkpt lat="48.022189" lon="-123.430349"><ele>1059.0</ele><time>2023-07-08T18:52:09Z</time></trkpt><trkpt lat="48.022194" lon="-123.430401"><ele>1060.0</ele><time>2023-07-08T18:52:12Z</time></trkpt><trkpt lat="48.02218" lon="-123.430455"><ele>1061.0</ele><time>2023-07-08T18:52:14Z</time></trkpt><trkpt lat="48.022133" lon="-123.430423"><ele>1062.4</ele><time>2023-07-08T18:52:15Z</time></trkpt><trkpt lat="48.02213" lon="-123.430389"><ele>1062.3</ele><time>2023-07-08T18:52:16Z</time></trkpt><trkpt lat="48.022129" lon="-123.430467"><ele>1062.7</ele><time>2023-07-08T18:52:20Z</time></trkpt><trkpt lat="48.022117" lon="-123.430528"><ele>1062.0</ele><time>2023-07-08T18:52:22Z</time></trkpt><trkpt lat="48.022135" lon="-123.43058"><ele>1060.0</ele><time>2023-07-08T18:52:26Z</time></trkpt><trkpt lat="48.02213" lon="-123.43063"><ele>1062.7</ele><time>2023-07-08T18:52:29Z</time></trkpt><trkpt lat="48.022176" lon="-123.430738"><ele>1060.0</ele><time>2023-07-08T18:52:35Z</time></trkpt><trkpt lat="48.022205" lon="-123.430765"><ele>1062.0</ele><time>2023-07-08T18:52:40Z</time></trkpt><trkpt lat="48.022188" lon="-123.430792"><ele>1064.3</ele><time>2023-07-08T18:52:43Z</time></trkpt><trkpt lat="48.022236" lon="-123.430838"><ele>1063.0</ele><time>2023-07-08T18:52:47Z</time></trkpt><trkpt lat="48.022249" lon="-123.430989"><ele>1065.5</ele><time>2023-07-08T18:52:59Z</time></trkpt><trkpt lat="48.022273" lon="-123.431027"><ele>1065.0</ele><time>2023-07-08T18:53:02Z</time></trkpt><trkpt lat="48.022348" lon="-123.431031"><ele>1066.0</ele><time>2023-07-08T18:53:05Z</time></trkpt><trkpt lat="48.022338" lon="-123.431101"><ele>1064.0</ele><time>2023-07-08T18:53:11Z</time></trkpt><trkpt lat="48.02237" lon="-123.431123"><ele>1065.0</ele><time>2023-07-08T18:53:14Z</time></trkpt><trkpt lat="48.022437" lon="-123.431213"><ele>1067.0</ele><time>2023-07-08T18:53:22Z</time></trkpt><trkpt lat="48.022422" lon="-123.431249"><ele>1065.0</ele><time>2023-07-08T18:53:25Z</time></trkpt><trkpt lat="48.022444" lon="-123.43134"><ele>1068.0</ele><time>2023-07-08T18:53:30Z</time></trkpt><trkpt lat="48.022472" lon="-123.431299"><ele>1068.0</ele><time>2023-07-08T18:53:33Z</time></trkpt><trkpt lat="48.022465" lon="-123.431397"><ele>1068.3</ele><time>2023-07-08T18:53:37Z</time></trkpt><trkpt lat="48.022523" lon="-123.431469"><ele>1068.0</ele><time>2023-07-08T18:53:44Z</time></trkpt><trkpt lat="48.022559" lon="-123.43149"><ele>1068.0</ele><time>2023-07-08T18:53:46Z</time></trkpt><trkpt lat="48.022554" lon="-123.431454"><ele>1068.0</ele><time>2023-07-08T18:53:48Z</time></trkpt><trkpt lat="48.022547" lon="-123.431532"><ele>1070.0</ele><time>2023-07-08T18:53:53Z</time></trkpt><trkpt lat="48.022574" lon="-123.431583"><ele>1072.0</ele><time>2023-07-08T18:53:56Z</time></trkpt><trkpt lat="48.022589" lon="-123.43164"><ele>1072.0</ele><time>2023-07-08T18:53:59Z</time></trkpt><trkpt lat="48.022568" lon="-123.431681"><ele>1072.0</ele><time>2023-07-08T18:54:02Z</time></trkpt><trkpt lat="48.022539" lon="-123.431629"><ele>1072.0</ele><time>2023-07-08T18:54:06Z</time></trkpt><trkpt lat="48.022543" lon="-123.431595"><ele>1071.0</ele><time>2023-07-08T18:54:08Z</time></trkpt><trkpt lat="48.022484" lon="-123.431523"><ele>1071.0</ele><time>2023-07-08T18:54:13Z</time></trkpt><trkpt lat="48.022456" lon="-123.431512"><ele>1072.0</ele><time>2023-07-08T18:54:16Z</time></trkpt><trkpt lat="48.022416" lon="-123.431441"><ele>1071.0</ele><time>2023-07-08T18:54:20Z</time></trkpt><trkpt lat="48.022336" lon="-123.431363"><ele>1071.0</ele><time>2023-07-08T18:54:33Z</time></trkpt><trkpt lat="48.022293" lon="-123.431353"><ele>1071.8</ele><time>2023-07-08T18:54:36Z</time></trkpt><trkpt lat="48.022273" lon="-123.431325"><ele>1072.2</ele><time>2023-07-08T18:54:37Z</time></trkpt><trkpt lat="48.022243" lon="-123.431308"><ele>1070.0</ele><time>2023-07-08T18:54:40Z</time></trkpt><trkpt lat="48.022212" lon="-123.431259"><ele>1073.0</ele><time>2023-07-08T18:54:43Z</time></trkpt><trkpt lat="48.022224" lon="-123.431175"><ele>1077.0</ele><time>2023-07-08T18:54:52Z</time></trkpt><trkpt lat="48.022219" lon="-123.43121"><ele>1077.0</ele><time>2023-07-08T18:54:55Z</time></trkpt><trkpt lat="48.02209" lon="-123.43118"><ele>1074.0</ele><time>2023-07-08T18:55:03Z</time></trkpt><trkpt lat="48.022035" lon="-123.431037"><ele>1078.2</ele><time>2023-07-08T18:55:11Z</time></trkpt><trkpt lat="48.022013" lon="-123.431068"><ele>1076.0</ele><time>2023-07-08T18:55:13Z</time></trkpt><trkpt lat="48.02195" lon="-123.431012"><ele>1077.0</ele><time>2023-07-08T18:55:17Z</time></trkpt><trkpt lat="48.021916" lon="-123.431014"><ele>1074.0</ele><time>2023-07-08T18:55:22Z</time></trkpt><trkpt lat="48.021893" lon="-123.43099"><ele>1078.0</ele><time>2023-07-08T18:55:26Z</time></trkpt><trkpt lat="48.021876" lon="-123.430932"><ele>1078.0</ele><time>2023-07-08T18:55:28Z</time></trkpt><trkpt lat="48.021737" lon="-123.430783"><ele>1083.0</ele><time>2023-07-08T18:55:43Z</time></trkpt><trkpt lat="48.021723" lon="-123.430739"><ele>1083.0</ele><time>2023-07-08T18:55:46Z</time></trkpt><trkpt lat="48.021716" lon="-123.430769"><ele>1086.1</ele><time>2023-07-08T18:55:48Z</time></trkpt><trkpt lat="48.021645" lon="-123.430611"><ele>1088.0</ele><time>2023-07-08T18:55:59Z</time></trkpt><trkpt lat="48.021622" lon="-123.430602"><ele>1089.0</ele><time>2023-07-08T18:56:00Z</time></trkpt><trkpt lat="48.021631" lon="-123.430566"><ele>1089.0</ele><time>2023-07-08T18:56:02Z</time></trkpt><trkpt lat="48.021608" lon="-123.430416"><ele>1091.0</ele><time>2023-07-08T18:56:12Z</time></trkpt><trkpt lat="48.021628" lon="-123.430351"><ele>1089.0</ele><time>2023-07-08T18:56:20Z</time></trkpt><trkpt lat="48.021576" lon="-123.430277"><ele>1094.0</ele><time>2023-07-08T18:56:30Z</time></trkpt><trkpt lat="48.02156" lon="-123.430237"><ele>1092.0</ele><time>2023-07-08T18:56:32Z</time></trkpt><trkpt lat="48.021577" lon="-123.43021"><ele>1095.0</ele><time>2023-07-08T18:56:36Z</time></trkpt><trkpt lat="48.021562" lon="-123.43016"><ele>1095.0</ele><time>2023-07-08T18:56:40Z</time></trkpt><trkpt lat="48.021587" lon="-123.430125"><ele>1096.8</ele><time>2023-07-08T18:56:42Z</time></trkpt><trkpt lat="48.021591" lon="-123.430087"><ele>1096.0</ele><time>2023-07-08T18:56:43Z</time></trkpt><trkpt lat="48.021609" lon="-123.430051"><ele>1096.0</ele><time>2023-07-08T18:56:46Z</time></trkpt><trkpt lat="48.021578" lon="-123.429994"><ele>1098.3</ele><time>2023-07-08T18:56:51Z</time></trkpt><trkpt lat="48.021591" lon="-123.429963"><ele>1098.0</ele><time>2023-07-08T18:56:53Z</time></trkpt><trkpt lat="48.021554" lon="-123.429882"><ele>1098.0</ele><time>2023-07-08T18:56:57Z</time></trkpt><trkpt lat="48.021587" lon="-123.42986"><ele>1098.0</ele><time>2023-07-08T18:56:59Z</time></trkpt><trkpt lat="48.021603" lon="-123.429811"><ele>1098.0</ele><time>2023-07-08T18:57:01Z</time></trkpt><trkpt lat="48.021572" lon="-123.429788"><ele>1099.0</ele><time>2023-07-08T18:57:04Z</time></trkpt><trkpt lat="48.021542" lon="-123.429674"><ele>1101.0</ele><time>2023-07-08T18:57:13Z</time></trkpt><trkpt lat="48.021513" lon="-123.429647"><ele>1102.9</ele><time>2023-07-08T18:57:15Z</time></trkpt><trkpt lat="48.02149" lon="-123.429547"><ele>1100.0</ele><time>2023-07-08T18:57:21Z</time></trkpt><trkpt lat="48.0215" lon="-123.429517"><ele>1100.0</ele><time>2023-07-08T18:57:25Z</time></trkpt><trkpt lat="48.021466" lon="-123.429449"><ele>1102.0</ele><time>2023-07-08T18:57:30Z</time></trkpt><trkpt lat="48.021491" lon="-123.429347"><ele>1102.8</ele><time>2023-07-08T18:57:37Z</time></trkpt><trkpt lat="48.021485" lon="-123.429247"><ele>1101.0</ele><time>2023-07-08T18:57:44Z</time></trkpt><trkpt lat="48.021448" lon="-123.429187"><ele>1098.0</ele><time>2023-07-08T18:57:50Z</time></trkpt><trkpt lat="48.02141" lon="-123.429182"><ele>1099.0</ele><time>2023-07-08T18:57:57Z</time></trkpt><trkpt lat="48.021374" lon="-123.429217"><ele>1098.0</ele><time>2023-07-08T18:58:04Z</time></trkpt><trkpt lat="48.021308" lon="-123.429222"><ele>1099.0</ele><time>2023-07-08T18:58:10Z</time></trkpt><trkpt lat="48.021252" lon="-123.429188"><ele>1101.0</ele><time>2023-07-08T18:58:16Z</time></trkpt><trkpt lat="48.021267" lon="-123.429236"><ele>1102.0</ele><time>2023-07-08T18:58:19Z</time></trkpt><trkpt lat="48.021234" lon="-123.429244"><ele>1100.0</ele><time>2023-07-08T18:58:22Z</time></trkpt><trkpt lat="48.021181" lon="-123.429236"><ele>1102.0</ele><time>2023-07-08T18:58:25Z</time></trkpt><trkpt lat="48.021113" lon="-123.429277"><ele>1101.0</ele><time>2023-07-08T18:58:34Z</time></trkpt><trkpt lat="48.021069" lon="-123.429276"><ele>1102.0</ele><time>2023-07-08T18:58:38Z</time></trkpt><trkpt lat="48.02105" lon="-123.429208"><ele>1104.0</ele><time>2023-07-08T18:58:42Z</time></trkpt><trkpt lat="48.021014" lon="-123.429151"><ele>1104.0</ele><time>2023-07-08T18:58:46Z</time></trkpt><trkpt lat="48.021013" lon="-123.429189"><ele>1104.0</ele><time>2023-07-08T18:58:51Z</time></trkpt><trkpt lat="48.020978" lon="-123.42919"><ele>1104.0</ele><time>2023-07-08T18:58:56Z</time></trkpt><trkpt lat="48.020911" lon="-123.429174"><ele>1104.0</ele><time>2023-07-08T18:59:02Z</time></trkpt><trkpt lat="48.020753" lon="-123.429179"><ele>1104.0</ele><time>2023-07-08T18:59:15Z</time></trkpt><trkpt lat="48.020706" lon="-123.429204"><ele>1107.0</ele><time>2023-07-08T18:59:21Z</time></trkpt><trkpt lat="48.020694" lon="-123.429255"><ele>1108.4</ele><time>2023-07-08T18:59:25Z</time></trkpt><trkpt lat="48.02057" lon="-123.429308"><ele>1113.0</ele><time>2023-07-08T18:59:38Z</time></trkpt><trkpt lat="48.020518" lon="-123.429318"><ele>1113.0</ele><time>2023-07-08T18:59:44Z</time></trkpt><trkpt lat="48.020478" lon="-123.429347"><ele>1115.0</ele><time>2023-07-08T18:59:48Z</time></trkpt><trkpt lat="48.020365" lon="-123.429325"><ele>1118.0</ele><time>2023-07-08T18:59:56Z</time></trkpt><trkpt lat="48.020343" lon="-123.429364"><ele>1117.0</ele><time>2023-07-08T18:59:59Z</time></trkpt><trkpt lat="48.020268" lon="-123.429397"><ele>1121.0</ele><time>2023-07-08T19:00:08Z</time></trkpt><trkpt lat="48.020148" lon="-123.429508"><ele>1124.0</ele><time>2023-07-08T19:00:22Z</time></trkpt><trkpt lat="48.020139" lon="-123.429544"><ele>1125.0</ele><time>2023-07-08T19:00:25Z</time></trkpt><trkpt lat="48.020088" lon="-123.429568"><ele>1127.0</ele><time>2023-07-08T19:00:28Z</time></trkpt><trkpt lat="48.020073" lon="-123.42961"><ele>1128.0</ele><time>2023-07-08T19:00:31Z</time></trkpt><trkpt lat="48.020033" lon="-123.429614"><ele>1128.0</ele><time>2023-07-08T19:00:34Z</time></trkpt><trkpt lat="48.020021" lon="-123.429658"><ele>1130.0</ele><time>2023-07-08T19:00:38Z</time></trkpt><trkpt lat="48.019942" lon="-123.429721"><ele>1128.0</ele><time>2023-07-08T19:00:51Z</time></trkpt><trkpt lat="48.019906" lon="-123.429777"><ele>1134.0</ele><time>2023-07-08T19:00:56Z</time></trkpt><trkpt lat="48.019868" lon="-123.429794"><ele>1134.0</ele><time>2023-07-08T19:00:59Z</time></trkpt><trkpt lat="48.019866" lon="-123.429763"><ele>1134.0</ele><time>2023-07-08T19:01:01Z</time></trkpt><trkpt lat="48.019849" lon="-123.429767"><ele>1134.0</ele><time>2023-07-08T19:01:04Z</time></trkpt><trkpt lat="48.019831" lon="-123.429704"><ele>1134.0</ele><time>2023-07-08T19:01:14Z</time></trkpt><trkpt lat="48.019848" lon="-123.429664"><ele>1139.0</ele><time>2023-07-08T19:01:47Z</time></trkpt><trkpt lat="48.01982" lon="-123.429666"><ele>1145.0</ele><time>2023-07-08T19:01:57Z</time></trkpt><trkpt lat="48.019813" lon="-123.429709"><ele>1144.0</ele><time>2023-07-08T19:02:01Z</time></trkpt><trkpt lat="48.019793" lon="-123.429664"><ele>1136.0</ele><time>2023-07-08T19:02:10Z</time></trkpt><trkpt lat="48.019834" lon="-123.429653"><ele>1140.0</ele><time>2023-07-08T19:02:23Z</time></trkpt><trkpt lat="48.019858" lon="-123.429633"><ele>1140.0</ele><time>2023-07-08T19:02:31Z</time></trkpt><trkpt lat="48.01985" lon="-123.429679"><ele>1140.0</ele><time>2023-07-08T19:02:41Z</time></trkpt><trkpt lat="48.019832" lon="-123.429662"><ele>1145.0</ele><time>2023-07-08T19:03:31Z</time></trkpt><trkpt lat="48.019792" lon="-123.429616"><ele>1145.6</ele><time>2023-07-08T19:03:34Z</time></trkpt><trkpt lat="48.019825" lon="-123.429619"><ele>1144.7</ele><time>2023-07-08T19:03:35Z</time></trkpt><trkpt lat="48.019829" lon="-123.42966"><ele>1142.0</ele><time>2023-07-08T19:03:36Z</time></trkpt><trkpt lat="48.019869" lon="-123.429635"><ele>1141.0</ele><time>2023-07-08T19:03:39Z</time></trkpt><trkpt lat="48.019854" lon="-123.429677"><ele>1133.0</ele><time>2023-07-08T19:03:54Z</time></trkpt><trkpt lat="48.019796" lon="-123.429721"><ele>1137.0</ele><time>2023-07-08T19:04:08Z</time></trkpt><trkpt lat="48.019863" lon="-123.429688"><ele>1132.0</ele><time>2023-07-08T19:04:20Z</time></trkpt><trkpt lat="48.019835" lon="-123.429656"><ele>1144.0</ele><time>2023-07-08T19:04:26Z</time></trkpt><trkpt lat="48.019793" lon="-123.429702"><ele>1134.0</ele><time>2023-07-08T19:05:26Z</time></trkpt><trkpt lat="48.019842" lon="-123.429732"><ele>1125.0</ele><time>2023-07-08T19:05:53Z</time></trkpt><trkpt lat="48.019856" lon="-123.429666"><ele>1136.0</ele><time>2023-07-08T19:06:07Z</time></trkpt><trkpt lat="48.019869" lon="-123.429673"><ele>1134.0</ele><time>2023-07-08T19:06:17Z</time></trkpt><trkpt lat="48.019895" lon="-123.429611"><ele>1133.0</ele><time>2023-07-08T19:06:37Z</time></trkpt><trkpt lat="48.019825" lon="-123.429721"><ele>1140.0</ele><time>2023-07-08T19:06:55Z</time></trkpt><trkpt lat="48.019774" lon="-123.429711"><ele>1140.0</ele><time>2023-07-08T19:06:57Z</time></trkpt><trkpt lat="48.019772" lon="-123.429764"><ele>1139.0</ele><time>2023-07-08T19:07:02Z</time></trkpt><trkpt lat="48.019734" lon="-123.429736"><ele>1139.0</ele><time>2023-07-08T19:07:06Z</time></trkpt><trkpt lat="48.019698" lon="-123.429736"><ele>1140.0</ele><time>2023-07-08T19:07:09Z</time></trkpt><trkpt lat="48.019687" lon="-123.429765"><ele>1140.0</ele><time>2023-07-08T19:07:11Z</time></trkpt><trkpt lat="48.019653" lon="-123.429777"><ele>1140.0</ele><time>2023-07-08T19:07:15Z</time></trkpt><trkpt lat="48.019652" lon="-123.429827"><ele>1140.9</ele><time>2023-07-08T19:07:18Z</time></trkpt><trkpt lat="48.019617" lon="-123.429793"><ele>1140.0</ele><time>2023-07-08T19:07:19Z</time></trkpt><trkpt lat="48.019588" lon="-123.429801"><ele>1140.0</ele><time>2023-07-08T19:07:22Z</time></trkpt><trkpt lat="48.019561" lon="-123.429778"><ele>1140.0</ele><time>2023-07-08T19:07:24Z</time></trkpt><trkpt lat="48.019525" lon="-123.429777"><ele>1140.0</ele><time>2023-07-08T19:07:27Z</time></trkpt><trkpt lat="48.019452" lon="-123.429725"><ele>1140.0</ele><time>2023-07-08T19:07:33Z</time></trkpt><trkpt lat="48.019347" lon="-123.429723"><ele>1140.0</ele><time>2023-07-08T19:07:43Z</time></trkpt><trkpt lat="48.019339" lon="-123.429756"><ele>1140.0</ele><time>2023-07-08T19:07:46Z</time></trkpt><trkpt lat="48.019215" lon="-123.429861"><ele>1140.0</ele><time>2023-07-08T19:07:59Z</time></trkpt><trkpt lat="48.019167" lon="-123.429884"><ele>1140.0</ele><time>2023-07-08T19:08:04Z</time></trkpt><trkpt lat="48.019101" lon="-123.429965"><ele>1140.0</ele><time>2023-07-08T19:08:09Z</time></trkpt><trkpt lat="48.019061" lon="-123.429992"><ele>1140.0</ele><time>2023-07-08T19:08:14Z</time></trkpt><trkpt lat="48.018979" lon="-123.430099"><ele>1140.0</ele><time>2023-07-08T19:08:26Z</time></trkpt><trkpt lat="48.01889" lon="-123.430168"><ele>1147.0</ele><time>2023-07-08T19:08:35Z</time></trkpt><trkpt lat="48.018881" lon="-123.430216"><ele>1148.7</ele><time>2023-07-08T19:08:39Z</time></trkpt><trkpt lat="48.018848" lon="-123.43028"><ele>1148.0</ele><time>2023-07-08T19:08:44Z</time></trkpt><trkpt lat="48.018825" lon="-123.43026"><ele>1148.0</ele><time>2023-07-08T19:08:46Z</time></trkpt><trkpt lat="48.018819" lon="-123.430292"><ele>1149.0</ele><time>2023-07-08T19:08:48Z</time></trkpt><trkpt lat="48.01876" lon="-123.430336"><ele>1149.0</ele><time>2023-07-08T19:08:54Z</time></trkpt><trkpt lat="48.018688" lon="-123.430418"><ele>1153.0</ele><time>2023-07-08T19:09:04Z</time></trkpt><trkpt lat="48.018653" lon="-123.430418"><ele>1152.0</ele><time>2023-07-08T19:09:07Z</time></trkpt><trkpt lat="48.01862" lon="-123.430492"><ele>1155.9</ele><time>2023-07-08T19:09:12Z</time></trkpt><trkpt lat="48.018559" lon="-123.430552"><ele>1157.2</ele><time>2023-07-08T19:09:15Z</time></trkpt><trkpt lat="48.018572" lon="-123.430591"><ele>1156.0</ele><time>2023-07-08T19:09:18Z</time></trkpt><trkpt lat="48.018521" lon="-123.430662"><ele>1159.0</ele><time>2023-07-08T19:09:23Z</time></trkpt><trkpt lat="48.018513" lon="-123.430636"><ele>1160.0</ele><time>2023-07-08T19:09:28Z</time></trkpt><trkpt lat="48.018484" lon="-123.430643"><ele>1161.0</ele><time>2023-07-08T19:09:34Z</time></trkpt><trkpt lat="48.018367" lon="-123.430714"><ele>1163.4</ele><time>2023-07-08T19:09:42Z</time></trkpt><trkpt lat="48.018374" lon="-123.430631"><ele>1161.0</ele><time>2023-07-08T19:09:46Z</time></trkpt><trkpt lat="48.01834" lon="-123.430621"><ele>1161.0</ele><time>2023-07-08T19:09:49Z</time></trkpt><trkpt lat="48.018297" lon="-123.430631"><ele>1162.0</ele><time>2023-07-08T19:09:51Z</time></trkpt><trkpt lat="48.018268" lon="-123.430601"><ele>1161.0</ele><time>2023-07-08T19:09:55Z</time></trkpt><trkpt lat="48.018183" lon="-123.430594"><ele>1161.0</ele><time>2023-07-08T19:10:04Z</time></trkpt><trkpt lat="48.018152" lon="-123.430655"><ele>1164.0</ele><time>2023-07-08T19:10:10Z</time></trkpt><trkpt lat="48.018065" lon="-123.430722"><ele>1164.0</ele><time>2023-07-08T19:10:15Z</time></trkpt><trkpt lat="48.018039" lon="-123.430784"><ele>1165.7</ele><time>2023-07-08T19:10:20Z</time></trkpt><trkpt lat="48.01806" lon="-123.430697"><ele>1164.0</ele><time>2023-07-08T19:10:25Z</time></trkpt><trkpt lat="48.017996" lon="-123.430756"><ele>1164.0</ele><time>2023-07-08T19:10:31Z</time></trkpt><trkpt lat="48.018011" lon="-123.43072"><ele>1165.3</ele><time>2023-07-08T19:10:33Z</time></trkpt><trkpt lat="48.017941" lon="-123.430692"><ele>1162.0</ele><time>2023-07-08T19:10:38Z</time></trkpt><trkpt lat="48.017926" lon="-123.430656"><ele>1166.4</ele><time>2023-07-08T19:10:42Z</time></trkpt><trkpt lat="48.017848" lon="-123.430618"><ele>1165.0</ele><time>2023-07-08T19:10:50Z</time></trkpt><trkpt lat="48.0178" lon="-123.430558"><ele>1167.0</ele><time>2023-07-08T19:10:57Z</time></trkpt><trkpt lat="48.017734" lon="-123.430524"><ele>1167.0</ele><time>2023-07-08T19:11:03Z</time></trkpt><trkpt lat="48.017696" lon="-123.430531"><ele>1168.0</ele><time>2023-07-08T19:11:05Z</time></trkpt><trkpt lat="48.017653" lon="-123.430508"><ele>1168.0</ele><time>2023-07-08T19:11:08Z</time></trkpt><trkpt lat="48.017618" lon="-123.430552"><ele>1167.0</ele><time>2023-07-08T19:11:12Z</time></trkpt><trkpt lat="48.01761" lon="-123.430596"><ele>1168.0</ele><time>2023-07-08T19:11:16Z</time></trkpt><trkpt lat="48.017551" lon="-123.430601"><ele>1168.0</ele><time>2023-07-08T19:11:20Z</time></trkpt><trkpt lat="48.017474" lon="-123.430637"><ele>1170.0</ele><time>2023-07-08T19:11:30Z</time></trkpt><trkpt lat="48.017449" lon="-123.430675"><ele>1170.0</ele><time>2023-07-08T19:11:33Z</time></trkpt><trkpt lat="48.017415" lon="-123.430696"><ele>1170.0</ele><time>2023-07-08T19:11:37Z</time></trkpt><trkpt lat="48.017357" lon="-123.430638"><ele>1172.9</ele><time>2023-07-08T19:11:43Z</time></trkpt><trkpt lat="48.017344" lon="-123.430703"><ele>1170.0</ele><time>2023-07-08T19:11:46Z</time></trkpt><trkpt lat="48.017263" lon="-123.430792"><ele>1173.0</ele><time>2023-07-08T19:11:55Z</time></trkpt><trkpt lat="48.017221" lon="-123.430799"><ele>1174.4</ele><time>2023-07-08T19:11:58Z</time></trkpt><trkpt lat="48.017207" lon="-123.430775"><ele>1175.0</ele><time>2023-07-08T19:12:00Z</time></trkpt><trkpt lat="48.017169" lon="-123.430757"><ele>1175.0</ele><time>2023-07-08T19:12:03Z</time></trkpt><trkpt lat="48.017158" lon="-123.430709"><ele>1176.0</ele><time>2023-07-08T19:12:08Z</time></trkpt><trkpt lat="48.017067" lon="-123.430657"><ele>1177.0</ele><time>2023-07-08T19:12:14Z</time></trkpt><trkpt lat="48.017022" lon="-123.430676"><ele>1177.0</ele><time>2023-07-08T19:12:18Z</time></trkpt><trkpt lat="48.016911" lon="-123.430685"><ele>1179.0</ele><time>2023-07-08T19:12:30Z</time></trkpt><trkpt lat="48.016879" lon="-123.43064"><ele>1180.0</ele><time>2023-07-08T19:12:35Z</time></trkpt><trkpt lat="48.016849" lon="-123.430666"><ele>1180.8</ele><time>2023-07-08T19:12:37Z</time></trkpt><trkpt lat="48.016838" lon="-123.430695"><ele>1180.0</ele><time>2023-07-08T19:12:39Z</time></trkpt><trkpt lat="48.016731" lon="-123.430699"><ele>1180.0</ele><time>2023-07-08T19:12:46Z</time></trkpt><trkpt lat="48.016705" lon="-123.430725"><ele>1182.0</ele><time>2023-07-08T19:12:48Z</time></trkpt><trkpt lat="48.016624" lon="-123.430758"><ele>1183.0</ele><time>2023-07-08T19:12:59Z</time></trkpt><trkpt lat="48.016608" lon="-123.430719"><ele>1184.0</ele><time>2023-07-08T19:13:02Z</time></trkpt><trkpt lat="48.016585" lon="-123.430751"><ele>1184.0</ele><time>2023-07-08T19:13:04Z</time></trkpt><trkpt lat="48.016551" lon="-123.430767"><ele>1185.0</ele><time>2023-07-08T19:13:06Z</time></trkpt><trkpt lat="48.016519" lon="-123.430766"><ele>1185.0</ele><time>2023-07-08T19:13:08Z</time></trkpt><trkpt lat="48.016477" lon="-123.430792"><ele>1186.0</ele><time>2023-07-08T19:13:11Z</time></trkpt><trkpt lat="48.016399" lon="-123.43079"><ele>1184.0</ele><time>2023-07-08T19:13:16Z</time></trkpt><trkpt lat="48.016363" lon="-123.430739"><ele>1190.0</ele><time>2023-07-08T19:13:24Z</time></trkpt><trkpt lat="48.016249" lon="-123.430711"><ele>1191.0</ele><time>2023-07-08T19:13:37Z</time></trkpt><trkpt lat="48.016196" lon="-123.430713"><ele>1193.2</ele><time>2023-07-08T19:13:40Z</time></trkpt><trkpt lat="48.016038" lon="-123.430653"><ele>1192.0</ele><time>2023-07-08T19:13:58Z</time></trkpt><trkpt lat="48.015873" lon="-123.430634"><ele>1196.0</ele><time>2023-07-08T19:14:13Z</time></trkpt><trkpt lat="48.01575" lon="-123.430645"><ele>1198.0</ele><time>2023-07-08T19:14:25Z</time></trkpt><trkpt lat="48.015617" lon="-123.430674"><ele>1201.0</ele><time>2023-07-08T19:14:35Z</time></trkpt><trkpt lat="48.015291" lon="-123.430778"><ele>1209.0</ele><time>2023-07-08T19:15:11Z</time></trkpt><trkpt lat="48.015242" lon="-123.430779"><ele>1206.0</ele><time>2023-07-08T19:15:15Z</time></trkpt><trkpt lat="48.014919" lon="-123.430925"><ele>1211.0</ele><time>2023-07-08T19:15:53Z</time></trkpt><trkpt lat="48.014589" lon="-123.43113"><ele>1222.0</ele><time>2023-07-08T19:16:39Z</time></trkpt><trkpt lat="48.014619" lon="-123.431115"><ele>1221.0</ele><time>2023-07-08T19:16:44Z</time></trkpt><trkpt lat="48.014656" lon="-123.431241"><ele>1222.0</ele><time>2023-07-08T19:16:58Z</time></trkpt><trkpt lat="48.014644" lon="-123.431176"><ele>1223.8</ele><time>2023-07-08T19:17:09Z</time></trkpt><trkpt lat="48.014603" lon="-123.431096"><ele>1221.0</ele><time>2023-07-08T19:17:11Z</time></trkpt><trkpt lat="48.014677" lon="-123.431068"><ele>1216.0</ele><time>2023-07-08T19:17:33Z</time></trkpt><trkpt lat="48.01467" lon="-123.431079"><ele>1218.0</ele><time>2023-07-08T19:22:30Z</time></trkpt><trkpt lat="48.014489" lon="-123.43119"><ele>1227.4</ele><time>2023-07-08T19:23:04Z</time></trkpt><trkpt lat="48.014316" lon="-123.431271"><ele>1228.3</ele><time>2023-07-08T19:23:27Z</time></trkpt><trkpt lat="48.014212" lon="-123.4313"><ele>1229.0</ele><time>2023-07-08T19:23:35Z</time></trkpt><trkpt lat="48.014114" lon="-123.431307"><ele>1230.0</ele><time>2023-07-08T19:23:48Z</time></trkpt><trkpt lat="48.013537" lon="-123.431176"><ele>1235.0</ele><time>2023-07-08T19:24:48Z</time></trkpt><trkpt lat="48.013499" lon="-123.431176"><ele>1235.0</ele><time>2023-07-08T19:24:50Z</time></trkpt><trkpt lat="48.01332" lon="-123.431246"><ele>1235.0</ele><time>2023-07-08T19:25:04Z</time></trkpt><trkpt lat="48.013187" lon="-123.43131"><ele>1240.0</ele><time>2023-07-08T19:25:17Z</time></trkpt><trkpt lat="48.013103" lon="-123.431367"><ele>1240.0</ele><time>2023-07-08T19:25:26Z</time></trkpt><trkpt lat="48.013033" lon="-123.431397"><ele>1241.0</ele><time>2023-07-08T19:25:33Z</time></trkpt><trkpt lat="48.012765" lon="-123.431455"><ele>1249.0</ele><time>2023-07-08T19:26:06Z</time></trkpt><trkpt lat="48.012619" lon="-123.431462"><ele>1250.0</ele><time>2023-07-08T19:26:23Z</time></trkpt><trkpt lat="48.012547" lon="-123.43144"><ele>1248.0</ele><time>2023-07-08T19:26:30Z</time></trkpt><trkpt lat="48.012396" lon="-123.43142"><ele>1248.0</ele><time>2023-07-08T19:26:48Z</time></trkpt><trkpt lat="48.012202" lon="-123.431341"><ele>1251.0</ele><time>2023-07-08T19:27:10Z</time></trkpt><trkpt lat="48.012037" lon="-123.43125"><ele>1253.0</ele><time>2023-07-08T19:27:30Z</time></trkpt><trkpt lat="48.011874" lon="-123.431233"><ele>1257.0</ele><time>2023-07-08T19:27:50Z</time></trkpt><trkpt lat="48.0117" lon="-123.431285"><ele>1260.0</ele><time>2023-07-08T19:28:09Z</time></trkpt><trkpt lat="48.01161" lon="-123.431287"><ele>1263.5</ele><time>2023-07-08T19:28:20Z</time></trkpt><trkpt lat="48.011553" lon="-123.431251"><ele>1262.0</ele><time>2023-07-08T19:28:28Z</time></trkpt><trkpt lat="48.011526" lon="-123.431219"><ele>1264.0</ele><time>2023-07-08T19:28:30Z</time></trkpt><trkpt lat="48.011392" lon="-123.431163"><ele>1266.0</ele><time>2023-07-08T19:28:53Z</time></trkpt><trkpt lat="48.011277" lon="-123.431156"><ele>1269.0</ele><time>2023-07-08T19:29:02Z</time></trkpt><trkpt lat="48.011245" lon="-123.431167"><ele>1268.0</ele><time>2023-07-08T19:29:06Z</time></trkpt><trkpt lat="48.011148" lon="-123.431246"><ele>1274.0</ele><time>2023-07-08T19:29:22Z</time></trkpt><trkpt lat="48.0111" lon="-123.431262"><ele>1275.0</ele><time>2023-07-08T19:29:25Z</time></trkpt><trkpt lat="48.011037" lon="-123.431263"><ele>1276.0</ele><time>2023-07-08T19:29:33Z</time></trkpt><trkpt lat="48.010913" lon="-123.43124"><ele>1280.0</ele><time>2023-07-08T19:29:53Z</time></trkpt><trkpt lat="48.010865" lon="-123.431297"><ele>1282.0</ele><time>2023-07-08T19:30:02Z</time></trkpt><trkpt lat="48.010846" lon="-123.431335"><ele>1283.0</ele><time>2023-07-08T19:30:05Z</time></trkpt><trkpt lat="48.010831" lon="-123.431449"><ele>1288.0</ele><time>2023-07-08T19:30:16Z</time></trkpt><trkpt lat="48.010827" lon="-123.431536"><ele>1290.0</ele><time>2023-07-08T19:30:26Z</time></trkpt><trkpt lat="48.010854" lon="-123.431703"><ele>1294.2</ele><time>2023-07-08T19:30:36Z</time></trkpt><trkpt lat="48.010854" lon="-123.431787"><ele>1296.0</ele><time>2023-07-08T19:30:47Z</time></trkpt><trkpt lat="48.010815" lon="-123.43185"><ele>1295.0</ele><time>2023-07-08T19:30:54Z</time></trkpt><trkpt lat="48.010742" lon="-123.431893"><ele>1299.0</ele><time>2023-07-08T19:31:03Z</time></trkpt><trkpt lat="48.010593" lon="-123.431914"><ele>1299.0</ele><time>2023-07-08T19:31:18Z</time></trkpt><trkpt lat="48.010396" lon="-123.431905"><ele>1298.0</ele><time>2023-07-08T19:31:41Z</time></trkpt><trkpt lat="48.010354" lon="-123.431925"><ele>1298.0</ele><time>2023-07-08T19:31:45Z</time></trkpt><trkpt lat="48.010265" lon="-123.432007"><ele>1299.0</ele><time>2023-07-08T19:31:56Z</time></trkpt><trkpt lat="48.010216" lon="-123.432088"><ele>1300.0</ele><time>2023-07-08T19:32:19Z</time></trkpt><trkpt lat="48.010102" lon="-123.43232"><ele>1301.0</ele><time>2023-07-08T19:32:38Z</time></trkpt><trkpt lat="48.010026" lon="-123.432551"><ele>1301.0</ele><time>2023-07-08T19:32:55Z</time></trkpt><trkpt lat="48.01001" lon="-123.432638"><ele>1302.0</ele><time>2023-07-08T19:33:01Z</time></trkpt><trkpt lat="48.009923" lon="-123.432863"><ele>1304.0</ele><time>2023-07-08T19:33:15Z</time></trkpt><trkpt lat="48.009889" lon="-123.432926"><ele>1306.0</ele><time>2023-07-08T19:33:21Z</time></trkpt><trkpt lat="48.009881" lon="-123.433003"><ele>1306.1</ele><time>2023-07-08T19:33:27Z</time></trkpt><trkpt lat="48.009833" lon="-123.433098"><ele>1306.0</ele><time>2023-07-08T19:33:32Z</time></trkpt><trkpt lat="48.009796" lon="-123.433066"><ele>1304.0</ele><time>2023-07-08T19:33:36Z</time></trkpt><trkpt lat="48.00972" lon="-123.433029"><ele>1303.0</ele><time>2023-07-08T19:33:46Z</time></trkpt><trkpt lat="48.00967" lon="-123.433029"><ele>1302.0</ele><time>2023-07-08T19:33:50Z</time></trkpt><trkpt lat="48.009641" lon="-123.433011"><ele>1302.0</ele><time>2023-07-08T19:33:53Z</time></trkpt><trkpt lat="48.009558" lon="-123.433004"><ele>1300.0</ele><time>2023-07-08T19:33:59Z</time></trkpt><trkpt lat="48.009472" lon="-123.433024"><ele>1300.0</ele><time>2023-07-08T19:34:09Z</time></trkpt><trkpt lat="48.009375" lon="-123.433072"><ele>1302.0</ele><time>2023-07-08T19:34:18Z</time></trkpt><trkpt lat="48.009338" lon="-123.433072"><ele>1300.0</ele><time>2023-07-08T19:34:22Z</time></trkpt><trkpt lat="48.00931" lon="-123.433061"><ele>1302.0</ele><time>2023-07-08T19:34:25Z</time></trkpt><trkpt lat="48.00919" lon="-123.432956"><ele>1300.0</ele><time>2023-07-08T19:34:38Z</time></trkpt><trkpt lat="48.009118" lon="-123.432941"><ele>1303.0</ele><time>2023-07-08T19:34:43Z</time></trkpt><trkpt lat="48.009081" lon="-123.432954"><ele>1302.0</ele><time>2023-07-08T19:34:46Z</time></trkpt><trkpt lat="48.008963" lon="-123.433112"><ele>1299.0</ele><time>2023-07-08T19:35:40Z</time></trkpt><trkpt lat="48.008835" lon="-123.433213"><ele>1300.0</ele><time>2023-07-08T19:36:08Z</time></trkpt><trkpt lat="48.008853" lon="-123.433181"><ele>1298.1</ele><time>2023-07-08T19:36:21Z</time></trkpt><trkpt lat="48.008802" lon="-123.433246"><ele>1299.0</ele><time>2023-07-08T19:36:50Z</time></trkpt><trkpt lat="48.008724" lon="-123.433303"><ele>1299.0</ele><time>2023-07-08T19:37:00Z</time></trkpt><trkpt lat="48.008628" lon="-123.433338"><ele>1296.0</ele><time>2023-07-08T19:37:38Z</time></trkpt><trkpt lat="48.008607" lon="-123.433382"><ele>1296.0</ele><time>2023-07-08T19:37:43Z</time></trkpt><trkpt lat="48.008622" lon="-123.433502"><ele>1298.1</ele><time>2023-07-08T19:37:48Z</time></trkpt><trkpt lat="48.008611" lon="-123.433522"><ele>1298.0</ele><time>2023-07-08T19:37:50Z</time></trkpt><trkpt lat="48.008575" lon="-123.433525"><ele>1296.0</ele><time>2023-07-08T19:37:56Z</time></trkpt><trkpt lat="48.008576" lon="-123.433558"><ele>1296.0</ele><time>2023-07-08T19:38:00Z</time></trkpt><trkpt lat="48.00856" lon="-123.433592"><ele>1296.0</ele><time>2023-07-08T19:38:03Z</time></trkpt><trkpt lat="48.008547" lon="-123.433682"><ele>1295.0</ele><time>2023-07-08T19:38:09Z</time></trkpt><trkpt lat="48.008576" lon="-123.433633"><ele>1294.0</ele><time>2023-07-08T19:38:16Z</time></trkpt><trkpt lat="48.008585" lon="-123.433558"><ele>1291.0</ele><time>2023-07-08T19:38:37Z</time></trkpt><trkpt lat="48.008585" lon="-123.433634"><ele>1290.0</ele><time>2023-07-08T19:38:45Z</time></trkpt><trkpt lat="48.00862" lon="-123.433662"><ele>1293.0</ele><time>2023-07-08T19:38:50Z</time></trkpt><trkpt lat="48.00861" lon="-123.433783"><ele>1296.0</ele><time>2023-07-08T19:39:00Z</time></trkpt><trkpt lat="48.008589" lon="-123.433859"><ele>1295.0</ele><time>2023-07-08T19:39:06Z</time></trkpt><trkpt lat="48.008614" lon="-123.433896"><ele>1300.0</ele><time>2023-07-08T19:39:11Z</time></trkpt><trkpt lat="48.008474" lon="-123.433853"><ele>1295.0</ele><time>2023-07-08T19:39:27Z</time></trkpt><trkpt lat="48.008456" lon="-123.433807"><ele>1287.0</ele><time>2023-07-08T19:42:25Z</time></trkpt><trkpt lat="48.008505" lon="-123.43385"><ele>1294.0</ele><time>2023-07-08T19:43:04Z</time></trkpt><trkpt lat="48.008509" lon="-123.433873"><ele>1290.0</ele><time>2023-07-08T19:44:26Z</time></trkpt><trkpt lat="48.008491" lon="-123.433828"><ele>1298.0</ele><time>2023-07-08T19:45:17Z</time></trkpt><trkpt lat="48.008497" lon="-123.433794"><ele>1296.0</ele><time>2023-07-08T19:45:29Z</time></trkpt><trkpt lat="48.008434" lon="-123.433775"><ele>1288.0</ele><time>2023-07-08T19:45:45Z</time></trkpt><trkpt lat="48.008479" lon="-123.433812"><ele>1294.0</ele><time>2023-07-08T19:45:56Z</time></trkpt><trkpt lat="48.0085" lon="-123.43385"><ele>1293.0</ele><time>2023-07-08T19:46:01Z</time></trkpt><trkpt lat="48.008487" lon="-123.433872"><ele>1296.0</ele><time>2023-07-08T19:46:06Z</time></trkpt><trkpt lat="48.008487" lon="-123.43385"><ele>1296.0</ele><time>2023-07-08T19:46:08Z</time></trkpt><trkpt lat="48.008442" lon="-123.433796"><ele>1292.0</ele><time>2023-07-08T19:46:18Z</time></trkpt><trkpt lat="48.008442" lon="-123.43375"><ele>1294.0</ele><time>2023-07-08T19:46:23Z</time></trkpt><trkpt lat="48.008407" lon="-123.433712"><ele>1288.0</ele><time>2023-07-08T19:46:38Z</time></trkpt><trkpt lat="48.008402" lon="-123.433731"><ele>1292.0</ele><time>2023-07-08T19:46:57Z</time></trkpt><trkpt lat="48.008414" lon="-123.433758"><ele>1280.0</ele><time>2023-07-08T19:50:36Z</time></trkpt><trkpt lat="48.008463" lon="-123.433753"><ele>1297.7</ele><time>2023-07-08T20:00:09Z</time></trkpt><trkpt lat="48.008464" lon="-123.433859"><ele>1294.0</ele><time>2023-07-08T20:00:24Z</time></trkpt><trkpt lat="48.008474" lon="-123.433902"><ele>1294.0</ele><time>2023-07-08T20:00:43Z</time></trkpt><trkpt lat="48.008452" lon="-123.433939"><ele>1294.0</ele><time>2023-07-08T20:00:49Z</time></trkpt><trkpt lat="48.008523" lon="-123.433924"><ele>1293.0</ele><time>2023-07-08T20:00:56Z</time></trkpt><trkpt lat="48.008501" lon="-123.433938"><ele>1287.0</ele><time>2023-07-08T20:01:06Z</time></trkpt><trkpt lat="48.008477" lon="-123.433861"><ele>1296.0</ele><time>2023-07-08T20:01:32Z</time></trkpt><trkpt lat="48.008505" lon="-123.433783"><ele>1296.0</ele><time>2023-07-08T20:01:50Z</time></trkpt><trkpt lat="48.008506" lon="-123.433735"><ele>1296.0</ele><time>2023-07-08T20:01:54Z</time></trkpt><trkpt lat="48.008468" lon="-123.433749"><ele>1260.0</ele><time>2023-07-08T20:19:25Z</time></trkpt><trkpt lat="48.008433" lon="-123.433933"><ele>1296.0</ele><time>2023-07-08T20:36:34Z</time></trkpt><trkpt lat="48.008395" lon="-123.433923"><ele>1298.0</ele><time>2023-07-08T20:36:47Z</time></trkpt><trkpt lat="48.00841" lon="-123.433962"><ele>1295.0</ele><time>2023-07-08T20:36:59Z</time></trkpt><trkpt lat="48.008389" lon="-123.433916"><ele>1298.0</ele><time>2023-07-08T20:37:09Z</time></trkpt><trkpt lat="48.008419" lon="-123.433915"><ele>1295.0</ele><time>2023-07-08T20:37:13Z</time></trkpt><trkpt lat="48.008401" lon="-123.433951"><ele>1296.0</ele><time>2023-07-08T20:37:25Z</time></trkpt><trkpt lat="48.008422" lon="-123.43392"><ele>1287.0</ele><time>2023-07-08T20:37:41Z</time></trkpt><trkpt lat="48.008389" lon="-123.433903"><ele>1289.0</ele><time>2023-07-08T20:37:56Z</time></trkpt><trkpt lat="48.008353" lon="-123.433904"><ele>1294.0</ele><time>2023-07-08T20:38:06Z</time></trkpt><trkpt lat="48.008384" lon="-123.433911"><ele>1292.0</ele><time>2023-07-08T20:38:11Z</time></trkpt><trkpt lat="48.008377" lon="-123.433888"><ele>1293.0</ele><time>2023-07-08T20:38:23Z</time></trkpt><trkpt lat="48.008424" lon="-123.433933"><ele>1294.0</ele><time>2023-07-08T20:38:29Z</time></trkpt><trkpt lat="48.008426" lon="-123.433885"><ele>1294.0</ele><time>2023-07-08T20:38:32Z</time></trkpt><trkpt lat="48.008441" lon="-123.433856"><ele>1293.0</ele><time>2023-07-08T20:38:36Z</time></trkpt><trkpt lat="48.008496" lon="-123.433828"><ele>1293.0</ele><time>2023-07-08T20:38:44Z</time></trkpt><trkpt lat="48.008445" lon="-123.43375"><ele>1287.0</ele><time>2023-07-08T20:40:33Z</time></trkpt><trkpt lat="48.008452" lon="-123.433758"><ele>1294.0</ele><time>2023-07-08T20:58:54Z</time></trkpt><trkpt lat="48.008454" lon="-123.433814"><ele>1281.0</ele><time>2023-07-08T20:59:12Z</time></trkpt><trkpt lat="48.008489" lon="-123.433774"><ele>1296.0</ele><time>2023-07-08T20:59:44Z</time></trkpt><trkpt lat="48.008497" lon="-123.433826"><ele>1295.0</ele><time>2023-07-08T20:59:54Z</time></trkpt><trkpt lat="48.008534" lon="-123.433917"><ele>1300.0</ele><time>2023-07-08T20:59:58Z</time></trkpt><trkpt lat="48.008607" lon="-123.43386"><ele>1302.0</ele><time>2023-07-08T21:00:05Z</time></trkpt><trkpt lat="48.0086" lon="-123.433787"><ele>1302.4</ele><time>2023-07-08T21:00:07Z</time></trkpt><trkpt lat="48.008577" lon="-123.433731"><ele>1300.0</ele><time>2023-07-08T21:00:10Z</time></trkpt><trkpt lat="48.00859" lon="-123.433768"><ele>1300.0</ele><time>2023-07-08T21:00:14Z</time></trkpt><trkpt lat="48.008619" lon="-123.43378"><ele>1302.0</ele><time>2023-07-08T21:00:18Z</time></trkpt><trkpt lat="48.008619" lon="-123.433707"><ele>1302.0</ele><time>2023-07-08T21:00:21Z</time></trkpt><trkpt lat="48.008629" lon="-123.433666"><ele>1301.0</ele><time>2023-07-08T21:00:25Z</time></trkpt><trkpt lat="48.008653" lon="-123.433636"><ele>1299.0</ele><time>2023-07-08T21:00:29Z</time></trkpt><trkpt lat="48.00861" lon="-123.43359"><ele>1296.0</ele><time>2023-07-08T21:00:34Z</time></trkpt><trkpt lat="48.008586" lon="-123.433485"><ele>1295.0</ele><time>2023-07-08T21:00:44Z</time></trkpt><trkpt lat="48.008628" lon="-123.433464"><ele>1297.0</ele><time>2023-07-08T21:00:50Z</time></trkpt><trkpt lat="48.008672" lon="-123.4334"><ele>1297.0</ele><time>2023-07-08T21:00:58Z</time></trkpt><trkpt lat="48.008708" lon="-123.433292"><ele>1295.0</ele><time>2023-07-08T21:01:08Z</time></trkpt><trkpt lat="48.008751" lon="-123.433287"><ele>1299.0</ele><time>2023-07-08T21:01:13Z</time></trkpt><trkpt lat="48.008837" lon="-123.433204"><ele>1300.8</ele><time>2023-07-08T21:01:20Z</time></trkpt><trkpt lat="48.008833" lon="-123.433164"><ele>1299.0</ele><time>2023-07-08T21:01:22Z</time></trkpt><trkpt lat="48.008887" lon="-123.43311"><ele>1301.7</ele><time>2023-07-08T21:01:28Z</time></trkpt><trkpt lat="48.00892" lon="-123.43311"><ele>1300.0</ele><time>2023-07-08T21:01:31Z</time></trkpt><trkpt lat="48.008954" lon="-123.433129"><ele>1300.0</ele><time>2023-07-08T21:01:33Z</time></trkpt><trkpt lat="48.008986" lon="-123.433125"><ele>1300.0</ele><time>2023-07-08T21:01:35Z</time></trkpt><trkpt lat="48.009057" lon="-123.433039"><ele>1300.0</ele><time>2023-07-08T21:01:43Z</time></trkpt><trkpt lat="48.009085" lon="-123.432929"><ele>1300.0</ele><time>2023-07-08T21:01:54Z</time></trkpt><trkpt lat="48.009152" lon="-123.432919"><ele>1299.0</ele><time>2023-07-08T21:02:01Z</time></trkpt><trkpt lat="48.009179" lon="-123.432968"><ele>1299.0</ele><time>2023-07-08T21:02:04Z</time></trkpt><trkpt lat="48.009249" lon="-123.43305"><ele>1300.0</ele><time>2023-07-08T21:02:12Z</time></trkpt><trkpt lat="48.009376" lon="-123.433089"><ele>1301.0</ele><time>2023-07-08T21:02:23Z</time></trkpt><trkpt lat="48.009426" lon="-123.433065"><ele>1302.0</ele><time>2023-07-08T21:02:26Z</time></trkpt><trkpt lat="48.009438" lon="-123.433031"><ele>1300.0</ele><time>2023-07-08T21:02:29Z</time></trkpt><trkpt lat="48.009469" lon="-123.432998"><ele>1302.0</ele><time>2023-07-08T21:02:32Z</time></trkpt><trkpt lat="48.009505" lon="-123.432998"><ele>1302.0</ele><time>2023-07-08T21:02:35Z</time></trkpt><trkpt lat="48.009572" lon="-123.43297"><ele>1301.0</ele><time>2023-07-08T21:02:43Z</time></trkpt><trkpt lat="48.009669" lon="-123.433022"><ele>1302.0</ele><time>2023-07-08T21:02:52Z</time></trkpt><trkpt lat="48.009794" lon="-123.433037"><ele>1304.0</ele><time>2023-07-08T21:03:04Z</time></trkpt><trkpt lat="48.009833" lon="-123.433041"><ele>1304.0</ele><time>2023-07-08T21:03:09Z</time></trkpt><trkpt lat="48.009906" lon="-123.433011"><ele>1305.0</ele><time>2023-07-08T21:03:17Z</time></trkpt><trkpt lat="48.009922" lon="-123.432886"><ele>1306.0</ele><time>2023-07-08T21:03:24Z</time></trkpt><trkpt lat="48.009943" lon="-123.432857"><ele>1306.0</ele><time>2023-07-08T21:03:26Z</time></trkpt><trkpt lat="48.009947" lon="-123.432819"><ele>1306.0</ele><time>2023-07-08T21:03:28Z</time></trkpt><trkpt lat="48.010067" lon="-123.432424"><ele>1302.0</ele><time>2023-07-08T21:03:53Z</time></trkpt><trkpt lat="48.010154" lon="-123.432221"><ele>1302.0</ele><time>2023-07-08T21:04:09Z</time></trkpt><trkpt lat="48.010302" lon="-123.431972"><ele>1300.0</ele><time>2023-07-08T21:04:29Z</time></trkpt><trkpt lat="48.010377" lon="-123.431912"><ele>1300.0</ele><time>2023-07-08T21:04:38Z</time></trkpt><trkpt lat="48.010429" lon="-123.4319"><ele>1301.0</ele><time>2023-07-08T21:04:43Z</time></trkpt><trkpt lat="48.010588" lon="-123.431927"><ele>1300.0</ele><time>2023-07-08T21:04:56Z</time></trkpt><trkpt lat="48.010753" lon="-123.431881"><ele>1299.0</ele><time>2023-07-08T21:05:12Z</time></trkpt><trkpt lat="48.010813" lon="-123.431852"><ele>1299.0</ele><time>2023-07-08T21:05:21Z</time></trkpt><trkpt lat="48.010861" lon="-123.431799"><ele>1298.0</ele><time>2023-07-08T21:05:25Z</time></trkpt><trkpt lat="48.010897" lon="-123.431776"><ele>1296.0</ele><time>2023-07-08T21:05:28Z</time></trkpt><trkpt lat="48.010897" lon="-123.431732"><ele>1296.0</ele><time>2023-07-08T21:05:31Z</time></trkpt><trkpt lat="48.010875" lon="-123.431716"><ele>1296.0</ele><time>2023-07-08T21:05:33Z</time></trkpt><trkpt lat="48.010849" lon="-123.431632"><ele>1293.0</ele><time>2023-07-08T21:05:39Z</time></trkpt><trkpt lat="48.010822" lon="-123.431459"><ele>1290.0</ele><time>2023-07-08T21:05:49Z</time></trkpt><trkpt lat="48.010844" lon="-123.431333"><ele>1288.0</ele><time>2023-07-08T21:06:00Z</time></trkpt><trkpt lat="48.010876" lon="-123.431287"><ele>1288.0</ele><time>2023-07-08T21:06:45Z</time></trkpt><trkpt lat="48.010839" lon="-123.431334"><ele>1286.0</ele><time>2023-07-08T21:07:33Z</time></trkpt><trkpt lat="48.010849" lon="-123.431253"><ele>1281.0</ele><time>2023-07-08T21:07:46Z</time></trkpt><trkpt lat="48.010918" lon="-123.431202"><ele>1280.0</ele><time>2023-07-08T21:07:56Z</time></trkpt><trkpt lat="48.010951" lon="-123.431256"><ele>1283.0</ele><time>2023-07-08T21:08:03Z</time></trkpt><trkpt lat="48.01097" lon="-123.431211"><ele>1283.7</ele><time>2023-07-08T21:08:04Z</time></trkpt><trkpt lat="48.01099" lon="-123.431254"><ele>1282.0</ele><time>2023-07-08T21:08:06Z</time></trkpt><trkpt lat="48.011038" lon="-123.43128"><ele>1280.0</ele><time>2023-07-08T21:08:10Z</time></trkpt><trkpt lat="48.011152" lon="-123.431244"><ele>1278.0</ele><time>2023-07-08T21:08:21Z</time></trkpt><trkpt lat="48.011288" lon="-123.431156"><ele>1272.0</ele><time>2023-07-08T21:08:37Z</time></trkpt><trkpt lat="48.011362" lon="-123.431159"><ele>1272.0</ele><time>2023-07-08T21:08:44Z</time></trkpt><trkpt lat="48.01148" lon="-123.431194"><ele>1266.0</ele><time>2023-07-08T21:09:03Z</time></trkpt><trkpt lat="48.01162" lon="-123.43128"><ele>1266.0</ele><time>2023-07-08T21:09:23Z</time></trkpt><trkpt lat="48.011658" lon="-123.43129"><ele>1264.0</ele><time>2023-07-08T21:09:26Z</time></trkpt><trkpt lat="48.011747" lon="-123.431278"><ele>1266.0</ele><time>2023-07-08T21:09:33Z</time></trkpt><trkpt lat="48.011809" lon="-123.431249"><ele>1260.0</ele><time>2023-07-08T21:09:42Z</time></trkpt><trkpt lat="48.011894" lon="-123.431233"><ele>1264.0</ele><time>2023-07-08T21:09:50Z</time></trkpt><trkpt lat="48.012002" lon="-123.431233"><ele>1260.0</ele><time>2023-07-08T21:10:03Z</time></trkpt><trkpt lat="48.012067" lon="-123.431256"><ele>1257.0</ele><time>2023-07-08T21:10:12Z</time></trkpt><trkpt lat="48.012225" lon="-123.431354"><ele>1253.0</ele><time>2023-07-08T21:10:29Z</time></trkpt><trkpt lat="48.012312" lon="-123.431392"><ele>1254.0</ele><time>2023-07-08T21:10:40Z</time></trkpt><trkpt lat="48.012541" lon="-123.431439"><ele>1248.0</ele><time>2023-07-08T21:11:02Z</time></trkpt><trkpt lat="48.012606" lon="-123.431461"><ele>1251.0</ele><time>2023-07-08T21:11:13Z</time></trkpt><trkpt lat="48.012814" lon="-123.431447"><ele>1249.0</ele><time>2023-07-08T21:11:30Z</time></trkpt><trkpt lat="48.012883" lon="-123.431469"><ele>1248.0</ele><time>2023-07-08T21:11:35Z</time></trkpt><trkpt lat="48.012911" lon="-123.431426"><ele>1248.0</ele><time>2023-07-08T21:11:39Z</time></trkpt><trkpt lat="48.013069" lon="-123.431448"><ele>1249.0</ele><time>2023-07-08T21:11:52Z</time></trkpt><trkpt lat="48.013127" lon="-123.431411"><ele>1247.0</ele><time>2023-07-08T21:11:58Z</time></trkpt><trkpt lat="48.013164" lon="-123.431402"><ele>1247.0</ele><time>2023-07-08T21:12:01Z</time></trkpt><trkpt lat="48.013173" lon="-123.431365"><ele>1246.0</ele><time>2023-07-08T21:12:03Z</time></trkpt><trkpt lat="48.01323" lon="-123.431301"><ele>1245.0</ele><time>2023-07-08T21:12:07Z</time></trkpt><trkpt lat="48.013295" lon="-123.431288"><ele>1245.0</ele><time>2023-07-08T21:12:13Z</time></trkpt><trkpt lat="48.013334" lon="-123.431247"><ele>1244.0</ele><time>2023-07-08T21:12:20Z</time></trkpt><trkpt lat="48.013492" lon="-123.431177"><ele>1242.0</ele><time>2023-07-08T21:12:37Z</time></trkpt><trkpt lat="48.013526" lon="-123.431175"><ele>1241.0</ele><time>2023-07-08T21:12:40Z</time></trkpt><trkpt lat="48.014046" lon="-123.431297"><ele>1232.0</ele><time>2023-07-08T21:13:31Z</time></trkpt><trkpt lat="48.014156" lon="-123.431308"><ele>1230.0</ele><time>2023-07-08T21:13:42Z</time></trkpt><trkpt lat="48.014257" lon="-123.43129"><ele>1230.0</ele><time>2023-07-08T21:13:48Z</time></trkpt><trkpt lat="48.014465" lon="-123.431204"><ele>1228.0</ele><time>2023-07-08T21:14:12Z</time></trkpt><trkpt lat="48.014704" lon="-123.431058"><ele>1227.0</ele><time>2023-07-08T21:14:31Z</time></trkpt><trkpt lat="48.014754" lon="-123.431018"><ele>1224.0</ele><time>2023-07-08T21:14:38Z</time></trkpt><trkpt lat="48.014907" lon="-123.430942"><ele>1221.7</ele><time>2023-07-08T21:14:50Z</time></trkpt><trkpt lat="48.014996" lon="-123.430882"><ele>1217.0</ele><time>2023-07-08T21:15:00Z</time></trkpt><trkpt lat="48.015048" lon="-123.430868"><ele>1215.0</ele><time>2023-07-08T21:15:30Z</time></trkpt><trkpt lat="48.015155" lon="-123.430817"><ele>1214.0</ele><time>2023-07-08T21:15:41Z</time></trkpt><trkpt lat="48.01576" lon="-123.430634"><ele>1207.0</ele><time>2023-07-08T21:16:34Z</time></trkpt><trkpt lat="48.015851" lon="-123.430627"><ele>1203.0</ele><time>2023-07-08T21:16:44Z</time></trkpt><trkpt lat="48.016034" lon="-123.430652"><ele>1200.0</ele><time>2023-07-08T21:16:58Z</time></trkpt><trkpt lat="48.01623" lon="-123.430713"><ele>1195.0</ele><time>2023-07-08T21:17:13Z</time></trkpt><trkpt lat="48.016321" lon="-123.430723"><ele>1196.0</ele><time>2023-07-08T21:17:21Z</time></trkpt><trkpt lat="48.016596" lon="-123.430711"><ele>1192.0</ele><time>2023-07-08T21:17:48Z</time></trkpt><trkpt lat="48.01669" lon="-123.430695"><ele>1192.0</ele><time>2023-07-08T21:17:55Z</time></trkpt><trkpt lat="48.016764" lon="-123.430698"><ele>1188.0</ele><time>2023-07-08T21:18:00Z</time></trkpt><trkpt lat="48.017021" lon="-123.430662"><ele>1182.0</ele><time>2023-07-08T21:18:23Z</time></trkpt><trkpt lat="48.017102" lon="-123.430668"><ele>1181.0</ele><time>2023-07-08T21:18:29Z</time></trkpt><trkpt lat="48.017136" lon="-123.43068"><ele>1179.0</ele><time>2023-07-08T21:18:31Z</time></trkpt><trkpt lat="48.017353" lon="-123.430683"><ele>1178.0</ele><time>2023-07-08T21:18:49Z</time></trkpt><trkpt lat="48.017482" lon="-123.430644"><ele>1178.0</ele><time>2023-07-08T21:19:00Z</time></trkpt><trkpt lat="48.017617" lon="-123.430573"><ele>1176.0</ele><time>2023-07-08T21:19:16Z</time></trkpt><trkpt lat="48.01772" lon="-123.43056"><ele>1172.0</ele><time>2023-07-08T21:19:29Z</time></trkpt><trkpt lat="48.017823" lon="-123.430586"><ele>1171.0</ele><time>2023-07-08T21:19:36Z</time></trkpt><trkpt lat="48.017903" lon="-123.430637"><ele>1170.0</ele><time>2023-07-08T21:19:41Z</time></trkpt><trkpt lat="48.017977" lon="-123.430667"><ele>1170.0</ele><time>2023-07-08T21:19:46Z</time></trkpt><trkpt lat="48.018012" lon="-123.430698"><ele>1170.0</ele><time>2023-07-08T21:19:51Z</time></trkpt><trkpt lat="48.018062" lon="-123.430708"><ele>1168.0</ele><time>2023-07-08T21:19:57Z</time></trkpt><trkpt lat="48.018138" lon="-123.430702"><ele>1170.0</ele><time>2023-07-08T21:20:02Z</time></trkpt><trkpt lat="48.018273" lon="-123.430647"><ele>1165.0</ele><time>2023-07-08T21:20:13Z</time></trkpt><trkpt lat="48.018377" lon="-123.430621"><ele>1164.0</ele><time>2023-07-08T21:20:26Z</time></trkpt><trkpt lat="48.018541" lon="-123.430532"><ele>1162.0</ele><time>2023-07-08T21:20:40Z</time></trkpt><trkpt lat="48.018636" lon="-123.430453"><ele>1157.0</ele><time>2023-07-08T21:20:53Z</time></trkpt><trkpt lat="48.018703" lon="-123.43037"><ele>1156.0</ele><time>2023-07-08T21:21:02Z</time></trkpt><trkpt lat="48.018746" lon="-123.430333"><ele>1152.0</ele><time>2023-07-08T21:21:08Z</time></trkpt><trkpt lat="48.019121" lon="-123.429921"><ele>1142.0</ele><time>2023-07-08T21:21:48Z</time></trkpt><trkpt lat="48.019244" lon="-123.429815"><ele>1140.0</ele><time>2023-07-08T21:21:59Z</time></trkpt><trkpt lat="48.01934" lon="-123.429779"><ele>1136.0</ele><time>2023-07-08T21:22:10Z</time></trkpt><trkpt lat="48.019496" lon="-123.429773"><ele>1138.2</ele><time>2023-07-08T21:22:24Z</time></trkpt><trkpt lat="48.019701" lon="-123.429822"><ele>1139.0</ele><time>2023-07-08T21:22:41Z</time></trkpt><trkpt lat="48.019755" lon="-123.429816"><ele>1139.0</ele><time>2023-07-08T21:22:46Z</time></trkpt><trkpt lat="48.019886" lon="-123.429764"><ele>1134.0</ele><time>2023-07-08T21:22:59Z</time></trkpt><trkpt lat="48.019958" lon="-123.429721"><ele>1136.0</ele><time>2023-07-08T21:23:04Z</time></trkpt><trkpt lat="48.020174" lon="-123.429481"><ele>1128.0</ele><time>2023-07-08T21:23:34Z</time></trkpt><trkpt lat="48.020272" lon="-123.429397"><ele>1128.0</ele><time>2023-07-08T21:23:42Z</time></trkpt><trkpt lat="48.020349" lon="-123.429359"><ele>1123.0</ele><time>2023-07-08T21:23:49Z</time></trkpt><trkpt lat="48.020579" lon="-123.429295"><ele>1122.0</ele><time>2023-07-08T21:24:09Z</time></trkpt><trkpt lat="48.020719" lon="-123.429191"><ele>1113.0</ele><time>2023-07-08T21:24:26Z</time></trkpt><trkpt lat="48.020836" lon="-123.429194"><ele>1113.0</ele><time>2023-07-08T21:24:35Z</time></trkpt><trkpt lat="48.020931" lon="-123.429183"><ele>1111.0</ele><time>2023-07-08T21:24:44Z</time></trkpt><trkpt lat="48.020999" lon="-123.429205"><ele>1110.0</ele><time>2023-07-08T21:24:50Z</time></trkpt><trkpt lat="48.021346" lon="-123.429239"><ele>1098.0</ele><time>2023-07-08T21:25:20Z</time></trkpt><trkpt lat="48.021382" lon="-123.429257"><ele>1099.0</ele><time>2023-07-08T21:25:28Z</time></trkpt><trkpt lat="48.021422" lon="-123.429259"><ele>1102.0</ele><time>2023-07-08T21:25:33Z</time></trkpt><trkpt lat="48.021435" lon="-123.429338"><ele>1099.0</ele><time>2023-07-08T21:25:37Z</time></trkpt><trkpt lat="48.021472" lon="-123.429438"><ele>1099.5</ele><time>2023-07-08T21:25:47Z</time></trkpt><trkpt lat="48.021523" lon="-123.42973"><ele>1098.0</ele><time>2023-07-08T21:25:58Z</time></trkpt><trkpt lat="48.021578" lon="-123.430218"><ele>1094.0</ele><time>2023-07-08T21:26:30Z</time></trkpt><trkpt lat="48.021627" lon="-123.430448"><ele>1092.0</ele><time>2023-07-08T21:26:45Z</time></trkpt><trkpt lat="48.021645" lon="-123.430655"><ele>1085.0</ele><time>2023-07-08T21:26:58Z</time></trkpt><trkpt lat="48.021678" lon="-123.430786"><ele>1087.0</ele><time>2023-07-08T21:27:06Z</time></trkpt><trkpt lat="48.021733" lon="-123.430866"><ele>1089.0</ele><time>2023-07-08T21:27:10Z</time></trkpt><trkpt lat="48.021807" lon="-123.430946"><ele>1088.0</ele><time>2023-07-08T21:27:15Z</time></trkpt><trkpt lat="48.021866" lon="-123.430992"><ele>1088.0</ele><time>2023-07-08T21:27:19Z</time></trkpt><trkpt lat="48.021895" lon="-123.431002"><ele>1088.0</ele><time>2023-07-08T21:27:20Z</time></trkpt><trkpt lat="48.022281" lon="-123.431334"><ele>1072.0</ele><time>2023-07-08T21:28:11Z</time></trkpt><trkpt lat="48.022368" lon="-123.43145"><ele>1068.0</ele><time>2023-07-08T21:28:22Z</time></trkpt><trkpt lat="48.022426" lon="-123.431497"><ele>1069.0</ele><time>2023-07-08T21:28:26Z</time></trkpt><trkpt lat="48.022493" lon="-123.431499"><ele>1069.0</ele><time>2023-07-08T21:28:35Z</time></trkpt><trkpt lat="48.022546" lon="-123.431517"><ele>1070.0</ele><time>2023-07-08T21:28:39Z</time></trkpt><trkpt lat="48.022572" lon="-123.431616"><ele>1068.0</ele><time>2023-07-08T21:28:44Z</time></trkpt><trkpt lat="48.022571" lon="-123.431573"><ele>1067.0</ele><time>2023-07-08T21:28:47Z</time></trkpt><trkpt lat="48.022552" lon="-123.431524"><ele>1067.8</ele><time>2023-07-08T21:28:48Z</time></trkpt><trkpt lat="48.022495" lon="-123.431432"><ele>1066.0</ele><time>2023-07-08T21:28:54Z</time></trkpt><trkpt lat="48.022471" lon="-123.431342"><ele>1064.0</ele><time>2023-07-08T21:29:00Z</time></trkpt><trkpt lat="48.022342" lon="-123.430976"><ele>1060.0</ele><time>2023-07-08T21:29:35Z</time></trkpt><trkpt lat="48.022295" lon="-123.430895"><ele>1059.0</ele><time>2023-07-08T21:29:41Z</time></trkpt><trkpt lat="48.02225" lon="-123.43084"><ele>1059.8</ele><time>2023-07-08T21:29:43Z</time></trkpt><trkpt lat="48.022187" lon="-123.430678"><ele>1060.0</ele><time>2023-07-08T21:29:50Z</time></trkpt><trkpt lat="48.022165" lon="-123.430599"><ele>1060.0</ele><time>2023-07-08T21:29:57Z</time></trkpt><trkpt lat="48.022153" lon="-123.430489"><ele>1059.0</ele><time>2023-07-08T21:30:03Z</time></trkpt><trkpt lat="48.022168" lon="-123.430363"><ele>1060.0</ele><time>2023-07-08T21:30:10Z</time></trkpt><trkpt lat="48.022261" lon="-123.430219"><ele>1058.0</ele><time>2023-07-08T21:30:22Z</time></trkpt><trkpt lat="48.022333" lon="-123.43014"><ele>1056.0</ele><time>2023-07-08T21:30:30Z</time></trkpt><trkpt lat="48.022377" lon="-123.430053"><ele>1055.5</ele><time>2023-07-08T21:30:40Z</time></trkpt><trkpt lat="48.022457" lon="-123.429519"><ele>1050.0</ele><time>2023-07-08T21:31:17Z</time></trkpt><trkpt lat="48.022518" lon="-123.429282"><ele>1048.0</ele><time>2023-07-08T21:31:30Z</time></trkpt><trkpt lat="48.022595" lon="-123.429055"><ele>1047.0</ele><time>2023-07-08T21:31:50Z</time></trkpt><trkpt lat="48.022787" lon="-123.428578"><ele>1044.0</ele><time>2023-07-08T21:32:21Z</time></trkpt><trkpt lat="48.023031" lon="-123.428028"><ele>1032.0</ele><time>2023-07-08T21:33:11Z</time></trkpt><trkpt lat="48.023197" lon="-123.427685"><ele>1022.0</ele><time>2023-07-08T21:33:45Z</time></trkpt><trkpt lat="48.023311" lon="-123.42729"><ele>1017.0</ele><time>2023-07-08T21:34:12Z</time></trkpt><trkpt lat="48.023338" lon="-123.427226"><ele>1017.0</ele><time>2023-07-08T21:34:17Z</time></trkpt><trkpt lat="48.023383" lon="-123.427035"><ele>1015.0</ele><time>2023-07-08T21:34:28Z</time></trkpt><trkpt lat="48.023503" lon="-123.426705"><ele>1010.0</ele><time>2023-07-08T21:34:50Z</time></trkpt><trkpt lat="48.023586" lon="-123.426582"><ele>1002.0</ele><time>2023-07-08T21:35:07Z</time></trkpt><trkpt lat="48.023657" lon="-123.426524"><ele>1000.0</ele><time>2023-07-08T21:35:21Z</time></trkpt><trkpt lat="48.023623" lon="-123.426542"><ele>996.0</ele><time>2023-07-08T21:35:29Z</time></trkpt><trkpt lat="48.023599" lon="-123.426568"><ele>992.0</ele><time>2023-07-08T21:35:34Z</time></trkpt><trkpt lat="48.023715" lon="-123.426491"><ele>994.8</ele><time>2023-07-08T21:35:41Z</time></trkpt><trkpt lat="48.023747" lon="-123.426455"><ele>994.2</ele><time>2023-07-08T21:35:43Z</time></trkpt><trkpt lat="48.023866" lon="-123.426229"><ele>993.0</ele><time>2023-07-08T21:36:00Z</time></trkpt><trkpt lat="48.023916" lon="-123.426155"><ele>992.0</ele><time>2023-07-08T21:36:07Z</time></trkpt><trkpt lat="48.023996" lon="-123.426068"><ele>988.0</ele><time>2023-07-08T21:36:22Z</time></trkpt><trkpt lat="48.024039" lon="-123.426042"><ele>991.6</ele><time>2023-07-08T21:36:25Z</time></trkpt><trkpt lat="48.024236" lon="-123.425747"><ele>978.0</ele><time>2023-07-08T21:37:03Z</time></trkpt><trkpt lat="48.024377" lon="-123.425593"><ele>972.0</ele><time>2023-07-08T21:37:23Z</time></trkpt><trkpt lat="48.02442" lon="-123.425602"><ele>974.0</ele><time>2023-07-08T21:37:29Z</time></trkpt><trkpt lat="48.024443" lon="-123.425636"><ele>974.0</ele><time>2023-07-08T21:37:31Z</time></trkpt><trkpt lat="48.024473" lon="-123.425615"><ele>973.0</ele><time>2023-07-08T21:37:34Z</time></trkpt><trkpt lat="48.024431" lon="-123.425496"><ele>967.0</ele><time>2023-07-08T21:37:45Z</time></trkpt><trkpt lat="48.024407" lon="-123.425522"><ele>972.0</ele><time>2023-07-08T21:37:53Z</time></trkpt><trkpt lat="48.024448" lon="-123.425459"><ele>970.0</ele><time>2023-07-08T21:38:35Z</time></trkpt><trkpt lat="48.024406" lon="-123.425385"><ele>970.0</ele><time>2023-07-08T21:39:12Z</time></trkpt><trkpt lat="48.024393" lon="-123.425425"><ele>968.0</ele><time>2023-07-08T21:39:17Z</time></trkpt><trkpt lat="48.024419" lon="-123.425454"><ele>969.0</ele><time>2023-07-08T21:39:20Z</time></trkpt><trkpt lat="48.024393" lon="-123.425494"><ele>970.0</ele><time>2023-07-08T21:39:21Z</time></trkpt><trkpt lat="48.024457" lon="-123.425423"><ele>966.0</ele><time>2023-07-08T21:39:30Z</time></trkpt><trkpt lat="48.024477" lon="-123.425375"><ele>968.0</ele><time>2023-07-08T21:39:38Z</time></trkpt><trkpt lat="48.024534" lon="-123.425382"><ele>966.0</ele><time>2023-07-08T21:39:44Z</time></trkpt><trkpt lat="48.024588" lon="-123.425419"><ele>966.0</ele><time>2023-07-08T21:39:49Z</time></trkpt><trkpt lat="48.02463" lon="-123.425425"><ele>968.0</ele><time>2023-07-08T21:39:50Z</time></trkpt><trkpt lat="48.024674" lon="-123.425456"><ele>968.4</ele><time>2023-07-08T21:39:53Z</time></trkpt><trkpt lat="48.02466" lon="-123.425486"><ele>967.0</ele><time>2023-07-08T21:39:55Z</time></trkpt><trkpt lat="48.024665" lon="-123.425521"><ele>966.0</ele><time>2023-07-08T21:39:57Z</time></trkpt><trkpt lat="48.024708" lon="-123.425585"><ele>965.0</ele><time>2023-07-08T21:40:04Z</time></trkpt><trkpt lat="48.024698" lon="-123.425758"><ele>960.0</ele><time>2023-07-08T21:40:21Z</time></trkpt><trkpt lat="48.024565" lon="-123.426403"><ele>957.0</ele><time>2023-07-08T21:41:06Z</time></trkpt><trkpt lat="48.024513" lon="-123.426738"><ele>951.0</ele><time>2023-07-08T21:41:26Z</time></trkpt><trkpt lat="48.024496" lon="-123.426792"><ele>952.0</ele><time>2023-07-08T21:41:30Z</time></trkpt><trkpt lat="48.024485" lon="-123.426924"><ele>951.0</ele><time>2023-07-08T21:41:45Z</time></trkpt><trkpt lat="48.024464" lon="-123.427012"><ele>950.0</ele><time>2023-07-08T21:41:52Z</time></trkpt><trkpt lat="48.024408" lon="-123.42739"><ele>947.0</ele><time>2023-07-08T21:42:20Z</time></trkpt><trkpt lat="48.024282" lon="-123.427923"><ele>942.0</ele><time>2023-07-08T21:42:57Z</time></trkpt><trkpt lat="48.024265" lon="-123.42811"><ele>942.0</ele><time>2023-07-08T21:43:10Z</time></trkpt><trkpt lat="48.024258" lon="-123.428798"><ele>938.0</ele><time>2023-07-08T21:44:00Z</time></trkpt><trkpt lat="48.024272" lon="-123.428855"><ele>937.8</ele><time>2023-07-08T21:44:03Z</time></trkpt><trkpt lat="48.024286" lon="-123.42904"><ele>936.0</ele><time>2023-07-08T21:44:21Z</time></trkpt><trkpt lat="48.024321" lon="-123.429131"><ele>936.8</ele><time>2023-07-08T21:44:25Z</time></trkpt><trkpt lat="48.024364" lon="-123.429171"><ele>935.0</ele><time>2023-07-08T21:44:29Z</time></trkpt><trkpt lat="48.024511" lon="-123.429231"><ele>932.0</ele><time>2023-07-08T21:44:53Z</time></trkpt><trkpt lat="48.024648" lon="-123.42927"><ele>928.0</ele><time>2023-07-08T21:45:22Z</time></trkpt><trkpt lat="48.024687" lon="-123.429272"><ele>927.0</ele><time>2023-07-08T21:45:25Z</time></trkpt><trkpt lat="48.025083" lon="-123.429454"><ele>921.0</ele><time>2023-07-08T21:46:07Z</time></trkpt><trkpt lat="48.025121" lon="-123.429457"><ele>920.0</ele><time>2023-07-08T21:46:11Z</time></trkpt><trkpt lat="48.025278" lon="-123.429529"><ele>918.0</ele><time>2023-07-08T21:46:30Z</time></trkpt><trkpt lat="48.025347" lon="-123.429575"><ele>918.1</ele><time>2023-07-08T21:46:34Z</time></trkpt><trkpt lat="48.025372" lon="-123.429604"><ele>917.0</ele><time>2023-07-08T21:46:37Z</time></trkpt><trkpt lat="48.025483" lon="-123.42983"><ele>912.0</ele><time>2023-07-08T21:47:00Z</time></trkpt><trkpt lat="48.025629" lon="-123.430042"><ele>910.2</ele><time>2023-07-08T21:47:21Z</time></trkpt><trkpt lat="48.025752" lon="-123.430187"><ele>908.0</ele><time>2023-07-08T21:47:33Z</time></trkpt><trkpt lat="48.025823" lon="-123.430233"><ele>906.0</ele><time>2023-07-08T21:47:38Z</time></trkpt><trkpt lat="48.026008" lon="-123.430271"><ele>903.0</ele><time>2023-07-08T21:47:52Z</time></trkpt><trkpt lat="48.026156" lon="-123.430286"><ele>900.0</ele><time>2023-07-08T21:48:04Z</time></trkpt><trkpt lat="48.026345" lon="-123.430373"><ele>892.0</ele><time>2023-07-08T21:48:29Z</time></trkpt><trkpt lat="48.026383" lon="-123.430405"><ele>888.0</ele><time>2023-07-08T21:48:33Z</time></trkpt><trkpt lat="48.0265" lon="-123.43054"><ele>886.0</ele><time>2023-07-08T21:48:48Z</time></trkpt><trkpt lat="48.026565" lon="-123.430645"><ele>882.0</ele><time>2023-07-08T21:49:00Z</time></trkpt><trkpt lat="48.026609" lon="-123.430746"><ele>880.0</ele><time>2023-07-08T21:49:08Z</time></trkpt><trkpt lat="48.026656" lon="-123.430938"><ele>882.0</ele><time>2023-07-08T21:49:20Z</time></trkpt><trkpt lat="48.026696" lon="-123.431037"><ele>881.0</ele><time>2023-07-08T21:49:27Z</time></trkpt><trkpt lat="48.026672" lon="-123.430959"><ele>882.0</ele><time>2023-07-08T21:49:30Z</time></trkpt><trkpt lat="48.026766" lon="-123.431286"><ele>881.5</ele><time>2023-07-08T21:49:43Z</time></trkpt><trkpt lat="48.026821" lon="-123.431421"><ele>878.0</ele><time>2023-07-08T21:49:50Z</time></trkpt><trkpt lat="48.026898" lon="-123.4317"><ele>878.0</ele><time>2023-07-08T21:50:07Z</time></trkpt><trkpt lat="48.02692" lon="-123.431735"><ele>876.0</ele><time>2023-07-08T21:50:09Z</time></trkpt><trkpt lat="48.027005" lon="-123.432075"><ele>872.0</ele><time>2023-07-08T21:50:35Z</time></trkpt><trkpt lat="48.027012" lon="-123.432137"><ele>871.0</ele><time>2023-07-08T21:50:40Z</time></trkpt><trkpt lat="48.02702" lon="-123.432944"><ele>860.0</ele><time>2023-07-08T21:51:31Z</time></trkpt><trkpt lat="48.027008" lon="-123.433023"><ele>858.0</ele><time>2023-07-08T21:51:38Z</time></trkpt><trkpt lat="48.026993" lon="-123.433651"><ele>849.0</ele><time>2023-07-08T21:52:20Z</time></trkpt><trkpt lat="48.02697" lon="-123.433793"><ele>844.0</ele><time>2023-07-08T21:52:31Z</time></trkpt><trkpt lat="48.026964" lon="-123.43391"><ele>844.0</ele><time>2023-07-08T21:52:39Z</time></trkpt><trkpt lat="48.026944" lon="-123.433998"><ele>844.0</ele><time>2023-07-08T21:52:44Z</time></trkpt><trkpt lat="48.026943" lon="-123.434069"><ele>844.0</ele><time>2023-07-08T21:52:51Z</time></trkpt><trkpt lat="48.026906" lon="-123.434247"><ele>842.0</ele><time>2023-07-08T21:53:04Z</time></trkpt><trkpt lat="48.026899" lon="-123.434347"><ele>842.0</ele><time>2023-07-08T21:53:11Z</time></trkpt><trkpt lat="48.026828" lon="-123.434691"><ele>834.0</ele><time>2023-07-08T21:53:42Z</time></trkpt><trkpt lat="48.026642" lon="-123.435085"><ele>830.0</ele><time>2023-07-08T21:54:15Z</time></trkpt><trkpt lat="48.026641" lon="-123.435116"><ele>834.0</ele><time>2023-07-08T21:54:21Z</time></trkpt><trkpt lat="48.026603" lon="-123.435215"><ele>831.0</ele><time>2023-07-08T21:54:28Z</time></trkpt><trkpt lat="48.026571" lon="-123.435233"><ele>831.0</ele><time>2023-07-08T21:54:31Z</time></trkpt><trkpt lat="48.026548" lon="-123.435265"><ele>830.0</ele><time>2023-07-08T21:54:33Z</time></trkpt><trkpt lat="48.026373" lon="-123.435581"><ele>828.0</ele><time>2023-07-08T21:55:01Z</time></trkpt><trkpt lat="48.026354" lon="-123.43564"><ele>828.0</ele><time>2023-07-08T21:55:06Z</time></trkpt><trkpt lat="48.02611" lon="-123.436116"><ele>816.0</ele><time>2023-07-08T21:55:57Z</time></trkpt><trkpt lat="48.025909" lon="-123.436421"><ele>812.0</ele><time>2023-07-08T21:57:56Z</time></trkpt><trkpt lat="48.025852" lon="-123.436481"><ele>811.9</ele><time>2023-07-08T21:58:03Z</time></trkpt><trkpt lat="48.025656" lon="-123.436607"><ele>809.4</ele><time>2023-07-08T21:58:23Z</time></trkpt><trkpt lat="48.025517" lon="-123.436732"><ele>803.0</ele><time>2023-07-08T21:58:43Z</time></trkpt><trkpt lat="48.025454" lon="-123.436804"><ele>806.0</ele><time>2023-07-08T21:59:27Z</time></trkpt><trkpt lat="48.025378" lon="-123.436907"><ele>803.0</ele><time>2023-07-08T21:59:41Z</time></trkpt><trkpt lat="48.025341" lon="-123.437035"><ele>802.0</ele><time>2023-07-08T21:59:47Z</time></trkpt><trkpt lat="48.025339" lon="-123.43711"><ele>803.3</ele><time>2023-07-08T21:59:48Z</time></trkpt><trkpt lat="48.025349" lon="-123.437171"><ele>801.0</ele><time>2023-07-08T21:59:57Z</time></trkpt><trkpt lat="48.025379" lon="-123.437236"><ele>799.0</ele><time>2023-07-08T22:00:10Z</time></trkpt><trkpt lat="48.025414" lon="-123.437266"><ele>798.0</ele><time>2023-07-08T22:00:15Z</time></trkpt><trkpt lat="48.025409" lon="-123.437311"><ele>798.5</ele><time>2023-07-08T22:00:18Z</time></trkpt><trkpt lat="48.025371" lon="-123.437346"><ele>796.0</ele><time>2023-07-08T22:00:22Z</time></trkpt><trkpt lat="48.0253" lon="-123.43775"><ele>794.0</ele><time>2023-07-08T22:00:58Z</time></trkpt><trkpt lat="48.025296" lon="-123.437837"><ele>794.9</ele><time>2023-07-08T22:01:01Z</time></trkpt><trkpt lat="48.025311" lon="-123.437926"><ele>793.4</ele><time>2023-07-08T22:01:06Z</time></trkpt><trkpt lat="48.025356" lon="-123.438048"><ele>791.0</ele><time>2023-07-08T22:01:23Z</time></trkpt><trkpt lat="48.025338" lon="-123.437991"><ele>792.0</ele><time>2023-07-08T22:01:36Z</time></trkpt><trkpt lat="48.025421" lon="-123.438157"><ele>792.0</ele><time>2023-07-08T22:01:53Z</time></trkpt><trkpt lat="48.025481" lon="-123.438221"><ele>792.0</ele><time>2023-07-08T22:01:57Z</time></trkpt><trkpt lat="48.025698" lon="-123.438385"><ele>792.0</ele><time>2023-07-08T22:02:28Z</time></trkpt><trkpt lat="48.026036" lon="-123.438426"><ele>793.0</ele><time>2023-07-08T22:03:06Z</time></trkpt><trkpt lat="48.026371" lon="-123.438433"><ele>796.0</ele><time>2023-07-08T22:03:37Z</time></trkpt><trkpt lat="48.026512" lon="-123.438421"><ele>788.0</ele><time>2023-07-08T22:03:57Z</time></trkpt><trkpt lat="48.026552" lon="-123.438431"><ele>784.0</ele><time>2023-07-08T22:04:03Z</time></trkpt><trkpt lat="48.02661" lon="-123.438424"><ele>788.0</ele><time>2023-07-08T22:04:08Z</time></trkpt><trkpt lat="48.026643" lon="-123.438434"><ele>788.0</ele><time>2023-07-08T22:04:10Z</time></trkpt><trkpt lat="48.026753" lon="-123.438433"><ele>790.0</ele><time>2023-07-08T22:04:16Z</time></trkpt><trkpt lat="48.026903" lon="-123.438417"><ele>788.0</ele><time>2023-07-08T22:04:26Z</time></trkpt><trkpt lat="48.02699" lon="-123.438429"><ele>787.0</ele><time>2023-07-08T22:04:37Z</time></trkpt><trkpt lat="48.027024" lon="-123.438415"><ele>787.0</ele><time>2023-07-08T22:04:40Z</time></trkpt><trkpt lat="48.027058" lon="-123.438414"><ele>786.0</ele><time>2023-07-08T22:04:42Z</time></trkpt><trkpt lat="48.027211" lon="-123.438423"><ele>783.0</ele><time>2023-07-08T22:04:56Z</time></trkpt><trkpt lat="48.027417" lon="-123.438419"><ele>782.0</ele><time>2023-07-08T22:05:17Z</time></trkpt><trkpt lat="48.027472" lon="-123.43844"><ele>780.0</ele><time>2023-07-08T22:05:29Z</time></trkpt><trkpt lat="48.027524" lon="-123.438447"><ele>776.0</ele><time>2023-07-08T22:05:35Z</time></trkpt><trkpt lat="48.027586" lon="-123.438434"><ele>778.0</ele><time>2023-07-08T22:05:44Z</time></trkpt><trkpt lat="48.02762" lon="-123.438441"><ele>777.0</ele><time>2023-07-08T22:05:47Z</time></trkpt><trkpt lat="48.027797" lon="-123.438424"><ele>774.0</ele><time>2023-07-08T22:06:01Z</time></trkpt><trkpt lat="48.027849" lon="-123.438408"><ele>774.0</ele><time>2023-07-08T22:06:04Z</time></trkpt><trkpt lat="48.028056" lon="-123.43838"><ele>771.0</ele><time>2023-07-08T22:06:25Z</time></trkpt><trkpt lat="48.028138" lon="-123.438355"><ele>770.0</ele><time>2023-07-08T22:06:31Z</time></trkpt><trkpt lat="48.028246" lon="-123.438299"><ele>770.0</ele><time>2023-07-08T22:06:42Z</time></trkpt><trkpt lat="48.028281" lon="-123.438293"><ele>771.0</ele><time>2023-07-08T22:06:45Z</time></trkpt><trkpt lat="48.028381" lon="-123.438237"><ele>772.0</ele><time>2023-07-08T22:06:56Z</time></trkpt><trkpt lat="48.028565" lon="-123.438115"><ele>769.0</ele><time>2023-07-08T22:07:11Z</time></trkpt><trkpt lat="48.028967" lon="-123.437794"><ele>759.0</ele><time>2023-07-08T22:07:58Z</time></trkpt><trkpt lat="48.029132" lon="-123.437696"><ele>754.0</ele><time>2023-07-08T22:08:19Z</time></trkpt><trkpt lat="48.029158" lon="-123.437668"><ele>754.0</ele><time>2023-07-08T22:08:21Z</time></trkpt><trkpt lat="48.029226" lon="-123.437625"><ele>753.0</ele><time>2023-07-08T22:08:25Z</time></trkpt><trkpt lat="48.02932" lon="-123.437582"><ele>752.0</ele><time>2023-07-08T22:08:32Z</time></trkpt><trkpt lat="48.029576" lon="-123.437405"><ele>750.0</ele><time>2023-07-08T22:08:53Z</time></trkpt><trkpt lat="48.029672" lon="-123.437366"><ele>746.0</ele><time>2023-07-08T22:09:04Z</time></trkpt><trkpt lat="48.029725" lon="-123.437431"><ele>746.0</ele><time>2023-07-08T22:09:10Z</time></trkpt><trkpt lat="48.029749" lon="-123.437507"><ele>746.0</ele><time>2023-07-08T22:09:13Z</time></trkpt><trkpt lat="48.029793" lon="-123.437532"><ele>744.0</ele><time>2023-07-08T22:09:15Z</time></trkpt><trkpt lat="48.029831" lon="-123.437482"><ele>748.0</ele><time>2023-07-08T22:09:20Z</time></trkpt><trkpt lat="48.029808" lon="-123.437379"><ele>746.0</ele><time>2023-07-08T22:09:24Z</time></trkpt><trkpt lat="48.029815" lon="-123.437302"><ele>747.0</ele><time>2023-07-08T22:09:27Z</time></trkpt><trkpt lat="48.029866" lon="-123.437292"><ele>747.0</ele><time>2023-07-08T22:09:31Z</time></trkpt><trkpt lat="48.029961" lon="-123.437249"><ele>743.0</ele><time>2023-07-08T22:09:48Z</time></trkpt><trkpt lat="48.030001" lon="-123.437248"><ele>741.0</ele><time>2023-07-08T22:09:51Z</time></trkpt><trkpt lat="48.03008" lon="-123.437219"><ele>740.0</ele><time>2023-07-08T22:09:56Z</time></trkpt><trkpt lat="48.030352" lon="-123.437188"><ele>740.0</ele><time>2023-07-08T22:10:14Z</time></trkpt><trkpt lat="48.030403" lon="-123.437216"><ele>740.0</ele><time>2023-07-08T22:10:17Z</time></trkpt><trkpt lat="48.030509" lon="-123.437331"><ele>741.5</ele><time>2023-07-08T22:10:23Z</time></trkpt><trkpt lat="48.030542" lon="-123.437344"><ele>740.0</ele><time>2023-07-08T22:10:24Z</time></trkpt><trkpt lat="48.03058" lon="-123.437329"><ele>739.0</ele><time>2023-07-08T22:10:26Z</time></trkpt><trkpt lat="48.030611" lon="-123.437305"><ele>739.0</ele><time>2023-07-08T22:10:28Z</time></trkpt><trkpt lat="48.030642" lon="-123.437213"><ele>735.0</ele><time>2023-07-08T22:10:33Z</time></trkpt><trkpt lat="48.030591" lon="-123.43714"><ele>733.0</ele><time>2023-07-08T22:10:39Z</time></trkpt><trkpt lat="48.030595" lon="-123.437099"><ele>730.0</ele><time>2023-07-08T22:10:42Z</time></trkpt><trkpt lat="48.030617" lon="-123.437073"><ele>730.0</ele><time>2023-07-08T22:10:47Z</time></trkpt><trkpt lat="48.030988" lon="-123.436791"><ele>724.0</ele><time>2023-07-08T22:11:34Z</time></trkpt><trkpt lat="48.031122" lon="-123.436727"><ele>725.0</ele><time>2023-07-08T22:11:44Z</time></trkpt><trkpt lat="48.031236" lon="-123.436688"><ele>720.0</ele><time>2023-07-08T22:11:59Z</time></trkpt><trkpt lat="48.031271" lon="-123.436698"><ele>722.0</ele><time>2023-07-08T22:12:05Z</time></trkpt><trkpt lat="48.031291" lon="-123.436731"><ele>722.0</ele><time>2023-07-08T22:12:07Z</time></trkpt><trkpt lat="48.031329" lon="-123.436736"><ele>721.5</ele><time>2023-07-08T22:12:09Z</time></trkpt><trkpt lat="48.03137" lon="-123.436728"><ele>720.0</ele><time>2023-07-08T22:12:11Z</time></trkpt><trkpt lat="48.031386" lon="-123.436699"><ele>720.0</ele><time>2023-07-08T22:12:13Z</time></trkpt><trkpt lat="48.03136" lon="-123.436668"><ele>717.0</ele><time>2023-07-08T22:12:16Z</time></trkpt><trkpt lat="48.031362" lon="-123.436625"><ele>718.0</ele><time>2023-07-08T22:12:18Z</time></trkpt><trkpt lat="48.031631" lon="-123.436296"><ele>714.0</ele><time>2023-07-08T22:12:46Z</time></trkpt><trkpt lat="48.031785" lon="-123.436086"><ele>705.0</ele><time>2023-07-08T22:13:11Z</time></trkpt><trkpt lat="48.031981" lon="-123.435887"><ele>700.0</ele><time>2023-07-08T22:13:36Z</time></trkpt><trkpt lat="48.032205" lon="-123.435792"><ele>697.0</ele><time>2023-07-08T22:14:00Z</time></trkpt><trkpt lat="48.032274" lon="-123.435732"><ele>692.0</ele><time>2023-07-08T22:14:05Z</time></trkpt><trkpt lat="48.032335" lon="-123.435647"><ele>694.0</ele><time>2023-07-08T22:14:12Z</time></trkpt><trkpt lat="48.032405" lon="-123.435623"><ele>693.0</ele><time>2023-07-08T22:14:17Z</time></trkpt><trkpt lat="48.032438" lon="-123.435626"><ele>692.0</ele><time>2023-07-08T22:14:19Z</time></trkpt><trkpt lat="48.032467" lon="-123.435654"><ele>694.4</ele><time>2023-07-08T22:14:21Z</time></trkpt><trkpt lat="48.032484" lon="-123.435626"><ele>694.0</ele><time>2023-07-08T22:14:22Z</time></trkpt><trkpt lat="48.032463" lon="-123.435552"><ele>694.0</ele><time>2023-07-08T22:14:24Z</time></trkpt><trkpt lat="48.032425" lon="-123.435548"><ele>696.0</ele><time>2023-07-08T22:14:27Z</time></trkpt><trkpt lat="48.032388" lon="-123.435562"><ele>699.4</ele><time>2023-07-08T22:14:34Z</time></trkpt><trkpt lat="48.032345" lon="-123.435599"><ele>697.0</ele><time>2023-07-08T22:15:35Z</time></trkpt><trkpt lat="48.032416" lon="-123.435561"><ele>695.0</ele><time>2023-07-08T22:15:46Z</time></trkpt><trkpt lat="48.032458" lon="-123.43548"><ele>690.0</ele><time>2023-07-08T22:15:54Z</time></trkpt><trkpt lat="48.032462" lon="-123.435423"><ele>690.0</ele><time>2023-07-08T22:16:01Z</time></trkpt><trkpt lat="48.03253" lon="-123.435201"><ele>686.0</ele><time>2023-07-08T22:16:21Z</time></trkpt><trkpt lat="48.032584" lon="-123.435081"><ele>684.0</ele><time>2023-07-08T22:16:27Z</time></trkpt><trkpt lat="48.032663" lon="-123.434953"><ele>680.0</ele><time>2023-07-08T22:16:41Z</time></trkpt><trkpt lat="48.032746" lon="-123.434867"><ele>678.0</ele><time>2023-07-08T22:16:51Z</time></trkpt><trkpt lat="48.032781" lon="-123.434842"><ele>677.6</ele><time>2023-07-08T22:16:53Z</time></trkpt><trkpt lat="48.03284" lon="-123.434828"><ele>676.0</ele><time>2023-07-08T22:16:56Z</time></trkpt><trkpt lat="48.032991" lon="-123.434695"><ele>678.0</ele><time>2023-07-08T22:17:17Z</time></trkpt><trkpt lat="48.033178" lon="-123.434495"><ele>672.0</ele><time>2023-07-08T22:17:44Z</time></trkpt><trkpt lat="48.033417" lon="-123.434294"><ele>664.0</ele><time>2023-07-08T22:18:18Z</time></trkpt><trkpt lat="48.033605" lon="-123.434182"><ele>663.0</ele><time>2023-07-08T22:18:41Z</time></trkpt><trkpt lat="48.033731" lon="-123.434143"><ele>659.0</ele><time>2023-07-08T22:18:56Z</time></trkpt><trkpt lat="48.033793" lon="-123.434138"><ele>657.0</ele><time>2023-07-08T22:19:03Z</time></trkpt><trkpt lat="48.033898" lon="-123.434149"><ele>657.0</ele><time>2023-07-08T22:19:14Z</time></trkpt><trkpt lat="48.033946" lon="-123.43426"><ele>656.0</ele><time>2023-07-08T22:19:21Z</time></trkpt><trkpt lat="48.034076" lon="-123.434277"><ele>656.0</ele><time>2023-07-08T22:19:28Z</time></trkpt><trkpt lat="48.034158" lon="-123.43426"><ele>656.0</ele><time>2023-07-08T22:19:34Z</time></trkpt><trkpt lat="48.034246" lon="-123.434301"><ele>656.0</ele><time>2023-07-08T22:19:40Z</time></trkpt><trkpt lat="48.034273" lon="-123.434342"><ele>654.0</ele><time>2023-07-08T22:19:42Z</time></trkpt><trkpt lat="48.034361" lon="-123.43427"><ele>653.0</ele><time>2023-07-08T22:19:54Z</time></trkpt><trkpt lat="48.034361" lon="-123.434186"><ele>655.3</ele><time>2023-07-08T22:19:59Z</time></trkpt><trkpt lat="48.034406" lon="-123.434195"><ele>654.0</ele><time>2023-07-08T22:20:06Z</time></trkpt><trkpt lat="48.034485" lon="-123.434108"><ele>651.0</ele><time>2023-07-08T22:20:17Z</time></trkpt><trkpt lat="48.03452" lon="-123.434083"><ele>652.0</ele><time>2023-07-08T22:20:19Z</time></trkpt><trkpt lat="48.034609" lon="-123.434065"><ele>650.0</ele><time>2023-07-08T22:20:33Z</time></trkpt><trkpt lat="48.034657" lon="-123.434021"><ele>650.0</ele><time>2023-07-08T22:20:40Z</time></trkpt><trkpt lat="48.034723" lon="-123.433993"><ele>647.0</ele><time>2023-07-08T22:20:47Z</time></trkpt><trkpt lat="48.034801" lon="-123.43399"><ele>646.0</ele><time>2023-07-08T22:20:54Z</time></trkpt><trkpt lat="48.03487" lon="-123.434024"><ele>644.0</ele><time>2023-07-08T22:21:01Z</time></trkpt><trkpt lat="48.034957" lon="-123.434098"><ele>645.0</ele><time>2023-07-08T22:21:09Z</time></trkpt><trkpt lat="48.035128" lon="-123.434211"><ele>645.0</ele><time>2023-07-08T22:21:35Z</time></trkpt><trkpt lat="48.035183" lon="-123.434223"><ele>646.0</ele><time>2023-07-08T22:21:39Z</time></trkpt><trkpt lat="48.035269" lon="-123.434264"><ele>640.0</ele><time>2023-07-08T22:21:46Z</time></trkpt><trkpt lat="48.035322" lon="-123.434271"><ele>642.0</ele><time>2023-07-08T22:22:00Z</time></trkpt><trkpt lat="48.035415" lon="-123.434264"><ele>641.0</ele><time>2023-07-08T22:22:06Z</time></trkpt><trkpt lat="48.03569" lon="-123.434191"><ele>644.0</ele><time>2023-07-08T22:22:37Z</time></trkpt><trkpt lat="48.035859" lon="-123.434112"><ele>631.0</ele><time>2023-07-08T22:23:03Z</time></trkpt><trkpt lat="48.035894" lon="-123.434085"><ele>630.0</ele><time>2023-07-08T22:23:08Z</time></trkpt><trkpt lat="48.03594" lon="-123.434073"><ele>630.0</ele><time>2023-07-08T22:23:12Z</time></trkpt><trkpt lat="48.036143" lon="-123.43396"><ele>626.0</ele><time>2023-07-08T22:23:39Z</time></trkpt><trkpt lat="48.036179" lon="-123.433928"><ele>627.6</ele><time>2023-07-08T22:23:41Z</time></trkpt><trkpt lat="48.036335" lon="-123.433859"><ele>622.0</ele><time>2023-07-08T22:24:17Z</time></trkpt><trkpt lat="48.036623" lon="-123.433649"><ele>615.0</ele><time>2023-07-08T22:24:55Z</time></trkpt><trkpt lat="48.036675" lon="-123.433593"><ele>612.0</ele><time>2023-07-08T22:25:02Z</time></trkpt><trkpt lat="48.036729" lon="-123.433565"><ele>610.0</ele><time>2023-07-08T22:25:12Z</time></trkpt><trkpt lat="48.037386" lon="-123.433072"><ele>600.0</ele><time>2023-07-08T22:26:36Z</time></trkpt><trkpt lat="48.03757" lon="-123.432913"><ele>598.0</ele><time>2023-07-08T22:27:00Z</time></trkpt><trkpt lat="48.037696" lon="-123.432774"><ele>592.0</ele><time>2023-07-08T22:27:16Z</time></trkpt><trkpt lat="48.037854" lon="-123.432557"><ele>591.2</ele><time>2023-07-08T22:27:38Z</time></trkpt><trkpt lat="48.037959" lon="-123.432447"><ele>587.3</ele><time>2023-07-08T22:27:49Z</time></trkpt><trkpt lat="48.03801" lon="-123.432426"><ele>585.0</ele><time>2023-07-08T22:27:51Z</time></trkpt><trkpt lat="48.03813" lon="-123.432448"><ele>580.0</ele><time>2023-07-08T22:28:06Z</time></trkpt><trkpt lat="48.038198" lon="-123.432417"><ele>576.0</ele><time>2023-07-08T22:28:13Z</time></trkpt><trkpt lat="48.038218" lon="-123.432516"><ele>576.4</ele><time>2023-07-08T22:28:22Z</time></trkpt><trkpt lat="48.038163" lon="-123.432657"><ele>575.2</ele><time>2023-07-08T22:28:30Z</time></trkpt><trkpt lat="48.038185" lon="-123.432922"><ele>574.0</ele><time>2023-07-08T22:28:51Z</time></trkpt><trkpt lat="48.038207" lon="-123.432998"><ele>572.0</ele><time>2023-07-08T22:28:56Z</time></trkpt><trkpt lat="48.038303" lon="-123.433115"><ele>571.0</ele><time>2023-07-08T22:29:15Z</time></trkpt><trkpt lat="48.038296" lon="-123.433184"><ele>576.0</ele><time>2023-07-08T22:29:20Z</time></trkpt><trkpt lat="48.038277" lon="-123.433224"><ele>576.7</ele><time>2023-07-08T22:29:22Z</time></trkpt><trkpt lat="48.038287" lon="-123.433257"><ele>577.3</ele><time>2023-07-08T22:29:22Z</time></trkpt><trkpt lat="48.038278" lon="-123.433292"><ele>576.0</ele><time>2023-07-08T22:29:24Z</time></trkpt><trkpt lat="48.038298" lon="-123.433338"><ele>578.0</ele><time>2023-07-08T22:29:25Z</time></trkpt><trkpt lat="48.038294" lon="-123.433378"><ele>576.0</ele><time>2023-07-08T22:29:27Z</time></trkpt><trkpt lat="48.038314" lon="-123.433345"><ele>577.4</ele><time>2023-07-08T22:29:28Z</time></trkpt><trkpt lat="48.038331" lon="-123.433222"><ele>574.0</ele><time>2023-07-08T22:29:32Z</time></trkpt><trkpt lat="48.038316" lon="-123.433121"><ele>574.8</ele><time>2023-07-08T22:29:39Z</time></trkpt><trkpt lat="48.038369" lon="-123.43297"><ele>574.0</ele><time>2023-07-08T22:29:51Z</time></trkpt><trkpt lat="48.038406" lon="-123.432697"><ele>573.7</ele><time>2023-07-08T22:30:09Z</time></trkpt><trkpt lat="48.038434" lon="-123.432616"><ele>572.0</ele><time>2023-07-08T22:30:13Z</time></trkpt><trkpt lat="48.038647" lon="-123.432176"><ele>565.0</ele><time>2023-07-08T22:30:47Z</time></trkpt><trkpt lat="48.038779" lon="-123.431801"><ele>565.6</ele><time>2023-07-08T22:31:13Z</time></trkpt><trkpt lat="48.038853" lon="-123.431638"><ele>564.0</ele><time>2023-07-08T22:31:23Z</time></trkpt><trkpt lat="48.038906" lon="-123.43158"><ele>560.0</ele><time>2023-07-08T22:31:30Z</time></trkpt><trkpt lat="48.038941" lon="-123.431556"><ele>560.0</ele><time>2023-07-08T22:31:34Z</time></trkpt><trkpt lat="48.039156" lon="-123.431464"><ele>558.0</ele><time>2023-07-08T22:31:47Z</time></trkpt><trkpt lat="48.039214" lon="-123.431418"><ele>558.0</ele><time>2023-07-08T22:31:52Z</time></trkpt><trkpt lat="48.039252" lon="-123.431348"><ele>556.0</ele><time>2023-07-08T22:31:56Z</time></trkpt><trkpt lat="48.039259" lon="-123.431253"><ele>556.0</ele><time>2023-07-08T22:31:59Z</time></trkpt><trkpt lat="48.039284" lon="-123.431207"><ele>555.0</ele><time>2023-07-08T22:32:03Z</time></trkpt><trkpt lat="48.039322" lon="-123.431187"><ele>555.0</ele><time>2023-07-08T22:32:07Z</time></trkpt><trkpt lat="48.039356" lon="-123.431124"><ele>555.0</ele><time>2023-07-08T22:32:12Z</time></trkpt><trkpt lat="48.039392" lon="-123.43112"><ele>555.0</ele><time>2023-07-08T22:32:15Z</time></trkpt><trkpt lat="48.039457" lon="-123.431013"><ele>554.0</ele><time>2023-07-08T22:32:26Z</time></trkpt><trkpt lat="48.0394" lon="-123.43107"><ele>557.3</ele><time>2023-07-08T22:32:32Z</time></trkpt><trkpt lat="48.039388" lon="-123.4311"><ele>550.0</ele><time>2023-07-08T22:32:38Z</time></trkpt><trkpt lat="48.039345" lon="-123.431033"><ele>556.0</ele><time>2023-07-08T22:32:49Z</time></trkpt><trkpt lat="48.039304" lon="-123.431086"><ele>552.0</ele><time>2023-07-08T22:33:03Z</time></trkpt><trkpt lat="48.039326" lon="-123.43111"><ele>556.0</ele><time>2023-07-08T22:35:20Z</time></trkpt><trkpt lat="48.039322" lon="-123.431043"><ele>546.0</ele><time>2023-07-08T22:35:30Z</time></trkpt><trkpt lat="48.039307" lon="-123.431009"><ele>557.0</ele><time>2023-07-08T22:35:38Z</time></trkpt><trkpt lat="48.039288" lon="-123.431051"><ele>560.7</ele><time>2023-07-08T22:35:52Z</time></trkpt></trkseg></trk></gpx>