<?xml version="1.0" ?><gpx xmlns="http://www.topografix.com/GPX/1/1" creator="GaiaGPS" version="1.1" xmlns:xsi="http://www.w3.org/2001/XMLSchema-instance" xsi:schemaLocation="http://www.topografix.com/GPX/1/1 http://www.topografix.com/GPX/1/1/gpx.xsd"><trk><name>Track (8/20/22, 6:31:34AM)</name><desc></desc><extensions><line xmlns="http://www.topografix.com/GPX/gpx_style/0/2"><color>5726C2</color></line></extensions><trkseg><trkpt lat="47.531952" lon="-120.815995"><ele>1010.4</ele><time>2022-08-20T13:31:35Z</time></trkpt><trkpt lat="47.531912" lon="-120.816067"><ele>1008.0</ele><time>2022-08-20T13:31:41Z</time></trkpt><trkpt lat="47.531834" lon="-120.816155"><ele>1011.0</ele><time>2022-08-20T13:31:49Z</time></trkpt><trkpt lat="47.531642" lon="-120.816482"><ele>1012.0</ele><time>2022-08-20T13:32:15Z</time></trkpt><trkpt lat="47.531621" lon="-120.816546"><ele>1012.0</ele><time>2022-08-20T13:32:19Z</time></trkpt><trkpt lat="47.53151" lon="-120.81669"><ele>1011.0</ele><time>2022-08-20T13:32:31Z</time></trkpt><trkpt lat="47.531473" lon="-120.816764"><ele>1011.0</ele><time>2022-08-20T13:32:37Z</time></trkpt><trkpt lat="47.531429" lon="-120.81681"><ele>1011.0</ele><time>2022-08-20T13:32:41Z</time></trkpt><trkpt lat="47.53136" lon="-120.816921"><ele>1011.3</ele><time>2022-08-20T13:32:50Z</time></trkpt><trkpt lat="47.531314" lon="-120.816954"><ele>1010.0</ele><time>2022-08-20T13:32:55Z</time></trkpt><trkpt lat="47.531292" lon="-120.816991"><ele>1011.0</ele><time>2022-08-20T13:32:57Z</time></trkpt><trkpt lat="47.531147" lon="-120.817126"><ele>1013.0</ele><time>2022-08-20T13:33:12Z</time></trkpt><trkpt lat="47.530874" lon="-120.817242"><ele>1016.0</ele><time>2022-08-20T13:33:37Z</time></trkpt><trkpt lat="47.530705" lon="-120.81736"><ele>1017.0</ele><time>2022-08-20T13:33:53Z</time></trkpt><trkpt lat="47.530679" lon="-120.817425"><ele>1017.0</ele><time>2022-08-20T13:33:58Z</time></trkpt><trkpt lat="47.53057" lon="-120.817483"><ele>1020.0</ele><time>2022-08-20T13:34:06Z</time></trkpt><trkpt lat="47.530367" lon="-120.817494"><ele>1021.0</ele><time>2022-08-20T13:34:21Z</time></trkpt><trkpt lat="47.530299" lon="-120.817512"><ele>1022.0</ele><time>2022-08-20T13:34:26Z</time></trkpt><trkpt lat="47.530163" lon="-120.817635"><ele>1022.0</ele><time>2022-08-20T13:34:41Z</time></trkpt><trkpt lat="47.530133" lon="-120.81772"><ele>1023.0</ele><time>2022-08-20T13:34:45Z</time></trkpt><trkpt lat="47.530082" lon="-120.817815"><ele>1024.0</ele><time>2022-08-20T13:34:53Z</time></trkpt><trkpt lat="47.529978" lon="-120.817944"><ele>1026.0</ele><time>2022-08-20T13:35:03Z</time></trkpt><trkpt lat="47.529949" lon="-120.817964"><ele>1026.0</ele><time>2022-08-20T13:35:06Z</time></trkpt><trkpt lat="47.529905" lon="-120.81803"><ele>1026.0</ele><time>2022-08-20T13:35:11Z</time></trkpt><trkpt lat="47.529771" lon="-120.818152"><ele>1026.0</ele><time>2022-08-20T13:35:25Z</time></trkpt><trkpt lat="47.52974" lon="-120.818158"><ele>1026.0</ele><time>2022-08-20T13:35:28Z</time></trkpt><trkpt lat="47.529654" lon="-120.818203"><ele>1026.0</ele><time>2022-08-20T13:35:34Z</time></trkpt><trkpt lat="47.529566" lon="-120.818223"><ele>1028.0</ele><time>2022-08-20T13:35:40Z</time></trkpt><trkpt lat="47.529543" lon="-120.818245"><ele>1028.0</ele><time>2022-08-20T13:35:42Z</time></trkpt><trkpt lat="47.529509" lon="-120.818305"><ele>1029.0</ele><time>2022-08-20T13:35:47Z</time></trkpt><trkpt lat="47.5294" lon="-120.818435"><ele>1029.0</ele><time>2022-08-20T13:35:59Z</time></trkpt><trkpt lat="47.529345" lon="-120.818576"><ele>1032.0</ele><time>2022-08-20T13:36:07Z</time></trkpt><trkpt lat="47.529282" lon="-120.818788"><ele>1032.0</ele><time>2022-08-20T13:36:21Z</time></trkpt><trkpt lat="47.52927" lon="-120.81887"><ele>1034.0</ele><time>2022-08-20T13:36:26Z</time></trkpt><trkpt lat="47.529217" lon="-120.818998"><ele>1032.0</ele><time>2022-08-20T13:36:34Z</time></trkpt><trkpt lat="47.529216" lon="-120.819093"><ele>1031.0</ele><time>2022-08-20T13:36:38Z</time></trkpt><trkpt lat="47.529199" lon="-120.819133"><ele>1030.0</ele><time>2022-08-20T13:36:41Z</time></trkpt><trkpt lat="47.529189" lon="-120.819244"><ele>1034.0</ele><time>2022-08-20T13:36:48Z</time></trkpt><trkpt lat="47.529128" lon="-120.819375"><ele>1032.0</ele><time>2022-08-20T13:36:56Z</time></trkpt><trkpt lat="47.529086" lon="-120.819509"><ele>1030.0</ele><time>2022-08-20T13:37:05Z</time></trkpt><trkpt lat="47.528935" lon="-120.819794"><ele>1032.3</ele><time>2022-08-20T13:37:25Z</time></trkpt><trkpt lat="47.528822" lon="-120.819908"><ele>1034.0</ele><time>2022-08-20T13:37:37Z</time></trkpt><trkpt lat="47.528728" lon="-120.820046"><ele>1033.0</ele><time>2022-08-20T13:37:49Z</time></trkpt><trkpt lat="47.528701" lon="-120.820108"><ele>1033.0</ele><time>2022-08-20T13:37:53Z</time></trkpt><trkpt lat="47.528661" lon="-120.820163"><ele>1032.0</ele><time>2022-08-20T13:37:58Z</time></trkpt><trkpt lat="47.528649" lon="-120.820202"><ele>1032.0</ele><time>2022-08-20T13:38:00Z</time></trkpt><trkpt lat="47.52853" lon="-120.820321"><ele>1032.0</ele><time>2022-08-20T13:38:13Z</time></trkpt><trkpt lat="47.528482" lon="-120.820423"><ele>1032.0</ele><time>2022-08-20T13:38:21Z</time></trkpt><trkpt lat="47.528426" lon="-120.820494"><ele>1029.0</ele><time>2022-08-20T13:38:26Z</time></trkpt><trkpt lat="47.528323" lon="-120.820588"><ele>1032.0</ele><time>2022-08-20T13:38:36Z</time></trkpt><trkpt lat="47.528187" lon="-120.820659"><ele>1032.0</ele><time>2022-08-20T13:38:49Z</time></trkpt><trkpt lat="47.528116" lon="-120.820663"><ele>1032.0</ele><time>2022-08-20T13:38:55Z</time></trkpt><trkpt lat="47.528014" lon="-120.820721"><ele>1032.0</ele><time>2022-08-20T13:39:05Z</time></trkpt><trkpt lat="47.52792" lon="-120.820754"><ele>1035.0</ele><time>2022-08-20T13:39:13Z</time></trkpt><trkpt lat="47.527864" lon="-120.820793"><ele>1035.0</ele><time>2022-08-20T13:39:18Z</time></trkpt><trkpt lat="47.527792" lon="-120.820811"><ele>1035.0</ele><time>2022-08-20T13:39:24Z</time></trkpt><trkpt lat="47.527749" lon="-120.820856"><ele>1038.0</ele><time>2022-08-20T13:39:28Z</time></trkpt><trkpt lat="47.527735" lon="-120.82094"><ele>1039.0</ele><time>2022-08-20T13:39:35Z</time></trkpt><trkpt lat="47.527773" lon="-120.821029"><ele>1043.0</ele><time>2022-08-20T13:40:27Z</time></trkpt><trkpt lat="47.527786" lon="-120.820993"><ele>1044.0</ele><time>2022-08-20T13:40:53Z</time></trkpt><trkpt lat="47.527758" lon="-120.82103"><ele>1042.0</ele><time>2022-08-20T13:41:19Z</time></trkpt><trkpt lat="47.527745" lon="-120.82096"><ele>1040.0</ele><time>2022-08-20T13:42:04Z</time></trkpt><trkpt lat="47.527707" lon="-120.82096"><ele>1044.0</ele><time>2022-08-20T13:42:08Z</time></trkpt><trkpt lat="47.527524" lon="-120.820798"><ele>1046.0</ele><time>2022-08-20T13:42:39Z</time></trkpt><trkpt lat="47.527452" lon="-120.820772"><ele>1047.2</ele><time>2022-08-20T13:42:43Z</time></trkpt><trkpt lat="47.527336" lon="-120.820885"><ele>1050.0</ele><time>2022-08-20T13:42:55Z</time></trkpt><trkpt lat="47.52731" lon="-120.820927"><ele>1050.0</ele><time>2022-08-20T13:42:57Z</time></trkpt><trkpt lat="47.527289" lon="-120.821007"><ele>1052.0</ele><time>2022-08-20T13:43:01Z</time></trkpt><trkpt lat="47.527237" lon="-120.821034"><ele>1054.0</ele><time>2022-08-20T13:43:05Z</time></trkpt><trkpt lat="47.5272" lon="-120.821024"><ele>1053.0</ele><time>2022-08-20T13:43:07Z</time></trkpt><trkpt lat="47.527171" lon="-120.821043"><ele>1054.0</ele><time>2022-08-20T13:43:10Z</time></trkpt><trkpt lat="47.527167" lon="-120.821"><ele>1054.0</ele><time>2022-08-20T13:43:12Z</time></trkpt><trkpt lat="47.527125" lon="-120.821"><ele>1053.0</ele><time>2022-08-20T13:43:14Z</time></trkpt><trkpt lat="47.527087" lon="-120.82103"><ele>1054.0</ele><time>2022-08-20T13:43:17Z</time></trkpt><trkpt lat="47.527061" lon="-120.821063"><ele>1054.0</ele><time>2022-08-20T13:43:19Z</time></trkpt><trkpt lat="47.527048" lon="-120.821103"><ele>1052.0</ele><time>2022-08-20T13:43:21Z</time></trkpt><trkpt lat="47.527049" lon="-120.821195"><ele>1053.0</ele><time>2022-08-20T13:43:25Z</time></trkpt><trkpt lat="47.527032" lon="-120.821234"><ele>1053.0</ele><time>2022-08-20T13:43:27Z</time></trkpt><trkpt lat="47.526996" lon="-120.821277"><ele>1055.0</ele><time>2022-08-20T13:43:30Z</time></trkpt><trkpt lat="47.526968" lon="-120.821353"><ele>1058.6</ele><time>2022-08-20T13:43:36Z</time></trkpt><trkpt lat="47.526946" lon="-120.821355"><ele>1058.0</ele><time>2022-08-20T13:43:38Z</time></trkpt><trkpt lat="47.526905" lon="-120.821422"><ele>1061.0</ele><time>2022-08-20T13:43:43Z</time></trkpt><trkpt lat="47.526834" lon="-120.821485"><ele>1058.0</ele><time>2022-08-20T13:43:51Z</time></trkpt><trkpt lat="47.526787" lon="-120.821462"><ele>1056.0</ele><time>2022-08-20T13:43:57Z</time></trkpt><trkpt lat="47.526744" lon="-120.821521"><ele>1056.0</ele><time>2022-08-20T13:44:02Z</time></trkpt><trkpt lat="47.526674" lon="-120.821568"><ele>1057.0</ele><time>2022-08-20T13:44:08Z</time></trkpt><trkpt lat="47.52664" lon="-120.821566"><ele>1057.0</ele><time>2022-08-20T13:44:12Z</time></trkpt><trkpt lat="47.526608" lon="-120.821579"><ele>1058.0</ele><time>2022-08-20T13:44:14Z</time></trkpt><trkpt lat="47.526602" lon="-120.821614"><ele>1058.0</ele><time>2022-08-20T13:44:17Z</time></trkpt><trkpt lat="47.526528" lon="-120.82162"><ele>1056.0</ele><time>2022-08-20T13:44:23Z</time></trkpt><trkpt lat="47.526487" lon="-120.821673"><ele>1058.0</ele><time>2022-08-20T13:44:28Z</time></trkpt><trkpt lat="47.526441" lon="-120.821658"><ele>1058.0</ele><time>2022-08-20T13:44:31Z</time></trkpt><trkpt lat="47.526402" lon="-120.821618"><ele>1059.0</ele><time>2022-08-20T13:44:35Z</time></trkpt><trkpt lat="47.526368" lon="-120.821629"><ele>1059.0</ele><time>2022-08-20T13:44:38Z</time></trkpt><trkpt lat="47.526299" lon="-120.821615"><ele>1059.0</ele><time>2022-08-20T13:44:43Z</time></trkpt><trkpt lat="47.526231" lon="-120.821653"><ele>1060.0</ele><time>2022-08-20T13:44:49Z</time></trkpt><trkpt lat="47.526178" lon="-120.8217"><ele>1061.0</ele><time>2022-08-20T13:44:55Z</time></trkpt><trkpt lat="47.526124" lon="-120.821697"><ele>1063.0</ele><time>2022-08-20T13:44:59Z</time></trkpt><trkpt lat="47.526024" lon="-120.821718"><ele>1062.0</ele><time>2022-08-20T13:45:06Z</time></trkpt><trkpt lat="47.525995" lon="-120.821739"><ele>1062.0</ele><time>2022-08-20T13:45:09Z</time></trkpt><trkpt lat="47.525919" lon="-120.821741"><ele>1061.0</ele><time>2022-08-20T13:45:15Z</time></trkpt><trkpt lat="47.52588" lon="-120.821762"><ele>1062.0</ele><time>2022-08-20T13:45:18Z</time></trkpt><trkpt lat="47.525826" lon="-120.821815"><ele>1062.0</ele><time>2022-08-20T13:45:23Z</time></trkpt><trkpt lat="47.525737" lon="-120.821853"><ele>1062.0</ele><time>2022-08-20T13:45:32Z</time></trkpt><trkpt lat="47.525654" lon="-120.821904"><ele>1064.0</ele><time>2022-08-20T13:45:40Z</time></trkpt><trkpt lat="47.525631" lon="-120.82193"><ele>1064.0</ele><time>2022-08-20T13:45:43Z</time></trkpt><trkpt lat="47.525518" lon="-120.821944"><ele>1065.0</ele><time>2022-08-20T13:45:50Z</time></trkpt><trkpt lat="47.525443" lon="-120.821938"><ele>1064.0</ele><time>2022-08-20T13:45:55Z</time></trkpt><trkpt lat="47.525311" lon="-120.821993"><ele>1064.0</ele><time>2022-08-20T13:46:03Z</time></trkpt><trkpt lat="47.525233" lon="-120.822008"><ele>1066.0</ele><time>2022-08-20T13:46:07Z</time></trkpt><trkpt lat="47.525196" lon="-120.822007"><ele>1066.0</ele><time>2022-08-20T13:46:10Z</time></trkpt><trkpt lat="47.52516" lon="-120.822077"><ele>1066.0</ele><time>2022-08-20T13:46:14Z</time></trkpt><trkpt lat="47.525144" lon="-120.822164"><ele>1068.1</ele><time>2022-08-20T13:46:18Z</time></trkpt><trkpt lat="47.525111" lon="-120.822174"><ele>1067.0</ele><time>2022-08-20T13:46:20Z</time></trkpt><trkpt lat="47.525037" lon="-120.82225"><ele>1065.0</ele><time>2022-08-20T13:46:29Z</time></trkpt><trkpt lat="47.525034" lon="-120.822299"><ele>1065.5</ele><time>2022-08-20T13:46:31Z</time></trkpt><trkpt lat="47.525047" lon="-120.822335"><ele>1066.0</ele><time>2022-08-20T13:46:32Z</time></trkpt><trkpt lat="47.525037" lon="-120.822379"><ele>1065.0</ele><time>2022-08-20T13:46:35Z</time></trkpt><trkpt lat="47.524996" lon="-120.822463"><ele>1065.0</ele><time>2022-08-20T13:46:39Z</time></trkpt><trkpt lat="47.524952" lon="-120.822489"><ele>1066.0</ele><time>2022-08-20T13:46:43Z</time></trkpt><trkpt lat="47.52486" lon="-120.822372"><ele>1067.0</ele><time>2022-08-20T13:46:49Z</time></trkpt><trkpt lat="47.524827" lon="-120.822379"><ele>1066.0</ele><time>2022-08-20T13:46:51Z</time></trkpt><trkpt lat="47.524745" lon="-120.822367"><ele>1066.0</ele><time>2022-08-20T13:46:55Z</time></trkpt><trkpt lat="47.524708" lon="-120.822373"><ele>1066.0</ele><time>2022-08-20T13:46:57Z</time></trkpt><trkpt lat="47.524678" lon="-120.822434"><ele>1068.3</ele><time>2022-08-20T13:47:00Z</time></trkpt><trkpt lat="47.524622" lon="-120.822472"><ele>1065.0</ele><time>2022-08-20T13:47:05Z</time></trkpt><trkpt lat="47.524597" lon="-120.822541"><ele>1068.0</ele><time>2022-08-20T13:47:12Z</time></trkpt><trkpt lat="47.524593" lon="-120.822592"><ele>1068.0</ele><time>2022-08-20T13:47:14Z</time></trkpt><trkpt lat="47.524548" lon="-120.822666"><ele>1070.0</ele><time>2022-08-20T13:47:18Z</time></trkpt><trkpt lat="47.524509" lon="-120.822666"><ele>1068.0</ele><time>2022-08-20T13:47:20Z</time></trkpt><trkpt lat="47.524472" lon="-120.822652"><ele>1068.0</ele><time>2022-08-20T13:47:23Z</time></trkpt><trkpt lat="47.524406" lon="-120.822576"><ele>1067.0</ele><time>2022-08-20T13:47:29Z</time></trkpt><trkpt lat="47.524316" lon="-120.82259"><ele>1068.0</ele><time>2022-08-20T13:47:35Z</time></trkpt><trkpt lat="47.524202" lon="-120.822549"><ele>1071.0</ele><time>2022-08-20T13:47:42Z</time></trkpt><trkpt lat="47.524163" lon="-120.822574"><ele>1072.0</ele><time>2022-08-20T13:47:46Z</time></trkpt><trkpt lat="47.524006" lon="-120.822566"><ele>1073.0</ele><time>2022-08-20T13:48:02Z</time></trkpt><trkpt lat="47.52399" lon="-120.822541"><ele>1078.0</ele><time>2022-08-20T13:48:04Z</time></trkpt><trkpt lat="47.523953" lon="-120.822529"><ele>1078.9</ele><time>2022-08-20T13:48:08Z</time></trkpt><trkpt lat="47.523908" lon="-120.822544"><ele>1078.0</ele><time>2022-08-20T13:48:10Z</time></trkpt><trkpt lat="47.52387" lon="-120.822527"><ele>1077.0</ele><time>2022-08-20T13:48:13Z</time></trkpt><trkpt lat="47.523866" lon="-120.822487"><ele>1078.0</ele><time>2022-08-20T13:48:16Z</time></trkpt><trkpt lat="47.523823" lon="-120.822443"><ele>1081.7</ele><time>2022-08-20T13:48:23Z</time></trkpt><trkpt lat="47.523732" lon="-120.822393"><ele>1080.0</ele><time>2022-08-20T13:48:33Z</time></trkpt><trkpt lat="47.523699" lon="-120.822401"><ele>1080.0</ele><time>2022-08-20T13:48:35Z</time></trkpt><trkpt lat="47.523636" lon="-120.822465"><ele>1079.0</ele><time>2022-08-20T13:48:42Z</time></trkpt><trkpt lat="47.523585" lon="-120.822485"><ele>1080.0</ele><time>2022-08-20T13:48:45Z</time></trkpt><trkpt lat="47.52353" lon="-120.822548"><ele>1080.0</ele><time>2022-08-20T13:48:52Z</time></trkpt><trkpt lat="47.523512" lon="-120.822626"><ele>1081.0</ele><time>2022-08-20T13:48:55Z</time></trkpt><trkpt lat="47.523464" lon="-120.822609"><ele>1080.0</ele><time>2022-08-20T13:48:58Z</time></trkpt><trkpt lat="47.523402" lon="-120.822678"><ele>1082.0</ele><time>2022-08-20T13:49:08Z</time></trkpt><trkpt lat="47.523347" lon="-120.822707"><ele>1080.0</ele><time>2022-08-20T13:49:14Z</time></trkpt><trkpt lat="47.52333" lon="-120.822737"><ele>1082.0</ele><time>2022-08-20T13:49:18Z</time></trkpt><trkpt lat="47.523309" lon="-120.822827"><ele>1085.0</ele><time>2022-08-20T13:49:23Z</time></trkpt><trkpt lat="47.523286" lon="-120.822865"><ele>1087.8</ele><time>2022-08-20T13:49:25Z</time></trkpt><trkpt lat="47.523239" lon="-120.822876"><ele>1085.0</ele><time>2022-08-20T13:49:30Z</time></trkpt><trkpt lat="47.523189" lon="-120.822927"><ele>1086.0</ele><time>2022-08-20T13:49:35Z</time></trkpt><trkpt lat="47.523128" lon="-120.822937"><ele>1086.0</ele><time>2022-08-20T13:49:40Z</time></trkpt><trkpt lat="47.523085" lon="-120.82299"><ele>1087.0</ele><time>2022-08-20T13:49:43Z</time></trkpt><trkpt lat="47.523054" lon="-120.823012"><ele>1088.0</ele><time>2022-08-20T13:49:45Z</time></trkpt><trkpt lat="47.523012" lon="-120.823101"><ele>1088.0</ele><time>2022-08-20T13:49:49Z</time></trkpt><trkpt lat="47.522996" lon="-120.823167"><ele>1085.0</ele><time>2022-08-20T13:49:54Z</time></trkpt><trkpt lat="47.522958" lon="-120.823161"><ele>1086.0</ele><time>2022-08-20T13:49:57Z</time></trkpt><trkpt lat="47.522888" lon="-120.823196"><ele>1088.0</ele><time>2022-08-20T13:50:04Z</time></trkpt><trkpt lat="47.522849" lon="-120.823367"><ele>1090.0</ele><time>2022-08-20T13:50:13Z</time></trkpt><trkpt lat="47.522794" lon="-120.823392"><ele>1091.8</ele><time>2022-08-20T13:50:19Z</time></trkpt><trkpt lat="47.522759" lon="-120.823382"><ele>1090.0</ele><time>2022-08-20T13:50:21Z</time></trkpt><trkpt lat="47.522718" lon="-120.823346"><ele>1090.0</ele><time>2022-08-20T13:50:26Z</time></trkpt><trkpt lat="47.522665" lon="-120.82336"><ele>1091.0</ele><time>2022-08-20T13:50:29Z</time></trkpt><trkpt lat="47.522631" lon="-120.823358"><ele>1090.0</ele><time>2022-08-20T13:50:33Z</time></trkpt><trkpt lat="47.522525" lon="-120.82331"><ele>1092.0</ele><time>2022-08-20T13:50:44Z</time></trkpt><trkpt lat="47.522478" lon="-120.823239"><ele>1095.0</ele><time>2022-08-20T13:50:50Z</time></trkpt><trkpt lat="47.522404" lon="-120.823181"><ele>1094.0</ele><time>2022-08-20T13:50:56Z</time></trkpt><trkpt lat="47.522291" lon="-120.823039"><ele>1097.0</ele><time>2022-08-20T13:51:09Z</time></trkpt><trkpt lat="47.522186" lon="-120.823071"><ele>1098.0</ele><time>2022-08-20T13:51:18Z</time></trkpt><trkpt lat="47.522146" lon="-120.823068"><ele>1099.0</ele><time>2022-08-20T13:51:21Z</time></trkpt><trkpt lat="47.522107" lon="-120.823083"><ele>1101.0</ele><time>2022-08-20T13:51:26Z</time></trkpt><trkpt lat="47.522037" lon="-120.823056"><ele>1100.0</ele><time>2022-08-20T13:51:32Z</time></trkpt><trkpt lat="47.521997" lon="-120.823122"><ele>1099.0</ele><time>2022-08-20T13:51:37Z</time></trkpt><trkpt lat="47.521933" lon="-120.82313"><ele>1100.0</ele><time>2022-08-20T13:51:43Z</time></trkpt><trkpt lat="47.521856" lon="-120.823174"><ele>1102.0</ele><time>2022-08-20T13:51:50Z</time></trkpt><trkpt lat="47.521835" lon="-120.823146"><ele>1103.0</ele><time>2022-08-20T13:51:52Z</time></trkpt><trkpt lat="47.52185" lon="-120.823215"><ele>1104.0</ele><time>2022-08-20T13:51:56Z</time></trkpt><trkpt lat="47.521826" lon="-120.823287"><ele>1105.0</ele><time>2022-08-20T13:51:59Z</time></trkpt><trkpt lat="47.521799" lon="-120.823301"><ele>1104.0</ele><time>2022-08-20T13:52:02Z</time></trkpt><trkpt lat="47.521711" lon="-120.823297"><ele>1105.0</ele><time>2022-08-20T13:52:08Z</time></trkpt><trkpt lat="47.521691" lon="-120.823268"><ele>1104.0</ele><time>2022-08-20T13:52:12Z</time></trkpt><trkpt lat="47.521589" lon="-120.823223"><ele>1107.0</ele><time>2022-08-20T13:52:22Z</time></trkpt><trkpt lat="47.521555" lon="-120.82324"><ele>1107.0</ele><time>2022-08-20T13:52:25Z</time></trkpt><trkpt lat="47.521526" lon="-120.823273"><ele>1105.0</ele><time>2022-08-20T13:52:28Z</time></trkpt><trkpt lat="47.521418" lon="-120.823282"><ele>1108.0</ele><time>2022-08-20T13:52:40Z</time></trkpt><trkpt lat="47.521341" lon="-120.823317"><ele>1111.3</ele><time>2022-08-20T13:52:50Z</time></trkpt><trkpt lat="47.521325" lon="-120.823307"><ele>1110.0</ele><time>2022-08-20T13:52:52Z</time></trkpt><trkpt lat="47.521278" lon="-120.823313"><ele>1112.0</ele><time>2022-08-20T13:52:56Z</time></trkpt><trkpt lat="47.521236" lon="-120.823404"><ele>1112.0</ele><time>2022-08-20T13:53:02Z</time></trkpt><trkpt lat="47.521172" lon="-120.823375"><ele>1114.0</ele><time>2022-08-20T13:53:08Z</time></trkpt><trkpt lat="47.52114" lon="-120.823379"><ele>1113.0</ele><time>2022-08-20T13:53:11Z</time></trkpt><trkpt lat="47.521089" lon="-120.823447"><ele>1116.0</ele><time>2022-08-20T13:53:17Z</time></trkpt><trkpt lat="47.521054" lon="-120.823438"><ele>1118.0</ele><time>2022-08-20T13:53:20Z</time></trkpt><trkpt lat="47.521025" lon="-120.823399"><ele>1116.0</ele><time>2022-08-20T13:53:22Z</time></trkpt><trkpt lat="47.520988" lon="-120.823381"><ele>1116.0</ele><time>2022-08-20T13:53:25Z</time></trkpt><trkpt lat="47.520964" lon="-120.823407"><ele>1117.0</ele><time>2022-08-20T13:53:28Z</time></trkpt><trkpt lat="47.520931" lon="-120.82347"><ele>1119.0</ele><time>2022-08-20T13:53:32Z</time></trkpt><trkpt lat="47.520894" lon="-120.823462"><ele>1118.0</ele><time>2022-08-20T13:53:35Z</time></trkpt><trkpt lat="47.520787" lon="-120.823391"><ele>1120.0</ele><time>2022-08-20T13:53:45Z</time></trkpt><trkpt lat="47.520754" lon="-120.823318"><ele>1120.0</ele><time>2022-08-20T13:53:50Z</time></trkpt><trkpt lat="47.520702" lon="-120.823286"><ele>1122.0</ele><time>2022-08-20T13:53:56Z</time></trkpt><trkpt lat="47.520658" lon="-120.823223"><ele>1122.0</ele><time>2022-08-20T13:54:04Z</time></trkpt><trkpt lat="47.5206" lon="-120.823177"><ele>1122.0</ele><time>2022-08-20T13:54:09Z</time></trkpt><trkpt lat="47.520536" lon="-120.823191"><ele>1122.0</ele><time>2022-08-20T13:54:14Z</time></trkpt><trkpt lat="47.520472" lon="-120.823233"><ele>1125.0</ele><time>2022-08-20T13:54:21Z</time></trkpt><trkpt lat="47.520436" lon="-120.823297"><ele>1128.0</ele><time>2022-08-20T13:54:28Z</time></trkpt><trkpt lat="47.520438" lon="-120.823329"><ele>1128.0</ele><time>2022-08-20T13:54:29Z</time></trkpt><trkpt lat="47.520395" lon="-120.8234"><ele>1125.0</ele><time>2022-08-20T13:54:37Z</time></trkpt><trkpt lat="47.520363" lon="-120.823428"><ele>1126.0</ele><time>2022-08-20T13:54:40Z</time></trkpt><trkpt lat="47.520295" lon="-120.823421"><ele>1125.0</ele><time>2022-08-20T13:54:46Z</time></trkpt><trkpt lat="47.520209" lon="-120.823465"><ele>1122.0</ele><time>2022-08-20T13:54:55Z</time></trkpt><trkpt lat="47.520171" lon="-120.823467"><ele>1122.0</ele><time>2022-08-20T13:54:57Z</time></trkpt><trkpt lat="47.520136" lon="-120.82345"><ele>1122.0</ele><time>2022-08-20T13:54:59Z</time></trkpt><trkpt lat="47.520104" lon="-120.823456"><ele>1122.0</ele><time>2022-08-20T13:55:01Z</time></trkpt><trkpt lat="47.520078" lon="-120.823478"><ele>1122.0</ele><time>2022-08-20T13:55:04Z</time></trkpt><trkpt lat="47.520039" lon="-120.823487"><ele>1121.0</ele><time>2022-08-20T13:55:07Z</time></trkpt><trkpt lat="47.520007" lon="-120.823507"><ele>1122.0</ele><time>2022-08-20T13:55:10Z</time></trkpt><trkpt lat="47.519908" lon="-120.823495"><ele>1122.0</ele><time>2022-08-20T13:55:15Z</time></trkpt><trkpt lat="47.519855" lon="-120.823526"><ele>1122.0</ele><time>2022-08-20T13:55:19Z</time></trkpt><trkpt lat="47.519827" lon="-120.823566"><ele>1123.7</ele><time>2022-08-20T13:55:23Z</time></trkpt><trkpt lat="47.519781" lon="-120.823605"><ele>1124.0</ele><time>2022-08-20T13:55:28Z</time></trkpt><trkpt lat="47.519747" lon="-120.823606"><ele>1122.0</ele><time>2022-08-20T13:55:31Z</time></trkpt><trkpt lat="47.519662" lon="-120.823668"><ele>1122.0</ele><time>2022-08-20T13:55:38Z</time></trkpt><trkpt lat="47.519585" lon="-120.823705"><ele>1119.0</ele><time>2022-08-20T13:55:44Z</time></trkpt><trkpt lat="47.519499" lon="-120.823731"><ele>1120.0</ele><time>2022-08-20T13:55:50Z</time></trkpt><trkpt lat="47.519429" lon="-120.823722"><ele>1120.0</ele><time>2022-08-20T13:55:54Z</time></trkpt><trkpt lat="47.519423" lon="-120.823849"><ele>1124.0</ele><time>2022-08-20T13:55:58Z</time></trkpt><trkpt lat="47.519406" lon="-120.823885"><ele>1124.0</ele><time>2022-08-20T13:56:00Z</time></trkpt><trkpt lat="47.519379" lon="-120.823905"><ele>1124.0</ele><time>2022-08-20T13:56:02Z</time></trkpt><trkpt lat="47.519351" lon="-120.823978"><ele>1126.0</ele><time>2022-08-20T13:56:06Z</time></trkpt><trkpt lat="47.519353" lon="-120.824041"><ele>1126.0</ele><time>2022-08-20T13:56:09Z</time></trkpt><trkpt lat="47.519301" lon="-120.824247"><ele>1126.0</ele><time>2022-08-20T13:56:21Z</time></trkpt><trkpt lat="47.519168" lon="-120.824401"><ele>1120.0</ele><time>2022-08-20T13:56:35Z</time></trkpt><trkpt lat="47.519136" lon="-120.824412"><ele>1120.0</ele><time>2022-08-20T13:56:38Z</time></trkpt><trkpt lat="47.519116" lon="-120.824449"><ele>1120.0</ele><time>2022-08-20T13:56:40Z</time></trkpt><trkpt lat="47.519097" lon="-120.824544"><ele>1120.0</ele><time>2022-08-20T13:56:45Z</time></trkpt><trkpt lat="47.519028" lon="-120.824594"><ele>1122.0</ele><time>2022-08-20T13:56:53Z</time></trkpt><trkpt lat="47.518961" lon="-120.824746"><ele>1126.0</ele><time>2022-08-20T13:57:04Z</time></trkpt><trkpt lat="47.51889" lon="-120.824833"><ele>1128.0</ele><time>2022-08-20T13:57:14Z</time></trkpt><trkpt lat="47.518889" lon="-120.824875"><ele>1128.0</ele><time>2022-08-20T13:57:16Z</time></trkpt><trkpt lat="47.518861" lon="-120.82497"><ele>1130.0</ele><time>2022-08-20T13:57:23Z</time></trkpt><trkpt lat="47.518842" lon="-120.825094"><ele>1131.0</ele><time>2022-08-20T13:57:29Z</time></trkpt><trkpt lat="47.51884" lon="-120.825141"><ele>1132.0</ele><time>2022-08-20T13:57:32Z</time></trkpt><trkpt lat="47.518858" lon="-120.825191"><ele>1130.0</ele><time>2022-08-20T13:57:35Z</time></trkpt><trkpt lat="47.518849" lon="-120.825234"><ele>1130.0</ele><time>2022-08-20T13:57:40Z</time></trkpt><trkpt lat="47.518853" lon="-120.825288"><ele>1128.0</ele><time>2022-08-20T13:57:45Z</time></trkpt><trkpt lat="47.518808" lon="-120.82533"><ele>1128.0</ele><time>2022-08-20T13:57:50Z</time></trkpt><trkpt lat="47.518774" lon="-120.825311"><ele>1128.9</ele><time>2022-08-20T13:57:53Z</time></trkpt><trkpt lat="47.518741" lon="-120.825308"><ele>1127.0</ele><time>2022-08-20T13:57:56Z</time></trkpt><trkpt lat="47.518683" lon="-120.825244"><ele>1128.0</ele><time>2022-08-20T13:58:00Z</time></trkpt><trkpt lat="47.518627" lon="-120.825207"><ele>1128.0</ele><time>2022-08-20T13:58:05Z</time></trkpt><trkpt lat="47.518562" lon="-120.825205"><ele>1127.0</ele><time>2022-08-20T13:58:11Z</time></trkpt><trkpt lat="47.518547" lon="-120.825153"><ele>1126.0</ele><time>2022-08-20T13:58:14Z</time></trkpt><trkpt lat="47.518519" lon="-120.825128"><ele>1126.0</ele><time>2022-08-20T13:58:17Z</time></trkpt><trkpt lat="47.518412" lon="-120.825073"><ele>1125.0</ele><time>2022-08-20T13:58:25Z</time></trkpt><trkpt lat="47.518343" lon="-120.825116"><ele>1125.0</ele><time>2022-08-20T13:58:31Z</time></trkpt><trkpt lat="47.518291" lon="-120.825101"><ele>1126.0</ele><time>2022-08-20T13:58:37Z</time></trkpt><trkpt lat="47.518258" lon="-120.825115"><ele>1126.0</ele><time>2022-08-20T13:58:39Z</time></trkpt><trkpt lat="47.518185" lon="-120.825108"><ele>1126.8</ele><time>2022-08-20T13:58:44Z</time></trkpt><trkpt lat="47.518145" lon="-120.82517"><ele>1126.0</ele><time>2022-08-20T13:58:49Z</time></trkpt><trkpt lat="47.518114" lon="-120.825183"><ele>1127.0</ele><time>2022-08-20T13:58:54Z</time></trkpt><trkpt lat="47.518091" lon="-120.825153"><ele>1129.0</ele><time>2022-08-20T13:58:58Z</time></trkpt><trkpt lat="47.51806" lon="-120.825146"><ele>1130.0</ele><time>2022-08-20T13:59:01Z</time></trkpt><trkpt lat="47.517987" lon="-120.825208"><ele>1136.0</ele><time>2022-08-20T13:59:07Z</time></trkpt><trkpt lat="47.517795" lon="-120.825241"><ele>1139.0</ele><time>2022-08-20T13:59:21Z</time></trkpt><trkpt lat="47.517759" lon="-120.825261"><ele>1138.0</ele><time>2022-08-20T13:59:23Z</time></trkpt><trkpt lat="47.51771" lon="-120.825326"><ele>1136.0</ele><time>2022-08-20T13:59:30Z</time></trkpt><trkpt lat="47.517668" lon="-120.825346"><ele>1136.0</ele><time>2022-08-20T13:59:34Z</time></trkpt><trkpt lat="47.517592" lon="-120.825413"><ele>1134.0</ele><time>2022-08-20T13:59:40Z</time></trkpt><trkpt lat="47.517574" lon="-120.825488"><ele>1134.0</ele><time>2022-08-20T13:59:44Z</time></trkpt><trkpt lat="47.517528" lon="-120.825542"><ele>1134.0</ele><time>2022-08-20T13:59:48Z</time></trkpt><trkpt lat="47.517496" lon="-120.825562"><ele>1133.0</ele><time>2022-08-20T13:59:50Z</time></trkpt><trkpt lat="47.517386" lon="-120.825492"><ele>1128.0</ele><time>2022-08-20T14:00:00Z</time></trkpt><trkpt lat="47.517343" lon="-120.825502"><ele>1132.0</ele><time>2022-08-20T14:00:04Z</time></trkpt><trkpt lat="47.517321" lon="-120.825539"><ele>1132.0</ele><time>2022-08-20T14:00:06Z</time></trkpt><trkpt lat="47.517288" lon="-120.825569"><ele>1131.0</ele><time>2022-08-20T14:00:08Z</time></trkpt><trkpt lat="47.517246" lon="-120.825559"><ele>1132.0</ele><time>2022-08-20T14:00:12Z</time></trkpt><trkpt lat="47.51723" lon="-120.825599"><ele>1133.0</ele><time>2022-08-20T14:00:15Z</time></trkpt><trkpt lat="47.517148" lon="-120.825685"><ele>1133.0</ele><time>2022-08-20T14:00:25Z</time></trkpt><trkpt lat="47.517002" lon="-120.825634"><ele>1136.0</ele><time>2022-08-20T14:00:40Z</time></trkpt><trkpt lat="47.516954" lon="-120.82568"><ele>1134.0</ele><time>2022-08-20T14:00:46Z</time></trkpt><trkpt lat="47.516925" lon="-120.825789"><ele>1137.0</ele><time>2022-08-20T14:00:51Z</time></trkpt><trkpt lat="47.5169" lon="-120.825817"><ele>1137.0</ele><time>2022-08-20T14:00:55Z</time></trkpt><trkpt lat="47.51683" lon="-120.825863"><ele>1140.0</ele><time>2022-08-20T14:01:00Z</time></trkpt><trkpt lat="47.516784" lon="-120.825867"><ele>1139.0</ele><time>2022-08-20T14:01:03Z</time></trkpt><trkpt lat="47.516703" lon="-120.825954"><ele>1140.0</ele><time>2022-08-20T14:01:10Z</time></trkpt><trkpt lat="47.516696" lon="-120.82603"><ele>1140.0</ele><time>2022-08-20T14:01:14Z</time></trkpt><trkpt lat="47.516607" lon="-120.82609"><ele>1140.0</ele><time>2022-08-20T14:01:22Z</time></trkpt><trkpt lat="47.5166" lon="-120.826125"><ele>1140.0</ele><time>2022-08-20T14:01:25Z</time></trkpt><trkpt lat="47.516506" lon="-120.82619"><ele>1130.0</ele><time>2022-08-20T14:01:37Z</time></trkpt><trkpt lat="47.516437" lon="-120.826202"><ele>1136.0</ele><time>2022-08-20T14:01:45Z</time></trkpt><trkpt lat="47.51639" lon="-120.826263"><ele>1138.0</ele><time>2022-08-20T14:01:49Z</time></trkpt><trkpt lat="47.516334" lon="-120.826314"><ele>1137.0</ele><time>2022-08-20T14:01:55Z</time></trkpt><trkpt lat="47.51629" lon="-120.826291"><ele>1138.0</ele><time>2022-08-20T14:01:59Z</time></trkpt><trkpt lat="47.516194" lon="-120.826273"><ele>1140.0</ele><time>2022-08-20T14:02:06Z</time></trkpt><trkpt lat="47.516156" lon="-120.826282"><ele>1140.0</ele><time>2022-08-20T14:02:09Z</time></trkpt><trkpt lat="47.516123" lon="-120.826303"><ele>1140.0</ele><time>2022-08-20T14:02:14Z</time></trkpt><trkpt lat="47.516054" lon="-120.826286"><ele>1143.0</ele><time>2022-08-20T14:02:22Z</time></trkpt><trkpt lat="47.51602" lon="-120.826265"><ele>1144.0</ele><time>2022-08-20T14:02:25Z</time></trkpt><trkpt lat="47.515986" lon="-120.826269"><ele>1144.0</ele><time>2022-08-20T14:02:29Z</time></trkpt><trkpt lat="47.515958" lon="-120.826296"><ele>1144.0</ele><time>2022-08-20T14:02:32Z</time></trkpt><trkpt lat="47.515879" lon="-120.8263"><ele>1144.0</ele><time>2022-08-20T14:02:40Z</time></trkpt><trkpt lat="47.515902" lon="-120.826263"><ele>1148.0</ele><time>2022-08-20T14:02:43Z</time></trkpt><trkpt lat="47.515876" lon="-120.826299"><ele>1147.0</ele><time>2022-08-20T14:02:45Z</time></trkpt><trkpt lat="47.515755" lon="-120.826351"><ele>1150.0</ele><time>2022-08-20T14:02:54Z</time></trkpt><trkpt lat="47.515699" lon="-120.82642"><ele>1151.0</ele><time>2022-08-20T14:02:59Z</time></trkpt><trkpt lat="47.515635" lon="-120.826466"><ele>1151.0</ele><time>2022-08-20T14:03:05Z</time></trkpt><trkpt lat="47.515563" lon="-120.826492"><ele>1152.0</ele><time>2022-08-20T14:03:10Z</time></trkpt><trkpt lat="47.515526" lon="-120.826487"><ele>1152.0</ele><time>2022-08-20T14:03:13Z</time></trkpt><trkpt lat="47.515411" lon="-120.826504"><ele>1152.0</ele><time>2022-08-20T14:03:23Z</time></trkpt><trkpt lat="47.515379" lon="-120.826524"><ele>1153.0</ele><time>2022-08-20T14:03:26Z</time></trkpt><trkpt lat="47.515319" lon="-120.826568"><ele>1155.0</ele><time>2022-08-20T14:03:30Z</time></trkpt><trkpt lat="47.515171" lon="-120.826815"><ele>1155.0</ele><time>2022-08-20T14:03:49Z</time></trkpt><trkpt lat="47.515123" lon="-120.826864"><ele>1155.0</ele><time>2022-08-20T14:03:55Z</time></trkpt><trkpt lat="47.51507" lon="-120.82695"><ele>1153.0</ele><time>2022-08-20T14:04:03Z</time></trkpt><trkpt lat="47.514888" lon="-120.827117"><ele>1163.0</ele><time>2022-08-20T14:04:20Z</time></trkpt><trkpt lat="47.514784" lon="-120.827143"><ele>1161.0</ele><time>2022-08-20T14:04:30Z</time></trkpt><trkpt lat="47.51475" lon="-120.827137"><ele>1160.0</ele><time>2022-08-20T14:04:33Z</time></trkpt><trkpt lat="47.514682" lon="-120.827245"><ele>1162.0</ele><time>2022-08-20T14:04:41Z</time></trkpt><trkpt lat="47.514621" lon="-120.8273"><ele>1161.0</ele><time>2022-08-20T14:04:46Z</time></trkpt><trkpt lat="47.514575" lon="-120.827379"><ele>1164.0</ele><time>2022-08-20T14:04:54Z</time></trkpt><trkpt lat="47.514543" lon="-120.827387"><ele>1164.0</ele><time>2022-08-20T14:04:57Z</time></trkpt><trkpt lat="47.514481" lon="-120.82735"><ele>1166.0</ele><time>2022-08-20T14:05:02Z</time></trkpt><trkpt lat="47.514458" lon="-120.827364"><ele>1164.0</ele><time>2022-08-20T14:05:05Z</time></trkpt><trkpt lat="47.514377" lon="-120.827449"><ele>1164.0</ele><time>2022-08-20T14:05:14Z</time></trkpt><trkpt lat="47.514333" lon="-120.82756"><ele>1169.0</ele><time>2022-08-20T14:05:21Z</time></trkpt><trkpt lat="47.514271" lon="-120.827566"><ele>1167.0</ele><time>2022-08-20T14:05:26Z</time></trkpt><trkpt lat="47.514173" lon="-120.82755"><ele>1165.0</ele><time>2022-08-20T14:05:33Z</time></trkpt><trkpt lat="47.514108" lon="-120.827559"><ele>1168.0</ele><time>2022-08-20T14:05:40Z</time></trkpt><trkpt lat="47.513951" lon="-120.827657"><ele>1167.0</ele><time>2022-08-20T14:05:54Z</time></trkpt><trkpt lat="47.513902" lon="-120.827746"><ele>1168.0</ele><time>2022-08-20T14:06:01Z</time></trkpt><trkpt lat="47.513873" lon="-120.82777"><ele>1170.0</ele><time>2022-08-20T14:06:03Z</time></trkpt><trkpt lat="47.513799" lon="-120.827766"><ele>1169.0</ele><time>2022-08-20T14:06:09Z</time></trkpt><trkpt lat="47.513673" lon="-120.827855"><ele>1168.0</ele><time>2022-08-20T14:06:20Z</time></trkpt><trkpt lat="47.513595" lon="-120.827861"><ele>1170.0</ele><time>2022-08-20T14:06:26Z</time></trkpt><trkpt lat="47.513565" lon="-120.827842"><ele>1170.0</ele><time>2022-08-20T14:06:29Z</time></trkpt><trkpt lat="47.51353" lon="-120.827836"><ele>1167.0</ele><time>2022-08-20T14:06:31Z</time></trkpt><trkpt lat="47.513459" lon="-120.82784"><ele>1167.0</ele><time>2022-08-20T14:06:37Z</time></trkpt><trkpt lat="47.513376" lon="-120.827876"><ele>1170.0</ele><time>2022-08-20T14:06:43Z</time></trkpt><trkpt lat="47.513331" lon="-120.82788"><ele>1171.6</ele><time>2022-08-20T14:06:46Z</time></trkpt><trkpt lat="47.513297" lon="-120.827865"><ele>1171.0</ele><time>2022-08-20T14:06:49Z</time></trkpt><trkpt lat="47.513226" lon="-120.827869"><ele>1170.0</ele><time>2022-08-20T14:06:56Z</time></trkpt><trkpt lat="47.513196" lon="-120.827861"><ele>1171.0</ele><time>2022-08-20T14:06:58Z</time></trkpt><trkpt lat="47.513094" lon="-120.827903"><ele>1173.0</ele><time>2022-08-20T14:07:06Z</time></trkpt><trkpt lat="47.513051" lon="-120.827901"><ele>1172.0</ele><time>2022-08-20T14:07:09Z</time></trkpt><trkpt lat="47.512955" lon="-120.827867"><ele>1170.0</ele><time>2022-08-20T14:07:17Z</time></trkpt><trkpt lat="47.512872" lon="-120.827884"><ele>1168.0</ele><time>2022-08-20T14:07:23Z</time></trkpt><trkpt lat="47.51284" lon="-120.827875"><ele>1170.0</ele><time>2022-08-20T14:07:26Z</time></trkpt><trkpt lat="47.512734" lon="-120.827874"><ele>1171.0</ele><time>2022-08-20T14:07:33Z</time></trkpt><trkpt lat="47.512602" lon="-120.827846"><ele>1172.0</ele><time>2022-08-20T14:07:43Z</time></trkpt><trkpt lat="47.512574" lon="-120.827858"><ele>1170.0</ele><time>2022-08-20T14:07:46Z</time></trkpt><trkpt lat="47.512556" lon="-120.827942"><ele>1169.9</ele><time>2022-08-20T14:07:49Z</time></trkpt><trkpt lat="47.512517" lon="-120.828052"><ele>1170.0</ele><time>2022-08-20T14:07:55Z</time></trkpt><trkpt lat="47.512469" lon="-120.82812"><ele>1170.0</ele><time>2022-08-20T14:07:59Z</time></trkpt><trkpt lat="47.512414" lon="-120.82816"><ele>1170.0</ele><time>2022-08-20T14:08:04Z</time></trkpt><trkpt lat="47.512307" lon="-120.828121"><ele>1171.0</ele><time>2022-08-20T14:08:12Z</time></trkpt><trkpt lat="47.512237" lon="-120.828136"><ele>1170.0</ele><time>2022-08-20T14:08:18Z</time></trkpt><trkpt lat="47.512211" lon="-120.828162"><ele>1170.0</ele><time>2022-08-20T14:08:21Z</time></trkpt><trkpt lat="47.51218" lon="-120.828167"><ele>1170.0</ele><time>2022-08-20T14:08:24Z</time></trkpt><trkpt lat="47.512078" lon="-120.828397"><ele>1173.0</ele><time>2022-08-20T14:08:43Z</time></trkpt><trkpt lat="47.512034" lon="-120.828431"><ele>1173.0</ele><time>2022-08-20T14:08:49Z</time></trkpt><trkpt lat="47.511986" lon="-120.828387"><ele>1173.0</ele><time>2022-08-20T14:08:53Z</time></trkpt><trkpt lat="47.511954" lon="-120.828406"><ele>1173.0</ele><time>2022-08-20T14:08:56Z</time></trkpt><trkpt lat="47.511937" lon="-120.82845"><ele>1173.0</ele><time>2022-08-20T14:08:59Z</time></trkpt><trkpt lat="47.511938" lon="-120.828504"><ele>1172.0</ele><time>2022-08-20T14:09:02Z</time></trkpt><trkpt lat="47.511972" lon="-120.828644"><ele>1172.0</ele><time>2022-08-20T14:09:08Z</time></trkpt><trkpt lat="47.51196" lon="-120.828683"><ele>1172.0</ele><time>2022-08-20T14:09:10Z</time></trkpt><trkpt lat="47.511937" lon="-120.828713"><ele>1174.0</ele><time>2022-08-20T14:09:12Z</time></trkpt><trkpt lat="47.511929" lon="-120.828756"><ele>1174.0</ele><time>2022-08-20T14:09:13Z</time></trkpt><trkpt lat="47.511844" lon="-120.828802"><ele>1173.0</ele><time>2022-08-20T14:09:23Z</time></trkpt><trkpt lat="47.511794" lon="-120.828857"><ele>1174.0</ele><time>2022-08-20T14:09:29Z</time></trkpt><trkpt lat="47.511782" lon="-120.828907"><ele>1176.0</ele><time>2022-08-20T14:09:32Z</time></trkpt><trkpt lat="47.511644" lon="-120.828865"><ele>1176.0</ele><time>2022-08-20T14:09:43Z</time></trkpt><trkpt lat="47.511537" lon="-120.828892"><ele>1175.0</ele><time>2022-08-20T14:09:54Z</time></trkpt><trkpt lat="47.511459" lon="-120.82894"><ele>1179.0</ele><time>2022-08-20T14:10:02Z</time></trkpt><trkpt lat="47.51139" lon="-120.828943"><ele>1182.0</ele><time>2022-08-20T14:10:09Z</time></trkpt><trkpt lat="47.51134" lon="-120.828914"><ele>1182.0</ele><time>2022-08-20T14:10:16Z</time></trkpt><trkpt lat="47.511297" lon="-120.828915"><ele>1182.0</ele><time>2022-08-20T14:10:19Z</time></trkpt><trkpt lat="47.511259" lon="-120.8289"><ele>1184.0</ele><time>2022-08-20T14:10:22Z</time></trkpt><trkpt lat="47.511237" lon="-120.82886"><ele>1185.0</ele><time>2022-08-20T14:10:26Z</time></trkpt><trkpt lat="47.511203" lon="-120.828844"><ele>1185.0</ele><time>2022-08-20T14:10:30Z</time></trkpt><trkpt lat="47.511175" lon="-120.8288"><ele>1188.0</ele><time>2022-08-20T14:10:33Z</time></trkpt><trkpt lat="47.511084" lon="-120.82877"><ele>1188.0</ele><time>2022-08-20T14:10:39Z</time></trkpt><trkpt lat="47.511026" lon="-120.828702"><ele>1188.0</ele><time>2022-08-20T14:10:44Z</time></trkpt><trkpt lat="47.510993" lon="-120.828712"><ele>1188.0</ele><time>2022-08-20T14:10:47Z</time></trkpt><trkpt lat="47.510917" lon="-120.828685"><ele>1188.0</ele><time>2022-08-20T14:10:54Z</time></trkpt><trkpt lat="47.510881" lon="-120.828609"><ele>1188.0</ele><time>2022-08-20T14:11:00Z</time></trkpt><trkpt lat="47.510836" lon="-120.828581"><ele>1191.0</ele><time>2022-08-20T14:11:03Z</time></trkpt><trkpt lat="47.510806" lon="-120.828535"><ele>1190.0</ele><time>2022-08-20T14:11:05Z</time></trkpt><trkpt lat="47.510774" lon="-120.828516"><ele>1192.0</ele><time>2022-08-20T14:11:08Z</time></trkpt><trkpt lat="47.510709" lon="-120.828549"><ele>1191.0</ele><time>2022-08-20T14:11:15Z</time></trkpt><trkpt lat="47.510627" lon="-120.828642"><ele>1194.0</ele><time>2022-08-20T14:11:26Z</time></trkpt><trkpt lat="47.510574" lon="-120.828739"><ele>1196.0</ele><time>2022-08-20T14:11:34Z</time></trkpt><trkpt lat="47.510543" lon="-120.828731"><ele>1195.0</ele><time>2022-08-20T14:11:38Z</time></trkpt><trkpt lat="47.51047" lon="-120.828887"><ele>1194.0</ele><time>2022-08-20T14:11:51Z</time></trkpt><trkpt lat="47.510417" lon="-120.828935"><ele>1194.9</ele><time>2022-08-20T14:11:56Z</time></trkpt><trkpt lat="47.510387" lon="-120.829024"><ele>1195.0</ele><time>2022-08-20T14:12:01Z</time></trkpt><trkpt lat="47.510393" lon="-120.829061"><ele>1197.0</ele><time>2022-08-20T14:12:03Z</time></trkpt><trkpt lat="47.510382" lon="-120.82909"><ele>1197.0</ele><time>2022-08-20T14:12:05Z</time></trkpt><trkpt lat="47.510272" lon="-120.829185"><ele>1196.0</ele><time>2022-08-20T14:12:15Z</time></trkpt><trkpt lat="47.510238" lon="-120.82925"><ele>1198.0</ele><time>2022-08-20T14:12:18Z</time></trkpt><trkpt lat="47.51019" lon="-120.829275"><ele>1197.0</ele><time>2022-08-20T14:12:23Z</time></trkpt><trkpt lat="47.51011" lon="-120.829259"><ele>1197.0</ele><time>2022-08-20T14:12:29Z</time></trkpt><trkpt lat="47.510079" lon="-120.82927"><ele>1196.0</ele><time>2022-08-20T14:12:32Z</time></trkpt><trkpt lat="47.509947" lon="-120.8294"><ele>1200.0</ele><time>2022-08-20T14:12:46Z</time></trkpt><trkpt lat="47.509905" lon="-120.829416"><ele>1200.0</ele><time>2022-08-20T14:12:49Z</time></trkpt><trkpt lat="47.50986" lon="-120.829459"><ele>1200.0</ele><time>2022-08-20T14:12:54Z</time></trkpt><trkpt lat="47.509824" lon="-120.829547"><ele>1200.0</ele><time>2022-08-20T14:13:00Z</time></trkpt><trkpt lat="47.509801" lon="-120.829519"><ele>1201.0</ele><time>2022-08-20T14:13:04Z</time></trkpt><trkpt lat="47.509801" lon="-120.829391"><ele>1204.0</ele><time>2022-08-20T14:13:09Z</time></trkpt><trkpt lat="47.509789" lon="-120.829338"><ele>1202.0</ele><time>2022-08-20T14:13:13Z</time></trkpt><trkpt lat="47.509762" lon="-120.829323"><ele>1204.0</ele><time>2022-08-20T14:13:16Z</time></trkpt><trkpt lat="47.509718" lon="-120.829344"><ele>1205.3</ele><time>2022-08-20T14:13:17Z</time></trkpt><trkpt lat="47.509673" lon="-120.829457"><ele>1205.0</ele><time>2022-08-20T14:13:23Z</time></trkpt><trkpt lat="47.509656" lon="-120.829432"><ele>1203.0</ele><time>2022-08-20T14:13:25Z</time></trkpt><trkpt lat="47.509623" lon="-120.82943"><ele>1203.0</ele><time>2022-08-20T14:13:28Z</time></trkpt><trkpt lat="47.509628" lon="-120.829479"><ele>1206.0</ele><time>2022-08-20T14:13:30Z</time></trkpt><trkpt lat="47.509614" lon="-120.829515"><ele>1204.0</ele><time>2022-08-20T14:13:33Z</time></trkpt><trkpt lat="47.509583" lon="-120.82954"><ele>1205.0</ele><time>2022-08-20T14:13:35Z</time></trkpt><trkpt lat="47.509568" lon="-120.829596"><ele>1205.0</ele><time>2022-08-20T14:13:39Z</time></trkpt><trkpt lat="47.509538" lon="-120.829621"><ele>1204.0</ele><time>2022-08-20T14:13:43Z</time></trkpt><trkpt lat="47.50948" lon="-120.829738"><ele>1205.0</ele><time>2022-08-20T14:13:53Z</time></trkpt><trkpt lat="47.509448" lon="-120.829919"><ele>1206.2</ele><time>2022-08-20T14:14:02Z</time></trkpt><trkpt lat="47.509417" lon="-120.829965"><ele>1205.0</ele><time>2022-08-20T14:14:05Z</time></trkpt><trkpt lat="47.509387" lon="-120.82999"><ele>1205.0</ele><time>2022-08-20T14:14:07Z</time></trkpt><trkpt lat="47.50934" lon="-120.829991"><ele>1203.0</ele><time>2022-08-20T14:14:11Z</time></trkpt><trkpt lat="47.509313" lon="-120.830177"><ele>1205.0</ele><time>2022-08-20T14:14:24Z</time></trkpt><trkpt lat="47.509231" lon="-120.830277"><ele>1209.0</ele><time>2022-08-20T14:14:30Z</time></trkpt><trkpt lat="47.509244" lon="-120.830353"><ele>1206.0</ele><time>2022-08-20T14:14:36Z</time></trkpt><trkpt lat="47.509229" lon="-120.830438"><ele>1207.9</ele><time>2022-08-20T14:14:41Z</time></trkpt><trkpt lat="47.509188" lon="-120.830433"><ele>1208.0</ele><time>2022-08-20T14:14:45Z</time></trkpt><trkpt lat="47.509177" lon="-120.830468"><ele>1208.0</ele><time>2022-08-20T14:14:49Z</time></trkpt><trkpt lat="47.509188" lon="-120.830543"><ele>1210.0</ele><time>2022-08-20T14:14:55Z</time></trkpt><trkpt lat="47.509205" lon="-120.830574"><ele>1211.0</ele><time>2022-08-20T14:14:57Z</time></trkpt><trkpt lat="47.509277" lon="-120.830607"><ele>1210.0</ele><time>2022-08-20T14:15:03Z</time></trkpt><trkpt lat="47.5093" lon="-120.830635"><ele>1209.0</ele><time>2022-08-20T14:15:06Z</time></trkpt><trkpt lat="47.509274" lon="-120.830711"><ele>1212.0</ele><time>2022-08-20T14:15:11Z</time></trkpt><trkpt lat="47.509283" lon="-120.830827"><ele>1215.0</ele><time>2022-08-20T14:15:18Z</time></trkpt><trkpt lat="47.509242" lon="-120.830886"><ele>1212.0</ele><time>2022-08-20T14:15:24Z</time></trkpt><trkpt lat="47.509212" lon="-120.830898"><ele>1212.0</ele><time>2022-08-20T14:15:26Z</time></trkpt><trkpt lat="47.509157" lon="-120.831017"><ele>1212.0</ele><time>2022-08-20T14:15:33Z</time></trkpt><trkpt lat="47.509137" lon="-120.831031"><ele>1212.0</ele><time>2022-08-20T14:15:36Z</time></trkpt><trkpt lat="47.50915" lon="-120.831085"><ele>1214.4</ele><time>2022-08-20T14:15:40Z</time></trkpt><trkpt lat="47.509116" lon="-120.83109"><ele>1214.0</ele><time>2022-08-20T14:15:41Z</time></trkpt><trkpt lat="47.509103" lon="-120.83112"><ele>1215.0</ele><time>2022-08-20T14:15:44Z</time></trkpt><trkpt lat="47.509143" lon="-120.831186"><ele>1216.0</ele><time>2022-08-20T14:15:47Z</time></trkpt><trkpt lat="47.509118" lon="-120.831321"><ele>1222.0</ele><time>2022-08-20T14:15:57Z</time></trkpt><trkpt lat="47.509133" lon="-120.831366"><ele>1221.0</ele><time>2022-08-20T14:16:00Z</time></trkpt><trkpt lat="47.509134" lon="-120.831407"><ele>1220.0</ele><time>2022-08-20T14:16:04Z</time></trkpt><trkpt lat="47.509118" lon="-120.831442"><ele>1223.0</ele><time>2022-08-20T14:16:07Z</time></trkpt><trkpt lat="47.509114" lon="-120.831489"><ele>1221.0</ele><time>2022-08-20T14:16:10Z</time></trkpt><trkpt lat="47.509054" lon="-120.831526"><ele>1222.0</ele><time>2022-08-20T14:16:16Z</time></trkpt><trkpt lat="47.509037" lon="-120.831563"><ele>1224.0</ele><time>2022-08-20T14:16:19Z</time></trkpt><trkpt lat="47.509031" lon="-120.831692"><ele>1226.0</ele><time>2022-08-20T14:16:25Z</time></trkpt><trkpt lat="47.509045" lon="-120.831761"><ele>1225.0</ele><time>2022-08-20T14:16:30Z</time></trkpt><trkpt lat="47.509045" lon="-120.83184"><ele>1225.0</ele><time>2022-08-20T14:16:35Z</time></trkpt><trkpt lat="47.509074" lon="-120.831983"><ele>1226.0</ele><time>2022-08-20T14:16:44Z</time></trkpt><trkpt lat="47.509174" lon="-120.832011"><ele>1227.0</ele><time>2022-08-20T14:16:51Z</time></trkpt><trkpt lat="47.509202" lon="-120.832105"><ele>1228.0</ele><time>2022-08-20T14:16:56Z</time></trkpt><trkpt lat="47.509233" lon="-120.83212"><ele>1228.0</ele><time>2022-08-20T14:16:59Z</time></trkpt><trkpt lat="47.509221" lon="-120.832208"><ele>1232.0</ele><time>2022-08-20T14:17:05Z</time></trkpt><trkpt lat="47.509253" lon="-120.832298"><ele>1233.0</ele><time>2022-08-20T14:17:12Z</time></trkpt><trkpt lat="47.509211" lon="-120.832374"><ele>1235.0</ele><time>2022-08-20T14:17:17Z</time></trkpt><trkpt lat="47.509149" lon="-120.832477"><ele>1233.0</ele><time>2022-08-20T14:17:25Z</time></trkpt><trkpt lat="47.509106" lon="-120.832493"><ele>1232.0</ele><time>2022-08-20T14:17:30Z</time></trkpt><trkpt lat="47.509053" lon="-120.832475"><ele>1233.0</ele><time>2022-08-20T14:17:33Z</time></trkpt><trkpt lat="47.509015" lon="-120.832492"><ele>1234.0</ele><time>2022-08-20T14:17:36Z</time></trkpt><trkpt lat="47.508979" lon="-120.832495"><ele>1234.0</ele><time>2022-08-20T14:17:38Z</time></trkpt><trkpt lat="47.508935" lon="-120.832467"><ele>1236.7</ele><time>2022-08-20T14:17:42Z</time></trkpt><trkpt lat="47.50887" lon="-120.832444"><ele>1236.0</ele><time>2022-08-20T14:17:49Z</time></trkpt><trkpt lat="47.508802" lon="-120.83244"><ele>1237.0</ele><time>2022-08-20T14:17:58Z</time></trkpt><trkpt lat="47.508761" lon="-120.832418"><ele>1239.0</ele><time>2022-08-20T14:18:03Z</time></trkpt><trkpt lat="47.508731" lon="-120.832345"><ele>1240.0</ele><time>2022-08-20T14:18:10Z</time></trkpt><trkpt lat="47.508707" lon="-120.832315"><ele>1240.0</ele><time>2022-08-20T14:18:14Z</time></trkpt><trkpt lat="47.508666" lon="-120.832363"><ele>1240.0</ele><time>2022-08-20T14:18:22Z</time></trkpt><trkpt lat="47.508656" lon="-120.832287"><ele>1242.0</ele><time>2022-08-20T14:18:32Z</time></trkpt><trkpt lat="47.508672" lon="-120.832174"><ele>1242.0</ele><time>2022-08-20T14:18:51Z</time></trkpt><trkpt lat="47.508693" lon="-120.832128"><ele>1242.0</ele><time>2022-08-20T14:23:27Z</time></trkpt><trkpt lat="47.508674" lon="-120.832221"><ele>1244.0</ele><time>2022-08-20T14:23:34Z</time></trkpt><trkpt lat="47.508685" lon="-120.832275"><ele>1242.0</ele><time>2022-08-20T14:23:42Z</time></trkpt><trkpt lat="47.508667" lon="-120.832366"><ele>1242.0</ele><time>2022-08-20T14:23:57Z</time></trkpt><trkpt lat="47.508681" lon="-120.832393"><ele>1241.0</ele><time>2022-08-20T14:24:02Z</time></trkpt><trkpt lat="47.508674" lon="-120.832434"><ele>1241.0</ele><time>2022-08-20T14:24:05Z</time></trkpt><trkpt lat="47.508687" lon="-120.832476"><ele>1239.0</ele><time>2022-08-20T14:24:08Z</time></trkpt><trkpt lat="47.50858" lon="-120.83255"><ele>1244.0</ele><time>2022-08-20T14:24:21Z</time></trkpt><trkpt lat="47.508577" lon="-120.832626"><ele>1247.0</ele><time>2022-08-20T14:24:25Z</time></trkpt><trkpt lat="47.50856" lon="-120.832655"><ele>1246.0</ele><time>2022-08-20T14:24:29Z</time></trkpt><trkpt lat="47.508551" lon="-120.832715"><ele>1246.0</ele><time>2022-08-20T14:24:35Z</time></trkpt><trkpt lat="47.508593" lon="-120.832716"><ele>1248.0</ele><time>2022-08-20T14:24:39Z</time></trkpt><trkpt lat="47.50861" lon="-120.832784"><ele>1251.0</ele><time>2022-08-20T14:24:44Z</time></trkpt><trkpt lat="47.508613" lon="-120.832871"><ele>1252.0</ele><time>2022-08-20T14:24:49Z</time></trkpt><trkpt lat="47.50854" lon="-120.832964"><ele>1253.0</ele><time>2022-08-20T14:24:58Z</time></trkpt><trkpt lat="47.508515" lon="-120.832982"><ele>1251.0</ele><time>2022-08-20T14:25:00Z</time></trkpt><trkpt lat="47.508437" lon="-120.833004"><ele>1252.0</ele><time>2022-08-20T14:25:07Z</time></trkpt><trkpt lat="47.508398" lon="-120.833005"><ele>1253.0</ele><time>2022-08-20T14:25:10Z</time></trkpt><trkpt lat="47.508374" lon="-120.833027"><ele>1252.0</ele><time>2022-08-20T14:25:13Z</time></trkpt><trkpt lat="47.508341" lon="-120.833089"><ele>1254.0</ele><time>2022-08-20T14:25:16Z</time></trkpt><trkpt lat="47.50831" lon="-120.83311"><ele>1254.0</ele><time>2022-08-20T14:25:18Z</time></trkpt><trkpt lat="47.508278" lon="-120.83312"><ele>1256.0</ele><time>2022-08-20T14:25:21Z</time></trkpt><trkpt lat="47.508247" lon="-120.833104"><ele>1257.0</ele><time>2022-08-20T14:25:23Z</time></trkpt><trkpt lat="47.508192" lon="-120.833142"><ele>1258.0</ele><time>2022-08-20T14:25:29Z</time></trkpt><trkpt lat="47.508141" lon="-120.833234"><ele>1260.0</ele><time>2022-08-20T14:25:37Z</time></trkpt><trkpt lat="47.508091" lon="-120.833278"><ele>1260.0</ele><time>2022-08-20T14:25:43Z</time></trkpt><trkpt lat="47.508082" lon="-120.833351"><ele>1260.0</ele><time>2022-08-20T14:25:54Z</time></trkpt><trkpt lat="47.508114" lon="-120.833419"><ele>1260.0</ele><time>2022-08-20T14:26:02Z</time></trkpt><trkpt lat="47.508107" lon="-120.833456"><ele>1262.0</ele><time>2022-08-20T14:26:05Z</time></trkpt><trkpt lat="47.50809" lon="-120.833491"><ele>1263.0</ele><time>2022-08-20T14:26:08Z</time></trkpt><trkpt lat="47.508056" lon="-120.833498"><ele>1264.0</ele><time>2022-08-20T14:26:10Z</time></trkpt><trkpt lat="47.508044" lon="-120.833538"><ele>1264.0</ele><time>2022-08-20T14:26:12Z</time></trkpt><trkpt lat="47.508053" lon="-120.833585"><ele>1264.0</ele><time>2022-08-20T14:26:15Z</time></trkpt><trkpt lat="47.508035" lon="-120.833622"><ele>1264.0</ele><time>2022-08-20T14:26:18Z</time></trkpt><trkpt lat="47.507994" lon="-120.833632"><ele>1266.0</ele><time>2022-08-20T14:26:22Z</time></trkpt><trkpt lat="47.50798" lon="-120.833753"><ele>1266.0</ele><time>2022-08-20T14:26:33Z</time></trkpt><trkpt lat="47.507943" lon="-120.833806"><ele>1266.0</ele><time>2022-08-20T14:26:39Z</time></trkpt><trkpt lat="47.507907" lon="-120.833838"><ele>1267.0</ele><time>2022-08-20T14:26:42Z</time></trkpt><trkpt lat="47.507873" lon="-120.833996"><ele>1270.0</ele><time>2022-08-20T14:26:52Z</time></trkpt><trkpt lat="47.507812" lon="-120.834113"><ele>1270.0</ele><time>2022-08-20T14:27:01Z</time></trkpt><trkpt lat="47.507798" lon="-120.834203"><ele>1272.0</ele><time>2022-08-20T14:27:08Z</time></trkpt><trkpt lat="47.507801" lon="-120.834322"><ele>1275.0</ele><time>2022-08-20T14:27:16Z</time></trkpt><trkpt lat="47.507754" lon="-120.834338"><ele>1274.0</ele><time>2022-08-20T14:27:24Z</time></trkpt><trkpt lat="47.507724" lon="-120.834421"><ele>1276.0</ele><time>2022-08-20T14:27:36Z</time></trkpt><trkpt lat="47.507713" lon="-120.834491"><ele>1276.0</ele><time>2022-08-20T14:27:46Z</time></trkpt><trkpt lat="47.507724" lon="-120.834533"><ele>1278.0</ele><time>2022-08-20T14:27:49Z</time></trkpt><trkpt lat="47.507708" lon="-120.834664"><ele>1281.0</ele><time>2022-08-20T14:27:58Z</time></trkpt><trkpt lat="47.507672" lon="-120.83464"><ele>1282.0</ele><time>2022-08-20T14:28:03Z</time></trkpt><trkpt lat="47.507652" lon="-120.834669"><ele>1284.0</ele><time>2022-08-20T14:28:06Z</time></trkpt><trkpt lat="47.50762" lon="-120.834763"><ele>1284.0</ele><time>2022-08-20T14:28:12Z</time></trkpt><trkpt lat="47.507642" lon="-120.834821"><ele>1286.0</ele><time>2022-08-20T14:28:19Z</time></trkpt><trkpt lat="47.507688" lon="-120.834834"><ele>1285.0</ele><time>2022-08-20T14:28:23Z</time></trkpt><trkpt lat="47.507697" lon="-120.834867"><ele>1286.0</ele><time>2022-08-20T14:28:25Z</time></trkpt><trkpt lat="47.507694" lon="-120.834903"><ele>1287.0</ele><time>2022-08-20T14:28:28Z</time></trkpt><trkpt lat="47.507667" lon="-120.834928"><ele>1287.0</ele><time>2022-08-20T14:28:31Z</time></trkpt><trkpt lat="47.507633" lon="-120.83493"><ele>1288.0</ele><time>2022-08-20T14:28:34Z</time></trkpt><trkpt lat="47.50761" lon="-120.834959"><ele>1290.0</ele><time>2022-08-20T14:28:37Z</time></trkpt><trkpt lat="47.507577" lon="-120.835054"><ele>1292.0</ele><time>2022-08-20T14:28:43Z</time></trkpt><trkpt lat="47.507531" lon="-120.835116"><ele>1292.0</ele><time>2022-08-20T14:28:49Z</time></trkpt><trkpt lat="47.507516" lon="-120.835189"><ele>1292.0</ele><time>2022-08-20T14:28:55Z</time></trkpt><trkpt lat="47.507474" lon="-120.835261"><ele>1295.0</ele><time>2022-08-20T14:29:02Z</time></trkpt><trkpt lat="47.507512" lon="-120.835279"><ele>1293.0</ele><time>2022-08-20T14:29:07Z</time></trkpt><trkpt lat="47.507542" lon="-120.835307"><ele>1296.0</ele><time>2022-08-20T14:29:10Z</time></trkpt><trkpt lat="47.50758" lon="-120.835385"><ele>1296.0</ele><time>2022-08-20T14:29:15Z</time></trkpt><trkpt lat="47.507605" lon="-120.835411"><ele>1296.0</ele><time>2022-08-20T14:29:18Z</time></trkpt><trkpt lat="47.507662" lon="-120.835398"><ele>1296.0</ele><time>2022-08-20T14:29:23Z</time></trkpt><trkpt lat="47.507685" lon="-120.835422"><ele>1294.0</ele><time>2022-08-20T14:29:26Z</time></trkpt><trkpt lat="47.507723" lon="-120.83553"><ele>1296.0</ele><time>2022-08-20T14:29:34Z</time></trkpt><trkpt lat="47.507665" lon="-120.835695"><ele>1302.0</ele><time>2022-08-20T14:29:48Z</time></trkpt><trkpt lat="47.507689" lon="-120.835752"><ele>1304.0</ele><time>2022-08-20T14:29:52Z</time></trkpt><trkpt lat="47.507724" lon="-120.835886"><ele>1305.0</ele><time>2022-08-20T14:30:02Z</time></trkpt><trkpt lat="47.507721" lon="-120.835926"><ele>1305.0</ele><time>2022-08-20T14:30:05Z</time></trkpt><trkpt lat="47.507733" lon="-120.83597"><ele>1305.0</ele><time>2022-08-20T14:30:08Z</time></trkpt><trkpt lat="47.507789" lon="-120.836011"><ele>1305.0</ele><time>2022-08-20T14:30:14Z</time></trkpt><trkpt lat="47.507834" lon="-120.836084"><ele>1304.0</ele><time>2022-08-20T14:30:19Z</time></trkpt><trkpt lat="47.507842" lon="-120.836121"><ele>1305.0</ele><time>2022-08-20T14:30:21Z</time></trkpt><trkpt lat="47.507831" lon="-120.836203"><ele>1304.0</ele><time>2022-08-20T14:30:28Z</time></trkpt><trkpt lat="47.507793" lon="-120.836164"><ele>1308.0</ele><time>2022-08-20T14:30:32Z</time></trkpt><trkpt lat="47.507717" lon="-120.836187"><ele>1308.0</ele><time>2022-08-20T14:30:38Z</time></trkpt><trkpt lat="47.507707" lon="-120.836268"><ele>1308.0</ele><time>2022-08-20T14:30:43Z</time></trkpt><trkpt lat="47.507731" lon="-120.836314"><ele>1309.7</ele><time>2022-08-20T14:30:46Z</time></trkpt><trkpt lat="47.507731" lon="-120.836382"><ele>1311.0</ele><time>2022-08-20T14:30:50Z</time></trkpt><trkpt lat="47.507765" lon="-120.836432"><ele>1312.0</ele><time>2022-08-20T14:30:58Z</time></trkpt><trkpt lat="47.507723" lon="-120.836406"><ele>1312.0</ele><time>2022-08-20T14:31:02Z</time></trkpt><trkpt lat="47.507693" lon="-120.836399"><ele>1312.0</ele><time>2022-08-20T14:31:05Z</time></trkpt><trkpt lat="47.507657" lon="-120.836413"><ele>1314.0</ele><time>2022-08-20T14:31:08Z</time></trkpt><trkpt lat="47.50764" lon="-120.836442"><ele>1314.0</ele><time>2022-08-20T14:31:11Z</time></trkpt><trkpt lat="47.507644" lon="-120.836483"><ele>1314.0</ele><time>2022-08-20T14:31:14Z</time></trkpt><trkpt lat="47.507694" lon="-120.836583"><ele>1317.0</ele><time>2022-08-20T14:31:24Z</time></trkpt><trkpt lat="47.507737" lon="-120.836635"><ele>1317.0</ele><time>2022-08-20T14:31:30Z</time></trkpt><trkpt lat="47.507805" lon="-120.836662"><ele>1319.6</ele><time>2022-08-20T14:31:36Z</time></trkpt><trkpt lat="47.507873" lon="-120.836673"><ele>1319.0</ele><time>2022-08-20T14:31:44Z</time></trkpt><trkpt lat="47.507843" lon="-120.836712"><ele>1320.0</ele><time>2022-08-20T14:31:50Z</time></trkpt><trkpt lat="47.507834" lon="-120.836778"><ele>1320.0</ele><time>2022-08-20T14:31:56Z</time></trkpt><trkpt lat="47.507807" lon="-120.836824"><ele>1322.0</ele><time>2022-08-20T14:32:03Z</time></trkpt><trkpt lat="47.507814" lon="-120.836858"><ele>1324.0</ele><time>2022-08-20T14:32:10Z</time></trkpt><trkpt lat="47.507868" lon="-120.836892"><ele>1326.0</ele><time>2022-08-20T14:32:17Z</time></trkpt><trkpt lat="47.507888" lon="-120.836951"><ele>1329.0</ele><time>2022-08-20T14:32:26Z</time></trkpt><trkpt lat="47.507864" lon="-120.837018"><ele>1332.0</ele><time>2022-08-20T14:32:35Z</time></trkpt><trkpt lat="47.507834" lon="-120.837044"><ele>1332.0</ele><time>2022-08-20T14:32:40Z</time></trkpt><trkpt lat="47.507819" lon="-120.837093"><ele>1332.0</ele><time>2022-08-20T14:32:46Z</time></trkpt><trkpt lat="47.507787" lon="-120.837121"><ele>1334.0</ele><time>2022-08-20T14:32:50Z</time></trkpt><trkpt lat="47.507747" lon="-120.837297"><ele>1335.0</ele><time>2022-08-20T14:33:06Z</time></trkpt><trkpt lat="47.507727" lon="-120.837317"><ele>1338.0</ele><time>2022-08-20T14:33:09Z</time></trkpt><trkpt lat="47.507746" lon="-120.837367"><ele>1339.0</ele><time>2022-08-20T14:33:16Z</time></trkpt><trkpt lat="47.50775" lon="-120.837412"><ele>1341.0</ele><time>2022-08-20T14:33:22Z</time></trkpt><trkpt lat="47.507737" lon="-120.837452"><ele>1340.0</ele><time>2022-08-20T14:33:26Z</time></trkpt><trkpt lat="47.507712" lon="-120.837486"><ele>1341.0</ele><time>2022-08-20T14:33:31Z</time></trkpt><trkpt lat="47.507666" lon="-120.837496"><ele>1344.0</ele><time>2022-08-20T14:33:37Z</time></trkpt><trkpt lat="47.507645" lon="-120.837576"><ele>1344.0</ele><time>2022-08-20T14:33:44Z</time></trkpt><trkpt lat="47.507642" lon="-120.837629"><ele>1344.0</ele><time>2022-08-20T14:33:49Z</time></trkpt><trkpt lat="47.507674" lon="-120.837633"><ele>1344.0</ele><time>2022-08-20T14:33:54Z</time></trkpt><trkpt lat="47.507682" lon="-120.837695"><ele>1347.0</ele><time>2022-08-20T14:33:59Z</time></trkpt><trkpt lat="47.507668" lon="-120.837746"><ele>1347.5</ele><time>2022-08-20T14:34:03Z</time></trkpt><trkpt lat="47.507669" lon="-120.837804"><ele>1348.0</ele><time>2022-08-20T14:34:08Z</time></trkpt><trkpt lat="47.507643" lon="-120.837835"><ele>1349.0</ele><time>2022-08-20T14:34:11Z</time></trkpt><trkpt lat="47.507574" lon="-120.83787"><ele>1350.0</ele><time>2022-08-20T14:34:17Z</time></trkpt><trkpt lat="47.507554" lon="-120.837949"><ele>1350.0</ele><time>2022-08-20T14:34:22Z</time></trkpt><trkpt lat="47.50756" lon="-120.837983"><ele>1350.0</ele><time>2022-08-20T14:34:25Z</time></trkpt><trkpt lat="47.507545" lon="-120.838013"><ele>1351.0</ele><time>2022-08-20T14:34:29Z</time></trkpt><trkpt lat="47.507496" lon="-120.838063"><ele>1352.0</ele><time>2022-08-20T14:34:36Z</time></trkpt><trkpt lat="47.507491" lon="-120.838097"><ele>1353.0</ele><time>2022-08-20T14:34:39Z</time></trkpt><trkpt lat="47.507503" lon="-120.838136"><ele>1353.0</ele><time>2022-08-20T14:34:42Z</time></trkpt><trkpt lat="47.507455" lon="-120.838225"><ele>1356.0</ele><time>2022-08-20T14:34:50Z</time></trkpt><trkpt lat="47.507364" lon="-120.838326"><ele>1356.0</ele><time>2022-08-20T14:35:01Z</time></trkpt><trkpt lat="47.507348" lon="-120.838363"><ele>1356.0</ele><time>2022-08-20T14:35:04Z</time></trkpt><trkpt lat="47.50733" lon="-120.838471"><ele>1359.0</ele><time>2022-08-20T14:35:10Z</time></trkpt><trkpt lat="47.507301" lon="-120.838552"><ele>1360.0</ele><time>2022-08-20T14:35:16Z</time></trkpt><trkpt lat="47.507258" lon="-120.838591"><ele>1362.0</ele><time>2022-08-20T14:35:23Z</time></trkpt><trkpt lat="47.507239" lon="-120.838627"><ele>1360.0</ele><time>2022-08-20T14:35:27Z</time></trkpt><trkpt lat="47.507167" lon="-120.838652"><ele>1362.0</ele><time>2022-08-20T14:35:35Z</time></trkpt><trkpt lat="47.507123" lon="-120.838691"><ele>1362.0</ele><time>2022-08-20T14:35:39Z</time></trkpt><trkpt lat="47.507066" lon="-120.838723"><ele>1360.0</ele><time>2022-08-20T14:35:46Z</time></trkpt><trkpt lat="47.506992" lon="-120.838806"><ele>1361.0</ele><time>2022-08-20T14:35:56Z</time></trkpt><trkpt lat="47.506935" lon="-120.838844"><ele>1362.0</ele><time>2022-08-20T14:36:02Z</time></trkpt><trkpt lat="47.506797" lon="-120.838992"><ele>1365.0</ele><time>2022-08-20T14:36:17Z</time></trkpt><trkpt lat="47.506762" lon="-120.839003"><ele>1363.0</ele><time>2022-08-20T14:36:21Z</time></trkpt><trkpt lat="47.506672" lon="-120.839064"><ele>1363.0</ele><time>2022-08-20T14:36:30Z</time></trkpt><trkpt lat="47.506601" lon="-120.839047"><ele>1365.0</ele><time>2022-08-20T14:36:38Z</time></trkpt><trkpt lat="47.506567" lon="-120.838979"><ele>1364.0</ele><time>2022-08-20T14:36:43Z</time></trkpt><trkpt lat="47.506415" lon="-120.838855"><ele>1364.0</ele><time>2022-08-20T14:36:57Z</time></trkpt><trkpt lat="47.506344" lon="-120.838853"><ele>1365.0</ele><time>2022-08-20T14:37:03Z</time></trkpt><trkpt lat="47.506318" lon="-120.838827"><ele>1367.0</ele><time>2022-08-20T14:37:07Z</time></trkpt><trkpt lat="47.506275" lon="-120.838888"><ele>1368.0</ele><time>2022-08-20T14:37:12Z</time></trkpt><trkpt lat="47.506259" lon="-120.838963"><ele>1368.0</ele><time>2022-08-20T14:37:16Z</time></trkpt><trkpt lat="47.506212" lon="-120.839017"><ele>1368.0</ele><time>2022-08-20T14:37:24Z</time></trkpt><trkpt lat="47.506138" lon="-120.839059"><ele>1372.0</ele><time>2022-08-20T14:37:33Z</time></trkpt><trkpt lat="47.506101" lon="-120.839052"><ele>1373.0</ele><time>2022-08-20T14:37:36Z</time></trkpt><trkpt lat="47.506061" lon="-120.839065"><ele>1372.0</ele><time>2022-08-20T14:37:42Z</time></trkpt><trkpt lat="47.506061" lon="-120.839112"><ele>1376.0</ele><time>2022-08-20T14:37:45Z</time></trkpt><trkpt lat="47.506032" lon="-120.839158"><ele>1375.0</ele><time>2022-08-20T14:37:51Z</time></trkpt><trkpt lat="47.50601" lon="-120.839247"><ele>1378.0</ele><time>2022-08-20T14:37:58Z</time></trkpt><trkpt lat="47.505932" lon="-120.839211"><ele>1377.0</ele><time>2022-08-20T14:38:04Z</time></trkpt><trkpt lat="47.505838" lon="-120.839341"><ele>1380.0</ele><time>2022-08-20T14:38:19Z</time></trkpt><trkpt lat="47.5058" lon="-120.83941"><ele>1381.0</ele><time>2022-08-20T14:38:24Z</time></trkpt><trkpt lat="47.505762" lon="-120.839426"><ele>1381.0</ele><time>2022-08-20T14:38:29Z</time></trkpt><trkpt lat="47.505688" lon="-120.839534"><ele>1382.0</ele><time>2022-08-20T14:38:37Z</time></trkpt><trkpt lat="47.505656" lon="-120.839552"><ele>1381.0</ele><time>2022-08-20T14:38:40Z</time></trkpt><trkpt lat="47.505633" lon="-120.83959"><ele>1383.0</ele><time>2022-08-20T14:38:43Z</time></trkpt><trkpt lat="47.505608" lon="-120.839674"><ele>1384.4</ele><time>2022-08-20T14:38:47Z</time></trkpt><trkpt lat="47.505617" lon="-120.839732"><ele>1383.0</ele><time>2022-08-20T14:38:51Z</time></trkpt><trkpt lat="47.505543" lon="-120.839885"><ele>1386.0</ele><time>2022-08-20T14:38:59Z</time></trkpt><trkpt lat="47.505466" lon="-120.839961"><ele>1381.0</ele><time>2022-08-20T14:39:08Z</time></trkpt><trkpt lat="47.505402" lon="-120.839945"><ele>1380.0</ele><time>2022-08-20T14:39:15Z</time></trkpt><trkpt lat="47.50538" lon="-120.83996"><ele>1378.0</ele><time>2022-08-20T14:39:18Z</time></trkpt><trkpt lat="47.505371" lon="-120.840044"><ele>1380.0</ele><time>2022-08-20T14:39:24Z</time></trkpt><trkpt lat="47.505356" lon="-120.840082"><ele>1381.0</ele><time>2022-08-20T14:39:26Z</time></trkpt><trkpt lat="47.505294" lon="-120.84011"><ele>1380.0</ele><time>2022-08-20T14:39:30Z</time></trkpt><trkpt lat="47.50525" lon="-120.840232"><ele>1381.0</ele><time>2022-08-20T14:39:36Z</time></trkpt><trkpt lat="47.505161" lon="-120.840357"><ele>1382.0</ele><time>2022-08-20T14:39:45Z</time></trkpt><trkpt lat="47.505064" lon="-120.840406"><ele>1383.0</ele><time>2022-08-20T14:39:51Z</time></trkpt><trkpt lat="47.505049" lon="-120.840371"><ele>1384.0</ele><time>2022-08-20T14:39:54Z</time></trkpt><trkpt lat="47.505049" lon="-120.840321"><ele>1382.0</ele><time>2022-08-20T14:39:56Z</time></trkpt><trkpt lat="47.505018" lon="-120.840282"><ele>1381.0</ele><time>2022-08-20T14:39:59Z</time></trkpt><trkpt lat="47.504959" lon="-120.840337"><ele>1381.0</ele><time>2022-08-20T14:40:04Z</time></trkpt><trkpt lat="47.50492" lon="-120.840311"><ele>1382.4</ele><time>2022-08-20T14:40:08Z</time></trkpt><trkpt lat="47.504821" lon="-120.840277"><ele>1382.0</ele><time>2022-08-20T14:40:15Z</time></trkpt><trkpt lat="47.50479" lon="-120.8403"><ele>1382.0</ele><time>2022-08-20T14:40:17Z</time></trkpt><trkpt lat="47.504759" lon="-120.840305"><ele>1383.0</ele><time>2022-08-20T14:40:19Z</time></trkpt><trkpt lat="47.504725" lon="-120.840337"><ele>1379.0</ele><time>2022-08-20T14:40:23Z</time></trkpt><trkpt lat="47.504733" lon="-120.840295"><ele>1380.0</ele><time>2022-08-20T14:40:29Z</time></trkpt><trkpt lat="47.504724" lon="-120.840259"><ele>1379.0</ele><time>2022-08-20T14:40:32Z</time></trkpt><trkpt lat="47.504683" lon="-120.84028"><ele>1378.0</ele><time>2022-08-20T14:40:35Z</time></trkpt><trkpt lat="47.50455" lon="-120.840274"><ele>1380.0</ele><time>2022-08-20T14:40:48Z</time></trkpt><trkpt lat="47.504522" lon="-120.840295"><ele>1380.0</ele><time>2022-08-20T14:40:50Z</time></trkpt><trkpt lat="47.504516" lon="-120.840336"><ele>1377.0</ele><time>2022-08-20T14:40:53Z</time></trkpt><trkpt lat="47.504497" lon="-120.840358"><ele>1379.0</ele><time>2022-08-20T14:40:55Z</time></trkpt><trkpt lat="47.504422" lon="-120.840405"><ele>1382.0</ele><time>2022-08-20T14:41:00Z</time></trkpt><trkpt lat="47.504392" lon="-120.840409"><ele>1380.0</ele><time>2022-08-20T14:41:03Z</time></trkpt><trkpt lat="47.50433" lon="-120.84032"><ele>1380.0</ele><time>2022-08-20T14:41:11Z</time></trkpt><trkpt lat="47.50425" lon="-120.840245"><ele>1380.0</ele><time>2022-08-20T14:41:18Z</time></trkpt><trkpt lat="47.50423" lon="-120.840207"><ele>1377.0</ele><time>2022-08-20T14:41:22Z</time></trkpt><trkpt lat="47.50411" lon="-120.840274"><ele>1372.0</ele><time>2022-08-20T14:41:38Z</time></trkpt><trkpt lat="47.504111" lon="-120.840239"><ele>1372.0</ele><time>2022-08-20T14:41:44Z</time></trkpt><trkpt lat="47.504088" lon="-120.840215"><ele>1372.2</ele><time>2022-08-20T14:41:49Z</time></trkpt><trkpt lat="47.504076" lon="-120.840178"><ele>1370.0</ele><time>2022-08-20T14:41:52Z</time></trkpt><trkpt lat="47.504075" lon="-120.840107"><ele>1368.0</ele><time>2022-08-20T14:41:59Z</time></trkpt><trkpt lat="47.504006" lon="-120.840113"><ele>1370.0</ele><time>2022-08-20T14:42:10Z</time></trkpt><trkpt lat="47.50402" lon="-120.840215"><ele>1374.0</ele><time>2022-08-20T14:42:20Z</time></trkpt><trkpt lat="47.50399" lon="-120.840288"><ele>1376.0</ele><time>2022-08-20T14:42:25Z</time></trkpt><trkpt lat="47.503927" lon="-120.840321"><ele>1376.0</ele><time>2022-08-20T14:42:34Z</time></trkpt><trkpt lat="47.503912" lon="-120.840374"><ele>1377.0</ele><time>2022-08-20T14:42:41Z</time></trkpt><trkpt lat="47.503863" lon="-120.840423"><ele>1375.0</ele><time>2022-08-20T14:42:50Z</time></trkpt><trkpt lat="47.503863" lon="-120.840464"><ele>1374.0</ele><time>2022-08-20T14:42:53Z</time></trkpt><trkpt lat="47.503837" lon="-120.840513"><ele>1375.0</ele><time>2022-08-20T14:42:56Z</time></trkpt><trkpt lat="47.503755" lon="-120.840589"><ele>1374.0</ele><time>2022-08-20T14:43:06Z</time></trkpt><trkpt lat="47.503708" lon="-120.840581"><ele>1373.0</ele><time>2022-08-20T14:43:10Z</time></trkpt><trkpt lat="47.503685" lon="-120.840631"><ele>1374.0</ele><time>2022-08-20T14:43:14Z</time></trkpt><trkpt lat="47.503687" lon="-120.840697"><ele>1373.0</ele><time>2022-08-20T14:43:21Z</time></trkpt><trkpt lat="47.50367" lon="-120.840725"><ele>1374.0</ele><time>2022-08-20T14:43:26Z</time></trkpt><trkpt lat="47.503608" lon="-120.840731"><ele>1370.0</ele><time>2022-08-20T14:43:35Z</time></trkpt><trkpt lat="47.503602" lon="-120.840794"><ele>1372.0</ele><time>2022-08-20T14:43:42Z</time></trkpt><trkpt lat="47.503558" lon="-120.840841"><ele>1372.0</ele><time>2022-08-20T14:43:47Z</time></trkpt><trkpt lat="47.503434" lon="-120.840853"><ele>1372.0</ele><time>2022-08-20T14:43:56Z</time></trkpt><trkpt lat="47.503396" lon="-120.840894"><ele>1371.0</ele><time>2022-08-20T14:44:00Z</time></trkpt><trkpt lat="47.503361" lon="-120.840875"><ele>1371.0</ele><time>2022-08-20T14:44:03Z</time></trkpt><trkpt lat="47.503227" lon="-120.840889"><ele>1375.0</ele><time>2022-08-20T14:44:14Z</time></trkpt><trkpt lat="47.503197" lon="-120.840912"><ele>1375.0</ele><time>2022-08-20T14:44:18Z</time></trkpt><trkpt lat="47.503137" lon="-120.841082"><ele>1375.0</ele><time>2022-08-20T14:44:29Z</time></trkpt><trkpt lat="47.503093" lon="-120.841095"><ele>1377.0</ele><time>2022-08-20T14:44:33Z</time></trkpt><trkpt lat="47.503055" lon="-120.841089"><ele>1377.0</ele><time>2022-08-20T14:44:37Z</time></trkpt><trkpt lat="47.503035" lon="-120.841113"><ele>1380.0</ele><time>2022-08-20T14:44:40Z</time></trkpt><trkpt lat="47.503019" lon="-120.841159"><ele>1382.0</ele><time>2022-08-20T14:44:42Z</time></trkpt><trkpt lat="47.50295" lon="-120.841278"><ele>1383.0</ele><time>2022-08-20T14:44:51Z</time></trkpt><trkpt lat="47.502926" lon="-120.841304"><ele>1386.0</ele><time>2022-08-20T14:44:54Z</time></trkpt><trkpt lat="47.502925" lon="-120.841455"><ele>1386.0</ele><time>2022-08-20T14:45:03Z</time></trkpt><trkpt lat="47.502874" lon="-120.841497"><ele>1386.0</ele><time>2022-08-20T14:45:08Z</time></trkpt><trkpt lat="47.502859" lon="-120.841626"><ele>1386.0</ele><time>2022-08-20T14:45:16Z</time></trkpt><trkpt lat="47.502823" lon="-120.841728"><ele>1384.0</ele><time>2022-08-20T14:45:22Z</time></trkpt><trkpt lat="47.502797" lon="-120.841762"><ele>1383.0</ele><time>2022-08-20T14:45:25Z</time></trkpt><trkpt lat="47.502752" lon="-120.841772"><ele>1382.0</ele><time>2022-08-20T14:45:27Z</time></trkpt><trkpt lat="47.502701" lon="-120.841817"><ele>1382.0</ele><time>2022-08-20T14:45:31Z</time></trkpt><trkpt lat="47.502657" lon="-120.841919"><ele>1384.0</ele><time>2022-08-20T14:45:39Z</time></trkpt><trkpt lat="47.502612" lon="-120.841966"><ele>1380.0</ele><time>2022-08-20T14:45:43Z</time></trkpt><trkpt lat="47.502603" lon="-120.841999"><ele>1382.0</ele><time>2022-08-20T14:45:45Z</time></trkpt><trkpt lat="47.502579" lon="-120.842028"><ele>1381.0</ele><time>2022-08-20T14:45:47Z</time></trkpt><trkpt lat="47.50246" lon="-120.842067"><ele>1383.0</ele><time>2022-08-20T14:45:54Z</time></trkpt><trkpt lat="47.502381" lon="-120.841985"><ele>1386.0</ele><time>2022-08-20T14:46:05Z</time></trkpt><trkpt lat="47.502381" lon="-120.841938"><ele>1384.0</ele><time>2022-08-20T14:46:09Z</time></trkpt><trkpt lat="47.502345" lon="-120.841889"><ele>1386.0</ele><time>2022-08-20T14:46:12Z</time></trkpt><trkpt lat="47.502352" lon="-120.841819"><ele>1386.0</ele><time>2022-08-20T14:46:17Z</time></trkpt><trkpt lat="47.502327" lon="-120.841792"><ele>1388.0</ele><time>2022-08-20T14:46:20Z</time></trkpt><trkpt lat="47.502277" lon="-120.84182"><ele>1386.0</ele><time>2022-08-20T14:46:23Z</time></trkpt><trkpt lat="47.502314" lon="-120.841687"><ele>1386.0</ele><time>2022-08-20T14:46:32Z</time></trkpt><trkpt lat="47.502352" lon="-120.841628"><ele>1387.0</ele><time>2022-08-20T14:46:37Z</time></trkpt><trkpt lat="47.50238" lon="-120.841602"><ele>1386.0</ele><time>2022-08-20T14:46:40Z</time></trkpt><trkpt lat="47.502379" lon="-120.841553"><ele>1387.0</ele><time>2022-08-20T14:46:43Z</time></trkpt><trkpt lat="47.502363" lon="-120.841518"><ele>1389.3</ele><time>2022-08-20T14:46:44Z</time></trkpt><trkpt lat="47.502333" lon="-120.841491"><ele>1389.0</ele><time>2022-08-20T14:46:46Z</time></trkpt><trkpt lat="47.502353" lon="-120.841323"><ele>1389.9</ele><time>2022-08-20T14:46:55Z</time></trkpt><trkpt lat="47.502346" lon="-120.841236"><ele>1390.0</ele><time>2022-08-20T14:47:01Z</time></trkpt><trkpt lat="47.50233" lon="-120.841196"><ele>1388.0</ele><time>2022-08-20T14:47:04Z</time></trkpt><trkpt lat="47.502296" lon="-120.841184"><ele>1392.0</ele><time>2022-08-20T14:47:07Z</time></trkpt><trkpt lat="47.502235" lon="-120.84122"><ele>1392.0</ele><time>2022-08-20T14:47:13Z</time></trkpt><trkpt lat="47.502178" lon="-120.84123"><ele>1394.0</ele><time>2022-08-20T14:47:23Z</time></trkpt><trkpt lat="47.502132" lon="-120.841282"><ele>1396.0</ele><time>2022-08-20T14:47:30Z</time></trkpt><trkpt lat="47.502093" lon="-120.84135"><ele>1397.0</ele><time>2022-08-20T14:47:35Z</time></trkpt><trkpt lat="47.502064" lon="-120.84132"><ele>1398.0</ele><time>2022-08-20T14:47:40Z</time></trkpt><trkpt lat="47.502026" lon="-120.841317"><ele>1400.0</ele><time>2022-08-20T14:47:44Z</time></trkpt><trkpt lat="47.502003" lon="-120.841409"><ele>1402.0</ele><time>2022-08-20T14:47:51Z</time></trkpt><trkpt lat="47.501982" lon="-120.841446"><ele>1402.0</ele><time>2022-08-20T14:47:53Z</time></trkpt><trkpt lat="47.50195" lon="-120.841437"><ele>1401.0</ele><time>2022-08-20T14:47:56Z</time></trkpt><trkpt lat="47.501883" lon="-120.841486"><ele>1402.0</ele><time>2022-08-20T14:48:01Z</time></trkpt><trkpt lat="47.501847" lon="-120.841461"><ele>1404.0</ele><time>2022-08-20T14:48:04Z</time></trkpt><trkpt lat="47.501825" lon="-120.841485"><ele>1405.0</ele><time>2022-08-20T14:48:06Z</time></trkpt><trkpt lat="47.501795" lon="-120.841477"><ele>1408.0</ele><time>2022-08-20T14:48:08Z</time></trkpt><trkpt lat="47.501765" lon="-120.841581"><ele>1409.0</ele><time>2022-08-20T14:48:13Z</time></trkpt><trkpt lat="47.501734" lon="-120.841622"><ele>1407.0</ele><time>2022-08-20T14:48:16Z</time></trkpt><trkpt lat="47.501661" lon="-120.841775"><ele>1410.0</ele><time>2022-08-20T14:48:34Z</time></trkpt><trkpt lat="47.501638" lon="-120.841796"><ele>1407.0</ele><time>2022-08-20T14:48:36Z</time></trkpt><trkpt lat="47.501651" lon="-120.841824"><ele>1405.0</ele><time>2022-08-20T14:48:39Z</time></trkpt><trkpt lat="47.501659" lon="-120.841884"><ele>1406.0</ele><time>2022-08-20T14:48:42Z</time></trkpt><trkpt lat="47.501631" lon="-120.841953"><ele>1406.0</ele><time>2022-08-20T14:48:46Z</time></trkpt><trkpt lat="47.501526" lon="-120.842066"><ele>1407.0</ele><time>2022-08-20T14:49:04Z</time></trkpt><trkpt lat="47.501537" lon="-120.8422"><ele>1408.0</ele><time>2022-08-20T14:49:16Z</time></trkpt><trkpt lat="47.501576" lon="-120.842255"><ele>1410.0</ele><time>2022-08-20T14:49:22Z</time></trkpt><trkpt lat="47.501602" lon="-120.842317"><ele>1410.0</ele><time>2022-08-20T14:49:26Z</time></trkpt><trkpt lat="47.501594" lon="-120.842361"><ele>1410.0</ele><time>2022-08-20T14:49:28Z</time></trkpt><trkpt lat="47.501563" lon="-120.842359"><ele>1410.0</ele><time>2022-08-20T14:49:30Z</time></trkpt><trkpt lat="47.501561" lon="-120.842426"><ele>1411.0</ele><time>2022-08-20T14:49:38Z</time></trkpt><trkpt lat="47.501539" lon="-120.842471"><ele>1413.0</ele><time>2022-08-20T14:49:41Z</time></trkpt><trkpt lat="47.501523" lon="-120.842722"><ele>1416.4</ele><time>2022-08-20T14:49:56Z</time></trkpt><trkpt lat="47.50151" lon="-120.842751"><ele>1416.0</ele><time>2022-08-20T14:49:58Z</time></trkpt><trkpt lat="47.501489" lon="-120.842595"><ele>1414.0</ele><time>2022-08-20T14:50:12Z</time></trkpt><trkpt lat="47.501505" lon="-120.842564"><ele>1413.0</ele><time>2022-08-20T14:50:14Z</time></trkpt><trkpt lat="47.501456" lon="-120.842482"><ele>1414.0</ele><time>2022-08-20T14:50:21Z</time></trkpt><trkpt lat="47.501404" lon="-120.842421"><ele>1414.0</ele><time>2022-08-20T14:50:25Z</time></trkpt><trkpt lat="47.501371" lon="-120.842419"><ele>1416.0</ele><time>2022-08-20T14:50:29Z</time></trkpt><trkpt lat="47.501359" lon="-120.842513"><ele>1417.0</ele><time>2022-08-20T14:50:35Z</time></trkpt><trkpt lat="47.501328" lon="-120.84249"><ele>1416.0</ele><time>2022-08-20T14:50:40Z</time></trkpt><trkpt lat="47.501311" lon="-120.842548"><ele>1419.0</ele><time>2022-08-20T14:50:44Z</time></trkpt><trkpt lat="47.501281" lon="-120.842565"><ele>1420.0</ele><time>2022-08-20T14:50:46Z</time></trkpt><trkpt lat="47.501244" lon="-120.842543"><ele>1421.0</ele><time>2022-08-20T14:50:51Z</time></trkpt><trkpt lat="47.501221" lon="-120.842601"><ele>1420.0</ele><time>2022-08-20T14:50:57Z</time></trkpt><trkpt lat="47.501124" lon="-120.842728"><ele>1424.0</ele><time>2022-08-20T14:51:13Z</time></trkpt><trkpt lat="47.501097" lon="-120.842747"><ele>1425.0</ele><time>2022-08-20T14:51:17Z</time></trkpt><trkpt lat="47.501078" lon="-120.842819"><ele>1425.0</ele><time>2022-08-20T14:51:23Z</time></trkpt><trkpt lat="47.501024" lon="-120.842872"><ele>1428.0</ele><time>2022-08-20T14:51:28Z</time></trkpt><trkpt lat="47.501001" lon="-120.842963"><ele>1429.0</ele><time>2022-08-20T14:51:38Z</time></trkpt><trkpt lat="47.50096" lon="-120.842956"><ele>1430.0</ele><time>2022-08-20T14:51:42Z</time></trkpt><trkpt lat="47.500913" lon="-120.842969"><ele>1422.0</ele><time>2022-08-20T14:52:13Z</time></trkpt><trkpt lat="47.500909" lon="-120.842941"><ele>1419.0</ele><time>2022-08-20T14:52:31Z</time></trkpt><trkpt lat="47.500956" lon="-120.842945"><ele>1425.4</ele><time>2022-08-20T14:52:38Z</time></trkpt><trkpt lat="47.500994" lon="-120.84301"><ele>1427.0</ele><time>2022-08-20T14:52:42Z</time></trkpt><trkpt lat="47.500984" lon="-120.843043"><ele>1426.0</ele><time>2022-08-20T14:52:44Z</time></trkpt><trkpt lat="47.500981" lon="-120.84313"><ele>1430.0</ele><time>2022-08-20T14:52:49Z</time></trkpt><trkpt lat="47.500864" lon="-120.843122"><ele>1432.0</ele><time>2022-08-20T14:52:58Z</time></trkpt><trkpt lat="47.500797" lon="-120.843215"><ele>1434.1</ele><time>2022-08-20T14:53:05Z</time></trkpt><trkpt lat="47.500762" lon="-120.843247"><ele>1432.0</ele><time>2022-08-20T14:53:08Z</time></trkpt><trkpt lat="47.500776" lon="-120.843283"><ele>1435.0</ele><time>2022-08-20T14:53:11Z</time></trkpt><trkpt lat="47.500751" lon="-120.843332"><ele>1437.0</ele><time>2022-08-20T14:53:16Z</time></trkpt><trkpt lat="47.500747" lon="-120.843421"><ele>1437.0</ele><time>2022-08-20T14:53:24Z</time></trkpt><trkpt lat="47.500721" lon="-120.843437"><ele>1440.0</ele><time>2022-08-20T14:53:27Z</time></trkpt><trkpt lat="47.500649" lon="-120.843538"><ele>1441.0</ele><time>2022-08-20T14:53:35Z</time></trkpt><trkpt lat="47.500614" lon="-120.843699"><ele>1440.0</ele><time>2022-08-20T14:53:50Z</time></trkpt><trkpt lat="47.500583" lon="-120.843741"><ele>1441.0</ele><time>2022-08-20T14:53:53Z</time></trkpt><trkpt lat="47.500552" lon="-120.843762"><ele>1442.0</ele><time>2022-08-20T14:53:55Z</time></trkpt><trkpt lat="47.500541" lon="-120.843795"><ele>1442.0</ele><time>2022-08-20T14:53:57Z</time></trkpt><trkpt lat="47.500531" lon="-120.843829"><ele>1443.0</ele><time>2022-08-20T14:53:59Z</time></trkpt><trkpt lat="47.50054" lon="-120.843862"><ele>1443.0</ele><time>2022-08-20T14:54:02Z</time></trkpt><trkpt lat="47.500518" lon="-120.844009"><ele>1443.0</ele><time>2022-08-20T14:54:12Z</time></trkpt><trkpt lat="47.500422" lon="-120.844007"><ele>1440.0</ele><time>2022-08-20T14:54:24Z</time></trkpt><trkpt lat="47.500394" lon="-120.844042"><ele>1440.0</ele><time>2022-08-20T14:54:30Z</time></trkpt><trkpt lat="47.500356" lon="-120.843982"><ele>1443.0</ele><time>2022-08-20T14:54:37Z</time></trkpt><trkpt lat="47.500326" lon="-120.843974"><ele>1445.0</ele><time>2022-08-20T14:54:41Z</time></trkpt><trkpt lat="47.500288" lon="-120.843984"><ele>1446.0</ele><time>2022-08-20T14:54:46Z</time></trkpt><trkpt lat="47.500251" lon="-120.843976"><ele>1449.0</ele><time>2022-08-20T14:54:50Z</time></trkpt><trkpt lat="47.500199" lon="-120.843992"><ele>1451.0</ele><time>2022-08-20T14:54:57Z</time></trkpt><trkpt lat="47.500134" lon="-120.843972"><ele>1452.0</ele><time>2022-08-20T14:55:05Z</time></trkpt><trkpt lat="47.499998" lon="-120.84402"><ele>1453.0</ele><time>2022-08-20T14:55:22Z</time></trkpt><trkpt lat="47.499984" lon="-120.84397"><ele>1452.0</ele><time>2022-08-20T14:55:30Z</time></trkpt><trkpt lat="47.500027" lon="-120.843771"><ele>1459.0</ele><time>2022-08-20T14:55:48Z</time></trkpt><trkpt lat="47.500007" lon="-120.84369"><ele>1460.0</ele><time>2022-08-20T14:55:52Z</time></trkpt><trkpt lat="47.500011" lon="-120.843642"><ele>1457.0</ele><time>2022-08-20T14:55:55Z</time></trkpt><trkpt lat="47.500076" lon="-120.843536"><ele>1458.0</ele><time>2022-08-20T14:56:09Z</time></trkpt><trkpt lat="47.500106" lon="-120.843407"><ele>1458.0</ele><time>2022-08-20T14:56:17Z</time></trkpt><trkpt lat="47.500149" lon="-120.843357"><ele>1460.0</ele><time>2022-08-20T14:56:24Z</time></trkpt><trkpt lat="47.50019" lon="-120.843273"><ele>1460.0</ele><time>2022-08-20T14:56:32Z</time></trkpt><trkpt lat="47.500155" lon="-120.843071"><ele>1464.0</ele><time>2022-08-20T14:56:50Z</time></trkpt><trkpt lat="47.500199" lon="-120.843003"><ele>1464.0</ele><time>2022-08-20T14:56:57Z</time></trkpt><trkpt lat="47.500216" lon="-120.842888"><ele>1466.0</ele><time>2022-08-20T14:57:06Z</time></trkpt><trkpt lat="47.500213" lon="-120.842817"><ele>1465.0</ele><time>2022-08-20T14:57:11Z</time></trkpt><trkpt lat="47.500238" lon="-120.842702"><ele>1466.0</ele><time>2022-08-20T14:57:20Z</time></trkpt><trkpt lat="47.500257" lon="-120.842661"><ele>1468.0</ele><time>2022-08-20T14:57:25Z</time></trkpt><trkpt lat="47.500248" lon="-120.842631"><ele>1468.0</ele><time>2022-08-20T14:57:26Z</time></trkpt><trkpt lat="47.500261" lon="-120.842597"><ele>1470.0</ele><time>2022-08-20T14:57:31Z</time></trkpt><trkpt lat="47.500162" lon="-120.842651"><ele>1470.0</ele><time>2022-08-20T14:57:43Z</time></trkpt><trkpt lat="47.500157" lon="-120.842603"><ele>1468.0</ele><time>2022-08-20T14:57:50Z</time></trkpt><trkpt lat="47.500138" lon="-120.842632"><ele>1472.0</ele><time>2022-08-20T14:57:56Z</time></trkpt><trkpt lat="47.5001" lon="-120.842631"><ele>1472.0</ele><time>2022-08-20T14:57:58Z</time></trkpt><trkpt lat="47.500084" lon="-120.842595"><ele>1470.0</ele><time>2022-08-20T14:58:02Z</time></trkpt><trkpt lat="47.500056" lon="-120.842626"><ele>1475.0</ele><time>2022-08-20T14:58:08Z</time></trkpt><trkpt lat="47.500064" lon="-120.842535"><ele>1476.0</ele><time>2022-08-20T14:58:17Z</time></trkpt><trkpt lat="47.500035" lon="-120.842529"><ele>1477.0</ele><time>2022-08-20T14:58:22Z</time></trkpt><trkpt lat="47.500019" lon="-120.842494"><ele>1480.0</ele><time>2022-08-20T14:58:28Z</time></trkpt><trkpt lat="47.500036" lon="-120.84246"><ele>1481.0</ele><time>2022-08-20T14:58:31Z</time></trkpt><trkpt lat="47.500031" lon="-120.842379"><ele>1482.0</ele><time>2022-08-20T14:58:37Z</time></trkpt><trkpt lat="47.500045" lon="-120.842211"><ele>1482.0</ele><time>2022-08-20T14:58:49Z</time></trkpt><trkpt lat="47.499949" lon="-120.842079"><ele>1484.0</ele><time>2022-08-20T14:59:01Z</time></trkpt><trkpt lat="47.49992" lon="-120.842101"><ele>1485.0</ele><time>2022-08-20T14:59:05Z</time></trkpt><trkpt lat="47.499909" lon="-120.842142"><ele>1487.0</ele><time>2022-08-20T14:59:08Z</time></trkpt><trkpt lat="47.499895" lon="-120.842116"><ele>1485.0</ele><time>2022-08-20T14:59:21Z</time></trkpt><trkpt lat="47.499871" lon="-120.842137"><ele>1490.0</ele><time>2022-08-20T14:59:29Z</time></trkpt><trkpt lat="47.499854" lon="-120.842164"><ele>1491.0</ele><time>2022-08-20T14:59:33Z</time></trkpt><trkpt lat="47.49984" lon="-120.842246"><ele>1488.0</ele><time>2022-08-20T14:59:38Z</time></trkpt><trkpt lat="47.499788" lon="-120.842287"><ele>1490.0</ele><time>2022-08-20T14:59:46Z</time></trkpt><trkpt lat="47.499681" lon="-120.842479"><ele>1492.0</ele><time>2022-08-20T15:00:06Z</time></trkpt><trkpt lat="47.499592" lon="-120.842559"><ele>1494.0</ele><time>2022-08-20T15:00:22Z</time></trkpt><trkpt lat="47.499577" lon="-120.842515"><ele>1494.0</ele><time>2022-08-20T15:00:27Z</time></trkpt><trkpt lat="47.49955" lon="-120.8425"><ele>1495.0</ele><time>2022-08-20T15:00:31Z</time></trkpt><trkpt lat="47.49951" lon="-120.842448"><ele>1497.0</ele><time>2022-08-20T15:00:38Z</time></trkpt><trkpt lat="47.499496" lon="-120.842304"><ele>1498.0</ele><time>2022-08-20T15:00:46Z</time></trkpt><trkpt lat="47.499507" lon="-120.842173"><ele>1500.0</ele><time>2022-08-20T15:00:55Z</time></trkpt><trkpt lat="47.499473" lon="-120.842063"><ele>1502.0</ele><time>2022-08-20T15:01:02Z</time></trkpt><trkpt lat="47.499464" lon="-120.841997"><ele>1500.0</ele><time>2022-08-20T15:01:12Z</time></trkpt><trkpt lat="47.499479" lon="-120.84196"><ele>1500.0</ele><time>2022-08-20T15:01:16Z</time></trkpt><trkpt lat="47.49943" lon="-120.841907"><ele>1498.0</ele><time>2022-08-20T15:01:22Z</time></trkpt><trkpt lat="47.499418" lon="-120.841865"><ele>1498.0</ele><time>2022-08-20T15:01:24Z</time></trkpt><trkpt lat="47.499477" lon="-120.841785"><ele>1498.0</ele><time>2022-08-20T15:01:30Z</time></trkpt><trkpt lat="47.49946" lon="-120.841703"><ele>1500.0</ele><time>2022-08-20T15:01:35Z</time></trkpt><trkpt lat="47.499471" lon="-120.841666"><ele>1499.0</ele><time>2022-08-20T15:01:37Z</time></trkpt><trkpt lat="47.499464" lon="-120.841618"><ele>1501.6</ele><time>2022-08-20T15:01:40Z</time></trkpt><trkpt lat="47.499477" lon="-120.841557"><ele>1500.0</ele><time>2022-08-20T15:01:44Z</time></trkpt><trkpt lat="47.499492" lon="-120.841306"><ele>1500.0</ele><time>2022-08-20T15:01:58Z</time></trkpt><trkpt lat="47.499509" lon="-120.841227"><ele>1502.0</ele><time>2022-08-20T15:02:02Z</time></trkpt><trkpt lat="47.499507" lon="-120.841162"><ele>1502.0</ele><time>2022-08-20T15:02:06Z</time></trkpt><trkpt lat="47.499536" lon="-120.84108"><ele>1502.0</ele><time>2022-08-20T15:02:11Z</time></trkpt><trkpt lat="47.499554" lon="-120.840971"><ele>1500.0</ele><time>2022-08-20T15:02:18Z</time></trkpt><trkpt lat="47.499605" lon="-120.840857"><ele>1501.0</ele><time>2022-08-20T15:02:26Z</time></trkpt><trkpt lat="47.499687" lon="-120.840755"><ele>1504.0</ele><time>2022-08-20T15:02:39Z</time></trkpt><trkpt lat="47.499731" lon="-120.840789"><ele>1503.0</ele><time>2022-08-20T15:02:44Z</time></trkpt><trkpt lat="47.499754" lon="-120.840767"><ele>1506.0</ele><time>2022-08-20T15:02:47Z</time></trkpt><trkpt lat="47.499762" lon="-120.840688"><ele>1507.0</ele><time>2022-08-20T15:02:53Z</time></trkpt><trkpt lat="47.499797" lon="-120.840625"><ele>1508.0</ele><time>2022-08-20T15:02:59Z</time></trkpt><trkpt lat="47.499816" lon="-120.84055"><ele>1508.0</ele><time>2022-08-20T15:03:04Z</time></trkpt><trkpt lat="47.499843" lon="-120.84052"><ele>1512.0</ele><time>2022-08-20T15:03:07Z</time></trkpt><trkpt lat="47.499908" lon="-120.840372"><ele>1512.0</ele><time>2022-08-20T15:03:22Z</time></trkpt><trkpt lat="47.499891" lon="-120.84029"><ele>1512.0</ele><time>2022-08-20T15:03:26Z</time></trkpt><trkpt lat="47.499906" lon="-120.840254"><ele>1513.0</ele><time>2022-08-20T15:03:29Z</time></trkpt><trkpt lat="47.499885" lon="-120.840153"><ele>1512.0</ele><time>2022-08-20T15:03:35Z</time></trkpt><trkpt lat="47.499886" lon="-120.840109"><ele>1512.0</ele><time>2022-08-20T15:03:38Z</time></trkpt><trkpt lat="47.499822" lon="-120.839874"><ele>1514.0</ele><time>2022-08-20T15:03:51Z</time></trkpt><trkpt lat="47.499744" lon="-120.83979"><ele>1515.0</ele><time>2022-08-20T15:03:59Z</time></trkpt><trkpt lat="47.499763" lon="-120.839718"><ele>1515.0</ele><time>2022-08-20T15:04:12Z</time></trkpt><trkpt lat="47.499745" lon="-120.839689"><ele>1514.0</ele><time>2022-08-20T15:04:15Z</time></trkpt><trkpt lat="47.499709" lon="-120.839546"><ele>1513.0</ele><time>2022-08-20T15:04:24Z</time></trkpt><trkpt lat="47.499657" lon="-120.839452"><ele>1515.0</ele><time>2022-08-20T15:04:32Z</time></trkpt><trkpt lat="47.499599" lon="-120.839403"><ele>1515.0</ele><time>2022-08-20T15:04:37Z</time></trkpt><trkpt lat="47.499563" lon="-120.839407"><ele>1515.0</ele><time>2022-08-20T15:04:41Z</time></trkpt><trkpt lat="47.499531" lon="-120.839448"><ele>1516.0</ele><time>2022-08-20T15:04:46Z</time></trkpt><trkpt lat="47.4995" lon="-120.839418"><ele>1517.0</ele><time>2022-08-20T15:04:51Z</time></trkpt><trkpt lat="47.499484" lon="-120.83935"><ele>1519.0</ele><time>2022-08-20T15:04:56Z</time></trkpt><trkpt lat="47.499425" lon="-120.839355"><ele>1520.0</ele><time>2022-08-20T15:05:03Z</time></trkpt><trkpt lat="47.499394" lon="-120.839328"><ele>1520.0</ele><time>2022-08-20T15:05:07Z</time></trkpt><trkpt lat="47.499332" lon="-120.839363"><ele>1518.0</ele><time>2022-08-20T15:05:12Z</time></trkpt><trkpt lat="47.499209" lon="-120.839356"><ele>1519.0</ele><time>2022-08-20T15:05:28Z</time></trkpt><trkpt lat="47.49918" lon="-120.839301"><ele>1521.0</ele><time>2022-08-20T15:05:38Z</time></trkpt><trkpt lat="47.499169" lon="-120.839244"><ele>1524.0</ele><time>2022-08-20T15:05:47Z</time></trkpt><trkpt lat="47.499112" lon="-120.839231"><ele>1523.0</ele><time>2022-08-20T15:05:56Z</time></trkpt><trkpt lat="47.499115" lon="-120.839174"><ele>1528.0</ele><time>2022-08-20T15:06:06Z</time></trkpt><trkpt lat="47.499057" lon="-120.83917"><ele>1525.0</ele><time>2022-08-20T15:06:13Z</time></trkpt><trkpt lat="47.499006" lon="-120.839186"><ele>1529.2</ele><time>2022-08-20T15:06:17Z</time></trkpt><trkpt lat="47.498996" lon="-120.839151"><ele>1529.0</ele><time>2022-08-20T15:06:19Z</time></trkpt><trkpt lat="47.498965" lon="-120.839132"><ele>1530.0</ele><time>2022-08-20T15:06:24Z</time></trkpt><trkpt lat="47.498943" lon="-120.839099"><ele>1533.0</ele><time>2022-08-20T15:06:28Z</time></trkpt><trkpt lat="47.498873" lon="-120.839061"><ele>1536.0</ele><time>2022-08-20T15:06:38Z</time></trkpt><trkpt lat="47.498941" lon="-120.839069"><ele>1536.0</ele><time>2022-08-20T15:06:46Z</time></trkpt><trkpt lat="47.498973" lon="-120.839051"><ele>1531.0</ele><time>2022-08-20T15:06:52Z</time></trkpt><trkpt lat="47.498965" lon="-120.839008"><ele>1535.0</ele><time>2022-08-20T15:07:00Z</time></trkpt><trkpt lat="47.498881" lon="-120.838971"><ele>1540.0</ele><time>2022-08-20T15:07:11Z</time></trkpt><trkpt lat="47.498849" lon="-120.838936"><ele>1541.0</ele><time>2022-08-20T15:07:21Z</time></trkpt><trkpt lat="47.49882" lon="-120.838968"><ele>1542.0</ele><time>2022-08-20T15:07:25Z</time></trkpt><trkpt lat="47.498812" lon="-120.838929"><ele>1544.1</ele><time>2022-08-20T15:07:29Z</time></trkpt><trkpt lat="47.498759" lon="-120.838922"><ele>1544.0</ele><time>2022-08-20T15:07:34Z</time></trkpt><trkpt lat="47.498726" lon="-120.838885"><ele>1545.0</ele><time>2022-08-20T15:07:38Z</time></trkpt><trkpt lat="47.498657" lon="-120.838869"><ele>1548.0</ele><time>2022-08-20T15:07:47Z</time></trkpt><trkpt lat="47.498633" lon="-120.838899"><ele>1546.0</ele><time>2022-08-20T15:07:52Z</time></trkpt><trkpt lat="47.498621" lon="-120.838808"><ele>1548.0</ele><time>2022-08-20T15:08:03Z</time></trkpt><trkpt lat="47.498568" lon="-120.838886"><ele>1548.0</ele><time>2022-08-20T15:08:13Z</time></trkpt><trkpt lat="47.498526" lon="-120.838825"><ele>1550.0</ele><time>2022-08-20T15:08:19Z</time></trkpt><trkpt lat="47.498535" lon="-120.83874"><ele>1551.0</ele><time>2022-08-20T15:08:30Z</time></trkpt><trkpt lat="47.498508" lon="-120.83876"><ele>1550.0</ele><time>2022-08-20T15:08:34Z</time></trkpt><trkpt lat="47.498446" lon="-120.838706"><ele>1551.0</ele><time>2022-08-20T15:08:42Z</time></trkpt><trkpt lat="47.498383" lon="-120.838685"><ele>1556.0</ele><time>2022-08-20T15:08:53Z</time></trkpt><trkpt lat="47.498394" lon="-120.838641"><ele>1557.0</ele><time>2022-08-20T15:08:56Z</time></trkpt><trkpt lat="47.498419" lon="-120.838623"><ele>1556.0</ele><time>2022-08-20T15:08:59Z</time></trkpt><trkpt lat="47.498535" lon="-120.838617"><ele>1560.0</ele><time>2022-08-20T15:09:14Z</time></trkpt><trkpt lat="47.498552" lon="-120.83858"><ele>1560.0</ele><time>2022-08-20T15:09:17Z</time></trkpt><trkpt lat="47.498617" lon="-120.83854"><ele>1560.0</ele><time>2022-08-20T15:09:25Z</time></trkpt><trkpt lat="47.498548" lon="-120.83846"><ele>1562.0</ele><time>2022-08-20T15:09:40Z</time></trkpt><trkpt lat="47.498553" lon="-120.838417"><ele>1564.0</ele><time>2022-08-20T15:09:48Z</time></trkpt><trkpt lat="47.498585" lon="-120.838422"><ele>1564.0</ele><time>2022-08-20T15:09:53Z</time></trkpt><trkpt lat="47.498639" lon="-120.838383"><ele>1567.0</ele><time>2022-08-20T15:10:01Z</time></trkpt><trkpt lat="47.498677" lon="-120.838385"><ele>1568.0</ele><time>2022-08-20T15:10:10Z</time></trkpt><trkpt lat="47.498717" lon="-120.838284"><ele>1572.0</ele><time>2022-08-20T15:10:26Z</time></trkpt><trkpt lat="47.498687" lon="-120.838242"><ele>1571.0</ele><time>2022-08-20T15:10:31Z</time></trkpt><trkpt lat="47.498769" lon="-120.838199"><ele>1575.0</ele><time>2022-08-20T15:10:43Z</time></trkpt><trkpt lat="47.498889" lon="-120.838092"><ele>1578.0</ele><time>2022-08-20T15:10:59Z</time></trkpt><trkpt lat="47.498906" lon="-120.838026"><ele>1576.0</ele><time>2022-08-20T15:11:04Z</time></trkpt><trkpt lat="47.498931" lon="-120.837992"><ele>1577.0</ele><time>2022-08-20T15:11:07Z</time></trkpt><trkpt lat="47.498951" lon="-120.837893"><ele>1576.0</ele><time>2022-08-20T15:11:14Z</time></trkpt><trkpt lat="47.499043" lon="-120.837768"><ele>1578.0</ele><time>2022-08-20T15:11:25Z</time></trkpt><trkpt lat="47.499075" lon="-120.837764"><ele>1575.0</ele><time>2022-08-20T15:11:28Z</time></trkpt><trkpt lat="47.4991" lon="-120.837713"><ele>1576.0</ele><time>2022-08-20T15:11:36Z</time></trkpt><trkpt lat="47.499138" lon="-120.837694"><ele>1575.0</ele><time>2022-08-20T15:11:40Z</time></trkpt><trkpt lat="47.499169" lon="-120.837658"><ele>1576.7</ele><time>2022-08-20T15:11:46Z</time></trkpt><trkpt lat="47.4992" lon="-120.83764"><ele>1575.0</ele><time>2022-08-20T15:11:50Z</time></trkpt><trkpt lat="47.499229" lon="-120.837562"><ele>1572.0</ele><time>2022-08-20T15:11:57Z</time></trkpt><trkpt lat="47.499256" lon="-120.837539"><ele>1572.0</ele><time>2022-08-20T15:12:00Z</time></trkpt><trkpt lat="47.499272" lon="-120.837492"><ele>1570.0</ele><time>2022-08-20T15:12:04Z</time></trkpt><trkpt lat="47.499306" lon="-120.837505"><ele>1572.0</ele><time>2022-08-20T15:12:08Z</time></trkpt><trkpt lat="47.49935" lon="-120.8375"><ele>1570.0</ele><time>2022-08-20T15:12:12Z</time></trkpt><trkpt lat="47.499414" lon="-120.837477"><ele>1569.0</ele><time>2022-08-20T15:12:21Z</time></trkpt><trkpt lat="47.499434" lon="-120.837437"><ele>1570.0</ele><time>2022-08-20T15:12:23Z</time></trkpt><trkpt lat="47.499509" lon="-120.837358"><ele>1569.0</ele><time>2022-08-20T15:12:32Z</time></trkpt><trkpt lat="47.499505" lon="-120.837312"><ele>1570.3</ele><time>2022-08-20T15:12:34Z</time></trkpt><trkpt lat="47.499552" lon="-120.83724"><ele>1568.0</ele><time>2022-08-20T15:12:40Z</time></trkpt><trkpt lat="47.499611" lon="-120.837107"><ele>1566.0</ele><time>2022-08-20T15:12:51Z</time></trkpt><trkpt lat="47.499645" lon="-120.837077"><ele>1564.0</ele><time>2022-08-20T15:12:54Z</time></trkpt><trkpt lat="47.499733" lon="-120.836921"><ele>1567.0</ele><time>2022-08-20T15:13:04Z</time></trkpt><trkpt lat="47.499736" lon="-120.836881"><ele>1567.7</ele><time>2022-08-20T15:13:07Z</time></trkpt><trkpt lat="47.499759" lon="-120.83684"><ele>1566.0</ele><time>2022-08-20T15:13:10Z</time></trkpt><trkpt lat="47.499809" lon="-120.836785"><ele>1565.0</ele><time>2022-08-20T15:13:15Z</time></trkpt><trkpt lat="47.499838" lon="-120.836772"><ele>1564.0</ele><time>2022-08-20T15:13:18Z</time></trkpt><trkpt lat="47.499909" lon="-120.836714"><ele>1566.0</ele><time>2022-08-20T15:13:22Z</time></trkpt><trkpt lat="47.499921" lon="-120.836679"><ele>1565.0</ele><time>2022-08-20T15:13:24Z</time></trkpt><trkpt lat="47.499966" lon="-120.83666"><ele>1564.0</ele><time>2022-08-20T15:13:30Z</time></trkpt><trkpt lat="47.499988" lon="-120.836613"><ele>1566.0</ele><time>2022-08-20T15:13:33Z</time></trkpt><trkpt lat="47.499953" lon="-120.836481"><ele>1564.0</ele><time>2022-08-20T15:13:42Z</time></trkpt><trkpt lat="47.500007" lon="-120.836453"><ele>1565.0</ele><time>2022-08-20T15:13:50Z</time></trkpt><trkpt lat="47.500043" lon="-120.836421"><ele>1566.0</ele><time>2022-08-20T15:13:53Z</time></trkpt><trkpt lat="47.500085" lon="-120.836349"><ele>1568.0</ele><time>2022-08-20T15:13:57Z</time></trkpt><trkpt lat="47.500151" lon="-120.83628"><ele>1571.0</ele><time>2022-08-20T15:14:05Z</time></trkpt><trkpt lat="47.500175" lon="-120.836237"><ele>1570.0</ele><time>2022-08-20T15:14:07Z</time></trkpt><trkpt lat="47.500149" lon="-120.836201"><ele>1570.0</ele><time>2022-08-20T15:14:10Z</time></trkpt><trkpt lat="47.500112" lon="-120.836202"><ele>1570.0</ele><time>2022-08-20T15:14:13Z</time></trkpt><trkpt lat="47.500053" lon="-120.836171"><ele>1571.0</ele><time>2022-08-20T15:14:20Z</time></trkpt><trkpt lat="47.500012" lon="-120.836075"><ele>1574.0</ele><time>2022-08-20T15:14:30Z</time></trkpt><trkpt lat="47.500047" lon="-120.835972"><ele>1575.0</ele><time>2022-08-20T15:14:38Z</time></trkpt><trkpt lat="47.500074" lon="-120.835929"><ele>1576.0</ele><time>2022-08-20T15:14:44Z</time></trkpt><trkpt lat="47.500033" lon="-120.835892"><ele>1578.0</ele><time>2022-08-20T15:14:49Z</time></trkpt><trkpt lat="47.500072" lon="-120.835857"><ele>1575.0</ele><time>2022-08-20T15:14:55Z</time></trkpt><trkpt lat="47.500041" lon="-120.8358"><ele>1579.0</ele><time>2022-08-20T15:15:01Z</time></trkpt><trkpt lat="47.500003" lon="-120.835816"><ele>1578.0</ele><time>2022-08-20T15:15:03Z</time></trkpt><trkpt lat="47.499975" lon="-120.835877"><ele>1575.0</ele><time>2022-08-20T15:15:11Z</time></trkpt><trkpt lat="47.499947" lon="-120.83591"><ele>1575.0</ele><time>2022-08-20T15:15:19Z</time></trkpt><trkpt lat="47.499914" lon="-120.835926"><ele>1578.0</ele><time>2022-08-20T15:15:26Z</time></trkpt><trkpt lat="47.499878" lon="-120.836002"><ele>1581.0</ele><time>2022-08-20T15:15:40Z</time></trkpt><trkpt lat="47.499858" lon="-120.836092"><ele>1584.0</ele><time>2022-08-20T15:15:51Z</time></trkpt><trkpt lat="47.499827" lon="-120.836129"><ele>1584.0</ele><time>2022-08-20T15:15:58Z</time></trkpt><trkpt lat="47.499789" lon="-120.836135"><ele>1584.0</ele><time>2022-08-20T15:16:03Z</time></trkpt><trkpt lat="47.499743" lon="-120.836187"><ele>1585.0</ele><time>2022-08-20T15:16:10Z</time></trkpt><trkpt lat="47.49963" lon="-120.836261"><ele>1586.0</ele><time>2022-08-20T15:16:24Z</time></trkpt><trkpt lat="47.499607" lon="-120.836294"><ele>1586.0</ele><time>2022-08-20T15:16:29Z</time></trkpt><trkpt lat="47.499602" lon="-120.836338"><ele>1584.0</ele><time>2022-08-20T15:16:32Z</time></trkpt><trkpt lat="47.499583" lon="-120.836378"><ele>1586.0</ele><time>2022-08-20T15:16:35Z</time></trkpt><trkpt lat="47.499491" lon="-120.836494"><ele>1586.0</ele><time>2022-08-20T15:16:49Z</time></trkpt><trkpt lat="47.49946" lon="-120.836497"><ele>1590.0</ele><time>2022-08-20T15:16:53Z</time></trkpt><trkpt lat="47.49939" lon="-120.836629"><ele>1587.0</ele><time>2022-08-20T15:17:04Z</time></trkpt><trkpt lat="47.49932" lon="-120.836641"><ele>1590.0</ele><time>2022-08-20T15:17:13Z</time></trkpt><trkpt lat="47.499295" lon="-120.83666"><ele>1590.0</ele><time>2022-08-20T15:17:17Z</time></trkpt><trkpt lat="47.49924" lon="-120.836679"><ele>1590.0</ele><time>2022-08-20T15:17:26Z</time></trkpt><trkpt lat="47.499121" lon="-120.836788"><ele>1595.0</ele><time>2022-08-20T15:17:48Z</time></trkpt><trkpt lat="47.499095" lon="-120.836953"><ele>1596.0</ele><time>2022-08-20T15:17:59Z</time></trkpt><trkpt lat="47.499065" lon="-120.836951"><ele>1596.0</ele><time>2022-08-20T15:18:02Z</time></trkpt><trkpt lat="47.499026" lon="-120.83693"><ele>1596.0</ele><time>2022-08-20T15:18:05Z</time></trkpt><trkpt lat="47.498993" lon="-120.836952"><ele>1599.0</ele><time>2022-08-20T15:18:10Z</time></trkpt><trkpt lat="47.498877" lon="-120.836992"><ele>1602.0</ele><time>2022-08-20T15:18:30Z</time></trkpt><trkpt lat="47.49883" lon="-120.837038"><ele>1604.0</ele><time>2022-08-20T15:18:38Z</time></trkpt><trkpt lat="47.498796" lon="-120.837107"><ele>1605.0</ele><time>2022-08-20T15:18:45Z</time></trkpt><trkpt lat="47.498789" lon="-120.837143"><ele>1604.0</ele><time>2022-08-20T15:18:48Z</time></trkpt><trkpt lat="47.498734" lon="-120.837242"><ele>1608.0</ele><time>2022-08-20T15:19:00Z</time></trkpt><trkpt lat="47.498745" lon="-120.837288"><ele>1606.0</ele><time>2022-08-20T15:19:06Z</time></trkpt><trkpt lat="47.498699" lon="-120.83734"><ele>1605.0</ele><time>2022-08-20T15:19:20Z</time></trkpt><trkpt lat="47.498678" lon="-120.837441"><ele>1608.0</ele><time>2022-08-20T15:19:31Z</time></trkpt><trkpt lat="47.498643" lon="-120.837466"><ele>1606.0</ele><time>2022-08-20T15:19:50Z</time></trkpt><trkpt lat="47.498626" lon="-120.83752"><ele>1607.0</ele><time>2022-08-20T15:29:14Z</time></trkpt><trkpt lat="47.498605" lon="-120.837546"><ele>1607.0</ele><time>2022-08-20T15:29:18Z</time></trkpt><trkpt lat="47.49856" lon="-120.837529"><ele>1605.0</ele><time>2022-08-20T15:29:26Z</time></trkpt><trkpt lat="47.498495" lon="-120.837439"><ele>1606.0</ele><time>2022-08-20T15:29:33Z</time></trkpt><trkpt lat="47.498454" lon="-120.837422"><ele>1606.0</ele><time>2022-08-20T15:29:36Z</time></trkpt><trkpt lat="47.498395" lon="-120.837561"><ele>1605.0</ele><time>2022-08-20T15:29:46Z</time></trkpt><trkpt lat="47.49837" lon="-120.837528"><ele>1605.0</ele><time>2022-08-20T15:29:49Z</time></trkpt><trkpt lat="47.498314" lon="-120.837487"><ele>1604.3</ele><time>2022-08-20T15:29:53Z</time></trkpt><trkpt lat="47.498243" lon="-120.837486"><ele>1602.0</ele><time>2022-08-20T15:29:59Z</time></trkpt><trkpt lat="47.498186" lon="-120.837545"><ele>1605.0</ele><time>2022-08-20T15:30:05Z</time></trkpt><trkpt lat="47.498156" lon="-120.837551"><ele>1604.0</ele><time>2022-08-20T15:30:09Z</time></trkpt><trkpt lat="47.498121" lon="-120.837578"><ele>1604.0</ele><time>2022-08-20T15:30:12Z</time></trkpt><trkpt lat="47.498062" lon="-120.837508"><ele>1605.0</ele><time>2022-08-20T15:30:17Z</time></trkpt><trkpt lat="47.498028" lon="-120.837494"><ele>1605.0</ele><time>2022-08-20T15:30:20Z</time></trkpt><trkpt lat="47.498008" lon="-120.83747"><ele>1605.0</ele><time>2022-08-20T15:30:23Z</time></trkpt><trkpt lat="47.498008" lon="-120.837436"><ele>1605.0</ele><time>2022-08-20T15:30:26Z</time></trkpt><trkpt lat="47.497932" lon="-120.837254"><ele>1612.0</ele><time>2022-08-20T15:30:39Z</time></trkpt><trkpt lat="47.497885" lon="-120.837269"><ele>1613.0</ele><time>2022-08-20T15:30:44Z</time></trkpt><trkpt lat="47.497867" lon="-120.83724"><ele>1613.0</ele><time>2022-08-20T15:30:47Z</time></trkpt><trkpt lat="47.497813" lon="-120.837202"><ele>1614.0</ele><time>2022-08-20T15:30:54Z</time></trkpt><trkpt lat="47.49774" lon="-120.837241"><ele>1614.0</ele><time>2022-08-20T15:31:01Z</time></trkpt><trkpt lat="47.497693" lon="-120.837204"><ele>1617.0</ele><time>2022-08-20T15:31:08Z</time></trkpt><trkpt lat="47.497656" lon="-120.837131"><ele>1616.0</ele><time>2022-08-20T15:31:15Z</time></trkpt><trkpt lat="47.497596" lon="-120.837093"><ele>1619.0</ele><time>2022-08-20T15:31:23Z</time></trkpt><trkpt lat="47.497529" lon="-120.837089"><ele>1620.0</ele><time>2022-08-20T15:31:30Z</time></trkpt><trkpt lat="47.497482" lon="-120.837042"><ele>1620.0</ele><time>2022-08-20T15:31:36Z</time></trkpt><trkpt lat="47.497339" lon="-120.836973"><ele>1623.0</ele><time>2022-08-20T15:31:49Z</time></trkpt><trkpt lat="47.497322" lon="-120.836942"><ele>1623.0</ele><time>2022-08-20T15:31:51Z</time></trkpt><trkpt lat="47.497305" lon="-120.836837"><ele>1623.0</ele><time>2022-08-20T15:32:04Z</time></trkpt><trkpt lat="47.497245" lon="-120.836809"><ele>1625.0</ele><time>2022-08-20T15:32:14Z</time></trkpt><trkpt lat="47.49721" lon="-120.836771"><ele>1625.0</ele><time>2022-08-20T15:32:19Z</time></trkpt><trkpt lat="47.497172" lon="-120.83675"><ele>1626.0</ele><time>2022-08-20T15:32:22Z</time></trkpt><trkpt lat="47.497129" lon="-120.836699"><ele>1626.0</ele><time>2022-08-20T15:32:28Z</time></trkpt><trkpt lat="47.497121" lon="-120.836576"><ele>1624.0</ele><time>2022-08-20T15:32:44Z</time></trkpt><trkpt lat="47.497139" lon="-120.836518"><ele>1630.0</ele><time>2022-08-20T15:32:52Z</time></trkpt><trkpt lat="47.49719" lon="-120.836495"><ele>1634.0</ele><time>2022-08-20T15:32:59Z</time></trkpt><trkpt lat="47.49718" lon="-120.836455"><ele>1634.0</ele><time>2022-08-20T15:33:03Z</time></trkpt><trkpt lat="47.497139" lon="-120.836428"><ele>1635.0</ele><time>2022-08-20T15:33:11Z</time></trkpt><trkpt lat="47.497247" lon="-120.836423"><ele>1637.0</ele><time>2022-08-20T15:33:25Z</time></trkpt><trkpt lat="47.49725" lon="-120.836386"><ele>1637.0</ele><time>2022-08-20T15:33:29Z</time></trkpt><trkpt lat="47.497316" lon="-120.836358"><ele>1638.0</ele><time>2022-08-20T15:33:43Z</time></trkpt><trkpt lat="47.497222" lon="-120.836283"><ele>1641.0</ele><time>2022-08-20T15:33:55Z</time></trkpt><trkpt lat="47.497187" lon="-120.836227"><ele>1643.0</ele><time>2022-08-20T15:33:59Z</time></trkpt><trkpt lat="47.497194" lon="-120.836204"><ele>1643.8</ele><time>2022-08-20T15:34:02Z</time></trkpt><trkpt lat="47.497183" lon="-120.836128"><ele>1642.0</ele><time>2022-08-20T15:34:10Z</time></trkpt><trkpt lat="47.497247" lon="-120.836153"><ele>1644.0</ele><time>2022-08-20T15:34:16Z</time></trkpt><trkpt lat="47.497386" lon="-120.836172"><ele>1644.0</ele><time>2022-08-20T15:34:30Z</time></trkpt><trkpt lat="47.497458" lon="-120.836206"><ele>1644.0</ele><time>2022-08-20T15:34:38Z</time></trkpt><trkpt lat="47.49748" lon="-120.836235"><ele>1644.0</ele><time>2022-08-20T15:34:41Z</time></trkpt><trkpt lat="47.497501" lon="-120.836199"><ele>1645.0</ele><time>2022-08-20T15:34:50Z</time></trkpt><trkpt lat="47.497535" lon="-120.836167"><ele>1644.0</ele><time>2022-08-20T15:34:59Z</time></trkpt><trkpt lat="47.497467" lon="-120.836092"><ele>1648.0</ele><time>2022-08-20T15:35:08Z</time></trkpt><trkpt lat="47.497476" lon="-120.836059"><ele>1646.0</ele><time>2022-08-20T15:35:13Z</time></trkpt><trkpt lat="47.49754" lon="-120.836059"><ele>1648.0</ele><time>2022-08-20T15:35:19Z</time></trkpt><trkpt lat="47.497578" lon="-120.836029"><ele>1650.0</ele><time>2022-08-20T15:35:24Z</time></trkpt><trkpt lat="47.497557" lon="-120.835984"><ele>1652.0</ele><time>2022-08-20T15:35:28Z</time></trkpt><trkpt lat="47.497612" lon="-120.835936"><ele>1653.0</ele><time>2022-08-20T15:35:34Z</time></trkpt><trkpt lat="47.497681" lon="-120.835921"><ele>1654.0</ele><time>2022-08-20T15:35:40Z</time></trkpt><trkpt lat="47.497699" lon="-120.835861"><ele>1654.0</ele><time>2022-08-20T15:35:48Z</time></trkpt><trkpt lat="47.497689" lon="-120.835819"><ele>1656.0</ele><time>2022-08-20T15:35:51Z</time></trkpt><trkpt lat="47.497651" lon="-120.835815"><ele>1656.0</ele><time>2022-08-20T15:35:54Z</time></trkpt><trkpt lat="47.497621" lon="-120.835798"><ele>1656.0</ele><time>2022-08-20T15:35:59Z</time></trkpt><trkpt lat="47.497578" lon="-120.835748"><ele>1656.0</ele><time>2022-08-20T15:36:06Z</time></trkpt><trkpt lat="47.497571" lon="-120.835703"><ele>1656.0</ele><time>2022-08-20T15:36:11Z</time></trkpt><trkpt lat="47.497678" lon="-120.835642"><ele>1662.0</ele><time>2022-08-20T15:36:22Z</time></trkpt><trkpt lat="47.497684" lon="-120.835607"><ele>1665.0</ele><time>2022-08-20T15:36:25Z</time></trkpt><trkpt lat="47.497661" lon="-120.835551"><ele>1664.0</ele><time>2022-08-20T15:36:28Z</time></trkpt><trkpt lat="47.497628" lon="-120.835537"><ele>1666.0</ele><time>2022-08-20T15:36:29Z</time></trkpt><trkpt lat="47.497522" lon="-120.835537"><ele>1665.0</ele><time>2022-08-20T15:36:42Z</time></trkpt><trkpt lat="47.497549" lon="-120.835465"><ele>1664.0</ele><time>2022-08-20T15:36:49Z</time></trkpt><trkpt lat="47.497544" lon="-120.835427"><ele>1668.0</ele><time>2022-08-20T15:36:53Z</time></trkpt><trkpt lat="47.497605" lon="-120.8354"><ele>1668.0</ele><time>2022-08-20T15:37:01Z</time></trkpt><trkpt lat="47.49761" lon="-120.835247"><ele>1666.0</ele><time>2022-08-20T15:37:18Z</time></trkpt><trkpt lat="47.49764" lon="-120.835252"><ele>1671.0</ele><time>2022-08-20T15:37:23Z</time></trkpt><trkpt lat="47.497693" lon="-120.835205"><ele>1675.0</ele><time>2022-08-20T15:37:33Z</time></trkpt><trkpt lat="47.497763" lon="-120.835105"><ele>1680.0</ele><time>2022-08-20T15:37:49Z</time></trkpt><trkpt lat="47.497785" lon="-120.835058"><ele>1680.0</ele><time>2022-08-20T15:38:03Z</time></trkpt><trkpt lat="47.497813" lon="-120.835032"><ele>1683.0</ele><time>2022-08-20T15:38:09Z</time></trkpt><trkpt lat="47.497789" lon="-120.834959"><ele>1685.0</ele><time>2022-08-20T15:38:17Z</time></trkpt><trkpt lat="47.497847" lon="-120.834929"><ele>1686.6</ele><time>2022-08-20T15:38:22Z</time></trkpt><trkpt lat="47.497819" lon="-120.834913"><ele>1685.0</ele><time>2022-08-20T15:38:25Z</time></trkpt><trkpt lat="47.497843" lon="-120.83487"><ele>1685.0</ele><time>2022-08-20T15:38:30Z</time></trkpt><trkpt lat="47.497855" lon="-120.83481"><ele>1685.0</ele><time>2022-08-20T15:38:37Z</time></trkpt><trkpt lat="47.497839" lon="-120.83474"><ele>1688.0</ele><time>2022-08-20T15:38:47Z</time></trkpt><trkpt lat="47.497856" lon="-120.83471"><ele>1689.0</ele><time>2022-08-20T15:38:51Z</time></trkpt><trkpt lat="47.497861" lon="-120.834565"><ele>1692.0</ele><time>2022-08-20T15:39:07Z</time></trkpt><trkpt lat="47.497854" lon="-120.834532"><ele>1693.0</ele><time>2022-08-20T15:39:10Z</time></trkpt><trkpt lat="47.497828" lon="-120.834512"><ele>1693.0</ele><time>2022-08-20T15:39:13Z</time></trkpt><trkpt lat="47.497768" lon="-120.834421"><ele>1695.0</ele><time>2022-08-20T15:39:21Z</time></trkpt><trkpt lat="47.497658" lon="-120.834436"><ele>1695.0</ele><time>2022-08-20T15:39:31Z</time></trkpt><trkpt lat="47.497628" lon="-120.834408"><ele>1697.0</ele><time>2022-08-20T15:39:37Z</time></trkpt><trkpt lat="47.497564" lon="-120.834465"><ele>1700.0</ele><time>2022-08-20T15:39:48Z</time></trkpt><trkpt lat="47.497546" lon="-120.834438"><ele>1699.0</ele><time>2022-08-20T15:39:51Z</time></trkpt><trkpt lat="47.497542" lon="-120.834468"><ele>1700.0</ele><time>2022-08-20T15:39:53Z</time></trkpt><trkpt lat="47.497488" lon="-120.834501"><ele>1700.0</ele><time>2022-08-20T15:40:00Z</time></trkpt><trkpt lat="47.497476" lon="-120.834537"><ele>1700.0</ele><time>2022-08-20T15:40:04Z</time></trkpt><trkpt lat="47.497491" lon="-120.834582"><ele>1701.0</ele><time>2022-08-20T15:40:08Z</time></trkpt><trkpt lat="47.497429" lon="-120.834633"><ele>1698.0</ele><time>2022-08-20T15:40:17Z</time></trkpt><trkpt lat="47.497343" lon="-120.834574"><ele>1704.0</ele><time>2022-08-20T15:40:37Z</time></trkpt><trkpt lat="47.497303" lon="-120.83448"><ele>1707.0</ele><time>2022-08-20T15:40:46Z</time></trkpt><trkpt lat="47.4972" lon="-120.834395"><ele>1704.0</ele><time>2022-08-20T15:40:58Z</time></trkpt><trkpt lat="47.497164" lon="-120.834391"><ele>1707.0</ele><time>2022-08-20T15:41:01Z</time></trkpt><trkpt lat="47.497121" lon="-120.834415"><ele>1708.0</ele><time>2022-08-20T15:41:08Z</time></trkpt><trkpt lat="47.497042" lon="-120.834401"><ele>1706.0</ele><time>2022-08-20T15:41:17Z</time></trkpt><trkpt lat="47.497014" lon="-120.834632"><ele>1708.0</ele><time>2022-08-20T15:41:35Z</time></trkpt><trkpt lat="47.496957" lon="-120.834684"><ele>1710.0</ele><time>2022-08-20T15:41:42Z</time></trkpt><trkpt lat="47.496887" lon="-120.83464"><ele>1708.0</ele><time>2022-08-20T15:41:49Z</time></trkpt><trkpt lat="47.496836" lon="-120.834686"><ele>1710.0</ele><time>2022-08-20T15:41:55Z</time></trkpt><trkpt lat="47.496774" lon="-120.834703"><ele>1710.0</ele><time>2022-08-20T15:42:04Z</time></trkpt><trkpt lat="47.496743" lon="-120.834689"><ele>1708.0</ele><time>2022-08-20T15:42:08Z</time></trkpt><trkpt lat="47.496715" lon="-120.8347"><ele>1708.0</ele><time>2022-08-20T15:42:12Z</time></trkpt><trkpt lat="47.496673" lon="-120.834777"><ele>1708.0</ele><time>2022-08-20T15:42:20Z</time></trkpt><trkpt lat="47.496604" lon="-120.8347"><ele>1710.0</ele><time>2022-08-20T15:42:32Z</time></trkpt><trkpt lat="47.496617" lon="-120.834622"><ele>1708.0</ele><time>2022-08-20T15:42:39Z</time></trkpt><trkpt lat="47.4966" lon="-120.83459"><ele>1709.0</ele><time>2022-08-20T15:42:42Z</time></trkpt><trkpt lat="47.496623" lon="-120.834431"><ele>1708.0</ele><time>2022-08-20T15:42:51Z</time></trkpt><trkpt lat="47.496655" lon="-120.834419"><ele>1708.0</ele><time>2022-08-20T15:42:55Z</time></trkpt><trkpt lat="47.496678" lon="-120.834385"><ele>1704.0</ele><time>2022-08-20T15:43:00Z</time></trkpt><trkpt lat="47.496666" lon="-120.834343"><ele>1705.0</ele><time>2022-08-20T15:43:05Z</time></trkpt><trkpt lat="47.496635" lon="-120.834381"><ele>1705.0</ele><time>2022-08-20T15:43:12Z</time></trkpt><trkpt lat="47.496613" lon="-120.834479"><ele>1708.0</ele><time>2022-08-20T15:43:21Z</time></trkpt><trkpt lat="47.496615" lon="-120.834634"><ele>1707.0</ele><time>2022-08-20T15:43:31Z</time></trkpt><trkpt lat="47.496662" lon="-120.83468"><ele>1707.0</ele><time>2022-08-20T15:43:38Z</time></trkpt><trkpt lat="47.496647" lon="-120.834731"><ele>1707.0</ele><time>2022-08-20T15:43:41Z</time></trkpt><trkpt lat="47.496618" lon="-120.834721"><ele>1707.0</ele><time>2022-08-20T15:43:44Z</time></trkpt><trkpt lat="47.496567" lon="-120.834672"><ele>1707.0</ele><time>2022-08-20T15:43:50Z</time></trkpt><trkpt lat="47.496558" lon="-120.834639"><ele>1708.0</ele><time>2022-08-20T15:43:53Z</time></trkpt><trkpt lat="47.496514" lon="-120.834645"><ele>1707.0</ele><time>2022-08-20T15:43:58Z</time></trkpt><trkpt lat="47.496499" lon="-120.834686"><ele>1710.3</ele><time>2022-08-20T15:44:03Z</time></trkpt><trkpt lat="47.496392" lon="-120.834739"><ele>1711.0</ele><time>2022-08-20T15:44:14Z</time></trkpt><trkpt lat="47.49637" lon="-120.834793"><ele>1710.0</ele><time>2022-08-20T15:44:18Z</time></trkpt><trkpt lat="47.496296" lon="-120.834769"><ele>1712.0</ele><time>2022-08-20T15:44:27Z</time></trkpt><trkpt lat="47.496265" lon="-120.834789"><ele>1707.0</ele><time>2022-08-20T15:44:35Z</time></trkpt><trkpt lat="47.49623" lon="-120.83475"><ele>1711.0</ele><time>2022-08-20T15:44:46Z</time></trkpt><trkpt lat="47.496175" lon="-120.834769"><ele>1708.0</ele><time>2022-08-20T15:44:53Z</time></trkpt><trkpt lat="47.496142" lon="-120.834765"><ele>1708.0</ele><time>2022-08-20T15:44:57Z</time></trkpt><trkpt lat="47.496094" lon="-120.834909"><ele>1707.0</ele><time>2022-08-20T15:45:12Z</time></trkpt><trkpt lat="47.496047" lon="-120.834959"><ele>1707.0</ele><time>2022-08-20T15:45:18Z</time></trkpt><trkpt lat="47.496014" lon="-120.835017"><ele>1705.0</ele><time>2022-08-20T15:45:27Z</time></trkpt><trkpt lat="47.495984" lon="-120.835028"><ele>1704.0</ele><time>2022-08-20T15:45:34Z</time></trkpt><trkpt lat="47.495967" lon="-120.835104"><ele>1704.0</ele><time>2022-08-20T15:45:48Z</time></trkpt><trkpt lat="47.495932" lon="-120.835115"><ele>1710.0</ele><time>2022-08-20T15:45:57Z</time></trkpt><trkpt lat="47.495916" lon="-120.835146"><ele>1710.0</ele><time>2022-08-20T15:46:02Z</time></trkpt><trkpt lat="47.495859" lon="-120.835183"><ele>1714.0</ele><time>2022-08-20T15:46:08Z</time></trkpt><trkpt lat="47.495837" lon="-120.835215"><ele>1714.8</ele><time>2022-08-20T15:46:14Z</time></trkpt><trkpt lat="47.495773" lon="-120.835244"><ele>1713.0</ele><time>2022-08-20T15:46:21Z</time></trkpt><trkpt lat="47.495757" lon="-120.835276"><ele>1713.0</ele><time>2022-08-20T15:46:24Z</time></trkpt><trkpt lat="47.495731" lon="-120.835294"><ele>1715.0</ele><time>2022-08-20T15:46:27Z</time></trkpt><trkpt lat="47.495716" lon="-120.835327"><ele>1716.0</ele><time>2022-08-20T15:46:30Z</time></trkpt><trkpt lat="47.495632" lon="-120.83538"><ele>1715.0</ele><time>2022-08-20T15:46:42Z</time></trkpt><trkpt lat="47.495546" lon="-120.835372"><ele>1709.0</ele><time>2022-08-20T15:47:21Z</time></trkpt><trkpt lat="47.495525" lon="-120.835409"><ele>1712.1</ele><time>2022-08-20T15:47:26Z</time></trkpt><trkpt lat="47.49549" lon="-120.83542"><ele>1711.0</ele><time>2022-08-20T15:47:30Z</time></trkpt><trkpt lat="47.495464" lon="-120.835463"><ele>1712.0</ele><time>2022-08-20T15:47:36Z</time></trkpt><trkpt lat="47.495426" lon="-120.835476"><ele>1710.0</ele><time>2022-08-20T15:47:48Z</time></trkpt><trkpt lat="47.495478" lon="-120.835448"><ele>1711.0</ele><time>2022-08-20T15:48:01Z</time></trkpt><trkpt lat="47.49544" lon="-120.835463"><ele>1711.0</ele><time>2022-08-20T15:49:28Z</time></trkpt><trkpt lat="47.49544" lon="-120.83547"><ele>1703.0</ele><time>2022-08-20T16:11:03Z</time></trkpt><trkpt lat="47.495432" lon="-120.835516"><ele>1716.0</ele><time>2022-08-20T16:17:49Z</time></trkpt><trkpt lat="47.4954" lon="-120.835564"><ele>1716.0</ele><time>2022-08-20T16:18:23Z</time></trkpt><trkpt lat="47.495392" lon="-120.83561"><ele>1716.0</ele><time>2022-08-20T16:18:35Z</time></trkpt><trkpt lat="47.495334" lon="-120.835741"><ele>1714.0</ele><time>2022-08-20T16:18:59Z</time></trkpt><trkpt lat="47.495288" lon="-120.835802"><ele>1710.0</ele><time>2022-08-20T16:19:11Z</time></trkpt><trkpt lat="47.495327" lon="-120.835953"><ele>1708.0</ele><time>2022-08-20T16:19:27Z</time></trkpt><trkpt lat="47.49532" lon="-120.835983"><ele>1710.0</ele><time>2022-08-20T16:19:36Z</time></trkpt><trkpt lat="47.495298" lon="-120.836011"><ele>1704.0</ele><time>2022-08-20T16:19:41Z</time></trkpt><trkpt lat="47.495241" lon="-120.835943"><ele>1708.0</ele><time>2022-08-20T16:19:55Z</time></trkpt><trkpt lat="47.495202" lon="-120.835989"><ele>1705.0</ele><time>2022-08-20T16:20:00Z</time></trkpt><trkpt lat="47.495163" lon="-120.835996"><ele>1704.0</ele><time>2022-08-20T16:20:03Z</time></trkpt><trkpt lat="47.495105" lon="-120.836073"><ele>1704.0</ele><time>2022-08-20T16:20:09Z</time></trkpt><trkpt lat="47.495076" lon="-120.836092"><ele>1704.0</ele><time>2022-08-20T16:20:12Z</time></trkpt><trkpt lat="47.495039" lon="-120.836078"><ele>1701.0</ele><time>2022-08-20T16:20:16Z</time></trkpt><trkpt lat="47.495009" lon="-120.836103"><ele>1699.0</ele><time>2022-08-20T16:20:19Z</time></trkpt><trkpt lat="47.494992" lon="-120.836152"><ele>1700.0</ele><time>2022-08-20T16:20:22Z</time></trkpt><trkpt lat="47.495023" lon="-120.836347"><ele>1703.0</ele><time>2022-08-20T16:20:36Z</time></trkpt><trkpt lat="47.495005" lon="-120.836462"><ele>1704.0</ele><time>2022-08-20T16:20:46Z</time></trkpt><trkpt lat="47.495002" lon="-120.836599"><ele>1703.0</ele><time>2022-08-20T16:20:57Z</time></trkpt><trkpt lat="47.494974" lon="-120.836649"><ele>1701.0</ele><time>2022-08-20T16:21:08Z</time></trkpt><trkpt lat="47.494868" lon="-120.83672"><ele>1698.0</ele><time>2022-08-20T16:21:24Z</time></trkpt><trkpt lat="47.494811" lon="-120.836815"><ele>1698.2</ele><time>2022-08-20T16:21:34Z</time></trkpt><trkpt lat="47.494765" lon="-120.836855"><ele>1698.0</ele><time>2022-08-20T16:21:38Z</time></trkpt><trkpt lat="47.494726" lon="-120.836835"><ele>1698.0</ele><time>2022-08-20T16:21:41Z</time></trkpt><trkpt lat="47.494692" lon="-120.836802"><ele>1698.0</ele><time>2022-08-20T16:21:44Z</time></trkpt><trkpt lat="47.494671" lon="-120.836831"><ele>1696.0</ele><time>2022-08-20T16:21:50Z</time></trkpt><trkpt lat="47.494618" lon="-120.836833"><ele>1696.0</ele><time>2022-08-20T16:22:00Z</time></trkpt><trkpt lat="47.494582" lon="-120.836859"><ele>1696.0</ele><time>2022-08-20T16:22:04Z</time></trkpt><trkpt lat="47.494562" lon="-120.836892"><ele>1697.0</ele><time>2022-08-20T16:22:07Z</time></trkpt><trkpt lat="47.494553" lon="-120.836933"><ele>1696.0</ele><time>2022-08-20T16:22:10Z</time></trkpt><trkpt lat="47.494521" lon="-120.836962"><ele>1696.0</ele><time>2022-08-20T16:22:18Z</time></trkpt><trkpt lat="47.494539" lon="-120.836997"><ele>1696.0</ele><time>2022-08-20T16:22:23Z</time></trkpt><trkpt lat="47.494516" lon="-120.837027"><ele>1697.0</ele><time>2022-08-20T16:22:25Z</time></trkpt><trkpt lat="47.494436" lon="-120.837044"><ele>1696.0</ele><time>2022-08-20T16:22:31Z</time></trkpt><trkpt lat="47.49442" lon="-120.837074"><ele>1698.0</ele><time>2022-08-20T16:22:34Z</time></trkpt><trkpt lat="47.494362" lon="-120.837105"><ele>1700.0</ele><time>2022-08-20T16:22:40Z</time></trkpt><trkpt lat="47.494332" lon="-120.837174"><ele>1703.0</ele><time>2022-08-20T16:22:48Z</time></trkpt><trkpt lat="47.49429" lon="-120.837193"><ele>1700.0</ele><time>2022-08-20T16:22:54Z</time></trkpt><trkpt lat="47.494261" lon="-120.837172"><ele>1701.0</ele><time>2022-08-20T16:22:58Z</time></trkpt><trkpt lat="47.49423" lon="-120.837167"><ele>1704.0</ele><time>2022-08-20T16:23:01Z</time></trkpt><trkpt lat="47.494198" lon="-120.837246"><ele>1706.8</ele><time>2022-08-20T16:23:06Z</time></trkpt><trkpt lat="47.494179" lon="-120.837249"><ele>1706.0</ele><time>2022-08-20T16:23:08Z</time></trkpt><trkpt lat="47.49412" lon="-120.837179"><ele>1703.0</ele><time>2022-08-20T16:23:16Z</time></trkpt><trkpt lat="47.494121" lon="-120.837103"><ele>1704.0</ele><time>2022-08-20T16:23:21Z</time></trkpt><trkpt lat="47.494085" lon="-120.837052"><ele>1704.0</ele><time>2022-08-20T16:23:25Z</time></trkpt><trkpt lat="47.493965" lon="-120.837109"><ele>1706.0</ele><time>2022-08-20T16:23:36Z</time></trkpt><trkpt lat="47.493885" lon="-120.837068"><ele>1704.0</ele><time>2022-08-20T16:23:51Z</time></trkpt><trkpt lat="47.493845" lon="-120.83706"><ele>1703.0</ele><time>2022-08-20T16:23:56Z</time></trkpt><trkpt lat="47.493808" lon="-120.836994"><ele>1705.0</ele><time>2022-08-20T16:24:07Z</time></trkpt><trkpt lat="47.493805" lon="-120.836957"><ele>1706.0</ele><time>2022-08-20T16:24:13Z</time></trkpt><trkpt lat="47.493726" lon="-120.836896"><ele>1710.0</ele><time>2022-08-20T16:24:25Z</time></trkpt><trkpt lat="47.493696" lon="-120.836892"><ele>1708.0</ele><time>2022-08-20T16:24:30Z</time></trkpt><trkpt lat="47.493642" lon="-120.83686"><ele>1708.0</ele><time>2022-08-20T16:24:37Z</time></trkpt><trkpt lat="47.493627" lon="-120.836825"><ele>1708.0</ele><time>2022-08-20T16:24:39Z</time></trkpt><trkpt lat="47.493643" lon="-120.836791"><ele>1708.0</ele><time>2022-08-20T16:24:43Z</time></trkpt><trkpt lat="47.493537" lon="-120.836655"><ele>1707.0</ele><time>2022-08-20T16:25:05Z</time></trkpt><trkpt lat="47.493504" lon="-120.836644"><ele>1708.0</ele><time>2022-08-20T16:25:09Z</time></trkpt><trkpt lat="47.493474" lon="-120.836652"><ele>1705.0</ele><time>2022-08-20T16:25:13Z</time></trkpt><trkpt lat="47.493433" lon="-120.836568"><ele>1704.0</ele><time>2022-08-20T16:25:19Z</time></trkpt><trkpt lat="47.493404" lon="-120.836587"><ele>1704.0</ele><time>2022-08-20T16:25:21Z</time></trkpt><trkpt lat="47.493371" lon="-120.83657"><ele>1704.0</ele><time>2022-08-20T16:25:24Z</time></trkpt><trkpt lat="47.493318" lon="-120.836629"><ele>1704.0</ele><time>2022-08-20T16:25:29Z</time></trkpt><trkpt lat="47.493303" lon="-120.836691"><ele>1702.0</ele><time>2022-08-20T16:25:34Z</time></trkpt><trkpt lat="47.493236" lon="-120.836701"><ele>1704.0</ele><time>2022-08-20T16:25:41Z</time></trkpt><trkpt lat="47.49314" lon="-120.836759"><ele>1704.0</ele><time>2022-08-20T16:25:53Z</time></trkpt><trkpt lat="47.49308" lon="-120.83671"><ele>1705.0</ele><time>2022-08-20T16:26:00Z</time></trkpt><trkpt lat="47.493048" lon="-120.836733"><ele>1704.0</ele><time>2022-08-20T16:26:04Z</time></trkpt><trkpt lat="47.492951" lon="-120.836738"><ele>1704.0</ele><time>2022-08-20T16:26:13Z</time></trkpt><trkpt lat="47.492917" lon="-120.836718"><ele>1704.0</ele><time>2022-08-20T16:26:15Z</time></trkpt><trkpt lat="47.49289" lon="-120.836732"><ele>1704.0</ele><time>2022-08-20T16:26:18Z</time></trkpt><trkpt lat="47.492863" lon="-120.836766"><ele>1704.0</ele><time>2022-08-20T16:26:21Z</time></trkpt><trkpt lat="47.492865" lon="-120.83682"><ele>1705.2</ele><time>2022-08-20T16:26:24Z</time></trkpt><trkpt lat="47.492835" lon="-120.836872"><ele>1704.0</ele><time>2022-08-20T16:26:28Z</time></trkpt><trkpt lat="47.492719" lon="-120.836914"><ele>1703.0</ele><time>2022-08-20T16:26:49Z</time></trkpt><trkpt lat="47.492695" lon="-120.836935"><ele>1700.0</ele><time>2022-08-20T16:26:54Z</time></trkpt><trkpt lat="47.492656" lon="-120.836906"><ele>1700.0</ele><time>2022-08-20T16:26:59Z</time></trkpt><trkpt lat="47.492612" lon="-120.836896"><ele>1698.0</ele><time>2022-08-20T16:27:01Z</time></trkpt><trkpt lat="47.492575" lon="-120.836905"><ele>1700.0</ele><time>2022-08-20T16:27:04Z</time></trkpt><trkpt lat="47.492517" lon="-120.836893"><ele>1701.0</ele><time>2022-08-20T16:27:10Z</time></trkpt><trkpt lat="47.492554" lon="-120.836756"><ele>1702.0</ele><time>2022-08-20T16:27:19Z</time></trkpt><trkpt lat="47.492508" lon="-120.836705"><ele>1704.0</ele><time>2022-08-20T16:27:25Z</time></trkpt><trkpt lat="47.492504" lon="-120.836673"><ele>1703.0</ele><time>2022-08-20T16:27:28Z</time></trkpt><trkpt lat="47.492449" lon="-120.836649"><ele>1701.0</ele><time>2022-08-20T16:27:34Z</time></trkpt><trkpt lat="47.492415" lon="-120.836673"><ele>1700.0</ele><time>2022-08-20T16:27:38Z</time></trkpt><trkpt lat="47.492394" lon="-120.836651"><ele>1701.0</ele><time>2022-08-20T16:27:42Z</time></trkpt><trkpt lat="47.492399" lon="-120.836581"><ele>1701.0</ele><time>2022-08-20T16:27:48Z</time></trkpt><trkpt lat="47.492392" lon="-120.836544"><ele>1700.0</ele><time>2022-08-20T16:27:51Z</time></trkpt><trkpt lat="47.492342" lon="-120.836477"><ele>1702.0</ele><time>2022-08-20T16:28:00Z</time></trkpt><trkpt lat="47.492335" lon="-120.836412"><ele>1704.0</ele><time>2022-08-20T16:28:05Z</time></trkpt><trkpt lat="47.492271" lon="-120.836377"><ele>1704.0</ele><time>2022-08-20T16:28:13Z</time></trkpt><trkpt lat="47.492207" lon="-120.83645"><ele>1704.0</ele><time>2022-08-20T16:28:22Z</time></trkpt><trkpt lat="47.492137" lon="-120.836485"><ele>1701.0</ele><time>2022-08-20T16:28:29Z</time></trkpt><trkpt lat="47.492115" lon="-120.836559"><ele>1705.0</ele><time>2022-08-20T16:28:34Z</time></trkpt><trkpt lat="47.492114" lon="-120.836596"><ele>1704.0</ele><time>2022-08-20T16:28:36Z</time></trkpt><trkpt lat="47.492068" lon="-120.836697"><ele>1704.0</ele><time>2022-08-20T16:28:43Z</time></trkpt><trkpt lat="47.492041" lon="-120.836812"><ele>1708.0</ele><time>2022-08-20T16:28:49Z</time></trkpt><trkpt lat="47.49201" lon="-120.836811"><ele>1709.0</ele><time>2022-08-20T16:28:54Z</time></trkpt><trkpt lat="47.491926" lon="-120.836907"><ele>1712.0</ele><time>2022-08-20T16:29:02Z</time></trkpt><trkpt lat="47.491871" lon="-120.836937"><ele>1712.0</ele><time>2022-08-20T16:29:09Z</time></trkpt><trkpt lat="47.49183" lon="-120.836886"><ele>1711.0</ele><time>2022-08-20T16:29:15Z</time></trkpt><trkpt lat="47.491797" lon="-120.836874"><ele>1710.0</ele><time>2022-08-20T16:29:17Z</time></trkpt><trkpt lat="47.491744" lon="-120.836925"><ele>1711.0</ele><time>2022-08-20T16:29:22Z</time></trkpt><trkpt lat="47.491684" lon="-120.83696"><ele>1713.0</ele><time>2022-08-20T16:29:29Z</time></trkpt><trkpt lat="47.491652" lon="-120.837065"><ele>1712.0</ele><time>2022-08-20T16:29:36Z</time></trkpt><trkpt lat="47.491633" lon="-120.837095"><ele>1712.0</ele><time>2022-08-20T16:29:38Z</time></trkpt><trkpt lat="47.491569" lon="-120.837093"><ele>1712.0</ele><time>2022-08-20T16:29:43Z</time></trkpt><trkpt lat="47.491521" lon="-120.837108"><ele>1712.0</ele><time>2022-08-20T16:29:50Z</time></trkpt><trkpt lat="47.491473" lon="-120.837098"><ele>1712.0</ele><time>2022-08-20T16:29:55Z</time></trkpt><trkpt lat="47.491411" lon="-120.837024"><ele>1708.0</ele><time>2022-08-20T16:30:05Z</time></trkpt><trkpt lat="47.491328" lon="-120.837014"><ele>1704.0</ele><time>2022-08-20T16:30:18Z</time></trkpt><trkpt lat="47.491304" lon="-120.837048"><ele>1706.0</ele><time>2022-08-20T16:30:23Z</time></trkpt><trkpt lat="47.491296" lon="-120.837088"><ele>1706.0</ele><time>2022-08-20T16:30:25Z</time></trkpt><trkpt lat="47.491259" lon="-120.837144"><ele>1704.0</ele><time>2022-08-20T16:30:31Z</time></trkpt><trkpt lat="47.491223" lon="-120.837226"><ele>1705.0</ele><time>2022-08-20T16:30:37Z</time></trkpt><trkpt lat="47.49116" lon="-120.837256"><ele>1705.0</ele><time>2022-08-20T16:30:46Z</time></trkpt><trkpt lat="47.491131" lon="-120.837241"><ele>1707.0</ele><time>2022-08-20T16:30:49Z</time></trkpt><trkpt lat="47.491094" lon="-120.837262"><ele>1706.0</ele><time>2022-08-20T16:30:53Z</time></trkpt><trkpt lat="47.491054" lon="-120.837267"><ele>1705.0</ele><time>2022-08-20T16:31:00Z</time></trkpt><trkpt lat="47.491042" lon="-120.837322"><ele>1705.3</ele><time>2022-08-20T16:31:02Z</time></trkpt><trkpt lat="47.491008" lon="-120.837303"><ele>1704.0</ele><time>2022-08-20T16:31:04Z</time></trkpt><trkpt lat="47.490963" lon="-120.837344"><ele>1704.0</ele><time>2022-08-20T16:31:07Z</time></trkpt><trkpt lat="47.490906" lon="-120.837487"><ele>1705.0</ele><time>2022-08-20T16:31:17Z</time></trkpt><trkpt lat="47.490843" lon="-120.837515"><ele>1707.0</ele><time>2022-08-20T16:31:23Z</time></trkpt><trkpt lat="47.490766" lon="-120.837592"><ele>1707.0</ele><time>2022-08-20T16:31:30Z</time></trkpt><trkpt lat="47.490708" lon="-120.83768"><ele>1710.0</ele><time>2022-08-20T16:31:37Z</time></trkpt><trkpt lat="47.490599" lon="-120.837651"><ele>1712.0</ele><time>2022-08-20T16:31:44Z</time></trkpt><trkpt lat="47.490572" lon="-120.837684"><ele>1713.0</ele><time>2022-08-20T16:31:46Z</time></trkpt><trkpt lat="47.490503" lon="-120.837652"><ele>1713.0</ele><time>2022-08-20T16:31:53Z</time></trkpt><trkpt lat="47.490489" lon="-120.8376"><ele>1710.0</ele><time>2022-08-20T16:31:56Z</time></trkpt><trkpt lat="47.490455" lon="-120.837589"><ele>1710.0</ele><time>2022-08-20T16:31:59Z</time></trkpt><trkpt lat="47.490415" lon="-120.837593"><ele>1711.0</ele><time>2022-08-20T16:32:03Z</time></trkpt><trkpt lat="47.49037" lon="-120.837642"><ele>1713.0</ele><time>2022-08-20T16:32:11Z</time></trkpt><trkpt lat="47.490335" lon="-120.837645"><ele>1714.0</ele><time>2022-08-20T16:32:14Z</time></trkpt><trkpt lat="47.490274" lon="-120.837768"><ele>1710.0</ele><time>2022-08-20T16:32:27Z</time></trkpt><trkpt lat="47.490248" lon="-120.837786"><ele>1711.0</ele><time>2022-08-20T16:32:29Z</time></trkpt><trkpt lat="47.490173" lon="-120.837759"><ele>1713.2</ele><time>2022-08-20T16:32:38Z</time></trkpt><trkpt lat="47.490139" lon="-120.837772"><ele>1713.0</ele><time>2022-08-20T16:32:39Z</time></trkpt><trkpt lat="47.490104" lon="-120.837825"><ele>1712.0</ele><time>2022-08-20T16:32:44Z</time></trkpt><trkpt lat="47.490074" lon="-120.837842"><ele>1712.0</ele><time>2022-08-20T16:32:47Z</time></trkpt><trkpt lat="47.490038" lon="-120.837838"><ele>1713.0</ele><time>2022-08-20T16:32:51Z</time></trkpt><trkpt lat="47.490001" lon="-120.837856"><ele>1716.0</ele><time>2022-08-20T16:32:55Z</time></trkpt><trkpt lat="47.489973" lon="-120.837826"><ele>1718.0</ele><time>2022-08-20T16:32:59Z</time></trkpt><trkpt lat="47.489953" lon="-120.837888"><ele>1718.0</ele><time>2022-08-20T16:33:06Z</time></trkpt><trkpt lat="47.489879" lon="-120.837923"><ele>1720.0</ele><time>2022-08-20T16:33:14Z</time></trkpt><trkpt lat="47.489845" lon="-120.837968"><ele>1721.0</ele><time>2022-08-20T16:33:20Z</time></trkpt><trkpt lat="47.48978" lon="-120.837968"><ele>1724.0</ele><time>2022-08-20T16:33:30Z</time></trkpt><trkpt lat="47.489707" lon="-120.837944"><ele>1721.0</ele><time>2022-08-20T16:33:42Z</time></trkpt><trkpt lat="47.489673" lon="-120.837965"><ele>1722.0</ele><time>2022-08-20T16:33:44Z</time></trkpt><trkpt lat="47.489655" lon="-120.837992"><ele>1720.0</ele><time>2022-08-20T16:33:48Z</time></trkpt><trkpt lat="47.489623" lon="-120.838003"><ele>1720.0</ele><time>2022-08-20T16:33:53Z</time></trkpt><trkpt lat="47.489564" lon="-120.83797"><ele>1719.0</ele><time>2022-08-20T16:33:59Z</time></trkpt><trkpt lat="47.489502" lon="-120.837951"><ele>1710.0</ele><time>2022-08-20T16:34:08Z</time></trkpt><trkpt lat="47.489479" lon="-120.837981"><ele>1714.0</ele><time>2022-08-20T16:34:14Z</time></trkpt><trkpt lat="47.489451" lon="-120.837967"><ele>1715.0</ele><time>2022-08-20T16:34:18Z</time></trkpt><trkpt lat="47.48941" lon="-120.838026"><ele>1712.0</ele><time>2022-08-20T16:34:23Z</time></trkpt><trkpt lat="47.489384" lon="-120.838042"><ele>1710.0</ele><time>2022-08-20T16:34:29Z</time></trkpt><trkpt lat="47.489347" lon="-120.838055"><ele>1707.0</ele><time>2022-08-20T16:34:36Z</time></trkpt><trkpt lat="47.48933" lon="-120.838029"><ele>1705.0</ele><time>2022-08-20T16:34:43Z</time></trkpt><trkpt lat="47.489273" lon="-120.838087"><ele>1706.0</ele><time>2022-08-20T16:34:58Z</time></trkpt><trkpt lat="47.489256" lon="-120.838071"><ele>1709.0</ele><time>2022-08-20T16:35:15Z</time></trkpt><trkpt lat="47.489232" lon="-120.837997"><ele>1704.0</ele><time>2022-08-20T16:36:09Z</time></trkpt><trkpt lat="47.489254" lon="-120.838061"><ele>1704.0</ele><time>2022-08-20T16:36:20Z</time></trkpt><trkpt lat="47.489288" lon="-120.838098"><ele>1705.0</ele><time>2022-08-20T16:36:30Z</time></trkpt><trkpt lat="47.48923" lon="-120.838016"><ele>1702.0</ele><time>2022-08-20T16:37:30Z</time></trkpt><trkpt lat="47.489251" lon="-120.837999"><ele>1705.0</ele><time>2022-08-20T16:37:43Z</time></trkpt><trkpt lat="47.48925" lon="-120.838031"><ele>1701.0</ele><time>2022-08-20T16:37:52Z</time></trkpt><trkpt lat="47.489239" lon="-120.837997"><ele>1698.0</ele><time>2022-08-20T16:38:01Z</time></trkpt><trkpt lat="47.489171" lon="-120.838048"><ele>1698.0</ele><time>2022-08-20T16:38:24Z</time></trkpt><trkpt lat="47.489135" lon="-120.838064"><ele>1694.0</ele><time>2022-08-20T16:38:42Z</time></trkpt><trkpt lat="47.489125" lon="-120.838011"><ele>1694.0</ele><time>2022-08-20T16:39:02Z</time></trkpt><trkpt lat="47.489088" lon="-120.838044"><ele>1695.0</ele><time>2022-08-20T16:39:07Z</time></trkpt><trkpt lat="47.489053" lon="-120.837989"><ele>1696.0</ele><time>2022-08-20T16:39:13Z</time></trkpt><trkpt lat="47.489022" lon="-120.837975"><ele>1692.0</ele><time>2022-08-20T16:39:25Z</time></trkpt><trkpt lat="47.488985" lon="-120.83793"><ele>1693.0</ele><time>2022-08-20T16:39:38Z</time></trkpt><trkpt lat="47.488895" lon="-120.83791"><ele>1695.0</ele><time>2022-08-20T16:40:05Z</time></trkpt><trkpt lat="47.488838" lon="-120.837885"><ele>1695.0</ele><time>2022-08-20T16:40:13Z</time></trkpt><trkpt lat="47.488793" lon="-120.837889"><ele>1696.0</ele><time>2022-08-20T16:40:20Z</time></trkpt><trkpt lat="47.488777" lon="-120.837978"><ele>1698.0</ele><time>2022-08-20T16:40:27Z</time></trkpt><trkpt lat="47.488727" lon="-120.837986"><ele>1700.0</ele><time>2022-08-20T16:40:35Z</time></trkpt><trkpt lat="47.488687" lon="-120.837848"><ele>1700.0</ele><time>2022-08-20T16:40:58Z</time></trkpt><trkpt lat="47.488616" lon="-120.837725"><ele>1705.0</ele><time>2022-08-20T16:41:15Z</time></trkpt><trkpt lat="47.488585" lon="-120.837689"><ele>1701.0</ele><time>2022-08-20T16:41:21Z</time></trkpt><trkpt lat="47.48856" lon="-120.83762"><ele>1701.0</ele><time>2022-08-20T16:41:30Z</time></trkpt><trkpt lat="47.488539" lon="-120.837593"><ele>1708.0</ele><time>2022-08-20T16:41:35Z</time></trkpt><trkpt lat="47.488523" lon="-120.837513"><ele>1710.0</ele><time>2022-08-20T16:41:43Z</time></trkpt><trkpt lat="47.488529" lon="-120.837445"><ele>1706.0</ele><time>2022-08-20T16:41:59Z</time></trkpt><trkpt lat="47.488485" lon="-120.8374"><ele>1711.0</ele><time>2022-08-20T16:42:09Z</time></trkpt><trkpt lat="47.488415" lon="-120.837207"><ele>1708.0</ele><time>2022-08-20T16:42:28Z</time></trkpt><trkpt lat="47.488414" lon="-120.837142"><ele>1710.0</ele><time>2022-08-20T16:42:34Z</time></trkpt><trkpt lat="47.488403" lon="-120.837105"><ele>1712.0</ele><time>2022-08-20T16:42:41Z</time></trkpt><trkpt lat="47.488375" lon="-120.837091"><ele>1710.0</ele><time>2022-08-20T16:42:53Z</time></trkpt><trkpt lat="47.48834" lon="-120.837047"><ele>1711.0</ele><time>2022-08-20T16:43:39Z</time></trkpt><trkpt lat="47.48833" lon="-120.837018"><ele>1711.0</ele><time>2022-08-20T16:45:14Z</time></trkpt><trkpt lat="47.488358" lon="-120.837027"><ele>1707.0</ele><time>2022-08-20T16:46:27Z</time></trkpt><trkpt lat="47.488379" lon="-120.837065"><ele>1700.0</ele><time>2022-08-20T16:46:43Z</time></trkpt><trkpt lat="47.488423" lon="-120.837038"><ele>1701.0</ele><time>2022-08-20T16:47:22Z</time></trkpt><trkpt lat="47.488398" lon="-120.837073"><ele>1700.0</ele><time>2022-08-20T16:48:05Z</time></trkpt><trkpt lat="47.488397" lon="-120.837142"><ele>1699.0</ele><time>2022-08-20T16:48:24Z</time></trkpt><trkpt lat="47.488416" lon="-120.837097"><ele>1696.0</ele><time>2022-08-20T16:48:34Z</time></trkpt><trkpt lat="47.488402" lon="-120.837056"><ele>1696.0</ele><time>2022-08-20T16:48:47Z</time></trkpt><trkpt lat="47.488375" lon="-120.837089"><ele>1698.0</ele><time>2022-08-20T16:48:59Z</time></trkpt><trkpt lat="47.488325" lon="-120.837044"><ele>1695.0</ele><time>2022-08-20T16:52:03Z</time></trkpt><trkpt lat="47.488356" lon="-120.836945"><ele>1698.0</ele><time>2022-08-20T16:57:16Z</time></trkpt><trkpt lat="47.488359" lon="-120.836877"><ele>1697.0</ele><time>2022-08-20T16:57:23Z</time></trkpt><trkpt lat="47.488319" lon="-120.836794"><ele>1697.0</ele><time>2022-08-20T16:57:30Z</time></trkpt><trkpt lat="47.488328" lon="-120.836547"><ele>1695.0</ele><time>2022-08-20T16:57:59Z</time></trkpt><trkpt lat="47.488274" lon="-120.836466"><ele>1698.3</ele><time>2022-08-20T16:58:12Z</time></trkpt><trkpt lat="47.488273" lon="-120.836428"><ele>1696.0</ele><time>2022-08-20T16:58:17Z</time></trkpt><trkpt lat="47.488255" lon="-120.836394"><ele>1696.0</ele><time>2022-08-20T16:58:21Z</time></trkpt><trkpt lat="47.488249" lon="-120.836353"><ele>1695.0</ele><time>2022-08-20T16:58:27Z</time></trkpt><trkpt lat="47.4883" lon="-120.836384"><ele>1692.0</ele><time>2022-08-20T16:58:45Z</time></trkpt><trkpt lat="47.488322" lon="-120.836336"><ele>1694.0</ele><time>2022-08-20T16:58:55Z</time></trkpt><trkpt lat="47.488287" lon="-120.836257"><ele>1692.0</ele><time>2022-08-20T16:59:07Z</time></trkpt><trkpt lat="47.488282" lon="-120.836178"><ele>1688.0</ele><time>2022-08-20T16:59:17Z</time></trkpt><trkpt lat="47.488248" lon="-120.836067"><ele>1692.0</ele><time>2022-08-20T16:59:29Z</time></trkpt><trkpt lat="47.48825" lon="-120.835991"><ele>1693.0</ele><time>2022-08-20T16:59:35Z</time></trkpt><trkpt lat="47.488218" lon="-120.835869"><ele>1696.0</ele><time>2022-08-20T16:59:48Z</time></trkpt><trkpt lat="47.488169" lon="-120.835833"><ele>1698.0</ele><time>2022-08-20T16:59:53Z</time></trkpt><trkpt lat="47.488167" lon="-120.835725"><ele>1693.0</ele><time>2022-08-20T17:00:14Z</time></trkpt><trkpt lat="47.488187" lon="-120.83568"><ele>1699.5</ele><time>2022-08-20T17:00:22Z</time></trkpt><trkpt lat="47.488155" lon="-120.835682"><ele>1699.4</ele><time>2022-08-20T17:00:23Z</time></trkpt><trkpt lat="47.488154" lon="-120.835623"><ele>1698.0</ele><time>2022-08-20T17:00:27Z</time></trkpt><trkpt lat="47.488054" lon="-120.835506"><ele>1695.0</ele><time>2022-08-20T17:00:45Z</time></trkpt><trkpt lat="47.488006" lon="-120.835503"><ele>1696.0</ele><time>2022-08-20T17:00:51Z</time></trkpt><trkpt lat="47.487962" lon="-120.835439"><ele>1697.0</ele><time>2022-08-20T17:01:05Z</time></trkpt><trkpt lat="47.48794" lon="-120.835369"><ele>1698.0</ele><time>2022-08-20T17:01:26Z</time></trkpt><trkpt lat="47.487918" lon="-120.83537"><ele>1700.0</ele><time>2022-08-20T17:01:30Z</time></trkpt><trkpt lat="47.48791" lon="-120.835329"><ele>1700.0</ele><time>2022-08-20T17:01:35Z</time></trkpt><trkpt lat="47.48788" lon="-120.835297"><ele>1700.0</ele><time>2022-08-20T17:01:41Z</time></trkpt><trkpt lat="47.487821" lon="-120.835272"><ele>1701.0</ele><time>2022-08-20T17:01:52Z</time></trkpt><trkpt lat="47.487775" lon="-120.835213"><ele>1701.0</ele><time>2022-08-20T17:02:01Z</time></trkpt><trkpt lat="47.487754" lon="-120.835146"><ele>1700.0</ele><time>2022-08-20T17:02:09Z</time></trkpt><trkpt lat="47.487759" lon="-120.835078"><ele>1699.0</ele><time>2022-08-20T17:02:13Z</time></trkpt><trkpt lat="47.487748" lon="-120.835058"><ele>1697.0</ele><time>2022-08-20T17:02:17Z</time></trkpt><trkpt lat="47.487766" lon="-120.834973"><ele>1698.0</ele><time>2022-08-20T17:02:27Z</time></trkpt><trkpt lat="47.487736" lon="-120.834914"><ele>1700.0</ele><time>2022-08-20T17:02:32Z</time></trkpt><trkpt lat="47.487734" lon="-120.834883"><ele>1700.0</ele><time>2022-08-20T17:02:34Z</time></trkpt><trkpt lat="47.487747" lon="-120.834846"><ele>1700.0</ele><time>2022-08-20T17:02:36Z</time></trkpt><trkpt lat="47.487743" lon="-120.834812"><ele>1700.0</ele><time>2022-08-20T17:02:39Z</time></trkpt><trkpt lat="47.487759" lon="-120.834781"><ele>1701.0</ele><time>2022-08-20T17:02:43Z</time></trkpt><trkpt lat="47.487769" lon="-120.834722"><ele>1701.0</ele><time>2022-08-20T17:02:49Z</time></trkpt><trkpt lat="47.487763" lon="-120.834638"><ele>1700.0</ele><time>2022-08-20T17:02:55Z</time></trkpt><trkpt lat="47.487827" lon="-120.834629"><ele>1698.0</ele><time>2022-08-20T17:03:02Z</time></trkpt><trkpt lat="47.487879" lon="-120.834558"><ele>1696.0</ele><time>2022-08-20T17:03:08Z</time></trkpt><trkpt lat="47.487891" lon="-120.834521"><ele>1697.0</ele><time>2022-08-20T17:03:10Z</time></trkpt><trkpt lat="47.487875" lon="-120.834396"><ele>1698.0</ele><time>2022-08-20T17:03:16Z</time></trkpt><trkpt lat="47.487897" lon="-120.834326"><ele>1698.0</ele><time>2022-08-20T17:03:20Z</time></trkpt><trkpt lat="47.487868" lon="-120.834306"><ele>1698.0</ele><time>2022-08-20T17:03:23Z</time></trkpt><trkpt lat="47.487848" lon="-120.834268"><ele>1699.0</ele><time>2022-08-20T17:03:26Z</time></trkpt><trkpt lat="47.487854" lon="-120.834196"><ele>1699.0</ele><time>2022-08-20T17:03:30Z</time></trkpt><trkpt lat="47.487798" lon="-120.834152"><ele>1700.0</ele><time>2022-08-20T17:03:37Z</time></trkpt><trkpt lat="47.487778" lon="-120.834116"><ele>1701.0</ele><time>2022-08-20T17:03:41Z</time></trkpt><trkpt lat="47.487782" lon="-120.834081"><ele>1701.0</ele><time>2022-08-20T17:03:44Z</time></trkpt><trkpt lat="47.487772" lon="-120.834045"><ele>1702.0</ele><time>2022-08-20T17:03:47Z</time></trkpt><trkpt lat="47.487738" lon="-120.833989"><ele>1701.0</ele><time>2022-08-20T17:03:52Z</time></trkpt><trkpt lat="47.487711" lon="-120.833962"><ele>1703.0</ele><time>2022-08-20T17:03:55Z</time></trkpt><trkpt lat="47.4877" lon="-120.833928"><ele>1702.0</ele><time>2022-08-20T17:03:58Z</time></trkpt><trkpt lat="47.487716" lon="-120.833876"><ele>1704.0</ele><time>2022-08-20T17:04:01Z</time></trkpt><trkpt lat="47.487715" lon="-120.83384"><ele>1704.0</ele><time>2022-08-20T17:04:04Z</time></trkpt><trkpt lat="47.487685" lon="-120.833848"><ele>1704.0</ele><time>2022-08-20T17:04:07Z</time></trkpt><trkpt lat="47.487655" lon="-120.833826"><ele>1706.0</ele><time>2022-08-20T17:04:10Z</time></trkpt><trkpt lat="47.487613" lon="-120.833829"><ele>1705.0</ele><time>2022-08-20T17:04:11Z</time></trkpt><trkpt lat="47.48764" lon="-120.833536"><ele>1706.0</ele><time>2022-08-20T17:04:30Z</time></trkpt><trkpt lat="47.487607" lon="-120.833396"><ele>1705.0</ele><time>2022-08-20T17:04:38Z</time></trkpt><trkpt lat="47.487576" lon="-120.833363"><ele>1706.7</ele><time>2022-08-20T17:04:42Z</time></trkpt><trkpt lat="47.487529" lon="-120.83328"><ele>1708.0</ele><time>2022-08-20T17:04:52Z</time></trkpt><trkpt lat="47.487519" lon="-120.833179"><ele>1707.0</ele><time>2022-08-20T17:04:59Z</time></trkpt><trkpt lat="47.487486" lon="-120.833166"><ele>1708.0</ele><time>2022-08-20T17:05:03Z</time></trkpt><trkpt lat="47.487449" lon="-120.833195"><ele>1708.0</ele><time>2022-08-20T17:05:07Z</time></trkpt><trkpt lat="47.487374" lon="-120.833181"><ele>1710.0</ele><time>2022-08-20T17:05:14Z</time></trkpt><trkpt lat="47.487374" lon="-120.833143"><ele>1712.0</ele><time>2022-08-20T17:05:17Z</time></trkpt><trkpt lat="47.487407" lon="-120.833028"><ele>1712.0</ele><time>2022-08-20T17:05:23Z</time></trkpt><trkpt lat="47.487365" lon="-120.832942"><ele>1715.3</ele><time>2022-08-20T17:05:33Z</time></trkpt><trkpt lat="47.487367" lon="-120.832896"><ele>1713.0</ele><time>2022-08-20T17:05:37Z</time></trkpt><trkpt lat="47.487385" lon="-120.832855"><ele>1709.0</ele><time>2022-08-20T17:05:44Z</time></trkpt><trkpt lat="47.487416" lon="-120.832834"><ele>1710.0</ele><time>2022-08-20T17:05:50Z</time></trkpt><trkpt lat="47.487479" lon="-120.832831"><ele>1712.0</ele><time>2022-08-20T17:05:56Z</time></trkpt><trkpt lat="47.487508" lon="-120.832802"><ele>1712.0</ele><time>2022-08-20T17:05:59Z</time></trkpt><trkpt lat="47.487502" lon="-120.832763"><ele>1712.0</ele><time>2022-08-20T17:06:03Z</time></trkpt><trkpt lat="47.487462" lon="-120.832658"><ele>1715.0</ele><time>2022-08-20T17:06:13Z</time></trkpt><trkpt lat="47.487457" lon="-120.832611"><ele>1716.0</ele><time>2022-08-20T17:06:19Z</time></trkpt><trkpt lat="47.487499" lon="-120.832532"><ele>1716.0</ele><time>2022-08-20T17:06:31Z</time></trkpt><trkpt lat="47.487528" lon="-120.832504"><ele>1715.0</ele><time>2022-08-20T17:06:36Z</time></trkpt><trkpt lat="47.487508" lon="-120.832446"><ele>1716.0</ele><time>2022-08-20T17:06:45Z</time></trkpt><trkpt lat="47.487524" lon="-120.832309"><ele>1716.0</ele><time>2022-08-20T17:07:01Z</time></trkpt><trkpt lat="47.487518" lon="-120.832253"><ele>1716.0</ele><time>2022-08-20T17:07:07Z</time></trkpt><trkpt lat="47.487484" lon="-120.832227"><ele>1719.0</ele><time>2022-08-20T17:07:13Z</time></trkpt><trkpt lat="47.487504" lon="-120.8321"><ele>1720.0</ele><time>2022-08-20T17:07:28Z</time></trkpt><trkpt lat="47.487528" lon="-120.83207"><ele>1723.0</ele><time>2022-08-20T17:07:33Z</time></trkpt><trkpt lat="47.487525" lon="-120.831961"><ele>1723.0</ele><time>2022-08-20T17:07:49Z</time></trkpt><trkpt lat="47.487499" lon="-120.831922"><ele>1725.0</ele><time>2022-08-20T17:08:00Z</time></trkpt><trkpt lat="47.487475" lon="-120.831806"><ele>1728.0</ele><time>2022-08-20T17:08:22Z</time></trkpt><trkpt lat="47.487417" lon="-120.831801"><ele>1728.0</ele><time>2022-08-20T17:08:34Z</time></trkpt><trkpt lat="47.487387" lon="-120.83176"><ele>1734.0</ele><time>2022-08-20T17:08:51Z</time></trkpt><trkpt lat="47.487367" lon="-120.831691"><ele>1735.0</ele><time>2022-08-20T17:09:16Z</time></trkpt><trkpt lat="47.487376" lon="-120.831638"><ele>1737.0</ele><time>2022-08-20T17:09:22Z</time></trkpt><trkpt lat="47.487373" lon="-120.831511"><ele>1740.0</ele><time>2022-08-20T17:09:38Z</time></trkpt><trkpt lat="47.487341" lon="-120.831406"><ele>1741.0</ele><time>2022-08-20T17:10:01Z</time></trkpt><trkpt lat="47.487288" lon="-120.831407"><ele>1746.0</ele><time>2022-08-20T17:10:08Z</time></trkpt><trkpt lat="47.487304" lon="-120.831369"><ele>1746.0</ele><time>2022-08-20T17:10:14Z</time></trkpt><trkpt lat="47.487288" lon="-120.831387"><ele>1746.0</ele><time>2022-08-20T17:10:19Z</time></trkpt><trkpt lat="47.487249" lon="-120.831367"><ele>1742.0</ele><time>2022-08-20T17:10:29Z</time></trkpt><trkpt lat="47.487218" lon="-120.831313"><ele>1752.0</ele><time>2022-08-20T17:10:43Z</time></trkpt><trkpt lat="47.487257" lon="-120.831256"><ele>1752.0</ele><time>2022-08-20T17:10:49Z</time></trkpt><trkpt lat="47.487287" lon="-120.831231"><ele>1750.0</ele><time>2022-08-20T17:10:56Z</time></trkpt><trkpt lat="47.487271" lon="-120.831153"><ele>1760.0</ele><time>2022-08-20T17:11:48Z</time></trkpt><trkpt lat="47.487291" lon="-120.831101"><ele>1758.0</ele><time>2022-08-20T17:11:53Z</time></trkpt><trkpt lat="47.487295" lon="-120.831026"><ele>1755.0</ele><time>2022-08-20T17:12:01Z</time></trkpt><trkpt lat="47.487315" lon="-120.83096"><ele>1757.0</ele><time>2022-08-20T17:12:11Z</time></trkpt><trkpt lat="47.487296" lon="-120.83092"><ele>1758.0</ele><time>2022-08-20T17:12:19Z</time></trkpt><trkpt lat="47.487292" lon="-120.830838"><ele>1764.0</ele><time>2022-08-20T17:12:31Z</time></trkpt><trkpt lat="47.487245" lon="-120.830809"><ele>1765.0</ele><time>2022-08-20T17:12:46Z</time></trkpt><trkpt lat="47.487233" lon="-120.830768"><ele>1764.0</ele><time>2022-08-20T17:12:56Z</time></trkpt><trkpt lat="47.48717" lon="-120.830754"><ele>1769.0</ele><time>2022-08-20T17:13:10Z</time></trkpt><trkpt lat="47.487184" lon="-120.830714"><ele>1770.0</ele><time>2022-08-20T17:13:20Z</time></trkpt><trkpt lat="47.487166" lon="-120.83057"><ele>1768.0</ele><time>2022-08-20T17:13:51Z</time></trkpt><trkpt lat="47.487206" lon="-120.830525"><ele>1772.0</ele><time>2022-08-20T17:14:11Z</time></trkpt><trkpt lat="47.487189" lon="-120.830428"><ele>1776.0</ele><time>2022-08-20T17:14:27Z</time></trkpt><trkpt lat="47.487199" lon="-120.830357"><ele>1779.0</ele><time>2022-08-20T17:14:40Z</time></trkpt><trkpt lat="47.487168" lon="-120.830153"><ele>1785.0</ele><time>2022-08-20T17:15:16Z</time></trkpt><trkpt lat="47.48708" lon="-120.830063"><ele>1788.0</ele><time>2022-08-20T17:15:43Z</time></trkpt><trkpt lat="47.487111" lon="-120.829905"><ele>1791.0</ele><time>2022-08-20T17:16:05Z</time></trkpt><trkpt lat="47.487094" lon="-120.829849"><ele>1794.0</ele><time>2022-08-20T17:16:14Z</time></trkpt><trkpt lat="47.487089" lon="-120.829775"><ele>1792.0</ele><time>2022-08-20T17:16:35Z</time></trkpt><trkpt lat="47.487079" lon="-120.829734"><ele>1796.0</ele><time>2022-08-20T17:16:46Z</time></trkpt><trkpt lat="47.487049" lon="-120.829697"><ele>1796.0</ele><time>2022-08-20T17:16:53Z</time></trkpt><trkpt lat="47.487042" lon="-120.829666"><ele>1798.5</ele><time>2022-08-20T17:16:57Z</time></trkpt><trkpt lat="47.487017" lon="-120.829685"><ele>1798.0</ele><time>2022-08-20T17:17:04Z</time></trkpt><trkpt lat="47.486997" lon="-120.829647"><ele>1800.0</ele><time>2022-08-20T17:17:17Z</time></trkpt><trkpt lat="47.486958" lon="-120.829646"><ele>1804.0</ele><time>2022-08-20T17:17:44Z</time></trkpt><trkpt lat="47.486917" lon="-120.829584"><ele>1806.0</ele><time>2022-08-20T17:17:59Z</time></trkpt><trkpt lat="47.486848" lon="-120.829595"><ele>1808.0</ele><time>2022-08-20T17:18:13Z</time></trkpt><trkpt lat="47.486847" lon="-120.829493"><ele>1814.0</ele><time>2022-08-20T17:18:34Z</time></trkpt><trkpt lat="47.486856" lon="-120.829444"><ele>1813.0</ele><time>2022-08-20T17:18:42Z</time></trkpt><trkpt lat="47.486803" lon="-120.829354"><ele>1814.0</ele><time>2022-08-20T17:19:17Z</time></trkpt><trkpt lat="47.486764" lon="-120.829233"><ele>1815.0</ele><time>2022-08-20T17:19:53Z</time></trkpt><trkpt lat="47.486727" lon="-120.829186"><ele>1824.0</ele><time>2022-08-20T17:20:07Z</time></trkpt><trkpt lat="47.486725" lon="-120.829154"><ele>1824.0</ele><time>2022-08-20T17:20:11Z</time></trkpt><trkpt lat="47.486705" lon="-120.829131"><ele>1824.0</ele><time>2022-08-20T17:20:21Z</time></trkpt><trkpt lat="47.486551" lon="-120.829173"><ele>1836.0</ele><time>2022-08-20T17:21:14Z</time></trkpt><trkpt lat="47.486528" lon="-120.829148"><ele>1836.0</ele><time>2022-08-20T17:21:20Z</time></trkpt><trkpt lat="47.486536" lon="-120.829118"><ele>1837.0</ele><time>2022-08-20T17:21:26Z</time></trkpt><trkpt lat="47.486532" lon="-120.829077"><ele>1836.0</ele><time>2022-08-20T17:21:29Z</time></trkpt><trkpt lat="47.4865" lon="-120.828948"><ele>1836.0</ele><time>2022-08-20T17:22:31Z</time></trkpt><trkpt lat="47.486486" lon="-120.828929"><ele>1844.0</ele><time>2022-08-20T17:22:40Z</time></trkpt><trkpt lat="47.486441" lon="-120.828922"><ele>1841.0</ele><time>2022-08-20T17:22:51Z</time></trkpt><trkpt lat="47.486455" lon="-120.828833"><ele>1845.0</ele><time>2022-08-20T17:23:05Z</time></trkpt><trkpt lat="47.486422" lon="-120.82877"><ele>1847.0</ele><time>2022-08-20T17:23:33Z</time></trkpt><trkpt lat="47.486463" lon="-120.828768"><ele>1851.0</ele><time>2022-08-20T17:24:19Z</time></trkpt><trkpt lat="47.486418" lon="-120.82878"><ele>1851.0</ele><time>2022-08-20T17:25:11Z</time></trkpt><trkpt lat="47.486401" lon="-120.828745"><ele>1848.0</ele><time>2022-08-20T17:25:30Z</time></trkpt><trkpt lat="47.486423" lon="-120.82868"><ele>1848.0</ele><time>2022-08-20T17:25:42Z</time></trkpt><trkpt lat="47.486429" lon="-120.828625"><ele>1852.0</ele><time>2022-08-20T17:25:57Z</time></trkpt><trkpt lat="47.486412" lon="-120.828641"><ele>1845.0</ele><time>2022-08-20T17:26:15Z</time></trkpt><trkpt lat="47.486378" lon="-120.828587"><ele>1856.0</ele><time>2022-08-20T17:26:31Z</time></trkpt><trkpt lat="47.486395" lon="-120.828554"><ele>1856.0</ele><time>2022-08-20T17:26:35Z</time></trkpt><trkpt lat="47.486395" lon="-120.828486"><ele>1856.0</ele><time>2022-08-20T17:26:44Z</time></trkpt><trkpt lat="47.486416" lon="-120.828444"><ele>1854.0</ele><time>2022-08-20T17:26:53Z</time></trkpt><trkpt lat="47.486418" lon="-120.828408"><ele>1856.0</ele><time>2022-08-20T17:27:10Z</time></trkpt><trkpt lat="47.486379" lon="-120.82844"><ele>1860.0</ele><time>2022-08-20T17:27:18Z</time></trkpt><trkpt lat="47.486368" lon="-120.82841"><ele>1860.0</ele><time>2022-08-20T17:27:22Z</time></trkpt><trkpt lat="47.486338" lon="-120.828409"><ele>1861.0</ele><time>2022-08-20T17:27:29Z</time></trkpt><trkpt lat="47.486336" lon="-120.828376"><ele>1863.0</ele><time>2022-08-20T17:27:36Z</time></trkpt><trkpt lat="47.486321" lon="-120.828361"><ele>1862.0</ele><time>2022-08-20T17:27:43Z</time></trkpt><trkpt lat="47.48632" lon="-120.828269"><ele>1863.0</ele><time>2022-08-20T17:28:06Z</time></trkpt><trkpt lat="47.486285" lon="-120.828215"><ele>1867.0</ele><time>2022-08-20T17:28:22Z</time></trkpt><trkpt lat="47.486225" lon="-120.828192"><ele>1870.0</ele><time>2022-08-20T17:28:39Z</time></trkpt><trkpt lat="47.486185" lon="-120.828206"><ele>1869.0</ele><time>2022-08-20T17:28:45Z</time></trkpt><trkpt lat="47.486196" lon="-120.828087"><ele>1872.0</ele><time>2022-08-20T17:29:11Z</time></trkpt><trkpt lat="47.486185" lon="-120.828107"><ele>1873.0</ele><time>2022-08-20T17:29:18Z</time></trkpt><trkpt lat="47.486182" lon="-120.828006"><ele>1878.0</ele><time>2022-08-20T17:29:36Z</time></trkpt><trkpt lat="47.486201" lon="-120.827958"><ele>1876.0</ele><time>2022-08-20T17:29:45Z</time></trkpt><trkpt lat="47.486188" lon="-120.827903"><ele>1880.0</ele><time>2022-08-20T17:29:58Z</time></trkpt><trkpt lat="47.486195" lon="-120.827852"><ele>1881.0</ele><time>2022-08-20T17:30:08Z</time></trkpt><trkpt lat="47.486146" lon="-120.827741"><ele>1890.0</ele><time>2022-08-20T17:30:56Z</time></trkpt><trkpt lat="47.486176" lon="-120.827703"><ele>1892.0</ele><time>2022-08-20T17:31:06Z</time></trkpt><trkpt lat="47.486186" lon="-120.827621"><ele>1892.0</ele><time>2022-08-20T17:31:14Z</time></trkpt><trkpt lat="47.486212" lon="-120.827562"><ele>1890.0</ele><time>2022-08-20T17:31:21Z</time></trkpt><trkpt lat="47.486188" lon="-120.82753"><ele>1890.0</ele><time>2022-08-20T17:31:27Z</time></trkpt><trkpt lat="47.48618" lon="-120.827437"><ele>1897.0</ele><time>2022-08-20T17:31:48Z</time></trkpt><trkpt lat="47.486153" lon="-120.827459"><ele>1890.0</ele><time>2022-08-20T17:32:01Z</time></trkpt><trkpt lat="47.486179" lon="-120.827475"><ele>1902.0</ele><time>2022-08-20T17:32:30Z</time></trkpt><trkpt lat="47.486193" lon="-120.82742"><ele>1899.0</ele><time>2022-08-20T17:33:09Z</time></trkpt><trkpt lat="47.486178" lon="-120.827374"><ele>1888.0</ele><time>2022-08-20T17:34:12Z</time></trkpt><trkpt lat="47.486151" lon="-120.827346"><ele>1907.0</ele><time>2022-08-20T17:37:06Z</time></trkpt><trkpt lat="47.486135" lon="-120.827427"><ele>1905.0</ele><time>2022-08-20T17:37:16Z</time></trkpt><trkpt lat="47.486126" lon="-120.827364"><ele>1904.0</ele><time>2022-08-20T17:38:20Z</time></trkpt><trkpt lat="47.486176" lon="-120.827332"><ele>1907.0</ele><time>2022-08-20T17:40:22Z</time></trkpt><trkpt lat="47.486134" lon="-120.827209"><ele>1904.0</ele><time>2022-08-20T17:40:55Z</time></trkpt><trkpt lat="47.486153" lon="-120.827188"><ele>1911.0</ele><time>2022-08-20T17:41:00Z</time></trkpt><trkpt lat="47.486145" lon="-120.827088"><ele>1911.0</ele><time>2022-08-20T17:41:25Z</time></trkpt><trkpt lat="47.486181" lon="-120.827049"><ele>1915.0</ele><time>2022-08-20T17:41:41Z</time></trkpt><trkpt lat="47.486144" lon="-120.827011"><ele>1918.0</ele><time>2022-08-20T17:41:51Z</time></trkpt><trkpt lat="47.486162" lon="-120.826952"><ele>1921.0</ele><time>2022-08-20T17:42:11Z</time></trkpt><trkpt lat="47.48614" lon="-120.826902"><ele>1917.0</ele><time>2022-08-20T17:42:28Z</time></trkpt><trkpt lat="47.486137" lon="-120.82686"><ele>1926.0</ele><time>2022-08-20T17:42:40Z</time></trkpt><trkpt lat="47.48609" lon="-120.826826"><ele>1920.0</ele><time>2022-08-20T17:42:58Z</time></trkpt><trkpt lat="47.486051" lon="-120.82685"><ele>1918.0</ele><time>2022-08-20T17:43:11Z</time></trkpt><trkpt lat="47.486048" lon="-120.826801"><ele>1926.0</ele><time>2022-08-20T17:43:31Z</time></trkpt><trkpt lat="47.486012" lon="-120.826769"><ele>1925.0</ele><time>2022-08-20T17:44:17Z</time></trkpt><trkpt lat="47.486091" lon="-120.826664"><ele>1930.0</ele><time>2022-08-20T17:44:58Z</time></trkpt><trkpt lat="47.486104" lon="-120.826629"><ele>1935.0</ele><time>2022-08-20T17:45:07Z</time></trkpt><trkpt lat="47.48608" lon="-120.826528"><ele>1938.0</ele><time>2022-08-20T17:45:45Z</time></trkpt><trkpt lat="47.486132" lon="-120.826473"><ele>1944.0</ele><time>2022-08-20T17:46:15Z</time></trkpt><trkpt lat="47.486175" lon="-120.826454"><ele>1937.0</ele><time>2022-08-20T17:46:31Z</time></trkpt><trkpt lat="47.486148" lon="-120.826338"><ele>1949.0</ele><time>2022-08-20T17:47:02Z</time></trkpt><trkpt lat="47.48617" lon="-120.826272"><ele>1953.0</ele><time>2022-08-20T17:47:16Z</time></trkpt><trkpt lat="47.486147" lon="-120.826249"><ele>1947.0</ele><time>2022-08-20T17:47:25Z</time></trkpt><trkpt lat="47.486108" lon="-120.826178"><ele>1958.9</ele><time>2022-08-20T17:47:57Z</time></trkpt><trkpt lat="47.486101" lon="-120.826212"><ele>1958.0</ele><time>2022-08-20T17:48:37Z</time></trkpt><trkpt lat="47.486121" lon="-120.82617"><ele>1960.0</ele><time>2022-08-20T17:49:04Z</time></trkpt><trkpt lat="47.486219" lon="-120.826041"><ele>1965.0</ele><time>2022-08-20T17:49:33Z</time></trkpt><trkpt lat="47.486208" lon="-120.826"><ele>1968.0</ele><time>2022-08-20T17:49:37Z</time></trkpt><trkpt lat="47.486234" lon="-120.82599"><ele>1972.4</ele><time>2022-08-20T17:49:43Z</time></trkpt><trkpt lat="47.48617" lon="-120.825901"><ele>1970.0</ele><time>2022-08-20T17:49:52Z</time></trkpt><trkpt lat="47.486208" lon="-120.825848"><ele>1970.0</ele><time>2022-08-20T17:50:01Z</time></trkpt><trkpt lat="47.486211" lon="-120.825816"><ele>1971.0</ele><time>2022-08-20T17:50:09Z</time></trkpt><trkpt lat="47.486191" lon="-120.825763"><ele>1973.0</ele><time>2022-08-20T17:50:27Z</time></trkpt><trkpt lat="47.486181" lon="-120.825795"><ele>1973.0</ele><time>2022-08-20T17:50:53Z</time></trkpt><trkpt lat="47.486199" lon="-120.825767"><ele>1978.0</ele><time>2022-08-20T17:51:16Z</time></trkpt><trkpt lat="47.486156" lon="-120.825716"><ele>1978.0</ele><time>2022-08-20T17:51:25Z</time></trkpt><trkpt lat="47.486159" lon="-120.825672"><ele>1980.0</ele><time>2022-08-20T17:51:31Z</time></trkpt><trkpt lat="47.486121" lon="-120.825646"><ele>1981.0</ele><time>2022-08-20T17:51:39Z</time></trkpt><trkpt lat="47.486076" lon="-120.825654"><ele>1980.0</ele><time>2022-08-20T17:51:48Z</time></trkpt><trkpt lat="47.48605" lon="-120.825612"><ele>1980.0</ele><time>2022-08-20T17:51:56Z</time></trkpt><trkpt lat="47.486017" lon="-120.825626"><ele>1984.0</ele><time>2022-08-20T17:52:27Z</time></trkpt><trkpt lat="47.485955" lon="-120.825616"><ele>1986.0</ele><time>2022-08-20T17:52:49Z</time></trkpt><trkpt lat="47.485931" lon="-120.825563"><ele>1984.0</ele><time>2022-08-20T17:53:01Z</time></trkpt><trkpt lat="47.485994" lon="-120.825416"><ele>2000.0</ele><time>2022-08-20T17:53:46Z</time></trkpt><trkpt lat="47.485997" lon="-120.82538"><ele>1998.0</ele><time>2022-08-20T17:53:54Z</time></trkpt><trkpt lat="47.48598" lon="-120.825355"><ele>1996.0</ele><time>2022-08-20T17:54:01Z</time></trkpt><trkpt lat="47.485903" lon="-120.825334"><ele>2001.0</ele><time>2022-08-20T17:54:38Z</time></trkpt><trkpt lat="47.485859" lon="-120.825342"><ele>2006.0</ele><time>2022-08-20T17:55:08Z</time></trkpt><trkpt lat="47.48589" lon="-120.825365"><ele>1980.0</ele><time>2022-08-20T17:55:35Z</time></trkpt><trkpt lat="47.48589" lon="-120.825382"><ele>2010.0</ele><time>2022-08-20T17:56:01Z</time></trkpt><trkpt lat="47.485901" lon="-120.825329"><ele>2010.0</ele><time>2022-08-20T17:56:18Z</time></trkpt><trkpt lat="47.485884" lon="-120.825349"><ele>2000.0</ele><time>2022-08-20T17:58:54Z</time></trkpt><trkpt lat="47.485884" lon="-120.825305"><ele>2000.0</ele><time>2022-08-20T18:01:18Z</time></trkpt><trkpt lat="47.485849" lon="-120.82527"><ele>2008.0</ele><time>2022-08-20T18:01:29Z</time></trkpt><trkpt lat="47.485869" lon="-120.82524"><ele>2000.0</ele><time>2022-08-20T18:01:42Z</time></trkpt><trkpt lat="47.485847" lon="-120.825219"><ele>2008.0</ele><time>2022-08-20T18:01:54Z</time></trkpt><trkpt lat="47.485851" lon="-120.825128"><ele>2014.0</ele><time>2022-08-20T18:02:24Z</time></trkpt><trkpt lat="47.485836" lon="-120.82507"><ele>2015.0</ele><time>2022-08-20T18:02:43Z</time></trkpt><trkpt lat="47.4858" lon="-120.825099"><ele>2010.0</ele><time>2022-08-20T18:02:57Z</time></trkpt><trkpt lat="47.485731" lon="-120.825082"><ele>2021.0</ele><time>2022-08-20T18:03:31Z</time></trkpt><trkpt lat="47.48571" lon="-120.825031"><ele>2022.0</ele><time>2022-08-20T18:04:00Z</time></trkpt><trkpt lat="47.485704" lon="-120.825068"><ele>2024.0</ele><time>2022-08-20T18:04:28Z</time></trkpt><trkpt lat="47.485682" lon="-120.82503"><ele>2028.0</ele><time>2022-08-20T18:05:07Z</time></trkpt><trkpt lat="47.485693" lon="-120.824982"><ele>2030.8</ele><time>2022-08-20T18:05:20Z</time></trkpt><trkpt lat="47.485659" lon="-120.825025"><ele>2028.0</ele><time>2022-08-20T18:05:27Z</time></trkpt><trkpt lat="47.485626" lon="-120.824992"><ele>2027.0</ele><time>2022-08-20T18:05:52Z</time></trkpt><trkpt lat="47.485603" lon="-120.824954"><ele>2030.0</ele><time>2022-08-20T18:06:08Z</time></trkpt><trkpt lat="47.485605" lon="-120.824928"><ele>2031.0</ele><time>2022-08-20T18:06:17Z</time></trkpt><trkpt lat="47.485545" lon="-120.824945"><ele>2034.0</ele><time>2022-08-20T18:06:38Z</time></trkpt><trkpt lat="47.48552" lon="-120.824837"><ele>2037.0</ele><time>2022-08-20T18:07:27Z</time></trkpt><trkpt lat="47.485483" lon="-120.824814"><ele>2044.0</ele><time>2022-08-20T18:07:59Z</time></trkpt><trkpt lat="47.48547" lon="-120.824853"><ele>2049.0</ele><time>2022-08-20T18:08:12Z</time></trkpt><trkpt lat="47.485421" lon="-120.824807"><ele>2047.0</ele><time>2022-08-20T18:09:03Z</time></trkpt><trkpt lat="47.485458" lon="-120.824864"><ele>2058.0</ele><time>2022-08-20T18:09:59Z</time></trkpt><trkpt lat="47.485498" lon="-120.824839"><ele>2058.0</ele><time>2022-08-20T18:10:32Z</time></trkpt><trkpt lat="47.48551" lon="-120.824755"><ele>2053.0</ele><time>2022-08-20T18:10:47Z</time></trkpt><trkpt lat="47.485491" lon="-120.824712"><ele>2050.0</ele><time>2022-08-20T18:10:52Z</time></trkpt><trkpt lat="47.485487" lon="-120.82463"><ele>2053.0</ele><time>2022-08-20T18:11:03Z</time></trkpt><trkpt lat="47.485445" lon="-120.824661"><ele>2054.0</ele><time>2022-08-20T18:11:12Z</time></trkpt><trkpt lat="47.485469" lon="-120.82463"><ele>2057.0</ele><time>2022-08-20T18:11:19Z</time></trkpt><trkpt lat="47.485448" lon="-120.824593"><ele>2058.0</ele><time>2022-08-20T18:11:25Z</time></trkpt><trkpt lat="47.485406" lon="-120.824601"><ele>2057.0</ele><time>2022-08-20T18:11:33Z</time></trkpt><trkpt lat="47.485383" lon="-120.824633"><ele>2055.0</ele><time>2022-08-20T18:11:45Z</time></trkpt><trkpt lat="47.485362" lon="-120.824615"><ele>2057.0</ele><time>2022-08-20T18:12:02Z</time></trkpt><trkpt lat="47.48533" lon="-120.824624"><ele>2060.0</ele><time>2022-08-20T18:12:20Z</time></trkpt><trkpt lat="47.485348" lon="-120.824587"><ele>2063.0</ele><time>2022-08-20T18:12:26Z</time></trkpt><trkpt lat="47.48535" lon="-120.8245"><ele>2047.0</ele><time>2022-08-20T18:12:49Z</time></trkpt><trkpt lat="47.485264" lon="-120.824433"><ele>2072.0</ele><time>2022-08-20T18:13:41Z</time></trkpt><trkpt lat="47.485299" lon="-120.824374"><ele>2072.0</ele><time>2022-08-20T18:13:52Z</time></trkpt><trkpt lat="47.485263" lon="-120.824341"><ele>2076.0</ele><time>2022-08-20T18:14:04Z</time></trkpt><trkpt lat="47.485269" lon="-120.824275"><ele>2079.0</ele><time>2022-08-20T18:14:23Z</time></trkpt><trkpt lat="47.485248" lon="-120.824317"><ele>2082.0</ele><time>2022-08-20T18:14:31Z</time></trkpt><trkpt lat="47.485265" lon="-120.824345"><ele>2079.0</ele><time>2022-08-20T18:18:08Z</time></trkpt><trkpt lat="47.485217" lon="-120.824325"><ele>2085.1</ele><time>2022-08-20T18:19:02Z</time></trkpt><trkpt lat="47.485193" lon="-120.824349"><ele>2084.0</ele><time>2022-08-20T18:19:08Z</time></trkpt><trkpt lat="47.485168" lon="-120.824284"><ele>2080.0</ele><time>2022-08-20T18:19:29Z</time></trkpt><trkpt lat="47.485083" lon="-120.824322"><ele>2088.0</ele><time>2022-08-20T18:19:56Z</time></trkpt><trkpt lat="47.485069" lon="-120.824248"><ele>2085.0</ele><time>2022-08-20T18:20:20Z</time></trkpt><trkpt lat="47.485082" lon="-120.824109"><ele>2094.0</ele><time>2022-08-20T18:21:04Z</time></trkpt><trkpt lat="47.485048" lon="-120.824103"><ele>2093.0</ele><time>2022-08-20T18:21:12Z</time></trkpt><trkpt lat="47.485015" lon="-120.824071"><ele>2096.0</ele><time>2022-08-20T18:21:24Z</time></trkpt><trkpt lat="47.485041" lon="-120.824023"><ele>2096.0</ele><time>2022-08-20T18:21:45Z</time></trkpt><trkpt lat="47.485025" lon="-120.823967"><ele>2100.0</ele><time>2022-08-20T18:22:01Z</time></trkpt><trkpt lat="47.485001" lon="-120.823934"><ele>2109.0</ele><time>2022-08-20T18:27:02Z</time></trkpt><trkpt lat="47.485001" lon="-120.823871"><ele>2100.0</ele><time>2022-08-20T18:27:34Z</time></trkpt><trkpt lat="47.484983" lon="-120.823914"><ele>2107.0</ele><time>2022-08-20T18:27:46Z</time></trkpt><trkpt lat="47.484985" lon="-120.823953"><ele>2112.0</ele><time>2022-08-20T18:28:13Z</time></trkpt><trkpt lat="47.485014" lon="-120.823875"><ele>2104.0</ele><time>2022-08-20T18:29:07Z</time></trkpt><trkpt lat="47.484953" lon="-120.823875"><ele>2106.0</ele><time>2022-08-20T18:29:23Z</time></trkpt><trkpt lat="47.484941" lon="-120.823863"><ele>2106.0</ele><time>2022-08-20T18:29:26Z</time></trkpt><trkpt lat="47.484948" lon="-120.823825"><ele>2101.0</ele><time>2022-08-20T18:29:36Z</time></trkpt><trkpt lat="47.484868" lon="-120.823765"><ele>2111.0</ele><time>2022-08-20T18:30:13Z</time></trkpt><trkpt lat="47.484894" lon="-120.823785"><ele>2116.0</ele><time>2022-08-20T18:30:26Z</time></trkpt><trkpt lat="47.484885" lon="-120.823751"><ele>2120.0</ele><time>2022-08-20T18:30:45Z</time></trkpt><trkpt lat="47.484893" lon="-120.823711"><ele>2121.0</ele><time>2022-08-20T18:30:49Z</time></trkpt><trkpt lat="47.484863" lon="-120.82378"><ele>2122.0</ele><time>2022-08-20T18:30:51Z</time></trkpt><trkpt lat="47.484848" lon="-120.823734"><ele>2124.0</ele><time>2022-08-20T18:30:54Z</time></trkpt><trkpt lat="47.484794" lon="-120.823719"><ele>2113.0</ele><time>2022-08-20T18:31:09Z</time></trkpt><trkpt lat="47.484804" lon="-120.823698"><ele>2124.0</ele><time>2022-08-20T18:31:19Z</time></trkpt><trkpt lat="47.484685" lon="-120.823567"><ele>2128.0</ele><time>2022-08-20T18:32:11Z</time></trkpt><trkpt lat="47.484701" lon="-120.823506"><ele>2130.0</ele><time>2022-08-20T18:32:25Z</time></trkpt><trkpt lat="47.484635" lon="-120.823521"><ele>2135.0</ele><time>2022-08-20T18:32:35Z</time></trkpt><trkpt lat="47.484602" lon="-120.823565"><ele>2138.0</ele><time>2022-08-20T18:32:42Z</time></trkpt><trkpt lat="47.484592" lon="-120.823601"><ele>2139.0</ele><time>2022-08-20T18:32:46Z</time></trkpt><trkpt lat="47.484557" lon="-120.823578"><ele>2140.0</ele><time>2022-08-20T18:32:59Z</time></trkpt><trkpt lat="47.484523" lon="-120.823634"><ele>2132.0</ele><time>2022-08-20T18:33:11Z</time></trkpt><trkpt lat="47.484477" lon="-120.823634"><ele>2142.0</ele><time>2022-08-20T18:33:30Z</time></trkpt><trkpt lat="47.484437" lon="-120.823586"><ele>2144.0</ele><time>2022-08-20T18:33:54Z</time></trkpt><trkpt lat="47.484364" lon="-120.823566"><ele>2148.0</ele><time>2022-08-20T18:34:36Z</time></trkpt><trkpt lat="47.484288" lon="-120.823502"><ele>2151.0</ele><time>2022-08-20T18:35:19Z</time></trkpt><trkpt lat="47.484256" lon="-120.823522"><ele>2147.0</ele><time>2022-08-20T18:35:41Z</time></trkpt><trkpt lat="47.484219" lon="-120.823506"><ele>2150.0</ele><time>2022-08-20T18:36:06Z</time></trkpt><trkpt lat="47.484219" lon="-120.823478"><ele>2148.0</ele><time>2022-08-20T18:36:22Z</time></trkpt><trkpt lat="47.484177" lon="-120.823417"><ele>2152.0</ele><time>2022-08-20T18:36:54Z</time></trkpt><trkpt lat="47.484161" lon="-120.823414"><ele>2160.0</ele><time>2022-08-20T18:37:03Z</time></trkpt><trkpt lat="47.484167" lon="-120.823357"><ele>2160.0</ele><time>2022-08-20T18:37:34Z</time></trkpt><trkpt lat="47.484158" lon="-120.823307"><ele>2161.0</ele><time>2022-08-20T18:37:53Z</time></trkpt><trkpt lat="47.484124" lon="-120.823277"><ele>2163.0</ele><time>2022-08-20T18:38:08Z</time></trkpt><trkpt lat="47.484086" lon="-120.823291"><ele>2166.0</ele><time>2022-08-20T18:38:34Z</time></trkpt><trkpt lat="47.484081" lon="-120.823246"><ele>2170.0</ele><time>2022-08-20T18:38:45Z</time></trkpt><trkpt lat="47.484036" lon="-120.823284"><ele>2167.0</ele><time>2022-08-20T18:38:52Z</time></trkpt><trkpt lat="47.483995" lon="-120.823255"><ele>2160.0</ele><time>2022-08-20T18:39:05Z</time></trkpt><trkpt lat="47.483973" lon="-120.823278"><ele>2172.0</ele><time>2022-08-20T18:39:16Z</time></trkpt><trkpt lat="47.483946" lon="-120.823262"><ele>2175.0</ele><time>2022-08-20T18:39:21Z</time></trkpt><trkpt lat="47.483956" lon="-120.823214"><ele>2175.8</ele><time>2022-08-20T18:39:28Z</time></trkpt><trkpt lat="47.483934" lon="-120.823184"><ele>2175.0</ele><time>2022-08-20T18:40:05Z</time></trkpt><trkpt lat="47.483953" lon="-120.823154"><ele>2183.0</ele><time>2022-08-20T18:40:26Z</time></trkpt><trkpt lat="47.483936" lon="-120.823186"><ele>2170.0</ele><time>2022-08-20T18:40:41Z</time></trkpt><trkpt lat="47.483954" lon="-120.823224"><ele>2180.0</ele><time>2022-08-20T18:40:59Z</time></trkpt><trkpt lat="47.483948" lon="-120.823069"><ele>2179.0</ele><time>2022-08-20T18:41:44Z</time></trkpt><trkpt lat="47.483909" lon="-120.823042"><ele>2187.0</ele><time>2022-08-20T18:41:58Z</time></trkpt><trkpt lat="47.483907" lon="-120.823017"><ele>2186.0</ele><time>2022-08-20T18:42:01Z</time></trkpt><trkpt lat="47.483851" lon="-120.823025"><ele>2188.0</ele><time>2022-08-20T18:42:32Z</time></trkpt><trkpt lat="47.483714" lon="-120.823005"><ele>2189.0</ele><time>2022-08-20T18:44:13Z</time></trkpt><trkpt lat="47.483665" lon="-120.822936"><ele>2190.0</ele><time>2022-08-20T18:45:04Z</time></trkpt><trkpt lat="47.483606" lon="-120.822901"><ele>2193.0</ele><time>2022-08-20T18:45:18Z</time></trkpt><trkpt lat="47.483652" lon="-120.822815"><ele>2196.0</ele><time>2022-08-20T18:45:40Z</time></trkpt><trkpt lat="47.483614" lon="-120.822807"><ele>2197.0</ele><time>2022-08-20T18:45:48Z</time></trkpt><trkpt lat="47.483491" lon="-120.822858"><ele>2204.0</ele><time>2022-08-20T18:46:10Z</time></trkpt><trkpt lat="47.483493" lon="-120.822806"><ele>2204.0</ele><time>2022-08-20T18:46:27Z</time></trkpt><trkpt lat="47.483436" lon="-120.822799"><ele>2202.0</ele><time>2022-08-20T18:46:35Z</time></trkpt><trkpt lat="47.483417" lon="-120.822828"><ele>2205.0</ele><time>2022-08-20T18:46:42Z</time></trkpt><trkpt lat="47.483413" lon="-120.822863"><ele>2205.0</ele><time>2022-08-20T18:46:48Z</time></trkpt><trkpt lat="47.483377" lon="-120.822874"><ele>2203.0</ele><time>2022-08-20T18:46:57Z</time></trkpt><trkpt lat="47.483342" lon="-120.822919"><ele>2202.0</ele><time>2022-08-20T18:47:06Z</time></trkpt><trkpt lat="47.483301" lon="-120.822916"><ele>2205.0</ele><time>2022-08-20T18:47:12Z</time></trkpt><trkpt lat="47.483252" lon="-120.823003"><ele>2204.0</ele><time>2022-08-20T18:47:51Z</time></trkpt><trkpt lat="47.483162" lon="-120.823038"><ele>2205.0</ele><time>2022-08-20T18:48:06Z</time></trkpt><trkpt lat="47.483149" lon="-120.823072"><ele>2205.0</ele><time>2022-08-20T18:48:11Z</time></trkpt><trkpt lat="47.483158" lon="-120.823126"><ele>2208.0</ele><time>2022-08-20T18:48:21Z</time></trkpt><trkpt lat="47.48307" lon="-120.823231"><ele>2215.4</ele><time>2022-08-20T18:49:08Z</time></trkpt><trkpt lat="47.483058" lon="-120.823216"><ele>2215.0</ele><time>2022-08-20T18:49:14Z</time></trkpt><trkpt lat="47.483006" lon="-120.823203"><ele>2221.0</ele><time>2022-08-20T18:58:20Z</time></trkpt><trkpt lat="47.482984" lon="-120.82323"><ele>2219.0</ele><time>2022-08-20T18:58:30Z</time></trkpt><trkpt lat="47.482941" lon="-120.823191"><ele>2226.0</ele><time>2022-08-20T18:58:50Z</time></trkpt><trkpt lat="47.482921" lon="-120.823216"><ele>2228.0</ele><time>2022-08-20T18:58:55Z</time></trkpt><trkpt lat="47.48292" lon="-120.823255"><ele>2224.0</ele><time>2022-08-20T18:59:01Z</time></trkpt><trkpt lat="47.482842" lon="-120.823254"><ele>2230.0</ele><time>2022-08-20T18:59:37Z</time></trkpt><trkpt lat="47.48282" lon="-120.823284"><ele>2232.0</ele><time>2022-08-20T18:59:46Z</time></trkpt><trkpt lat="47.482811" lon="-120.823326"><ele>2233.0</ele><time>2022-08-20T19:00:03Z</time></trkpt><trkpt lat="47.482786" lon="-120.823303"><ele>2240.0</ele><time>2022-08-20T19:00:46Z</time></trkpt><trkpt lat="47.48275" lon="-120.823315"><ele>2240.0</ele><time>2022-08-20T19:01:22Z</time></trkpt><trkpt lat="47.482723" lon="-120.823286"><ele>2246.0</ele><time>2022-08-20T19:01:48Z</time></trkpt><trkpt lat="47.482751" lon="-120.82319"><ele>2245.0</ele><time>2022-08-20T19:02:02Z</time></trkpt><trkpt lat="47.482728" lon="-120.823224"><ele>2246.0</ele><time>2022-08-20T19:02:09Z</time></trkpt><trkpt lat="47.482667" lon="-120.823279"><ele>2246.0</ele><time>2022-08-20T19:02:23Z</time></trkpt><trkpt lat="47.482618" lon="-120.823301"><ele>2249.0</ele><time>2022-08-20T19:02:36Z</time></trkpt><trkpt lat="47.482633" lon="-120.823269"><ele>2248.0</ele><time>2022-08-20T19:02:58Z</time></trkpt><trkpt lat="47.482612" lon="-120.823235"><ele>2255.0</ele><time>2022-08-20T19:03:07Z</time></trkpt><trkpt lat="47.482609" lon="-120.823146"><ele>2256.0</ele><time>2022-08-20T19:03:24Z</time></trkpt><trkpt lat="47.482592" lon="-120.823149"><ele>2259.0</ele><time>2022-08-20T19:03:30Z</time></trkpt><trkpt lat="47.482573" lon="-120.823195"><ele>2259.0</ele><time>2022-08-20T19:03:36Z</time></trkpt><trkpt lat="47.48252" lon="-120.823244"><ele>2259.0</ele><time>2022-08-20T19:03:44Z</time></trkpt><trkpt lat="47.482484" lon="-120.823317"><ele>2260.0</ele><time>2022-08-20T19:04:17Z</time></trkpt><trkpt lat="47.482451" lon="-120.823415"><ele>2254.0</ele><time>2022-08-20T19:05:03Z</time></trkpt><trkpt lat="47.482418" lon="-120.823444"><ele>2255.0</ele><time>2022-08-20T19:06:27Z</time></trkpt><trkpt lat="47.482408" lon="-120.823485"><ele>2260.0</ele><time>2022-08-20T19:07:07Z</time></trkpt><trkpt lat="47.482298" lon="-120.823571"><ele>2263.0</ele><time>2022-08-20T19:07:52Z</time></trkpt><trkpt lat="47.482201" lon="-120.823499"><ele>2271.0</ele><time>2022-08-20T19:08:39Z</time></trkpt><trkpt lat="47.482187" lon="-120.823574"><ele>2268.0</ele><time>2022-08-20T19:08:59Z</time></trkpt><trkpt lat="47.482141" lon="-120.823569"><ele>2278.0</ele><time>2022-08-20T19:09:18Z</time></trkpt><trkpt lat="47.482127" lon="-120.823634"><ele>2277.0</ele><time>2022-08-20T19:09:40Z</time></trkpt><trkpt lat="47.482034" lon="-120.823705"><ele>2286.0</ele><time>2022-08-20T19:10:09Z</time></trkpt><trkpt lat="47.482015" lon="-120.823787"><ele>2291.0</ele><time>2022-08-20T19:11:10Z</time></trkpt><trkpt lat="47.481956" lon="-120.823842"><ele>2288.0</ele><time>2022-08-20T19:11:25Z</time></trkpt><trkpt lat="47.481928" lon="-120.823854"><ele>2287.0</ele><time>2022-08-20T19:11:33Z</time></trkpt><trkpt lat="47.481903" lon="-120.823828"><ele>2289.0</ele><time>2022-08-20T19:11:43Z</time></trkpt><trkpt lat="47.48188" lon="-120.823856"><ele>2295.0</ele><time>2022-08-20T19:11:59Z</time></trkpt><trkpt lat="47.481829" lon="-120.823856"><ele>2295.0</ele><time>2022-08-20T19:12:14Z</time></trkpt><trkpt lat="47.481819" lon="-120.823895"><ele>2299.0</ele><time>2022-08-20T19:12:31Z</time></trkpt><trkpt lat="47.481789" lon="-120.823948"><ele>2300.0</ele><time>2022-08-20T19:12:58Z</time></trkpt><trkpt lat="47.481714" lon="-120.823988"><ele>2297.0</ele><time>2022-08-20T19:13:39Z</time></trkpt><trkpt lat="47.481694" lon="-120.823969"><ele>2298.0</ele><time>2022-08-20T19:13:54Z</time></trkpt><trkpt lat="47.481545" lon="-120.824148"><ele>2309.0</ele><time>2022-08-20T19:14:56Z</time></trkpt><trkpt lat="47.481493" lon="-120.824177"><ele>2314.0</ele><time>2022-08-20T19:15:16Z</time></trkpt><trkpt lat="47.481476" lon="-120.824166"><ele>2315.0</ele><time>2022-08-20T19:15:33Z</time></trkpt><trkpt lat="47.481387" lon="-120.824247"><ele>2316.0</ele><time>2022-08-20T19:16:21Z</time></trkpt><trkpt lat="47.481374" lon="-120.824288"><ele>2312.0</ele><time>2022-08-20T19:16:40Z</time></trkpt><trkpt lat="47.481396" lon="-120.824325"><ele>2321.0</ele><time>2022-08-20T19:16:55Z</time></trkpt><trkpt lat="47.481386" lon="-120.824395"><ele>2310.0</ele><time>2022-08-20T19:17:30Z</time></trkpt><trkpt lat="47.481352" lon="-120.824427"><ele>2321.0</ele><time>2022-08-20T19:17:45Z</time></trkpt><trkpt lat="47.481335" lon="-120.824402"><ele>2322.0</ele><time>2022-08-20T19:17:54Z</time></trkpt><trkpt lat="47.481298" lon="-120.82443"><ele>2320.0</ele><time>2022-08-20T19:18:08Z</time></trkpt><trkpt lat="47.481295" lon="-120.824389"><ele>2327.0</ele><time>2022-08-20T19:18:17Z</time></trkpt><trkpt lat="47.481305" lon="-120.824458"><ele>2328.0</ele><time>2022-08-20T19:18:33Z</time></trkpt><trkpt lat="47.481291" lon="-120.824461"><ele>2328.0</ele><time>2022-08-20T19:18:49Z</time></trkpt><trkpt lat="47.481269" lon="-120.8245"><ele>2328.0</ele><time>2022-08-20T19:18:58Z</time></trkpt><trkpt lat="47.48122" lon="-120.824527"><ele>2331.0</ele><time>2022-08-20T19:19:15Z</time></trkpt><trkpt lat="47.481162" lon="-120.82454"><ele>2333.0</ele><time>2022-08-20T19:19:56Z</time></trkpt><trkpt lat="47.481144" lon="-120.824508"><ele>2328.0</ele><time>2022-08-20T19:20:18Z</time></trkpt><trkpt lat="47.481114" lon="-120.824505"><ele>2337.0</ele><time>2022-08-20T19:20:29Z</time></trkpt><trkpt lat="47.481051" lon="-120.824444"><ele>2342.0</ele><time>2022-08-20T19:21:01Z</time></trkpt><trkpt lat="47.480985" lon="-120.824433"><ele>2340.0</ele><time>2022-08-20T19:21:22Z</time></trkpt><trkpt lat="47.480955" lon="-120.82438"><ele>2349.0</ele><time>2022-08-20T19:21:41Z</time></trkpt><trkpt lat="47.480952" lon="-120.82432"><ele>2352.0</ele><time>2022-08-20T19:21:50Z</time></trkpt><trkpt lat="47.480922" lon="-120.824248"><ele>2352.0</ele><time>2022-08-20T19:22:00Z</time></trkpt><trkpt lat="47.480935" lon="-120.82419"><ele>2350.0</ele><time>2022-08-20T19:22:09Z</time></trkpt><trkpt lat="47.480911" lon="-120.824083"><ele>2352.0</ele><time>2022-08-20T19:22:48Z</time></trkpt><trkpt lat="47.480915" lon="-120.823962"><ele>2354.0</ele><time>2022-08-20T19:23:22Z</time></trkpt><trkpt lat="47.480906" lon="-120.823929"><ele>2354.5</ele><time>2022-08-20T19:23:27Z</time></trkpt><trkpt lat="47.480906" lon="-120.823868"><ele>2354.0</ele><time>2022-08-20T19:23:51Z</time></trkpt><trkpt lat="47.48098" lon="-120.823861"><ele>2355.0</ele><time>2022-08-20T19:24:09Z</time></trkpt><trkpt lat="47.481006" lon="-120.823829"><ele>2356.0</ele><time>2022-08-20T19:24:43Z</time></trkpt><trkpt lat="47.48103" lon="-120.823765"><ele>2355.0</ele><time>2022-08-20T19:25:27Z</time></trkpt><trkpt lat="47.481033" lon="-120.823704"><ele>2358.0</ele><time>2022-08-20T19:25:33Z</time></trkpt><trkpt lat="47.481052" lon="-120.823672"><ele>2358.0</ele><time>2022-08-20T19:25:36Z</time></trkpt><trkpt lat="47.481066" lon="-120.823588"><ele>2361.0</ele><time>2022-08-20T19:25:48Z</time></trkpt><trkpt lat="47.481112" lon="-120.823513"><ele>2362.3</ele><time>2022-08-20T19:25:59Z</time></trkpt><trkpt lat="47.481132" lon="-120.823414"><ele>2356.0</ele><time>2022-08-20T19:26:59Z</time></trkpt><trkpt lat="47.481112" lon="-120.823392"><ele>2360.0</ele><time>2022-08-20T19:28:40Z</time></trkpt><trkpt lat="47.481053" lon="-120.82338"><ele>2356.0</ele><time>2022-08-20T19:29:20Z</time></trkpt><trkpt lat="47.481046" lon="-120.823433"><ele>2361.0</ele><time>2022-08-20T19:29:39Z</time></trkpt><trkpt lat="47.481079" lon="-120.823485"><ele>2358.0</ele><time>2022-08-20T19:33:59Z</time></trkpt><trkpt lat="47.481116" lon="-120.823411"><ele>2361.0</ele><time>2022-08-20T19:35:52Z</time></trkpt><trkpt lat="47.481116" lon="-120.82337"><ele>2360.0</ele><time>2022-08-20T19:36:28Z</time></trkpt><trkpt lat="47.481072" lon="-120.823197"><ele>2358.0</ele><time>2022-08-20T19:36:48Z</time></trkpt><trkpt lat="47.481087" lon="-120.823118"><ele>2356.0</ele><time>2022-08-20T19:37:00Z</time></trkpt><trkpt lat="47.481067" lon="-120.823093"><ele>2360.0</ele><time>2022-08-20T19:37:08Z</time></trkpt><trkpt lat="47.481067" lon="-120.823036"><ele>2361.0</ele><time>2022-08-20T19:37:14Z</time></trkpt><trkpt lat="47.481028" lon="-120.823012"><ele>2360.0</ele><time>2022-08-20T19:37:20Z</time></trkpt><trkpt lat="47.480991" lon="-120.822961"><ele>2360.0</ele><time>2022-08-20T19:37:27Z</time></trkpt><trkpt lat="47.480963" lon="-120.822947"><ele>2360.0</ele><time>2022-08-20T19:37:33Z</time></trkpt><trkpt lat="47.480915" lon="-120.822891"><ele>2365.0</ele><time>2022-08-20T19:37:45Z</time></trkpt><trkpt lat="47.480885" lon="-120.822892"><ele>2366.0</ele><time>2022-08-20T19:37:51Z</time></trkpt><trkpt lat="47.480861" lon="-120.822819"><ele>2368.0</ele><time>2022-08-20T19:38:01Z</time></trkpt><trkpt lat="47.480813" lon="-120.822799"><ele>2369.0</ele><time>2022-08-20T19:38:10Z</time></trkpt><trkpt lat="47.480782" lon="-120.822768"><ele>2366.0</ele><time>2022-08-20T19:38:23Z</time></trkpt><trkpt lat="47.480804" lon="-120.82262"><ele>2370.0</ele><time>2022-08-20T19:38:42Z</time></trkpt><trkpt lat="47.480795" lon="-120.822584"><ele>2372.0</ele><time>2022-08-20T19:38:46Z</time></trkpt><trkpt lat="47.480795" lon="-120.822489"><ele>2373.0</ele><time>2022-08-20T19:39:07Z</time></trkpt><trkpt lat="47.480779" lon="-120.822468"><ele>2376.5</ele><time>2022-08-20T19:40:11Z</time></trkpt><trkpt lat="47.480769" lon="-120.822497"><ele>2375.9</ele><time>2022-08-20T19:40:12Z</time></trkpt><trkpt lat="47.480796" lon="-120.822455"><ele>2373.0</ele><time>2022-08-20T19:40:36Z</time></trkpt><trkpt lat="47.480772" lon="-120.822406"><ele>2375.0</ele><time>2022-08-20T19:40:48Z</time></trkpt><trkpt lat="47.480729" lon="-120.822425"><ele>2376.0</ele><time>2022-08-20T19:40:59Z</time></trkpt><trkpt lat="47.48071" lon="-120.822477"><ele>2380.8</ele><time>2022-08-20T19:41:07Z</time></trkpt><trkpt lat="47.480666" lon="-120.822431"><ele>2379.0</ele><time>2022-08-20T19:41:15Z</time></trkpt><trkpt lat="47.480663" lon="-120.82237"><ele>2378.0</ele><time>2022-08-20T19:41:20Z</time></trkpt><trkpt lat="47.48064" lon="-120.822307"><ele>2379.0</ele><time>2022-08-20T19:41:25Z</time></trkpt><trkpt lat="47.480638" lon="-120.822272"><ele>2380.0</ele><time>2022-08-20T19:41:27Z</time></trkpt><trkpt lat="47.480524" lon="-120.822124"><ele>2377.0</ele><time>2022-08-20T19:41:41Z</time></trkpt><trkpt lat="47.48048" lon="-120.822107"><ele>2380.0</ele><time>2022-08-20T19:41:46Z</time></trkpt><trkpt lat="47.480438" lon="-120.822111"><ele>2380.0</ele><time>2022-08-20T19:41:56Z</time></trkpt><trkpt lat="47.480417" lon="-120.821895"><ele>2379.0</ele><time>2022-08-20T19:42:36Z</time></trkpt><trkpt lat="47.48038" lon="-120.821835"><ele>2379.0</ele><time>2022-08-20T19:45:02Z</time></trkpt><trkpt lat="47.480369" lon="-120.82176"><ele>2380.0</ele><time>2022-08-20T19:45:11Z</time></trkpt><trkpt lat="47.480393" lon="-120.821679"><ele>2378.0</ele><time>2022-08-20T19:45:20Z</time></trkpt><trkpt lat="47.480375" lon="-120.821617"><ele>2379.0</ele><time>2022-08-20T19:45:25Z</time></trkpt><trkpt lat="47.48041" lon="-120.821565"><ele>2379.0</ele><time>2022-08-20T19:45:30Z</time></trkpt><trkpt lat="47.4804" lon="-120.821527"><ele>2380.0</ele><time>2022-08-20T19:45:33Z</time></trkpt><trkpt lat="47.480367" lon="-120.821507"><ele>2380.0</ele><time>2022-08-20T19:45:36Z</time></trkpt><trkpt lat="47.480339" lon="-120.821447"><ele>2382.0</ele><time>2022-08-20T19:45:42Z</time></trkpt><trkpt lat="47.48031" lon="-120.821418"><ele>2376.0</ele><time>2022-08-20T19:45:49Z</time></trkpt><trkpt lat="47.480264" lon="-120.821245"><ele>2380.0</ele><time>2022-08-20T19:46:08Z</time></trkpt><trkpt lat="47.48029" lon="-120.821152"><ele>2382.0</ele><time>2022-08-20T19:46:16Z</time></trkpt><trkpt lat="47.480308" lon="-120.821027"><ele>2382.0</ele><time>2022-08-20T19:46:25Z</time></trkpt><trkpt lat="47.480339" lon="-120.820982"><ele>2381.0</ele><time>2022-08-20T19:46:30Z</time></trkpt><trkpt lat="47.480385" lon="-120.821"><ele>2384.0</ele><time>2022-08-20T19:46:40Z</time></trkpt><trkpt lat="47.480452" lon="-120.82097"><ele>2388.0</ele><time>2022-08-20T19:46:52Z</time></trkpt><trkpt lat="47.480501" lon="-120.821008"><ele>2391.0</ele><time>2022-08-20T19:47:02Z</time></trkpt><trkpt lat="47.480539" lon="-120.821002"><ele>2388.0</ele><time>2022-08-20T19:47:07Z</time></trkpt><trkpt lat="47.480599" lon="-120.821121"><ele>2385.0</ele><time>2022-08-20T19:48:07Z</time></trkpt><trkpt lat="47.480546" lon="-120.821034"><ele>2394.0</ele><time>2022-08-20T19:49:28Z</time></trkpt><trkpt lat="47.480554" lon="-120.820963"><ele>2391.0</ele><time>2022-08-20T19:49:40Z</time></trkpt><trkpt lat="47.480533" lon="-120.820892"><ele>2389.0</ele><time>2022-08-20T19:49:45Z</time></trkpt><trkpt lat="47.480539" lon="-120.820849"><ele>2389.0</ele><time>2022-08-20T19:49:47Z</time></trkpt><trkpt lat="47.480516" lon="-120.820762"><ele>2386.0</ele><time>2022-08-20T19:49:52Z</time></trkpt><trkpt lat="47.480511" lon="-120.820663"><ele>2384.0</ele><time>2022-08-20T19:49:59Z</time></trkpt><trkpt lat="47.480492" lon="-120.820603"><ele>2383.0</ele><time>2022-08-20T19:50:03Z</time></trkpt><trkpt lat="47.48049" lon="-120.820514"><ele>2382.0</ele><time>2022-08-20T19:50:07Z</time></trkpt><trkpt lat="47.480421" lon="-120.820451"><ele>2381.8</ele><time>2022-08-20T19:50:17Z</time></trkpt><trkpt lat="47.480422" lon="-120.820427"><ele>2382.0</ele><time>2022-08-20T19:50:20Z</time></trkpt><trkpt lat="47.480368" lon="-120.820399"><ele>2380.7</ele><time>2022-08-20T19:50:39Z</time></trkpt><trkpt lat="47.480355" lon="-120.82038"><ele>2378.0</ele><time>2022-08-20T19:50:42Z</time></trkpt><trkpt lat="47.480312" lon="-120.820355"><ele>2376.0</ele><time>2022-08-20T19:50:48Z</time></trkpt><trkpt lat="47.480315" lon="-120.820299"><ele>2376.0</ele><time>2022-08-20T19:50:57Z</time></trkpt><trkpt lat="47.480289" lon="-120.820217"><ele>2379.0</ele><time>2022-08-20T19:51:07Z</time></trkpt><trkpt lat="47.480308" lon="-120.820168"><ele>2376.0</ele><time>2022-08-20T19:51:13Z</time></trkpt><trkpt lat="47.480312" lon="-120.8202"><ele>2377.0</ele><time>2022-08-20T19:51:20Z</time></trkpt><trkpt lat="47.480273" lon="-120.820234"><ele>2379.0</ele><time>2022-08-20T19:51:23Z</time></trkpt><trkpt lat="47.48023" lon="-120.820228"><ele>2378.7</ele><time>2022-08-20T19:51:29Z</time></trkpt><trkpt lat="47.480213" lon="-120.820237"><ele>2378.0</ele><time>2022-08-20T19:51:31Z</time></trkpt><trkpt lat="47.480121" lon="-120.82018"><ele>2376.0</ele><time>2022-08-20T19:51:48Z</time></trkpt><trkpt lat="47.480016" lon="-120.820174"><ele>2378.0</ele><time>2022-08-20T19:51:57Z</time></trkpt><trkpt lat="47.479967" lon="-120.820128"><ele>2379.0</ele><time>2022-08-20T19:52:04Z</time></trkpt><trkpt lat="47.479917" lon="-120.820124"><ele>2379.0</ele><time>2022-08-20T19:52:07Z</time></trkpt><trkpt lat="47.479893" lon="-120.8201"><ele>2381.0</ele><time>2022-08-20T19:52:10Z</time></trkpt><trkpt lat="47.479863" lon="-120.820092"><ele>2380.0</ele><time>2022-08-20T19:52:14Z</time></trkpt><trkpt lat="47.479731" lon="-120.820094"><ele>2382.3</ele><time>2022-08-20T19:52:24Z</time></trkpt><trkpt lat="47.479676" lon="-120.820071"><ele>2383.0</ele><time>2022-08-20T19:52:29Z</time></trkpt><trkpt lat="47.479672" lon="-120.820028"><ele>2384.0</ele><time>2022-08-20T19:52:32Z</time></trkpt><trkpt lat="47.479682" lon="-120.819996"><ele>2383.0</ele><time>2022-08-20T19:52:34Z</time></trkpt><trkpt lat="47.479655" lon="-120.819878"><ele>2382.0</ele><time>2022-08-20T19:52:43Z</time></trkpt><trkpt lat="47.479662" lon="-120.819848"><ele>2382.0</ele><time>2022-08-20T19:52:45Z</time></trkpt><trkpt lat="47.479694" lon="-120.819828"><ele>2382.0</ele><time>2022-08-20T19:52:48Z</time></trkpt><trkpt lat="47.479729" lon="-120.819838"><ele>2382.0</ele><time>2022-08-20T19:52:50Z</time></trkpt><trkpt lat="47.479823" lon="-120.819812"><ele>2382.0</ele><time>2022-08-20T19:52:57Z</time></trkpt><trkpt lat="47.479891" lon="-120.819735"><ele>2379.0</ele><time>2022-08-20T19:53:07Z</time></trkpt><trkpt lat="47.479924" lon="-120.819661"><ele>2378.0</ele><time>2022-08-20T19:53:12Z</time></trkpt><trkpt lat="47.479963" lon="-120.819629"><ele>2379.9</ele><time>2022-08-20T19:53:16Z</time></trkpt><trkpt lat="47.480071" lon="-120.81946"><ele>2376.0</ele><time>2022-08-20T19:53:35Z</time></trkpt><trkpt lat="47.480117" lon="-120.819496"><ele>2373.0</ele><time>2022-08-20T19:53:42Z</time></trkpt><trkpt lat="47.480142" lon="-120.819496"><ele>2372.0</ele><time>2022-08-20T19:53:45Z</time></trkpt><trkpt lat="47.480178" lon="-120.819452"><ele>2375.0</ele><time>2022-08-20T19:53:50Z</time></trkpt><trkpt lat="47.480176" lon="-120.819411"><ele>2367.0</ele><time>2022-08-20T19:53:57Z</time></trkpt><trkpt lat="47.480191" lon="-120.81938"><ele>2373.0</ele><time>2022-08-20T19:54:14Z</time></trkpt><trkpt lat="47.48018" lon="-120.819342"><ele>2373.0</ele><time>2022-08-20T19:54:18Z</time></trkpt><trkpt lat="47.480158" lon="-120.81932"><ele>2372.0</ele><time>2022-08-20T19:54:21Z</time></trkpt><trkpt lat="47.480191" lon="-120.81925"><ele>2368.0</ele><time>2022-08-20T19:54:30Z</time></trkpt><trkpt lat="47.480151" lon="-120.819091"><ele>2369.0</ele><time>2022-08-20T19:54:38Z</time></trkpt><trkpt lat="47.480175" lon="-120.818946"><ele>2367.0</ele><time>2022-08-20T19:54:52Z</time></trkpt><trkpt lat="47.480186" lon="-120.818795"><ele>2367.0</ele><time>2022-08-20T19:55:03Z</time></trkpt><trkpt lat="47.480172" lon="-120.818671"><ele>2367.0</ele><time>2022-08-20T19:55:12Z</time></trkpt><trkpt lat="47.480144" lon="-120.818602"><ele>2367.0</ele><time>2022-08-20T19:55:18Z</time></trkpt><trkpt lat="47.480134" lon="-120.818532"><ele>2368.0</ele><time>2022-08-20T19:55:23Z</time></trkpt><trkpt lat="47.480129" lon="-120.818433"><ele>2368.0</ele><time>2022-08-20T19:55:32Z</time></trkpt><trkpt lat="47.480144" lon="-120.818374"><ele>2367.0</ele><time>2022-08-20T19:55:37Z</time></trkpt><trkpt lat="47.480135" lon="-120.81825"><ele>2370.0</ele><time>2022-08-20T19:55:50Z</time></trkpt><trkpt lat="47.480107" lon="-120.818147"><ele>2369.0</ele><time>2022-08-20T19:56:00Z</time></trkpt><trkpt lat="47.480048" lon="-120.818036"><ele>2365.0</ele><time>2022-08-20T19:56:21Z</time></trkpt><trkpt lat="47.479977" lon="-120.818028"><ele>2366.0</ele><time>2022-08-20T19:56:57Z</time></trkpt><trkpt lat="47.479908" lon="-120.818107"><ele>2364.0</ele><time>2022-08-20T19:57:11Z</time></trkpt><trkpt lat="47.479897" lon="-120.818141"><ele>2364.0</ele><time>2022-08-20T19:57:14Z</time></trkpt><trkpt lat="47.479875" lon="-120.818166"><ele>2364.0</ele><time>2022-08-20T19:57:17Z</time></trkpt><trkpt lat="47.479842" lon="-120.818183"><ele>2364.0</ele><time>2022-08-20T19:57:21Z</time></trkpt><trkpt lat="47.47969" lon="-120.818207"><ele>2360.0</ele><time>2022-08-20T19:58:01Z</time></trkpt><trkpt lat="47.479665" lon="-120.818242"><ele>2360.0</ele><time>2022-08-20T19:58:05Z</time></trkpt><trkpt lat="47.479495" lon="-120.818225"><ele>2358.0</ele><time>2022-08-20T19:58:26Z</time></trkpt><trkpt lat="47.479379" lon="-120.818281"><ele>2356.0</ele><time>2022-08-20T19:58:56Z</time></trkpt><trkpt lat="47.479387" lon="-120.818331"><ele>2358.0</ele><time>2022-08-20T19:59:07Z</time></trkpt><trkpt lat="47.479366" lon="-120.81845"><ele>2352.0</ele><time>2022-08-20T19:59:41Z</time></trkpt><trkpt lat="47.479379" lon="-120.818484"><ele>2364.0</ele><time>2022-08-20T19:59:53Z</time></trkpt><trkpt lat="47.479344" lon="-120.818571"><ele>2364.0</ele><time>2022-08-20T20:00:00Z</time></trkpt><trkpt lat="47.479333" lon="-120.818646"><ele>2364.0</ele><time>2022-08-20T20:00:06Z</time></trkpt><trkpt lat="47.479299" lon="-120.818711"><ele>2357.0</ele><time>2022-08-20T20:00:18Z</time></trkpt><trkpt lat="47.479238" lon="-120.818777"><ele>2358.0</ele><time>2022-08-20T20:00:37Z</time></trkpt><trkpt lat="47.479211" lon="-120.818758"><ele>2359.0</ele><time>2022-08-20T20:00:43Z</time></trkpt><trkpt lat="47.479164" lon="-120.818786"><ele>2360.0</ele><time>2022-08-20T20:00:56Z</time></trkpt><trkpt lat="47.479124" lon="-120.818827"><ele>2358.0</ele><time>2022-08-20T20:01:07Z</time></trkpt><trkpt lat="47.479073" lon="-120.818826"><ele>2352.0</ele><time>2022-08-20T20:01:20Z</time></trkpt><trkpt lat="47.479056" lon="-120.818848"><ele>2359.0</ele><time>2022-08-20T20:01:35Z</time></trkpt><trkpt lat="47.479059" lon="-120.818887"><ele>2358.0</ele><time>2022-08-20T20:01:46Z</time></trkpt><trkpt lat="47.479053" lon="-120.818867"><ele>2356.0</ele><time>2022-08-20T20:01:59Z</time></trkpt><trkpt lat="47.478992" lon="-120.81881"><ele>2352.0</ele><time>2022-08-20T20:02:35Z</time></trkpt><trkpt lat="47.478969" lon="-120.818741"><ele>2356.0</ele><time>2022-08-20T20:02:55Z</time></trkpt><trkpt lat="47.478973" lon="-120.818711"><ele>2355.0</ele><time>2022-08-20T20:02:58Z</time></trkpt><trkpt lat="47.478994" lon="-120.818688"><ele>2350.0</ele><time>2022-08-20T20:03:05Z</time></trkpt><trkpt lat="47.479003" lon="-120.818657"><ele>2354.0</ele><time>2022-08-20T20:03:11Z</time></trkpt><trkpt lat="47.478992" lon="-120.818558"><ele>2354.5</ele><time>2022-08-20T20:03:22Z</time></trkpt><trkpt lat="47.479017" lon="-120.818503"><ele>2352.0</ele><time>2022-08-20T20:03:29Z</time></trkpt><trkpt lat="47.479025" lon="-120.818348"><ele>2349.0</ele><time>2022-08-20T20:03:44Z</time></trkpt><trkpt lat="47.479057" lon="-120.818228"><ele>2350.0</ele><time>2022-08-20T20:04:08Z</time></trkpt><trkpt lat="47.47905" lon="-120.818163"><ele>2348.0</ele><time>2022-08-20T20:04:27Z</time></trkpt><trkpt lat="47.479042" lon="-120.818114"><ele>2346.0</ele><time>2022-08-20T20:19:15Z</time></trkpt><trkpt lat="47.479017" lon="-120.818024"><ele>2346.0</ele><time>2022-08-20T20:20:40Z</time></trkpt><trkpt lat="47.478979" lon="-120.818013"><ele>2345.0</ele><time>2022-08-20T20:20:55Z</time></trkpt><trkpt lat="47.478982" lon="-120.818048"><ele>2331.0</ele><time>2022-08-20T20:28:15Z</time></trkpt><trkpt lat="47.479005" lon="-120.817985"><ele>2346.0</ele><time>2022-08-20T20:35:28Z</time></trkpt><trkpt lat="47.479057" lon="-120.818031"><ele>2349.0</ele><time>2022-08-20T20:35:34Z</time></trkpt><trkpt lat="47.479029" lon="-120.818084"><ele>2350.0</ele><time>2022-08-20T20:37:35Z</time></trkpt><trkpt lat="47.479025" lon="-120.817966"><ele>2349.0</ele><time>2022-08-20T20:37:51Z</time></trkpt><trkpt lat="47.478978" lon="-120.817841"><ele>2350.0</ele><time>2022-08-20T20:38:17Z</time></trkpt><trkpt lat="47.478941" lon="-120.817795"><ele>2350.0</ele><time>2022-08-20T20:38:25Z</time></trkpt><trkpt lat="47.478928" lon="-120.817748"><ele>2348.0</ele><time>2022-08-20T20:38:31Z</time></trkpt><trkpt lat="47.478872" lon="-120.817662"><ele>2351.0</ele><time>2022-08-20T20:38:41Z</time></trkpt><trkpt lat="47.478809" lon="-120.817619"><ele>2351.0</ele><time>2022-08-20T20:38:49Z</time></trkpt><trkpt lat="47.478737" lon="-120.817547"><ele>2352.0</ele><time>2022-08-20T20:39:01Z</time></trkpt><trkpt lat="47.478648" lon="-120.817432"><ele>2352.0</ele><time>2022-08-20T20:39:13Z</time></trkpt><trkpt lat="47.478619" lon="-120.817434"><ele>2352.0</ele><time>2022-08-20T20:39:16Z</time></trkpt><trkpt lat="47.478503" lon="-120.817362"><ele>2348.0</ele><time>2022-08-20T20:39:33Z</time></trkpt><trkpt lat="47.478376" lon="-120.817207"><ele>2349.0</ele><time>2022-08-20T20:39:49Z</time></trkpt><trkpt lat="47.478308" lon="-120.817187"><ele>2349.0</ele><time>2022-08-20T20:39:56Z</time></trkpt><trkpt lat="47.478284" lon="-120.817166"><ele>2349.0</ele><time>2022-08-20T20:39:59Z</time></trkpt><trkpt lat="47.478272" lon="-120.817128"><ele>2350.0</ele><time>2022-08-20T20:40:01Z</time></trkpt><trkpt lat="47.47821" lon="-120.817078"><ele>2350.0</ele><time>2022-08-20T20:40:08Z</time></trkpt><trkpt lat="47.478176" lon="-120.817007"><ele>2349.0</ele><time>2022-08-20T20:40:14Z</time></trkpt><trkpt lat="47.47807" lon="-120.816944"><ele>2349.0</ele><time>2022-08-20T20:40:25Z</time></trkpt><trkpt lat="47.478033" lon="-120.816932"><ele>2346.0</ele><time>2022-08-20T20:40:29Z</time></trkpt><trkpt lat="47.478008" lon="-120.816899"><ele>2348.0</ele><time>2022-08-20T20:40:34Z</time></trkpt><trkpt lat="47.47797" lon="-120.816893"><ele>2348.0</ele><time>2022-08-20T20:40:39Z</time></trkpt><trkpt lat="47.477935" lon="-120.816914"><ele>2346.0</ele><time>2022-08-20T20:40:44Z</time></trkpt><trkpt lat="47.477818" lon="-120.816757"><ele>2349.0</ele><time>2022-08-20T20:41:21Z</time></trkpt><trkpt lat="47.477709" lon="-120.816765"><ele>2347.0</ele><time>2022-08-20T20:42:00Z</time></trkpt><trkpt lat="47.477674" lon="-120.816735"><ele>2348.0</ele><time>2022-08-20T20:42:31Z</time></trkpt><trkpt lat="47.477657" lon="-120.816702"><ele>2350.0</ele><time>2022-08-20T20:42:35Z</time></trkpt><trkpt lat="47.477664" lon="-120.816658"><ele>2350.0</ele><time>2022-08-20T20:42:43Z</time></trkpt><trkpt lat="47.477696" lon="-120.8166"><ele>2352.0</ele><time>2022-08-20T20:42:56Z</time></trkpt><trkpt lat="47.477676" lon="-120.816533"><ele>2349.0</ele><time>2022-08-20T20:43:09Z</time></trkpt><trkpt lat="47.477699" lon="-120.816471"><ele>2356.0</ele><time>2022-08-20T20:43:23Z</time></trkpt><trkpt lat="47.477688" lon="-120.816441"><ele>2356.0</ele><time>2022-08-20T20:43:27Z</time></trkpt><trkpt lat="47.477702" lon="-120.8164"><ele>2358.0</ele><time>2022-08-20T20:43:42Z</time></trkpt><trkpt lat="47.477751" lon="-120.81637"><ele>2358.0</ele><time>2022-08-20T20:44:02Z</time></trkpt><trkpt lat="47.477788" lon="-120.816266"><ele>2358.0</ele><time>2022-08-20T20:44:17Z</time></trkpt><trkpt lat="47.477839" lon="-120.816244"><ele>2360.0</ele><time>2022-08-20T20:44:27Z</time></trkpt><trkpt lat="47.477888" lon="-120.816252"><ele>2359.0</ele><time>2022-08-20T20:44:36Z</time></trkpt><trkpt lat="47.477918" lon="-120.816278"><ele>2360.0</ele><time>2022-08-20T20:44:43Z</time></trkpt><trkpt lat="47.477985" lon="-120.816304"><ele>2359.0</ele><time>2022-08-20T20:44:56Z</time></trkpt><trkpt lat="47.478061" lon="-120.816304"><ele>2364.0</ele><time>2022-08-20T20:45:09Z</time></trkpt><trkpt lat="47.478093" lon="-120.816282"><ele>2363.0</ele><time>2022-08-20T20:45:22Z</time></trkpt><trkpt lat="47.478135" lon="-120.81628"><ele>2361.0</ele><time>2022-08-20T20:45:35Z</time></trkpt><trkpt lat="47.478176" lon="-120.816224"><ele>2360.0</ele><time>2022-08-20T20:45:48Z</time></trkpt><trkpt lat="47.478232" lon="-120.816224"><ele>2360.0</ele><time>2022-08-20T20:45:55Z</time></trkpt><trkpt lat="47.478266" lon="-120.816202"><ele>2360.0</ele><time>2022-08-20T20:46:00Z</time></trkpt><trkpt lat="47.478321" lon="-120.81624"><ele>2360.0</ele><time>2022-08-20T20:46:08Z</time></trkpt><trkpt lat="47.478374" lon="-120.816214"><ele>2361.0</ele><time>2022-08-20T20:46:15Z</time></trkpt><trkpt lat="47.478401" lon="-120.816179"><ele>2359.0</ele><time>2022-08-20T20:46:23Z</time></trkpt><trkpt lat="47.478493" lon="-120.81613"><ele>2360.0</ele><time>2022-08-20T20:46:35Z</time></trkpt><trkpt lat="47.478531" lon="-120.816128"><ele>2359.0</ele><time>2022-08-20T20:46:46Z</time></trkpt><trkpt lat="47.478537" lon="-120.816113"><ele>2360.0</ele><time>2022-08-20T20:47:09Z</time></trkpt><trkpt lat="47.478643" lon="-120.816107"><ele>2358.0</ele><time>2022-08-20T20:47:31Z</time></trkpt><trkpt lat="47.478665" lon="-120.816074"><ele>2358.0</ele><time>2022-08-20T20:47:34Z</time></trkpt><trkpt lat="47.478742" lon="-120.81602"><ele>2360.0</ele><time>2022-08-20T20:47:43Z</time></trkpt><trkpt lat="47.478802" lon="-120.816017"><ele>2360.0</ele><time>2022-08-20T20:47:50Z</time></trkpt><trkpt lat="47.478833" lon="-120.815992"><ele>2356.0</ele><time>2022-08-20T20:47:54Z</time></trkpt><trkpt lat="47.478863" lon="-120.815999"><ele>2358.0</ele><time>2022-08-20T20:47:57Z</time></trkpt><trkpt lat="47.478882" lon="-120.815957"><ele>2359.0</ele><time>2022-08-20T20:48:01Z</time></trkpt><trkpt lat="47.478924" lon="-120.815956"><ele>2355.0</ele><time>2022-08-20T20:48:10Z</time></trkpt><trkpt lat="47.478947" lon="-120.815921"><ele>2355.0</ele><time>2022-08-20T20:48:15Z</time></trkpt><trkpt lat="47.479039" lon="-120.815868"><ele>2355.0</ele><time>2022-08-20T20:48:32Z</time></trkpt><trkpt lat="47.479049" lon="-120.815835"><ele>2356.0</ele><time>2022-08-20T20:48:36Z</time></trkpt><trkpt lat="47.479115" lon="-120.815777"><ele>2358.0</ele><time>2022-08-20T20:48:48Z</time></trkpt><trkpt lat="47.479206" lon="-120.815653"><ele>2358.0</ele><time>2022-08-20T20:49:03Z</time></trkpt><trkpt lat="47.479262" lon="-120.815617"><ele>2358.0</ele><time>2022-08-20T20:49:09Z</time></trkpt><trkpt lat="47.479328" lon="-120.81559"><ele>2358.0</ele><time>2022-08-20T20:49:15Z</time></trkpt><trkpt lat="47.479346" lon="-120.815556"><ele>2358.0</ele><time>2022-08-20T20:49:18Z</time></trkpt><trkpt lat="47.479382" lon="-120.815416"><ele>2358.0</ele><time>2022-08-20T20:49:27Z</time></trkpt><trkpt lat="47.479384" lon="-120.815374"><ele>2356.0</ele><time>2022-08-20T20:49:31Z</time></trkpt><trkpt lat="47.479313" lon="-120.815278"><ele>2357.0</ele><time>2022-08-20T20:49:43Z</time></trkpt><trkpt lat="47.479323" lon="-120.815162"><ele>2359.0</ele><time>2022-08-20T20:49:50Z</time></trkpt><trkpt lat="47.479311" lon="-120.815123"><ele>2358.0</ele><time>2022-08-20T20:49:52Z</time></trkpt><trkpt lat="47.479282" lon="-120.815097"><ele>2359.0</ele><time>2022-08-20T20:49:55Z</time></trkpt><trkpt lat="47.479223" lon="-120.815073"><ele>2359.0</ele><time>2022-08-20T20:50:02Z</time></trkpt><trkpt lat="47.479182" lon="-120.81502"><ele>2358.0</ele><time>2022-08-20T20:50:08Z</time></trkpt><trkpt lat="47.479153" lon="-120.815004"><ele>2356.0</ele><time>2022-08-20T20:50:12Z</time></trkpt><trkpt lat="47.479047" lon="-120.814835"><ele>2354.0</ele><time>2022-08-20T20:50:28Z</time></trkpt><trkpt lat="47.47903" lon="-120.814785"><ele>2355.0</ele><time>2022-08-20T20:50:32Z</time></trkpt><trkpt lat="47.478963" lon="-120.814749"><ele>2353.0</ele><time>2022-08-20T20:50:38Z</time></trkpt><trkpt lat="47.478861" lon="-120.814781"><ele>2352.0</ele><time>2022-08-20T20:50:48Z</time></trkpt><trkpt lat="47.478829" lon="-120.814849"><ele>2352.0</ele><time>2022-08-20T20:50:53Z</time></trkpt><trkpt lat="47.478797" lon="-120.814831"><ele>2350.0</ele><time>2022-08-20T20:50:56Z</time></trkpt><trkpt lat="47.478764" lon="-120.814839"><ele>2349.0</ele><time>2022-08-20T20:50:59Z</time></trkpt><trkpt lat="47.478733" lon="-120.814834"><ele>2349.0</ele><time>2022-08-20T20:51:01Z</time></trkpt><trkpt lat="47.478705" lon="-120.814803"><ele>2348.0</ele><time>2022-08-20T20:51:04Z</time></trkpt><trkpt lat="47.478673" lon="-120.814797"><ele>2349.0</ele><time>2022-08-20T20:51:06Z</time></trkpt><trkpt lat="47.478639" lon="-120.81482"><ele>2348.0</ele><time>2022-08-20T20:51:09Z</time></trkpt><trkpt lat="47.47861" lon="-120.814806"><ele>2346.0</ele><time>2022-08-20T20:51:12Z</time></trkpt><trkpt lat="47.478548" lon="-120.81481"><ele>2348.0</ele><time>2022-08-20T20:51:18Z</time></trkpt><trkpt lat="47.478488" lon="-120.814878"><ele>2344.0</ele><time>2022-08-20T20:51:29Z</time></trkpt><trkpt lat="47.478411" lon="-120.814846"><ele>2344.0</ele><time>2022-08-20T20:51:40Z</time></trkpt><trkpt lat="47.478392" lon="-120.814812"><ele>2343.0</ele><time>2022-08-20T20:51:43Z</time></trkpt><trkpt lat="47.478293" lon="-120.814784"><ele>2338.0</ele><time>2022-08-20T20:51:55Z</time></trkpt><trkpt lat="47.478241" lon="-120.814841"><ele>2338.0</ele><time>2022-08-20T20:52:01Z</time></trkpt><trkpt lat="47.478192" lon="-120.814857"><ele>2337.0</ele><time>2022-08-20T20:52:07Z</time></trkpt><trkpt lat="47.478122" lon="-120.814837"><ele>2336.0</ele><time>2022-08-20T20:52:16Z</time></trkpt><trkpt lat="47.478048" lon="-120.814767"><ele>2332.0</ele><time>2022-08-20T20:52:28Z</time></trkpt><trkpt lat="47.477906" lon="-120.814809"><ele>2328.0</ele><time>2022-08-20T20:52:46Z</time></trkpt><trkpt lat="47.477872" lon="-120.814841"><ele>2328.0</ele><time>2022-08-20T20:52:50Z</time></trkpt><trkpt lat="47.477808" lon="-120.814817"><ele>2328.0</ele><time>2022-08-20T20:52:58Z</time></trkpt><trkpt lat="47.477787" lon="-120.814779"><ele>2328.0</ele><time>2022-08-20T20:53:04Z</time></trkpt><trkpt lat="47.477745" lon="-120.814782"><ele>2328.0</ele><time>2022-08-20T20:53:09Z</time></trkpt><trkpt lat="47.477712" lon="-120.814773"><ele>2328.0</ele><time>2022-08-20T20:53:13Z</time></trkpt><trkpt lat="47.477671" lon="-120.814798"><ele>2326.0</ele><time>2022-08-20T20:53:18Z</time></trkpt><trkpt lat="47.477625" lon="-120.814796"><ele>2325.0</ele><time>2022-08-20T20:53:27Z</time></trkpt><trkpt lat="47.477558" lon="-120.814837"><ele>2324.0</ele><time>2022-08-20T20:53:38Z</time></trkpt><trkpt lat="47.477489" lon="-120.81485"><ele>2322.0</ele><time>2022-08-20T20:53:44Z</time></trkpt><trkpt lat="47.477435" lon="-120.814879"><ele>2322.0</ele><time>2022-08-20T20:53:51Z</time></trkpt><trkpt lat="47.477372" lon="-120.814846"><ele>2320.0</ele><time>2022-08-20T20:53:59Z</time></trkpt><trkpt lat="47.477358" lon="-120.814807"><ele>2322.0</ele><time>2022-08-20T20:54:02Z</time></trkpt><trkpt lat="47.477327" lon="-120.814778"><ele>2320.0</ele><time>2022-08-20T20:54:08Z</time></trkpt><trkpt lat="47.477382" lon="-120.814637"><ele>2320.0</ele><time>2022-08-20T20:54:23Z</time></trkpt><trkpt lat="47.477336" lon="-120.814544"><ele>2316.0</ele><time>2022-08-20T20:54:34Z</time></trkpt><trkpt lat="47.477357" lon="-120.814518"><ele>2317.0</ele><time>2022-08-20T20:54:38Z</time></trkpt><trkpt lat="47.47736" lon="-120.814488"><ele>2316.0</ele><time>2022-08-20T20:54:42Z</time></trkpt><trkpt lat="47.477389" lon="-120.814471"><ele>2315.0</ele><time>2022-08-20T20:54:47Z</time></trkpt><trkpt lat="47.477408" lon="-120.814405"><ele>2315.0</ele><time>2022-08-20T20:54:57Z</time></trkpt><trkpt lat="47.477433" lon="-120.81439"><ele>2316.0</ele><time>2022-08-20T20:55:01Z</time></trkpt><trkpt lat="47.477437" lon="-120.814309"><ele>2310.0</ele><time>2022-08-20T20:55:18Z</time></trkpt><trkpt lat="47.4774" lon="-120.814302"><ele>2308.0</ele><time>2022-08-20T20:55:30Z</time></trkpt><trkpt lat="47.477293" lon="-120.814252"><ele>2308.0</ele><time>2022-08-20T20:55:48Z</time></trkpt><trkpt lat="47.477288" lon="-120.814206"><ele>2308.3</ele><time>2022-08-20T20:55:54Z</time></trkpt><trkpt lat="47.477261" lon="-120.814153"><ele>2304.0</ele><time>2022-08-20T20:56:01Z</time></trkpt><trkpt lat="47.477188" lon="-120.813751"><ele>2304.0</ele><time>2022-08-20T20:56:22Z</time></trkpt><trkpt lat="47.477182" lon="-120.813671"><ele>2304.0</ele><time>2022-08-20T20:56:26Z</time></trkpt><trkpt lat="47.477193" lon="-120.813641"><ele>2304.0</ele><time>2022-08-20T20:56:30Z</time></trkpt><trkpt lat="47.477171" lon="-120.813568"><ele>2302.0</ele><time>2022-08-20T20:56:37Z</time></trkpt><trkpt lat="47.477159" lon="-120.813449"><ele>2304.0</ele><time>2022-08-20T20:56:44Z</time></trkpt><trkpt lat="47.477161" lon="-120.813368"><ele>2304.0</ele><time>2022-08-20T20:56:49Z</time></trkpt><trkpt lat="47.477184" lon="-120.813253"><ele>2304.0</ele><time>2022-08-20T20:56:59Z</time></trkpt><trkpt lat="47.477186" lon="-120.813176"><ele>2304.0</ele><time>2022-08-20T20:57:04Z</time></trkpt><trkpt lat="47.477217" lon="-120.813106"><ele>2305.0</ele><time>2022-08-20T20:57:09Z</time></trkpt><trkpt lat="47.477216" lon="-120.813075"><ele>2305.0</ele><time>2022-08-20T20:57:11Z</time></trkpt><trkpt lat="47.477182" lon="-120.812962"><ele>2304.0</ele><time>2022-08-20T20:57:20Z</time></trkpt><trkpt lat="47.477192" lon="-120.812926"><ele>2306.0</ele><time>2022-08-20T20:57:23Z</time></trkpt><trkpt lat="47.47718" lon="-120.812888"><ele>2304.0</ele><time>2022-08-20T20:57:53Z</time></trkpt><trkpt lat="47.477209" lon="-120.81281"><ele>2304.0</ele><time>2022-08-20T20:58:30Z</time></trkpt><trkpt lat="47.477216" lon="-120.812729"><ele>2304.0</ele><time>2022-08-20T20:58:34Z</time></trkpt><trkpt lat="47.477202" lon="-120.812695"><ele>2304.0</ele><time>2022-08-20T20:58:37Z</time></trkpt><trkpt lat="47.477205" lon="-120.812631"><ele>2303.0</ele><time>2022-08-20T20:58:41Z</time></trkpt><trkpt lat="47.477226" lon="-120.812547"><ele>2304.0</ele><time>2022-08-20T20:58:48Z</time></trkpt><trkpt lat="47.477244" lon="-120.812519"><ele>2304.0</ele><time>2022-08-20T20:58:51Z</time></trkpt><trkpt lat="47.477248" lon="-120.812431"><ele>2304.0</ele><time>2022-08-20T20:58:56Z</time></trkpt><trkpt lat="47.477229" lon="-120.812325"><ele>2304.0</ele><time>2022-08-20T20:59:02Z</time></trkpt><trkpt lat="47.477232" lon="-120.812293"><ele>2305.0</ele><time>2022-08-20T20:59:04Z</time></trkpt><trkpt lat="47.477274" lon="-120.812182"><ele>2307.5</ele><time>2022-08-20T20:59:13Z</time></trkpt><trkpt lat="47.477269" lon="-120.812098"><ele>2306.0</ele><time>2022-08-20T20:59:18Z</time></trkpt><trkpt lat="47.47733" lon="-120.811949"><ele>2304.0</ele><time>2022-08-20T20:59:28Z</time></trkpt><trkpt lat="47.477344" lon="-120.811866"><ele>2306.0</ele><time>2022-08-20T20:59:33Z</time></trkpt><trkpt lat="47.477345" lon="-120.811764"><ele>2307.0</ele><time>2022-08-20T20:59:42Z</time></trkpt><trkpt lat="47.477316" lon="-120.811644"><ele>2306.0</ele><time>2022-08-20T20:59:50Z</time></trkpt><trkpt lat="47.477318" lon="-120.811608"><ele>2307.0</ele><time>2022-08-20T20:59:52Z</time></trkpt><trkpt lat="47.477362" lon="-120.811569"><ele>2308.0</ele><time>2022-08-20T20:59:57Z</time></trkpt><trkpt lat="47.477385" lon="-120.811417"><ele>2304.0</ele><time>2022-08-20T21:00:12Z</time></trkpt><trkpt lat="47.477461" lon="-120.81123"><ele>2305.0</ele><time>2022-08-20T21:00:26Z</time></trkpt><trkpt lat="47.477485" lon="-120.811143"><ele>2302.0</ele><time>2022-08-20T21:00:31Z</time></trkpt><trkpt lat="47.4775" lon="-120.811014"><ele>2304.0</ele><time>2022-08-20T21:00:42Z</time></trkpt><trkpt lat="47.477542" lon="-120.810916"><ele>2304.0</ele><time>2022-08-20T21:00:48Z</time></trkpt><trkpt lat="47.477524" lon="-120.810905"><ele>2302.0</ele><time>2022-08-20T21:01:00Z</time></trkpt><trkpt lat="47.477526" lon="-120.810794"><ele>2301.0</ele><time>2022-08-20T21:01:10Z</time></trkpt><trkpt lat="47.47756" lon="-120.810713"><ele>2304.0</ele><time>2022-08-20T21:01:15Z</time></trkpt><trkpt lat="47.477568" lon="-120.810648"><ele>2303.0</ele><time>2022-08-20T21:01:20Z</time></trkpt><trkpt lat="47.47765" lon="-120.810464"><ele>2302.0</ele><time>2022-08-20T21:01:30Z</time></trkpt><trkpt lat="47.477665" lon="-120.810343"><ele>2301.0</ele><time>2022-08-20T21:01:37Z</time></trkpt><trkpt lat="47.477683" lon="-120.810305"><ele>2302.0</ele><time>2022-08-20T21:01:40Z</time></trkpt><trkpt lat="47.477693" lon="-120.810155"><ele>2300.0</ele><time>2022-08-20T21:01:50Z</time></trkpt><trkpt lat="47.47773" lon="-120.810103"><ele>2300.0</ele><time>2022-08-20T21:01:54Z</time></trkpt><trkpt lat="47.477708" lon="-120.810056"><ele>2301.0</ele><time>2022-08-20T21:01:56Z</time></trkpt><trkpt lat="47.477713" lon="-120.809952"><ele>2302.0</ele><time>2022-08-20T21:02:02Z</time></trkpt><trkpt lat="47.477696" lon="-120.809915"><ele>2303.0</ele><time>2022-08-20T21:02:05Z</time></trkpt><trkpt lat="47.477688" lon="-120.809847"><ele>2304.0</ele><time>2022-08-20T21:02:11Z</time></trkpt><trkpt lat="47.477725" lon="-120.809849"><ele>2301.0</ele><time>2022-08-20T21:02:15Z</time></trkpt><trkpt lat="47.477728" lon="-120.809808"><ele>2301.0</ele><time>2022-08-20T21:02:19Z</time></trkpt><trkpt lat="47.477705" lon="-120.809771"><ele>2301.0</ele><time>2022-08-20T21:02:22Z</time></trkpt><trkpt lat="47.477729" lon="-120.809733"><ele>2295.0</ele><time>2022-08-20T21:03:35Z</time></trkpt><trkpt lat="47.477708" lon="-120.809733"><ele>2300.0</ele><time>2022-08-20T21:05:24Z</time></trkpt><trkpt lat="47.477656" lon="-120.809699"><ele>2296.0</ele><time>2022-08-20T21:05:34Z</time></trkpt><trkpt lat="47.477589" lon="-120.809696"><ele>2295.0</ele><time>2022-08-20T21:05:43Z</time></trkpt><trkpt lat="47.477553" lon="-120.809709"><ele>2298.0</ele><time>2022-08-20T21:05:46Z</time></trkpt><trkpt lat="47.477524" lon="-120.809698"><ele>2299.2</ele><time>2022-08-20T21:05:48Z</time></trkpt><trkpt lat="47.477501" lon="-120.809703"><ele>2298.0</ele><time>2022-08-20T21:05:50Z</time></trkpt><trkpt lat="47.477452" lon="-120.809747"><ele>2300.0</ele><time>2022-08-20T21:05:55Z</time></trkpt><trkpt lat="47.477392" lon="-120.809754"><ele>2300.0</ele><time>2022-08-20T21:06:01Z</time></trkpt><trkpt lat="47.477371" lon="-120.809804"><ele>2301.0</ele><time>2022-08-20T21:06:06Z</time></trkpt><trkpt lat="47.477309" lon="-120.809778"><ele>2301.0</ele><time>2022-08-20T21:06:14Z</time></trkpt><trkpt lat="47.477289" lon="-120.809749"><ele>2301.0</ele><time>2022-08-20T21:06:17Z</time></trkpt><trkpt lat="47.477208" lon="-120.80968"><ele>2300.0</ele><time>2022-08-20T21:06:27Z</time></trkpt><trkpt lat="47.477089" lon="-120.809613"><ele>2296.0</ele><time>2022-08-20T21:06:41Z</time></trkpt><trkpt lat="47.477057" lon="-120.809583"><ele>2296.0</ele><time>2022-08-20T21:06:48Z</time></trkpt><trkpt lat="47.47701" lon="-120.809521"><ele>2289.0</ele><time>2022-08-20T21:07:08Z</time></trkpt><trkpt lat="47.476991" lon="-120.809367"><ele>2294.0</ele><time>2022-08-20T21:07:21Z</time></trkpt><trkpt lat="47.477012" lon="-120.809261"><ele>2295.0</ele><time>2022-08-20T21:07:29Z</time></trkpt><trkpt lat="47.477052" lon="-120.809212"><ele>2294.0</ele><time>2022-08-20T21:07:34Z</time></trkpt><trkpt lat="47.477075" lon="-120.809139"><ele>2294.0</ele><time>2022-08-20T21:07:40Z</time></trkpt><trkpt lat="47.477114" lon="-120.809129"><ele>2296.0</ele><time>2022-08-20T21:07:43Z</time></trkpt><trkpt lat="47.477181" lon="-120.808997"><ele>2295.0</ele><time>2022-08-20T21:07:57Z</time></trkpt><trkpt lat="47.477199" lon="-120.808838"><ele>2295.0</ele><time>2022-08-20T21:08:13Z</time></trkpt><trkpt lat="47.477162" lon="-120.808721"><ele>2298.0</ele><time>2022-08-20T21:08:23Z</time></trkpt><trkpt lat="47.477166" lon="-120.808468"><ele>2298.0</ele><time>2022-08-20T21:08:37Z</time></trkpt><trkpt lat="47.477156" lon="-120.808365"><ele>2297.0</ele><time>2022-08-20T21:08:43Z</time></trkpt><trkpt lat="47.47716" lon="-120.808329"><ele>2298.0</ele><time>2022-08-20T21:08:45Z</time></trkpt><trkpt lat="47.477209" lon="-120.808232"><ele>2299.0</ele><time>2022-08-20T21:08:51Z</time></trkpt><trkpt lat="47.477217" lon="-120.808193"><ele>2300.0</ele><time>2022-08-20T21:08:53Z</time></trkpt><trkpt lat="47.477256" lon="-120.808144"><ele>2300.0</ele><time>2022-08-20T21:08:56Z</time></trkpt><trkpt lat="47.477277" lon="-120.808074"><ele>2300.0</ele><time>2022-08-20T21:09:01Z</time></trkpt><trkpt lat="47.477286" lon="-120.807962"><ele>2300.0</ele><time>2022-08-20T21:09:08Z</time></trkpt><trkpt lat="47.477275" lon="-120.80792"><ele>2294.0</ele><time>2022-08-20T21:09:17Z</time></trkpt><trkpt lat="47.477319" lon="-120.807893"><ele>2297.0</ele><time>2022-08-20T21:09:24Z</time></trkpt><trkpt lat="47.477364" lon="-120.807826"><ele>2295.0</ele><time>2022-08-20T21:09:29Z</time></trkpt><trkpt lat="47.477393" lon="-120.807801"><ele>2296.0</ele><time>2022-08-20T21:09:31Z</time></trkpt><trkpt lat="47.47744" lon="-120.807787"><ele>2296.0</ele><time>2022-08-20T21:09:34Z</time></trkpt><trkpt lat="47.477473" lon="-120.807746"><ele>2296.0</ele><time>2022-08-20T21:09:37Z</time></trkpt><trkpt lat="47.477502" lon="-120.807729"><ele>2296.0</ele><time>2022-08-20T21:09:39Z</time></trkpt><trkpt lat="47.477579" lon="-120.807616"><ele>2298.0</ele><time>2022-08-20T21:09:47Z</time></trkpt><trkpt lat="47.47763" lon="-120.807512"><ele>2299.0</ele><time>2022-08-20T21:09:54Z</time></trkpt><trkpt lat="47.477623" lon="-120.807399"><ele>2299.0</ele><time>2022-08-20T21:10:00Z</time></trkpt><trkpt lat="47.477607" lon="-120.807327"><ele>2299.0</ele><time>2022-08-20T21:10:04Z</time></trkpt><trkpt lat="47.477639" lon="-120.80717"><ele>2295.0</ele><time>2022-08-20T21:10:19Z</time></trkpt><trkpt lat="47.477653" lon="-120.807137"><ele>2298.0</ele><time>2022-08-20T21:10:23Z</time></trkpt><trkpt lat="47.477703" lon="-120.807115"><ele>2297.0</ele><time>2022-08-20T21:10:30Z</time></trkpt><trkpt lat="47.477784" lon="-120.806912"><ele>2295.0</ele><time>2022-08-20T21:10:50Z</time></trkpt><trkpt lat="47.477812" lon="-120.806778"><ele>2294.0</ele><time>2022-08-20T21:10:59Z</time></trkpt><trkpt lat="47.47785" lon="-120.806666"><ele>2296.0</ele><time>2022-08-20T21:11:07Z</time></trkpt><trkpt lat="47.477875" lon="-120.806531"><ele>2298.0</ele><time>2022-08-20T21:11:15Z</time></trkpt><trkpt lat="47.477937" lon="-120.806436"><ele>2296.0</ele><time>2022-08-20T21:11:23Z</time></trkpt><trkpt lat="47.477946" lon="-120.806404"><ele>2296.0</ele><time>2022-08-20T21:11:25Z</time></trkpt><trkpt lat="47.477937" lon="-120.806286"><ele>2292.0</ele><time>2022-08-20T21:11:33Z</time></trkpt><trkpt lat="47.477963" lon="-120.806263"><ele>2293.0</ele><time>2022-08-20T21:11:36Z</time></trkpt><trkpt lat="47.477976" lon="-120.806226"><ele>2294.0</ele><time>2022-08-20T21:11:38Z</time></trkpt><trkpt lat="47.477996" lon="-120.805956"><ele>2294.0</ele><time>2022-08-20T21:11:56Z</time></trkpt><trkpt lat="47.477993" lon="-120.805773"><ele>2292.0</ele><time>2022-08-20T21:12:09Z</time></trkpt><trkpt lat="47.478012" lon="-120.805623"><ele>2293.0</ele><time>2022-08-20T21:12:16Z</time></trkpt><trkpt lat="47.478012" lon="-120.805506"><ele>2290.0</ele><time>2022-08-20T21:12:23Z</time></trkpt><trkpt lat="47.477974" lon="-120.805436"><ele>2289.0</ele><time>2022-08-20T21:12:29Z</time></trkpt><trkpt lat="47.47796" lon="-120.805353"><ele>2289.0</ele><time>2022-08-20T21:12:34Z</time></trkpt><trkpt lat="47.47793" lon="-120.805327"><ele>2288.0</ele><time>2022-08-20T21:12:37Z</time></trkpt><trkpt lat="47.477918" lon="-120.805203"><ele>2288.0</ele><time>2022-08-20T21:12:47Z</time></trkpt><trkpt lat="47.477881" lon="-120.805191"><ele>2289.0</ele><time>2022-08-20T21:12:52Z</time></trkpt><trkpt lat="47.477844" lon="-120.805137"><ele>2289.0</ele><time>2022-08-20T21:13:04Z</time></trkpt><trkpt lat="47.477819" lon="-120.805121"><ele>2290.0</ele><time>2022-08-20T21:13:06Z</time></trkpt><trkpt lat="47.477771" lon="-120.805168"><ele>2291.0</ele><time>2022-08-20T21:13:12Z</time></trkpt><trkpt lat="47.477758" lon="-120.80515"><ele>2289.0</ele><time>2022-08-20T21:13:14Z</time></trkpt><trkpt lat="47.477712" lon="-120.805144"><ele>2291.0</ele><time>2022-08-20T21:13:19Z</time></trkpt><trkpt lat="47.477693" lon="-120.805118"><ele>2286.0</ele><time>2022-08-20T21:13:24Z</time></trkpt><trkpt lat="47.477687" lon="-120.805079"><ele>2289.0</ele><time>2022-08-20T21:13:33Z</time></trkpt><trkpt lat="47.477704" lon="-120.805046"><ele>2285.0</ele><time>2022-08-20T21:13:59Z</time></trkpt><trkpt lat="47.477674" lon="-120.805046"><ele>2286.0</ele><time>2022-08-20T21:14:13Z</time></trkpt><trkpt lat="47.477693" lon="-120.805103"><ele>2290.0</ele><time>2022-08-20T21:14:19Z</time></trkpt><trkpt lat="47.477755" lon="-120.805173"><ele>2289.0</ele><time>2022-08-20T21:14:25Z</time></trkpt><trkpt lat="47.477809" lon="-120.805119"><ele>2288.0</ele><time>2022-08-20T21:14:30Z</time></trkpt><trkpt lat="47.47784" lon="-120.805137"><ele>2288.0</ele><time>2022-08-20T21:14:32Z</time></trkpt><trkpt lat="47.477873" lon="-120.80514"><ele>2288.0</ele><time>2022-08-20T21:14:34Z</time></trkpt><trkpt lat="47.477889" lon="-120.805065"><ele>2289.0</ele><time>2022-08-20T21:14:37Z</time></trkpt><trkpt lat="47.477926" lon="-120.80499"><ele>2289.0</ele><time>2022-08-20T21:14:41Z</time></trkpt><trkpt lat="47.477989" lon="-120.805002"><ele>2290.0</ele><time>2022-08-20T21:14:48Z</time></trkpt><trkpt lat="47.478017" lon="-120.804985"><ele>2290.0</ele><time>2022-08-20T21:14:51Z</time></trkpt><trkpt lat="47.478037" lon="-120.804931"><ele>2290.5</ele><time>2022-08-20T21:14:57Z</time></trkpt><trkpt lat="47.478044" lon="-120.804874"><ele>2289.0</ele><time>2022-08-20T21:15:02Z</time></trkpt><trkpt lat="47.47809" lon="-120.804823"><ele>2289.0</ele><time>2022-08-20T21:15:08Z</time></trkpt><trkpt lat="47.478116" lon="-120.804714"><ele>2288.0</ele><time>2022-08-20T21:15:16Z</time></trkpt><trkpt lat="47.478076" lon="-120.804684"><ele>2286.0</ele><time>2022-08-20T21:15:19Z</time></trkpt><trkpt lat="47.478037" lon="-120.804683"><ele>2285.0</ele><time>2022-08-20T21:15:23Z</time></trkpt><trkpt lat="47.478006" lon="-120.80466"><ele>2286.0</ele><time>2022-08-20T21:15:25Z</time></trkpt><trkpt lat="47.477974" lon="-120.804551"><ele>2286.0</ele><time>2022-08-20T21:15:34Z</time></trkpt><trkpt lat="47.477953" lon="-120.804512"><ele>2286.0</ele><time>2022-08-20T21:15:37Z</time></trkpt><trkpt lat="47.477917" lon="-120.804507"><ele>2279.0</ele><time>2022-08-20T21:16:18Z</time></trkpt><trkpt lat="47.477953" lon="-120.804506"><ele>2285.0</ele><time>2022-08-20T21:16:41Z</time></trkpt><trkpt lat="47.477966" lon="-120.804427"><ele>2283.0</ele><time>2022-08-20T21:16:53Z</time></trkpt><trkpt lat="47.477954" lon="-120.804327"><ele>2286.0</ele><time>2022-08-20T21:17:05Z</time></trkpt><trkpt lat="47.477984" lon="-120.804255"><ele>2284.0</ele><time>2022-08-20T21:17:12Z</time></trkpt><trkpt lat="47.477981" lon="-120.804211"><ele>2283.0</ele><time>2022-08-20T21:17:15Z</time></trkpt><trkpt lat="47.47796" lon="-120.804186"><ele>2281.0</ele><time>2022-08-20T21:17:19Z</time></trkpt><trkpt lat="47.477963" lon="-120.804129"><ele>2284.0</ele><time>2022-08-20T21:17:22Z</time></trkpt><trkpt lat="47.478016" lon="-120.804081"><ele>2280.0</ele><time>2022-08-20T21:17:27Z</time></trkpt><trkpt lat="47.478058" lon="-120.804026"><ele>2282.0</ele><time>2022-08-20T21:17:32Z</time></trkpt><trkpt lat="47.478108" lon="-120.803876"><ele>2280.0</ele><time>2022-08-20T21:17:42Z</time></trkpt><trkpt lat="47.478154" lon="-120.803848"><ele>2277.0</ele><time>2022-08-20T21:17:48Z</time></trkpt><trkpt lat="47.478141" lon="-120.803705"><ele>2274.0</ele><time>2022-08-20T21:17:56Z</time></trkpt><trkpt lat="47.478168" lon="-120.803643"><ele>2275.0</ele><time>2022-08-20T21:17:59Z</time></trkpt><trkpt lat="47.478189" lon="-120.803556"><ele>2274.0</ele><time>2022-08-20T21:18:04Z</time></trkpt><trkpt lat="47.47822" lon="-120.803541"><ele>2272.0</ele><time>2022-08-20T21:18:07Z</time></trkpt><trkpt lat="47.478358" lon="-120.803399"><ele>2276.0</ele><time>2022-08-20T21:18:20Z</time></trkpt><trkpt lat="47.478393" lon="-120.80339"><ele>2272.0</ele><time>2022-08-20T21:18:26Z</time></trkpt><trkpt lat="47.47843" lon="-120.803359"><ele>2273.0</ele><time>2022-08-20T21:18:31Z</time></trkpt><trkpt lat="47.478443" lon="-120.80332"><ele>2273.0</ele><time>2022-08-20T21:18:34Z</time></trkpt><trkpt lat="47.478508" lon="-120.803282"><ele>2273.0</ele><time>2022-08-20T21:18:40Z</time></trkpt><trkpt lat="47.478572" lon="-120.803205"><ele>2271.0</ele><time>2022-08-20T21:18:47Z</time></trkpt><trkpt lat="47.478647" lon="-120.803144"><ele>2270.0</ele><time>2022-08-20T21:18:56Z</time></trkpt><trkpt lat="47.478667" lon="-120.803104"><ele>2271.0</ele><time>2022-08-20T21:18:58Z</time></trkpt><trkpt lat="47.478737" lon="-120.803109"><ele>2270.0</ele><time>2022-08-20T21:19:06Z</time></trkpt><trkpt lat="47.478813" lon="-120.80308"><ele>2271.0</ele><time>2022-08-20T21:19:12Z</time></trkpt><trkpt lat="47.478854" lon="-120.803087"><ele>2270.0</ele><time>2022-08-20T21:19:16Z</time></trkpt><trkpt lat="47.478882" lon="-120.803059"><ele>2270.0</ele><time>2022-08-20T21:19:19Z</time></trkpt><trkpt lat="47.478913" lon="-120.803052"><ele>2270.0</ele><time>2022-08-20T21:19:22Z</time></trkpt><trkpt lat="47.478962" lon="-120.802991"><ele>2265.0</ele><time>2022-08-20T21:19:32Z</time></trkpt><trkpt lat="47.478987" lon="-120.802937"><ele>2264.0</ele><time>2022-08-20T21:19:39Z</time></trkpt><trkpt lat="47.479053" lon="-120.802954"><ele>2260.0</ele><time>2022-08-20T21:19:49Z</time></trkpt><trkpt lat="47.479089" lon="-120.802925"><ele>2259.0</ele><time>2022-08-20T21:19:52Z</time></trkpt><trkpt lat="47.479163" lon="-120.802918"><ele>2259.0</ele><time>2022-08-20T21:19:57Z</time></trkpt><trkpt lat="47.479259" lon="-120.802842"><ele>2259.0</ele><time>2022-08-20T21:20:05Z</time></trkpt><trkpt lat="47.479289" lon="-120.80281"><ele>2260.0</ele><time>2022-08-20T21:20:07Z</time></trkpt><trkpt lat="47.479301" lon="-120.802781"><ele>2260.0</ele><time>2022-08-20T21:20:09Z</time></trkpt><trkpt lat="47.479335" lon="-120.802767"><ele>2261.0</ele><time>2022-08-20T21:20:11Z</time></trkpt><trkpt lat="47.479356" lon="-120.802741"><ele>2260.0</ele><time>2022-08-20T21:20:14Z</time></trkpt><trkpt lat="47.479368" lon="-120.802702"><ele>2260.0</ele><time>2022-08-20T21:20:17Z</time></trkpt><trkpt lat="47.479411" lon="-120.802708"><ele>2263.0</ele><time>2022-08-20T21:20:24Z</time></trkpt><trkpt lat="47.47941" lon="-120.802644"><ele>2261.0</ele><time>2022-08-20T21:20:33Z</time></trkpt><trkpt lat="47.479442" lon="-120.802626"><ele>2262.0</ele><time>2022-08-20T21:20:41Z</time></trkpt><trkpt lat="47.479549" lon="-120.802484"><ele>2260.0</ele><time>2022-08-20T21:21:01Z</time></trkpt><trkpt lat="47.479578" lon="-120.802471"><ele>2260.0</ele><time>2022-08-20T21:21:05Z</time></trkpt><trkpt lat="47.47959" lon="-120.80243"><ele>2260.0</ele><time>2022-08-20T21:21:07Z</time></trkpt><trkpt lat="47.479593" lon="-120.80236"><ele>2260.0</ele><time>2022-08-20T21:21:12Z</time></trkpt><trkpt lat="47.479615" lon="-120.802337"><ele>2260.0</ele><time>2022-08-20T21:21:14Z</time></trkpt><trkpt lat="47.479644" lon="-120.802197"><ele>2256.0</ele><time>2022-08-20T21:21:27Z</time></trkpt><trkpt lat="47.479759" lon="-120.802032"><ele>2253.0</ele><time>2022-08-20T21:21:55Z</time></trkpt><trkpt lat="47.479798" lon="-120.801914"><ele>2252.0</ele><time>2022-08-20T21:22:04Z</time></trkpt><trkpt lat="47.479881" lon="-120.80184"><ele>2252.0</ele><time>2022-08-20T21:22:11Z</time></trkpt><trkpt lat="47.47988" lon="-120.801795"><ele>2252.0</ele><time>2022-08-20T21:22:15Z</time></trkpt><trkpt lat="47.479965" lon="-120.801769"><ele>2249.0</ele><time>2022-08-20T21:22:35Z</time></trkpt><trkpt lat="47.480074" lon="-120.801698"><ele>2248.0</ele><time>2022-08-20T21:22:54Z</time></trkpt><trkpt lat="47.480092" lon="-120.801673"><ele>2245.0</ele><time>2022-08-20T21:22:59Z</time></trkpt><trkpt lat="47.48013" lon="-120.80167"><ele>2242.0</ele><time>2022-08-20T21:23:08Z</time></trkpt><trkpt lat="47.48017" lon="-120.801695"><ele>2240.0</ele><time>2022-08-20T21:23:19Z</time></trkpt><trkpt lat="47.480221" lon="-120.801676"><ele>2238.0</ele><time>2022-08-20T21:23:28Z</time></trkpt><trkpt lat="47.480257" lon="-120.801677"><ele>2237.0</ele><time>2022-08-20T21:23:34Z</time></trkpt><trkpt lat="47.480286" lon="-120.801659"><ele>2235.0</ele><time>2022-08-20T21:23:38Z</time></trkpt><trkpt lat="47.480323" lon="-120.801559"><ele>2234.0</ele><time>2022-08-20T21:23:49Z</time></trkpt><trkpt lat="47.480312" lon="-120.801497"><ele>2232.0</ele><time>2022-08-20T21:23:55Z</time></trkpt><trkpt lat="47.48032" lon="-120.801465"><ele>2232.0</ele><time>2022-08-20T21:23:59Z</time></trkpt><trkpt lat="47.48038" lon="-120.801414"><ele>2232.0</ele><time>2022-08-20T21:24:35Z</time></trkpt><trkpt lat="47.480409" lon="-120.801354"><ele>2226.0</ele><time>2022-08-20T21:26:11Z</time></trkpt><trkpt lat="47.480439" lon="-120.801337"><ele>2228.0</ele><time>2022-08-20T21:26:15Z</time></trkpt><trkpt lat="47.480444" lon="-120.801298"><ele>2228.2</ele><time>2022-08-20T21:26:20Z</time></trkpt><trkpt lat="47.480482" lon="-120.801256"><ele>2223.0</ele><time>2022-08-20T21:26:33Z</time></trkpt><trkpt lat="47.480514" lon="-120.801288"><ele>2221.0</ele><time>2022-08-20T21:26:45Z</time></trkpt><trkpt lat="47.480541" lon="-120.801264"><ele>2219.0</ele><time>2022-08-20T21:26:53Z</time></trkpt><trkpt lat="47.480561" lon="-120.801211"><ele>2216.0</ele><time>2022-08-20T21:27:06Z</time></trkpt><trkpt lat="47.480593" lon="-120.801194"><ele>2215.0</ele><time>2022-08-20T21:27:18Z</time></trkpt><trkpt lat="47.480599" lon="-120.801081"><ele>2212.0</ele><time>2022-08-20T21:27:39Z</time></trkpt><trkpt lat="47.480571" lon="-120.800963"><ele>2205.0</ele><time>2022-08-20T21:28:08Z</time></trkpt><trkpt lat="47.480584" lon="-120.800934"><ele>2209.0</ele><time>2022-08-20T21:28:22Z</time></trkpt><trkpt lat="47.480618" lon="-120.800897"><ele>2209.0</ele><time>2022-08-20T21:28:47Z</time></trkpt><trkpt lat="47.480654" lon="-120.800887"><ele>2204.0</ele><time>2022-08-20T21:29:00Z</time></trkpt><trkpt lat="47.480747" lon="-120.800733"><ele>2200.0</ele><time>2022-08-20T21:29:34Z</time></trkpt><trkpt lat="47.480776" lon="-120.800717"><ele>2196.0</ele><time>2022-08-20T21:29:41Z</time></trkpt><trkpt lat="47.480811" lon="-120.800535"><ele>2196.0</ele><time>2022-08-20T21:30:02Z</time></trkpt><trkpt lat="47.4808" lon="-120.800446"><ele>2192.0</ele><time>2022-08-20T21:30:36Z</time></trkpt><trkpt lat="47.480792" lon="-120.800459"><ele>2190.0</ele><time>2022-08-20T21:33:17Z</time></trkpt><trkpt lat="47.48077" lon="-120.800462"><ele>2189.0</ele><time>2022-08-20T21:36:23Z</time></trkpt><trkpt lat="47.480742" lon="-120.80034"><ele>2192.0</ele><time>2022-08-20T21:37:27Z</time></trkpt><trkpt lat="47.480733" lon="-120.800122"><ele>2193.0</ele><time>2022-08-20T21:37:46Z</time></trkpt><trkpt lat="47.480722" lon="-120.800078"><ele>2192.0</ele><time>2022-08-20T21:37:49Z</time></trkpt><trkpt lat="47.480764" lon="-120.799926"><ele>2187.0</ele><time>2022-08-20T21:38:02Z</time></trkpt><trkpt lat="47.480787" lon="-120.799781"><ele>2190.0</ele><time>2022-08-20T21:38:31Z</time></trkpt><trkpt lat="47.480847" lon="-120.799793"><ele>2192.0</ele><time>2022-08-20T21:38:38Z</time></trkpt><trkpt lat="47.480918" lon="-120.79977"><ele>2195.0</ele><time>2022-08-20T21:38:49Z</time></trkpt><trkpt lat="47.480959" lon="-120.799815"><ele>2196.0</ele><time>2022-08-20T21:38:56Z</time></trkpt><trkpt lat="47.481015" lon="-120.799819"><ele>2197.0</ele><time>2022-08-20T21:39:08Z</time></trkpt><trkpt lat="47.481067" lon="-120.799864"><ele>2199.0</ele><time>2022-08-20T21:39:20Z</time></trkpt><trkpt lat="47.481105" lon="-120.799849"><ele>2198.0</ele><time>2022-08-20T21:39:23Z</time></trkpt><trkpt lat="47.481217" lon="-120.799841"><ele>2196.0</ele><time>2022-08-20T21:39:32Z</time></trkpt><trkpt lat="47.481254" lon="-120.799869"><ele>2196.0</ele><time>2022-08-20T21:39:36Z</time></trkpt><trkpt lat="47.481285" lon="-120.799869"><ele>2196.0</ele><time>2022-08-20T21:39:39Z</time></trkpt><trkpt lat="47.481323" lon="-120.799886"><ele>2196.0</ele><time>2022-08-20T21:39:41Z</time></trkpt><trkpt lat="47.481376" lon="-120.79983"><ele>2198.0</ele><time>2022-08-20T21:39:45Z</time></trkpt><trkpt lat="47.481443" lon="-120.799815"><ele>2198.0</ele><time>2022-08-20T21:39:50Z</time></trkpt><trkpt lat="47.48149" lon="-120.799829"><ele>2202.0</ele><time>2022-08-20T21:39:53Z</time></trkpt><trkpt lat="47.481524" lon="-120.799816"><ele>2202.0</ele><time>2022-08-20T21:39:55Z</time></trkpt><trkpt lat="47.48157" lon="-120.799779"><ele>2200.0</ele><time>2022-08-20T21:40:00Z</time></trkpt><trkpt lat="47.481688" lon="-120.799782"><ele>2199.0</ele><time>2022-08-20T21:40:15Z</time></trkpt><trkpt lat="47.481721" lon="-120.799771"><ele>2199.0</ele><time>2022-08-20T21:40:18Z</time></trkpt><trkpt lat="47.481878" lon="-120.799672"><ele>2196.0</ele><time>2022-08-20T21:40:47Z</time></trkpt><trkpt lat="47.481972" lon="-120.7996"><ele>2195.0</ele><time>2022-08-20T21:41:06Z</time></trkpt><trkpt lat="47.482019" lon="-120.799533"><ele>2193.0</ele><time>2022-08-20T21:41:12Z</time></trkpt><trkpt lat="47.482079" lon="-120.799488"><ele>2194.0</ele><time>2022-08-20T21:41:17Z</time></trkpt><trkpt lat="47.48215" lon="-120.79947"><ele>2194.0</ele><time>2022-08-20T21:41:24Z</time></trkpt><trkpt lat="47.482171" lon="-120.799437"><ele>2195.0</ele><time>2022-08-20T21:41:28Z</time></trkpt><trkpt lat="47.482259" lon="-120.799371"><ele>2196.7</ele><time>2022-08-20T21:41:41Z</time></trkpt><trkpt lat="47.482274" lon="-120.79932"><ele>2194.0</ele><time>2022-08-20T21:41:48Z</time></trkpt><trkpt lat="47.482546" lon="-120.799188"><ele>2196.0</ele><time>2022-08-20T21:42:12Z</time></trkpt><trkpt lat="47.482593" lon="-120.799122"><ele>2199.0</ele><time>2022-08-20T21:42:17Z</time></trkpt><trkpt lat="47.482635" lon="-120.799114"><ele>2199.0</ele><time>2022-08-20T21:42:20Z</time></trkpt><trkpt lat="47.482733" lon="-120.799031"><ele>2196.0</ele><time>2022-08-20T21:42:31Z</time></trkpt><trkpt lat="47.482721" lon="-120.799"><ele>2199.0</ele><time>2022-08-20T21:42:34Z</time></trkpt><trkpt lat="47.48277" lon="-120.798913"><ele>2194.0</ele><time>2022-08-20T21:42:45Z</time></trkpt><trkpt lat="47.482788" lon="-120.798849"><ele>2193.0</ele><time>2022-08-20T21:42:51Z</time></trkpt><trkpt lat="47.482809" lon="-120.798816"><ele>2194.0</ele><time>2022-08-20T21:42:53Z</time></trkpt><trkpt lat="47.482801" lon="-120.798735"><ele>2195.0</ele><time>2022-08-20T21:42:58Z</time></trkpt><trkpt lat="47.482832" lon="-120.798639"><ele>2194.0</ele><time>2022-08-20T21:43:04Z</time></trkpt><trkpt lat="47.482788" lon="-120.79861"><ele>2194.0</ele><time>2022-08-20T21:43:07Z</time></trkpt><trkpt lat="47.482775" lon="-120.798542"><ele>2196.0</ele><time>2022-08-20T21:43:11Z</time></trkpt><trkpt lat="47.482795" lon="-120.798377"><ele>2196.4</ele><time>2022-08-20T21:43:24Z</time></trkpt><trkpt lat="47.482772" lon="-120.798287"><ele>2194.0</ele><time>2022-08-20T21:43:33Z</time></trkpt><trkpt lat="47.482799" lon="-120.798245"><ele>2192.0</ele><time>2022-08-20T21:43:36Z</time></trkpt><trkpt lat="47.482829" lon="-120.798228"><ele>2193.0</ele><time>2022-08-20T21:43:39Z</time></trkpt><trkpt lat="47.48284" lon="-120.798189"><ele>2192.0</ele><time>2022-08-20T21:43:42Z</time></trkpt><trkpt lat="47.482833" lon="-120.798109"><ele>2190.0</ele><time>2022-08-20T21:43:47Z</time></trkpt><trkpt lat="47.482857" lon="-120.798028"><ele>2190.0</ele><time>2022-08-20T21:43:52Z</time></trkpt><trkpt lat="47.4829" lon="-120.797975"><ele>2188.0</ele><time>2022-08-20T21:43:59Z</time></trkpt><trkpt lat="47.482905" lon="-120.797863"><ele>2185.0</ele><time>2022-08-20T21:44:11Z</time></trkpt><trkpt lat="47.482925" lon="-120.797823"><ele>2185.0</ele><time>2022-08-20T21:44:17Z</time></trkpt><trkpt lat="47.482936" lon="-120.797747"><ele>2184.0</ele><time>2022-08-20T21:44:44Z</time></trkpt><trkpt lat="47.482957" lon="-120.797691"><ele>2182.0</ele><time>2022-08-20T21:44:55Z</time></trkpt><trkpt lat="47.482912" lon="-120.797664"><ele>2181.0</ele><time>2022-08-20T21:45:09Z</time></trkpt><trkpt lat="47.482909" lon="-120.797628"><ele>2180.0</ele><time>2022-08-20T21:45:12Z</time></trkpt><trkpt lat="47.482933" lon="-120.797532"><ele>2176.0</ele><time>2022-08-20T21:45:18Z</time></trkpt><trkpt lat="47.482941" lon="-120.79742"><ele>2176.0</ele><time>2022-08-20T21:45:26Z</time></trkpt><trkpt lat="47.482954" lon="-120.79739"><ele>2176.0</ele><time>2022-08-20T21:45:28Z</time></trkpt><trkpt lat="47.482895" lon="-120.797323"><ele>2174.8</ele><time>2022-08-20T21:45:36Z</time></trkpt><trkpt lat="47.482835" lon="-120.797114"><ele>2172.0</ele><time>2022-08-20T21:45:56Z</time></trkpt><trkpt lat="47.482836" lon="-120.797077"><ele>2171.0</ele><time>2022-08-20T21:45:58Z</time></trkpt><trkpt lat="47.482929" lon="-120.797011"><ele>2170.0</ele><time>2022-08-20T21:46:09Z</time></trkpt><trkpt lat="47.482919" lon="-120.796924"><ele>2171.0</ele><time>2022-08-20T21:46:28Z</time></trkpt><trkpt lat="47.482947" lon="-120.796882"><ele>2169.0</ele><time>2022-08-20T21:46:36Z</time></trkpt><trkpt lat="47.482953" lon="-120.79681"><ele>2170.0</ele><time>2022-08-20T21:46:40Z</time></trkpt><trkpt lat="47.483006" lon="-120.796649"><ele>2162.0</ele><time>2022-08-20T21:47:33Z</time></trkpt><trkpt lat="47.483004" lon="-120.796592"><ele>2164.0</ele><time>2022-08-20T21:47:42Z</time></trkpt><trkpt lat="47.483021" lon="-120.796568"><ele>2164.0</ele><time>2022-08-20T21:47:44Z</time></trkpt><trkpt lat="47.483033" lon="-120.796455"><ele>2160.0</ele><time>2022-08-20T21:48:10Z</time></trkpt><trkpt lat="47.48301" lon="-120.796396"><ele>2160.0</ele><time>2022-08-20T21:48:41Z</time></trkpt><trkpt lat="47.483026" lon="-120.796425"><ele>2161.0</ele><time>2022-08-20T21:48:58Z</time></trkpt><trkpt lat="47.48309" lon="-120.796376"><ele>2163.0</ele><time>2022-08-20T21:49:05Z</time></trkpt><trkpt lat="47.483131" lon="-120.796328"><ele>2165.0</ele><time>2022-08-20T21:49:11Z</time></trkpt><trkpt lat="47.483147" lon="-120.796284"><ele>2163.0</ele><time>2022-08-20T21:49:14Z</time></trkpt><trkpt lat="47.483148" lon="-120.7962"><ele>2166.0</ele><time>2022-08-20T21:49:19Z</time></trkpt><trkpt lat="47.483202" lon="-120.796103"><ele>2168.0</ele><time>2022-08-20T21:49:29Z</time></trkpt><trkpt lat="47.483213" lon="-120.796061"><ele>2166.0</ele><time>2022-08-20T21:49:34Z</time></trkpt><trkpt lat="47.48319" lon="-120.796008"><ele>2166.0</ele><time>2022-08-20T21:49:37Z</time></trkpt><trkpt lat="47.483161" lon="-120.795889"><ele>2165.0</ele><time>2022-08-20T21:49:46Z</time></trkpt><trkpt lat="47.483154" lon="-120.795806"><ele>2164.0</ele><time>2022-08-20T21:49:54Z</time></trkpt><trkpt lat="47.483192" lon="-120.795704"><ele>2163.0</ele><time>2022-08-20T21:50:01Z</time></trkpt><trkpt lat="47.483192" lon="-120.795667"><ele>2164.0</ele><time>2022-08-20T21:50:05Z</time></trkpt><trkpt lat="47.48317" lon="-120.795641"><ele>2160.0</ele><time>2022-08-20T21:50:11Z</time></trkpt><trkpt lat="47.483177" lon="-120.795593"><ele>2163.0</ele><time>2022-08-20T21:50:22Z</time></trkpt><trkpt lat="47.483207" lon="-120.795591"><ele>2162.0</ele><time>2022-08-20T21:50:29Z</time></trkpt><trkpt lat="47.483223" lon="-120.795563"><ele>2162.0</ele><time>2022-08-20T21:50:31Z</time></trkpt><trkpt lat="47.483245" lon="-120.79544"><ele>2164.0</ele><time>2022-08-20T21:50:37Z</time></trkpt><trkpt lat="47.483288" lon="-120.795384"><ele>2163.0</ele><time>2022-08-20T21:50:41Z</time></trkpt><trkpt lat="47.483325" lon="-120.795379"><ele>2160.0</ele><time>2022-08-20T21:50:51Z</time></trkpt><trkpt lat="47.483344" lon="-120.795355"><ele>2163.0</ele><time>2022-08-20T21:51:00Z</time></trkpt><trkpt lat="47.483348" lon="-120.795318"><ele>2162.0</ele><time>2022-08-20T21:51:03Z</time></trkpt><trkpt lat="47.483324" lon="-120.795089"><ele>2164.0</ele><time>2022-08-20T21:51:16Z</time></trkpt><trkpt lat="47.48327" lon="-120.795063"><ele>2160.0</ele><time>2022-08-20T21:51:28Z</time></trkpt><trkpt lat="47.48324" lon="-120.795065"><ele>2164.0</ele><time>2022-08-20T21:51:32Z</time></trkpt><trkpt lat="47.4832" lon="-120.795126"><ele>2164.0</ele><time>2022-08-20T21:51:39Z</time></trkpt><trkpt lat="47.483169" lon="-120.795114"><ele>2163.0</ele><time>2022-08-20T21:51:42Z</time></trkpt><trkpt lat="47.483146" lon="-120.795047"><ele>2163.0</ele><time>2022-08-20T21:51:46Z</time></trkpt><trkpt lat="47.483122" lon="-120.795023"><ele>2161.0</ele><time>2022-08-20T21:51:50Z</time></trkpt><trkpt lat="47.48306" lon="-120.795018"><ele>2164.0</ele><time>2022-08-20T21:51:59Z</time></trkpt><trkpt lat="47.483017" lon="-120.79503"><ele>2165.1</ele><time>2022-08-20T21:52:03Z</time></trkpt><trkpt lat="47.482992" lon="-120.795007"><ele>2163.0</ele><time>2022-08-20T21:52:06Z</time></trkpt><trkpt lat="47.48295" lon="-120.795027"><ele>2164.0</ele><time>2022-08-20T21:52:10Z</time></trkpt><trkpt lat="47.482881" lon="-120.794995"><ele>2164.0</ele><time>2022-08-20T21:52:16Z</time></trkpt><trkpt lat="47.482778" lon="-120.794991"><ele>2164.0</ele><time>2022-08-20T21:52:29Z</time></trkpt><trkpt lat="47.482742" lon="-120.795037"><ele>2164.0</ele><time>2022-08-20T21:52:37Z</time></trkpt><trkpt lat="47.482717" lon="-120.795054"><ele>2164.0</ele><time>2022-08-20T21:52:40Z</time></trkpt><trkpt lat="47.48266" lon="-120.795015"><ele>2164.0</ele><time>2022-08-20T21:52:47Z</time></trkpt><trkpt lat="47.482586" lon="-120.794898"><ele>2168.0</ele><time>2022-08-20T21:53:25Z</time></trkpt><trkpt lat="47.48253" lon="-120.794843"><ele>2169.0</ele><time>2022-08-20T21:53:33Z</time></trkpt><trkpt lat="47.4825" lon="-120.794837"><ele>2169.0</ele><time>2022-08-20T21:53:36Z</time></trkpt><trkpt lat="47.482307" lon="-120.795009"><ele>2169.0</ele><time>2022-08-20T21:53:54Z</time></trkpt><trkpt lat="47.482233" lon="-120.795106"><ele>2166.0</ele><time>2022-08-20T21:54:02Z</time></trkpt><trkpt lat="47.482148" lon="-120.795147"><ele>2168.0</ele><time>2022-08-20T21:54:08Z</time></trkpt><trkpt lat="47.482079" lon="-120.79515"><ele>2168.0</ele><time>2022-08-20T21:54:15Z</time></trkpt><trkpt lat="47.482031" lon="-120.795141"><ele>2168.0</ele><time>2022-08-20T21:54:19Z</time></trkpt><trkpt lat="47.48197" lon="-120.79518"><ele>2169.0</ele><time>2022-08-20T21:54:27Z</time></trkpt><trkpt lat="47.481957" lon="-120.795208"><ele>2169.1</ele><time>2022-08-20T21:54:29Z</time></trkpt><trkpt lat="47.481899" lon="-120.795258"><ele>2168.8</ele><time>2022-08-20T21:54:38Z</time></trkpt><trkpt lat="47.481896" lon="-120.795278"><ele>2167.0</ele><time>2022-08-20T21:54:40Z</time></trkpt><trkpt lat="47.481831" lon="-120.795352"><ele>2167.0</ele><time>2022-08-20T21:54:46Z</time></trkpt><trkpt lat="47.48179" lon="-120.795428"><ele>2168.0</ele><time>2022-08-20T21:54:50Z</time></trkpt><trkpt lat="47.481763" lon="-120.795443"><ele>2169.0</ele><time>2022-08-20T21:54:52Z</time></trkpt><trkpt lat="47.481661" lon="-120.795549"><ele>2173.0</ele><time>2022-08-20T21:55:02Z</time></trkpt><trkpt lat="47.481662" lon="-120.795608"><ele>2175.0</ele><time>2022-08-20T21:55:07Z</time></trkpt><trkpt lat="47.481636" lon="-120.795647"><ele>2175.0</ele><time>2022-08-20T21:55:11Z</time></trkpt><trkpt lat="47.48159" lon="-120.795557"><ele>2172.0</ele><time>2022-08-20T21:55:19Z</time></trkpt><trkpt lat="47.481521" lon="-120.795545"><ele>2171.0</ele><time>2022-08-20T21:55:28Z</time></trkpt><trkpt lat="47.481495" lon="-120.79551"><ele>2169.0</ele><time>2022-08-20T21:55:31Z</time></trkpt><trkpt lat="47.481458" lon="-120.795524"><ele>2170.0</ele><time>2022-08-20T21:55:36Z</time></trkpt><trkpt lat="47.481417" lon="-120.795522"><ele>2172.0</ele><time>2022-08-20T21:55:40Z</time></trkpt><trkpt lat="47.481382" lon="-120.795504"><ele>2172.0</ele><time>2022-08-20T21:55:42Z</time></trkpt><trkpt lat="47.481354" lon="-120.795472"><ele>2172.0</ele><time>2022-08-20T21:55:45Z</time></trkpt><trkpt lat="47.481319" lon="-120.795468"><ele>2168.0</ele><time>2022-08-20T21:55:49Z</time></trkpt><trkpt lat="47.481285" lon="-120.795482"><ele>2170.0</ele><time>2022-08-20T21:55:54Z</time></trkpt><trkpt lat="47.481263" lon="-120.795527"><ele>2169.0</ele><time>2022-08-20T21:55:57Z</time></trkpt><trkpt lat="47.481096" lon="-120.795464"><ele>2170.0</ele><time>2022-08-20T21:56:11Z</time></trkpt><trkpt lat="47.481061" lon="-120.795475"><ele>2170.2</ele><time>2022-08-20T21:56:18Z</time></trkpt><trkpt lat="47.481047" lon="-120.795496"><ele>2168.0</ele><time>2022-08-20T21:56:21Z</time></trkpt><trkpt lat="47.48096" lon="-120.795502"><ele>2164.0</ele><time>2022-08-20T21:56:37Z</time></trkpt><trkpt lat="47.480929" lon="-120.795516"><ele>2164.0</ele><time>2022-08-20T21:56:40Z</time></trkpt><trkpt lat="47.480854" lon="-120.795522"><ele>2164.0</ele><time>2022-08-20T21:56:49Z</time></trkpt><trkpt lat="47.480827" lon="-120.795512"><ele>2166.0</ele><time>2022-08-20T21:56:53Z</time></trkpt><trkpt lat="47.480721" lon="-120.795521"><ele>2164.0</ele><time>2022-08-20T21:57:07Z</time></trkpt><trkpt lat="47.480706" lon="-120.795553"><ele>2166.0</ele><time>2022-08-20T21:57:14Z</time></trkpt><trkpt lat="47.480605" lon="-120.795673"><ele>2163.0</ele><time>2022-08-20T21:57:31Z</time></trkpt><trkpt lat="47.480436" lon="-120.795731"><ele>2166.0</ele><time>2022-08-20T21:57:49Z</time></trkpt><trkpt lat="47.480397" lon="-120.79578"><ele>2165.0</ele><time>2022-08-20T21:58:00Z</time></trkpt><trkpt lat="47.480361" lon="-120.795798"><ele>2168.0</ele><time>2022-08-20T21:58:04Z</time></trkpt><trkpt lat="47.480323" lon="-120.79579"><ele>2166.0</ele><time>2022-08-20T21:58:09Z</time></trkpt><trkpt lat="47.480296" lon="-120.795806"><ele>2168.0</ele><time>2022-08-20T21:58:14Z</time></trkpt><trkpt lat="47.48025" lon="-120.795908"><ele>2169.0</ele><time>2022-08-20T21:58:30Z</time></trkpt><trkpt lat="47.480202" lon="-120.795947"><ele>2166.0</ele><time>2022-08-20T21:58:37Z</time></trkpt><trkpt lat="47.479975" lon="-120.796029"><ele>2168.0</ele><time>2022-08-20T21:59:15Z</time></trkpt><trkpt lat="47.479943" lon="-120.796074"><ele>2168.0</ele><time>2022-08-20T21:59:25Z</time></trkpt><trkpt lat="47.479941" lon="-120.796042"><ele>2164.0</ele><time>2022-08-20T21:59:57Z</time></trkpt><trkpt lat="47.479923" lon="-120.796074"><ele>2163.0</ele><time>2022-08-20T22:00:40Z</time></trkpt><trkpt lat="47.479906" lon="-120.796036"><ele>2157.0</ele><time>2022-08-20T22:01:02Z</time></trkpt><trkpt lat="47.4799" lon="-120.795982"><ele>2165.0</ele><time>2022-08-20T22:01:34Z</time></trkpt><trkpt lat="47.479742" lon="-120.796023"><ele>2160.0</ele><time>2022-08-20T22:02:03Z</time></trkpt><trkpt lat="47.479673" lon="-120.796114"><ele>2166.0</ele><time>2022-08-20T22:02:18Z</time></trkpt><trkpt lat="47.479627" lon="-120.796111"><ele>2165.0</ele><time>2022-08-20T22:02:24Z</time></trkpt><trkpt lat="47.479605" lon="-120.796099"><ele>2163.0</ele><time>2022-08-20T22:02:29Z</time></trkpt><trkpt lat="47.479553" lon="-120.796103"><ele>2164.0</ele><time>2022-08-20T22:02:40Z</time></trkpt><trkpt lat="47.479493" lon="-120.796017"><ele>2165.0</ele><time>2022-08-20T22:02:49Z</time></trkpt><trkpt lat="47.47946" lon="-120.796002"><ele>2165.0</ele><time>2022-08-20T22:02:53Z</time></trkpt><trkpt lat="47.479423" lon="-120.79603"><ele>2162.0</ele><time>2022-08-20T22:03:03Z</time></trkpt><trkpt lat="47.479388" lon="-120.795958"><ele>2164.0</ele><time>2022-08-20T22:03:15Z</time></trkpt><trkpt lat="47.479366" lon="-120.795983"><ele>2162.0</ele><time>2022-08-20T22:03:19Z</time></trkpt><trkpt lat="47.479332" lon="-120.795982"><ele>2161.0</ele><time>2022-08-20T22:03:25Z</time></trkpt><trkpt lat="47.479281" lon="-120.795933"><ele>2160.0</ele><time>2022-08-20T22:03:33Z</time></trkpt><trkpt lat="47.479256" lon="-120.795783"><ele>2159.0</ele><time>2022-08-20T22:03:47Z</time></trkpt><trkpt lat="47.479226" lon="-120.795707"><ele>2158.0</ele><time>2022-08-20T22:03:52Z</time></trkpt><trkpt lat="47.479212" lon="-120.795628"><ele>2156.0</ele><time>2022-08-20T22:03:57Z</time></trkpt><trkpt lat="47.479163" lon="-120.795573"><ele>2158.0</ele><time>2022-08-20T22:04:03Z</time></trkpt><trkpt lat="47.479147" lon="-120.795524"><ele>2158.0</ele><time>2022-08-20T22:04:07Z</time></trkpt><trkpt lat="47.47914" lon="-120.79548"><ele>2160.0</ele><time>2022-08-20T22:04:14Z</time></trkpt><trkpt lat="47.479147" lon="-120.795372"><ele>2160.0</ele><time>2022-08-20T22:04:23Z</time></trkpt><trkpt lat="47.479134" lon="-120.795288"><ele>2160.0</ele><time>2022-08-20T22:04:28Z</time></trkpt><trkpt lat="47.479137" lon="-120.795246"><ele>2160.0</ele><time>2022-08-20T22:04:31Z</time></trkpt><trkpt lat="47.479165" lon="-120.795221"><ele>2160.0</ele><time>2022-08-20T22:04:35Z</time></trkpt><trkpt lat="47.479143" lon="-120.795161"><ele>2158.0</ele><time>2022-08-20T22:04:43Z</time></trkpt><trkpt lat="47.479151" lon="-120.795116"><ele>2157.0</ele><time>2022-08-20T22:04:45Z</time></trkpt><trkpt lat="47.479135" lon="-120.795045"><ele>2158.0</ele><time>2022-08-20T22:04:50Z</time></trkpt><trkpt lat="47.479147" lon="-120.794864"><ele>2159.0</ele><time>2022-08-20T22:05:01Z</time></trkpt><trkpt lat="47.47914" lon="-120.794758"><ele>2157.0</ele><time>2022-08-20T22:05:10Z</time></trkpt><trkpt lat="47.479164" lon="-120.794728"><ele>2157.0</ele><time>2022-08-20T22:05:13Z</time></trkpt><trkpt lat="47.479164" lon="-120.794696"><ele>2157.0</ele><time>2022-08-20T22:05:16Z</time></trkpt><trkpt lat="47.479134" lon="-120.794571"><ele>2157.0</ele><time>2022-08-20T22:05:25Z</time></trkpt><trkpt lat="47.479137" lon="-120.794493"><ele>2158.0</ele><time>2022-08-20T22:05:30Z</time></trkpt><trkpt lat="47.479107" lon="-120.79426"><ele>2158.0</ele><time>2022-08-20T22:05:43Z</time></trkpt><trkpt lat="47.479082" lon="-120.794186"><ele>2158.0</ele><time>2022-08-20T22:05:46Z</time></trkpt><trkpt lat="47.478979" lon="-120.793983"><ele>2157.0</ele><time>2022-08-20T22:06:14Z</time></trkpt><trkpt lat="47.479075" lon="-120.793854"><ele>2158.0</ele><time>2022-08-20T22:06:25Z</time></trkpt><trkpt lat="47.479104" lon="-120.793784"><ele>2157.0</ele><time>2022-08-20T22:06:31Z</time></trkpt><trkpt lat="47.479103" lon="-120.793743"><ele>2158.0</ele><time>2022-08-20T22:06:33Z</time></trkpt><trkpt lat="47.479132" lon="-120.793659"><ele>2159.7</ele><time>2022-08-20T22:06:39Z</time></trkpt><trkpt lat="47.479157" lon="-120.793636"><ele>2159.0</ele><time>2022-08-20T22:06:43Z</time></trkpt><trkpt lat="47.479172" lon="-120.793602"><ele>2159.0</ele><time>2022-08-20T22:06:46Z</time></trkpt><trkpt lat="47.479174" lon="-120.793542"><ele>2157.0</ele><time>2022-08-20T22:06:50Z</time></trkpt><trkpt lat="47.479232" lon="-120.793482"><ele>2159.0</ele><time>2022-08-20T22:06:56Z</time></trkpt><trkpt lat="47.479262" lon="-120.793413"><ele>2160.0</ele><time>2022-08-20T22:07:00Z</time></trkpt><trkpt lat="47.479246" lon="-120.793313"><ele>2163.0</ele><time>2022-08-20T22:07:06Z</time></trkpt><trkpt lat="47.479256" lon="-120.793277"><ele>2161.0</ele><time>2022-08-20T22:07:08Z</time></trkpt><trkpt lat="47.479294" lon="-120.793291"><ele>2160.0</ele><time>2022-08-20T22:07:12Z</time></trkpt><trkpt lat="47.479326" lon="-120.793263"><ele>2160.0</ele><time>2022-08-20T22:07:16Z</time></trkpt><trkpt lat="47.47938" lon="-120.793279"><ele>2156.0</ele><time>2022-08-20T22:07:21Z</time></trkpt><trkpt lat="47.479399" lon="-120.79331"><ele>2151.0</ele><time>2022-08-20T22:07:28Z</time></trkpt><trkpt lat="47.479435" lon="-120.793282"><ele>2150.0</ele><time>2022-08-20T22:07:37Z</time></trkpt><trkpt lat="47.479417" lon="-120.793215"><ele>2151.0</ele><time>2022-08-20T22:07:43Z</time></trkpt><trkpt lat="47.479421" lon="-120.793173"><ele>2151.0</ele><time>2022-08-20T22:07:46Z</time></trkpt><trkpt lat="47.479441" lon="-120.793138"><ele>2148.0</ele><time>2022-08-20T22:07:50Z</time></trkpt><trkpt lat="47.479518" lon="-120.793151"><ele>2148.0</ele><time>2022-08-20T22:08:01Z</time></trkpt><trkpt lat="47.479558" lon="-120.793085"><ele>2146.0</ele><time>2022-08-20T22:08:12Z</time></trkpt><trkpt lat="47.47962" lon="-120.793093"><ele>2141.0</ele><time>2022-08-20T22:08:26Z</time></trkpt><trkpt lat="47.479642" lon="-120.793067"><ele>2141.0</ele><time>2022-08-20T22:08:30Z</time></trkpt><trkpt lat="47.479671" lon="-120.792988"><ele>2136.0</ele><time>2022-08-20T22:08:38Z</time></trkpt><trkpt lat="47.479692" lon="-120.792961"><ele>2136.0</ele><time>2022-08-20T22:08:44Z</time></trkpt><trkpt lat="47.479696" lon="-120.792924"><ele>2136.0</ele><time>2022-08-20T22:08:47Z</time></trkpt><trkpt lat="47.479668" lon="-120.792859"><ele>2136.0</ele><time>2022-08-20T22:08:53Z</time></trkpt><trkpt lat="47.47966" lon="-120.792797"><ele>2138.0</ele><time>2022-08-20T22:08:58Z</time></trkpt><trkpt lat="47.479668" lon="-120.79274"><ele>2136.0</ele><time>2022-08-20T22:09:05Z</time></trkpt><trkpt lat="47.479746" lon="-120.792689"><ele>2133.0</ele><time>2022-08-20T22:09:15Z</time></trkpt><trkpt lat="47.47976" lon="-120.792648"><ele>2133.0</ele><time>2022-08-20T22:09:19Z</time></trkpt><trkpt lat="47.479746" lon="-120.792619"><ele>2133.0</ele><time>2022-08-20T22:09:23Z</time></trkpt><trkpt lat="47.479766" lon="-120.79255"><ele>2130.0</ele><time>2022-08-20T22:09:37Z</time></trkpt><trkpt lat="47.479769" lon="-120.792493"><ele>2129.0</ele><time>2022-08-20T22:09:53Z</time></trkpt><trkpt lat="47.479845" lon="-120.792347"><ele>2124.0</ele><time>2022-08-20T22:10:13Z</time></trkpt><trkpt lat="47.479861" lon="-120.792235"><ele>2124.0</ele><time>2022-08-20T22:10:19Z</time></trkpt><trkpt lat="47.479924" lon="-120.792176"><ele>2124.0</ele><time>2022-08-20T22:10:25Z</time></trkpt><trkpt lat="47.479955" lon="-120.792156"><ele>2124.0</ele><time>2022-08-20T22:10:28Z</time></trkpt><trkpt lat="47.47999" lon="-120.792151"><ele>2124.0</ele><time>2022-08-20T22:10:31Z</time></trkpt><trkpt lat="47.480038" lon="-120.792058"><ele>2122.0</ele><time>2022-08-20T22:10:39Z</time></trkpt><trkpt lat="47.480055" lon="-120.791991"><ele>2121.0</ele><time>2022-08-20T22:10:44Z</time></trkpt><trkpt lat="47.480103" lon="-120.791991"><ele>2121.0</ele><time>2022-08-20T22:10:49Z</time></trkpt><trkpt lat="47.480129" lon="-120.791962"><ele>2121.0</ele><time>2022-08-20T22:10:52Z</time></trkpt><trkpt lat="47.480141" lon="-120.791925"><ele>2121.0</ele><time>2022-08-20T22:10:55Z</time></trkpt><trkpt lat="47.480125" lon="-120.791813"><ele>2120.0</ele><time>2022-08-20T22:11:12Z</time></trkpt><trkpt lat="47.48017" lon="-120.79181"><ele>2120.0</ele><time>2022-08-20T22:11:20Z</time></trkpt><trkpt lat="47.480262" lon="-120.791754"><ele>2120.0</ele><time>2022-08-20T22:11:28Z</time></trkpt><trkpt lat="47.480294" lon="-120.791663"><ele>2122.0</ele><time>2022-08-20T22:11:35Z</time></trkpt><trkpt lat="47.480317" lon="-120.791627"><ele>2121.0</ele><time>2022-08-20T22:11:37Z</time></trkpt><trkpt lat="47.480371" lon="-120.791575"><ele>2122.0</ele><time>2022-08-20T22:11:42Z</time></trkpt><trkpt lat="47.4804" lon="-120.791565"><ele>2123.0</ele><time>2022-08-20T22:11:44Z</time></trkpt><trkpt lat="47.480415" lon="-120.791521"><ele>2123.0</ele><time>2022-08-20T22:11:47Z</time></trkpt><trkpt lat="47.48042" lon="-120.791407"><ele>2124.0</ele><time>2022-08-20T22:11:56Z</time></trkpt><trkpt lat="47.480388" lon="-120.791242"><ele>2124.0</ele><time>2022-08-20T22:12:07Z</time></trkpt><trkpt lat="47.480272" lon="-120.791016"><ele>2121.0</ele><time>2022-08-20T22:12:46Z</time></trkpt><trkpt lat="47.480286" lon="-120.790903"><ele>2122.0</ele><time>2022-08-20T22:12:53Z</time></trkpt><trkpt lat="47.480269" lon="-120.790833"><ele>2121.0</ele><time>2022-08-20T22:12:57Z</time></trkpt><trkpt lat="47.480249" lon="-120.790799"><ele>2124.0</ele><time>2022-08-20T22:13:00Z</time></trkpt><trkpt lat="47.480188" lon="-120.790774"><ele>2121.0</ele><time>2022-08-20T22:13:06Z</time></trkpt><trkpt lat="47.480166" lon="-120.790749"><ele>2122.0</ele><time>2022-08-20T22:13:08Z</time></trkpt><trkpt lat="47.480147" lon="-120.790654"><ele>2121.0</ele><time>2022-08-20T22:13:17Z</time></trkpt><trkpt lat="47.48012" lon="-120.790627"><ele>2120.0</ele><time>2022-08-20T22:13:21Z</time></trkpt><trkpt lat="47.480078" lon="-120.790512"><ele>2121.0</ele><time>2022-08-20T22:13:30Z</time></trkpt><trkpt lat="47.480039" lon="-120.790463"><ele>2118.0</ele><time>2022-08-20T22:13:36Z</time></trkpt><trkpt lat="47.480018" lon="-120.790368"><ele>2117.0</ele><time>2022-08-20T22:13:44Z</time></trkpt><trkpt lat="47.479971" lon="-120.790298"><ele>2115.0</ele><time>2022-08-20T22:13:50Z</time></trkpt><trkpt lat="47.479939" lon="-120.79022"><ele>2116.0</ele><time>2022-08-20T22:13:56Z</time></trkpt><trkpt lat="47.479893" lon="-120.790172"><ele>2118.0</ele><time>2022-08-20T22:14:02Z</time></trkpt><trkpt lat="47.479878" lon="-120.790107"><ele>2118.0</ele><time>2022-08-20T22:14:08Z</time></trkpt><trkpt lat="47.479845" lon="-120.790094"><ele>2116.0</ele><time>2022-08-20T22:14:12Z</time></trkpt><trkpt lat="47.47982" lon="-120.790024"><ele>2116.0</ele><time>2022-08-20T22:14:21Z</time></trkpt><trkpt lat="47.479745" lon="-120.78997"><ele>2116.0</ele><time>2022-08-20T22:14:32Z</time></trkpt><trkpt lat="47.479681" lon="-120.789834"><ele>2114.0</ele><time>2022-08-20T22:14:54Z</time></trkpt><trkpt lat="47.479686" lon="-120.789618"><ele>2111.0</ele><time>2022-08-20T22:15:14Z</time></trkpt><trkpt lat="47.479679" lon="-120.789578"><ele>2110.0</ele><time>2022-08-20T22:15:17Z</time></trkpt><trkpt lat="47.479695" lon="-120.789509"><ele>2110.0</ele><time>2022-08-20T22:15:21Z</time></trkpt><trkpt lat="47.479727" lon="-120.789457"><ele>2109.0</ele><time>2022-08-20T22:15:25Z</time></trkpt><trkpt lat="47.479731" lon="-120.789381"><ele>2108.0</ele><time>2022-08-20T22:15:31Z</time></trkpt><trkpt lat="47.479764" lon="-120.789269"><ele>2110.0</ele><time>2022-08-20T22:15:38Z</time></trkpt><trkpt lat="47.479743" lon="-120.789239"><ele>2109.0</ele><time>2022-08-20T22:15:40Z</time></trkpt><trkpt lat="47.479715" lon="-120.789224"><ele>2108.0</ele><time>2022-08-20T22:15:43Z</time></trkpt><trkpt lat="47.47972" lon="-120.7892"><ele>2109.0</ele><time>2022-08-20T22:15:47Z</time></trkpt><trkpt lat="47.479708" lon="-120.78906"><ele>2108.0</ele><time>2022-08-20T22:16:01Z</time></trkpt><trkpt lat="47.479689" lon="-120.788999"><ele>2108.0</ele><time>2022-08-20T22:16:06Z</time></trkpt><trkpt lat="47.47969" lon="-120.788844"><ele>2107.0</ele><time>2022-08-20T22:16:18Z</time></trkpt><trkpt lat="47.479681" lon="-120.788803"><ele>2104.0</ele><time>2022-08-20T22:16:22Z</time></trkpt><trkpt lat="47.4797" lon="-120.788735"><ele>2105.0</ele><time>2022-08-20T22:16:31Z</time></trkpt><trkpt lat="47.479684" lon="-120.788645"><ele>2103.0</ele><time>2022-08-20T22:16:40Z</time></trkpt><trkpt lat="47.479692" lon="-120.788584"><ele>2103.0</ele><time>2022-08-20T22:16:47Z</time></trkpt><trkpt lat="47.479656" lon="-120.788515"><ele>2103.0</ele><time>2022-08-20T22:16:55Z</time></trkpt><trkpt lat="47.479634" lon="-120.788494"><ele>2105.0</ele><time>2022-08-20T22:16:57Z</time></trkpt><trkpt lat="47.479575" lon="-120.788367"><ele>2103.0</ele><time>2022-08-20T22:17:10Z</time></trkpt><trkpt lat="47.479571" lon="-120.788332"><ele>2100.0</ele><time>2022-08-20T22:17:15Z</time></trkpt><trkpt lat="47.479604" lon="-120.788277"><ele>2100.0</ele><time>2022-08-20T22:17:26Z</time></trkpt><trkpt lat="47.479631" lon="-120.788255"><ele>2100.0</ele><time>2022-08-20T22:17:35Z</time></trkpt><trkpt lat="47.479655" lon="-120.788189"><ele>2099.0</ele><time>2022-08-20T22:17:44Z</time></trkpt><trkpt lat="47.47964" lon="-120.788158"><ele>2100.0</ele><time>2022-08-20T22:17:47Z</time></trkpt><trkpt lat="47.479651" lon="-120.788075"><ele>2097.0</ele><time>2022-08-20T22:17:52Z</time></trkpt><trkpt lat="47.479624" lon="-120.788019"><ele>2099.1</ele><time>2022-08-20T22:17:57Z</time></trkpt><trkpt lat="47.479579" lon="-120.787964"><ele>2098.0</ele><time>2022-08-20T22:18:03Z</time></trkpt><trkpt lat="47.479547" lon="-120.787895"><ele>2097.0</ele><time>2022-08-20T22:18:08Z</time></trkpt><trkpt lat="47.479549" lon="-120.787784"><ele>2097.0</ele><time>2022-08-20T22:18:18Z</time></trkpt><trkpt lat="47.479616" lon="-120.78783"><ele>2100.0</ele><time>2022-08-20T22:18:29Z</time></trkpt><trkpt lat="47.479646" lon="-120.787779"><ele>2100.0</ele><time>2022-08-20T22:18:36Z</time></trkpt><trkpt lat="47.479674" lon="-120.78769"><ele>2102.0</ele><time>2022-08-20T22:18:45Z</time></trkpt><trkpt lat="47.479654" lon="-120.787613"><ele>2100.0</ele><time>2022-08-20T22:18:56Z</time></trkpt><trkpt lat="47.47965" lon="-120.787508"><ele>2100.0</ele><time>2022-08-20T22:19:09Z</time></trkpt><trkpt lat="47.479617" lon="-120.787399"><ele>2102.0</ele><time>2022-08-20T22:19:20Z</time></trkpt><trkpt lat="47.479618" lon="-120.787273"><ele>2103.0</ele><time>2022-08-20T22:19:30Z</time></trkpt><trkpt lat="47.479643" lon="-120.787208"><ele>2104.0</ele><time>2022-08-20T22:19:34Z</time></trkpt><trkpt lat="47.479632" lon="-120.787154"><ele>2104.7</ele><time>2022-08-20T22:19:39Z</time></trkpt><trkpt lat="47.479607" lon="-120.787166"><ele>2102.0</ele><time>2022-08-20T22:19:42Z</time></trkpt><trkpt lat="47.479594" lon="-120.787111"><ele>2102.0</ele><time>2022-08-20T22:19:47Z</time></trkpt><trkpt lat="47.479605" lon="-120.787035"><ele>2104.0</ele><time>2022-08-20T22:19:51Z</time></trkpt><trkpt lat="47.479586" lon="-120.786924"><ele>2102.0</ele><time>2022-08-20T22:19:59Z</time></trkpt><trkpt lat="47.479652" lon="-120.786866"><ele>2103.0</ele><time>2022-08-20T22:20:07Z</time></trkpt><trkpt lat="47.479654" lon="-120.786815"><ele>2103.0</ele><time>2022-08-20T22:20:11Z</time></trkpt><trkpt lat="47.479702" lon="-120.786784"><ele>2103.0</ele><time>2022-08-20T22:20:16Z</time></trkpt><trkpt lat="47.479709" lon="-120.786712"><ele>2102.0</ele><time>2022-08-20T22:20:21Z</time></trkpt><trkpt lat="47.479731" lon="-120.786644"><ele>2102.0</ele><time>2022-08-20T22:20:24Z</time></trkpt><trkpt lat="47.479791" lon="-120.78652"><ele>2100.0</ele><time>2022-08-20T22:20:32Z</time></trkpt><trkpt lat="47.479827" lon="-120.786358"><ele>2100.0</ele><time>2022-08-20T22:20:40Z</time></trkpt><trkpt lat="47.479843" lon="-120.786332"><ele>2101.0</ele><time>2022-08-20T22:20:42Z</time></trkpt><trkpt lat="47.479885" lon="-120.786329"><ele>2101.0</ele><time>2022-08-20T22:20:45Z</time></trkpt><trkpt lat="47.479912" lon="-120.786297"><ele>2102.0</ele><time>2022-08-20T22:20:47Z</time></trkpt><trkpt lat="47.479944" lon="-120.786233"><ele>2102.0</ele><time>2022-08-20T22:20:51Z</time></trkpt><trkpt lat="47.479949" lon="-120.786202"><ele>2102.0</ele><time>2022-08-20T22:20:53Z</time></trkpt><trkpt lat="47.479919" lon="-120.786179"><ele>2102.0</ele><time>2022-08-20T22:20:55Z</time></trkpt><trkpt lat="47.479872" lon="-120.786178"><ele>2101.0</ele><time>2022-08-20T22:21:00Z</time></trkpt><trkpt lat="47.479814" lon="-120.78611"><ele>2103.0</ele><time>2022-08-20T22:21:10Z</time></trkpt><trkpt lat="47.479721" lon="-120.786039"><ele>2106.3</ele><time>2022-08-20T22:21:18Z</time></trkpt><trkpt lat="47.479666" lon="-120.786069"><ele>2103.0</ele><time>2022-08-20T22:21:23Z</time></trkpt><trkpt lat="47.479595" lon="-120.786085"><ele>2104.0</ele><time>2022-08-20T22:21:31Z</time></trkpt><trkpt lat="47.479523" lon="-120.786159"><ele>2101.0</ele><time>2022-08-20T22:21:43Z</time></trkpt><trkpt lat="47.479492" lon="-120.786137"><ele>2097.0</ele><time>2022-08-20T22:21:50Z</time></trkpt><trkpt lat="47.479478" lon="-120.786169"><ele>2102.0</ele><time>2022-08-20T22:21:57Z</time></trkpt><trkpt lat="47.479311" lon="-120.786215"><ele>2100.0</ele><time>2022-08-20T22:22:13Z</time></trkpt><trkpt lat="47.479281" lon="-120.786215"><ele>2101.0</ele><time>2022-08-20T22:22:16Z</time></trkpt><trkpt lat="47.479226" lon="-120.786195"><ele>2103.0</ele><time>2022-08-20T22:22:22Z</time></trkpt><trkpt lat="47.479167" lon="-120.786194"><ele>2104.0</ele><time>2022-08-20T22:22:29Z</time></trkpt><trkpt lat="47.479137" lon="-120.786218"><ele>2104.0</ele><time>2022-08-20T22:22:33Z</time></trkpt><trkpt lat="47.47907" lon="-120.786246"><ele>2100.0</ele><time>2022-08-20T22:22:44Z</time></trkpt><trkpt lat="47.479023" lon="-120.786332"><ele>2102.0</ele><time>2022-08-20T22:22:55Z</time></trkpt><trkpt lat="47.478954" lon="-120.78641"><ele>2100.0</ele><time>2022-08-20T22:23:04Z</time></trkpt><trkpt lat="47.478856" lon="-120.786342"><ele>2100.0</ele><time>2022-08-20T22:23:13Z</time></trkpt><trkpt lat="47.478823" lon="-120.786345"><ele>2100.0</ele><time>2022-08-20T22:23:16Z</time></trkpt><trkpt lat="47.478728" lon="-120.786286"><ele>2100.0</ele><time>2022-08-20T22:23:27Z</time></trkpt><trkpt lat="47.478705" lon="-120.78626"><ele>2104.0</ele><time>2022-08-20T22:23:32Z</time></trkpt><trkpt lat="47.478695" lon="-120.786163"><ele>2102.0</ele><time>2022-08-20T22:23:40Z</time></trkpt><trkpt lat="47.478717" lon="-120.786113"><ele>2100.0</ele><time>2022-08-20T22:23:45Z</time></trkpt><trkpt lat="47.478751" lon="-120.786121"><ele>2102.0</ele><time>2022-08-20T22:24:19Z</time></trkpt><trkpt lat="47.478798" lon="-120.786074"><ele>2103.0</ele><time>2022-08-20T22:24:25Z</time></trkpt><trkpt lat="47.478832" lon="-120.785998"><ele>2103.0</ele><time>2022-08-20T22:24:30Z</time></trkpt><trkpt lat="47.478923" lon="-120.785971"><ele>2104.0</ele><time>2022-08-20T22:24:42Z</time></trkpt><trkpt lat="47.479029" lon="-120.786014"><ele>2104.0</ele><time>2022-08-20T22:24:52Z</time></trkpt><trkpt lat="47.479067" lon="-120.785992"><ele>2103.0</ele><time>2022-08-20T22:24:56Z</time></trkpt><trkpt lat="47.479084" lon="-120.785959"><ele>2104.0</ele><time>2022-08-20T22:24:58Z</time></trkpt><trkpt lat="47.479099" lon="-120.785885"><ele>2104.0</ele><time>2022-08-20T22:25:02Z</time></trkpt><trkpt lat="47.479214" lon="-120.785744"><ele>2104.0</ele><time>2022-08-20T22:25:18Z</time></trkpt><trkpt lat="47.479249" lon="-120.785744"><ele>2104.0</ele><time>2022-08-20T22:25:22Z</time></trkpt><trkpt lat="47.47928" lon="-120.785721"><ele>2100.0</ele><time>2022-08-20T22:25:27Z</time></trkpt><trkpt lat="47.479319" lon="-120.785708"><ele>2103.0</ele><time>2022-08-20T22:25:32Z</time></trkpt><trkpt lat="47.47935" lon="-120.785715"><ele>2104.0</ele><time>2022-08-20T22:25:36Z</time></trkpt><trkpt lat="47.479383" lon="-120.785689"><ele>2103.0</ele><time>2022-08-20T22:25:39Z</time></trkpt><trkpt lat="47.479428" lon="-120.785686"><ele>2102.0</ele><time>2022-08-20T22:25:43Z</time></trkpt><trkpt lat="47.479462" lon="-120.785733"><ele>2102.0</ele><time>2022-08-20T22:25:48Z</time></trkpt><trkpt lat="47.479499" lon="-120.785734"><ele>2103.0</ele><time>2022-08-20T22:25:51Z</time></trkpt><trkpt lat="47.479646" lon="-120.785664"><ele>2104.9</ele><time>2022-08-20T22:26:04Z</time></trkpt><trkpt lat="47.479705" lon="-120.785598"><ele>2103.0</ele><time>2022-08-20T22:26:10Z</time></trkpt><trkpt lat="47.479718" lon="-120.785556"><ele>2103.0</ele><time>2022-08-20T22:26:14Z</time></trkpt><trkpt lat="47.47977" lon="-120.785507"><ele>2100.0</ele><time>2022-08-20T22:26:22Z</time></trkpt><trkpt lat="47.479825" lon="-120.785435"><ele>2097.0</ele><time>2022-08-20T22:26:35Z</time></trkpt><trkpt lat="47.479895" lon="-120.785438"><ele>2100.0</ele><time>2022-08-20T22:26:46Z</time></trkpt><trkpt lat="47.479982" lon="-120.785384"><ele>2100.0</ele><time>2022-08-20T22:26:55Z</time></trkpt><trkpt lat="47.48002" lon="-120.785374"><ele>2100.0</ele><time>2022-08-20T22:27:01Z</time></trkpt><trkpt lat="47.480055" lon="-120.785377"><ele>2100.0</ele><time>2022-08-20T22:27:06Z</time></trkpt><trkpt lat="47.480156" lon="-120.785414"><ele>2107.0</ele><time>2022-08-20T22:27:21Z</time></trkpt><trkpt lat="47.480231" lon="-120.78538"><ele>2106.0</ele><time>2022-08-20T22:27:34Z</time></trkpt><trkpt lat="47.480277" lon="-120.785392"><ele>2106.0</ele><time>2022-08-20T22:27:47Z</time></trkpt><trkpt lat="47.480324" lon="-120.785359"><ele>2107.0</ele><time>2022-08-20T22:27:59Z</time></trkpt><trkpt lat="47.480339" lon="-120.785162"><ele>2103.0</ele><time>2022-08-20T22:28:35Z</time></trkpt><trkpt lat="47.480357" lon="-120.785063"><ele>2101.0</ele><time>2022-08-20T22:29:01Z</time></trkpt><trkpt lat="47.480372" lon="-120.785011"><ele>2100.0</ele><time>2022-08-20T22:29:09Z</time></trkpt><trkpt lat="47.480395" lon="-120.78499"><ele>2100.0</ele><time>2022-08-20T22:29:13Z</time></trkpt><trkpt lat="47.480426" lon="-120.784893"><ele>2100.0</ele><time>2022-08-20T22:29:26Z</time></trkpt><trkpt lat="47.480427" lon="-120.784826"><ele>2100.0</ele><time>2022-08-20T22:29:32Z</time></trkpt><trkpt lat="47.480482" lon="-120.784767"><ele>2100.0</ele><time>2022-08-20T22:29:46Z</time></trkpt><trkpt lat="47.480489" lon="-120.784699"><ele>2100.0</ele><time>2022-08-20T22:29:56Z</time></trkpt><trkpt lat="47.480479" lon="-120.784668"><ele>2101.0</ele><time>2022-08-20T22:30:00Z</time></trkpt><trkpt lat="47.480494" lon="-120.784611"><ele>2101.0</ele><time>2022-08-20T22:30:05Z</time></trkpt><trkpt lat="47.480534" lon="-120.784635"><ele>2095.0</ele><time>2022-08-20T22:30:10Z</time></trkpt><trkpt lat="47.480594" lon="-120.784605"><ele>2094.0</ele><time>2022-08-20T22:30:19Z</time></trkpt><trkpt lat="47.480605" lon="-120.784456"><ele>2093.0</ele><time>2022-08-20T22:30:46Z</time></trkpt><trkpt lat="47.480637" lon="-120.784438"><ele>2096.0</ele><time>2022-08-20T22:30:52Z</time></trkpt><trkpt lat="47.480667" lon="-120.784351"><ele>2096.0</ele><time>2022-08-20T22:31:01Z</time></trkpt><trkpt lat="47.480717" lon="-120.784286"><ele>2096.0</ele><time>2022-08-20T22:31:09Z</time></trkpt><trkpt lat="47.480749" lon="-120.784279"><ele>2096.0</ele><time>2022-08-20T22:31:13Z</time></trkpt><trkpt lat="47.480774" lon="-120.784258"><ele>2097.0</ele><time>2022-08-20T22:31:17Z</time></trkpt><trkpt lat="47.480834" lon="-120.784182"><ele>2098.0</ele><time>2022-08-20T22:31:24Z</time></trkpt><trkpt lat="47.480815" lon="-120.784052"><ele>2097.0</ele><time>2022-08-20T22:31:37Z</time></trkpt><trkpt lat="47.480823" lon="-120.783982"><ele>2098.0</ele><time>2022-08-20T22:31:41Z</time></trkpt><trkpt lat="47.48077" lon="-120.783883"><ele>2098.0</ele><time>2022-08-20T22:31:48Z</time></trkpt><trkpt lat="47.480769" lon="-120.783751"><ele>2100.0</ele><time>2022-08-20T22:31:58Z</time></trkpt><trkpt lat="47.480796" lon="-120.783648"><ele>2100.0</ele><time>2022-08-20T22:32:05Z</time></trkpt><trkpt lat="47.480796" lon="-120.783608"><ele>2100.0</ele><time>2022-08-20T22:32:08Z</time></trkpt><trkpt lat="47.480779" lon="-120.783573"><ele>2100.0</ele><time>2022-08-20T22:32:11Z</time></trkpt><trkpt lat="47.480706" lon="-120.783489"><ele>2100.0</ele><time>2022-08-20T22:32:21Z</time></trkpt><trkpt lat="47.480677" lon="-120.783399"><ele>2104.0</ele><time>2022-08-20T22:32:30Z</time></trkpt><trkpt lat="47.480677" lon="-120.783352"><ele>2104.7</ele><time>2022-08-20T22:32:35Z</time></trkpt><trkpt lat="47.480731" lon="-120.783342"><ele>2096.0</ele><time>2022-08-20T22:39:26Z</time></trkpt><trkpt lat="47.480696" lon="-120.783266"><ele>2100.0</ele><time>2022-08-20T22:41:50Z</time></trkpt><trkpt lat="47.48065" lon="-120.783232"><ele>2100.0</ele><time>2022-08-20T22:41:55Z</time></trkpt><trkpt lat="47.480632" lon="-120.783195"><ele>2100.0</ele><time>2022-08-20T22:42:00Z</time></trkpt><trkpt lat="47.480656" lon="-120.783114"><ele>2100.0</ele><time>2022-08-20T22:42:12Z</time></trkpt><trkpt lat="47.480685" lon="-120.783082"><ele>2100.0</ele><time>2022-08-20T22:42:17Z</time></trkpt><trkpt lat="47.480706" lon="-120.782968"><ele>2100.0</ele><time>2022-08-20T22:42:29Z</time></trkpt><trkpt lat="47.480725" lon="-120.782929"><ele>2100.0</ele><time>2022-08-20T22:42:33Z</time></trkpt><trkpt lat="47.480723" lon="-120.782894"><ele>2101.0</ele><time>2022-08-20T22:42:38Z</time></trkpt><trkpt lat="47.480697" lon="-120.78283"><ele>2100.0</ele><time>2022-08-20T22:42:45Z</time></trkpt><trkpt lat="47.480738" lon="-120.78267"><ele>2104.0</ele><time>2022-08-20T22:43:01Z</time></trkpt><trkpt lat="47.480809" lon="-120.782517"><ele>2103.0</ele><time>2022-08-20T22:43:17Z</time></trkpt><trkpt lat="47.480893" lon="-120.782404"><ele>2101.0</ele><time>2022-08-20T22:43:56Z</time></trkpt><trkpt lat="47.480918" lon="-120.782291"><ele>2100.0</ele><time>2022-08-20T22:44:16Z</time></trkpt><trkpt lat="47.48091" lon="-120.782256"><ele>2100.0</ele><time>2022-08-20T22:44:22Z</time></trkpt><trkpt lat="47.480864" lon="-120.78222"><ele>2100.0</ele><time>2022-08-20T22:44:30Z</time></trkpt><trkpt lat="47.48086" lon="-120.782184"><ele>2103.0</ele><time>2022-08-20T22:44:33Z</time></trkpt><trkpt lat="47.480813" lon="-120.782113"><ele>2100.0</ele><time>2022-08-20T22:44:48Z</time></trkpt><trkpt lat="47.480832" lon="-120.78208"><ele>2099.0</ele><time>2022-08-20T22:45:33Z</time></trkpt><trkpt lat="47.480804" lon="-120.782068"><ele>2097.0</ele><time>2022-08-20T22:45:42Z</time></trkpt><trkpt lat="47.48077" lon="-120.782027"><ele>2100.0</ele><time>2022-08-20T22:46:18Z</time></trkpt><trkpt lat="47.480739" lon="-120.782012"><ele>2094.0</ele><time>2022-08-20T22:46:25Z</time></trkpt><trkpt lat="47.480714" lon="-120.781934"><ele>2096.0</ele><time>2022-08-20T22:46:34Z</time></trkpt><trkpt lat="47.480651" lon="-120.781909"><ele>2094.0</ele><time>2022-08-20T22:46:45Z</time></trkpt><trkpt lat="47.48061" lon="-120.781861"><ele>2091.0</ele><time>2022-08-20T22:47:00Z</time></trkpt><trkpt lat="47.480651" lon="-120.781839"><ele>2088.0</ele><time>2022-08-20T22:47:26Z</time></trkpt><trkpt lat="47.480694" lon="-120.781847"><ele>2087.0</ele><time>2022-08-20T22:47:50Z</time></trkpt><trkpt lat="47.480725" lon="-120.781817"><ele>2086.0</ele><time>2022-08-20T22:47:57Z</time></trkpt><trkpt lat="47.480778" lon="-120.781797"><ele>2086.0</ele><time>2022-08-20T22:48:06Z</time></trkpt><trkpt lat="47.480832" lon="-120.781837"><ele>2081.0</ele><time>2022-08-20T22:48:13Z</time></trkpt><trkpt lat="47.480885" lon="-120.781911"><ele>2080.0</ele><time>2022-08-20T22:48:23Z</time></trkpt><trkpt lat="47.48092" lon="-120.781938"><ele>2080.0</ele><time>2022-08-20T22:48:27Z</time></trkpt><trkpt lat="47.480953" lon="-120.781937"><ele>2078.0</ele><time>2022-08-20T22:48:32Z</time></trkpt><trkpt lat="47.480998" lon="-120.781912"><ele>2078.0</ele><time>2022-08-20T22:48:38Z</time></trkpt><trkpt lat="47.481001" lon="-120.78188"><ele>2076.0</ele><time>2022-08-20T22:48:42Z</time></trkpt><trkpt lat="47.481055" lon="-120.781832"><ele>2080.0</ele><time>2022-08-20T22:48:47Z</time></trkpt><trkpt lat="47.481064" lon="-120.781796"><ele>2080.0</ele><time>2022-08-20T22:48:49Z</time></trkpt><trkpt lat="47.481101" lon="-120.781759"><ele>2080.0</ele><time>2022-08-20T22:48:54Z</time></trkpt><trkpt lat="47.481134" lon="-120.781802"><ele>2079.0</ele><time>2022-08-20T22:49:03Z</time></trkpt><trkpt lat="47.481169" lon="-120.781757"><ele>2079.0</ele><time>2022-08-20T22:49:08Z</time></trkpt><trkpt lat="47.481183" lon="-120.781719"><ele>2077.0</ele><time>2022-08-20T22:49:11Z</time></trkpt><trkpt lat="47.48118" lon="-120.781682"><ele>2076.0</ele><time>2022-08-20T22:49:14Z</time></trkpt><trkpt lat="47.481239" lon="-120.781647"><ele>2076.0</ele><time>2022-08-20T22:49:19Z</time></trkpt><trkpt lat="47.481259" lon="-120.78161"><ele>2076.9</ele><time>2022-08-20T22:49:22Z</time></trkpt><trkpt lat="47.481329" lon="-120.781586"><ele>2076.0</ele><time>2022-08-20T22:49:27Z</time></trkpt><trkpt lat="47.481357" lon="-120.781543"><ele>2076.0</ele><time>2022-08-20T22:49:31Z</time></trkpt><trkpt lat="47.481403" lon="-120.781542"><ele>2076.0</ele><time>2022-08-20T22:49:36Z</time></trkpt><trkpt lat="47.481431" lon="-120.781574"><ele>2079.0</ele><time>2022-08-20T22:49:39Z</time></trkpt><trkpt lat="47.481413" lon="-120.781518"><ele>2078.0</ele><time>2022-08-20T22:49:45Z</time></trkpt><trkpt lat="47.481428" lon="-120.781476"><ele>2079.0</ele><time>2022-08-20T22:49:51Z</time></trkpt><trkpt lat="47.481457" lon="-120.781462"><ele>2080.0</ele><time>2022-08-20T22:49:57Z</time></trkpt><trkpt lat="47.481515" lon="-120.781503"><ele>2077.0</ele><time>2022-08-20T22:50:06Z</time></trkpt><trkpt lat="47.481542" lon="-120.781466"><ele>2078.0</ele><time>2022-08-20T22:50:12Z</time></trkpt><trkpt lat="47.48154" lon="-120.7814"><ele>2076.0</ele><time>2022-08-20T22:50:20Z</time></trkpt><trkpt lat="47.48155" lon="-120.781354"><ele>2076.0</ele><time>2022-08-20T22:50:23Z</time></trkpt><trkpt lat="47.481585" lon="-120.781292"><ele>2076.0</ele><time>2022-08-20T22:50:29Z</time></trkpt><trkpt lat="47.481631" lon="-120.781243"><ele>2076.0</ele><time>2022-08-20T22:50:35Z</time></trkpt><trkpt lat="47.481618" lon="-120.781083"><ele>2076.0</ele><time>2022-08-20T22:51:00Z</time></trkpt><trkpt lat="47.481634" lon="-120.781097"><ele>2071.0</ele><time>2022-08-20T22:51:11Z</time></trkpt><trkpt lat="47.481665" lon="-120.781067"><ele>2072.0</ele><time>2022-08-20T22:51:23Z</time></trkpt><trkpt lat="47.481789" lon="-120.781092"><ele>2072.0</ele><time>2022-08-20T22:51:47Z</time></trkpt><trkpt lat="47.48178" lon="-120.781171"><ele>2073.7</ele><time>2022-08-20T22:51:53Z</time></trkpt><trkpt lat="47.481797" lon="-120.781204"><ele>2073.0</ele><time>2022-08-20T22:51:56Z</time></trkpt><trkpt lat="47.481846" lon="-120.781253"><ele>2071.0</ele><time>2022-08-20T22:52:04Z</time></trkpt><trkpt lat="47.481956" lon="-120.781172"><ele>2072.0</ele><time>2022-08-20T22:52:38Z</time></trkpt><trkpt lat="47.481964" lon="-120.781118"><ele>2072.0</ele><time>2022-08-20T22:52:47Z</time></trkpt><trkpt lat="47.481958" lon="-120.781041"><ele>2072.0</ele><time>2022-08-20T22:52:53Z</time></trkpt><trkpt lat="47.481978" lon="-120.781013"><ele>2073.0</ele><time>2022-08-20T22:52:56Z</time></trkpt><trkpt lat="47.481981" lon="-120.780941"><ele>2070.0</ele><time>2022-08-20T22:53:03Z</time></trkpt><trkpt lat="47.481996" lon="-120.780904"><ele>2072.0</ele><time>2022-08-20T22:53:07Z</time></trkpt><trkpt lat="47.482003" lon="-120.78081"><ele>2072.0</ele><time>2022-08-20T22:53:17Z</time></trkpt><trkpt lat="47.482016" lon="-120.780778"><ele>2073.0</ele><time>2022-08-20T22:53:20Z</time></trkpt><trkpt lat="47.482024" lon="-120.780704"><ele>2074.0</ele><time>2022-08-20T22:53:26Z</time></trkpt><trkpt lat="47.482049" lon="-120.780698"><ele>2076.0</ele><time>2022-08-20T22:53:29Z</time></trkpt><trkpt lat="47.482073" lon="-120.780653"><ele>2078.0</ele><time>2022-08-20T22:53:36Z</time></trkpt><trkpt lat="47.482124" lon="-120.780604"><ele>2076.0</ele><time>2022-08-20T22:53:46Z</time></trkpt><trkpt lat="47.482123" lon="-120.780566"><ele>2075.0</ele><time>2022-08-20T22:53:50Z</time></trkpt><trkpt lat="47.482145" lon="-120.780572"><ele>2075.0</ele><time>2022-08-20T22:53:57Z</time></trkpt><trkpt lat="47.482289" lon="-120.780337"><ele>2080.0</ele><time>2022-08-20T22:54:38Z</time></trkpt><trkpt lat="47.482306" lon="-120.780267"><ele>2082.0</ele><time>2022-08-20T22:54:44Z</time></trkpt><trkpt lat="47.482356" lon="-120.780242"><ele>2080.0</ele><time>2022-08-20T22:54:49Z</time></trkpt><trkpt lat="47.48244" lon="-120.78013"><ele>2080.0</ele><time>2022-08-20T22:54:59Z</time></trkpt><trkpt lat="47.482478" lon="-120.780012"><ele>2078.0</ele><time>2022-08-20T22:55:09Z</time></trkpt><trkpt lat="47.482462" lon="-120.779984"><ele>2078.0</ele><time>2022-08-20T22:55:12Z</time></trkpt><trkpt lat="47.482506" lon="-120.779927"><ele>2075.0</ele><time>2022-08-20T22:55:25Z</time></trkpt><trkpt lat="47.482481" lon="-120.77989"><ele>2070.0</ele><time>2022-08-20T22:55:33Z</time></trkpt><trkpt lat="47.482465" lon="-120.779822"><ele>2072.0</ele><time>2022-08-20T22:55:41Z</time></trkpt><trkpt lat="47.482509" lon="-120.779657"><ele>2070.0</ele><time>2022-08-20T22:55:59Z</time></trkpt><trkpt lat="47.482492" lon="-120.779626"><ele>2070.6</ele><time>2022-08-20T22:56:03Z</time></trkpt><trkpt lat="47.482479" lon="-120.77953"><ele>2065.0</ele><time>2022-08-20T22:56:12Z</time></trkpt><trkpt lat="47.482444" lon="-120.779468"><ele>2064.0</ele><time>2022-08-20T22:56:19Z</time></trkpt><trkpt lat="47.482455" lon="-120.779295"><ele>2059.0</ele><time>2022-08-20T22:56:40Z</time></trkpt><trkpt lat="47.482489" lon="-120.779193"><ele>2058.0</ele><time>2022-08-20T22:56:50Z</time></trkpt><trkpt lat="47.482486" lon="-120.779071"><ele>2056.0</ele><time>2022-08-20T22:57:00Z</time></trkpt><trkpt lat="47.482436" lon="-120.778945"><ele>2054.0</ele><time>2022-08-20T22:57:10Z</time></trkpt><trkpt lat="47.482404" lon="-120.778937"><ele>2052.0</ele><time>2022-08-20T22:57:15Z</time></trkpt><trkpt lat="47.482401" lon="-120.778846"><ele>2049.0</ele><time>2022-08-20T22:57:26Z</time></trkpt><trkpt lat="47.482378" lon="-120.77878"><ele>2048.0</ele><time>2022-08-20T22:57:34Z</time></trkpt><trkpt lat="47.482412" lon="-120.778719"><ele>2048.0</ele><time>2022-08-20T22:57:39Z</time></trkpt><trkpt lat="47.48241" lon="-120.778644"><ele>2048.0</ele><time>2022-08-20T22:57:46Z</time></trkpt><trkpt lat="47.482366" lon="-120.778652"><ele>2045.0</ele><time>2022-08-20T22:57:50Z</time></trkpt><trkpt lat="47.482369" lon="-120.778619"><ele>2045.0</ele><time>2022-08-20T22:57:54Z</time></trkpt><trkpt lat="47.482455" lon="-120.778523"><ele>2040.0</ele><time>2022-08-20T22:58:05Z</time></trkpt><trkpt lat="47.48246" lon="-120.778456"><ele>2040.0</ele><time>2022-08-20T22:58:12Z</time></trkpt><trkpt lat="47.482448" lon="-120.778426"><ele>2037.0</ele><time>2022-08-20T22:58:17Z</time></trkpt><trkpt lat="47.48247" lon="-120.778384"><ele>2037.0</ele><time>2022-08-20T22:58:22Z</time></trkpt><trkpt lat="47.482463" lon="-120.778312"><ele>2038.0</ele><time>2022-08-20T22:58:30Z</time></trkpt><trkpt lat="47.482484" lon="-120.778224"><ele>2039.0</ele><time>2022-08-20T22:58:55Z</time></trkpt><trkpt lat="47.482477" lon="-120.778187"><ele>2037.0</ele><time>2022-08-20T22:59:05Z</time></trkpt><trkpt lat="47.482446" lon="-120.77813"><ele>2036.0</ele><time>2022-08-20T22:59:17Z</time></trkpt><trkpt lat="47.482505" lon="-120.778054"><ele>2028.0</ele><time>2022-08-20T22:59:34Z</time></trkpt><trkpt lat="47.482526" lon="-120.777955"><ele>2034.0</ele><time>2022-08-20T22:59:49Z</time></trkpt><trkpt lat="47.48249" lon="-120.777906"><ele>2030.0</ele><time>2022-08-20T23:00:00Z</time></trkpt><trkpt lat="47.482429" lon="-120.777892"><ele>2031.0</ele><time>2022-08-20T23:00:26Z</time></trkpt><trkpt lat="47.482394" lon="-120.777866"><ele>2030.0</ele><time>2022-08-20T23:00:35Z</time></trkpt><trkpt lat="47.482382" lon="-120.777834"><ele>2028.0</ele><time>2022-08-20T23:00:42Z</time></trkpt><trkpt lat="47.482385" lon="-120.777787"><ele>2022.0</ele><time>2022-08-20T23:00:50Z</time></trkpt><trkpt lat="47.482323" lon="-120.777812"><ele>2016.0</ele><time>2022-08-20T23:01:08Z</time></trkpt><trkpt lat="47.482275" lon="-120.777801"><ele>2014.0</ele><time>2022-08-20T23:01:22Z</time></trkpt><trkpt lat="47.482267" lon="-120.777703"><ele>2002.0</ele><time>2022-08-20T23:01:40Z</time></trkpt><trkpt lat="47.482201" lon="-120.777684"><ele>2007.0</ele><time>2022-08-20T23:02:00Z</time></trkpt><trkpt lat="47.48219" lon="-120.777615"><ele>2002.0</ele><time>2022-08-20T23:02:14Z</time></trkpt><trkpt lat="47.482104" lon="-120.777725"><ele>2001.0</ele><time>2022-08-20T23:02:33Z</time></trkpt><trkpt lat="47.482101" lon="-120.777763"><ele>2000.0</ele><time>2022-08-20T23:02:37Z</time></trkpt><trkpt lat="47.481973" lon="-120.777895"><ele>1996.0</ele><time>2022-08-20T23:03:03Z</time></trkpt><trkpt lat="47.481934" lon="-120.777853"><ele>1996.5</ele><time>2022-08-20T23:03:12Z</time></trkpt><trkpt lat="47.481913" lon="-120.777911"><ele>1990.0</ele><time>2022-08-20T23:03:19Z</time></trkpt><trkpt lat="47.481865" lon="-120.777956"><ele>1992.0</ele><time>2022-08-20T23:03:32Z</time></trkpt><trkpt lat="47.481769" lon="-120.77812"><ele>1988.0</ele><time>2022-08-20T23:03:54Z</time></trkpt><trkpt lat="47.48167" lon="-120.778208"><ele>1985.0</ele><time>2022-08-20T23:04:13Z</time></trkpt><trkpt lat="47.481645" lon="-120.778243"><ele>1986.0</ele><time>2022-08-20T23:04:16Z</time></trkpt><trkpt lat="47.481602" lon="-120.778378"><ele>1983.0</ele><time>2022-08-20T23:04:28Z</time></trkpt><trkpt lat="47.481548" lon="-120.778348"><ele>1984.0</ele><time>2022-08-20T23:04:37Z</time></trkpt><trkpt lat="47.481517" lon="-120.778379"><ele>1982.0</ele><time>2022-08-20T23:04:45Z</time></trkpt><trkpt lat="47.481492" lon="-120.77846"><ele>1980.0</ele><time>2022-08-20T23:04:51Z</time></trkpt><trkpt lat="47.48146" lon="-120.778521"><ele>1980.0</ele><time>2022-08-20T23:04:58Z</time></trkpt><trkpt lat="47.481444" lon="-120.778606"><ele>1980.0</ele><time>2022-08-20T23:05:07Z</time></trkpt><trkpt lat="47.481353" lon="-120.778595"><ele>1975.0</ele><time>2022-08-20T23:05:24Z</time></trkpt><trkpt lat="47.481329" lon="-120.778701"><ele>1975.0</ele><time>2022-08-20T23:05:34Z</time></trkpt><trkpt lat="47.481294" lon="-120.778776"><ele>1969.0</ele><time>2022-08-20T23:05:47Z</time></trkpt><trkpt lat="47.481267" lon="-120.77879"><ele>1964.0</ele><time>2022-08-20T23:06:01Z</time></trkpt><trkpt lat="47.481218" lon="-120.778841"><ele>1970.0</ele><time>2022-08-20T23:06:24Z</time></trkpt><trkpt lat="47.481202" lon="-120.77889"><ele>1968.0</ele><time>2022-08-20T23:06:32Z</time></trkpt><trkpt lat="47.481202" lon="-120.77893"><ele>1965.0</ele><time>2022-08-20T23:06:36Z</time></trkpt><trkpt lat="47.481161" lon="-120.77899"><ele>1964.0</ele><time>2022-08-20T23:06:52Z</time></trkpt><trkpt lat="47.481149" lon="-120.779109"><ele>1964.0</ele><time>2022-08-20T23:07:02Z</time></trkpt><trkpt lat="47.481124" lon="-120.779143"><ele>1964.0</ele><time>2022-08-20T23:07:15Z</time></trkpt><trkpt lat="47.481088" lon="-120.779127"><ele>1964.0</ele><time>2022-08-20T23:07:23Z</time></trkpt><trkpt lat="47.481068" lon="-120.779049"><ele>1962.0</ele><time>2022-08-20T23:07:29Z</time></trkpt><trkpt lat="47.481084" lon="-120.778969"><ele>1960.0</ele><time>2022-08-20T23:07:39Z</time></trkpt><trkpt lat="47.481061" lon="-120.778913"><ele>1962.0</ele><time>2022-08-20T23:07:48Z</time></trkpt><trkpt lat="47.48107" lon="-120.778875"><ele>1960.0</ele><time>2022-08-20T23:07:57Z</time></trkpt><trkpt lat="47.481038" lon="-120.778858"><ele>1959.0</ele><time>2022-08-20T23:08:05Z</time></trkpt><trkpt lat="47.480996" lon="-120.778887"><ele>1960.0</ele><time>2022-08-20T23:08:11Z</time></trkpt><trkpt lat="47.48096" lon="-120.778866"><ele>1960.0</ele><time>2022-08-20T23:08:16Z</time></trkpt><trkpt lat="47.480946" lon="-120.778815"><ele>1960.0</ele><time>2022-08-20T23:08:23Z</time></trkpt><trkpt lat="47.480986" lon="-120.778765"><ele>1956.0</ele><time>2022-08-20T23:08:33Z</time></trkpt><trkpt lat="47.481027" lon="-120.778687"><ele>1952.0</ele><time>2022-08-20T23:08:47Z</time></trkpt><trkpt lat="47.481064" lon="-120.77865"><ele>1953.0</ele><time>2022-08-20T23:08:52Z</time></trkpt><trkpt lat="47.48105" lon="-120.778622"><ele>1951.0</ele><time>2022-08-20T23:08:55Z</time></trkpt><trkpt lat="47.481045" lon="-120.778551"><ele>1950.0</ele><time>2022-08-20T23:09:01Z</time></trkpt><trkpt lat="47.481028" lon="-120.778516"><ele>1950.0</ele><time>2022-08-20T23:09:05Z</time></trkpt><trkpt lat="47.480991" lon="-120.778489"><ele>1952.0</ele><time>2022-08-20T23:09:09Z</time></trkpt><trkpt lat="47.480969" lon="-120.77842"><ele>1946.0</ele><time>2022-08-20T23:09:19Z</time></trkpt><trkpt lat="47.480922" lon="-120.778347"><ele>1946.0</ele><time>2022-08-20T23:09:41Z</time></trkpt><trkpt lat="47.480897" lon="-120.778359"><ele>1946.0</ele><time>2022-08-20T23:09:50Z</time></trkpt><trkpt lat="47.48088" lon="-120.77841"><ele>1938.0</ele><time>2022-08-20T23:10:08Z</time></trkpt><trkpt lat="47.480823" lon="-120.778339"><ele>1940.0</ele><time>2022-08-20T23:10:30Z</time></trkpt><trkpt lat="47.480834" lon="-120.77824"><ele>1941.0</ele><time>2022-08-20T23:10:41Z</time></trkpt><trkpt lat="47.480846" lon="-120.778207"><ele>1938.0</ele><time>2022-08-20T23:10:45Z</time></trkpt><trkpt lat="47.480839" lon="-120.778138"><ele>1938.0</ele><time>2022-08-20T23:10:51Z</time></trkpt><trkpt lat="47.480853" lon="-120.778095"><ele>1938.0</ele><time>2022-08-20T23:10:54Z</time></trkpt><trkpt lat="47.480851" lon="-120.77805"><ele>1938.0</ele><time>2022-08-20T23:10:56Z</time></trkpt><trkpt lat="47.480888" lon="-120.777997"><ele>1935.0</ele><time>2022-08-20T23:11:01Z</time></trkpt><trkpt lat="47.480898" lon="-120.777948"><ele>1937.0</ele><time>2022-08-20T23:11:05Z</time></trkpt><trkpt lat="47.48093" lon="-120.777935"><ele>1933.0</ele><time>2022-08-20T23:11:09Z</time></trkpt><trkpt lat="47.480946" lon="-120.777896"><ele>1935.0</ele><time>2022-08-20T23:11:19Z</time></trkpt><trkpt lat="47.480997" lon="-120.777826"><ele>1932.0</ele><time>2022-08-20T23:11:32Z</time></trkpt><trkpt lat="47.481011" lon="-120.777782"><ele>1932.0</ele><time>2022-08-20T23:11:39Z</time></trkpt><trkpt lat="47.481036" lon="-120.777761"><ele>1933.0</ele><time>2022-08-20T23:11:43Z</time></trkpt><trkpt lat="47.481046" lon="-120.77773"><ele>1934.0</ele><time>2022-08-20T23:11:46Z</time></trkpt><trkpt lat="47.481085" lon="-120.777676"><ele>1933.0</ele><time>2022-08-20T23:11:52Z</time></trkpt><trkpt lat="47.481055" lon="-120.777587"><ele>1930.0</ele><time>2022-08-20T23:12:07Z</time></trkpt><trkpt lat="47.481051" lon="-120.777546"><ele>1930.0</ele><time>2022-08-20T23:12:12Z</time></trkpt><trkpt lat="47.481005" lon="-120.777484"><ele>1929.0</ele><time>2022-08-20T23:12:18Z</time></trkpt><trkpt lat="47.480984" lon="-120.777383"><ele>1930.0</ele><time>2022-08-20T23:12:25Z</time></trkpt><trkpt lat="47.480942" lon="-120.777333"><ele>1931.0</ele><time>2022-08-20T23:12:30Z</time></trkpt><trkpt lat="47.480932" lon="-120.777304"><ele>1930.0</ele><time>2022-08-20T23:12:33Z</time></trkpt><trkpt lat="47.480899" lon="-120.777284"><ele>1930.0</ele><time>2022-08-20T23:12:37Z</time></trkpt><trkpt lat="47.480851" lon="-120.777232"><ele>1922.0</ele><time>2022-08-20T23:12:45Z</time></trkpt><trkpt lat="47.480815" lon="-120.777154"><ele>1924.0</ele><time>2022-08-20T23:12:59Z</time></trkpt><trkpt lat="47.480845" lon="-120.777119"><ele>1924.0</ele><time>2022-08-20T23:15:52Z</time></trkpt><trkpt lat="47.480833" lon="-120.777046"><ele>1938.0</ele><time>2022-08-20T23:18:14Z</time></trkpt><trkpt lat="47.480841" lon="-120.777089"><ele>1929.0</ele><time>2022-08-20T23:19:01Z</time></trkpt><trkpt lat="47.480825" lon="-120.777039"><ele>1925.0</ele><time>2022-08-20T23:19:13Z</time></trkpt><trkpt lat="47.480756" lon="-120.777045"><ele>1925.0</ele><time>2022-08-20T23:19:25Z</time></trkpt><trkpt lat="47.480752" lon="-120.777"><ele>1921.0</ele><time>2022-08-20T23:19:34Z</time></trkpt><trkpt lat="47.480723" lon="-120.77699"><ele>1920.0</ele><time>2022-08-20T23:19:41Z</time></trkpt><trkpt lat="47.480684" lon="-120.776996"><ele>1920.0</ele><time>2022-08-20T23:19:49Z</time></trkpt><trkpt lat="47.480673" lon="-120.777071"><ele>1920.0</ele><time>2022-08-20T23:19:55Z</time></trkpt><trkpt lat="47.480646" lon="-120.777135"><ele>1914.0</ele><time>2022-08-20T23:20:05Z</time></trkpt><trkpt lat="47.480614" lon="-120.777071"><ele>1916.0</ele><time>2022-08-20T23:20:16Z</time></trkpt><trkpt lat="47.480519" lon="-120.776956"><ele>1911.0</ele><time>2022-08-20T23:20:34Z</time></trkpt><trkpt lat="47.48053" lon="-120.776884"><ele>1912.0</ele><time>2022-08-20T23:20:43Z</time></trkpt><trkpt lat="47.480576" lon="-120.776849"><ele>1900.0</ele><time>2022-08-20T23:21:02Z</time></trkpt><trkpt lat="47.480583" lon="-120.776817"><ele>1906.0</ele><time>2022-08-20T23:21:14Z</time></trkpt><trkpt lat="47.480577" lon="-120.776748"><ele>1905.0</ele><time>2022-08-20T23:21:20Z</time></trkpt><trkpt lat="47.480586" lon="-120.776684"><ele>1904.0</ele><time>2022-08-20T23:21:27Z</time></trkpt><trkpt lat="47.480576" lon="-120.776635"><ele>1904.0</ele><time>2022-08-20T23:21:35Z</time></trkpt><trkpt lat="47.480593" lon="-120.776596"><ele>1904.7</ele><time>2022-08-20T23:21:42Z</time></trkpt><trkpt lat="47.480559" lon="-120.776538"><ele>1904.0</ele><time>2022-08-20T23:21:53Z</time></trkpt><trkpt lat="47.480548" lon="-120.776478"><ele>1902.0</ele><time>2022-08-20T23:22:07Z</time></trkpt><trkpt lat="47.480583" lon="-120.776455"><ele>1900.0</ele><time>2022-08-20T23:22:11Z</time></trkpt><trkpt lat="47.480593" lon="-120.776416"><ele>1897.0</ele><time>2022-08-20T23:22:15Z</time></trkpt><trkpt lat="47.480642" lon="-120.77635"><ele>1898.0</ele><time>2022-08-20T23:22:24Z</time></trkpt><trkpt lat="47.480648" lon="-120.776306"><ele>1894.0</ele><time>2022-08-20T23:22:31Z</time></trkpt><trkpt lat="47.480633" lon="-120.776239"><ele>1893.0</ele><time>2022-08-20T23:22:36Z</time></trkpt><trkpt lat="47.480672" lon="-120.776174"><ele>1890.0</ele><time>2022-08-20T23:23:01Z</time></trkpt><trkpt lat="47.480684" lon="-120.776134"><ele>1890.0</ele><time>2022-08-20T23:23:14Z</time></trkpt><trkpt lat="47.480707" lon="-120.776104"><ele>1888.0</ele><time>2022-08-20T23:23:22Z</time></trkpt><trkpt lat="47.48074" lon="-120.776124"><ele>1890.0</ele><time>2022-08-20T23:23:31Z</time></trkpt><trkpt lat="47.480803" lon="-120.776055"><ele>1892.0</ele><time>2022-08-20T23:23:38Z</time></trkpt><trkpt lat="47.480835" lon="-120.775988"><ele>1890.0</ele><time>2022-08-20T23:23:42Z</time></trkpt><trkpt lat="47.480827" lon="-120.775955"><ele>1889.0</ele><time>2022-08-20T23:23:44Z</time></trkpt><trkpt lat="47.480833" lon="-120.775921"><ele>1890.0</ele><time>2022-08-20T23:23:46Z</time></trkpt><trkpt lat="47.480886" lon="-120.775879"><ele>1888.0</ele><time>2022-08-20T23:23:52Z</time></trkpt><trkpt lat="47.48087" lon="-120.775838"><ele>1889.0</ele><time>2022-08-20T23:23:55Z</time></trkpt><trkpt lat="47.480827" lon="-120.775779"><ele>1890.0</ele><time>2022-08-20T23:24:01Z</time></trkpt><trkpt lat="47.480827" lon="-120.775754"><ele>1890.0</ele><time>2022-08-20T23:24:05Z</time></trkpt><trkpt lat="47.480772" lon="-120.775735"><ele>1890.0</ele><time>2022-08-20T23:24:12Z</time></trkpt><trkpt lat="47.48076" lon="-120.775673"><ele>1888.0</ele><time>2022-08-20T23:24:20Z</time></trkpt><trkpt lat="47.480736" lon="-120.775641"><ele>1886.0</ele><time>2022-08-20T23:24:25Z</time></trkpt><trkpt lat="47.480733" lon="-120.775608"><ele>1887.0</ele><time>2022-08-20T23:24:30Z</time></trkpt><trkpt lat="47.480637" lon="-120.775489"><ele>1883.0</ele><time>2022-08-20T23:24:46Z</time></trkpt><trkpt lat="47.480621" lon="-120.775413"><ele>1888.0</ele><time>2022-08-20T23:24:54Z</time></trkpt><trkpt lat="47.480605" lon="-120.775396"><ele>1885.0</ele><time>2022-08-20T23:24:58Z</time></trkpt><trkpt lat="47.48051" lon="-120.77543"><ele>1881.0</ele><time>2022-08-20T23:25:13Z</time></trkpt><trkpt lat="47.480483" lon="-120.775406"><ele>1880.0</ele><time>2022-08-20T23:25:17Z</time></trkpt><trkpt lat="47.480432" lon="-120.775426"><ele>1877.0</ele><time>2022-08-20T23:25:22Z</time></trkpt><trkpt lat="47.480396" lon="-120.775399"><ele>1872.0</ele><time>2022-08-20T23:25:40Z</time></trkpt><trkpt lat="47.480396" lon="-120.775372"><ele>1872.0</ele><time>2022-08-20T23:25:45Z</time></trkpt><trkpt lat="47.480406" lon="-120.775313"><ele>1866.0</ele><time>2022-08-20T23:25:53Z</time></trkpt><trkpt lat="47.480429" lon="-120.775284"><ele>1869.0</ele><time>2022-08-20T23:26:00Z</time></trkpt><trkpt lat="47.480363" lon="-120.775321"><ele>1863.0</ele><time>2022-08-20T23:26:14Z</time></trkpt><trkpt lat="47.480339" lon="-120.775303"><ele>1866.0</ele><time>2022-08-20T23:26:21Z</time></trkpt><trkpt lat="47.480369" lon="-120.775234"><ele>1865.0</ele><time>2022-08-20T23:26:31Z</time></trkpt><trkpt lat="47.480343" lon="-120.775172"><ele>1866.6</ele><time>2022-08-20T23:26:39Z</time></trkpt><trkpt lat="47.480383" lon="-120.775098"><ele>1854.0</ele><time>2022-08-20T23:27:09Z</time></trkpt><trkpt lat="47.480357" lon="-120.775066"><ele>1860.0</ele><time>2022-08-20T23:27:16Z</time></trkpt><trkpt lat="47.480322" lon="-120.775058"><ele>1860.0</ele><time>2022-08-20T23:27:21Z</time></trkpt><trkpt lat="47.480294" lon="-120.775082"><ele>1859.0</ele><time>2022-08-20T23:27:25Z</time></trkpt><trkpt lat="47.480187" lon="-120.77482"><ele>1854.0</ele><time>2022-08-20T23:27:47Z</time></trkpt><trkpt lat="47.480184" lon="-120.774728"><ele>1854.0</ele><time>2022-08-20T23:27:54Z</time></trkpt><trkpt lat="47.480215" lon="-120.774669"><ele>1851.0</ele><time>2022-08-20T23:28:00Z</time></trkpt><trkpt lat="47.480219" lon="-120.774554"><ele>1850.0</ele><time>2022-08-20T23:28:06Z</time></trkpt><trkpt lat="47.480195" lon="-120.774531"><ele>1852.0</ele><time>2022-08-20T23:28:08Z</time></trkpt><trkpt lat="47.480175" lon="-120.774454"><ele>1851.0</ele><time>2022-08-20T23:28:14Z</time></trkpt><trkpt lat="47.480134" lon="-120.774434"><ele>1852.4</ele><time>2022-08-20T23:28:19Z</time></trkpt><trkpt lat="47.480138" lon="-120.774402"><ele>1851.0</ele><time>2022-08-20T23:28:20Z</time></trkpt><trkpt lat="47.480121" lon="-120.774371"><ele>1849.0</ele><time>2022-08-20T23:28:23Z</time></trkpt><trkpt lat="47.480055" lon="-120.774338"><ele>1848.0</ele><time>2022-08-20T23:28:29Z</time></trkpt><trkpt lat="47.480017" lon="-120.774272"><ele>1845.0</ele><time>2022-08-20T23:28:34Z</time></trkpt><trkpt lat="47.480002" lon="-120.774222"><ele>1845.0</ele><time>2022-08-20T23:28:38Z</time></trkpt><trkpt lat="47.480069" lon="-120.774077"><ele>1844.0</ele><time>2022-08-20T23:28:51Z</time></trkpt><trkpt lat="47.480064" lon="-120.773985"><ele>1844.0</ele><time>2022-08-20T23:28:56Z</time></trkpt><trkpt lat="47.480033" lon="-120.773853"><ele>1845.0</ele><time>2022-08-20T23:29:04Z</time></trkpt><trkpt lat="47.480009" lon="-120.77381"><ele>1845.1</ele><time>2022-08-20T23:29:09Z</time></trkpt><trkpt lat="47.479955" lon="-120.773638"><ele>1844.0</ele><time>2022-08-20T23:29:23Z</time></trkpt><trkpt lat="47.479976" lon="-120.773579"><ele>1845.0</ele><time>2022-08-20T23:29:30Z</time></trkpt><trkpt lat="47.47996" lon="-120.773499"><ele>1842.0</ele><time>2022-08-20T23:29:38Z</time></trkpt><trkpt lat="47.479982" lon="-120.773469"><ele>1842.0</ele><time>2022-08-20T23:29:42Z</time></trkpt><trkpt lat="47.479953" lon="-120.773441"><ele>1842.0</ele><time>2022-08-20T23:29:45Z</time></trkpt><trkpt lat="47.479948" lon="-120.773401"><ele>1840.0</ele><time>2022-08-20T23:29:49Z</time></trkpt><trkpt lat="47.479999" lon="-120.773358"><ele>1840.0</ele><time>2022-08-20T23:29:55Z</time></trkpt><trkpt lat="47.480063" lon="-120.773329"><ele>1839.0</ele><time>2022-08-20T23:30:00Z</time></trkpt><trkpt lat="47.480094" lon="-120.773299"><ele>1839.0</ele><time>2022-08-20T23:30:03Z</time></trkpt><trkpt lat="47.480103" lon="-120.773263"><ele>1839.0</ele><time>2022-08-20T23:30:07Z</time></trkpt><trkpt lat="47.480127" lon="-120.773242"><ele>1836.0</ele><time>2022-08-20T23:30:11Z</time></trkpt><trkpt lat="47.480192" lon="-120.773225"><ele>1836.0</ele><time>2022-08-20T23:30:20Z</time></trkpt><trkpt lat="47.480202" lon="-120.773186"><ele>1837.0</ele><time>2022-08-20T23:30:25Z</time></trkpt><trkpt lat="47.4802" lon="-120.773119"><ele>1836.0</ele><time>2022-08-20T23:30:31Z</time></trkpt><trkpt lat="47.480128" lon="-120.773011"><ele>1840.0</ele><time>2022-08-20T23:30:44Z</time></trkpt><trkpt lat="47.480131" lon="-120.772976"><ele>1842.0</ele><time>2022-08-20T23:30:54Z</time></trkpt><trkpt lat="47.480118" lon="-120.772926"><ele>1838.0</ele><time>2022-08-20T23:31:14Z</time></trkpt><trkpt lat="47.480086" lon="-120.772924"><ele>1840.0</ele><time>2022-08-20T23:31:28Z</time></trkpt><trkpt lat="47.480063" lon="-120.772954"><ele>1832.0</ele><time>2022-08-20T23:32:03Z</time></trkpt><trkpt lat="47.480074" lon="-120.772911"><ele>1829.0</ele><time>2022-08-20T23:32:09Z</time></trkpt><trkpt lat="47.48002" lon="-120.772875"><ele>1824.0</ele><time>2022-08-20T23:32:32Z</time></trkpt><trkpt lat="47.479994" lon="-120.772804"><ele>1823.0</ele><time>2022-08-20T23:32:53Z</time></trkpt><trkpt lat="47.479973" lon="-120.772819"><ele>1820.0</ele><time>2022-08-20T23:33:00Z</time></trkpt><trkpt lat="47.479973" lon="-120.772736"><ele>1820.0</ele><time>2022-08-20T23:33:11Z</time></trkpt><trkpt lat="47.47999" lon="-120.772635"><ele>1817.0</ele><time>2022-08-20T23:33:30Z</time></trkpt><trkpt lat="47.479958" lon="-120.772663"><ele>1813.0</ele><time>2022-08-20T23:33:38Z</time></trkpt><trkpt lat="47.479938" lon="-120.77266"><ele>1813.0</ele><time>2022-08-20T23:33:43Z</time></trkpt><trkpt lat="47.479923" lon="-120.772619"><ele>1811.0</ele><time>2022-08-20T23:33:49Z</time></trkpt><trkpt lat="47.479863" lon="-120.772644"><ele>1807.0</ele><time>2022-08-20T23:33:59Z</time></trkpt><trkpt lat="47.479815" lon="-120.772642"><ele>1805.0</ele><time>2022-08-20T23:34:06Z</time></trkpt><trkpt lat="47.479762" lon="-120.772727"><ele>1807.0</ele><time>2022-08-20T23:34:26Z</time></trkpt><trkpt lat="47.479746" lon="-120.772776"><ele>1804.0</ele><time>2022-08-20T23:34:35Z</time></trkpt><trkpt lat="47.479692" lon="-120.772824"><ele>1801.0</ele><time>2022-08-20T23:34:43Z</time></trkpt><trkpt lat="47.47964" lon="-120.772835"><ele>1800.0</ele><time>2022-08-20T23:34:50Z</time></trkpt><trkpt lat="47.479603" lon="-120.772879"><ele>1800.0</ele><time>2022-08-20T23:35:01Z</time></trkpt><trkpt lat="47.479543" lon="-120.772886"><ele>1798.0</ele><time>2022-08-20T23:35:15Z</time></trkpt><trkpt lat="47.479606" lon="-120.772875"><ele>1796.0</ele><time>2022-08-20T23:35:24Z</time></trkpt><trkpt lat="47.479592" lon="-120.772933"><ele>1799.0</ele><time>2022-08-20T23:35:33Z</time></trkpt><trkpt lat="47.479566" lon="-120.772948"><ele>1792.0</ele><time>2022-08-20T23:35:38Z</time></trkpt><trkpt lat="47.479528" lon="-120.772915"><ele>1791.0</ele><time>2022-08-20T23:36:08Z</time></trkpt><trkpt lat="47.479542" lon="-120.772918"><ele>1796.0</ele><time>2022-08-20T23:36:34Z</time></trkpt><trkpt lat="47.479526" lon="-120.772937"><ele>1797.0</ele><time>2022-08-20T23:37:02Z</time></trkpt><trkpt lat="47.479555" lon="-120.772912"><ele>1793.0</ele><time>2022-08-20T23:37:15Z</time></trkpt><trkpt lat="47.479498" lon="-120.772912"><ele>1795.0</ele><time>2022-08-20T23:37:26Z</time></trkpt><trkpt lat="47.479452" lon="-120.77296"><ele>1791.0</ele><time>2022-08-20T23:37:34Z</time></trkpt><trkpt lat="47.479414" lon="-120.773019"><ele>1790.0</ele><time>2022-08-20T23:37:42Z</time></trkpt><trkpt lat="47.479328" lon="-120.773046"><ele>1794.0</ele><time>2022-08-20T23:37:51Z</time></trkpt><trkpt lat="47.479289" lon="-120.773073"><ele>1792.0</ele><time>2022-08-20T23:37:57Z</time></trkpt><trkpt lat="47.479243" lon="-120.773156"><ele>1788.0</ele><time>2022-08-20T23:38:08Z</time></trkpt><trkpt lat="47.47922" lon="-120.772989"><ele>1784.0</ele><time>2022-08-20T23:38:21Z</time></trkpt><trkpt lat="47.479229" lon="-120.772958"><ele>1785.0</ele><time>2022-08-20T23:38:25Z</time></trkpt><trkpt lat="47.479277" lon="-120.772903"><ele>1784.0</ele><time>2022-08-20T23:38:30Z</time></trkpt><trkpt lat="47.479298" lon="-120.772831"><ele>1784.0</ele><time>2022-08-20T23:38:35Z</time></trkpt><trkpt lat="47.479298" lon="-120.772785"><ele>1785.9</ele><time>2022-08-20T23:38:37Z</time></trkpt><trkpt lat="47.479262" lon="-120.772735"><ele>1788.0</ele><time>2022-08-20T23:38:41Z</time></trkpt><trkpt lat="47.479269" lon="-120.7727"><ele>1785.0</ele><time>2022-08-20T23:38:44Z</time></trkpt><trkpt lat="47.479253" lon="-120.772696"><ele>1786.0</ele><time>2022-08-20T23:38:47Z</time></trkpt><trkpt lat="47.479232" lon="-120.772617"><ele>1784.0</ele><time>2022-08-20T23:38:56Z</time></trkpt><trkpt lat="47.479252" lon="-120.772594"><ele>1782.0</ele><time>2022-08-20T23:39:01Z</time></trkpt><trkpt lat="47.479235" lon="-120.772557"><ele>1781.0</ele><time>2022-08-20T23:39:03Z</time></trkpt><trkpt lat="47.479224" lon="-120.772495"><ele>1778.0</ele><time>2022-08-20T23:39:10Z</time></trkpt><trkpt lat="47.479136" lon="-120.772496"><ele>1776.0</ele><time>2022-08-20T23:39:23Z</time></trkpt><trkpt lat="47.479119" lon="-120.772465"><ele>1775.0</ele><time>2022-08-20T23:39:27Z</time></trkpt><trkpt lat="47.479125" lon="-120.772409"><ele>1775.0</ele><time>2022-08-20T23:39:33Z</time></trkpt><trkpt lat="47.479105" lon="-120.772396"><ele>1773.0</ele><time>2022-08-20T23:39:36Z</time></trkpt><trkpt lat="47.479096" lon="-120.772345"><ele>1771.0</ele><time>2022-08-20T23:39:43Z</time></trkpt><trkpt lat="47.479077" lon="-120.772321"><ele>1770.0</ele><time>2022-08-20T23:39:48Z</time></trkpt><trkpt lat="47.47904" lon="-120.772176"><ele>1769.0</ele><time>2022-08-20T23:40:06Z</time></trkpt><trkpt lat="47.479047" lon="-120.772141"><ele>1768.0</ele><time>2022-08-20T23:40:10Z</time></trkpt><trkpt lat="47.479071" lon="-120.77212"><ele>1765.0</ele><time>2022-08-20T23:40:14Z</time></trkpt><trkpt lat="47.479075" lon="-120.77209"><ele>1766.0</ele><time>2022-08-20T23:40:18Z</time></trkpt><trkpt lat="47.479065" lon="-120.77205"><ele>1764.0</ele><time>2022-08-20T23:40:20Z</time></trkpt><trkpt lat="47.479017" lon="-120.772011"><ele>1765.0</ele><time>2022-08-20T23:40:29Z</time></trkpt><trkpt lat="47.478965" lon="-120.77192"><ele>1764.0</ele><time>2022-08-20T23:40:48Z</time></trkpt><trkpt lat="47.478938" lon="-120.771902"><ele>1761.0</ele><time>2022-08-20T23:40:53Z</time></trkpt><trkpt lat="47.478898" lon="-120.771833"><ele>1760.0</ele><time>2022-08-20T23:41:01Z</time></trkpt><trkpt lat="47.478834" lon="-120.771797"><ele>1760.0</ele><time>2022-08-20T23:41:10Z</time></trkpt><trkpt lat="47.478799" lon="-120.771798"><ele>1761.0</ele><time>2022-08-20T23:41:13Z</time></trkpt><trkpt lat="47.478786" lon="-120.771769"><ele>1764.2</ele><time>2022-08-20T23:41:16Z</time></trkpt><trkpt lat="47.478784" lon="-120.771717"><ele>1760.0</ele><time>2022-08-20T23:41:22Z</time></trkpt><trkpt lat="47.478754" lon="-120.771734"><ele>1757.0</ele><time>2022-08-20T23:41:29Z</time></trkpt><trkpt lat="47.478721" lon="-120.771721"><ele>1756.0</ele><time>2022-08-20T23:41:36Z</time></trkpt><trkpt lat="47.478548" lon="-120.771226"><ele>1752.9</ele><time>2022-08-20T23:42:19Z</time></trkpt><trkpt lat="47.478515" lon="-120.771199"><ele>1752.0</ele><time>2022-08-20T23:42:21Z</time></trkpt><trkpt lat="47.478474" lon="-120.771185"><ele>1752.0</ele><time>2022-08-20T23:42:24Z</time></trkpt><trkpt lat="47.478421" lon="-120.771141"><ele>1754.0</ele><time>2022-08-20T23:42:30Z</time></trkpt><trkpt lat="47.478368" lon="-120.771174"><ele>1752.0</ele><time>2022-08-20T23:42:39Z</time></trkpt><trkpt lat="47.478294" lon="-120.771138"><ele>1752.2</ele><time>2022-08-20T23:42:53Z</time></trkpt><trkpt lat="47.478258" lon="-120.771062"><ele>1740.0</ele><time>2022-08-20T23:43:15Z</time></trkpt><trkpt lat="47.478216" lon="-120.771073"><ele>1736.0</ele><time>2022-08-20T23:43:23Z</time></trkpt><trkpt lat="47.478187" lon="-120.77106"><ele>1740.0</ele><time>2022-08-20T23:43:29Z</time></trkpt><trkpt lat="47.478169" lon="-120.771016"><ele>1734.0</ele><time>2022-08-20T23:43:46Z</time></trkpt><trkpt lat="47.478219" lon="-120.770944"><ele>1735.0</ele><time>2022-08-20T23:44:02Z</time></trkpt><trkpt lat="47.478226" lon="-120.770903"><ele>1734.0</ele><time>2022-08-20T23:44:08Z</time></trkpt><trkpt lat="47.478286" lon="-120.770847"><ele>1731.0</ele><time>2022-08-20T23:44:18Z</time></trkpt><trkpt lat="47.478292" lon="-120.770779"><ele>1732.0</ele><time>2022-08-20T23:44:25Z</time></trkpt><trkpt lat="47.478307" lon="-120.770741"><ele>1730.0</ele><time>2022-08-20T23:44:29Z</time></trkpt><trkpt lat="47.478333" lon="-120.770732"><ele>1732.0</ele><time>2022-08-20T23:44:32Z</time></trkpt><trkpt lat="47.478355" lon="-120.770671"><ele>1729.0</ele><time>2022-08-20T23:44:44Z</time></trkpt><trkpt lat="47.47832" lon="-120.770657"><ele>1728.0</ele><time>2022-08-20T23:44:53Z</time></trkpt><trkpt lat="47.478278" lon="-120.7707"><ele>1728.0</ele><time>2022-08-20T23:44:58Z</time></trkpt><trkpt lat="47.47824" lon="-120.770678"><ele>1727.0</ele><time>2022-08-20T23:45:04Z</time></trkpt><trkpt lat="47.478218" lon="-120.770649"><ele>1726.0</ele><time>2022-08-20T23:45:07Z</time></trkpt><trkpt lat="47.478213" lon="-120.770579"><ele>1725.0</ele><time>2022-08-20T23:45:13Z</time></trkpt><trkpt lat="47.478182" lon="-120.770512"><ele>1724.0</ele><time>2022-08-20T23:45:21Z</time></trkpt><trkpt lat="47.478155" lon="-120.770488"><ele>1720.0</ele><time>2022-08-20T23:45:28Z</time></trkpt><trkpt lat="47.478125" lon="-120.770481"><ele>1720.0</ele><time>2022-08-20T23:45:33Z</time></trkpt><trkpt lat="47.478066" lon="-120.770381"><ele>1719.0</ele><time>2022-08-20T23:45:44Z</time></trkpt><trkpt lat="47.477924" lon="-120.770269"><ele>1713.0</ele><time>2022-08-20T23:46:14Z</time></trkpt><trkpt lat="47.477883" lon="-120.770257"><ele>1711.0</ele><time>2022-08-20T23:46:36Z</time></trkpt><trkpt lat="47.477885" lon="-120.770197"><ele>1709.0</ele><time>2022-08-20T23:46:53Z</time></trkpt><trkpt lat="47.477861" lon="-120.77017"><ele>1710.0</ele><time>2022-08-20T23:47:04Z</time></trkpt><trkpt lat="47.477857" lon="-120.770129"><ele>1708.0</ele><time>2022-08-20T23:47:11Z</time></trkpt><trkpt lat="47.477943" lon="-120.770102"><ele>1708.3</ele><time>2022-08-20T23:47:16Z</time></trkpt><trkpt lat="47.477937" lon="-120.770036"><ele>1708.0</ele><time>2022-08-20T23:47:19Z</time></trkpt><trkpt lat="47.477996" lon="-120.76995"><ele>1704.0</ele><time>2022-08-20T23:47:26Z</time></trkpt><trkpt lat="47.478039" lon="-120.769866"><ele>1707.0</ele><time>2022-08-20T23:47:33Z</time></trkpt><trkpt lat="47.478042" lon="-120.769788"><ele>1704.0</ele><time>2022-08-20T23:47:39Z</time></trkpt><trkpt lat="47.478068" lon="-120.769732"><ele>1703.5</ele><time>2022-08-20T23:47:40Z</time></trkpt><trkpt lat="47.478073" lon="-120.769695"><ele>1700.0</ele><time>2022-08-20T23:47:42Z</time></trkpt><trkpt lat="47.478029" lon="-120.769676"><ele>1700.0</ele><time>2022-08-20T23:47:44Z</time></trkpt><trkpt lat="47.478033" lon="-120.769634"><ele>1698.0</ele><time>2022-08-20T23:47:46Z</time></trkpt><trkpt lat="47.478057" lon="-120.769564"><ele>1699.0</ele><time>2022-08-20T23:47:54Z</time></trkpt><trkpt lat="47.478047" lon="-120.76953"><ele>1698.0</ele><time>2022-08-20T23:47:56Z</time></trkpt><trkpt lat="47.47802" lon="-120.769515"><ele>1696.0</ele><time>2022-08-20T23:47:59Z</time></trkpt><trkpt lat="47.478" lon="-120.769484"><ele>1698.0</ele><time>2022-08-20T23:48:02Z</time></trkpt><trkpt lat="47.477985" lon="-120.769427"><ele>1702.0</ele><time>2022-08-20T23:48:04Z</time></trkpt><trkpt lat="47.477993" lon="-120.769389"><ele>1698.0</ele><time>2022-08-20T23:48:08Z</time></trkpt><trkpt lat="47.477918" lon="-120.769063"><ele>1695.0</ele><time>2022-08-20T23:48:39Z</time></trkpt><trkpt lat="47.477903" lon="-120.769036"><ele>1692.0</ele><time>2022-08-20T23:48:45Z</time></trkpt><trkpt lat="47.477867" lon="-120.769015"><ele>1692.0</ele><time>2022-08-20T23:48:50Z</time></trkpt><trkpt lat="47.477832" lon="-120.769013"><ele>1690.0</ele><time>2022-08-20T23:48:55Z</time></trkpt><trkpt lat="47.477818" lon="-120.768966"><ele>1688.0</ele><time>2022-08-20T23:49:01Z</time></trkpt><trkpt lat="47.477865" lon="-120.768944"><ele>1684.0</ele><time>2022-08-20T23:49:15Z</time></trkpt><trkpt lat="47.477922" lon="-120.768949"><ele>1682.0</ele><time>2022-08-20T23:49:22Z</time></trkpt><trkpt lat="47.478001" lon="-120.76886"><ele>1684.0</ele><time>2022-08-20T23:49:30Z</time></trkpt><trkpt lat="47.478009" lon="-120.768706"><ele>1683.0</ele><time>2022-08-20T23:49:41Z</time></trkpt><trkpt lat="47.478029" lon="-120.768666"><ele>1684.0</ele><time>2022-08-20T23:49:44Z</time></trkpt><trkpt lat="47.478023" lon="-120.768631"><ele>1680.0</ele><time>2022-08-20T23:49:50Z</time></trkpt><trkpt lat="47.478082" lon="-120.768549"><ele>1685.1</ele><time>2022-08-20T23:50:03Z</time></trkpt><trkpt lat="47.478117" lon="-120.768543"><ele>1684.0</ele><time>2022-08-20T23:50:05Z</time></trkpt><trkpt lat="47.478186" lon="-120.768551"><ele>1682.0</ele><time>2022-08-20T23:50:11Z</time></trkpt><trkpt lat="47.478216" lon="-120.768526"><ele>1680.0</ele><time>2022-08-20T23:50:16Z</time></trkpt><trkpt lat="47.478237" lon="-120.768474"><ele>1683.0</ele><time>2022-08-20T23:50:22Z</time></trkpt><trkpt lat="47.478244" lon="-120.768424"><ele>1683.0</ele><time>2022-08-20T23:50:28Z</time></trkpt><trkpt lat="47.478275" lon="-120.768424"><ele>1684.0</ele><time>2022-08-20T23:50:35Z</time></trkpt><trkpt lat="47.478296" lon="-120.768354"><ele>1681.0</ele><time>2022-08-20T23:50:41Z</time></trkpt><trkpt lat="47.478298" lon="-120.768265"><ele>1684.0</ele><time>2022-08-20T23:50:46Z</time></trkpt><trkpt lat="47.478284" lon="-120.768159"><ele>1683.0</ele><time>2022-08-20T23:50:51Z</time></trkpt><trkpt lat="47.478337" lon="-120.768062"><ele>1686.0</ele><time>2022-08-20T23:50:58Z</time></trkpt><trkpt lat="47.478339" lon="-120.767941"><ele>1683.0</ele><time>2022-08-20T23:51:06Z</time></trkpt><trkpt lat="47.478321" lon="-120.767804"><ele>1682.0</ele><time>2022-08-20T23:51:16Z</time></trkpt><trkpt lat="47.478184" lon="-120.767655"><ele>1680.0</ele><time>2022-08-20T23:51:33Z</time></trkpt><trkpt lat="47.478196" lon="-120.767604"><ele>1678.0</ele><time>2022-08-20T23:51:36Z</time></trkpt><trkpt lat="47.47827" lon="-120.767579"><ele>1676.0</ele><time>2022-08-20T23:51:42Z</time></trkpt><trkpt lat="47.478312" lon="-120.76754"><ele>1676.0</ele><time>2022-08-20T23:51:47Z</time></trkpt><trkpt lat="47.478376" lon="-120.767355"><ele>1676.0</ele><time>2022-08-20T23:52:01Z</time></trkpt><trkpt lat="47.478382" lon="-120.767299"><ele>1675.0</ele><time>2022-08-20T23:52:06Z</time></trkpt><trkpt lat="47.478432" lon="-120.767295"><ele>1675.0</ele><time>2022-08-20T23:52:10Z</time></trkpt><trkpt lat="47.478461" lon="-120.767264"><ele>1675.0</ele><time>2022-08-20T23:52:14Z</time></trkpt><trkpt lat="47.478414" lon="-120.767187"><ele>1676.7</ele><time>2022-08-20T23:52:21Z</time></trkpt><trkpt lat="47.478471" lon="-120.767073"><ele>1673.0</ele><time>2022-08-20T23:52:31Z</time></trkpt><trkpt lat="47.478521" lon="-120.767038"><ele>1673.0</ele><time>2022-08-20T23:52:34Z</time></trkpt><trkpt lat="47.478564" lon="-120.766975"><ele>1672.0</ele><time>2022-08-20T23:52:42Z</time></trkpt><trkpt lat="47.47862" lon="-120.767001"><ele>1672.0</ele><time>2022-08-20T23:52:47Z</time></trkpt><trkpt lat="47.478663" lon="-120.766999"><ele>1672.0</ele><time>2022-08-20T23:52:49Z</time></trkpt><trkpt lat="47.478699" lon="-120.766974"><ele>1674.0</ele><time>2022-08-20T23:52:52Z</time></trkpt><trkpt lat="47.478751" lon="-120.766962"><ele>1670.0</ele><time>2022-08-20T23:52:57Z</time></trkpt><trkpt lat="47.478758" lon="-120.766924"><ele>1671.0</ele><time>2022-08-20T23:53:02Z</time></trkpt><trkpt lat="47.47882" lon="-120.766856"><ele>1668.0</ele><time>2022-08-20T23:53:08Z</time></trkpt><trkpt lat="47.478868" lon="-120.766837"><ele>1670.0</ele><time>2022-08-20T23:53:12Z</time></trkpt><trkpt lat="47.478903" lon="-120.766728"><ele>1671.0</ele><time>2022-08-20T23:53:20Z</time></trkpt><trkpt lat="47.478912" lon="-120.766665"><ele>1672.0</ele><time>2022-08-20T23:53:24Z</time></trkpt><trkpt lat="47.478944" lon="-120.766643"><ele>1672.0</ele><time>2022-08-20T23:53:29Z</time></trkpt><trkpt lat="47.47895" lon="-120.766524"><ele>1671.0</ele><time>2022-08-20T23:53:38Z</time></trkpt><trkpt lat="47.478981" lon="-120.766501"><ele>1671.0</ele><time>2022-08-20T23:53:40Z</time></trkpt><trkpt lat="47.478993" lon="-120.766455"><ele>1670.0</ele><time>2022-08-20T23:53:43Z</time></trkpt><trkpt lat="47.479056" lon="-120.766391"><ele>1672.0</ele><time>2022-08-20T23:53:49Z</time></trkpt><trkpt lat="47.479119" lon="-120.766348"><ele>1673.0</ele><time>2022-08-20T23:53:57Z</time></trkpt><trkpt lat="47.479132" lon="-120.766258"><ele>1672.0</ele><time>2022-08-20T23:54:07Z</time></trkpt><trkpt lat="47.479216" lon="-120.766152"><ele>1677.0</ele><time>2022-08-20T23:54:19Z</time></trkpt><trkpt lat="47.479247" lon="-120.766131"><ele>1677.0</ele><time>2022-08-20T23:54:22Z</time></trkpt><trkpt lat="47.479312" lon="-120.76613"><ele>1675.0</ele><time>2022-08-20T23:54:27Z</time></trkpt><trkpt lat="47.479382" lon="-120.76607"><ele>1675.0</ele><time>2022-08-20T23:54:32Z</time></trkpt><trkpt lat="47.479387" lon="-120.766038"><ele>1677.0</ele><time>2022-08-20T23:54:34Z</time></trkpt><trkpt lat="47.479376" lon="-120.765997"><ele>1676.0</ele><time>2022-08-20T23:54:36Z</time></trkpt><trkpt lat="47.47928" lon="-120.765958"><ele>1676.0</ele><time>2022-08-20T23:54:45Z</time></trkpt><trkpt lat="47.479241" lon="-120.765887"><ele>1675.0</ele><time>2022-08-20T23:54:53Z</time></trkpt><trkpt lat="47.479208" lon="-120.765861"><ele>1676.0</ele><time>2022-08-20T23:54:58Z</time></trkpt><trkpt lat="47.479197" lon="-120.765767"><ele>1674.0</ele><time>2022-08-20T23:55:07Z</time></trkpt><trkpt lat="47.479236" lon="-120.765707"><ele>1670.0</ele><time>2022-08-20T23:55:15Z</time></trkpt><trkpt lat="47.47924" lon="-120.765671"><ele>1671.0</ele><time>2022-08-20T23:55:20Z</time></trkpt><trkpt lat="47.479259" lon="-120.765641"><ele>1671.0</ele><time>2022-08-20T23:55:23Z</time></trkpt><trkpt lat="47.479299" lon="-120.765617"><ele>1671.0</ele><time>2022-08-20T23:55:27Z</time></trkpt><trkpt lat="47.479367" lon="-120.765484"><ele>1671.0</ele><time>2022-08-20T23:55:39Z</time></trkpt><trkpt lat="47.479378" lon="-120.765323"><ele>1667.0</ele><time>2022-08-20T23:55:58Z</time></trkpt><trkpt lat="47.479448" lon="-120.765217"><ele>1667.0</ele><time>2022-08-20T23:56:17Z</time></trkpt><trkpt lat="47.479432" lon="-120.76515"><ele>1667.0</ele><time>2022-08-20T23:56:22Z</time></trkpt><trkpt lat="47.479451" lon="-120.765091"><ele>1666.0</ele><time>2022-08-20T23:56:29Z</time></trkpt><trkpt lat="47.479448" lon="-120.765022"><ele>1667.0</ele><time>2022-08-20T23:56:34Z</time></trkpt><trkpt lat="47.479498" lon="-120.76498"><ele>1665.0</ele><time>2022-08-20T23:56:41Z</time></trkpt><trkpt lat="47.479505" lon="-120.764948"><ele>1667.0</ele><time>2022-08-20T23:56:43Z</time></trkpt><trkpt lat="47.479507" lon="-120.764696"><ele>1664.0</ele><time>2022-08-20T23:57:03Z</time></trkpt><trkpt lat="47.479535" lon="-120.764615"><ele>1665.5</ele><time>2022-08-20T23:57:07Z</time></trkpt><trkpt lat="47.479553" lon="-120.764411"><ele>1660.0</ele><time>2022-08-20T23:57:22Z</time></trkpt><trkpt lat="47.479561" lon="-120.764375"><ele>1660.0</ele><time>2022-08-20T23:57:25Z</time></trkpt><trkpt lat="47.479583" lon="-120.764343"><ele>1659.0</ele><time>2022-08-20T23:57:29Z</time></trkpt><trkpt lat="47.479588" lon="-120.764265"><ele>1659.0</ele><time>2022-08-20T23:57:37Z</time></trkpt><trkpt lat="47.47957" lon="-120.764202"><ele>1660.0</ele><time>2022-08-20T23:57:45Z</time></trkpt><trkpt lat="47.47961" lon="-120.764133"><ele>1656.0</ele><time>2022-08-20T23:57:54Z</time></trkpt><trkpt lat="47.479593" lon="-120.764088"><ele>1656.0</ele><time>2022-08-20T23:57:59Z</time></trkpt><trkpt lat="47.47965" lon="-120.763973"><ele>1655.0</ele><time>2022-08-20T23:58:55Z</time></trkpt><trkpt lat="47.479629" lon="-120.763946"><ele>1664.0</ele><time>2022-08-21T00:02:03Z</time></trkpt><trkpt lat="47.479689" lon="-120.763914"><ele>1666.1</ele><time>2022-08-21T00:02:26Z</time></trkpt><trkpt lat="47.479651" lon="-120.763885"><ele>1666.0</ele><time>2022-08-21T00:02:28Z</time></trkpt><trkpt lat="47.479664" lon="-120.763958"><ele>1658.0</ele><time>2022-08-21T00:04:06Z</time></trkpt><trkpt lat="47.479713" lon="-120.763945"><ele>1664.0</ele><time>2022-08-21T00:07:27Z</time></trkpt><trkpt lat="47.479669" lon="-120.76397"><ele>1658.0</ele><time>2022-08-21T00:07:45Z</time></trkpt><trkpt lat="47.479635" lon="-120.763961"><ele>1658.0</ele><time>2022-08-21T00:08:59Z</time></trkpt><trkpt lat="47.479723" lon="-120.763943"><ele>1658.0</ele><time>2022-08-21T00:10:43Z</time></trkpt><trkpt lat="47.479689" lon="-120.763994"><ele>1660.0</ele><time>2022-08-21T00:11:02Z</time></trkpt><trkpt lat="47.479697" lon="-120.764019"><ele>1659.0</ele><time>2022-08-21T00:11:17Z</time></trkpt><trkpt lat="47.479681" lon="-120.764"><ele>1659.0</ele><time>2022-08-21T00:11:35Z</time></trkpt><trkpt lat="47.479602" lon="-120.764044"><ele>1656.0</ele><time>2022-08-21T00:11:47Z</time></trkpt><trkpt lat="47.479601" lon="-120.764102"><ele>1659.0</ele><time>2022-08-21T00:11:57Z</time></trkpt><trkpt lat="47.479555" lon="-120.764205"><ele>1660.0</ele><time>2022-08-21T00:12:08Z</time></trkpt><trkpt lat="47.479532" lon="-120.764288"><ele>1664.0</ele><time>2022-08-21T00:12:17Z</time></trkpt><trkpt lat="47.479499" lon="-120.764324"><ele>1663.0</ele><time>2022-08-21T00:12:24Z</time></trkpt><trkpt lat="47.479419" lon="-120.764268"><ele>1661.0</ele><time>2022-08-21T00:12:33Z</time></trkpt><trkpt lat="47.479416" lon="-120.764141"><ele>1662.0</ele><time>2022-08-21T00:12:44Z</time></trkpt><trkpt lat="47.479438" lon="-120.764111"><ele>1663.0</ele><time>2022-08-21T00:12:46Z</time></trkpt><trkpt lat="47.479473" lon="-120.763959"><ele>1660.0</ele><time>2022-08-21T00:13:00Z</time></trkpt><trkpt lat="47.479441" lon="-120.763884"><ele>1661.0</ele><time>2022-08-21T00:13:06Z</time></trkpt><trkpt lat="47.479443" lon="-120.763808"><ele>1662.0</ele><time>2022-08-21T00:13:16Z</time></trkpt><trkpt lat="47.479482" lon="-120.763706"><ele>1663.0</ele><time>2022-08-21T00:13:28Z</time></trkpt><trkpt lat="47.479518" lon="-120.763658"><ele>1660.0</ele><time>2022-08-21T00:13:34Z</time></trkpt><trkpt lat="47.479526" lon="-120.763616"><ele>1662.0</ele><time>2022-08-21T00:13:38Z</time></trkpt><trkpt lat="47.479505" lon="-120.763451"><ele>1662.0</ele><time>2022-08-21T00:13:49Z</time></trkpt><trkpt lat="47.479414" lon="-120.763325"><ele>1664.0</ele><time>2022-08-21T00:14:03Z</time></trkpt><trkpt lat="47.479453" lon="-120.763272"><ele>1662.0</ele><time>2022-08-21T00:14:10Z</time></trkpt><trkpt lat="47.479439" lon="-120.763169"><ele>1661.0</ele><time>2022-08-21T00:14:17Z</time></trkpt><trkpt lat="47.479449" lon="-120.763123"><ele>1662.0</ele><time>2022-08-21T00:14:19Z</time></trkpt><trkpt lat="47.479394" lon="-120.76292"><ele>1661.0</ele><time>2022-08-21T00:14:33Z</time></trkpt><trkpt lat="47.4794" lon="-120.762835"><ele>1662.1</ele><time>2022-08-21T00:14:38Z</time></trkpt><trkpt lat="47.479376" lon="-120.762778"><ele>1661.0</ele><time>2022-08-21T00:14:42Z</time></trkpt><trkpt lat="47.479383" lon="-120.762711"><ele>1662.0</ele><time>2022-08-21T00:14:46Z</time></trkpt><trkpt lat="47.479351" lon="-120.762672"><ele>1663.3</ele><time>2022-08-21T00:14:49Z</time></trkpt><trkpt lat="47.479317" lon="-120.762579"><ele>1662.0</ele><time>2022-08-21T00:14:56Z</time></trkpt><trkpt lat="47.479323" lon="-120.762537"><ele>1661.0</ele><time>2022-08-21T00:15:00Z</time></trkpt><trkpt lat="47.47938" lon="-120.762434"><ele>1660.0</ele><time>2022-08-21T00:15:10Z</time></trkpt><trkpt lat="47.479402" lon="-120.762361"><ele>1659.0</ele><time>2022-08-21T00:15:16Z</time></trkpt><trkpt lat="47.479422" lon="-120.76229"><ele>1660.0</ele><time>2022-08-21T00:15:21Z</time></trkpt><trkpt lat="47.479414" lon="-120.762216"><ele>1662.0</ele><time>2022-08-21T00:15:26Z</time></trkpt><trkpt lat="47.479441" lon="-120.762142"><ele>1661.9</ele><time>2022-08-21T00:15:33Z</time></trkpt><trkpt lat="47.479456" lon="-120.762124"><ele>1660.0</ele><time>2022-08-21T00:15:35Z</time></trkpt><trkpt lat="47.479501" lon="-120.762102"><ele>1660.0</ele><time>2022-08-21T00:15:41Z</time></trkpt><trkpt lat="47.479524" lon="-120.762044"><ele>1659.0</ele><time>2022-08-21T00:15:45Z</time></trkpt><trkpt lat="47.479534" lon="-120.761978"><ele>1659.0</ele><time>2022-08-21T00:15:51Z</time></trkpt><trkpt lat="47.47957" lon="-120.761918"><ele>1659.0</ele><time>2022-08-21T00:15:56Z</time></trkpt><trkpt lat="47.479608" lon="-120.761708"><ele>1659.0</ele><time>2022-08-21T00:16:12Z</time></trkpt><trkpt lat="47.479604" lon="-120.76164"><ele>1660.0</ele><time>2022-08-21T00:16:16Z</time></trkpt><trkpt lat="47.479654" lon="-120.761567"><ele>1660.0</ele><time>2022-08-21T00:16:24Z</time></trkpt><trkpt lat="47.479664" lon="-120.761486"><ele>1659.0</ele><time>2022-08-21T00:16:30Z</time></trkpt><trkpt lat="47.47969" lon="-120.761413"><ele>1658.0</ele><time>2022-08-21T00:16:34Z</time></trkpt><trkpt lat="47.479672" lon="-120.761346"><ele>1660.0</ele><time>2022-08-21T00:16:41Z</time></trkpt><trkpt lat="47.479676" lon="-120.761304"><ele>1661.0</ele><time>2022-08-21T00:16:44Z</time></trkpt><trkpt lat="47.479655" lon="-120.761245"><ele>1662.0</ele><time>2022-08-21T00:16:49Z</time></trkpt><trkpt lat="47.479644" lon="-120.761165"><ele>1663.0</ele><time>2022-08-21T00:16:56Z</time></trkpt><trkpt lat="47.479639" lon="-120.761047"><ele>1662.0</ele><time>2022-08-21T00:17:03Z</time></trkpt><trkpt lat="47.479651" lon="-120.760966"><ele>1659.0</ele><time>2022-08-21T00:17:08Z</time></trkpt><trkpt lat="47.479579" lon="-120.760758"><ele>1667.0</ele><time>2022-08-21T00:17:20Z</time></trkpt><trkpt lat="47.479551" lon="-120.76073"><ele>1668.0</ele><time>2022-08-21T00:17:23Z</time></trkpt><trkpt lat="47.479521" lon="-120.760718"><ele>1668.0</ele><time>2022-08-21T00:17:25Z</time></trkpt><trkpt lat="47.479486" lon="-120.760661"><ele>1665.0</ele><time>2022-08-21T00:17:33Z</time></trkpt><trkpt lat="47.479476" lon="-120.76062"><ele>1668.0</ele><time>2022-08-21T00:17:38Z</time></trkpt><trkpt lat="47.4795" lon="-120.760544"><ele>1667.0</ele><time>2022-08-21T00:17:45Z</time></trkpt><trkpt lat="47.479448" lon="-120.760369"><ele>1662.0</ele><time>2022-08-21T00:18:01Z</time></trkpt><trkpt lat="47.479452" lon="-120.76034"><ele>1663.0</ele><time>2022-08-21T00:18:03Z</time></trkpt><trkpt lat="47.479417" lon="-120.760303"><ele>1664.0</ele><time>2022-08-21T00:18:08Z</time></trkpt><trkpt lat="47.479361" lon="-120.760283"><ele>1662.0</ele><time>2022-08-21T00:18:14Z</time></trkpt><trkpt lat="47.479295" lon="-120.760214"><ele>1662.0</ele><time>2022-08-21T00:18:20Z</time></trkpt><trkpt lat="47.479269" lon="-120.760245"><ele>1662.0</ele><time>2022-08-21T00:18:24Z</time></trkpt><trkpt lat="47.479271" lon="-120.760283"><ele>1662.0</ele><time>2022-08-21T00:18:27Z</time></trkpt><trkpt lat="47.479251" lon="-120.760314"><ele>1662.0</ele><time>2022-08-21T00:18:29Z</time></trkpt><trkpt lat="47.479197" lon="-120.760357"><ele>1662.0</ele><time>2022-08-21T00:18:54Z</time></trkpt><trkpt lat="47.479246" lon="-120.760321"><ele>1663.0</ele><time>2022-08-21T00:19:23Z</time></trkpt><trkpt lat="47.479266" lon="-120.76029"><ele>1662.0</ele><time>2022-08-21T00:19:26Z</time></trkpt><trkpt lat="47.479272" lon="-120.760254"><ele>1662.0</ele><time>2022-08-21T00:19:29Z</time></trkpt><trkpt lat="47.479262" lon="-120.760221"><ele>1662.0</ele><time>2022-08-21T00:19:32Z</time></trkpt><trkpt lat="47.479211" lon="-120.760174"><ele>1662.0</ele><time>2022-08-21T00:19:38Z</time></trkpt><trkpt lat="47.479159" lon="-120.76016"><ele>1662.0</ele><time>2022-08-21T00:19:43Z</time></trkpt><trkpt lat="47.479136" lon="-120.760169"><ele>1662.0</ele><time>2022-08-21T00:19:48Z</time></trkpt><trkpt lat="47.478964" lon="-120.760008"><ele>1656.0</ele><time>2022-08-21T00:20:10Z</time></trkpt><trkpt lat="47.478933" lon="-120.760003"><ele>1660.0</ele><time>2022-08-21T00:20:15Z</time></trkpt><trkpt lat="47.478823" lon="-120.759956"><ele>1656.0</ele><time>2022-08-21T00:20:30Z</time></trkpt><trkpt lat="47.4788" lon="-120.759973"><ele>1660.0</ele><time>2022-08-21T00:20:34Z</time></trkpt><trkpt lat="47.478742" lon="-120.759978"><ele>1659.0</ele><time>2022-08-21T00:20:43Z</time></trkpt><trkpt lat="47.478718" lon="-120.760007"><ele>1661.0</ele><time>2022-08-21T00:20:52Z</time></trkpt><trkpt lat="47.478661" lon="-120.760006"><ele>1660.0</ele><time>2022-08-21T00:21:05Z</time></trkpt><trkpt lat="47.47864" lon="-120.759983"><ele>1660.0</ele><time>2022-08-21T00:21:10Z</time></trkpt><trkpt lat="47.478633" lon="-120.75995"><ele>1661.0</ele><time>2022-08-21T00:21:20Z</time></trkpt><trkpt lat="47.478604" lon="-120.759929"><ele>1662.0</ele><time>2022-08-21T00:21:25Z</time></trkpt><trkpt lat="47.478583" lon="-120.759971"><ele>1662.0</ele><time>2022-08-21T00:21:30Z</time></trkpt><trkpt lat="47.478589" lon="-120.760017"><ele>1662.0</ele><time>2022-08-21T00:21:33Z</time></trkpt><trkpt lat="47.478558" lon="-120.760084"><ele>1660.0</ele><time>2022-08-21T00:21:40Z</time></trkpt><trkpt lat="47.478561" lon="-120.76018"><ele>1663.0</ele><time>2022-08-21T00:21:49Z</time></trkpt><trkpt lat="47.478542" lon="-120.760255"><ele>1665.0</ele><time>2022-08-21T00:21:57Z</time></trkpt><trkpt lat="47.478493" lon="-120.760292"><ele>1668.0</ele><time>2022-08-21T00:22:04Z</time></trkpt><trkpt lat="47.478404" lon="-120.760336"><ele>1667.0</ele><time>2022-08-21T00:22:13Z</time></trkpt><trkpt lat="47.478351" lon="-120.760338"><ele>1665.0</ele><time>2022-08-21T00:22:19Z</time></trkpt><trkpt lat="47.478183" lon="-120.760179"><ele>1659.0</ele><time>2022-08-21T00:22:43Z</time></trkpt><trkpt lat="47.478146" lon="-120.760108"><ele>1660.0</ele><time>2022-08-21T00:22:49Z</time></trkpt><trkpt lat="47.478097" lon="-120.759923"><ele>1661.0</ele><time>2022-08-21T00:23:05Z</time></trkpt><trkpt lat="47.477942" lon="-120.759691"><ele>1659.0</ele><time>2022-08-21T00:23:25Z</time></trkpt><trkpt lat="47.477893" lon="-120.759636"><ele>1660.0</ele><time>2022-08-21T00:23:33Z</time></trkpt><trkpt lat="47.477884" lon="-120.759596"><ele>1659.0</ele><time>2022-08-21T00:23:36Z</time></trkpt><trkpt lat="47.477846" lon="-120.75953"><ele>1656.0</ele><time>2022-08-21T00:23:46Z</time></trkpt><trkpt lat="47.477832" lon="-120.759454"><ele>1659.0</ele><time>2022-08-21T00:23:54Z</time></trkpt><trkpt lat="47.4778" lon="-120.759455"><ele>1659.0</ele><time>2022-08-21T00:23:58Z</time></trkpt><trkpt lat="47.477732" lon="-120.759418"><ele>1658.0</ele><time>2022-08-21T00:24:04Z</time></trkpt><trkpt lat="47.477621" lon="-120.759406"><ele>1660.0</ele><time>2022-08-21T00:24:15Z</time></trkpt><trkpt lat="47.477576" lon="-120.759434"><ele>1662.0</ele><time>2022-08-21T00:24:22Z</time></trkpt><trkpt lat="47.477545" lon="-120.759396"><ele>1661.0</ele><time>2022-08-21T00:24:32Z</time></trkpt><trkpt lat="47.477571" lon="-120.759366"><ele>1665.0</ele><time>2022-08-21T00:24:43Z</time></trkpt><trkpt lat="47.477582" lon="-120.759327"><ele>1671.1</ele><time>2022-08-21T00:24:51Z</time></trkpt><trkpt lat="47.477593" lon="-120.759359"><ele>1670.0</ele><time>2022-08-21T00:25:07Z</time></trkpt><trkpt lat="47.477548" lon="-120.759306"><ele>1666.0</ele><time>2022-08-21T00:25:18Z</time></trkpt><trkpt lat="47.477496" lon="-120.759278"><ele>1665.0</ele><time>2022-08-21T00:25:24Z</time></trkpt><trkpt lat="47.477472" lon="-120.759252"><ele>1665.0</ele><time>2022-08-21T00:25:27Z</time></trkpt><trkpt lat="47.477457" lon="-120.759223"><ele>1666.0</ele><time>2022-08-21T00:25:29Z</time></trkpt><trkpt lat="47.477463" lon="-120.759172"><ele>1664.0</ele><time>2022-08-21T00:25:33Z</time></trkpt><trkpt lat="47.477435" lon="-120.759157"><ele>1662.0</ele><time>2022-08-21T00:25:38Z</time></trkpt><trkpt lat="47.477385" lon="-120.759156"><ele>1662.0</ele><time>2022-08-21T00:25:41Z</time></trkpt><trkpt lat="47.477343" lon="-120.759104"><ele>1662.0</ele><time>2022-08-21T00:25:48Z</time></trkpt><trkpt lat="47.477309" lon="-120.759092"><ele>1660.0</ele><time>2022-08-21T00:25:52Z</time></trkpt><trkpt lat="47.477276" lon="-120.75914"><ele>1664.0</ele><time>2022-08-21T00:26:02Z</time></trkpt><trkpt lat="47.477222" lon="-120.759096"><ele>1665.0</ele><time>2022-08-21T00:26:08Z</time></trkpt><trkpt lat="47.477222" lon="-120.758959"><ele>1664.0</ele><time>2022-08-21T00:26:22Z</time></trkpt><trkpt lat="47.477252" lon="-120.758871"><ele>1660.0</ele><time>2022-08-21T00:26:29Z</time></trkpt><trkpt lat="47.477309" lon="-120.758811"><ele>1660.0</ele><time>2022-08-21T00:26:34Z</time></trkpt><trkpt lat="47.477322" lon="-120.758777"><ele>1660.0</ele><time>2022-08-21T00:26:38Z</time></trkpt><trkpt lat="47.477309" lon="-120.75859"><ele>1663.0</ele><time>2022-08-21T00:26:49Z</time></trkpt><trkpt lat="47.47732" lon="-120.758474"><ele>1665.0</ele><time>2022-08-21T00:27:01Z</time></trkpt><trkpt lat="47.477311" lon="-120.75843"><ele>1668.0</ele><time>2022-08-21T00:27:04Z</time></trkpt><trkpt lat="47.477316" lon="-120.75836"><ele>1667.0</ele><time>2022-08-21T00:27:10Z</time></trkpt><trkpt lat="47.477333" lon="-120.758303"><ele>1671.1</ele><time>2022-08-21T00:27:14Z</time></trkpt><trkpt lat="47.477315" lon="-120.758287"><ele>1670.0</ele><time>2022-08-21T00:27:16Z</time></trkpt><trkpt lat="47.477279" lon="-120.75818"><ele>1668.0</ele><time>2022-08-21T00:27:24Z</time></trkpt><trkpt lat="47.477293" lon="-120.758105"><ele>1667.0</ele><time>2022-08-21T00:27:29Z</time></trkpt><trkpt lat="47.477282" lon="-120.757886"><ele>1668.0</ele><time>2022-08-21T00:27:43Z</time></trkpt><trkpt lat="47.477304" lon="-120.757795"><ele>1668.0</ele><time>2022-08-21T00:27:50Z</time></trkpt><trkpt lat="47.477263" lon="-120.75767"><ele>1670.0</ele><time>2022-08-21T00:28:02Z</time></trkpt><trkpt lat="47.477281" lon="-120.757687"><ele>1671.0</ele><time>2022-08-21T00:28:04Z</time></trkpt><trkpt lat="47.47732" lon="-120.75766"><ele>1667.0</ele><time>2022-08-21T00:28:09Z</time></trkpt><trkpt lat="47.477353" lon="-120.757653"><ele>1666.0</ele><time>2022-08-21T00:28:13Z</time></trkpt><trkpt lat="47.477373" lon="-120.757627"><ele>1665.0</ele><time>2022-08-21T00:28:16Z</time></trkpt><trkpt lat="47.477327" lon="-120.757457"><ele>1668.0</ele><time>2022-08-21T00:28:27Z</time></trkpt><trkpt lat="47.477304" lon="-120.757423"><ele>1668.0</ele><time>2022-08-21T00:28:31Z</time></trkpt><trkpt lat="47.47732" lon="-120.757276"><ele>1668.0</ele><time>2022-08-21T00:28:45Z</time></trkpt><trkpt lat="47.477319" lon="-120.757187"><ele>1671.1</ele><time>2022-08-21T00:28:54Z</time></trkpt><trkpt lat="47.47733" lon="-120.757154"><ele>1672.0</ele><time>2022-08-21T00:28:57Z</time></trkpt><trkpt lat="47.47737" lon="-120.75709"><ele>1671.0</ele><time>2022-08-21T00:29:04Z</time></trkpt><trkpt lat="47.477396" lon="-120.757069"><ele>1668.0</ele><time>2022-08-21T00:29:08Z</time></trkpt><trkpt lat="47.477458" lon="-120.757119"><ele>1665.0</ele><time>2022-08-21T00:29:15Z</time></trkpt><trkpt lat="47.477506" lon="-120.757132"><ele>1663.0</ele><time>2022-08-21T00:29:21Z</time></trkpt><trkpt lat="47.477535" lon="-120.757094"><ele>1662.0</ele><time>2022-08-21T00:29:24Z</time></trkpt><trkpt lat="47.477542" lon="-120.756985"><ele>1665.0</ele><time>2022-08-21T00:29:33Z</time></trkpt><trkpt lat="47.47753" lon="-120.756946"><ele>1664.0</ele><time>2022-08-21T00:29:37Z</time></trkpt><trkpt lat="47.47754" lon="-120.756909"><ele>1666.0</ele><time>2022-08-21T00:29:40Z</time></trkpt><trkpt lat="47.477577" lon="-120.756889"><ele>1664.0</ele><time>2022-08-21T00:29:43Z</time></trkpt><trkpt lat="47.477626" lon="-120.756786"><ele>1665.0</ele><time>2022-08-21T00:29:52Z</time></trkpt><trkpt lat="47.4777" lon="-120.75671"><ele>1665.0</ele><time>2022-08-21T00:30:03Z</time></trkpt><trkpt lat="47.477733" lon="-120.756691"><ele>1665.0</ele><time>2022-08-21T00:30:06Z</time></trkpt><trkpt lat="47.47778" lon="-120.756696"><ele>1664.0</ele><time>2022-08-21T00:30:10Z</time></trkpt><trkpt lat="47.477843" lon="-120.756631"><ele>1662.0</ele><time>2022-08-21T00:30:17Z</time></trkpt><trkpt lat="47.477908" lon="-120.756513"><ele>1662.0</ele><time>2022-08-21T00:30:29Z</time></trkpt><trkpt lat="47.477902" lon="-120.75645"><ele>1662.0</ele><time>2022-08-21T00:30:33Z</time></trkpt><trkpt lat="47.477965" lon="-120.756304"><ele>1661.0</ele><time>2022-08-21T00:30:47Z</time></trkpt><trkpt lat="47.478025" lon="-120.756253"><ele>1662.0</ele><time>2022-08-21T00:30:54Z</time></trkpt><trkpt lat="47.478067" lon="-120.756189"><ele>1661.0</ele><time>2022-08-21T00:31:00Z</time></trkpt><trkpt lat="47.478107" lon="-120.75616"><ele>1662.0</ele><time>2022-08-21T00:31:04Z</time></trkpt><trkpt lat="47.47813" lon="-120.756132"><ele>1662.0</ele><time>2022-08-21T00:31:08Z</time></trkpt><trkpt lat="47.478154" lon="-120.756077"><ele>1662.0</ele><time>2022-08-21T00:31:12Z</time></trkpt><trkpt lat="47.478192" lon="-120.756078"><ele>1662.0</ele><time>2022-08-21T00:31:17Z</time></trkpt><trkpt lat="47.478241" lon="-120.756054"><ele>1661.0</ele><time>2022-08-21T00:31:24Z</time></trkpt><trkpt lat="47.478302" lon="-120.755961"><ele>1662.0</ele><time>2022-08-21T00:31:32Z</time></trkpt><trkpt lat="47.478303" lon="-120.755915"><ele>1661.0</ele><time>2022-08-21T00:31:35Z</time></trkpt><trkpt lat="47.478319" lon="-120.755856"><ele>1664.0</ele><time>2022-08-21T00:31:39Z</time></trkpt><trkpt lat="47.478315" lon="-120.755825"><ele>1664.0</ele><time>2022-08-21T00:31:41Z</time></trkpt><trkpt lat="47.47833" lon="-120.755785"><ele>1666.0</ele><time>2022-08-21T00:31:43Z</time></trkpt><trkpt lat="47.478418" lon="-120.755626"><ele>1665.0</ele><time>2022-08-21T00:31:56Z</time></trkpt><trkpt lat="47.478478" lon="-120.755593"><ele>1668.0</ele><time>2022-08-21T00:32:02Z</time></trkpt><trkpt lat="47.478509" lon="-120.755516"><ele>1668.0</ele><time>2022-08-21T00:32:07Z</time></trkpt><trkpt lat="47.478531" lon="-120.755491"><ele>1668.0</ele><time>2022-08-21T00:32:09Z</time></trkpt><trkpt lat="47.478539" lon="-120.755426"><ele>1669.0</ele><time>2022-08-21T00:32:13Z</time></trkpt><trkpt lat="47.478561" lon="-120.755369"><ele>1669.4</ele><time>2022-08-21T00:32:18Z</time></trkpt><trkpt lat="47.478604" lon="-120.75533"><ele>1668.0</ele><time>2022-08-21T00:32:25Z</time></trkpt><trkpt lat="47.478679" lon="-120.755305"><ele>1665.0</ele><time>2022-08-21T00:32:32Z</time></trkpt><trkpt lat="47.478724" lon="-120.755232"><ele>1666.0</ele><time>2022-08-21T00:32:37Z</time></trkpt><trkpt lat="47.478742" lon="-120.755173"><ele>1665.0</ele><time>2022-08-21T00:32:43Z</time></trkpt><trkpt lat="47.47877" lon="-120.755153"><ele>1665.0</ele><time>2022-08-21T00:32:46Z</time></trkpt><trkpt lat="47.478842" lon="-120.755128"><ele>1663.0</ele><time>2022-08-21T00:32:53Z</time></trkpt><trkpt lat="47.478929" lon="-120.755131"><ele>1663.0</ele><time>2022-08-21T00:33:04Z</time></trkpt><trkpt lat="47.479017" lon="-120.755077"><ele>1660.0</ele><time>2022-08-21T00:33:13Z</time></trkpt><trkpt lat="47.479044" lon="-120.754926"><ele>1662.0</ele><time>2022-08-21T00:33:25Z</time></trkpt><trkpt lat="47.479061" lon="-120.754882"><ele>1662.0</ele><time>2022-08-21T00:33:27Z</time></trkpt><trkpt lat="47.47914" lon="-120.75479"><ele>1665.0</ele><time>2022-08-21T00:33:34Z</time></trkpt><trkpt lat="47.479154" lon="-120.754716"><ele>1665.0</ele><time>2022-08-21T00:33:39Z</time></trkpt><trkpt lat="47.479256" lon="-120.754656"><ele>1667.0</ele><time>2022-08-21T00:33:50Z</time></trkpt><trkpt lat="47.479287" lon="-120.754613"><ele>1668.0</ele><time>2022-08-21T00:33:53Z</time></trkpt><trkpt lat="47.479332" lon="-120.754574"><ele>1666.0</ele><time>2022-08-21T00:33:58Z</time></trkpt><trkpt lat="47.479377" lon="-120.754585"><ele>1664.0</ele><time>2022-08-21T00:34:08Z</time></trkpt><trkpt lat="47.479482" lon="-120.75448"><ele>1662.0</ele><time>2022-08-21T00:34:23Z</time></trkpt><trkpt lat="47.479508" lon="-120.754423"><ele>1662.0</ele><time>2022-08-21T00:34:28Z</time></trkpt><trkpt lat="47.479573" lon="-120.754329"><ele>1664.0</ele><time>2022-08-21T00:34:36Z</time></trkpt><trkpt lat="47.479582" lon="-120.754298"><ele>1665.0</ele><time>2022-08-21T00:34:38Z</time></trkpt><trkpt lat="47.479559" lon="-120.754246"><ele>1668.0</ele><time>2022-08-21T00:34:44Z</time></trkpt><trkpt lat="47.479606" lon="-120.754194"><ele>1668.0</ele><time>2022-08-21T00:34:51Z</time></trkpt><trkpt lat="47.479691" lon="-120.754186"><ele>1665.0</ele><time>2022-08-21T00:35:05Z</time></trkpt><trkpt lat="47.479761" lon="-120.754164"><ele>1662.0</ele><time>2022-08-21T00:35:12Z</time></trkpt><trkpt lat="47.479826" lon="-120.754126"><ele>1660.0</ele><time>2022-08-21T00:35:21Z</time></trkpt><trkpt lat="47.479871" lon="-120.754064"><ele>1660.0</ele><time>2022-08-21T00:35:28Z</time></trkpt><trkpt lat="47.479919" lon="-120.754054"><ele>1662.0</ele><time>2022-08-21T00:35:34Z</time></trkpt><trkpt lat="47.479958" lon="-120.754"><ele>1664.0</ele><time>2022-08-21T00:35:41Z</time></trkpt><trkpt lat="47.480018" lon="-120.75401"><ele>1665.0</ele><time>2022-08-21T00:35:47Z</time></trkpt><trkpt lat="47.480086" lon="-120.753978"><ele>1663.0</ele><time>2022-08-21T00:35:56Z</time></trkpt><trkpt lat="47.48009" lon="-120.753934"><ele>1664.5</ele><time>2022-08-21T00:35:59Z</time></trkpt><trkpt lat="47.480144" lon="-120.753899"><ele>1662.0</ele><time>2022-08-21T00:36:07Z</time></trkpt><trkpt lat="47.480184" lon="-120.753855"><ele>1665.4</ele><time>2022-08-21T00:36:13Z</time></trkpt><trkpt lat="47.480204" lon="-120.753851"><ele>1664.0</ele><time>2022-08-21T00:36:15Z</time></trkpt><trkpt lat="47.480234" lon="-120.753803"><ele>1665.0</ele><time>2022-08-21T00:36:19Z</time></trkpt><trkpt lat="47.480288" lon="-120.753761"><ele>1665.0</ele><time>2022-08-21T00:36:25Z</time></trkpt><trkpt lat="47.48031" lon="-120.75372"><ele>1666.0</ele><time>2022-08-21T00:36:28Z</time></trkpt><trkpt lat="47.480354" lon="-120.753708"><ele>1668.0</ele><time>2022-08-21T00:36:30Z</time></trkpt><trkpt lat="47.48038" lon="-120.753673"><ele>1668.0</ele><time>2022-08-21T00:36:33Z</time></trkpt><trkpt lat="47.480405" lon="-120.753601"><ele>1668.0</ele><time>2022-08-21T00:36:40Z</time></trkpt><trkpt lat="47.480433" lon="-120.753565"><ele>1669.0</ele><time>2022-08-21T00:36:43Z</time></trkpt><trkpt lat="47.480507" lon="-120.753532"><ele>1667.0</ele><time>2022-08-21T00:36:50Z</time></trkpt><trkpt lat="47.480557" lon="-120.753473"><ele>1666.0</ele><time>2022-08-21T00:36:57Z</time></trkpt><trkpt lat="47.48059" lon="-120.753461"><ele>1668.0</ele><time>2022-08-21T00:37:01Z</time></trkpt><trkpt lat="47.480606" lon="-120.753436"><ele>1668.0</ele><time>2022-08-21T00:37:03Z</time></trkpt><trkpt lat="47.480612" lon="-120.753399"><ele>1670.0</ele><time>2022-08-21T00:37:08Z</time></trkpt><trkpt lat="47.480675" lon="-120.753361"><ele>1668.0</ele><time>2022-08-21T00:37:17Z</time></trkpt><trkpt lat="47.480729" lon="-120.753275"><ele>1668.0</ele><time>2022-08-21T00:37:26Z</time></trkpt><trkpt lat="47.480749" lon="-120.753217"><ele>1665.0</ele><time>2022-08-21T00:37:33Z</time></trkpt><trkpt lat="47.480788" lon="-120.753203"><ele>1669.0</ele><time>2022-08-21T00:37:36Z</time></trkpt><trkpt lat="47.480813" lon="-120.753176"><ele>1668.0</ele><time>2022-08-21T00:37:39Z</time></trkpt><trkpt lat="47.480821" lon="-120.753141"><ele>1668.0</ele><time>2022-08-21T00:37:42Z</time></trkpt><trkpt lat="47.480843" lon="-120.75311"><ele>1670.0</ele><time>2022-08-21T00:37:44Z</time></trkpt><trkpt lat="47.480908" lon="-120.753081"><ele>1668.0</ele><time>2022-08-21T00:37:51Z</time></trkpt><trkpt lat="47.48093" lon="-120.753084"><ele>1669.0</ele><time>2022-08-21T00:37:55Z</time></trkpt><trkpt lat="47.481054" lon="-120.753182"><ele>1666.0</ele><time>2022-08-21T00:38:12Z</time></trkpt><trkpt lat="47.481089" lon="-120.753185"><ele>1666.0</ele><time>2022-08-21T00:38:15Z</time></trkpt><trkpt lat="47.481115" lon="-120.753164"><ele>1665.0</ele><time>2022-08-21T00:38:18Z</time></trkpt><trkpt lat="47.48118" lon="-120.753181"><ele>1664.0</ele><time>2022-08-21T00:38:27Z</time></trkpt><trkpt lat="47.481216" lon="-120.753171"><ele>1666.0</ele><time>2022-08-21T00:38:30Z</time></trkpt><trkpt lat="47.481249" lon="-120.75318"><ele>1664.0</ele><time>2022-08-21T00:38:33Z</time></trkpt><trkpt lat="47.481298" lon="-120.753212"><ele>1664.0</ele><time>2022-08-21T00:38:36Z</time></trkpt><trkpt lat="47.481359" lon="-120.753208"><ele>1665.0</ele><time>2022-08-21T00:38:44Z</time></trkpt><trkpt lat="47.481425" lon="-120.753246"><ele>1662.0</ele><time>2022-08-21T00:38:52Z</time></trkpt><trkpt lat="47.481488" lon="-120.753255"><ele>1660.0</ele><time>2022-08-21T00:39:00Z</time></trkpt><trkpt lat="47.481519" lon="-120.753232"><ele>1662.0</ele><time>2022-08-21T00:39:03Z</time></trkpt><trkpt lat="47.481569" lon="-120.753108"><ele>1662.0</ele><time>2022-08-21T00:39:13Z</time></trkpt><trkpt lat="47.481594" lon="-120.753078"><ele>1664.0</ele><time>2022-08-21T00:39:17Z</time></trkpt><trkpt lat="47.481667" lon="-120.753054"><ele>1665.0</ele><time>2022-08-21T00:39:25Z</time></trkpt><trkpt lat="47.481701" lon="-120.753032"><ele>1664.0</ele><time>2022-08-21T00:39:28Z</time></trkpt><trkpt lat="47.481735" lon="-120.753037"><ele>1663.0</ele><time>2022-08-21T00:39:31Z</time></trkpt><trkpt lat="47.481799" lon="-120.753003"><ele>1662.0</ele><time>2022-08-21T00:39:38Z</time></trkpt><trkpt lat="47.481819" lon="-120.752967"><ele>1663.0</ele><time>2022-08-21T00:39:41Z</time></trkpt><trkpt lat="47.481849" lon="-120.752989"><ele>1663.0</ele><time>2022-08-21T00:39:44Z</time></trkpt><trkpt lat="47.481883" lon="-120.752985"><ele>1659.0</ele><time>2022-08-21T00:39:49Z</time></trkpt><trkpt lat="47.481909" lon="-120.753018"><ele>1660.0</ele><time>2022-08-21T00:39:54Z</time></trkpt><trkpt lat="47.481994" lon="-120.752977"><ele>1659.0</ele><time>2022-08-21T00:40:01Z</time></trkpt><trkpt lat="47.482065" lon="-120.752928"><ele>1658.0</ele><time>2022-08-21T00:40:09Z</time></trkpt><trkpt lat="47.482119" lon="-120.752863"><ele>1658.0</ele><time>2022-08-21T00:40:17Z</time></trkpt><trkpt lat="47.48224" lon="-120.752876"><ele>1660.0</ele><time>2022-08-21T00:40:30Z</time></trkpt><trkpt lat="47.482293" lon="-120.752905"><ele>1656.0</ele><time>2022-08-21T00:40:36Z</time></trkpt><trkpt lat="47.482345" lon="-120.752835"><ele>1662.0</ele><time>2022-08-21T00:40:43Z</time></trkpt><trkpt lat="47.482407" lon="-120.752801"><ele>1662.0</ele><time>2022-08-21T00:40:48Z</time></trkpt><trkpt lat="47.482418" lon="-120.752754"><ele>1662.0</ele><time>2022-08-21T00:40:51Z</time></trkpt><trkpt lat="47.482461" lon="-120.752689"><ele>1663.0</ele><time>2022-08-21T00:40:56Z</time></trkpt><trkpt lat="47.482463" lon="-120.75265"><ele>1663.0</ele><time>2022-08-21T00:40:58Z</time></trkpt><trkpt lat="47.482581" lon="-120.752554"><ele>1666.0</ele><time>2022-08-21T00:41:13Z</time></trkpt><trkpt lat="47.482637" lon="-120.752557"><ele>1664.0</ele><time>2022-08-21T00:41:18Z</time></trkpt><trkpt lat="47.482682" lon="-120.752542"><ele>1666.0</ele><time>2022-08-21T00:41:23Z</time></trkpt><trkpt lat="47.482779" lon="-120.752403"><ele>1663.6</ele><time>2022-08-21T00:41:42Z</time></trkpt><trkpt lat="47.48282" lon="-120.752396"><ele>1663.0</ele><time>2022-08-21T00:41:44Z</time></trkpt><trkpt lat="47.482845" lon="-120.752378"><ele>1664.0</ele><time>2022-08-21T00:41:46Z</time></trkpt><trkpt lat="47.482884" lon="-120.752324"><ele>1664.0</ele><time>2022-08-21T00:41:53Z</time></trkpt><trkpt lat="47.48294" lon="-120.75228"><ele>1662.0</ele><time>2022-08-21T00:42:00Z</time></trkpt><trkpt lat="47.483045" lon="-120.752258"><ele>1659.0</ele><time>2022-08-21T00:42:12Z</time></trkpt><trkpt lat="47.483065" lon="-120.752231"><ele>1655.0</ele><time>2022-08-21T00:42:17Z</time></trkpt><trkpt lat="47.483153" lon="-120.752185"><ele>1656.0</ele><time>2022-08-21T00:42:29Z</time></trkpt><trkpt lat="47.483205" lon="-120.752134"><ele>1658.0</ele><time>2022-08-21T00:42:35Z</time></trkpt><trkpt lat="47.483238" lon="-120.75208"><ele>1657.0</ele><time>2022-08-21T00:42:41Z</time></trkpt><trkpt lat="47.483252" lon="-120.752036"><ele>1657.0</ele><time>2022-08-21T00:42:45Z</time></trkpt><trkpt lat="47.483281" lon="-120.752028"><ele>1656.0</ele><time>2022-08-21T00:42:50Z</time></trkpt><trkpt lat="47.483313" lon="-120.752036"><ele>1656.0</ele><time>2022-08-21T00:42:54Z</time></trkpt><trkpt lat="47.483349" lon="-120.75206"><ele>1658.0</ele><time>2022-08-21T00:42:59Z</time></trkpt><trkpt lat="47.483494" lon="-120.751982"><ele>1659.0</ele><time>2022-08-21T00:43:15Z</time></trkpt><trkpt lat="47.483539" lon="-120.751967"><ele>1659.0</ele><time>2022-08-21T00:43:17Z</time></trkpt><trkpt lat="47.483566" lon="-120.751904"><ele>1660.0</ele><time>2022-08-21T00:43:23Z</time></trkpt><trkpt lat="47.483603" lon="-120.751885"><ele>1660.0</ele><time>2022-08-21T00:43:26Z</time></trkpt><trkpt lat="47.483714" lon="-120.751716"><ele>1663.0</ele><time>2022-08-21T00:43:40Z</time></trkpt><trkpt lat="47.483693" lon="-120.75168"><ele>1665.0</ele><time>2022-08-21T00:43:42Z</time></trkpt><trkpt lat="47.483712" lon="-120.751611"><ele>1664.0</ele><time>2022-08-21T00:43:49Z</time></trkpt><trkpt lat="47.483767" lon="-120.751542"><ele>1665.0</ele><time>2022-08-21T00:43:58Z</time></trkpt><trkpt lat="47.483854" lon="-120.751488"><ele>1666.0</ele><time>2022-08-21T00:44:07Z</time></trkpt><trkpt lat="47.483863" lon="-120.751452"><ele>1665.0</ele><time>2022-08-21T00:44:09Z</time></trkpt><trkpt lat="47.483882" lon="-120.751428"><ele>1665.0</ele><time>2022-08-21T00:44:12Z</time></trkpt><trkpt lat="47.483953" lon="-120.751385"><ele>1665.0</ele><time>2022-08-21T00:44:19Z</time></trkpt><trkpt lat="47.483989" lon="-120.751308"><ele>1665.0</ele><time>2022-08-21T00:44:24Z</time></trkpt><trkpt lat="47.483969" lon="-120.751261"><ele>1666.0</ele><time>2022-08-21T00:44:26Z</time></trkpt><trkpt lat="47.483998" lon="-120.751152"><ele>1668.0</ele><time>2022-08-21T00:44:32Z</time></trkpt><trkpt lat="47.484055" lon="-120.75108"><ele>1668.0</ele><time>2022-08-21T00:44:37Z</time></trkpt><trkpt lat="47.484063" lon="-120.751021"><ele>1668.0</ele><time>2022-08-21T00:44:43Z</time></trkpt><trkpt lat="47.484089" lon="-120.750981"><ele>1667.0</ele><time>2022-08-21T00:44:47Z</time></trkpt><trkpt lat="47.484083" lon="-120.750909"><ele>1665.0</ele><time>2022-08-21T00:44:52Z</time></trkpt><trkpt lat="47.48412" lon="-120.750918"><ele>1665.0</ele><time>2022-08-21T00:44:55Z</time></trkpt><trkpt lat="47.484131" lon="-120.750871"><ele>1664.0</ele><time>2022-08-21T00:44:58Z</time></trkpt><trkpt lat="47.484152" lon="-120.75084"><ele>1664.0</ele><time>2022-08-21T00:45:00Z</time></trkpt><trkpt lat="47.484173" lon="-120.750754"><ele>1662.0</ele><time>2022-08-21T00:45:04Z</time></trkpt><trkpt lat="47.48421" lon="-120.750685"><ele>1664.0</ele><time>2022-08-21T00:45:08Z</time></trkpt><trkpt lat="47.484199" lon="-120.750399"><ele>1664.0</ele><time>2022-08-21T00:45:26Z</time></trkpt><trkpt lat="47.484161" lon="-120.750376"><ele>1664.0</ele><time>2022-08-21T00:45:29Z</time></trkpt><trkpt lat="47.484209" lon="-120.750298"><ele>1665.5</ele><time>2022-08-21T00:45:37Z</time></trkpt><trkpt lat="47.484199" lon="-120.750237"><ele>1661.0</ele><time>2022-08-21T00:45:40Z</time></trkpt><trkpt lat="47.484223" lon="-120.750147"><ele>1660.0</ele><time>2022-08-21T00:45:47Z</time></trkpt><trkpt lat="47.484213" lon="-120.750116"><ele>1660.0</ele><time>2022-08-21T00:45:49Z</time></trkpt><trkpt lat="47.484217" lon="-120.750082"><ele>1658.0</ele><time>2022-08-21T00:45:51Z</time></trkpt><trkpt lat="47.484159" lon="-120.749961"><ele>1659.3</ele><time>2022-08-21T00:46:00Z</time></trkpt><trkpt lat="47.48412" lon="-120.749905"><ele>1660.6</ele><time>2022-08-21T00:46:02Z</time></trkpt><trkpt lat="47.484118" lon="-120.749824"><ele>1660.0</ele><time>2022-08-21T00:46:06Z</time></trkpt><trkpt lat="47.484163" lon="-120.749752"><ele>1660.0</ele><time>2022-08-21T00:46:13Z</time></trkpt><trkpt lat="47.484203" lon="-120.749441"><ele>1659.0</ele><time>2022-08-21T00:46:31Z</time></trkpt><trkpt lat="47.484228" lon="-120.749405"><ele>1658.0</ele><time>2022-08-21T00:46:34Z</time></trkpt><trkpt lat="47.484237" lon="-120.749369"><ele>1658.0</ele><time>2022-08-21T00:46:36Z</time></trkpt><trkpt lat="47.484234" lon="-120.749321"><ele>1660.0</ele><time>2022-08-21T00:46:38Z</time></trkpt><trkpt lat="47.484324" lon="-120.74908"><ele>1661.0</ele><time>2022-08-21T00:46:52Z</time></trkpt><trkpt lat="47.484475" lon="-120.749081"><ele>1659.0</ele><time>2022-08-21T00:47:04Z</time></trkpt><trkpt lat="47.4845" lon="-120.749048"><ele>1659.0</ele><time>2022-08-21T00:47:07Z</time></trkpt><trkpt lat="47.48463" lon="-120.749015"><ele>1659.0</ele><time>2022-08-21T00:47:17Z</time></trkpt><trkpt lat="47.484689" lon="-120.749114"><ele>1659.0</ele><time>2022-08-21T00:47:25Z</time></trkpt><trkpt lat="47.484755" lon="-120.749183"><ele>1660.0</ele><time>2022-08-21T00:47:31Z</time></trkpt><trkpt lat="47.484793" lon="-120.749203"><ele>1659.0</ele><time>2022-08-21T00:47:33Z</time></trkpt><trkpt lat="47.484799" lon="-120.749284"><ele>1660.0</ele><time>2022-08-21T00:47:39Z</time></trkpt><trkpt lat="47.484816" lon="-120.749337"><ele>1660.1</ele><time>2022-08-21T00:47:43Z</time></trkpt><trkpt lat="47.484811" lon="-120.749384"><ele>1659.0</ele><time>2022-08-21T00:47:45Z</time></trkpt><trkpt lat="47.484832" lon="-120.749461"><ele>1659.0</ele><time>2022-08-21T00:47:51Z</time></trkpt><trkpt lat="47.484849" lon="-120.74949"><ele>1659.0</ele><time>2022-08-21T00:47:54Z</time></trkpt><trkpt lat="47.484943" lon="-120.74946"><ele>1654.0</ele><time>2022-08-21T00:48:00Z</time></trkpt><trkpt lat="47.485015" lon="-120.749473"><ele>1656.0</ele><time>2022-08-21T00:48:04Z</time></trkpt><trkpt lat="47.485048" lon="-120.749505"><ele>1657.0</ele><time>2022-08-21T00:48:07Z</time></trkpt><trkpt lat="47.485078" lon="-120.749577"><ele>1658.0</ele><time>2022-08-21T00:48:11Z</time></trkpt><trkpt lat="47.485074" lon="-120.749692"><ele>1660.0</ele><time>2022-08-21T00:48:18Z</time></trkpt><trkpt lat="47.485097" lon="-120.749715"><ele>1660.0</ele><time>2022-08-21T00:48:22Z</time></trkpt><trkpt lat="47.485133" lon="-120.749729"><ele>1659.0</ele><time>2022-08-21T00:48:24Z</time></trkpt><trkpt lat="47.485167" lon="-120.749674"><ele>1660.0</ele><time>2022-08-21T00:48:28Z</time></trkpt><trkpt lat="47.485185" lon="-120.74957"><ele>1659.0</ele><time>2022-08-21T00:48:39Z</time></trkpt><trkpt lat="47.485218" lon="-120.749495"><ele>1659.0</ele><time>2022-08-21T00:48:45Z</time></trkpt><trkpt lat="47.48523" lon="-120.749348"><ele>1659.0</ele><time>2022-08-21T00:48:52Z</time></trkpt><trkpt lat="47.485271" lon="-120.749259"><ele>1659.0</ele><time>2022-08-21T00:49:01Z</time></trkpt><trkpt lat="47.485381" lon="-120.749251"><ele>1657.0</ele><time>2022-08-21T00:49:10Z</time></trkpt><trkpt lat="47.485408" lon="-120.749291"><ele>1656.0</ele><time>2022-08-21T00:49:18Z</time></trkpt><trkpt lat="47.485615" lon="-120.749288"><ele>1656.0</ele><time>2022-08-21T00:49:41Z</time></trkpt><trkpt lat="47.485681" lon="-120.749307"><ele>1655.0</ele><time>2022-08-21T00:49:51Z</time></trkpt><trkpt lat="47.485758" lon="-120.749225"><ele>1658.0</ele><time>2022-08-21T00:50:20Z</time></trkpt><trkpt lat="47.485734" lon="-120.749091"><ele>1656.0</ele><time>2022-08-21T00:50:29Z</time></trkpt><trkpt lat="47.485761" lon="-120.749061"><ele>1659.0</ele><time>2022-08-21T00:50:32Z</time></trkpt><trkpt lat="47.485779" lon="-120.748992"><ele>1660.0</ele><time>2022-08-21T00:50:38Z</time></trkpt><trkpt lat="47.485807" lon="-120.748978"><ele>1660.0</ele><time>2022-08-21T00:50:41Z</time></trkpt><trkpt lat="47.485834" lon="-120.749015"><ele>1660.0</ele><time>2022-08-21T00:50:45Z</time></trkpt><trkpt lat="47.48588" lon="-120.749005"><ele>1661.0</ele><time>2022-08-21T00:50:51Z</time></trkpt><trkpt lat="47.485917" lon="-120.74897"><ele>1664.4</ele><time>2022-08-21T00:50:56Z</time></trkpt><trkpt lat="47.486015" lon="-120.748944"><ele>1662.0</ele><time>2022-08-21T00:51:04Z</time></trkpt><trkpt lat="47.486054" lon="-120.74895"><ele>1662.0</ele><time>2022-08-21T00:51:07Z</time></trkpt><trkpt lat="47.486108" lon="-120.748894"><ele>1662.0</ele><time>2022-08-21T00:51:12Z</time></trkpt><trkpt lat="47.48621" lon="-120.748852"><ele>1663.0</ele><time>2022-08-21T00:51:20Z</time></trkpt><trkpt lat="47.486243" lon="-120.748784"><ele>1665.0</ele><time>2022-08-21T00:51:26Z</time></trkpt><trkpt lat="47.486267" lon="-120.748756"><ele>1665.0</ele><time>2022-08-21T00:51:29Z</time></trkpt><trkpt lat="47.486339" lon="-120.748765"><ele>1664.0</ele><time>2022-08-21T00:51:36Z</time></trkpt><trkpt lat="47.486398" lon="-120.748803"><ele>1665.9</ele><time>2022-08-21T00:51:42Z</time></trkpt><trkpt lat="47.486395" lon="-120.748822"><ele>1666.0</ele><time>2022-08-21T00:51:44Z</time></trkpt><trkpt lat="47.486533" lon="-120.748808"><ele>1665.0</ele><time>2022-08-21T00:51:57Z</time></trkpt><trkpt lat="47.486568" lon="-120.748795"><ele>1665.0</ele><time>2022-08-21T00:52:00Z</time></trkpt><trkpt lat="47.486623" lon="-120.748751"><ele>1665.0</ele><time>2022-08-21T00:52:06Z</time></trkpt><trkpt lat="47.486798" lon="-120.748661"><ele>1665.0</ele><time>2022-08-21T00:52:20Z</time></trkpt><trkpt lat="47.486869" lon="-120.748612"><ele>1666.0</ele><time>2022-08-21T00:52:25Z</time></trkpt><trkpt lat="47.48693" lon="-120.748501"><ele>1668.0</ele><time>2022-08-21T00:52:32Z</time></trkpt><trkpt lat="47.487008" lon="-120.748389"><ele>1668.0</ele><time>2022-08-21T00:52:42Z</time></trkpt><trkpt lat="47.487218" lon="-120.748189"><ele>1670.0</ele><time>2022-08-21T00:53:01Z</time></trkpt><trkpt lat="47.487229" lon="-120.748149"><ele>1670.0</ele><time>2022-08-21T00:53:04Z</time></trkpt><trkpt lat="47.48729" lon="-120.748101"><ele>1672.0</ele><time>2022-08-21T00:53:11Z</time></trkpt><trkpt lat="47.487399" lon="-120.748111"><ele>1673.0</ele><time>2022-08-21T00:53:21Z</time></trkpt><trkpt lat="47.48744" lon="-120.74809"><ele>1672.0</ele><time>2022-08-21T00:53:29Z</time></trkpt><trkpt lat="47.48749" lon="-120.74795"><ele>1672.0</ele><time>2022-08-21T00:53:43Z</time></trkpt><trkpt lat="47.487555" lon="-120.747839"><ele>1678.0</ele><time>2022-08-21T00:54:03Z</time></trkpt><trkpt lat="47.487554" lon="-120.747806"><ele>1678.0</ele><time>2022-08-21T00:54:06Z</time></trkpt><trkpt lat="47.487628" lon="-120.747728"><ele>1679.0</ele><time>2022-08-21T00:54:14Z</time></trkpt><trkpt lat="47.487688" lon="-120.747705"><ele>1680.0</ele><time>2022-08-21T00:54:21Z</time></trkpt><trkpt lat="47.487766" lon="-120.74763"><ele>1679.0</ele><time>2022-08-21T00:54:30Z</time></trkpt><trkpt lat="47.487785" lon="-120.747598"><ele>1680.0</ele><time>2022-08-21T00:54:32Z</time></trkpt><trkpt lat="47.487758" lon="-120.747561"><ele>1681.0</ele><time>2022-08-21T00:54:36Z</time></trkpt><trkpt lat="47.487709" lon="-120.747527"><ele>1678.0</ele><time>2022-08-21T00:54:44Z</time></trkpt><trkpt lat="47.487737" lon="-120.74751"><ele>1682.0</ele><time>2022-08-21T00:54:50Z</time></trkpt><trkpt lat="47.487756" lon="-120.747478"><ele>1680.0</ele><time>2022-08-21T00:54:54Z</time></trkpt><trkpt lat="47.4878" lon="-120.747511"><ele>1682.0</ele><time>2022-08-21T00:55:05Z</time></trkpt><trkpt lat="47.487824" lon="-120.747517"><ele>1685.0</ele><time>2022-08-21T00:55:10Z</time></trkpt><trkpt lat="47.487822" lon="-120.747505"><ele>1688.0</ele><time>2022-08-21T00:55:18Z</time></trkpt><trkpt lat="47.487851" lon="-120.747514"><ele>1690.0</ele><time>2022-08-21T00:55:43Z</time></trkpt><trkpt lat="47.48779" lon="-120.747583"><ele>1679.0</ele><time>2022-08-21T00:56:17Z</time></trkpt><trkpt lat="47.487774" lon="-120.747577"><ele>1688.0</ele><time>2022-08-21T00:56:44Z</time></trkpt><trkpt lat="47.487736" lon="-120.747599"><ele>1697.0</ele><time>2022-08-21T00:57:24Z</time></trkpt><trkpt lat="47.48774" lon="-120.747521"><ele>1685.0</ele><time>2022-08-21T00:58:05Z</time></trkpt><trkpt lat="47.487775" lon="-120.747565"><ele>1686.0</ele><time>2022-08-21T00:58:18Z</time></trkpt><trkpt lat="47.487784" lon="-120.747516"><ele>1683.0</ele><time>2022-08-21T00:58:24Z</time></trkpt><trkpt lat="47.487713" lon="-120.74755"><ele>1684.0</ele><time>2022-08-21T00:58:41Z</time></trkpt><trkpt lat="47.487708" lon="-120.747517"><ele>1681.0</ele><time>2022-08-21T01:03:07Z</time></trkpt><trkpt lat="47.487789" lon="-120.747559"><ele>1683.1</ele><time>2022-08-21T01:03:13Z</time></trkpt><trkpt lat="47.48782" lon="-120.747564"><ele>1680.0</ele><time>2022-08-21T01:03:28Z</time></trkpt><trkpt lat="47.487819" lon="-120.747622"><ele>1680.0</ele><time>2022-08-21T01:03:55Z</time></trkpt><trkpt lat="47.487842" lon="-120.747616"><ele>1682.0</ele><time>2022-08-21T01:04:01Z</time></trkpt><trkpt lat="47.487814" lon="-120.747521"><ele>1680.0</ele><time>2022-08-21T01:04:25Z</time></trkpt><trkpt lat="47.487776" lon="-120.74758"><ele>1682.0</ele><time>2022-08-21T01:04:56Z</time></trkpt><trkpt lat="47.487817" lon="-120.747589"><ele>1684.0</ele><time>2022-08-21T01:05:36Z</time></trkpt><trkpt lat="47.487827" lon="-120.747567"><ele>1683.0</ele><time>2022-08-21T01:05:57Z</time></trkpt><trkpt lat="47.487873" lon="-120.747553"><ele>1687.0</ele><time>2022-08-21T01:06:06Z</time></trkpt><trkpt lat="47.487823" lon="-120.747521"><ele>1686.0</ele><time>2022-08-21T01:06:13Z</time></trkpt><trkpt lat="47.487785" lon="-120.747467"><ele>1687.0</ele><time>2022-08-21T01:06:29Z</time></trkpt><trkpt lat="47.487911" lon="-120.747347"><ele>1684.0</ele><time>2022-08-21T01:06:44Z</time></trkpt><trkpt lat="47.487913" lon="-120.747308"><ele>1686.0</ele><time>2022-08-21T01:06:47Z</time></trkpt><trkpt lat="47.487934" lon="-120.747272"><ele>1688.0</ele><time>2022-08-21T01:06:49Z</time></trkpt><trkpt lat="47.487957" lon="-120.747162"><ele>1689.0</ele><time>2022-08-21T01:06:57Z</time></trkpt><trkpt lat="47.488017" lon="-120.747118"><ele>1689.0</ele><time>2022-08-21T01:07:02Z</time></trkpt><trkpt lat="47.488055" lon="-120.747067"><ele>1689.0</ele><time>2022-08-21T01:07:06Z</time></trkpt><trkpt lat="47.488112" lon="-120.747023"><ele>1690.0</ele><time>2022-08-21T01:07:10Z</time></trkpt><trkpt lat="47.488134" lon="-120.746987"><ele>1689.0</ele><time>2022-08-21T01:07:13Z</time></trkpt><trkpt lat="47.488232" lon="-120.746915"><ele>1689.7</ele><time>2022-08-21T01:07:23Z</time></trkpt><trkpt lat="47.488247" lon="-120.746851"><ele>1688.0</ele><time>2022-08-21T01:07:27Z</time></trkpt><trkpt lat="47.488272" lon="-120.746819"><ele>1688.0</ele><time>2022-08-21T01:07:30Z</time></trkpt><trkpt lat="47.488326" lon="-120.746779"><ele>1686.0</ele><time>2022-08-21T01:07:35Z</time></trkpt><trkpt lat="47.488396" lon="-120.746762"><ele>1686.0</ele><time>2022-08-21T01:07:42Z</time></trkpt><trkpt lat="47.488439" lon="-120.74664"><ele>1684.0</ele><time>2022-08-21T01:07:49Z</time></trkpt><trkpt lat="47.488476" lon="-120.746571"><ele>1686.0</ele><time>2022-08-21T01:07:54Z</time></trkpt><trkpt lat="47.488505" lon="-120.746461"><ele>1682.0</ele><time>2022-08-21T01:08:06Z</time></trkpt><trkpt lat="47.488613" lon="-120.746386"><ele>1676.0</ele><time>2022-08-21T01:08:21Z</time></trkpt><trkpt lat="47.488589" lon="-120.746471"><ele>1677.0</ele><time>2022-08-21T01:08:28Z</time></trkpt><trkpt lat="47.488595" lon="-120.746543"><ele>1676.0</ele><time>2022-08-21T01:08:33Z</time></trkpt><trkpt lat="47.488583" lon="-120.746643"><ele>1676.0</ele><time>2022-08-21T01:08:40Z</time></trkpt><trkpt lat="47.488618" lon="-120.746641"><ele>1675.0</ele><time>2022-08-21T01:08:42Z</time></trkpt><trkpt lat="47.488648" lon="-120.746626"><ele>1675.0</ele><time>2022-08-21T01:08:44Z</time></trkpt><trkpt lat="47.488658" lon="-120.746587"><ele>1674.0</ele><time>2022-08-21T01:08:46Z</time></trkpt><trkpt lat="47.488749" lon="-120.746429"><ele>1673.0</ele><time>2022-08-21T01:09:01Z</time></trkpt><trkpt lat="47.488823" lon="-120.74633"><ele>1670.0</ele><time>2022-08-21T01:09:15Z</time></trkpt><trkpt lat="47.488872" lon="-120.746296"><ele>1668.0</ele><time>2022-08-21T01:09:23Z</time></trkpt><trkpt lat="47.488979" lon="-120.746346"><ele>1664.0</ele><time>2022-08-21T01:09:38Z</time></trkpt><trkpt lat="47.488984" lon="-120.746383"><ele>1662.0</ele><time>2022-08-21T01:09:41Z</time></trkpt><trkpt lat="47.489009" lon="-120.746417"><ele>1660.0</ele><time>2022-08-21T01:09:43Z</time></trkpt><trkpt lat="47.489094" lon="-120.746412"><ele>1660.0</ele><time>2022-08-21T01:09:50Z</time></trkpt><trkpt lat="47.489161" lon="-120.746354"><ele>1662.0</ele><time>2022-08-21T01:09:56Z</time></trkpt><trkpt lat="47.489234" lon="-120.746334"><ele>1662.0</ele><time>2022-08-21T01:10:03Z</time></trkpt><trkpt lat="47.489373" lon="-120.746169"><ele>1652.0</ele><time>2022-08-21T01:10:30Z</time></trkpt><trkpt lat="47.489415" lon="-120.746152"><ele>1654.0</ele><time>2022-08-21T01:10:38Z</time></trkpt><trkpt lat="47.489461" lon="-120.746099"><ele>1650.0</ele><time>2022-08-21T01:10:50Z</time></trkpt><trkpt lat="47.489526" lon="-120.746066"><ele>1650.0</ele><time>2022-08-21T01:11:04Z</time></trkpt><trkpt lat="47.489559" lon="-120.746017"><ele>1648.0</ele><time>2022-08-21T01:11:11Z</time></trkpt><trkpt lat="47.489665" lon="-120.74598"><ele>1645.0</ele><time>2022-08-21T01:11:39Z</time></trkpt><trkpt lat="47.489698" lon="-120.745996"><ele>1647.0</ele><time>2022-08-21T01:12:01Z</time></trkpt><trkpt lat="47.489855" lon="-120.745968"><ele>1639.0</ele><time>2022-08-21T01:12:26Z</time></trkpt><trkpt lat="47.489892" lon="-120.745954"><ele>1639.0</ele><time>2022-08-21T01:12:31Z</time></trkpt><trkpt lat="47.489928" lon="-120.74592"><ele>1636.0</ele><time>2022-08-21T01:12:40Z</time></trkpt><trkpt lat="47.490026" lon="-120.745883"><ele>1638.0</ele><time>2022-08-21T01:12:50Z</time></trkpt><trkpt lat="47.490095" lon="-120.745872"><ele>1635.0</ele><time>2022-08-21T01:12:57Z</time></trkpt><trkpt lat="47.490132" lon="-120.745882"><ele>1632.0</ele><time>2022-08-21T01:13:01Z</time></trkpt><trkpt lat="47.490228" lon="-120.745787"><ele>1629.0</ele><time>2022-08-21T01:13:19Z</time></trkpt><trkpt lat="47.490292" lon="-120.745752"><ele>1629.0</ele><time>2022-08-21T01:13:25Z</time></trkpt><trkpt lat="47.490345" lon="-120.745701"><ele>1626.0</ele><time>2022-08-21T01:13:29Z</time></trkpt><trkpt lat="47.490616" lon="-120.745696"><ele>1620.0</ele><time>2022-08-21T01:13:55Z</time></trkpt><trkpt lat="47.490648" lon="-120.745677"><ele>1623.0</ele><time>2022-08-21T01:13:59Z</time></trkpt><trkpt lat="47.490756" lon="-120.745653"><ele>1622.0</ele><time>2022-08-21T01:14:14Z</time></trkpt><trkpt lat="47.490959" lon="-120.745455"><ele>1620.0</ele><time>2022-08-21T01:14:38Z</time></trkpt><trkpt lat="47.49097" lon="-120.74542"><ele>1618.0</ele><time>2022-08-21T01:14:41Z</time></trkpt><trkpt lat="47.491041" lon="-120.745344"><ele>1618.0</ele><time>2022-08-21T01:14:48Z</time></trkpt><trkpt lat="47.491081" lon="-120.745252"><ele>1614.0</ele><time>2022-08-21T01:14:56Z</time></trkpt><trkpt lat="47.491166" lon="-120.745185"><ele>1614.0</ele><time>2022-08-21T01:15:03Z</time></trkpt><trkpt lat="47.491197" lon="-120.745188"><ele>1614.0</ele><time>2022-08-21T01:15:06Z</time></trkpt><trkpt lat="47.491262" lon="-120.745172"><ele>1614.0</ele><time>2022-08-21T01:15:12Z</time></trkpt><trkpt lat="47.49127" lon="-120.745143"><ele>1614.0</ele><time>2022-08-21T01:15:14Z</time></trkpt><trkpt lat="47.491244" lon="-120.745127"><ele>1612.0</ele><time>2022-08-21T01:15:17Z</time></trkpt><trkpt lat="47.491165" lon="-120.745117"><ele>1611.0</ele><time>2022-08-21T01:15:23Z</time></trkpt><trkpt lat="47.491061" lon="-120.74513"><ele>1609.0</ele><time>2022-08-21T01:15:33Z</time></trkpt><trkpt lat="47.49101" lon="-120.745157"><ele>1611.0</ele><time>2022-08-21T01:15:38Z</time></trkpt><trkpt lat="47.490947" lon="-120.745209"><ele>1608.0</ele><time>2022-08-21T01:15:50Z</time></trkpt><trkpt lat="47.490717" lon="-120.745275"><ele>1602.0</ele><time>2022-08-21T01:16:34Z</time></trkpt><trkpt lat="47.490647" lon="-120.745276"><ele>1603.0</ele><time>2022-08-21T01:16:43Z</time></trkpt><trkpt lat="47.490568" lon="-120.745234"><ele>1599.0</ele><time>2022-08-21T01:16:55Z</time></trkpt><trkpt lat="47.490522" lon="-120.745164"><ele>1598.0</ele><time>2022-08-21T01:17:07Z</time></trkpt><trkpt lat="47.490487" lon="-120.745141"><ele>1598.0</ele><time>2022-08-21T01:17:11Z</time></trkpt><trkpt lat="47.490364" lon="-120.745091"><ele>1596.0</ele><time>2022-08-21T01:17:28Z</time></trkpt><trkpt lat="47.490295" lon="-120.745079"><ele>1593.0</ele><time>2022-08-21T01:17:40Z</time></trkpt><trkpt lat="47.490196" lon="-120.745035"><ele>1590.0</ele><time>2022-08-21T01:17:59Z</time></trkpt><trkpt lat="47.490159" lon="-120.745007"><ele>1592.0</ele><time>2022-08-21T01:18:06Z</time></trkpt><trkpt lat="47.490107" lon="-120.744939"><ele>1590.0</ele><time>2022-08-21T01:18:17Z</time></trkpt><trkpt lat="47.490013" lon="-120.74492"><ele>1588.0</ele><time>2022-08-21T01:18:31Z</time></trkpt><trkpt lat="47.489978" lon="-120.744902"><ele>1588.0</ele><time>2022-08-21T01:18:35Z</time></trkpt><trkpt lat="47.489946" lon="-120.744868"><ele>1590.5</ele><time>2022-08-21T01:18:58Z</time></trkpt><trkpt lat="47.489947" lon="-120.74485"><ele>1588.0</ele><time>2022-08-21T01:19:03Z</time></trkpt><trkpt lat="47.490026" lon="-120.744858"><ele>1587.0</ele><time>2022-08-21T01:19:19Z</time></trkpt><trkpt lat="47.490093" lon="-120.744843"><ele>1583.0</ele><time>2022-08-21T01:19:28Z</time></trkpt><trkpt lat="47.490116" lon="-120.744821"><ele>1584.0</ele><time>2022-08-21T01:19:33Z</time></trkpt><trkpt lat="47.4902" lon="-120.744821"><ele>1584.0</ele><time>2022-08-21T01:19:39Z</time></trkpt><trkpt lat="47.490356" lon="-120.744766"><ele>1582.0</ele><time>2022-08-21T01:19:53Z</time></trkpt><trkpt lat="47.490479" lon="-120.744645"><ele>1577.0</ele><time>2022-08-21T01:20:16Z</time></trkpt><trkpt lat="47.490609" lon="-120.744634"><ele>1572.0</ele><time>2022-08-21T01:20:39Z</time></trkpt><trkpt lat="47.490657" lon="-120.744601"><ele>1572.0</ele><time>2022-08-21T01:20:47Z</time></trkpt><trkpt lat="47.490699" lon="-120.744539"><ele>1569.0</ele><time>2022-08-21T01:20:56Z</time></trkpt><trkpt lat="47.490702" lon="-120.744505"><ele>1569.0</ele><time>2022-08-21T01:20:59Z</time></trkpt><trkpt lat="47.490717" lon="-120.744477"><ele>1567.0</ele><time>2022-08-21T01:21:02Z</time></trkpt><trkpt lat="47.490781" lon="-120.744431"><ele>1565.0</ele><time>2022-08-21T01:21:10Z</time></trkpt><trkpt lat="47.49084" lon="-120.744316"><ele>1564.4</ele><time>2022-08-21T01:21:29Z</time></trkpt><trkpt lat="47.490991" lon="-120.74408"><ele>1559.0</ele><time>2022-08-21T01:22:04Z</time></trkpt><trkpt lat="47.491064" lon="-120.744014"><ele>1557.0</ele><time>2022-08-21T01:22:11Z</time></trkpt><trkpt lat="47.491077" lon="-120.743974"><ele>1556.0</ele><time>2022-08-21T01:22:13Z</time></trkpt><trkpt lat="47.491138" lon="-120.743881"><ele>1552.0</ele><time>2022-08-21T01:22:25Z</time></trkpt><trkpt lat="47.491248" lon="-120.743757"><ele>1549.7</ele><time>2022-08-21T01:22:42Z</time></trkpt><trkpt lat="47.491345" lon="-120.743667"><ele>1544.0</ele><time>2022-08-21T01:22:59Z</time></trkpt><trkpt lat="47.491429" lon="-120.743614"><ele>1542.0</ele><time>2022-08-21T01:23:09Z</time></trkpt><trkpt lat="47.491454" lon="-120.743588"><ele>1540.0</ele><time>2022-08-21T01:23:13Z</time></trkpt><trkpt lat="47.491548" lon="-120.743554"><ele>1539.0</ele><time>2022-08-21T01:23:28Z</time></trkpt><trkpt lat="47.49159" lon="-120.743517"><ele>1540.7</ele><time>2022-08-21T01:23:33Z</time></trkpt><trkpt lat="47.49161" lon="-120.74352"><ele>1539.0</ele><time>2022-08-21T01:23:36Z</time></trkpt><trkpt lat="47.491666" lon="-120.743472"><ele>1537.0</ele><time>2022-08-21T01:23:45Z</time></trkpt><trkpt lat="47.491718" lon="-120.743442"><ele>1536.0</ele><time>2022-08-21T01:23:52Z</time></trkpt><trkpt lat="47.491783" lon="-120.743412"><ele>1533.0</ele><time>2022-08-21T01:24:00Z</time></trkpt><trkpt lat="47.491816" lon="-120.743407"><ele>1533.0</ele><time>2022-08-21T01:24:05Z</time></trkpt><trkpt lat="47.491934" lon="-120.743328"><ele>1530.0</ele><time>2022-08-21T01:24:21Z</time></trkpt><trkpt lat="47.491957" lon="-120.743294"><ele>1530.0</ele><time>2022-08-21T01:24:24Z</time></trkpt><trkpt lat="47.492234" lon="-120.743111"><ele>1530.0</ele><time>2022-08-21T01:24:51Z</time></trkpt><trkpt lat="47.49242" lon="-120.74305"><ele>1524.0</ele><time>2022-08-21T01:25:12Z</time></trkpt><trkpt lat="47.492526" lon="-120.743052"><ele>1523.0</ele><time>2022-08-21T01:25:24Z</time></trkpt><trkpt lat="47.492642" lon="-120.743126"><ele>1520.0</ele><time>2022-08-21T01:25:43Z</time></trkpt><trkpt lat="47.492747" lon="-120.743115"><ele>1516.0</ele><time>2022-08-21T01:25:57Z</time></trkpt><trkpt lat="47.492765" lon="-120.743091"><ele>1515.0</ele><time>2022-08-21T01:26:02Z</time></trkpt><trkpt lat="47.492847" lon="-120.743027"><ele>1515.0</ele><time>2022-08-21T01:26:18Z</time></trkpt><trkpt lat="47.492867" lon="-120.742995"><ele>1515.0</ele><time>2022-08-21T01:26:22Z</time></trkpt><trkpt lat="47.492909" lon="-120.74297"><ele>1512.0</ele><time>2022-08-21T01:26:27Z</time></trkpt><trkpt lat="47.492949" lon="-120.742914"><ele>1512.0</ele><time>2022-08-21T01:26:36Z</time></trkpt><trkpt lat="47.492989" lon="-120.742903"><ele>1511.0</ele><time>2022-08-21T01:26:40Z</time></trkpt><trkpt lat="47.493112" lon="-120.742706"><ele>1511.0</ele><time>2022-08-21T01:26:57Z</time></trkpt><trkpt lat="47.493185" lon="-120.742633"><ele>1512.0</ele><time>2022-08-21T01:27:08Z</time></trkpt><trkpt lat="47.493377" lon="-120.742526"><ele>1512.0</ele><time>2022-08-21T01:27:26Z</time></trkpt><trkpt lat="47.493509" lon="-120.742491"><ele>1511.0</ele><time>2022-08-21T01:27:40Z</time></trkpt><trkpt lat="47.493583" lon="-120.742444"><ele>1511.0</ele><time>2022-08-21T01:27:48Z</time></trkpt><trkpt lat="47.493603" lon="-120.74242"><ele>1509.0</ele><time>2022-08-21T01:27:51Z</time></trkpt><trkpt lat="47.493644" lon="-120.742408"><ele>1508.0</ele><time>2022-08-21T01:27:55Z</time></trkpt><trkpt lat="47.493693" lon="-120.742361"><ele>1508.0</ele><time>2022-08-21T01:28:01Z</time></trkpt><trkpt lat="47.493794" lon="-120.742307"><ele>1509.0</ele><time>2022-08-21T01:28:10Z</time></trkpt><trkpt lat="47.493826" lon="-120.74228"><ele>1511.0</ele><time>2022-08-21T01:28:13Z</time></trkpt><trkpt lat="47.493841" lon="-120.74224"><ele>1512.0</ele><time>2022-08-21T01:28:15Z</time></trkpt><trkpt lat="47.493863" lon="-120.742219"><ele>1513.0</ele><time>2022-08-21T01:28:17Z</time></trkpt><trkpt lat="47.493889" lon="-120.7422"><ele>1515.0</ele><time>2022-08-21T01:28:20Z</time></trkpt><trkpt lat="47.493955" lon="-120.742188"><ele>1517.0</ele><time>2022-08-21T01:28:26Z</time></trkpt><trkpt lat="47.494014" lon="-120.742117"><ele>1518.0</ele><time>2022-08-21T01:28:32Z</time></trkpt><trkpt lat="47.494127" lon="-120.742071"><ele>1514.0</ele><time>2022-08-21T01:28:46Z</time></trkpt><trkpt lat="47.494236" lon="-120.741971"><ele>1512.0</ele><time>2022-08-21T01:28:55Z</time></trkpt><trkpt lat="47.494256" lon="-120.741938"><ele>1512.0</ele><time>2022-08-21T01:28:57Z</time></trkpt><trkpt lat="47.494277" lon="-120.74185"><ele>1509.0</ele><time>2022-08-21T01:29:03Z</time></trkpt><trkpt lat="47.494303" lon="-120.741809"><ele>1509.0</ele><time>2022-08-21T01:29:05Z</time></trkpt><trkpt lat="47.494332" lon="-120.741792"><ele>1509.0</ele><time>2022-08-21T01:29:07Z</time></trkpt><trkpt lat="47.494353" lon="-120.741698"><ele>1511.0</ele><time>2022-08-21T01:29:11Z</time></trkpt><trkpt lat="47.494386" lon="-120.741625"><ele>1512.0</ele><time>2022-08-21T01:29:15Z</time></trkpt><trkpt lat="47.494407" lon="-120.74151"><ele>1512.0</ele><time>2022-08-21T01:29:22Z</time></trkpt><trkpt lat="47.494445" lon="-120.741456"><ele>1513.0</ele><time>2022-08-21T01:29:26Z</time></trkpt><trkpt lat="47.494579" lon="-120.741515"><ele>1511.0</ele><time>2022-08-21T01:29:35Z</time></trkpt><trkpt lat="47.494614" lon="-120.741517"><ele>1512.0</ele><time>2022-08-21T01:29:37Z</time></trkpt><trkpt lat="47.494683" lon="-120.741483"><ele>1508.0</ele><time>2022-08-21T01:29:41Z</time></trkpt><trkpt lat="47.494713" lon="-120.7414"><ele>1510.0</ele><time>2022-08-21T01:29:45Z</time></trkpt><trkpt lat="47.49476" lon="-120.741338"><ele>1509.0</ele><time>2022-08-21T01:29:50Z</time></trkpt><trkpt lat="47.494797" lon="-120.741333"><ele>1510.0</ele><time>2022-08-21T01:29:52Z</time></trkpt><trkpt lat="47.494901" lon="-120.741399"><ele>1512.0</ele><time>2022-08-21T01:29:58Z</time></trkpt><trkpt lat="47.494966" lon="-120.741419"><ele>1514.0</ele><time>2022-08-21T01:30:02Z</time></trkpt><trkpt lat="47.495067" lon="-120.741389"><ele>1512.0</ele><time>2022-08-21T01:30:09Z</time></trkpt><trkpt lat="47.495117" lon="-120.741359"><ele>1514.0</ele><time>2022-08-21T01:30:13Z</time></trkpt><trkpt lat="47.495188" lon="-120.741256"><ele>1508.0</ele><time>2022-08-21T01:30:26Z</time></trkpt><trkpt lat="47.495209" lon="-120.741123"><ele>1508.0</ele><time>2022-08-21T01:30:34Z</time></trkpt><trkpt lat="47.495225" lon="-120.741087"><ele>1510.0</ele><time>2022-08-21T01:30:36Z</time></trkpt><trkpt lat="47.495263" lon="-120.741096"><ele>1509.0</ele><time>2022-08-21T01:30:40Z</time></trkpt><trkpt lat="47.495256" lon="-120.741128"><ele>1510.0</ele><time>2022-08-21T01:30:44Z</time></trkpt><trkpt lat="47.495295" lon="-120.741156"><ele>1512.0</ele><time>2022-08-21T01:30:47Z</time></trkpt><trkpt lat="47.49533" lon="-120.74115"><ele>1512.0</ele><time>2022-08-21T01:30:49Z</time></trkpt><trkpt lat="47.495462" lon="-120.741191"><ele>1512.0</ele><time>2022-08-21T01:30:57Z</time></trkpt><trkpt lat="47.495496" lon="-120.741191"><ele>1514.0</ele><time>2022-08-21T01:30:59Z</time></trkpt><trkpt lat="47.495558" lon="-120.741088"><ele>1513.2</ele><time>2022-08-21T01:31:05Z</time></trkpt><trkpt lat="47.495587" lon="-120.741012"><ele>1514.0</ele><time>2022-08-21T01:31:10Z</time></trkpt><trkpt lat="47.495645" lon="-120.740947"><ele>1512.0</ele><time>2022-08-21T01:31:17Z</time></trkpt><trkpt lat="47.495685" lon="-120.74093"><ele>1512.0</ele><time>2022-08-21T01:31:19Z</time></trkpt><trkpt lat="47.49571" lon="-120.740903"><ele>1511.0</ele><time>2022-08-21T01:31:21Z</time></trkpt><trkpt lat="47.49574" lon="-120.740814"><ele>1511.0</ele><time>2022-08-21T01:31:25Z</time></trkpt><trkpt lat="47.495795" lon="-120.740717"><ele>1509.0</ele><time>2022-08-21T01:31:31Z</time></trkpt><trkpt lat="47.495855" lon="-120.740637"><ele>1510.0</ele><time>2022-08-21T01:31:37Z</time></trkpt><trkpt lat="47.495875" lon="-120.740612"><ele>1511.0</ele><time>2022-08-21T01:31:39Z</time></trkpt><trkpt lat="47.495924" lon="-120.740615"><ele>1514.0</ele><time>2022-08-21T01:31:42Z</time></trkpt><trkpt lat="47.496013" lon="-120.74051"><ele>1513.0</ele><time>2022-08-21T01:31:53Z</time></trkpt><trkpt lat="47.496195" lon="-120.7404"><ele>1509.0</ele><time>2022-08-21T01:32:06Z</time></trkpt><trkpt lat="47.496271" lon="-120.740413"><ele>1509.0</ele><time>2022-08-21T01:32:12Z</time></trkpt><trkpt lat="47.496382" lon="-120.740417"><ele>1506.0</ele><time>2022-08-21T01:32:20Z</time></trkpt><trkpt lat="47.496457" lon="-120.740404"><ele>1500.0</ele><time>2022-08-21T01:32:33Z</time></trkpt><trkpt lat="47.496459" lon="-120.740435"><ele>1507.0</ele><time>2022-08-21T01:32:44Z</time></trkpt><trkpt lat="47.496488" lon="-120.740454"><ele>1508.0</ele><time>2022-08-21T01:32:46Z</time></trkpt><trkpt lat="47.496577" lon="-120.74046"><ele>1506.0</ele><time>2022-08-21T01:32:52Z</time></trkpt><trkpt lat="47.49662" lon="-120.740445"><ele>1508.0</ele><time>2022-08-21T01:32:56Z</time></trkpt><trkpt lat="47.496656" lon="-120.74037"><ele>1509.0</ele><time>2022-08-21T01:33:01Z</time></trkpt><trkpt lat="47.496683" lon="-120.740349"><ele>1508.0</ele><time>2022-08-21T01:33:03Z</time></trkpt><trkpt lat="47.496725" lon="-120.740339"><ele>1508.0</ele><time>2022-08-21T01:33:05Z</time></trkpt><trkpt lat="47.496747" lon="-120.740112"><ele>1504.0</ele><time>2022-08-21T01:33:16Z</time></trkpt><trkpt lat="47.496804" lon="-120.74009"><ele>1503.3</ele><time>2022-08-21T01:33:18Z</time></trkpt><trkpt lat="47.496804" lon="-120.740055"><ele>1501.0</ele><time>2022-08-21T01:33:20Z</time></trkpt><trkpt lat="47.49683" lon="-120.740011"><ele>1502.0</ele><time>2022-08-21T01:33:22Z</time></trkpt><trkpt lat="47.496862" lon="-120.739907"><ele>1505.0</ele><time>2022-08-21T01:33:26Z</time></trkpt><trkpt lat="47.496898" lon="-120.739538"><ele>1512.0</ele><time>2022-08-21T01:33:45Z</time></trkpt><trkpt lat="47.496865" lon="-120.739252"><ele>1512.7</ele><time>2022-08-21T01:34:00Z</time></trkpt><trkpt lat="47.4969" lon="-120.73912"><ele>1516.0</ele><time>2022-08-21T01:34:05Z</time></trkpt><trkpt lat="47.496914" lon="-120.739"><ele>1518.0</ele><time>2022-08-21T01:34:11Z</time></trkpt><trkpt lat="47.496862" lon="-120.73889"><ele>1518.0</ele><time>2022-08-21T01:34:17Z</time></trkpt><trkpt lat="47.496859" lon="-120.738817"><ele>1520.0</ele><time>2022-08-21T01:34:21Z</time></trkpt><trkpt lat="47.496845" lon="-120.738772"><ele>1520.0</ele><time>2022-08-21T01:34:23Z</time></trkpt><trkpt lat="47.496846" lon="-120.738688"><ele>1519.8</ele><time>2022-08-21T01:34:27Z</time></trkpt><trkpt lat="47.496796" lon="-120.738541"><ele>1510.0</ele><time>2022-08-21T01:34:39Z</time></trkpt><trkpt lat="47.49684" lon="-120.738292"><ele>1514.0</ele><time>2022-08-21T01:34:49Z</time></trkpt><trkpt lat="47.496822" lon="-120.7382"><ele>1518.0</ele><time>2022-08-21T01:34:53Z</time></trkpt><trkpt lat="47.496822" lon="-120.738069"><ele>1518.0</ele><time>2022-08-21T01:34:59Z</time></trkpt><trkpt lat="47.496868" lon="-120.737899"><ele>1520.0</ele><time>2022-08-21T01:35:07Z</time></trkpt><trkpt lat="47.496878" lon="-120.737817"><ele>1518.0</ele><time>2022-08-21T01:35:11Z</time></trkpt><trkpt lat="47.496862" lon="-120.73778"><ele>1514.0</ele><time>2022-08-21T01:35:14Z</time></trkpt><trkpt lat="47.496874" lon="-120.737744"><ele>1514.0</ele><time>2022-08-21T01:35:16Z</time></trkpt><trkpt lat="47.496876" lon="-120.737628"><ele>1516.0</ele><time>2022-08-21T01:35:22Z</time></trkpt><trkpt lat="47.496898" lon="-120.737542"><ele>1518.0</ele><time>2022-08-21T01:35:26Z</time></trkpt><trkpt lat="47.496942" lon="-120.737483"><ele>1516.0</ele><time>2022-08-21T01:35:30Z</time></trkpt><trkpt lat="47.496987" lon="-120.737318"><ele>1518.0</ele><time>2022-08-21T01:35:39Z</time></trkpt><trkpt lat="47.496984" lon="-120.737277"><ele>1519.0</ele><time>2022-08-21T01:35:41Z</time></trkpt><trkpt lat="47.496995" lon="-120.737239"><ele>1519.0</ele><time>2022-08-21T01:35:43Z</time></trkpt><trkpt lat="47.497011" lon="-120.737211"><ele>1518.0</ele><time>2022-08-21T01:35:45Z</time></trkpt><trkpt lat="47.497059" lon="-120.737172"><ele>1517.0</ele><time>2022-08-21T01:35:50Z</time></trkpt><trkpt lat="47.497076" lon="-120.737145"><ele>1516.0</ele><time>2022-08-21T01:35:52Z</time></trkpt><trkpt lat="47.49714" lon="-120.736954"><ele>1516.8</ele><time>2022-08-21T01:36:04Z</time></trkpt><trkpt lat="47.497175" lon="-120.736917"><ele>1514.0</ele><time>2022-08-21T01:36:07Z</time></trkpt><trkpt lat="47.497187" lon="-120.736874"><ele>1515.7</ele><time>2022-08-21T01:36:10Z</time></trkpt><trkpt lat="47.497228" lon="-120.73683"><ele>1515.0</ele><time>2022-08-21T01:36:15Z</time></trkpt><trkpt lat="47.497303" lon="-120.73665"><ele>1516.0</ele><time>2022-08-21T01:36:25Z</time></trkpt><trkpt lat="47.497348" lon="-120.7366"><ele>1512.0</ele><time>2022-08-21T01:36:32Z</time></trkpt><trkpt lat="47.497379" lon="-120.736604"><ele>1511.0</ele><time>2022-08-21T01:36:35Z</time></trkpt><trkpt lat="47.4974" lon="-120.73657"><ele>1510.0</ele><time>2022-08-21T01:36:37Z</time></trkpt><trkpt lat="47.497448" lon="-120.736426"><ele>1510.0</ele><time>2022-08-21T01:36:47Z</time></trkpt><trkpt lat="47.497479" lon="-120.736272"><ele>1512.0</ele><time>2022-08-21T01:36:55Z</time></trkpt><trkpt lat="47.497477" lon="-120.736228"><ele>1511.5</ele><time>2022-08-21T01:36:59Z</time></trkpt><trkpt lat="47.497494" lon="-120.736187"><ele>1512.0</ele><time>2022-08-21T01:37:02Z</time></trkpt><trkpt lat="47.497486" lon="-120.736063"><ele>1509.0</ele><time>2022-08-21T01:37:10Z</time></trkpt><trkpt lat="47.49751" lon="-120.735981"><ele>1512.0</ele><time>2022-08-21T01:37:15Z</time></trkpt><trkpt lat="47.497543" lon="-120.735917"><ele>1511.0</ele><time>2022-08-21T01:37:21Z</time></trkpt><trkpt lat="47.49754" lon="-120.735813"><ele>1511.0</ele><time>2022-08-21T01:37:27Z</time></trkpt><trkpt lat="47.497554" lon="-120.73578"><ele>1508.0</ele><time>2022-08-21T01:37:30Z</time></trkpt><trkpt lat="47.49762" lon="-120.73569"><ele>1508.0</ele><time>2022-08-21T01:37:39Z</time></trkpt><trkpt lat="47.497667" lon="-120.735675"><ele>1506.0</ele><time>2022-08-21T01:37:47Z</time></trkpt><trkpt lat="47.497695" lon="-120.73559"><ele>1506.0</ele><time>2022-08-21T01:37:57Z</time></trkpt><trkpt lat="47.497808" lon="-120.735449"><ele>1506.0</ele><time>2022-08-21T01:38:14Z</time></trkpt><trkpt lat="47.497875" lon="-120.735308"><ele>1506.0</ele><time>2022-08-21T01:38:24Z</time></trkpt><trkpt lat="47.497891" lon="-120.735216"><ele>1509.0</ele><time>2022-08-21T01:38:31Z</time></trkpt><trkpt lat="47.49792" lon="-120.735198"><ele>1508.0</ele><time>2022-08-21T01:38:35Z</time></trkpt><trkpt lat="47.497924" lon="-120.735131"><ele>1508.7</ele><time>2022-08-21T01:38:39Z</time></trkpt><trkpt lat="47.497915" lon="-120.735087"><ele>1507.3</ele><time>2022-08-21T01:38:41Z</time></trkpt><trkpt lat="47.49786" lon="-120.734976"><ele>1507.0</ele><time>2022-08-21T01:38:49Z</time></trkpt><trkpt lat="47.497854" lon="-120.734923"><ele>1504.0</ele><time>2022-08-21T01:38:55Z</time></trkpt><trkpt lat="47.497877" lon="-120.734842"><ele>1508.0</ele><time>2022-08-21T01:39:07Z</time></trkpt><trkpt lat="47.497876" lon="-120.734739"><ele>1508.0</ele><time>2022-08-21T01:39:14Z</time></trkpt><trkpt lat="47.497928" lon="-120.73469"><ele>1509.0</ele><time>2022-08-21T01:39:20Z</time></trkpt><trkpt lat="47.497931" lon="-120.734618"><ele>1510.0</ele><time>2022-08-21T01:39:27Z</time></trkpt><trkpt lat="47.497903" lon="-120.734556"><ele>1512.0</ele><time>2022-08-21T01:39:46Z</time></trkpt><trkpt lat="47.497814" lon="-120.734464"><ele>1511.0</ele><time>2022-08-21T01:40:08Z</time></trkpt><trkpt lat="47.497732" lon="-120.734413"><ele>1511.0</ele><time>2022-08-21T01:40:15Z</time></trkpt><trkpt lat="47.4977" lon="-120.734429"><ele>1510.0</ele><time>2022-08-21T01:40:18Z</time></trkpt><trkpt lat="47.497678" lon="-120.734457"><ele>1508.0</ele><time>2022-08-21T01:40:21Z</time></trkpt><trkpt lat="47.497659" lon="-120.734432"><ele>1510.0</ele><time>2022-08-21T01:40:24Z</time></trkpt><trkpt lat="47.497648" lon="-120.734391"><ele>1510.0</ele><time>2022-08-21T01:40:26Z</time></trkpt><trkpt lat="47.497644" lon="-120.734312"><ele>1510.0</ele><time>2022-08-21T01:40:30Z</time></trkpt><trkpt lat="47.497691" lon="-120.734029"><ele>1506.0</ele><time>2022-08-21T01:40:46Z</time></trkpt><trkpt lat="47.497715" lon="-120.733942"><ele>1506.0</ele><time>2022-08-21T01:40:52Z</time></trkpt><trkpt lat="47.49773" lon="-120.733902"><ele>1506.0</ele><time>2022-08-21T01:40:54Z</time></trkpt><trkpt lat="47.497774" lon="-120.733841"><ele>1506.0</ele><time>2022-08-21T01:40:59Z</time></trkpt><trkpt lat="47.497833" lon="-120.733639"><ele>1509.0</ele><time>2022-08-21T01:41:10Z</time></trkpt><trkpt lat="47.497861" lon="-120.733579"><ele>1509.0</ele><time>2022-08-21T01:41:15Z</time></trkpt><trkpt lat="47.497881" lon="-120.733408"><ele>1510.0</ele><time>2022-08-21T01:41:28Z</time></trkpt><trkpt lat="47.497879" lon="-120.733316"><ele>1508.0</ele><time>2022-08-21T01:41:33Z</time></trkpt><trkpt lat="47.497894" lon="-120.733273"><ele>1509.0</ele><time>2022-08-21T01:41:35Z</time></trkpt><trkpt lat="47.49794" lon="-120.733204"><ele>1510.0</ele><time>2022-08-21T01:41:40Z</time></trkpt><trkpt lat="47.498023" lon="-120.733139"><ele>1512.0</ele><time>2022-08-21T01:41:47Z</time></trkpt><trkpt lat="47.498057" lon="-120.733074"><ele>1511.0</ele><time>2022-08-21T01:41:51Z</time></trkpt><trkpt lat="47.498103" lon="-120.733019"><ele>1511.0</ele><time>2022-08-21T01:41:55Z</time></trkpt><trkpt lat="47.498118" lon="-120.732981"><ele>1512.0</ele><time>2022-08-21T01:41:57Z</time></trkpt><trkpt lat="47.498146" lon="-120.732967"><ele>1512.0</ele><time>2022-08-21T01:41:59Z</time></trkpt><trkpt lat="47.498168" lon="-120.732834"><ele>1512.0</ele><time>2022-08-21T01:42:06Z</time></trkpt><trkpt lat="47.498174" lon="-120.73254"><ele>1513.0</ele><time>2022-08-21T01:42:22Z</time></trkpt><trkpt lat="47.498251" lon="-120.732297"><ele>1508.0</ele><time>2022-08-21T01:42:38Z</time></trkpt><trkpt lat="47.498271" lon="-120.732156"><ele>1506.0</ele><time>2022-08-21T01:42:49Z</time></trkpt><trkpt lat="47.498201" lon="-120.731879"><ele>1506.0</ele><time>2022-08-21T01:43:13Z</time></trkpt><trkpt lat="47.498202" lon="-120.731823"><ele>1503.0</ele><time>2022-08-21T01:43:17Z</time></trkpt><trkpt lat="47.498221" lon="-120.73174"><ele>1504.0</ele><time>2022-08-21T01:43:22Z</time></trkpt><trkpt lat="47.498263" lon="-120.731688"><ele>1502.0</ele><time>2022-08-21T01:43:27Z</time></trkpt><trkpt lat="47.498299" lon="-120.731615"><ele>1502.0</ele><time>2022-08-21T01:43:31Z</time></trkpt><trkpt lat="47.498429" lon="-120.731548"><ele>1500.0</ele><time>2022-08-21T01:43:43Z</time></trkpt><trkpt lat="47.498459" lon="-120.731481"><ele>1502.0</ele><time>2022-08-21T01:43:48Z</time></trkpt><trkpt lat="47.498483" lon="-120.731477"><ele>1501.0</ele><time>2022-08-21T01:43:50Z</time></trkpt><trkpt lat="47.498524" lon="-120.731447"><ele>1504.6</ele><time>2022-08-21T01:43:53Z</time></trkpt><trkpt lat="47.498557" lon="-120.731445"><ele>1504.0</ele><time>2022-08-21T01:43:55Z</time></trkpt><trkpt lat="47.498693" lon="-120.731384"><ele>1504.0</ele><time>2022-08-21T01:44:05Z</time></trkpt><trkpt lat="47.498717" lon="-120.731365"><ele>1505.0</ele><time>2022-08-21T01:44:07Z</time></trkpt><trkpt lat="47.498779" lon="-120.731359"><ele>1505.0</ele><time>2022-08-21T01:44:12Z</time></trkpt><trkpt lat="47.498793" lon="-120.731314"><ele>1503.0</ele><time>2022-08-21T01:44:14Z</time></trkpt><trkpt lat="47.498824" lon="-120.731294"><ele>1501.0</ele><time>2022-08-21T01:44:17Z</time></trkpt><trkpt lat="47.498877" lon="-120.731176"><ele>1500.0</ele><time>2022-08-21T01:44:25Z</time></trkpt><trkpt lat="47.498908" lon="-120.731084"><ele>1502.0</ele><time>2022-08-21T01:44:29Z</time></trkpt><trkpt lat="47.498921" lon="-120.73097"><ele>1504.0</ele><time>2022-08-21T01:44:34Z</time></trkpt><trkpt lat="47.498974" lon="-120.730812"><ele>1506.5</ele><time>2022-08-21T01:44:44Z</time></trkpt><trkpt lat="47.499017" lon="-120.730755"><ele>1504.0</ele><time>2022-08-21T01:44:51Z</time></trkpt><trkpt lat="47.499134" lon="-120.730667"><ele>1502.0</ele><time>2022-08-21T01:45:03Z</time></trkpt><trkpt lat="47.499204" lon="-120.730591"><ele>1504.0</ele><time>2022-08-21T01:45:09Z</time></trkpt><trkpt lat="47.49921" lon="-120.730543"><ele>1504.0</ele><time>2022-08-21T01:45:11Z</time></trkpt><trkpt lat="47.499201" lon="-120.730477"><ele>1507.0</ele><time>2022-08-21T01:45:14Z</time></trkpt><trkpt lat="47.499234" lon="-120.730419"><ele>1510.0</ele><time>2022-08-21T01:45:18Z</time></trkpt><trkpt lat="47.499286" lon="-120.730458"><ele>1513.0</ele><time>2022-08-21T01:45:22Z</time></trkpt><trkpt lat="47.499396" lon="-120.730493"><ele>1510.0</ele><time>2022-08-21T01:45:29Z</time></trkpt><trkpt lat="47.499422" lon="-120.730452"><ele>1509.9</ele><time>2022-08-21T01:45:32Z</time></trkpt><trkpt lat="47.49942" lon="-120.73042"><ele>1510.7</ele><time>2022-08-21T01:45:33Z</time></trkpt><trkpt lat="47.499384" lon="-120.730337"><ele>1506.0</ele><time>2022-08-21T01:45:37Z</time></trkpt><trkpt lat="47.499335" lon="-120.730286"><ele>1504.0</ele><time>2022-08-21T01:45:41Z</time></trkpt><trkpt lat="47.499298" lon="-120.730284"><ele>1502.0</ele><time>2022-08-21T01:45:44Z</time></trkpt><trkpt lat="47.499274" lon="-120.730265"><ele>1500.0</ele><time>2022-08-21T01:45:46Z</time></trkpt><trkpt lat="47.499265" lon="-120.730222"><ele>1500.0</ele><time>2022-08-21T01:45:50Z</time></trkpt><trkpt lat="47.499304" lon="-120.730164"><ele>1496.0</ele><time>2022-08-21T01:45:58Z</time></trkpt><trkpt lat="47.499333" lon="-120.730057"><ele>1496.0</ele><time>2022-08-21T01:46:06Z</time></trkpt><trkpt lat="47.499327" lon="-120.730015"><ele>1493.0</ele><time>2022-08-21T01:46:11Z</time></trkpt><trkpt lat="47.499351" lon="-120.729972"><ele>1494.0</ele><time>2022-08-21T01:46:14Z</time></trkpt><trkpt lat="47.499435" lon="-120.729891"><ele>1494.0</ele><time>2022-08-21T01:46:24Z</time></trkpt><trkpt lat="47.499475" lon="-120.729874"><ele>1495.0</ele><time>2022-08-21T01:46:29Z</time></trkpt><trkpt lat="47.499498" lon="-120.729837"><ele>1496.0</ele><time>2022-08-21T01:46:33Z</time></trkpt><trkpt lat="47.499592" lon="-120.729802"><ele>1493.0</ele><time>2022-08-21T01:46:51Z</time></trkpt><trkpt lat="47.499599" lon="-120.729755"><ele>1494.0</ele><time>2022-08-21T01:46:56Z</time></trkpt><trkpt lat="47.499544" lon="-120.729689"><ele>1492.0</ele><time>2022-08-21T01:47:05Z</time></trkpt><trkpt lat="47.499512" lon="-120.729717"><ele>1492.0</ele><time>2022-08-21T01:47:08Z</time></trkpt><trkpt lat="47.499515" lon="-120.729699"><ele>1491.0</ele><time>2022-08-21T01:47:10Z</time></trkpt><trkpt lat="47.49957" lon="-120.729666"><ele>1490.0</ele><time>2022-08-21T01:47:24Z</time></trkpt><trkpt lat="47.499631" lon="-120.729667"><ele>1490.0</ele><time>2022-08-21T01:47:28Z</time></trkpt><trkpt lat="47.49967" lon="-120.729614"><ele>1488.0</ele><time>2022-08-21T01:47:37Z</time></trkpt><trkpt lat="47.499723" lon="-120.72958"><ele>1490.0</ele><time>2022-08-21T01:47:45Z</time></trkpt><trkpt lat="47.499752" lon="-120.72957"><ele>1489.0</ele><time>2022-08-21T01:47:47Z</time></trkpt><trkpt lat="47.499846" lon="-120.72957"><ele>1486.0</ele><time>2022-08-21T01:47:59Z</time></trkpt><trkpt lat="47.499956" lon="-120.729598"><ele>1484.0</ele><time>2022-08-21T01:48:12Z</time></trkpt><trkpt lat="47.49998" lon="-120.729619"><ele>1484.0</ele><time>2022-08-21T01:48:16Z</time></trkpt><trkpt lat="47.499966" lon="-120.729758"><ele>1476.0</ele><time>2022-08-21T01:48:30Z</time></trkpt><trkpt lat="47.499973" lon="-120.7298"><ele>1475.0</ele><time>2022-08-21T01:48:35Z</time></trkpt><trkpt lat="47.5" lon="-120.72983"><ele>1476.0</ele><time>2022-08-21T01:48:39Z</time></trkpt><trkpt lat="47.500085" lon="-120.729805"><ele>1478.0</ele><time>2022-08-21T01:48:50Z</time></trkpt><trkpt lat="47.500226" lon="-120.729749"><ele>1470.0</ele><time>2022-08-21T01:49:19Z</time></trkpt><trkpt lat="47.500261" lon="-120.729724"><ele>1469.0</ele><time>2022-08-21T01:49:26Z</time></trkpt><trkpt lat="47.500338" lon="-120.729703"><ele>1460.0</ele><time>2022-08-21T01:49:44Z</time></trkpt><trkpt lat="47.500408" lon="-120.729629"><ele>1460.0</ele><time>2022-08-21T01:50:00Z</time></trkpt><trkpt lat="47.500438" lon="-120.729613"><ele>1458.0</ele><time>2022-08-21T01:50:05Z</time></trkpt><trkpt lat="47.50044" lon="-120.729573"><ele>1456.0</ele><time>2022-08-21T01:50:10Z</time></trkpt><trkpt lat="47.500482" lon="-120.729565"><ele>1455.0</ele><time>2022-08-21T01:50:17Z</time></trkpt><trkpt lat="47.500525" lon="-120.729577"><ele>1455.0</ele><time>2022-08-21T01:50:22Z</time></trkpt><trkpt lat="47.50056" lon="-120.729558"><ele>1453.0</ele><time>2022-08-21T01:50:27Z</time></trkpt><trkpt lat="47.500609" lon="-120.729562"><ele>1452.0</ele><time>2022-08-21T01:50:31Z</time></trkpt><trkpt lat="47.500644" lon="-120.729553"><ele>1453.0</ele><time>2022-08-21T01:50:34Z</time></trkpt><trkpt lat="47.500845" lon="-120.729408"><ele>1452.0</ele><time>2022-08-21T01:51:00Z</time></trkpt><trkpt lat="47.500934" lon="-120.729391"><ele>1452.0</ele><time>2022-08-21T01:51:08Z</time></trkpt><trkpt lat="47.500963" lon="-120.72937"><ele>1450.0</ele><time>2022-08-21T01:51:12Z</time></trkpt><trkpt lat="47.500914" lon="-120.729326"><ele>1449.0</ele><time>2022-08-21T01:51:16Z</time></trkpt><trkpt lat="47.500885" lon="-120.729317"><ele>1447.0</ele><time>2022-08-21T01:51:20Z</time></trkpt><trkpt lat="47.500852" lon="-120.729282"><ele>1440.0</ele><time>2022-08-21T01:51:26Z</time></trkpt><trkpt lat="47.50095" lon="-120.729259"><ele>1444.0</ele><time>2022-08-21T01:51:40Z</time></trkpt><trkpt lat="47.500996" lon="-120.72928"><ele>1443.0</ele><time>2022-08-21T01:51:44Z</time></trkpt><trkpt lat="47.501113" lon="-120.729223"><ele>1440.0</ele><time>2022-08-21T01:51:57Z</time></trkpt><trkpt lat="47.501137" lon="-120.729196"><ele>1441.3</ele><time>2022-08-21T01:52:00Z</time></trkpt><trkpt lat="47.501226" lon="-120.72915"><ele>1437.0</ele><time>2022-08-21T01:52:11Z</time></trkpt><trkpt lat="47.501257" lon="-120.729152"><ele>1436.0</ele><time>2022-08-21T01:52:15Z</time></trkpt><trkpt lat="47.501358" lon="-120.729083"><ele>1434.0</ele><time>2022-08-21T01:52:23Z</time></trkpt><trkpt lat="47.501383" lon="-120.72905"><ele>1434.0</ele><time>2022-08-21T01:52:26Z</time></trkpt><trkpt lat="47.501448" lon="-120.729016"><ele>1432.0</ele><time>2022-08-21T01:52:34Z</time></trkpt><trkpt lat="47.501496" lon="-120.728971"><ele>1430.0</ele><time>2022-08-21T01:52:40Z</time></trkpt><trkpt lat="47.501656" lon="-120.728901"><ele>1428.0</ele><time>2022-08-21T01:52:57Z</time></trkpt><trkpt lat="47.501675" lon="-120.728846"><ele>1428.0</ele><time>2022-08-21T01:53:02Z</time></trkpt><trkpt lat="47.501675" lon="-120.728772"><ele>1424.0</ele><time>2022-08-21T01:53:08Z</time></trkpt><trkpt lat="47.501708" lon="-120.728707"><ele>1422.0</ele><time>2022-08-21T01:53:14Z</time></trkpt><trkpt lat="47.501725" lon="-120.728607"><ele>1420.0</ele><time>2022-08-21T01:53:22Z</time></trkpt><trkpt lat="47.501757" lon="-120.728541"><ele>1419.0</ele><time>2022-08-21T01:53:28Z</time></trkpt><trkpt lat="47.501826" lon="-120.728479"><ele>1416.0</ele><time>2022-08-21T01:53:37Z</time></trkpt><trkpt lat="47.50185" lon="-120.728438"><ele>1417.2</ele><time>2022-08-21T01:53:41Z</time></trkpt><trkpt lat="47.502023" lon="-120.728308"><ele>1413.0</ele><time>2022-08-21T01:54:02Z</time></trkpt><trkpt lat="47.501839" lon="-120.728275"><ele>1409.0</ele><time>2022-08-21T01:54:23Z</time></trkpt><trkpt lat="47.501769" lon="-120.728297"><ele>1410.0</ele><time>2022-08-21T01:54:28Z</time></trkpt><trkpt lat="47.501684" lon="-120.72834"><ele>1410.0</ele><time>2022-08-21T01:54:36Z</time></trkpt><trkpt lat="47.501648" lon="-120.728378"><ele>1410.0</ele><time>2022-08-21T01:54:41Z</time></trkpt><trkpt lat="47.501627" lon="-120.728362"><ele>1407.0</ele><time>2022-08-21T01:54:47Z</time></trkpt><trkpt lat="47.501718" lon="-120.72824"><ele>1404.0</ele><time>2022-08-21T01:54:58Z</time></trkpt><trkpt lat="47.501845" lon="-120.72813"><ele>1407.0</ele><time>2022-08-21T01:55:10Z</time></trkpt><trkpt lat="47.501914" lon="-120.728088"><ele>1407.0</ele><time>2022-08-21T01:55:16Z</time></trkpt><trkpt lat="47.501997" lon="-120.727989"><ele>1405.0</ele><time>2022-08-21T01:55:28Z</time></trkpt><trkpt lat="47.50209" lon="-120.727954"><ele>1401.0</ele><time>2022-08-21T01:55:43Z</time></trkpt><trkpt lat="47.502222" lon="-120.7278"><ele>1395.0</ele><time>2022-08-21T01:56:08Z</time></trkpt><trkpt lat="47.502346" lon="-120.727734"><ele>1394.0</ele><time>2022-08-21T01:56:24Z</time></trkpt><trkpt lat="47.502446" lon="-120.727694"><ele>1390.0</ele><time>2022-08-21T01:56:35Z</time></trkpt><trkpt lat="47.502513" lon="-120.727648"><ele>1392.0</ele><time>2022-08-21T01:56:46Z</time></trkpt><trkpt lat="47.50256" lon="-120.727494"><ele>1392.7</ele><time>2022-08-21T01:57:02Z</time></trkpt><trkpt lat="47.50258" lon="-120.72747"><ele>1390.0</ele><time>2022-08-21T01:57:05Z</time></trkpt><trkpt lat="47.502592" lon="-120.727401"><ele>1389.0</ele><time>2022-08-21T01:57:10Z</time></trkpt><trkpt lat="47.502673" lon="-120.72717"><ele>1386.0</ele><time>2022-08-21T01:57:30Z</time></trkpt><trkpt lat="47.502685" lon="-120.727102"><ele>1386.0</ele><time>2022-08-21T01:57:34Z</time></trkpt><trkpt lat="47.502779" lon="-120.726953"><ele>1384.0</ele><time>2022-08-21T01:57:47Z</time></trkpt><trkpt lat="47.502814" lon="-120.726882"><ele>1383.0</ele><time>2022-08-21T01:57:54Z</time></trkpt><trkpt lat="47.502826" lon="-120.726832"><ele>1384.0</ele><time>2022-08-21T01:58:00Z</time></trkpt><trkpt lat="47.50285" lon="-120.726811"><ele>1383.0</ele><time>2022-08-21T01:58:03Z</time></trkpt><trkpt lat="47.502884" lon="-120.726743"><ele>1383.0</ele><time>2022-08-21T01:58:12Z</time></trkpt><trkpt lat="47.503149" lon="-120.726444"><ele>1380.0</ele><time>2022-08-21T01:58:51Z</time></trkpt><trkpt lat="47.503184" lon="-120.726314"><ele>1378.0</ele><time>2022-08-21T01:58:59Z</time></trkpt><trkpt lat="47.503258" lon="-120.72621"><ele>1373.0</ele><time>2022-08-21T01:59:08Z</time></trkpt><trkpt lat="47.503327" lon="-120.726018"><ele>1370.0</ele><time>2022-08-21T01:59:19Z</time></trkpt><trkpt lat="47.50339" lon="-120.725951"><ele>1365.0</ele><time>2022-08-21T01:59:26Z</time></trkpt><trkpt lat="47.503461" lon="-120.725745"><ele>1362.0</ele><time>2022-08-21T01:59:41Z</time></trkpt><trkpt lat="47.503516" lon="-120.725708"><ele>1359.0</ele><time>2022-08-21T01:59:45Z</time></trkpt><trkpt lat="47.503649" lon="-120.725701"><ele>1360.0</ele><time>2022-08-21T01:59:54Z</time></trkpt><trkpt lat="47.503717" lon="-120.725656"><ele>1360.0</ele><time>2022-08-21T01:59:59Z</time></trkpt><trkpt lat="47.503726" lon="-120.725581"><ele>1360.0</ele><time>2022-08-21T02:00:02Z</time></trkpt><trkpt lat="47.50372" lon="-120.725479"><ele>1361.0</ele><time>2022-08-21T02:00:06Z</time></trkpt><trkpt lat="47.503737" lon="-120.725341"><ele>1366.0</ele><time>2022-08-21T02:00:12Z</time></trkpt><trkpt lat="47.50378" lon="-120.72522"><ele>1366.6</ele><time>2022-08-21T02:00:18Z</time></trkpt><trkpt lat="47.503784" lon="-120.725176"><ele>1366.0</ele><time>2022-08-21T02:00:20Z</time></trkpt><trkpt lat="47.503804" lon="-120.725151"><ele>1366.0</ele><time>2022-08-21T02:00:22Z</time></trkpt><trkpt lat="47.503805" lon="-120.725111"><ele>1364.0</ele><time>2022-08-21T02:00:23Z</time></trkpt><trkpt lat="47.503837" lon="-120.725101"><ele>1362.0</ele><time>2022-08-21T02:00:25Z</time></trkpt><trkpt lat="47.503925" lon="-120.725035"><ele>1355.0</ele><time>2022-08-21T02:00:32Z</time></trkpt><trkpt lat="47.503973" lon="-120.725038"><ele>1350.0</ele><time>2022-08-21T02:00:36Z</time></trkpt><trkpt lat="47.503957" lon="-120.72495"><ele>1348.6</ele><time>2022-08-21T02:00:42Z</time></trkpt><trkpt lat="47.503912" lon="-120.724896"><ele>1347.0</ele><time>2022-08-21T02:00:46Z</time></trkpt><trkpt lat="47.50393" lon="-120.724858"><ele>1346.0</ele><time>2022-08-21T02:00:49Z</time></trkpt><trkpt lat="47.503985" lon="-120.724819"><ele>1340.0</ele><time>2022-08-21T02:00:54Z</time></trkpt><trkpt lat="47.504016" lon="-120.724811"><ele>1339.0</ele><time>2022-08-21T02:00:56Z</time></trkpt><trkpt lat="47.504048" lon="-120.724782"><ele>1340.0</ele><time>2022-08-21T02:00:58Z</time></trkpt><trkpt lat="47.504084" lon="-120.724795"><ele>1338.0</ele><time>2022-08-21T02:01:00Z</time></trkpt><trkpt lat="47.504131" lon="-120.724787"><ele>1337.0</ele><time>2022-08-21T02:01:03Z</time></trkpt><trkpt lat="47.504155" lon="-120.724806"><ele>1336.0</ele><time>2022-08-21T02:01:06Z</time></trkpt><trkpt lat="47.504212" lon="-120.724921"><ele>1340.0</ele><time>2022-08-21T02:01:14Z</time></trkpt><trkpt lat="47.504256" lon="-120.724923"><ele>1342.0</ele><time>2022-08-21T02:01:17Z</time></trkpt><trkpt lat="47.504318" lon="-120.724894"><ele>1338.0</ele><time>2022-08-21T02:01:25Z</time></trkpt><trkpt lat="47.504385" lon="-120.724901"><ele>1337.0</ele><time>2022-08-21T02:01:31Z</time></trkpt><trkpt lat="47.504418" lon="-120.724932"><ele>1339.0</ele><time>2022-08-21T02:01:33Z</time></trkpt><trkpt lat="47.504485" lon="-120.724923"><ele>1344.0</ele><time>2022-08-21T02:01:39Z</time></trkpt><trkpt lat="47.504512" lon="-120.724895"><ele>1344.0</ele><time>2022-08-21T02:01:41Z</time></trkpt><trkpt lat="47.504494" lon="-120.724865"><ele>1344.0</ele><time>2022-08-21T02:01:44Z</time></trkpt><trkpt lat="47.504469" lon="-120.724848"><ele>1342.0</ele><time>2022-08-21T02:01:47Z</time></trkpt><trkpt lat="47.504449" lon="-120.724807"><ele>1344.0</ele><time>2022-08-21T02:01:51Z</time></trkpt><trkpt lat="47.504411" lon="-120.724773"><ele>1344.0</ele><time>2022-08-21T02:01:55Z</time></trkpt><trkpt lat="47.504399" lon="-120.724728"><ele>1342.0</ele><time>2022-08-21T02:02:00Z</time></trkpt><trkpt lat="47.504403" lon="-120.724735"><ele>1338.0</ele><time>2022-08-21T02:02:03Z</time></trkpt><trkpt lat="47.504592" lon="-120.724721"><ele>1325.0</ele><time>2022-08-21T02:02:27Z</time></trkpt><trkpt lat="47.504678" lon="-120.724684"><ele>1328.0</ele><time>2022-08-21T02:02:40Z</time></trkpt><trkpt lat="47.504723" lon="-120.724646"><ele>1326.0</ele><time>2022-08-21T02:02:46Z</time></trkpt><trkpt lat="47.504842" lon="-120.724594"><ele>1328.0</ele><time>2022-08-21T02:03:00Z</time></trkpt><trkpt lat="47.504897" lon="-120.724544"><ele>1325.0</ele><time>2022-08-21T02:03:07Z</time></trkpt><trkpt lat="47.504982" lon="-120.724393"><ele>1326.0</ele><time>2022-08-21T02:03:22Z</time></trkpt><trkpt lat="47.505013" lon="-120.724385"><ele>1324.0</ele><time>2022-08-21T02:03:27Z</time></trkpt><trkpt lat="47.505085" lon="-120.724311"><ele>1320.0</ele><time>2022-08-21T02:03:43Z</time></trkpt><trkpt lat="47.505172" lon="-120.724152"><ele>1312.0</ele><time>2022-08-21T02:04:06Z</time></trkpt><trkpt lat="47.505136" lon="-120.724143"><ele>1315.0</ele><time>2022-08-21T02:04:11Z</time></trkpt><trkpt lat="47.505107" lon="-120.724185"><ele>1314.0</ele><time>2022-08-21T02:04:16Z</time></trkpt><trkpt lat="47.505097" lon="-120.724155"><ele>1315.0</ele><time>2022-08-21T02:04:20Z</time></trkpt><trkpt lat="47.505122" lon="-120.724065"><ele>1312.0</ele><time>2022-08-21T02:04:25Z</time></trkpt><trkpt lat="47.505265" lon="-120.723929"><ele>1309.0</ele><time>2022-08-21T02:04:39Z</time></trkpt><trkpt lat="47.505346" lon="-120.72381"><ele>1308.0</ele><time>2022-08-21T02:04:50Z</time></trkpt><trkpt lat="47.5054" lon="-120.723764"><ele>1311.0</ele><time>2022-08-21T02:04:56Z</time></trkpt><trkpt lat="47.50542" lon="-120.723724"><ele>1311.7</ele><time>2022-08-21T02:04:58Z</time></trkpt><trkpt lat="47.505414" lon="-120.723685"><ele>1310.0</ele><time>2022-08-21T02:05:00Z</time></trkpt><trkpt lat="47.505421" lon="-120.723648"><ele>1310.0</ele><time>2022-08-21T02:05:02Z</time></trkpt><trkpt lat="47.505441" lon="-120.723621"><ele>1310.0</ele><time>2022-08-21T02:05:04Z</time></trkpt><trkpt lat="47.50556" lon="-120.72357"><ele>1304.0</ele><time>2022-08-21T02:05:17Z</time></trkpt><trkpt lat="47.50559" lon="-120.723588"><ele>1305.0</ele><time>2022-08-21T02:05:21Z</time></trkpt><trkpt lat="47.505633" lon="-120.723578"><ele>1305.0</ele><time>2022-08-21T02:05:24Z</time></trkpt><trkpt lat="47.505655" lon="-120.723508"><ele>1304.0</ele><time>2022-08-21T02:05:29Z</time></trkpt><trkpt lat="47.505698" lon="-120.723451"><ele>1302.0</ele><time>2022-08-21T02:05:37Z</time></trkpt><trkpt lat="47.505626" lon="-120.723378"><ele>1302.0</ele><time>2022-08-21T02:05:46Z</time></trkpt><trkpt lat="47.50561" lon="-120.723345"><ele>1301.0</ele><time>2022-08-21T02:05:50Z</time></trkpt><trkpt lat="47.505653" lon="-120.723293"><ele>1299.0</ele><time>2022-08-21T02:05:56Z</time></trkpt><trkpt lat="47.505741" lon="-120.723233"><ele>1298.0</ele><time>2022-08-21T02:06:09Z</time></trkpt><trkpt lat="47.505765" lon="-120.723198"><ele>1299.0</ele><time>2022-08-21T02:06:20Z</time></trkpt><trkpt lat="47.505805" lon="-120.723183"><ele>1300.0</ele><time>2022-08-21T02:06:23Z</time></trkpt><trkpt lat="47.505827" lon="-120.723162"><ele>1299.0</ele><time>2022-08-21T02:06:25Z</time></trkpt><trkpt lat="47.505847" lon="-120.723133"><ele>1298.0</ele><time>2022-08-21T02:06:27Z</time></trkpt><trkpt lat="47.505849" lon="-120.723083"><ele>1298.0</ele><time>2022-08-21T02:06:30Z</time></trkpt><trkpt lat="47.505882" lon="-120.723009"><ele>1296.0</ele><time>2022-08-21T02:06:36Z</time></trkpt><trkpt lat="47.505936" lon="-120.722951"><ele>1298.0</ele><time>2022-08-21T02:06:41Z</time></trkpt><trkpt lat="47.506014" lon="-120.722937"><ele>1296.0</ele><time>2022-08-21T02:06:47Z</time></trkpt><trkpt lat="47.506097" lon="-120.72287"><ele>1294.0</ele><time>2022-08-21T02:06:55Z</time></trkpt><trkpt lat="47.50617" lon="-120.722827"><ele>1291.0</ele><time>2022-08-21T02:07:02Z</time></trkpt><trkpt lat="47.506271" lon="-120.722711"><ele>1290.0</ele><time>2022-08-21T02:07:11Z</time></trkpt><trkpt lat="47.506296" lon="-120.72267"><ele>1292.0</ele><time>2022-08-21T02:07:14Z</time></trkpt><trkpt lat="47.506309" lon="-120.722591"><ele>1291.0</ele><time>2022-08-21T02:07:18Z</time></trkpt><trkpt lat="47.506347" lon="-120.722539"><ele>1291.0</ele><time>2022-08-21T02:07:22Z</time></trkpt><trkpt lat="47.506399" lon="-120.722495"><ele>1287.0</ele><time>2022-08-21T02:07:31Z</time></trkpt><trkpt lat="47.50647" lon="-120.722412"><ele>1284.0</ele><time>2022-08-21T02:07:39Z</time></trkpt><trkpt lat="47.506483" lon="-120.722369"><ele>1284.0</ele><time>2022-08-21T02:07:43Z</time></trkpt><trkpt lat="47.506598" lon="-120.722194"><ele>1286.0</ele><time>2022-08-21T02:07:59Z</time></trkpt><trkpt lat="47.506653" lon="-120.722134"><ele>1287.0</ele><time>2022-08-21T02:08:07Z</time></trkpt><trkpt lat="47.506765" lon="-120.72195"><ele>1291.0</ele><time>2022-08-21T02:08:25Z</time></trkpt><trkpt lat="47.506774" lon="-120.721827"><ele>1290.0</ele><time>2022-08-21T02:08:31Z</time></trkpt><trkpt lat="47.506764" lon="-120.721787"><ele>1290.0</ele><time>2022-08-21T02:08:34Z</time></trkpt><trkpt lat="47.50677" lon="-120.721731"><ele>1292.0</ele><time>2022-08-21T02:08:36Z</time></trkpt><trkpt lat="47.506798" lon="-120.721637"><ele>1291.0</ele><time>2022-08-21T02:08:40Z</time></trkpt><trkpt lat="47.506829" lon="-120.721627"><ele>1291.0</ele><time>2022-08-21T02:08:42Z</time></trkpt><trkpt lat="47.506872" lon="-120.721641"><ele>1290.0</ele><time>2022-08-21T02:08:44Z</time></trkpt><trkpt lat="47.506901" lon="-120.721629"><ele>1290.0</ele><time>2022-08-21T02:08:46Z</time></trkpt><trkpt lat="47.506963" lon="-120.721645"><ele>1292.0</ele><time>2022-08-21T02:08:50Z</time></trkpt><trkpt lat="47.507001" lon="-120.721637"><ele>1293.0</ele><time>2022-08-21T02:08:53Z</time></trkpt><trkpt lat="47.507065" lon="-120.721595"><ele>1293.0</ele><time>2022-08-21T02:08:59Z</time></trkpt><trkpt lat="47.507098" lon="-120.721589"><ele>1294.0</ele><time>2022-08-21T02:09:02Z</time></trkpt><trkpt lat="47.507125" lon="-120.721604"><ele>1294.0</ele><time>2022-08-21T02:09:03Z</time></trkpt><trkpt lat="47.507159" lon="-120.721579"><ele>1294.1</ele><time>2022-08-21T02:09:06Z</time></trkpt><trkpt lat="47.507177" lon="-120.721543"><ele>1292.0</ele><time>2022-08-21T02:09:09Z</time></trkpt><trkpt lat="47.507205" lon="-120.721525"><ele>1290.0</ele><time>2022-08-21T02:09:11Z</time></trkpt><trkpt lat="47.507237" lon="-120.721523"><ele>1290.0</ele><time>2022-08-21T02:09:14Z</time></trkpt><trkpt lat="47.507264" lon="-120.721503"><ele>1290.0</ele><time>2022-08-21T02:09:16Z</time></trkpt><trkpt lat="47.507347" lon="-120.721402"><ele>1289.0</ele><time>2022-08-21T02:09:24Z</time></trkpt><trkpt lat="47.507363" lon="-120.721365"><ele>1288.0</ele><time>2022-08-21T02:09:26Z</time></trkpt><trkpt lat="47.507411" lon="-120.721322"><ele>1290.0</ele><time>2022-08-21T02:09:30Z</time></trkpt><trkpt lat="47.507424" lon="-120.721286"><ele>1288.0</ele><time>2022-08-21T02:09:32Z</time></trkpt><trkpt lat="47.507471" lon="-120.721233"><ele>1290.0</ele><time>2022-08-21T02:09:36Z</time></trkpt><trkpt lat="47.507529" lon="-120.721194"><ele>1285.0</ele><time>2022-08-21T02:09:42Z</time></trkpt><trkpt lat="47.507599" lon="-120.721114"><ele>1285.0</ele><time>2022-08-21T02:09:54Z</time></trkpt><trkpt lat="47.507765" lon="-120.720957"><ele>1280.0</ele><time>2022-08-21T02:10:14Z</time></trkpt><trkpt lat="47.507767" lon="-120.720991"><ele>1280.0</ele><time>2022-08-21T02:10:18Z</time></trkpt><trkpt lat="47.507739" lon="-120.721104"><ele>1281.0</ele><time>2022-08-21T02:10:26Z</time></trkpt><trkpt lat="47.507741" lon="-120.721135"><ele>1282.0</ele><time>2022-08-21T02:10:28Z</time></trkpt><trkpt lat="47.507724" lon="-120.721192"><ele>1282.0</ele><time>2022-08-21T02:10:30Z</time></trkpt><trkpt lat="47.507683" lon="-120.721261"><ele>1280.9</ele><time>2022-08-21T02:10:35Z</time></trkpt><trkpt lat="47.507692" lon="-120.721294"><ele>1278.0</ele><time>2022-08-21T02:10:37Z</time></trkpt><trkpt lat="47.507818" lon="-120.721187"><ele>1274.0</ele><time>2022-08-21T02:10:51Z</time></trkpt><trkpt lat="47.507919" lon="-120.721077"><ele>1271.0</ele><time>2022-08-21T02:11:02Z</time></trkpt><trkpt lat="47.508009" lon="-120.720994"><ele>1272.0</ele><time>2022-08-21T02:11:14Z</time></trkpt><trkpt lat="47.508041" lon="-120.720983"><ele>1272.0</ele><time>2022-08-21T02:11:17Z</time></trkpt><trkpt lat="47.508096" lon="-120.720934"><ele>1270.0</ele><time>2022-08-21T02:11:22Z</time></trkpt><trkpt lat="47.508201" lon="-120.720935"><ele>1270.0</ele><time>2022-08-21T02:11:30Z</time></trkpt><trkpt lat="47.508291" lon="-120.720912"><ele>1270.0</ele><time>2022-08-21T02:11:36Z</time></trkpt><trkpt lat="47.508321" lon="-120.720961"><ele>1272.0</ele><time>2022-08-21T02:11:39Z</time></trkpt><trkpt lat="47.508263" lon="-120.721007"><ele>1269.8</ele><time>2022-08-21T02:11:45Z</time></trkpt><trkpt lat="47.508272" lon="-120.72107"><ele>1253.0</ele><time>2022-08-21T02:11:55Z</time></trkpt><trkpt lat="47.508306" lon="-120.72108"><ele>1251.0</ele><time>2022-08-21T02:11:58Z</time></trkpt><trkpt lat="47.508462" lon="-120.721041"><ele>1248.0</ele><time>2022-08-21T02:12:14Z</time></trkpt><trkpt lat="47.508587" lon="-120.720965"><ele>1250.0</ele><time>2022-08-21T02:12:23Z</time></trkpt><trkpt lat="47.508627" lon="-120.720925"><ele>1248.0</ele><time>2022-08-21T02:12:30Z</time></trkpt><trkpt lat="47.50873" lon="-120.720898"><ele>1246.0</ele><time>2022-08-21T02:12:42Z</time></trkpt><trkpt lat="47.50882" lon="-120.720856"><ele>1246.0</ele><time>2022-08-21T02:12:49Z</time></trkpt><trkpt lat="47.508865" lon="-120.720851"><ele>1245.0</ele><time>2022-08-21T02:12:51Z</time></trkpt><trkpt lat="47.508956" lon="-120.720731"><ele>1247.0</ele><time>2022-08-21T02:13:02Z</time></trkpt><trkpt lat="47.509016" lon="-120.720716"><ele>1245.0</ele><time>2022-08-21T02:13:09Z</time></trkpt><trkpt lat="47.509151" lon="-120.720558"><ele>1248.0</ele><time>2022-08-21T02:13:22Z</time></trkpt><trkpt lat="47.50923" lon="-120.720448"><ele>1251.0</ele><time>2022-08-21T02:13:33Z</time></trkpt><trkpt lat="47.509245" lon="-120.720376"><ele>1248.0</ele><time>2022-08-21T02:13:40Z</time></trkpt><trkpt lat="47.509291" lon="-120.720262"><ele>1245.0</ele><time>2022-08-21T02:13:50Z</time></trkpt><trkpt lat="47.509384" lon="-120.720153"><ele>1245.1</ele><time>2022-08-21T02:14:00Z</time></trkpt><trkpt lat="47.509407" lon="-120.720077"><ele>1244.0</ele><time>2022-08-21T02:14:05Z</time></trkpt><trkpt lat="47.50945" lon="-120.719997"><ele>1242.0</ele><time>2022-08-21T02:14:11Z</time></trkpt><trkpt lat="47.50948" lon="-120.71989"><ele>1241.0</ele><time>2022-08-21T02:14:20Z</time></trkpt><trkpt lat="47.509503" lon="-120.719854"><ele>1241.0</ele><time>2022-08-21T02:14:22Z</time></trkpt><trkpt lat="47.509527" lon="-120.719831"><ele>1240.0</ele><time>2022-08-21T02:14:25Z</time></trkpt><trkpt lat="47.50963" lon="-120.719813"><ele>1240.0</ele><time>2022-08-21T02:14:33Z</time></trkpt><trkpt lat="47.509658" lon="-120.7198"><ele>1240.0</ele><time>2022-08-21T02:14:36Z</time></trkpt><trkpt lat="47.509698" lon="-120.719801"><ele>1241.0</ele><time>2022-08-21T02:14:39Z</time></trkpt><trkpt lat="47.50976" lon="-120.719773"><ele>1239.0</ele><time>2022-08-21T02:14:44Z</time></trkpt><trkpt lat="47.509791" lon="-120.719746"><ele>1240.0</ele><time>2022-08-21T02:14:47Z</time></trkpt><trkpt lat="47.509827" lon="-120.719615"><ele>1236.0</ele><time>2022-08-21T02:15:00Z</time></trkpt><trkpt lat="47.509849" lon="-120.719591"><ele>1232.0</ele><time>2022-08-21T02:15:05Z</time></trkpt><trkpt lat="47.509875" lon="-120.719474"><ele>1230.0</ele><time>2022-08-21T02:15:18Z</time></trkpt><trkpt lat="47.509994" lon="-120.719297"><ele>1231.0</ele><time>2022-08-21T02:15:37Z</time></trkpt><trkpt lat="47.510028" lon="-120.719265"><ele>1231.0</ele><time>2022-08-21T02:15:42Z</time></trkpt><trkpt lat="47.510056" lon="-120.719253"><ele>1231.0</ele><time>2022-08-21T02:15:45Z</time></trkpt><trkpt lat="47.510104" lon="-120.719157"><ele>1228.0</ele><time>2022-08-21T02:15:55Z</time></trkpt><trkpt lat="47.510198" lon="-120.719051"><ele>1228.0</ele><time>2022-08-21T02:16:10Z</time></trkpt><trkpt lat="47.510253" lon="-120.719034"><ele>1228.0</ele><time>2022-08-21T02:16:16Z</time></trkpt><trkpt lat="47.510276" lon="-120.71906"><ele>1227.0</ele><time>2022-08-21T02:16:20Z</time></trkpt><trkpt lat="47.510345" lon="-120.718997"><ele>1226.0</ele><time>2022-08-21T02:16:24Z</time></trkpt><trkpt lat="47.510404" lon="-120.718966"><ele>1224.0</ele><time>2022-08-21T02:16:30Z</time></trkpt><trkpt lat="47.510441" lon="-120.718967"><ele>1222.0</ele><time>2022-08-21T02:16:33Z</time></trkpt><trkpt lat="47.510473" lon="-120.718921"><ele>1221.4</ele><time>2022-08-21T02:16:37Z</time></trkpt><trkpt lat="47.510642" lon="-120.718862"><ele>1218.0</ele><time>2022-08-21T02:16:58Z</time></trkpt><trkpt lat="47.510738" lon="-120.718791"><ele>1210.0</ele><time>2022-08-21T02:17:20Z</time></trkpt><trkpt lat="47.510768" lon="-120.718782"><ele>1210.0</ele><time>2022-08-21T02:17:23Z</time></trkpt><trkpt lat="47.510902" lon="-120.718665"><ele>1209.0</ele><time>2022-08-21T02:17:40Z</time></trkpt><trkpt lat="47.510919" lon="-120.71862"><ele>1209.0</ele><time>2022-08-21T02:17:42Z</time></trkpt><trkpt lat="47.510975" lon="-120.718539"><ele>1208.0</ele><time>2022-08-21T02:17:50Z</time></trkpt><trkpt lat="47.511033" lon="-120.718495"><ele>1208.0</ele><time>2022-08-21T02:17:56Z</time></trkpt><trkpt lat="47.511129" lon="-120.718456"><ele>1209.0</ele><time>2022-08-21T02:18:06Z</time></trkpt><trkpt lat="47.511189" lon="-120.718404"><ele>1208.0</ele><time>2022-08-21T02:18:14Z</time></trkpt><trkpt lat="47.511244" lon="-120.718382"><ele>1208.9</ele><time>2022-08-21T02:18:20Z</time></trkpt><trkpt lat="47.511344" lon="-120.718294"><ele>1206.0</ele><time>2022-08-21T02:18:30Z</time></trkpt><trkpt lat="47.511371" lon="-120.718205"><ele>1206.0</ele><time>2022-08-21T02:18:36Z</time></trkpt><trkpt lat="47.511474" lon="-120.718112"><ele>1206.0</ele><time>2022-08-21T02:18:48Z</time></trkpt><trkpt lat="47.511504" lon="-120.718123"><ele>1205.0</ele><time>2022-08-21T02:18:51Z</time></trkpt><trkpt lat="47.511432" lon="-120.718285"><ele>1202.0</ele><time>2022-08-21T02:19:00Z</time></trkpt><trkpt lat="47.511417" lon="-120.718365"><ele>1202.0</ele><time>2022-08-21T02:19:03Z</time></trkpt><trkpt lat="47.511353" lon="-120.718553"><ele>1199.0</ele><time>2022-08-21T02:19:15Z</time></trkpt><trkpt lat="47.511254" lon="-120.718679"><ele>1197.0</ele><time>2022-08-21T02:19:24Z</time></trkpt><trkpt lat="47.511216" lon="-120.718705"><ele>1190.0</ele><time>2022-08-21T02:19:34Z</time></trkpt><trkpt lat="47.511247" lon="-120.718703"><ele>1192.0</ele><time>2022-08-21T02:19:53Z</time></trkpt><trkpt lat="47.511267" lon="-120.718652"><ele>1186.0</ele><time>2022-08-21T02:21:08Z</time></trkpt><trkpt lat="47.51133" lon="-120.718583"><ele>1188.0</ele><time>2022-08-21T02:22:23Z</time></trkpt><trkpt lat="47.511394" lon="-120.718541"><ele>1190.0</ele><time>2022-08-21T02:22:30Z</time></trkpt><trkpt lat="47.511494" lon="-120.718499"><ele>1192.0</ele><time>2022-08-21T02:22:36Z</time></trkpt><trkpt lat="47.511553" lon="-120.718451"><ele>1191.7</ele><time>2022-08-21T02:22:41Z</time></trkpt><trkpt lat="47.511568" lon="-120.718383"><ele>1188.0</ele><time>2022-08-21T02:22:44Z</time></trkpt><trkpt lat="47.511615" lon="-120.718321"><ele>1188.0</ele><time>2022-08-21T02:22:48Z</time></trkpt><trkpt lat="47.511659" lon="-120.718288"><ele>1189.3</ele><time>2022-08-21T02:22:52Z</time></trkpt><trkpt lat="47.511688" lon="-120.718184"><ele>1184.0</ele><time>2022-08-21T02:23:01Z</time></trkpt><trkpt lat="47.511748" lon="-120.718183"><ele>1185.0</ele><time>2022-08-21T02:23:07Z</time></trkpt><trkpt lat="47.511891" lon="-120.718141"><ele>1185.0</ele><time>2022-08-21T02:23:19Z</time></trkpt><trkpt lat="47.511959" lon="-120.718135"><ele>1183.0</ele><time>2022-08-21T02:23:24Z</time></trkpt><trkpt lat="47.512029" lon="-120.718108"><ele>1182.0</ele><time>2022-08-21T02:23:30Z</time></trkpt><trkpt lat="47.5121" lon="-120.718108"><ele>1182.1</ele><time>2022-08-21T02:23:42Z</time></trkpt><trkpt lat="47.512145" lon="-120.71807"><ele>1180.0</ele><time>2022-08-21T02:23:48Z</time></trkpt><trkpt lat="47.512256" lon="-120.718065"><ele>1179.0</ele><time>2022-08-21T02:23:57Z</time></trkpt><trkpt lat="47.512349" lon="-120.718095"><ele>1168.0</ele><time>2022-08-21T02:24:12Z</time></trkpt><trkpt lat="47.512316" lon="-120.718132"><ele>1170.0</ele><time>2022-08-21T02:24:18Z</time></trkpt><trkpt lat="47.512139" lon="-120.71825"><ele>1170.0</ele><time>2022-08-21T02:24:37Z</time></trkpt><trkpt lat="47.512081" lon="-120.718313"><ele>1170.0</ele><time>2022-08-21T02:24:43Z</time></trkpt><trkpt lat="47.512015" lon="-120.718352"><ele>1170.0</ele><time>2022-08-21T02:24:52Z</time></trkpt><trkpt lat="47.512033" lon="-120.718388"><ele>1168.0</ele><time>2022-08-21T02:24:57Z</time></trkpt><trkpt lat="47.512237" lon="-120.718338"><ele>1163.0</ele><time>2022-08-21T02:25:18Z</time></trkpt><trkpt lat="47.512325" lon="-120.718349"><ele>1155.0</ele><time>2022-08-21T02:25:33Z</time></trkpt><trkpt lat="47.512322" lon="-120.71838"><ele>1156.0</ele><time>2022-08-21T02:25:39Z</time></trkpt><trkpt lat="47.512301" lon="-120.718404"><ele>1156.0</ele><time>2022-08-21T02:25:42Z</time></trkpt><trkpt lat="47.512236" lon="-120.71844"><ele>1156.0</ele><time>2022-08-21T02:25:48Z</time></trkpt><trkpt lat="47.512165" lon="-120.718511"><ele>1156.0</ele><time>2022-08-21T02:25:56Z</time></trkpt><trkpt lat="47.512182" lon="-120.71854"><ele>1153.0</ele><time>2022-08-21T02:26:00Z</time></trkpt><trkpt lat="47.512305" lon="-120.718494"><ele>1151.0</ele><time>2022-08-21T02:26:11Z</time></trkpt><trkpt lat="47.512379" lon="-120.718499"><ele>1149.0</ele><time>2022-08-21T02:26:19Z</time></trkpt><trkpt lat="47.51241" lon="-120.718519"><ele>1150.0</ele><time>2022-08-21T02:26:23Z</time></trkpt><trkpt lat="47.512474" lon="-120.718534"><ele>1146.0</ele><time>2022-08-21T02:26:31Z</time></trkpt><trkpt lat="47.512513" lon="-120.718529"><ele>1143.0</ele><time>2022-08-21T02:26:39Z</time></trkpt><trkpt lat="47.5125" lon="-120.71856"><ele>1146.0</ele><time>2022-08-21T02:26:45Z</time></trkpt><trkpt lat="47.512537" lon="-120.718608"><ele>1144.0</ele><time>2022-08-21T02:26:54Z</time></trkpt><trkpt lat="47.51238" lon="-120.718703"><ele>1140.0</ele><time>2022-08-21T02:27:12Z</time></trkpt><trkpt lat="47.512363" lon="-120.718736"><ele>1142.0</ele><time>2022-08-21T02:27:16Z</time></trkpt><trkpt lat="47.512369" lon="-120.718769"><ele>1140.0</ele><time>2022-08-21T02:27:18Z</time></trkpt><trkpt lat="47.512419" lon="-120.718807"><ele>1136.0</ele><time>2022-08-21T02:27:27Z</time></trkpt><trkpt lat="47.512476" lon="-120.718775"><ele>1134.0</ele><time>2022-08-21T02:27:33Z</time></trkpt><trkpt lat="47.512541" lon="-120.718765"><ele>1134.0</ele><time>2022-08-21T02:27:38Z</time></trkpt><trkpt lat="47.512648" lon="-120.718571"><ele>1137.0</ele><time>2022-08-21T02:27:55Z</time></trkpt><trkpt lat="47.512697" lon="-120.718583"><ele>1135.0</ele><time>2022-08-21T02:28:00Z</time></trkpt><trkpt lat="47.512728" lon="-120.71858"><ele>1135.0</ele><time>2022-08-21T02:28:03Z</time></trkpt><trkpt lat="47.51279" lon="-120.718528"><ele>1135.0</ele><time>2022-08-21T02:28:08Z</time></trkpt><trkpt lat="47.512809" lon="-120.718495"><ele>1134.0</ele><time>2022-08-21T02:28:10Z</time></trkpt><trkpt lat="47.512845" lon="-120.718376"><ele>1136.0</ele><time>2022-08-21T02:28:17Z</time></trkpt><trkpt lat="47.512857" lon="-120.718408"><ele>1136.0</ele><time>2022-08-21T02:28:19Z</time></trkpt><trkpt lat="47.512853" lon="-120.718451"><ele>1136.0</ele><time>2022-08-21T02:28:21Z</time></trkpt><trkpt lat="47.512753" lon="-120.718761"><ele>1133.0</ele><time>2022-08-21T02:28:35Z</time></trkpt><trkpt lat="47.512753" lon="-120.718813"><ele>1132.0</ele><time>2022-08-21T02:28:40Z</time></trkpt><trkpt lat="47.512811" lon="-120.718724"><ele>1127.2</ele><time>2022-08-21T02:28:45Z</time></trkpt><trkpt lat="47.512908" lon="-120.718636"><ele>1125.0</ele><time>2022-08-21T02:28:50Z</time></trkpt><trkpt lat="47.512975" lon="-120.718541"><ele>1123.0</ele><time>2022-08-21T02:29:00Z</time></trkpt><trkpt lat="47.51298" lon="-120.718493"><ele>1122.0</ele><time>2022-08-21T02:29:14Z</time></trkpt><trkpt lat="47.512965" lon="-120.718439"><ele>1122.0</ele><time>2022-08-21T02:29:17Z</time></trkpt><trkpt lat="47.513002" lon="-120.718432"><ele>1119.0</ele><time>2022-08-21T02:29:20Z</time></trkpt><trkpt lat="47.513017" lon="-120.718397"><ele>1118.0</ele><time>2022-08-21T02:29:24Z</time></trkpt><trkpt lat="47.513051" lon="-120.718492"><ele>1122.0</ele><time>2022-08-21T02:29:31Z</time></trkpt><trkpt lat="47.513066" lon="-120.718629"><ele>1120.3</ele><time>2022-08-21T02:29:41Z</time></trkpt><trkpt lat="47.513064" lon="-120.718734"><ele>1116.0</ele><time>2022-08-21T02:29:47Z</time></trkpt><trkpt lat="47.512999" lon="-120.718825"><ele>1111.0</ele><time>2022-08-21T02:29:57Z</time></trkpt><trkpt lat="47.512977" lon="-120.718875"><ele>1110.0</ele><time>2022-08-21T02:30:02Z</time></trkpt><trkpt lat="47.512983" lon="-120.718908"><ele>1110.0</ele><time>2022-08-21T02:30:06Z</time></trkpt><trkpt lat="47.513069" lon="-120.718763"><ele>1110.0</ele><time>2022-08-21T02:30:14Z</time></trkpt><trkpt lat="47.513102" lon="-120.718742"><ele>1110.0</ele><time>2022-08-21T02:30:17Z</time></trkpt><trkpt lat="47.513244" lon="-120.718537"><ele>1110.0</ele><time>2022-08-21T02:30:36Z</time></trkpt><trkpt lat="47.513305" lon="-120.71849"><ele>1110.0</ele><time>2022-08-21T02:30:40Z</time></trkpt><trkpt lat="47.513374" lon="-120.718484"><ele>1109.0</ele><time>2022-08-21T02:30:47Z</time></trkpt><trkpt lat="47.513398" lon="-120.718512"><ele>1106.0</ele><time>2022-08-21T02:30:52Z</time></trkpt><trkpt lat="47.513416" lon="-120.718554"><ele>1105.0</ele><time>2022-08-21T02:30:56Z</time></trkpt><trkpt lat="47.513556" lon="-120.718542"><ele>1103.0</ele><time>2022-08-21T02:31:09Z</time></trkpt><trkpt lat="47.513581" lon="-120.71856"><ele>1104.0</ele><time>2022-08-21T02:31:11Z</time></trkpt><trkpt lat="47.513694" lon="-120.718585"><ele>1097.9</ele><time>2022-08-21T02:31:25Z</time></trkpt><trkpt lat="47.513757" lon="-120.71862"><ele>1097.0</ele><time>2022-08-21T02:31:29Z</time></trkpt><trkpt lat="47.513969" lon="-120.718552"><ele>1089.0</ele><time>2022-08-21T02:31:43Z</time></trkpt><trkpt lat="47.514002" lon="-120.718527"><ele>1085.0</ele><time>2022-08-21T02:31:46Z</time></trkpt><trkpt lat="47.514043" lon="-120.718531"><ele>1086.0</ele><time>2022-08-21T02:31:49Z</time></trkpt><trkpt lat="47.514119" lon="-120.718519"><ele>1086.0</ele><time>2022-08-21T02:31:54Z</time></trkpt><trkpt lat="47.514156" lon="-120.718525"><ele>1086.0</ele><time>2022-08-21T02:31:56Z</time></trkpt><trkpt lat="47.514277" lon="-120.718449"><ele>1083.0</ele><time>2022-08-21T02:32:10Z</time></trkpt><trkpt lat="47.514282" lon="-120.718458"><ele>1083.0</ele><time>2022-08-21T02:32:13Z</time></trkpt><trkpt lat="47.514431" lon="-120.718441"><ele>1082.0</ele><time>2022-08-21T02:32:30Z</time></trkpt><trkpt lat="47.514466" lon="-120.71841"><ele>1082.0</ele><time>2022-08-21T02:32:33Z</time></trkpt><trkpt lat="47.514542" lon="-120.718453"><ele>1082.0</ele><time>2022-08-21T02:32:39Z</time></trkpt><trkpt lat="47.514521" lon="-120.718488"><ele>1080.0</ele><time>2022-08-21T02:32:41Z</time></trkpt><trkpt lat="47.514482" lon="-120.718485"><ele>1080.0</ele><time>2022-08-21T02:32:43Z</time></trkpt><trkpt lat="47.514401" lon="-120.718521"><ele>1078.0</ele><time>2022-08-21T02:32:48Z</time></trkpt><trkpt lat="47.514345" lon="-120.718574"><ele>1079.0</ele><time>2022-08-21T02:32:52Z</time></trkpt><trkpt lat="47.51432" lon="-120.718619"><ele>1080.2</ele><time>2022-08-21T02:32:55Z</time></trkpt><trkpt lat="47.514277" lon="-120.718637"><ele>1078.0</ele><time>2022-08-21T02:32:58Z</time></trkpt><trkpt lat="47.514208" lon="-120.718723"><ele>1078.0</ele><time>2022-08-21T02:33:04Z</time></trkpt><trkpt lat="47.514181" lon="-120.7188"><ele>1079.0</ele><time>2022-08-21T02:33:09Z</time></trkpt><trkpt lat="47.5141" lon="-120.718949"><ele>1076.0</ele><time>2022-08-21T02:33:26Z</time></trkpt><trkpt lat="47.513959" lon="-120.719038"><ele>1074.0</ele><time>2022-08-21T02:33:43Z</time></trkpt><trkpt lat="47.51389" lon="-120.719125"><ele>1071.0</ele><time>2022-08-21T02:33:52Z</time></trkpt><trkpt lat="47.513819" lon="-120.719195"><ele>1069.0</ele><time>2022-08-21T02:34:02Z</time></trkpt><trkpt lat="47.513842" lon="-120.719345"><ele>1069.2</ele><time>2022-08-21T02:34:11Z</time></trkpt><trkpt lat="47.51382" lon="-120.71938"><ele>1069.7</ele><time>2022-08-21T02:34:12Z</time></trkpt><trkpt lat="47.513774" lon="-120.719404"><ele>1068.0</ele><time>2022-08-21T02:34:14Z</time></trkpt><trkpt lat="47.51374" lon="-120.719587"><ele>1070.8</ele><time>2022-08-21T02:34:19Z</time></trkpt><trkpt lat="47.513716" lon="-120.719624"><ele>1068.0</ele><time>2022-08-21T02:34:22Z</time></trkpt><trkpt lat="47.513702" lon="-120.719673"><ele>1068.0</ele><time>2022-08-21T02:34:26Z</time></trkpt><trkpt lat="47.513743" lon="-120.719676"><ele>1065.0</ele><time>2022-08-21T02:34:28Z</time></trkpt><trkpt lat="47.51378" lon="-120.719633"><ele>1065.2</ele><time>2022-08-21T02:34:30Z</time></trkpt><trkpt lat="47.513809" lon="-120.719569"><ele>1063.6</ele><time>2022-08-21T02:34:32Z</time></trkpt><trkpt lat="47.513842" lon="-120.719546"><ele>1062.0</ele><time>2022-08-21T02:34:34Z</time></trkpt><trkpt lat="47.513869" lon="-120.719504"><ele>1062.0</ele><time>2022-08-21T02:34:37Z</time></trkpt><trkpt lat="47.51389" lon="-120.719441"><ele>1064.0</ele><time>2022-08-21T02:34:42Z</time></trkpt><trkpt lat="47.514007" lon="-120.719377"><ele>1063.0</ele><time>2022-08-21T02:34:49Z</time></trkpt><trkpt lat="47.514056" lon="-120.719323"><ele>1063.8</ele><time>2022-08-21T02:34:53Z</time></trkpt><trkpt lat="47.514069" lon="-120.719286"><ele>1064.0</ele><time>2022-08-21T02:34:54Z</time></trkpt><trkpt lat="47.514145" lon="-120.719192"><ele>1065.0</ele><time>2022-08-21T02:35:00Z</time></trkpt><trkpt lat="47.514214" lon="-120.719169"><ele>1065.0</ele><time>2022-08-21T02:35:05Z</time></trkpt><trkpt lat="47.514239" lon="-120.71921"><ele>1064.8</ele><time>2022-08-21T02:35:07Z</time></trkpt><trkpt lat="47.514362" lon="-120.719214"><ele>1056.0</ele><time>2022-08-21T02:35:17Z</time></trkpt><trkpt lat="47.514406" lon="-120.719282"><ele>1054.0</ele><time>2022-08-21T02:35:22Z</time></trkpt><trkpt lat="47.514475" lon="-120.719314"><ele>1055.0</ele><time>2022-08-21T02:35:26Z</time></trkpt><trkpt lat="47.514494" lon="-120.719361"><ele>1056.0</ele><time>2022-08-21T02:35:29Z</time></trkpt><trkpt lat="47.514459" lon="-120.719434"><ele>1052.0</ele><time>2022-08-21T02:35:33Z</time></trkpt><trkpt lat="47.514512" lon="-120.719448"><ele>1050.0</ele><time>2022-08-21T02:35:39Z</time></trkpt><trkpt lat="47.514548" lon="-120.719441"><ele>1048.0</ele><time>2022-08-21T02:35:41Z</time></trkpt><trkpt lat="47.514584" lon="-120.719418"><ele>1048.0</ele><time>2022-08-21T02:35:42Z</time></trkpt><trkpt lat="47.514675" lon="-120.719413"><ele>1048.0</ele><time>2022-08-21T02:35:48Z</time></trkpt><trkpt lat="47.514742" lon="-120.71943"><ele>1049.0</ele><time>2022-08-21T02:35:52Z</time></trkpt><trkpt lat="47.514776" lon="-120.719411"><ele>1050.0</ele><time>2022-08-21T02:35:54Z</time></trkpt><trkpt lat="47.514807" lon="-120.719416"><ele>1050.0</ele><time>2022-08-21T02:35:56Z</time></trkpt><trkpt lat="47.514873" lon="-120.719386"><ele>1047.0</ele><time>2022-08-21T02:36:00Z</time></trkpt><trkpt lat="47.514916" lon="-120.7194"><ele>1047.0</ele><time>2022-08-21T02:36:03Z</time></trkpt><trkpt lat="47.51496" lon="-120.719444"><ele>1043.0</ele><time>2022-08-21T02:36:12Z</time></trkpt><trkpt lat="47.51502" lon="-120.719474"><ele>1041.0</ele><time>2022-08-21T02:36:19Z</time></trkpt><trkpt lat="47.51517" lon="-120.719457"><ele>1038.0</ele><time>2022-08-21T02:36:31Z</time></trkpt><trkpt lat="47.515208" lon="-120.71947"><ele>1037.0</ele><time>2022-08-21T02:36:33Z</time></trkpt><trkpt lat="47.515249" lon="-120.719459"><ele>1037.3</ele><time>2022-08-21T02:36:36Z</time></trkpt><trkpt lat="47.515276" lon="-120.719384"><ele>1036.0</ele><time>2022-08-21T02:36:40Z</time></trkpt><trkpt lat="47.515313" lon="-120.719362"><ele>1035.0</ele><time>2022-08-21T02:36:43Z</time></trkpt><trkpt lat="47.515354" lon="-120.719405"><ele>1030.0</ele><time>2022-08-21T02:36:47Z</time></trkpt><trkpt lat="47.515402" lon="-120.719383"><ele>1030.0</ele><time>2022-08-21T02:36:50Z</time></trkpt><trkpt lat="47.515428" lon="-120.719344"><ele>1029.0</ele><time>2022-08-21T02:36:53Z</time></trkpt><trkpt lat="47.515492" lon="-120.719319"><ele>1031.0</ele><time>2022-08-21T02:36:57Z</time></trkpt><trkpt lat="47.515517" lon="-120.719271"><ele>1032.0</ele><time>2022-08-21T02:37:00Z</time></trkpt><trkpt lat="47.515585" lon="-120.719248"><ele>1031.0</ele><time>2022-08-21T02:37:05Z</time></trkpt><trkpt lat="47.515631" lon="-120.719185"><ele>1032.0</ele><time>2022-08-21T02:37:09Z</time></trkpt><trkpt lat="47.515688" lon="-120.719143"><ele>1032.0</ele><time>2022-08-21T02:37:14Z</time></trkpt><trkpt lat="47.515728" lon="-120.719122"><ele>1030.0</ele><time>2022-08-21T02:37:21Z</time></trkpt><trkpt lat="47.51573" lon="-120.719144"><ele>1029.0</ele><time>2022-08-21T02:37:25Z</time></trkpt><trkpt lat="47.51583" lon="-120.719119"><ele>1023.0</ele><time>2022-08-21T02:37:38Z</time></trkpt><trkpt lat="47.5159" lon="-120.719159"><ele>1020.0</ele><time>2022-08-21T02:37:48Z</time></trkpt><trkpt lat="47.515884" lon="-120.719218"><ele>1018.0</ele><time>2022-08-21T02:37:53Z</time></trkpt><trkpt lat="47.515781" lon="-120.719331"><ele>1019.0</ele><time>2022-08-21T02:38:02Z</time></trkpt><trkpt lat="47.515755" lon="-120.7194"><ele>1017.0</ele><time>2022-08-21T02:38:06Z</time></trkpt><trkpt lat="47.515718" lon="-120.719616"><ele>1016.0</ele><time>2022-08-21T02:38:21Z</time></trkpt><trkpt lat="47.515704" lon="-120.719653"><ele>1014.0</ele><time>2022-08-21T02:38:23Z</time></trkpt><trkpt lat="47.515697" lon="-120.71979"><ele>1013.0</ele><time>2022-08-21T02:38:35Z</time></trkpt><trkpt lat="47.515745" lon="-120.719751"><ele>1012.0</ele><time>2022-08-21T02:38:38Z</time></trkpt><trkpt lat="47.515785" lon="-120.719676"><ele>1012.7</ele><time>2022-08-21T02:38:41Z</time></trkpt><trkpt lat="47.515894" lon="-120.719574"><ele>1014.0</ele><time>2022-08-21T02:38:50Z</time></trkpt><trkpt lat="47.515924" lon="-120.719577"><ele>1009.0</ele><time>2022-08-21T02:38:56Z</time></trkpt><trkpt lat="47.515982" lon="-120.719532"><ele>1005.0</ele><time>2022-08-21T02:39:04Z</time></trkpt><trkpt lat="47.516011" lon="-120.719553"><ele>1007.3</ele><time>2022-08-21T02:39:07Z</time></trkpt><trkpt lat="47.516005" lon="-120.719587"><ele>1006.0</ele><time>2022-08-21T02:39:08Z</time></trkpt><trkpt lat="47.515983" lon="-120.719615"><ele>1004.0</ele><time>2022-08-21T02:39:11Z</time></trkpt><trkpt lat="47.515953" lon="-120.719703"><ele>1004.3</ele><time>2022-08-21T02:39:15Z</time></trkpt><trkpt lat="47.515932" lon="-120.719732"><ele>1004.0</ele><time>2022-08-21T02:39:16Z</time></trkpt><trkpt lat="47.515928" lon="-120.719783"><ele>1005.2</ele><time>2022-08-21T02:39:18Z</time></trkpt><trkpt lat="47.515882" lon="-120.71985"><ele>1005.0</ele><time>2022-08-21T02:39:21Z</time></trkpt><trkpt lat="47.515844" lon="-120.719854"><ele>1005.0</ele><time>2022-08-21T02:39:23Z</time></trkpt><trkpt lat="47.515822" lon="-120.7199"><ele>1005.0</ele><time>2022-08-21T02:39:25Z</time></trkpt><trkpt lat="47.515831" lon="-120.720006"><ele>1003.0</ele><time>2022-08-21T02:39:28Z</time></trkpt><trkpt lat="47.515868" lon="-120.720021"><ele>1002.0</ele><time>2022-08-21T02:39:30Z</time></trkpt><trkpt lat="47.515923" lon="-120.719998"><ele>1002.6</ele><time>2022-08-21T02:39:31Z</time></trkpt><trkpt lat="47.515957" lon="-120.719996"><ele>1001.5</ele><time>2022-08-21T02:39:32Z</time></trkpt><trkpt lat="47.515985" lon="-120.719978"><ele>1000.0</ele><time>2022-08-21T02:39:34Z</time></trkpt><trkpt lat="47.516054" lon="-120.719884"><ele>1002.0</ele><time>2022-08-21T02:39:38Z</time></trkpt><trkpt lat="47.516114" lon="-120.719864"><ele>1000.0</ele><time>2022-08-21T02:39:46Z</time></trkpt><trkpt lat="47.516153" lon="-120.719828"><ele>996.0</ele><time>2022-08-21T02:39:51Z</time></trkpt><trkpt lat="47.51621" lon="-120.719884"><ele>994.0</ele><time>2022-08-21T02:39:58Z</time></trkpt><trkpt lat="47.516259" lon="-120.719863"><ele>992.0</ele><time>2022-08-21T02:40:02Z</time></trkpt><trkpt lat="47.516369" lon="-120.719885"><ele>993.0</ele><time>2022-08-21T02:40:08Z</time></trkpt><trkpt lat="47.516401" lon="-120.719867"><ele>993.0</ele><time>2022-08-21T02:40:11Z</time></trkpt><trkpt lat="47.516503" lon="-120.719877"><ele>993.0</ele><time>2022-08-21T02:40:19Z</time></trkpt><trkpt lat="47.516564" lon="-120.719822"><ele>992.0</ele><time>2022-08-21T02:40:25Z</time></trkpt><trkpt lat="47.516605" lon="-120.719756"><ele>988.0</ele><time>2022-08-21T02:40:35Z</time></trkpt><trkpt lat="47.516635" lon="-120.71974"><ele>988.0</ele><time>2022-08-21T02:40:39Z</time></trkpt><trkpt lat="47.51668" lon="-120.719687"><ele>984.0</ele><time>2022-08-21T02:40:45Z</time></trkpt><trkpt lat="47.516767" lon="-120.719526"><ele>986.0</ele><time>2022-08-21T02:40:54Z</time></trkpt><trkpt lat="47.5168" lon="-120.719505"><ele>986.0</ele><time>2022-08-21T02:40:56Z</time></trkpt><trkpt lat="47.516843" lon="-120.719524"><ele>984.0</ele><time>2022-08-21T02:40:58Z</time></trkpt><trkpt lat="47.516874" lon="-120.719523"><ele>984.0</ele><time>2022-08-21T02:41:00Z</time></trkpt><trkpt lat="47.516901" lon="-120.719509"><ele>984.0</ele><time>2022-08-21T02:41:02Z</time></trkpt><trkpt lat="47.516927" lon="-120.719474"><ele>984.0</ele><time>2022-08-21T02:41:04Z</time></trkpt><trkpt lat="47.51694" lon="-120.719432"><ele>984.0</ele><time>2022-08-21T02:41:06Z</time></trkpt><trkpt lat="47.51692" lon="-120.719358"><ele>984.0</ele><time>2022-08-21T02:41:10Z</time></trkpt><trkpt lat="47.516937" lon="-120.719304"><ele>983.0</ele><time>2022-08-21T02:41:15Z</time></trkpt><trkpt lat="47.516996" lon="-120.719259"><ele>984.0</ele><time>2022-08-21T02:41:19Z</time></trkpt><trkpt lat="47.517052" lon="-120.719139"><ele>983.0</ele><time>2022-08-21T02:41:27Z</time></trkpt><trkpt lat="47.517083" lon="-120.719135"><ele>982.0</ele><time>2022-08-21T02:41:29Z</time></trkpt><trkpt lat="47.517118" lon="-120.719181"><ele>982.0</ele><time>2022-08-21T02:41:32Z</time></trkpt><trkpt lat="47.517131" lon="-120.719215"><ele>981.0</ele><time>2022-08-21T02:41:34Z</time></trkpt><trkpt lat="47.517233" lon="-120.719254"><ele>980.0</ele><time>2022-08-21T02:41:41Z</time></trkpt><trkpt lat="47.517323" lon="-120.719204"><ele>978.0</ele><time>2022-08-21T02:41:49Z</time></trkpt><trkpt lat="47.517387" lon="-120.719188"><ele>978.0</ele><time>2022-08-21T02:41:55Z</time></trkpt><trkpt lat="47.517448" lon="-120.71914"><ele>979.0</ele><time>2022-08-21T02:41:59Z</time></trkpt><trkpt lat="47.517623" lon="-120.719116"><ele>978.0</ele><time>2022-08-21T02:42:10Z</time></trkpt><trkpt lat="47.517683" lon="-120.719059"><ele>978.0</ele><time>2022-08-21T02:42:15Z</time></trkpt><trkpt lat="47.51772" lon="-120.719058"><ele>977.0</ele><time>2022-08-21T02:42:18Z</time></trkpt><trkpt lat="47.517742" lon="-120.719012"><ele>977.0</ele><time>2022-08-21T02:42:21Z</time></trkpt><trkpt lat="47.517806" lon="-120.718968"><ele>978.0</ele><time>2022-08-21T02:42:26Z</time></trkpt><trkpt lat="47.517866" lon="-120.718947"><ele>980.0</ele><time>2022-08-21T02:42:30Z</time></trkpt><trkpt lat="47.517887" lon="-120.718918"><ele>980.0</ele><time>2022-08-21T02:42:32Z</time></trkpt><trkpt lat="47.517907" lon="-120.718837"><ele>977.0</ele><time>2022-08-21T02:42:37Z</time></trkpt><trkpt lat="47.517976" lon="-120.718763"><ele>973.0</ele><time>2022-08-21T02:42:47Z</time></trkpt><trkpt lat="47.518148" lon="-120.718664"><ele>974.0</ele><time>2022-08-21T02:43:01Z</time></trkpt><trkpt lat="47.51828" lon="-120.718626"><ele>972.0</ele><time>2022-08-21T02:43:13Z</time></trkpt><trkpt lat="47.51835" lon="-120.718582"><ele>971.0</ele><time>2022-08-21T02:43:18Z</time></trkpt><trkpt lat="47.518403" lon="-120.718524"><ele>969.0</ele><time>2022-08-21T02:43:24Z</time></trkpt><trkpt lat="47.518441" lon="-120.718415"><ele>968.0</ele><time>2022-08-21T02:43:30Z</time></trkpt><trkpt lat="47.518452" lon="-120.718342"><ele>969.0</ele><time>2022-08-21T02:43:33Z</time></trkpt><trkpt lat="47.518534" lon="-120.718205"><ele>973.0</ele><time>2022-08-21T02:43:40Z</time></trkpt><trkpt lat="47.518569" lon="-120.718161"><ele>973.0</ele><time>2022-08-21T02:43:43Z</time></trkpt><trkpt lat="47.518616" lon="-120.718182"><ele>972.0</ele><time>2022-08-21T02:43:46Z</time></trkpt><trkpt lat="47.51867" lon="-120.718055"><ele>972.0</ele><time>2022-08-21T02:43:53Z</time></trkpt><trkpt lat="47.518729" lon="-120.718016"><ele>971.0</ele><time>2022-08-21T02:43:57Z</time></trkpt><trkpt lat="47.518749" lon="-120.717981"><ele>970.0</ele><time>2022-08-21T02:43:59Z</time></trkpt><trkpt lat="47.518825" lon="-120.717971"><ele>969.0</ele><time>2022-08-21T02:44:04Z</time></trkpt><trkpt lat="47.518904" lon="-120.717934"><ele>966.0</ele><time>2022-08-21T02:44:10Z</time></trkpt><trkpt lat="47.518941" lon="-120.71795"><ele>966.0</ele><time>2022-08-21T02:44:13Z</time></trkpt><trkpt lat="47.518976" lon="-120.717996"><ele>960.0</ele><time>2022-08-21T02:44:22Z</time></trkpt><trkpt lat="47.51903" lon="-120.718023"><ele>958.0</ele><time>2022-08-21T02:44:29Z</time></trkpt><trkpt lat="47.519092" lon="-120.718036"><ele>958.0</ele><time>2022-08-21T02:44:34Z</time></trkpt><trkpt lat="47.519163" lon="-120.718014"><ele>957.0</ele><time>2022-08-21T02:44:38Z</time></trkpt><trkpt lat="47.519187" lon="-120.717993"><ele>953.0</ele><time>2022-08-21T02:44:41Z</time></trkpt><trkpt lat="47.519317" lon="-120.718001"><ele>952.0</ele><time>2022-08-21T02:44:53Z</time></trkpt><trkpt lat="47.519382" lon="-120.717973"><ele>953.0</ele><time>2022-08-21T02:44:58Z</time></trkpt><trkpt lat="47.519439" lon="-120.717929"><ele>952.0</ele><time>2022-08-21T02:45:02Z</time></trkpt><trkpt lat="47.519501" lon="-120.717917"><ele>950.0</ele><time>2022-08-21T02:45:06Z</time></trkpt><trkpt lat="47.51957" lon="-120.717924"><ele>948.0</ele><time>2022-08-21T02:45:10Z</time></trkpt><trkpt lat="47.519651" lon="-120.717907"><ele>946.0</ele><time>2022-08-21T02:45:17Z</time></trkpt><trkpt lat="47.519792" lon="-120.71785"><ele>946.0</ele><time>2022-08-21T02:45:29Z</time></trkpt><trkpt lat="47.519891" lon="-120.717843"><ele>945.0</ele><time>2022-08-21T02:45:37Z</time></trkpt><trkpt lat="47.519941" lon="-120.717814"><ele>946.0</ele><time>2022-08-21T02:45:41Z</time></trkpt><trkpt lat="47.520034" lon="-120.717791"><ele>945.0</ele><time>2022-08-21T02:45:50Z</time></trkpt><trkpt lat="47.520065" lon="-120.717771"><ele>945.0</ele><time>2022-08-21T02:45:52Z</time></trkpt><trkpt lat="47.520082" lon="-120.717733"><ele>942.0</ele><time>2022-08-21T02:45:57Z</time></trkpt><trkpt lat="47.520084" lon="-120.717658"><ele>940.0</ele><time>2022-08-21T02:46:05Z</time></trkpt><trkpt lat="47.520096" lon="-120.717624"><ele>940.0</ele><time>2022-08-21T02:46:08Z</time></trkpt><trkpt lat="47.520173" lon="-120.717503"><ele>939.0</ele><time>2022-08-21T02:46:21Z</time></trkpt><trkpt lat="47.52017" lon="-120.717465"><ele>938.0</ele><time>2022-08-21T02:46:24Z</time></trkpt><trkpt lat="47.520213" lon="-120.71739"><ele>937.0</ele><time>2022-08-21T02:46:30Z</time></trkpt><trkpt lat="47.520326" lon="-120.717252"><ele>934.0</ele><time>2022-08-21T02:46:48Z</time></trkpt><trkpt lat="47.520365" lon="-120.717228"><ele>934.0</ele><time>2022-08-21T02:46:50Z</time></trkpt><trkpt lat="47.520436" lon="-120.717243"><ele>936.0</ele><time>2022-08-21T02:46:56Z</time></trkpt><trkpt lat="47.520496" lon="-120.717211"><ele>931.0</ele><time>2022-08-21T02:47:03Z</time></trkpt><trkpt lat="47.520599" lon="-120.717194"><ele>931.0</ele><time>2022-08-21T02:47:16Z</time></trkpt><trkpt lat="47.520588" lon="-120.717228"><ele>932.0</ele><time>2022-08-21T02:47:21Z</time></trkpt><trkpt lat="47.520538" lon="-120.717284"><ele>928.0</ele><time>2022-08-21T02:47:31Z</time></trkpt><trkpt lat="47.520473" lon="-120.71732"><ele>928.0</ele><time>2022-08-21T02:47:38Z</time></trkpt><trkpt lat="47.520432" lon="-120.717382"><ele>928.0</ele><time>2022-08-21T02:47:44Z</time></trkpt><trkpt lat="47.520381" lon="-120.717429"><ele>929.0</ele><time>2022-08-21T02:47:49Z</time></trkpt><trkpt lat="47.520366" lon="-120.717493"><ele>928.0</ele><time>2022-08-21T02:47:53Z</time></trkpt><trkpt lat="47.520374" lon="-120.717522"><ele>927.0</ele><time>2022-08-21T02:47:56Z</time></trkpt><trkpt lat="47.520401" lon="-120.717551"><ele>928.0</ele><time>2022-08-21T02:47:58Z</time></trkpt><trkpt lat="47.520533" lon="-120.717532"><ele>927.0</ele><time>2022-08-21T02:48:09Z</time></trkpt><trkpt lat="47.520605" lon="-120.717485"><ele>925.4</ele><time>2022-08-21T02:48:14Z</time></trkpt><trkpt lat="47.520627" lon="-120.717509"><ele>924.0</ele><time>2022-08-21T02:48:16Z</time></trkpt><trkpt lat="47.520728" lon="-120.717479"><ele>922.0</ele><time>2022-08-21T02:48:27Z</time></trkpt><trkpt lat="47.520805" lon="-120.717441"><ele>921.0</ele><time>2022-08-21T02:48:32Z</time></trkpt><trkpt lat="47.520832" lon="-120.717469"><ele>919.0</ele><time>2022-08-21T02:48:35Z</time></trkpt><trkpt lat="47.520799" lon="-120.717529"><ele>920.0</ele><time>2022-08-21T02:48:40Z</time></trkpt><trkpt lat="47.52073" lon="-120.717588"><ele>918.0</ele><time>2022-08-21T02:48:45Z</time></trkpt><trkpt lat="47.520632" lon="-120.717729"><ele>920.0</ele><time>2022-08-21T02:48:53Z</time></trkpt><trkpt lat="47.520625" lon="-120.717766"><ele>921.0</ele><time>2022-08-21T02:48:55Z</time></trkpt><trkpt lat="47.520596" lon="-120.717798"><ele>921.0</ele><time>2022-08-21T02:48:57Z</time></trkpt><trkpt lat="47.52058" lon="-120.717837"><ele>920.0</ele><time>2022-08-21T02:48:59Z</time></trkpt><trkpt lat="47.520557" lon="-120.717951"><ele>919.0</ele><time>2022-08-21T02:49:06Z</time></trkpt><trkpt lat="47.520583" lon="-120.7179"><ele>918.1</ele><time>2022-08-21T02:49:09Z</time></trkpt><trkpt lat="47.520649" lon="-120.717864"><ele>918.4</ele><time>2022-08-21T02:49:11Z</time></trkpt><trkpt lat="47.520752" lon="-120.717789"><ele>916.0</ele><time>2022-08-21T02:49:17Z</time></trkpt><trkpt lat="47.520784" lon="-120.717749"><ele>915.0</ele><time>2022-08-21T02:49:19Z</time></trkpt><trkpt lat="47.520906" lon="-120.717643"><ele>914.0</ele><time>2022-08-21T02:49:28Z</time></trkpt><trkpt lat="47.521006" lon="-120.717583"><ele>914.0</ele><time>2022-08-21T02:49:35Z</time></trkpt><trkpt lat="47.521042" lon="-120.71759"><ele>912.0</ele><time>2022-08-21T02:49:38Z</time></trkpt><trkpt lat="47.521099" lon="-120.717552"><ele>914.0</ele><time>2022-08-21T02:49:43Z</time></trkpt><trkpt lat="47.52113" lon="-120.717553"><ele>913.0</ele><time>2022-08-21T02:49:46Z</time></trkpt><trkpt lat="47.521158" lon="-120.717521"><ele>913.0</ele><time>2022-08-21T02:49:49Z</time></trkpt><trkpt lat="47.521337" lon="-120.717521"><ele>904.0</ele><time>2022-08-21T02:50:06Z</time></trkpt><trkpt lat="47.521373" lon="-120.717499"><ele>903.0</ele><time>2022-08-21T02:50:09Z</time></trkpt><trkpt lat="47.521404" lon="-120.717513"><ele>904.0</ele><time>2022-08-21T02:50:12Z</time></trkpt><trkpt lat="47.521484" lon="-120.717494"><ele>901.0</ele><time>2022-08-21T02:50:24Z</time></trkpt><trkpt lat="47.521496" lon="-120.717531"><ele>904.0</ele><time>2022-08-21T02:50:35Z</time></trkpt><trkpt lat="47.521533" lon="-120.717521"><ele>903.0</ele><time>2022-08-21T02:50:39Z</time></trkpt><trkpt lat="47.521563" lon="-120.71755"><ele>904.0</ele><time>2022-08-21T02:50:41Z</time></trkpt><trkpt lat="47.521604" lon="-120.717643"><ele>904.0</ele><time>2022-08-21T02:50:47Z</time></trkpt><trkpt lat="47.521672" lon="-120.717666"><ele>904.0</ele><time>2022-08-21T02:50:54Z</time></trkpt><trkpt lat="47.521687" lon="-120.717701"><ele>904.0</ele><time>2022-08-21T02:50:56Z</time></trkpt><trkpt lat="47.521755" lon="-120.717732"><ele>903.0</ele><time>2022-08-21T02:51:03Z</time></trkpt><trkpt lat="47.521782" lon="-120.717774"><ele>902.0</ele><time>2022-08-21T02:51:08Z</time></trkpt><trkpt lat="47.521798" lon="-120.717831"><ele>902.0</ele><time>2022-08-21T02:51:14Z</time></trkpt><trkpt lat="47.521775" lon="-120.717867"><ele>902.0</ele><time>2022-08-21T02:51:16Z</time></trkpt><trkpt lat="47.521739" lon="-120.71788"><ele>900.0</ele><time>2022-08-21T02:51:18Z</time></trkpt><trkpt lat="47.521634" lon="-120.717836"><ele>900.0</ele><time>2022-08-21T02:51:26Z</time></trkpt><trkpt lat="47.521608" lon="-120.717876"><ele>900.0</ele><time>2022-08-21T02:51:30Z</time></trkpt><trkpt lat="47.521562" lon="-120.718014"><ele>900.0</ele><time>2022-08-21T02:51:36Z</time></trkpt><trkpt lat="47.521571" lon="-120.718113"><ele>901.0</ele><time>2022-08-21T02:51:41Z</time></trkpt><trkpt lat="47.521663" lon="-120.718099"><ele>896.0</ele><time>2022-08-21T02:51:48Z</time></trkpt><trkpt lat="47.521698" lon="-120.718172"><ele>897.0</ele><time>2022-08-21T02:51:55Z</time></trkpt><trkpt lat="47.521861" lon="-120.718163"><ele>894.0</ele><time>2022-08-21T02:52:05Z</time></trkpt><trkpt lat="47.521907" lon="-120.718092"><ele>893.0</ele><time>2022-08-21T02:52:09Z</time></trkpt><trkpt lat="47.521965" lon="-120.718053"><ele>892.0</ele><time>2022-08-21T02:52:14Z</time></trkpt><trkpt lat="47.522006" lon="-120.71799"><ele>893.0</ele><time>2022-08-21T02:52:18Z</time></trkpt><trkpt lat="47.522066" lon="-120.717963"><ele>892.0</ele><time>2022-08-21T02:52:22Z</time></trkpt><trkpt lat="47.522152" lon="-120.717856"><ele>892.0</ele><time>2022-08-21T02:52:34Z</time></trkpt><trkpt lat="47.522196" lon="-120.717867"><ele>890.0</ele><time>2022-08-21T02:52:38Z</time></trkpt><trkpt lat="47.522244" lon="-120.71785"><ele>891.0</ele><time>2022-08-21T02:52:42Z</time></trkpt><trkpt lat="47.522303" lon="-120.717847"><ele>889.7</ele><time>2022-08-21T02:52:48Z</time></trkpt><trkpt lat="47.522317" lon="-120.717863"><ele>888.0</ele><time>2022-08-21T02:52:50Z</time></trkpt><trkpt lat="47.522403" lon="-120.717862"><ele>887.0</ele><time>2022-08-21T02:52:56Z</time></trkpt><trkpt lat="47.522456" lon="-120.717922"><ele>885.0</ele><time>2022-08-21T02:53:03Z</time></trkpt><trkpt lat="47.522562" lon="-120.717893"><ele>885.0</ele><time>2022-08-21T02:53:11Z</time></trkpt><trkpt lat="47.522627" lon="-120.717853"><ele>882.0</ele><time>2022-08-21T02:53:18Z</time></trkpt><trkpt lat="47.522649" lon="-120.717816"><ele>882.0</ele><time>2022-08-21T02:53:20Z</time></trkpt><trkpt lat="47.5227" lon="-120.717771"><ele>882.0</ele><time>2022-08-21T02:53:24Z</time></trkpt><trkpt lat="47.52274" lon="-120.717784"><ele>882.0</ele><time>2022-08-21T02:53:26Z</time></trkpt><trkpt lat="47.522776" lon="-120.717783"><ele>882.0</ele><time>2022-08-21T02:53:28Z</time></trkpt><trkpt lat="47.522898" lon="-120.717713"><ele>880.0</ele><time>2022-08-21T02:53:39Z</time></trkpt><trkpt lat="47.52297" lon="-120.717601"><ele>882.0</ele><time>2022-08-21T02:53:47Z</time></trkpt><trkpt lat="47.523084" lon="-120.717528"><ele>883.0</ele><time>2022-08-21T02:53:56Z</time></trkpt><trkpt lat="47.523104" lon="-120.717443"><ele>884.0</ele><time>2022-08-21T02:54:00Z</time></trkpt><trkpt lat="47.523122" lon="-120.717413"><ele>885.0</ele><time>2022-08-21T02:54:03Z</time></trkpt><trkpt lat="47.523184" lon="-120.71747"><ele>883.0</ele><time>2022-08-21T02:54:08Z</time></trkpt><trkpt lat="47.523286" lon="-120.717508"><ele>879.0</ele><time>2022-08-21T02:54:17Z</time></trkpt><trkpt lat="47.523342" lon="-120.717473"><ele>876.0</ele><time>2022-08-21T02:54:23Z</time></trkpt><trkpt lat="47.523346" lon="-120.717418"><ele>876.0</ele><time>2022-08-21T02:54:28Z</time></trkpt><trkpt lat="47.523415" lon="-120.717413"><ele>875.0</ele><time>2022-08-21T02:54:36Z</time></trkpt><trkpt lat="47.523442" lon="-120.717393"><ele>874.0</ele><time>2022-08-21T02:54:38Z</time></trkpt><trkpt lat="47.523502" lon="-120.71738"><ele>873.0</ele><time>2022-08-21T02:54:42Z</time></trkpt><trkpt lat="47.52363" lon="-120.717235"><ele>872.0</ele><time>2022-08-21T02:54:58Z</time></trkpt><trkpt lat="47.523736" lon="-120.717139"><ele>872.0</ele><time>2022-08-21T02:55:08Z</time></trkpt><trkpt lat="47.523756" lon="-120.717072"><ele>870.0</ele><time>2022-08-21T02:55:13Z</time></trkpt><trkpt lat="47.523812" lon="-120.717042"><ele>868.0</ele><time>2022-08-21T02:55:19Z</time></trkpt><trkpt lat="47.523853" lon="-120.717004"><ele>870.0</ele><time>2022-08-21T02:55:25Z</time></trkpt><trkpt lat="47.523857" lon="-120.716971"><ele>870.0</ele><time>2022-08-21T02:55:27Z</time></trkpt><trkpt lat="47.523901" lon="-120.716929"><ele>868.0</ele><time>2022-08-21T02:55:33Z</time></trkpt><trkpt lat="47.523935" lon="-120.716926"><ele>868.0</ele><time>2022-08-21T02:55:36Z</time></trkpt><trkpt lat="47.523995" lon="-120.716886"><ele>868.0</ele><time>2022-08-21T02:55:41Z</time></trkpt><trkpt lat="47.524033" lon="-120.716836"><ele>865.0</ele><time>2022-08-21T02:55:47Z</time></trkpt><trkpt lat="47.524061" lon="-120.716767"><ele>868.0</ele><time>2022-08-21T02:55:53Z</time></trkpt><trkpt lat="47.524149" lon="-120.716728"><ele>866.0</ele><time>2022-08-21T02:56:03Z</time></trkpt><trkpt lat="47.524185" lon="-120.716726"><ele>866.0</ele><time>2022-08-21T02:56:05Z</time></trkpt><trkpt lat="47.524271" lon="-120.716755"><ele>866.0</ele><time>2022-08-21T02:56:10Z</time></trkpt><trkpt lat="47.524297" lon="-120.716789"><ele>864.3</ele><time>2022-08-21T02:56:13Z</time></trkpt><trkpt lat="47.524304" lon="-120.716824"><ele>863.0</ele><time>2022-08-21T02:56:14Z</time></trkpt><trkpt lat="47.524297" lon="-120.716884"><ele>863.0</ele><time>2022-08-21T02:56:16Z</time></trkpt><trkpt lat="47.524317" lon="-120.716926"><ele>864.0</ele><time>2022-08-21T02:56:19Z</time></trkpt><trkpt lat="47.524421" lon="-120.716908"><ele>860.0</ele><time>2022-08-21T02:56:25Z</time></trkpt><trkpt lat="47.524453" lon="-120.71691"><ele>861.0</ele><time>2022-08-21T02:56:27Z</time></trkpt><trkpt lat="47.524487" lon="-120.716931"><ele>861.0</ele><time>2022-08-21T02:56:30Z</time></trkpt><trkpt lat="47.52457" lon="-120.716941"><ele>861.0</ele><time>2022-08-21T02:56:34Z</time></trkpt><trkpt lat="47.524631" lon="-120.716978"><ele>861.0</ele><time>2022-08-21T02:56:38Z</time></trkpt><trkpt lat="47.524751" lon="-120.717099"><ele>857.0</ele><time>2022-08-21T02:56:49Z</time></trkpt><trkpt lat="47.524869" lon="-120.717098"><ele>857.0</ele><time>2022-08-21T02:56:58Z</time></trkpt><trkpt lat="47.524901" lon="-120.717115"><ele>852.0</ele><time>2022-08-21T02:57:07Z</time></trkpt><trkpt lat="47.524912" lon="-120.71716"><ele>854.0</ele><time>2022-08-21T02:57:11Z</time></trkpt><trkpt lat="47.524968" lon="-120.71713"><ele>854.0</ele><time>2022-08-21T02:57:13Z</time></trkpt><trkpt lat="47.525005" lon="-120.717135"><ele>854.0</ele><time>2022-08-21T02:57:16Z</time></trkpt><trkpt lat="47.525066" lon="-120.717114"><ele>854.0</ele><time>2022-08-21T02:57:20Z</time></trkpt><trkpt lat="47.525146" lon="-120.717046"><ele>854.0</ele><time>2022-08-21T02:57:27Z</time></trkpt><trkpt lat="47.525181" lon="-120.717061"><ele>856.7</ele><time>2022-08-21T02:57:28Z</time></trkpt><trkpt lat="47.52527" lon="-120.717069"><ele>853.6</ele><time>2022-08-21T02:57:40Z</time></trkpt><trkpt lat="47.52529" lon="-120.717063"><ele>852.0</ele><time>2022-08-21T02:57:41Z</time></trkpt><trkpt lat="47.525331" lon="-120.71703"><ele>852.7</ele><time>2022-08-21T02:57:44Z</time></trkpt><trkpt lat="47.525368" lon="-120.717024"><ele>851.0</ele><time>2022-08-21T02:57:46Z</time></trkpt><trkpt lat="47.525443" lon="-120.717028"><ele>849.0</ele><time>2022-08-21T02:57:51Z</time></trkpt><trkpt lat="47.525508" lon="-120.717063"><ele>850.0</ele><time>2022-08-21T02:57:55Z</time></trkpt><trkpt lat="47.525538" lon="-120.717055"><ele>850.0</ele><time>2022-08-21T02:57:57Z</time></trkpt><trkpt lat="47.525602" lon="-120.716956"><ele>849.0</ele><time>2022-08-21T02:58:03Z</time></trkpt><trkpt lat="47.525613" lon="-120.716854"><ele>850.0</ele><time>2022-08-21T02:58:08Z</time></trkpt><trkpt lat="47.525708" lon="-120.716759"><ele>848.0</ele><time>2022-08-21T02:58:19Z</time></trkpt><trkpt lat="47.525734" lon="-120.716692"><ele>848.0</ele><time>2022-08-21T02:58:23Z</time></trkpt><trkpt lat="47.525804" lon="-120.716671"><ele>846.0</ele><time>2022-08-21T02:58:29Z</time></trkpt><trkpt lat="47.525829" lon="-120.716647"><ele>846.0</ele><time>2022-08-21T02:58:31Z</time></trkpt><trkpt lat="47.525967" lon="-120.716599"><ele>843.0</ele><time>2022-08-21T02:58:44Z</time></trkpt><trkpt lat="47.526037" lon="-120.716542"><ele>842.0</ele><time>2022-08-21T02:58:51Z</time></trkpt><trkpt lat="47.526054" lon="-120.716425"><ele>844.0</ele><time>2022-08-21T02:58:56Z</time></trkpt><trkpt lat="47.526098" lon="-120.716378"><ele>844.0</ele><time>2022-08-21T02:59:00Z</time></trkpt><trkpt lat="47.526115" lon="-120.716342"><ele>844.0</ele><time>2022-08-21T02:59:02Z</time></trkpt><trkpt lat="47.526231" lon="-120.716219"><ele>840.0</ele><time>2022-08-21T02:59:14Z</time></trkpt><trkpt lat="47.526271" lon="-120.716133"><ele>844.0</ele><time>2022-08-21T02:59:21Z</time></trkpt><trkpt lat="47.526374" lon="-120.716124"><ele>840.0</ele><time>2022-08-21T02:59:28Z</time></trkpt><trkpt lat="47.526403" lon="-120.7161"><ele>840.0</ele><time>2022-08-21T02:59:30Z</time></trkpt><trkpt lat="47.526445" lon="-120.716045"><ele>840.0</ele><time>2022-08-21T02:59:34Z</time></trkpt><trkpt lat="47.52654" lon="-120.715859"><ele>840.0</ele><time>2022-08-21T02:59:46Z</time></trkpt><trkpt lat="47.52663" lon="-120.715821"><ele>840.0</ele><time>2022-08-21T02:59:53Z</time></trkpt><trkpt lat="47.526643" lon="-120.715789"><ele>840.0</ele><time>2022-08-21T02:59:55Z</time></trkpt><trkpt lat="47.526642" lon="-120.715742"><ele>840.0</ele><time>2022-08-21T02:59:57Z</time></trkpt><trkpt lat="47.526681" lon="-120.715692"><ele>840.0</ele><time>2022-08-21T03:00:01Z</time></trkpt><trkpt lat="47.526693" lon="-120.715657"><ele>838.0</ele><time>2022-08-21T03:00:03Z</time></trkpt><trkpt lat="47.526705" lon="-120.715492"><ele>842.0</ele><time>2022-08-21T03:00:11Z</time></trkpt><trkpt lat="47.52672" lon="-120.715413"><ele>840.0</ele><time>2022-08-21T03:00:15Z</time></trkpt><trkpt lat="47.52678" lon="-120.715361"><ele>842.0</ele><time>2022-08-21T03:00:20Z</time></trkpt><trkpt lat="47.526792" lon="-120.715331"><ele>840.0</ele><time>2022-08-21T03:00:22Z</time></trkpt><trkpt lat="47.526847" lon="-120.715292"><ele>840.0</ele><time>2022-08-21T03:00:26Z</time></trkpt><trkpt lat="47.526868" lon="-120.715263"><ele>840.0</ele><time>2022-08-21T03:00:29Z</time></trkpt><trkpt lat="47.526881" lon="-120.715219"><ele>840.0</ele><time>2022-08-21T03:00:32Z</time></trkpt><trkpt lat="47.526931" lon="-120.715179"><ele>838.0</ele><time>2022-08-21T03:00:37Z</time></trkpt><trkpt lat="47.526961" lon="-120.715139"><ele>837.0</ele><time>2022-08-21T03:00:40Z</time></trkpt><trkpt lat="47.527009" lon="-120.715139"><ele>836.0</ele><time>2022-08-21T03:00:44Z</time></trkpt><trkpt lat="47.527041" lon="-120.715112"><ele>837.0</ele><time>2022-08-21T03:00:47Z</time></trkpt><trkpt lat="47.527116" lon="-120.715123"><ele>837.0</ele><time>2022-08-21T03:01:00Z</time></trkpt><trkpt lat="47.527234" lon="-120.71512"><ele>838.0</ele><time>2022-08-21T03:01:14Z</time></trkpt><trkpt lat="47.527304" lon="-120.71508"><ele>835.0</ele><time>2022-08-21T03:01:21Z</time></trkpt><trkpt lat="47.527374" lon="-120.715086"><ele>836.0</ele><time>2022-08-21T03:01:28Z</time></trkpt><trkpt lat="47.527553" lon="-120.714925"><ele>834.0</ele><time>2022-08-21T03:01:46Z</time></trkpt><trkpt lat="47.527612" lon="-120.714883"><ele>836.0</ele><time>2022-08-21T03:01:50Z</time></trkpt><trkpt lat="47.527653" lon="-120.714821"><ele>835.0</ele><time>2022-08-21T03:01:54Z</time></trkpt><trkpt lat="47.527704" lon="-120.714783"><ele>836.0</ele><time>2022-08-21T03:01:58Z</time></trkpt><trkpt lat="47.527744" lon="-120.714723"><ele>836.0</ele><time>2022-08-21T03:02:02Z</time></trkpt><trkpt lat="47.527778" lon="-120.714708"><ele>834.0</ele><time>2022-08-21T03:02:05Z</time></trkpt><trkpt lat="47.527858" lon="-120.714702"><ele>834.0</ele><time>2022-08-21T03:02:11Z</time></trkpt><trkpt lat="47.527924" lon="-120.714678"><ele>834.0</ele><time>2022-08-21T03:02:17Z</time></trkpt><trkpt lat="47.52795" lon="-120.714693"><ele>835.0</ele><time>2022-08-21T03:02:19Z</time></trkpt><trkpt lat="47.527988" lon="-120.714645"><ele>830.0</ele><time>2022-08-21T03:02:30Z</time></trkpt><trkpt lat="47.528062" lon="-120.71462"><ele>832.0</ele><time>2022-08-21T03:02:38Z</time></trkpt><trkpt lat="47.528159" lon="-120.714514"><ele>831.0</ele><time>2022-08-21T03:02:50Z</time></trkpt><trkpt lat="47.528198" lon="-120.714416"><ele>831.0</ele><time>2022-08-21T03:02:58Z</time></trkpt><trkpt lat="47.528285" lon="-120.714296"><ele>833.0</ele><time>2022-08-21T03:03:08Z</time></trkpt><trkpt lat="47.528368" lon="-120.714223"><ele>831.0</ele><time>2022-08-21T03:03:18Z</time></trkpt><trkpt lat="47.528379" lon="-120.71418"><ele>832.0</ele><time>2022-08-21T03:03:22Z</time></trkpt><trkpt lat="47.528416" lon="-120.714118"><ele>831.0</ele><time>2022-08-21T03:03:28Z</time></trkpt><trkpt lat="47.528452" lon="-120.714105"><ele>831.0</ele><time>2022-08-21T03:03:31Z</time></trkpt><trkpt lat="47.528535" lon="-120.714046"><ele>834.0</ele><time>2022-08-21T03:03:38Z</time></trkpt><trkpt lat="47.528606" lon="-120.713963"><ele>832.0</ele><time>2022-08-21T03:03:46Z</time></trkpt><trkpt lat="47.528673" lon="-120.713933"><ele>831.0</ele><time>2022-08-21T03:03:53Z</time></trkpt><trkpt lat="47.528744" lon="-120.713922"><ele>832.0</ele><time>2022-08-21T03:03:58Z</time></trkpt><trkpt lat="47.528819" lon="-120.713822"><ele>828.0</ele><time>2022-08-21T03:04:09Z</time></trkpt><trkpt lat="47.528869" lon="-120.71378"><ele>830.0</ele><time>2022-08-21T03:04:17Z</time></trkpt><trkpt lat="47.529037" lon="-120.713767"><ele>829.0</ele><time>2022-08-21T03:04:33Z</time></trkpt><trkpt lat="47.529102" lon="-120.713738"><ele>828.0</ele><time>2022-08-21T03:04:40Z</time></trkpt><trkpt lat="47.52927" lon="-120.713561"><ele>830.0</ele><time>2022-08-21T03:04:58Z</time></trkpt><trkpt lat="47.529345" lon="-120.713452"><ele>830.0</ele><time>2022-08-21T03:05:06Z</time></trkpt><trkpt lat="47.529367" lon="-120.713341"><ele>831.0</ele><time>2022-08-21T03:05:12Z</time></trkpt><trkpt lat="47.52944" lon="-120.713202"><ele>834.0</ele><time>2022-08-21T03:05:22Z</time></trkpt><trkpt lat="47.529468" lon="-120.713176"><ele>834.0</ele><time>2022-08-21T03:05:25Z</time></trkpt><trkpt lat="47.529527" lon="-120.713153"><ele>834.0</ele><time>2022-08-21T03:05:30Z</time></trkpt><trkpt lat="47.529613" lon="-120.713038"><ele>834.0</ele><time>2022-08-21T03:05:41Z</time></trkpt><trkpt lat="47.529686" lon="-120.712973"><ele>832.0</ele><time>2022-08-21T03:06:03Z</time></trkpt><trkpt lat="47.529771" lon="-120.712875"><ele>832.0</ele><time>2022-08-21T03:06:14Z</time></trkpt><trkpt lat="47.529797" lon="-120.712844"><ele>833.7</ele><time>2022-08-21T03:06:17Z</time></trkpt><trkpt lat="47.52984" lon="-120.71274"><ele>834.0</ele><time>2022-08-21T03:06:24Z</time></trkpt><trkpt lat="47.529931" lon="-120.712638"><ele>834.0</ele><time>2022-08-21T03:06:32Z</time></trkpt><trkpt lat="47.529963" lon="-120.71257"><ele>834.0</ele><time>2022-08-21T03:06:36Z</time></trkpt><trkpt lat="47.529997" lon="-120.712449"><ele>834.0</ele><time>2022-08-21T03:06:42Z</time></trkpt><trkpt lat="47.530011" lon="-120.71231"><ele>834.0</ele><time>2022-08-21T03:06:48Z</time></trkpt><trkpt lat="47.530059" lon="-120.712212"><ele>836.0</ele><time>2022-08-21T03:06:54Z</time></trkpt><trkpt lat="47.530092" lon="-120.712194"><ele>834.0</ele><time>2022-08-21T03:06:56Z</time></trkpt><trkpt lat="47.530117" lon="-120.712163"><ele>835.0</ele><time>2022-08-21T03:06:59Z</time></trkpt><trkpt lat="47.530176" lon="-120.712158"><ele>831.0</ele><time>2022-08-21T03:07:03Z</time></trkpt><trkpt lat="47.530273" lon="-120.71209"><ele>831.0</ele><time>2022-08-21T03:07:12Z</time></trkpt><trkpt lat="47.530305" lon="-120.712083"><ele>831.0</ele><time>2022-08-21T03:07:15Z</time></trkpt><trkpt lat="47.530359" lon="-120.71204"><ele>831.0</ele><time>2022-08-21T03:07:21Z</time></trkpt><trkpt lat="47.53042" lon="-120.712017"><ele>828.0</ele><time>2022-08-21T03:07:27Z</time></trkpt><trkpt lat="47.53048" lon="-120.712032"><ele>830.0</ele><time>2022-08-21T03:07:34Z</time></trkpt><trkpt lat="47.530548" lon="-120.711992"><ele>830.0</ele><time>2022-08-21T03:07:42Z</time></trkpt><trkpt lat="47.530553" lon="-120.71195"><ele>825.0</ele><time>2022-08-21T03:07:47Z</time></trkpt><trkpt lat="47.530647" lon="-120.711885"><ele>822.0</ele><time>2022-08-21T03:08:03Z</time></trkpt><trkpt lat="47.530713" lon="-120.711799"><ele>819.0</ele><time>2022-08-21T03:08:15Z</time></trkpt><trkpt lat="47.530741" lon="-120.711724"><ele>819.0</ele><time>2022-08-21T03:08:22Z</time></trkpt><trkpt lat="47.530763" lon="-120.711693"><ele>816.0</ele><time>2022-08-21T03:08:25Z</time></trkpt><trkpt lat="47.530788" lon="-120.711671"><ele>816.0</ele><time>2022-08-21T03:08:29Z</time></trkpt><trkpt lat="47.530959" lon="-120.711584"><ele>814.0</ele><time>2022-08-21T03:08:49Z</time></trkpt><trkpt lat="47.53106" lon="-120.711431"><ele>813.0</ele><time>2022-08-21T03:09:03Z</time></trkpt><trkpt lat="47.531133" lon="-120.711346"><ele>814.0</ele><time>2022-08-21T03:09:11Z</time></trkpt><trkpt lat="47.531181" lon="-120.711234"><ele>813.0</ele><time>2022-08-21T03:09:19Z</time></trkpt><trkpt lat="47.531296" lon="-120.711096"><ele>812.0</ele><time>2022-08-21T03:09:33Z</time></trkpt><trkpt lat="47.531368" lon="-120.710964"><ele>812.0</ele><time>2022-08-21T03:09:45Z</time></trkpt><trkpt lat="47.531395" lon="-120.710941"><ele>812.0</ele><time>2022-08-21T03:09:48Z</time></trkpt><trkpt lat="47.531441" lon="-120.710875"><ele>812.0</ele><time>2022-08-21T03:09:54Z</time></trkpt><trkpt lat="47.531551" lon="-120.710774"><ele>812.0</ele><time>2022-08-21T03:10:10Z</time></trkpt><trkpt lat="47.531631" lon="-120.710724"><ele>808.0</ele><time>2022-08-21T03:10:24Z</time></trkpt><trkpt lat="47.53168" lon="-120.710595"><ele>807.0</ele><time>2022-08-21T03:10:38Z</time></trkpt><trkpt lat="47.531727" lon="-120.710519"><ele>808.0</ele><time>2022-08-21T03:10:45Z</time></trkpt><trkpt lat="47.531749" lon="-120.710453"><ele>806.0</ele><time>2022-08-21T03:10:54Z</time></trkpt><trkpt lat="47.531858" lon="-120.710293"><ele>804.0</ele><time>2022-08-21T03:11:13Z</time></trkpt><trkpt lat="47.531952" lon="-120.710104"><ele>800.0</ele><time>2022-08-21T03:11:35Z</time></trkpt><trkpt lat="47.531995" lon="-120.710054"><ele>799.0</ele><time>2022-08-21T03:11:42Z</time></trkpt><trkpt lat="47.532051" lon="-120.709964"><ele>796.0</ele><time>2022-08-21T03:11:53Z</time></trkpt><trkpt lat="47.532217" lon="-120.70986"><ele>792.0</ele><time>2022-08-21T03:12:16Z</time></trkpt><trkpt lat="47.532329" lon="-120.709833"><ele>792.0</ele><time>2022-08-21T03:12:29Z</time></trkpt><trkpt lat="47.53254" lon="-120.709729"><ele>789.9</ele><time>2022-08-21T03:12:59Z</time></trkpt><trkpt lat="47.532585" lon="-120.70968"><ele>788.0</ele><time>2022-08-21T03:13:04Z</time></trkpt><trkpt lat="47.532726" lon="-120.709577"><ele>786.0</ele><time>2022-08-21T03:13:22Z</time></trkpt><trkpt lat="47.532794" lon="-120.709545"><ele>786.0</ele><time>2022-08-21T03:13:29Z</time></trkpt><trkpt lat="47.532869" lon="-120.709481"><ele>785.0</ele><time>2022-08-21T03:13:40Z</time></trkpt><trkpt lat="47.532877" lon="-120.709452"><ele>785.0</ele><time>2022-08-21T03:13:43Z</time></trkpt><trkpt lat="47.532923" lon="-120.709422"><ele>784.0</ele><time>2022-08-21T03:13:49Z</time></trkpt><trkpt lat="47.532958" lon="-120.70945"><ele>784.0</ele><time>2022-08-21T03:13:53Z</time></trkpt><trkpt lat="47.533023" lon="-120.709418"><ele>783.0</ele><time>2022-08-21T03:14:02Z</time></trkpt><trkpt lat="47.533119" lon="-120.709389"><ele>780.0</ele><time>2022-08-21T03:14:14Z</time></trkpt><trkpt lat="47.533226" lon="-120.709377"><ele>780.0</ele><time>2022-08-21T03:14:25Z</time></trkpt><trkpt lat="47.533335" lon="-120.709318"><ele>779.0</ele><time>2022-08-21T03:14:38Z</time></trkpt><trkpt lat="47.53339" lon="-120.709272"><ele>778.0</ele><time>2022-08-21T03:14:46Z</time></trkpt><trkpt lat="47.533466" lon="-120.709243"><ele>776.0</ele><time>2022-08-21T03:14:56Z</time></trkpt><trkpt lat="47.533523" lon="-120.709163"><ele>775.0</ele><time>2022-08-21T03:15:08Z</time></trkpt><trkpt lat="47.533648" lon="-120.709042"><ele>775.0</ele><time>2022-08-21T03:15:28Z</time></trkpt><trkpt lat="47.533681" lon="-120.709022"><ele>774.0</ele><time>2022-08-21T03:15:30Z</time></trkpt><trkpt lat="47.53379" lon="-120.708868"><ele>772.0</ele><time>2022-08-21T03:15:45Z</time></trkpt><trkpt lat="47.533875" lon="-120.708809"><ele>770.0</ele><time>2022-08-21T03:15:56Z</time></trkpt><trkpt lat="47.533912" lon="-120.708805"><ele>770.0</ele><time>2022-08-21T03:15:59Z</time></trkpt><trkpt lat="47.533961" lon="-120.708768"><ele>768.0</ele><time>2022-08-21T03:16:03Z</time></trkpt><trkpt lat="47.534042" lon="-120.708742"><ele>768.0</ele><time>2022-08-21T03:16:10Z</time></trkpt><trkpt lat="47.534079" lon="-120.708714"><ele>768.8</ele><time>2022-08-21T03:16:13Z</time></trkpt><trkpt lat="47.534132" lon="-120.7087"><ele>768.0</ele><time>2022-08-21T03:16:17Z</time></trkpt><trkpt lat="47.534153" lon="-120.708674"><ele>769.0</ele><time>2022-08-21T03:16:19Z</time></trkpt><trkpt lat="47.534215" lon="-120.708644"><ele>768.0</ele><time>2022-08-21T03:16:24Z</time></trkpt><trkpt lat="47.534265" lon="-120.708598"><ele>767.0</ele><time>2022-08-21T03:16:32Z</time></trkpt><trkpt lat="47.534341" lon="-120.708481"><ele>765.0</ele><time>2022-08-21T03:16:44Z</time></trkpt><trkpt lat="47.53439" lon="-120.708483"><ele>765.0</ele><time>2022-08-21T03:16:47Z</time></trkpt><trkpt lat="47.534493" lon="-120.7084"><ele>764.0</ele><time>2022-08-21T03:16:59Z</time></trkpt><trkpt lat="47.534524" lon="-120.708389"><ele>764.0</ele><time>2022-08-21T03:17:02Z</time></trkpt><trkpt lat="47.534576" lon="-120.708354"><ele>765.0</ele><time>2022-08-21T03:17:09Z</time></trkpt><trkpt lat="47.534728" lon="-120.708353"><ele>762.0</ele><time>2022-08-21T03:17:23Z</time></trkpt><trkpt lat="47.534754" lon="-120.708323"><ele>760.0</ele><time>2022-08-21T03:17:27Z</time></trkpt><trkpt lat="47.534793" lon="-120.708306"><ele>759.0</ele><time>2022-08-21T03:17:30Z</time></trkpt><trkpt lat="47.534976" lon="-120.708254"><ele>759.0</ele><time>2022-08-21T03:17:44Z</time></trkpt><trkpt lat="47.53517" lon="-120.708154"><ele>755.0</ele><time>2022-08-21T03:18:05Z</time></trkpt><trkpt lat="47.535226" lon="-120.708073"><ele>750.0</ele><time>2022-08-21T03:18:16Z</time></trkpt><trkpt lat="47.535259" lon="-120.708065"><ele>749.0</ele><time>2022-08-21T03:18:21Z</time></trkpt><trkpt lat="47.535323" lon="-120.708082"><ele>750.0</ele><time>2022-08-21T03:18:27Z</time></trkpt><trkpt lat="47.535457" lon="-120.708087"><ele>746.0</ele><time>2022-08-21T03:18:39Z</time></trkpt><trkpt lat="47.535554" lon="-120.708108"><ele>744.0</ele><time>2022-08-21T03:18:48Z</time></trkpt><trkpt lat="47.535759" lon="-120.708103"><ele>741.0</ele><time>2022-08-21T03:19:11Z</time></trkpt><trkpt lat="47.535783" lon="-120.70808"><ele>742.0</ele><time>2022-08-21T03:19:16Z</time></trkpt><trkpt lat="47.535814" lon="-120.708081"><ele>738.0</ele><time>2022-08-21T03:19:22Z</time></trkpt><trkpt lat="47.535865" lon="-120.708055"><ele>738.0</ele><time>2022-08-21T03:19:29Z</time></trkpt><trkpt lat="47.535948" lon="-120.708044"><ele>736.0</ele><time>2022-08-21T03:19:43Z</time></trkpt><trkpt lat="47.535938" lon="-120.708077"><ele>736.0</ele><time>2022-08-21T03:19:46Z</time></trkpt><trkpt lat="47.535881" lon="-120.708107"><ele>735.0</ele><time>2022-08-21T03:19:51Z</time></trkpt><trkpt lat="47.535842" lon="-120.708182"><ele>734.0</ele><time>2022-08-21T03:19:57Z</time></trkpt><trkpt lat="47.535744" lon="-120.708323"><ele>732.0</ele><time>2022-08-21T03:20:09Z</time></trkpt><trkpt lat="47.53547" lon="-120.708491"><ele>723.0</ele><time>2022-08-21T03:20:45Z</time></trkpt><trkpt lat="47.535465" lon="-120.708532"><ele>723.0</ele><time>2022-08-21T03:20:48Z</time></trkpt><trkpt lat="47.535556" lon="-120.70852"><ele>723.0</ele><time>2022-08-21T03:20:56Z</time></trkpt><trkpt lat="47.53562" lon="-120.708541"><ele>721.0</ele><time>2022-08-21T03:21:02Z</time></trkpt><trkpt lat="47.535655" lon="-120.708541"><ele>721.0</ele><time>2022-08-21T03:21:05Z</time></trkpt><trkpt lat="47.535787" lon="-120.708611"><ele>720.0</ele><time>2022-08-21T03:21:39Z</time></trkpt><trkpt lat="47.535822" lon="-120.708604"><ele>720.0</ele><time>2022-08-21T03:21:43Z</time></trkpt><trkpt lat="47.535884" lon="-120.708559"><ele>720.0</ele><time>2022-08-21T03:21:51Z</time></trkpt><trkpt lat="47.535994" lon="-120.708575"><ele>718.0</ele><time>2022-08-21T03:22:01Z</time></trkpt><trkpt lat="47.536157" lon="-120.708513"><ele>714.0</ele><time>2022-08-21T03:22:17Z</time></trkpt><trkpt lat="47.536181" lon="-120.708478"><ele>714.0</ele><time>2022-08-21T03:22:20Z</time></trkpt><trkpt lat="47.536185" lon="-120.708523"><ele>711.0</ele><time>2022-08-21T03:22:24Z</time></trkpt><trkpt lat="47.536108" lon="-120.708674"><ele>712.0</ele><time>2022-08-21T03:22:33Z</time></trkpt><trkpt lat="47.536065" lon="-120.708725"><ele>710.0</ele><time>2022-08-21T03:22:39Z</time></trkpt><trkpt lat="47.535999" lon="-120.708832"><ele>706.0</ele><time>2022-08-21T03:22:45Z</time></trkpt><trkpt lat="47.535963" lon="-120.708866"><ele>705.0</ele><time>2022-08-21T03:22:48Z</time></trkpt><trkpt lat="47.535893" lon="-120.708887"><ele>702.0</ele><time>2022-08-21T03:22:54Z</time></trkpt><trkpt lat="47.535891" lon="-120.708938"><ele>702.0</ele><time>2022-08-21T03:22:56Z</time></trkpt><trkpt lat="47.536002" lon="-120.708908"><ele>702.0</ele><time>2022-08-21T03:23:03Z</time></trkpt><trkpt lat="47.536176" lon="-120.70883"><ele>702.0</ele><time>2022-08-21T03:23:14Z</time></trkpt><trkpt lat="47.536283" lon="-120.708801"><ele>699.0</ele><time>2022-08-21T03:23:22Z</time></trkpt><trkpt lat="47.536334" lon="-120.708753"><ele>699.0</ele><time>2022-08-21T03:23:27Z</time></trkpt><trkpt lat="47.536473" lon="-120.708668"><ele>700.0</ele><time>2022-08-21T03:23:41Z</time></trkpt><trkpt lat="47.536566" lon="-120.708649"><ele>695.0</ele><time>2022-08-21T03:23:51Z</time></trkpt><trkpt lat="47.536627" lon="-120.708617"><ele>698.0</ele><time>2022-08-21T03:23:57Z</time></trkpt><trkpt lat="47.536719" lon="-120.708632"><ele>698.0</ele><time>2022-08-21T03:24:04Z</time></trkpt><trkpt lat="47.536828" lon="-120.708602"><ele>695.0</ele><time>2022-08-21T03:24:13Z</time></trkpt><trkpt lat="47.537005" lon="-120.708629"><ele>690.0</ele><time>2022-08-21T03:24:31Z</time></trkpt><trkpt lat="47.537052" lon="-120.708603"><ele>690.0</ele><time>2022-08-21T03:24:35Z</time></trkpt><trkpt lat="47.537123" lon="-120.708603"><ele>693.0</ele><time>2022-08-21T03:24:41Z</time></trkpt><trkpt lat="47.537159" lon="-120.708593"><ele>692.0</ele><time>2022-08-21T03:24:45Z</time></trkpt><trkpt lat="47.53728" lon="-120.708529"><ele>684.0</ele><time>2022-08-21T03:25:11Z</time></trkpt><trkpt lat="47.537366" lon="-120.708508"><ele>682.0</ele><time>2022-08-21T03:25:22Z</time></trkpt><trkpt lat="47.537432" lon="-120.708505"><ele>680.0</ele><time>2022-08-21T03:25:30Z</time></trkpt><trkpt lat="47.537464" lon="-120.708477"><ele>680.0</ele><time>2022-08-21T03:25:35Z</time></trkpt><trkpt lat="47.537549" lon="-120.708434"><ele>681.0</ele><time>2022-08-21T03:25:48Z</time></trkpt><trkpt lat="47.537573" lon="-120.708407"><ele>681.0</ele><time>2022-08-21T03:25:51Z</time></trkpt><trkpt lat="47.537681" lon="-120.708384"><ele>678.0</ele><time>2022-08-21T03:26:04Z</time></trkpt><trkpt lat="47.53779" lon="-120.708327"><ele>673.0</ele><time>2022-08-21T03:26:18Z</time></trkpt><trkpt lat="47.537853" lon="-120.708327"><ele>672.0</ele><time>2022-08-21T03:26:24Z</time></trkpt><trkpt lat="47.538014" lon="-120.708294"><ele>669.0</ele><time>2022-08-21T03:26:44Z</time></trkpt><trkpt lat="47.538072" lon="-120.708306"><ele>668.0</ele><time>2022-08-21T03:26:49Z</time></trkpt><trkpt lat="47.538153" lon="-120.70829"><ele>666.0</ele><time>2022-08-21T03:26:59Z</time></trkpt><trkpt lat="47.538184" lon="-120.70827"><ele>666.0</ele><time>2022-08-21T03:27:01Z</time></trkpt><trkpt lat="47.538237" lon="-120.708202"><ele>666.0</ele><time>2022-08-21T03:27:09Z</time></trkpt><trkpt lat="47.538297" lon="-120.708154"><ele>665.0</ele><time>2022-08-21T03:27:21Z</time></trkpt><trkpt lat="47.538432" lon="-120.707969"><ele>665.0</ele><time>2022-08-21T03:27:40Z</time></trkpt><trkpt lat="47.538587" lon="-120.707942"><ele>660.0</ele><time>2022-08-21T03:27:59Z</time></trkpt><trkpt lat="47.538692" lon="-120.707889"><ele>659.0</ele><time>2022-08-21T03:28:12Z</time></trkpt><trkpt lat="47.538801" lon="-120.707746"><ele>657.0</ele><time>2022-08-21T03:28:27Z</time></trkpt><trkpt lat="47.538829" lon="-120.707668"><ele>659.9</ele><time>2022-08-21T03:28:32Z</time></trkpt><trkpt lat="47.538847" lon="-120.707552"><ele>657.0</ele><time>2022-08-21T03:28:38Z</time></trkpt><trkpt lat="47.538865" lon="-120.707523"><ele>656.0</ele><time>2022-08-21T03:28:42Z</time></trkpt><trkpt lat="47.538886" lon="-120.707448"><ele>654.0</ele><time>2022-08-21T03:28:48Z</time></trkpt><trkpt lat="47.53892" lon="-120.707386"><ele>653.0</ele><time>2022-08-21T03:28:55Z</time></trkpt><trkpt lat="47.539017" lon="-120.707298"><ele>653.0</ele><time>2022-08-21T03:29:05Z</time></trkpt><trkpt lat="47.539023" lon="-120.707261"><ele>652.0</ele><time>2022-08-21T03:29:09Z</time></trkpt><trkpt lat="47.539107" lon="-120.707158"><ele>650.0</ele><time>2022-08-21T03:29:19Z</time></trkpt><trkpt lat="47.539274" lon="-120.707005"><ele>650.0</ele><time>2022-08-21T03:29:39Z</time></trkpt><trkpt lat="47.539337" lon="-120.706898"><ele>644.0</ele><time>2022-08-21T03:29:50Z</time></trkpt><trkpt lat="47.539364" lon="-120.706917"><ele>645.0</ele><time>2022-08-21T03:29:58Z</time></trkpt><trkpt lat="47.539358" lon="-120.70696"><ele>644.0</ele><time>2022-08-21T03:30:01Z</time></trkpt><trkpt lat="47.539324" lon="-120.707021"><ele>644.0</ele><time>2022-08-21T03:30:05Z</time></trkpt><trkpt lat="47.539269" lon="-120.707271"><ele>642.0</ele><time>2022-08-21T03:30:23Z</time></trkpt><trkpt lat="47.539257" lon="-120.707391"><ele>642.0</ele><time>2022-08-21T03:30:29Z</time></trkpt><trkpt lat="47.53926" lon="-120.707506"><ele>643.0</ele><time>2022-08-21T03:30:35Z</time></trkpt><trkpt lat="47.53929" lon="-120.707561"><ele>640.0</ele><time>2022-08-21T03:30:42Z</time></trkpt><trkpt lat="47.539348" lon="-120.707613"><ele>640.0</ele><time>2022-08-21T03:30:51Z</time></trkpt><trkpt lat="47.539378" lon="-120.707676"><ele>638.0</ele><time>2022-08-21T03:30:57Z</time></trkpt><trkpt lat="47.539389" lon="-120.707829"><ele>636.0</ele><time>2022-08-21T03:31:14Z</time></trkpt><trkpt lat="47.539319" lon="-120.70795"><ele>633.0</ele><time>2022-08-21T03:31:24Z</time></trkpt><trkpt lat="47.539311" lon="-120.707988"><ele>631.0</ele><time>2022-08-21T03:31:28Z</time></trkpt><trkpt lat="47.539312" lon="-120.708094"><ele>630.0</ele><time>2022-08-21T03:31:35Z</time></trkpt><trkpt lat="47.539325" lon="-120.708163"><ele>630.0</ele><time>2022-08-21T03:31:40Z</time></trkpt><trkpt lat="47.53927" lon="-120.708237"><ele>631.0</ele><time>2022-08-21T03:31:50Z</time></trkpt><trkpt lat="47.539151" lon="-120.708295"><ele>627.0</ele><time>2022-08-21T03:32:02Z</time></trkpt><trkpt lat="47.539149" lon="-120.708333"><ele>627.0</ele><time>2022-08-21T03:32:04Z</time></trkpt><trkpt lat="47.539349" lon="-120.708344"><ele>621.0</ele><time>2022-08-21T03:32:26Z</time></trkpt><trkpt lat="47.539387" lon="-120.708335"><ele>620.0</ele><time>2022-08-21T03:32:30Z</time></trkpt><trkpt lat="47.539456" lon="-120.708348"><ele>620.0</ele><time>2022-08-21T03:32:37Z</time></trkpt><trkpt lat="47.539441" lon="-120.70839"><ele>621.2</ele><time>2022-08-21T03:33:18Z</time></trkpt><trkpt lat="47.539471" lon="-120.708351"><ele>619.0</ele><time>2022-08-21T03:33:21Z</time></trkpt><trkpt lat="47.539545" lon="-120.708335"><ele>618.0</ele><time>2022-08-21T03:33:25Z</time></trkpt><trkpt lat="47.53959" lon="-120.708308"><ele>619.0</ele><time>2022-08-21T03:33:30Z</time></trkpt><trkpt lat="47.539622" lon="-120.708302"><ele>618.0</ele><time>2022-08-21T03:33:33Z</time></trkpt><trkpt lat="47.539648" lon="-120.708277"><ele>619.0</ele><time>2022-08-21T03:33:35Z</time></trkpt><trkpt lat="47.539656" lon="-120.708246"><ele>618.0</ele><time>2022-08-21T03:33:37Z</time></trkpt><trkpt lat="47.539641" lon="-120.708182"><ele>618.0</ele><time>2022-08-21T03:34:18Z</time></trkpt><trkpt lat="47.539645" lon="-120.708134"><ele>617.0</ele><time>2022-08-21T03:34:38Z</time></trkpt><trkpt lat="47.539717" lon="-120.708231"><ele>616.0</ele><time>2022-08-21T03:34:51Z</time></trkpt><trkpt lat="47.539765" lon="-120.708278"><ele>615.0</ele><time>2022-08-21T03:34:57Z</time></trkpt><trkpt lat="47.539776" lon="-120.708315"><ele>615.0</ele><time>2022-08-21T03:35:00Z</time></trkpt><trkpt lat="47.539776" lon="-120.708357"><ele>612.0</ele><time>2022-08-21T03:35:03Z</time></trkpt><trkpt lat="47.539752" lon="-120.708386"><ele>614.0</ele><time>2022-08-21T03:35:05Z</time></trkpt><trkpt lat="47.539625" lon="-120.708518"><ele>608.0</ele><time>2022-08-21T03:35:22Z</time></trkpt><trkpt lat="47.539563" lon="-120.708564"><ele>609.0</ele><time>2022-08-21T03:35:28Z</time></trkpt><trkpt lat="47.539498" lon="-120.70859"><ele>609.0</ele><time>2022-08-21T03:35:34Z</time></trkpt><trkpt lat="47.539446" lon="-120.708647"><ele>608.0</ele><time>2022-08-21T03:35:41Z</time></trkpt><trkpt lat="47.539417" lon="-120.708663"><ele>606.0</ele><time>2022-08-21T03:35:45Z</time></trkpt><trkpt lat="47.539414" lon="-120.708703"><ele>606.0</ele><time>2022-08-21T03:35:48Z</time></trkpt><trkpt lat="47.539583" lon="-120.708655"><ele>604.0</ele><time>2022-08-21T03:36:01Z</time></trkpt><trkpt lat="47.5398" lon="-120.708636"><ele>602.0</ele><time>2022-08-21T03:36:20Z</time></trkpt><trkpt lat="47.539975" lon="-120.708655"><ele>600.0</ele><time>2022-08-21T03:36:34Z</time></trkpt><trkpt lat="47.540048" lon="-120.708645"><ele>597.0</ele><time>2022-08-21T03:36:40Z</time></trkpt><trkpt lat="47.540086" lon="-120.708649"><ele>597.0</ele><time>2022-08-21T03:36:43Z</time></trkpt><trkpt lat="47.540114" lon="-120.708664"><ele>598.0</ele><time>2022-08-21T03:36:45Z</time></trkpt><trkpt lat="47.540223" lon="-120.708647"><ele>597.0</ele><time>2022-08-21T03:36:55Z</time></trkpt><trkpt lat="47.540258" lon="-120.708651"><ele>597.0</ele><time>2022-08-21T03:36:58Z</time></trkpt><trkpt lat="47.540295" lon="-120.70864"><ele>595.0</ele><time>2022-08-21T03:37:01Z</time></trkpt><trkpt lat="47.540318" lon="-120.708613"><ele>596.0</ele><time>2022-08-21T03:37:04Z</time></trkpt><trkpt lat="47.540315" lon="-120.708567"><ele>596.0</ele><time>2022-08-21T03:37:06Z</time></trkpt><trkpt lat="47.540241" lon="-120.708402"><ele>591.0</ele><time>2022-08-21T03:37:18Z</time></trkpt><trkpt lat="47.540288" lon="-120.708476"><ele>588.0</ele><time>2022-08-21T03:37:26Z</time></trkpt><trkpt lat="47.540389" lon="-120.70857"><ele>588.0</ele><time>2022-08-21T03:37:35Z</time></trkpt><trkpt lat="47.540481" lon="-120.708716"><ele>585.0</ele><time>2022-08-21T03:37:47Z</time></trkpt><trkpt lat="47.540477" lon="-120.708755"><ele>584.0</ele><time>2022-08-21T03:37:49Z</time></trkpt><trkpt lat="47.540241" lon="-120.708937"><ele>582.0</ele><time>2022-08-21T03:38:13Z</time></trkpt><trkpt lat="47.540076" lon="-120.709006"><ele>580.0</ele><time>2022-08-21T03:38:26Z</time></trkpt><trkpt lat="47.540109" lon="-120.709029"><ele>577.0</ele><time>2022-08-21T03:38:33Z</time></trkpt><trkpt lat="47.540181" lon="-120.709035"><ele>579.0</ele><time>2022-08-21T03:38:47Z</time></trkpt><trkpt lat="47.540241" lon="-120.709055"><ele>576.0</ele><time>2022-08-21T03:38:53Z</time></trkpt><trkpt lat="47.540372" lon="-120.709077"><ele>576.0</ele><time>2022-08-21T03:39:06Z</time></trkpt><trkpt lat="47.54053" lon="-120.709038"><ele>573.0</ele><time>2022-08-21T03:39:21Z</time></trkpt><trkpt lat="47.540675" lon="-120.709037"><ele>570.0</ele><time>2022-08-21T03:39:35Z</time></trkpt><trkpt lat="47.540906" lon="-120.708958"><ele>564.0</ele><time>2022-08-21T03:39:56Z</time></trkpt><trkpt lat="47.540987" lon="-120.708914"><ele>564.1</ele><time>2022-08-21T03:40:06Z</time></trkpt><trkpt lat="47.541002" lon="-120.708898"><ele>563.0</ele><time>2022-08-21T03:40:08Z</time></trkpt><trkpt lat="47.541021" lon="-120.708829"><ele>561.0</ele><time>2022-08-21T03:40:14Z</time></trkpt><trkpt lat="47.540993" lon="-120.708767"><ele>561.0</ele><time>2022-08-21T03:40:19Z</time></trkpt><trkpt lat="47.540951" lon="-120.708591"><ele>558.0</ele><time>2022-08-21T03:40:33Z</time></trkpt><trkpt lat="47.541009" lon="-120.708666"><ele>558.0</ele><time>2022-08-21T03:40:43Z</time></trkpt><trkpt lat="47.541041" lon="-120.708732"><ele>557.0</ele><time>2022-08-21T03:40:48Z</time></trkpt><trkpt lat="47.541126" lon="-120.708857"><ele>556.3</ele><time>2022-08-21T03:40:59Z</time></trkpt><trkpt lat="47.541133" lon="-120.708927"><ele>556.0</ele><time>2022-08-21T03:41:03Z</time></trkpt><trkpt lat="47.541117" lon="-120.708985"><ele>552.0</ele><time>2022-08-21T03:41:07Z</time></trkpt><trkpt lat="47.541041" lon="-120.709113"><ele>552.0</ele><time>2022-08-21T03:41:18Z</time></trkpt><trkpt lat="47.540949" lon="-120.709215"><ele>552.0</ele><time>2022-08-21T03:41:30Z</time></trkpt><trkpt lat="47.540887" lon="-120.709303"><ele>552.0</ele><time>2022-08-21T03:41:39Z</time></trkpt><trkpt lat="47.54084" lon="-120.709339"><ele>550.0</ele><time>2022-08-21T03:41:45Z</time></trkpt><trkpt lat="47.540793" lon="-120.709361"><ele>547.0</ele><time>2022-08-21T03:41:52Z</time></trkpt><trkpt lat="47.540709" lon="-120.709476"><ele>544.0</ele><time>2022-08-21T03:42:06Z</time></trkpt><trkpt lat="47.540628" lon="-120.709656"><ele>546.0</ele><time>2022-08-21T03:43:54Z</time></trkpt><trkpt lat="47.540577" lon="-120.709709"><ele>544.0</ele><time>2022-08-21T03:44:06Z</time></trkpt><trkpt lat="47.540548" lon="-120.709769"><ele>544.0</ele><time>2022-08-21T03:44:10Z</time></trkpt><trkpt lat="47.540447" lon="-120.70986"><ele>542.0</ele><time>2022-08-21T03:44:22Z</time></trkpt><trkpt lat="47.540398" lon="-120.709935"><ele>542.0</ele><time>2022-08-21T03:44:29Z</time></trkpt><trkpt lat="47.54029" lon="-120.710028"><ele>540.0</ele><time>2022-08-21T03:44:41Z</time></trkpt><trkpt lat="47.540254" lon="-120.710082"><ele>540.0</ele><time>2022-08-21T03:44:49Z</time></trkpt><trkpt lat="47.540188" lon="-120.710253"><ele>536.0</ele><time>2022-08-21T03:45:06Z</time></trkpt><trkpt lat="47.540218" lon="-120.710268"><ele>536.0</ele><time>2022-08-21T03:45:09Z</time></trkpt><trkpt lat="47.540247" lon="-120.710245"><ele>535.0</ele><time>2022-08-21T03:45:11Z</time></trkpt><trkpt lat="47.540352" lon="-120.710198"><ele>532.0</ele><time>2022-08-21T03:45:24Z</time></trkpt><trkpt lat="47.54042" lon="-120.710185"><ele>532.0</ele><time>2022-08-21T03:45:31Z</time></trkpt><trkpt lat="47.540529" lon="-120.710191"><ele>530.0</ele><time>2022-08-21T03:46:28Z</time></trkpt><trkpt lat="47.54062" lon="-120.710165"><ele>528.0</ele><time>2022-08-21T03:46:40Z</time></trkpt><trkpt lat="47.540731" lon="-120.710103"><ele>528.0</ele><time>2022-08-21T03:46:51Z</time></trkpt><trkpt lat="47.540767" lon="-120.710095"><ele>527.0</ele><time>2022-08-21T03:46:55Z</time></trkpt><trkpt lat="47.540865" lon="-120.709978"><ele>526.0</ele><time>2022-08-21T03:47:10Z</time></trkpt><trkpt lat="47.540967" lon="-120.709884"><ele>522.0</ele><time>2022-08-21T03:47:24Z</time></trkpt><trkpt lat="47.541036" lon="-120.709771"><ele>522.0</ele><time>2022-08-21T03:47:40Z</time></trkpt><trkpt lat="47.540991" lon="-120.709902"><ele>520.0</ele><time>2022-08-21T03:47:50Z</time></trkpt><trkpt lat="47.540944" lon="-120.710105"><ele>516.0</ele><time>2022-08-21T03:48:10Z</time></trkpt><trkpt lat="47.540981" lon="-120.710264"><ele>510.0</ele><time>2022-08-21T03:48:29Z</time></trkpt><trkpt lat="47.541005" lon="-120.710257"><ele>510.0</ele><time>2022-08-21T03:48:34Z</time></trkpt><trkpt lat="47.541017" lon="-120.710183"><ele>513.0</ele><time>2022-08-21T03:48:45Z</time></trkpt><trkpt lat="47.541059" lon="-120.710051"><ele>512.0</ele><time>2022-08-21T03:48:57Z</time></trkpt><trkpt lat="47.541121" lon="-120.709948"><ele>510.0</ele><time>2022-08-21T03:49:06Z</time></trkpt><trkpt lat="47.541245" lon="-120.709838"><ele>504.0</ele><time>2022-08-21T03:49:30Z</time></trkpt><trkpt lat="47.541196" lon="-120.709962"><ele>505.0</ele><time>2022-08-21T03:49:47Z</time></trkpt><trkpt lat="47.541176" lon="-120.710058"><ele>500.0</ele><time>2022-08-21T03:49:59Z</time></trkpt><trkpt lat="47.541173" lon="-120.710159"><ele>501.0</ele><time>2022-08-21T03:50:14Z</time></trkpt><trkpt lat="47.541192" lon="-120.710197"><ele>501.0</ele><time>2022-08-21T03:50:25Z</time></trkpt><trkpt lat="47.541223" lon="-120.710202"><ele>499.0</ele><time>2022-08-21T03:50:29Z</time></trkpt><trkpt lat="47.541352" lon="-120.709982"><ele>496.0</ele><time>2022-08-21T03:51:02Z</time></trkpt><trkpt lat="47.541326" lon="-120.710078"><ele>495.0</ele><time>2022-08-21T03:51:14Z</time></trkpt><trkpt lat="47.541311" lon="-120.710189"><ele>492.0</ele><time>2022-08-21T03:51:25Z</time></trkpt><trkpt lat="47.541316" lon="-120.71028"><ele>492.0</ele><time>2022-08-21T03:51:36Z</time></trkpt><trkpt lat="47.541327" lon="-120.710313"><ele>490.0</ele><time>2022-08-21T03:51:40Z</time></trkpt><trkpt lat="47.541422" lon="-120.710186"><ele>486.0</ele><time>2022-08-21T03:52:04Z</time></trkpt><trkpt lat="47.541446" lon="-120.710101"><ele>488.0</ele><time>2022-08-21T03:52:20Z</time></trkpt><trkpt lat="47.541474" lon="-120.710079"><ele>488.0</ele><time>2022-08-21T03:52:25Z</time></trkpt><trkpt lat="47.541478" lon="-120.710108"><ele>487.0</ele><time>2022-08-21T03:52:28Z</time></trkpt><trkpt lat="47.541443" lon="-120.710182"><ele>484.0</ele><time>2022-08-21T03:52:35Z</time></trkpt><trkpt lat="47.541458" lon="-120.710273"><ele>486.0</ele><time>2022-08-21T03:52:47Z</time></trkpt><trkpt lat="47.541439" lon="-120.710416"><ele>480.0</ele><time>2022-08-21T03:53:02Z</time></trkpt><trkpt lat="47.541507" lon="-120.710349"><ele>481.6</ele><time>2022-08-21T03:53:14Z</time></trkpt><trkpt lat="47.54154" lon="-120.710242"><ele>476.0</ele><time>2022-08-21T03:53:27Z</time></trkpt><trkpt lat="47.541529" lon="-120.7102"><ele>476.2</ele><time>2022-08-21T03:53:29Z</time></trkpt><trkpt lat="47.541592" lon="-120.710093"><ele>475.0</ele><time>2022-08-21T03:53:42Z</time></trkpt><trkpt lat="47.541673" lon="-120.710006"><ele>474.0</ele><time>2022-08-21T03:53:57Z</time></trkpt><trkpt lat="47.541678" lon="-120.709971"><ele>474.0</ele><time>2022-08-21T03:54:00Z</time></trkpt><trkpt lat="47.541743" lon="-120.70985"><ele>470.0</ele><time>2022-08-21T03:54:18Z</time></trkpt><trkpt lat="47.541879" lon="-120.709694"><ele>466.4</ele><time>2022-08-21T03:54:51Z</time></trkpt><trkpt lat="47.541899" lon="-120.709699"><ele>464.0</ele><time>2022-08-21T03:54:53Z</time></trkpt><trkpt lat="47.541846" lon="-120.709863"><ele>462.0</ele><time>2022-08-21T03:55:08Z</time></trkpt><trkpt lat="47.541815" lon="-120.710014"><ele>461.0</ele><time>2022-08-21T03:55:17Z</time></trkpt><trkpt lat="47.541823" lon="-120.710094"><ele>461.0</ele><time>2022-08-21T03:55:22Z</time></trkpt><trkpt lat="47.541815" lon="-120.710184"><ele>462.0</ele><time>2022-08-21T03:55:26Z</time></trkpt><trkpt lat="47.541824" lon="-120.710258"><ele>462.0</ele><time>2022-08-21T03:55:30Z</time></trkpt><trkpt lat="47.541848" lon="-120.710314"><ele>461.0</ele><time>2022-08-21T03:55:34Z</time></trkpt><trkpt lat="47.541831" lon="-120.710409"><ele>460.6</ele><time>2022-08-21T03:55:40Z</time></trkpt><trkpt lat="47.541835" lon="-120.710435"><ele>460.0</ele><time>2022-08-21T03:55:41Z</time></trkpt><trkpt lat="47.54181" lon="-120.710562"><ele>459.0</ele><time>2022-08-21T03:55:50Z</time></trkpt><trkpt lat="47.541542" lon="-120.710926"><ele>450.0</ele><time>2022-08-21T03:56:38Z</time></trkpt><trkpt lat="47.541499" lon="-120.711014"><ele>451.0</ele><time>2022-08-21T03:56:47Z</time></trkpt><trkpt lat="47.541504" lon="-120.711061"><ele>450.0</ele><time>2022-08-21T03:57:04Z</time></trkpt><trkpt lat="47.541564" lon="-120.711003"><ele>450.0</ele><time>2022-08-21T03:57:21Z</time></trkpt><trkpt lat="47.54165" lon="-120.710945"><ele>450.0</ele><time>2022-08-21T03:57:31Z</time></trkpt><trkpt lat="47.541745" lon="-120.710905"><ele>448.0</ele><time>2022-08-21T03:57:42Z</time></trkpt><trkpt lat="47.54197" lon="-120.710779"><ele>440.0</ele><time>2022-08-21T03:58:08Z</time></trkpt><trkpt lat="47.54201" lon="-120.710707"><ele>440.0</ele><time>2022-08-21T03:58:14Z</time></trkpt><trkpt lat="47.54206" lon="-120.710666"><ele>436.0</ele><time>2022-08-21T03:58:22Z</time></trkpt><trkpt lat="47.542052" lon="-120.71071"><ele>440.0</ele><time>2022-08-21T03:58:31Z</time></trkpt><trkpt lat="47.542023" lon="-120.710736"><ele>440.0</ele><time>2022-08-21T03:58:37Z</time></trkpt><trkpt lat="47.541924" lon="-120.710952"><ele>434.0</ele><time>2022-08-21T03:58:54Z</time></trkpt><trkpt lat="47.541686" lon="-120.711236"><ele>437.0</ele><time>2022-08-21T03:59:20Z</time></trkpt><trkpt lat="47.541612" lon="-120.711343"><ele>434.0</ele><time>2022-08-21T03:59:36Z</time></trkpt><trkpt lat="47.541589" lon="-120.711409"><ele>430.0</ele><time>2022-08-21T03:59:48Z</time></trkpt><trkpt lat="47.541596" lon="-120.711447"><ele>432.0</ele><time>2022-08-21T03:59:53Z</time></trkpt><trkpt lat="47.541634" lon="-120.71153"><ele>432.0</ele><time>2022-08-21T03:59:59Z</time></trkpt><trkpt lat="47.541664" lon="-120.711545"><ele>429.0</ele><time>2022-08-21T04:00:03Z</time></trkpt><trkpt lat="47.5417" lon="-120.711537"><ele>429.0</ele><time>2022-08-21T04:00:06Z</time></trkpt><trkpt lat="47.541752" lon="-120.711506"><ele>425.0</ele><time>2022-08-21T04:00:13Z</time></trkpt><trkpt lat="47.541834" lon="-120.711397"><ele>429.0</ele><time>2022-08-21T04:00:27Z</time></trkpt><trkpt lat="47.54192" lon="-120.711412"><ele>416.0</ele><time>2022-08-21T04:00:42Z</time></trkpt><trkpt lat="47.541978" lon="-120.711329"><ele>424.0</ele><time>2022-08-21T04:00:56Z</time></trkpt><trkpt lat="47.542031" lon="-120.711279"><ele>423.0</ele><time>2022-08-21T04:01:04Z</time></trkpt><trkpt lat="47.542203" lon="-120.711164"><ele>420.0</ele><time>2022-08-21T04:01:24Z</time></trkpt><trkpt lat="47.542302" lon="-120.711053"><ele>417.0</ele><time>2022-08-21T04:01:36Z</time></trkpt><trkpt lat="47.542405" lon="-120.710894"><ele>417.0</ele><time>2022-08-21T04:01:50Z</time></trkpt><trkpt lat="47.542911" lon="-120.710212"><ele>408.2</ele><time>2022-08-21T04:02:57Z</time></trkpt><trkpt lat="47.542991" lon="-120.710039"><ele>406.0</ele><time>2022-08-21T04:03:10Z</time></trkpt><trkpt lat="47.543024" lon="-120.710003"><ele>403.0</ele><time>2022-08-21T04:03:20Z</time></trkpt><trkpt lat="47.543111" lon="-120.709851"><ele>404.0</ele><time>2022-08-21T04:03:32Z</time></trkpt><trkpt lat="47.543149" lon="-120.709767"><ele>402.0</ele><time>2022-08-21T04:03:37Z</time></trkpt><trkpt lat="47.543167" lon="-120.709678"><ele>400.0</ele><time>2022-08-21T04:03:42Z</time></trkpt><trkpt lat="47.543185" lon="-120.709647"><ele>402.0</ele><time>2022-08-21T04:03:44Z</time></trkpt><trkpt lat="47.5432" lon="-120.7095"><ele>401.0</ele><time>2022-08-21T04:03:53Z</time></trkpt><trkpt lat="47.5433" lon="-120.709304"><ele>398.0</ele><time>2022-08-21T04:04:07Z</time></trkpt><trkpt lat="47.543323" lon="-120.709184"><ele>398.0</ele><time>2022-08-21T04:04:11Z</time></trkpt><trkpt lat="47.543327" lon="-120.709065"><ele>399.9</ele><time>2022-08-21T04:04:16Z</time></trkpt><trkpt lat="47.543339" lon="-120.709033"><ele>400.0</ele><time>2022-08-21T04:04:18Z</time></trkpt><trkpt lat="47.543365" lon="-120.709008"><ele>400.0</ele><time>2022-08-21T04:04:20Z</time></trkpt><trkpt lat="47.543401" lon="-120.709015"><ele>400.0</ele><time>2022-08-21T04:04:22Z</time></trkpt><trkpt lat="47.543434" lon="-120.709042"><ele>396.0</ele><time>2022-08-21T04:04:24Z</time></trkpt><trkpt lat="47.543489" lon="-120.709005"><ele>396.0</ele><time>2022-08-21T04:04:29Z</time></trkpt><trkpt lat="47.543533" lon="-120.708948"><ele>400.0</ele><time>2022-08-21T04:04:34Z</time></trkpt><trkpt lat="47.543644" lon="-120.708905"><ele>399.0</ele><time>2022-08-21T04:04:43Z</time></trkpt><trkpt lat="47.543691" lon="-120.708844"><ele>399.0</ele><time>2022-08-21T04:04:50Z</time></trkpt><trkpt lat="47.543723" lon="-120.708827"><ele>399.0</ele><time>2022-08-21T04:04:53Z</time></trkpt><trkpt lat="47.543696" lon="-120.708865"><ele>399.0</ele><time>2022-08-21T04:05:02Z</time></trkpt><trkpt lat="47.543706" lon="-120.708916"><ele>398.7</ele><time>2022-08-21T04:05:08Z</time></trkpt><trkpt lat="47.543768" lon="-120.709003"><ele>399.0</ele><time>2022-08-21T04:05:20Z</time></trkpt><trkpt lat="47.54378" lon="-120.709067"><ele>400.0</ele><time>2022-08-21T04:05:26Z</time></trkpt><trkpt lat="47.543809" lon="-120.709088"><ele>401.0</ele><time>2022-08-21T04:05:30Z</time></trkpt><trkpt lat="47.543837" lon="-120.709154"><ele>400.0</ele><time>2022-08-21T04:05:37Z</time></trkpt><trkpt lat="47.543875" lon="-120.709162"><ele>399.0</ele><time>2022-08-21T04:05:42Z</time></trkpt><trkpt lat="47.543882" lon="-120.70922"><ele>400.0</ele><time>2022-08-21T04:05:52Z</time></trkpt><trkpt lat="47.543921" lon="-120.70936"><ele>403.0</ele><time>2022-08-21T04:06:05Z</time></trkpt><trkpt lat="47.54397" lon="-120.709331"><ele>402.0</ele><time>2022-08-21T04:06:10Z</time></trkpt><trkpt lat="47.543992" lon="-120.709367"><ele>405.0</ele><time>2022-08-21T04:06:15Z</time></trkpt><trkpt lat="47.543994" lon="-120.709615"><ele>409.0</ele><time>2022-08-21T04:06:38Z</time></trkpt><trkpt lat="47.544011" lon="-120.709642"><ele>409.7</ele><time>2022-08-21T04:06:41Z</time></trkpt><trkpt lat="47.544016" lon="-120.709676"><ele>410.0</ele><time>2022-08-21T04:06:43Z</time></trkpt><trkpt lat="47.544082" lon="-120.709699"><ele>409.0</ele><time>2022-08-21T04:06:59Z</time></trkpt><trkpt lat="47.544123" lon="-120.709727"><ele>409.0</ele><time>2022-08-21T04:07:05Z</time></trkpt><trkpt lat="47.544169" lon="-120.709843"><ele>408.0</ele><time>2022-08-21T04:07:15Z</time></trkpt><trkpt lat="47.54418" lon="-120.709926"><ele>410.0</ele><time>2022-08-21T04:07:20Z</time></trkpt><trkpt lat="47.544205" lon="-120.709991"><ele>410.0</ele><time>2022-08-21T04:07:25Z</time></trkpt><trkpt lat="47.544269" lon="-120.710092"><ele>410.0</ele><time>2022-08-21T04:07:34Z</time></trkpt><trkpt lat="47.544264" lon="-120.710178"><ele>410.0</ele><time>2022-08-21T04:07:39Z</time></trkpt><trkpt lat="47.544287" lon="-120.710247"><ele>410.0</ele><time>2022-08-21T04:07:43Z</time></trkpt><trkpt lat="47.544296" lon="-120.710395"><ele>412.0</ele><time>2022-08-21T04:07:51Z</time></trkpt><trkpt lat="47.544383" lon="-120.710549"><ele>411.0</ele><time>2022-08-21T04:08:02Z</time></trkpt><trkpt lat="47.544474" lon="-120.710608"><ele>414.0</ele><time>2022-08-21T04:08:12Z</time></trkpt><trkpt lat="47.544563" lon="-120.710702"><ele>414.0</ele><time>2022-08-21T04:08:21Z</time></trkpt><trkpt lat="47.544603" lon="-120.710813"><ele>417.0</ele><time>2022-08-21T04:08:29Z</time></trkpt><trkpt lat="47.544602" lon="-120.710917"><ele>416.0</ele><time>2022-08-21T04:08:35Z</time></trkpt><trkpt lat="47.544623" lon="-120.711023"><ele>414.0</ele><time>2022-08-21T04:08:43Z</time></trkpt><trkpt lat="47.544602" lon="-120.71112"><ele>420.0</ele><time>2022-08-21T04:08:51Z</time></trkpt><trkpt lat="47.544623" lon="-120.711228"><ele>416.0</ele><time>2022-08-21T04:09:34Z</time></trkpt><trkpt lat="47.544623" lon="-120.711276"><ele>421.0</ele><time>2022-08-21T04:11:34Z</time></trkpt><trkpt lat="47.544621" lon="-120.71135"><ele>422.5</ele><time>2022-08-21T04:12:17Z</time></trkpt><trkpt lat="47.544601" lon="-120.711432"><ele>422.4</ele><time>2022-08-21T04:12:18Z</time></trkpt><trkpt lat="47.544585" lon="-120.711963"><ele>425.0</ele><time>2022-08-21T04:12:24Z</time></trkpt><trkpt lat="47.54451" lon="-120.712922"><ele>429.5</ele><time>2022-08-21T04:12:31Z</time></trkpt><trkpt lat="47.544449" lon="-120.713559"><ele>432.0</ele><time>2022-08-21T04:12:35Z</time></trkpt><trkpt lat="47.544423" lon="-120.713707"><ele>432.3</ele><time>2022-08-21T04:12:36Z</time></trkpt><trkpt lat="47.544385" lon="-120.713852"><ele>433.3</ele><time>2022-08-21T04:12:37Z</time></trkpt><trkpt lat="47.544277" lon="-120.714132"><ele>434.2</ele><time>2022-08-21T04:12:39Z</time></trkpt><trkpt lat="47.544147" lon="-120.714415"><ele>435.2</ele><time>2022-08-21T04:12:41Z</time></trkpt><trkpt lat="47.544091" lon="-120.714572"><ele>435.6</ele><time>2022-08-21T04:12:42Z</time></trkpt><trkpt lat="47.544047" lon="-120.71474"><ele>435.9</ele><time>2022-08-21T04:12:43Z</time></trkpt><trkpt lat="47.544014" lon="-120.714924"><ele>436.4</ele><time>2022-08-21T04:12:44Z</time></trkpt><trkpt lat="47.543948" lon="-120.715499"><ele>437.0</ele><time>2022-08-21T04:12:47Z</time></trkpt><trkpt lat="47.543909" lon="-120.715691"><ele>437.3</ele><time>2022-08-21T04:12:48Z</time></trkpt><trkpt lat="47.543856" lon="-120.715875"><ele>437.4</ele><time>2022-08-21T04:12:49Z</time></trkpt><trkpt lat="47.543786" lon="-120.716048"><ele>437.7</ele><time>2022-08-21T04:12:50Z</time></trkpt><trkpt lat="47.543603" lon="-120.716345"><ele>437.9</ele><time>2022-08-21T04:12:52Z</time></trkpt><trkpt lat="47.543411" lon="-120.716628"><ele>437.8</ele><time>2022-08-21T04:12:54Z</time></trkpt><trkpt lat="47.542441" lon="-120.717747"><ele>442.0</ele><time>2022-08-21T04:13:03Z</time></trkpt><trkpt lat="47.541897" lon="-120.718334"><ele>444.4</ele><time>2022-08-21T04:13:08Z</time></trkpt><trkpt lat="47.5418" lon="-120.718481"><ele>444.4</ele><time>2022-08-21T04:13:09Z</time></trkpt><trkpt lat="47.541719" lon="-120.718652"><ele>444.5</ele><time>2022-08-21T04:13:10Z</time></trkpt><trkpt lat="47.541648" lon="-120.71884"><ele>444.6</ele><time>2022-08-21T04:13:11Z</time></trkpt><trkpt lat="47.541591" lon="-120.71904"><ele>444.8</ele><time>2022-08-21T04:13:12Z</time></trkpt><trkpt lat="47.541554" lon="-120.719254"><ele>445.3</ele><time>2022-08-21T04:13:13Z</time></trkpt><trkpt lat="47.541539" lon="-120.71947"><ele>446.0</ele><time>2022-08-21T04:13:14Z</time></trkpt><trkpt lat="47.541543" lon="-120.719687"><ele>446.7</ele><time>2022-08-21T04:13:15Z</time></trkpt><trkpt lat="47.541598" lon="-120.720104"><ele>447.3</ele><time>2022-08-21T04:13:17Z</time></trkpt><trkpt lat="47.541714" lon="-120.720676"><ele>448.1</ele><time>2022-08-21T04:13:20Z</time></trkpt><trkpt lat="47.541758" lon="-120.721063"><ele>448.6</ele><time>2022-08-21T04:13:22Z</time></trkpt><trkpt lat="47.541756" lon="-120.721675"><ele>449.7</ele><time>2022-08-21T04:13:26Z</time></trkpt><trkpt lat="47.541731" lon="-120.72269"><ele>451.2</ele><time>2022-08-21T04:13:31Z</time></trkpt><trkpt lat="47.541692" lon="-120.723054"><ele>451.9</ele><time>2022-08-21T04:13:33Z</time></trkpt><trkpt lat="47.54166" lon="-120.723226"><ele>452.1</ele><time>2022-08-21T04:13:34Z</time></trkpt><trkpt lat="47.541378" lon="-120.724426"><ele>455.8</ele><time>2022-08-21T04:13:41Z</time></trkpt><trkpt lat="47.54135" lon="-120.724607"><ele>456.6</ele><time>2022-08-21T04:13:42Z</time></trkpt><trkpt lat="47.541335" lon="-120.7248"><ele>457.8</ele><time>2022-08-21T04:13:43Z</time></trkpt><trkpt lat="47.541343" lon="-120.725001"><ele>459.0</ele><time>2022-08-21T04:13:44Z</time></trkpt><trkpt lat="47.54137" lon="-120.725204"><ele>460.3</ele><time>2022-08-21T04:13:45Z</time></trkpt><trkpt lat="47.541418" lon="-120.725398"><ele>461.3</ele><time>2022-08-21T04:13:46Z</time></trkpt><trkpt lat="47.541751" lon="-120.726041"><ele>465.1</ele><time>2022-08-21T04:13:50Z</time></trkpt><trkpt lat="47.541833" lon="-120.726216"><ele>466.3</ele><time>2022-08-21T04:13:51Z</time></trkpt><trkpt lat="47.541885" lon="-120.72641"><ele>467.5</ele><time>2022-08-21T04:13:52Z</time></trkpt><trkpt lat="47.541947" lon="-120.726594"><ele>468.5</ele><time>2022-08-21T04:13:53Z</time></trkpt><trkpt lat="47.542151" lon="-120.727366"><ele>472.8</ele><time>2022-08-21T04:13:57Z</time></trkpt><trkpt lat="47.54247" lon="-120.728072"><ele>476.4</ele><time>2022-08-21T04:14:01Z</time></trkpt><trkpt lat="47.54254" lon="-120.728266"><ele>477.6</ele><time>2022-08-21T04:14:02Z</time></trkpt><trkpt lat="47.542624" lon="-120.728447"><ele>479.1</ele><time>2022-08-21T04:14:02Z</time></trkpt><trkpt lat="47.542722" lon="-120.728612"><ele>480.2</ele><time>2022-08-21T04:14:03Z</time></trkpt><trkpt lat="47.542789" lon="-120.7288"><ele>481.0</ele><time>2022-08-21T04:14:04Z</time></trkpt><trkpt lat="47.542876" lon="-120.728961"><ele>481.8</ele><time>2022-08-21T04:14:05Z</time></trkpt><trkpt lat="47.542945" lon="-120.729145"><ele>482.6</ele><time>2022-08-21T04:14:06Z</time></trkpt><trkpt lat="47.54299" lon="-120.72935"><ele>483.1</ele><time>2022-08-21T04:14:07Z</time></trkpt><trkpt lat="47.543206" lon="-120.730169"><ele>486.8</ele><time>2022-08-21T04:14:11Z</time></trkpt><trkpt lat="47.543296" lon="-120.730587"><ele>488.4</ele><time>2022-08-21T04:14:13Z</time></trkpt><trkpt lat="47.543326" lon="-120.730808"><ele>489.3</ele><time>2022-08-21T04:14:14Z</time></trkpt><trkpt lat="47.543338" lon="-120.731034"><ele>490.4</ele><time>2022-08-21T04:14:15Z</time></trkpt><trkpt lat="47.543332" lon="-120.731255"><ele>491.4</ele><time>2022-08-21T04:14:16Z</time></trkpt><trkpt lat="47.543308" lon="-120.731475"><ele>492.7</ele><time>2022-08-21T04:14:17Z</time></trkpt><trkpt lat="47.543267" lon="-120.731691"><ele>494.0</ele><time>2022-08-21T04:14:18Z</time></trkpt><trkpt lat="47.543036" lon="-120.732655"><ele>499.0</ele><time>2022-08-21T04:14:23Z</time></trkpt><trkpt lat="47.54296" lon="-120.733035"><ele>501.3</ele><time>2022-08-21T04:14:25Z</time></trkpt><trkpt lat="47.542905" lon="-120.733453"><ele>503.9</ele><time>2022-08-21T04:14:27Z</time></trkpt><trkpt lat="47.542878" lon="-120.733891"><ele>506.0</ele><time>2022-08-21T04:14:29Z</time></trkpt><trkpt lat="47.542873" lon="-120.734115"><ele>507.0</ele><time>2022-08-21T04:14:30Z</time></trkpt><trkpt lat="47.54289" lon="-120.734572"><ele>509.3</ele><time>2022-08-21T04:14:32Z</time></trkpt><trkpt lat="47.543003" lon="-120.735949"><ele>514.1</ele><time>2022-08-21T04:14:38Z</time></trkpt><trkpt lat="47.543033" lon="-120.736166"><ele>514.2</ele><time>2022-08-21T04:14:39Z</time></trkpt><trkpt lat="47.54308" lon="-120.736366"><ele>514.6</ele><time>2022-08-21T04:14:40Z</time></trkpt><trkpt lat="47.543249" lon="-120.736673"><ele>514.9</ele><time>2022-08-21T04:14:42Z</time></trkpt><trkpt lat="47.543756" lon="-120.737323"><ele>515.9</ele><time>2022-08-21T04:14:47Z</time></trkpt><trkpt lat="47.543845" lon="-120.737488"><ele>516.0</ele><time>2022-08-21T04:14:48Z</time></trkpt><trkpt lat="47.543945" lon="-120.737644"><ele>516.4</ele><time>2022-08-21T04:14:49Z</time></trkpt><trkpt lat="47.544023" lon="-120.737829"><ele>517.1</ele><time>2022-08-21T04:14:50Z</time></trkpt><trkpt lat="47.544089" lon="-120.73802"><ele>517.2</ele><time>2022-08-21T04:14:51Z</time></trkpt><trkpt lat="47.544228" lon="-120.738635"><ele>517.4</ele><time>2022-08-21T04:14:54Z</time></trkpt><trkpt lat="47.544268" lon="-120.738852"><ele>517.7</ele><time>2022-08-21T04:14:55Z</time></trkpt><trkpt lat="47.544328" lon="-120.739302"><ele>518.3</ele><time>2022-08-21T04:14:57Z</time></trkpt><trkpt lat="47.544347" lon="-120.739534"><ele>518.7</ele><time>2022-08-21T04:14:58Z</time></trkpt><trkpt lat="47.544353" lon="-120.739766"><ele>519.2</ele><time>2022-08-21T04:14:59Z</time></trkpt><trkpt lat="47.544347" lon="-120.740209"><ele>520.0</ele><time>2022-08-21T04:15:01Z</time></trkpt><trkpt lat="47.544315" lon="-120.740884"><ele>520.9</ele><time>2022-08-21T04:15:04Z</time></trkpt><trkpt lat="47.544262" lon="-120.741608"><ele>520.6</ele><time>2022-08-21T04:15:07Z</time></trkpt><trkpt lat="47.544246" lon="-120.742108"><ele>520.3</ele><time>2022-08-21T04:15:09Z</time></trkpt><trkpt lat="47.544265" lon="-120.742618"><ele>519.7</ele><time>2022-08-21T04:15:11Z</time></trkpt><trkpt lat="47.544297" lon="-120.742869"><ele>519.5</ele><time>2022-08-21T04:15:12Z</time></trkpt><trkpt lat="47.544394" lon="-120.743355"><ele>518.7</ele><time>2022-08-21T04:15:14Z</time></trkpt><trkpt lat="47.544455" lon="-120.74359"><ele>518.7</ele><time>2022-08-21T04:15:15Z</time></trkpt><trkpt lat="47.545552" lon="-120.746617"><ele>526.4</ele><time>2022-08-21T04:15:28Z</time></trkpt><trkpt lat="47.545732" lon="-120.747066"><ele>528.4</ele><time>2022-08-21T04:15:31Z</time></trkpt><trkpt lat="47.546008" lon="-120.747712"><ele>532.6</ele><time>2022-08-21T04:15:34Z</time></trkpt><trkpt lat="47.546767" lon="-120.749391"><ele>541.0</ele><time>2022-08-21T04:15:42Z</time></trkpt><trkpt lat="47.546949" lon="-120.749835"><ele>541.8</ele><time>2022-08-21T04:15:44Z</time></trkpt><trkpt lat="47.547026" lon="-120.750071"><ele>541.8</ele><time>2022-08-21T04:15:45Z</time></trkpt><trkpt lat="47.547087" lon="-120.75032"><ele>542.3</ele><time>2022-08-21T04:15:46Z</time></trkpt><trkpt lat="47.547182" lon="-120.750835"><ele>542.7</ele><time>2022-08-21T04:15:48Z</time></trkpt><trkpt lat="47.547304" lon="-120.75191"><ele>544.4</ele><time>2022-08-21T04:15:52Z</time></trkpt><trkpt lat="47.547409" lon="-120.752722"><ele>547.1</ele><time>2022-08-21T04:15:55Z</time></trkpt><trkpt lat="47.547453" lon="-120.752986"><ele>548.0</ele><time>2022-08-21T04:15:56Z</time></trkpt><trkpt lat="47.547506" lon="-120.753242"><ele>549.3</ele><time>2022-08-21T04:15:57Z</time></trkpt><trkpt lat="47.547576" lon="-120.753479"><ele>550.3</ele><time>2022-08-21T04:15:58Z</time></trkpt><trkpt lat="47.547652" lon="-120.753694"><ele>551.3</ele><time>2022-08-21T04:15:59Z</time></trkpt><trkpt lat="47.547734" lon="-120.753895"><ele>552.3</ele><time>2022-08-21T04:16:00Z</time></trkpt><trkpt lat="47.547824" lon="-120.754079"><ele>553.4</ele><time>2022-08-21T04:16:01Z</time></trkpt><trkpt lat="47.54792" lon="-120.754241"><ele>553.9</ele><time>2022-08-21T04:16:02Z</time></trkpt><trkpt lat="47.548116" lon="-120.754525"><ele>555.6</ele><time>2022-08-21T04:16:04Z</time></trkpt><trkpt lat="47.548648" lon="-120.755196"><ele>559.5</ele><time>2022-08-21T04:16:10Z</time></trkpt><trkpt lat="47.54892" lon="-120.755635"><ele>561.9</ele><time>2022-08-21T04:16:14Z</time></trkpt><trkpt lat="47.548983" lon="-120.755754"><ele>562.8</ele><time>2022-08-21T04:16:15Z</time></trkpt><trkpt lat="47.549098" lon="-120.756012"><ele>564.4</ele><time>2022-08-21T04:16:16Z</time></trkpt><trkpt lat="47.549375" lon="-120.756728"><ele>567.9</ele><time>2022-08-21T04:16:21Z</time></trkpt><trkpt lat="47.549603" lon="-120.757375"><ele>571.4</ele><time>2022-08-21T04:16:25Z</time></trkpt><trkpt lat="47.54971" lon="-120.757766"><ele>574.3</ele><time>2022-08-21T04:16:27Z</time></trkpt><trkpt lat="47.549775" lon="-120.758203"><ele>576.3</ele><time>2022-08-21T04:16:29Z</time></trkpt><trkpt lat="47.549832" lon="-120.758854"><ele>578.3</ele><time>2022-08-21T04:16:32Z</time></trkpt><trkpt lat="47.549864" lon="-120.759064"><ele>578.7</ele><time>2022-08-21T04:16:33Z</time></trkpt><trkpt lat="47.549912" lon="-120.759267"><ele>578.9</ele><time>2022-08-21T04:16:34Z</time></trkpt><trkpt lat="47.549973" lon="-120.759457"><ele>579.0</ele><time>2022-08-21T04:16:35Z</time></trkpt><trkpt lat="47.550054" lon="-120.759629"><ele>578.6</ele><time>2022-08-21T04:16:36Z</time></trkpt><trkpt lat="47.550247" lon="-120.759986"><ele>578.3</ele><time>2022-08-21T04:16:38Z</time></trkpt><trkpt lat="47.550681" lon="-120.760749"><ele>578.3</ele><time>2022-08-21T04:16:42Z</time></trkpt><trkpt lat="47.550878" lon="-120.761142"><ele>577.9</ele><time>2022-08-21T04:16:44Z</time></trkpt><trkpt lat="47.550957" lon="-120.761342"><ele>577.8</ele><time>2022-08-21T04:16:45Z</time></trkpt><trkpt lat="47.551016" lon="-120.76155"><ele>577.9</ele><time>2022-08-21T04:16:46Z</time></trkpt><trkpt lat="47.551047" lon="-120.761756"><ele>577.6</ele><time>2022-08-21T04:16:47Z</time></trkpt><trkpt lat="47.551068" lon="-120.762158"><ele>577.9</ele><time>2022-08-21T04:16:49Z</time></trkpt><trkpt lat="47.551089" lon="-120.762359"><ele>578.2</ele><time>2022-08-21T04:16:50Z</time></trkpt><trkpt lat="47.551123" lon="-120.762556"><ele>578.5</ele><time>2022-08-21T04:16:51Z</time></trkpt><trkpt lat="47.551213" lon="-120.762942"><ele>578.6</ele><time>2022-08-21T04:16:53Z</time></trkpt><trkpt lat="47.551282" lon="-120.763128"><ele>578.6</ele><time>2022-08-21T04:16:54Z</time></trkpt><trkpt lat="47.55136" lon="-120.7633"><ele>578.9</ele><time>2022-08-21T04:16:55Z</time></trkpt><trkpt lat="47.55153" lon="-120.763636"><ele>578.7</ele><time>2022-08-21T04:16:57Z</time></trkpt><trkpt lat="47.551858" lon="-120.764236"><ele>578.6</ele><time>2022-08-21T04:17:01Z</time></trkpt><trkpt lat="47.552123" lon="-120.764673"><ele>580.0</ele><time>2022-08-21T04:17:24Z</time></trkpt></trkseg></trk></gpx>