<?xml version="1.0" encoding="UTF-8" standalone="no"?>
<gpx xmlns="http://www.topografix.com/GPX/1/1" creator="GaiaGPS" version="1.1" xmlns:xsi="http://www.w3.org/2001/XMLSchema-instance" xsi:schemaLocation="http://www.topografix.com/GPX/1/1 http://www.topografix.com/GPX/1/1/gpx.xsd">
  <metadata>
    <time>2022-09-09T22:03:36Z</time>
  </metadata>
  <trk>
    <name>Track (9/9/22, 3:03:36PM)</name>
    <trkseg>
      <trkpt lat="48.492743" lon="-121.121925">
        <ele>654.6</ele>
        <time>2022-10-15T15:23:08Z</time>
      </trkpt>
      <trkpt lat="48.492666" lon="-121.122076">
        <ele>657.0</ele>
        <time>2022-10-15T15:23:19Z</time>
      </trkpt>
      <trkpt lat="48.492605" lon="-121.122275">
        <ele>656.3</ele>
        <time>2022-10-15T15:23:24Z</time>
      </trkpt>
      <trkpt lat="48.492541" lon="-121.122382">
        <ele>656.0</ele>
        <time>2022-10-15T15:23:30Z</time>
      </trkpt>
      <trkpt lat="48.492652" lon="-121.122112">
        <ele>655.0</ele>
        <time>2022-10-15T15:23:52Z</time>
      </trkpt>
      <trkpt lat="48.492713" lon="-121.122011">
        <ele>655.6</ele>
        <time>2022-10-15T15:23:54Z</time>
      </trkpt>
      <trkpt lat="48.492731" lon="-121.121891">
        <ele>654.0</ele>
        <time>2022-10-15T15:23:58Z</time>
      </trkpt>
      <trkpt lat="48.492652" lon="-121.121787">
        <ele>656.3</ele>
        <time>2022-10-15T15:24:02Z</time>
      </trkpt>
      <trkpt lat="48.492589" lon="-121.121787">
        <ele>659.0</ele>
        <time>2022-10-15T15:24:05Z</time>
      </trkpt>
      <trkpt lat="48.492649" lon="-121.121821">
        <ele>661.0</ele>
        <time>2022-10-15T15:24:12Z</time>
      </trkpt>
      <trkpt lat="48.492634" lon="-121.121918">
        <ele>661.0</ele>
        <time>2022-10-15T15:24:16Z</time>
      </trkpt>
      <trkpt lat="48.492673" lon="-121.122127">
        <ele>659.0</ele>
        <time>2022-10-15T15:24:19Z</time>
      </trkpt>
      <trkpt lat="48.492664" lon="-121.122219">
        <ele>658.8</ele>
        <time>2022-10-15T15:24:21Z</time>
      </trkpt>
      <trkpt lat="48.492645" lon="-121.122271">
        <ele>658.9</ele>
        <time>2022-10-15T15:24:22Z</time>
      </trkpt>
      <trkpt lat="48.492581" lon="-121.122371">
        <ele>657.0</ele>
        <time>2022-10-15T15:24:30Z</time>
      </trkpt>
      <trkpt lat="48.492604" lon="-121.122335">
        <ele>657.1</ele>
        <time>2022-10-15T15:24:41Z</time>
      </trkpt>
      <trkpt lat="48.492559" lon="-121.122261">
        <ele>656.0</ele>
        <time>2022-10-15T15:24:46Z</time>
      </trkpt>
      <trkpt lat="48.492544" lon="-121.122215">
        <ele>655.0</ele>
        <time>2022-10-15T15:24:53Z</time>
      </trkpt>
      <trkpt lat="48.492517" lon="-121.122266">
        <ele>658.0</ele>
        <time>2022-10-15T15:25:38Z</time>
      </trkpt>
      <trkpt lat="48.492576" lon="-121.122259">
        <ele>655.0</ele>
        <time>2022-10-15T15:26:01Z</time>
      </trkpt>
      <trkpt lat="48.492588" lon="-121.122300">
        <ele>654.0</ele>
        <time>2022-10-15T15:26:05Z</time>
      </trkpt>
      <trkpt lat="48.492581" lon="-121.122336">
        <ele>654.0</ele>
        <time>2022-10-15T15:26:09Z</time>
      </trkpt>
      <trkpt lat="48.492620" lon="-121.122356">
        <ele>648.0</ele>
        <time>2022-10-15T15:28:36Z</time>
      </trkpt>
      <trkpt lat="48.492603" lon="-121.122437">
        <ele>652.0</ele>
        <time>2022-10-15T15:28:46Z</time>
      </trkpt>
      <trkpt lat="48.492618" lon="-121.122478">
        <ele>655.0</ele>
        <time>2022-10-15T15:28:49Z</time>
      </trkpt>
      <trkpt lat="48.492654" lon="-121.122527">
        <ele>656.0</ele>
        <time>2022-10-15T15:28:55Z</time>
      </trkpt>
      <trkpt lat="48.492618" lon="-121.122528">
        <ele>654.0</ele>
        <time>2022-10-15T15:28:58Z</time>
      </trkpt>
      <trkpt lat="48.492607" lon="-121.122550">
        <ele>656.0</ele>
        <time>2022-10-15T15:29:02Z</time>
      </trkpt>
      <trkpt lat="48.492618" lon="-121.122505">
        <ele>656.0</ele>
        <time>2022-10-15T15:29:05Z</time>
      </trkpt>
      <trkpt lat="48.492665" lon="-121.122486">
        <ele>657.6</ele>
        <time>2022-10-15T15:29:06Z</time>
      </trkpt>
      <trkpt lat="48.492624" lon="-121.122497">
        <ele>657.0</ele>
        <time>2022-10-15T15:29:08Z</time>
      </trkpt>
      <trkpt lat="48.492595" lon="-121.122379">
        <ele>658.0</ele>
        <time>2022-10-15T15:29:12Z</time>
      </trkpt>
      <trkpt lat="48.492611" lon="-121.122341">
        <ele>658.0</ele>
        <time>2022-10-15T15:29:14Z</time>
      </trkpt>
      <trkpt lat="48.492595" lon="-121.122298">
        <ele>657.0</ele>
        <time>2022-10-15T15:29:18Z</time>
      </trkpt>
      <trkpt lat="48.492590" lon="-121.122391">
        <ele>650.0</ele>
        <time>2022-10-15T15:29:39Z</time>
      </trkpt>
      <trkpt lat="48.492612" lon="-121.122359">
        <ele>657.0</ele>
        <time>2022-10-15T15:29:49Z</time>
      </trkpt>
      <trkpt lat="48.492598" lon="-121.122335">
        <ele>656.0</ele>
        <time>2022-10-15T15:29:56Z</time>
      </trkpt>
      <trkpt lat="48.492633" lon="-121.122402">
        <ele>654.7</ele>
        <time>2022-10-15T15:30:47Z</time>
      </trkpt>
      <trkpt lat="48.492599" lon="-121.122364">
        <ele>654.0</ele>
        <time>2022-10-15T15:30:49Z</time>
      </trkpt>
      <trkpt lat="48.492578" lon="-121.122365">
        <ele>653.9</ele>
        <time>2022-10-15T15:33:39Z</time>
      </trkpt>
      <trkpt lat="48.492678" lon="-121.122416">
        <ele>652.8</ele>
        <time>2022-10-15T15:33:40Z</time>
      </trkpt>
      <trkpt lat="48.492651" lon="-121.122396">
        <ele>652.0</ele>
        <time>2022-10-15T15:33:43Z</time>
      </trkpt>
      <trkpt lat="48.492674" lon="-121.122344">
        <ele>648.0</ele>
        <time>2022-10-15T15:33:49Z</time>
      </trkpt>
      <trkpt lat="48.492637" lon="-121.122354">
        <ele>652.0</ele>
        <time>2022-10-15T15:34:00Z</time>
      </trkpt>
      <trkpt lat="48.492599" lon="-121.122382">
        <ele>648.0</ele>
        <time>2022-10-15T15:34:35Z</time>
      </trkpt>
      <trkpt lat="48.492624" lon="-121.122348">
        <ele>654.6</ele>
        <time>2022-10-15T15:34:53Z</time>
      </trkpt>
      <trkpt lat="48.492632" lon="-121.122371">
        <ele>654.0</ele>
        <time>2022-10-15T15:35:27Z</time>
      </trkpt>
      <trkpt lat="48.492600" lon="-121.122376">
        <ele>653.0</ele>
        <time>2022-10-15T15:35:36Z</time>
      </trkpt>
      <trkpt lat="48.492558" lon="-121.122400">
        <ele>653.0</ele>
        <time>2022-10-15T15:36:29Z</time>
      </trkpt>
      <trkpt lat="48.492598" lon="-121.122355">
        <ele>652.0</ele>
        <time>2022-10-15T15:36:38Z</time>
      </trkpt>
      <trkpt lat="48.492624" lon="-121.122351">
        <ele>663.0</ele>
        <time>2022-10-15T15:37:57Z</time>
      </trkpt>
      <trkpt lat="48.492625" lon="-121.122413">
        <ele>664.7</ele>
        <time>2022-10-15T15:38:08Z</time>
      </trkpt>
      <trkpt lat="48.492603" lon="-121.122422">
        <ele>663.0</ele>
        <time>2022-10-15T15:38:11Z</time>
      </trkpt>
      <trkpt lat="48.492632" lon="-121.122399">
        <ele>658.0</ele>
        <time>2022-10-15T15:38:30Z</time>
      </trkpt>
      <trkpt lat="48.492626" lon="-121.122345">
        <ele>650.0</ele>
        <time>2022-10-15T15:42:32Z</time>
      </trkpt>
      <trkpt lat="48.492618" lon="-121.122372">
        <ele>652.0</ele>
        <time>2022-10-15T15:42:51Z</time>
      </trkpt>
      <trkpt lat="48.492626" lon="-121.122360">
        <ele>653.0</ele>
        <time>2022-10-15T15:43:20Z</time>
      </trkpt>
      <trkpt lat="48.492572" lon="-121.122350">
        <ele>655.0</ele>
        <time>2022-10-15T15:43:54Z</time>
      </trkpt>
      <trkpt lat="48.492548" lon="-121.122390">
        <ele>658.9</ele>
        <time>2022-10-15T15:43:57Z</time>
      </trkpt>
      <trkpt lat="48.492635" lon="-121.122361">
        <ele>657.0</ele>
        <time>2022-10-15T15:45:08Z</time>
      </trkpt>
      <trkpt lat="48.492645" lon="-121.122289">
        <ele>662.0</ele>
        <time>2022-10-15T15:45:50Z</time>
      </trkpt>
      <trkpt lat="48.492690" lon="-121.122291">
        <ele>660.0</ele>
        <time>2022-10-15T15:46:23Z</time>
      </trkpt>
      <trkpt lat="48.492740" lon="-121.122317">
        <ele>659.0</ele>
        <time>2022-10-15T15:46:28Z</time>
      </trkpt>
      <trkpt lat="48.492765" lon="-121.122342">
        <ele>659.1</ele>
        <time>2022-10-15T15:46:32Z</time>
      </trkpt>
      <trkpt lat="48.492810" lon="-121.122580">
        <ele>657.0</ele>
        <time>2022-10-15T15:46:45Z</time>
      </trkpt>
      <trkpt lat="48.492828" lon="-121.122614">
        <ele>657.0</ele>
        <time>2022-10-15T15:46:47Z</time>
      </trkpt>
      <trkpt lat="48.492821" lon="-121.122656">
        <ele>656.0</ele>
        <time>2022-10-15T15:46:49Z</time>
      </trkpt>
      <trkpt lat="48.492826" lon="-121.122779">
        <ele>653.0</ele>
        <time>2022-10-15T15:46:56Z</time>
      </trkpt>
      <trkpt lat="48.492844" lon="-121.122815">
        <ele>655.5</ele>
        <time>2022-10-15T15:46:58Z</time>
      </trkpt>
      <trkpt lat="48.492802" lon="-121.123091">
        <ele>651.0</ele>
        <time>2022-10-15T15:47:13Z</time>
      </trkpt>
      <trkpt lat="48.492815" lon="-121.123319">
        <ele>650.0</ele>
        <time>2022-10-15T15:47:33Z</time>
      </trkpt>
      <trkpt lat="48.492823" lon="-121.123266">
        <ele>652.0</ele>
        <time>2022-10-15T15:47:39Z</time>
      </trkpt>
      <trkpt lat="48.492796" lon="-121.123306">
        <ele>649.0</ele>
        <time>2022-10-15T15:47:42Z</time>
      </trkpt>
      <trkpt lat="48.492811" lon="-121.123265">
        <ele>650.0</ele>
        <time>2022-10-15T15:47:45Z</time>
      </trkpt>
      <trkpt lat="48.492800" lon="-121.123324">
        <ele>652.0</ele>
        <time>2022-10-15T15:47:46Z</time>
      </trkpt>
      <trkpt lat="48.492775" lon="-121.123372">
        <ele>652.2</ele>
        <time>2022-10-15T15:47:47Z</time>
      </trkpt>
      <trkpt lat="48.492770" lon="-121.123426">
        <ele>653.0</ele>
        <time>2022-10-15T15:47:49Z</time>
      </trkpt>
      <trkpt lat="48.492799" lon="-121.123498">
        <ele>654.0</ele>
        <time>2022-10-15T15:47:54Z</time>
      </trkpt>
      <trkpt lat="48.492781" lon="-121.123596">
        <ele>654.0</ele>
        <time>2022-10-15T15:47:58Z</time>
      </trkpt>
      <trkpt lat="48.492791" lon="-121.123714">
        <ele>658.0</ele>
        <time>2022-10-15T15:48:05Z</time>
      </trkpt>
      <trkpt lat="48.492776" lon="-121.123757">
        <ele>657.8</ele>
        <time>2022-10-15T15:48:06Z</time>
      </trkpt>
      <trkpt lat="48.492791" lon="-121.123765">
        <ele>657.0</ele>
        <time>2022-10-15T15:48:08Z</time>
      </trkpt>
      <trkpt lat="48.492806" lon="-121.123820">
        <ele>657.0</ele>
        <time>2022-10-15T15:48:16Z</time>
      </trkpt>
      <trkpt lat="48.492859" lon="-121.123788">
        <ele>654.0</ele>
        <time>2022-10-15T15:48:28Z</time>
      </trkpt>
      <trkpt lat="48.492825" lon="-121.123766">
        <ele>658.3</ele>
        <time>2022-10-15T15:48:37Z</time>
      </trkpt>
      <trkpt lat="48.492813" lon="-121.123734">
        <ele>658.4</ele>
        <time>2022-10-15T15:48:38Z</time>
      </trkpt>
      <trkpt lat="48.492818" lon="-121.123772">
        <ele>659.9</ele>
        <time>2022-10-15T15:48:39Z</time>
      </trkpt>
      <trkpt lat="48.492813" lon="-121.123654">
        <ele>659.0</ele>
        <time>2022-10-15T15:48:41Z</time>
      </trkpt>
      <trkpt lat="48.492791" lon="-121.123511">
        <ele>656.0</ele>
        <time>2022-10-15T15:48:48Z</time>
      </trkpt>
      <trkpt lat="48.492793" lon="-121.123344">
        <ele>659.3</ele>
        <time>2022-10-15T15:48:56Z</time>
      </trkpt>
      <trkpt lat="48.492807" lon="-121.123229">
        <ele>661.2</ele>
        <time>2022-10-15T15:49:01Z</time>
      </trkpt>
      <trkpt lat="48.492832" lon="-121.123170">
        <ele>660.0</ele>
        <time>2022-10-15T15:49:04Z</time>
      </trkpt>
      <trkpt lat="48.492857" lon="-121.123144">
        <ele>662.0</ele>
        <time>2022-10-15T15:49:06Z</time>
      </trkpt>
      <trkpt lat="48.492881" lon="-121.123172">
        <ele>654.0</ele>
        <time>2022-10-15T15:49:19Z</time>
      </trkpt>
      <trkpt lat="48.492883" lon="-121.123132">
        <ele>649.0</ele>
        <time>2022-10-15T15:49:44Z</time>
      </trkpt>
      <trkpt lat="48.492907" lon="-121.123103">
        <ele>651.0</ele>
        <time>2022-10-15T15:49:53Z</time>
      </trkpt>
      <trkpt lat="48.492885" lon="-121.123120">
        <ele>649.0</ele>
        <time>2022-10-15T15:49:57Z</time>
      </trkpt>
      <trkpt lat="48.492894" lon="-121.123071">
        <ele>648.0</ele>
        <time>2022-10-15T15:50:06Z</time>
      </trkpt>
      <trkpt lat="48.492896" lon="-121.123119">
        <ele>648.0</ele>
        <time>2022-10-15T15:50:09Z</time>
      </trkpt>
      <trkpt lat="48.492930" lon="-121.123087">
        <ele>649.0</ele>
        <time>2022-10-15T15:50:12Z</time>
      </trkpt>
      <trkpt lat="48.492874" lon="-121.123132">
        <ele>646.0</ele>
        <time>2022-10-15T15:50:24Z</time>
      </trkpt>
      <trkpt lat="48.492896" lon="-121.123121">
        <ele>648.0</ele>
        <time>2022-10-15T15:50:41Z</time>
      </trkpt>
      <trkpt lat="48.492909" lon="-121.123167">
        <ele>648.0</ele>
        <time>2022-10-15T15:50:50Z</time>
      </trkpt>
      <trkpt lat="48.492943" lon="-121.123161">
        <ele>648.0</ele>
        <time>2022-10-15T15:50:58Z</time>
      </trkpt>
      <trkpt lat="48.492949" lon="-121.123200">
        <ele>651.0</ele>
        <time>2022-10-15T15:51:10Z</time>
      </trkpt>
      <trkpt lat="48.492957" lon="-121.123160">
        <ele>655.6</ele>
        <time>2022-10-15T15:51:19Z</time>
      </trkpt>
      <trkpt lat="48.492950" lon="-121.123205">
        <ele>654.0</ele>
        <time>2022-10-15T15:51:28Z</time>
      </trkpt>
      <trkpt lat="48.492973" lon="-121.123166">
        <ele>654.0</ele>
        <time>2022-10-15T15:51:36Z</time>
      </trkpt>
      <trkpt lat="48.492980" lon="-121.123127">
        <ele>656.0</ele>
        <time>2022-10-15T15:51:44Z</time>
      </trkpt>
      <trkpt lat="48.493008" lon="-121.123155">
        <ele>656.0</ele>
        <time>2022-10-15T15:51:56Z</time>
      </trkpt>
      <trkpt lat="48.493011" lon="-121.123202">
        <ele>654.0</ele>
        <time>2022-10-15T15:52:03Z</time>
      </trkpt>
      <trkpt lat="48.492979" lon="-121.123272">
        <ele>657.0</ele>
        <time>2022-10-15T15:52:10Z</time>
      </trkpt>
      <trkpt lat="48.492964" lon="-121.123385">
        <ele>655.0</ele>
        <time>2022-10-15T15:52:18Z</time>
      </trkpt>
      <trkpt lat="48.493009" lon="-121.123397">
        <ele>651.0</ele>
        <time>2022-10-15T15:52:24Z</time>
      </trkpt>
      <trkpt lat="48.493074" lon="-121.123465">
        <ele>654.0</ele>
        <time>2022-10-15T15:52:33Z</time>
      </trkpt>
      <trkpt lat="48.493117" lon="-121.123466">
        <ele>658.0</ele>
        <time>2022-10-15T15:52:36Z</time>
      </trkpt>
      <trkpt lat="48.493140" lon="-121.123440">
        <ele>657.3</ele>
        <time>2022-10-15T15:52:37Z</time>
      </trkpt>
      <trkpt lat="48.493120" lon="-121.123415">
        <ele>655.3</ele>
        <time>2022-10-15T15:52:38Z</time>
      </trkpt>
      <trkpt lat="48.493148" lon="-121.123428">
        <ele>651.0</ele>
        <time>2022-10-15T15:52:40Z</time>
      </trkpt>
      <trkpt lat="48.493165" lon="-121.123473">
        <ele>652.0</ele>
        <time>2022-10-15T15:52:44Z</time>
      </trkpt>
      <trkpt lat="48.493165" lon="-121.123515">
        <ele>653.0</ele>
        <time>2022-10-15T15:52:47Z</time>
      </trkpt>
      <trkpt lat="48.493241" lon="-121.123678">
        <ele>650.0</ele>
        <time>2022-10-15T15:53:20Z</time>
      </trkpt>
      <trkpt lat="48.493250" lon="-121.123648">
        <ele>653.0</ele>
        <time>2022-10-15T15:53:26Z</time>
      </trkpt>
      <trkpt lat="48.493232" lon="-121.123603">
        <ele>653.0</ele>
        <time>2022-10-15T15:53:28Z</time>
      </trkpt>
      <trkpt lat="48.493197" lon="-121.123595">
        <ele>652.4</ele>
        <time>2022-10-15T15:53:30Z</time>
      </trkpt>
      <trkpt lat="48.493187" lon="-121.123549">
        <ele>653.0</ele>
        <time>2022-10-15T15:53:32Z</time>
      </trkpt>
      <trkpt lat="48.493243" lon="-121.123486">
        <ele>654.0</ele>
        <time>2022-10-15T15:53:37Z</time>
      </trkpt>
      <trkpt lat="48.493176" lon="-121.123468">
        <ele>656.0</ele>
        <time>2022-10-15T15:53:42Z</time>
      </trkpt>
      <trkpt lat="48.493170" lon="-121.123436">
        <ele>655.0</ele>
        <time>2022-10-15T15:53:45Z</time>
      </trkpt>
      <trkpt lat="48.493150" lon="-121.123447">
        <ele>654.0</ele>
        <time>2022-10-15T15:53:51Z</time>
      </trkpt>
      <trkpt lat="48.493152" lon="-121.123395">
        <ele>651.0</ele>
        <time>2022-10-15T15:53:59Z</time>
      </trkpt>
      <trkpt lat="48.493135" lon="-121.123345">
        <ele>657.0</ele>
        <time>2022-10-15T15:54:08Z</time>
      </trkpt>
      <trkpt lat="48.493091" lon="-121.123335">
        <ele>658.0</ele>
        <time>2022-10-15T15:54:14Z</time>
      </trkpt>
      <trkpt lat="48.493071" lon="-121.123369">
        <ele>660.0</ele>
        <time>2022-10-15T15:54:16Z</time>
      </trkpt>
      <trkpt lat="48.493079" lon="-121.123400">
        <ele>660.6</ele>
        <time>2022-10-15T15:54:17Z</time>
      </trkpt>
      <trkpt lat="48.493049" lon="-121.123410">
        <ele>657.0</ele>
        <time>2022-10-15T15:54:20Z</time>
      </trkpt>
      <trkpt lat="48.493050" lon="-121.123309">
        <ele>659.0</ele>
        <time>2022-10-15T15:54:28Z</time>
      </trkpt>
      <trkpt lat="48.493020" lon="-121.123291">
        <ele>660.0</ele>
        <time>2022-10-15T15:54:30Z</time>
      </trkpt>
      <trkpt lat="48.493057" lon="-121.123242">
        <ele>658.0</ele>
        <time>2022-10-15T15:54:34Z</time>
      </trkpt>
      <trkpt lat="48.493102" lon="-121.123282">
        <ele>657.0</ele>
        <time>2022-10-15T15:54:37Z</time>
      </trkpt>
      <trkpt lat="48.493108" lon="-121.123325">
        <ele>658.0</ele>
        <time>2022-10-15T15:54:42Z</time>
      </trkpt>
      <trkpt lat="48.493142" lon="-121.123277">
        <ele>658.0</ele>
        <time>2022-10-15T15:54:47Z</time>
      </trkpt>
      <trkpt lat="48.493178" lon="-121.123252">
        <ele>658.0</ele>
        <time>2022-10-15T15:54:51Z</time>
      </trkpt>
      <trkpt lat="48.493181" lon="-121.123284">
        <ele>655.0</ele>
        <time>2022-10-15T15:54:58Z</time>
      </trkpt>
      <trkpt lat="48.493166" lon="-121.123226">
        <ele>654.0</ele>
        <time>2022-10-15T15:55:11Z</time>
      </trkpt>
      <trkpt lat="48.493194" lon="-121.123202">
        <ele>654.0</ele>
        <time>2022-10-15T15:55:14Z</time>
      </trkpt>
      <trkpt lat="48.493179" lon="-121.123257">
        <ele>654.0</ele>
        <time>2022-10-15T15:55:16Z</time>
      </trkpt>
      <trkpt lat="48.493218" lon="-121.123291">
        <ele>652.0</ele>
        <time>2022-10-15T15:55:22Z</time>
      </trkpt>
      <trkpt lat="48.493260" lon="-121.123265">
        <ele>654.0</ele>
        <time>2022-10-15T15:55:29Z</time>
      </trkpt>
      <trkpt lat="48.493220" lon="-121.123273">
        <ele>653.0</ele>
        <time>2022-10-15T15:55:32Z</time>
      </trkpt>
      <trkpt lat="48.493212" lon="-121.123242">
        <ele>657.0</ele>
        <time>2022-10-15T15:55:33Z</time>
      </trkpt>
      <trkpt lat="48.493189" lon="-121.123269">
        <ele>655.2</ele>
        <time>2022-10-15T15:55:34Z</time>
      </trkpt>
      <trkpt lat="48.493207" lon="-121.123239">
        <ele>650.0</ele>
        <time>2022-10-15T15:55:38Z</time>
      </trkpt>
      <trkpt lat="48.493252" lon="-121.123262">
        <ele>654.6</ele>
        <time>2022-10-15T15:55:42Z</time>
      </trkpt>
      <trkpt lat="48.493259" lon="-121.123208">
        <ele>653.0</ele>
        <time>2022-10-15T15:55:44Z</time>
      </trkpt>
      <trkpt lat="48.493250" lon="-121.123153">
        <ele>654.0</ele>
        <time>2022-10-15T15:55:46Z</time>
      </trkpt>
      <trkpt lat="48.493312" lon="-121.123181">
        <ele>657.3</ele>
        <time>2022-10-15T15:55:51Z</time>
      </trkpt>
      <trkpt lat="48.493320" lon="-121.123262">
        <ele>654.0</ele>
        <time>2022-10-15T15:55:55Z</time>
      </trkpt>
      <trkpt lat="48.493355" lon="-121.123189">
        <ele>656.1</ele>
        <time>2022-10-15T15:55:59Z</time>
      </trkpt>
      <trkpt lat="48.493361" lon="-121.123227">
        <ele>655.0</ele>
        <time>2022-10-15T15:56:04Z</time>
      </trkpt>
      <trkpt lat="48.493424" lon="-121.123207">
        <ele>654.0</ele>
        <time>2022-10-15T15:56:08Z</time>
      </trkpt>
      <trkpt lat="48.493431" lon="-121.123164">
        <ele>657.0</ele>
        <time>2022-10-15T15:56:11Z</time>
      </trkpt>
      <trkpt lat="48.493452" lon="-121.123121">
        <ele>658.0</ele>
        <time>2022-10-15T15:56:14Z</time>
      </trkpt>
      <trkpt lat="48.493499" lon="-121.123148">
        <ele>657.0</ele>
        <time>2022-10-15T15:56:16Z</time>
      </trkpt>
      <trkpt lat="48.493505" lon="-121.123091">
        <ele>657.0</ele>
        <time>2022-10-15T15:56:24Z</time>
      </trkpt>
      <trkpt lat="48.493498" lon="-121.123041">
        <ele>658.0</ele>
        <time>2022-10-15T15:56:26Z</time>
      </trkpt>
      <trkpt lat="48.493514" lon="-121.123072">
        <ele>654.0</ele>
        <time>2022-10-15T15:56:31Z</time>
      </trkpt>
      <trkpt lat="48.493503" lon="-121.123036">
        <ele>656.0</ele>
        <time>2022-10-15T15:56:43Z</time>
      </trkpt>
      <trkpt lat="48.493528" lon="-121.122970">
        <ele>655.0</ele>
        <time>2022-10-15T15:56:49Z</time>
      </trkpt>
      <trkpt lat="48.493568" lon="-121.123018">
        <ele>659.0</ele>
        <time>2022-10-15T15:57:02Z</time>
      </trkpt>
      <trkpt lat="48.493578" lon="-121.123054">
        <ele>659.0</ele>
        <time>2022-10-15T15:57:04Z</time>
      </trkpt>
      <trkpt lat="48.493590" lon="-121.123023">
        <ele>660.0</ele>
        <time>2022-10-15T15:57:06Z</time>
      </trkpt>
      <trkpt lat="48.493624" lon="-121.123025">
        <ele>660.0</ele>
        <time>2022-10-15T15:57:08Z</time>
      </trkpt>
      <trkpt lat="48.493662" lon="-121.123051">
        <ele>660.0</ele>
        <time>2022-10-15T15:57:12Z</time>
      </trkpt>
      <trkpt lat="48.493706" lon="-121.123053">
        <ele>662.7</ele>
        <time>2022-10-15T15:57:15Z</time>
      </trkpt>
      <trkpt lat="48.493723" lon="-121.123081">
        <ele>662.0</ele>
        <time>2022-10-15T15:57:18Z</time>
      </trkpt>
      <trkpt lat="48.493755" lon="-121.123038">
        <ele>664.0</ele>
        <time>2022-10-15T15:57:23Z</time>
      </trkpt>
      <trkpt lat="48.493762" lon="-121.123126">
        <ele>661.0</ele>
        <time>2022-10-15T15:57:47Z</time>
      </trkpt>
      <trkpt lat="48.493781" lon="-121.123053">
        <ele>659.0</ele>
        <time>2022-10-15T15:57:57Z</time>
      </trkpt>
      <trkpt lat="48.493781" lon="-121.122980">
        <ele>660.0</ele>
        <time>2022-10-15T15:58:01Z</time>
      </trkpt>
      <trkpt lat="48.493828" lon="-121.122974">
        <ele>662.0</ele>
        <time>2022-10-15T15:58:05Z</time>
      </trkpt>
      <trkpt lat="48.493830" lon="-121.122955">
        <ele>662.0</ele>
        <time>2022-10-15T15:58:09Z</time>
      </trkpt>
      <trkpt lat="48.493882" lon="-121.123027">
        <ele>660.0</ele>
        <time>2022-10-15T15:58:17Z</time>
      </trkpt>
      <trkpt lat="48.493921" lon="-121.123129">
        <ele>663.0</ele>
        <time>2022-10-15T15:58:24Z</time>
      </trkpt>
      <trkpt lat="48.493974" lon="-121.123064">
        <ele>663.0</ele>
        <time>2022-10-15T15:58:28Z</time>
      </trkpt>
      <trkpt lat="48.493986" lon="-121.123005">
        <ele>665.0</ele>
        <time>2022-10-15T15:58:34Z</time>
      </trkpt>
      <trkpt lat="48.493979" lon="-121.122946">
        <ele>666.4</ele>
        <time>2022-10-15T15:58:37Z</time>
      </trkpt>
      <trkpt lat="48.493998" lon="-121.122902">
        <ele>664.0</ele>
        <time>2022-10-15T15:58:40Z</time>
      </trkpt>
      <trkpt lat="48.493997" lon="-121.122985">
        <ele>662.0</ele>
        <time>2022-10-15T15:58:45Z</time>
      </trkpt>
      <trkpt lat="48.493966" lon="-121.123088">
        <ele>662.0</ele>
        <time>2022-10-15T15:58:48Z</time>
      </trkpt>
      <trkpt lat="48.493989" lon="-121.123068">
        <ele>660.0</ele>
        <time>2022-10-15T15:58:57Z</time>
      </trkpt>
      <trkpt lat="48.493945" lon="-121.123026">
        <ele>659.1</ele>
        <time>2022-10-15T15:58:59Z</time>
      </trkpt>
      <trkpt lat="48.493983" lon="-121.123036">
        <ele>658.5</ele>
        <time>2022-10-15T15:59:00Z</time>
      </trkpt>
      <trkpt lat="48.493990" lon="-121.122999">
        <ele>658.7</ele>
        <time>2022-10-15T15:59:01Z</time>
      </trkpt>
      <trkpt lat="48.494036" lon="-121.122959">
        <ele>659.0</ele>
        <time>2022-10-15T15:59:04Z</time>
      </trkpt>
      <trkpt lat="48.494049" lon="-121.122906">
        <ele>658.9</ele>
        <time>2022-10-15T15:59:06Z</time>
      </trkpt>
      <trkpt lat="48.494030" lon="-121.122879">
        <ele>659.4</ele>
        <time>2022-10-15T15:59:07Z</time>
      </trkpt>
      <trkpt lat="48.494027" lon="-121.122813">
        <ele>657.0</ele>
        <time>2022-10-15T15:59:14Z</time>
      </trkpt>
      <trkpt lat="48.494105" lon="-121.122775">
        <ele>660.0</ele>
        <time>2022-10-15T15:59:20Z</time>
      </trkpt>
      <trkpt lat="48.494125" lon="-121.122737">
        <ele>656.0</ele>
        <time>2022-10-15T15:59:23Z</time>
      </trkpt>
      <trkpt lat="48.494157" lon="-121.122715">
        <ele>656.0</ele>
        <time>2022-10-15T15:59:27Z</time>
      </trkpt>
      <trkpt lat="48.494123" lon="-121.122666">
        <ele>660.0</ele>
        <time>2022-10-15T15:59:32Z</time>
      </trkpt>
      <trkpt lat="48.494159" lon="-121.122658">
        <ele>661.0</ele>
        <time>2022-10-15T15:59:36Z</time>
      </trkpt>
      <trkpt lat="48.494204" lon="-121.122687">
        <ele>659.0</ele>
        <time>2022-10-15T15:59:41Z</time>
      </trkpt>
      <trkpt lat="48.494255" lon="-121.122692">
        <ele>665.3</ele>
        <time>2022-10-15T15:59:47Z</time>
      </trkpt>
      <trkpt lat="48.494278" lon="-121.122666">
        <ele>664.0</ele>
        <time>2022-10-15T15:59:49Z</time>
      </trkpt>
      <trkpt lat="48.494295" lon="-121.122702">
        <ele>665.0</ele>
        <time>2022-10-15T15:59:54Z</time>
      </trkpt>
      <trkpt lat="48.494291" lon="-121.122658">
        <ele>668.0</ele>
        <time>2022-10-15T16:00:00Z</time>
      </trkpt>
      <trkpt lat="48.494350" lon="-121.122588">
        <ele>669.0</ele>
        <time>2022-10-15T16:00:04Z</time>
      </trkpt>
      <trkpt lat="48.494315" lon="-121.122586">
        <ele>669.0</ele>
        <time>2022-10-15T16:00:07Z</time>
      </trkpt>
      <trkpt lat="48.494287" lon="-121.122624">
        <ele>671.0</ele>
        <time>2022-10-15T16:00:09Z</time>
      </trkpt>
      <trkpt lat="48.494300" lon="-121.122688">
        <ele>668.0</ele>
        <time>2022-10-15T16:00:14Z</time>
      </trkpt>
      <trkpt lat="48.494332" lon="-121.122688">
        <ele>671.0</ele>
        <time>2022-10-15T16:00:16Z</time>
      </trkpt>
      <trkpt lat="48.494389" lon="-121.122668">
        <ele>671.0</ele>
        <time>2022-10-15T16:00:19Z</time>
      </trkpt>
      <trkpt lat="48.494420" lon="-121.122557">
        <ele>672.0</ele>
        <time>2022-10-15T16:00:24Z</time>
      </trkpt>
      <trkpt lat="48.494410" lon="-121.122589">
        <ele>674.0</ele>
        <time>2022-10-15T16:00:27Z</time>
      </trkpt>
      <trkpt lat="48.494374" lon="-121.122569">
        <ele>674.0</ele>
        <time>2022-10-15T16:00:29Z</time>
      </trkpt>
      <trkpt lat="48.494319" lon="-121.122501">
        <ele>675.0</ele>
        <time>2022-10-15T16:00:31Z</time>
      </trkpt>
      <trkpt lat="48.494409" lon="-121.122466">
        <ele>674.0</ele>
        <time>2022-10-15T16:00:37Z</time>
      </trkpt>
      <trkpt lat="48.494421" lon="-121.122410">
        <ele>679.0</ele>
        <time>2022-10-15T16:00:42Z</time>
      </trkpt>
      <trkpt lat="48.494388" lon="-121.122389">
        <ele>676.0</ele>
        <time>2022-10-15T16:00:45Z</time>
      </trkpt>
      <trkpt lat="48.494366" lon="-121.122347">
        <ele>680.3</ele>
        <time>2022-10-15T16:00:48Z</time>
      </trkpt>
      <trkpt lat="48.494399" lon="-121.122350">
        <ele>675.0</ele>
        <time>2022-10-15T16:00:52Z</time>
      </trkpt>
      <trkpt lat="48.494473" lon="-121.122292">
        <ele>677.0</ele>
        <time>2022-10-15T16:00:56Z</time>
      </trkpt>
      <trkpt lat="48.494538" lon="-121.122304">
        <ele>678.0</ele>
        <time>2022-10-15T16:00:59Z</time>
      </trkpt>
      <trkpt lat="48.494582" lon="-121.122332">
        <ele>678.0</ele>
        <time>2022-10-15T16:01:01Z</time>
      </trkpt>
      <trkpt lat="48.494561" lon="-121.122341">
        <ele>679.0</ele>
        <time>2022-10-15T16:01:07Z</time>
      </trkpt>
      <trkpt lat="48.494567" lon="-121.122328">
        <ele>677.0</ele>
        <time>2022-10-15T16:01:15Z</time>
      </trkpt>
      <trkpt lat="48.494635" lon="-121.122318">
        <ele>683.0</ele>
        <time>2022-10-15T16:01:22Z</time>
      </trkpt>
      <trkpt lat="48.494603" lon="-121.122361">
        <ele>684.7</ele>
        <time>2022-10-15T16:01:25Z</time>
      </trkpt>
      <trkpt lat="48.494621" lon="-121.122499">
        <ele>683.0</ele>
        <time>2022-10-15T16:01:29Z</time>
      </trkpt>
      <trkpt lat="48.494676" lon="-121.122418">
        <ele>680.0</ele>
        <time>2022-10-15T16:01:35Z</time>
      </trkpt>
      <trkpt lat="48.494738" lon="-121.122397">
        <ele>682.1</ele>
        <time>2022-10-15T16:01:38Z</time>
      </trkpt>
      <trkpt lat="48.494765" lon="-121.122373">
        <ele>682.0</ele>
        <time>2022-10-15T16:01:39Z</time>
      </trkpt>
      <trkpt lat="48.494720" lon="-121.122409">
        <ele>681.0</ele>
        <time>2022-10-15T16:01:42Z</time>
      </trkpt>
      <trkpt lat="48.494673" lon="-121.122414">
        <ele>683.6</ele>
        <time>2022-10-15T16:01:44Z</time>
      </trkpt>
      <trkpt lat="48.494703" lon="-121.122381">
        <ele>683.4</ele>
        <time>2022-10-15T16:01:45Z</time>
      </trkpt>
      <trkpt lat="48.494722" lon="-121.122341">
        <ele>683.0</ele>
        <time>2022-10-15T16:01:48Z</time>
      </trkpt>
      <trkpt lat="48.494757" lon="-121.122343">
        <ele>684.0</ele>
        <time>2022-10-15T16:01:55Z</time>
      </trkpt>
      <trkpt lat="48.494782" lon="-121.122400">
        <ele>689.0</ele>
        <time>2022-10-15T16:02:01Z</time>
      </trkpt>
      <trkpt lat="48.494801" lon="-121.122346">
        <ele>689.0</ele>
        <time>2022-10-15T16:02:06Z</time>
      </trkpt>
      <trkpt lat="48.494813" lon="-121.122388">
        <ele>690.6</ele>
        <time>2022-10-15T16:02:09Z</time>
      </trkpt>
      <trkpt lat="48.494859" lon="-121.122432">
        <ele>690.0</ele>
        <time>2022-10-15T16:02:12Z</time>
      </trkpt>
      <trkpt lat="48.494873" lon="-121.122397">
        <ele>690.0</ele>
        <time>2022-10-15T16:02:17Z</time>
      </trkpt>
      <trkpt lat="48.494845" lon="-121.122380">
        <ele>691.0</ele>
        <time>2022-10-15T16:02:19Z</time>
      </trkpt>
      <trkpt lat="48.494866" lon="-121.122344">
        <ele>689.0</ele>
        <time>2022-10-15T16:02:24Z</time>
      </trkpt>
      <trkpt lat="48.494938" lon="-121.122319">
        <ele>691.0</ele>
        <time>2022-10-15T16:02:34Z</time>
      </trkpt>
      <trkpt lat="48.494949" lon="-121.122271">
        <ele>690.0</ele>
        <time>2022-10-15T16:02:39Z</time>
      </trkpt>
      <trkpt lat="48.494949" lon="-121.122318">
        <ele>692.4</ele>
        <time>2022-10-15T16:02:42Z</time>
      </trkpt>
      <trkpt lat="48.494931" lon="-121.122357">
        <ele>691.0</ele>
        <time>2022-10-15T16:02:44Z</time>
      </trkpt>
      <trkpt lat="48.494961" lon="-121.122339">
        <ele>688.0</ele>
        <time>2022-10-15T16:02:50Z</time>
      </trkpt>
      <trkpt lat="48.494967" lon="-121.122373">
        <ele>691.8</ele>
        <time>2022-10-15T16:02:54Z</time>
      </trkpt>
      <trkpt lat="48.494952" lon="-121.122321">
        <ele>691.0</ele>
        <time>2022-10-15T16:02:56Z</time>
      </trkpt>
      <trkpt lat="48.495001" lon="-121.122311">
        <ele>693.0</ele>
        <time>2022-10-15T16:02:58Z</time>
      </trkpt>
      <trkpt lat="48.494964" lon="-121.122248">
        <ele>695.0</ele>
        <time>2022-10-15T16:03:04Z</time>
      </trkpt>
      <trkpt lat="48.495070" lon="-121.122099">
        <ele>696.3</ele>
        <time>2022-10-15T16:03:10Z</time>
      </trkpt>
      <trkpt lat="48.495056" lon="-121.122187">
        <ele>695.0</ele>
        <time>2022-10-15T16:03:14Z</time>
      </trkpt>
      <trkpt lat="48.495061" lon="-121.122063">
        <ele>694.0</ele>
        <time>2022-10-15T16:03:28Z</time>
      </trkpt>
      <trkpt lat="48.495090" lon="-121.122029">
        <ele>694.7</ele>
        <time>2022-10-15T16:03:30Z</time>
      </trkpt>
      <trkpt lat="48.495059" lon="-121.122039">
        <ele>695.0</ele>
        <time>2022-10-15T16:03:33Z</time>
      </trkpt>
      <trkpt lat="48.495093" lon="-121.122035">
        <ele>696.0</ele>
        <time>2022-10-15T16:03:37Z</time>
      </trkpt>
      <trkpt lat="48.495089" lon="-121.122079">
        <ele>695.0</ele>
        <time>2022-10-15T16:03:41Z</time>
      </trkpt>
      <trkpt lat="48.495089" lon="-121.122032">
        <ele>696.0</ele>
        <time>2022-10-15T16:03:47Z</time>
      </trkpt>
      <trkpt lat="48.495122" lon="-121.121934">
        <ele>699.0</ele>
        <time>2022-10-15T16:03:54Z</time>
      </trkpt>
      <trkpt lat="48.495108" lon="-121.121964">
        <ele>700.2</ele>
        <time>2022-10-15T16:03:56Z</time>
      </trkpt>
      <trkpt lat="48.495116" lon="-121.122037">
        <ele>699.0</ele>
        <time>2022-10-15T16:04:02Z</time>
      </trkpt>
      <trkpt lat="48.495138" lon="-121.122071">
        <ele>700.0</ele>
        <time>2022-10-15T16:04:05Z</time>
      </trkpt>
      <trkpt lat="48.495126" lon="-121.122039">
        <ele>700.0</ele>
        <time>2022-10-15T16:04:07Z</time>
      </trkpt>
      <trkpt lat="48.495161" lon="-121.122055">
        <ele>696.0</ele>
        <time>2022-10-15T16:04:11Z</time>
      </trkpt>
      <trkpt lat="48.495194" lon="-121.122037">
        <ele>698.0</ele>
        <time>2022-10-15T16:04:15Z</time>
      </trkpt>
      <trkpt lat="48.495232" lon="-121.122043">
        <ele>698.0</ele>
        <time>2022-10-15T16:04:17Z</time>
      </trkpt>
      <trkpt lat="48.495299" lon="-121.122033">
        <ele>698.0</ele>
        <time>2022-10-15T16:04:27Z</time>
      </trkpt>
      <trkpt lat="48.495355" lon="-121.122016">
        <ele>699.0</ele>
        <time>2022-10-15T16:04:33Z</time>
      </trkpt>
      <trkpt lat="48.495380" lon="-121.121983">
        <ele>700.0</ele>
        <time>2022-10-15T16:04:39Z</time>
      </trkpt>
      <trkpt lat="48.495425" lon="-121.121994">
        <ele>702.0</ele>
        <time>2022-10-15T16:04:50Z</time>
      </trkpt>
      <trkpt lat="48.495455" lon="-121.121966">
        <ele>706.0</ele>
        <time>2022-10-15T16:04:59Z</time>
      </trkpt>
      <trkpt lat="48.495516" lon="-121.121940">
        <ele>707.0</ele>
        <time>2022-10-15T16:05:06Z</time>
      </trkpt>
      <trkpt lat="48.495486" lon="-121.121924">
        <ele>709.9</ele>
        <time>2022-10-15T16:05:09Z</time>
      </trkpt>
      <trkpt lat="48.495524" lon="-121.121858">
        <ele>714.5</ele>
        <time>2022-10-15T16:05:22Z</time>
      </trkpt>
      <trkpt lat="48.495492" lon="-121.121818">
        <ele>713.0</ele>
        <time>2022-10-15T16:05:24Z</time>
      </trkpt>
      <trkpt lat="48.495513" lon="-121.121784">
        <ele>714.0</ele>
        <time>2022-10-15T16:05:26Z</time>
      </trkpt>
      <trkpt lat="48.495588" lon="-121.121708">
        <ele>714.0</ele>
        <time>2022-10-15T16:05:39Z</time>
      </trkpt>
      <trkpt lat="48.495572" lon="-121.121724">
        <ele>716.0</ele>
        <time>2022-10-15T16:05:42Z</time>
      </trkpt>
      <trkpt lat="48.495533" lon="-121.121700">
        <ele>714.0</ele>
        <time>2022-10-15T16:05:48Z</time>
      </trkpt>
      <trkpt lat="48.495589" lon="-121.121685">
        <ele>716.0</ele>
        <time>2022-10-15T16:05:53Z</time>
      </trkpt>
      <trkpt lat="48.495620" lon="-121.121661">
        <ele>714.0</ele>
        <time>2022-10-15T16:05:57Z</time>
      </trkpt>
      <trkpt lat="48.495605" lon="-121.121609">
        <ele>714.0</ele>
        <time>2022-10-15T16:06:04Z</time>
      </trkpt>
      <trkpt lat="48.495636" lon="-121.121590">
        <ele>715.0</ele>
        <time>2022-10-15T16:06:10Z</time>
      </trkpt>
      <trkpt lat="48.495617" lon="-121.121562">
        <ele>718.0</ele>
        <time>2022-10-15T16:06:15Z</time>
      </trkpt>
      <trkpt lat="48.495640" lon="-121.121535">
        <ele>720.0</ele>
        <time>2022-10-15T16:06:18Z</time>
      </trkpt>
      <trkpt lat="48.495689" lon="-121.121519">
        <ele>720.0</ele>
        <time>2022-10-15T16:06:22Z</time>
      </trkpt>
      <trkpt lat="48.495706" lon="-121.121487">
        <ele>719.0</ele>
        <time>2022-10-15T16:06:29Z</time>
      </trkpt>
      <trkpt lat="48.495732" lon="-121.121501">
        <ele>717.0</ele>
        <time>2022-10-15T16:06:36Z</time>
      </trkpt>
      <trkpt lat="48.495721" lon="-121.121543">
        <ele>718.0</ele>
        <time>2022-10-15T16:06:39Z</time>
      </trkpt>
      <trkpt lat="48.495742" lon="-121.121576">
        <ele>721.6</ele>
        <time>2022-10-15T16:06:40Z</time>
      </trkpt>
      <trkpt lat="48.495742" lon="-121.121546">
        <ele>720.0</ele>
        <time>2022-10-15T16:06:42Z</time>
      </trkpt>
      <trkpt lat="48.495708" lon="-121.121557">
        <ele>720.3</ele>
        <time>2022-10-15T16:06:43Z</time>
      </trkpt>
      <trkpt lat="48.495744" lon="-121.121434">
        <ele>720.0</ele>
        <time>2022-10-15T16:06:54Z</time>
      </trkpt>
      <trkpt lat="48.495761" lon="-121.121397">
        <ele>721.0</ele>
        <time>2022-10-15T16:06:59Z</time>
      </trkpt>
      <trkpt lat="48.495798" lon="-121.121353">
        <ele>720.0</ele>
        <time>2022-10-15T16:07:10Z</time>
      </trkpt>
      <trkpt lat="48.495752" lon="-121.121308">
        <ele>722.0</ele>
        <time>2022-10-15T16:07:16Z</time>
      </trkpt>
      <trkpt lat="48.495768" lon="-121.121379">
        <ele>723.0</ele>
        <time>2022-10-15T16:07:17Z</time>
      </trkpt>
      <trkpt lat="48.495749" lon="-121.121336">
        <ele>723.0</ele>
        <time>2022-10-15T16:07:22Z</time>
      </trkpt>
      <trkpt lat="48.495829" lon="-121.121174">
        <ele>723.0</ele>
        <time>2022-10-15T16:07:39Z</time>
      </trkpt>
      <trkpt lat="48.495817" lon="-121.121241">
        <ele>721.0</ele>
        <time>2022-10-15T16:07:44Z</time>
      </trkpt>
      <trkpt lat="48.495778" lon="-121.121179">
        <ele>724.0</ele>
        <time>2022-10-15T16:07:50Z</time>
      </trkpt>
      <trkpt lat="48.495748" lon="-121.121151">
        <ele>726.0</ele>
        <time>2022-10-15T16:07:52Z</time>
      </trkpt>
      <trkpt lat="48.495777" lon="-121.121165">
        <ele>729.0</ele>
        <time>2022-10-15T16:07:54Z</time>
      </trkpt>
      <trkpt lat="48.495791" lon="-121.121230">
        <ele>723.0</ele>
        <time>2022-10-15T16:08:02Z</time>
      </trkpt>
      <trkpt lat="48.495825" lon="-121.121192">
        <ele>729.6</ele>
        <time>2022-10-15T16:08:06Z</time>
      </trkpt>
      <trkpt lat="48.495824" lon="-121.121231">
        <ele>727.4</ele>
        <time>2022-10-15T16:08:07Z</time>
      </trkpt>
      <trkpt lat="48.495836" lon="-121.121162">
        <ele>728.0</ele>
        <time>2022-10-15T16:08:16Z</time>
      </trkpt>
      <trkpt lat="48.495870" lon="-121.121176">
        <ele>729.0</ele>
        <time>2022-10-15T16:08:19Z</time>
      </trkpt>
      <trkpt lat="48.495894" lon="-121.121219">
        <ele>730.0</ele>
        <time>2022-10-15T16:08:22Z</time>
      </trkpt>
      <trkpt lat="48.495901" lon="-121.121251">
        <ele>730.9</ele>
        <time>2022-10-15T16:08:24Z</time>
      </trkpt>
      <trkpt lat="48.495895" lon="-121.121285">
        <ele>734.2</ele>
        <time>2022-10-15T16:08:25Z</time>
      </trkpt>
      <trkpt lat="48.495931" lon="-121.121291">
        <ele>733.0</ele>
        <time>2022-10-15T16:08:28Z</time>
      </trkpt>
      <trkpt lat="48.495952" lon="-121.121252">
        <ele>734.8</ele>
        <time>2022-10-15T16:08:32Z</time>
      </trkpt>
      <trkpt lat="48.495912" lon="-121.121265">
        <ele>735.6</ele>
        <time>2022-10-15T16:08:33Z</time>
      </trkpt>
      <trkpt lat="48.495939" lon="-121.121216">
        <ele>736.0</ele>
        <time>2022-10-15T16:08:35Z</time>
      </trkpt>
      <trkpt lat="48.495932" lon="-121.121178">
        <ele>735.6</ele>
        <time>2022-10-15T16:08:36Z</time>
      </trkpt>
      <trkpt lat="48.495895" lon="-121.121166">
        <ele>732.0</ele>
        <time>2022-10-15T16:08:40Z</time>
      </trkpt>
      <trkpt lat="48.495897" lon="-121.121104">
        <ele>733.5</ele>
        <time>2022-10-15T16:08:43Z</time>
      </trkpt>
      <trkpt lat="48.495932" lon="-121.121166">
        <ele>732.0</ele>
        <time>2022-10-15T16:08:48Z</time>
      </trkpt>
      <trkpt lat="48.495934" lon="-121.121222">
        <ele>732.0</ele>
        <time>2022-10-15T16:08:50Z</time>
      </trkpt>
      <trkpt lat="48.495908" lon="-121.121143">
        <ele>732.0</ele>
        <time>2022-10-15T16:08:52Z</time>
      </trkpt>
      <trkpt lat="48.495936" lon="-121.121219">
        <ele>734.0</ele>
        <time>2022-10-15T16:08:56Z</time>
      </trkpt>
      <trkpt lat="48.496012" lon="-121.121128">
        <ele>729.0</ele>
        <time>2022-10-15T16:09:15Z</time>
      </trkpt>
      <trkpt lat="48.496042" lon="-121.121113">
        <ele>731.0</ele>
        <time>2022-10-15T16:09:28Z</time>
      </trkpt>
      <trkpt lat="48.495976" lon="-121.121184">
        <ele>732.0</ele>
        <time>2022-10-15T16:09:48Z</time>
      </trkpt>
      <trkpt lat="48.496011" lon="-121.121206">
        <ele>731.0</ele>
        <time>2022-10-15T16:09:52Z</time>
      </trkpt>
      <trkpt lat="48.496033" lon="-121.121248">
        <ele>732.0</ele>
        <time>2022-10-15T16:09:57Z</time>
      </trkpt>
      <trkpt lat="48.496064" lon="-121.121218">
        <ele>732.0</ele>
        <time>2022-10-15T16:10:02Z</time>
      </trkpt>
      <trkpt lat="48.496024" lon="-121.121168">
        <ele>732.0</ele>
        <time>2022-10-15T16:10:14Z</time>
      </trkpt>
      <trkpt lat="48.496039" lon="-121.121115">
        <ele>732.0</ele>
        <time>2022-10-15T16:10:18Z</time>
      </trkpt>
      <trkpt lat="48.496073" lon="-121.121177">
        <ele>732.0</ele>
        <time>2022-10-15T16:10:23Z</time>
      </trkpt>
      <trkpt lat="48.496041" lon="-121.121171">
        <ele>735.0</ele>
        <time>2022-10-15T16:10:27Z</time>
      </trkpt>
      <trkpt lat="48.496078" lon="-121.121161">
        <ele>736.1</ele>
        <time>2022-10-15T16:10:28Z</time>
      </trkpt>
      <trkpt lat="48.496102" lon="-121.121189">
        <ele>735.0</ele>
        <time>2022-10-15T16:10:30Z</time>
      </trkpt>
      <trkpt lat="48.496135" lon="-121.121127">
        <ele>735.0</ele>
        <time>2022-10-15T16:10:33Z</time>
      </trkpt>
      <trkpt lat="48.496112" lon="-121.121165">
        <ele>736.0</ele>
        <time>2022-10-15T16:10:40Z</time>
      </trkpt>
      <trkpt lat="48.496124" lon="-121.121143">
        <ele>739.0</ele>
        <time>2022-10-15T16:10:46Z</time>
      </trkpt>
      <trkpt lat="48.496090" lon="-121.121152">
        <ele>736.8</ele>
        <time>2022-10-15T16:10:47Z</time>
      </trkpt>
      <trkpt lat="48.496088" lon="-121.121045">
        <ele>738.0</ele>
        <time>2022-10-15T16:10:50Z</time>
      </trkpt>
      <trkpt lat="48.496159" lon="-121.121149">
        <ele>741.6</ele>
        <time>2022-10-15T16:10:57Z</time>
      </trkpt>
      <trkpt lat="48.496140" lon="-121.121175">
        <ele>740.0</ele>
        <time>2022-10-15T16:11:00Z</time>
      </trkpt>
      <trkpt lat="48.496193" lon="-121.121182">
        <ele>740.0</ele>
        <time>2022-10-15T16:11:03Z</time>
      </trkpt>
      <trkpt lat="48.496154" lon="-121.121240">
        <ele>740.0</ele>
        <time>2022-10-15T16:11:08Z</time>
      </trkpt>
      <trkpt lat="48.496154" lon="-121.121276">
        <ele>742.0</ele>
        <time>2022-10-15T16:11:14Z</time>
      </trkpt>
      <trkpt lat="48.496179" lon="-121.121238">
        <ele>746.4</ele>
        <time>2022-10-15T16:11:18Z</time>
      </trkpt>
      <trkpt lat="48.496151" lon="-121.121182">
        <ele>746.0</ele>
        <time>2022-10-15T16:11:20Z</time>
      </trkpt>
      <trkpt lat="48.496193" lon="-121.121132">
        <ele>746.0</ele>
        <time>2022-10-15T16:11:27Z</time>
      </trkpt>
      <trkpt lat="48.496185" lon="-121.121089">
        <ele>745.7</ele>
        <time>2022-10-15T16:11:35Z</time>
      </trkpt>
      <trkpt lat="48.496182" lon="-121.121177">
        <ele>744.0</ele>
        <time>2022-10-15T16:11:38Z</time>
      </trkpt>
      <trkpt lat="48.496205" lon="-121.121217">
        <ele>744.0</ele>
        <time>2022-10-15T16:11:41Z</time>
      </trkpt>
      <trkpt lat="48.496207" lon="-121.121171">
        <ele>741.0</ele>
        <time>2022-10-15T16:11:46Z</time>
      </trkpt>
      <trkpt lat="48.496151" lon="-121.121175">
        <ele>744.0</ele>
        <time>2022-10-15T16:11:56Z</time>
      </trkpt>
      <trkpt lat="48.496227" lon="-121.121204">
        <ele>747.6</ele>
        <time>2022-10-15T16:11:59Z</time>
      </trkpt>
      <trkpt lat="48.496259" lon="-121.121201">
        <ele>748.7</ele>
        <time>2022-10-15T16:12:00Z</time>
      </trkpt>
      <trkpt lat="48.496256" lon="-121.121116">
        <ele>747.0</ele>
        <time>2022-10-15T16:12:04Z</time>
      </trkpt>
      <trkpt lat="48.496284" lon="-121.121148">
        <ele>750.0</ele>
        <time>2022-10-15T16:12:08Z</time>
      </trkpt>
      <trkpt lat="48.496350" lon="-121.121066">
        <ele>750.0</ele>
        <time>2022-10-15T16:12:10Z</time>
      </trkpt>
      <trkpt lat="48.496328" lon="-121.121042">
        <ele>750.0</ele>
        <time>2022-10-15T16:12:12Z</time>
      </trkpt>
      <trkpt lat="48.496329" lon="-121.121025">
        <ele>744.0</ele>
        <time>2022-10-15T16:12:59Z</time>
      </trkpt>
      <trkpt lat="48.496341" lon="-121.120989">
        <ele>748.0</ele>
        <time>2022-10-15T16:13:04Z</time>
      </trkpt>
      <trkpt lat="48.496370" lon="-121.121079">
        <ele>751.0</ele>
        <time>2022-10-15T16:13:12Z</time>
      </trkpt>
      <trkpt lat="48.496341" lon="-121.121055">
        <ele>751.0</ele>
        <time>2022-10-15T16:13:14Z</time>
      </trkpt>
      <trkpt lat="48.496353" lon="-121.121105">
        <ele>750.0</ele>
        <time>2022-10-15T16:13:20Z</time>
      </trkpt>
      <trkpt lat="48.496346" lon="-121.121141">
        <ele>750.0</ele>
        <time>2022-10-15T16:13:33Z</time>
      </trkpt>
      <trkpt lat="48.496367" lon="-121.121117">
        <ele>751.0</ele>
        <time>2022-10-15T16:13:45Z</time>
      </trkpt>
      <trkpt lat="48.496406" lon="-121.121105">
        <ele>752.1</ele>
        <time>2022-10-15T16:13:47Z</time>
      </trkpt>
      <trkpt lat="48.496427" lon="-121.121062">
        <ele>751.0</ele>
        <time>2022-10-15T16:13:49Z</time>
      </trkpt>
      <trkpt lat="48.496422" lon="-121.121090">
        <ele>749.0</ele>
        <time>2022-10-15T16:13:58Z</time>
      </trkpt>
      <trkpt lat="48.496372" lon="-121.121139">
        <ele>752.6</ele>
        <time>2022-10-15T16:14:04Z</time>
      </trkpt>
      <trkpt lat="48.496317" lon="-121.121149">
        <ele>741.0</ele>
        <time>2022-10-15T16:14:16Z</time>
      </trkpt>
      <trkpt lat="48.496293" lon="-121.121077">
        <ele>756.0</ele>
        <time>2022-10-15T16:14:40Z</time>
      </trkpt>
      <trkpt lat="48.496313" lon="-121.121022">
        <ele>757.0</ele>
        <time>2022-10-15T16:14:52Z</time>
      </trkpt>
      <trkpt lat="48.496340" lon="-121.121105">
        <ele>756.0</ele>
        <time>2022-10-15T16:15:07Z</time>
      </trkpt>
      <trkpt lat="48.496279" lon="-121.121157">
        <ele>758.3</ele>
        <time>2022-10-15T16:15:23Z</time>
      </trkpt>
      <trkpt lat="48.496327" lon="-121.121146">
        <ele>752.0</ele>
        <time>2022-10-15T16:15:32Z</time>
      </trkpt>
      <trkpt lat="48.496354" lon="-121.121148">
        <ele>752.0</ele>
        <time>2022-10-15T16:15:40Z</time>
      </trkpt>
      <trkpt lat="48.496359" lon="-121.121157">
        <ele>754.0</ele>
        <time>2022-10-15T16:15:48Z</time>
      </trkpt>
      <trkpt lat="48.496314" lon="-121.121184">
        <ele>756.0</ele>
        <time>2022-10-15T16:15:57Z</time>
      </trkpt>
      <trkpt lat="48.496292" lon="-121.121234">
        <ele>758.0</ele>
        <time>2022-10-15T16:16:02Z</time>
      </trkpt>
      <trkpt lat="48.496322" lon="-121.121199">
        <ele>759.0</ele>
        <time>2022-10-15T16:16:05Z</time>
      </trkpt>
      <trkpt lat="48.496270" lon="-121.121217">
        <ele>760.3</ele>
        <time>2022-10-15T16:16:07Z</time>
      </trkpt>
      <trkpt lat="48.496301" lon="-121.121220">
        <ele>760.4</ele>
        <time>2022-10-15T16:16:08Z</time>
      </trkpt>
      <trkpt lat="48.496358" lon="-121.121202">
        <ele>760.0</ele>
        <time>2022-10-15T16:16:10Z</time>
      </trkpt>
      <trkpt lat="48.496356" lon="-121.121136">
        <ele>762.0</ele>
        <time>2022-10-15T16:16:18Z</time>
      </trkpt>
      <trkpt lat="48.496408" lon="-121.121098">
        <ele>762.0</ele>
        <time>2022-10-15T16:16:21Z</time>
      </trkpt>
      <trkpt lat="48.496412" lon="-121.121137">
        <ele>762.0</ele>
        <time>2022-10-15T16:16:25Z</time>
      </trkpt>
      <trkpt lat="48.496455" lon="-121.121118">
        <ele>763.6</ele>
        <time>2022-10-15T16:16:28Z</time>
      </trkpt>
      <trkpt lat="48.496438" lon="-121.121219">
        <ele>763.6</ele>
        <time>2022-10-15T16:16:30Z</time>
      </trkpt>
      <trkpt lat="48.496450" lon="-121.121129">
        <ele>760.0</ele>
        <time>2022-10-15T16:16:33Z</time>
      </trkpt>
      <trkpt lat="48.496433" lon="-121.121177">
        <ele>763.0</ele>
        <time>2022-10-15T16:16:36Z</time>
      </trkpt>
      <trkpt lat="48.496455" lon="-121.121126">
        <ele>764.0</ele>
        <time>2022-10-15T16:16:39Z</time>
      </trkpt>
      <trkpt lat="48.496487" lon="-121.121191">
        <ele>764.7</ele>
        <time>2022-10-15T16:16:42Z</time>
      </trkpt>
      <trkpt lat="48.496517" lon="-121.121154">
        <ele>765.0</ele>
        <time>2022-10-15T16:16:44Z</time>
      </trkpt>
      <trkpt lat="48.496493" lon="-121.121190">
        <ele>765.0</ele>
        <time>2022-10-15T16:16:46Z</time>
      </trkpt>
      <trkpt lat="48.496521" lon="-121.121221">
        <ele>764.0</ele>
        <time>2022-10-15T16:16:52Z</time>
      </trkpt>
      <trkpt lat="48.496519" lon="-121.121193">
        <ele>765.0</ele>
        <time>2022-10-15T16:17:00Z</time>
      </trkpt>
      <trkpt lat="48.496557" lon="-121.121185">
        <ele>768.0</ele>
        <time>2022-10-15T16:17:04Z</time>
      </trkpt>
      <trkpt lat="48.496515" lon="-121.121178">
        <ele>768.0</ele>
        <time>2022-10-15T16:17:07Z</time>
      </trkpt>
      <trkpt lat="48.496501" lon="-121.121113">
        <ele>770.0</ele>
        <time>2022-10-15T16:17:09Z</time>
      </trkpt>
      <trkpt lat="48.496552" lon="-121.121159">
        <ele>770.0</ele>
        <time>2022-10-15T16:17:13Z</time>
      </trkpt>
      <trkpt lat="48.496513" lon="-121.121228">
        <ele>770.0</ele>
        <time>2022-10-15T16:17:15Z</time>
      </trkpt>
      <trkpt lat="48.496513" lon="-121.121181">
        <ele>770.0</ele>
        <time>2022-10-15T16:17:17Z</time>
      </trkpt>
      <trkpt lat="48.496514" lon="-121.121213">
        <ele>770.0</ele>
        <time>2022-10-15T16:17:21Z</time>
      </trkpt>
      <trkpt lat="48.496529" lon="-121.121157">
        <ele>769.0</ele>
        <time>2022-10-15T16:17:41Z</time>
      </trkpt>
      <trkpt lat="48.496553" lon="-121.121180">
        <ele>770.2</ele>
        <time>2022-10-15T16:17:44Z</time>
      </trkpt>
      <trkpt lat="48.496522" lon="-121.121197">
        <ele>766.0</ele>
        <time>2022-10-15T16:17:48Z</time>
      </trkpt>
      <trkpt lat="48.496520" lon="-121.121174">
        <ele>767.0</ele>
        <time>2022-10-15T16:17:57Z</time>
      </trkpt>
      <trkpt lat="48.496601" lon="-121.121168">
        <ele>768.0</ele>
        <time>2022-10-15T16:17:59Z</time>
      </trkpt>
      <trkpt lat="48.496587" lon="-121.121103">
        <ele>768.0</ele>
        <time>2022-10-15T16:18:04Z</time>
      </trkpt>
      <trkpt lat="48.496612" lon="-121.121122">
        <ele>768.0</ele>
        <time>2022-10-15T16:18:08Z</time>
      </trkpt>
      <trkpt lat="48.496584" lon="-121.121183">
        <ele>768.0</ele>
        <time>2022-10-15T16:18:11Z</time>
      </trkpt>
      <trkpt lat="48.496582" lon="-121.121156">
        <ele>770.0</ele>
        <time>2022-10-15T16:18:15Z</time>
      </trkpt>
      <trkpt lat="48.496624" lon="-121.121113">
        <ele>771.0</ele>
        <time>2022-10-15T16:18:18Z</time>
      </trkpt>
      <trkpt lat="48.496641" lon="-121.121138">
        <ele>771.0</ele>
        <time>2022-10-15T16:18:20Z</time>
      </trkpt>
      <trkpt lat="48.496692" lon="-121.121112">
        <ele>773.3</ele>
        <time>2022-10-15T16:18:22Z</time>
      </trkpt>
      <trkpt lat="48.496662" lon="-121.121126">
        <ele>772.0</ele>
        <time>2022-10-15T16:18:23Z</time>
      </trkpt>
      <trkpt lat="48.496613" lon="-121.121128">
        <ele>770.0</ele>
        <time>2022-10-15T16:18:28Z</time>
      </trkpt>
      <trkpt lat="48.496629" lon="-121.121086">
        <ele>770.0</ele>
        <time>2022-10-15T16:18:36Z</time>
      </trkpt>
      <trkpt lat="48.496647" lon="-121.121125">
        <ele>772.0</ele>
        <time>2022-10-15T16:18:42Z</time>
      </trkpt>
      <trkpt lat="48.496622" lon="-121.121221">
        <ele>778.0</ele>
        <time>2022-10-15T16:18:47Z</time>
      </trkpt>
      <trkpt lat="48.496646" lon="-121.121250">
        <ele>779.4</ele>
        <time>2022-10-15T16:18:48Z</time>
      </trkpt>
      <trkpt lat="48.496646" lon="-121.121201">
        <ele>779.0</ele>
        <time>2022-10-15T16:18:50Z</time>
      </trkpt>
      <trkpt lat="48.496617" lon="-121.121129">
        <ele>776.0</ele>
        <time>2022-10-15T16:18:53Z</time>
      </trkpt>
      <trkpt lat="48.496614" lon="-121.121097">
        <ele>777.0</ele>
        <time>2022-10-15T16:18:57Z</time>
      </trkpt>
      <trkpt lat="48.496634" lon="-121.121079">
        <ele>775.0</ele>
        <time>2022-10-15T16:19:03Z</time>
      </trkpt>
      <trkpt lat="48.496610" lon="-121.121073">
        <ele>776.8</ele>
        <time>2022-10-15T16:19:06Z</time>
      </trkpt>
      <trkpt lat="48.496606" lon="-121.121106">
        <ele>776.0</ele>
        <time>2022-10-15T16:19:08Z</time>
      </trkpt>
      <trkpt lat="48.496678" lon="-121.121133">
        <ele>769.0</ele>
        <time>2022-10-15T16:19:16Z</time>
      </trkpt>
      <trkpt lat="48.496709" lon="-121.121131">
        <ele>780.6</ele>
        <time>2022-10-15T16:19:22Z</time>
      </trkpt>
      <trkpt lat="48.496664" lon="-121.121126">
        <ele>778.0</ele>
        <time>2022-10-15T16:19:25Z</time>
      </trkpt>
      <trkpt lat="48.496688" lon="-121.121153">
        <ele>778.0</ele>
        <time>2022-10-15T16:19:30Z</time>
      </trkpt>
      <trkpt lat="48.496665" lon="-121.121203">
        <ele>783.4</ele>
        <time>2022-10-15T16:19:35Z</time>
      </trkpt>
      <trkpt lat="48.496683" lon="-121.121234">
        <ele>783.0</ele>
        <time>2022-10-15T16:19:37Z</time>
      </trkpt>
      <trkpt lat="48.496718" lon="-121.121218">
        <ele>781.8</ele>
        <time>2022-10-15T16:19:38Z</time>
      </trkpt>
      <trkpt lat="48.496737" lon="-121.121169">
        <ele>781.0</ele>
        <time>2022-10-15T16:19:47Z</time>
      </trkpt>
      <trkpt lat="48.496749" lon="-121.121092">
        <ele>782.0</ele>
        <time>2022-10-15T16:19:51Z</time>
      </trkpt>
      <trkpt lat="48.496739" lon="-121.121122">
        <ele>780.0</ele>
        <time>2022-10-15T16:19:53Z</time>
      </trkpt>
      <trkpt lat="48.496744" lon="-121.121165">
        <ele>782.0</ele>
        <time>2022-10-15T16:19:56Z</time>
      </trkpt>
      <trkpt lat="48.496771" lon="-121.121208">
        <ele>784.2</ele>
        <time>2022-10-15T16:19:58Z</time>
      </trkpt>
      <trkpt lat="48.496735" lon="-121.121267">
        <ele>783.8</ele>
        <time>2022-10-15T16:19:59Z</time>
      </trkpt>
      <trkpt lat="48.496745" lon="-121.121228">
        <ele>784.0</ele>
        <time>2022-10-15T16:20:01Z</time>
      </trkpt>
      <trkpt lat="48.496747" lon="-121.121143">
        <ele>782.0</ele>
        <time>2022-10-15T16:20:06Z</time>
      </trkpt>
      <trkpt lat="48.496775" lon="-121.121115">
        <ele>783.0</ele>
        <time>2022-10-15T16:20:19Z</time>
      </trkpt>
      <trkpt lat="48.496808" lon="-121.121042">
        <ele>789.4</ele>
        <time>2022-10-15T16:20:33Z</time>
      </trkpt>
      <trkpt lat="48.496790" lon="-121.121068">
        <ele>788.0</ele>
        <time>2022-10-15T16:20:37Z</time>
      </trkpt>
      <trkpt lat="48.496799" lon="-121.121039">
        <ele>789.3</ele>
        <time>2022-10-15T16:20:44Z</time>
      </trkpt>
      <trkpt lat="48.496823" lon="-121.121018">
        <ele>789.0</ele>
        <time>2022-10-15T16:20:49Z</time>
      </trkpt>
      <trkpt lat="48.496832" lon="-121.121044">
        <ele>791.0</ele>
        <time>2022-10-15T16:20:58Z</time>
      </trkpt>
      <trkpt lat="48.496849" lon="-121.120993">
        <ele>792.0</ele>
        <time>2022-10-15T16:21:06Z</time>
      </trkpt>
      <trkpt lat="48.496893" lon="-121.120954">
        <ele>792.0</ele>
        <time>2022-10-15T16:21:11Z</time>
      </trkpt>
      <trkpt lat="48.496906" lon="-121.121060">
        <ele>792.0</ele>
        <time>2022-10-15T16:21:38Z</time>
      </trkpt>
      <trkpt lat="48.496890" lon="-121.121019">
        <ele>792.0</ele>
        <time>2022-10-15T16:21:46Z</time>
      </trkpt>
      <trkpt lat="48.496925" lon="-121.120983">
        <ele>794.0</ele>
        <time>2022-10-15T16:21:49Z</time>
      </trkpt>
      <trkpt lat="48.496943" lon="-121.121055">
        <ele>790.0</ele>
        <time>2022-10-15T16:22:01Z</time>
      </trkpt>
      <trkpt lat="48.496973" lon="-121.121079">
        <ele>793.0</ele>
        <time>2022-10-15T16:22:13Z</time>
      </trkpt>
      <trkpt lat="48.496995" lon="-121.121044">
        <ele>800.0</ele>
        <time>2022-10-15T16:22:19Z</time>
      </trkpt>
      <trkpt lat="48.497095" lon="-121.121147">
        <ele>800.0</ele>
        <time>2022-10-15T16:22:36Z</time>
      </trkpt>
      <trkpt lat="48.497140" lon="-121.121148">
        <ele>803.0</ele>
        <time>2022-10-15T16:22:53Z</time>
      </trkpt>
      <trkpt lat="48.497116" lon="-121.121188">
        <ele>809.0</ele>
        <time>2022-10-15T16:23:02Z</time>
      </trkpt>
      <trkpt lat="48.497107" lon="-121.121158">
        <ele>808.0</ele>
        <time>2022-10-15T16:23:07Z</time>
      </trkpt>
      <trkpt lat="48.497142" lon="-121.121124">
        <ele>806.0</ele>
        <time>2022-10-15T16:23:16Z</time>
      </trkpt>
      <trkpt lat="48.497166" lon="-121.121121">
        <ele>809.0</ele>
        <time>2022-10-15T16:23:31Z</time>
      </trkpt>
      <trkpt lat="48.497188" lon="-121.121023">
        <ele>814.7</ele>
        <time>2022-10-15T16:23:42Z</time>
      </trkpt>
      <trkpt lat="48.497224" lon="-121.121053">
        <ele>810.0</ele>
        <time>2022-10-15T16:23:51Z</time>
      </trkpt>
      <trkpt lat="48.497249" lon="-121.121102">
        <ele>814.7</ele>
        <time>2022-10-15T16:23:54Z</time>
      </trkpt>
      <trkpt lat="48.497218" lon="-121.121094">
        <ele>815.0</ele>
        <time>2022-10-15T16:23:56Z</time>
      </trkpt>
      <trkpt lat="48.497228" lon="-121.120970">
        <ele>815.0</ele>
        <time>2022-10-15T16:24:07Z</time>
      </trkpt>
      <trkpt lat="48.497271" lon="-121.120963">
        <ele>814.0</ele>
        <time>2022-10-15T16:24:12Z</time>
      </trkpt>
      <trkpt lat="48.497294" lon="-121.120893">
        <ele>816.0</ele>
        <time>2022-10-15T16:24:22Z</time>
      </trkpt>
      <trkpt lat="48.497278" lon="-121.120847">
        <ele>816.0</ele>
        <time>2022-10-15T16:24:26Z</time>
      </trkpt>
      <trkpt lat="48.497273" lon="-121.120879">
        <ele>816.0</ele>
        <time>2022-10-15T16:24:31Z</time>
      </trkpt>
      <trkpt lat="48.497304" lon="-121.120929">
        <ele>817.0</ele>
        <time>2022-10-15T16:24:34Z</time>
      </trkpt>
      <trkpt lat="48.497331" lon="-121.120872">
        <ele>816.0</ele>
        <time>2022-10-15T16:24:38Z</time>
      </trkpt>
      <trkpt lat="48.497338" lon="-121.120807">
        <ele>818.0</ele>
        <time>2022-10-15T16:24:47Z</time>
      </trkpt>
      <trkpt lat="48.497409" lon="-121.120866">
        <ele>821.0</ele>
        <time>2022-10-15T16:25:01Z</time>
      </trkpt>
      <trkpt lat="48.497409" lon="-121.120832">
        <ele>820.0</ele>
        <time>2022-10-15T16:25:03Z</time>
      </trkpt>
      <trkpt lat="48.497390" lon="-121.120796">
        <ele>821.0</ele>
        <time>2022-10-15T16:25:06Z</time>
      </trkpt>
      <trkpt lat="48.497440" lon="-121.120798">
        <ele>820.0</ele>
        <time>2022-10-15T16:25:12Z</time>
      </trkpt>
      <trkpt lat="48.497436" lon="-121.120873">
        <ele>827.0</ele>
        <time>2022-10-15T16:25:23Z</time>
      </trkpt>
      <trkpt lat="48.497490" lon="-121.120865">
        <ele>829.0</ele>
        <time>2022-10-15T16:25:34Z</time>
      </trkpt>
      <trkpt lat="48.497492" lon="-121.120913">
        <ele>831.0</ele>
        <time>2022-10-15T16:25:40Z</time>
      </trkpt>
      <trkpt lat="48.497507" lon="-121.120881">
        <ele>828.0</ele>
        <time>2022-10-15T16:25:46Z</time>
      </trkpt>
      <trkpt lat="48.497514" lon="-121.120783">
        <ele>834.0</ele>
        <time>2022-10-15T16:26:01Z</time>
      </trkpt>
      <trkpt lat="48.497532" lon="-121.120813">
        <ele>834.0</ele>
        <time>2022-10-15T16:26:05Z</time>
      </trkpt>
      <trkpt lat="48.497558" lon="-121.120800">
        <ele>834.0</ele>
        <time>2022-10-15T16:26:10Z</time>
      </trkpt>
      <trkpt lat="48.497572" lon="-121.120858">
        <ele>836.0</ele>
        <time>2022-10-15T16:26:21Z</time>
      </trkpt>
      <trkpt lat="48.497602" lon="-121.120840">
        <ele>833.0</ele>
        <time>2022-10-15T16:26:31Z</time>
      </trkpt>
      <trkpt lat="48.497602" lon="-121.120827">
        <ele>836.0</ele>
        <time>2022-10-15T16:26:37Z</time>
      </trkpt>
      <trkpt lat="48.497616" lon="-121.120841">
        <ele>833.0</ele>
        <time>2022-10-15T16:26:43Z</time>
      </trkpt>
      <trkpt lat="48.497635" lon="-121.120901">
        <ele>837.0</ele>
        <time>2022-10-15T16:26:55Z</time>
      </trkpt>
      <trkpt lat="48.497700" lon="-121.120926">
        <ele>841.4</ele>
        <time>2022-10-15T16:27:02Z</time>
      </trkpt>
      <trkpt lat="48.497722" lon="-121.120897">
        <ele>839.0</ele>
        <time>2022-10-15T16:27:05Z</time>
      </trkpt>
      <trkpt lat="48.497725" lon="-121.120930">
        <ele>842.1</ele>
        <time>2022-10-15T16:27:08Z</time>
      </trkpt>
      <trkpt lat="48.497699" lon="-121.120899">
        <ele>840.0</ele>
        <time>2022-10-15T16:27:11Z</time>
      </trkpt>
      <trkpt lat="48.497738" lon="-121.120910">
        <ele>840.0</ele>
        <time>2022-10-15T16:27:17Z</time>
      </trkpt>
      <trkpt lat="48.497719" lon="-121.120958">
        <ele>843.0</ele>
        <time>2022-10-15T16:27:20Z</time>
      </trkpt>
      <trkpt lat="48.497721" lon="-121.120843">
        <ele>844.0</ele>
        <time>2022-10-15T16:27:25Z</time>
      </trkpt>
      <trkpt lat="48.497684" lon="-121.120947">
        <ele>843.0</ele>
        <time>2022-10-15T16:27:29Z</time>
      </trkpt>
      <trkpt lat="48.497703" lon="-121.120911">
        <ele>843.0</ele>
        <time>2022-10-15T16:27:31Z</time>
      </trkpt>
      <trkpt lat="48.497697" lon="-121.120941">
        <ele>845.9</ele>
        <time>2022-10-15T16:27:33Z</time>
      </trkpt>
      <trkpt lat="48.497715" lon="-121.120966">
        <ele>845.0</ele>
        <time>2022-10-15T16:27:36Z</time>
      </trkpt>
      <trkpt lat="48.497748" lon="-121.120924">
        <ele>846.0</ele>
        <time>2022-10-15T16:27:49Z</time>
      </trkpt>
      <trkpt lat="48.497784" lon="-121.120920">
        <ele>846.0</ele>
        <time>2022-10-15T16:27:58Z</time>
      </trkpt>
      <trkpt lat="48.497842" lon="-121.120880">
        <ele>847.0</ele>
        <time>2022-10-15T16:28:10Z</time>
      </trkpt>
      <trkpt lat="48.497838" lon="-121.120908">
        <ele>852.0</ele>
        <time>2022-10-15T16:28:17Z</time>
      </trkpt>
      <trkpt lat="48.497806" lon="-121.120893">
        <ele>852.0</ele>
        <time>2022-10-15T16:28:19Z</time>
      </trkpt>
      <trkpt lat="48.497844" lon="-121.120865">
        <ele>851.0</ele>
        <time>2022-10-15T16:28:24Z</time>
      </trkpt>
      <trkpt lat="48.497855" lon="-121.120831">
        <ele>850.0</ele>
        <time>2022-10-15T16:28:32Z</time>
      </trkpt>
      <trkpt lat="48.497838" lon="-121.120798">
        <ele>848.0</ele>
        <time>2022-10-15T16:28:41Z</time>
      </trkpt>
      <trkpt lat="48.497881" lon="-121.120849">
        <ele>854.0</ele>
        <time>2022-10-15T16:28:54Z</time>
      </trkpt>
      <trkpt lat="48.497870" lon="-121.120801">
        <ele>853.0</ele>
        <time>2022-10-15T16:28:58Z</time>
      </trkpt>
      <trkpt lat="48.497882" lon="-121.120814">
        <ele>854.0</ele>
        <time>2022-10-15T16:29:02Z</time>
      </trkpt>
      <trkpt lat="48.497931" lon="-121.120815">
        <ele>854.0</ele>
        <time>2022-10-15T16:29:11Z</time>
      </trkpt>
      <trkpt lat="48.497943" lon="-121.120854">
        <ele>853.0</ele>
        <time>2022-10-15T16:29:22Z</time>
      </trkpt>
      <trkpt lat="48.497930" lon="-121.120817">
        <ele>856.0</ele>
        <time>2022-10-15T16:29:34Z</time>
      </trkpt>
      <trkpt lat="48.497950" lon="-121.120763">
        <ele>857.0</ele>
        <time>2022-10-15T16:29:38Z</time>
      </trkpt>
      <trkpt lat="48.497933" lon="-121.120735">
        <ele>858.0</ele>
        <time>2022-10-15T16:29:42Z</time>
      </trkpt>
      <trkpt lat="48.497964" lon="-121.120721">
        <ele>859.0</ele>
        <time>2022-10-15T16:29:46Z</time>
      </trkpt>
      <trkpt lat="48.497922" lon="-121.120692">
        <ele>860.4</ele>
        <time>2022-10-15T16:29:48Z</time>
      </trkpt>
      <trkpt lat="48.497951" lon="-121.120664">
        <ele>860.0</ele>
        <time>2022-10-15T16:29:55Z</time>
      </trkpt>
      <trkpt lat="48.497961" lon="-121.120699">
        <ele>860.0</ele>
        <time>2022-10-15T16:30:04Z</time>
      </trkpt>
      <trkpt lat="48.498009" lon="-121.120745">
        <ele>862.0</ele>
        <time>2022-10-15T16:30:07Z</time>
      </trkpt>
      <trkpt lat="48.497998" lon="-121.120779">
        <ele>855.0</ele>
        <time>2022-10-15T16:30:15Z</time>
      </trkpt>
      <trkpt lat="48.498032" lon="-121.120709">
        <ele>868.8</ele>
        <time>2022-10-15T16:30:26Z</time>
      </trkpt>
      <trkpt lat="48.498035" lon="-121.120776">
        <ele>867.0</ele>
        <time>2022-10-15T16:30:48Z</time>
      </trkpt>
      <trkpt lat="48.498066" lon="-121.120816">
        <ele>867.0</ele>
        <time>2022-10-15T16:30:53Z</time>
      </trkpt>
      <trkpt lat="48.498063" lon="-121.120784">
        <ele>870.5</ele>
        <time>2022-10-15T16:30:55Z</time>
      </trkpt>
      <trkpt lat="48.498090" lon="-121.120799">
        <ele>867.0</ele>
        <time>2022-10-15T16:30:57Z</time>
      </trkpt>
      <trkpt lat="48.498018" lon="-121.120675">
        <ele>873.0</ele>
        <time>2022-10-15T16:31:16Z</time>
      </trkpt>
      <trkpt lat="48.498035" lon="-121.120640">
        <ele>874.0</ele>
        <time>2022-10-15T16:31:18Z</time>
      </trkpt>
      <trkpt lat="48.498071" lon="-121.120643">
        <ele>872.0</ele>
        <time>2022-10-15T16:31:20Z</time>
      </trkpt>
      <trkpt lat="48.498086" lon="-121.120690">
        <ele>872.0</ele>
        <time>2022-10-15T16:31:24Z</time>
      </trkpt>
      <trkpt lat="48.498080" lon="-121.120615">
        <ele>875.0</ele>
        <time>2022-10-15T16:31:30Z</time>
      </trkpt>
      <trkpt lat="48.498143" lon="-121.120647">
        <ele>873.0</ele>
        <time>2022-10-15T16:31:39Z</time>
      </trkpt>
      <trkpt lat="48.498164" lon="-121.120691">
        <ele>870.0</ele>
        <time>2022-10-15T16:31:46Z</time>
      </trkpt>
      <trkpt lat="48.498159" lon="-121.120746">
        <ele>877.4</ele>
        <time>2022-10-15T16:31:51Z</time>
      </trkpt>
      <trkpt lat="48.498188" lon="-121.120703">
        <ele>870.0</ele>
        <time>2022-10-15T16:31:57Z</time>
      </trkpt>
      <trkpt lat="48.498223" lon="-121.120687">
        <ele>879.0</ele>
        <time>2022-10-15T16:32:02Z</time>
      </trkpt>
      <trkpt lat="48.498204" lon="-121.120714">
        <ele>879.0</ele>
        <time>2022-10-15T16:32:04Z</time>
      </trkpt>
      <trkpt lat="48.498222" lon="-121.120665">
        <ele>879.0</ele>
        <time>2022-10-15T16:32:06Z</time>
      </trkpt>
      <trkpt lat="48.498183" lon="-121.120637">
        <ele>873.0</ele>
        <time>2022-10-15T16:32:11Z</time>
      </trkpt>
      <trkpt lat="48.498199" lon="-121.120698">
        <ele>875.0</ele>
        <time>2022-10-15T16:32:19Z</time>
      </trkpt>
      <trkpt lat="48.498223" lon="-121.120667">
        <ele>876.0</ele>
        <time>2022-10-15T16:32:28Z</time>
      </trkpt>
      <trkpt lat="48.498221" lon="-121.120620">
        <ele>873.0</ele>
        <time>2022-10-15T16:32:35Z</time>
      </trkpt>
      <trkpt lat="48.498234" lon="-121.120655">
        <ele>877.0</ele>
        <time>2022-10-15T16:32:44Z</time>
      </trkpt>
      <trkpt lat="48.498267" lon="-121.120661">
        <ele>882.0</ele>
        <time>2022-10-15T16:32:50Z</time>
      </trkpt>
      <trkpt lat="48.498312" lon="-121.120726">
        <ele>884.0</ele>
        <time>2022-10-15T16:32:57Z</time>
      </trkpt>
      <trkpt lat="48.498288" lon="-121.120762">
        <ele>884.7</ele>
        <time>2022-10-15T16:32:59Z</time>
      </trkpt>
      <trkpt lat="48.498323" lon="-121.120814">
        <ele>884.2</ele>
        <time>2022-10-15T16:33:00Z</time>
      </trkpt>
      <trkpt lat="48.498337" lon="-121.120784">
        <ele>884.0</ele>
        <time>2022-10-15T16:33:01Z</time>
      </trkpt>
      <trkpt lat="48.498319" lon="-121.120731">
        <ele>884.0</ele>
        <time>2022-10-15T16:33:03Z</time>
      </trkpt>
      <trkpt lat="48.498329" lon="-121.120642">
        <ele>885.0</ele>
        <time>2022-10-15T16:33:07Z</time>
      </trkpt>
      <trkpt lat="48.498301" lon="-121.120547">
        <ele>887.0</ele>
        <time>2022-10-15T16:33:12Z</time>
      </trkpt>
      <trkpt lat="48.498297" lon="-121.120580">
        <ele>885.0</ele>
        <time>2022-10-15T16:33:14Z</time>
      </trkpt>
      <trkpt lat="48.498288" lon="-121.120529">
        <ele>888.0</ele>
        <time>2022-10-15T16:33:24Z</time>
      </trkpt>
      <trkpt lat="48.498283" lon="-121.120573">
        <ele>888.0</ele>
        <time>2022-10-15T16:33:30Z</time>
      </trkpt>
      <trkpt lat="48.498296" lon="-121.120604">
        <ele>888.0</ele>
        <time>2022-10-15T16:33:33Z</time>
      </trkpt>
      <trkpt lat="48.498324" lon="-121.120632">
        <ele>890.0</ele>
        <time>2022-10-15T16:33:36Z</time>
      </trkpt>
      <trkpt lat="48.498360" lon="-121.120610">
        <ele>888.0</ele>
        <time>2022-10-15T16:33:42Z</time>
      </trkpt>
      <trkpt lat="48.498357" lon="-121.120673">
        <ele>892.0</ele>
        <time>2022-10-15T16:33:56Z</time>
      </trkpt>
      <trkpt lat="48.498382" lon="-121.120629">
        <ele>893.0</ele>
        <time>2022-10-15T16:33:58Z</time>
      </trkpt>
      <trkpt lat="48.498409" lon="-121.120640">
        <ele>893.5</ele>
        <time>2022-10-15T16:34:00Z</time>
      </trkpt>
      <trkpt lat="48.498369" lon="-121.120578">
        <ele>889.0</ele>
        <time>2022-10-15T16:34:08Z</time>
      </trkpt>
      <trkpt lat="48.498366" lon="-121.120536">
        <ele>888.0</ele>
        <time>2022-10-15T16:34:21Z</time>
      </trkpt>
      <trkpt lat="48.498411" lon="-121.120628">
        <ele>896.0</ele>
        <time>2022-10-15T16:34:47Z</time>
      </trkpt>
      <trkpt lat="48.498437" lon="-121.120603">
        <ele>898.0</ele>
        <time>2022-10-15T16:34:54Z</time>
      </trkpt>
      <trkpt lat="48.498434" lon="-121.120637">
        <ele>899.9</ele>
        <time>2022-10-15T16:34:57Z</time>
      </trkpt>
      <trkpt lat="48.498455" lon="-121.120675">
        <ele>897.0</ele>
        <time>2022-10-15T16:34:59Z</time>
      </trkpt>
      <trkpt lat="48.498447" lon="-121.120640">
        <ele>896.0</ele>
        <time>2022-10-15T16:35:05Z</time>
      </trkpt>
      <trkpt lat="48.498451" lon="-121.120597">
        <ele>896.0</ele>
        <time>2022-10-15T16:35:12Z</time>
      </trkpt>
      <trkpt lat="48.498462" lon="-121.120642">
        <ele>900.0</ele>
        <time>2022-10-15T16:35:19Z</time>
      </trkpt>
      <trkpt lat="48.498503" lon="-121.120629">
        <ele>901.0</ele>
        <time>2022-10-15T16:35:24Z</time>
      </trkpt>
      <trkpt lat="48.498475" lon="-121.120531">
        <ele>904.0</ele>
        <time>2022-10-15T16:35:32Z</time>
      </trkpt>
      <trkpt lat="48.498485" lon="-121.120591">
        <ele>905.7</ele>
        <time>2022-10-15T16:35:36Z</time>
      </trkpt>
      <trkpt lat="48.498509" lon="-121.120600">
        <ele>903.0</ele>
        <time>2022-10-15T16:35:38Z</time>
      </trkpt>
      <trkpt lat="48.498552" lon="-121.120587">
        <ele>905.3</ele>
        <time>2022-10-15T16:35:40Z</time>
      </trkpt>
      <trkpt lat="48.498569" lon="-121.120616">
        <ele>904.0</ele>
        <time>2022-10-15T16:35:42Z</time>
      </trkpt>
      <trkpt lat="48.498518" lon="-121.120539">
        <ele>905.0</ele>
        <time>2022-10-15T16:35:48Z</time>
      </trkpt>
      <trkpt lat="48.498488" lon="-121.120576">
        <ele>904.0</ele>
        <time>2022-10-15T16:35:54Z</time>
      </trkpt>
      <trkpt lat="48.498497" lon="-121.120544">
        <ele>906.4</ele>
        <time>2022-10-15T16:35:55Z</time>
      </trkpt>
      <trkpt lat="48.498557" lon="-121.120528">
        <ele>905.8</ele>
        <time>2022-10-15T16:36:03Z</time>
      </trkpt>
      <trkpt lat="48.498578" lon="-121.120569">
        <ele>905.9</ele>
        <time>2022-10-15T16:36:04Z</time>
      </trkpt>
      <trkpt lat="48.498542" lon="-121.120567">
        <ele>905.9</ele>
        <time>2022-10-15T16:36:05Z</time>
      </trkpt>
      <trkpt lat="48.498512" lon="-121.120524">
        <ele>904.0</ele>
        <time>2022-10-15T16:36:13Z</time>
      </trkpt>
      <trkpt lat="48.498533" lon="-121.120488">
        <ele>907.0</ele>
        <time>2022-10-15T16:36:27Z</time>
      </trkpt>
      <trkpt lat="48.498536" lon="-121.120510">
        <ele>907.0</ele>
        <time>2022-10-15T16:36:37Z</time>
      </trkpt>
      <trkpt lat="48.498597" lon="-121.120516">
        <ele>908.0</ele>
        <time>2022-10-15T16:36:41Z</time>
      </trkpt>
      <trkpt lat="48.498540" lon="-121.120470">
        <ele>910.6</ele>
        <time>2022-10-15T16:36:56Z</time>
      </trkpt>
      <trkpt lat="48.498528" lon="-121.120576">
        <ele>910.0</ele>
        <time>2022-10-15T16:37:00Z</time>
      </trkpt>
      <trkpt lat="48.498567" lon="-121.120519">
        <ele>909.0</ele>
        <time>2022-10-15T16:37:03Z</time>
      </trkpt>
      <trkpt lat="48.498610" lon="-121.120544">
        <ele>909.0</ele>
        <time>2022-10-15T16:37:06Z</time>
      </trkpt>
      <trkpt lat="48.498594" lon="-121.120525">
        <ele>912.3</ele>
        <time>2022-10-15T16:37:09Z</time>
      </trkpt>
      <trkpt lat="48.498617" lon="-121.120608">
        <ele>912.0</ele>
        <time>2022-10-15T16:37:19Z</time>
      </trkpt>
      <trkpt lat="48.498626" lon="-121.120559">
        <ele>911.0</ele>
        <time>2022-10-15T16:37:22Z</time>
      </trkpt>
      <trkpt lat="48.498618" lon="-121.120555">
        <ele>910.0</ele>
        <time>2022-10-15T16:37:30Z</time>
      </trkpt>
      <trkpt lat="48.498618" lon="-121.120569">
        <ele>914.4</ele>
        <time>2022-10-15T16:37:37Z</time>
      </trkpt>
      <trkpt lat="48.498650" lon="-121.120572">
        <ele>914.2</ele>
        <time>2022-10-15T16:37:38Z</time>
      </trkpt>
      <trkpt lat="48.498655" lon="-121.120615">
        <ele>914.0</ele>
        <time>2022-10-15T16:37:40Z</time>
      </trkpt>
      <trkpt lat="48.498628" lon="-121.120526">
        <ele>914.0</ele>
        <time>2022-10-15T16:38:06Z</time>
      </trkpt>
      <trkpt lat="48.498636" lon="-121.120564">
        <ele>914.0</ele>
        <time>2022-10-15T16:38:07Z</time>
      </trkpt>
      <trkpt lat="48.498621" lon="-121.120542">
        <ele>916.2</ele>
        <time>2022-10-15T16:38:13Z</time>
      </trkpt>
      <trkpt lat="48.498676" lon="-121.120617">
        <ele>916.0</ele>
        <time>2022-10-15T16:38:32Z</time>
      </trkpt>
      <trkpt lat="48.498716" lon="-121.120567">
        <ele>917.9</ele>
        <time>2022-10-15T16:38:34Z</time>
      </trkpt>
      <trkpt lat="48.498698" lon="-121.120654">
        <ele>918.0</ele>
        <time>2022-10-15T16:38:36Z</time>
      </trkpt>
      <trkpt lat="48.498668" lon="-121.120576">
        <ele>918.5</ele>
        <time>2022-10-15T16:38:41Z</time>
      </trkpt>
      <trkpt lat="48.498699" lon="-121.120547">
        <ele>917.0</ele>
        <time>2022-10-15T16:38:45Z</time>
      </trkpt>
      <trkpt lat="48.498686" lon="-121.120505">
        <ele>918.9</ele>
        <time>2022-10-15T16:38:49Z</time>
      </trkpt>
      <trkpt lat="48.498681" lon="-121.120537">
        <ele>918.0</ele>
        <time>2022-10-15T16:38:51Z</time>
      </trkpt>
      <trkpt lat="48.498680" lon="-121.120491">
        <ele>919.0</ele>
        <time>2022-10-15T16:38:54Z</time>
      </trkpt>
      <trkpt lat="48.498684" lon="-121.120544">
        <ele>918.0</ele>
        <time>2022-10-15T16:38:59Z</time>
      </trkpt>
      <trkpt lat="48.498701" lon="-121.120498">
        <ele>921.3</ele>
        <time>2022-10-15T16:39:03Z</time>
      </trkpt>
      <trkpt lat="48.498722" lon="-121.120524">
        <ele>921.6</ele>
        <time>2022-10-15T16:39:04Z</time>
      </trkpt>
      <trkpt lat="48.498707" lon="-121.120565">
        <ele>920.0</ele>
        <time>2022-10-15T16:39:05Z</time>
      </trkpt>
      <trkpt lat="48.498719" lon="-121.120596">
        <ele>920.0</ele>
        <time>2022-10-15T16:39:09Z</time>
      </trkpt>
      <trkpt lat="48.498738" lon="-121.120576">
        <ele>918.0</ele>
        <time>2022-10-15T16:39:15Z</time>
      </trkpt>
      <trkpt lat="48.498743" lon="-121.120540">
        <ele>920.0</ele>
        <time>2022-10-15T16:39:25Z</time>
      </trkpt>
      <trkpt lat="48.498794" lon="-121.120589">
        <ele>920.6</ele>
        <time>2022-10-15T16:39:32Z</time>
      </trkpt>
      <trkpt lat="48.498781" lon="-121.120618">
        <ele>920.0</ele>
        <time>2022-10-15T16:39:35Z</time>
      </trkpt>
      <trkpt lat="48.498745" lon="-121.120604">
        <ele>920.0</ele>
        <time>2022-10-15T16:39:39Z</time>
      </trkpt>
      <trkpt lat="48.498776" lon="-121.120598">
        <ele>923.0</ele>
        <time>2022-10-15T16:39:44Z</time>
      </trkpt>
      <trkpt lat="48.498803" lon="-121.120657">
        <ele>925.0</ele>
        <time>2022-10-15T16:39:46Z</time>
      </trkpt>
      <trkpt lat="48.498784" lon="-121.120664">
        <ele>926.0</ele>
        <time>2022-10-15T16:39:47Z</time>
      </trkpt>
      <trkpt lat="48.498777" lon="-121.120604">
        <ele>924.0</ele>
        <time>2022-10-15T16:39:59Z</time>
      </trkpt>
      <trkpt lat="48.498774" lon="-121.120638">
        <ele>923.0</ele>
        <time>2022-10-15T16:40:14Z</time>
      </trkpt>
      <trkpt lat="48.498815" lon="-121.120746">
        <ele>933.7</ele>
        <time>2022-10-15T16:40:28Z</time>
      </trkpt>
      <trkpt lat="48.498818" lon="-121.120653">
        <ele>930.0</ele>
        <time>2022-10-15T16:40:32Z</time>
      </trkpt>
      <trkpt lat="48.498790" lon="-121.120625">
        <ele>930.0</ele>
        <time>2022-10-15T16:40:35Z</time>
      </trkpt>
      <trkpt lat="48.498801" lon="-121.120570">
        <ele>932.0</ele>
        <time>2022-10-15T16:40:37Z</time>
      </trkpt>
      <trkpt lat="48.498834" lon="-121.120558">
        <ele>934.0</ele>
        <time>2022-10-15T16:40:40Z</time>
      </trkpt>
      <trkpt lat="48.498827" lon="-121.120607">
        <ele>932.0</ele>
        <time>2022-10-15T16:40:49Z</time>
      </trkpt>
      <trkpt lat="48.498847" lon="-121.120508">
        <ele>937.0</ele>
        <time>2022-10-15T16:41:06Z</time>
      </trkpt>
      <trkpt lat="48.498863" lon="-121.120554">
        <ele>939.0</ele>
        <time>2022-10-15T16:41:19Z</time>
      </trkpt>
      <trkpt lat="48.498877" lon="-121.120509">
        <ele>941.0</ele>
        <time>2022-10-15T16:41:22Z</time>
      </trkpt>
      <trkpt lat="48.498855" lon="-121.120431">
        <ele>943.4</ele>
        <time>2022-10-15T16:41:26Z</time>
      </trkpt>
      <trkpt lat="48.498862" lon="-121.120484">
        <ele>943.5</ele>
        <time>2022-10-15T16:41:28Z</time>
      </trkpt>
      <trkpt lat="48.498886" lon="-121.120428">
        <ele>944.0</ele>
        <time>2022-10-15T16:41:39Z</time>
      </trkpt>
      <trkpt lat="48.498920" lon="-121.120486">
        <ele>942.0</ele>
        <time>2022-10-15T16:41:44Z</time>
      </trkpt>
      <trkpt lat="48.498946" lon="-121.120368">
        <ele>942.0</ele>
        <time>2022-10-15T16:41:57Z</time>
      </trkpt>
      <trkpt lat="48.498959" lon="-121.120412">
        <ele>944.0</ele>
        <time>2022-10-15T16:42:02Z</time>
      </trkpt>
      <trkpt lat="48.498956" lon="-121.120485">
        <ele>942.0</ele>
        <time>2022-10-15T16:42:11Z</time>
      </trkpt>
      <trkpt lat="48.498998" lon="-121.120571">
        <ele>946.0</ele>
        <time>2022-10-15T16:42:17Z</time>
      </trkpt>
      <trkpt lat="48.499001" lon="-121.120531">
        <ele>945.0</ele>
        <time>2022-10-15T16:42:21Z</time>
      </trkpt>
      <trkpt lat="48.499004" lon="-121.120583">
        <ele>948.0</ele>
        <time>2022-10-15T16:42:32Z</time>
      </trkpt>
      <trkpt lat="48.499015" lon="-121.120536">
        <ele>942.0</ele>
        <time>2022-10-15T16:42:41Z</time>
      </trkpt>
      <trkpt lat="48.499030" lon="-121.120563">
        <ele>948.0</ele>
        <time>2022-10-15T16:42:49Z</time>
      </trkpt>
      <trkpt lat="48.499066" lon="-121.120568">
        <ele>950.0</ele>
        <time>2022-10-15T16:42:52Z</time>
      </trkpt>
      <trkpt lat="48.499049" lon="-121.120503">
        <ele>949.0</ele>
        <time>2022-10-15T16:42:56Z</time>
      </trkpt>
      <trkpt lat="48.499071" lon="-121.120465">
        <ele>949.0</ele>
        <time>2022-10-15T16:42:59Z</time>
      </trkpt>
      <trkpt lat="48.499049" lon="-121.120411">
        <ele>951.0</ele>
        <time>2022-10-15T16:43:02Z</time>
      </trkpt>
      <trkpt lat="48.499073" lon="-121.120472">
        <ele>952.0</ele>
        <time>2022-10-15T16:43:07Z</time>
      </trkpt>
      <trkpt lat="48.499096" lon="-121.120490">
        <ele>950.0</ele>
        <time>2022-10-15T16:43:13Z</time>
      </trkpt>
      <trkpt lat="48.499138" lon="-121.120434">
        <ele>953.0</ele>
        <time>2022-10-15T16:43:28Z</time>
      </trkpt>
      <trkpt lat="48.499164" lon="-121.120491">
        <ele>954.0</ele>
        <time>2022-10-15T16:43:35Z</time>
      </trkpt>
      <trkpt lat="48.499153" lon="-121.120359">
        <ele>958.3</ele>
        <time>2022-10-15T16:43:41Z</time>
      </trkpt>
      <trkpt lat="48.499120" lon="-121.120366">
        <ele>955.0</ele>
        <time>2022-10-15T16:43:44Z</time>
      </trkpt>
      <trkpt lat="48.499096" lon="-121.120315">
        <ele>960.0</ele>
        <time>2022-10-15T16:43:49Z</time>
      </trkpt>
      <trkpt lat="48.499089" lon="-121.120278">
        <ele>962.0</ele>
        <time>2022-10-15T16:43:52Z</time>
      </trkpt>
      <trkpt lat="48.499100" lon="-121.120234">
        <ele>961.0</ele>
        <time>2022-10-15T16:43:56Z</time>
      </trkpt>
      <trkpt lat="48.499090" lon="-121.120215">
        <ele>964.1</ele>
        <time>2022-10-15T16:43:58Z</time>
      </trkpt>
      <trkpt lat="48.499149" lon="-121.120243">
        <ele>960.0</ele>
        <time>2022-10-15T16:44:05Z</time>
      </trkpt>
      <trkpt lat="48.499161" lon="-121.120181">
        <ele>960.0</ele>
        <time>2022-10-15T16:44:12Z</time>
      </trkpt>
      <trkpt lat="48.499195" lon="-121.120148">
        <ele>960.0</ele>
        <time>2022-10-15T16:44:15Z</time>
      </trkpt>
      <trkpt lat="48.499224" lon="-121.120206">
        <ele>961.6</ele>
        <time>2022-10-15T16:44:18Z</time>
      </trkpt>
      <trkpt lat="48.499258" lon="-121.120040">
        <ele>963.0</ele>
        <time>2022-10-15T16:44:38Z</time>
      </trkpt>
      <trkpt lat="48.499288" lon="-121.120019">
        <ele>961.0</ele>
        <time>2022-10-15T16:44:42Z</time>
      </trkpt>
      <trkpt lat="48.499311" lon="-121.119970">
        <ele>965.0</ele>
        <time>2022-10-15T16:44:47Z</time>
      </trkpt>
      <trkpt lat="48.499338" lon="-121.120015">
        <ele>960.0</ele>
        <time>2022-10-15T16:44:57Z</time>
      </trkpt>
      <trkpt lat="48.499357" lon="-121.119974">
        <ele>965.0</ele>
        <time>2022-10-15T16:45:12Z</time>
      </trkpt>
      <trkpt lat="48.499379" lon="-121.120005">
        <ele>968.0</ele>
        <time>2022-10-15T16:45:17Z</time>
      </trkpt>
      <trkpt lat="48.499393" lon="-121.119976">
        <ele>966.0</ele>
        <time>2022-10-15T16:45:21Z</time>
      </trkpt>
      <trkpt lat="48.499347" lon="-121.119999">
        <ele>970.0</ele>
        <time>2022-10-15T16:45:25Z</time>
      </trkpt>
      <trkpt lat="48.499371" lon="-121.120038">
        <ele>968.0</ele>
        <time>2022-10-15T16:45:31Z</time>
      </trkpt>
      <trkpt lat="48.499418" lon="-121.120000">
        <ele>971.0</ele>
        <time>2022-10-15T16:45:37Z</time>
      </trkpt>
      <trkpt lat="48.499432" lon="-121.119976">
        <ele>972.0</ele>
        <time>2022-10-15T16:45:41Z</time>
      </trkpt>
      <trkpt lat="48.499422" lon="-121.120000">
        <ele>974.7</ele>
        <time>2022-10-15T16:45:45Z</time>
      </trkpt>
      <trkpt lat="48.499426" lon="-121.120036">
        <ele>974.0</ele>
        <time>2022-10-15T16:45:47Z</time>
      </trkpt>
      <trkpt lat="48.499469" lon="-121.120024">
        <ele>976.0</ele>
        <time>2022-10-15T16:45:54Z</time>
      </trkpt>
      <trkpt lat="48.499464" lon="-121.119969">
        <ele>976.0</ele>
        <time>2022-10-15T16:45:59Z</time>
      </trkpt>
      <trkpt lat="48.499486" lon="-121.119942">
        <ele>974.0</ele>
        <time>2022-10-15T16:46:04Z</time>
      </trkpt>
      <trkpt lat="48.499527" lon="-121.119972">
        <ele>976.9</ele>
        <time>2022-10-15T16:46:08Z</time>
      </trkpt>
      <trkpt lat="48.499510" lon="-121.119874">
        <ele>976.0</ele>
        <time>2022-10-15T16:46:15Z</time>
      </trkpt>
      <trkpt lat="48.499538" lon="-121.119827">
        <ele>975.0</ele>
        <time>2022-10-15T16:46:22Z</time>
      </trkpt>
      <trkpt lat="48.499531" lon="-121.119791">
        <ele>975.0</ele>
        <time>2022-10-15T16:46:28Z</time>
      </trkpt>
      <trkpt lat="48.499565" lon="-121.119815">
        <ele>975.0</ele>
        <time>2022-10-15T16:46:36Z</time>
      </trkpt>
      <trkpt lat="48.499596" lon="-121.119789">
        <ele>975.0</ele>
        <time>2022-10-15T16:46:45Z</time>
      </trkpt>
      <trkpt lat="48.499646" lon="-121.119785">
        <ele>972.0</ele>
        <time>2022-10-15T16:46:59Z</time>
      </trkpt>
      <trkpt lat="48.499666" lon="-121.119674">
        <ele>978.7</ele>
        <time>2022-10-15T16:47:17Z</time>
      </trkpt>
      <trkpt lat="48.499675" lon="-121.119704">
        <ele>977.0</ele>
        <time>2022-10-15T16:47:19Z</time>
      </trkpt>
      <trkpt lat="48.499687" lon="-121.119673">
        <ele>978.6</ele>
        <time>2022-10-15T16:47:25Z</time>
      </trkpt>
      <trkpt lat="48.499772" lon="-121.119757">
        <ele>978.0</ele>
        <time>2022-10-15T16:47:36Z</time>
      </trkpt>
      <trkpt lat="48.499754" lon="-121.119720">
        <ele>980.0</ele>
        <time>2022-10-15T16:47:40Z</time>
      </trkpt>
      <trkpt lat="48.499713" lon="-121.119720">
        <ele>981.0</ele>
        <time>2022-10-15T16:47:45Z</time>
      </trkpt>
      <trkpt lat="48.499718" lon="-121.119786">
        <ele>984.0</ele>
        <time>2022-10-15T16:47:59Z</time>
      </trkpt>
      <trkpt lat="48.499751" lon="-121.119840">
        <ele>984.0</ele>
        <time>2022-10-15T16:48:06Z</time>
      </trkpt>
      <trkpt lat="48.499757" lon="-121.119797">
        <ele>986.0</ele>
        <time>2022-10-15T16:48:16Z</time>
      </trkpt>
      <trkpt lat="48.499786" lon="-121.119744">
        <ele>988.0</ele>
        <time>2022-10-15T16:48:23Z</time>
      </trkpt>
      <trkpt lat="48.499792" lon="-121.119671">
        <ele>992.0</ele>
        <time>2022-10-15T16:48:26Z</time>
      </trkpt>
      <trkpt lat="48.499784" lon="-121.119640">
        <ele>991.0</ele>
        <time>2022-10-15T16:48:28Z</time>
      </trkpt>
      <trkpt lat="48.499805" lon="-121.119684">
        <ele>992.0</ele>
        <time>2022-10-15T16:48:33Z</time>
      </trkpt>
      <trkpt lat="48.499806" lon="-121.119724">
        <ele>992.0</ele>
        <time>2022-10-15T16:48:35Z</time>
      </trkpt>
      <trkpt lat="48.499864" lon="-121.119730">
        <ele>992.0</ele>
        <time>2022-10-15T16:48:38Z</time>
      </trkpt>
      <trkpt lat="48.499815" lon="-121.119717">
        <ele>990.0</ele>
        <time>2022-10-15T16:48:43Z</time>
      </trkpt>
      <trkpt lat="48.499802" lon="-121.119762">
        <ele>993.8</ele>
        <time>2022-10-15T16:48:49Z</time>
      </trkpt>
      <trkpt lat="48.499832" lon="-121.119770">
        <ele>993.0</ele>
        <time>2022-10-15T16:48:51Z</time>
      </trkpt>
      <trkpt lat="48.499783" lon="-121.119807">
        <ele>994.2</ele>
        <time>2022-10-15T16:48:53Z</time>
      </trkpt>
      <trkpt lat="48.499814" lon="-121.119794">
        <ele>993.0</ele>
        <time>2022-10-15T16:48:55Z</time>
      </trkpt>
      <trkpt lat="48.499824" lon="-121.119700">
        <ele>994.7</ele>
        <time>2022-10-15T16:48:58Z</time>
      </trkpt>
      <trkpt lat="48.499867" lon="-121.119616">
        <ele>995.0</ele>
        <time>2022-10-15T16:49:07Z</time>
      </trkpt>
      <trkpt lat="48.499858" lon="-121.119661">
        <ele>995.0</ele>
        <time>2022-10-15T16:49:12Z</time>
      </trkpt>
      <trkpt lat="48.499910" lon="-121.119685">
        <ele>996.0</ele>
        <time>2022-10-15T16:49:16Z</time>
      </trkpt>
      <trkpt lat="48.499905" lon="-121.119652">
        <ele>995.0</ele>
        <time>2022-10-15T16:49:22Z</time>
      </trkpt>
      <trkpt lat="48.499938" lon="-121.119661">
        <ele>996.9</ele>
        <time>2022-10-15T16:49:28Z</time>
      </trkpt>
      <trkpt lat="48.499939" lon="-121.119601">
        <ele>994.0</ele>
        <time>2022-10-15T16:49:32Z</time>
      </trkpt>
      <trkpt lat="48.499968" lon="-121.119635">
        <ele>995.0</ele>
        <time>2022-10-15T16:49:38Z</time>
      </trkpt>
      <trkpt lat="48.500049" lon="-121.119669">
        <ele>996.0</ele>
        <time>2022-10-15T16:49:49Z</time>
      </trkpt>
      <trkpt lat="48.500044" lon="-121.119603">
        <ele>997.0</ele>
        <time>2022-10-15T16:49:58Z</time>
      </trkpt>
      <trkpt lat="48.500086" lon="-121.119486">
        <ele>999.0</ele>
        <time>2022-10-15T16:50:11Z</time>
      </trkpt>
      <trkpt lat="48.500080" lon="-121.119452">
        <ele>1002.0</ele>
        <time>2022-10-15T16:50:23Z</time>
      </trkpt>
      <trkpt lat="48.500091" lon="-121.119482">
        <ele>999.0</ele>
        <time>2022-10-15T16:50:25Z</time>
      </trkpt>
      <trkpt lat="48.500116" lon="-121.119421">
        <ele>1001.7</ele>
        <time>2022-10-15T16:50:29Z</time>
      </trkpt>
      <trkpt lat="48.500121" lon="-121.119468">
        <ele>1001.5</ele>
        <time>2022-10-15T16:50:30Z</time>
      </trkpt>
      <trkpt lat="48.500146" lon="-121.119515">
        <ele>1000.0</ele>
        <time>2022-10-15T16:50:35Z</time>
      </trkpt>
      <trkpt lat="48.500144" lon="-121.119551">
        <ele>1000.0</ele>
        <time>2022-10-15T16:50:43Z</time>
      </trkpt>
      <trkpt lat="48.500210" lon="-121.119612">
        <ele>1005.7</ele>
        <time>2022-10-15T16:50:49Z</time>
      </trkpt>
      <trkpt lat="48.500169" lon="-121.119497">
        <ele>1006.1</ele>
        <time>2022-10-15T16:50:51Z</time>
      </trkpt>
      <trkpt lat="48.500155" lon="-121.119546">
        <ele>1004.0</ele>
        <time>2022-10-15T16:50:53Z</time>
      </trkpt>
      <trkpt lat="48.500114" lon="-121.119527">
        <ele>1005.1</ele>
        <time>2022-10-15T16:50:55Z</time>
      </trkpt>
      <trkpt lat="48.500114" lon="-121.119583">
        <ele>1004.0</ele>
        <time>2022-10-15T16:50:59Z</time>
      </trkpt>
      <trkpt lat="48.500097" lon="-121.119624">
        <ele>1005.0</ele>
        <time>2022-10-15T16:51:05Z</time>
      </trkpt>
      <trkpt lat="48.500154" lon="-121.119612">
        <ele>1005.0</ele>
        <time>2022-10-15T16:51:08Z</time>
      </trkpt>
      <trkpt lat="48.500186" lon="-121.119643">
        <ele>1006.0</ele>
        <time>2022-10-15T16:51:10Z</time>
      </trkpt>
      <trkpt lat="48.500159" lon="-121.119617">
        <ele>1004.0</ele>
        <time>2022-10-15T16:51:13Z</time>
      </trkpt>
      <trkpt lat="48.500170" lon="-121.119579">
        <ele>1006.0</ele>
        <time>2022-10-15T16:51:16Z</time>
      </trkpt>
      <trkpt lat="48.500194" lon="-121.119673">
        <ele>1005.0</ele>
        <time>2022-10-15T16:51:23Z</time>
      </trkpt>
      <trkpt lat="48.500162" lon="-121.119646">
        <ele>1005.0</ele>
        <time>2022-10-15T16:51:30Z</time>
      </trkpt>
      <trkpt lat="48.500168" lon="-121.119694">
        <ele>1008.0</ele>
        <time>2022-10-15T16:51:38Z</time>
      </trkpt>
      <trkpt lat="48.500180" lon="-121.119642">
        <ele>1008.0</ele>
        <time>2022-10-15T16:51:40Z</time>
      </trkpt>
      <trkpt lat="48.500207" lon="-121.119625">
        <ele>1009.6</ele>
        <time>2022-10-15T16:51:42Z</time>
      </trkpt>
      <trkpt lat="48.500248" lon="-121.119632">
        <ele>1010.8</ele>
        <time>2022-10-15T16:51:43Z</time>
      </trkpt>
      <trkpt lat="48.500222" lon="-121.119531">
        <ele>1013.0</ele>
        <time>2022-10-15T16:51:52Z</time>
      </trkpt>
      <trkpt lat="48.500256" lon="-121.119595">
        <ele>1013.0</ele>
        <time>2022-10-15T16:51:58Z</time>
      </trkpt>
      <trkpt lat="48.500298" lon="-121.119608">
        <ele>1013.8</ele>
        <time>2022-10-15T16:52:00Z</time>
      </trkpt>
      <trkpt lat="48.500257" lon="-121.119568">
        <ele>1012.0</ele>
        <time>2022-10-15T16:52:02Z</time>
      </trkpt>
      <trkpt lat="48.500303" lon="-121.119580">
        <ele>1014.0</ele>
        <time>2022-10-15T16:52:05Z</time>
      </trkpt>
      <trkpt lat="48.500285" lon="-121.119534">
        <ele>1015.0</ele>
        <time>2022-10-15T16:52:07Z</time>
      </trkpt>
      <trkpt lat="48.500282" lon="-121.119565">
        <ele>1016.0</ele>
        <time>2022-10-15T16:52:11Z</time>
      </trkpt>
      <trkpt lat="48.500224" lon="-121.119614">
        <ele>1017.0</ele>
        <time>2022-10-15T16:52:17Z</time>
      </trkpt>
      <trkpt lat="48.500256" lon="-121.119608">
        <ele>1016.0</ele>
        <time>2022-10-15T16:52:21Z</time>
      </trkpt>
      <trkpt lat="48.500297" lon="-121.119628">
        <ele>1018.0</ele>
        <time>2022-10-15T16:52:26Z</time>
      </trkpt>
      <trkpt lat="48.500320" lon="-121.119607">
        <ele>1016.0</ele>
        <time>2022-10-15T16:52:31Z</time>
      </trkpt>
      <trkpt lat="48.500313" lon="-121.119553">
        <ele>1021.0</ele>
        <time>2022-10-15T16:52:35Z</time>
      </trkpt>
      <trkpt lat="48.500325" lon="-121.119520">
        <ele>1022.4</ele>
        <time>2022-10-15T16:52:37Z</time>
      </trkpt>
      <trkpt lat="48.500313" lon="-121.119608">
        <ele>1020.0</ele>
        <time>2022-10-15T16:52:45Z</time>
      </trkpt>
      <trkpt lat="48.500331" lon="-121.119657">
        <ele>1020.0</ele>
        <time>2022-10-15T16:52:50Z</time>
      </trkpt>
      <trkpt lat="48.500327" lon="-121.119623">
        <ele>1022.9</ele>
        <time>2022-10-15T16:52:53Z</time>
      </trkpt>
      <trkpt lat="48.500356" lon="-121.119599">
        <ele>1017.0</ele>
        <time>2022-10-15T16:52:58Z</time>
      </trkpt>
      <trkpt lat="48.500318" lon="-121.119505">
        <ele>1022.0</ele>
        <time>2022-10-15T16:53:05Z</time>
      </trkpt>
      <trkpt lat="48.500340" lon="-121.119590">
        <ele>1023.1</ele>
        <time>2022-10-15T16:53:07Z</time>
      </trkpt>
      <trkpt lat="48.500313" lon="-121.119580">
        <ele>1020.0</ele>
        <time>2022-10-15T16:53:09Z</time>
      </trkpt>
      <trkpt lat="48.500323" lon="-121.119550">
        <ele>1022.9</ele>
        <time>2022-10-15T16:53:12Z</time>
      </trkpt>
      <trkpt lat="48.500355" lon="-121.119550">
        <ele>1020.0</ele>
        <time>2022-10-15T16:53:16Z</time>
      </trkpt>
      <trkpt lat="48.500427" lon="-121.119630">
        <ele>1022.0</ele>
        <time>2022-10-15T16:53:32Z</time>
      </trkpt>
      <trkpt lat="48.500449" lon="-121.119609">
        <ele>1023.0</ele>
        <time>2022-10-15T16:53:38Z</time>
      </trkpt>
      <trkpt lat="48.500409" lon="-121.119506">
        <ele>1025.0</ele>
        <time>2022-10-15T16:53:46Z</time>
      </trkpt>
      <trkpt lat="48.500443" lon="-121.119504">
        <ele>1025.0</ele>
        <time>2022-10-15T16:53:50Z</time>
      </trkpt>
      <trkpt lat="48.500446" lon="-121.119432">
        <ele>1027.0</ele>
        <time>2022-10-15T16:54:00Z</time>
      </trkpt>
      <trkpt lat="48.500512" lon="-121.119482">
        <ele>1027.0</ele>
        <time>2022-10-15T16:54:15Z</time>
      </trkpt>
      <trkpt lat="48.500530" lon="-121.119541">
        <ele>1029.0</ele>
        <time>2022-10-15T16:54:26Z</time>
      </trkpt>
      <trkpt lat="48.500534" lon="-121.119497">
        <ele>1034.0</ele>
        <time>2022-10-15T16:54:35Z</time>
      </trkpt>
      <trkpt lat="48.500556" lon="-121.119463">
        <ele>1035.0</ele>
        <time>2022-10-15T16:54:37Z</time>
      </trkpt>
      <trkpt lat="48.500539" lon="-121.119438">
        <ele>1035.1</ele>
        <time>2022-10-15T16:54:38Z</time>
      </trkpt>
      <trkpt lat="48.500560" lon="-121.119493">
        <ele>1037.0</ele>
        <time>2022-10-15T16:54:46Z</time>
      </trkpt>
      <trkpt lat="48.500579" lon="-121.119453">
        <ele>1038.0</ele>
        <time>2022-10-15T16:54:52Z</time>
      </trkpt>
      <trkpt lat="48.500616" lon="-121.119462">
        <ele>1039.0</ele>
        <time>2022-10-15T16:54:55Z</time>
      </trkpt>
      <trkpt lat="48.500595" lon="-121.119430">
        <ele>1039.6</ele>
        <time>2022-10-15T16:54:56Z</time>
      </trkpt>
      <trkpt lat="48.500626" lon="-121.119381">
        <ele>1038.0</ele>
        <time>2022-10-15T16:55:04Z</time>
      </trkpt>
      <trkpt lat="48.500629" lon="-121.119320">
        <ele>1040.0</ele>
        <time>2022-10-15T16:55:07Z</time>
      </trkpt>
      <trkpt lat="48.500640" lon="-121.119353">
        <ele>1037.0</ele>
        <time>2022-10-15T16:55:11Z</time>
      </trkpt>
      <trkpt lat="48.500672" lon="-121.119374">
        <ele>1036.0</ele>
        <time>2022-10-15T16:55:16Z</time>
      </trkpt>
      <trkpt lat="48.500725" lon="-121.119339">
        <ele>1035.0</ele>
        <time>2022-10-15T16:55:21Z</time>
      </trkpt>
      <trkpt lat="48.500724" lon="-121.119363">
        <ele>1032.0</ele>
        <time>2022-10-15T16:55:29Z</time>
      </trkpt>
      <trkpt lat="48.500759" lon="-121.119365">
        <ele>1035.0</ele>
        <time>2022-10-15T16:55:34Z</time>
      </trkpt>
      <trkpt lat="48.500761" lon="-121.119259">
        <ele>1039.5</ele>
        <time>2022-10-15T16:55:43Z</time>
      </trkpt>
      <trkpt lat="48.500754" lon="-121.119294">
        <ele>1040.3</ele>
        <time>2022-10-15T16:55:44Z</time>
      </trkpt>
      <trkpt lat="48.500759" lon="-121.119267">
        <ele>1038.0</ele>
        <time>2022-10-15T16:55:48Z</time>
      </trkpt>
      <trkpt lat="48.500802" lon="-121.119258">
        <ele>1037.0</ele>
        <time>2022-10-15T16:55:55Z</time>
      </trkpt>
      <trkpt lat="48.500822" lon="-121.119299">
        <ele>1039.5</ele>
        <time>2022-10-15T16:55:58Z</time>
      </trkpt>
      <trkpt lat="48.500867" lon="-121.119269">
        <ele>1035.0</ele>
        <time>2022-10-15T16:56:10Z</time>
      </trkpt>
      <trkpt lat="48.500863" lon="-121.119297">
        <ele>1038.0</ele>
        <time>2022-10-15T16:56:23Z</time>
      </trkpt>
      <trkpt lat="48.500884" lon="-121.119232">
        <ele>1040.0</ele>
        <time>2022-10-15T16:56:30Z</time>
      </trkpt>
      <trkpt lat="48.500894" lon="-121.119338">
        <ele>1041.3</ele>
        <time>2022-10-15T16:56:35Z</time>
      </trkpt>
      <trkpt lat="48.500890" lon="-121.119277">
        <ele>1040.0</ele>
        <time>2022-10-15T16:56:38Z</time>
      </trkpt>
      <trkpt lat="48.500910" lon="-121.119233">
        <ele>1039.0</ele>
        <time>2022-10-15T16:56:43Z</time>
      </trkpt>
      <trkpt lat="48.500939" lon="-121.119216">
        <ele>1032.0</ele>
        <time>2022-10-15T16:56:52Z</time>
      </trkpt>
      <trkpt lat="48.501012" lon="-121.119263">
        <ele>1047.1</ele>
        <time>2022-10-15T16:57:21Z</time>
      </trkpt>
      <trkpt lat="48.500994" lon="-121.119206">
        <ele>1046.0</ele>
        <time>2022-10-15T16:57:26Z</time>
      </trkpt>
      <trkpt lat="48.501032" lon="-121.119130">
        <ele>1045.0</ele>
        <time>2022-10-15T16:57:35Z</time>
      </trkpt>
      <trkpt lat="48.501088" lon="-121.119263">
        <ele>1046.1</ele>
        <time>2022-10-15T16:57:41Z</time>
      </trkpt>
      <trkpt lat="48.501069" lon="-121.119204">
        <ele>1044.0</ele>
        <time>2022-10-15T16:57:44Z</time>
      </trkpt>
      <trkpt lat="48.501092" lon="-121.119164">
        <ele>1044.0</ele>
        <time>2022-10-15T16:57:47Z</time>
      </trkpt>
      <trkpt lat="48.501063" lon="-121.119220">
        <ele>1041.0</ele>
        <time>2022-10-15T16:57:53Z</time>
      </trkpt>
      <trkpt lat="48.501105" lon="-121.119106">
        <ele>1047.0</ele>
        <time>2022-10-15T16:58:10Z</time>
      </trkpt>
      <trkpt lat="48.501096" lon="-121.119150">
        <ele>1048.9</ele>
        <time>2022-10-15T16:58:13Z</time>
      </trkpt>
      <trkpt lat="48.501117" lon="-121.119189">
        <ele>1046.0</ele>
        <time>2022-10-15T16:58:14Z</time>
      </trkpt>
      <trkpt lat="48.501110" lon="-121.119241">
        <ele>1047.1</ele>
        <time>2022-10-15T16:58:16Z</time>
      </trkpt>
      <trkpt lat="48.501073" lon="-121.119260">
        <ele>1046.0</ele>
        <time>2022-10-15T16:58:17Z</time>
      </trkpt>
      <trkpt lat="48.501030" lon="-121.119301">
        <ele>1047.0</ele>
        <time>2022-10-15T16:58:20Z</time>
      </trkpt>
      <trkpt lat="48.501085" lon="-121.119271">
        <ele>1047.0</ele>
        <time>2022-10-15T16:58:22Z</time>
      </trkpt>
      <trkpt lat="48.501125" lon="-121.119261">
        <ele>1047.0</ele>
        <time>2022-10-15T16:58:24Z</time>
      </trkpt>
      <trkpt lat="48.501124" lon="-121.119214">
        <ele>1049.3</ele>
        <time>2022-10-15T16:58:26Z</time>
      </trkpt>
      <trkpt lat="48.501095" lon="-121.119312">
        <ele>1045.0</ele>
        <time>2022-10-15T16:58:31Z</time>
      </trkpt>
      <trkpt lat="48.501105" lon="-121.119273">
        <ele>1048.0</ele>
        <time>2022-10-15T16:58:36Z</time>
      </trkpt>
      <trkpt lat="48.501079" lon="-121.119227">
        <ele>1049.0</ele>
        <time>2022-10-15T16:58:39Z</time>
      </trkpt>
      <trkpt lat="48.501106" lon="-121.119307">
        <ele>1050.6</ele>
        <time>2022-10-15T16:58:43Z</time>
      </trkpt>
      <trkpt lat="48.501205" lon="-121.119351">
        <ele>1050.0</ele>
        <time>2022-10-15T16:58:46Z</time>
      </trkpt>
      <trkpt lat="48.501172" lon="-121.119283">
        <ele>1051.0</ele>
        <time>2022-10-15T16:58:49Z</time>
      </trkpt>
      <trkpt lat="48.501211" lon="-121.119234">
        <ele>1054.0</ele>
        <time>2022-10-15T16:58:54Z</time>
      </trkpt>
      <trkpt lat="48.501211" lon="-121.119145">
        <ele>1053.0</ele>
        <time>2022-10-15T16:58:58Z</time>
      </trkpt>
      <trkpt lat="48.501229" lon="-121.119137">
        <ele>1044.0</ele>
        <time>2022-10-15T16:59:15Z</time>
      </trkpt>
      <trkpt lat="48.501173" lon="-121.119200">
        <ele>1053.0</ele>
        <time>2022-10-15T16:59:31Z</time>
      </trkpt>
      <trkpt lat="48.501245" lon="-121.119196">
        <ele>1053.0</ele>
        <time>2022-10-15T16:59:35Z</time>
      </trkpt>
      <trkpt lat="48.501260" lon="-121.119165">
        <ele>1055.0</ele>
        <time>2022-10-15T16:59:37Z</time>
      </trkpt>
      <trkpt lat="48.501245" lon="-121.119104">
        <ele>1056.0</ele>
        <time>2022-10-15T16:59:50Z</time>
      </trkpt>
      <trkpt lat="48.501243" lon="-121.119129">
        <ele>1058.0</ele>
        <time>2022-10-15T16:59:52Z</time>
      </trkpt>
      <trkpt lat="48.501265" lon="-121.119156">
        <ele>1058.0</ele>
        <time>2022-10-15T16:59:56Z</time>
      </trkpt>
      <trkpt lat="48.501268" lon="-121.119026">
        <ele>1061.0</ele>
        <time>2022-10-15T17:00:02Z</time>
      </trkpt>
      <trkpt lat="48.501246" lon="-121.119127">
        <ele>1063.1</ele>
        <time>2022-10-15T17:00:05Z</time>
      </trkpt>
      <trkpt lat="48.501264" lon="-121.119044">
        <ele>1062.0</ele>
        <time>2022-10-15T17:00:10Z</time>
      </trkpt>
      <trkpt lat="48.501300" lon="-121.119033">
        <ele>1063.0</ele>
        <time>2022-10-15T17:00:14Z</time>
      </trkpt>
      <trkpt lat="48.501329" lon="-121.119051">
        <ele>1064.0</ele>
        <time>2022-10-15T17:00:16Z</time>
      </trkpt>
      <trkpt lat="48.501354" lon="-121.119087">
        <ele>1064.0</ele>
        <time>2022-10-15T17:00:19Z</time>
      </trkpt>
      <trkpt lat="48.501315" lon="-121.119042">
        <ele>1065.0</ele>
        <time>2022-10-15T17:00:23Z</time>
      </trkpt>
      <trkpt lat="48.501335" lon="-121.118964">
        <ele>1062.0</ele>
        <time>2022-10-15T17:00:26Z</time>
      </trkpt>
      <trkpt lat="48.501362" lon="-121.118979">
        <ele>1065.0</ele>
        <time>2022-10-15T17:00:30Z</time>
      </trkpt>
      <trkpt lat="48.501348" lon="-121.119081">
        <ele>1065.0</ele>
        <time>2022-10-15T17:00:37Z</time>
      </trkpt>
      <trkpt lat="48.501324" lon="-121.119061">
        <ele>1065.4</ele>
        <time>2022-10-15T17:00:41Z</time>
      </trkpt>
      <trkpt lat="48.501332" lon="-121.118990">
        <ele>1067.6</ele>
        <time>2022-10-15T17:00:42Z</time>
      </trkpt>
      <trkpt lat="48.501324" lon="-121.119027">
        <ele>1067.5</ele>
        <time>2022-10-15T17:00:43Z</time>
      </trkpt>
      <trkpt lat="48.501352" lon="-121.119118">
        <ele>1068.1</ele>
        <time>2022-10-15T17:00:46Z</time>
      </trkpt>
      <trkpt lat="48.501350" lon="-121.119179">
        <ele>1068.8</ele>
        <time>2022-10-15T17:00:47Z</time>
      </trkpt>
      <trkpt lat="48.501353" lon="-121.119101">
        <ele>1069.0</ele>
        <time>2022-10-15T17:00:50Z</time>
      </trkpt>
      <trkpt lat="48.501383" lon="-121.119102">
        <ele>1070.0</ele>
        <time>2022-10-15T17:00:54Z</time>
      </trkpt>
      <trkpt lat="48.501436" lon="-121.119128">
        <ele>1069.0</ele>
        <time>2022-10-15T17:00:56Z</time>
      </trkpt>
      <trkpt lat="48.501412" lon="-121.119077">
        <ele>1068.0</ele>
        <time>2022-10-15T17:00:58Z</time>
      </trkpt>
      <trkpt lat="48.501410" lon="-121.119046">
        <ele>1070.6</ele>
        <time>2022-10-15T17:01:00Z</time>
      </trkpt>
      <trkpt lat="48.501426" lon="-121.119081">
        <ele>1070.0</ele>
        <time>2022-10-15T17:01:02Z</time>
      </trkpt>
      <trkpt lat="48.501387" lon="-121.119104">
        <ele>1069.8</ele>
        <time>2022-10-15T17:01:03Z</time>
      </trkpt>
      <trkpt lat="48.501369" lon="-121.119131">
        <ele>1068.0</ele>
        <time>2022-10-15T17:01:06Z</time>
      </trkpt>
      <trkpt lat="48.501395" lon="-121.119160">
        <ele>1066.0</ele>
        <time>2022-10-15T17:01:11Z</time>
      </trkpt>
      <trkpt lat="48.501404" lon="-121.119118">
        <ele>1068.0</ele>
        <time>2022-10-15T17:01:16Z</time>
      </trkpt>
      <trkpt lat="48.501358" lon="-121.119103">
        <ele>1068.0</ele>
        <time>2022-10-15T17:01:19Z</time>
      </trkpt>
      <trkpt lat="48.501413" lon="-121.119077">
        <ele>1068.0</ele>
        <time>2022-10-15T17:01:24Z</time>
      </trkpt>
      <trkpt lat="48.501436" lon="-121.119101">
        <ele>1068.0</ele>
        <time>2022-10-15T17:01:27Z</time>
      </trkpt>
      <trkpt lat="48.501450" lon="-121.119066">
        <ele>1070.6</ele>
        <time>2022-10-15T17:01:29Z</time>
      </trkpt>
      <trkpt lat="48.501418" lon="-121.119060">
        <ele>1068.0</ele>
        <time>2022-10-15T17:01:34Z</time>
      </trkpt>
      <trkpt lat="48.501440" lon="-121.119124">
        <ele>1069.3</ele>
        <time>2022-10-15T17:01:44Z</time>
      </trkpt>
      <trkpt lat="48.501428" lon="-121.119176">
        <ele>1070.0</ele>
        <time>2022-10-15T17:01:47Z</time>
      </trkpt>
      <trkpt lat="48.501422" lon="-121.119136">
        <ele>1072.0</ele>
        <time>2022-10-15T17:01:51Z</time>
      </trkpt>
      <trkpt lat="48.501445" lon="-121.119174">
        <ele>1072.9</ele>
        <time>2022-10-15T17:01:52Z</time>
      </trkpt>
      <trkpt lat="48.501429" lon="-121.119112">
        <ele>1072.0</ele>
        <time>2022-10-15T17:01:54Z</time>
      </trkpt>
      <trkpt lat="48.501455" lon="-121.119062">
        <ele>1071.0</ele>
        <time>2022-10-15T17:02:01Z</time>
      </trkpt>
      <trkpt lat="48.501469" lon="-121.119113">
        <ele>1074.0</ele>
        <time>2022-10-15T17:02:08Z</time>
      </trkpt>
      <trkpt lat="48.501476" lon="-121.119051">
        <ele>1077.0</ele>
        <time>2022-10-15T17:02:19Z</time>
      </trkpt>
      <trkpt lat="48.501423" lon="-121.119100">
        <ele>1078.0</ele>
        <time>2022-10-15T17:02:22Z</time>
      </trkpt>
      <trkpt lat="48.501418" lon="-121.119069">
        <ele>1078.0</ele>
        <time>2022-10-15T17:02:24Z</time>
      </trkpt>
      <trkpt lat="48.501400" lon="-121.119118">
        <ele>1078.0</ele>
        <time>2022-10-15T17:02:29Z</time>
      </trkpt>
      <trkpt lat="48.501430" lon="-121.118997">
        <ele>1085.4</ele>
        <time>2022-10-15T17:02:38Z</time>
      </trkpt>
      <trkpt lat="48.501461" lon="-121.119027">
        <ele>1086.0</ele>
        <time>2022-10-15T17:02:40Z</time>
      </trkpt>
      <trkpt lat="48.501473" lon="-121.119081">
        <ele>1080.0</ele>
        <time>2022-10-15T17:02:45Z</time>
      </trkpt>
      <trkpt lat="48.501482" lon="-121.119033">
        <ele>1085.3</ele>
        <time>2022-10-15T17:02:49Z</time>
      </trkpt>
      <trkpt lat="48.501500" lon="-121.119112">
        <ele>1083.0</ele>
        <time>2022-10-15T17:02:51Z</time>
      </trkpt>
      <trkpt lat="48.501526" lon="-121.119145">
        <ele>1084.0</ele>
        <time>2022-10-15T17:02:55Z</time>
      </trkpt>
      <trkpt lat="48.501562" lon="-121.119165">
        <ele>1084.9</ele>
        <time>2022-10-15T17:02:57Z</time>
      </trkpt>
      <trkpt lat="48.501588" lon="-121.119074">
        <ele>1084.0</ele>
        <time>2022-10-15T17:03:06Z</time>
      </trkpt>
      <trkpt lat="48.501579" lon="-121.119034">
        <ele>1086.0</ele>
        <time>2022-10-15T17:03:10Z</time>
      </trkpt>
      <trkpt lat="48.501559" lon="-121.119080">
        <ele>1086.2</ele>
        <time>2022-10-15T17:03:14Z</time>
      </trkpt>
      <trkpt lat="48.501566" lon="-121.119047">
        <ele>1085.0</ele>
        <time>2022-10-15T17:03:17Z</time>
      </trkpt>
      <trkpt lat="48.501546" lon="-121.119074">
        <ele>1085.0</ele>
        <time>2022-10-15T17:03:22Z</time>
      </trkpt>
      <trkpt lat="48.501565" lon="-121.119021">
        <ele>1087.0</ele>
        <time>2022-10-15T17:03:26Z</time>
      </trkpt>
      <trkpt lat="48.501569" lon="-121.119063">
        <ele>1084.0</ele>
        <time>2022-10-15T17:03:32Z</time>
      </trkpt>
      <trkpt lat="48.501597" lon="-121.119015">
        <ele>1086.0</ele>
        <time>2022-10-15T17:03:46Z</time>
      </trkpt>
      <trkpt lat="48.501596" lon="-121.119073">
        <ele>1089.1</ele>
        <time>2022-10-15T17:03:57Z</time>
      </trkpt>
      <trkpt lat="48.501592" lon="-121.118999">
        <ele>1088.0</ele>
        <time>2022-10-15T17:03:59Z</time>
      </trkpt>
      <trkpt lat="48.501638" lon="-121.119041">
        <ele>1088.0</ele>
        <time>2022-10-15T17:04:12Z</time>
      </trkpt>
      <trkpt lat="48.501640" lon="-121.119073">
        <ele>1090.4</ele>
        <time>2022-10-15T17:04:21Z</time>
      </trkpt>
      <trkpt lat="48.501650" lon="-121.118979">
        <ele>1088.0</ele>
        <time>2022-10-15T17:04:27Z</time>
      </trkpt>
      <trkpt lat="48.501678" lon="-121.119019">
        <ele>1088.0</ele>
        <time>2022-10-15T17:04:36Z</time>
      </trkpt>
      <trkpt lat="48.501696" lon="-121.119112">
        <ele>1090.0</ele>
        <time>2022-10-15T17:04:45Z</time>
      </trkpt>
      <trkpt lat="48.501715" lon="-121.119154">
        <ele>1089.5</ele>
        <time>2022-10-15T17:04:46Z</time>
      </trkpt>
      <trkpt lat="48.501668" lon="-121.119143">
        <ele>1091.4</ele>
        <time>2022-10-15T17:04:47Z</time>
      </trkpt>
      <trkpt lat="48.501679" lon="-121.119172">
        <ele>1091.8</ele>
        <time>2022-10-15T17:04:48Z</time>
      </trkpt>
      <trkpt lat="48.501710" lon="-121.119196">
        <ele>1090.2</ele>
        <time>2022-10-15T17:04:50Z</time>
      </trkpt>
      <trkpt lat="48.501738" lon="-121.119146">
        <ele>1091.0</ele>
        <time>2022-10-15T17:04:53Z</time>
      </trkpt>
      <trkpt lat="48.501711" lon="-121.119090">
        <ele>1091.0</ele>
        <time>2022-10-15T17:04:56Z</time>
      </trkpt>
      <trkpt lat="48.501676" lon="-121.119137">
        <ele>1092.0</ele>
        <time>2022-10-15T17:05:02Z</time>
      </trkpt>
      <trkpt lat="48.501695" lon="-121.119171">
        <ele>1092.0</ele>
        <time>2022-10-15T17:05:04Z</time>
      </trkpt>
      <trkpt lat="48.501667" lon="-121.119155">
        <ele>1092.0</ele>
        <time>2022-10-15T17:05:07Z</time>
      </trkpt>
      <trkpt lat="48.501692" lon="-121.119128">
        <ele>1092.0</ele>
        <time>2022-10-15T17:05:12Z</time>
      </trkpt>
      <trkpt lat="48.501690" lon="-121.119171">
        <ele>1095.1</ele>
        <time>2022-10-15T17:05:16Z</time>
      </trkpt>
      <trkpt lat="48.501705" lon="-121.119127">
        <ele>1095.0</ele>
        <time>2022-10-15T17:05:18Z</time>
      </trkpt>
      <trkpt lat="48.501660" lon="-121.119122">
        <ele>1094.0</ele>
        <time>2022-10-15T17:05:24Z</time>
      </trkpt>
      <trkpt lat="48.501739" lon="-121.119069">
        <ele>1098.4</ele>
        <time>2022-10-15T17:05:31Z</time>
      </trkpt>
      <trkpt lat="48.501732" lon="-121.118984">
        <ele>1096.0</ele>
        <time>2022-10-15T17:05:34Z</time>
      </trkpt>
      <trkpt lat="48.501722" lon="-121.119036">
        <ele>1098.9</ele>
        <time>2022-10-15T17:05:37Z</time>
      </trkpt>
      <trkpt lat="48.501758" lon="-121.119068">
        <ele>1098.0</ele>
        <time>2022-10-15T17:05:39Z</time>
      </trkpt>
      <trkpt lat="48.501767" lon="-121.119111">
        <ele>1095.0</ele>
        <time>2022-10-15T17:05:48Z</time>
      </trkpt>
      <trkpt lat="48.501752" lon="-121.119265">
        <ele>1099.9</ele>
        <time>2022-10-15T17:05:56Z</time>
      </trkpt>
      <trkpt lat="48.501731" lon="-121.119221">
        <ele>1097.0</ele>
        <time>2022-10-15T17:05:59Z</time>
      </trkpt>
      <trkpt lat="48.501766" lon="-121.119206">
        <ele>1097.0</ele>
        <time>2022-10-15T17:06:04Z</time>
      </trkpt>
      <trkpt lat="48.501798" lon="-121.119298">
        <ele>1098.0</ele>
        <time>2022-10-15T17:06:13Z</time>
      </trkpt>
      <trkpt lat="48.501749" lon="-121.119333">
        <ele>1100.0</ele>
        <time>2022-10-15T17:06:19Z</time>
      </trkpt>
      <trkpt lat="48.501788" lon="-121.119314">
        <ele>1100.0</ele>
        <time>2022-10-15T17:06:21Z</time>
      </trkpt>
      <trkpt lat="48.501832" lon="-121.119350">
        <ele>1100.0</ele>
        <time>2022-10-15T17:06:28Z</time>
      </trkpt>
      <trkpt lat="48.501803" lon="-121.119325">
        <ele>1099.0</ele>
        <time>2022-10-15T17:06:37Z</time>
      </trkpt>
      <trkpt lat="48.501840" lon="-121.119341">
        <ele>1100.0</ele>
        <time>2022-10-15T17:06:41Z</time>
      </trkpt>
      <trkpt lat="48.501806" lon="-121.119304">
        <ele>1100.0</ele>
        <time>2022-10-15T17:06:44Z</time>
      </trkpt>
      <trkpt lat="48.501798" lon="-121.119256">
        <ele>1100.0</ele>
        <time>2022-10-15T17:06:46Z</time>
      </trkpt>
      <trkpt lat="48.501779" lon="-121.119218">
        <ele>1101.0</ele>
        <time>2022-10-15T17:06:49Z</time>
      </trkpt>
      <trkpt lat="48.501806" lon="-121.119105">
        <ele>1098.0</ele>
        <time>2022-10-15T17:06:59Z</time>
      </trkpt>
      <trkpt lat="48.501833" lon="-121.119201">
        <ele>1098.0</ele>
        <time>2022-10-15T17:07:17Z</time>
      </trkpt>
      <trkpt lat="48.501872" lon="-121.119014">
        <ele>1103.0</ele>
        <time>2022-10-15T17:07:26Z</time>
      </trkpt>
      <trkpt lat="48.501852" lon="-121.119099">
        <ele>1104.0</ele>
        <time>2022-10-15T17:07:28Z</time>
      </trkpt>
      <trkpt lat="48.501863" lon="-121.119204">
        <ele>1104.0</ele>
        <time>2022-10-15T17:07:33Z</time>
      </trkpt>
      <trkpt lat="48.501818" lon="-121.119168">
        <ele>1104.8</ele>
        <time>2022-10-15T17:07:39Z</time>
      </trkpt>
      <trkpt lat="48.501845" lon="-121.119196">
        <ele>1105.6</ele>
        <time>2022-10-15T17:07:40Z</time>
      </trkpt>
      <trkpt lat="48.501819" lon="-121.119180">
        <ele>1105.2</ele>
        <time>2022-10-15T17:07:41Z</time>
      </trkpt>
      <trkpt lat="48.501844" lon="-121.119154">
        <ele>1099.0</ele>
        <time>2022-10-15T17:07:45Z</time>
      </trkpt>
      <trkpt lat="48.501881" lon="-121.119156">
        <ele>1102.0</ele>
        <time>2022-10-15T17:08:08Z</time>
      </trkpt>
      <trkpt lat="48.501836" lon="-121.119208">
        <ele>1097.0</ele>
        <time>2022-10-15T17:08:30Z</time>
      </trkpt>
      <trkpt lat="48.501874" lon="-121.119149">
        <ele>1105.5</ele>
        <time>2022-10-15T17:08:45Z</time>
      </trkpt>
      <trkpt lat="48.501883" lon="-121.119115">
        <ele>1107.7</ele>
        <time>2022-10-15T17:08:57Z</time>
      </trkpt>
      <trkpt lat="48.501913" lon="-121.119168">
        <ele>1107.0</ele>
        <time>2022-10-15T17:08:59Z</time>
      </trkpt>
      <trkpt lat="48.501905" lon="-121.119234">
        <ele>1107.6</ele>
        <time>2022-10-15T17:09:01Z</time>
      </trkpt>
      <trkpt lat="48.501939" lon="-121.119236">
        <ele>1106.0</ele>
        <time>2022-10-15T17:09:03Z</time>
      </trkpt>
      <trkpt lat="48.501937" lon="-121.119178">
        <ele>1106.0</ele>
        <time>2022-10-15T17:09:08Z</time>
      </trkpt>
      <trkpt lat="48.501904" lon="-121.119150">
        <ele>1108.6</ele>
        <time>2022-10-15T17:09:09Z</time>
      </trkpt>
      <trkpt lat="48.501923" lon="-121.119087">
        <ele>1106.0</ele>
        <time>2022-10-15T17:09:16Z</time>
      </trkpt>
      <trkpt lat="48.501918" lon="-121.119028">
        <ele>1110.0</ele>
        <time>2022-10-15T17:09:21Z</time>
      </trkpt>
      <trkpt lat="48.501854" lon="-121.119044">
        <ele>1112.0</ele>
        <time>2022-10-15T17:09:23Z</time>
      </trkpt>
      <trkpt lat="48.501879" lon="-121.119067">
        <ele>1111.0</ele>
        <time>2022-10-15T17:09:26Z</time>
      </trkpt>
      <trkpt lat="48.501874" lon="-121.119116">
        <ele>1110.0</ele>
        <time>2022-10-15T17:09:32Z</time>
      </trkpt>
      <trkpt lat="48.501883" lon="-121.119159">
        <ele>1111.0</ele>
        <time>2022-10-15T17:09:40Z</time>
      </trkpt>
      <trkpt lat="48.501901" lon="-121.119101">
        <ele>1110.0</ele>
        <time>2022-10-15T17:09:44Z</time>
      </trkpt>
      <trkpt lat="48.501901" lon="-121.119148">
        <ele>1114.5</ele>
        <time>2022-10-15T17:09:47Z</time>
      </trkpt>
      <trkpt lat="48.501943" lon="-121.119103">
        <ele>1115.5</ele>
        <time>2022-10-15T17:09:48Z</time>
      </trkpt>
      <trkpt lat="48.501913" lon="-121.119089">
        <ele>1116.0</ele>
        <time>2022-10-15T17:09:49Z</time>
      </trkpt>
      <trkpt lat="48.501896" lon="-121.118999">
        <ele>1115.7</ele>
        <time>2022-10-15T17:09:51Z</time>
      </trkpt>
      <trkpt lat="48.501906" lon="-121.118931">
        <ele>1117.2</ele>
        <time>2022-10-15T17:09:53Z</time>
      </trkpt>
      <trkpt lat="48.501939" lon="-121.119039">
        <ele>1114.0</ele>
        <time>2022-10-15T17:10:01Z</time>
      </trkpt>
      <trkpt lat="48.501977" lon="-121.119070">
        <ele>1116.0</ele>
        <time>2022-10-15T17:10:04Z</time>
      </trkpt>
      <trkpt lat="48.501967" lon="-121.119019">
        <ele>1115.0</ele>
        <time>2022-10-15T17:10:06Z</time>
      </trkpt>
      <trkpt lat="48.501971" lon="-121.118959">
        <ele>1116.0</ele>
        <time>2022-10-15T17:10:10Z</time>
      </trkpt>
      <trkpt lat="48.501980" lon="-121.119093">
        <ele>1113.0</ele>
        <time>2022-10-15T17:10:31Z</time>
      </trkpt>
      <trkpt lat="48.502037" lon="-121.119195">
        <ele>1114.5</ele>
        <time>2022-10-15T17:10:36Z</time>
      </trkpt>
      <trkpt lat="48.502019" lon="-121.119131">
        <ele>1115.0</ele>
        <time>2022-10-15T17:10:38Z</time>
      </trkpt>
      <trkpt lat="48.502044" lon="-121.119092">
        <ele>1116.7</ele>
        <time>2022-10-15T17:10:40Z</time>
      </trkpt>
      <trkpt lat="48.502037" lon="-121.119045">
        <ele>1116.0</ele>
        <time>2022-10-15T17:10:44Z</time>
      </trkpt>
      <trkpt lat="48.502080" lon="-121.119107">
        <ele>1117.0</ele>
        <time>2022-10-15T17:10:56Z</time>
      </trkpt>
      <trkpt lat="48.502055" lon="-121.119146">
        <ele>1116.0</ele>
        <time>2022-10-15T17:11:00Z</time>
      </trkpt>
      <trkpt lat="48.502095" lon="-121.119186">
        <ele>1118.8</ele>
        <time>2022-10-15T17:11:02Z</time>
      </trkpt>
      <trkpt lat="48.502127" lon="-121.119160">
        <ele>1117.8</ele>
        <time>2022-10-15T17:11:03Z</time>
      </trkpt>
      <trkpt lat="48.502094" lon="-121.119031">
        <ele>1121.2</ele>
        <time>2022-10-15T17:11:08Z</time>
      </trkpt>
      <trkpt lat="48.502098" lon="-121.118993">
        <ele>1120.9</ele>
        <time>2022-10-15T17:11:09Z</time>
      </trkpt>
      <trkpt lat="48.502108" lon="-121.119074">
        <ele>1118.0</ele>
        <time>2022-10-15T17:11:13Z</time>
      </trkpt>
      <trkpt lat="48.502109" lon="-121.119028">
        <ele>1120.0</ele>
        <time>2022-10-15T17:11:17Z</time>
      </trkpt>
      <trkpt lat="48.502108" lon="-121.119150">
        <ele>1119.4</ele>
        <time>2022-10-15T17:11:28Z</time>
      </trkpt>
      <trkpt lat="48.502134" lon="-121.119126">
        <ele>1118.0</ele>
        <time>2022-10-15T17:11:43Z</time>
      </trkpt>
      <trkpt lat="48.502120" lon="-121.119061">
        <ele>1123.0</ele>
        <time>2022-10-15T17:12:00Z</time>
      </trkpt>
      <trkpt lat="48.502145" lon="-121.119087">
        <ele>1121.0</ele>
        <time>2022-10-15T17:12:05Z</time>
      </trkpt>
      <trkpt lat="48.502180" lon="-121.119035">
        <ele>1127.0</ele>
        <time>2022-10-15T17:12:15Z</time>
      </trkpt>
      <trkpt lat="48.502189" lon="-121.119137">
        <ele>1128.0</ele>
        <time>2022-10-15T17:12:35Z</time>
      </trkpt>
      <trkpt lat="48.502156" lon="-121.119173">
        <ele>1133.4</ele>
        <time>2022-10-15T17:12:47Z</time>
      </trkpt>
      <trkpt lat="48.502190" lon="-121.119142">
        <ele>1133.0</ele>
        <time>2022-10-15T17:12:49Z</time>
      </trkpt>
      <trkpt lat="48.502194" lon="-121.119114">
        <ele>1134.0</ele>
        <time>2022-10-15T17:12:53Z</time>
      </trkpt>
      <trkpt lat="48.502225" lon="-121.119109">
        <ele>1133.0</ele>
        <time>2022-10-15T17:12:57Z</time>
      </trkpt>
      <trkpt lat="48.502253" lon="-121.119130">
        <ele>1132.0</ele>
        <time>2022-10-15T17:13:06Z</time>
      </trkpt>
      <trkpt lat="48.502263" lon="-121.119104">
        <ele>1132.0</ele>
        <time>2022-10-15T17:13:09Z</time>
      </trkpt>
      <trkpt lat="48.502259" lon="-121.119062">
        <ele>1132.0</ele>
        <time>2022-10-15T17:13:14Z</time>
      </trkpt>
      <trkpt lat="48.502256" lon="-121.119125">
        <ele>1135.0</ele>
        <time>2022-10-15T17:13:19Z</time>
      </trkpt>
      <trkpt lat="48.502228" lon="-121.119182">
        <ele>1137.6</ele>
        <time>2022-10-15T17:13:23Z</time>
      </trkpt>
      <trkpt lat="48.502252" lon="-121.119158">
        <ele>1136.0</ele>
        <time>2022-10-15T17:13:26Z</time>
      </trkpt>
      <trkpt lat="48.502267" lon="-121.119117">
        <ele>1135.0</ele>
        <time>2022-10-15T17:13:34Z</time>
      </trkpt>
      <trkpt lat="48.502297" lon="-121.119185">
        <ele>1136.4</ele>
        <time>2022-10-15T17:13:39Z</time>
      </trkpt>
      <trkpt lat="48.502260" lon="-121.119151">
        <ele>1136.0</ele>
        <time>2022-10-15T17:13:42Z</time>
      </trkpt>
      <trkpt lat="48.502225" lon="-121.119220">
        <ele>1138.9</ele>
        <time>2022-10-15T17:13:49Z</time>
      </trkpt>
      <trkpt lat="48.502286" lon="-121.119098">
        <ele>1139.7</ele>
        <time>2022-10-15T17:13:50Z</time>
      </trkpt>
      <trkpt lat="48.502281" lon="-121.119063">
        <ele>1140.6</ele>
        <time>2022-10-15T17:13:51Z</time>
      </trkpt>
      <trkpt lat="48.502320" lon="-121.119004">
        <ele>1140.2</ele>
        <time>2022-10-15T17:13:52Z</time>
      </trkpt>
      <trkpt lat="48.502338" lon="-121.119052">
        <ele>1139.0</ele>
        <time>2022-10-15T17:13:57Z</time>
      </trkpt>
      <trkpt lat="48.502336" lon="-121.119159">
        <ele>1139.5</ele>
        <time>2022-10-15T17:14:00Z</time>
      </trkpt>
      <trkpt lat="48.502325" lon="-121.119191">
        <ele>1140.0</ele>
        <time>2022-10-15T17:14:02Z</time>
      </trkpt>
      <trkpt lat="48.502307" lon="-121.119114">
        <ele>1139.0</ele>
        <time>2022-10-15T17:14:06Z</time>
      </trkpt>
      <trkpt lat="48.502352" lon="-121.119178">
        <ele>1134.0</ele>
        <time>2022-10-15T17:14:26Z</time>
      </trkpt>
      <trkpt lat="48.502349" lon="-121.119140">
        <ele>1136.0</ele>
        <time>2022-10-15T17:14:39Z</time>
      </trkpt>
      <trkpt lat="48.502331" lon="-121.119167">
        <ele>1136.8</ele>
        <time>2022-10-15T17:14:44Z</time>
      </trkpt>
      <trkpt lat="48.502277" lon="-121.119140">
        <ele>1136.0</ele>
        <time>2022-10-15T17:14:48Z</time>
      </trkpt>
      <trkpt lat="48.502299" lon="-121.119163">
        <ele>1136.9</ele>
        <time>2022-10-15T17:14:50Z</time>
      </trkpt>
      <trkpt lat="48.502278" lon="-121.119193">
        <ele>1137.2</ele>
        <time>2022-10-15T17:14:53Z</time>
      </trkpt>
      <trkpt lat="48.502323" lon="-121.119125">
        <ele>1134.0</ele>
        <time>2022-10-15T17:15:02Z</time>
      </trkpt>
      <trkpt lat="48.502347" lon="-121.119165">
        <ele>1139.0</ele>
        <time>2022-10-15T17:15:13Z</time>
      </trkpt>
      <trkpt lat="48.502318" lon="-121.119110">
        <ele>1141.4</ele>
        <time>2022-10-15T17:15:18Z</time>
      </trkpt>
      <trkpt lat="48.502342" lon="-121.119088">
        <ele>1137.0</ele>
        <time>2022-10-15T17:15:24Z</time>
      </trkpt>
      <trkpt lat="48.502349" lon="-121.119134">
        <ele>1140.0</ele>
        <time>2022-10-15T17:15:40Z</time>
      </trkpt>
      <trkpt lat="48.502330" lon="-121.119152">
        <ele>1141.0</ele>
        <time>2022-10-15T17:15:49Z</time>
      </trkpt>
      <trkpt lat="48.502360" lon="-121.119122">
        <ele>1140.0</ele>
        <time>2022-10-15T17:15:55Z</time>
      </trkpt>
      <trkpt lat="48.502401" lon="-121.119123">
        <ele>1143.0</ele>
        <time>2022-10-15T17:16:03Z</time>
      </trkpt>
      <trkpt lat="48.502450" lon="-121.119094">
        <ele>1140.0</ele>
        <time>2022-10-15T17:16:10Z</time>
      </trkpt>
      <trkpt lat="48.502408" lon="-121.119086">
        <ele>1144.0</ele>
        <time>2022-10-15T17:16:20Z</time>
      </trkpt>
      <trkpt lat="48.502418" lon="-121.119174">
        <ele>1146.0</ele>
        <time>2022-10-15T17:16:26Z</time>
      </trkpt>
      <trkpt lat="48.502442" lon="-121.119152">
        <ele>1147.7</ele>
        <time>2022-10-15T17:16:28Z</time>
      </trkpt>
      <trkpt lat="48.502479" lon="-121.119087">
        <ele>1147.9</ele>
        <time>2022-10-15T17:16:29Z</time>
      </trkpt>
      <trkpt lat="48.502485" lon="-121.119048">
        <ele>1146.0</ele>
        <time>2022-10-15T17:16:32Z</time>
      </trkpt>
      <trkpt lat="48.502492" lon="-121.119080">
        <ele>1148.0</ele>
        <time>2022-10-15T17:16:34Z</time>
      </trkpt>
      <trkpt lat="48.502474" lon="-121.119109">
        <ele>1146.0</ele>
        <time>2022-10-15T17:16:36Z</time>
      </trkpt>
      <trkpt lat="48.502471" lon="-121.119198">
        <ele>1150.1</ele>
        <time>2022-10-15T17:16:37Z</time>
      </trkpt>
      <trkpt lat="48.502470" lon="-121.119148">
        <ele>1149.5</ele>
        <time>2022-10-15T17:16:38Z</time>
      </trkpt>
      <trkpt lat="48.502490" lon="-121.119118">
        <ele>1145.0</ele>
        <time>2022-10-15T17:16:41Z</time>
      </trkpt>
      <trkpt lat="48.502464" lon="-121.119102">
        <ele>1148.4</ele>
        <time>2022-10-15T17:16:44Z</time>
      </trkpt>
      <trkpt lat="48.502463" lon="-121.119151">
        <ele>1147.0</ele>
        <time>2022-10-15T17:16:46Z</time>
      </trkpt>
      <trkpt lat="48.502510" lon="-121.119056">
        <ele>1149.9</ele>
        <time>2022-10-15T17:16:51Z</time>
      </trkpt>
      <trkpt lat="48.502506" lon="-121.119014">
        <ele>1149.0</ele>
        <time>2022-10-15T17:16:52Z</time>
      </trkpt>
      <trkpt lat="48.502509" lon="-121.119058">
        <ele>1146.0</ele>
        <time>2022-10-15T17:16:54Z</time>
      </trkpt>
      <trkpt lat="48.502533" lon="-121.118997">
        <ele>1148.0</ele>
        <time>2022-10-15T17:16:57Z</time>
      </trkpt>
      <trkpt lat="48.502516" lon="-121.119058">
        <ele>1146.0</ele>
        <time>2022-10-15T17:17:01Z</time>
      </trkpt>
      <trkpt lat="48.502520" lon="-121.119089">
        <ele>1149.1</ele>
        <time>2022-10-15T17:17:05Z</time>
      </trkpt>
      <trkpt lat="48.502551" lon="-121.119103">
        <ele>1145.0</ele>
        <time>2022-10-15T17:17:08Z</time>
      </trkpt>
      <trkpt lat="48.502595" lon="-121.119083">
        <ele>1146.0</ele>
        <time>2022-10-15T17:17:14Z</time>
      </trkpt>
      <trkpt lat="48.502585" lon="-121.119132">
        <ele>1148.0</ele>
        <time>2022-10-15T17:17:18Z</time>
      </trkpt>
      <trkpt lat="48.502597" lon="-121.119101">
        <ele>1148.0</ele>
        <time>2022-10-15T17:17:22Z</time>
      </trkpt>
      <trkpt lat="48.502636" lon="-121.119096">
        <ele>1148.0</ele>
        <time>2022-10-15T17:17:28Z</time>
      </trkpt>
      <trkpt lat="48.502605" lon="-121.119116">
        <ele>1150.0</ele>
        <time>2022-10-15T17:17:30Z</time>
      </trkpt>
      <trkpt lat="48.502629" lon="-121.119098">
        <ele>1150.0</ele>
        <time>2022-10-15T17:17:32Z</time>
      </trkpt>
      <trkpt lat="48.502665" lon="-121.119118">
        <ele>1151.5</ele>
        <time>2022-10-15T17:17:33Z</time>
      </trkpt>
      <trkpt lat="48.502640" lon="-121.119086">
        <ele>1145.0</ele>
        <time>2022-10-15T17:17:38Z</time>
      </trkpt>
      <trkpt lat="48.502678" lon="-121.119085">
        <ele>1140.0</ele>
        <time>2022-10-15T17:17:49Z</time>
      </trkpt>
      <trkpt lat="48.502671" lon="-121.119023">
        <ele>1152.0</ele>
        <time>2022-10-15T17:18:05Z</time>
      </trkpt>
      <trkpt lat="48.502691" lon="-121.119058">
        <ele>1155.0</ele>
        <time>2022-10-15T17:18:08Z</time>
      </trkpt>
      <trkpt lat="48.502663" lon="-121.119090">
        <ele>1155.6</ele>
        <time>2022-10-15T17:18:10Z</time>
      </trkpt>
      <trkpt lat="48.502697" lon="-121.119089">
        <ele>1155.0</ele>
        <time>2022-10-15T17:18:13Z</time>
      </trkpt>
      <trkpt lat="48.502724" lon="-121.119120">
        <ele>1156.0</ele>
        <time>2022-10-15T17:18:17Z</time>
      </trkpt>
      <trkpt lat="48.502763" lon="-121.119129">
        <ele>1156.0</ele>
        <time>2022-10-15T17:18:21Z</time>
      </trkpt>
      <trkpt lat="48.502763" lon="-121.119093">
        <ele>1156.0</ele>
        <time>2022-10-15T17:18:24Z</time>
      </trkpt>
      <trkpt lat="48.502727" lon="-121.119083">
        <ele>1158.0</ele>
        <time>2022-10-15T17:18:26Z</time>
      </trkpt>
      <trkpt lat="48.502735" lon="-121.119133">
        <ele>1159.0</ele>
        <time>2022-10-15T17:18:30Z</time>
      </trkpt>
      <trkpt lat="48.502774" lon="-121.119119">
        <ele>1159.0</ele>
        <time>2022-10-15T17:18:34Z</time>
      </trkpt>
      <trkpt lat="48.502756" lon="-121.119075">
        <ele>1160.8</ele>
        <time>2022-10-15T17:18:37Z</time>
      </trkpt>
      <trkpt lat="48.502788" lon="-121.119104">
        <ele>1160.0</ele>
        <time>2022-10-15T17:18:47Z</time>
      </trkpt>
      <trkpt lat="48.502791" lon="-121.119142">
        <ele>1164.0</ele>
        <time>2022-10-15T17:18:54Z</time>
      </trkpt>
      <trkpt lat="48.502825" lon="-121.119150">
        <ele>1164.0</ele>
        <time>2022-10-15T17:18:56Z</time>
      </trkpt>
      <trkpt lat="48.502806" lon="-121.119124">
        <ele>1165.1</ele>
        <time>2022-10-15T17:18:58Z</time>
      </trkpt>
      <trkpt lat="48.502820" lon="-121.119053">
        <ele>1162.0</ele>
        <time>2022-10-15T17:19:07Z</time>
      </trkpt>
      <trkpt lat="48.502789" lon="-121.119109">
        <ele>1164.0</ele>
        <time>2022-10-15T17:19:10Z</time>
      </trkpt>
      <trkpt lat="48.502844" lon="-121.119153">
        <ele>1164.0</ele>
        <time>2022-10-15T17:19:20Z</time>
      </trkpt>
      <trkpt lat="48.502790" lon="-121.119081">
        <ele>1166.6</ele>
        <time>2022-10-15T17:19:27Z</time>
      </trkpt>
      <trkpt lat="48.502840" lon="-121.119198">
        <ele>1164.0</ele>
        <time>2022-10-15T17:19:39Z</time>
      </trkpt>
      <trkpt lat="48.502807" lon="-121.119226">
        <ele>1168.8</ele>
        <time>2022-10-15T17:19:42Z</time>
      </trkpt>
      <trkpt lat="48.502795" lon="-121.119194">
        <ele>1170.0</ele>
        <time>2022-10-15T17:19:44Z</time>
      </trkpt>
      <trkpt lat="48.502839" lon="-121.119223">
        <ele>1169.3</ele>
        <time>2022-10-15T17:19:45Z</time>
      </trkpt>
      <trkpt lat="48.502857" lon="-121.119263">
        <ele>1170.0</ele>
        <time>2022-10-15T17:19:46Z</time>
      </trkpt>
      <trkpt lat="48.502840" lon="-121.119252">
        <ele>1166.0</ele>
        <time>2022-10-15T17:19:49Z</time>
      </trkpt>
      <trkpt lat="48.502872" lon="-121.119213">
        <ele>1169.3</ele>
        <time>2022-10-15T17:19:54Z</time>
      </trkpt>
      <trkpt lat="48.502825" lon="-121.119173">
        <ele>1168.0</ele>
        <time>2022-10-15T17:19:56Z</time>
      </trkpt>
      <trkpt lat="48.502877" lon="-121.119209">
        <ele>1166.0</ele>
        <time>2022-10-15T17:20:05Z</time>
      </trkpt>
      <trkpt lat="48.502931" lon="-121.119193">
        <ele>1172.0</ele>
        <time>2022-10-15T17:20:15Z</time>
      </trkpt>
      <trkpt lat="48.502932" lon="-121.119152">
        <ele>1170.0</ele>
        <time>2022-10-15T17:20:19Z</time>
      </trkpt>
      <trkpt lat="48.502913" lon="-121.119193">
        <ele>1173.1</ele>
        <time>2022-10-15T17:20:22Z</time>
      </trkpt>
      <trkpt lat="48.502954" lon="-121.119154">
        <ele>1173.0</ele>
        <time>2022-10-15T17:20:23Z</time>
      </trkpt>
      <trkpt lat="48.502954" lon="-121.119099">
        <ele>1173.7</ele>
        <time>2022-10-15T17:20:24Z</time>
      </trkpt>
      <trkpt lat="48.502943" lon="-121.119134">
        <ele>1172.0</ele>
        <time>2022-10-15T17:20:27Z</time>
      </trkpt>
      <trkpt lat="48.502974" lon="-121.119191">
        <ele>1170.0</ele>
        <time>2022-10-15T17:20:35Z</time>
      </trkpt>
      <trkpt lat="48.502946" lon="-121.119212">
        <ele>1172.2</ele>
        <time>2022-10-15T17:20:40Z</time>
      </trkpt>
      <trkpt lat="48.502955" lon="-121.119246">
        <ele>1170.3</ele>
        <time>2022-10-15T17:20:41Z</time>
      </trkpt>
      <trkpt lat="48.502954" lon="-121.119182">
        <ele>1170.0</ele>
        <time>2022-10-15T17:20:44Z</time>
      </trkpt>
      <trkpt lat="48.503023" lon="-121.119227">
        <ele>1172.0</ele>
        <time>2022-10-15T17:20:47Z</time>
      </trkpt>
      <trkpt lat="48.502957" lon="-121.119161">
        <ele>1170.0</ele>
        <time>2022-10-15T17:20:50Z</time>
      </trkpt>
      <trkpt lat="48.502996" lon="-121.119174">
        <ele>1173.0</ele>
        <time>2022-10-15T17:20:54Z</time>
      </trkpt>
      <trkpt lat="48.502969" lon="-121.119153">
        <ele>1174.0</ele>
        <time>2022-10-15T17:20:59Z</time>
      </trkpt>
      <trkpt lat="48.503055" lon="-121.119128">
        <ele>1176.0</ele>
        <time>2022-10-15T17:21:09Z</time>
      </trkpt>
      <trkpt lat="48.503050" lon="-121.119057">
        <ele>1182.2</ele>
        <time>2022-10-15T17:21:20Z</time>
      </trkpt>
      <trkpt lat="48.503061" lon="-121.119088">
        <ele>1181.6</ele>
        <time>2022-10-15T17:21:21Z</time>
      </trkpt>
      <trkpt lat="48.503033" lon="-121.119176">
        <ele>1179.0</ele>
        <time>2022-10-15T17:21:25Z</time>
      </trkpt>
      <trkpt lat="48.503042" lon="-121.119201">
        <ele>1179.5</ele>
        <time>2022-10-15T17:21:31Z</time>
      </trkpt>
      <trkpt lat="48.503006" lon="-121.119209">
        <ele>1175.0</ele>
        <time>2022-10-15T17:21:34Z</time>
      </trkpt>
      <trkpt lat="48.503100" lon="-121.119222">
        <ele>1176.0</ele>
        <time>2022-10-15T17:21:46Z</time>
      </trkpt>
      <trkpt lat="48.503112" lon="-121.119253">
        <ele>1176.0</ele>
        <time>2022-10-15T17:22:01Z</time>
      </trkpt>
      <trkpt lat="48.503080" lon="-121.119308">
        <ele>1180.0</ele>
        <time>2022-10-15T17:22:09Z</time>
      </trkpt>
      <trkpt lat="48.503096" lon="-121.119287">
        <ele>1181.0</ele>
        <time>2022-10-15T17:22:15Z</time>
      </trkpt>
      <trkpt lat="48.503132" lon="-121.119281">
        <ele>1182.0</ele>
        <time>2022-10-15T17:22:19Z</time>
      </trkpt>
      <trkpt lat="48.503144" lon="-121.119220">
        <ele>1182.0</ele>
        <time>2022-10-15T17:22:30Z</time>
      </trkpt>
      <trkpt lat="48.503150" lon="-121.119280">
        <ele>1180.0</ele>
        <time>2022-10-15T17:22:42Z</time>
      </trkpt>
      <trkpt lat="48.503124" lon="-121.119355">
        <ele>1184.0</ele>
        <time>2022-10-15T17:22:58Z</time>
      </trkpt>
      <trkpt lat="48.503151" lon="-121.119350">
        <ele>1185.0</ele>
        <time>2022-10-15T17:23:04Z</time>
      </trkpt>
      <trkpt lat="48.503145" lon="-121.119373">
        <ele>1183.0</ele>
        <time>2022-10-15T17:23:13Z</time>
      </trkpt>
      <trkpt lat="48.503124" lon="-121.119343">
        <ele>1186.0</ele>
        <time>2022-10-15T17:23:21Z</time>
      </trkpt>
      <trkpt lat="48.503113" lon="-121.119384">
        <ele>1190.4</ele>
        <time>2022-10-15T17:23:24Z</time>
      </trkpt>
      <trkpt lat="48.503143" lon="-121.119379">
        <ele>1190.0</ele>
        <time>2022-10-15T17:23:25Z</time>
      </trkpt>
      <trkpt lat="48.503118" lon="-121.119355">
        <ele>1190.9</ele>
        <time>2022-10-15T17:23:26Z</time>
      </trkpt>
      <trkpt lat="48.503181" lon="-121.119500">
        <ele>1188.0</ele>
        <time>2022-10-15T17:23:44Z</time>
      </trkpt>
      <trkpt lat="48.503141" lon="-121.119456">
        <ele>1190.0</ele>
        <time>2022-10-15T17:23:52Z</time>
      </trkpt>
      <trkpt lat="48.503114" lon="-121.119397">
        <ele>1192.0</ele>
        <time>2022-10-15T17:23:58Z</time>
      </trkpt>
      <trkpt lat="48.503164" lon="-121.119468">
        <ele>1194.0</ele>
        <time>2022-10-15T17:24:02Z</time>
      </trkpt>
      <trkpt lat="48.503170" lon="-121.119497">
        <ele>1192.0</ele>
        <time>2022-10-15T17:24:08Z</time>
      </trkpt>
      <trkpt lat="48.503145" lon="-121.119429">
        <ele>1195.0</ele>
        <time>2022-10-15T17:24:11Z</time>
      </trkpt>
      <trkpt lat="48.503139" lon="-121.119482">
        <ele>1195.0</ele>
        <time>2022-10-15T17:24:13Z</time>
      </trkpt>
      <trkpt lat="48.503153" lon="-121.119523">
        <ele>1195.0</ele>
        <time>2022-10-15T17:24:16Z</time>
      </trkpt>
      <trkpt lat="48.503146" lon="-121.119486">
        <ele>1194.0</ele>
        <time>2022-10-15T17:24:23Z</time>
      </trkpt>
      <trkpt lat="48.503242" lon="-121.119604">
        <ele>1195.0</ele>
        <time>2022-10-15T17:24:54Z</time>
      </trkpt>
      <trkpt lat="48.503252" lon="-121.119663">
        <ele>1197.0</ele>
        <time>2022-10-15T17:25:02Z</time>
      </trkpt>
      <trkpt lat="48.503244" lon="-121.119613">
        <ele>1197.0</ele>
        <time>2022-10-15T17:25:09Z</time>
      </trkpt>
      <trkpt lat="48.503299" lon="-121.119648">
        <ele>1198.0</ele>
        <time>2022-10-15T17:25:38Z</time>
      </trkpt>
      <trkpt lat="48.503274" lon="-121.119616">
        <ele>1203.9</ele>
        <time>2022-10-15T17:25:50Z</time>
      </trkpt>
      <trkpt lat="48.503297" lon="-121.119642">
        <ele>1201.0</ele>
        <time>2022-10-15T17:25:52Z</time>
      </trkpt>
      <trkpt lat="48.503288" lon="-121.119572">
        <ele>1203.0</ele>
        <time>2022-10-15T17:26:30Z</time>
      </trkpt>
      <trkpt lat="48.503330" lon="-121.119584">
        <ele>1204.0</ele>
        <time>2022-10-15T17:26:45Z</time>
      </trkpt>
      <trkpt lat="48.503351" lon="-121.119611">
        <ele>1200.0</ele>
        <time>2022-10-15T17:26:54Z</time>
      </trkpt>
      <trkpt lat="48.503389" lon="-121.119628">
        <ele>1207.3</ele>
        <time>2022-10-15T17:26:59Z</time>
      </trkpt>
      <trkpt lat="48.503382" lon="-121.119585">
        <ele>1202.0</ele>
        <time>2022-10-15T17:27:06Z</time>
      </trkpt>
      <trkpt lat="48.503382" lon="-121.119629">
        <ele>1205.2</ele>
        <time>2022-10-15T17:27:18Z</time>
      </trkpt>
      <trkpt lat="48.503396" lon="-121.119643">
        <ele>1204.0</ele>
        <time>2022-10-15T17:27:20Z</time>
      </trkpt>
      <trkpt lat="48.503387" lon="-121.119636">
        <ele>1206.0</ele>
        <time>2022-10-15T17:27:25Z</time>
      </trkpt>
      <trkpt lat="48.503427" lon="-121.119567">
        <ele>1207.0</ele>
        <time>2022-10-15T17:27:48Z</time>
      </trkpt>
      <trkpt lat="48.503455" lon="-121.119538">
        <ele>1211.0</ele>
        <time>2022-10-15T17:28:00Z</time>
      </trkpt>
      <trkpt lat="48.503441" lon="-121.119506">
        <ele>1212.0</ele>
        <time>2022-10-15T17:28:07Z</time>
      </trkpt>
      <trkpt lat="48.503469" lon="-121.119485">
        <ele>1210.0</ele>
        <time>2022-10-15T17:28:20Z</time>
      </trkpt>
      <trkpt lat="48.503462" lon="-121.119539">
        <ele>1211.0</ele>
        <time>2022-10-15T17:28:24Z</time>
      </trkpt>
      <trkpt lat="48.503519" lon="-121.119504">
        <ele>1208.0</ele>
        <time>2022-10-15T17:28:54Z</time>
      </trkpt>
      <trkpt lat="48.503552" lon="-121.119539">
        <ele>1208.0</ele>
        <time>2022-10-15T17:29:11Z</time>
      </trkpt>
      <trkpt lat="48.503556" lon="-121.119518">
        <ele>1206.0</ele>
        <time>2022-10-15T17:29:17Z</time>
      </trkpt>
      <trkpt lat="48.503587" lon="-121.119502">
        <ele>1207.0</ele>
        <time>2022-10-15T17:29:34Z</time>
      </trkpt>
      <trkpt lat="48.503600" lon="-121.119534">
        <ele>1208.0</ele>
        <time>2022-10-15T17:29:48Z</time>
      </trkpt>
      <trkpt lat="48.503614" lon="-121.119477">
        <ele>1207.0</ele>
        <time>2022-10-15T17:30:03Z</time>
      </trkpt>
      <trkpt lat="48.503651" lon="-121.119462">
        <ele>1208.0</ele>
        <time>2022-10-15T17:30:26Z</time>
      </trkpt>
      <trkpt lat="48.503648" lon="-121.119432">
        <ele>1216.7</ele>
        <time>2022-10-15T17:31:30Z</time>
      </trkpt>
      <trkpt lat="48.503695" lon="-121.119432">
        <ele>1215.0</ele>
        <time>2022-10-15T17:31:31Z</time>
      </trkpt>
      <trkpt lat="48.503672" lon="-121.119467">
        <ele>1215.0</ele>
        <time>2022-10-15T17:31:35Z</time>
      </trkpt>
      <trkpt lat="48.503690" lon="-121.119496">
        <ele>1208.0</ele>
        <time>2022-10-15T17:31:40Z</time>
      </trkpt>
      <trkpt lat="48.503778" lon="-121.119547">
        <ele>1218.5</ele>
        <time>2022-10-15T17:31:53Z</time>
      </trkpt>
      <trkpt lat="48.503746" lon="-121.119524">
        <ele>1216.0</ele>
        <time>2022-10-15T17:31:58Z</time>
      </trkpt>
      <trkpt lat="48.503757" lon="-121.119478">
        <ele>1216.0</ele>
        <time>2022-10-15T17:32:19Z</time>
      </trkpt>
      <trkpt lat="48.503752" lon="-121.119508">
        <ele>1214.0</ele>
        <time>2022-10-15T17:32:25Z</time>
      </trkpt>
      <trkpt lat="48.503776" lon="-121.119545">
        <ele>1218.4</ele>
        <time>2022-10-15T17:32:28Z</time>
      </trkpt>
      <trkpt lat="48.503744" lon="-121.119492">
        <ele>1217.0</ele>
        <time>2022-10-15T17:32:33Z</time>
      </trkpt>
      <trkpt lat="48.503734" lon="-121.119520">
        <ele>1215.0</ele>
        <time>2022-10-15T17:32:44Z</time>
      </trkpt>
      <trkpt lat="48.503759" lon="-121.119551">
        <ele>1220.0</ele>
        <time>2022-10-15T17:32:52Z</time>
      </trkpt>
      <trkpt lat="48.503757" lon="-121.119476">
        <ele>1220.0</ele>
        <time>2022-10-15T17:33:07Z</time>
      </trkpt>
      <trkpt lat="48.503810" lon="-121.119502">
        <ele>1220.0</ele>
        <time>2022-10-15T17:33:11Z</time>
      </trkpt>
      <trkpt lat="48.503781" lon="-121.119481">
        <ele>1220.0</ele>
        <time>2022-10-15T17:33:15Z</time>
      </trkpt>
      <trkpt lat="48.503782" lon="-121.119419">
        <ele>1219.0</ele>
        <time>2022-10-15T17:33:22Z</time>
      </trkpt>
      <trkpt lat="48.503799" lon="-121.119478">
        <ele>1210.0</ele>
        <time>2022-10-15T17:33:30Z</time>
      </trkpt>
      <trkpt lat="48.503784" lon="-121.119411">
        <ele>1219.9</ele>
        <time>2022-10-15T17:33:36Z</time>
      </trkpt>
      <trkpt lat="48.503841" lon="-121.119469">
        <ele>1216.0</ele>
        <time>2022-10-15T17:33:46Z</time>
      </trkpt>
      <trkpt lat="48.503754" lon="-121.119445">
        <ele>1220.0</ele>
        <time>2022-10-15T17:33:55Z</time>
      </trkpt>
      <trkpt lat="48.503810" lon="-121.119481">
        <ele>1220.0</ele>
        <time>2022-10-15T17:33:58Z</time>
      </trkpt>
      <trkpt lat="48.503839" lon="-121.119470">
        <ele>1216.0</ele>
        <time>2022-10-15T17:34:05Z</time>
      </trkpt>
      <trkpt lat="48.503868" lon="-121.119383">
        <ele>1223.0</ele>
        <time>2022-10-15T17:34:54Z</time>
      </trkpt>
      <trkpt lat="48.503861" lon="-121.119385">
        <ele>1226.0</ele>
        <time>2022-10-15T17:38:21Z</time>
      </trkpt>
      <trkpt lat="48.503851" lon="-121.119458">
        <ele>1226.0</ele>
        <time>2022-10-15T17:38:55Z</time>
      </trkpt>
      <trkpt lat="48.503913" lon="-121.119399">
        <ele>1230.0</ele>
        <time>2022-10-15T17:39:17Z</time>
      </trkpt>
      <trkpt lat="48.503917" lon="-121.119434">
        <ele>1228.0</ele>
        <time>2022-10-15T17:39:19Z</time>
      </trkpt>
      <trkpt lat="48.503873" lon="-121.119492">
        <ele>1220.0</ele>
        <time>2022-10-15T17:39:38Z</time>
      </trkpt>
      <trkpt lat="48.503859" lon="-121.119527">
        <ele>1224.0</ele>
        <time>2022-10-15T17:39:45Z</time>
      </trkpt>
      <trkpt lat="48.503893" lon="-121.119596">
        <ele>1224.0</ele>
        <time>2022-10-15T17:40:09Z</time>
      </trkpt>
      <trkpt lat="48.503916" lon="-121.119548">
        <ele>1224.0</ele>
        <time>2022-10-15T17:40:22Z</time>
      </trkpt>
      <trkpt lat="48.503913" lon="-121.119514">
        <ele>1224.0</ele>
        <time>2022-10-15T17:40:30Z</time>
      </trkpt>
      <trkpt lat="48.503970" lon="-121.119522">
        <ele>1226.0</ele>
        <time>2022-10-15T17:40:35Z</time>
      </trkpt>
      <trkpt lat="48.503913" lon="-121.119557">
        <ele>1226.0</ele>
        <time>2022-10-15T17:40:37Z</time>
      </trkpt>
      <trkpt lat="48.503937" lon="-121.119529">
        <ele>1227.0</ele>
        <time>2022-10-15T17:40:41Z</time>
      </trkpt>
      <trkpt lat="48.503964" lon="-121.119570">
        <ele>1228.0</ele>
        <time>2022-10-15T17:40:46Z</time>
      </trkpt>
      <trkpt lat="48.503892" lon="-121.119476">
        <ele>1228.0</ele>
        <time>2022-10-15T17:41:00Z</time>
      </trkpt>
      <trkpt lat="48.503918" lon="-121.119474">
        <ele>1225.0</ele>
        <time>2022-10-15T17:41:14Z</time>
      </trkpt>
      <trkpt lat="48.503925" lon="-121.119453">
        <ele>1227.0</ele>
        <time>2022-10-15T17:41:28Z</time>
      </trkpt>
      <trkpt lat="48.503954" lon="-121.119530">
        <ele>1228.0</ele>
        <time>2022-10-15T17:42:17Z</time>
      </trkpt>
      <trkpt lat="48.503948" lon="-121.119467">
        <ele>1228.0</ele>
        <time>2022-10-15T17:42:22Z</time>
      </trkpt>
      <trkpt lat="48.503968" lon="-121.119514">
        <ele>1225.0</ele>
        <time>2022-10-15T17:42:43Z</time>
      </trkpt>
      <trkpt lat="48.504004" lon="-121.119502">
        <ele>1236.0</ele>
        <time>2022-10-15T17:45:20Z</time>
      </trkpt>
      <trkpt lat="48.504038" lon="-121.119428">
        <ele>1233.0</ele>
        <time>2022-10-15T17:45:42Z</time>
      </trkpt>
      <trkpt lat="48.504092" lon="-121.119410">
        <ele>1215.0</ele>
        <time>2022-10-15T17:46:02Z</time>
      </trkpt>
      <trkpt lat="48.504064" lon="-121.119397">
        <ele>1233.0</ele>
        <time>2022-10-15T17:46:25Z</time>
      </trkpt>
      <trkpt lat="48.504055" lon="-121.119314">
        <ele>1236.0</ele>
        <time>2022-10-15T17:46:45Z</time>
      </trkpt>
      <trkpt lat="48.504031" lon="-121.119280">
        <ele>1237.5</ele>
        <time>2022-10-15T17:46:46Z</time>
      </trkpt>
      <trkpt lat="48.504050" lon="-121.119328">
        <ele>1236.0</ele>
        <time>2022-10-15T17:46:50Z</time>
      </trkpt>
      <trkpt lat="48.504109" lon="-121.119339">
        <ele>1232.0</ele>
        <time>2022-10-15T17:47:15Z</time>
      </trkpt>
      <trkpt lat="48.504067" lon="-121.119357">
        <ele>1238.0</ele>
        <time>2022-10-15T17:47:26Z</time>
      </trkpt>
      <trkpt lat="48.504108" lon="-121.119352">
        <ele>1233.0</ele>
        <time>2022-10-15T17:47:30Z</time>
      </trkpt>
      <trkpt lat="48.504137" lon="-121.119429">
        <ele>1239.0</ele>
        <time>2022-10-15T17:47:57Z</time>
      </trkpt>
      <trkpt lat="48.504145" lon="-121.119382">
        <ele>1239.0</ele>
        <time>2022-10-15T17:48:00Z</time>
      </trkpt>
      <trkpt lat="48.504152" lon="-121.119422">
        <ele>1235.0</ele>
        <time>2022-10-15T17:48:04Z</time>
      </trkpt>
      <trkpt lat="48.504146" lon="-121.119440">
        <ele>1236.0</ele>
        <time>2022-10-15T17:48:10Z</time>
      </trkpt>
      <trkpt lat="48.504170" lon="-121.119453">
        <ele>1235.0</ele>
        <time>2022-10-15T17:48:24Z</time>
      </trkpt>
      <trkpt lat="48.504143" lon="-121.119459">
        <ele>1232.0</ele>
        <time>2022-10-15T17:48:39Z</time>
      </trkpt>
      <trkpt lat="48.504142" lon="-121.119490">
        <ele>1243.0</ele>
        <time>2022-10-15T17:48:54Z</time>
      </trkpt>
      <trkpt lat="48.504109" lon="-121.119512">
        <ele>1245.0</ele>
        <time>2022-10-15T17:48:58Z</time>
      </trkpt>
      <trkpt lat="48.504161" lon="-121.119520">
        <ele>1245.0</ele>
        <time>2022-10-15T17:49:08Z</time>
      </trkpt>
      <trkpt lat="48.504159" lon="-121.119496">
        <ele>1244.0</ele>
        <time>2022-10-15T17:49:13Z</time>
      </trkpt>
      <trkpt lat="48.504192" lon="-121.119514">
        <ele>1243.0</ele>
        <time>2022-10-15T17:49:25Z</time>
      </trkpt>
      <trkpt lat="48.504225" lon="-121.119493">
        <ele>1246.0</ele>
        <time>2022-10-15T17:49:47Z</time>
      </trkpt>
      <trkpt lat="48.504238" lon="-121.119524">
        <ele>1245.0</ele>
        <time>2022-10-15T17:49:49Z</time>
      </trkpt>
      <trkpt lat="48.504240" lon="-121.119474">
        <ele>1245.0</ele>
        <time>2022-10-15T17:49:52Z</time>
      </trkpt>
      <trkpt lat="48.504247" lon="-121.119512">
        <ele>1244.0</ele>
        <time>2022-10-15T17:49:56Z</time>
      </trkpt>
      <trkpt lat="48.504207" lon="-121.119593">
        <ele>1248.0</ele>
        <time>2022-10-15T17:50:27Z</time>
      </trkpt>
      <trkpt lat="48.504250" lon="-121.119581">
        <ele>1250.0</ele>
        <time>2022-10-15T17:50:37Z</time>
      </trkpt>
      <trkpt lat="48.504254" lon="-121.119601">
        <ele>1250.0</ele>
        <time>2022-10-15T17:50:42Z</time>
      </trkpt>
      <trkpt lat="48.504238" lon="-121.119562">
        <ele>1250.0</ele>
        <time>2022-10-15T17:50:44Z</time>
      </trkpt>
      <trkpt lat="48.504240" lon="-121.119626">
        <ele>1244.0</ele>
        <time>2022-10-15T17:50:57Z</time>
      </trkpt>
      <trkpt lat="48.504264" lon="-121.119610">
        <ele>1252.0</ele>
        <time>2022-10-15T17:51:07Z</time>
      </trkpt>
      <trkpt lat="48.504276" lon="-121.119650">
        <ele>1253.0</ele>
        <time>2022-10-15T17:51:12Z</time>
      </trkpt>
      <trkpt lat="48.504252" lon="-121.119687">
        <ele>1253.0</ele>
        <time>2022-10-15T17:51:14Z</time>
      </trkpt>
      <trkpt lat="48.504276" lon="-121.119659">
        <ele>1254.0</ele>
        <time>2022-10-15T17:51:21Z</time>
      </trkpt>
      <trkpt lat="48.504314" lon="-121.119719">
        <ele>1256.0</ele>
        <time>2022-10-15T17:51:31Z</time>
      </trkpt>
      <trkpt lat="48.504344" lon="-121.119711">
        <ele>1259.8</ele>
        <time>2022-10-15T17:52:17Z</time>
      </trkpt>
      <trkpt lat="48.504324" lon="-121.119719">
        <ele>1260.0</ele>
        <time>2022-10-15T17:52:23Z</time>
      </trkpt>
      <trkpt lat="48.504358" lon="-121.119666">
        <ele>1260.0</ele>
        <time>2022-10-15T17:52:42Z</time>
      </trkpt>
      <trkpt lat="48.504313" lon="-121.119744">
        <ele>1261.0</ele>
        <time>2022-10-15T17:53:01Z</time>
      </trkpt>
      <trkpt lat="48.504355" lon="-121.119738">
        <ele>1261.0</ele>
        <time>2022-10-15T17:53:08Z</time>
      </trkpt>
      <trkpt lat="48.504371" lon="-121.119620">
        <ele>1266.0</ele>
        <time>2022-10-15T17:53:57Z</time>
      </trkpt>
      <trkpt lat="48.504402" lon="-121.119583">
        <ele>1265.0</ele>
        <time>2022-10-15T17:53:59Z</time>
      </trkpt>
      <trkpt lat="48.504403" lon="-121.119609">
        <ele>1264.0</ele>
        <time>2022-10-15T17:54:03Z</time>
      </trkpt>
      <trkpt lat="48.504367" lon="-121.119656">
        <ele>1264.0</ele>
        <time>2022-10-15T17:54:49Z</time>
      </trkpt>
      <trkpt lat="48.504358" lon="-121.119629">
        <ele>1265.0</ele>
        <time>2022-10-15T17:55:14Z</time>
      </trkpt>
      <trkpt lat="48.504371" lon="-121.119658">
        <ele>1270.0</ele>
        <time>2022-10-15T17:55:39Z</time>
      </trkpt>
      <trkpt lat="48.504406" lon="-121.119612">
        <ele>1265.0</ele>
        <time>2022-10-15T17:55:54Z</time>
      </trkpt>
      <trkpt lat="48.504419" lon="-121.119552">
        <ele>1268.0</ele>
        <time>2022-10-15T17:56:04Z</time>
      </trkpt>
      <trkpt lat="48.504481" lon="-121.119590">
        <ele>1267.7</ele>
        <time>2022-10-15T17:56:27Z</time>
      </trkpt>
      <trkpt lat="48.504457" lon="-121.119491">
        <ele>1265.0</ele>
        <time>2022-10-15T17:56:42Z</time>
      </trkpt>
      <trkpt lat="48.504447" lon="-121.119537">
        <ele>1267.0</ele>
        <time>2022-10-15T17:56:45Z</time>
      </trkpt>
      <trkpt lat="48.504472" lon="-121.119611">
        <ele>1268.0</ele>
        <time>2022-10-15T17:56:49Z</time>
      </trkpt>
      <trkpt lat="48.504494" lon="-121.119528">
        <ele>1269.0</ele>
        <time>2022-10-15T17:56:56Z</time>
      </trkpt>
      <trkpt lat="48.504454" lon="-121.119533">
        <ele>1270.0</ele>
        <time>2022-10-15T17:57:00Z</time>
      </trkpt>
      <trkpt lat="48.504491" lon="-121.119552">
        <ele>1270.0</ele>
        <time>2022-10-15T17:57:05Z</time>
      </trkpt>
      <trkpt lat="48.504515" lon="-121.119605">
        <ele>1271.0</ele>
        <time>2022-10-15T17:57:10Z</time>
      </trkpt>
      <trkpt lat="48.504516" lon="-121.119650">
        <ele>1273.2</ele>
        <time>2022-10-15T17:57:12Z</time>
      </trkpt>
      <trkpt lat="48.504480" lon="-121.119671">
        <ele>1272.6</ele>
        <time>2022-10-15T17:57:12Z</time>
      </trkpt>
      <trkpt lat="48.504503" lon="-121.119626">
        <ele>1272.0</ele>
        <time>2022-10-15T17:57:18Z</time>
      </trkpt>
      <trkpt lat="48.504492" lon="-121.119579">
        <ele>1272.0</ele>
        <time>2022-10-15T17:57:27Z</time>
      </trkpt>
      <trkpt lat="48.504494" lon="-121.119655">
        <ele>1274.0</ele>
        <time>2022-10-15T17:57:32Z</time>
      </trkpt>
      <trkpt lat="48.504518" lon="-121.119609">
        <ele>1276.0</ele>
        <time>2022-10-15T17:58:12Z</time>
      </trkpt>
      <trkpt lat="48.504527" lon="-121.119562">
        <ele>1278.9</ele>
        <time>2022-10-15T17:58:58Z</time>
      </trkpt>
      <trkpt lat="48.504544" lon="-121.119588">
        <ele>1277.9</ele>
        <time>2022-10-15T17:58:59Z</time>
      </trkpt>
      <trkpt lat="48.504537" lon="-121.119521">
        <ele>1276.0</ele>
        <time>2022-10-15T18:00:02Z</time>
      </trkpt>
      <trkpt lat="48.504535" lon="-121.119643">
        <ele>1274.0</ele>
        <time>2022-10-15T18:00:24Z</time>
      </trkpt>
      <trkpt lat="48.504519" lon="-121.119602">
        <ele>1274.0</ele>
        <time>2022-10-15T18:01:18Z</time>
      </trkpt>
      <trkpt lat="48.504507" lon="-121.119571">
        <ele>1274.0</ele>
        <time>2022-10-15T18:05:30Z</time>
      </trkpt>
      <trkpt lat="48.504546" lon="-121.119587">
        <ele>1274.7</ele>
        <time>2022-10-15T18:06:27Z</time>
      </trkpt>
      <trkpt lat="48.504553" lon="-121.119620">
        <ele>1280.0</ele>
        <time>2022-10-15T18:26:47Z</time>
      </trkpt>
      <trkpt lat="48.504511" lon="-121.119467">
        <ele>1278.0</ele>
        <time>2022-10-15T18:27:01Z</time>
      </trkpt>
      <trkpt lat="48.504523" lon="-121.119570">
        <ele>1280.0</ele>
        <time>2022-10-15T18:27:12Z</time>
      </trkpt>
      <trkpt lat="48.504551" lon="-121.119559">
        <ele>1281.5</ele>
        <time>2022-10-15T18:27:20Z</time>
      </trkpt>
      <trkpt lat="48.504528" lon="-121.119602">
        <ele>1280.0</ele>
        <time>2022-10-15T18:27:22Z</time>
      </trkpt>
      <trkpt lat="48.504532" lon="-121.119646">
        <ele>1278.0</ele>
        <time>2022-10-15T18:27:29Z</time>
      </trkpt>
      <trkpt lat="48.504531" lon="-121.119556">
        <ele>1278.0</ele>
        <time>2022-10-15T18:27:40Z</time>
      </trkpt>
      <trkpt lat="48.504541" lon="-121.119504">
        <ele>1280.0</ele>
        <time>2022-10-15T18:27:42Z</time>
      </trkpt>
      <trkpt lat="48.504544" lon="-121.119666">
        <ele>1277.0</ele>
        <time>2022-10-15T18:29:15Z</time>
      </trkpt>
      <trkpt lat="48.504531" lon="-121.119822">
        <ele>1280.0</ele>
        <time>2022-10-15T18:29:56Z</time>
      </trkpt>
      <trkpt lat="48.504557" lon="-121.119870">
        <ele>1274.0</ele>
        <time>2022-10-15T18:30:07Z</time>
      </trkpt>
      <trkpt lat="48.504527" lon="-121.119914">
        <ele>1279.0</ele>
        <time>2022-10-15T18:30:43Z</time>
      </trkpt>
      <trkpt lat="48.504541" lon="-121.119841">
        <ele>1274.0</ele>
        <time>2022-10-15T18:31:05Z</time>
      </trkpt>
      <trkpt lat="48.504611" lon="-121.119822">
        <ele>1278.0</ele>
        <time>2022-10-15T18:31:24Z</time>
      </trkpt>
      <trkpt lat="48.504641" lon="-121.119791">
        <ele>1283.0</ele>
        <time>2022-10-15T18:31:30Z</time>
      </trkpt>
      <trkpt lat="48.504616" lon="-121.119856">
        <ele>1285.0</ele>
        <time>2022-10-15T18:31:40Z</time>
      </trkpt>
      <trkpt lat="48.504628" lon="-121.119899">
        <ele>1278.0</ele>
        <time>2022-10-15T18:31:54Z</time>
      </trkpt>
      <trkpt lat="48.504659" lon="-121.119883">
        <ele>1287.0</ele>
        <time>2022-10-15T18:32:08Z</time>
      </trkpt>
      <trkpt lat="48.504683" lon="-121.119908">
        <ele>1290.0</ele>
        <time>2022-10-15T18:32:29Z</time>
      </trkpt>
      <trkpt lat="48.504683" lon="-121.119955">
        <ele>1292.0</ele>
        <time>2022-10-15T18:32:34Z</time>
      </trkpt>
      <trkpt lat="48.504671" lon="-121.119916">
        <ele>1293.5</ele>
        <time>2022-10-15T18:32:36Z</time>
      </trkpt>
      <trkpt lat="48.504737" lon="-121.119960">
        <ele>1289.0</ele>
        <time>2022-10-15T18:32:52Z</time>
      </trkpt>
      <trkpt lat="48.504714" lon="-121.119937">
        <ele>1292.0</ele>
        <time>2022-10-15T18:32:57Z</time>
      </trkpt>
      <trkpt lat="48.504743" lon="-121.119897">
        <ele>1290.0</ele>
        <time>2022-10-15T18:33:06Z</time>
      </trkpt>
      <trkpt lat="48.504755" lon="-121.119947">
        <ele>1294.0</ele>
        <time>2022-10-15T18:33:18Z</time>
      </trkpt>
      <trkpt lat="48.504745" lon="-121.119930">
        <ele>1296.3</ele>
        <time>2022-10-15T18:33:22Z</time>
      </trkpt>
      <trkpt lat="48.504794" lon="-121.119961">
        <ele>1288.0</ele>
        <time>2022-10-15T18:33:37Z</time>
      </trkpt>
      <trkpt lat="48.504771" lon="-121.119998">
        <ele>1297.5</ele>
        <time>2022-10-15T18:33:44Z</time>
      </trkpt>
      <trkpt lat="48.504791" lon="-121.119962">
        <ele>1296.0</ele>
        <time>2022-10-15T18:33:46Z</time>
      </trkpt>
      <trkpt lat="48.504800" lon="-121.119905">
        <ele>1296.0</ele>
        <time>2022-10-15T18:34:09Z</time>
      </trkpt>
      <trkpt lat="48.504797" lon="-121.119937">
        <ele>1298.0</ele>
        <time>2022-10-15T18:34:19Z</time>
      </trkpt>
      <trkpt lat="48.504815" lon="-121.119967">
        <ele>1303.6</ele>
        <time>2022-10-15T18:34:24Z</time>
      </trkpt>
      <trkpt lat="48.504830" lon="-121.119919">
        <ele>1300.0</ele>
        <time>2022-10-15T18:34:31Z</time>
      </trkpt>
      <trkpt lat="48.504828" lon="-121.119875">
        <ele>1304.0</ele>
        <time>2022-10-15T18:34:34Z</time>
      </trkpt>
      <trkpt lat="48.504848" lon="-121.119878">
        <ele>1303.0</ele>
        <time>2022-10-15T18:34:43Z</time>
      </trkpt>
      <trkpt lat="48.504863" lon="-121.119913">
        <ele>1303.0</ele>
        <time>2022-10-15T18:34:56Z</time>
      </trkpt>
      <trkpt lat="48.504858" lon="-121.119888">
        <ele>1308.6</ele>
        <time>2022-10-15T18:35:07Z</time>
      </trkpt>
      <trkpt lat="48.504877" lon="-121.119837">
        <ele>1304.0</ele>
        <time>2022-10-15T18:35:22Z</time>
      </trkpt>
      <trkpt lat="48.504933" lon="-121.119857">
        <ele>1304.0</ele>
        <time>2022-10-15T18:36:05Z</time>
      </trkpt>
      <trkpt lat="48.504951" lon="-121.119901">
        <ele>1304.0</ele>
        <time>2022-10-15T18:36:41Z</time>
      </trkpt>
      <trkpt lat="48.504934" lon="-121.119946">
        <ele>1307.0</ele>
        <time>2022-10-15T18:37:04Z</time>
      </trkpt>
      <trkpt lat="48.504962" lon="-121.119882">
        <ele>1308.0</ele>
        <time>2022-10-15T18:37:28Z</time>
      </trkpt>
      <trkpt lat="48.504972" lon="-121.119943">
        <ele>1308.0</ele>
        <time>2022-10-15T18:37:51Z</time>
      </trkpt>
      <trkpt lat="48.504995" lon="-121.119916">
        <ele>1310.0</ele>
        <time>2022-10-15T18:38:15Z</time>
      </trkpt>
      <trkpt lat="48.504967" lon="-121.119959">
        <ele>1312.2</ele>
        <time>2022-10-15T18:38:17Z</time>
      </trkpt>
      <trkpt lat="48.504985" lon="-121.119969">
        <ele>1310.0</ele>
        <time>2022-10-15T18:38:19Z</time>
      </trkpt>
      <trkpt lat="48.504992" lon="-121.119927">
        <ele>1310.0</ele>
        <time>2022-10-15T18:38:27Z</time>
      </trkpt>
      <trkpt lat="48.505012" lon="-121.119887">
        <ele>1305.0</ele>
        <time>2022-10-15T18:38:34Z</time>
      </trkpt>
      <trkpt lat="48.505005" lon="-121.119847">
        <ele>1308.0</ele>
        <time>2022-10-15T18:38:45Z</time>
      </trkpt>
      <trkpt lat="48.505055" lon="-121.119908">
        <ele>1311.0</ele>
        <time>2022-10-15T18:39:07Z</time>
      </trkpt>
      <trkpt lat="48.505070" lon="-121.119951">
        <ele>1312.1</ele>
        <time>2022-10-15T18:39:08Z</time>
      </trkpt>
      <trkpt lat="48.505065" lon="-121.119910">
        <ele>1312.0</ele>
        <time>2022-10-15T18:39:09Z</time>
      </trkpt>
      <trkpt lat="48.505073" lon="-121.119876">
        <ele>1310.0</ele>
        <time>2022-10-15T18:39:15Z</time>
      </trkpt>
      <trkpt lat="48.505051" lon="-121.119801">
        <ele>1314.0</ele>
        <time>2022-10-15T18:39:25Z</time>
      </trkpt>
      <trkpt lat="48.505103" lon="-121.119662">
        <ele>1313.0</ele>
        <time>2022-10-15T18:40:03Z</time>
      </trkpt>
      <trkpt lat="48.505125" lon="-121.119667">
        <ele>1314.0</ele>
        <time>2022-10-15T18:40:18Z</time>
      </trkpt>
      <trkpt lat="48.505123" lon="-121.119762">
        <ele>1316.0</ele>
        <time>2022-10-15T18:40:32Z</time>
      </trkpt>
      <trkpt lat="48.505123" lon="-121.119729">
        <ele>1317.0</ele>
        <time>2022-10-15T18:40:36Z</time>
      </trkpt>
      <trkpt lat="48.505144" lon="-121.119772">
        <ele>1318.0</ele>
        <time>2022-10-15T18:40:42Z</time>
      </trkpt>
      <trkpt lat="48.505172" lon="-121.119757">
        <ele>1320.0</ele>
        <time>2022-10-15T18:40:58Z</time>
      </trkpt>
      <trkpt lat="48.505167" lon="-121.119796">
        <ele>1312.0</ele>
        <time>2022-10-15T18:41:14Z</time>
      </trkpt>
      <trkpt lat="48.505160" lon="-121.119734">
        <ele>1319.7</ele>
        <time>2022-10-15T18:41:37Z</time>
      </trkpt>
      <trkpt lat="48.505175" lon="-121.119698">
        <ele>1316.0</ele>
        <time>2022-10-15T18:41:47Z</time>
      </trkpt>
      <trkpt lat="48.505205" lon="-121.119704">
        <ele>1315.0</ele>
        <time>2022-10-15T18:42:34Z</time>
      </trkpt>
      <trkpt lat="48.505204" lon="-121.119738">
        <ele>1320.0</ele>
        <time>2022-10-15T18:42:58Z</time>
      </trkpt>
      <trkpt lat="48.505234" lon="-121.119732">
        <ele>1320.0</ele>
        <time>2022-10-15T18:43:17Z</time>
      </trkpt>
      <trkpt lat="48.505247" lon="-121.119760">
        <ele>1314.0</ele>
        <time>2022-10-15T18:43:30Z</time>
      </trkpt>
      <trkpt lat="48.505294" lon="-121.119650">
        <ele>1324.0</ele>
        <time>2022-10-15T18:44:18Z</time>
      </trkpt>
      <trkpt lat="48.505330" lon="-121.119616">
        <ele>1322.0</ele>
        <time>2022-10-15T18:45:01Z</time>
      </trkpt>
      <trkpt lat="48.505330" lon="-121.119553">
        <ele>1305.0</ele>
        <time>2022-10-15T18:45:24Z</time>
      </trkpt>
      <trkpt lat="48.505346" lon="-121.119534">
        <ele>1329.0</ele>
        <time>2022-10-15T18:45:48Z</time>
      </trkpt>
      <trkpt lat="48.505336" lon="-121.119473">
        <ele>1329.0</ele>
        <time>2022-10-15T18:46:03Z</time>
      </trkpt>
      <trkpt lat="48.505371" lon="-121.119506">
        <ele>1326.0</ele>
        <time>2022-10-15T18:46:14Z</time>
      </trkpt>
      <trkpt lat="48.505447" lon="-121.119547">
        <ele>1329.0</ele>
        <time>2022-10-15T18:46:40Z</time>
      </trkpt>
      <trkpt lat="48.505459" lon="-121.119518">
        <ele>1323.0</ele>
        <time>2022-10-15T18:47:16Z</time>
      </trkpt>
      <trkpt lat="48.505455" lon="-121.119467">
        <ele>1334.0</ele>
        <time>2022-10-15T18:47:28Z</time>
      </trkpt>
      <trkpt lat="48.505472" lon="-121.119490">
        <ele>1334.0</ele>
        <time>2022-10-15T18:47:37Z</time>
      </trkpt>
      <trkpt lat="48.505427" lon="-121.119483">
        <ele>1338.0</ele>
        <time>2022-10-15T18:48:27Z</time>
      </trkpt>
      <trkpt lat="48.505386" lon="-121.119404">
        <ele>1337.0</ele>
        <time>2022-10-15T18:49:25Z</time>
      </trkpt>
      <trkpt lat="48.505424" lon="-121.119412">
        <ele>1338.0</ele>
        <time>2022-10-15T18:49:40Z</time>
      </trkpt>
      <trkpt lat="48.505461" lon="-121.119394">
        <ele>1338.0</ele>
        <time>2022-10-15T18:49:49Z</time>
      </trkpt>
      <trkpt lat="48.505513" lon="-121.119397">
        <ele>1338.0</ele>
        <time>2022-10-15T18:49:57Z</time>
      </trkpt>
      <trkpt lat="48.505534" lon="-121.119430">
        <ele>1337.0</ele>
        <time>2022-10-15T18:50:04Z</time>
      </trkpt>
      <trkpt lat="48.505542" lon="-121.119300">
        <ele>1337.0</ele>
        <time>2022-10-15T18:50:26Z</time>
      </trkpt>
      <trkpt lat="48.505606" lon="-121.119355">
        <ele>1341.0</ele>
        <time>2022-10-15T18:50:36Z</time>
      </trkpt>
      <trkpt lat="48.505612" lon="-121.119403">
        <ele>1339.0</ele>
        <time>2022-10-15T18:50:45Z</time>
      </trkpt>
      <trkpt lat="48.505618" lon="-121.119293">
        <ele>1344.0</ele>
        <time>2022-10-15T18:50:58Z</time>
      </trkpt>
      <trkpt lat="48.505689" lon="-121.119369">
        <ele>1341.0</ele>
        <time>2022-10-15T18:51:16Z</time>
      </trkpt>
      <trkpt lat="48.505721" lon="-121.119304">
        <ele>1347.0</ele>
        <time>2022-10-15T18:51:42Z</time>
      </trkpt>
      <trkpt lat="48.505732" lon="-121.119254">
        <ele>1348.0</ele>
        <time>2022-10-15T18:51:47Z</time>
      </trkpt>
      <trkpt lat="48.505728" lon="-121.119298">
        <ele>1346.0</ele>
        <time>2022-10-15T18:51:51Z</time>
      </trkpt>
      <trkpt lat="48.505751" lon="-121.119245">
        <ele>1344.0</ele>
        <time>2022-10-15T18:52:07Z</time>
      </trkpt>
      <trkpt lat="48.505789" lon="-121.119193">
        <ele>1350.0</ele>
        <time>2022-10-15T18:52:28Z</time>
      </trkpt>
      <trkpt lat="48.505816" lon="-121.119222">
        <ele>1355.1</ele>
        <time>2022-10-15T18:52:35Z</time>
      </trkpt>
      <trkpt lat="48.505797" lon="-121.119205">
        <ele>1353.0</ele>
        <time>2022-10-15T18:52:43Z</time>
      </trkpt>
      <trkpt lat="48.505809" lon="-121.119238">
        <ele>1351.0</ele>
        <time>2022-10-15T18:52:57Z</time>
      </trkpt>
      <trkpt lat="48.505860" lon="-121.119248">
        <ele>1350.0</ele>
        <time>2022-10-15T18:53:17Z</time>
      </trkpt>
      <trkpt lat="48.505876" lon="-121.119276">
        <ele>1345.0</ele>
        <time>2022-10-15T18:53:23Z</time>
      </trkpt>
      <trkpt lat="48.505920" lon="-121.119212">
        <ele>1344.0</ele>
        <time>2022-10-15T18:53:38Z</time>
      </trkpt>
      <trkpt lat="48.505963" lon="-121.119231">
        <ele>1332.0</ele>
        <time>2022-10-15T18:53:50Z</time>
      </trkpt>
      <trkpt lat="48.505951" lon="-121.119199">
        <ele>1344.0</ele>
        <time>2022-10-15T18:54:08Z</time>
      </trkpt>
      <trkpt lat="48.505966" lon="-121.119243">
        <ele>1330.0</ele>
        <time>2022-10-15T18:54:24Z</time>
      </trkpt>
      <trkpt lat="48.506002" lon="-121.119161">
        <ele>1337.0</ele>
        <time>2022-10-15T18:54:47Z</time>
      </trkpt>
      <trkpt lat="48.506050" lon="-121.119202">
        <ele>1343.0</ele>
        <time>2022-10-15T18:54:59Z</time>
      </trkpt>
      <trkpt lat="48.506058" lon="-121.119145">
        <ele>1345.0</ele>
        <time>2022-10-15T18:55:05Z</time>
      </trkpt>
      <trkpt lat="48.506034" lon="-121.119123">
        <ele>1344.0</ele>
        <time>2022-10-15T18:55:11Z</time>
      </trkpt>
      <trkpt lat="48.506053" lon="-121.119080">
        <ele>1339.0</ele>
        <time>2022-10-15T18:55:23Z</time>
      </trkpt>
      <trkpt lat="48.506089" lon="-121.119104">
        <ele>1345.0</ele>
        <time>2022-10-15T18:55:39Z</time>
      </trkpt>
      <trkpt lat="48.506078" lon="-121.119138">
        <ele>1347.0</ele>
        <time>2022-10-15T18:55:47Z</time>
      </trkpt>
      <trkpt lat="48.506055" lon="-121.119158">
        <ele>1351.0</ele>
        <time>2022-10-15T18:55:56Z</time>
      </trkpt>
      <trkpt lat="48.506057" lon="-121.119126">
        <ele>1350.0</ele>
        <time>2022-10-15T18:56:06Z</time>
      </trkpt>
      <trkpt lat="48.506082" lon="-121.119164">
        <ele>1344.0</ele>
        <time>2022-10-15T18:56:11Z</time>
      </trkpt>
      <trkpt lat="48.506152" lon="-121.119101">
        <ele>1349.0</ele>
        <time>2022-10-15T18:56:24Z</time>
      </trkpt>
      <trkpt lat="48.506105" lon="-121.119091">
        <ele>1346.0</ele>
        <time>2022-10-15T18:56:30Z</time>
      </trkpt>
      <trkpt lat="48.506124" lon="-121.118967">
        <ele>1354.0</ele>
        <time>2022-10-15T18:57:29Z</time>
      </trkpt>
      <trkpt lat="48.506159" lon="-121.118974">
        <ele>1350.0</ele>
        <time>2022-10-15T18:57:53Z</time>
      </trkpt>
      <trkpt lat="48.506178" lon="-121.118911">
        <ele>1351.0</ele>
        <time>2022-10-15T18:58:20Z</time>
      </trkpt>
      <trkpt lat="48.506152" lon="-121.118910">
        <ele>1354.0</ele>
        <time>2022-10-15T18:58:26Z</time>
      </trkpt>
      <trkpt lat="48.506176" lon="-121.118908">
        <ele>1354.3</ele>
        <time>2022-10-15T18:58:28Z</time>
      </trkpt>
      <trkpt lat="48.506217" lon="-121.118954">
        <ele>1344.0</ele>
        <time>2022-10-15T18:58:44Z</time>
      </trkpt>
      <trkpt lat="48.506261" lon="-121.118938">
        <ele>1353.0</ele>
        <time>2022-10-15T18:59:08Z</time>
      </trkpt>
      <trkpt lat="48.506274" lon="-121.118883">
        <ele>1355.0</ele>
        <time>2022-10-15T18:59:20Z</time>
      </trkpt>
      <trkpt lat="48.506272" lon="-121.118850">
        <ele>1356.0</ele>
        <time>2022-10-15T18:59:29Z</time>
      </trkpt>
      <trkpt lat="48.506256" lon="-121.118824">
        <ele>1352.0</ele>
        <time>2022-10-15T18:59:39Z</time>
      </trkpt>
      <trkpt lat="48.506287" lon="-121.118696">
        <ele>1356.0</ele>
        <time>2022-10-15T18:59:58Z</time>
      </trkpt>
      <trkpt lat="48.506288" lon="-121.118662">
        <ele>1359.6</ele>
        <time>2022-10-15T19:00:01Z</time>
      </trkpt>
      <trkpt lat="48.506308" lon="-121.118716">
        <ele>1357.0</ele>
        <time>2022-10-15T19:00:04Z</time>
      </trkpt>
      <trkpt lat="48.506323" lon="-121.118799">
        <ele>1356.0</ele>
        <time>2022-10-15T19:00:10Z</time>
      </trkpt>
      <trkpt lat="48.506346" lon="-121.118843">
        <ele>1352.0</ele>
        <time>2022-10-15T19:00:16Z</time>
      </trkpt>
      <trkpt lat="48.506378" lon="-121.118840">
        <ele>1356.0</ele>
        <time>2022-10-15T19:00:23Z</time>
      </trkpt>
      <trkpt lat="48.506410" lon="-121.118804">
        <ele>1354.0</ele>
        <time>2022-10-15T19:00:37Z</time>
      </trkpt>
      <trkpt lat="48.506399" lon="-121.118783">
        <ele>1359.0</ele>
        <time>2022-10-15T19:00:49Z</time>
      </trkpt>
      <trkpt lat="48.506417" lon="-121.118831">
        <ele>1360.0</ele>
        <time>2022-10-15T19:01:07Z</time>
      </trkpt>
      <trkpt lat="48.506470" lon="-121.118885">
        <ele>1359.0</ele>
        <time>2022-10-15T19:01:23Z</time>
      </trkpt>
      <trkpt lat="48.506508" lon="-121.118813">
        <ele>1360.0</ele>
        <time>2022-10-15T19:01:43Z</time>
      </trkpt>
      <trkpt lat="48.506521" lon="-121.118843">
        <ele>1363.0</ele>
        <time>2022-10-15T19:01:56Z</time>
      </trkpt>
      <trkpt lat="48.506546" lon="-121.118810">
        <ele>1364.0</ele>
        <time>2022-10-15T19:02:08Z</time>
      </trkpt>
      <trkpt lat="48.506555" lon="-121.118882">
        <ele>1363.3</ele>
        <time>2022-10-15T19:02:15Z</time>
      </trkpt>
      <trkpt lat="48.506494" lon="-121.118890">
        <ele>1364.0</ele>
        <time>2022-10-15T19:02:16Z</time>
      </trkpt>
      <trkpt lat="48.506532" lon="-121.118878">
        <ele>1364.0</ele>
        <time>2022-10-15T19:02:18Z</time>
      </trkpt>
      <trkpt lat="48.506569" lon="-121.118879">
        <ele>1363.0</ele>
        <time>2022-10-15T19:02:21Z</time>
      </trkpt>
      <trkpt lat="48.506592" lon="-121.118927">
        <ele>1364.0</ele>
        <time>2022-10-15T19:02:25Z</time>
      </trkpt>
      <trkpt lat="48.506634" lon="-121.118868">
        <ele>1363.0</ele>
        <time>2022-10-15T19:02:29Z</time>
      </trkpt>
      <trkpt lat="48.506628" lon="-121.118786">
        <ele>1361.0</ele>
        <time>2022-10-15T19:02:52Z</time>
      </trkpt>
      <trkpt lat="48.506650" lon="-121.118807">
        <ele>1367.0</ele>
        <time>2022-10-15T19:03:02Z</time>
      </trkpt>
      <trkpt lat="48.506667" lon="-121.118701">
        <ele>1366.0</ele>
        <time>2022-10-15T19:03:15Z</time>
      </trkpt>
      <trkpt lat="48.506657" lon="-121.118673">
        <ele>1369.0</ele>
        <time>2022-10-15T19:03:30Z</time>
      </trkpt>
      <trkpt lat="48.506670" lon="-121.118694">
        <ele>1371.0</ele>
        <time>2022-10-15T19:03:39Z</time>
      </trkpt>
      <trkpt lat="48.506683" lon="-121.118651">
        <ele>1370.0</ele>
        <time>2022-10-15T19:03:43Z</time>
      </trkpt>
      <trkpt lat="48.506744" lon="-121.118628">
        <ele>1368.0</ele>
        <time>2022-10-15T19:04:01Z</time>
      </trkpt>
      <trkpt lat="48.506761" lon="-121.118496">
        <ele>1370.0</ele>
        <time>2022-10-15T19:04:12Z</time>
      </trkpt>
      <trkpt lat="48.506740" lon="-121.118563">
        <ele>1373.0</ele>
        <time>2022-10-15T19:04:20Z</time>
      </trkpt>
      <trkpt lat="48.506744" lon="-121.118539">
        <ele>1378.0</ele>
        <time>2022-10-15T19:04:25Z</time>
      </trkpt>
      <trkpt lat="48.506796" lon="-121.118543">
        <ele>1380.0</ele>
        <time>2022-10-15T19:04:28Z</time>
      </trkpt>
      <trkpt lat="48.506773" lon="-121.118580">
        <ele>1380.0</ele>
        <time>2022-10-15T19:04:31Z</time>
      </trkpt>
      <trkpt lat="48.506787" lon="-121.118649">
        <ele>1380.0</ele>
        <time>2022-10-15T19:04:36Z</time>
      </trkpt>
      <trkpt lat="48.506769" lon="-121.118695">
        <ele>1380.0</ele>
        <time>2022-10-15T19:04:39Z</time>
      </trkpt>
      <trkpt lat="48.506785" lon="-121.118660">
        <ele>1381.0</ele>
        <time>2022-10-15T19:04:42Z</time>
      </trkpt>
      <trkpt lat="48.506787" lon="-121.118603">
        <ele>1379.0</ele>
        <time>2022-10-15T19:04:45Z</time>
      </trkpt>
      <trkpt lat="48.506842" lon="-121.118643">
        <ele>1380.0</ele>
        <time>2022-10-15T19:04:53Z</time>
      </trkpt>
      <trkpt lat="48.506819" lon="-121.118703">
        <ele>1381.0</ele>
        <time>2022-10-15T19:05:00Z</time>
      </trkpt>
      <trkpt lat="48.506872" lon="-121.118725">
        <ele>1380.0</ele>
        <time>2022-10-15T19:05:11Z</time>
      </trkpt>
      <trkpt lat="48.506875" lon="-121.118663">
        <ele>1380.0</ele>
        <time>2022-10-15T19:05:20Z</time>
      </trkpt>
      <trkpt lat="48.506886" lon="-121.118698">
        <ele>1379.0</ele>
        <time>2022-10-15T19:05:29Z</time>
      </trkpt>
      <trkpt lat="48.506884" lon="-121.118660">
        <ele>1382.6</ele>
        <time>2022-10-15T19:05:33Z</time>
      </trkpt>
      <trkpt lat="48.506853" lon="-121.118676">
        <ele>1382.0</ele>
        <time>2022-10-15T19:05:35Z</time>
      </trkpt>
      <trkpt lat="48.506928" lon="-121.118733">
        <ele>1382.9</ele>
        <time>2022-10-15T19:05:39Z</time>
      </trkpt>
      <trkpt lat="48.506901" lon="-121.118684">
        <ele>1379.0</ele>
        <time>2022-10-15T19:05:43Z</time>
      </trkpt>
      <trkpt lat="48.506939" lon="-121.118741">
        <ele>1382.0</ele>
        <time>2022-10-15T19:05:49Z</time>
      </trkpt>
      <trkpt lat="48.506934" lon="-121.118695">
        <ele>1382.0</ele>
        <time>2022-10-15T19:05:52Z</time>
      </trkpt>
      <trkpt lat="48.506914" lon="-121.118708">
        <ele>1381.0</ele>
        <time>2022-10-15T19:05:56Z</time>
      </trkpt>
      <trkpt lat="48.506926" lon="-121.118749">
        <ele>1383.1</ele>
        <time>2022-10-15T19:06:00Z</time>
      </trkpt>
      <trkpt lat="48.506952" lon="-121.118688">
        <ele>1380.0</ele>
        <time>2022-10-15T19:06:03Z</time>
      </trkpt>
      <trkpt lat="48.506946" lon="-121.118652">
        <ele>1368.0</ele>
        <time>2022-10-15T19:06:15Z</time>
      </trkpt>
      <trkpt lat="48.506980" lon="-121.118668">
        <ele>1384.0</ele>
        <time>2022-10-15T19:06:25Z</time>
      </trkpt>
      <trkpt lat="48.506983" lon="-121.118632">
        <ele>1384.0</ele>
        <time>2022-10-15T19:06:27Z</time>
      </trkpt>
      <trkpt lat="48.506964" lon="-121.118596">
        <ele>1384.0</ele>
        <time>2022-10-15T19:06:29Z</time>
      </trkpt>
      <trkpt lat="48.506966" lon="-121.118642">
        <ele>1384.0</ele>
        <time>2022-10-15T19:06:31Z</time>
      </trkpt>
      <trkpt lat="48.507025" lon="-121.118701">
        <ele>1383.0</ele>
        <time>2022-10-15T19:06:37Z</time>
      </trkpt>
      <trkpt lat="48.507023" lon="-121.118756">
        <ele>1384.0</ele>
        <time>2022-10-15T19:06:40Z</time>
      </trkpt>
      <trkpt lat="48.506994" lon="-121.118689">
        <ele>1386.9</ele>
        <time>2022-10-15T19:06:42Z</time>
      </trkpt>
      <trkpt lat="48.507005" lon="-121.118731">
        <ele>1386.0</ele>
        <time>2022-10-15T19:06:48Z</time>
      </trkpt>
      <trkpt lat="48.506999" lon="-121.118696">
        <ele>1382.0</ele>
        <time>2022-10-15T19:07:01Z</time>
      </trkpt>
      <trkpt lat="48.507025" lon="-121.118727">
        <ele>1383.0</ele>
        <time>2022-10-15T19:07:19Z</time>
      </trkpt>
      <trkpt lat="48.507027" lon="-121.118682">
        <ele>1379.0</ele>
        <time>2022-10-15T19:07:32Z</time>
      </trkpt>
      <trkpt lat="48.507015" lon="-121.118708">
        <ele>1384.0</ele>
        <time>2022-10-15T19:07:44Z</time>
      </trkpt>
      <trkpt lat="48.507044" lon="-121.118745">
        <ele>1382.0</ele>
        <time>2022-10-15T19:07:52Z</time>
      </trkpt>
      <trkpt lat="48.507019" lon="-121.118728">
        <ele>1385.9</ele>
        <time>2022-10-15T19:07:55Z</time>
      </trkpt>
      <trkpt lat="48.507059" lon="-121.118733">
        <ele>1385.0</ele>
        <time>2022-10-15T19:08:01Z</time>
      </trkpt>
      <trkpt lat="48.507090" lon="-121.118669">
        <ele>1385.0</ele>
        <time>2022-10-15T19:08:19Z</time>
      </trkpt>
      <trkpt lat="48.507056" lon="-121.118586">
        <ele>1388.0</ele>
        <time>2022-10-15T19:08:35Z</time>
      </trkpt>
      <trkpt lat="48.507091" lon="-121.118597">
        <ele>1391.0</ele>
        <time>2022-10-15T19:08:42Z</time>
      </trkpt>
      <trkpt lat="48.507106" lon="-121.118632">
        <ele>1389.0</ele>
        <time>2022-10-15T19:08:44Z</time>
      </trkpt>
      <trkpt lat="48.507095" lon="-121.118604">
        <ele>1389.0</ele>
        <time>2022-10-15T19:08:48Z</time>
      </trkpt>
      <trkpt lat="48.507102" lon="-121.118641">
        <ele>1390.0</ele>
        <time>2022-10-15T19:08:51Z</time>
      </trkpt>
      <trkpt lat="48.507134" lon="-121.118649">
        <ele>1387.0</ele>
        <time>2022-10-15T19:08:57Z</time>
      </trkpt>
      <trkpt lat="48.507145" lon="-121.118601">
        <ele>1391.0</ele>
        <time>2022-10-15T19:09:08Z</time>
      </trkpt>
      <trkpt lat="48.507151" lon="-121.118638">
        <ele>1392.0</ele>
        <time>2022-10-15T19:09:12Z</time>
      </trkpt>
      <trkpt lat="48.507139" lon="-121.118686">
        <ele>1394.6</ele>
        <time>2022-10-15T19:09:14Z</time>
      </trkpt>
      <trkpt lat="48.507140" lon="-121.118625">
        <ele>1391.0</ele>
        <time>2022-10-15T19:09:18Z</time>
      </trkpt>
      <trkpt lat="48.507188" lon="-121.118622">
        <ele>1390.0</ele>
        <time>2022-10-15T19:09:28Z</time>
      </trkpt>
      <trkpt lat="48.507217" lon="-121.118600">
        <ele>1390.0</ele>
        <time>2022-10-15T19:09:45Z</time>
      </trkpt>
      <trkpt lat="48.507232" lon="-121.118565">
        <ele>1393.0</ele>
        <time>2022-10-15T19:09:55Z</time>
      </trkpt>
      <trkpt lat="48.507220" lon="-121.118574">
        <ele>1392.0</ele>
        <time>2022-10-15T19:10:04Z</time>
      </trkpt>
      <trkpt lat="48.507256" lon="-121.118604">
        <ele>1395.0</ele>
        <time>2022-10-15T19:10:14Z</time>
      </trkpt>
      <trkpt lat="48.507260" lon="-121.118641">
        <ele>1392.0</ele>
        <time>2022-10-15T19:10:19Z</time>
      </trkpt>
      <trkpt lat="48.507249" lon="-121.118598">
        <ele>1394.0</ele>
        <time>2022-10-15T19:10:26Z</time>
      </trkpt>
      <trkpt lat="48.507282" lon="-121.118567">
        <ele>1397.0</ele>
        <time>2022-10-15T19:10:49Z</time>
      </trkpt>
      <trkpt lat="48.507303" lon="-121.118531">
        <ele>1397.3</ele>
        <time>2022-10-15T19:10:55Z</time>
      </trkpt>
      <trkpt lat="48.507295" lon="-121.118565">
        <ele>1396.0</ele>
        <time>2022-10-15T19:10:58Z</time>
      </trkpt>
      <trkpt lat="48.507338" lon="-121.118607">
        <ele>1395.0</ele>
        <time>2022-10-15T19:11:11Z</time>
      </trkpt>
      <trkpt lat="48.507322" lon="-121.118578">
        <ele>1398.0</ele>
        <time>2022-10-15T19:11:23Z</time>
      </trkpt>
      <trkpt lat="48.507330" lon="-121.118472">
        <ele>1403.0</ele>
        <time>2022-10-15T19:11:42Z</time>
      </trkpt>
      <trkpt lat="48.507329" lon="-121.118514">
        <ele>1404.0</ele>
        <time>2022-10-15T19:11:52Z</time>
      </trkpt>
      <trkpt lat="48.507383" lon="-121.118551">
        <ele>1404.0</ele>
        <time>2022-10-15T19:12:34Z</time>
      </trkpt>
      <trkpt lat="48.507374" lon="-121.118524">
        <ele>1404.0</ele>
        <time>2022-10-15T19:12:47Z</time>
      </trkpt>
      <trkpt lat="48.507374" lon="-121.118457">
        <ele>1406.0</ele>
        <time>2022-10-15T19:13:10Z</time>
      </trkpt>
      <trkpt lat="48.507421" lon="-121.118412">
        <ele>1406.0</ele>
        <time>2022-10-15T19:13:17Z</time>
      </trkpt>
      <trkpt lat="48.507409" lon="-121.118445">
        <ele>1408.0</ele>
        <time>2022-10-15T19:13:21Z</time>
      </trkpt>
      <trkpt lat="48.507385" lon="-121.118433">
        <ele>1410.9</ele>
        <time>2022-10-15T19:13:23Z</time>
      </trkpt>
      <trkpt lat="48.507439" lon="-121.118433">
        <ele>1408.0</ele>
        <time>2022-10-15T19:13:28Z</time>
      </trkpt>
      <trkpt lat="48.507488" lon="-121.118474">
        <ele>1409.0</ele>
        <time>2022-10-15T19:13:32Z</time>
      </trkpt>
      <trkpt lat="48.507539" lon="-121.118582">
        <ele>1410.0</ele>
        <time>2022-10-15T19:14:09Z</time>
      </trkpt>
      <trkpt lat="48.507504" lon="-121.118528">
        <ele>1395.0</ele>
        <time>2022-10-15T19:14:37Z</time>
      </trkpt>
      <trkpt lat="48.507546" lon="-121.118545">
        <ele>1415.0</ele>
        <time>2022-10-15T19:14:58Z</time>
      </trkpt>
      <trkpt lat="48.507569" lon="-121.118491">
        <ele>1416.0</ele>
        <time>2022-10-15T19:15:06Z</time>
      </trkpt>
      <trkpt lat="48.507561" lon="-121.118370">
        <ele>1417.0</ele>
        <time>2022-10-15T19:15:43Z</time>
      </trkpt>
      <trkpt lat="48.507586" lon="-121.118375">
        <ele>1416.0</ele>
        <time>2022-10-15T19:15:58Z</time>
      </trkpt>
      <trkpt lat="48.507606" lon="-121.118355">
        <ele>1418.0</ele>
        <time>2022-10-15T19:16:15Z</time>
      </trkpt>
      <trkpt lat="48.507574" lon="-121.118385">
        <ele>1407.0</ele>
        <time>2022-10-15T19:16:26Z</time>
      </trkpt>
      <trkpt lat="48.507553" lon="-121.118381">
        <ele>1415.0</ele>
        <time>2022-10-15T19:16:41Z</time>
      </trkpt>
      <trkpt lat="48.507509" lon="-121.118425">
        <ele>1413.0</ele>
        <time>2022-10-15T19:16:59Z</time>
      </trkpt>
      <trkpt lat="48.507527" lon="-121.118378">
        <ele>1413.0</ele>
        <time>2022-10-15T19:17:30Z</time>
      </trkpt>
      <trkpt lat="48.507557" lon="-121.118447">
        <ele>1412.0</ele>
        <time>2022-10-15T19:17:40Z</time>
      </trkpt>
      <trkpt lat="48.507556" lon="-121.118417">
        <ele>1411.0</ele>
        <time>2022-10-15T19:17:54Z</time>
      </trkpt>
      <trkpt lat="48.507508" lon="-121.118412">
        <ele>1412.0</ele>
        <time>2022-10-15T19:18:26Z</time>
      </trkpt>
      <trkpt lat="48.507525" lon="-121.118378">
        <ele>1416.0</ele>
        <time>2022-10-15T19:18:57Z</time>
      </trkpt>
      <trkpt lat="48.507555" lon="-121.118410">
        <ele>1413.0</ele>
        <time>2022-10-15T19:19:06Z</time>
      </trkpt>
      <trkpt lat="48.507579" lon="-121.118398">
        <ele>1411.0</ele>
        <time>2022-10-15T19:19:16Z</time>
      </trkpt>
      <trkpt lat="48.507625" lon="-121.118419">
        <ele>1411.0</ele>
        <time>2022-10-15T19:19:25Z</time>
      </trkpt>
      <trkpt lat="48.507652" lon="-121.118366">
        <ele>1414.0</ele>
        <time>2022-10-15T19:19:37Z</time>
      </trkpt>
      <trkpt lat="48.507663" lon="-121.118318">
        <ele>1413.0</ele>
        <time>2022-10-15T19:19:48Z</time>
      </trkpt>
      <trkpt lat="48.507708" lon="-121.118342">
        <ele>1416.0</ele>
        <time>2022-10-15T19:19:58Z</time>
      </trkpt>
      <trkpt lat="48.507749" lon="-121.118228">
        <ele>1421.0</ele>
        <time>2022-10-15T19:20:44Z</time>
      </trkpt>
      <trkpt lat="48.507770" lon="-121.118280">
        <ele>1421.0</ele>
        <time>2022-10-15T19:20:51Z</time>
      </trkpt>
      <trkpt lat="48.507737" lon="-121.118320">
        <ele>1425.0</ele>
        <time>2022-10-15T19:20:56Z</time>
      </trkpt>
      <trkpt lat="48.507795" lon="-121.118242">
        <ele>1423.0</ele>
        <time>2022-10-15T19:21:24Z</time>
      </trkpt>
      <trkpt lat="48.507879" lon="-121.118279">
        <ele>1424.0</ele>
        <time>2022-10-15T19:21:48Z</time>
      </trkpt>
      <trkpt lat="48.507870" lon="-121.118311">
        <ele>1423.0</ele>
        <time>2022-10-15T19:21:51Z</time>
      </trkpt>
      <trkpt lat="48.507877" lon="-121.118389">
        <ele>1419.0</ele>
        <time>2022-10-15T19:22:12Z</time>
      </trkpt>
      <trkpt lat="48.507870" lon="-121.118447">
        <ele>1432.0</ele>
        <time>2022-10-15T19:22:24Z</time>
      </trkpt>
      <trkpt lat="48.507895" lon="-121.118423">
        <ele>1432.0</ele>
        <time>2022-10-15T19:22:27Z</time>
      </trkpt>
      <trkpt lat="48.507942" lon="-121.118448">
        <ele>1435.0</ele>
        <time>2022-10-15T19:26:39Z</time>
      </trkpt>
      <trkpt lat="48.507900" lon="-121.118496">
        <ele>1436.0</ele>
        <time>2022-10-15T19:27:16Z</time>
      </trkpt>
      <trkpt lat="48.507935" lon="-121.118549">
        <ele>1437.0</ele>
        <time>2022-10-15T19:27:19Z</time>
      </trkpt>
      <trkpt lat="48.507923" lon="-121.118577">
        <ele>1436.0</ele>
        <time>2022-10-15T19:27:21Z</time>
      </trkpt>
      <trkpt lat="48.507963" lon="-121.118526">
        <ele>1436.0</ele>
        <time>2022-10-15T19:27:27Z</time>
      </trkpt>
      <trkpt lat="48.508062" lon="-121.118302">
        <ele>1437.0</ele>
        <time>2022-10-15T19:27:59Z</time>
      </trkpt>
      <trkpt lat="48.508112" lon="-121.118312">
        <ele>1441.0</ele>
        <time>2022-10-15T19:28:07Z</time>
      </trkpt>
      <trkpt lat="48.508113" lon="-121.118342">
        <ele>1442.0</ele>
        <time>2022-10-15T19:28:21Z</time>
      </trkpt>
      <trkpt lat="48.508138" lon="-121.118389">
        <ele>1446.0</ele>
        <time>2022-10-15T19:28:42Z</time>
      </trkpt>
      <trkpt lat="48.508181" lon="-121.118401">
        <ele>1447.0</ele>
        <time>2022-10-15T19:29:04Z</time>
      </trkpt>
      <trkpt lat="48.508163" lon="-121.118380">
        <ele>1453.4</ele>
        <time>2022-10-15T19:29:12Z</time>
      </trkpt>
      <trkpt lat="48.508194" lon="-121.118418">
        <ele>1449.0</ele>
        <time>2022-10-15T19:29:15Z</time>
      </trkpt>
      <trkpt lat="48.508228" lon="-121.118380">
        <ele>1449.0</ele>
        <time>2022-10-15T19:29:25Z</time>
      </trkpt>
      <trkpt lat="48.508254" lon="-121.118429">
        <ele>1451.0</ele>
        <time>2022-10-15T19:29:42Z</time>
      </trkpt>
      <trkpt lat="48.508260" lon="-121.118396">
        <ele>1454.0</ele>
        <time>2022-10-15T19:29:50Z</time>
      </trkpt>
      <trkpt lat="48.508280" lon="-121.118412">
        <ele>1454.0</ele>
        <time>2022-10-15T19:29:55Z</time>
      </trkpt>
      <trkpt lat="48.508282" lon="-121.118463">
        <ele>1451.0</ele>
        <time>2022-10-15T19:30:10Z</time>
      </trkpt>
      <trkpt lat="48.508295" lon="-121.118445">
        <ele>1459.0</ele>
        <time>2022-10-15T19:30:26Z</time>
      </trkpt>
      <trkpt lat="48.508344" lon="-121.118422">
        <ele>1456.0</ele>
        <time>2022-10-15T19:30:48Z</time>
      </trkpt>
      <trkpt lat="48.508373" lon="-121.118461">
        <ele>1463.0</ele>
        <time>2022-10-15T19:31:04Z</time>
      </trkpt>
      <trkpt lat="48.508416" lon="-121.118440">
        <ele>1463.0</ele>
        <time>2022-10-15T19:31:22Z</time>
      </trkpt>
      <trkpt lat="48.508483" lon="-121.118469">
        <ele>1469.2</ele>
        <time>2022-10-15T19:31:41Z</time>
      </trkpt>
      <trkpt lat="48.508490" lon="-121.118449">
        <ele>1470.0</ele>
        <time>2022-10-15T19:31:42Z</time>
      </trkpt>
      <trkpt lat="48.508472" lon="-121.118472">
        <ele>1470.3</ele>
        <time>2022-10-15T19:31:47Z</time>
      </trkpt>
      <trkpt lat="48.508482" lon="-121.118435">
        <ele>1470.9</ele>
        <time>2022-10-15T19:31:50Z</time>
      </trkpt>
      <trkpt lat="48.508495" lon="-121.118458">
        <ele>1465.0</ele>
        <time>2022-10-15T19:32:00Z</time>
      </trkpt>
      <trkpt lat="48.508638" lon="-121.118411">
        <ele>1472.0</ele>
        <time>2022-10-15T19:33:20Z</time>
      </trkpt>
      <trkpt lat="48.508684" lon="-121.118437">
        <ele>1475.0</ele>
        <time>2022-10-15T19:33:37Z</time>
      </trkpt>
      <trkpt lat="48.508693" lon="-121.118493">
        <ele>1470.0</ele>
        <time>2022-10-15T19:33:51Z</time>
      </trkpt>
      <trkpt lat="48.508669" lon="-121.118522">
        <ele>1485.0</ele>
        <time>2022-10-15T19:34:10Z</time>
      </trkpt>
      <trkpt lat="48.508727" lon="-121.118491">
        <ele>1485.0</ele>
        <time>2022-10-15T19:34:28Z</time>
      </trkpt>
      <trkpt lat="48.508702" lon="-121.118517">
        <ele>1480.0</ele>
        <time>2022-10-15T19:34:38Z</time>
      </trkpt>
      <trkpt lat="48.508738" lon="-121.118535">
        <ele>1484.0</ele>
        <time>2022-10-15T19:34:45Z</time>
      </trkpt>
      <trkpt lat="48.508730" lon="-121.118502">
        <ele>1484.0</ele>
        <time>2022-10-15T19:34:55Z</time>
      </trkpt>
      <trkpt lat="48.508747" lon="-121.118526">
        <ele>1484.0</ele>
        <time>2022-10-15T19:35:09Z</time>
      </trkpt>
      <trkpt lat="48.508777" lon="-121.118535">
        <ele>1486.0</ele>
        <time>2022-10-15T19:35:32Z</time>
      </trkpt>
      <trkpt lat="48.508792" lon="-121.118575">
        <ele>1495.0</ele>
        <time>2022-10-15T19:35:50Z</time>
      </trkpt>
      <trkpt lat="48.508826" lon="-121.118535">
        <ele>1494.0</ele>
        <time>2022-10-15T19:36:10Z</time>
      </trkpt>
      <trkpt lat="48.508866" lon="-121.118509">
        <ele>1502.1</ele>
        <time>2022-10-15T19:36:37Z</time>
      </trkpt>
      <trkpt lat="48.508874" lon="-121.118529">
        <ele>1500.0</ele>
        <time>2022-10-15T19:36:41Z</time>
      </trkpt>
      <trkpt lat="48.508857" lon="-121.118507">
        <ele>1502.7</ele>
        <time>2022-10-15T19:36:48Z</time>
      </trkpt>
      <trkpt lat="48.508880" lon="-121.118528">
        <ele>1502.0</ele>
        <time>2022-10-15T19:36:50Z</time>
      </trkpt>
      <trkpt lat="48.508888" lon="-121.118565">
        <ele>1499.0</ele>
        <time>2022-10-15T19:36:56Z</time>
      </trkpt>
      <trkpt lat="48.508964" lon="-121.118583">
        <ele>1504.0</ele>
        <time>2022-10-15T19:37:28Z</time>
      </trkpt>
      <trkpt lat="48.508967" lon="-121.118611">
        <ele>1504.0</ele>
        <time>2022-10-15T19:37:38Z</time>
      </trkpt>
      <trkpt lat="48.508995" lon="-121.118642">
        <ele>1500.0</ele>
        <time>2022-10-15T19:38:13Z</time>
      </trkpt>
      <trkpt lat="48.509044" lon="-121.118642">
        <ele>1506.0</ele>
        <time>2022-10-15T19:38:45Z</time>
      </trkpt>
      <trkpt lat="48.509050" lon="-121.118593">
        <ele>1512.0</ele>
        <time>2022-10-15T19:39:05Z</time>
      </trkpt>
      <trkpt lat="48.509035" lon="-121.118632">
        <ele>1511.0</ele>
        <time>2022-10-15T19:39:14Z</time>
      </trkpt>
      <trkpt lat="48.509054" lon="-121.118584">
        <ele>1512.0</ele>
        <time>2022-10-15T19:40:02Z</time>
      </trkpt>
      <trkpt lat="48.509130" lon="-121.118576">
        <ele>1507.0</ele>
        <time>2022-10-15T19:40:27Z</time>
      </trkpt>
      <trkpt lat="48.509172" lon="-121.118541">
        <ele>1515.0</ele>
        <time>2022-10-15T19:40:51Z</time>
      </trkpt>
      <trkpt lat="48.509154" lon="-121.118582">
        <ele>1518.0</ele>
        <time>2022-10-15T19:41:25Z</time>
      </trkpt>
      <trkpt lat="48.509151" lon="-121.118628">
        <ele>1521.0</ele>
        <time>2022-10-15T19:41:41Z</time>
      </trkpt>
      <trkpt lat="48.509188" lon="-121.118673">
        <ele>1521.0</ele>
        <time>2022-10-15T19:42:02Z</time>
      </trkpt>
      <trkpt lat="48.509175" lon="-121.118711">
        <ele>1520.0</ele>
        <time>2022-10-15T19:42:06Z</time>
      </trkpt>
      <trkpt lat="48.509179" lon="-121.118745">
        <ele>1520.0</ele>
        <time>2022-10-15T19:42:14Z</time>
      </trkpt>
      <trkpt lat="48.509232" lon="-121.118662">
        <ele>1525.0</ele>
        <time>2022-10-15T19:42:27Z</time>
      </trkpt>
      <trkpt lat="48.509249" lon="-121.118678">
        <ele>1520.0</ele>
        <time>2022-10-15T19:42:45Z</time>
      </trkpt>
      <trkpt lat="48.509250" lon="-121.118647">
        <ele>1526.0</ele>
        <time>2022-10-15T19:43:10Z</time>
      </trkpt>
      <trkpt lat="48.509231" lon="-121.118652">
        <ele>1528.0</ele>
        <time>2022-10-15T19:43:24Z</time>
      </trkpt>
      <trkpt lat="48.509266" lon="-121.118628">
        <ele>1527.0</ele>
        <time>2022-10-15T19:44:09Z</time>
      </trkpt>
      <trkpt lat="48.509285" lon="-121.118580">
        <ele>1512.0</ele>
        <time>2022-10-15T19:44:37Z</time>
      </trkpt>
      <trkpt lat="48.509322" lon="-121.118558">
        <ele>1528.0</ele>
        <time>2022-10-15T19:44:57Z</time>
      </trkpt>
      <trkpt lat="48.509337" lon="-121.118533">
        <ele>1522.0</ele>
        <time>2022-10-15T19:45:06Z</time>
      </trkpt>
      <trkpt lat="48.509330" lon="-121.118474">
        <ele>1524.0</ele>
        <time>2022-10-15T19:45:15Z</time>
      </trkpt>
      <trkpt lat="48.509359" lon="-121.118426">
        <ele>1524.0</ele>
        <time>2022-10-15T19:45:23Z</time>
      </trkpt>
      <trkpt lat="48.509384" lon="-121.118496">
        <ele>1524.0</ele>
        <time>2022-10-15T19:45:37Z</time>
      </trkpt>
      <trkpt lat="48.509418" lon="-121.118463">
        <ele>1530.0</ele>
        <time>2022-10-15T19:45:48Z</time>
      </trkpt>
      <trkpt lat="48.509431" lon="-121.118421">
        <ele>1530.9</ele>
        <time>2022-10-15T19:45:50Z</time>
      </trkpt>
      <trkpt lat="48.509436" lon="-121.118462">
        <ele>1530.0</ele>
        <time>2022-10-15T19:45:57Z</time>
      </trkpt>
      <trkpt lat="48.509656" lon="-121.118504">
        <ele>1544.0</ele>
        <time>2022-10-15T19:47:59Z</time>
      </trkpt>
      <trkpt lat="48.509682" lon="-121.118534">
        <ele>1545.5</ele>
        <time>2022-10-15T19:48:04Z</time>
      </trkpt>
      <trkpt lat="48.509715" lon="-121.118484">
        <ele>1544.0</ele>
        <time>2022-10-15T19:48:20Z</time>
      </trkpt>
      <trkpt lat="48.509732" lon="-121.118547">
        <ele>1547.0</ele>
        <time>2022-10-15T19:48:59Z</time>
      </trkpt>
      <trkpt lat="48.509758" lon="-121.118531">
        <ele>1552.0</ele>
        <time>2022-10-15T19:49:14Z</time>
      </trkpt>
      <trkpt lat="48.509797" lon="-121.118526">
        <ele>1553.0</ele>
        <time>2022-10-15T19:49:33Z</time>
      </trkpt>
      <trkpt lat="48.509846" lon="-121.118546">
        <ele>1554.0</ele>
        <time>2022-10-15T19:49:51Z</time>
      </trkpt>
      <trkpt lat="48.509865" lon="-121.118578">
        <ele>1551.0</ele>
        <time>2022-10-15T19:50:07Z</time>
      </trkpt>
      <trkpt lat="48.509985" lon="-121.118480">
        <ele>1564.0</ele>
        <time>2022-10-15T19:50:57Z</time>
      </trkpt>
      <trkpt lat="48.510128" lon="-121.118438">
        <ele>1565.0</ele>
        <time>2022-10-15T19:51:32Z</time>
      </trkpt>
      <trkpt lat="48.510147" lon="-121.118393">
        <ele>1566.0</ele>
        <time>2022-10-15T19:51:37Z</time>
      </trkpt>
      <trkpt lat="48.510206" lon="-121.118319">
        <ele>1565.0</ele>
        <time>2022-10-15T19:52:20Z</time>
      </trkpt>
      <trkpt lat="48.510265" lon="-121.118314">
        <ele>1572.0</ele>
        <time>2022-10-15T19:53:18Z</time>
      </trkpt>
      <trkpt lat="48.510246" lon="-121.118381">
        <ele>1572.0</ele>
        <time>2022-10-15T19:53:35Z</time>
      </trkpt>
      <trkpt lat="48.510241" lon="-121.118481">
        <ele>1577.0</ele>
        <time>2022-10-15T19:53:52Z</time>
      </trkpt>
      <trkpt lat="48.510266" lon="-121.118437">
        <ele>1576.0</ele>
        <time>2022-10-15T19:54:01Z</time>
      </trkpt>
      <trkpt lat="48.510299" lon="-121.118479">
        <ele>1578.0</ele>
        <time>2022-10-15T19:54:07Z</time>
      </trkpt>
      <trkpt lat="48.510276" lon="-121.118471">
        <ele>1578.0</ele>
        <time>2022-10-15T19:54:10Z</time>
      </trkpt>
      <trkpt lat="48.510267" lon="-121.118518">
        <ele>1578.0</ele>
        <time>2022-10-15T19:54:13Z</time>
      </trkpt>
      <trkpt lat="48.510293" lon="-121.118485">
        <ele>1581.0</ele>
        <time>2022-10-15T19:54:54Z</time>
      </trkpt>
      <trkpt lat="48.510269" lon="-121.118476">
        <ele>1584.0</ele>
        <time>2022-10-15T19:55:08Z</time>
      </trkpt>
      <trkpt lat="48.510312" lon="-121.118511">
        <ele>1580.0</ele>
        <time>2022-10-15T19:55:19Z</time>
      </trkpt>
      <trkpt lat="48.510313" lon="-121.118560">
        <ele>1584.0</ele>
        <time>2022-10-15T19:55:50Z</time>
      </trkpt>
      <trkpt lat="48.510348" lon="-121.118579">
        <ele>1586.0</ele>
        <time>2022-10-15T19:55:55Z</time>
      </trkpt>
      <trkpt lat="48.510341" lon="-121.118490">
        <ele>1590.0</ele>
        <time>2022-10-15T19:56:38Z</time>
      </trkpt>
      <trkpt lat="48.510371" lon="-121.118506">
        <ele>1594.0</ele>
        <time>2022-10-15T19:57:27Z</time>
      </trkpt>
      <trkpt lat="48.510407" lon="-121.118510">
        <ele>1594.6</ele>
        <time>2022-10-15T19:57:38Z</time>
      </trkpt>
      <trkpt lat="48.510398" lon="-121.118552">
        <ele>1594.7</ele>
        <time>2022-10-15T19:57:39Z</time>
      </trkpt>
      <trkpt lat="48.510459" lon="-121.118424">
        <ele>1596.0</ele>
        <time>2022-10-15T19:58:19Z</time>
      </trkpt>
      <trkpt lat="48.510470" lon="-121.118437">
        <ele>1580.0</ele>
        <time>2022-10-15T19:58:34Z</time>
      </trkpt>
      <trkpt lat="48.510504" lon="-121.118346">
        <ele>1596.0</ele>
        <time>2022-10-15T19:59:07Z</time>
      </trkpt>
      <trkpt lat="48.510529" lon="-121.118407">
        <ele>1592.0</ele>
        <time>2022-10-15T19:59:31Z</time>
      </trkpt>
      <trkpt lat="48.510637" lon="-121.118266">
        <ele>1584.0</ele>
        <time>2022-10-15T20:00:38Z</time>
      </trkpt>
      <trkpt lat="48.510622" lon="-121.118249">
        <ele>1596.0</ele>
        <time>2022-10-15T20:00:51Z</time>
      </trkpt>
      <trkpt lat="48.510584" lon="-121.118244">
        <ele>1599.0</ele>
        <time>2022-10-15T20:01:01Z</time>
      </trkpt>
      <trkpt lat="48.510607" lon="-121.118253">
        <ele>1599.0</ele>
        <time>2022-10-15T20:01:04Z</time>
      </trkpt>
      <trkpt lat="48.510598" lon="-121.118190">
        <ele>1592.0</ele>
        <time>2022-10-15T20:01:27Z</time>
      </trkpt>
      <trkpt lat="48.510626" lon="-121.118148">
        <ele>1593.0</ele>
        <time>2022-10-15T20:01:44Z</time>
      </trkpt>
      <trkpt lat="48.510582" lon="-121.118042">
        <ele>1592.0</ele>
        <time>2022-10-15T20:02:06Z</time>
      </trkpt>
      <trkpt lat="48.510619" lon="-121.117900">
        <ele>1596.0</ele>
        <time>2022-10-15T20:02:25Z</time>
      </trkpt>
      <trkpt lat="48.510600" lon="-121.117795">
        <ele>1595.0</ele>
        <time>2022-10-15T20:02:40Z</time>
      </trkpt>
      <trkpt lat="48.510628" lon="-121.117659">
        <ele>1592.0</ele>
        <time>2022-10-15T20:02:57Z</time>
      </trkpt>
      <trkpt lat="48.510717" lon="-121.117518">
        <ele>1596.0</ele>
        <time>2022-10-15T20:03:14Z</time>
      </trkpt>
      <trkpt lat="48.510746" lon="-121.117514">
        <ele>1598.0</ele>
        <time>2022-10-15T20:03:19Z</time>
      </trkpt>
      <trkpt lat="48.510734" lon="-121.117559">
        <ele>1599.9</ele>
        <time>2022-10-15T20:03:25Z</time>
      </trkpt>
      <trkpt lat="48.510759" lon="-121.117581">
        <ele>1598.0</ele>
        <time>2022-10-15T20:03:29Z</time>
      </trkpt>
      <trkpt lat="48.510800" lon="-121.117463">
        <ele>1604.0</ele>
        <time>2022-10-15T20:03:47Z</time>
      </trkpt>
      <trkpt lat="48.510823" lon="-121.117436">
        <ele>1595.0</ele>
        <time>2022-10-15T20:03:54Z</time>
      </trkpt>
      <trkpt lat="48.510861" lon="-121.117487">
        <ele>1603.0</ele>
        <time>2022-10-15T20:04:06Z</time>
      </trkpt>
      <trkpt lat="48.510852" lon="-121.117433">
        <ele>1608.6</ele>
        <time>2022-10-15T20:04:13Z</time>
      </trkpt>
      <trkpt lat="48.510891" lon="-121.117379">
        <ele>1600.0</ele>
        <time>2022-10-15T20:04:27Z</time>
      </trkpt>
      <trkpt lat="48.510927" lon="-121.117376">
        <ele>1608.0</ele>
        <time>2022-10-15T20:04:36Z</time>
      </trkpt>
      <trkpt lat="48.510964" lon="-121.117349">
        <ele>1609.0</ele>
        <time>2022-10-15T20:04:49Z</time>
      </trkpt>
      <trkpt lat="48.510941" lon="-121.117381">
        <ele>1612.0</ele>
        <time>2022-10-15T20:04:56Z</time>
      </trkpt>
      <trkpt lat="48.510971" lon="-121.117420">
        <ele>1613.0</ele>
        <time>2022-10-15T20:04:58Z</time>
      </trkpt>
      <trkpt lat="48.510954" lon="-121.117440">
        <ele>1612.0</ele>
        <time>2022-10-15T20:05:00Z</time>
      </trkpt>
      <trkpt lat="48.510914" lon="-121.117539">
        <ele>1614.0</ele>
        <time>2022-10-15T20:05:23Z</time>
      </trkpt>
      <trkpt lat="48.510882" lon="-121.117695">
        <ele>1612.0</ele>
        <time>2022-10-15T20:06:17Z</time>
      </trkpt>
      <trkpt lat="48.510894" lon="-121.117757">
        <ele>1615.0</ele>
        <time>2022-10-15T20:06:28Z</time>
      </trkpt>
      <trkpt lat="48.510932" lon="-121.117805">
        <ele>1614.0</ele>
        <time>2022-10-15T20:06:38Z</time>
      </trkpt>
      <trkpt lat="48.510968" lon="-121.117828">
        <ele>1614.0</ele>
        <time>2022-10-15T20:06:43Z</time>
      </trkpt>
      <trkpt lat="48.510977" lon="-121.117748">
        <ele>1617.0</ele>
        <time>2022-10-15T20:06:58Z</time>
      </trkpt>
      <trkpt lat="48.511003" lon="-121.117789">
        <ele>1617.0</ele>
        <time>2022-10-15T20:07:09Z</time>
      </trkpt>
      <trkpt lat="48.511016" lon="-121.117739">
        <ele>1620.0</ele>
        <time>2022-10-15T20:07:28Z</time>
      </trkpt>
      <trkpt lat="48.511041" lon="-121.117760">
        <ele>1619.7</ele>
        <time>2022-10-15T20:07:31Z</time>
      </trkpt>
      <trkpt lat="48.511053" lon="-121.117701">
        <ele>1624.0</ele>
        <time>2022-10-15T20:07:42Z</time>
      </trkpt>
      <trkpt lat="48.511074" lon="-121.117789">
        <ele>1625.0</ele>
        <time>2022-10-15T20:07:55Z</time>
      </trkpt>
      <trkpt lat="48.511099" lon="-121.117755">
        <ele>1626.0</ele>
        <time>2022-10-15T20:07:59Z</time>
      </trkpt>
      <trkpt lat="48.511105" lon="-121.117710">
        <ele>1628.0</ele>
        <time>2022-10-15T20:08:03Z</time>
      </trkpt>
      <trkpt lat="48.511137" lon="-121.117662">
        <ele>1624.0</ele>
        <time>2022-10-15T20:08:15Z</time>
      </trkpt>
      <trkpt lat="48.511148" lon="-121.117692">
        <ele>1629.0</ele>
        <time>2022-10-15T20:08:44Z</time>
      </trkpt>
      <trkpt lat="48.511187" lon="-121.117702">
        <ele>1632.0</ele>
        <time>2022-10-15T20:09:03Z</time>
      </trkpt>
      <trkpt lat="48.511187" lon="-121.117759">
        <ele>1633.5</ele>
        <time>2022-10-15T20:09:08Z</time>
      </trkpt>
      <trkpt lat="48.511157" lon="-121.117715">
        <ele>1634.0</ele>
        <time>2022-10-15T20:09:10Z</time>
      </trkpt>
      <trkpt lat="48.511206" lon="-121.117689">
        <ele>1628.0</ele>
        <time>2022-10-15T20:09:23Z</time>
      </trkpt>
      <trkpt lat="48.511240" lon="-121.117738">
        <ele>1632.0</ele>
        <time>2022-10-15T20:09:55Z</time>
      </trkpt>
      <trkpt lat="48.511226" lon="-121.117817">
        <ele>1636.0</ele>
        <time>2022-10-15T20:10:07Z</time>
      </trkpt>
      <trkpt lat="48.511291" lon="-121.117770">
        <ele>1639.0</ele>
        <time>2022-10-15T20:10:24Z</time>
      </trkpt>
      <trkpt lat="48.511324" lon="-121.117696">
        <ele>1635.0</ele>
        <time>2022-10-15T20:10:37Z</time>
      </trkpt>
      <trkpt lat="48.511371" lon="-121.117691">
        <ele>1642.0</ele>
        <time>2022-10-15T20:10:47Z</time>
      </trkpt>
      <trkpt lat="48.511391" lon="-121.117666">
        <ele>1644.0</ele>
        <time>2022-10-15T20:10:51Z</time>
      </trkpt>
      <trkpt lat="48.511423" lon="-121.117680">
        <ele>1639.0</ele>
        <time>2022-10-15T20:10:56Z</time>
      </trkpt>
      <trkpt lat="48.511408" lon="-121.117729">
        <ele>1644.0</ele>
        <time>2022-10-15T20:11:08Z</time>
      </trkpt>
      <trkpt lat="48.511423" lon="-121.117754">
        <ele>1650.0</ele>
        <time>2022-10-15T20:11:37Z</time>
      </trkpt>
      <trkpt lat="48.511410" lon="-121.117784">
        <ele>1648.0</ele>
        <time>2022-10-15T20:11:40Z</time>
      </trkpt>
      <trkpt lat="48.511404" lon="-121.117835">
        <ele>1646.0</ele>
        <time>2022-10-15T20:11:53Z</time>
      </trkpt>
      <trkpt lat="48.511441" lon="-121.117844">
        <ele>1643.0</ele>
        <time>2022-10-15T20:12:08Z</time>
      </trkpt>
      <trkpt lat="48.511455" lon="-121.117916">
        <ele>1653.0</ele>
        <time>2022-10-15T20:12:19Z</time>
      </trkpt>
      <trkpt lat="48.511468" lon="-121.117946">
        <ele>1653.0</ele>
        <time>2022-10-15T20:12:24Z</time>
      </trkpt>
      <trkpt lat="48.511491" lon="-121.117968">
        <ele>1654.0</ele>
        <time>2022-10-15T20:12:29Z</time>
      </trkpt>
      <trkpt lat="48.511485" lon="-121.118046">
        <ele>1654.0</ele>
        <time>2022-10-15T20:12:57Z</time>
      </trkpt>
      <trkpt lat="48.511516" lon="-121.118057">
        <ele>1656.0</ele>
        <time>2022-10-15T20:13:11Z</time>
      </trkpt>
      <trkpt lat="48.511539" lon="-121.118084">
        <ele>1657.0</ele>
        <time>2022-10-15T20:13:16Z</time>
      </trkpt>
      <trkpt lat="48.511568" lon="-121.118086">
        <ele>1654.0</ele>
        <time>2022-10-15T20:13:26Z</time>
      </trkpt>
      <trkpt lat="48.511520" lon="-121.118032">
        <ele>1659.7</ele>
        <time>2022-10-15T20:13:50Z</time>
      </trkpt>
      <trkpt lat="48.511534" lon="-121.118070">
        <ele>1659.5</ele>
        <time>2022-10-15T20:13:51Z</time>
      </trkpt>
      <trkpt lat="48.511606" lon="-121.118098">
        <ele>1660.0</ele>
        <time>2022-10-15T20:14:09Z</time>
      </trkpt>
      <trkpt lat="48.511613" lon="-121.118057">
        <ele>1662.0</ele>
        <time>2022-10-15T20:14:16Z</time>
      </trkpt>
      <trkpt lat="48.511645" lon="-121.118003">
        <ele>1662.0</ele>
        <time>2022-10-15T20:14:26Z</time>
      </trkpt>
      <trkpt lat="48.511676" lon="-121.117972">
        <ele>1660.0</ele>
        <time>2022-10-15T20:14:34Z</time>
      </trkpt>
      <trkpt lat="48.511701" lon="-121.117998">
        <ele>1661.0</ele>
        <time>2022-10-15T20:14:44Z</time>
      </trkpt>
      <trkpt lat="48.511750" lon="-121.117872">
        <ele>1665.0</ele>
        <time>2022-10-15T20:15:07Z</time>
      </trkpt>
      <trkpt lat="48.511782" lon="-121.117849">
        <ele>1664.0</ele>
        <time>2022-10-15T20:15:11Z</time>
      </trkpt>
      <trkpt lat="48.511783" lon="-121.117813">
        <ele>1650.0</ele>
        <time>2022-10-15T20:15:28Z</time>
      </trkpt>
      <trkpt lat="48.511823" lon="-121.117787">
        <ele>1665.0</ele>
        <time>2022-10-15T20:15:48Z</time>
      </trkpt>
      <trkpt lat="48.511889" lon="-121.117662">
        <ele>1668.0</ele>
        <time>2022-10-15T20:15:59Z</time>
      </trkpt>
      <trkpt lat="48.511934" lon="-121.117616">
        <ele>1668.0</ele>
        <time>2022-10-15T20:16:06Z</time>
      </trkpt>
      <trkpt lat="48.511945" lon="-121.117544">
        <ele>1666.0</ele>
        <time>2022-10-15T20:16:20Z</time>
      </trkpt>
      <trkpt lat="48.512000" lon="-121.117446">
        <ele>1667.0</ele>
        <time>2022-10-15T20:16:37Z</time>
      </trkpt>
      <trkpt lat="48.512023" lon="-121.117447">
        <ele>1666.0</ele>
        <time>2022-10-15T20:16:42Z</time>
      </trkpt>
      <trkpt lat="48.512076" lon="-121.117432">
        <ele>1660.0</ele>
        <time>2022-10-15T20:16:58Z</time>
      </trkpt>
      <trkpt lat="48.512110" lon="-121.117401">
        <ele>1668.0</ele>
        <time>2022-10-15T20:17:21Z</time>
      </trkpt>
      <trkpt lat="48.512128" lon="-121.117410">
        <ele>1671.0</ele>
        <time>2022-10-15T20:17:30Z</time>
      </trkpt>
      <trkpt lat="48.512158" lon="-121.117393">
        <ele>1670.0</ele>
        <time>2022-10-15T20:17:45Z</time>
      </trkpt>
      <trkpt lat="48.512184" lon="-121.117422">
        <ele>1675.0</ele>
        <time>2022-10-15T20:18:15Z</time>
      </trkpt>
      <trkpt lat="48.512165" lon="-121.117456">
        <ele>1675.0</ele>
        <time>2022-10-15T20:18:25Z</time>
      </trkpt>
      <trkpt lat="48.512180" lon="-121.117496">
        <ele>1678.0</ele>
        <time>2022-10-15T20:18:45Z</time>
      </trkpt>
      <trkpt lat="48.512226" lon="-121.117505">
        <ele>1686.0</ele>
        <time>2022-10-15T20:19:08Z</time>
      </trkpt>
      <trkpt lat="48.512252" lon="-121.117622">
        <ele>1686.0</ele>
        <time>2022-10-15T20:19:32Z</time>
      </trkpt>
      <trkpt lat="48.512337" lon="-121.117572">
        <ele>1690.1</ele>
        <time>2022-10-15T20:20:02Z</time>
      </trkpt>
      <trkpt lat="48.512352" lon="-121.117530">
        <ele>1685.0</ele>
        <time>2022-10-15T20:20:14Z</time>
      </trkpt>
      <trkpt lat="48.512366" lon="-121.117560">
        <ele>1690.0</ele>
        <time>2022-10-15T20:20:39Z</time>
      </trkpt>
      <trkpt lat="48.512450" lon="-121.117529">
        <ele>1695.0</ele>
        <time>2022-10-15T20:21:05Z</time>
      </trkpt>
      <trkpt lat="48.512495" lon="-121.117618">
        <ele>1699.0</ele>
        <time>2022-10-15T20:21:40Z</time>
      </trkpt>
      <trkpt lat="48.512501" lon="-121.117672">
        <ele>1680.0</ele>
        <time>2022-10-15T20:22:08Z</time>
      </trkpt>
      <trkpt lat="48.512530" lon="-121.117704">
        <ele>1698.0</ele>
        <time>2022-10-15T20:22:26Z</time>
      </trkpt>
      <trkpt lat="48.512548" lon="-121.117674">
        <ele>1700.0</ele>
        <time>2022-10-15T20:22:35Z</time>
      </trkpt>
      <trkpt lat="48.512560" lon="-121.117743">
        <ele>1705.0</ele>
        <time>2022-10-15T20:22:50Z</time>
      </trkpt>
      <trkpt lat="48.512597" lon="-121.117849">
        <ele>1712.0</ele>
        <time>2022-10-15T20:23:10Z</time>
      </trkpt>
      <trkpt lat="48.512620" lon="-121.117807">
        <ele>1710.0</ele>
        <time>2022-10-15T20:23:18Z</time>
      </trkpt>
      <trkpt lat="48.512648" lon="-121.117791">
        <ele>1710.0</ele>
        <time>2022-10-15T20:23:27Z</time>
      </trkpt>
      <trkpt lat="48.512712" lon="-121.117806">
        <ele>1709.0</ele>
        <time>2022-10-15T20:24:01Z</time>
      </trkpt>
      <trkpt lat="48.512720" lon="-121.117840">
        <ele>1710.0</ele>
        <time>2022-10-15T20:24:09Z</time>
      </trkpt>
      <trkpt lat="48.512748" lon="-121.117850">
        <ele>1710.0</ele>
        <time>2022-10-15T20:24:13Z</time>
      </trkpt>
      <trkpt lat="48.512781" lon="-121.117885">
        <ele>1715.0</ele>
        <time>2022-10-15T20:24:22Z</time>
      </trkpt>
      <trkpt lat="48.512966" lon="-121.117928">
        <ele>1719.0</ele>
        <time>2022-10-15T20:25:19Z</time>
      </trkpt>
      <trkpt lat="48.513068" lon="-121.118066">
        <ele>1724.0</ele>
        <time>2022-10-15T20:25:56Z</time>
      </trkpt>
      <trkpt lat="48.513138" lon="-121.118082">
        <ele>1727.0</ele>
        <time>2022-10-15T20:26:37Z</time>
      </trkpt>
      <trkpt lat="48.513188" lon="-121.118156">
        <ele>1728.0</ele>
        <time>2022-10-15T20:26:53Z</time>
      </trkpt>
      <trkpt lat="48.513250" lon="-121.118205">
        <ele>1733.0</ele>
        <time>2022-10-15T20:27:25Z</time>
      </trkpt>
      <trkpt lat="48.513268" lon="-121.118241">
        <ele>1735.0</ele>
        <time>2022-10-15T20:27:48Z</time>
      </trkpt>
      <trkpt lat="48.513260" lon="-121.118315">
        <ele>1736.0</ele>
        <time>2022-10-15T20:27:59Z</time>
      </trkpt>
      <trkpt lat="48.513271" lon="-121.118344">
        <ele>1735.0</ele>
        <time>2022-10-15T20:28:04Z</time>
      </trkpt>
      <trkpt lat="48.513298" lon="-121.118362">
        <ele>1736.0</ele>
        <time>2022-10-15T20:28:10Z</time>
      </trkpt>
      <trkpt lat="48.513351" lon="-121.118307">
        <ele>1739.0</ele>
        <time>2022-10-15T20:28:28Z</time>
      </trkpt>
      <trkpt lat="48.513407" lon="-121.118396">
        <ele>1736.0</ele>
        <time>2022-10-15T20:28:49Z</time>
      </trkpt>
      <trkpt lat="48.513468" lon="-121.118364">
        <ele>1743.0</ele>
        <time>2022-10-15T20:29:03Z</time>
      </trkpt>
      <trkpt lat="48.513485" lon="-121.118343">
        <ele>1744.0</ele>
        <time>2022-10-15T20:29:10Z</time>
      </trkpt>
      <trkpt lat="48.513530" lon="-121.118403">
        <ele>1747.3</ele>
        <time>2022-10-15T20:29:22Z</time>
      </trkpt>
      <trkpt lat="48.513534" lon="-121.118371">
        <ele>1744.0</ele>
        <time>2022-10-15T20:29:31Z</time>
      </trkpt>
      <trkpt lat="48.513584" lon="-121.118378">
        <ele>1752.0</ele>
        <time>2022-10-15T20:29:59Z</time>
      </trkpt>
      <trkpt lat="48.513632" lon="-121.118426">
        <ele>1750.0</ele>
        <time>2022-10-15T20:30:28Z</time>
      </trkpt>
      <trkpt lat="48.513651" lon="-121.118383">
        <ele>1754.0</ele>
        <time>2022-10-15T20:30:47Z</time>
      </trkpt>
      <trkpt lat="48.513739" lon="-121.118377">
        <ele>1757.0</ele>
        <time>2022-10-15T20:31:17Z</time>
      </trkpt>
      <trkpt lat="48.513824" lon="-121.118228">
        <ele>1760.0</ele>
        <time>2022-10-15T20:31:58Z</time>
      </trkpt>
      <trkpt lat="48.513837" lon="-121.118183">
        <ele>1759.0</ele>
        <time>2022-10-15T20:32:07Z</time>
      </trkpt>
      <trkpt lat="48.513875" lon="-121.118165">
        <ele>1752.0</ele>
        <time>2022-10-15T20:36:59Z</time>
      </trkpt>
      <trkpt lat="48.513965" lon="-121.118211">
        <ele>1760.0</ele>
        <time>2022-10-15T20:42:10Z</time>
      </trkpt>
      <trkpt lat="48.513966" lon="-121.118248">
        <ele>1762.0</ele>
        <time>2022-10-15T20:42:17Z</time>
      </trkpt>
      <trkpt lat="48.513948" lon="-121.118275">
        <ele>1760.0</ele>
        <time>2022-10-15T20:42:20Z</time>
      </trkpt>
      <trkpt lat="48.513916" lon="-121.118280">
        <ele>1760.0</ele>
        <time>2022-10-15T20:42:24Z</time>
      </trkpt>
      <trkpt lat="48.513893" lon="-121.118306">
        <ele>1760.0</ele>
        <time>2022-10-15T20:42:30Z</time>
      </trkpt>
      <trkpt lat="48.513875" lon="-121.118266">
        <ele>1752.0</ele>
        <time>2022-10-15T20:42:59Z</time>
      </trkpt>
      <trkpt lat="48.513942" lon="-121.118252">
        <ele>1760.0</ele>
        <time>2022-10-15T20:43:19Z</time>
      </trkpt>
      <trkpt lat="48.513943" lon="-121.118140">
        <ele>1764.0</ele>
        <time>2022-10-15T20:43:40Z</time>
      </trkpt>
      <trkpt lat="48.513875" lon="-121.118159">
        <ele>1762.0</ele>
        <time>2022-10-15T20:45:00Z</time>
      </trkpt>
      <trkpt lat="48.513878" lon="-121.118177">
        <ele>1764.0</ele>
        <time>2022-10-15T20:55:47Z</time>
      </trkpt>
      <trkpt lat="48.513946" lon="-121.118134">
        <ele>1767.0</ele>
        <time>2022-10-15T20:55:57Z</time>
      </trkpt>
      <trkpt lat="48.514013" lon="-121.118119">
        <ele>1770.0</ele>
        <time>2022-10-15T20:56:08Z</time>
      </trkpt>
      <trkpt lat="48.514100" lon="-121.118055">
        <ele>1770.0</ele>
        <time>2022-10-15T20:56:20Z</time>
      </trkpt>
      <trkpt lat="48.514179" lon="-121.118045">
        <ele>1771.0</ele>
        <time>2022-10-15T20:56:28Z</time>
      </trkpt>
      <trkpt lat="48.514220" lon="-121.118055">
        <ele>1772.0</ele>
        <time>2022-10-15T20:56:33Z</time>
      </trkpt>
      <trkpt lat="48.514220" lon="-121.118091">
        <ele>1773.0</ele>
        <time>2022-10-15T20:56:37Z</time>
      </trkpt>
      <trkpt lat="48.514320" lon="-121.118176">
        <ele>1770.0</ele>
        <time>2022-10-15T20:57:00Z</time>
      </trkpt>
      <trkpt lat="48.514342" lon="-121.118150">
        <ele>1770.0</ele>
        <time>2022-10-15T20:57:09Z</time>
      </trkpt>
      <trkpt lat="48.514451" lon="-121.118132">
        <ele>1781.0</ele>
        <time>2022-10-15T20:57:33Z</time>
      </trkpt>
      <trkpt lat="48.514493" lon="-121.118154">
        <ele>1781.0</ele>
        <time>2022-10-15T20:57:38Z</time>
      </trkpt>
      <trkpt lat="48.514529" lon="-121.118275">
        <ele>1781.0</ele>
        <time>2022-10-15T20:57:50Z</time>
      </trkpt>
      <trkpt lat="48.514522" lon="-121.118381">
        <ele>1782.0</ele>
        <time>2022-10-15T20:58:03Z</time>
      </trkpt>
      <trkpt lat="48.514533" lon="-121.118417">
        <ele>1779.0</ele>
        <time>2022-10-15T20:58:08Z</time>
      </trkpt>
      <trkpt lat="48.514605" lon="-121.118442">
        <ele>1785.0</ele>
        <time>2022-10-15T20:58:24Z</time>
      </trkpt>
      <trkpt lat="48.514628" lon="-121.118485">
        <ele>1786.0</ele>
        <time>2022-10-15T20:58:31Z</time>
      </trkpt>
      <trkpt lat="48.514718" lon="-121.118525">
        <ele>1792.0</ele>
        <time>2022-10-15T20:59:15Z</time>
      </trkpt>
      <trkpt lat="48.514767" lon="-121.118472">
        <ele>1792.0</ele>
        <time>2022-10-15T20:59:30Z</time>
      </trkpt>
      <trkpt lat="48.514797" lon="-121.118454">
        <ele>1780.0</ele>
        <time>2022-10-15T20:59:43Z</time>
      </trkpt>
      <trkpt lat="48.514837" lon="-121.118470">
        <ele>1796.0</ele>
        <time>2022-10-15T21:00:01Z</time>
      </trkpt>
      <trkpt lat="48.514871" lon="-121.118394">
        <ele>1794.0</ele>
        <time>2022-10-15T21:00:27Z</time>
      </trkpt>
      <trkpt lat="48.514924" lon="-121.118342">
        <ele>1802.0</ele>
        <time>2022-10-15T21:00:45Z</time>
      </trkpt>
      <trkpt lat="48.514947" lon="-121.118350">
        <ele>1802.0</ele>
        <time>2022-10-15T21:00:52Z</time>
      </trkpt>
      <trkpt lat="48.514978" lon="-121.118327">
        <ele>1806.0</ele>
        <time>2022-10-15T21:01:04Z</time>
      </trkpt>
      <trkpt lat="48.515063" lon="-121.118315">
        <ele>1809.0</ele>
        <time>2022-10-15T21:01:36Z</time>
      </trkpt>
      <trkpt lat="48.515102" lon="-121.118321">
        <ele>1809.0</ele>
        <time>2022-10-15T21:01:41Z</time>
      </trkpt>
      <trkpt lat="48.515143" lon="-121.118310">
        <ele>1809.0</ele>
        <time>2022-10-15T21:01:51Z</time>
      </trkpt>
      <trkpt lat="48.515188" lon="-121.118379">
        <ele>1812.6</ele>
        <time>2022-10-15T21:02:01Z</time>
      </trkpt>
      <trkpt lat="48.515172" lon="-121.118343">
        <ele>1812.0</ele>
        <time>2022-10-15T21:02:04Z</time>
      </trkpt>
      <trkpt lat="48.515178" lon="-121.118309">
        <ele>1813.0</ele>
        <time>2022-10-15T21:02:09Z</time>
      </trkpt>
      <trkpt lat="48.515226" lon="-121.118304">
        <ele>1815.0</ele>
        <time>2022-10-15T21:02:28Z</time>
      </trkpt>
      <trkpt lat="48.515258" lon="-121.118289">
        <ele>1816.9</ele>
        <time>2022-10-15T21:02:32Z</time>
      </trkpt>
      <trkpt lat="48.515266" lon="-121.118313">
        <ele>1814.0</ele>
        <time>2022-10-15T21:02:37Z</time>
      </trkpt>
      <trkpt lat="48.515288" lon="-121.118287">
        <ele>1815.0</ele>
        <time>2022-10-15T21:02:54Z</time>
      </trkpt>
      <trkpt lat="48.515328" lon="-121.118320">
        <ele>1816.5</ele>
        <time>2022-10-15T21:03:00Z</time>
      </trkpt>
      <trkpt lat="48.515335" lon="-121.118288">
        <ele>1815.0</ele>
        <time>2022-10-15T21:03:04Z</time>
      </trkpt>
      <trkpt lat="48.515387" lon="-121.118302">
        <ele>1818.0</ele>
        <time>2022-10-15T21:03:17Z</time>
      </trkpt>
      <trkpt lat="48.515403" lon="-121.118342">
        <ele>1820.8</ele>
        <time>2022-10-15T21:03:21Z</time>
      </trkpt>
      <trkpt lat="48.515469" lon="-121.118357">
        <ele>1820.0</ele>
        <time>2022-10-15T21:03:43Z</time>
      </trkpt>
      <trkpt lat="48.515533" lon="-121.118336">
        <ele>1824.0</ele>
        <time>2022-10-15T21:03:58Z</time>
      </trkpt>
      <trkpt lat="48.515565" lon="-121.118297">
        <ele>1828.0</ele>
        <time>2022-10-15T21:04:16Z</time>
      </trkpt>
      <trkpt lat="48.515622" lon="-121.118263">
        <ele>1824.0</ele>
        <time>2022-10-15T21:04:36Z</time>
      </trkpt>
      <trkpt lat="48.515653" lon="-121.118265">
        <ele>1827.0</ele>
        <time>2022-10-15T21:04:43Z</time>
      </trkpt>
      <trkpt lat="48.515668" lon="-121.118292">
        <ele>1830.0</ele>
        <time>2022-10-15T21:04:49Z</time>
      </trkpt>
      <trkpt lat="48.515701" lon="-121.118305">
        <ele>1830.0</ele>
        <time>2022-10-15T21:04:59Z</time>
      </trkpt>
      <trkpt lat="48.515695" lon="-121.118333">
        <ele>1830.0</ele>
        <time>2022-10-15T21:05:06Z</time>
      </trkpt>
      <trkpt lat="48.515746" lon="-121.118293">
        <ele>1832.0</ele>
        <time>2022-10-15T21:05:23Z</time>
      </trkpt>
      <trkpt lat="48.515776" lon="-121.118316">
        <ele>1830.0</ele>
        <time>2022-10-15T21:05:35Z</time>
      </trkpt>
      <trkpt lat="48.515819" lon="-121.118324">
        <ele>1836.0</ele>
        <time>2022-10-15T21:05:48Z</time>
      </trkpt>
      <trkpt lat="48.515824" lon="-121.118296">
        <ele>1836.0</ele>
        <time>2022-10-15T21:05:55Z</time>
      </trkpt>
      <trkpt lat="48.515842" lon="-121.118309">
        <ele>1836.0</ele>
        <time>2022-10-15T21:06:01Z</time>
      </trkpt>
      <trkpt lat="48.515877" lon="-121.118291">
        <ele>1840.0</ele>
        <time>2022-10-15T21:06:13Z</time>
      </trkpt>
      <trkpt lat="48.515889" lon="-121.118255">
        <ele>1841.0</ele>
        <time>2022-10-15T21:06:19Z</time>
      </trkpt>
      <trkpt lat="48.515937" lon="-121.118270">
        <ele>1841.0</ele>
        <time>2022-10-15T21:06:36Z</time>
      </trkpt>
      <trkpt lat="48.515964" lon="-121.118348">
        <ele>1840.0</ele>
        <time>2022-10-15T21:06:48Z</time>
      </trkpt>
      <trkpt lat="48.516004" lon="-121.118407">
        <ele>1840.0</ele>
        <time>2022-10-15T21:07:00Z</time>
      </trkpt>
      <trkpt lat="48.516095" lon="-121.118456">
        <ele>1845.0</ele>
        <time>2022-10-15T21:07:31Z</time>
      </trkpt>
      <trkpt lat="48.516119" lon="-121.118434">
        <ele>1844.0</ele>
        <time>2022-10-15T21:07:45Z</time>
      </trkpt>
      <trkpt lat="48.516151" lon="-121.118467">
        <ele>1846.0</ele>
        <time>2022-10-15T21:07:57Z</time>
      </trkpt>
      <trkpt lat="48.516272" lon="-121.118500">
        <ele>1848.0</ele>
        <time>2022-10-15T21:09:30Z</time>
      </trkpt>
      <trkpt lat="48.516385" lon="-121.118601">
        <ele>1855.0</ele>
        <time>2022-10-15T21:10:12Z</time>
      </trkpt>
      <trkpt lat="48.516417" lon="-121.118601">
        <ele>1843.0</ele>
        <time>2022-10-15T21:10:24Z</time>
      </trkpt>
      <trkpt lat="48.516449" lon="-121.118614">
        <ele>1854.0</ele>
        <time>2022-10-15T21:10:36Z</time>
      </trkpt>
      <trkpt lat="48.516464" lon="-121.118576">
        <ele>1855.0</ele>
        <time>2022-10-15T21:10:47Z</time>
      </trkpt>
      <trkpt lat="48.516538" lon="-121.118702">
        <ele>1861.0</ele>
        <time>2022-10-15T21:11:37Z</time>
      </trkpt>
      <trkpt lat="48.516521" lon="-121.118743">
        <ele>1860.0</ele>
        <time>2022-10-15T21:11:45Z</time>
      </trkpt>
      <trkpt lat="48.516571" lon="-121.118820">
        <ele>1859.0</ele>
        <time>2022-10-15T21:12:01Z</time>
      </trkpt>
      <trkpt lat="48.516644" lon="-121.118814">
        <ele>1866.0</ele>
        <time>2022-10-15T21:12:28Z</time>
      </trkpt>
      <trkpt lat="48.516719" lon="-121.118835">
        <ele>1869.0</ele>
        <time>2022-10-15T21:13:13Z</time>
      </trkpt>
      <trkpt lat="48.516751" lon="-121.118827">
        <ele>1869.0</ele>
        <time>2022-10-15T21:13:34Z</time>
      </trkpt>
      <trkpt lat="48.516835" lon="-121.118958">
        <ele>1871.0</ele>
        <time>2022-10-15T21:14:22Z</time>
      </trkpt>
      <trkpt lat="48.516900" lon="-121.118994">
        <ele>1868.0</ele>
        <time>2022-10-15T21:15:10Z</time>
      </trkpt>
      <trkpt lat="48.516917" lon="-121.119039">
        <ele>1875.0</ele>
        <time>2022-10-15T21:15:33Z</time>
      </trkpt>
      <trkpt lat="48.516911" lon="-121.119102">
        <ele>1880.0</ele>
        <time>2022-10-15T21:15:49Z</time>
      </trkpt>
      <trkpt lat="48.516929" lon="-121.119165">
        <ele>1872.0</ele>
        <time>2022-10-15T21:16:07Z</time>
      </trkpt>
      <trkpt lat="48.516909" lon="-121.119236">
        <ele>1881.0</ele>
        <time>2022-10-15T21:16:50Z</time>
      </trkpt>
      <trkpt lat="48.516909" lon="-121.119203">
        <ele>1887.0</ele>
        <time>2022-10-15T21:16:58Z</time>
      </trkpt>
      <trkpt lat="48.516923" lon="-121.119233">
        <ele>1886.0</ele>
        <time>2022-10-15T21:16:59Z</time>
      </trkpt>
      <trkpt lat="48.516894" lon="-121.119363">
        <ele>1888.0</ele>
        <time>2022-10-15T21:17:38Z</time>
      </trkpt>
      <trkpt lat="48.516924" lon="-121.119371">
        <ele>1888.0</ele>
        <time>2022-10-15T21:18:07Z</time>
      </trkpt>
      <trkpt lat="48.516919" lon="-121.119340">
        <ele>1894.1</ele>
        <time>2022-10-15T21:18:11Z</time>
      </trkpt>
      <trkpt lat="48.516926" lon="-121.119411">
        <ele>1892.0</ele>
        <time>2022-10-15T21:18:34Z</time>
      </trkpt>
      <trkpt lat="48.516910" lon="-121.119467">
        <ele>1890.0</ele>
        <time>2022-10-15T21:18:51Z</time>
      </trkpt>
      <trkpt lat="48.516915" lon="-121.119520">
        <ele>1894.0</ele>
        <time>2022-10-15T21:19:06Z</time>
      </trkpt>
      <trkpt lat="48.516960" lon="-121.119565">
        <ele>1895.9</ele>
        <time>2022-10-15T21:19:16Z</time>
      </trkpt>
      <trkpt lat="48.516936" lon="-121.119558">
        <ele>1896.0</ele>
        <time>2022-10-15T21:19:22Z</time>
      </trkpt>
      <trkpt lat="48.516913" lon="-121.119599">
        <ele>1888.0</ele>
        <time>2022-10-15T21:19:42Z</time>
      </trkpt>
      <trkpt lat="48.516918" lon="-121.119651">
        <ele>1902.0</ele>
        <time>2022-10-15T21:19:59Z</time>
      </trkpt>
      <trkpt lat="48.516863" lon="-121.119735">
        <ele>1904.0</ele>
        <time>2022-10-15T21:20:37Z</time>
      </trkpt>
      <trkpt lat="48.516898" lon="-121.119802">
        <ele>1905.0</ele>
        <time>2022-10-15T21:20:51Z</time>
      </trkpt>
      <trkpt lat="48.516907" lon="-121.119929">
        <ele>1904.0</ele>
        <time>2022-10-15T21:21:43Z</time>
      </trkpt>
      <trkpt lat="48.516898" lon="-121.120003">
        <ele>1906.0</ele>
        <time>2022-10-15T21:21:53Z</time>
      </trkpt>
      <trkpt lat="48.516858" lon="-121.120032">
        <ele>1909.0</ele>
        <time>2022-10-15T21:22:02Z</time>
      </trkpt>
      <trkpt lat="48.516796" lon="-121.120152">
        <ele>1910.0</ele>
        <time>2022-10-15T21:23:12Z</time>
      </trkpt>
      <trkpt lat="48.516825" lon="-121.120108">
        <ele>1910.0</ele>
        <time>2022-10-15T21:23:41Z</time>
      </trkpt>
      <trkpt lat="48.516856" lon="-121.120196">
        <ele>1911.2</ele>
        <time>2022-10-15T21:23:53Z</time>
      </trkpt>
      <trkpt lat="48.516825" lon="-121.120115">
        <ele>1904.0</ele>
        <time>2022-10-15T21:24:08Z</time>
      </trkpt>
      <trkpt lat="48.516779" lon="-121.120146">
        <ele>1906.0</ele>
        <time>2022-10-15T21:24:19Z</time>
      </trkpt>
      <trkpt lat="48.516798" lon="-121.120251">
        <ele>1910.0</ele>
        <time>2022-10-15T21:25:04Z</time>
      </trkpt>
      <trkpt lat="48.516801" lon="-121.120240">
        <ele>1908.0</ele>
        <time>2022-10-15T21:25:24Z</time>
      </trkpt>
      <trkpt lat="48.516784" lon="-121.120293">
        <ele>1908.0</ele>
        <time>2022-10-15T21:25:54Z</time>
      </trkpt>
      <trkpt lat="48.516775" lon="-121.120247">
        <ele>1892.0</ele>
        <time>2022-10-15T21:26:09Z</time>
      </trkpt>
      <trkpt lat="48.516773" lon="-121.120306">
        <ele>1901.0</ele>
        <time>2022-10-15T21:26:48Z</time>
      </trkpt>
      <trkpt lat="48.516747" lon="-121.120363">
        <ele>1890.0</ele>
        <time>2022-10-15T21:28:56Z</time>
      </trkpt>
      <trkpt lat="48.516725" lon="-121.120429">
        <ele>1890.0</ele>
        <time>2022-10-15T21:30:35Z</time>
      </trkpt>
      <trkpt lat="48.516740" lon="-121.120379">
        <ele>1893.0</ele>
        <time>2022-10-15T21:30:41Z</time>
      </trkpt>
      <trkpt lat="48.516710" lon="-121.120437">
        <ele>1890.0</ele>
        <time>2022-10-15T21:30:55Z</time>
      </trkpt>
      <trkpt lat="48.516693" lon="-121.120437">
        <ele>1896.0</ele>
        <time>2022-10-15T21:31:09Z</time>
      </trkpt>
      <trkpt lat="48.516683" lon="-121.120340">
        <ele>1894.0</ele>
        <time>2022-10-15T21:31:34Z</time>
      </trkpt>
      <trkpt lat="48.516681" lon="-121.120430">
        <ele>1894.0</ele>
        <time>2022-10-15T21:31:36Z</time>
      </trkpt>
      <trkpt lat="48.516710" lon="-121.120444">
        <ele>1893.0</ele>
        <time>2022-10-15T21:31:39Z</time>
      </trkpt>
      <trkpt lat="48.516696" lon="-121.120413">
        <ele>1892.0</ele>
        <time>2022-10-15T21:31:44Z</time>
      </trkpt>
      <trkpt lat="48.516723" lon="-121.120435">
        <ele>1884.0</ele>
        <time>2022-10-15T21:33:02Z</time>
      </trkpt>
      <trkpt lat="48.516730" lon="-121.120372">
        <ele>1888.0</ele>
        <time>2022-10-15T21:33:57Z</time>
      </trkpt>
      <trkpt lat="48.516705" lon="-121.120411">
        <ele>1887.0</ele>
        <time>2022-10-15T21:34:08Z</time>
      </trkpt>
      <trkpt lat="48.516699" lon="-121.120440">
        <ele>1876.0</ele>
        <time>2022-10-15T21:34:21Z</time>
      </trkpt>
      <trkpt lat="48.516718" lon="-121.120489">
        <ele>1881.0</ele>
        <time>2022-10-15T21:34:35Z</time>
      </trkpt>
      <trkpt lat="48.516731" lon="-121.120459">
        <ele>1883.0</ele>
        <time>2022-10-15T21:34:58Z</time>
      </trkpt>
      <trkpt lat="48.516707" lon="-121.120501">
        <ele>1877.0</ele>
        <time>2022-10-15T21:35:52Z</time>
      </trkpt>
      <trkpt lat="48.516712" lon="-121.120562">
        <ele>1875.0</ele>
        <time>2022-10-15T21:36:39Z</time>
      </trkpt>
      <trkpt lat="48.516722" lon="-121.120590">
        <ele>1876.0</ele>
        <time>2022-10-15T21:36:45Z</time>
      </trkpt>
      <trkpt lat="48.516758" lon="-121.120621">
        <ele>1878.0</ele>
        <time>2022-10-15T21:36:57Z</time>
      </trkpt>
      <trkpt lat="48.516757" lon="-121.120699">
        <ele>1879.0</ele>
        <time>2022-10-15T21:37:28Z</time>
      </trkpt>
      <trkpt lat="48.516796" lon="-121.120683">
        <ele>1877.0</ele>
        <time>2022-10-15T21:41:20Z</time>
      </trkpt>
      <trkpt lat="48.516822" lon="-121.120705">
        <ele>1880.9</ele>
        <time>2022-10-15T21:41:40Z</time>
      </trkpt>
      <trkpt lat="48.516825" lon="-121.120747">
        <ele>1876.0</ele>
        <time>2022-10-15T21:41:50Z</time>
      </trkpt>
      <trkpt lat="48.516845" lon="-121.120789">
        <ele>1876.0</ele>
        <time>2022-10-15T21:42:29Z</time>
      </trkpt>
      <trkpt lat="48.516874" lon="-121.120800">
        <ele>1872.0</ele>
        <time>2022-10-15T21:45:14Z</time>
      </trkpt>
      <trkpt lat="48.516894" lon="-121.120871">
        <ele>1872.0</ele>
        <time>2022-10-15T21:46:29Z</time>
      </trkpt>
      <trkpt lat="48.516889" lon="-121.120990">
        <ele>1881.7</ele>
        <time>2022-10-15T21:46:54Z</time>
      </trkpt>
      <trkpt lat="48.516938" lon="-121.120861">
        <ele>1875.0</ele>
        <time>2022-10-15T21:47:18Z</time>
      </trkpt>
      <trkpt lat="48.516973" lon="-121.120867">
        <ele>1870.0</ele>
        <time>2022-10-15T21:56:35Z</time>
      </trkpt>
      <trkpt lat="48.516966" lon="-121.120837">
        <ele>1871.0</ele>
        <time>2022-10-15T21:57:18Z</time>
      </trkpt>
      <trkpt lat="48.516974" lon="-121.120784">
        <ele>1872.0</ele>
        <time>2022-10-15T21:57:51Z</time>
      </trkpt>
      <trkpt lat="48.516951" lon="-121.120815">
        <ele>1878.0</ele>
        <time>2022-10-15T21:58:20Z</time>
      </trkpt>
      <trkpt lat="48.516944" lon="-121.120803">
        <ele>1874.0</ele>
        <time>2022-10-15T21:58:43Z</time>
      </trkpt>
      <trkpt lat="48.516873" lon="-121.120831">
        <ele>1880.0</ele>
        <time>2022-10-15T21:59:14Z</time>
      </trkpt>
      <trkpt lat="48.516839" lon="-121.120766">
        <ele>1874.0</ele>
        <time>2022-10-15T21:59:57Z</time>
      </trkpt>
      <trkpt lat="48.516851" lon="-121.120717">
        <ele>1870.0</ele>
        <time>2022-10-15T22:00:20Z</time>
      </trkpt>
      <trkpt lat="48.516831" lon="-121.120673">
        <ele>1872.0</ele>
        <time>2022-10-15T22:00:34Z</time>
      </trkpt>
      <trkpt lat="48.516783" lon="-121.120635">
        <ele>1876.0</ele>
        <time>2022-10-15T22:00:50Z</time>
      </trkpt>
      <trkpt lat="48.516743" lon="-121.120667">
        <ele>1872.0</ele>
        <time>2022-10-15T22:01:04Z</time>
      </trkpt>
      <trkpt lat="48.516715" lon="-121.120646">
        <ele>1880.0</ele>
        <time>2022-10-15T22:01:21Z</time>
      </trkpt>
      <trkpt lat="48.516707" lon="-121.120603">
        <ele>1881.0</ele>
        <time>2022-10-15T22:01:37Z</time>
      </trkpt>
      <trkpt lat="48.516720" lon="-121.120623">
        <ele>1880.0</ele>
        <time>2022-10-15T22:01:39Z</time>
      </trkpt>
      <trkpt lat="48.516735" lon="-121.120559">
        <ele>1880.2</ele>
        <time>2022-10-15T22:01:42Z</time>
      </trkpt>
      <trkpt lat="48.516731" lon="-121.120603">
        <ele>1880.0</ele>
        <time>2022-10-15T22:01:47Z</time>
      </trkpt>
      <trkpt lat="48.516720" lon="-121.120513">
        <ele>1888.6</ele>
        <time>2022-10-15T22:02:28Z</time>
      </trkpt>
      <trkpt lat="48.516717" lon="-121.120534">
        <ele>1888.0</ele>
        <time>2022-10-15T22:02:30Z</time>
      </trkpt>
      <trkpt lat="48.516712" lon="-121.120513">
        <ele>1890.0</ele>
        <time>2022-10-15T22:02:34Z</time>
      </trkpt>
      <trkpt lat="48.516708" lon="-121.120550">
        <ele>1890.0</ele>
        <time>2022-10-15T22:02:40Z</time>
      </trkpt>
      <trkpt lat="48.516668" lon="-121.120567">
        <ele>1890.0</ele>
        <time>2022-10-15T22:02:48Z</time>
      </trkpt>
      <trkpt lat="48.516705" lon="-121.120501">
        <ele>1885.0</ele>
        <time>2022-10-15T22:03:00Z</time>
      </trkpt>
      <trkpt lat="48.516704" lon="-121.120470">
        <ele>1885.0</ele>
        <time>2022-10-15T22:03:05Z</time>
      </trkpt>
      <trkpt lat="48.516696" lon="-121.120495">
        <ele>1884.0</ele>
        <time>2022-10-15T22:03:18Z</time>
      </trkpt>
      <trkpt lat="48.516699" lon="-121.120456">
        <ele>1869.0</ele>
        <time>2022-10-15T22:03:56Z</time>
      </trkpt>
      <trkpt lat="48.516711" lon="-121.120436">
        <ele>1875.0</ele>
        <time>2022-10-15T22:04:45Z</time>
      </trkpt>
      <trkpt lat="48.516703" lon="-121.120391">
        <ele>1878.6</ele>
        <time>2022-10-15T22:05:39Z</time>
      </trkpt>
      <trkpt lat="48.516713" lon="-121.120444">
        <ele>1878.0</ele>
        <time>2022-10-15T22:05:50Z</time>
      </trkpt>
      <trkpt lat="48.516705" lon="-121.120470">
        <ele>1881.0</ele>
        <time>2022-10-15T22:06:49Z</time>
      </trkpt>
      <trkpt lat="48.516738" lon="-121.120434">
        <ele>1887.0</ele>
        <time>2022-10-15T22:07:28Z</time>
      </trkpt>
      <trkpt lat="48.516732" lon="-121.120424">
        <ele>1891.0</ele>
        <time>2022-10-15T22:07:52Z</time>
      </trkpt>
      <trkpt lat="48.516761" lon="-121.120381">
        <ele>1891.0</ele>
        <time>2022-10-15T22:08:08Z</time>
      </trkpt>
      <trkpt lat="48.516758" lon="-121.120419">
        <ele>1892.0</ele>
        <time>2022-10-15T22:08:11Z</time>
      </trkpt>
      <trkpt lat="48.516769" lon="-121.120372">
        <ele>1894.0</ele>
        <time>2022-10-15T22:08:18Z</time>
      </trkpt>
      <trkpt lat="48.516762" lon="-121.120396">
        <ele>1898.8</ele>
        <time>2022-10-15T22:08:32Z</time>
      </trkpt>
      <trkpt lat="48.516740" lon="-121.120379">
        <ele>1897.0</ele>
        <time>2022-10-15T22:08:42Z</time>
      </trkpt>
      <trkpt lat="48.516740" lon="-121.120347">
        <ele>1898.0</ele>
        <time>2022-10-15T22:09:12Z</time>
      </trkpt>
      <trkpt lat="48.516771" lon="-121.120295">
        <ele>1898.0</ele>
        <time>2022-10-15T22:09:28Z</time>
      </trkpt>
      <trkpt lat="48.516781" lon="-121.120353">
        <ele>1899.0</ele>
        <time>2022-10-15T22:09:32Z</time>
      </trkpt>
      <trkpt lat="48.516779" lon="-121.120305">
        <ele>1900.0</ele>
        <time>2022-10-15T22:09:40Z</time>
      </trkpt>
      <trkpt lat="48.516814" lon="-121.120286">
        <ele>1899.0</ele>
        <time>2022-10-15T22:09:58Z</time>
      </trkpt>
      <trkpt lat="48.516786" lon="-121.120232">
        <ele>1899.0</ele>
        <time>2022-10-15T22:10:16Z</time>
      </trkpt>
      <trkpt lat="48.516804" lon="-121.120260">
        <ele>1892.0</ele>
        <time>2022-10-15T22:10:23Z</time>
      </trkpt>
      <trkpt lat="48.516824" lon="-121.120242">
        <ele>1897.0</ele>
        <time>2022-10-15T22:10:42Z</time>
      </trkpt>
      <trkpt lat="48.516812" lon="-121.120221">
        <ele>1903.0</ele>
        <time>2022-10-15T22:10:53Z</time>
      </trkpt>
      <trkpt lat="48.516774" lon="-121.120199">
        <ele>1904.0</ele>
        <time>2022-10-15T22:11:03Z</time>
      </trkpt>
      <trkpt lat="48.516791" lon="-121.120161">
        <ele>1906.4</ele>
        <time>2022-10-15T22:11:37Z</time>
      </trkpt>
      <trkpt lat="48.516810" lon="-121.120155">
        <ele>1904.0</ele>
        <time>2022-10-15T22:11:50Z</time>
      </trkpt>
      <trkpt lat="48.516791" lon="-121.120094">
        <ele>1905.0</ele>
        <time>2022-10-15T22:12:08Z</time>
      </trkpt>
      <trkpt lat="48.516825" lon="-121.120141">
        <ele>1908.0</ele>
        <time>2022-10-15T22:12:14Z</time>
      </trkpt>
      <trkpt lat="48.516885" lon="-121.120190">
        <ele>1908.8</ele>
        <time>2022-10-15T22:12:16Z</time>
      </trkpt>
      <trkpt lat="48.516874" lon="-121.120156">
        <ele>1908.0</ele>
        <time>2022-10-15T22:12:18Z</time>
      </trkpt>
      <trkpt lat="48.516841" lon="-121.120128">
        <ele>1908.0</ele>
        <time>2022-10-15T22:12:23Z</time>
      </trkpt>
      <trkpt lat="48.516857" lon="-121.120095">
        <ele>1911.9</ele>
        <time>2022-10-15T22:22:28Z</time>
      </trkpt>
      <trkpt lat="48.516860" lon="-121.120020">
        <ele>1908.9</ele>
        <time>2022-10-15T22:22:38Z</time>
      </trkpt>
      <trkpt lat="48.516864" lon="-121.120064">
        <ele>1909.0</ele>
        <time>2022-10-15T22:23:12Z</time>
      </trkpt>
      <trkpt lat="48.516836" lon="-121.120033">
        <ele>1912.0</ele>
        <time>2022-10-15T22:24:07Z</time>
      </trkpt>
      <trkpt lat="48.516899" lon="-121.120100">
        <ele>1910.6</ele>
        <time>2022-10-15T22:24:43Z</time>
      </trkpt>
      <trkpt lat="48.516871" lon="-121.120087">
        <ele>1908.0</ele>
        <time>2022-10-15T22:24:46Z</time>
      </trkpt>
      <trkpt lat="48.516843" lon="-121.120044">
        <ele>1910.0</ele>
        <time>2022-10-15T22:26:15Z</time>
      </trkpt>
      <trkpt lat="48.516833" lon="-121.120031">
        <ele>1911.0</ele>
        <time>2022-10-15T22:30:49Z</time>
      </trkpt>
      <trkpt lat="48.516838" lon="-121.119974">
        <ele>1913.0</ele>
        <time>2022-10-15T22:31:03Z</time>
      </trkpt>
      <trkpt lat="48.516842" lon="-121.120020">
        <ele>1909.0</ele>
        <time>2022-10-15T22:31:22Z</time>
      </trkpt>
      <trkpt lat="48.516879" lon="-121.119984">
        <ele>1910.0</ele>
        <time>2022-10-15T22:31:33Z</time>
      </trkpt>
      <trkpt lat="48.516886" lon="-121.119876">
        <ele>1910.1</ele>
        <time>2022-10-15T22:31:40Z</time>
      </trkpt>
      <trkpt lat="48.516893" lon="-121.119846">
        <ele>1902.0</ele>
        <time>2022-10-15T22:32:21Z</time>
      </trkpt>
      <trkpt lat="48.516919" lon="-121.119819">
        <ele>1906.0</ele>
        <time>2022-10-15T22:32:29Z</time>
      </trkpt>
      <trkpt lat="48.516879" lon="-121.119706">
        <ele>1901.0</ele>
        <time>2022-10-15T22:32:49Z</time>
      </trkpt>
      <trkpt lat="48.516919" lon="-121.119638">
        <ele>1904.0</ele>
        <time>2022-10-15T22:33:10Z</time>
      </trkpt>
      <trkpt lat="48.516925" lon="-121.119494">
        <ele>1895.0</ele>
        <time>2022-10-15T22:33:39Z</time>
      </trkpt>
      <trkpt lat="48.516912" lon="-121.119450">
        <ele>1894.0</ele>
        <time>2022-10-15T22:33:47Z</time>
      </trkpt>
      <trkpt lat="48.516923" lon="-121.119375">
        <ele>1892.0</ele>
        <time>2022-10-15T22:34:11Z</time>
      </trkpt>
      <trkpt lat="48.516904" lon="-121.119254">
        <ele>1889.0</ele>
        <time>2022-10-15T22:35:00Z</time>
      </trkpt>
      <trkpt lat="48.516906" lon="-121.119093">
        <ele>1884.0</ele>
        <time>2022-10-15T22:35:47Z</time>
      </trkpt>
      <trkpt lat="48.516881" lon="-121.118981">
        <ele>1876.0</ele>
        <time>2022-10-15T22:36:09Z</time>
      </trkpt>
      <trkpt lat="48.516813" lon="-121.118915">
        <ele>1875.0</ele>
        <time>2022-10-15T22:36:52Z</time>
      </trkpt>
      <trkpt lat="48.516674" lon="-121.118885">
        <ele>1869.0</ele>
        <time>2022-10-15T22:37:48Z</time>
      </trkpt>
      <trkpt lat="48.516641" lon="-121.118855">
        <ele>1865.0</ele>
        <time>2022-10-15T22:37:59Z</time>
      </trkpt>
      <trkpt lat="48.516634" lon="-121.118805">
        <ele>1862.0</ele>
        <time>2022-10-15T22:38:10Z</time>
      </trkpt>
      <trkpt lat="48.516600" lon="-121.118809">
        <ele>1864.0</ele>
        <time>2022-10-15T22:38:18Z</time>
      </trkpt>
      <trkpt lat="48.516542" lon="-121.118733">
        <ele>1861.0</ele>
        <time>2022-10-15T22:38:27Z</time>
      </trkpt>
      <trkpt lat="48.516513" lon="-121.118722">
        <ele>1856.0</ele>
        <time>2022-10-15T22:38:33Z</time>
      </trkpt>
      <trkpt lat="48.516485" lon="-121.118783">
        <ele>1855.0</ele>
        <time>2022-10-15T22:38:48Z</time>
      </trkpt>
      <trkpt lat="48.516424" lon="-121.118833">
        <ele>1855.0</ele>
        <time>2022-10-15T22:38:57Z</time>
      </trkpt>
      <trkpt lat="48.516302" lon="-121.118728">
        <ele>1852.0</ele>
        <time>2022-10-15T22:39:20Z</time>
      </trkpt>
      <trkpt lat="48.516285" lon="-121.118687">
        <ele>1850.0</ele>
        <time>2022-10-15T22:39:26Z</time>
      </trkpt>
      <trkpt lat="48.516137" lon="-121.118589">
        <ele>1845.0</ele>
        <time>2022-10-15T22:39:58Z</time>
      </trkpt>
      <trkpt lat="48.516115" lon="-121.118629">
        <ele>1841.0</ele>
        <time>2022-10-15T22:40:07Z</time>
      </trkpt>
      <trkpt lat="48.516082" lon="-121.118576">
        <ele>1842.0</ele>
        <time>2022-10-15T22:40:16Z</time>
      </trkpt>
      <trkpt lat="48.516070" lon="-121.118536">
        <ele>1842.0</ele>
        <time>2022-10-15T22:40:19Z</time>
      </trkpt>
      <trkpt lat="48.515985" lon="-121.118489">
        <ele>1839.0</ele>
        <time>2022-10-15T22:40:31Z</time>
      </trkpt>
      <trkpt lat="48.515933" lon="-121.118407">
        <ele>1839.0</ele>
        <time>2022-10-15T22:40:38Z</time>
      </trkpt>
      <trkpt lat="48.515831" lon="-121.118327">
        <ele>1837.6</ele>
        <time>2022-10-15T22:40:54Z</time>
      </trkpt>
      <trkpt lat="48.515821" lon="-121.118350">
        <ele>1833.0</ele>
        <time>2022-10-15T22:41:01Z</time>
      </trkpt>
      <trkpt lat="48.515740" lon="-121.118331">
        <ele>1832.0</ele>
        <time>2022-10-15T22:41:17Z</time>
      </trkpt>
      <trkpt lat="48.515672" lon="-121.118252">
        <ele>1828.0</ele>
        <time>2022-10-15T22:41:37Z</time>
      </trkpt>
      <trkpt lat="48.515622" lon="-121.118281">
        <ele>1825.0</ele>
        <time>2022-10-15T22:41:46Z</time>
      </trkpt>
      <trkpt lat="48.515564" lon="-121.118240">
        <ele>1820.0</ele>
        <time>2022-10-15T22:42:25Z</time>
      </trkpt>
      <trkpt lat="48.515549" lon="-121.118204">
        <ele>1820.0</ele>
        <time>2022-10-15T22:42:49Z</time>
      </trkpt>
      <trkpt lat="48.515518" lon="-121.118185">
        <ele>1821.0</ele>
        <time>2022-10-15T22:42:54Z</time>
      </trkpt>
      <trkpt lat="48.515550" lon="-121.118188">
        <ele>1818.0</ele>
        <time>2022-10-15T22:43:19Z</time>
      </trkpt>
      <trkpt lat="48.515566" lon="-121.118164">
        <ele>1812.0</ele>
        <time>2022-10-15T22:43:46Z</time>
      </trkpt>
      <trkpt lat="48.515584" lon="-121.118186">
        <ele>1820.0</ele>
        <time>2022-10-15T22:44:07Z</time>
      </trkpt>
      <trkpt lat="48.515586" lon="-121.118220">
        <ele>1822.3</ele>
        <time>2022-10-15T22:44:32Z</time>
      </trkpt>
      <trkpt lat="48.515545" lon="-121.118197">
        <ele>1818.0</ele>
        <time>2022-10-15T22:44:38Z</time>
      </trkpt>
      <trkpt lat="48.515578" lon="-121.118151">
        <ele>1824.8</ele>
        <time>2022-10-15T22:44:43Z</time>
      </trkpt>
      <trkpt lat="48.515542" lon="-121.118155">
        <ele>1815.0</ele>
        <time>2022-10-15T22:44:49Z</time>
      </trkpt>
      <trkpt lat="48.515588" lon="-121.118180">
        <ele>1819.0</ele>
        <time>2022-10-15T22:44:57Z</time>
      </trkpt>
      <trkpt lat="48.515556" lon="-121.118225">
        <ele>1814.0</ele>
        <time>2022-10-15T23:04:58Z</time>
      </trkpt>
      <trkpt lat="48.515491" lon="-121.118285">
        <ele>1819.0</ele>
        <time>2022-10-15T23:07:01Z</time>
      </trkpt>
      <trkpt lat="48.515391" lon="-121.118323">
        <ele>1816.0</ele>
        <time>2022-10-15T23:07:17Z</time>
      </trkpt>
      <trkpt lat="48.515320" lon="-121.118272">
        <ele>1815.0</ele>
        <time>2022-10-15T23:07:29Z</time>
      </trkpt>
      <trkpt lat="48.515271" lon="-121.118315">
        <ele>1812.0</ele>
        <time>2022-10-15T23:07:38Z</time>
      </trkpt>
      <trkpt lat="48.515233" lon="-121.118292">
        <ele>1812.0</ele>
        <time>2022-10-15T23:07:43Z</time>
      </trkpt>
      <trkpt lat="48.515156" lon="-121.118345">
        <ele>1808.0</ele>
        <time>2022-10-15T23:07:57Z</time>
      </trkpt>
      <trkpt lat="48.515121" lon="-121.118307">
        <ele>1805.0</ele>
        <time>2022-10-15T23:08:02Z</time>
      </trkpt>
      <trkpt lat="48.515092" lon="-121.118329">
        <ele>1806.0</ele>
        <time>2022-10-15T23:08:06Z</time>
      </trkpt>
      <trkpt lat="48.515060" lon="-121.118323">
        <ele>1804.0</ele>
        <time>2022-10-15T23:08:10Z</time>
      </trkpt>
      <trkpt lat="48.515030" lon="-121.118331">
        <ele>1803.0</ele>
        <time>2022-10-15T23:08:13Z</time>
      </trkpt>
      <trkpt lat="48.514957" lon="-121.118376">
        <ele>1800.0</ele>
        <time>2022-10-15T23:08:25Z</time>
      </trkpt>
      <trkpt lat="48.514924" lon="-121.118358">
        <ele>1795.0</ele>
        <time>2022-10-15T23:08:31Z</time>
      </trkpt>
      <trkpt lat="48.514828" lon="-121.118488">
        <ele>1790.0</ele>
        <time>2022-10-15T23:08:49Z</time>
      </trkpt>
      <trkpt lat="48.514807" lon="-121.118464">
        <ele>1785.0</ele>
        <time>2022-10-15T23:08:56Z</time>
      </trkpt>
      <trkpt lat="48.514782" lon="-121.118478">
        <ele>1787.0</ele>
        <time>2022-10-15T23:09:07Z</time>
      </trkpt>
      <trkpt lat="48.514729" lon="-121.118548">
        <ele>1782.0</ele>
        <time>2022-10-15T23:09:20Z</time>
      </trkpt>
      <trkpt lat="48.514664" lon="-121.118520">
        <ele>1780.0</ele>
        <time>2022-10-15T23:09:38Z</time>
      </trkpt>
      <trkpt lat="48.514636" lon="-121.118531">
        <ele>1780.0</ele>
        <time>2022-10-15T23:09:42Z</time>
      </trkpt>
      <trkpt lat="48.514600" lon="-121.118477">
        <ele>1779.0</ele>
        <time>2022-10-15T23:09:48Z</time>
      </trkpt>
      <trkpt lat="48.514530" lon="-121.118433">
        <ele>1776.0</ele>
        <time>2022-10-15T23:09:55Z</time>
      </trkpt>
      <trkpt lat="48.514469" lon="-121.118459">
        <ele>1772.0</ele>
        <time>2022-10-15T23:10:03Z</time>
      </trkpt>
      <trkpt lat="48.514436" lon="-121.118458">
        <ele>1773.0</ele>
        <time>2022-10-15T23:10:07Z</time>
      </trkpt>
      <trkpt lat="48.514373" lon="-121.118371">
        <ele>1772.0</ele>
        <time>2022-10-15T23:10:15Z</time>
      </trkpt>
      <trkpt lat="48.514343" lon="-121.118362">
        <ele>1774.0</ele>
        <time>2022-10-15T23:10:17Z</time>
      </trkpt>
      <trkpt lat="48.514286" lon="-121.118407">
        <ele>1773.0</ele>
        <time>2022-10-15T23:10:21Z</time>
      </trkpt>
      <trkpt lat="48.514244" lon="-121.118356">
        <ele>1772.0</ele>
        <time>2022-10-15T23:10:26Z</time>
      </trkpt>
      <trkpt lat="48.514195" lon="-121.118317">
        <ele>1768.0</ele>
        <time>2022-10-15T23:10:34Z</time>
      </trkpt>
      <trkpt lat="48.514165" lon="-121.118354">
        <ele>1767.0</ele>
        <time>2022-10-15T23:10:37Z</time>
      </trkpt>
      <trkpt lat="48.514106" lon="-121.118335">
        <ele>1764.0</ele>
        <time>2022-10-15T23:10:45Z</time>
      </trkpt>
      <trkpt lat="48.514106" lon="-121.118242">
        <ele>1764.0</ele>
        <time>2022-10-15T23:10:52Z</time>
      </trkpt>
      <trkpt lat="48.514065" lon="-121.118140">
        <ele>1762.0</ele>
        <time>2022-10-15T23:11:02Z</time>
      </trkpt>
      <trkpt lat="48.514018" lon="-121.118159">
        <ele>1760.0</ele>
        <time>2022-10-15T23:11:08Z</time>
      </trkpt>
      <trkpt lat="48.513982" lon="-121.118137">
        <ele>1762.0</ele>
        <time>2022-10-15T23:11:15Z</time>
      </trkpt>
      <trkpt lat="48.513922" lon="-121.117970">
        <ele>1761.0</ele>
        <time>2022-10-15T23:11:31Z</time>
      </trkpt>
      <trkpt lat="48.513902" lon="-121.117874">
        <ele>1759.0</ele>
        <time>2022-10-15T23:11:37Z</time>
      </trkpt>
      <trkpt lat="48.513898" lon="-121.117781">
        <ele>1760.0</ele>
        <time>2022-10-15T23:11:43Z</time>
      </trkpt>
      <trkpt lat="48.513911" lon="-121.117689">
        <ele>1760.0</ele>
        <time>2022-10-15T23:11:49Z</time>
      </trkpt>
      <trkpt lat="48.513878" lon="-121.117854">
        <ele>1765.0</ele>
        <time>2022-10-15T23:11:57Z</time>
      </trkpt>
      <trkpt lat="48.513885" lon="-121.117938">
        <ele>1766.0</ele>
        <time>2022-10-15T23:12:01Z</time>
      </trkpt>
      <trkpt lat="48.513912" lon="-121.118011">
        <ele>1763.0</ele>
        <time>2022-10-15T23:12:05Z</time>
      </trkpt>
      <trkpt lat="48.513937" lon="-121.118148">
        <ele>1760.0</ele>
        <time>2022-10-15T23:12:14Z</time>
      </trkpt>
      <trkpt lat="48.513924" lon="-121.118197">
        <ele>1760.0</ele>
        <time>2022-10-15T23:12:19Z</time>
      </trkpt>
      <trkpt lat="48.513875" lon="-121.118172">
        <ele>1760.0</ele>
        <time>2022-10-15T23:12:26Z</time>
      </trkpt>
      <trkpt lat="48.513817" lon="-121.118254">
        <ele>1758.0</ele>
        <time>2022-10-15T23:12:43Z</time>
      </trkpt>
      <trkpt lat="48.513802" lon="-121.118290">
        <ele>1758.0</ele>
        <time>2022-10-15T23:12:46Z</time>
      </trkpt>
      <trkpt lat="48.513777" lon="-121.118307">
        <ele>1755.0</ele>
        <time>2022-10-15T23:12:50Z</time>
      </trkpt>
      <trkpt lat="48.513739" lon="-121.118383">
        <ele>1754.0</ele>
        <time>2022-10-15T23:12:56Z</time>
      </trkpt>
      <trkpt lat="48.513710" lon="-121.118412">
        <ele>1755.0</ele>
        <time>2022-10-15T23:12:58Z</time>
      </trkpt>
      <trkpt lat="48.513664" lon="-121.118397">
        <ele>1754.0</ele>
        <time>2022-10-15T23:13:02Z</time>
      </trkpt>
      <trkpt lat="48.513646" lon="-121.118442">
        <ele>1757.0</ele>
        <time>2022-10-15T23:13:06Z</time>
      </trkpt>
      <trkpt lat="48.513622" lon="-121.118429">
        <ele>1753.0</ele>
        <time>2022-10-15T23:13:15Z</time>
      </trkpt>
      <trkpt lat="48.513581" lon="-121.118471">
        <ele>1749.0</ele>
        <time>2022-10-15T23:13:22Z</time>
      </trkpt>
      <trkpt lat="48.513546" lon="-121.118423">
        <ele>1750.0</ele>
        <time>2022-10-15T23:13:26Z</time>
      </trkpt>
      <trkpt lat="48.513548" lon="-121.118380">
        <ele>1740.0</ele>
        <time>2022-10-15T23:13:32Z</time>
      </trkpt>
      <trkpt lat="48.513474" lon="-121.118352">
        <ele>1736.0</ele>
        <time>2022-10-15T23:13:42Z</time>
      </trkpt>
      <trkpt lat="48.513442" lon="-121.118354">
        <ele>1737.0</ele>
        <time>2022-10-15T23:13:45Z</time>
      </trkpt>
      <trkpt lat="48.513413" lon="-121.118397">
        <ele>1737.0</ele>
        <time>2022-10-15T23:13:49Z</time>
      </trkpt>
      <trkpt lat="48.513355" lon="-121.118434">
        <ele>1740.0</ele>
        <time>2022-10-15T23:13:55Z</time>
      </trkpt>
      <trkpt lat="48.513305" lon="-121.118290">
        <ele>1737.0</ele>
        <time>2022-10-15T23:14:03Z</time>
      </trkpt>
      <trkpt lat="48.513280" lon="-121.118322">
        <ele>1734.0</ele>
        <time>2022-10-15T23:14:06Z</time>
      </trkpt>
      <trkpt lat="48.513270" lon="-121.118369">
        <ele>1734.0</ele>
        <time>2022-10-15T23:14:08Z</time>
      </trkpt>
      <trkpt lat="48.513219" lon="-121.118375">
        <ele>1736.0</ele>
        <time>2022-10-15T23:14:12Z</time>
      </trkpt>
      <trkpt lat="48.513208" lon="-121.118256">
        <ele>1737.0</ele>
        <time>2022-10-15T23:14:18Z</time>
      </trkpt>
      <trkpt lat="48.513232" lon="-121.118191">
        <ele>1736.0</ele>
        <time>2022-10-15T23:14:22Z</time>
      </trkpt>
      <trkpt lat="48.513208" lon="-121.118113">
        <ele>1737.0</ele>
        <time>2022-10-15T23:14:27Z</time>
      </trkpt>
      <trkpt lat="48.513147" lon="-121.118093">
        <ele>1736.0</ele>
        <time>2022-10-15T23:14:34Z</time>
      </trkpt>
      <trkpt lat="48.513123" lon="-121.118068">
        <ele>1736.0</ele>
        <time>2022-10-15T23:14:38Z</time>
      </trkpt>
      <trkpt lat="48.513091" lon="-121.118079">
        <ele>1735.0</ele>
        <time>2022-10-15T23:14:42Z</time>
      </trkpt>
      <trkpt lat="48.513067" lon="-121.118060">
        <ele>1734.0</ele>
        <time>2022-10-15T23:14:45Z</time>
      </trkpt>
      <trkpt lat="48.513048" lon="-121.118022">
        <ele>1732.0</ele>
        <time>2022-10-15T23:14:49Z</time>
      </trkpt>
      <trkpt lat="48.513013" lon="-121.118044">
        <ele>1716.0</ele>
        <time>2022-10-15T23:14:59Z</time>
      </trkpt>
      <trkpt lat="48.512954" lon="-121.117948">
        <ele>1716.0</ele>
        <time>2022-10-15T23:15:12Z</time>
      </trkpt>
      <trkpt lat="48.512929" lon="-121.117927">
        <ele>1715.0</ele>
        <time>2022-10-15T23:15:15Z</time>
      </trkpt>
      <trkpt lat="48.512895" lon="-121.117932">
        <ele>1714.0</ele>
        <time>2022-10-15T23:15:17Z</time>
      </trkpt>
      <trkpt lat="48.512866" lon="-121.117919">
        <ele>1713.0</ele>
        <time>2022-10-15T23:15:20Z</time>
      </trkpt>
      <trkpt lat="48.512826" lon="-121.117921">
        <ele>1714.0</ele>
        <time>2022-10-15T23:15:23Z</time>
      </trkpt>
      <trkpt lat="48.512802" lon="-121.117879">
        <ele>1716.0</ele>
        <time>2022-10-15T23:15:26Z</time>
      </trkpt>
      <trkpt lat="48.512772" lon="-121.117871">
        <ele>1714.0</ele>
        <time>2022-10-15T23:15:28Z</time>
      </trkpt>
      <trkpt lat="48.512719" lon="-121.117908">
        <ele>1715.0</ele>
        <time>2022-10-15T23:15:33Z</time>
      </trkpt>
      <trkpt lat="48.512638" lon="-121.117791">
        <ele>1708.0</ele>
        <time>2022-10-15T23:15:47Z</time>
      </trkpt>
      <trkpt lat="48.512579" lon="-121.117840">
        <ele>1703.0</ele>
        <time>2022-10-15T23:15:58Z</time>
      </trkpt>
      <trkpt lat="48.512550" lon="-121.117779">
        <ele>1701.0</ele>
        <time>2022-10-15T23:16:08Z</time>
      </trkpt>
      <trkpt lat="48.512523" lon="-121.117670">
        <ele>1700.0</ele>
        <time>2022-10-15T23:16:16Z</time>
      </trkpt>
      <trkpt lat="48.512482" lon="-121.117720">
        <ele>1696.0</ele>
        <time>2022-10-15T23:16:22Z</time>
      </trkpt>
      <trkpt lat="48.512476" lon="-121.117664">
        <ele>1695.0</ele>
        <time>2022-10-15T23:16:28Z</time>
      </trkpt>
      <trkpt lat="48.512415" lon="-121.117518">
        <ele>1693.3</ele>
        <time>2022-10-15T23:16:44Z</time>
      </trkpt>
      <trkpt lat="48.512405" lon="-121.117536">
        <ele>1690.0</ele>
        <time>2022-10-15T23:16:47Z</time>
      </trkpt>
      <trkpt lat="48.512342" lon="-121.117579">
        <ele>1680.0</ele>
        <time>2022-10-15T23:17:01Z</time>
      </trkpt>
      <trkpt lat="48.512317" lon="-121.117543">
        <ele>1686.0</ele>
        <time>2022-10-15T23:17:07Z</time>
      </trkpt>
      <trkpt lat="48.512310" lon="-121.117585">
        <ele>1684.0</ele>
        <time>2022-10-15T23:17:10Z</time>
      </trkpt>
      <trkpt lat="48.512291" lon="-121.117614">
        <ele>1681.0</ele>
        <time>2022-10-15T23:17:16Z</time>
      </trkpt>
      <trkpt lat="48.512248" lon="-121.117635">
        <ele>1680.0</ele>
        <time>2022-10-15T23:17:24Z</time>
      </trkpt>
      <trkpt lat="48.512225" lon="-121.117604">
        <ele>1681.0</ele>
        <time>2022-10-15T23:17:27Z</time>
      </trkpt>
      <trkpt lat="48.512201" lon="-121.117516">
        <ele>1680.0</ele>
        <time>2022-10-15T23:17:35Z</time>
      </trkpt>
      <trkpt lat="48.512157" lon="-121.117498">
        <ele>1670.0</ele>
        <time>2022-10-15T23:17:48Z</time>
      </trkpt>
      <trkpt lat="48.512158" lon="-121.117411">
        <ele>1669.0</ele>
        <time>2022-10-15T23:18:06Z</time>
      </trkpt>
      <trkpt lat="48.512128" lon="-121.117441">
        <ele>1668.0</ele>
        <time>2022-10-15T23:18:15Z</time>
      </trkpt>
      <trkpt lat="48.512060" lon="-121.117436">
        <ele>1658.0</ele>
        <time>2022-10-15T23:18:37Z</time>
      </trkpt>
      <trkpt lat="48.511974" lon="-121.117489">
        <ele>1657.0</ele>
        <time>2022-10-15T23:19:00Z</time>
      </trkpt>
      <trkpt lat="48.511965" lon="-121.117536">
        <ele>1658.0</ele>
        <time>2022-10-15T23:19:02Z</time>
      </trkpt>
      <trkpt lat="48.511926" lon="-121.117572">
        <ele>1656.0</ele>
        <time>2022-10-15T23:19:09Z</time>
      </trkpt>
      <trkpt lat="48.511932" lon="-121.117604">
        <ele>1654.0</ele>
        <time>2022-10-15T23:19:18Z</time>
      </trkpt>
      <trkpt lat="48.511898" lon="-121.117642">
        <ele>1656.0</ele>
        <time>2022-10-15T23:19:31Z</time>
      </trkpt>
      <trkpt lat="48.511812" lon="-121.117824">
        <ele>1656.0</ele>
        <time>2022-10-15T23:19:46Z</time>
      </trkpt>
      <trkpt lat="48.511746" lon="-121.117846">
        <ele>1656.0</ele>
        <time>2022-10-15T23:19:56Z</time>
      </trkpt>
      <trkpt lat="48.511712" lon="-121.117896">
        <ele>1657.0</ele>
        <time>2022-10-15T23:20:05Z</time>
      </trkpt>
      <trkpt lat="48.511648" lon="-121.117888">
        <ele>1656.0</ele>
        <time>2022-10-15T23:20:14Z</time>
      </trkpt>
      <trkpt lat="48.511625" lon="-121.117803">
        <ele>1652.0</ele>
        <time>2022-10-15T23:20:26Z</time>
      </trkpt>
      <trkpt lat="48.511560" lon="-121.117847">
        <ele>1651.0</ele>
        <time>2022-10-15T23:20:36Z</time>
      </trkpt>
      <trkpt lat="48.511512" lon="-121.117912">
        <ele>1650.0</ele>
        <time>2022-10-15T23:20:42Z</time>
      </trkpt>
      <trkpt lat="48.511496" lon="-121.117956">
        <ele>1647.0</ele>
        <time>2022-10-15T23:20:48Z</time>
      </trkpt>
      <trkpt lat="48.511433" lon="-121.117825">
        <ele>1647.8</ele>
        <time>2022-10-15T23:21:00Z</time>
      </trkpt>
      <trkpt lat="48.511458" lon="-121.117899">
        <ele>1641.0</ele>
        <time>2022-10-15T23:21:09Z</time>
      </trkpt>
      <trkpt lat="48.511402" lon="-121.117902">
        <ele>1644.0</ele>
        <time>2022-10-15T23:21:37Z</time>
      </trkpt>
      <trkpt lat="48.511382" lon="-121.117883">
        <ele>1641.0</ele>
        <time>2022-10-15T23:21:49Z</time>
      </trkpt>
      <trkpt lat="48.511374" lon="-121.117835">
        <ele>1641.0</ele>
        <time>2022-10-15T23:22:08Z</time>
      </trkpt>
      <trkpt lat="48.511395" lon="-121.117741">
        <ele>1641.0</ele>
        <time>2022-10-15T23:22:26Z</time>
      </trkpt>
      <trkpt lat="48.511375" lon="-121.117721">
        <ele>1638.0</ele>
        <time>2022-10-15T23:22:33Z</time>
      </trkpt>
      <trkpt lat="48.511357" lon="-121.117683">
        <ele>1637.0</ele>
        <time>2022-10-15T23:22:51Z</time>
      </trkpt>
      <trkpt lat="48.511251" lon="-121.117773">
        <ele>1633.0</ele>
        <time>2022-10-15T23:23:09Z</time>
      </trkpt>
      <trkpt lat="48.511246" lon="-121.117819">
        <ele>1632.0</ele>
        <time>2022-10-15T23:23:17Z</time>
      </trkpt>
      <trkpt lat="48.511213" lon="-121.117775">
        <ele>1631.0</ele>
        <time>2022-10-15T23:23:29Z</time>
      </trkpt>
      <trkpt lat="48.511166" lon="-121.117736">
        <ele>1620.0</ele>
        <time>2022-10-15T23:24:17Z</time>
      </trkpt>
      <trkpt lat="48.511151" lon="-121.117755">
        <ele>1620.0</ele>
        <time>2022-10-15T23:24:35Z</time>
      </trkpt>
      <trkpt lat="48.511096" lon="-121.117713">
        <ele>1622.0</ele>
        <time>2022-10-15T23:24:56Z</time>
      </trkpt>
      <trkpt lat="48.511049" lon="-121.117790">
        <ele>1616.0</ele>
        <time>2022-10-15T23:25:12Z</time>
      </trkpt>
      <trkpt lat="48.511024" lon="-121.117711">
        <ele>1612.0</ele>
        <time>2022-10-15T23:25:22Z</time>
      </trkpt>
      <trkpt lat="48.510990" lon="-121.117784">
        <ele>1611.0</ele>
        <time>2022-10-15T23:25:33Z</time>
      </trkpt>
      <trkpt lat="48.510967" lon="-121.117811">
        <ele>1610.0</ele>
        <time>2022-10-15T23:25:41Z</time>
      </trkpt>
      <trkpt lat="48.510948" lon="-121.117756">
        <ele>1608.0</ele>
        <time>2022-10-15T23:25:50Z</time>
      </trkpt>
      <trkpt lat="48.510924" lon="-121.117824">
        <ele>1602.0</ele>
        <time>2022-10-15T23:26:02Z</time>
      </trkpt>
      <trkpt lat="48.510895" lon="-121.117796">
        <ele>1608.0</ele>
        <time>2022-10-15T23:26:09Z</time>
      </trkpt>
      <trkpt lat="48.510869" lon="-121.117741">
        <ele>1608.0</ele>
        <time>2022-10-15T23:26:18Z</time>
      </trkpt>
      <trkpt lat="48.510868" lon="-121.117634">
        <ele>1603.0</ele>
        <time>2022-10-15T23:26:38Z</time>
      </trkpt>
      <trkpt lat="48.510847" lon="-121.117582">
        <ele>1600.0</ele>
        <time>2022-10-15T23:27:01Z</time>
      </trkpt>
      <trkpt lat="48.510892" lon="-121.117494">
        <ele>1606.0</ele>
        <time>2022-10-15T23:27:10Z</time>
      </trkpt>
      <trkpt lat="48.510901" lon="-121.117560">
        <ele>1607.4</ele>
        <time>2022-10-15T23:27:18Z</time>
      </trkpt>
      <trkpt lat="48.510896" lon="-121.117462">
        <ele>1606.0</ele>
        <time>2022-10-15T23:27:25Z</time>
      </trkpt>
      <trkpt lat="48.510929" lon="-121.117422">
        <ele>1604.0</ele>
        <time>2022-10-15T23:27:29Z</time>
      </trkpt>
      <trkpt lat="48.510932" lon="-121.117406">
        <ele>1602.0</ele>
        <time>2022-10-15T23:27:35Z</time>
      </trkpt>
      <trkpt lat="48.510905" lon="-121.117417">
        <ele>1600.0</ele>
        <time>2022-10-15T23:27:42Z</time>
      </trkpt>
      <trkpt lat="48.510875" lon="-121.117412">
        <ele>1598.0</ele>
        <time>2022-10-15T23:27:46Z</time>
      </trkpt>
      <trkpt lat="48.510847" lon="-121.117445">
        <ele>1596.0</ele>
        <time>2022-10-15T23:27:51Z</time>
      </trkpt>
      <trkpt lat="48.510819" lon="-121.117530">
        <ele>1595.0</ele>
        <time>2022-10-15T23:27:58Z</time>
      </trkpt>
      <trkpt lat="48.510793" lon="-121.117469">
        <ele>1593.0</ele>
        <time>2022-10-15T23:28:08Z</time>
      </trkpt>
      <trkpt lat="48.510773" lon="-121.117536">
        <ele>1593.0</ele>
        <time>2022-10-15T23:28:17Z</time>
      </trkpt>
      <trkpt lat="48.510727" lon="-121.117593">
        <ele>1591.0</ele>
        <time>2022-10-15T23:28:26Z</time>
      </trkpt>
      <trkpt lat="48.510711" lon="-121.117538">
        <ele>1589.0</ele>
        <time>2022-10-15T23:28:34Z</time>
      </trkpt>
      <trkpt lat="48.510638" lon="-121.117605">
        <ele>1589.0</ele>
        <time>2022-10-15T23:28:45Z</time>
      </trkpt>
      <trkpt lat="48.510599" lon="-121.117680">
        <ele>1588.0</ele>
        <time>2022-10-15T23:28:54Z</time>
      </trkpt>
      <trkpt lat="48.510562" lon="-121.117883">
        <ele>1586.0</ele>
        <time>2022-10-15T23:29:08Z</time>
      </trkpt>
      <trkpt lat="48.510564" lon="-121.117926">
        <ele>1588.1</ele>
        <time>2022-10-15T23:29:11Z</time>
      </trkpt>
      <trkpt lat="48.510602" lon="-121.117877">
        <ele>1585.0</ele>
        <time>2022-10-15T23:29:15Z</time>
      </trkpt>
      <trkpt lat="48.510588" lon="-121.117922">
        <ele>1585.0</ele>
        <time>2022-10-15T23:29:19Z</time>
      </trkpt>
      <trkpt lat="48.510602" lon="-121.117951">
        <ele>1585.0</ele>
        <time>2022-10-15T23:29:24Z</time>
      </trkpt>
      <trkpt lat="48.510569" lon="-121.118132">
        <ele>1581.0</ele>
        <time>2022-10-15T23:29:58Z</time>
      </trkpt>
      <trkpt lat="48.510531" lon="-121.118193">
        <ele>1574.0</ele>
        <time>2022-10-15T23:30:23Z</time>
      </trkpt>
      <trkpt lat="48.510491" lon="-121.118200">
        <ele>1577.0</ele>
        <time>2022-10-15T23:30:48Z</time>
      </trkpt>
      <trkpt lat="48.510452" lon="-121.118194">
        <ele>1560.0</ele>
        <time>2022-10-15T23:31:10Z</time>
      </trkpt>
      <trkpt lat="48.510421" lon="-121.118129">
        <ele>1576.0</ele>
        <time>2022-10-15T23:31:38Z</time>
      </trkpt>
      <trkpt lat="48.510393" lon="-121.118137">
        <ele>1576.0</ele>
        <time>2022-10-15T23:31:43Z</time>
      </trkpt>
      <trkpt lat="48.510349" lon="-121.118065">
        <ele>1570.0</ele>
        <time>2022-10-15T23:31:56Z</time>
      </trkpt>
      <trkpt lat="48.510322" lon="-121.118088">
        <ele>1570.0</ele>
        <time>2022-10-15T23:32:06Z</time>
      </trkpt>
      <trkpt lat="48.510282" lon="-121.118016">
        <ele>1569.0</ele>
        <time>2022-10-15T23:32:17Z</time>
      </trkpt>
      <trkpt lat="48.510271" lon="-121.117958">
        <ele>1568.0</ele>
        <time>2022-10-15T23:32:25Z</time>
      </trkpt>
      <trkpt lat="48.510250" lon="-121.117943">
        <ele>1565.0</ele>
        <time>2022-10-15T23:32:30Z</time>
      </trkpt>
      <trkpt lat="48.510227" lon="-121.117971">
        <ele>1560.0</ele>
        <time>2022-10-15T23:32:41Z</time>
      </trkpt>
      <trkpt lat="48.510165" lon="-121.117995">
        <ele>1560.0</ele>
        <time>2022-10-15T23:33:09Z</time>
      </trkpt>
      <trkpt lat="48.510127" lon="-121.117991">
        <ele>1564.0</ele>
        <time>2022-10-15T23:33:18Z</time>
      </trkpt>
      <trkpt lat="48.510109" lon="-121.117930">
        <ele>1559.0</ele>
        <time>2022-10-15T23:33:53Z</time>
      </trkpt>
      <trkpt lat="48.510102" lon="-121.117984">
        <ele>1560.0</ele>
        <time>2022-10-15T23:34:08Z</time>
      </trkpt>
      <trkpt lat="48.510091" lon="-121.117945">
        <ele>1562.0</ele>
        <time>2022-10-15T23:34:14Z</time>
      </trkpt>
      <trkpt lat="48.510103" lon="-121.118025">
        <ele>1558.0</ele>
        <time>2022-10-15T23:34:55Z</time>
      </trkpt>
      <trkpt lat="48.510058" lon="-121.118066">
        <ele>1555.0</ele>
        <time>2022-10-15T23:35:25Z</time>
      </trkpt>
      <trkpt lat="48.510034" lon="-121.118071">
        <ele>1553.0</ele>
        <time>2022-10-15T23:35:40Z</time>
      </trkpt>
      <trkpt lat="48.510015" lon="-121.118115">
        <ele>1552.0</ele>
        <time>2022-10-15T23:35:56Z</time>
      </trkpt>
      <trkpt lat="48.509987" lon="-121.118142">
        <ele>1545.0</ele>
        <time>2022-10-15T23:36:26Z</time>
      </trkpt>
      <trkpt lat="48.509970" lon="-121.118174">
        <ele>1545.0</ele>
        <time>2022-10-15T23:36:47Z</time>
      </trkpt>
      <trkpt lat="48.509904" lon="-121.118212">
        <ele>1546.8</ele>
        <time>2022-10-15T23:37:18Z</time>
      </trkpt>
      <trkpt lat="48.509927" lon="-121.118185">
        <ele>1539.0</ele>
        <time>2022-10-15T23:37:23Z</time>
      </trkpt>
      <trkpt lat="48.509910" lon="-121.118171">
        <ele>1540.0</ele>
        <time>2022-10-15T23:37:29Z</time>
      </trkpt>
      <trkpt lat="48.509872" lon="-121.118218">
        <ele>1537.0</ele>
        <time>2022-10-15T23:38:02Z</time>
      </trkpt>
      <trkpt lat="48.509856" lon="-121.118157">
        <ele>1543.0</ele>
        <time>2022-10-15T23:38:21Z</time>
      </trkpt>
      <trkpt lat="48.509800" lon="-121.118178">
        <ele>1539.0</ele>
        <time>2022-10-15T23:39:16Z</time>
      </trkpt>
      <trkpt lat="48.509767" lon="-121.118156">
        <ele>1536.0</ele>
        <time>2022-10-15T23:39:35Z</time>
      </trkpt>
      <trkpt lat="48.509765" lon="-121.118118">
        <ele>1533.0</ele>
        <time>2022-10-15T23:40:03Z</time>
      </trkpt>
      <trkpt lat="48.509725" lon="-121.118109">
        <ele>1536.0</ele>
        <time>2022-10-15T23:41:37Z</time>
      </trkpt>
      <trkpt lat="48.509709" lon="-121.118084">
        <ele>1533.0</ele>
        <time>2022-10-15T23:43:30Z</time>
      </trkpt>
      <trkpt lat="48.509674" lon="-121.118070">
        <ele>1527.0</ele>
        <time>2022-10-15T23:44:02Z</time>
      </trkpt>
      <trkpt lat="48.509663" lon="-121.118096">
        <ele>1532.0</ele>
        <time>2022-10-15T23:44:17Z</time>
      </trkpt>
      <trkpt lat="48.509634" lon="-121.118116">
        <ele>1530.0</ele>
        <time>2022-10-15T23:44:52Z</time>
      </trkpt>
      <trkpt lat="48.509661" lon="-121.118120">
        <ele>1529.9</ele>
        <time>2022-10-15T23:45:02Z</time>
      </trkpt>
      <trkpt lat="48.509594" lon="-121.118108">
        <ele>1523.0</ele>
        <time>2022-10-15T23:45:25Z</time>
      </trkpt>
      <trkpt lat="48.509588" lon="-121.118068">
        <ele>1529.0</ele>
        <time>2022-10-15T23:45:38Z</time>
      </trkpt>
      <trkpt lat="48.509554" lon="-121.118051">
        <ele>1525.0</ele>
        <time>2022-10-15T23:45:50Z</time>
      </trkpt>
      <trkpt lat="48.509531" lon="-121.118119">
        <ele>1520.0</ele>
        <time>2022-10-15T23:46:04Z</time>
      </trkpt>
      <trkpt lat="48.509430" lon="-121.118138">
        <ele>1521.0</ele>
        <time>2022-10-15T23:47:30Z</time>
      </trkpt>
      <trkpt lat="48.509404" lon="-121.118155">
        <ele>1520.0</ele>
        <time>2022-10-15T23:48:08Z</time>
      </trkpt>
      <trkpt lat="48.509392" lon="-121.118200">
        <ele>1521.0</ele>
        <time>2022-10-15T23:48:26Z</time>
      </trkpt>
      <trkpt lat="48.509326" lon="-121.118219">
        <ele>1515.0</ele>
        <time>2022-10-15T23:50:00Z</time>
      </trkpt>
      <trkpt lat="48.509257" lon="-121.118368">
        <ele>1515.0</ele>
        <time>2022-10-15T23:50:51Z</time>
      </trkpt>
      <trkpt lat="48.509229" lon="-121.118381">
        <ele>1504.0</ele>
        <time>2022-10-15T23:51:06Z</time>
      </trkpt>
      <trkpt lat="48.509186" lon="-121.118431">
        <ele>1512.0</ele>
        <time>2022-10-15T23:51:49Z</time>
      </trkpt>
      <trkpt lat="48.509122" lon="-121.118522">
        <ele>1510.0</ele>
        <time>2022-10-15T23:52:33Z</time>
      </trkpt>
      <trkpt lat="48.509090" lon="-121.118606">
        <ele>1508.0</ele>
        <time>2022-10-15T23:52:53Z</time>
      </trkpt>
      <trkpt lat="48.509051" lon="-121.118616">
        <ele>1509.0</ele>
        <time>2022-10-15T23:53:03Z</time>
      </trkpt>
      <trkpt lat="48.509024" lon="-121.118682">
        <ele>1506.0</ele>
        <time>2022-10-15T23:53:16Z</time>
      </trkpt>
      <trkpt lat="48.508982" lon="-121.118706">
        <ele>1508.6</ele>
        <time>2022-10-15T23:53:23Z</time>
      </trkpt>
      <trkpt lat="48.508942" lon="-121.118668">
        <ele>1498.0</ele>
        <time>2022-10-15T23:53:42Z</time>
      </trkpt>
      <trkpt lat="48.508907" lon="-121.118598">
        <ele>1500.0</ele>
        <time>2022-10-15T23:54:07Z</time>
      </trkpt>
      <trkpt lat="48.508876" lon="-121.118623">
        <ele>1499.0</ele>
        <time>2022-10-15T23:54:20Z</time>
      </trkpt>
      <trkpt lat="48.508859" lon="-121.118559">
        <ele>1496.0</ele>
        <time>2022-10-15T23:54:48Z</time>
      </trkpt>
      <trkpt lat="48.508809" lon="-121.118601">
        <ele>1496.0</ele>
        <time>2022-10-15T23:55:02Z</time>
      </trkpt>
      <trkpt lat="48.508815" lon="-121.118580">
        <ele>1494.0</ele>
        <time>2022-10-15T23:55:08Z</time>
      </trkpt>
      <trkpt lat="48.508767" lon="-121.118592">
        <ele>1488.0</ele>
        <time>2022-10-15T23:55:23Z</time>
      </trkpt>
      <trkpt lat="48.508727" lon="-121.118554">
        <ele>1483.0</ele>
        <time>2022-10-15T23:55:51Z</time>
      </trkpt>
      <trkpt lat="48.508701" lon="-121.118505">
        <ele>1486.0</ele>
        <time>2022-10-15T23:56:08Z</time>
      </trkpt>
      <trkpt lat="48.508700" lon="-121.118553">
        <ele>1480.0</ele>
        <time>2022-10-15T23:56:15Z</time>
      </trkpt>
      <trkpt lat="48.508663" lon="-121.118542">
        <ele>1482.0</ele>
        <time>2022-10-15T23:56:38Z</time>
      </trkpt>
      <trkpt lat="48.508624" lon="-121.118424">
        <ele>1476.0</ele>
        <time>2022-10-15T23:57:15Z</time>
      </trkpt>
      <trkpt lat="48.508601" lon="-121.118450">
        <ele>1476.0</ele>
        <time>2022-10-15T23:57:26Z</time>
      </trkpt>
      <trkpt lat="48.508546" lon="-121.118455">
        <ele>1475.0</ele>
        <time>2022-10-15T23:57:46Z</time>
      </trkpt>
      <trkpt lat="48.508532" lon="-121.118487">
        <ele>1469.0</ele>
        <time>2022-10-15T23:57:53Z</time>
      </trkpt>
      <trkpt lat="48.508465" lon="-121.118494">
        <ele>1469.0</ele>
        <time>2022-10-15T23:58:16Z</time>
      </trkpt>
      <trkpt lat="48.508387" lon="-121.118487">
        <ele>1462.0</ele>
        <time>2022-10-15T23:58:45Z</time>
      </trkpt>
      <trkpt lat="48.508357" lon="-121.118496">
        <ele>1464.0</ele>
        <time>2022-10-15T23:58:58Z</time>
      </trkpt>
      <trkpt lat="48.508285" lon="-121.118463">
        <ele>1456.0</ele>
        <time>2022-10-15T23:59:27Z</time>
      </trkpt>
      <trkpt lat="48.508239" lon="-121.118493">
        <ele>1456.0</ele>
        <time>2022-10-15T23:59:46Z</time>
      </trkpt>
      <trkpt lat="48.508221" lon="-121.118428">
        <ele>1455.0</ele>
        <time>2022-10-16T00:00:00Z</time>
      </trkpt>
      <trkpt lat="48.508201" lon="-121.118470">
        <ele>1449.0</ele>
        <time>2022-10-16T00:00:08Z</time>
      </trkpt>
      <trkpt lat="48.508185" lon="-121.118416">
        <ele>1450.0</ele>
        <time>2022-10-16T00:00:18Z</time>
      </trkpt>
      <trkpt lat="48.508164" lon="-121.118438">
        <ele>1449.0</ele>
        <time>2022-10-16T00:00:24Z</time>
      </trkpt>
      <trkpt lat="48.508127" lon="-121.118438">
        <ele>1444.0</ele>
        <time>2022-10-16T00:00:37Z</time>
      </trkpt>
      <trkpt lat="48.508068" lon="-121.118323">
        <ele>1440.0</ele>
        <time>2022-10-16T00:01:04Z</time>
      </trkpt>
      <trkpt lat="48.508042" lon="-121.118343">
        <ele>1442.0</ele>
        <time>2022-10-16T00:01:29Z</time>
      </trkpt>
      <trkpt lat="48.508017" lon="-121.118303">
        <ele>1443.0</ele>
        <time>2022-10-16T00:01:48Z</time>
      </trkpt>
      <trkpt lat="48.508019" lon="-121.118337">
        <ele>1440.0</ele>
        <time>2022-10-16T00:01:53Z</time>
      </trkpt>
      <trkpt lat="48.507934" lon="-121.118508">
        <ele>1434.0</ele>
        <time>2022-10-16T00:02:27Z</time>
      </trkpt>
      <trkpt lat="48.507895" lon="-121.118534">
        <ele>1430.0</ele>
        <time>2022-10-16T00:02:44Z</time>
      </trkpt>
      <trkpt lat="48.507874" lon="-121.118481">
        <ele>1428.0</ele>
        <time>2022-10-16T00:03:00Z</time>
      </trkpt>
      <trkpt lat="48.507878" lon="-121.118427">
        <ele>1432.0</ele>
        <time>2022-10-16T00:03:17Z</time>
      </trkpt>
      <trkpt lat="48.507862" lon="-121.118435">
        <ele>1431.0</ele>
        <time>2022-10-16T00:03:21Z</time>
      </trkpt>
      <trkpt lat="48.507776" lon="-121.118275">
        <ele>1422.0</ele>
        <time>2022-10-16T00:04:05Z</time>
      </trkpt>
      <trkpt lat="48.507758" lon="-121.118258">
        <ele>1423.0</ele>
        <time>2022-10-16T00:04:17Z</time>
      </trkpt>
      <trkpt lat="48.507644" lon="-121.118406">
        <ele>1418.0</ele>
        <time>2022-10-16T00:05:27Z</time>
      </trkpt>
      <trkpt lat="48.507571" lon="-121.118457">
        <ele>1416.0</ele>
        <time>2022-10-16T00:05:53Z</time>
      </trkpt>
      <trkpt lat="48.507513" lon="-121.118611">
        <ele>1412.0</ele>
        <time>2022-10-16T00:06:41Z</time>
      </trkpt>
      <trkpt lat="48.507489" lon="-121.118593">
        <ele>1406.0</ele>
        <time>2022-10-16T00:06:52Z</time>
      </trkpt>
      <trkpt lat="48.507478" lon="-121.118512">
        <ele>1404.0</ele>
        <time>2022-10-16T00:07:19Z</time>
      </trkpt>
      <trkpt lat="48.507424" lon="-121.118504">
        <ele>1408.0</ele>
        <time>2022-10-16T00:07:27Z</time>
      </trkpt>
      <trkpt lat="48.507384" lon="-121.118474">
        <ele>1402.0</ele>
        <time>2022-10-16T00:07:53Z</time>
      </trkpt>
      <trkpt lat="48.507344" lon="-121.118495">
        <ele>1407.0</ele>
        <time>2022-10-16T00:08:13Z</time>
      </trkpt>
      <trkpt lat="48.507340" lon="-121.118532">
        <ele>1406.0</ele>
        <time>2022-10-16T00:08:18Z</time>
      </trkpt>
      <trkpt lat="48.507304" lon="-121.118493">
        <ele>1403.0</ele>
        <time>2022-10-16T00:08:39Z</time>
      </trkpt>
      <trkpt lat="48.507261" lon="-121.118533">
        <ele>1403.0</ele>
        <time>2022-10-16T00:08:57Z</time>
      </trkpt>
      <trkpt lat="48.507283" lon="-121.118594">
        <ele>1400.0</ele>
        <time>2022-10-16T00:09:11Z</time>
      </trkpt>
      <trkpt lat="48.507269" lon="-121.118626">
        <ele>1398.0</ele>
        <time>2022-10-16T00:09:26Z</time>
      </trkpt>
      <trkpt lat="48.507234" lon="-121.118596">
        <ele>1395.0</ele>
        <time>2022-10-16T00:10:01Z</time>
      </trkpt>
      <trkpt lat="48.507145" lon="-121.118625">
        <ele>1393.0</ele>
        <time>2022-10-16T00:10:53Z</time>
      </trkpt>
      <trkpt lat="48.507084" lon="-121.118666">
        <ele>1396.0</ele>
        <time>2022-10-16T00:11:21Z</time>
      </trkpt>
      <trkpt lat="48.507062" lon="-121.118622">
        <ele>1386.0</ele>
        <time>2022-10-16T00:11:46Z</time>
      </trkpt>
      <trkpt lat="48.507020" lon="-121.118572">
        <ele>1387.0</ele>
        <time>2022-10-16T00:12:11Z</time>
      </trkpt>
      <trkpt lat="48.506957" lon="-121.118590">
        <ele>1391.9</ele>
        <time>2022-10-16T00:12:27Z</time>
      </trkpt>
      <trkpt lat="48.506964" lon="-121.118609">
        <ele>1389.0</ele>
        <time>2022-10-16T00:12:29Z</time>
      </trkpt>
      <trkpt lat="48.506917" lon="-121.118702">
        <ele>1378.0</ele>
        <time>2022-10-16T00:13:39Z</time>
      </trkpt>
      <trkpt lat="48.506880" lon="-121.118648">
        <ele>1385.0</ele>
        <time>2022-10-16T00:14:07Z</time>
      </trkpt>
      <trkpt lat="48.506839" lon="-121.118626">
        <ele>1373.0</ele>
        <time>2022-10-16T00:14:20Z</time>
      </trkpt>
      <trkpt lat="48.506756" lon="-121.118694">
        <ele>1379.0</ele>
        <time>2022-10-16T00:14:56Z</time>
      </trkpt>
      <trkpt lat="48.506729" lon="-121.118651">
        <ele>1383.1</ele>
        <time>2022-10-16T00:15:02Z</time>
      </trkpt>
      <trkpt lat="48.506743" lon="-121.118631">
        <ele>1379.0</ele>
        <time>2022-10-16T00:15:03Z</time>
      </trkpt>
      <trkpt lat="48.506706" lon="-121.118622">
        <ele>1379.0</ele>
        <time>2022-10-16T00:15:09Z</time>
      </trkpt>
      <trkpt lat="48.506703" lon="-121.118570">
        <ele>1376.0</ele>
        <time>2022-10-16T00:15:15Z</time>
      </trkpt>
      <trkpt lat="48.506642" lon="-121.118623">
        <ele>1377.0</ele>
        <time>2022-10-16T00:15:31Z</time>
      </trkpt>
      <trkpt lat="48.506645" lon="-121.118708">
        <ele>1376.0</ele>
        <time>2022-10-16T00:15:47Z</time>
      </trkpt>
      <trkpt lat="48.506633" lon="-121.118750">
        <ele>1376.0</ele>
        <time>2022-10-16T00:15:54Z</time>
      </trkpt>
      <trkpt lat="48.506607" lon="-121.118737">
        <ele>1360.0</ele>
        <time>2022-10-16T00:16:21Z</time>
      </trkpt>
      <trkpt lat="48.506564" lon="-121.118771">
        <ele>1374.0</ele>
        <time>2022-10-16T00:16:39Z</time>
      </trkpt>
      <trkpt lat="48.506502" lon="-121.118841">
        <ele>1372.0</ele>
        <time>2022-10-16T00:17:01Z</time>
      </trkpt>
      <trkpt lat="48.506506" lon="-121.118903">
        <ele>1366.0</ele>
        <time>2022-10-16T00:17:20Z</time>
      </trkpt>
      <trkpt lat="48.506434" lon="-121.118914">
        <ele>1360.0</ele>
        <time>2022-10-16T00:17:53Z</time>
      </trkpt>
      <trkpt lat="48.506407" lon="-121.118929">
        <ele>1365.0</ele>
        <time>2022-10-16T00:18:00Z</time>
      </trkpt>
      <trkpt lat="48.506374" lon="-121.118907">
        <ele>1362.0</ele>
        <time>2022-10-16T00:18:10Z</time>
      </trkpt>
      <trkpt lat="48.506370" lon="-121.118856">
        <ele>1361.0</ele>
        <time>2022-10-16T00:18:21Z</time>
      </trkpt>
      <trkpt lat="48.506368" lon="-121.118884">
        <ele>1360.0</ele>
        <time>2022-10-16T00:18:36Z</time>
      </trkpt>
      <trkpt lat="48.506338" lon="-121.118884">
        <ele>1352.0</ele>
        <time>2022-10-16T00:18:58Z</time>
      </trkpt>
      <trkpt lat="48.506331" lon="-121.118854">
        <ele>1359.0</ele>
        <time>2022-10-16T00:19:09Z</time>
      </trkpt>
      <trkpt lat="48.506288" lon="-121.118830">
        <ele>1356.0</ele>
        <time>2022-10-16T00:19:21Z</time>
      </trkpt>
      <trkpt lat="48.506257" lon="-121.118740">
        <ele>1356.0</ele>
        <time>2022-10-16T00:19:28Z</time>
      </trkpt>
      <trkpt lat="48.506214" lon="-121.118862">
        <ele>1352.0</ele>
        <time>2022-10-16T00:19:46Z</time>
      </trkpt>
      <trkpt lat="48.506161" lon="-121.118870">
        <ele>1351.0</ele>
        <time>2022-10-16T00:20:00Z</time>
      </trkpt>
      <trkpt lat="48.506112" lon="-121.118896">
        <ele>1344.0</ele>
        <time>2022-10-16T00:20:20Z</time>
      </trkpt>
      <trkpt lat="48.506093" lon="-121.118966">
        <ele>1352.0</ele>
        <time>2022-10-16T00:20:47Z</time>
      </trkpt>
      <trkpt lat="48.506104" lon="-121.118989">
        <ele>1352.0</ele>
        <time>2022-10-16T00:20:53Z</time>
      </trkpt>
      <trkpt lat="48.506104" lon="-121.119036">
        <ele>1350.0</ele>
        <time>2022-10-16T00:21:01Z</time>
      </trkpt>
      <trkpt lat="48.506075" lon="-121.119110">
        <ele>1350.0</ele>
        <time>2022-10-16T00:21:38Z</time>
      </trkpt>
      <trkpt lat="48.506052" lon="-121.119121">
        <ele>1352.0</ele>
        <time>2022-10-16T00:21:52Z</time>
      </trkpt>
      <trkpt lat="48.506034" lon="-121.119086">
        <ele>1341.0</ele>
        <time>2022-10-16T00:22:05Z</time>
      </trkpt>
      <trkpt lat="48.505996" lon="-121.119079">
        <ele>1344.0</ele>
        <time>2022-10-16T00:22:32Z</time>
      </trkpt>
      <trkpt lat="48.505968" lon="-121.119129">
        <ele>1345.0</ele>
        <time>2022-10-16T00:22:51Z</time>
      </trkpt>
      <trkpt lat="48.505900" lon="-121.119180">
        <ele>1344.0</ele>
        <time>2022-10-16T00:23:19Z</time>
      </trkpt>
      <trkpt lat="48.505868" lon="-121.119221">
        <ele>1341.0</ele>
        <time>2022-10-16T00:23:32Z</time>
      </trkpt>
      <trkpt lat="48.505861" lon="-121.119289">
        <ele>1344.0</ele>
        <time>2022-10-16T00:23:43Z</time>
      </trkpt>
      <trkpt lat="48.505803" lon="-121.119327">
        <ele>1345.0</ele>
        <time>2022-10-16T00:24:14Z</time>
      </trkpt>
      <trkpt lat="48.505763" lon="-121.119419">
        <ele>1343.0</ele>
        <time>2022-10-16T00:25:03Z</time>
      </trkpt>
      <trkpt lat="48.505719" lon="-121.119427">
        <ele>1337.0</ele>
        <time>2022-10-16T00:25:27Z</time>
      </trkpt>
      <trkpt lat="48.505724" lon="-121.119490">
        <ele>1342.0</ele>
        <time>2022-10-16T00:25:47Z</time>
      </trkpt>
      <trkpt lat="48.505703" lon="-121.119492">
        <ele>1337.0</ele>
        <time>2022-10-16T00:25:56Z</time>
      </trkpt>
      <trkpt lat="48.505683" lon="-121.119451">
        <ele>1340.0</ele>
        <time>2022-10-16T00:26:14Z</time>
      </trkpt>
      <trkpt lat="48.505692" lon="-121.119413">
        <ele>1338.0</ele>
        <time>2022-10-16T00:26:18Z</time>
      </trkpt>
      <trkpt lat="48.505682" lon="-121.119375">
        <ele>1326.0</ele>
        <time>2022-10-16T00:26:28Z</time>
      </trkpt>
      <trkpt lat="48.505664" lon="-121.119391">
        <ele>1340.0</ele>
        <time>2022-10-16T00:26:40Z</time>
      </trkpt>
      <trkpt lat="48.505637" lon="-121.119449">
        <ele>1335.0</ele>
        <time>2022-10-16T00:26:57Z</time>
      </trkpt>
      <trkpt lat="48.505604" lon="-121.119415">
        <ele>1330.0</ele>
        <time>2022-10-16T00:27:08Z</time>
      </trkpt>
      <trkpt lat="48.505558" lon="-121.119468">
        <ele>1331.0</ele>
        <time>2022-10-16T00:27:27Z</time>
      </trkpt>
      <trkpt lat="48.505544" lon="-121.119521">
        <ele>1333.8</ele>
        <time>2022-10-16T00:27:31Z</time>
      </trkpt>
      <trkpt lat="48.505508" lon="-121.119453">
        <ele>1311.0</ele>
        <time>2022-10-16T00:27:43Z</time>
      </trkpt>
      <trkpt lat="48.505490" lon="-121.119486">
        <ele>1327.0</ele>
        <time>2022-10-16T00:27:59Z</time>
      </trkpt>
      <trkpt lat="48.505456" lon="-121.119471">
        <ele>1320.0</ele>
        <time>2022-10-16T00:28:12Z</time>
      </trkpt>
      <trkpt lat="48.505446" lon="-121.119497">
        <ele>1324.0</ele>
        <time>2022-10-16T00:28:20Z</time>
      </trkpt>
      <trkpt lat="48.505423" lon="-121.119512">
        <ele>1323.0</ele>
        <time>2022-10-16T00:28:28Z</time>
      </trkpt>
      <trkpt lat="48.505327" lon="-121.119542">
        <ele>1312.0</ele>
        <time>2022-10-16T00:28:49Z</time>
      </trkpt>
      <trkpt lat="48.505278" lon="-121.119543">
        <ele>1313.0</ele>
        <time>2022-10-16T00:29:08Z</time>
      </trkpt>
      <trkpt lat="48.505230" lon="-121.119578">
        <ele>1316.0</ele>
        <time>2022-10-16T00:29:24Z</time>
      </trkpt>
      <trkpt lat="48.505174" lon="-121.119592">
        <ele>1315.6</ele>
        <time>2022-10-16T00:29:37Z</time>
      </trkpt>
      <trkpt lat="48.505204" lon="-121.119588">
        <ele>1315.7</ele>
        <time>2022-10-16T00:29:38Z</time>
      </trkpt>
      <trkpt lat="48.505178" lon="-121.119619">
        <ele>1314.0</ele>
        <time>2022-10-16T00:29:41Z</time>
      </trkpt>
      <trkpt lat="48.505179" lon="-121.119676">
        <ele>1312.0</ele>
        <time>2022-10-16T00:29:51Z</time>
      </trkpt>
      <trkpt lat="48.505197" lon="-121.119681">
        <ele>1314.0</ele>
        <time>2022-10-16T00:29:58Z</time>
      </trkpt>
      <trkpt lat="48.505204" lon="-121.119720">
        <ele>1314.0</ele>
        <time>2022-10-16T00:30:02Z</time>
      </trkpt>
      <trkpt lat="48.505132" lon="-121.119781">
        <ele>1314.7</ele>
        <time>2022-10-16T00:30:08Z</time>
      </trkpt>
      <trkpt lat="48.505151" lon="-121.119734">
        <ele>1315.0</ele>
        <time>2022-10-16T00:30:11Z</time>
      </trkpt>
      <trkpt lat="48.505160" lon="-121.119789">
        <ele>1315.1</ele>
        <time>2022-10-16T00:30:14Z</time>
      </trkpt>
      <trkpt lat="48.505163" lon="-121.119756">
        <ele>1312.0</ele>
        <time>2022-10-16T00:30:19Z</time>
      </trkpt>
      <trkpt lat="48.505208" lon="-121.119719">
        <ele>1312.0</ele>
        <time>2022-10-16T00:30:26Z</time>
      </trkpt>
      <trkpt lat="48.505132" lon="-121.119749">
        <ele>1310.0</ele>
        <time>2022-10-16T00:30:36Z</time>
      </trkpt>
      <trkpt lat="48.505159" lon="-121.119734">
        <ele>1305.0</ele>
        <time>2022-10-16T00:30:41Z</time>
      </trkpt>
      <trkpt lat="48.505180" lon="-121.119758">
        <ele>1312.7</ele>
        <time>2022-10-16T00:30:46Z</time>
      </trkpt>
      <trkpt lat="48.505161" lon="-121.119728">
        <ele>1310.0</ele>
        <time>2022-10-16T00:30:57Z</time>
      </trkpt>
      <trkpt lat="48.505119" lon="-121.119737">
        <ele>1311.0</ele>
        <time>2022-10-16T00:31:49Z</time>
      </trkpt>
      <trkpt lat="48.505105" lon="-121.119765">
        <ele>1305.0</ele>
        <time>2022-10-16T00:34:04Z</time>
      </trkpt>
      <trkpt lat="48.505091" lon="-121.119816">
        <ele>1300.0</ele>
        <time>2022-10-16T00:35:28Z</time>
      </trkpt>
      <trkpt lat="48.505116" lon="-121.119865">
        <ele>1308.4</ele>
        <time>2022-10-16T00:35:35Z</time>
      </trkpt>
      <trkpt lat="48.505091" lon="-121.119810">
        <ele>1305.0</ele>
        <time>2022-10-16T00:35:45Z</time>
      </trkpt>
      <trkpt lat="48.505070" lon="-121.119825">
        <ele>1308.0</ele>
        <time>2022-10-16T00:35:55Z</time>
      </trkpt>
      <trkpt lat="48.505009" lon="-121.119954">
        <ele>1301.0</ele>
        <time>2022-10-16T00:36:49Z</time>
      </trkpt>
      <trkpt lat="48.504952" lon="-121.119957">
        <ele>1301.0</ele>
        <time>2022-10-16T00:37:28Z</time>
      </trkpt>
      <trkpt lat="48.504918" lon="-121.119976">
        <ele>1302.0</ele>
        <time>2022-10-16T00:37:36Z</time>
      </trkpt>
      <trkpt lat="48.504931" lon="-121.119930">
        <ele>1295.0</ele>
        <time>2022-10-16T00:38:17Z</time>
      </trkpt>
      <trkpt lat="48.504898" lon="-121.119939">
        <ele>1297.0</ele>
        <time>2022-10-16T00:39:10Z</time>
      </trkpt>
      <trkpt lat="48.504867" lon="-121.119954">
        <ele>1295.0</ele>
        <time>2022-10-16T00:39:27Z</time>
      </trkpt>
      <trkpt lat="48.504829" lon="-121.120040">
        <ele>1292.0</ele>
        <time>2022-10-16T00:40:02Z</time>
      </trkpt>
      <trkpt lat="48.504815" lon="-121.120028">
        <ele>1290.0</ele>
        <time>2022-10-16T00:40:21Z</time>
      </trkpt>
      <trkpt lat="48.504766" lon="-121.120022">
        <ele>1289.0</ele>
        <time>2022-10-16T00:40:51Z</time>
      </trkpt>
      <trkpt lat="48.504732" lon="-121.120057">
        <ele>1289.0</ele>
        <time>2022-10-16T00:41:08Z</time>
      </trkpt>
      <trkpt lat="48.504726" lon="-121.120014">
        <ele>1280.0</ele>
        <time>2022-10-16T00:41:23Z</time>
      </trkpt>
      <trkpt lat="48.504701" lon="-121.119981">
        <ele>1287.0</ele>
        <time>2022-10-16T00:41:40Z</time>
      </trkpt>
      <trkpt lat="48.504748" lon="-121.119987">
        <ele>1286.6</ele>
        <time>2022-10-16T00:41:46Z</time>
      </trkpt>
      <trkpt lat="48.504709" lon="-121.119995">
        <ele>1285.0</ele>
        <time>2022-10-16T00:41:49Z</time>
      </trkpt>
      <trkpt lat="48.504653" lon="-121.119970">
        <ele>1283.0</ele>
        <time>2022-10-16T00:42:04Z</time>
      </trkpt>
      <trkpt lat="48.504638" lon="-121.119979">
        <ele>1280.0</ele>
        <time>2022-10-16T00:42:20Z</time>
      </trkpt>
      <trkpt lat="48.504603" lon="-121.119912">
        <ele>1274.0</ele>
        <time>2022-10-16T00:42:52Z</time>
      </trkpt>
      <trkpt lat="48.504602" lon="-121.119878">
        <ele>1275.0</ele>
        <time>2022-10-16T00:43:15Z</time>
      </trkpt>
      <trkpt lat="48.504584" lon="-121.119860">
        <ele>1275.0</ele>
        <time>2022-10-16T00:43:18Z</time>
      </trkpt>
      <trkpt lat="48.504567" lon="-121.119891">
        <ele>1264.0</ele>
        <time>2022-10-16T00:44:05Z</time>
      </trkpt>
      <trkpt lat="48.504526" lon="-121.119844">
        <ele>1266.0</ele>
        <time>2022-10-16T00:44:33Z</time>
      </trkpt>
      <trkpt lat="48.504518" lon="-121.119803">
        <ele>1272.0</ele>
        <time>2022-10-16T00:44:39Z</time>
      </trkpt>
      <trkpt lat="48.504528" lon="-121.119747">
        <ele>1268.0</ele>
        <time>2022-10-16T00:44:59Z</time>
      </trkpt>
      <trkpt lat="48.504522" lon="-121.119674">
        <ele>1268.0</ele>
        <time>2022-10-16T00:45:07Z</time>
      </trkpt>
      <trkpt lat="48.504478" lon="-121.119610">
        <ele>1268.0</ele>
        <time>2022-10-16T00:45:49Z</time>
      </trkpt>
      <trkpt lat="48.504459" lon="-121.119625">
        <ele>1265.0</ele>
        <time>2022-10-16T00:46:25Z</time>
      </trkpt>
      <trkpt lat="48.504461" lon="-121.119584">
        <ele>1266.5</ele>
        <time>2022-10-16T00:46:34Z</time>
      </trkpt>
      <trkpt lat="48.504459" lon="-121.119616">
        <ele>1264.0</ele>
        <time>2022-10-16T00:46:37Z</time>
      </trkpt>
      <trkpt lat="48.504473" lon="-121.119569">
        <ele>1265.1</ele>
        <time>2022-10-16T00:46:39Z</time>
      </trkpt>
      <trkpt lat="48.504440" lon="-121.119620">
        <ele>1260.0</ele>
        <time>2022-10-16T00:46:53Z</time>
      </trkpt>
      <trkpt lat="48.504391" lon="-121.119660">
        <ele>1257.0</ele>
        <time>2022-10-16T00:47:13Z</time>
      </trkpt>
      <trkpt lat="48.504369" lon="-121.119707">
        <ele>1257.4</ele>
        <time>2022-10-16T00:47:27Z</time>
      </trkpt>
      <trkpt lat="48.504372" lon="-121.119669">
        <ele>1257.6</ele>
        <time>2022-10-16T00:47:28Z</time>
      </trkpt>
      <trkpt lat="48.504392" lon="-121.119682">
        <ele>1257.0</ele>
        <time>2022-10-16T00:47:31Z</time>
      </trkpt>
      <trkpt lat="48.504369" lon="-121.119668">
        <ele>1254.0</ele>
        <time>2022-10-16T00:47:39Z</time>
      </trkpt>
      <trkpt lat="48.504361" lon="-121.119734">
        <ele>1253.0</ele>
        <time>2022-10-16T00:48:13Z</time>
      </trkpt>
      <trkpt lat="48.504306" lon="-121.119762">
        <ele>1260.0</ele>
        <time>2022-10-16T00:49:20Z</time>
      </trkpt>
      <trkpt lat="48.504319" lon="-121.119743">
        <ele>1246.0</ele>
        <time>2022-10-16T00:49:39Z</time>
      </trkpt>
      <trkpt lat="48.504295" lon="-121.119698">
        <ele>1256.0</ele>
        <time>2022-10-16T00:49:57Z</time>
      </trkpt>
      <trkpt lat="48.504275" lon="-121.119736">
        <ele>1252.0</ele>
        <time>2022-10-16T00:50:41Z</time>
      </trkpt>
      <trkpt lat="48.504255" lon="-121.119709">
        <ele>1258.5</ele>
        <time>2022-10-16T00:50:50Z</time>
      </trkpt>
      <trkpt lat="48.504296" lon="-121.119739">
        <ele>1251.0</ele>
        <time>2022-10-16T00:51:00Z</time>
      </trkpt>
      <trkpt lat="48.504272" lon="-121.119691">
        <ele>1251.9</ele>
        <time>2022-10-16T00:51:37Z</time>
      </trkpt>
      <trkpt lat="48.504217" lon="-121.119650">
        <ele>1244.0</ele>
        <time>2022-10-16T00:52:05Z</time>
      </trkpt>
      <trkpt lat="48.504173" lon="-121.119559">
        <ele>1245.0</ele>
        <time>2022-10-16T00:52:34Z</time>
      </trkpt>
      <trkpt lat="48.504183" lon="-121.119538">
        <ele>1243.0</ele>
        <time>2022-10-16T00:52:49Z</time>
      </trkpt>
      <trkpt lat="48.504169" lon="-121.119602">
        <ele>1240.0</ele>
        <time>2022-10-16T00:53:13Z</time>
      </trkpt>
      <trkpt lat="48.504148" lon="-121.119613">
        <ele>1239.0</ele>
        <time>2022-10-16T00:53:27Z</time>
      </trkpt>
      <trkpt lat="48.504121" lon="-121.119554">
        <ele>1239.0</ele>
        <time>2022-10-16T00:54:14Z</time>
      </trkpt>
      <trkpt lat="48.504125" lon="-121.119519">
        <ele>1239.0</ele>
        <time>2022-10-16T00:54:21Z</time>
      </trkpt>
      <trkpt lat="48.504174" lon="-121.119530">
        <ele>1238.0</ele>
        <time>2022-10-16T00:54:30Z</time>
      </trkpt>
      <trkpt lat="48.504151" lon="-121.119507">
        <ele>1232.0</ele>
        <time>2022-10-16T00:54:36Z</time>
      </trkpt>
      <trkpt lat="48.504159" lon="-121.119539">
        <ele>1238.9</ele>
        <time>2022-10-16T00:54:41Z</time>
      </trkpt>
      <trkpt lat="48.504137" lon="-121.119515">
        <ele>1238.0</ele>
        <time>2022-10-16T00:54:43Z</time>
      </trkpt>
      <trkpt lat="48.504111" lon="-121.119458">
        <ele>1238.0</ele>
        <time>2022-10-16T00:54:58Z</time>
      </trkpt>
      <trkpt lat="48.504095" lon="-121.119377">
        <ele>1230.0</ele>
        <time>2022-10-16T00:55:39Z</time>
      </trkpt>
      <trkpt lat="48.504076" lon="-121.119357">
        <ele>1232.0</ele>
        <time>2022-10-16T00:55:57Z</time>
      </trkpt>
      <trkpt lat="48.504070" lon="-121.119393">
        <ele>1231.0</ele>
        <time>2022-10-16T00:56:39Z</time>
      </trkpt>
      <trkpt lat="48.504053" lon="-121.119375">
        <ele>1224.0</ele>
        <time>2022-10-16T00:56:51Z</time>
      </trkpt>
      <trkpt lat="48.504005" lon="-121.119405">
        <ele>1222.0</ele>
        <time>2022-10-16T00:57:23Z</time>
      </trkpt>
      <trkpt lat="48.503983" lon="-121.119442">
        <ele>1221.0</ele>
        <time>2022-10-16T00:57:53Z</time>
      </trkpt>
      <trkpt lat="48.503922" lon="-121.119466">
        <ele>1218.0</ele>
        <time>2022-10-16T00:58:22Z</time>
      </trkpt>
      <trkpt lat="48.503881" lon="-121.119461">
        <ele>1219.0</ele>
        <time>2022-10-16T00:59:03Z</time>
      </trkpt>
      <trkpt lat="48.503886" lon="-121.119390">
        <ele>1216.0</ele>
        <time>2022-10-16T00:59:25Z</time>
      </trkpt>
      <trkpt lat="48.503886" lon="-121.119451">
        <ele>1215.0</ele>
        <time>2022-10-16T00:59:59Z</time>
      </trkpt>
      <trkpt lat="48.503838" lon="-121.119397">
        <ele>1211.0</ele>
        <time>2022-10-16T01:00:44Z</time>
      </trkpt>
      <trkpt lat="48.503847" lon="-121.119429">
        <ele>1209.0</ele>
        <time>2022-10-16T01:01:01Z</time>
      </trkpt>
      <trkpt lat="48.503844" lon="-121.119477">
        <ele>1197.0</ele>
        <time>2022-10-16T01:01:22Z</time>
      </trkpt>
      <trkpt lat="48.503788" lon="-121.119501">
        <ele>1210.0</ele>
        <time>2022-10-16T01:01:49Z</time>
      </trkpt>
      <trkpt lat="48.503764" lon="-121.119459">
        <ele>1200.0</ele>
        <time>2022-10-16T01:02:13Z</time>
      </trkpt>
      <trkpt lat="48.503733" lon="-121.119440">
        <ele>1208.0</ele>
        <time>2022-10-16T01:02:32Z</time>
      </trkpt>
      <trkpt lat="48.503722" lon="-121.119380">
        <ele>1207.0</ele>
        <time>2022-10-16T01:02:50Z</time>
      </trkpt>
      <trkpt lat="48.503738" lon="-121.119458">
        <ele>1208.0</ele>
        <time>2022-10-16T01:03:19Z</time>
      </trkpt>
      <trkpt lat="48.503735" lon="-121.119507">
        <ele>1208.0</ele>
        <time>2022-10-16T01:03:22Z</time>
      </trkpt>
      <trkpt lat="48.503721" lon="-121.119480">
        <ele>1208.0</ele>
        <time>2022-10-16T01:03:27Z</time>
      </trkpt>
      <trkpt lat="48.503680" lon="-121.119487">
        <ele>1208.0</ele>
        <time>2022-10-16T01:03:32Z</time>
      </trkpt>
      <trkpt lat="48.503712" lon="-121.119546">
        <ele>1207.0</ele>
        <time>2022-10-16T01:03:38Z</time>
      </trkpt>
      <trkpt lat="48.503726" lon="-121.119500">
        <ele>1209.3</ele>
        <time>2022-10-16T01:03:46Z</time>
      </trkpt>
      <trkpt lat="48.503702" lon="-121.119524">
        <ele>1206.0</ele>
        <time>2022-10-16T01:03:52Z</time>
      </trkpt>
      <trkpt lat="48.503673" lon="-121.119466">
        <ele>1207.0</ele>
        <time>2022-10-16T01:04:07Z</time>
      </trkpt>
      <trkpt lat="48.503642" lon="-121.119476">
        <ele>1207.9</ele>
        <time>2022-10-16T01:04:16Z</time>
      </trkpt>
      <trkpt lat="48.503667" lon="-121.119449">
        <ele>1207.2</ele>
        <time>2022-10-16T01:04:19Z</time>
      </trkpt>
      <trkpt lat="48.503617" lon="-121.119504">
        <ele>1202.0</ele>
        <time>2022-10-16T01:04:33Z</time>
      </trkpt>
      <trkpt lat="48.503561" lon="-121.119518">
        <ele>1202.0</ele>
        <time>2022-10-16T01:05:03Z</time>
      </trkpt>
      <trkpt lat="48.503544" lon="-121.119564">
        <ele>1200.0</ele>
        <time>2022-10-16T01:05:29Z</time>
      </trkpt>
      <trkpt lat="48.503552" lon="-121.119518">
        <ele>1200.0</ele>
        <time>2022-10-16T01:05:32Z</time>
      </trkpt>
      <trkpt lat="48.503566" lon="-121.119550">
        <ele>1199.0</ele>
        <time>2022-10-16T01:05:36Z</time>
      </trkpt>
      <trkpt lat="48.503541" lon="-121.119571">
        <ele>1200.0</ele>
        <time>2022-10-16T01:05:46Z</time>
      </trkpt>
      <trkpt lat="48.503524" lon="-121.119551">
        <ele>1200.0</ele>
        <time>2022-10-16T01:05:54Z</time>
      </trkpt>
      <trkpt lat="48.503518" lon="-121.119572">
        <ele>1200.0</ele>
        <time>2022-10-16T01:06:00Z</time>
      </trkpt>
      <trkpt lat="48.503392" lon="-121.119596">
        <ele>1193.0</ele>
        <time>2022-10-16T01:07:07Z</time>
      </trkpt>
      <trkpt lat="48.503373" lon="-121.119571">
        <ele>1191.0</ele>
        <time>2022-10-16T01:07:17Z</time>
      </trkpt>
      <trkpt lat="48.503359" lon="-121.119597">
        <ele>1195.0</ele>
        <time>2022-10-16T01:07:31Z</time>
      </trkpt>
      <trkpt lat="48.503287" lon="-121.119666">
        <ele>1192.0</ele>
        <time>2022-10-16T01:08:06Z</time>
      </trkpt>
      <trkpt lat="48.503271" lon="-121.119705">
        <ele>1194.0</ele>
        <time>2022-10-16T01:08:17Z</time>
      </trkpt>
      <trkpt lat="48.503250" lon="-121.119644">
        <ele>1188.0</ele>
        <time>2022-10-16T01:08:28Z</time>
      </trkpt>
      <trkpt lat="48.503219" lon="-121.119623">
        <ele>1188.0</ele>
        <time>2022-10-16T01:08:39Z</time>
      </trkpt>
      <trkpt lat="48.503161" lon="-121.119544">
        <ele>1190.0</ele>
        <time>2022-10-16T01:09:09Z</time>
      </trkpt>
      <trkpt lat="48.503162" lon="-121.119471">
        <ele>1188.0</ele>
        <time>2022-10-16T01:09:26Z</time>
      </trkpt>
      <trkpt lat="48.503168" lon="-121.119519">
        <ele>1190.9</ele>
        <time>2022-10-16T01:09:30Z</time>
      </trkpt>
      <trkpt lat="48.503173" lon="-121.119470">
        <ele>1190.0</ele>
        <time>2022-10-16T01:09:31Z</time>
      </trkpt>
      <trkpt lat="48.503142" lon="-121.119451">
        <ele>1188.0</ele>
        <time>2022-10-16T01:09:33Z</time>
      </trkpt>
      <trkpt lat="48.503131" lon="-121.119380">
        <ele>1189.9</ele>
        <time>2022-10-16T01:09:39Z</time>
      </trkpt>
      <trkpt lat="48.503130" lon="-121.119410">
        <ele>1183.0</ele>
        <time>2022-10-16T01:09:43Z</time>
      </trkpt>
      <trkpt lat="48.503065" lon="-121.119335">
        <ele>1186.7</ele>
        <time>2022-10-16T01:09:55Z</time>
      </trkpt>
      <trkpt lat="48.503081" lon="-121.119366">
        <ele>1185.2</ele>
        <time>2022-10-16T01:09:56Z</time>
      </trkpt>
      <trkpt lat="48.503106" lon="-121.119347">
        <ele>1181.0</ele>
        <time>2022-10-16T01:10:00Z</time>
      </trkpt>
      <trkpt lat="48.503128" lon="-121.119371">
        <ele>1181.0</ele>
        <time>2022-10-16T01:10:08Z</time>
      </trkpt>
      <trkpt lat="48.503134" lon="-121.119323">
        <ele>1182.6</ele>
        <time>2022-10-16T01:10:10Z</time>
      </trkpt>
      <trkpt lat="48.503139" lon="-121.119383">
        <ele>1180.0</ele>
        <time>2022-10-16T01:10:16Z</time>
      </trkpt>
      <trkpt lat="48.503126" lon="-121.119336">
        <ele>1179.0</ele>
        <time>2022-10-16T01:10:19Z</time>
      </trkpt>
      <trkpt lat="48.503138" lon="-121.119293">
        <ele>1179.0</ele>
        <time>2022-10-16T01:10:23Z</time>
      </trkpt>
      <trkpt lat="48.503119" lon="-121.119348">
        <ele>1175.0</ele>
        <time>2022-10-16T01:10:34Z</time>
      </trkpt>
      <trkpt lat="48.503117" lon="-121.119287">
        <ele>1174.0</ele>
        <time>2022-10-16T01:10:53Z</time>
      </trkpt>
      <trkpt lat="48.503096" lon="-121.119339">
        <ele>1176.0</ele>
        <time>2022-10-16T01:11:04Z</time>
      </trkpt>
      <trkpt lat="48.503064" lon="-121.119285">
        <ele>1172.0</ele>
        <time>2022-10-16T01:11:13Z</time>
      </trkpt>
      <trkpt lat="48.503077" lon="-121.119201">
        <ele>1172.0</ele>
        <time>2022-10-16T01:11:16Z</time>
      </trkpt>
      <trkpt lat="48.503067" lon="-121.119342">
        <ele>1170.0</ele>
        <time>2022-10-16T01:11:24Z</time>
      </trkpt>
      <trkpt lat="48.503067" lon="-121.119277">
        <ele>1170.0</ele>
        <time>2022-10-16T01:11:29Z</time>
      </trkpt>
      <trkpt lat="48.503031" lon="-121.119235">
        <ele>1172.0</ele>
        <time>2022-10-16T01:11:38Z</time>
      </trkpt>
      <trkpt lat="48.503038" lon="-121.119160">
        <ele>1169.0</ele>
        <time>2022-10-16T01:11:47Z</time>
      </trkpt>
      <trkpt lat="48.503058" lon="-121.119128">
        <ele>1164.0</ele>
        <time>2022-10-16T01:11:51Z</time>
      </trkpt>
      <trkpt lat="48.503062" lon="-121.119194">
        <ele>1165.0</ele>
        <time>2022-10-16T01:11:57Z</time>
      </trkpt>
      <trkpt lat="48.503027" lon="-121.119214">
        <ele>1165.0</ele>
        <time>2022-10-16T01:12:02Z</time>
      </trkpt>
      <trkpt lat="48.502933" lon="-121.119218">
        <ele>1166.0</ele>
        <time>2022-10-16T01:12:07Z</time>
      </trkpt>
      <trkpt lat="48.502890" lon="-121.119230">
        <ele>1165.0</ele>
        <time>2022-10-16T01:12:18Z</time>
      </trkpt>
      <trkpt lat="48.502873" lon="-121.119212">
        <ele>1168.0</ele>
        <time>2022-10-16T01:12:29Z</time>
      </trkpt>
      <trkpt lat="48.502873" lon="-121.119162">
        <ele>1164.0</ele>
        <time>2022-10-16T01:12:35Z</time>
      </trkpt>
      <trkpt lat="48.502839" lon="-121.119180">
        <ele>1165.0</ele>
        <time>2022-10-16T01:12:40Z</time>
      </trkpt>
      <trkpt lat="48.502857" lon="-121.119127">
        <ele>1169.2</ele>
        <time>2022-10-16T01:12:43Z</time>
      </trkpt>
      <trkpt lat="48.502849" lon="-121.119211">
        <ele>1168.0</ele>
        <time>2022-10-16T01:12:45Z</time>
      </trkpt>
      <trkpt lat="48.502784" lon="-121.119329">
        <ele>1164.0</ele>
        <time>2022-10-16T01:12:56Z</time>
      </trkpt>
      <trkpt lat="48.502791" lon="-121.119278">
        <ele>1168.0</ele>
        <time>2022-10-16T01:13:02Z</time>
      </trkpt>
      <trkpt lat="48.502811" lon="-121.119239">
        <ele>1168.0</ele>
        <time>2022-10-16T01:13:04Z</time>
      </trkpt>
      <trkpt lat="48.502804" lon="-121.119334">
        <ele>1166.0</ele>
        <time>2022-10-16T01:13:06Z</time>
      </trkpt>
      <trkpt lat="48.502803" lon="-121.119298">
        <ele>1164.0</ele>
        <time>2022-10-16T01:13:08Z</time>
      </trkpt>
      <trkpt lat="48.502782" lon="-121.119274">
        <ele>1164.0</ele>
        <time>2022-10-16T01:13:11Z</time>
      </trkpt>
      <trkpt lat="48.502821" lon="-121.119124">
        <ele>1164.0</ele>
        <time>2022-10-16T01:13:21Z</time>
      </trkpt>
      <trkpt lat="48.502794" lon="-121.119188">
        <ele>1161.0</ele>
        <time>2022-10-16T01:13:31Z</time>
      </trkpt>
      <trkpt lat="48.502765" lon="-121.119140">
        <ele>1160.0</ele>
        <time>2022-10-16T01:13:38Z</time>
      </trkpt>
      <trkpt lat="48.502771" lon="-121.119173">
        <ele>1162.0</ele>
        <time>2022-10-16T01:13:41Z</time>
      </trkpt>
      <trkpt lat="48.502747" lon="-121.119144">
        <ele>1161.0</ele>
        <time>2022-10-16T01:13:45Z</time>
      </trkpt>
      <trkpt lat="48.502744" lon="-121.119205">
        <ele>1161.0</ele>
        <time>2022-10-16T01:13:48Z</time>
      </trkpt>
      <trkpt lat="48.502690" lon="-121.119147">
        <ele>1155.0</ele>
        <time>2022-10-16T01:13:55Z</time>
      </trkpt>
      <trkpt lat="48.502670" lon="-121.119217">
        <ele>1160.5</ele>
        <time>2022-10-16T01:13:58Z</time>
      </trkpt>
      <trkpt lat="48.502630" lon="-121.119146">
        <ele>1157.0</ele>
        <time>2022-10-16T01:14:05Z</time>
      </trkpt>
      <trkpt lat="48.502642" lon="-121.119117">
        <ele>1158.1</ele>
        <time>2022-10-16T01:14:07Z</time>
      </trkpt>
      <trkpt lat="48.502662" lon="-121.119101">
        <ele>1154.0</ele>
        <time>2022-10-16T01:14:10Z</time>
      </trkpt>
      <trkpt lat="48.502627" lon="-121.119099">
        <ele>1152.0</ele>
        <time>2022-10-16T01:14:16Z</time>
      </trkpt>
      <trkpt lat="48.502591" lon="-121.119120">
        <ele>1154.4</ele>
        <time>2022-10-16T01:14:20Z</time>
      </trkpt>
      <trkpt lat="48.502582" lon="-121.119163">
        <ele>1154.0</ele>
        <time>2022-10-16T01:14:22Z</time>
      </trkpt>
      <trkpt lat="48.502523" lon="-121.119169">
        <ele>1155.0</ele>
        <time>2022-10-16T01:14:28Z</time>
      </trkpt>
      <trkpt lat="48.502535" lon="-121.119111">
        <ele>1154.1</ele>
        <time>2022-10-16T01:14:32Z</time>
      </trkpt>
      <trkpt lat="48.502483" lon="-121.119117">
        <ele>1155.0</ele>
        <time>2022-10-16T01:14:35Z</time>
      </trkpt>
      <trkpt lat="48.502455" lon="-121.119153">
        <ele>1156.0</ele>
        <time>2022-10-16T01:14:39Z</time>
      </trkpt>
      <trkpt lat="48.502487" lon="-121.119159">
        <ele>1152.0</ele>
        <time>2022-10-16T01:14:42Z</time>
      </trkpt>
      <trkpt lat="48.502490" lon="-121.119129">
        <ele>1152.8</ele>
        <time>2022-10-16T01:14:44Z</time>
      </trkpt>
      <trkpt lat="48.502495" lon="-121.119167">
        <ele>1152.2</ele>
        <time>2022-10-16T01:14:45Z</time>
      </trkpt>
      <trkpt lat="48.502486" lon="-121.119197">
        <ele>1153.0</ele>
        <time>2022-10-16T01:14:46Z</time>
      </trkpt>
      <trkpt lat="48.502445" lon="-121.119157">
        <ele>1148.0</ele>
        <time>2022-10-16T01:14:50Z</time>
      </trkpt>
      <trkpt lat="48.502426" lon="-121.119193">
        <ele>1149.0</ele>
        <time>2022-10-16T01:14:55Z</time>
      </trkpt>
      <trkpt lat="48.502443" lon="-121.119158">
        <ele>1143.0</ele>
        <time>2022-10-16T01:15:01Z</time>
      </trkpt>
      <trkpt lat="48.502393" lon="-121.119133">
        <ele>1140.0</ele>
        <time>2022-10-16T01:15:15Z</time>
      </trkpt>
      <trkpt lat="48.502403" lon="-121.119182">
        <ele>1134.0</ele>
        <time>2022-10-16T01:15:26Z</time>
      </trkpt>
      <trkpt lat="48.502356" lon="-121.119223">
        <ele>1137.0</ele>
        <time>2022-10-16T01:15:34Z</time>
      </trkpt>
      <trkpt lat="48.502323" lon="-121.119224">
        <ele>1133.0</ele>
        <time>2022-10-16T01:15:41Z</time>
      </trkpt>
      <trkpt lat="48.502315" lon="-121.119146">
        <ele>1130.0</ele>
        <time>2022-10-16T01:15:49Z</time>
      </trkpt>
      <trkpt lat="48.502339" lon="-121.119245">
        <ele>1125.0</ele>
        <time>2022-10-16T01:16:00Z</time>
      </trkpt>
      <trkpt lat="48.502291" lon="-121.119184">
        <ele>1127.3</ele>
        <time>2022-10-16T01:16:11Z</time>
      </trkpt>
      <trkpt lat="48.502316" lon="-121.119252">
        <ele>1127.0</ele>
        <time>2022-10-16T01:16:16Z</time>
      </trkpt>
      <trkpt lat="48.502288" lon="-121.119193">
        <ele>1125.0</ele>
        <time>2022-10-16T01:16:21Z</time>
      </trkpt>
      <trkpt lat="48.502235" lon="-121.119170">
        <ele>1126.3</ele>
        <time>2022-10-16T01:16:37Z</time>
      </trkpt>
      <trkpt lat="48.502210" lon="-121.119170">
        <ele>1120.0</ele>
        <time>2022-10-16T01:16:43Z</time>
      </trkpt>
      <trkpt lat="48.502202" lon="-121.119209">
        <ele>1122.0</ele>
        <time>2022-10-16T01:16:51Z</time>
      </trkpt>
      <trkpt lat="48.502176" lon="-121.119234">
        <ele>1118.0</ele>
        <time>2022-10-16T01:16:59Z</time>
      </trkpt>
      <trkpt lat="48.502140" lon="-121.119153">
        <ele>1120.0</ele>
        <time>2022-10-16T01:17:11Z</time>
      </trkpt>
      <trkpt lat="48.502139" lon="-121.119106">
        <ele>1118.0</ele>
        <time>2022-10-16T01:17:17Z</time>
      </trkpt>
      <trkpt lat="48.502111" lon="-121.119151">
        <ele>1117.0</ele>
        <time>2022-10-16T01:17:29Z</time>
      </trkpt>
      <trkpt lat="48.502086" lon="-121.119166">
        <ele>1115.0</ele>
        <time>2022-10-16T01:17:37Z</time>
      </trkpt>
      <trkpt lat="48.502082" lon="-121.119114">
        <ele>1116.0</ele>
        <time>2022-10-16T01:17:47Z</time>
      </trkpt>
      <trkpt lat="48.502060" lon="-121.119059">
        <ele>1118.0</ele>
        <time>2022-10-16T01:17:55Z</time>
      </trkpt>
      <trkpt lat="48.502052" lon="-121.119071">
        <ele>1120.0</ele>
        <time>2022-10-16T01:18:01Z</time>
      </trkpt>
      <trkpt lat="48.502050" lon="-121.119146">
        <ele>1093.0</ele>
        <time>2022-10-16T01:18:42Z</time>
      </trkpt>
      <trkpt lat="48.502021" lon="-121.119134">
        <ele>1110.0</ele>
        <time>2022-10-16T01:19:01Z</time>
      </trkpt>
      <trkpt lat="48.502014" lon="-121.119017">
        <ele>1109.0</ele>
        <time>2022-10-16T01:19:10Z</time>
      </trkpt>
      <trkpt lat="48.501983" lon="-121.119126">
        <ele>1107.0</ele>
        <time>2022-10-16T01:19:17Z</time>
      </trkpt>
      <trkpt lat="48.501949" lon="-121.119155">
        <ele>1109.0</ele>
        <time>2022-10-16T01:19:20Z</time>
      </trkpt>
      <trkpt lat="48.501906" lon="-121.119166">
        <ele>1110.0</ele>
        <time>2022-10-16T01:19:24Z</time>
      </trkpt>
      <trkpt lat="48.501867" lon="-121.119142">
        <ele>1111.0</ele>
        <time>2022-10-16T01:19:28Z</time>
      </trkpt>
      <trkpt lat="48.501868" lon="-121.119069">
        <ele>1112.9</ele>
        <time>2022-10-16T01:19:29Z</time>
      </trkpt>
      <trkpt lat="48.501897" lon="-121.119020">
        <ele>1110.0</ele>
        <time>2022-10-16T01:19:31Z</time>
      </trkpt>
      <trkpt lat="48.501885" lon="-121.119076">
        <ele>1110.2</ele>
        <time>2022-10-16T01:19:33Z</time>
      </trkpt>
      <trkpt lat="48.501907" lon="-121.119151">
        <ele>1108.0</ele>
        <time>2022-10-16T01:19:37Z</time>
      </trkpt>
      <trkpt lat="48.501921" lon="-121.119114">
        <ele>1104.0</ele>
        <time>2022-10-16T01:19:48Z</time>
      </trkpt>
      <trkpt lat="48.501891" lon="-121.119121">
        <ele>1109.0</ele>
        <time>2022-10-16T01:19:56Z</time>
      </trkpt>
      <trkpt lat="48.501901" lon="-121.119145">
        <ele>1106.0</ele>
        <time>2022-10-16T01:19:58Z</time>
      </trkpt>
      <trkpt lat="48.501935" lon="-121.119130">
        <ele>1104.0</ele>
        <time>2022-10-16T01:20:05Z</time>
      </trkpt>
      <trkpt lat="48.501849" lon="-121.119143">
        <ele>1104.0</ele>
        <time>2022-10-16T01:20:25Z</time>
      </trkpt>
      <trkpt lat="48.501903" lon="-121.119132">
        <ele>1105.0</ele>
        <time>2022-10-16T01:20:29Z</time>
      </trkpt>
      <trkpt lat="48.501864" lon="-121.119160">
        <ele>1106.0</ele>
        <time>2022-10-16T01:20:33Z</time>
      </trkpt>
      <trkpt lat="48.501925" lon="-121.119118">
        <ele>1104.0</ele>
        <time>2022-10-16T01:20:41Z</time>
      </trkpt>
      <trkpt lat="48.501930" lon="-121.119161">
        <ele>1105.0</ele>
        <time>2022-10-16T01:20:43Z</time>
      </trkpt>
      <trkpt lat="48.501965" lon="-121.119116">
        <ele>1106.2</ele>
        <time>2022-10-16T01:20:44Z</time>
      </trkpt>
      <trkpt lat="48.501935" lon="-121.119118">
        <ele>1105.0</ele>
        <time>2022-10-16T01:20:46Z</time>
      </trkpt>
      <trkpt lat="48.501931" lon="-121.119175">
        <ele>1104.0</ele>
        <time>2022-10-16T01:20:48Z</time>
      </trkpt>
      <trkpt lat="48.501902" lon="-121.119117">
        <ele>1100.0</ele>
        <time>2022-10-16T01:20:53Z</time>
      </trkpt>
      <trkpt lat="48.501908" lon="-121.119157">
        <ele>1103.7</ele>
        <time>2022-10-16T01:20:55Z</time>
      </trkpt>
      <trkpt lat="48.501891" lon="-121.119193">
        <ele>1101.0</ele>
        <time>2022-10-16T01:20:58Z</time>
      </trkpt>
      <trkpt lat="48.501824" lon="-121.119154">
        <ele>1105.0</ele>
        <time>2022-10-16T01:21:08Z</time>
      </trkpt>
      <trkpt lat="48.501863" lon="-121.119171">
        <ele>1104.9</ele>
        <time>2022-10-16T01:21:12Z</time>
      </trkpt>
      <trkpt lat="48.501832" lon="-121.119183">
        <ele>1104.0</ele>
        <time>2022-10-16T01:21:14Z</time>
      </trkpt>
      <trkpt lat="48.501865" lon="-121.119163">
        <ele>1104.0</ele>
        <time>2022-10-16T01:21:17Z</time>
      </trkpt>
      <trkpt lat="48.501817" lon="-121.119110">
        <ele>1104.0</ele>
        <time>2022-10-16T01:21:27Z</time>
      </trkpt>
      <trkpt lat="48.501843" lon="-121.119191">
        <ele>1103.2</ele>
        <time>2022-10-16T01:21:30Z</time>
      </trkpt>
      <trkpt lat="48.501825" lon="-121.119149">
        <ele>1098.0</ele>
        <time>2022-10-16T01:21:34Z</time>
      </trkpt>
      <trkpt lat="48.501793" lon="-121.119280">
        <ele>1101.4</ele>
        <time>2022-10-16T01:21:40Z</time>
      </trkpt>
      <trkpt lat="48.501833" lon="-121.119172">
        <ele>1100.0</ele>
        <time>2022-10-16T01:21:44Z</time>
      </trkpt>
      <trkpt lat="48.501800" lon="-121.119175">
        <ele>1098.0</ele>
        <time>2022-10-16T01:21:48Z</time>
      </trkpt>
      <trkpt lat="48.501814" lon="-121.119138">
        <ele>1099.2</ele>
        <time>2022-10-16T01:21:50Z</time>
      </trkpt>
      <trkpt lat="48.501755" lon="-121.119140">
        <ele>1098.0</ele>
        <time>2022-10-16T01:21:52Z</time>
      </trkpt>
      <trkpt lat="48.501837" lon="-121.119156">
        <ele>1096.0</ele>
        <time>2022-10-16T01:22:01Z</time>
      </trkpt>
      <trkpt lat="48.501799" lon="-121.119142">
        <ele>1095.0</ele>
        <time>2022-10-16T01:22:07Z</time>
      </trkpt>
      <trkpt lat="48.501842" lon="-121.119045">
        <ele>1095.0</ele>
        <time>2022-10-16T01:22:13Z</time>
      </trkpt>
      <trkpt lat="48.501841" lon="-121.119012">
        <ele>1096.0</ele>
        <time>2022-10-16T01:22:17Z</time>
      </trkpt>
      <trkpt lat="48.501845" lon="-121.119094">
        <ele>1094.0</ele>
        <time>2022-10-16T01:22:21Z</time>
      </trkpt>
      <trkpt lat="48.501798" lon="-121.119111">
        <ele>1090.0</ele>
        <time>2022-10-16T01:22:26Z</time>
      </trkpt>
      <trkpt lat="48.501768" lon="-121.119097">
        <ele>1092.0</ele>
        <time>2022-10-16T01:22:32Z</time>
      </trkpt>
      <trkpt lat="48.501776" lon="-121.119144">
        <ele>1092.9</ele>
        <time>2022-10-16T01:22:33Z</time>
      </trkpt>
      <trkpt lat="48.501753" lon="-121.119166">
        <ele>1092.0</ele>
        <time>2022-10-16T01:22:35Z</time>
      </trkpt>
      <trkpt lat="48.501807" lon="-121.119082">
        <ele>1094.1</ele>
        <time>2022-10-16T01:22:37Z</time>
      </trkpt>
      <trkpt lat="48.501805" lon="-121.119118">
        <ele>1091.0</ele>
        <time>2022-10-16T01:22:40Z</time>
      </trkpt>
      <trkpt lat="48.501748" lon="-121.119140">
        <ele>1090.0</ele>
        <time>2022-10-16T01:22:45Z</time>
      </trkpt>
      <trkpt lat="48.501780" lon="-121.119099">
        <ele>1089.0</ele>
        <time>2022-10-16T01:22:47Z</time>
      </trkpt>
      <trkpt lat="48.501722" lon="-121.119099">
        <ele>1086.0</ele>
        <time>2022-10-16T01:22:59Z</time>
      </trkpt>
      <trkpt lat="48.501704" lon="-121.119130">
        <ele>1089.0</ele>
        <time>2022-10-16T01:23:03Z</time>
      </trkpt>
      <trkpt lat="48.501722" lon="-121.119200">
        <ele>1085.0</ele>
        <time>2022-10-16T01:23:11Z</time>
      </trkpt>
      <trkpt lat="48.501643" lon="-121.119145">
        <ele>1092.0</ele>
        <time>2022-10-16T01:23:17Z</time>
      </trkpt>
      <trkpt lat="48.501617" lon="-121.119175">
        <ele>1091.0</ele>
        <time>2022-10-16T01:23:22Z</time>
      </trkpt>
      <trkpt lat="48.501625" lon="-121.119140">
        <ele>1092.1</ele>
        <time>2022-10-16T01:23:25Z</time>
      </trkpt>
      <trkpt lat="48.501611" lon="-121.119186">
        <ele>1090.0</ele>
        <time>2022-10-16T01:23:29Z</time>
      </trkpt>
      <trkpt lat="48.501598" lon="-121.119155">
        <ele>1091.0</ele>
        <time>2022-10-16T01:23:33Z</time>
      </trkpt>
      <trkpt lat="48.501627" lon="-121.119125">
        <ele>1088.0</ele>
        <time>2022-10-16T01:23:36Z</time>
      </trkpt>
      <trkpt lat="48.501682" lon="-121.119008">
        <ele>1081.0</ele>
        <time>2022-10-16T01:23:52Z</time>
      </trkpt>
      <trkpt lat="48.501680" lon="-121.118965">
        <ele>1084.0</ele>
        <time>2022-10-16T01:23:57Z</time>
      </trkpt>
      <trkpt lat="48.501660" lon="-121.119047">
        <ele>1079.0</ele>
        <time>2022-10-16T01:24:03Z</time>
      </trkpt>
      <trkpt lat="48.501612" lon="-121.119120">
        <ele>1080.0</ele>
        <time>2022-10-16T01:24:14Z</time>
      </trkpt>
      <trkpt lat="48.501564" lon="-121.119096">
        <ele>1074.0</ele>
        <time>2022-10-16T01:24:31Z</time>
      </trkpt>
      <trkpt lat="48.501590" lon="-121.119128">
        <ele>1078.0</ele>
        <time>2022-10-16T01:24:37Z</time>
      </trkpt>
      <trkpt lat="48.501570" lon="-121.119076">
        <ele>1075.0</ele>
        <time>2022-10-16T01:24:40Z</time>
      </trkpt>
      <trkpt lat="48.501588" lon="-121.119105">
        <ele>1076.2</ele>
        <time>2022-10-16T01:24:43Z</time>
      </trkpt>
      <trkpt lat="48.501491" lon="-121.119097">
        <ele>1071.0</ele>
        <time>2022-10-16T01:24:49Z</time>
      </trkpt>
      <trkpt lat="48.501480" lon="-121.119137">
        <ele>1075.0</ele>
        <time>2022-10-16T01:24:57Z</time>
      </trkpt>
      <trkpt lat="48.501504" lon="-121.119163">
        <ele>1077.5</ele>
        <time>2022-10-16T01:25:01Z</time>
      </trkpt>
      <trkpt lat="48.501514" lon="-121.119110">
        <ele>1074.0</ele>
        <time>2022-10-16T01:25:05Z</time>
      </trkpt>
      <trkpt lat="48.501520" lon="-121.119150">
        <ele>1075.0</ele>
        <time>2022-10-16T01:25:09Z</time>
      </trkpt>
      <trkpt lat="48.501506" lon="-121.119122">
        <ele>1074.0</ele>
        <time>2022-10-16T01:25:18Z</time>
      </trkpt>
      <trkpt lat="48.501543" lon="-121.119155">
        <ele>1079.1</ele>
        <time>2022-10-16T01:25:26Z</time>
      </trkpt>
      <trkpt lat="48.501573" lon="-121.119132">
        <ele>1076.0</ele>
        <time>2022-10-16T01:25:29Z</time>
      </trkpt>
      <trkpt lat="48.501546" lon="-121.119099">
        <ele>1076.0</ele>
        <time>2022-10-16T01:25:33Z</time>
      </trkpt>
      <trkpt lat="48.501508" lon="-121.119111">
        <ele>1074.0</ele>
        <time>2022-10-16T01:25:38Z</time>
      </trkpt>
      <trkpt lat="48.501491" lon="-121.119188">
        <ele>1073.0</ele>
        <time>2022-10-16T01:25:45Z</time>
      </trkpt>
      <trkpt lat="48.501451" lon="-121.119189">
        <ele>1074.0</ele>
        <time>2022-10-16T01:25:51Z</time>
      </trkpt>
      <trkpt lat="48.501399" lon="-121.119207">
        <ele>1074.0</ele>
        <time>2022-10-16T01:25:57Z</time>
      </trkpt>
      <trkpt lat="48.501409" lon="-121.119175">
        <ele>1074.0</ele>
        <time>2022-10-16T01:26:00Z</time>
      </trkpt>
      <trkpt lat="48.501382" lon="-121.119143">
        <ele>1067.0</ele>
        <time>2022-10-16T01:26:07Z</time>
      </trkpt>
      <trkpt lat="48.501363" lon="-121.119177">
        <ele>1071.7</ele>
        <time>2022-10-16T01:26:13Z</time>
      </trkpt>
      <trkpt lat="48.501397" lon="-121.119163">
        <ele>1070.0</ele>
        <time>2022-10-16T01:26:15Z</time>
      </trkpt>
      <trkpt lat="48.501366" lon="-121.119162">
        <ele>1070.0</ele>
        <time>2022-10-16T01:26:17Z</time>
      </trkpt>
      <trkpt lat="48.501404" lon="-121.119162">
        <ele>1067.0</ele>
        <time>2022-10-16T01:26:21Z</time>
      </trkpt>
      <trkpt lat="48.501411" lon="-121.119105">
        <ele>1069.0</ele>
        <time>2022-10-16T01:26:24Z</time>
      </trkpt>
      <trkpt lat="48.501413" lon="-121.119158">
        <ele>1065.0</ele>
        <time>2022-10-16T01:26:31Z</time>
      </trkpt>
      <trkpt lat="48.501411" lon="-121.119124">
        <ele>1067.0</ele>
        <time>2022-10-16T01:26:38Z</time>
      </trkpt>
      <trkpt lat="48.501369" lon="-121.119130">
        <ele>1065.0</ele>
        <time>2022-10-16T01:26:45Z</time>
      </trkpt>
      <trkpt lat="48.501406" lon="-121.119189">
        <ele>1066.2</ele>
        <time>2022-10-16T01:26:50Z</time>
      </trkpt>
      <trkpt lat="48.501360" lon="-121.119188">
        <ele>1059.0</ele>
        <time>2022-10-16T01:26:58Z</time>
      </trkpt>
      <trkpt lat="48.501360" lon="-121.119159">
        <ele>1060.0</ele>
        <time>2022-10-16T01:27:11Z</time>
      </trkpt>
      <trkpt lat="48.501397" lon="-121.119134">
        <ele>1060.0</ele>
        <time>2022-10-16T01:27:14Z</time>
      </trkpt>
      <trkpt lat="48.501418" lon="-121.119093">
        <ele>1056.0</ele>
        <time>2022-10-16T01:27:17Z</time>
      </trkpt>
      <trkpt lat="48.501378" lon="-121.119100">
        <ele>1055.0</ele>
        <time>2022-10-16T01:27:23Z</time>
      </trkpt>
      <trkpt lat="48.501358" lon="-121.119189">
        <ele>1056.0</ele>
        <time>2022-10-16T01:27:30Z</time>
      </trkpt>
      <trkpt lat="48.501305" lon="-121.119124">
        <ele>1055.0</ele>
        <time>2022-10-16T01:27:40Z</time>
      </trkpt>
      <trkpt lat="48.501305" lon="-121.119078">
        <ele>1058.6</ele>
        <time>2022-10-16T01:27:43Z</time>
      </trkpt>
      <trkpt lat="48.501269" lon="-121.119127">
        <ele>1057.0</ele>
        <time>2022-10-16T01:27:46Z</time>
      </trkpt>
      <trkpt lat="48.501239" lon="-121.119150">
        <ele>1056.0</ele>
        <time>2022-10-16T01:27:54Z</time>
      </trkpt>
      <trkpt lat="48.501205" lon="-121.119134">
        <ele>1056.0</ele>
        <time>2022-10-16T01:27:59Z</time>
      </trkpt>
      <trkpt lat="48.501266" lon="-121.119161">
        <ele>1056.4</ele>
        <time>2022-10-16T01:28:02Z</time>
      </trkpt>
      <trkpt lat="48.501244" lon="-121.119138">
        <ele>1056.0</ele>
        <time>2022-10-16T01:28:04Z</time>
      </trkpt>
      <trkpt lat="48.501295" lon="-121.119176">
        <ele>1054.0</ele>
        <time>2022-10-16T01:28:18Z</time>
      </trkpt>
      <trkpt lat="48.501287" lon="-121.119163">
        <ele>1053.0</ele>
        <time>2022-10-16T01:28:21Z</time>
      </trkpt>
      <trkpt lat="48.501227" lon="-121.119149">
        <ele>1050.0</ele>
        <time>2022-10-16T01:28:26Z</time>
      </trkpt>
      <trkpt lat="48.501199" lon="-121.119160">
        <ele>1053.9</ele>
        <time>2022-10-16T01:28:29Z</time>
      </trkpt>
      <trkpt lat="48.501165" lon="-121.119128">
        <ele>1054.1</ele>
        <time>2022-10-16T01:28:30Z</time>
      </trkpt>
      <trkpt lat="48.501150" lon="-121.119162">
        <ele>1052.0</ele>
        <time>2022-10-16T01:28:38Z</time>
      </trkpt>
      <trkpt lat="48.501165" lon="-121.119207">
        <ele>1054.0</ele>
        <time>2022-10-16T01:28:52Z</time>
      </trkpt>
      <trkpt lat="48.501194" lon="-121.119236">
        <ele>1054.0</ele>
        <time>2022-10-16T01:28:53Z</time>
      </trkpt>
      <trkpt lat="48.501156" lon="-121.119246">
        <ele>1054.6</ele>
        <time>2022-10-16T01:28:54Z</time>
      </trkpt>
      <trkpt lat="48.501129" lon="-121.119222">
        <ele>1053.0</ele>
        <time>2022-10-16T01:28:57Z</time>
      </trkpt>
      <trkpt lat="48.501071" lon="-121.119307">
        <ele>1049.0</ele>
        <time>2022-10-16T01:29:09Z</time>
      </trkpt>
      <trkpt lat="48.501093" lon="-121.119339">
        <ele>1047.0</ele>
        <time>2022-10-16T01:29:14Z</time>
      </trkpt>
      <trkpt lat="48.501012" lon="-121.119308">
        <ele>1048.0</ele>
        <time>2022-10-16T01:29:19Z</time>
      </trkpt>
      <trkpt lat="48.501077" lon="-121.119297">
        <ele>1040.0</ele>
        <time>2022-10-16T01:29:31Z</time>
      </trkpt>
      <trkpt lat="48.501103" lon="-121.119245">
        <ele>1041.0</ele>
        <time>2022-10-16T01:29:42Z</time>
      </trkpt>
      <trkpt lat="48.501089" lon="-121.119217">
        <ele>1036.0</ele>
        <time>2022-10-16T01:29:46Z</time>
      </trkpt>
      <trkpt lat="48.501060" lon="-121.119239">
        <ele>1039.0</ele>
        <time>2022-10-16T01:29:51Z</time>
      </trkpt>
      <trkpt lat="48.501047" lon="-121.119286">
        <ele>1039.0</ele>
        <time>2022-10-16T01:29:55Z</time>
      </trkpt>
      <trkpt lat="48.501015" lon="-121.119270">
        <ele>1038.0</ele>
        <time>2022-10-16T01:30:00Z</time>
      </trkpt>
      <trkpt lat="48.500974" lon="-121.119270">
        <ele>1040.0</ele>
        <time>2022-10-16T01:30:08Z</time>
      </trkpt>
      <trkpt lat="48.500979" lon="-121.119238">
        <ele>1033.0</ele>
        <time>2022-10-16T01:30:17Z</time>
      </trkpt>
      <trkpt lat="48.500965" lon="-121.119208">
        <ele>1042.6</ele>
        <time>2022-10-16T01:30:33Z</time>
      </trkpt>
      <trkpt lat="48.500928" lon="-121.119300">
        <ele>1041.0</ele>
        <time>2022-10-16T01:30:42Z</time>
      </trkpt>
      <trkpt lat="48.500865" lon="-121.119294">
        <ele>1038.0</ele>
        <time>2022-10-16T01:30:49Z</time>
      </trkpt>
      <trkpt lat="48.500795" lon="-121.119307">
        <ele>1031.0</ele>
        <time>2022-10-16T01:31:12Z</time>
      </trkpt>
      <trkpt lat="48.500775" lon="-121.119355">
        <ele>1034.0</ele>
        <time>2022-10-16T01:31:29Z</time>
      </trkpt>
      <trkpt lat="48.500729" lon="-121.119315">
        <ele>1035.0</ele>
        <time>2022-10-16T01:31:36Z</time>
      </trkpt>
      <trkpt lat="48.500760" lon="-121.119297">
        <ele>1035.7</ele>
        <time>2022-10-16T01:31:40Z</time>
      </trkpt>
      <trkpt lat="48.500724" lon="-121.119297">
        <ele>1032.0</ele>
        <time>2022-10-16T01:31:51Z</time>
      </trkpt>
      <trkpt lat="48.500745" lon="-121.119335">
        <ele>1032.0</ele>
        <time>2022-10-16T01:32:04Z</time>
      </trkpt>
      <trkpt lat="48.500756" lon="-121.119302">
        <ele>1030.0</ele>
        <time>2022-10-16T01:32:13Z</time>
      </trkpt>
      <trkpt lat="48.500716" lon="-121.119325">
        <ele>1031.0</ele>
        <time>2022-10-16T01:32:25Z</time>
      </trkpt>
      <trkpt lat="48.500794" lon="-121.119331">
        <ele>1015.0</ele>
        <time>2022-10-16T01:32:46Z</time>
      </trkpt>
      <trkpt lat="48.500837" lon="-121.119309">
        <ele>1029.0</ele>
        <time>2022-10-16T01:33:23Z</time>
      </trkpt>
      <trkpt lat="48.500779" lon="-121.119320">
        <ele>1032.0</ele>
        <time>2022-10-16T01:34:44Z</time>
      </trkpt>
      <trkpt lat="48.500758" lon="-121.119290">
        <ele>1039.9</ele>
        <time>2022-10-16T01:35:20Z</time>
      </trkpt>
      <trkpt lat="48.500773" lon="-121.119244">
        <ele>1036.0</ele>
        <time>2022-10-16T01:35:23Z</time>
      </trkpt>
      <trkpt lat="48.500807" lon="-121.119237">
        <ele>1035.0</ele>
        <time>2022-10-16T01:35:42Z</time>
      </trkpt>
      <trkpt lat="48.500854" lon="-121.119343">
        <ele>1023.0</ele>
        <time>2022-10-16T01:36:17Z</time>
      </trkpt>
      <trkpt lat="48.500904" lon="-121.119403">
        <ele>1022.0</ele>
        <time>2022-10-16T01:37:40Z</time>
      </trkpt>
      <trkpt lat="48.500780" lon="-121.119296">
        <ele>1035.0</ele>
        <time>2022-10-16T01:40:35Z</time>
      </trkpt>
      <trkpt lat="48.500834" lon="-121.119451">
        <ele>1028.0</ele>
        <time>2022-10-16T01:42:13Z</time>
      </trkpt>
      <trkpt lat="48.500855" lon="-121.119394">
        <ele>1025.0</ele>
        <time>2022-10-16T01:42:21Z</time>
      </trkpt>
      <trkpt lat="48.500846" lon="-121.119345">
        <ele>1026.0</ele>
        <time>2022-10-16T01:42:26Z</time>
      </trkpt>
      <trkpt lat="48.500854" lon="-121.119373">
        <ele>1031.0</ele>
        <time>2022-10-16T01:42:48Z</time>
      </trkpt>
      <trkpt lat="48.500824" lon="-121.119313">
        <ele>1032.0</ele>
        <time>2022-10-16T01:42:53Z</time>
      </trkpt>
      <trkpt lat="48.500797" lon="-121.119297">
        <ele>1035.0</ele>
        <time>2022-10-16T01:42:57Z</time>
      </trkpt>
      <trkpt lat="48.500809" lon="-121.119249">
        <ele>1037.0</ele>
        <time>2022-10-16T01:42:59Z</time>
      </trkpt>
      <trkpt lat="48.500805" lon="-121.119320">
        <ele>1027.0</ele>
        <time>2022-10-16T01:43:09Z</time>
      </trkpt>
      <trkpt lat="48.500789" lon="-121.119352">
        <ele>1032.0</ele>
        <time>2022-10-16T01:43:15Z</time>
      </trkpt>
      <trkpt lat="48.500759" lon="-121.119342">
        <ele>1032.0</ele>
        <time>2022-10-16T01:44:02Z</time>
      </trkpt>
      <trkpt lat="48.500771" lon="-121.119359">
        <ele>1036.0</ele>
        <time>2022-10-16T01:44:49Z</time>
      </trkpt>
      <trkpt lat="48.500767" lon="-121.119286">
        <ele>1035.0</ele>
        <time>2022-10-16T01:45:06Z</time>
      </trkpt>
      <trkpt lat="48.500775" lon="-121.119298">
        <ele>1037.0</ele>
        <time>2022-10-16T01:45:13Z</time>
      </trkpt>
      <trkpt lat="48.500679" lon="-121.119299">
        <ele>1040.0</ele>
        <time>2022-10-16T01:45:46Z</time>
      </trkpt>
      <trkpt lat="48.500733" lon="-121.119272">
        <ele>1042.0</ele>
        <time>2022-10-16T01:45:59Z</time>
      </trkpt>
      <trkpt lat="48.500727" lon="-121.119306">
        <ele>1042.2</ele>
        <time>2022-10-16T01:46:00Z</time>
      </trkpt>
      <trkpt lat="48.500736" lon="-121.119343">
        <ele>1034.0</ele>
        <time>2022-10-16T01:46:05Z</time>
      </trkpt>
      <trkpt lat="48.500704" lon="-121.119334">
        <ele>1032.0</ele>
        <time>2022-10-16T01:46:12Z</time>
      </trkpt>
      <trkpt lat="48.500704" lon="-121.119382">
        <ele>1029.0</ele>
        <time>2022-10-16T01:46:19Z</time>
      </trkpt>
      <trkpt lat="48.500687" lon="-121.119414">
        <ele>1026.0</ele>
        <time>2022-10-16T01:46:25Z</time>
      </trkpt>
      <trkpt lat="48.500645" lon="-121.119421">
        <ele>1026.0</ele>
        <time>2022-10-16T01:46:34Z</time>
      </trkpt>
      <trkpt lat="48.500591" lon="-121.119510">
        <ele>1025.0</ele>
        <time>2022-10-16T01:46:58Z</time>
      </trkpt>
      <trkpt lat="48.500540" lon="-121.119495">
        <ele>1024.0</ele>
        <time>2022-10-16T01:47:08Z</time>
      </trkpt>
      <trkpt lat="48.500488" lon="-121.119624">
        <ele>1026.0</ele>
        <time>2022-10-16T01:47:18Z</time>
      </trkpt>
      <trkpt lat="48.500458" lon="-121.119629">
        <ele>1025.0</ele>
        <time>2022-10-16T01:47:22Z</time>
      </trkpt>
      <trkpt lat="48.500442" lon="-121.119591">
        <ele>1023.0</ele>
        <time>2022-10-16T01:47:26Z</time>
      </trkpt>
      <trkpt lat="48.500410" lon="-121.119569">
        <ele>1024.0</ele>
        <time>2022-10-16T01:47:28Z</time>
      </trkpt>
      <trkpt lat="48.500396" lon="-121.119531">
        <ele>1022.0</ele>
        <time>2022-10-16T01:47:33Z</time>
      </trkpt>
      <trkpt lat="48.500424" lon="-121.119583">
        <ele>1020.0</ele>
        <time>2022-10-16T01:47:37Z</time>
      </trkpt>
      <trkpt lat="48.500402" lon="-121.119613">
        <ele>1017.0</ele>
        <time>2022-10-16T01:47:46Z</time>
      </trkpt>
      <trkpt lat="48.500408" lon="-121.119591">
        <ele>1019.0</ele>
        <time>2022-10-16T01:47:59Z</time>
      </trkpt>
      <trkpt lat="48.500362" lon="-121.119634">
        <ele>1019.0</ele>
        <time>2022-10-16T01:48:04Z</time>
      </trkpt>
      <trkpt lat="48.500364" lon="-121.119602">
        <ele>1019.0</ele>
        <time>2022-10-16T01:48:12Z</time>
      </trkpt>
      <trkpt lat="48.500335" lon="-121.119616">
        <ele>1020.0</ele>
        <time>2022-10-16T01:48:17Z</time>
      </trkpt>
      <trkpt lat="48.500331" lon="-121.119706">
        <ele>1016.4</ele>
        <time>2022-10-16T01:48:22Z</time>
      </trkpt>
      <trkpt lat="48.500327" lon="-121.119668">
        <ele>1016.0</ele>
        <time>2022-10-16T01:48:25Z</time>
      </trkpt>
      <trkpt lat="48.500336" lon="-121.119638">
        <ele>1016.0</ele>
        <time>2022-10-16T01:48:28Z</time>
      </trkpt>
      <trkpt lat="48.500299" lon="-121.119603">
        <ele>1016.0</ele>
        <time>2022-10-16T01:48:31Z</time>
      </trkpt>
      <trkpt lat="48.500317" lon="-121.119560">
        <ele>1015.0</ele>
        <time>2022-10-16T01:48:34Z</time>
      </trkpt>
      <trkpt lat="48.500310" lon="-121.119622">
        <ele>1012.0</ele>
        <time>2022-10-16T01:48:44Z</time>
      </trkpt>
      <trkpt lat="48.500276" lon="-121.119657">
        <ele>1009.0</ele>
        <time>2022-10-16T01:48:53Z</time>
      </trkpt>
      <trkpt lat="48.500240" lon="-121.119633">
        <ele>1014.0</ele>
        <time>2022-10-16T01:49:04Z</time>
      </trkpt>
      <trkpt lat="48.500224" lon="-121.119724">
        <ele>1013.1</ele>
        <time>2022-10-16T01:49:08Z</time>
      </trkpt>
      <trkpt lat="48.500237" lon="-121.119761">
        <ele>1012.4</ele>
        <time>2022-10-16T01:49:10Z</time>
      </trkpt>
      <trkpt lat="48.500234" lon="-121.119710">
        <ele>1012.3</ele>
        <time>2022-10-16T01:49:11Z</time>
      </trkpt>
      <trkpt lat="48.500265" lon="-121.119659">
        <ele>1008.0</ele>
        <time>2022-10-16T01:49:18Z</time>
      </trkpt>
      <trkpt lat="48.500254" lon="-121.119622">
        <ele>1010.0</ele>
        <time>2022-10-16T01:49:25Z</time>
      </trkpt>
      <trkpt lat="48.500211" lon="-121.119619">
        <ele>1008.0</ele>
        <time>2022-10-16T01:49:28Z</time>
      </trkpt>
      <trkpt lat="48.500185" lon="-121.119638">
        <ele>1008.0</ele>
        <time>2022-10-16T01:49:36Z</time>
      </trkpt>
      <trkpt lat="48.500179" lon="-121.119671">
        <ele>1005.0</ele>
        <time>2022-10-16T01:49:44Z</time>
      </trkpt>
      <trkpt lat="48.500134" lon="-121.119631">
        <ele>1002.0</ele>
        <time>2022-10-16T01:49:50Z</time>
      </trkpt>
      <trkpt lat="48.500161" lon="-121.119663">
        <ele>1006.6</ele>
        <time>2022-10-16T01:49:54Z</time>
      </trkpt>
      <trkpt lat="48.500135" lon="-121.119693">
        <ele>1000.0</ele>
        <time>2022-10-16T01:49:58Z</time>
      </trkpt>
      <trkpt lat="48.500090" lon="-121.119718">
        <ele>1002.0</ele>
        <time>2022-10-16T01:50:02Z</time>
      </trkpt>
      <trkpt lat="48.500093" lon="-121.119649">
        <ele>1001.0</ele>
        <time>2022-10-16T01:50:08Z</time>
      </trkpt>
      <trkpt lat="48.500076" lon="-121.119615">
        <ele>1002.0</ele>
        <time>2022-10-16T01:50:13Z</time>
      </trkpt>
      <trkpt lat="48.500072" lon="-121.119572">
        <ele>1004.0</ele>
        <time>2022-10-16T01:50:16Z</time>
      </trkpt>
      <trkpt lat="48.500030" lon="-121.119555">
        <ele>993.0</ele>
        <time>2022-10-16T01:50:25Z</time>
      </trkpt>
      <trkpt lat="48.500031" lon="-121.119585">
        <ele>1002.0</ele>
        <time>2022-10-16T01:50:34Z</time>
      </trkpt>
      <trkpt lat="48.500071" lon="-121.119592">
        <ele>1001.7</ele>
        <time>2022-10-16T01:50:35Z</time>
      </trkpt>
      <trkpt lat="48.500055" lon="-121.119621">
        <ele>1000.0</ele>
        <time>2022-10-16T01:50:37Z</time>
      </trkpt>
      <trkpt lat="48.500019" lon="-121.119633">
        <ele>1000.0</ele>
        <time>2022-10-16T01:50:40Z</time>
      </trkpt>
      <trkpt lat="48.500042" lon="-121.119681">
        <ele>1000.1</ele>
        <time>2022-10-16T01:50:47Z</time>
      </trkpt>
      <trkpt lat="48.499994" lon="-121.119585">
        <ele>998.0</ele>
        <time>2022-10-16T01:50:54Z</time>
      </trkpt>
      <trkpt lat="48.500018" lon="-121.119520">
        <ele>996.0</ele>
        <time>2022-10-16T01:50:59Z</time>
      </trkpt>
      <trkpt lat="48.499989" lon="-121.119661">
        <ele>993.3</ele>
        <time>2022-10-16T01:51:07Z</time>
      </trkpt>
      <trkpt lat="48.499965" lon="-121.119695">
        <ele>987.0</ele>
        <time>2022-10-16T01:51:11Z</time>
      </trkpt>
      <trkpt lat="48.499808" lon="-121.119731">
        <ele>991.5</ele>
        <time>2022-10-16T01:51:44Z</time>
      </trkpt>
      <trkpt lat="48.499826" lon="-121.119749">
        <ele>989.0</ele>
        <time>2022-10-16T01:51:47Z</time>
      </trkpt>
      <trkpt lat="48.499808" lon="-121.119732">
        <ele>985.0</ele>
        <time>2022-10-16T01:51:54Z</time>
      </trkpt>
      <trkpt lat="48.499765" lon="-121.119749">
        <ele>984.0</ele>
        <time>2022-10-16T01:52:04Z</time>
      </trkpt>
      <trkpt lat="48.499763" lon="-121.119821">
        <ele>984.3</ele>
        <time>2022-10-16T01:52:24Z</time>
      </trkpt>
      <trkpt lat="48.499708" lon="-121.119844">
        <ele>984.0</ele>
        <time>2022-10-16T01:52:27Z</time>
      </trkpt>
      <trkpt lat="48.499699" lon="-121.119889">
        <ele>983.1</ele>
        <time>2022-10-16T01:52:31Z</time>
      </trkpt>
      <trkpt lat="48.499673" lon="-121.119931">
        <ele>981.0</ele>
        <time>2022-10-16T01:52:33Z</time>
      </trkpt>
      <trkpt lat="48.499656" lon="-121.119794">
        <ele>978.0</ele>
        <time>2022-10-16T01:52:39Z</time>
      </trkpt>
      <trkpt lat="48.499666" lon="-121.119761">
        <ele>978.0</ele>
        <time>2022-10-16T01:52:42Z</time>
      </trkpt>
      <trkpt lat="48.499666" lon="-121.119701">
        <ele>976.0</ele>
        <time>2022-10-16T01:52:48Z</time>
      </trkpt>
      <trkpt lat="48.499612" lon="-121.119733">
        <ele>976.0</ele>
        <time>2022-10-16T01:52:59Z</time>
      </trkpt>
      <trkpt lat="48.499593" lon="-121.119781">
        <ele>975.0</ele>
        <time>2022-10-16T01:53:02Z</time>
      </trkpt>
      <trkpt lat="48.499626" lon="-121.119801">
        <ele>975.6</ele>
        <time>2022-10-16T01:53:04Z</time>
      </trkpt>
      <trkpt lat="48.499599" lon="-121.119827">
        <ele>972.0</ele>
        <time>2022-10-16T01:53:08Z</time>
      </trkpt>
      <trkpt lat="48.499575" lon="-121.119875">
        <ele>975.0</ele>
        <time>2022-10-16T01:53:12Z</time>
      </trkpt>
      <trkpt lat="48.499530" lon="-121.119900">
        <ele>973.0</ele>
        <time>2022-10-16T01:53:19Z</time>
      </trkpt>
      <trkpt lat="48.499538" lon="-121.119876">
        <ele>973.3</ele>
        <time>2022-10-16T01:53:27Z</time>
      </trkpt>
      <trkpt lat="48.499504" lon="-121.119888">
        <ele>972.0</ele>
        <time>2022-10-16T01:53:30Z</time>
      </trkpt>
      <trkpt lat="48.499491" lon="-121.119916">
        <ele>968.0</ele>
        <time>2022-10-16T01:53:34Z</time>
      </trkpt>
      <trkpt lat="48.499485" lon="-121.119977">
        <ele>966.0</ele>
        <time>2022-10-16T01:53:39Z</time>
      </trkpt>
      <trkpt lat="48.499414" lon="-121.120065">
        <ele>968.0</ele>
        <time>2022-10-16T01:53:49Z</time>
      </trkpt>
      <trkpt lat="48.499393" lon="-121.120104">
        <ele>968.0</ele>
        <time>2022-10-16T01:53:52Z</time>
      </trkpt>
      <trkpt lat="48.499390" lon="-121.120149">
        <ele>966.0</ele>
        <time>2022-10-16T01:53:57Z</time>
      </trkpt>
      <trkpt lat="48.499370" lon="-121.120082">
        <ele>964.0</ele>
        <time>2022-10-16T01:54:03Z</time>
      </trkpt>
      <trkpt lat="48.499331" lon="-121.120105">
        <ele>964.0</ele>
        <time>2022-10-16T01:54:08Z</time>
      </trkpt>
      <trkpt lat="48.499298" lon="-121.120081">
        <ele>964.0</ele>
        <time>2022-10-16T01:54:12Z</time>
      </trkpt>
      <trkpt lat="48.499286" lon="-121.120038">
        <ele>958.0</ele>
        <time>2022-10-16T01:54:27Z</time>
      </trkpt>
      <trkpt lat="48.499233" lon="-121.120120">
        <ele>954.0</ele>
        <time>2022-10-16T01:54:46Z</time>
      </trkpt>
      <trkpt lat="48.499148" lon="-121.120320">
        <ele>950.0</ele>
        <time>2022-10-16T01:55:09Z</time>
      </trkpt>
      <trkpt lat="48.499148" lon="-121.120370">
        <ele>945.0</ele>
        <time>2022-10-16T01:55:16Z</time>
      </trkpt>
      <trkpt lat="48.499119" lon="-121.120400">
        <ele>950.0</ele>
        <time>2022-10-16T01:55:23Z</time>
      </trkpt>
      <trkpt lat="48.499099" lon="-121.120468">
        <ele>949.0</ele>
        <time>2022-10-16T01:55:28Z</time>
      </trkpt>
      <trkpt lat="48.499134" lon="-121.120455">
        <ele>952.8</ele>
        <time>2022-10-16T01:55:31Z</time>
      </trkpt>
      <trkpt lat="48.499151" lon="-121.120512">
        <ele>953.2</ele>
        <time>2022-10-16T01:55:32Z</time>
      </trkpt>
      <trkpt lat="48.499150" lon="-121.120544">
        <ele>952.0</ele>
        <time>2022-10-16T01:55:33Z</time>
      </trkpt>
      <trkpt lat="48.499020" lon="-121.120586">
        <ele>949.9</ele>
        <time>2022-10-16T01:55:48Z</time>
      </trkpt>
      <trkpt lat="48.499000" lon="-121.120501">
        <ele>947.0</ele>
        <time>2022-10-16T01:55:53Z</time>
      </trkpt>
      <trkpt lat="48.499015" lon="-121.120578">
        <ele>945.0</ele>
        <time>2022-10-16T01:56:00Z</time>
      </trkpt>
      <trkpt lat="48.498906" lon="-121.120579">
        <ele>945.0</ele>
        <time>2022-10-16T01:56:12Z</time>
      </trkpt>
      <trkpt lat="48.498914" lon="-121.120531">
        <ele>943.0</ele>
        <time>2022-10-16T01:56:18Z</time>
      </trkpt>
      <trkpt lat="48.498883" lon="-121.120450">
        <ele>939.0</ele>
        <time>2022-10-16T01:56:31Z</time>
      </trkpt>
      <trkpt lat="48.498861" lon="-121.120559">
        <ele>936.0</ele>
        <time>2022-10-16T01:56:41Z</time>
      </trkpt>
      <trkpt lat="48.498872" lon="-121.120534">
        <ele>930.0</ele>
        <time>2022-10-16T01:56:54Z</time>
      </trkpt>
      <trkpt lat="48.498872" lon="-121.120587">
        <ele>933.0</ele>
        <time>2022-10-16T01:57:00Z</time>
      </trkpt>
      <trkpt lat="48.498825" lon="-121.120601">
        <ele>932.0</ele>
        <time>2022-10-16T01:57:03Z</time>
      </trkpt>
      <trkpt lat="48.498784" lon="-121.120684">
        <ele>930.0</ele>
        <time>2022-10-16T01:57:12Z</time>
      </trkpt>
      <trkpt lat="48.498743" lon="-121.120683">
        <ele>928.0</ele>
        <time>2022-10-16T01:57:25Z</time>
      </trkpt>
      <trkpt lat="48.498739" lon="-121.120728">
        <ele>925.0</ele>
        <time>2022-10-16T01:57:36Z</time>
      </trkpt>
      <trkpt lat="48.498728" lon="-121.120629">
        <ele>921.0</ele>
        <time>2022-10-16T01:57:55Z</time>
      </trkpt>
      <trkpt lat="48.498707" lon="-121.120592">
        <ele>917.0</ele>
        <time>2022-10-16T01:58:00Z</time>
      </trkpt>
      <trkpt lat="48.498744" lon="-121.120584">
        <ele>923.3</ele>
        <time>2022-10-16T01:58:03Z</time>
      </trkpt>
      <trkpt lat="48.498709" lon="-121.120581">
        <ele>920.0</ele>
        <time>2022-10-16T01:58:09Z</time>
      </trkpt>
      <trkpt lat="48.498712" lon="-121.120623">
        <ele>921.0</ele>
        <time>2022-10-16T01:58:17Z</time>
      </trkpt>
      <trkpt lat="48.498700" lon="-121.120575">
        <ele>919.0</ele>
        <time>2022-10-16T01:58:24Z</time>
      </trkpt>
      <trkpt lat="48.498679" lon="-121.120566">
        <ele>920.0</ele>
        <time>2022-10-16T01:58:32Z</time>
      </trkpt>
      <trkpt lat="48.498678" lon="-121.120614">
        <ele>920.0</ele>
        <time>2022-10-16T01:58:38Z</time>
      </trkpt>
      <trkpt lat="48.498657" lon="-121.120636">
        <ele>917.0</ele>
        <time>2022-10-16T01:58:43Z</time>
      </trkpt>
      <trkpt lat="48.498614" lon="-121.120626">
        <ele>917.0</ele>
        <time>2022-10-16T01:58:50Z</time>
      </trkpt>
      <trkpt lat="48.498602" lon="-121.120588">
        <ele>918.8</ele>
        <time>2022-10-16T01:58:54Z</time>
      </trkpt>
      <trkpt lat="48.498620" lon="-121.120547">
        <ele>918.0</ele>
        <time>2022-10-16T01:58:56Z</time>
      </trkpt>
      <trkpt lat="48.498628" lon="-121.120616">
        <ele>918.0</ele>
        <time>2022-10-16T01:59:07Z</time>
      </trkpt>
      <trkpt lat="48.498614" lon="-121.120678">
        <ele>913.0</ele>
        <time>2022-10-16T01:59:23Z</time>
      </trkpt>
      <trkpt lat="48.498599" lon="-121.120639">
        <ele>912.0</ele>
        <time>2022-10-16T01:59:31Z</time>
      </trkpt>
      <trkpt lat="48.498612" lon="-121.120602">
        <ele>913.0</ele>
        <time>2022-10-16T01:59:40Z</time>
      </trkpt>
      <trkpt lat="48.498590" lon="-121.120637">
        <ele>911.0</ele>
        <time>2022-10-16T02:00:02Z</time>
      </trkpt>
      <trkpt lat="48.498570" lon="-121.120614">
        <ele>904.0</ele>
        <time>2022-10-16T02:00:23Z</time>
      </trkpt>
      <trkpt lat="48.498566" lon="-121.120574">
        <ele>904.0</ele>
        <time>2022-10-16T02:00:33Z</time>
      </trkpt>
      <trkpt lat="48.498528" lon="-121.120611">
        <ele>909.0</ele>
        <time>2022-10-16T02:00:47Z</time>
      </trkpt>
      <trkpt lat="48.498538" lon="-121.120581">
        <ele>907.0</ele>
        <time>2022-10-16T02:00:50Z</time>
      </trkpt>
      <trkpt lat="48.498564" lon="-121.120556">
        <ele>906.0</ele>
        <time>2022-10-16T02:00:55Z</time>
      </trkpt>
      <trkpt lat="48.498558" lon="-121.120524">
        <ele>902.0</ele>
        <time>2022-10-16T02:01:02Z</time>
      </trkpt>
      <trkpt lat="48.498521" lon="-121.120584">
        <ele>900.0</ele>
        <time>2022-10-16T02:01:14Z</time>
      </trkpt>
      <trkpt lat="48.498515" lon="-121.120549">
        <ele>900.0</ele>
        <time>2022-10-16T02:01:21Z</time>
      </trkpt>
      <trkpt lat="48.498511" lon="-121.120607">
        <ele>900.0</ele>
        <time>2022-10-16T02:01:30Z</time>
      </trkpt>
      <trkpt lat="48.498493" lon="-121.120648">
        <ele>902.0</ele>
        <time>2022-10-16T02:01:35Z</time>
      </trkpt>
      <trkpt lat="48.498497" lon="-121.120612">
        <ele>901.0</ele>
        <time>2022-10-16T02:01:38Z</time>
      </trkpt>
      <trkpt lat="48.498522" lon="-121.120588">
        <ele>901.9</ele>
        <time>2022-10-16T02:01:41Z</time>
      </trkpt>
      <trkpt lat="48.498527" lon="-121.120666">
        <ele>903.0</ele>
        <time>2022-10-16T02:01:46Z</time>
      </trkpt>
      <trkpt lat="48.498519" lon="-121.120594">
        <ele>903.0</ele>
        <time>2022-10-16T02:01:48Z</time>
      </trkpt>
      <trkpt lat="48.498508" lon="-121.120631">
        <ele>901.0</ele>
        <time>2022-10-16T02:01:52Z</time>
      </trkpt>
      <trkpt lat="48.498455" lon="-121.120663">
        <ele>895.0</ele>
        <time>2022-10-16T02:02:25Z</time>
      </trkpt>
      <trkpt lat="48.498427" lon="-121.120641">
        <ele>894.0</ele>
        <time>2022-10-16T02:02:45Z</time>
      </trkpt>
      <trkpt lat="48.498421" lon="-121.120714">
        <ele>894.0</ele>
        <time>2022-10-16T02:02:53Z</time>
      </trkpt>
      <trkpt lat="48.498419" lon="-121.120616">
        <ele>892.0</ele>
        <time>2022-10-16T02:03:01Z</time>
      </trkpt>
      <trkpt lat="48.498372" lon="-121.120607">
        <ele>891.0</ele>
        <time>2022-10-16T02:03:03Z</time>
      </trkpt>
      <trkpt lat="48.498333" lon="-121.120577">
        <ele>892.0</ele>
        <time>2022-10-16T02:03:07Z</time>
      </trkpt>
      <trkpt lat="48.498323" lon="-121.120597">
        <ele>892.0</ele>
        <time>2022-10-16T02:03:12Z</time>
      </trkpt>
      <trkpt lat="48.498285" lon="-121.120538">
        <ele>892.0</ele>
        <time>2022-10-16T02:03:17Z</time>
      </trkpt>
      <trkpt lat="48.498327" lon="-121.120597">
        <ele>891.0</ele>
        <time>2022-10-16T02:03:21Z</time>
      </trkpt>
      <trkpt lat="48.498343" lon="-121.120571">
        <ele>890.2</ele>
        <time>2022-10-16T02:03:22Z</time>
      </trkpt>
      <trkpt lat="48.498360" lon="-121.120629">
        <ele>888.0</ele>
        <time>2022-10-16T02:03:29Z</time>
      </trkpt>
      <trkpt lat="48.498301" lon="-121.120666">
        <ele>888.0</ele>
        <time>2022-10-16T02:03:37Z</time>
      </trkpt>
      <trkpt lat="48.498270" lon="-121.120660">
        <ele>886.0</ele>
        <time>2022-10-16T02:03:41Z</time>
      </trkpt>
      <trkpt lat="48.498253" lon="-121.120732">
        <ele>889.0</ele>
        <time>2022-10-16T02:03:46Z</time>
      </trkpt>
      <trkpt lat="48.498251" lon="-121.120642">
        <ele>883.0</ele>
        <time>2022-10-16T02:03:56Z</time>
      </trkpt>
      <trkpt lat="48.498239" lon="-121.120581">
        <ele>884.0</ele>
        <time>2022-10-16T02:04:03Z</time>
      </trkpt>
      <trkpt lat="48.498244" lon="-121.120635">
        <ele>882.6</ele>
        <time>2022-10-16T02:04:08Z</time>
      </trkpt>
      <trkpt lat="48.498230" lon="-121.120713">
        <ele>881.1</ele>
        <time>2022-10-16T02:04:11Z</time>
      </trkpt>
      <trkpt lat="48.498245" lon="-121.120741">
        <ele>880.0</ele>
        <time>2022-10-16T02:04:13Z</time>
      </trkpt>
      <trkpt lat="48.498255" lon="-121.120812">
        <ele>878.0</ele>
        <time>2022-10-16T02:04:16Z</time>
      </trkpt>
      <trkpt lat="48.498266" lon="-121.120778">
        <ele>879.0</ele>
        <time>2022-10-16T02:04:18Z</time>
      </trkpt>
      <trkpt lat="48.498212" lon="-121.120685">
        <ele>874.0</ele>
        <time>2022-10-16T02:04:37Z</time>
      </trkpt>
      <trkpt lat="48.498138" lon="-121.120744">
        <ele>876.0</ele>
        <time>2022-10-16T02:04:57Z</time>
      </trkpt>
      <trkpt lat="48.498105" lon="-121.120673">
        <ele>875.0</ele>
        <time>2022-10-16T02:05:05Z</time>
      </trkpt>
      <trkpt lat="48.498118" lon="-121.120711">
        <ele>870.0</ele>
        <time>2022-10-16T02:05:13Z</time>
      </trkpt>
      <trkpt lat="48.498090" lon="-121.120735">
        <ele>873.0</ele>
        <time>2022-10-16T02:05:19Z</time>
      </trkpt>
      <trkpt lat="48.498100" lon="-121.120685">
        <ele>872.0</ele>
        <time>2022-10-16T02:05:25Z</time>
      </trkpt>
      <trkpt lat="48.498064" lon="-121.120777">
        <ele>866.0</ele>
        <time>2022-10-16T02:05:47Z</time>
      </trkpt>
      <trkpt lat="48.498044" lon="-121.120746">
        <ele>865.6</ele>
        <time>2022-10-16T02:05:50Z</time>
      </trkpt>
      <trkpt lat="48.498063" lon="-121.120773">
        <ele>864.0</ele>
        <time>2022-10-16T02:05:52Z</time>
      </trkpt>
      <trkpt lat="48.498061" lon="-121.120814">
        <ele>864.0</ele>
        <time>2022-10-16T02:05:55Z</time>
      </trkpt>
      <trkpt lat="48.498023" lon="-121.120873">
        <ele>862.0</ele>
        <time>2022-10-16T02:06:04Z</time>
      </trkpt>
      <trkpt lat="48.497938" lon="-121.120780">
        <ele>858.0</ele>
        <time>2022-10-16T02:06:22Z</time>
      </trkpt>
      <trkpt lat="48.497990" lon="-121.120847">
        <ele>859.0</ele>
        <time>2022-10-16T02:06:34Z</time>
      </trkpt>
      <trkpt lat="48.498002" lon="-121.120808">
        <ele>864.0</ele>
        <time>2022-10-16T02:06:38Z</time>
      </trkpt>
      <trkpt lat="48.497926" lon="-121.120774">
        <ele>860.0</ele>
        <time>2022-10-16T02:06:43Z</time>
      </trkpt>
      <trkpt lat="48.497903" lon="-121.120735">
        <ele>858.0</ele>
        <time>2022-10-16T02:06:52Z</time>
      </trkpt>
      <trkpt lat="48.497932" lon="-121.120809">
        <ele>856.0</ele>
        <time>2022-10-16T02:07:08Z</time>
      </trkpt>
      <trkpt lat="48.497882" lon="-121.120915">
        <ele>854.0</ele>
        <time>2022-10-16T02:07:18Z</time>
      </trkpt>
      <trkpt lat="48.497862" lon="-121.120846">
        <ele>853.0</ele>
        <time>2022-10-16T02:07:27Z</time>
      </trkpt>
      <trkpt lat="48.497842" lon="-121.120868">
        <ele>855.0</ele>
        <time>2022-10-16T02:07:33Z</time>
      </trkpt>
      <trkpt lat="48.497825" lon="-121.120932">
        <ele>850.0</ele>
        <time>2022-10-16T02:07:47Z</time>
      </trkpt>
      <trkpt lat="48.497794" lon="-121.120883">
        <ele>849.0</ele>
        <time>2022-10-16T02:07:55Z</time>
      </trkpt>
      <trkpt lat="48.497764" lon="-121.120966">
        <ele>849.7</ele>
        <time>2022-10-16T02:08:04Z</time>
      </trkpt>
      <trkpt lat="48.497769" lon="-121.121007">
        <ele>849.0</ele>
        <time>2022-10-16T02:08:06Z</time>
      </trkpt>
      <trkpt lat="48.497743" lon="-121.120976">
        <ele>850.0</ele>
        <time>2022-10-16T02:08:16Z</time>
      </trkpt>
      <trkpt lat="48.497755" lon="-121.120937">
        <ele>849.0</ele>
        <time>2022-10-16T02:08:19Z</time>
      </trkpt>
      <trkpt lat="48.497742" lon="-121.120861">
        <ele>850.0</ele>
        <time>2022-10-16T02:08:22Z</time>
      </trkpt>
      <trkpt lat="48.497736" lon="-121.120893">
        <ele>852.0</ele>
        <time>2022-10-16T02:08:24Z</time>
      </trkpt>
      <trkpt lat="48.497746" lon="-121.120817">
        <ele>850.0</ele>
        <time>2022-10-16T02:08:30Z</time>
      </trkpt>
      <trkpt lat="48.497689" lon="-121.120996">
        <ele>848.0</ele>
        <time>2022-10-16T02:08:40Z</time>
      </trkpt>
      <trkpt lat="48.497694" lon="-121.121043">
        <ele>851.0</ele>
        <time>2022-10-16T02:08:45Z</time>
      </trkpt>
      <trkpt lat="48.497646" lon="-121.120918">
        <ele>845.0</ele>
        <time>2022-10-16T02:08:54Z</time>
      </trkpt>
      <trkpt lat="48.497607" lon="-121.120922">
        <ele>840.0</ele>
        <time>2022-10-16T02:09:09Z</time>
      </trkpt>
      <trkpt lat="48.497586" lon="-121.120942">
        <ele>837.0</ele>
        <time>2022-10-16T02:09:16Z</time>
      </trkpt>
      <trkpt lat="48.497571" lon="-121.120826">
        <ele>837.4</ele>
        <time>2022-10-16T02:09:27Z</time>
      </trkpt>
      <trkpt lat="48.497548" lon="-121.120857">
        <ele>835.0</ele>
        <time>2022-10-16T02:09:30Z</time>
      </trkpt>
      <trkpt lat="48.497500" lon="-121.120811">
        <ele>830.0</ele>
        <time>2022-10-16T02:09:46Z</time>
      </trkpt>
      <trkpt lat="48.497490" lon="-121.120846">
        <ele>829.0</ele>
        <time>2022-10-16T02:09:58Z</time>
      </trkpt>
      <trkpt lat="48.497503" lon="-121.120883">
        <ele>830.8</ele>
        <time>2022-10-16T02:10:00Z</time>
      </trkpt>
      <trkpt lat="48.497475" lon="-121.120980">
        <ele>829.0</ele>
        <time>2022-10-16T02:10:05Z</time>
      </trkpt>
      <trkpt lat="48.497433" lon="-121.121011">
        <ele>829.0</ele>
        <time>2022-10-16T02:10:12Z</time>
      </trkpt>
      <trkpt lat="48.497420" lon="-121.120923">
        <ele>825.0</ele>
        <time>2022-10-16T02:10:17Z</time>
      </trkpt>
      <trkpt lat="48.497360" lon="-121.120821">
        <ele>824.0</ele>
        <time>2022-10-16T02:10:33Z</time>
      </trkpt>
      <trkpt lat="48.497337" lon="-121.120873">
        <ele>825.0</ele>
        <time>2022-10-16T02:10:42Z</time>
      </trkpt>
      <trkpt lat="48.497363" lon="-121.120936">
        <ele>824.0</ele>
        <time>2022-10-16T02:10:46Z</time>
      </trkpt>
      <trkpt lat="48.497343" lon="-121.120961">
        <ele>826.0</ele>
        <time>2022-10-16T02:10:48Z</time>
      </trkpt>
      <trkpt lat="48.497323" lon="-121.120915">
        <ele>822.0</ele>
        <time>2022-10-16T02:10:54Z</time>
      </trkpt>
      <trkpt lat="48.497270" lon="-121.120891">
        <ele>820.0</ele>
        <time>2022-10-16T02:10:59Z</time>
      </trkpt>
      <trkpt lat="48.497263" lon="-121.120940">
        <ele>820.0</ele>
        <time>2022-10-16T02:11:04Z</time>
      </trkpt>
      <trkpt lat="48.497219" lon="-121.120921">
        <ele>816.0</ele>
        <time>2022-10-16T02:11:10Z</time>
      </trkpt>
      <trkpt lat="48.497235" lon="-121.120984">
        <ele>816.0</ele>
        <time>2022-10-16T02:11:15Z</time>
      </trkpt>
      <trkpt lat="48.497182" lon="-121.121121">
        <ele>810.0</ele>
        <time>2022-10-16T02:11:43Z</time>
      </trkpt>
      <trkpt lat="48.497174" lon="-121.121170">
        <ele>810.0</ele>
        <time>2022-10-16T02:11:51Z</time>
      </trkpt>
      <trkpt lat="48.497127" lon="-121.121185">
        <ele>810.0</ele>
        <time>2022-10-16T02:11:57Z</time>
      </trkpt>
      <trkpt lat="48.497082" lon="-121.121224">
        <ele>807.0</ele>
        <time>2022-10-16T02:12:08Z</time>
      </trkpt>
      <trkpt lat="48.497044" lon="-121.121167">
        <ele>800.0</ele>
        <time>2022-10-16T02:12:23Z</time>
      </trkpt>
      <trkpt lat="48.497053" lon="-121.121219">
        <ele>802.7</ele>
        <time>2022-10-16T02:12:30Z</time>
      </trkpt>
      <trkpt lat="48.497025" lon="-121.121268">
        <ele>800.0</ele>
        <time>2022-10-16T02:12:34Z</time>
      </trkpt>
      <trkpt lat="48.497026" lon="-121.121222">
        <ele>798.0</ele>
        <time>2022-10-16T02:12:38Z</time>
      </trkpt>
      <trkpt lat="48.497038" lon="-121.121258">
        <ele>798.7</ele>
        <time>2022-10-16T02:12:42Z</time>
      </trkpt>
      <trkpt lat="48.497000" lon="-121.121343">
        <ele>798.0</ele>
        <time>2022-10-16T02:12:50Z</time>
      </trkpt>
      <trkpt lat="48.496979" lon="-121.121267">
        <ele>800.0</ele>
        <time>2022-10-16T02:12:57Z</time>
      </trkpt>
      <trkpt lat="48.496947" lon="-121.121269">
        <ele>800.0</ele>
        <time>2022-10-16T02:12:59Z</time>
      </trkpt>
      <trkpt lat="48.496950" lon="-121.121300">
        <ele>797.0</ele>
        <time>2022-10-16T02:13:07Z</time>
      </trkpt>
      <trkpt lat="48.496922" lon="-121.121349">
        <ele>797.4</ele>
        <time>2022-10-16T02:13:17Z</time>
      </trkpt>
      <trkpt lat="48.496924" lon="-121.121327">
        <ele>796.0</ele>
        <time>2022-10-16T02:13:18Z</time>
      </trkpt>
      <trkpt lat="48.496909" lon="-121.121284">
        <ele>796.0</ele>
        <time>2022-10-16T02:13:20Z</time>
      </trkpt>
      <trkpt lat="48.496865" lon="-121.121478">
        <ele>793.0</ele>
        <time>2022-10-16T02:13:40Z</time>
      </trkpt>
      <trkpt lat="48.496870" lon="-121.121517">
        <ele>792.0</ele>
        <time>2022-10-16T02:13:50Z</time>
      </trkpt>
      <trkpt lat="48.496844" lon="-121.121477">
        <ele>791.0</ele>
        <time>2022-10-16T02:13:59Z</time>
      </trkpt>
      <trkpt lat="48.496883" lon="-121.121505">
        <ele>792.0</ele>
        <time>2022-10-16T02:14:05Z</time>
      </trkpt>
      <trkpt lat="48.496855" lon="-121.121519">
        <ele>792.6</ele>
        <time>2022-10-16T02:14:06Z</time>
      </trkpt>
      <trkpt lat="48.496848" lon="-121.121550">
        <ele>791.0</ele>
        <time>2022-10-16T02:14:07Z</time>
      </trkpt>
      <trkpt lat="48.496877" lon="-121.121516">
        <ele>791.0</ele>
        <time>2022-10-16T02:14:11Z</time>
      </trkpt>
      <trkpt lat="48.496849" lon="-121.121544">
        <ele>788.0</ele>
        <time>2022-10-16T02:14:13Z</time>
      </trkpt>
      <trkpt lat="48.496856" lon="-121.121611">
        <ele>786.0</ele>
        <time>2022-10-16T02:14:25Z</time>
      </trkpt>
      <trkpt lat="48.496777" lon="-121.121567">
        <ele>786.0</ele>
        <time>2022-10-16T02:14:45Z</time>
      </trkpt>
      <trkpt lat="48.496768" lon="-121.121618">
        <ele>784.0</ele>
        <time>2022-10-16T02:14:48Z</time>
      </trkpt>
      <trkpt lat="48.496772" lon="-121.121582">
        <ele>784.0</ele>
        <time>2022-10-16T02:14:52Z</time>
      </trkpt>
      <trkpt lat="48.496763" lon="-121.121612">
        <ele>783.0</ele>
        <time>2022-10-16T02:14:56Z</time>
      </trkpt>
      <trkpt lat="48.496756" lon="-121.121707">
        <ele>780.0</ele>
        <time>2022-10-16T02:15:12Z</time>
      </trkpt>
      <trkpt lat="48.496739" lon="-121.121711">
        <ele>780.0</ele>
        <time>2022-10-16T02:15:16Z</time>
      </trkpt>
      <trkpt lat="48.496700" lon="-121.121766">
        <ele>777.0</ele>
        <time>2022-10-16T02:15:21Z</time>
      </trkpt>
      <trkpt lat="48.496704" lon="-121.121692">
        <ele>780.0</ele>
        <time>2022-10-16T02:15:29Z</time>
      </trkpt>
      <trkpt lat="48.496674" lon="-121.121689">
        <ele>774.0</ele>
        <time>2022-10-16T02:15:37Z</time>
      </trkpt>
      <trkpt lat="48.496670" lon="-121.121746">
        <ele>776.0</ele>
        <time>2022-10-16T02:15:45Z</time>
      </trkpt>
      <trkpt lat="48.496628" lon="-121.121799">
        <ele>775.0</ele>
        <time>2022-10-16T02:15:52Z</time>
      </trkpt>
      <trkpt lat="48.496584" lon="-121.121791">
        <ele>774.9</ele>
        <time>2022-10-16T02:15:56Z</time>
      </trkpt>
      <trkpt lat="48.496606" lon="-121.121699">
        <ele>771.0</ele>
        <time>2022-10-16T02:15:59Z</time>
      </trkpt>
      <trkpt lat="48.496589" lon="-121.121656">
        <ele>770.0</ele>
        <time>2022-10-16T02:16:03Z</time>
      </trkpt>
      <trkpt lat="48.496581" lon="-121.121727">
        <ele>770.0</ele>
        <time>2022-10-16T02:16:09Z</time>
      </trkpt>
      <trkpt lat="48.496544" lon="-121.121722">
        <ele>770.0</ele>
        <time>2022-10-16T02:16:18Z</time>
      </trkpt>
      <trkpt lat="48.496507" lon="-121.121649">
        <ele>764.0</ele>
        <time>2022-10-16T02:16:37Z</time>
      </trkpt>
      <trkpt lat="48.496507" lon="-121.121683">
        <ele>765.0</ele>
        <time>2022-10-16T02:16:42Z</time>
      </trkpt>
      <trkpt lat="48.496532" lon="-121.121727">
        <ele>764.0</ele>
        <time>2022-10-16T02:16:45Z</time>
      </trkpt>
      <trkpt lat="48.496525" lon="-121.121828">
        <ele>764.0</ele>
        <time>2022-10-16T02:16:52Z</time>
      </trkpt>
      <trkpt lat="48.496508" lon="-121.121871">
        <ele>764.0</ele>
        <time>2022-10-16T02:16:55Z</time>
      </trkpt>
      <trkpt lat="48.496448" lon="-121.121831">
        <ele>762.0</ele>
        <time>2022-10-16T02:17:11Z</time>
      </trkpt>
      <trkpt lat="48.496447" lon="-121.121884">
        <ele>760.0</ele>
        <time>2022-10-16T02:17:15Z</time>
      </trkpt>
      <trkpt lat="48.496461" lon="-121.121841">
        <ele>759.0</ele>
        <time>2022-10-16T02:17:18Z</time>
      </trkpt>
      <trkpt lat="48.496433" lon="-121.121884">
        <ele>760.0</ele>
        <time>2022-10-16T02:17:22Z</time>
      </trkpt>
      <trkpt lat="48.496440" lon="-121.121844">
        <ele>756.0</ele>
        <time>2022-10-16T02:17:28Z</time>
      </trkpt>
      <trkpt lat="48.496462" lon="-121.121886">
        <ele>756.0</ele>
        <time>2022-10-16T02:17:32Z</time>
      </trkpt>
      <trkpt lat="48.496442" lon="-121.121908">
        <ele>755.0</ele>
        <time>2022-10-16T02:17:39Z</time>
      </trkpt>
      <trkpt lat="48.496462" lon="-121.121949">
        <ele>756.0</ele>
        <time>2022-10-16T02:17:42Z</time>
      </trkpt>
      <trkpt lat="48.496409" lon="-121.121932">
        <ele>757.1</ele>
        <time>2022-10-16T02:17:47Z</time>
      </trkpt>
      <trkpt lat="48.496397" lon="-121.122021">
        <ele>754.0</ele>
        <time>2022-10-16T02:17:59Z</time>
      </trkpt>
      <trkpt lat="48.496416" lon="-121.122049">
        <ele>758.0</ele>
        <time>2022-10-16T02:18:07Z</time>
      </trkpt>
      <trkpt lat="48.496388" lon="-121.122066">
        <ele>756.0</ele>
        <time>2022-10-16T02:18:18Z</time>
      </trkpt>
      <trkpt lat="48.496390" lon="-121.122051">
        <ele>754.0</ele>
        <time>2022-10-16T02:18:21Z</time>
      </trkpt>
      <trkpt lat="48.496347" lon="-121.122108">
        <ele>755.3</ele>
        <time>2022-10-16T02:18:26Z</time>
      </trkpt>
      <trkpt lat="48.496351" lon="-121.122069">
        <ele>752.0</ele>
        <time>2022-10-16T02:18:29Z</time>
      </trkpt>
      <trkpt lat="48.496303" lon="-121.122093">
        <ele>753.0</ele>
        <time>2022-10-16T02:18:33Z</time>
      </trkpt>
      <trkpt lat="48.496290" lon="-121.122046">
        <ele>753.2</ele>
        <time>2022-10-16T02:18:35Z</time>
      </trkpt>
      <trkpt lat="48.496292" lon="-121.122012">
        <ele>752.2</ele>
        <time>2022-10-16T02:18:36Z</time>
      </trkpt>
      <trkpt lat="48.496313" lon="-121.121987">
        <ele>752.0</ele>
        <time>2022-10-16T02:18:37Z</time>
      </trkpt>
      <trkpt lat="48.496272" lon="-121.121998">
        <ele>748.0</ele>
        <time>2022-10-16T02:18:43Z</time>
      </trkpt>
      <trkpt lat="48.496233" lon="-121.121986">
        <ele>748.0</ele>
        <time>2022-10-16T02:18:54Z</time>
      </trkpt>
      <trkpt lat="48.496203" lon="-121.122036">
        <ele>750.0</ele>
        <time>2022-10-16T02:18:59Z</time>
      </trkpt>
      <trkpt lat="48.496178" lon="-121.122022">
        <ele>750.0</ele>
        <time>2022-10-16T02:19:06Z</time>
      </trkpt>
      <trkpt lat="48.496148" lon="-121.122022">
        <ele>748.0</ele>
        <time>2022-10-16T02:19:13Z</time>
      </trkpt>
      <trkpt lat="48.496154" lon="-121.122070">
        <ele>748.0</ele>
        <time>2022-10-16T02:19:20Z</time>
      </trkpt>
      <trkpt lat="48.496174" lon="-121.122047">
        <ele>750.1</ele>
        <time>2022-10-16T02:19:23Z</time>
      </trkpt>
      <trkpt lat="48.496142" lon="-121.122027">
        <ele>748.0</ele>
        <time>2022-10-16T02:19:26Z</time>
      </trkpt>
      <trkpt lat="48.496121" lon="-121.121986">
        <ele>747.0</ele>
        <time>2022-10-16T02:19:30Z</time>
      </trkpt>
      <trkpt lat="48.496136" lon="-121.121866">
        <ele>742.0</ele>
        <time>2022-10-16T02:19:35Z</time>
      </trkpt>
      <trkpt lat="48.496091" lon="-121.121874">
        <ele>736.0</ele>
        <time>2022-10-16T02:19:41Z</time>
      </trkpt>
      <trkpt lat="48.496067" lon="-121.121917">
        <ele>740.5</ele>
        <time>2022-10-16T02:19:45Z</time>
      </trkpt>
      <trkpt lat="48.496078" lon="-121.121956">
        <ele>740.0</ele>
        <time>2022-10-16T02:19:48Z</time>
      </trkpt>
      <trkpt lat="48.496060" lon="-121.121888">
        <ele>738.0</ele>
        <time>2022-10-16T02:19:51Z</time>
      </trkpt>
      <trkpt lat="48.496049" lon="-121.121952">
        <ele>737.0</ele>
        <time>2022-10-16T02:19:55Z</time>
      </trkpt>
      <trkpt lat="48.496026" lon="-121.121928">
        <ele>740.0</ele>
        <time>2022-10-16T02:19:57Z</time>
      </trkpt>
      <trkpt lat="48.496015" lon="-121.121872">
        <ele>739.0</ele>
        <time>2022-10-16T02:20:00Z</time>
      </trkpt>
      <trkpt lat="48.496024" lon="-121.121914">
        <ele>735.0</ele>
        <time>2022-10-16T02:20:05Z</time>
      </trkpt>
      <trkpt lat="48.496005" lon="-121.121861">
        <ele>738.0</ele>
        <time>2022-10-16T02:20:11Z</time>
      </trkpt>
      <trkpt lat="48.496015" lon="-121.121928">
        <ele>738.0</ele>
        <time>2022-10-16T02:20:17Z</time>
      </trkpt>
      <trkpt lat="48.496006" lon="-121.121995">
        <ele>738.2</ele>
        <time>2022-10-16T02:20:19Z</time>
      </trkpt>
      <trkpt lat="48.496039" lon="-121.121966">
        <ele>735.0</ele>
        <time>2022-10-16T02:20:25Z</time>
      </trkpt>
      <trkpt lat="48.495979" lon="-121.121971">
        <ele>736.0</ele>
        <time>2022-10-16T02:20:33Z</time>
      </trkpt>
      <trkpt lat="48.495958" lon="-121.122013">
        <ele>734.0</ele>
        <time>2022-10-16T02:20:39Z</time>
      </trkpt>
      <trkpt lat="48.495940" lon="-121.121940">
        <ele>732.0</ele>
        <time>2022-10-16T02:20:48Z</time>
      </trkpt>
      <trkpt lat="48.495947" lon="-121.121851">
        <ele>731.0</ele>
        <time>2022-10-16T02:20:51Z</time>
      </trkpt>
      <trkpt lat="48.495892" lon="-121.121787">
        <ele>729.0</ele>
        <time>2022-10-16T02:20:55Z</time>
      </trkpt>
      <trkpt lat="48.495879" lon="-121.121835">
        <ele>728.0</ele>
        <time>2022-10-16T02:21:00Z</time>
      </trkpt>
      <trkpt lat="48.495882" lon="-121.121882">
        <ele>728.0</ele>
        <time>2022-10-16T02:21:05Z</time>
      </trkpt>
      <trkpt lat="48.495865" lon="-121.121915">
        <ele>728.0</ele>
        <time>2022-10-16T02:21:10Z</time>
      </trkpt>
      <trkpt lat="48.495866" lon="-121.121967">
        <ele>728.0</ele>
        <time>2022-10-16T02:21:14Z</time>
      </trkpt>
      <trkpt lat="48.495812" lon="-121.121999">
        <ele>725.0</ele>
        <time>2022-10-16T02:21:24Z</time>
      </trkpt>
      <trkpt lat="48.495788" lon="-121.121979">
        <ele>726.0</ele>
        <time>2022-10-16T02:21:30Z</time>
      </trkpt>
      <trkpt lat="48.495779" lon="-121.122015">
        <ele>723.0</ele>
        <time>2022-10-16T02:21:38Z</time>
      </trkpt>
      <trkpt lat="48.495786" lon="-121.122072">
        <ele>725.6</ele>
        <time>2022-10-16T02:21:40Z</time>
      </trkpt>
      <trkpt lat="48.495787" lon="-121.122040">
        <ele>725.8</ele>
        <time>2022-10-16T02:21:41Z</time>
      </trkpt>
      <trkpt lat="48.495775" lon="-121.122097">
        <ele>725.6</ele>
        <time>2022-10-16T02:21:42Z</time>
      </trkpt>
      <trkpt lat="48.495775" lon="-121.122065">
        <ele>724.0</ele>
        <time>2022-10-16T02:21:44Z</time>
      </trkpt>
      <trkpt lat="48.495738" lon="-121.122038">
        <ele>724.0</ele>
        <time>2022-10-16T02:21:46Z</time>
      </trkpt>
      <trkpt lat="48.495748" lon="-121.122081">
        <ele>724.9</ele>
        <time>2022-10-16T02:21:47Z</time>
      </trkpt>
      <trkpt lat="48.495746" lon="-121.122125">
        <ele>725.5</ele>
        <time>2022-10-16T02:21:48Z</time>
      </trkpt>
      <trkpt lat="48.495750" lon="-121.122052">
        <ele>725.6</ele>
        <time>2022-10-16T02:21:49Z</time>
      </trkpt>
      <trkpt lat="48.495720" lon="-121.122077">
        <ele>726.0</ele>
        <time>2022-10-16T02:21:51Z</time>
      </trkpt>
      <trkpt lat="48.495706" lon="-121.122035">
        <ele>724.0</ele>
        <time>2022-10-16T02:21:54Z</time>
      </trkpt>
      <trkpt lat="48.495726" lon="-121.122088">
        <ele>723.0</ele>
        <time>2022-10-16T02:21:59Z</time>
      </trkpt>
      <trkpt lat="48.495722" lon="-121.122034">
        <ele>721.0</ele>
        <time>2022-10-16T02:22:02Z</time>
      </trkpt>
      <trkpt lat="48.495724" lon="-121.122090">
        <ele>722.3</ele>
        <time>2022-10-16T02:22:05Z</time>
      </trkpt>
      <trkpt lat="48.495707" lon="-121.122186">
        <ele>722.0</ele>
        <time>2022-10-16T02:22:12Z</time>
      </trkpt>
      <trkpt lat="48.495668" lon="-121.122242">
        <ele>720.0</ele>
        <time>2022-10-16T02:22:16Z</time>
      </trkpt>
      <trkpt lat="48.495659" lon="-121.122297">
        <ele>724.5</ele>
        <time>2022-10-16T02:22:19Z</time>
      </trkpt>
      <trkpt lat="48.495615" lon="-121.122283">
        <ele>723.0</ele>
        <time>2022-10-16T02:22:26Z</time>
      </trkpt>
      <trkpt lat="48.495603" lon="-121.122324">
        <ele>723.0</ele>
        <time>2022-10-16T02:22:29Z</time>
      </trkpt>
      <trkpt lat="48.495570" lon="-121.122260">
        <ele>723.0</ele>
        <time>2022-10-16T02:22:35Z</time>
      </trkpt>
      <trkpt lat="48.495573" lon="-121.122222">
        <ele>720.0</ele>
        <time>2022-10-16T02:22:38Z</time>
      </trkpt>
      <trkpt lat="48.495545" lon="-121.122264">
        <ele>720.0</ele>
        <time>2022-10-16T02:22:42Z</time>
      </trkpt>
      <trkpt lat="48.495558" lon="-121.122229">
        <ele>719.0</ele>
        <time>2022-10-16T02:22:45Z</time>
      </trkpt>
      <trkpt lat="48.495527" lon="-121.122295">
        <ele>718.0</ele>
        <time>2022-10-16T02:22:52Z</time>
      </trkpt>
      <trkpt lat="48.495529" lon="-121.122261">
        <ele>713.0</ele>
        <time>2022-10-16T02:22:58Z</time>
      </trkpt>
      <trkpt lat="48.495531" lon="-121.122385">
        <ele>720.0</ele>
        <time>2022-10-16T02:23:05Z</time>
      </trkpt>
      <trkpt lat="48.495518" lon="-121.122435">
        <ele>721.7</ele>
        <time>2022-10-16T02:23:08Z</time>
      </trkpt>
      <trkpt lat="48.495553" lon="-121.122349">
        <ele>720.9</ele>
        <time>2022-10-16T02:23:09Z</time>
      </trkpt>
      <trkpt lat="48.495562" lon="-121.122124">
        <ele>711.0</ele>
        <time>2022-10-16T02:23:19Z</time>
      </trkpt>
      <trkpt lat="48.495556" lon="-121.122256">
        <ele>706.0</ele>
        <time>2022-10-16T02:23:30Z</time>
      </trkpt>
      <trkpt lat="48.495534" lon="-121.122303">
        <ele>705.0</ele>
        <time>2022-10-16T02:23:32Z</time>
      </trkpt>
      <trkpt lat="48.495474" lon="-121.122385">
        <ele>707.4</ele>
        <time>2022-10-16T02:23:37Z</time>
      </trkpt>
      <trkpt lat="48.495470" lon="-121.122350">
        <ele>707.2</ele>
        <time>2022-10-16T02:23:38Z</time>
      </trkpt>
      <trkpt lat="48.495441" lon="-121.122341">
        <ele>709.0</ele>
        <time>2022-10-16T02:23:40Z</time>
      </trkpt>
      <trkpt lat="48.495416" lon="-121.122297">
        <ele>707.8</ele>
        <time>2022-10-16T02:23:41Z</time>
      </trkpt>
      <trkpt lat="48.495422" lon="-121.122239">
        <ele>704.0</ele>
        <time>2022-10-16T02:23:46Z</time>
      </trkpt>
      <trkpt lat="48.495414" lon="-121.122293">
        <ele>705.0</ele>
        <time>2022-10-16T02:23:52Z</time>
      </trkpt>
      <trkpt lat="48.495393" lon="-121.122260">
        <ele>704.0</ele>
        <time>2022-10-16T02:23:57Z</time>
      </trkpt>
      <trkpt lat="48.495370" lon="-121.122285">
        <ele>705.2</ele>
        <time>2022-10-16T02:23:59Z</time>
      </trkpt>
      <trkpt lat="48.495410" lon="-121.122379">
        <ele>705.1</ele>
        <time>2022-10-16T02:24:07Z</time>
      </trkpt>
      <trkpt lat="48.495397" lon="-121.122417">
        <ele>704.0</ele>
        <time>2022-10-16T02:24:09Z</time>
      </trkpt>
      <trkpt lat="48.495421" lon="-121.122460">
        <ele>706.0</ele>
        <time>2022-10-16T02:24:14Z</time>
      </trkpt>
      <trkpt lat="48.495379" lon="-121.122540">
        <ele>702.0</ele>
        <time>2022-10-16T02:24:22Z</time>
      </trkpt>
      <trkpt lat="48.495345" lon="-121.122553">
        <ele>702.0</ele>
        <time>2022-10-16T02:24:24Z</time>
      </trkpt>
      <trkpt lat="48.495289" lon="-121.122491">
        <ele>700.0</ele>
        <time>2022-10-16T02:24:30Z</time>
      </trkpt>
      <trkpt lat="48.495225" lon="-121.122358">
        <ele>696.0</ele>
        <time>2022-10-16T02:24:44Z</time>
      </trkpt>
      <trkpt lat="48.495192" lon="-121.122387">
        <ele>695.0</ele>
        <time>2022-10-16T02:24:50Z</time>
      </trkpt>
      <trkpt lat="48.495201" lon="-121.122341">
        <ele>696.0</ele>
        <time>2022-10-16T02:24:55Z</time>
      </trkpt>
      <trkpt lat="48.495140" lon="-121.122383">
        <ele>696.0</ele>
        <time>2022-10-16T02:25:03Z</time>
      </trkpt>
      <trkpt lat="48.495141" lon="-121.122283">
        <ele>698.0</ele>
        <time>2022-10-16T02:25:07Z</time>
      </trkpt>
      <trkpt lat="48.495079" lon="-121.122296">
        <ele>696.0</ele>
        <time>2022-10-16T02:25:13Z</time>
      </trkpt>
      <trkpt lat="48.495003" lon="-121.122329">
        <ele>697.5</ele>
        <time>2022-10-16T02:25:17Z</time>
      </trkpt>
      <trkpt lat="48.495082" lon="-121.122303">
        <ele>698.3</ele>
        <time>2022-10-16T02:25:18Z</time>
      </trkpt>
      <trkpt lat="48.495055" lon="-121.122361">
        <ele>693.0</ele>
        <time>2022-10-16T02:25:23Z</time>
      </trkpt>
      <trkpt lat="48.495039" lon="-121.122330">
        <ele>696.0</ele>
        <time>2022-10-16T02:25:32Z</time>
      </trkpt>
      <trkpt lat="48.495052" lon="-121.122300">
        <ele>696.0</ele>
        <time>2022-10-16T02:25:39Z</time>
      </trkpt>
      <trkpt lat="48.495083" lon="-121.122338">
        <ele>696.0</ele>
        <time>2022-10-16T02:25:47Z</time>
      </trkpt>
      <trkpt lat="48.495089" lon="-121.122384">
        <ele>696.5</ele>
        <time>2022-10-16T02:25:50Z</time>
      </trkpt>
      <trkpt lat="48.495062" lon="-121.122413">
        <ele>698.0</ele>
        <time>2022-10-16T02:25:52Z</time>
      </trkpt>
      <trkpt lat="48.495060" lon="-121.122358">
        <ele>693.0</ele>
        <time>2022-10-16T02:25:58Z</time>
      </trkpt>
      <trkpt lat="48.495018" lon="-121.122334">
        <ele>692.0</ele>
        <time>2022-10-16T02:26:06Z</time>
      </trkpt>
      <trkpt lat="48.495000" lon="-121.122367">
        <ele>692.0</ele>
        <time>2022-10-16T02:26:10Z</time>
      </trkpt>
      <trkpt lat="48.494965" lon="-121.122381">
        <ele>693.7</ele>
        <time>2022-10-16T02:26:12Z</time>
      </trkpt>
      <trkpt lat="48.494976" lon="-121.122312">
        <ele>692.0</ele>
        <time>2022-10-16T02:26:14Z</time>
      </trkpt>
      <trkpt lat="48.494923" lon="-121.122247">
        <ele>690.0</ele>
        <time>2022-10-16T02:26:19Z</time>
      </trkpt>
      <trkpt lat="48.494892" lon="-121.122289">
        <ele>688.0</ele>
        <time>2022-10-16T02:26:27Z</time>
      </trkpt>
      <trkpt lat="48.494936" lon="-121.122294">
        <ele>693.0</ele>
        <time>2022-10-16T02:26:32Z</time>
      </trkpt>
      <trkpt lat="48.494923" lon="-121.122356">
        <ele>696.0</ele>
        <time>2022-10-16T02:26:38Z</time>
      </trkpt>
      <trkpt lat="48.494900" lon="-121.122379">
        <ele>696.2</ele>
        <time>2022-10-16T02:26:40Z</time>
      </trkpt>
      <trkpt lat="48.494900" lon="-121.122424">
        <ele>696.0</ele>
        <time>2022-10-16T02:26:43Z</time>
      </trkpt>
      <trkpt lat="48.494856" lon="-121.122442">
        <ele>696.6</ele>
        <time>2022-10-16T02:26:45Z</time>
      </trkpt>
      <trkpt lat="48.494894" lon="-121.122415">
        <ele>688.0</ele>
        <time>2022-10-16T02:26:55Z</time>
      </trkpt>
      <trkpt lat="48.494908" lon="-121.122304">
        <ele>686.7</ele>
        <time>2022-10-16T02:27:09Z</time>
      </trkpt>
      <trkpt lat="48.494887" lon="-121.122246">
        <ele>684.0</ele>
        <time>2022-10-16T02:27:13Z</time>
      </trkpt>
      <trkpt lat="48.494878" lon="-121.122291">
        <ele>687.4</ele>
        <time>2022-10-16T02:27:15Z</time>
      </trkpt>
      <trkpt lat="48.494850" lon="-121.122343">
        <ele>685.6</ele>
        <time>2022-10-16T02:27:16Z</time>
      </trkpt>
      <trkpt lat="48.494877" lon="-121.122429">
        <ele>680.0</ele>
        <time>2022-10-16T02:27:20Z</time>
      </trkpt>
      <trkpt lat="48.494923" lon="-121.122444">
        <ele>686.0</ele>
        <time>2022-10-16T02:27:27Z</time>
      </trkpt>
      <trkpt lat="48.494886" lon="-121.122460">
        <ele>687.6</ele>
        <time>2022-10-16T02:27:29Z</time>
      </trkpt>
      <trkpt lat="48.494854" lon="-121.122431">
        <ele>688.0</ele>
        <time>2022-10-16T02:27:29Z</time>
      </trkpt>
      <trkpt lat="48.494826" lon="-121.122365">
        <ele>686.0</ele>
        <time>2022-10-16T02:27:34Z</time>
      </trkpt>
      <trkpt lat="48.494803" lon="-121.122512">
        <ele>687.8</ele>
        <time>2022-10-16T02:27:41Z</time>
      </trkpt>
      <trkpt lat="48.494758" lon="-121.122531">
        <ele>688.1</ele>
        <time>2022-10-16T02:27:42Z</time>
      </trkpt>
      <trkpt lat="48.494777" lon="-121.122494">
        <ele>686.0</ele>
        <time>2022-10-16T02:27:47Z</time>
      </trkpt>
      <trkpt lat="48.494831" lon="-121.122449">
        <ele>689.1</ele>
        <time>2022-10-16T02:27:50Z</time>
      </trkpt>
      <trkpt lat="48.494813" lon="-121.122487">
        <ele>687.0</ele>
        <time>2022-10-16T02:27:52Z</time>
      </trkpt>
      <trkpt lat="48.494739" lon="-121.122436">
        <ele>687.0</ele>
        <time>2022-10-16T02:27:57Z</time>
      </trkpt>
      <trkpt lat="48.494741" lon="-121.122377">
        <ele>684.0</ele>
        <time>2022-10-16T02:28:00Z</time>
      </trkpt>
      <trkpt lat="48.494714" lon="-121.122321">
        <ele>686.0</ele>
        <time>2022-10-16T02:28:03Z</time>
      </trkpt>
      <trkpt lat="48.494730" lon="-121.122351">
        <ele>686.9</ele>
        <time>2022-10-16T02:28:04Z</time>
      </trkpt>
      <trkpt lat="48.494715" lon="-121.122439">
        <ele>684.0</ele>
        <time>2022-10-16T02:28:08Z</time>
      </trkpt>
      <trkpt lat="48.494652" lon="-121.122386">
        <ele>682.0</ele>
        <time>2022-10-16T02:28:17Z</time>
      </trkpt>
      <trkpt lat="48.494614" lon="-121.122422">
        <ele>684.4</ele>
        <time>2022-10-16T02:28:20Z</time>
      </trkpt>
      <trkpt lat="48.494632" lon="-121.122494">
        <ele>684.0</ele>
        <time>2022-10-16T02:28:24Z</time>
      </trkpt>
      <trkpt lat="48.494606" lon="-121.122474">
        <ele>684.0</ele>
        <time>2022-10-16T02:28:27Z</time>
      </trkpt>
      <trkpt lat="48.494589" lon="-121.122508">
        <ele>684.0</ele>
        <time>2022-10-16T02:28:30Z</time>
      </trkpt>
      <trkpt lat="48.494610" lon="-121.122398">
        <ele>682.0</ele>
        <time>2022-10-16T02:28:39Z</time>
      </trkpt>
      <trkpt lat="48.494592" lon="-121.122478">
        <ele>682.8</ele>
        <time>2022-10-16T02:28:42Z</time>
      </trkpt>
      <trkpt lat="48.494587" lon="-121.122418">
        <ele>679.0</ele>
        <time>2022-10-16T02:28:45Z</time>
      </trkpt>
      <trkpt lat="48.494554" lon="-121.122389">
        <ele>680.0</ele>
        <time>2022-10-16T02:28:47Z</time>
      </trkpt>
      <trkpt lat="48.494535" lon="-121.122337">
        <ele>680.0</ele>
        <time>2022-10-16T02:28:50Z</time>
      </trkpt>
      <trkpt lat="48.494500" lon="-121.122297">
        <ele>678.0</ele>
        <time>2022-10-16T02:28:52Z</time>
      </trkpt>
      <trkpt lat="48.494496" lon="-121.122336">
        <ele>678.0</ele>
        <time>2022-10-16T02:28:55Z</time>
      </trkpt>
      <trkpt lat="48.494480" lon="-121.122365">
        <ele>678.0</ele>
        <time>2022-10-16T02:28:58Z</time>
      </trkpt>
      <trkpt lat="48.494489" lon="-121.122414">
        <ele>680.0</ele>
        <time>2022-10-16T02:29:01Z</time>
      </trkpt>
      <trkpt lat="48.494473" lon="-121.122513">
        <ele>679.0</ele>
        <time>2022-10-16T02:29:04Z</time>
      </trkpt>
      <trkpt lat="48.494444" lon="-121.122462">
        <ele>678.0</ele>
        <time>2022-10-16T02:29:09Z</time>
      </trkpt>
      <trkpt lat="48.494372" lon="-121.122472">
        <ele>678.0</ele>
        <time>2022-10-16T02:29:13Z</time>
      </trkpt>
      <trkpt lat="48.494363" lon="-121.122501">
        <ele>679.0</ele>
        <time>2022-10-16T02:29:16Z</time>
      </trkpt>
      <trkpt lat="48.494388" lon="-121.122530">
        <ele>678.0</ele>
        <time>2022-10-16T02:29:18Z</time>
      </trkpt>
      <trkpt lat="48.494395" lon="-121.122579">
        <ele>679.0</ele>
        <time>2022-10-16T02:29:22Z</time>
      </trkpt>
      <trkpt lat="48.494376" lon="-121.122698">
        <ele>676.0</ele>
        <time>2022-10-16T02:29:29Z</time>
      </trkpt>
      <trkpt lat="48.494354" lon="-121.122740">
        <ele>678.8</ele>
        <time>2022-10-16T02:29:32Z</time>
      </trkpt>
      <trkpt lat="48.494329" lon="-121.122709">
        <ele>676.0</ele>
        <time>2022-10-16T02:29:34Z</time>
      </trkpt>
      <trkpt lat="48.494396" lon="-121.122632">
        <ele>676.0</ele>
        <time>2022-10-16T02:29:38Z</time>
      </trkpt>
      <trkpt lat="48.494377" lon="-121.122676">
        <ele>678.0</ele>
        <time>2022-10-16T02:29:40Z</time>
      </trkpt>
      <trkpt lat="48.494401" lon="-121.122825">
        <ele>678.0</ele>
        <time>2022-10-16T02:29:42Z</time>
      </trkpt>
      <trkpt lat="48.494353" lon="-121.122793">
        <ele>679.3</ele>
        <time>2022-10-16T02:29:44Z</time>
      </trkpt>
      <trkpt lat="48.494284" lon="-121.122766">
        <ele>678.4</ele>
        <time>2022-10-16T02:29:48Z</time>
      </trkpt>
      <trkpt lat="48.494276" lon="-121.122728">
        <ele>676.0</ele>
        <time>2022-10-16T02:29:50Z</time>
      </trkpt>
      <trkpt lat="48.494211" lon="-121.122696">
        <ele>675.6</ele>
        <time>2022-10-16T02:29:57Z</time>
      </trkpt>
      <trkpt lat="48.494162" lon="-121.122706">
        <ele>674.0</ele>
        <time>2022-10-16T02:29:58Z</time>
      </trkpt>
      <trkpt lat="48.494173" lon="-121.122719">
        <ele>673.0</ele>
        <time>2022-10-16T02:30:02Z</time>
      </trkpt>
      <trkpt lat="48.494159" lon="-121.122676">
        <ele>670.0</ele>
        <time>2022-10-16T02:30:12Z</time>
      </trkpt>
      <trkpt lat="48.494125" lon="-121.122782">
        <ele>669.0</ele>
        <time>2022-10-16T02:30:24Z</time>
      </trkpt>
      <trkpt lat="48.494102" lon="-121.122716">
        <ele>665.0</ele>
        <time>2022-10-16T02:30:28Z</time>
      </trkpt>
      <trkpt lat="48.494066" lon="-121.122740">
        <ele>668.0</ele>
        <time>2022-10-16T02:30:32Z</time>
      </trkpt>
      <trkpt lat="48.494040" lon="-121.122851">
        <ele>662.1</ele>
        <time>2022-10-16T02:30:36Z</time>
      </trkpt>
      <trkpt lat="48.494044" lon="-121.122912">
        <ele>661.0</ele>
        <time>2022-10-16T02:30:40Z</time>
      </trkpt>
      <trkpt lat="48.494036" lon="-121.122944">
        <ele>662.0</ele>
        <time>2022-10-16T02:30:43Z</time>
      </trkpt>
      <trkpt lat="48.493962" lon="-121.122903">
        <ele>660.0</ele>
        <time>2022-10-16T02:30:49Z</time>
      </trkpt>
      <trkpt lat="48.493986" lon="-121.123004">
        <ele>662.0</ele>
        <time>2022-10-16T02:30:56Z</time>
      </trkpt>
      <trkpt lat="48.494036" lon="-121.123050">
        <ele>661.9</ele>
        <time>2022-10-16T02:30:57Z</time>
      </trkpt>
      <trkpt lat="48.493998" lon="-121.123076">
        <ele>662.0</ele>
        <time>2022-10-16T02:30:59Z</time>
      </trkpt>
      <trkpt lat="48.493947" lon="-121.123074">
        <ele>660.0</ele>
        <time>2022-10-16T02:31:03Z</time>
      </trkpt>
      <trkpt lat="48.493876" lon="-121.123039">
        <ele>661.0</ele>
        <time>2022-10-16T02:31:10Z</time>
      </trkpt>
      <trkpt lat="48.493854" lon="-121.123009">
        <ele>660.0</ele>
        <time>2022-10-16T02:31:13Z</time>
      </trkpt>
      <trkpt lat="48.493806" lon="-121.123054">
        <ele>660.0</ele>
        <time>2022-10-16T02:31:18Z</time>
      </trkpt>
      <trkpt lat="48.493757" lon="-121.123075">
        <ele>662.0</ele>
        <time>2022-10-16T02:31:31Z</time>
      </trkpt>
      <trkpt lat="48.493778" lon="-121.123104">
        <ele>665.2</ele>
        <time>2022-10-16T02:31:36Z</time>
      </trkpt>
      <trkpt lat="48.493737" lon="-121.123241">
        <ele>666.0</ele>
        <time>2022-10-16T02:31:39Z</time>
      </trkpt>
      <trkpt lat="48.493699" lon="-121.123200">
        <ele>666.8</ele>
        <time>2022-10-16T02:31:41Z</time>
      </trkpt>
      <trkpt lat="48.493713" lon="-121.123147">
        <ele>665.7</ele>
        <time>2022-10-16T02:31:41Z</time>
      </trkpt>
      <trkpt lat="48.493711" lon="-121.123084">
        <ele>664.9</ele>
        <time>2022-10-16T02:31:42Z</time>
      </trkpt>
      <trkpt lat="48.493697" lon="-121.123055">
        <ele>664.7</ele>
        <time>2022-10-16T02:31:43Z</time>
      </trkpt>
      <trkpt lat="48.493702" lon="-121.123000">
        <ele>663.0</ele>
        <time>2022-10-16T02:31:45Z</time>
      </trkpt>
      <trkpt lat="48.493717" lon="-121.123026">
        <ele>662.2</ele>
        <time>2022-10-16T02:31:47Z</time>
      </trkpt>
      <trkpt lat="48.493714" lon="-121.122990">
        <ele>660.0</ele>
        <time>2022-10-16T02:31:50Z</time>
      </trkpt>
      <trkpt lat="48.493710" lon="-121.123046">
        <ele>657.0</ele>
        <time>2022-10-16T02:31:54Z</time>
      </trkpt>
      <trkpt lat="48.493725" lon="-121.123083">
        <ele>657.0</ele>
        <time>2022-10-16T02:31:57Z</time>
      </trkpt>
      <trkpt lat="48.493678" lon="-121.123125">
        <ele>658.1</ele>
        <time>2022-10-16T02:32:01Z</time>
      </trkpt>
      <trkpt lat="48.493635" lon="-121.123121">
        <ele>658.0</ele>
        <time>2022-10-16T02:32:03Z</time>
      </trkpt>
      <trkpt lat="48.493588" lon="-121.123059">
        <ele>656.0</ele>
        <time>2022-10-16T02:32:10Z</time>
      </trkpt>
      <trkpt lat="48.493543" lon="-121.123041">
        <ele>656.0</ele>
        <time>2022-10-16T02:32:15Z</time>
      </trkpt>
      <trkpt lat="48.493536" lon="-121.123100">
        <ele>657.4</ele>
        <time>2022-10-16T02:32:19Z</time>
      </trkpt>
      <trkpt lat="48.493550" lon="-121.123060">
        <ele>656.0</ele>
        <time>2022-10-16T02:32:21Z</time>
      </trkpt>
      <trkpt lat="48.493513" lon="-121.122980">
        <ele>656.0</ele>
        <time>2022-10-16T02:32:26Z</time>
      </trkpt>
      <trkpt lat="48.493487" lon="-121.122988">
        <ele>656.0</ele>
        <time>2022-10-16T02:32:31Z</time>
      </trkpt>
      <trkpt lat="48.493496" lon="-121.123072">
        <ele>658.0</ele>
        <time>2022-10-16T02:32:37Z</time>
      </trkpt>
      <trkpt lat="48.493515" lon="-121.123108">
        <ele>659.0</ele>
        <time>2022-10-16T02:32:46Z</time>
      </trkpt>
      <trkpt lat="48.493384" lon="-121.123287">
        <ele>660.9</ele>
        <time>2022-10-16T02:33:04Z</time>
      </trkpt>
      <trkpt lat="48.493381" lon="-121.123207">
        <ele>659.0</ele>
        <time>2022-10-16T02:33:07Z</time>
      </trkpt>
      <trkpt lat="48.493365" lon="-121.123241">
        <ele>656.0</ele>
        <time>2022-10-16T02:33:09Z</time>
      </trkpt>
      <trkpt lat="48.493388" lon="-121.123218">
        <ele>655.7</ele>
        <time>2022-10-16T02:33:11Z</time>
      </trkpt>
      <trkpt lat="48.493362" lon="-121.123235">
        <ele>655.0</ele>
        <time>2022-10-16T02:33:13Z</time>
      </trkpt>
      <trkpt lat="48.493316" lon="-121.123226">
        <ele>656.0</ele>
        <time>2022-10-16T02:33:17Z</time>
      </trkpt>
      <trkpt lat="48.493329" lon="-121.123308">
        <ele>653.0</ele>
        <time>2022-10-16T02:33:21Z</time>
      </trkpt>
      <trkpt lat="48.493279" lon="-121.123247">
        <ele>655.0</ele>
        <time>2022-10-16T02:33:30Z</time>
      </trkpt>
      <trkpt lat="48.493250" lon="-121.123280">
        <ele>653.0</ele>
        <time>2022-10-16T02:33:34Z</time>
      </trkpt>
      <trkpt lat="48.493230" lon="-121.123247">
        <ele>648.0</ele>
        <time>2022-10-16T02:33:41Z</time>
      </trkpt>
      <trkpt lat="48.493220" lon="-121.123321">
        <ele>652.0</ele>
        <time>2022-10-16T02:33:53Z</time>
      </trkpt>
      <trkpt lat="48.493197" lon="-121.123292">
        <ele>654.0</ele>
        <time>2022-10-16T02:33:56Z</time>
      </trkpt>
      <trkpt lat="48.493173" lon="-121.123341">
        <ele>653.0</ele>
        <time>2022-10-16T02:34:06Z</time>
      </trkpt>
      <trkpt lat="48.493201" lon="-121.123308">
        <ele>656.8</ele>
        <time>2022-10-16T02:34:12Z</time>
      </trkpt>
      <trkpt lat="48.493162" lon="-121.123320">
        <ele>656.4</ele>
        <time>2022-10-16T02:34:13Z</time>
      </trkpt>
      <trkpt lat="48.493150" lon="-121.123345">
        <ele>654.0</ele>
        <time>2022-10-16T02:34:16Z</time>
      </trkpt>
      <trkpt lat="48.493095" lon="-121.123326">
        <ele>656.0</ele>
        <time>2022-10-16T02:34:22Z</time>
      </trkpt>
      <trkpt lat="48.493055" lon="-121.123289">
        <ele>648.0</ele>
        <time>2022-10-16T02:34:29Z</time>
      </trkpt>
      <trkpt lat="48.493070" lon="-121.123324">
        <ele>656.0</ele>
        <time>2022-10-16T02:34:37Z</time>
      </trkpt>
      <trkpt lat="48.493009" lon="-121.123285">
        <ele>658.0</ele>
        <time>2022-10-16T02:34:40Z</time>
      </trkpt>
      <trkpt lat="48.493037" lon="-121.123401">
        <ele>652.0</ele>
        <time>2022-10-16T02:34:51Z</time>
      </trkpt>
      <trkpt lat="48.493018" lon="-121.123429">
        <ele>654.0</ele>
        <time>2022-10-16T02:34:56Z</time>
      </trkpt>
      <trkpt lat="48.492911" lon="-121.123387">
        <ele>655.0</ele>
        <time>2022-10-16T02:35:06Z</time>
      </trkpt>
      <trkpt lat="48.492903" lon="-121.123347">
        <ele>655.0</ele>
        <time>2022-10-16T02:35:08Z</time>
      </trkpt>
      <trkpt lat="48.492912" lon="-121.123313">
        <ele>654.0</ele>
        <time>2022-10-16T02:35:10Z</time>
      </trkpt>
      <trkpt lat="48.492871" lon="-121.123281">
        <ele>651.0</ele>
        <time>2022-10-16T02:35:14Z</time>
      </trkpt>
      <trkpt lat="48.492861" lon="-121.123162">
        <ele>653.0</ele>
        <time>2022-10-16T02:35:29Z</time>
      </trkpt>
      <trkpt lat="48.492886" lon="-121.123144">
        <ele>655.0</ele>
        <time>2022-10-16T02:35:33Z</time>
      </trkpt>
      <trkpt lat="48.492902" lon="-121.123074">
        <ele>657.0</ele>
        <time>2022-10-16T02:35:47Z</time>
      </trkpt>
      <trkpt lat="48.492862" lon="-121.123181">
        <ele>655.0</ele>
        <time>2022-10-16T02:36:03Z</time>
      </trkpt>
      <trkpt lat="48.492837" lon="-121.123195">
        <ele>655.0</ele>
        <time>2022-10-16T02:36:11Z</time>
      </trkpt>
      <trkpt lat="48.492800" lon="-121.123166">
        <ele>650.0</ele>
        <time>2022-10-16T02:36:25Z</time>
      </trkpt>
      <trkpt lat="48.492840" lon="-121.123219">
        <ele>659.6</ele>
        <time>2022-10-16T02:36:37Z</time>
      </trkpt>
      <trkpt lat="48.492824" lon="-121.123185">
        <ele>660.8</ele>
        <time>2022-10-16T02:36:38Z</time>
      </trkpt>
      <trkpt lat="48.492847" lon="-121.123225">
        <ele>653.0</ele>
        <time>2022-10-16T02:36:50Z</time>
      </trkpt>
      <trkpt lat="48.492824" lon="-121.123196">
        <ele>655.0</ele>
        <time>2022-10-16T02:37:03Z</time>
      </trkpt>
      <trkpt lat="48.492800" lon="-121.123137">
        <ele>656.0</ele>
        <time>2022-10-16T02:37:07Z</time>
      </trkpt>
      <trkpt lat="48.492809" lon="-121.123036">
        <ele>654.0</ele>
        <time>2022-10-16T02:37:14Z</time>
      </trkpt>
      <trkpt lat="48.492790" lon="-121.122983">
        <ele>654.0</ele>
        <time>2022-10-16T02:37:16Z</time>
      </trkpt>
      <trkpt lat="48.492803" lon="-121.122946">
        <ele>656.0</ele>
        <time>2022-10-16T02:37:18Z</time>
      </trkpt>
      <trkpt lat="48.492786" lon="-121.122782">
        <ele>655.0</ele>
        <time>2022-10-16T02:37:29Z</time>
      </trkpt>
      <trkpt lat="48.492768" lon="-121.122756">
        <ele>656.4</ele>
        <time>2022-10-16T02:37:31Z</time>
      </trkpt>
      <trkpt lat="48.492770" lon="-121.122725">
        <ele>654.0</ele>
        <time>2022-10-16T02:37:33Z</time>
      </trkpt>
      <trkpt lat="48.492804" lon="-121.122664">
        <ele>653.0</ele>
        <time>2022-10-16T02:37:38Z</time>
      </trkpt>
      <trkpt lat="48.492807" lon="-121.122616">
        <ele>652.0</ele>
        <time>2022-10-16T02:37:41Z</time>
      </trkpt>
      <trkpt lat="48.492758" lon="-121.122482">
        <ele>650.0</ele>
        <time>2022-10-16T02:37:50Z</time>
      </trkpt>
      <trkpt lat="48.492753" lon="-121.122350">
        <ele>650.0</ele>
        <time>2022-10-16T02:38:02Z</time>
      </trkpt>
      <trkpt lat="48.492691" lon="-121.122305">
        <ele>648.0</ele>
        <time>2022-10-16T02:38:09Z</time>
      </trkpt>
      <trkpt lat="48.492625" lon="-121.122309">
        <ele>651.0</ele>
        <time>2022-10-16T02:38:16Z</time>
      </trkpt>
      <trkpt lat="48.492606" lon="-121.122336">
        <ele>661.0</ele>
        <time>2022-10-16T02:38:55Z</time>
      </trkpt>
      <trkpt lat="48.492589" lon="-121.122335">
        <ele>664.1</ele>
        <time>2022-10-16T02:39:13Z</time>
      </trkpt>
      <trkpt lat="48.492653" lon="-121.122388">
        <ele>660.0</ele>
        <time>2022-10-16T02:39:25Z</time>
      </trkpt>
      <trkpt lat="48.492607" lon="-121.122343">
        <ele>660.0</ele>
        <time>2022-10-16T02:39:31Z</time>
      </trkpt>
      <trkpt lat="48.492637" lon="-121.122349">
        <ele>660.0</ele>
        <time>2022-10-16T02:39:33Z</time>
      </trkpt>
      <trkpt lat="48.492564" lon="-121.122323">
        <ele>656.0</ele>
        <time>2022-10-16T02:39:39Z</time>
      </trkpt>
      <trkpt lat="48.492606" lon="-121.122363">
        <ele>657.0</ele>
        <time>2022-10-16T02:39:53Z</time>
      </trkpt>
      <trkpt lat="48.492609" lon="-121.122330">
        <ele>660.0</ele>
        <time>2022-10-16T02:40:00Z</time>
      </trkpt>
      <trkpt lat="48.492539" lon="-121.122306">
        <ele>663.3</ele>
        <time>2022-10-16T02:40:07Z</time>
      </trkpt>
      <trkpt lat="48.492632" lon="-121.122351">
        <ele>660.0</ele>
        <time>2022-10-16T02:40:24Z</time>
      </trkpt>
      <trkpt lat="48.492619" lon="-121.122394">
        <ele>660.0</ele>
        <time>2022-10-16T02:40:31Z</time>
      </trkpt>
      <trkpt lat="48.492662" lon="-121.122413">
        <ele>660.0</ele>
        <time>2022-10-16T02:40:45Z</time>
      </trkpt>
      <trkpt lat="48.492690" lon="-121.122354">
        <ele>662.0</ele>
        <time>2022-10-16T02:40:52Z</time>
      </trkpt>
      <trkpt lat="48.492659" lon="-121.122338">
        <ele>646.0</ele>
        <time>2022-10-16T02:41:12Z</time>
      </trkpt>
      <trkpt lat="48.492615" lon="-121.122335">
        <ele>656.0</ele>
        <time>2022-10-16T02:41:33Z</time>
      </trkpt>
      <trkpt lat="48.492587" lon="-121.122318">
        <ele>660.0</ele>
        <time>2022-10-16T02:41:37Z</time>
      </trkpt>
      <trkpt lat="48.492619" lon="-121.122344">
        <ele>661.0</ele>
        <time>2022-10-16T02:41:41Z</time>
      </trkpt>
      <trkpt lat="48.492610" lon="-121.122398">
        <ele>661.0</ele>
        <time>2022-10-16T02:41:49Z</time>
      </trkpt>
      <trkpt lat="48.492632" lon="-121.122362">
        <ele>660.0</ele>
        <time>2022-10-16T02:41:58Z</time>
      </trkpt>
      <trkpt lat="48.492608" lon="-121.122340">
        <ele>660.0</ele>
        <time>2022-10-16T02:42:03Z</time>
      </trkpt>
      <trkpt lat="48.492585" lon="-121.122361">
        <ele>661.0</ele>
        <time>2022-10-16T02:42:25Z</time>
      </trkpt>
      <trkpt lat="48.492588" lon="-121.122397">
        <ele>660.0</ele>
        <time>2022-10-16T02:42:38Z</time>
      </trkpt>
      <trkpt lat="48.492572" lon="-121.122378">
        <ele>661.0</ele>
        <time>2022-10-16T02:42:44Z</time>
      </trkpt>
      <trkpt lat="48.492606" lon="-121.122422">
        <ele>659.0</ele>
        <time>2022-10-16T02:42:49Z</time>
      </trkpt>
      <trkpt lat="48.492580" lon="-121.122443">
        <ele>662.0</ele>
        <time>2022-10-16T02:42:54Z</time>
      </trkpt>
      <trkpt lat="48.492667" lon="-121.122406">
        <ele>663.0</ele>
        <time>2022-10-16T02:42:57Z</time>
      </trkpt>
      <trkpt lat="48.492703" lon="-121.122419">
        <ele>663.0</ele>
        <time>2022-10-16T02:42:59Z</time>
      </trkpt>
      <trkpt lat="48.492646" lon="-121.122478">
        <ele>660.0</ele>
        <time>2022-10-16T02:43:03Z</time>
      </trkpt>
      <trkpt lat="48.492625" lon="-121.122418">
        <ele>660.0</ele>
        <time>2022-10-16T02:43:06Z</time>
      </trkpt>
      <trkpt lat="48.492632" lon="-121.122383">
        <ele>659.0</ele>
        <time>2022-10-16T02:43:10Z</time>
      </trkpt>
      <trkpt lat="48.492618" lon="-121.122343">
        <ele>661.0</ele>
        <time>2022-10-16T02:43:17Z</time>
      </trkpt>
      <trkpt lat="48.492664" lon="-121.122398">
        <ele>662.8</ele>
        <time>2022-10-16T02:43:20Z</time>
      </trkpt>
      <trkpt lat="48.492663" lon="-121.122379">
        <ele>660.0</ele>
        <time>2022-10-16T02:43:22Z</time>
      </trkpt>
      <trkpt lat="48.492617" lon="-121.122389">
        <ele>661.5</ele>
        <time>2022-10-16T02:43:26Z</time>
      </trkpt>
      <trkpt lat="48.492508" lon="-121.122329">
        <ele>661.0</ele>
        <time>2022-10-16T02:43:29Z</time>
      </trkpt>
      <trkpt lat="48.492573" lon="-121.122377">
        <ele>657.0</ele>
        <time>2022-10-16T02:43:40Z</time>
      </trkpt>
      <trkpt lat="48.492510" lon="-121.122387">
        <ele>660.9</ele>
        <time>2022-10-16T02:43:48Z</time>
      </trkpt>
      <trkpt lat="48.492570" lon="-121.122355">
        <ele>663.0</ele>
        <time>2022-10-16T02:43:59Z</time>
      </trkpt>
      <trkpt lat="48.492626" lon="-121.122388">
        <ele>660.0</ele>
        <time>2022-10-16T02:44:21Z</time>
      </trkpt>
      <trkpt lat="48.492678" lon="-121.122440">
        <ele>662.0</ele>
        <time>2022-10-16T02:44:37Z</time>
      </trkpt>
      <trkpt lat="48.492643" lon="-121.122461">
        <ele>660.0</ele>
        <time>2022-10-16T02:44:40Z</time>
      </trkpt>
      <trkpt lat="48.492601" lon="-121.122420">
        <ele>659.0</ele>
        <time>2022-10-16T02:44:45Z</time>
      </trkpt>
      <trkpt lat="48.492595" lon="-121.122394">
        <ele>659.0</ele>
        <time>2022-10-16T02:45:00Z</time>
      </trkpt>
      <trkpt lat="48.492654" lon="-121.122409">
        <ele>661.0</ele>
        <time>2022-10-16T02:45:14Z</time>
      </trkpt>
      <trkpt lat="48.492663" lon="-121.122376">
        <ele>660.0</ele>
        <time>2022-10-16T02:45:16Z</time>
      </trkpt>
      <trkpt lat="48.492609" lon="-121.122338">
        <ele>663.0</ele>
        <time>2022-10-16T02:45:48Z</time>
      </trkpt>
      <trkpt lat="48.492610" lon="-121.122355">
        <ele>665.0</ele>
        <time>2022-10-16T02:45:54Z</time>
      </trkpt>
      <trkpt lat="48.492591" lon="-121.122354">
        <ele>657.0</ele>
        <time>2022-10-16T02:46:03Z</time>
      </trkpt>
      <trkpt lat="48.492540" lon="-121.122313">
        <ele>656.0</ele>
        <time>2022-10-16T02:46:38Z</time>
      </trkpt>
      <trkpt lat="48.492486" lon="-121.122232">
        <ele>663.0</ele>
        <time>2022-10-16T02:47:03Z</time>
      </trkpt>
      <trkpt lat="48.492632" lon="-121.122284">
        <ele>672.0</ele>
        <time>2022-10-16T02:47:27Z</time>
      </trkpt>
      <trkpt lat="48.492563" lon="-121.122272">
        <ele>671.0</ele>
        <time>2022-10-16T02:47:34Z</time>
      </trkpt>
      <trkpt lat="48.492619" lon="-121.122314">
        <ele>669.0</ele>
        <time>2022-10-16T02:47:37Z</time>
      </trkpt>
      <trkpt lat="48.492653" lon="-121.122319">
        <ele>668.0</ele>
        <time>2022-10-16T02:47:40Z</time>
      </trkpt>
      <trkpt lat="48.492658" lon="-121.122357">
        <ele>667.0</ele>
        <time>2022-10-16T02:47:43Z</time>
      </trkpt>
      <trkpt lat="48.492610" lon="-121.122342">
        <ele>665.0</ele>
        <time>2022-10-16T02:47:52Z</time>
      </trkpt>
      <trkpt lat="48.492578" lon="-121.122318">
        <ele>664.0</ele>
        <time>2022-10-16T02:48:01Z</time>
      </trkpt>
      <trkpt lat="48.492606" lon="-121.122315">
        <ele>661.0</ele>
        <time>2022-10-16T02:48:15Z</time>
      </trkpt>
      <trkpt lat="48.492628" lon="-121.122290">
        <ele>661.0</ele>
        <time>2022-10-16T02:48:22Z</time>
      </trkpt>
      <trkpt lat="48.492623" lon="-121.122360">
        <ele>656.0</ele>
        <time>2022-10-16T02:48:46Z</time>
      </trkpt>
      <trkpt lat="48.492586" lon="-121.122323">
        <ele>657.0</ele>
        <time>2022-10-16T02:48:49Z</time>
      </trkpt>
      <trkpt lat="48.492625" lon="-121.122374">
        <ele>654.0</ele>
        <time>2022-10-16T02:48:57Z</time>
      </trkpt>
      <trkpt lat="48.492593" lon="-121.122376">
        <ele>660.0</ele>
        <time>2022-10-16T02:49:14Z</time>
      </trkpt>
      <trkpt lat="48.492643" lon="-121.122411">
        <ele>660.0</ele>
        <time>2022-10-16T02:49:57Z</time>
      </trkpt>
      <trkpt lat="48.492623" lon="-121.122309">
        <ele>662.6</ele>
        <time>2022-10-16T02:50:14Z</time>
      </trkpt>
      <trkpt lat="48.492602" lon="-121.122277">
        <ele>662.8</ele>
        <time>2022-10-16T02:50:15Z</time>
      </trkpt>
      <trkpt lat="48.492599" lon="-121.122197">
        <ele>657.0</ele>
        <time>2022-10-16T02:50:22Z</time>
      </trkpt>
      <trkpt lat="48.492641" lon="-121.122149">
        <ele>660.0</ele>
        <time>2022-10-16T02:50:29Z</time>
      </trkpt>
      <trkpt lat="48.492742" lon="-121.122331">
        <ele>664.7</ele>
        <time>2022-10-16T02:50:34Z</time>
      </trkpt>
      <trkpt lat="48.492749" lon="-121.122442">
        <ele>664.2</ele>
        <time>2022-10-16T02:50:36Z</time>
      </trkpt>
      <trkpt lat="48.492771" lon="-121.122494">
        <ele>664.1</ele>
        <time>2022-10-16T02:50:37Z</time>
      </trkpt>
      <trkpt lat="48.492789" lon="-121.122647">
        <ele>663.3</ele>
        <time>2022-10-16T02:50:39Z</time>
      </trkpt>
      <trkpt lat="48.492771" lon="-121.122935">
        <ele>661.6</ele>
        <time>2022-10-16T02:50:42Z</time>
      </trkpt>
      <trkpt lat="48.492775" lon="-121.123020">
        <ele>661.3</ele>
        <time>2022-10-16T02:50:43Z</time>
      </trkpt>
      <trkpt lat="48.492792" lon="-121.123112">
        <ele>661.4</ele>
        <time>2022-10-16T02:50:44Z</time>
      </trkpt>
      <trkpt lat="48.492772" lon="-121.123144">
        <ele>661.0</ele>
        <time>2022-10-16T02:50:45Z</time>
      </trkpt>
      <trkpt lat="48.492781" lon="-121.123212">
        <ele>660.7</ele>
        <time>2022-10-16T02:50:46Z</time>
      </trkpt>
      <trkpt lat="48.492776" lon="-121.123295">
        <ele>661.1</ele>
        <time>2022-10-16T02:50:47Z</time>
      </trkpt>
      <trkpt lat="48.492748" lon="-121.123321">
        <ele>660.9</ele>
        <time>2022-10-16T02:50:48Z</time>
      </trkpt>
      <trkpt lat="48.492745" lon="-121.123460">
        <ele>661.9</ele>
        <time>2022-10-16T02:50:50Z</time>
      </trkpt>
      <trkpt lat="48.492758" lon="-121.123595">
        <ele>662.0</ele>
        <time>2022-10-16T02:50:52Z</time>
      </trkpt>
      <trkpt lat="48.492740" lon="-121.123646">
        <ele>661.8</ele>
        <time>2022-10-16T02:50:53Z</time>
      </trkpt>
      <trkpt lat="48.492746" lon="-121.123870">
        <ele>662.2</ele>
        <time>2022-10-16T02:50:56Z</time>
      </trkpt>
      <trkpt lat="48.492728" lon="-121.124108">
        <ele>662.6</ele>
        <time>2022-10-16T02:50:59Z</time>
      </trkpt>
      <trkpt lat="48.492730" lon="-121.124188">
        <ele>662.5</ele>
        <time>2022-10-16T02:51:00Z</time>
      </trkpt>
      <trkpt lat="48.492675" lon="-121.124269">
        <ele>662.1</ele>
        <time>2022-10-16T02:51:01Z</time>
      </trkpt>
    </trkseg>
  </trk>
</gpx>
