<?xml version="1.0" ?><gpx xmlns="http://www.topografix.com/GPX/1/1" creator="GaiaGPS" version="1.1" xmlns:xsi="http://www.w3.org/2001/XMLSchema-instance" xsi:schemaLocation="http://www.topografix.com/GPX/1/1 http://www.topografix.com/GPX/1/1/gpx.xsd"><trk><name>Track (10/7/23, 9:29:49AM)</name><desc></desc><extensions><line xmlns="http://www.topografix.com/GPX/gpx_style/0/2"><color>FFC900</color></line></extensions><trkseg><trkpt lat="47.421886" lon="-120.937518"><ele>1213.8</ele><time>2023-10-07T16:29:48Z</time></trkpt><trkpt lat="47.421919" lon="-120.937528"><ele>1214.0</ele><time>2023-10-07T16:29:51Z</time></trkpt><trkpt lat="47.421985" lon="-120.937526"><ele>1212.0</ele><time>2023-10-07T16:29:57Z</time></trkpt><trkpt lat="47.422354" lon="-120.93759"><ele>1216.0</ele><time>2023-10-07T16:30:30Z</time></trkpt><trkpt lat="47.42258" lon="-120.937613"><ele>1215.0</ele><time>2023-10-07T16:30:48Z</time></trkpt><trkpt lat="47.422609" lon="-120.9376"><ele>1215.0</ele><time>2023-10-07T16:30:51Z</time></trkpt><trkpt lat="47.422715" lon="-120.937596"><ele>1215.0</ele><time>2023-10-07T16:31:00Z</time></trkpt><trkpt lat="47.422803" lon="-120.937604"><ele>1212.0</ele><time>2023-10-07T16:31:06Z</time></trkpt><trkpt lat="47.423276" lon="-120.937703"><ele>1217.0</ele><time>2023-10-07T16:31:44Z</time></trkpt><trkpt lat="47.423702" lon="-120.93774"><ele>1218.0</ele><time>2023-10-07T16:32:21Z</time></trkpt><trkpt lat="47.423739" lon="-120.937756"><ele>1220.0</ele><time>2023-10-07T16:32:24Z</time></trkpt><trkpt lat="47.423782" lon="-120.937754"><ele>1220.0</ele><time>2023-10-07T16:32:28Z</time></trkpt><trkpt lat="47.423816" lon="-120.937737"><ele>1220.0</ele><time>2023-10-07T16:32:31Z</time></trkpt><trkpt lat="47.423918" lon="-120.937727"><ele>1221.0</ele><time>2023-10-07T16:32:40Z</time></trkpt><trkpt lat="47.424026" lon="-120.937695"><ele>1221.0</ele><time>2023-10-07T16:32:49Z</time></trkpt><trkpt lat="47.424169" lon="-120.937676"><ele>1222.0</ele><time>2023-10-07T16:33:00Z</time></trkpt><trkpt lat="47.424224" lon="-120.937679"><ele>1224.1</ele><time>2023-10-07T16:33:05Z</time></trkpt><trkpt lat="47.424362" lon="-120.937645"><ele>1224.0</ele><time>2023-10-07T16:33:16Z</time></trkpt><trkpt lat="47.424398" lon="-120.937651"><ele>1226.0</ele><time>2023-10-07T16:33:18Z</time></trkpt><trkpt lat="47.42456" lon="-120.937623"><ele>1224.0</ele><time>2023-10-07T16:33:30Z</time></trkpt><trkpt lat="47.424673" lon="-120.937578"><ele>1224.0</ele><time>2023-10-07T16:33:40Z</time></trkpt><trkpt lat="47.424931" lon="-120.937527"><ele>1227.0</ele><time>2023-10-07T16:34:02Z</time></trkpt><trkpt lat="47.425177" lon="-120.937459"><ele>1225.0</ele><time>2023-10-07T16:34:25Z</time></trkpt><trkpt lat="47.425198" lon="-120.937426"><ele>1227.0</ele><time>2023-10-07T16:34:29Z</time></trkpt><trkpt lat="47.425378" lon="-120.937417"><ele>1228.0</ele><time>2023-10-07T16:34:40Z</time></trkpt><trkpt lat="47.425558" lon="-120.937364"><ele>1227.0</ele><time>2023-10-07T16:34:56Z</time></trkpt><trkpt lat="47.425839" lon="-120.937326"><ele>1230.0</ele><time>2023-10-07T16:35:19Z</time></trkpt><trkpt lat="47.42609" lon="-120.937315"><ele>1230.0</ele><time>2023-10-07T16:35:39Z</time></trkpt><trkpt lat="47.426157" lon="-120.93733"><ele>1227.0</ele><time>2023-10-07T16:35:44Z</time></trkpt><trkpt lat="47.426291" lon="-120.937389"><ele>1228.0</ele><time>2023-10-07T16:35:56Z</time></trkpt><trkpt lat="47.426518" lon="-120.937537"><ele>1230.0</ele><time>2023-10-07T16:36:17Z</time></trkpt><trkpt lat="47.426547" lon="-120.937547"><ele>1230.0</ele><time>2023-10-07T16:36:19Z</time></trkpt><trkpt lat="47.426625" lon="-120.937607"><ele>1231.0</ele><time>2023-10-07T16:36:27Z</time></trkpt><trkpt lat="47.42686" lon="-120.93772"><ele>1230.0</ele><time>2023-10-07T16:36:48Z</time></trkpt><trkpt lat="47.426933" lon="-120.937719"><ele>1230.0</ele><time>2023-10-07T16:36:53Z</time></trkpt><trkpt lat="47.42703" lon="-120.93774"><ele>1230.0</ele><time>2023-10-07T16:37:02Z</time></trkpt><trkpt lat="47.427259" lon="-120.937762"><ele>1230.0</ele><time>2023-10-07T16:37:21Z</time></trkpt><trkpt lat="47.42739" lon="-120.937803"><ele>1233.0</ele><time>2023-10-07T16:37:33Z</time></trkpt><trkpt lat="47.427417" lon="-120.937823"><ele>1233.0</ele><time>2023-10-07T16:37:36Z</time></trkpt><trkpt lat="47.427696" lon="-120.937846"><ele>1233.0</ele><time>2023-10-07T16:37:59Z</time></trkpt><trkpt lat="47.427997" lon="-120.937814"><ele>1235.0</ele><time>2023-10-07T16:38:25Z</time></trkpt><trkpt lat="47.428107" lon="-120.937787"><ele>1236.0</ele><time>2023-10-07T16:38:35Z</time></trkpt><trkpt lat="47.428138" lon="-120.937768"><ele>1236.0</ele><time>2023-10-07T16:38:38Z</time></trkpt><trkpt lat="47.428448" lon="-120.937712"><ele>1236.0</ele><time>2023-10-07T16:39:06Z</time></trkpt><trkpt lat="47.428479" lon="-120.937694"><ele>1236.0</ele><time>2023-10-07T16:39:09Z</time></trkpt><trkpt lat="47.4286" lon="-120.937682"><ele>1240.0</ele><time>2023-10-07T16:39:20Z</time></trkpt><trkpt lat="47.428729" lon="-120.937647"><ele>1239.0</ele><time>2023-10-07T16:39:29Z</time></trkpt><trkpt lat="47.428764" lon="-120.937634"><ele>1239.0</ele><time>2023-10-07T16:39:32Z</time></trkpt><trkpt lat="47.428794" lon="-120.937609"><ele>1239.0</ele><time>2023-10-07T16:39:35Z</time></trkpt><trkpt lat="47.428938" lon="-120.937567"><ele>1242.0</ele><time>2023-10-07T16:39:47Z</time></trkpt><trkpt lat="47.429026" lon="-120.937521"><ele>1242.0</ele><time>2023-10-07T16:39:54Z</time></trkpt><trkpt lat="47.429103" lon="-120.937466"><ele>1242.0</ele><time>2023-10-07T16:40:01Z</time></trkpt><trkpt lat="47.42922" lon="-120.937348"><ele>1243.0</ele><time>2023-10-07T16:40:13Z</time></trkpt><trkpt lat="47.429349" lon="-120.937257"><ele>1245.0</ele><time>2023-10-07T16:40:25Z</time></trkpt><trkpt lat="47.429371" lon="-120.937226"><ele>1245.0</ele><time>2023-10-07T16:40:28Z</time></trkpt><trkpt lat="47.429464" lon="-120.937157"><ele>1245.0</ele><time>2023-10-07T16:40:36Z</time></trkpt><trkpt lat="47.429612" lon="-120.936988"><ele>1248.0</ele><time>2023-10-07T16:40:53Z</time></trkpt><trkpt lat="47.429631" lon="-120.93695"><ele>1247.0</ele><time>2023-10-07T16:40:56Z</time></trkpt><trkpt lat="47.429662" lon="-120.936934"><ele>1248.0</ele><time>2023-10-07T16:40:58Z</time></trkpt><trkpt lat="47.429888" lon="-120.936682"><ele>1250.0</ele><time>2023-10-07T16:41:21Z</time></trkpt><trkpt lat="47.429947" lon="-120.936637"><ele>1249.0</ele><time>2023-10-07T16:41:27Z</time></trkpt><trkpt lat="47.43007" lon="-120.936587"><ele>1251.0</ele><time>2023-10-07T16:41:37Z</time></trkpt><trkpt lat="47.430248" lon="-120.936541"><ele>1254.0</ele><time>2023-10-07T16:41:52Z</time></trkpt><trkpt lat="47.430425" lon="-120.936517"><ele>1254.0</ele><time>2023-10-07T16:42:07Z</time></trkpt><trkpt lat="47.430499" lon="-120.936524"><ele>1254.0</ele><time>2023-10-07T16:42:13Z</time></trkpt><trkpt lat="47.430559" lon="-120.936498"><ele>1257.0</ele><time>2023-10-07T16:42:19Z</time></trkpt><trkpt lat="47.430646" lon="-120.936481"><ele>1256.0</ele><time>2023-10-07T16:42:27Z</time></trkpt><trkpt lat="47.430714" lon="-120.936447"><ele>1258.0</ele><time>2023-10-07T16:42:34Z</time></trkpt><trkpt lat="47.430744" lon="-120.936456"><ele>1258.0</ele><time>2023-10-07T16:42:36Z</time></trkpt><trkpt lat="47.430767" lon="-120.936441"><ele>1258.0</ele><time>2023-10-07T16:42:37Z</time></trkpt><trkpt lat="47.430889" lon="-120.936402"><ele>1257.0</ele><time>2023-10-07T16:42:49Z</time></trkpt><trkpt lat="47.430969" lon="-120.936395"><ele>1259.0</ele><time>2023-10-07T16:42:56Z</time></trkpt><trkpt lat="47.431033" lon="-120.936372"><ele>1260.0</ele><time>2023-10-07T16:43:02Z</time></trkpt><trkpt lat="47.431076" lon="-120.936373"><ele>1260.0</ele><time>2023-10-07T16:43:05Z</time></trkpt><trkpt lat="47.431183" lon="-120.936344"><ele>1261.0</ele><time>2023-10-07T16:43:14Z</time></trkpt><trkpt lat="47.431255" lon="-120.936349"><ele>1260.0</ele><time>2023-10-07T16:43:20Z</time></trkpt><trkpt lat="47.431363" lon="-120.936315"><ele>1260.0</ele><time>2023-10-07T16:43:29Z</time></trkpt><trkpt lat="47.431445" lon="-120.93627"><ele>1260.0</ele><time>2023-10-07T16:43:36Z</time></trkpt><trkpt lat="47.431541" lon="-120.936193"><ele>1263.0</ele><time>2023-10-07T16:43:45Z</time></trkpt><trkpt lat="47.43164" lon="-120.936145"><ele>1264.0</ele><time>2023-10-07T16:43:55Z</time></trkpt><trkpt lat="47.431703" lon="-120.936126"><ele>1263.0</ele><time>2023-10-07T16:44:00Z</time></trkpt><trkpt lat="47.431774" lon="-120.936144"><ele>1263.0</ele><time>2023-10-07T16:44:06Z</time></trkpt><trkpt lat="47.431841" lon="-120.936185"><ele>1263.0</ele><time>2023-10-07T16:44:12Z</time></trkpt><trkpt lat="47.431991" lon="-120.936313"><ele>1266.0</ele><time>2023-10-07T16:44:26Z</time></trkpt><trkpt lat="47.432059" lon="-120.936333"><ele>1263.0</ele><time>2023-10-07T16:44:32Z</time></trkpt><trkpt lat="47.432121" lon="-120.936367"><ele>1266.0</ele><time>2023-10-07T16:44:37Z</time></trkpt><trkpt lat="47.432238" lon="-120.936385"><ele>1264.0</ele><time>2023-10-07T16:44:47Z</time></trkpt><trkpt lat="47.432344" lon="-120.936378"><ele>1266.0</ele><time>2023-10-07T16:44:57Z</time></trkpt><trkpt lat="47.432451" lon="-120.936345"><ele>1265.0</ele><time>2023-10-07T16:45:06Z</time></trkpt><trkpt lat="47.43259" lon="-120.936241"><ele>1266.0</ele><time>2023-10-07T16:45:18Z</time></trkpt><trkpt lat="47.432721" lon="-120.936096"><ele>1269.0</ele><time>2023-10-07T16:45:32Z</time></trkpt><trkpt lat="47.432749" lon="-120.936077"><ele>1270.0</ele><time>2023-10-07T16:45:35Z</time></trkpt><trkpt lat="47.432886" lon="-120.936033"><ele>1271.0</ele><time>2023-10-07T16:45:46Z</time></trkpt><trkpt lat="47.433012" lon="-120.936057"><ele>1273.0</ele><time>2023-10-07T16:45:57Z</time></trkpt><trkpt lat="47.433047" lon="-120.936076"><ele>1273.9</ele><time>2023-10-07T16:46:01Z</time></trkpt><trkpt lat="47.433099" lon="-120.936066"><ele>1275.0</ele><time>2023-10-07T16:46:06Z</time></trkpt><trkpt lat="47.433134" lon="-120.936083"><ele>1275.0</ele><time>2023-10-07T16:46:09Z</time></trkpt><trkpt lat="47.433165" lon="-120.936082"><ele>1275.0</ele><time>2023-10-07T16:46:13Z</time></trkpt><trkpt lat="47.43328" lon="-120.936126"><ele>1278.0</ele><time>2023-10-07T16:46:23Z</time></trkpt><trkpt lat="47.433319" lon="-120.936127"><ele>1276.0</ele><time>2023-10-07T16:46:27Z</time></trkpt><trkpt lat="47.433439" lon="-120.936169"><ele>1278.0</ele><time>2023-10-07T16:46:37Z</time></trkpt><trkpt lat="47.433554" lon="-120.936266"><ele>1278.0</ele><time>2023-10-07T16:46:47Z</time></trkpt><trkpt lat="47.433655" lon="-120.93637"><ele>1278.0</ele><time>2023-10-07T16:46:58Z</time></trkpt><trkpt lat="47.433695" lon="-120.936438"><ele>1280.0</ele><time>2023-10-07T16:47:04Z</time></trkpt><trkpt lat="47.43377" lon="-120.936522"><ele>1278.0</ele><time>2023-10-07T16:47:13Z</time></trkpt><trkpt lat="47.4339" lon="-120.936612"><ele>1278.0</ele><time>2023-10-07T16:47:26Z</time></trkpt><trkpt lat="47.434042" lon="-120.936739"><ele>1283.0</ele><time>2023-10-07T16:47:40Z</time></trkpt><trkpt lat="47.434142" lon="-120.936803"><ele>1284.0</ele><time>2023-10-07T16:47:49Z</time></trkpt><trkpt lat="47.434406" lon="-120.936934"><ele>1284.0</ele><time>2023-10-07T16:48:13Z</time></trkpt><trkpt lat="47.434478" lon="-120.936953"><ele>1284.0</ele><time>2023-10-07T16:48:19Z</time></trkpt><trkpt lat="47.43458" lon="-120.93694"><ele>1285.0</ele><time>2023-10-07T16:48:27Z</time></trkpt><trkpt lat="47.434662" lon="-120.936943"><ele>1287.0</ele><time>2023-10-07T16:48:34Z</time></trkpt><trkpt lat="47.434697" lon="-120.936933"><ele>1288.0</ele><time>2023-10-07T16:48:38Z</time></trkpt><trkpt lat="47.43527" lon="-120.936997"><ele>1292.0</ele><time>2023-10-07T16:49:25Z</time></trkpt><trkpt lat="47.43537" lon="-120.937043"><ele>1293.0</ele><time>2023-10-07T16:49:34Z</time></trkpt><trkpt lat="47.435461" lon="-120.937112"><ele>1293.0</ele><time>2023-10-07T16:49:42Z</time></trkpt><trkpt lat="47.435532" lon="-120.93715"><ele>1293.0</ele><time>2023-10-07T16:49:48Z</time></trkpt><trkpt lat="47.435561" lon="-120.937183"><ele>1293.0</ele><time>2023-10-07T16:49:50Z</time></trkpt><trkpt lat="47.43577" lon="-120.937238"><ele>1296.0</ele><time>2023-10-07T16:50:07Z</time></trkpt><trkpt lat="47.436034" lon="-120.937213"><ele>1298.0</ele><time>2023-10-07T16:50:28Z</time></trkpt><trkpt lat="47.43608" lon="-120.937168"><ele>1301.0</ele><time>2023-10-07T16:50:34Z</time></trkpt><trkpt lat="47.436143" lon="-120.937154"><ele>1302.0</ele><time>2023-10-07T16:50:38Z</time></trkpt><trkpt lat="47.436207" lon="-120.937119"><ele>1303.0</ele><time>2023-10-07T16:50:44Z</time></trkpt><trkpt lat="47.436239" lon="-120.937117"><ele>1302.0</ele><time>2023-10-07T16:50:46Z</time></trkpt><trkpt lat="47.436432" lon="-120.937051"><ele>1304.7</ele><time>2023-10-07T16:51:01Z</time></trkpt><trkpt lat="47.43645" lon="-120.937024"><ele>1302.0</ele><time>2023-10-07T16:51:04Z</time></trkpt><trkpt lat="47.436564" lon="-120.93699"><ele>1304.0</ele><time>2023-10-07T16:51:14Z</time></trkpt><trkpt lat="47.436638" lon="-120.936988"><ele>1304.0</ele><time>2023-10-07T16:51:20Z</time></trkpt><trkpt lat="47.43671" lon="-120.937004"><ele>1302.0</ele><time>2023-10-07T16:51:26Z</time></trkpt><trkpt lat="47.436799" lon="-120.937056"><ele>1303.0</ele><time>2023-10-07T16:51:37Z</time></trkpt><trkpt lat="47.436985" lon="-120.937379"><ele>1302.0</ele><time>2023-10-07T16:52:16Z</time></trkpt><trkpt lat="47.437048" lon="-120.937416"><ele>1304.0</ele><time>2023-10-07T16:52:24Z</time></trkpt><trkpt lat="47.437097" lon="-120.937472"><ele>1304.0</ele><time>2023-10-07T16:52:31Z</time></trkpt><trkpt lat="47.437183" lon="-120.937458"><ele>1303.0</ele><time>2023-10-07T16:53:14Z</time></trkpt><trkpt lat="47.437202" lon="-120.937497"><ele>1302.0</ele><time>2023-10-07T16:53:21Z</time></trkpt><trkpt lat="47.437218" lon="-120.937637"><ele>1304.0</ele><time>2023-10-07T16:53:42Z</time></trkpt><trkpt lat="47.437286" lon="-120.937633"><ele>1304.0</ele><time>2023-10-07T16:54:29Z</time></trkpt><trkpt lat="47.437278" lon="-120.937607"><ele>1301.0</ele><time>2023-10-07T16:58:06Z</time></trkpt><trkpt lat="47.437275" lon="-120.937527"><ele>1305.0</ele><time>2023-10-07T16:58:51Z</time></trkpt><trkpt lat="47.437246" lon="-120.937501"><ele>1305.0</ele><time>2023-10-07T16:58:55Z</time></trkpt><trkpt lat="47.437236" lon="-120.937452"><ele>1304.0</ele><time>2023-10-07T16:59:00Z</time></trkpt><trkpt lat="47.437164" lon="-120.93742"><ele>1305.0</ele><time>2023-10-07T16:59:10Z</time></trkpt><trkpt lat="47.437147" lon="-120.937395"><ele>1305.0</ele><time>2023-10-07T16:59:13Z</time></trkpt><trkpt lat="47.437052" lon="-120.937334"><ele>1304.0</ele><time>2023-10-07T16:59:25Z</time></trkpt><trkpt lat="47.43703" lon="-120.937296"><ele>1303.0</ele><time>2023-10-07T16:59:31Z</time></trkpt><trkpt lat="47.437" lon="-120.93727"><ele>1302.0</ele><time>2023-10-07T16:59:33Z</time></trkpt><trkpt lat="47.436868" lon="-120.937207"><ele>1302.0</ele><time>2023-10-07T16:59:47Z</time></trkpt><trkpt lat="47.436831" lon="-120.937203"><ele>1302.0</ele><time>2023-10-07T17:08:41Z</time></trkpt><trkpt lat="47.436752" lon="-120.937018"><ele>1302.0</ele><time>2023-10-07T17:09:35Z</time></trkpt><trkpt lat="47.436748" lon="-120.936935"><ele>1301.0</ele><time>2023-10-07T17:09:41Z</time></trkpt><trkpt lat="47.436788" lon="-120.936843"><ele>1302.0</ele><time>2023-10-07T17:09:50Z</time></trkpt><trkpt lat="47.436809" lon="-120.936813"><ele>1302.0</ele><time>2023-10-07T17:09:53Z</time></trkpt><trkpt lat="47.436833" lon="-120.936802"><ele>1302.0</ele><time>2023-10-07T17:09:55Z</time></trkpt><trkpt lat="47.436983" lon="-120.936898"><ele>1304.0</ele><time>2023-10-07T17:10:15Z</time></trkpt><trkpt lat="47.437033" lon="-120.936897"><ele>1305.0</ele><time>2023-10-07T17:10:21Z</time></trkpt><trkpt lat="47.437081" lon="-120.936947"><ele>1307.0</ele><time>2023-10-07T17:10:28Z</time></trkpt><trkpt lat="47.437159" lon="-120.936994"><ele>1308.0</ele><time>2023-10-07T17:10:39Z</time></trkpt><trkpt lat="47.437239" lon="-120.937065"><ele>1310.0</ele><time>2023-10-07T17:10:51Z</time></trkpt><trkpt lat="47.437269" lon="-120.937081"><ele>1311.0</ele><time>2023-10-07T17:10:54Z</time></trkpt><trkpt lat="47.437303" lon="-120.937084"><ele>1310.0</ele><time>2023-10-07T17:10:58Z</time></trkpt><trkpt lat="47.437372" lon="-120.937177"><ele>1314.0</ele><time>2023-10-07T17:11:08Z</time></trkpt><trkpt lat="47.437435" lon="-120.937209"><ele>1310.0</ele><time>2023-10-07T17:11:16Z</time></trkpt><trkpt lat="47.437484" lon="-120.937256"><ele>1312.0</ele><time>2023-10-07T17:11:25Z</time></trkpt><trkpt lat="47.437519" lon="-120.937257"><ele>1314.0</ele><time>2023-10-07T17:11:29Z</time></trkpt><trkpt lat="47.437599" lon="-120.937324"><ele>1315.0</ele><time>2023-10-07T17:11:41Z</time></trkpt><trkpt lat="47.437632" lon="-120.937333"><ele>1315.0</ele><time>2023-10-07T17:11:46Z</time></trkpt><trkpt lat="47.43769" lon="-120.937332"><ele>1316.0</ele><time>2023-10-07T17:11:55Z</time></trkpt><trkpt lat="47.437714" lon="-120.937308"><ele>1315.0</ele><time>2023-10-07T17:11:59Z</time></trkpt><trkpt lat="47.437747" lon="-120.937321"><ele>1316.0</ele><time>2023-10-07T17:12:04Z</time></trkpt><trkpt lat="47.437821" lon="-120.937317"><ele>1319.0</ele><time>2023-10-07T17:12:13Z</time></trkpt><trkpt lat="47.437859" lon="-120.937335"><ele>1320.0</ele><time>2023-10-07T17:12:26Z</time></trkpt><trkpt lat="47.437936" lon="-120.93735"><ele>1320.0</ele><time>2023-10-07T17:12:42Z</time></trkpt><trkpt lat="47.437961" lon="-120.937377"><ele>1320.0</ele><time>2023-10-07T17:12:46Z</time></trkpt><trkpt lat="47.438062" lon="-120.937376"><ele>1325.0</ele><time>2023-10-07T17:12:59Z</time></trkpt><trkpt lat="47.438094" lon="-120.937366"><ele>1325.0</ele><time>2023-10-07T17:13:04Z</time></trkpt><trkpt lat="47.438222" lon="-120.937414"><ele>1331.7</ele><time>2023-10-07T17:13:20Z</time></trkpt><trkpt lat="47.438249" lon="-120.937442"><ele>1329.0</ele><time>2023-10-07T17:13:24Z</time></trkpt><trkpt lat="47.438315" lon="-120.937473"><ele>1332.0</ele><time>2023-10-07T17:13:31Z</time></trkpt><trkpt lat="47.438423" lon="-120.937568"><ele>1333.0</ele><time>2023-10-07T17:13:44Z</time></trkpt><trkpt lat="47.438481" lon="-120.937594"><ele>1335.0</ele><time>2023-10-07T17:13:51Z</time></trkpt><trkpt lat="47.438521" lon="-120.937638"><ele>1336.0</ele><time>2023-10-07T17:13:59Z</time></trkpt><trkpt lat="47.438575" lon="-120.937658"><ele>1338.0</ele><time>2023-10-07T17:14:05Z</time></trkpt><trkpt lat="47.438604" lon="-120.937682"><ele>1339.0</ele><time>2023-10-07T17:14:10Z</time></trkpt><trkpt lat="47.438626" lon="-120.937734"><ele>1335.0</ele><time>2023-10-07T17:14:15Z</time></trkpt><trkpt lat="47.438701" lon="-120.937803"><ele>1340.0</ele><time>2023-10-07T17:14:30Z</time></trkpt><trkpt lat="47.438734" lon="-120.9379"><ele>1341.0</ele><time>2023-10-07T17:14:39Z</time></trkpt><trkpt lat="47.438794" lon="-120.938003"><ele>1340.0</ele><time>2023-10-07T17:14:50Z</time></trkpt><trkpt lat="47.438838" lon="-120.938045"><ele>1345.0</ele><time>2023-10-07T17:14:56Z</time></trkpt><trkpt lat="47.438845" lon="-120.938074"><ele>1344.0</ele><time>2023-10-07T17:14:57Z</time></trkpt><trkpt lat="47.438904" lon="-120.938115"><ele>1345.0</ele><time>2023-10-07T17:15:05Z</time></trkpt><trkpt lat="47.438987" lon="-120.938211"><ele>1345.0</ele><time>2023-10-07T17:15:26Z</time></trkpt><trkpt lat="47.439191" lon="-120.938231"><ele>1350.0</ele><time>2023-10-07T17:15:46Z</time></trkpt><trkpt lat="47.439305" lon="-120.938271"><ele>1352.0</ele><time>2023-10-07T17:16:00Z</time></trkpt><trkpt lat="47.439367" lon="-120.938265"><ele>1352.0</ele><time>2023-10-07T17:16:07Z</time></trkpt><trkpt lat="47.439507" lon="-120.938284"><ele>1355.0</ele><time>2023-10-07T17:16:24Z</time></trkpt><trkpt lat="47.439601" lon="-120.938278"><ele>1359.0</ele><time>2023-10-07T17:16:37Z</time></trkpt><trkpt lat="47.43964" lon="-120.93829"><ele>1359.0</ele><time>2023-10-07T17:16:41Z</time></trkpt><trkpt lat="47.439701" lon="-120.938326"><ele>1359.0</ele><time>2023-10-07T17:16:49Z</time></trkpt><trkpt lat="47.439779" lon="-120.938401"><ele>1360.0</ele><time>2023-10-07T17:16:59Z</time></trkpt><trkpt lat="47.43981" lon="-120.938412"><ele>1358.0</ele><time>2023-10-07T17:17:04Z</time></trkpt><trkpt lat="47.439949" lon="-120.938531"><ele>1359.0</ele><time>2023-10-07T17:17:38Z</time></trkpt><trkpt lat="47.439963" lon="-120.938502"><ele>1366.3</ele><time>2023-10-07T17:18:05Z</time></trkpt><trkpt lat="47.439958" lon="-120.938532"><ele>1365.0</ele><time>2023-10-07T17:18:13Z</time></trkpt><trkpt lat="47.4401" lon="-120.938533"><ele>1367.0</ele><time>2023-10-07T17:18:33Z</time></trkpt><trkpt lat="47.440208" lon="-120.938479"><ele>1368.0</ele><time>2023-10-07T17:18:46Z</time></trkpt><trkpt lat="47.44029" lon="-120.938424"><ele>1370.0</ele><time>2023-10-07T17:18:56Z</time></trkpt><trkpt lat="47.440376" lon="-120.938418"><ele>1372.0</ele><time>2023-10-07T17:19:06Z</time></trkpt><trkpt lat="47.440485" lon="-120.938437"><ele>1371.0</ele><time>2023-10-07T17:19:17Z</time></trkpt><trkpt lat="47.440528" lon="-120.938431"><ele>1370.0</ele><time>2023-10-07T17:19:26Z</time></trkpt><trkpt lat="47.440571" lon="-120.938302"><ele>1374.0</ele><time>2023-10-07T17:19:40Z</time></trkpt><trkpt lat="47.440541" lon="-120.938166"><ele>1374.0</ele><time>2023-10-07T17:19:53Z</time></trkpt><trkpt lat="47.440549" lon="-120.938126"><ele>1374.0</ele><time>2023-10-07T17:19:56Z</time></trkpt><trkpt lat="47.440572" lon="-120.938102"><ele>1374.0</ele><time>2023-10-07T17:19:59Z</time></trkpt><trkpt lat="47.440632" lon="-120.938083"><ele>1375.0</ele><time>2023-10-07T17:20:06Z</time></trkpt><trkpt lat="47.440704" lon="-120.938078"><ele>1376.0</ele><time>2023-10-07T17:20:15Z</time></trkpt><trkpt lat="47.440776" lon="-120.938105"><ele>1377.0</ele><time>2023-10-07T17:20:23Z</time></trkpt><trkpt lat="47.440864" lon="-120.93816"><ele>1380.0</ele><time>2023-10-07T17:20:33Z</time></trkpt><trkpt lat="47.440917" lon="-120.938138"><ele>1380.0</ele><time>2023-10-07T17:20:41Z</time></trkpt><trkpt lat="47.440948" lon="-120.938147"><ele>1380.0</ele><time>2023-10-07T17:20:44Z</time></trkpt><trkpt lat="47.441001" lon="-120.938222"><ele>1381.0</ele><time>2023-10-07T17:20:51Z</time></trkpt><trkpt lat="47.441054" lon="-120.938231"><ele>1381.0</ele><time>2023-10-07T17:20:57Z</time></trkpt><trkpt lat="47.441149" lon="-120.938205"><ele>1385.0</ele><time>2023-10-07T17:21:08Z</time></trkpt><trkpt lat="47.44122" lon="-120.938167"><ele>1386.0</ele><time>2023-10-07T17:21:17Z</time></trkpt><trkpt lat="47.441358" lon="-120.938052"><ele>1385.0</ele><time>2023-10-07T17:21:32Z</time></trkpt><trkpt lat="47.441396" lon="-120.938055"><ele>1389.0</ele><time>2023-10-07T17:21:36Z</time></trkpt><trkpt lat="47.441492" lon="-120.938031"><ele>1392.0</ele><time>2023-10-07T17:21:48Z</time></trkpt><trkpt lat="47.441592" lon="-120.938043"><ele>1392.0</ele><time>2023-10-07T17:21:58Z</time></trkpt><trkpt lat="47.441697" lon="-120.938098"><ele>1393.0</ele><time>2023-10-07T17:22:10Z</time></trkpt><trkpt lat="47.441728" lon="-120.938091"><ele>1392.0</ele><time>2023-10-07T17:22:14Z</time></trkpt><trkpt lat="47.441759" lon="-120.938098"><ele>1394.0</ele><time>2023-10-07T17:22:18Z</time></trkpt><trkpt lat="47.441749" lon="-120.938143"><ele>1396.0</ele><time>2023-10-07T17:22:21Z</time></trkpt><trkpt lat="47.441797" lon="-120.938096"><ele>1397.0</ele><time>2023-10-07T17:22:25Z</time></trkpt><trkpt lat="47.441836" lon="-120.93808"><ele>1398.0</ele><time>2023-10-07T17:22:27Z</time></trkpt><trkpt lat="47.441947" lon="-120.938067"><ele>1398.0</ele><time>2023-10-07T17:22:37Z</time></trkpt><trkpt lat="47.442063" lon="-120.938149"><ele>1398.0</ele><time>2023-10-07T17:22:54Z</time></trkpt><trkpt lat="47.442143" lon="-120.938288"><ele>1403.0</ele><time>2023-10-07T17:23:07Z</time></trkpt><trkpt lat="47.44217" lon="-120.938314"><ele>1404.0</ele><time>2023-10-07T17:23:10Z</time></trkpt><trkpt lat="47.442225" lon="-120.938336"><ele>1404.0</ele><time>2023-10-07T17:23:18Z</time></trkpt><trkpt lat="47.442267" lon="-120.938389"><ele>1405.0</ele><time>2023-10-07T17:23:25Z</time></trkpt><trkpt lat="47.442301" lon="-120.938389"><ele>1405.0</ele><time>2023-10-07T17:23:29Z</time></trkpt><trkpt lat="47.442393" lon="-120.938117"><ele>1411.0</ele><time>2023-10-07T17:23:51Z</time></trkpt><trkpt lat="47.442397" lon="-120.937932"><ele>1411.0</ele><time>2023-10-07T17:24:03Z</time></trkpt><trkpt lat="47.442344" lon="-120.937835"><ele>1411.0</ele><time>2023-10-07T17:24:14Z</time></trkpt><trkpt lat="47.442226" lon="-120.937706"><ele>1414.0</ele><time>2023-10-07T17:24:27Z</time></trkpt><trkpt lat="47.442205" lon="-120.937672"><ele>1415.3</ele><time>2023-10-07T17:24:31Z</time></trkpt><trkpt lat="47.442177" lon="-120.937651"><ele>1415.0</ele><time>2023-10-07T17:24:35Z</time></trkpt><trkpt lat="47.442168" lon="-120.93762"><ele>1416.0</ele><time>2023-10-07T17:24:38Z</time></trkpt><trkpt lat="47.442075" lon="-120.9375"><ele>1416.0</ele><time>2023-10-07T17:24:52Z</time></trkpt><trkpt lat="47.442024" lon="-120.937468"><ele>1416.0</ele><time>2023-10-07T17:24:58Z</time></trkpt><trkpt lat="47.441907" lon="-120.937348"><ele>1418.0</ele><time>2023-10-07T17:25:15Z</time></trkpt><trkpt lat="47.441861" lon="-120.937261"><ele>1419.0</ele><time>2023-10-07T17:25:25Z</time></trkpt><trkpt lat="47.44181" lon="-120.937198"><ele>1419.0</ele><time>2023-10-07T17:25:32Z</time></trkpt><trkpt lat="47.441773" lon="-120.937118"><ele>1420.0</ele><time>2023-10-07T17:25:42Z</time></trkpt><trkpt lat="47.441696" lon="-120.937046"><ele>1420.0</ele><time>2023-10-07T17:25:53Z</time></trkpt><trkpt lat="47.441675" lon="-120.937011"><ele>1422.0</ele><time>2023-10-07T17:25:57Z</time></trkpt><trkpt lat="47.44164" lon="-120.936894"><ele>1424.0</ele><time>2023-10-07T17:26:07Z</time></trkpt><trkpt lat="47.441649" lon="-120.93687"><ele>1425.0</ele><time>2023-10-07T17:26:10Z</time></trkpt><trkpt lat="47.441891" lon="-120.936982"><ele>1428.0</ele><time>2023-10-07T17:26:43Z</time></trkpt><trkpt lat="47.44203" lon="-120.937089"><ele>1431.0</ele><time>2023-10-07T17:27:02Z</time></trkpt><trkpt lat="47.442094" lon="-120.937094"><ele>1431.0</ele><time>2023-10-07T17:27:10Z</time></trkpt><trkpt lat="47.442246" lon="-120.937178"><ele>1430.0</ele><time>2023-10-07T17:27:29Z</time></trkpt><trkpt lat="47.4424" lon="-120.937238"><ele>1436.0</ele><time>2023-10-07T17:27:46Z</time></trkpt><trkpt lat="47.44246" lon="-120.937236"><ele>1435.0</ele><time>2023-10-07T17:27:56Z</time></trkpt><trkpt lat="47.442578" lon="-120.937261"><ele>1440.0</ele><time>2023-10-07T17:28:11Z</time></trkpt><trkpt lat="47.442612" lon="-120.937304"><ele>1440.0</ele><time>2023-10-07T17:28:17Z</time></trkpt><trkpt lat="47.442783" lon="-120.937303"><ele>1444.0</ele><time>2023-10-07T17:28:54Z</time></trkpt><trkpt lat="47.442847" lon="-120.937274"><ele>1444.0</ele><time>2023-10-07T17:29:02Z</time></trkpt><trkpt lat="47.442878" lon="-120.937278"><ele>1443.0</ele><time>2023-10-07T17:29:06Z</time></trkpt><trkpt lat="47.443087" lon="-120.93738"><ele>1445.0</ele><time>2023-10-07T17:29:27Z</time></trkpt><trkpt lat="47.443265" lon="-120.9373"><ele>1449.0</ele><time>2023-10-07T17:29:46Z</time></trkpt><trkpt lat="47.443463" lon="-120.937363"><ele>1452.0</ele><time>2023-10-07T17:30:08Z</time></trkpt><trkpt lat="47.443496" lon="-120.937385"><ele>1452.0</ele><time>2023-10-07T17:30:12Z</time></trkpt><trkpt lat="47.443537" lon="-120.937445"><ele>1453.0</ele><time>2023-10-07T17:30:17Z</time></trkpt><trkpt lat="47.443549" lon="-120.937536"><ele>1454.0</ele><time>2023-10-07T17:30:24Z</time></trkpt><trkpt lat="47.443534" lon="-120.937807"><ele>1458.0</ele><time>2023-10-07T17:30:44Z</time></trkpt><trkpt lat="47.443558" lon="-120.937914"><ele>1458.0</ele><time>2023-10-07T17:30:53Z</time></trkpt><trkpt lat="47.443584" lon="-120.937973"><ele>1458.0</ele><time>2023-10-07T17:30:59Z</time></trkpt><trkpt lat="47.443644" lon="-120.938031"><ele>1462.7</ele><time>2023-10-07T17:31:08Z</time></trkpt><trkpt lat="47.443667" lon="-120.938036"><ele>1462.0</ele><time>2023-10-07T17:31:10Z</time></trkpt><trkpt lat="47.443726" lon="-120.937973"><ele>1464.0</ele><time>2023-10-07T17:31:18Z</time></trkpt><trkpt lat="47.443794" lon="-120.937959"><ele>1463.0</ele><time>2023-10-07T17:31:24Z</time></trkpt><trkpt lat="47.443817" lon="-120.937939"><ele>1464.0</ele><time>2023-10-07T17:31:27Z</time></trkpt><trkpt lat="47.44385" lon="-120.937875"><ele>1464.0</ele><time>2023-10-07T17:31:34Z</time></trkpt><trkpt lat="47.443915" lon="-120.937842"><ele>1466.0</ele><time>2023-10-07T17:31:40Z</time></trkpt><trkpt lat="47.443992" lon="-120.937855"><ele>1467.0</ele><time>2023-10-07T17:31:47Z</time></trkpt><trkpt lat="47.444096" lon="-120.93783"><ele>1470.0</ele><time>2023-10-07T17:31:57Z</time></trkpt><trkpt lat="47.444145" lon="-120.937866"><ele>1468.0</ele><time>2023-10-07T17:32:05Z</time></trkpt><trkpt lat="47.444155" lon="-120.937904"><ele>1470.0</ele><time>2023-10-07T17:32:08Z</time></trkpt><trkpt lat="47.44415" lon="-120.938155"><ele>1473.0</ele><time>2023-10-07T17:32:27Z</time></trkpt><trkpt lat="47.444165" lon="-120.938227"><ele>1473.0</ele><time>2023-10-07T17:32:32Z</time></trkpt><trkpt lat="47.444197" lon="-120.938291"><ele>1472.0</ele><time>2023-10-07T17:32:39Z</time></trkpt><trkpt lat="47.444232" lon="-120.938306"><ele>1474.0</ele><time>2023-10-07T17:32:42Z</time></trkpt><trkpt lat="47.444323" lon="-120.938286"><ele>1473.0</ele><time>2023-10-07T17:32:52Z</time></trkpt><trkpt lat="47.444472" lon="-120.938059"><ele>1476.0</ele><time>2023-10-07T17:33:12Z</time></trkpt><trkpt lat="47.444472" lon="-120.938025"><ele>1478.0</ele><time>2023-10-07T17:33:14Z</time></trkpt><trkpt lat="47.444497" lon="-120.937961"><ele>1476.0</ele><time>2023-10-07T17:33:19Z</time></trkpt><trkpt lat="47.444528" lon="-120.937823"><ele>1479.0</ele><time>2023-10-07T17:33:30Z</time></trkpt><trkpt lat="47.444511" lon="-120.937755"><ele>1480.0</ele><time>2023-10-07T17:33:34Z</time></trkpt><trkpt lat="47.444549" lon="-120.937617"><ele>1482.0</ele><time>2023-10-07T17:33:45Z</time></trkpt><trkpt lat="47.444531" lon="-120.937588"><ele>1482.0</ele><time>2023-10-07T17:33:48Z</time></trkpt><trkpt lat="47.444501" lon="-120.937572"><ele>1482.0</ele><time>2023-10-07T17:33:51Z</time></trkpt><trkpt lat="47.444449" lon="-120.937483"><ele>1482.0</ele><time>2023-10-07T17:34:00Z</time></trkpt><trkpt lat="47.444357" lon="-120.937429"><ele>1483.0</ele><time>2023-10-07T17:34:09Z</time></trkpt><trkpt lat="47.4443" lon="-120.937335"><ele>1485.0</ele><time>2023-10-07T17:34:19Z</time></trkpt><trkpt lat="47.444305" lon="-120.93729"><ele>1488.0</ele><time>2023-10-07T17:34:22Z</time></trkpt><trkpt lat="47.444282" lon="-120.937231"><ele>1488.0</ele><time>2023-10-07T17:34:27Z</time></trkpt><trkpt lat="47.444253" lon="-120.937201"><ele>1490.8</ele><time>2023-10-07T17:34:32Z</time></trkpt><trkpt lat="47.444215" lon="-120.937003"><ele>1491.0</ele><time>2023-10-07T17:34:48Z</time></trkpt><trkpt lat="47.444228" lon="-120.936964"><ele>1491.0</ele><time>2023-10-07T17:34:51Z</time></trkpt><trkpt lat="47.444222" lon="-120.93689"><ele>1491.0</ele><time>2023-10-07T17:34:57Z</time></trkpt><trkpt lat="47.444198" lon="-120.936862"><ele>1491.0</ele><time>2023-10-07T17:35:00Z</time></trkpt><trkpt lat="47.444101" lon="-120.936857"><ele>1491.0</ele><time>2023-10-07T17:35:09Z</time></trkpt><trkpt lat="47.444053" lon="-120.936812"><ele>1494.0</ele><time>2023-10-07T17:35:15Z</time></trkpt><trkpt lat="47.444041" lon="-120.936672"><ele>1494.0</ele><time>2023-10-07T17:35:27Z</time></trkpt><trkpt lat="47.444023" lon="-120.936589"><ele>1496.0</ele><time>2023-10-07T17:35:34Z</time></trkpt><trkpt lat="47.444057" lon="-120.936607"><ele>1497.0</ele><time>2023-10-07T17:35:40Z</time></trkpt><trkpt lat="47.444127" lon="-120.936624"><ele>1499.0</ele><time>2023-10-07T17:35:48Z</time></trkpt><trkpt lat="47.444228" lon="-120.936554"><ele>1500.0</ele><time>2023-10-07T17:36:02Z</time></trkpt><trkpt lat="47.444288" lon="-120.936535"><ele>1502.0</ele><time>2023-10-07T17:36:07Z</time></trkpt><trkpt lat="47.44432" lon="-120.936561"><ele>1503.4</ele><time>2023-10-07T17:36:12Z</time></trkpt><trkpt lat="47.444341" lon="-120.936656"><ele>1502.0</ele><time>2023-10-07T17:36:20Z</time></trkpt><trkpt lat="47.444381" lon="-120.936715"><ele>1503.0</ele><time>2023-10-07T17:36:26Z</time></trkpt><trkpt lat="47.444409" lon="-120.936735"><ele>1503.0</ele><time>2023-10-07T17:36:29Z</time></trkpt><trkpt lat="47.444478" lon="-120.936754"><ele>1505.0</ele><time>2023-10-07T17:36:37Z</time></trkpt><trkpt lat="47.444533" lon="-120.936798"><ele>1504.0</ele><time>2023-10-07T17:36:44Z</time></trkpt><trkpt lat="47.444565" lon="-120.93679"><ele>1504.0</ele><time>2023-10-07T17:36:48Z</time></trkpt><trkpt lat="47.444646" lon="-120.936742"><ele>1509.0</ele><time>2023-10-07T17:36:57Z</time></trkpt><trkpt lat="47.444679" lon="-120.936704"><ele>1509.0</ele><time>2023-10-07T17:37:03Z</time></trkpt><trkpt lat="47.444745" lon="-120.936683"><ele>1509.0</ele><time>2023-10-07T17:37:10Z</time></trkpt><trkpt lat="47.444771" lon="-120.936662"><ele>1509.0</ele><time>2023-10-07T17:37:13Z</time></trkpt><trkpt lat="47.444945" lon="-120.936457"><ele>1513.0</ele><time>2023-10-07T17:37:39Z</time></trkpt><trkpt lat="47.444867" lon="-120.936429"><ele>1515.0</ele><time>2023-10-07T17:37:48Z</time></trkpt><trkpt lat="47.444819" lon="-120.936431"><ele>1516.3</ele><time>2023-10-07T17:37:53Z</time></trkpt><trkpt lat="47.444732" lon="-120.936411"><ele>1515.0</ele><time>2023-10-07T17:38:02Z</time></trkpt><trkpt lat="47.444628" lon="-120.936364"><ele>1516.0</ele><time>2023-10-07T17:38:12Z</time></trkpt><trkpt lat="47.444602" lon="-120.936342"><ele>1516.0</ele><time>2023-10-07T17:38:16Z</time></trkpt><trkpt lat="47.444542" lon="-120.936256"><ele>1518.0</ele><time>2023-10-07T17:38:25Z</time></trkpt><trkpt lat="47.444501" lon="-120.936114"><ele>1520.0</ele><time>2023-10-07T17:38:37Z</time></trkpt><trkpt lat="47.444494" lon="-120.93606"><ele>1520.0</ele><time>2023-10-07T17:38:43Z</time></trkpt><trkpt lat="47.444527" lon="-120.936063"><ele>1520.0</ele><time>2023-10-07T17:38:48Z</time></trkpt><trkpt lat="47.444578" lon="-120.936106"><ele>1522.0</ele><time>2023-10-07T17:38:54Z</time></trkpt><trkpt lat="47.444608" lon="-120.936102"><ele>1520.0</ele><time>2023-10-07T17:38:57Z</time></trkpt><trkpt lat="47.444673" lon="-120.936132"><ele>1522.0</ele><time>2023-10-07T17:39:04Z</time></trkpt><trkpt lat="47.444735" lon="-120.936087"><ele>1524.0</ele><time>2023-10-07T17:39:12Z</time></trkpt><trkpt lat="47.444772" lon="-120.936015"><ele>1524.0</ele><time>2023-10-07T17:39:18Z</time></trkpt><trkpt lat="47.444857" lon="-120.935923"><ele>1528.0</ele><time>2023-10-07T17:39:28Z</time></trkpt><trkpt lat="47.444915" lon="-120.93578"><ele>1527.0</ele><time>2023-10-07T17:39:41Z</time></trkpt><trkpt lat="47.444932" lon="-120.935675"><ele>1528.0</ele><time>2023-10-07T17:39:49Z</time></trkpt><trkpt lat="47.444939" lon="-120.935487"><ele>1532.0</ele><time>2023-10-07T17:40:03Z</time></trkpt><trkpt lat="47.444966" lon="-120.93542"><ele>1532.0</ele><time>2023-10-07T17:40:09Z</time></trkpt><trkpt lat="47.444989" lon="-120.935388"><ele>1530.0</ele><time>2023-10-07T17:40:12Z</time></trkpt><trkpt lat="47.444977" lon="-120.935284"><ele>1534.4</ele><time>2023-10-07T17:40:21Z</time></trkpt><trkpt lat="47.44494" lon="-120.935236"><ele>1533.0</ele><time>2023-10-07T17:40:25Z</time></trkpt><trkpt lat="47.444906" lon="-120.935236"><ele>1533.0</ele><time>2023-10-07T17:40:28Z</time></trkpt><trkpt lat="47.444844" lon="-120.935218"><ele>1533.0</ele><time>2023-10-07T17:40:34Z</time></trkpt><trkpt lat="47.444774" lon="-120.935239"><ele>1533.0</ele><time>2023-10-07T17:40:40Z</time></trkpt><trkpt lat="47.444708" lon="-120.935326"><ele>1536.0</ele><time>2023-10-07T17:40:49Z</time></trkpt><trkpt lat="47.444603" lon="-120.935351"><ele>1536.0</ele><time>2023-10-07T17:40:59Z</time></trkpt><trkpt lat="47.444502" lon="-120.935296"><ele>1538.0</ele><time>2023-10-07T17:41:10Z</time></trkpt><trkpt lat="47.444447" lon="-120.935303"><ele>1538.0</ele><time>2023-10-07T17:41:15Z</time></trkpt><trkpt lat="47.444318" lon="-120.93538"><ele>1532.0</ele><time>2023-10-07T17:41:37Z</time></trkpt><trkpt lat="47.444217" lon="-120.935351"><ele>1539.0</ele><time>2023-10-07T17:41:50Z</time></trkpt><trkpt lat="47.444163" lon="-120.93526"><ele>1540.0</ele><time>2023-10-07T17:41:58Z</time></trkpt><trkpt lat="47.444154" lon="-120.935162"><ele>1541.0</ele><time>2023-10-07T17:42:11Z</time></trkpt><trkpt lat="47.444183" lon="-120.935185"><ele>1543.0</ele><time>2023-10-07T17:42:15Z</time></trkpt><trkpt lat="47.444274" lon="-120.93517"><ele>1543.0</ele><time>2023-10-07T17:42:23Z</time></trkpt><trkpt lat="47.444319" lon="-120.935112"><ele>1545.0</ele><time>2023-10-07T17:42:29Z</time></trkpt><trkpt lat="47.444376" lon="-120.935071"><ele>1546.0</ele><time>2023-10-07T17:42:35Z</time></trkpt><trkpt lat="47.444399" lon="-120.935039"><ele>1548.0</ele><time>2023-10-07T17:42:38Z</time></trkpt><trkpt lat="47.444433" lon="-120.934959"><ele>1548.0</ele><time>2023-10-07T17:42:43Z</time></trkpt><trkpt lat="47.444432" lon="-120.934916"><ele>1548.0</ele><time>2023-10-07T17:42:46Z</time></trkpt><trkpt lat="47.44447" lon="-120.934849"><ele>1551.0</ele><time>2023-10-07T17:42:52Z</time></trkpt><trkpt lat="47.444453" lon="-120.934718"><ele>1553.0</ele><time>2023-10-07T17:43:01Z</time></trkpt><trkpt lat="47.444461" lon="-120.934615"><ele>1554.0</ele><time>2023-10-07T17:43:09Z</time></trkpt><trkpt lat="47.444486" lon="-120.934578"><ele>1554.0</ele><time>2023-10-07T17:43:12Z</time></trkpt><trkpt lat="47.444506" lon="-120.93445"><ele>1554.0</ele><time>2023-10-07T17:43:22Z</time></trkpt><trkpt lat="47.444352" lon="-120.93441"><ele>1554.0</ele><time>2023-10-07T17:43:36Z</time></trkpt><trkpt lat="47.444311" lon="-120.934431"><ele>1555.0</ele><time>2023-10-07T17:43:40Z</time></trkpt><trkpt lat="47.44428" lon="-120.934426"><ele>1556.0</ele><time>2023-10-07T17:43:43Z</time></trkpt><trkpt lat="47.444225" lon="-120.934455"><ele>1556.0</ele><time>2023-10-07T17:43:49Z</time></trkpt><trkpt lat="47.444147" lon="-120.934478"><ele>1555.0</ele><time>2023-10-07T17:43:58Z</time></trkpt><trkpt lat="47.444114" lon="-120.934456"><ele>1559.0</ele><time>2023-10-07T17:44:02Z</time></trkpt><trkpt lat="47.444101" lon="-120.93438"><ele>1560.0</ele><time>2023-10-07T17:44:09Z</time></trkpt><trkpt lat="47.444163" lon="-120.934258"><ele>1562.0</ele><time>2023-10-07T17:44:20Z</time></trkpt><trkpt lat="47.4442" lon="-120.934126"><ele>1563.0</ele><time>2023-10-07T17:44:31Z</time></trkpt><trkpt lat="47.444192" lon="-120.934093"><ele>1564.0</ele><time>2023-10-07T17:44:34Z</time></trkpt><trkpt lat="47.444116" lon="-120.934068"><ele>1564.0</ele><time>2023-10-07T17:44:40Z</time></trkpt><trkpt lat="47.444013" lon="-120.934058"><ele>1566.0</ele><time>2023-10-07T17:44:51Z</time></trkpt><trkpt lat="47.443979" lon="-120.934073"><ele>1567.0</ele><time>2023-10-07T17:44:54Z</time></trkpt><trkpt lat="47.443938" lon="-120.934221"><ele>1569.0</ele><time>2023-10-07T17:45:05Z</time></trkpt><trkpt lat="47.443899" lon="-120.934274"><ele>1569.0</ele><time>2023-10-07T17:45:09Z</time></trkpt><trkpt lat="47.443826" lon="-120.934449"><ele>1569.0</ele><time>2023-10-07T17:45:23Z</time></trkpt><trkpt lat="47.443758" lon="-120.93452"><ele>1570.0</ele><time>2023-10-07T17:45:31Z</time></trkpt><trkpt lat="47.443706" lon="-120.934534"><ele>1569.0</ele><time>2023-10-07T17:45:37Z</time></trkpt><trkpt lat="47.44368" lon="-120.934561"><ele>1568.0</ele><time>2023-10-07T17:45:40Z</time></trkpt><trkpt lat="47.443599" lon="-120.934551"><ele>1568.0</ele><time>2023-10-07T17:45:49Z</time></trkpt><trkpt lat="47.443541" lon="-120.934459"><ele>1568.0</ele><time>2023-10-07T17:45:57Z</time></trkpt><trkpt lat="47.443514" lon="-120.934443"><ele>1570.0</ele><time>2023-10-07T17:46:01Z</time></trkpt><trkpt lat="47.443444" lon="-120.934351"><ele>1572.0</ele><time>2023-10-07T17:46:10Z</time></trkpt><trkpt lat="47.44334" lon="-120.934291"><ele>1571.0</ele><time>2023-10-07T17:46:22Z</time></trkpt><trkpt lat="47.44319" lon="-120.934245"><ele>1572.0</ele><time>2023-10-07T17:46:35Z</time></trkpt><trkpt lat="47.443098" lon="-120.934172"><ele>1572.0</ele><time>2023-10-07T17:46:44Z</time></trkpt><trkpt lat="47.443037" lon="-120.934143"><ele>1572.0</ele><time>2023-10-07T17:46:52Z</time></trkpt><trkpt lat="47.442975" lon="-120.934055"><ele>1576.0</ele><time>2023-10-07T17:47:01Z</time></trkpt><trkpt lat="47.442891" lon="-120.933767"><ele>1578.0</ele><time>2023-10-07T17:47:23Z</time></trkpt><trkpt lat="47.442902" lon="-120.933732"><ele>1578.0</ele><time>2023-10-07T17:47:26Z</time></trkpt><trkpt lat="47.442879" lon="-120.933619"><ele>1580.0</ele><time>2023-10-07T17:47:34Z</time></trkpt><trkpt lat="47.442904" lon="-120.93358"><ele>1580.0</ele><time>2023-10-07T17:47:39Z</time></trkpt><trkpt lat="47.443011" lon="-120.933643"><ele>1584.0</ele><time>2023-10-07T17:47:52Z</time></trkpt><trkpt lat="47.443098" lon="-120.933645"><ele>1586.2</ele><time>2023-10-07T17:48:02Z</time></trkpt><trkpt lat="47.443143" lon="-120.93363"><ele>1586.0</ele><time>2023-10-07T17:48:08Z</time></trkpt><trkpt lat="47.443208" lon="-120.933632"><ele>1585.0</ele><time>2023-10-07T17:48:14Z</time></trkpt><trkpt lat="47.443317" lon="-120.933577"><ele>1588.0</ele><time>2023-10-07T17:48:26Z</time></trkpt><trkpt lat="47.443413" lon="-120.933501"><ele>1590.0</ele><time>2023-10-07T17:48:38Z</time></trkpt><trkpt lat="47.443555" lon="-120.933322"><ele>1593.9</ele><time>2023-10-07T17:48:56Z</time></trkpt><trkpt lat="47.443589" lon="-120.933261"><ele>1593.0</ele><time>2023-10-07T17:49:02Z</time></trkpt><trkpt lat="47.443688" lon="-120.933152"><ele>1596.0</ele><time>2023-10-07T17:49:14Z</time></trkpt><trkpt lat="47.443758" lon="-120.933028"><ele>1597.0</ele><time>2023-10-07T17:49:26Z</time></trkpt><trkpt lat="47.443833" lon="-120.93292"><ele>1600.0</ele><time>2023-10-07T17:49:39Z</time></trkpt><trkpt lat="47.443965" lon="-120.93283"><ele>1601.0</ele><time>2023-10-07T17:49:53Z</time></trkpt><trkpt lat="47.444037" lon="-120.932823"><ele>1600.0</ele><time>2023-10-07T17:50:00Z</time></trkpt><trkpt lat="47.444121" lon="-120.932681"><ele>1605.0</ele><time>2023-10-07T17:50:13Z</time></trkpt><trkpt lat="47.444151" lon="-120.932612"><ele>1605.0</ele><time>2023-10-07T17:50:19Z</time></trkpt><trkpt lat="47.444183" lon="-120.932581"><ele>1604.0</ele><time>2023-10-07T17:50:22Z</time></trkpt><trkpt lat="47.444253" lon="-120.932562"><ele>1604.0</ele><time>2023-10-07T17:50:31Z</time></trkpt><trkpt lat="47.444277" lon="-120.932538"><ele>1606.0</ele><time>2023-10-07T17:50:34Z</time></trkpt><trkpt lat="47.44432" lon="-120.932527"><ele>1605.0</ele><time>2023-10-07T17:50:38Z</time></trkpt><trkpt lat="47.444405" lon="-120.932526"><ele>1607.0</ele><time>2023-10-07T17:50:46Z</time></trkpt><trkpt lat="47.444467" lon="-120.932501"><ele>1608.0</ele><time>2023-10-07T17:50:53Z</time></trkpt><trkpt lat="47.44456" lon="-120.932444"><ele>1608.0</ele><time>2023-10-07T17:51:03Z</time></trkpt><trkpt lat="47.444633" lon="-120.932432"><ele>1609.0</ele><time>2023-10-07T17:51:10Z</time></trkpt><trkpt lat="47.444683" lon="-120.932368"><ele>1611.0</ele><time>2023-10-07T17:51:16Z</time></trkpt><trkpt lat="47.444767" lon="-120.932288"><ele>1612.0</ele><time>2023-10-07T17:51:26Z</time></trkpt><trkpt lat="47.444779" lon="-120.932232"><ele>1611.0</ele><time>2023-10-07T17:51:29Z</time></trkpt><trkpt lat="47.444768" lon="-120.932195"><ele>1611.0</ele><time>2023-10-07T17:51:32Z</time></trkpt><trkpt lat="47.444674" lon="-120.932117"><ele>1612.0</ele><time>2023-10-07T17:51:42Z</time></trkpt><trkpt lat="47.444609" lon="-120.932148"><ele>1614.0</ele><time>2023-10-07T17:51:48Z</time></trkpt><trkpt lat="47.44458" lon="-120.932138"><ele>1614.0</ele><time>2023-10-07T17:51:51Z</time></trkpt><trkpt lat="47.444534" lon="-120.932055"><ele>1614.0</ele><time>2023-10-07T17:51:59Z</time></trkpt><trkpt lat="47.444407" lon="-120.932009"><ele>1616.0</ele><time>2023-10-07T17:52:12Z</time></trkpt><trkpt lat="47.444383" lon="-120.931975"><ele>1616.7</ele><time>2023-10-07T17:52:16Z</time></trkpt><trkpt lat="47.444329" lon="-120.931939"><ele>1616.0</ele><time>2023-10-07T17:52:22Z</time></trkpt><trkpt lat="47.444277" lon="-120.931848"><ele>1617.0</ele><time>2023-10-07T17:52:31Z</time></trkpt><trkpt lat="47.444174" lon="-120.931722"><ele>1620.0</ele><time>2023-10-07T17:52:43Z</time></trkpt><trkpt lat="47.44417" lon="-120.931685"><ele>1619.0</ele><time>2023-10-07T17:52:47Z</time></trkpt><trkpt lat="47.444204" lon="-120.931683"><ele>1620.0</ele><time>2023-10-07T17:52:50Z</time></trkpt><trkpt lat="47.444248" lon="-120.931719"><ele>1616.0</ele><time>2023-10-07T17:55:20Z</time></trkpt><trkpt lat="47.444412" lon="-120.931689"><ele>1623.0</ele><time>2023-10-07T17:56:46Z</time></trkpt><trkpt lat="47.444447" lon="-120.931696"><ele>1623.0</ele><time>2023-10-07T17:56:49Z</time></trkpt><trkpt lat="47.444463" lon="-120.93167"><ele>1624.0</ele><time>2023-10-07T17:56:51Z</time></trkpt><trkpt lat="47.444498" lon="-120.931532"><ele>1626.0</ele><time>2023-10-07T17:57:00Z</time></trkpt><trkpt lat="47.444477" lon="-120.931508"><ele>1626.0</ele><time>2023-10-07T17:57:02Z</time></trkpt><trkpt lat="47.444433" lon="-120.931511"><ele>1626.0</ele><time>2023-10-07T17:57:04Z</time></trkpt><trkpt lat="47.444401" lon="-120.931524"><ele>1626.0</ele><time>2023-10-07T17:57:07Z</time></trkpt><trkpt lat="47.444371" lon="-120.93144"><ele>1627.0</ele><time>2023-10-07T17:57:13Z</time></trkpt><trkpt lat="47.444295" lon="-120.931354"><ele>1628.0</ele><time>2023-10-07T17:57:21Z</time></trkpt><trkpt lat="47.44426" lon="-120.931288"><ele>1629.0</ele><time>2023-10-07T17:57:27Z</time></trkpt><trkpt lat="47.444317" lon="-120.931268"><ele>1632.0</ele><time>2023-10-07T17:57:33Z</time></trkpt><trkpt lat="47.444348" lon="-120.931267"><ele>1632.0</ele><time>2023-10-07T17:57:36Z</time></trkpt><trkpt lat="47.444378" lon="-120.931251"><ele>1632.0</ele><time>2023-10-07T17:57:39Z</time></trkpt><trkpt lat="47.444424" lon="-120.931197"><ele>1632.0</ele><time>2023-10-07T17:57:45Z</time></trkpt><trkpt lat="47.444484" lon="-120.931053"><ele>1634.0</ele><time>2023-10-07T17:57:56Z</time></trkpt><trkpt lat="47.444541" lon="-120.931024"><ele>1635.0</ele><time>2023-10-07T17:58:02Z</time></trkpt><trkpt lat="47.444561" lon="-120.930989"><ele>1636.0</ele><time>2023-10-07T17:58:05Z</time></trkpt><trkpt lat="47.444562" lon="-120.930832"><ele>1636.0</ele><time>2023-10-07T17:58:15Z</time></trkpt><trkpt lat="47.444587" lon="-120.930768"><ele>1636.0</ele><time>2023-10-07T17:58:21Z</time></trkpt><trkpt lat="47.444676" lon="-120.93064"><ele>1640.0</ele><time>2023-10-07T17:58:34Z</time></trkpt><trkpt lat="47.444719" lon="-120.930616"><ele>1640.0</ele><time>2023-10-07T17:58:39Z</time></trkpt><trkpt lat="47.444785" lon="-120.930628"><ele>1642.0</ele><time>2023-10-07T17:58:46Z</time></trkpt><trkpt lat="47.44487" lon="-120.930696"><ele>1640.0</ele><time>2023-10-07T17:58:57Z</time></trkpt><trkpt lat="47.444904" lon="-120.930676"><ele>1640.0</ele><time>2023-10-07T17:59:02Z</time></trkpt><trkpt lat="47.444897" lon="-120.930475"><ele>1640.0</ele><time>2023-10-07T17:59:15Z</time></trkpt><trkpt lat="47.444998" lon="-120.930371"><ele>1642.0</ele><time>2023-10-07T17:59:27Z</time></trkpt><trkpt lat="47.445031" lon="-120.930367"><ele>1644.0</ele><time>2023-10-07T17:59:30Z</time></trkpt><trkpt lat="47.445076" lon="-120.930395"><ele>1645.0</ele><time>2023-10-07T17:59:35Z</time></trkpt><trkpt lat="47.445131" lon="-120.930386"><ele>1644.0</ele><time>2023-10-07T17:59:41Z</time></trkpt><trkpt lat="47.445266" lon="-120.930397"><ele>1648.0</ele><time>2023-10-07T17:59:55Z</time></trkpt><trkpt lat="47.445373" lon="-120.930385"><ele>1648.0</ele><time>2023-10-07T18:00:06Z</time></trkpt><trkpt lat="47.44541" lon="-120.930403"><ele>1648.0</ele><time>2023-10-07T18:00:10Z</time></trkpt><trkpt lat="47.445441" lon="-120.930401"><ele>1649.0</ele><time>2023-10-07T18:00:13Z</time></trkpt><trkpt lat="47.445471" lon="-120.930382"><ele>1648.0</ele><time>2023-10-07T18:00:17Z</time></trkpt><trkpt lat="47.445502" lon="-120.930387"><ele>1650.0</ele><time>2023-10-07T18:00:20Z</time></trkpt><trkpt lat="47.445613" lon="-120.930474"><ele>1652.0</ele><time>2023-10-07T18:00:33Z</time></trkpt><trkpt lat="47.445643" lon="-120.930547"><ele>1654.0</ele><time>2023-10-07T18:00:38Z</time></trkpt><trkpt lat="47.445747" lon="-120.930608"><ele>1653.0</ele><time>2023-10-07T18:00:48Z</time></trkpt><trkpt lat="47.445804" lon="-120.930663"><ele>1656.0</ele><time>2023-10-07T18:00:54Z</time></trkpt><trkpt lat="47.445934" lon="-120.930741"><ele>1656.0</ele><time>2023-10-07T18:01:07Z</time></trkpt><trkpt lat="47.446016" lon="-120.930752"><ele>1658.0</ele><time>2023-10-07T18:01:15Z</time></trkpt><trkpt lat="47.446096" lon="-120.93073"><ele>1660.0</ele><time>2023-10-07T18:01:26Z</time></trkpt><trkpt lat="47.446222" lon="-120.930553"><ele>1663.0</ele><time>2023-10-07T18:01:51Z</time></trkpt><trkpt lat="47.44625" lon="-120.93053"><ele>1662.0</ele><time>2023-10-07T18:01:54Z</time></trkpt><trkpt lat="47.446284" lon="-120.930525"><ele>1664.0</ele><time>2023-10-07T18:01:58Z</time></trkpt><trkpt lat="47.446315" lon="-120.930537"><ele>1662.0</ele><time>2023-10-07T18:02:01Z</time></trkpt><trkpt lat="47.446334" lon="-120.930695"><ele>1664.0</ele><time>2023-10-07T18:02:12Z</time></trkpt><trkpt lat="47.446371" lon="-120.930795"><ele>1665.0</ele><time>2023-10-07T18:02:20Z</time></trkpt><trkpt lat="47.446375" lon="-120.930877"><ele>1666.0</ele><time>2023-10-07T18:02:26Z</time></trkpt><trkpt lat="47.446407" lon="-120.931021"><ele>1664.0</ele><time>2023-10-07T18:02:36Z</time></trkpt><trkpt lat="47.446437" lon="-120.931021"><ele>1665.0</ele><time>2023-10-07T18:02:40Z</time></trkpt><trkpt lat="47.446465" lon="-120.931004"><ele>1668.0</ele><time>2023-10-07T18:02:43Z</time></trkpt><trkpt lat="47.446528" lon="-120.930992"><ele>1668.0</ele><time>2023-10-07T18:02:50Z</time></trkpt><trkpt lat="47.446591" lon="-120.931003"><ele>1670.0</ele><time>2023-10-07T18:02:56Z</time></trkpt><trkpt lat="47.446659" lon="-120.931047"><ele>1670.0</ele><time>2023-10-07T18:03:05Z</time></trkpt><trkpt lat="47.446709" lon="-120.9311"><ele>1672.0</ele><time>2023-10-07T18:03:12Z</time></trkpt><trkpt lat="47.446731" lon="-120.931157"><ele>1674.0</ele><time>2023-10-07T18:05:10Z</time></trkpt><trkpt lat="47.446694" lon="-120.931292"><ele>1675.0</ele><time>2023-10-07T18:06:50Z</time></trkpt><trkpt lat="47.446679" lon="-120.93141"><ele>1674.0</ele><time>2023-10-07T18:07:00Z</time></trkpt><trkpt lat="47.446696" lon="-120.931461"><ele>1676.0</ele><time>2023-10-07T18:07:06Z</time></trkpt><trkpt lat="47.446694" lon="-120.931542"><ele>1676.0</ele><time>2023-10-07T18:07:17Z</time></trkpt><trkpt lat="47.446739" lon="-120.931644"><ele>1676.0</ele><time>2023-10-07T18:07:28Z</time></trkpt><trkpt lat="47.446739" lon="-120.931918"><ele>1680.0</ele><time>2023-10-07T18:07:55Z</time></trkpt><trkpt lat="47.446773" lon="-120.932128"><ele>1683.0</ele><time>2023-10-07T18:08:12Z</time></trkpt><trkpt lat="47.446919" lon="-120.9327"><ele>1686.0</ele><time>2023-10-07T18:09:02Z</time></trkpt><trkpt lat="47.446922" lon="-120.932755"><ele>1686.0</ele><time>2023-10-07T18:09:06Z</time></trkpt><trkpt lat="47.447024" lon="-120.933006"><ele>1689.0</ele><time>2023-10-07T18:09:36Z</time></trkpt><trkpt lat="47.447049" lon="-120.933103"><ele>1688.0</ele><time>2023-10-07T18:09:52Z</time></trkpt><trkpt lat="47.447116" lon="-120.933217"><ele>1689.0</ele><time>2023-10-07T18:10:05Z</time></trkpt><trkpt lat="47.447171" lon="-120.933338"><ele>1688.0</ele><time>2023-10-07T18:10:20Z</time></trkpt><trkpt lat="47.447252" lon="-120.933418"><ele>1688.0</ele><time>2023-10-07T18:10:33Z</time></trkpt><trkpt lat="47.447339" lon="-120.933472"><ele>1692.0</ele><time>2023-10-07T18:10:42Z</time></trkpt><trkpt lat="47.447371" lon="-120.933476"><ele>1692.0</ele><time>2023-10-07T18:10:46Z</time></trkpt><trkpt lat="47.447438" lon="-120.933511"><ele>1692.0</ele><time>2023-10-07T18:10:53Z</time></trkpt><trkpt lat="47.447472" lon="-120.933512"><ele>1692.0</ele><time>2023-10-07T18:10:56Z</time></trkpt><trkpt lat="47.447673" lon="-120.933583"><ele>1696.0</ele><time>2023-10-07T18:11:16Z</time></trkpt><trkpt lat="47.447834" lon="-120.933629"><ele>1695.0</ele><time>2023-10-07T18:11:31Z</time></trkpt><trkpt lat="47.447859" lon="-120.933668"><ele>1695.0</ele><time>2023-10-07T18:11:34Z</time></trkpt><trkpt lat="47.447921" lon="-120.933692"><ele>1698.0</ele><time>2023-10-07T18:11:41Z</time></trkpt><trkpt lat="47.448029" lon="-120.933768"><ele>1698.0</ele><time>2023-10-07T18:11:51Z</time></trkpt><trkpt lat="47.448101" lon="-120.933851"><ele>1700.0</ele><time>2023-10-07T18:12:00Z</time></trkpt><trkpt lat="47.44815" lon="-120.933873"><ele>1700.0</ele><time>2023-10-07T18:12:05Z</time></trkpt><trkpt lat="47.448175" lon="-120.933901"><ele>1702.2</ele><time>2023-10-07T18:12:09Z</time></trkpt><trkpt lat="47.448256" lon="-120.933912"><ele>1700.0</ele><time>2023-10-07T18:12:20Z</time></trkpt><trkpt lat="47.448292" lon="-120.933891"><ele>1701.0</ele><time>2023-10-07T18:12:24Z</time></trkpt><trkpt lat="47.448311" lon="-120.933849"><ele>1702.0</ele><time>2023-10-07T18:12:27Z</time></trkpt><trkpt lat="47.448363" lon="-120.93381"><ele>1704.0</ele><time>2023-10-07T18:12:33Z</time></trkpt><trkpt lat="47.448584" lon="-120.933744"><ele>1704.0</ele><time>2023-10-07T18:12:54Z</time></trkpt><trkpt lat="47.448625" lon="-120.933757"><ele>1704.0</ele><time>2023-10-07T18:13:00Z</time></trkpt><trkpt lat="47.448727" lon="-120.933813"><ele>1704.0</ele><time>2023-10-07T18:13:12Z</time></trkpt><trkpt lat="47.448838" lon="-120.933915"><ele>1706.0</ele><time>2023-10-07T18:13:24Z</time></trkpt><trkpt lat="47.448868" lon="-120.93392"><ele>1707.0</ele><time>2023-10-07T18:13:27Z</time></trkpt><trkpt lat="47.448899" lon="-120.933911"><ele>1708.0</ele><time>2023-10-07T18:13:30Z</time></trkpt><trkpt lat="47.448966" lon="-120.93392"><ele>1708.0</ele><time>2023-10-07T18:13:39Z</time></trkpt><trkpt lat="47.449062" lon="-120.933909"><ele>1710.0</ele><time>2023-10-07T18:13:49Z</time></trkpt><trkpt lat="47.449373" lon="-120.933848"><ele>1715.0</ele><time>2023-10-07T18:14:25Z</time></trkpt><trkpt lat="47.44952" lon="-120.933855"><ele>1718.3</ele><time>2023-10-07T18:14:40Z</time></trkpt><trkpt lat="47.44958" lon="-120.933847"><ele>1716.0</ele><time>2023-10-07T18:14:47Z</time></trkpt><trkpt lat="47.449614" lon="-120.933856"><ele>1718.0</ele><time>2023-10-07T18:14:51Z</time></trkpt><trkpt lat="47.449665" lon="-120.933898"><ele>1719.0</ele><time>2023-10-07T18:14:57Z</time></trkpt><trkpt lat="47.449884" lon="-120.933694"><ele>1722.0</ele><time>2023-10-07T18:15:26Z</time></trkpt><trkpt lat="47.449918" lon="-120.933613"><ele>1722.0</ele><time>2023-10-07T18:15:33Z</time></trkpt><trkpt lat="47.449946" lon="-120.933595"><ele>1723.0</ele><time>2023-10-07T18:15:37Z</time></trkpt><trkpt lat="47.449965" lon="-120.933556"><ele>1724.0</ele><time>2023-10-07T18:15:40Z</time></trkpt><trkpt lat="47.450025" lon="-120.933515"><ele>1724.0</ele><time>2023-10-07T18:15:47Z</time></trkpt><trkpt lat="47.450078" lon="-120.933514"><ele>1713.0</ele><time>2023-10-07T18:15:57Z</time></trkpt><trkpt lat="47.450125" lon="-120.93348"><ele>1728.0</ele><time>2023-10-07T18:16:11Z</time></trkpt><trkpt lat="47.450149" lon="-120.933433"><ele>1726.0</ele><time>2023-10-07T18:16:15Z</time></trkpt><trkpt lat="47.450198" lon="-120.933433"><ele>1726.2</ele><time>2023-10-07T18:16:20Z</time></trkpt><trkpt lat="47.450231" lon="-120.933481"><ele>1727.0</ele><time>2023-10-07T18:16:25Z</time></trkpt><trkpt lat="47.450258" lon="-120.933611"><ele>1729.0</ele><time>2023-10-07T18:16:35Z</time></trkpt><trkpt lat="47.450257" lon="-120.933677"><ele>1730.0</ele><time>2023-10-07T18:16:39Z</time></trkpt><trkpt lat="47.450281" lon="-120.933758"><ele>1731.0</ele><time>2023-10-07T18:16:44Z</time></trkpt><trkpt lat="47.450337" lon="-120.933848"><ele>1732.0</ele><time>2023-10-07T18:16:52Z</time></trkpt><trkpt lat="47.450437" lon="-120.933945"><ele>1732.6</ele><time>2023-10-07T18:17:12Z</time></trkpt><trkpt lat="47.450451" lon="-120.934009"><ele>1731.0</ele><time>2023-10-07T18:17:19Z</time></trkpt><trkpt lat="47.450535" lon="-120.934055"><ele>1734.0</ele><time>2023-10-07T18:17:48Z</time></trkpt><trkpt lat="47.450567" lon="-120.934121"><ele>1737.0</ele><time>2023-10-07T18:17:57Z</time></trkpt><trkpt lat="47.450565" lon="-120.934213"><ele>1737.0</ele><time>2023-10-07T18:18:05Z</time></trkpt><trkpt lat="47.450585" lon="-120.934366"><ele>1739.0</ele><time>2023-10-07T18:18:17Z</time></trkpt><trkpt lat="47.450717" lon="-120.934684"><ele>1740.0</ele><time>2023-10-07T18:18:50Z</time></trkpt><trkpt lat="47.450754" lon="-120.934741"><ele>1728.0</ele><time>2023-10-07T18:19:04Z</time></trkpt><trkpt lat="47.45076" lon="-120.934777"><ele>1742.0</ele><time>2023-10-07T18:19:14Z</time></trkpt><trkpt lat="47.450785" lon="-120.934799"><ele>1743.0</ele><time>2023-10-07T18:19:16Z</time></trkpt><trkpt lat="47.450817" lon="-120.934804"><ele>1742.0</ele><time>2023-10-07T18:19:20Z</time></trkpt><trkpt lat="47.450845" lon="-120.934791"><ele>1740.0</ele><time>2023-10-07T18:19:25Z</time></trkpt><trkpt lat="47.450876" lon="-120.934801"><ele>1743.0</ele><time>2023-10-07T18:19:29Z</time></trkpt><trkpt lat="47.450912" lon="-120.934959"><ele>1746.0</ele><time>2023-10-07T18:19:41Z</time></trkpt><trkpt lat="47.45099" lon="-120.934986"><ele>1745.0</ele><time>2023-10-07T18:19:51Z</time></trkpt><trkpt lat="47.451091" lon="-120.935038"><ele>1748.0</ele><time>2023-10-07T18:20:02Z</time></trkpt><trkpt lat="47.451102" lon="-120.935112"><ele>1748.0</ele><time>2023-10-07T18:20:08Z</time></trkpt><trkpt lat="47.451126" lon="-120.93514"><ele>1748.0</ele><time>2023-10-07T18:20:11Z</time></trkpt><trkpt lat="47.451161" lon="-120.935151"><ele>1749.0</ele><time>2023-10-07T18:20:14Z</time></trkpt><trkpt lat="47.451183" lon="-120.935184"><ele>1750.0</ele><time>2023-10-07T18:20:17Z</time></trkpt><trkpt lat="47.451268" lon="-120.935222"><ele>1750.0</ele><time>2023-10-07T18:20:25Z</time></trkpt><trkpt lat="47.451306" lon="-120.935228"><ele>1751.1</ele><time>2023-10-07T18:20:29Z</time></trkpt><trkpt lat="47.45134" lon="-120.935255"><ele>1751.0</ele><time>2023-10-07T18:20:33Z</time></trkpt><trkpt lat="47.451436" lon="-120.935259"><ele>1752.0</ele><time>2023-10-07T18:20:43Z</time></trkpt><trkpt lat="47.451472" lon="-120.935271"><ele>1752.0</ele><time>2023-10-07T18:20:47Z</time></trkpt><trkpt lat="47.451571" lon="-120.935338"><ele>1755.0</ele><time>2023-10-07T18:21:14Z</time></trkpt><trkpt lat="47.451611" lon="-120.935332"><ele>1756.0</ele><time>2023-10-07T18:21:19Z</time></trkpt><trkpt lat="47.451642" lon="-120.935367"><ele>1755.0</ele><time>2023-10-07T18:21:22Z</time></trkpt><trkpt lat="47.45168" lon="-120.935354"><ele>1755.0</ele><time>2023-10-07T18:21:26Z</time></trkpt><trkpt lat="47.451776" lon="-120.935366"><ele>1756.0</ele><time>2023-10-07T18:21:36Z</time></trkpt><trkpt lat="47.451819" lon="-120.93542"><ele>1758.0</ele><time>2023-10-07T18:21:42Z</time></trkpt><trkpt lat="47.451881" lon="-120.935431"><ele>1755.0</ele><time>2023-10-07T18:21:52Z</time></trkpt><trkpt lat="47.451924" lon="-120.935454"><ele>1758.0</ele><time>2023-10-07T18:21:58Z</time></trkpt><trkpt lat="47.451948" lon="-120.935481"><ele>1758.0</ele><time>2023-10-07T18:22:01Z</time></trkpt><trkpt lat="47.452004" lon="-120.935503"><ele>1760.0</ele><time>2023-10-07T18:22:06Z</time></trkpt><trkpt lat="47.452049" lon="-120.935507"><ele>1761.0</ele><time>2023-10-07T18:22:11Z</time></trkpt><trkpt lat="47.45208" lon="-120.935528"><ele>1761.0</ele><time>2023-10-07T18:22:14Z</time></trkpt><trkpt lat="47.452114" lon="-120.935536"><ele>1760.0</ele><time>2023-10-07T18:22:17Z</time></trkpt><trkpt lat="47.452263" lon="-120.935645"><ele>1764.0</ele><time>2023-10-07T18:22:34Z</time></trkpt><trkpt lat="47.452328" lon="-120.935657"><ele>1764.0</ele><time>2023-10-07T18:22:40Z</time></trkpt><trkpt lat="47.452357" lon="-120.935635"><ele>1764.0</ele><time>2023-10-07T18:22:43Z</time></trkpt><trkpt lat="47.45244" lon="-120.935685"><ele>1766.0</ele><time>2023-10-07T18:22:52Z</time></trkpt><trkpt lat="47.452512" lon="-120.935689"><ele>1768.0</ele><time>2023-10-07T18:22:58Z</time></trkpt><trkpt lat="47.452587" lon="-120.935709"><ele>1768.0</ele><time>2023-10-07T18:23:06Z</time></trkpt><trkpt lat="47.452621" lon="-120.935728"><ele>1768.0</ele><time>2023-10-07T18:23:11Z</time></trkpt><trkpt lat="47.452656" lon="-120.935715"><ele>1770.0</ele><time>2023-10-07T18:23:14Z</time></trkpt><trkpt lat="47.452753" lon="-120.93572"><ele>1771.0</ele><time>2023-10-07T18:23:24Z</time></trkpt><trkpt lat="47.452783" lon="-120.9357"><ele>1772.0</ele><time>2023-10-07T18:23:28Z</time></trkpt><trkpt lat="47.45282" lon="-120.9357"><ele>1772.0</ele><time>2023-10-07T18:23:32Z</time></trkpt><trkpt lat="47.452855" lon="-120.935686"><ele>1772.0</ele><time>2023-10-07T18:23:36Z</time></trkpt><trkpt lat="47.452928" lon="-120.935613"><ele>1777.0</ele><time>2023-10-07T18:23:46Z</time></trkpt><trkpt lat="47.453116" lon="-120.9356"><ele>1780.0</ele><time>2023-10-07T18:25:10Z</time></trkpt><trkpt lat="47.453105" lon="-120.935576"><ele>1779.0</ele><time>2023-10-07T18:27:16Z</time></trkpt><trkpt lat="47.45323" lon="-120.93549"><ele>1779.0</ele><time>2023-10-07T18:28:05Z</time></trkpt><trkpt lat="47.453327" lon="-120.935498"><ele>1780.0</ele><time>2023-10-07T18:28:14Z</time></trkpt><trkpt lat="47.453405" lon="-120.935433"><ele>1782.0</ele><time>2023-10-07T18:28:25Z</time></trkpt><trkpt lat="47.453478" lon="-120.935421"><ele>1782.0</ele><time>2023-10-07T18:28:30Z</time></trkpt><trkpt lat="47.453506" lon="-120.935403"><ele>1782.0</ele><time>2023-10-07T18:28:33Z</time></trkpt><trkpt lat="47.45368" lon="-120.935256"><ele>1786.0</ele><time>2023-10-07T18:28:58Z</time></trkpt><trkpt lat="47.453832" lon="-120.935227"><ele>1788.0</ele><time>2023-10-07T18:29:14Z</time></trkpt><trkpt lat="47.454007" lon="-120.935097"><ele>1788.0</ele><time>2023-10-07T18:29:33Z</time></trkpt><trkpt lat="47.454095" lon="-120.935044"><ele>1791.0</ele><time>2023-10-07T18:29:44Z</time></trkpt><trkpt lat="47.454181" lon="-120.935012"><ele>1793.7</ele><time>2023-10-07T18:29:54Z</time></trkpt><trkpt lat="47.454341" lon="-120.935119"><ele>1788.0</ele><time>2023-10-07T18:30:12Z</time></trkpt><trkpt lat="47.454441" lon="-120.93523"><ele>1790.0</ele><time>2023-10-07T18:30:27Z</time></trkpt><trkpt lat="47.454529" lon="-120.935287"><ele>1796.0</ele><time>2023-10-07T18:30:39Z</time></trkpt><trkpt lat="47.45456" lon="-120.935344"><ele>1796.0</ele><time>2023-10-07T18:30:43Z</time></trkpt><trkpt lat="47.4546" lon="-120.93537"><ele>1796.8</ele><time>2023-10-07T18:30:50Z</time></trkpt><trkpt lat="47.454674" lon="-120.935501"><ele>1796.0</ele><time>2023-10-07T18:31:02Z</time></trkpt><trkpt lat="47.454744" lon="-120.935579"><ele>1796.0</ele><time>2023-10-07T18:31:15Z</time></trkpt><trkpt lat="47.454764" lon="-120.935615"><ele>1800.0</ele><time>2023-10-07T18:31:19Z</time></trkpt><trkpt lat="47.454793" lon="-120.93563"><ele>1800.0</ele><time>2023-10-07T18:31:24Z</time></trkpt><trkpt lat="47.454833" lon="-120.935699"><ele>1803.0</ele><time>2023-10-07T18:31:34Z</time></trkpt><trkpt lat="47.45487" lon="-120.935716"><ele>1803.0</ele><time>2023-10-07T18:31:38Z</time></trkpt><trkpt lat="47.454931" lon="-120.935822"><ele>1804.0</ele><time>2023-10-07T18:31:50Z</time></trkpt><trkpt lat="47.454958" lon="-120.935851"><ele>1804.0</ele><time>2023-10-07T18:31:54Z</time></trkpt><trkpt lat="47.454984" lon="-120.935916"><ele>1804.0</ele><time>2023-10-07T18:32:03Z</time></trkpt><trkpt lat="47.45501" lon="-120.935934"><ele>1805.0</ele><time>2023-10-07T18:32:08Z</time></trkpt><trkpt lat="47.455095" lon="-120.935958"><ele>1808.0</ele><time>2023-10-07T18:32:24Z</time></trkpt><trkpt lat="47.455135" lon="-120.935991"><ele>1807.0</ele><time>2023-10-07T18:32:30Z</time></trkpt><trkpt lat="47.455241" lon="-120.936004"><ele>1809.0</ele><time>2023-10-07T18:32:42Z</time></trkpt><trkpt lat="47.455368" lon="-120.935993"><ele>1812.0</ele><time>2023-10-07T18:32:58Z</time></trkpt><trkpt lat="47.455405" lon="-120.936044"><ele>1815.0</ele><time>2023-10-07T18:33:04Z</time></trkpt><trkpt lat="47.455489" lon="-120.936059"><ele>1814.0</ele><time>2023-10-07T18:33:13Z</time></trkpt><trkpt lat="47.455553" lon="-120.936083"><ele>1813.0</ele><time>2023-10-07T18:33:21Z</time></trkpt><trkpt lat="47.455609" lon="-120.936081"><ele>1816.0</ele><time>2023-10-07T18:33:30Z</time></trkpt><trkpt lat="47.455655" lon="-120.936098"><ele>1815.0</ele><time>2023-10-07T18:33:35Z</time></trkpt><trkpt lat="47.45566" lon="-120.935993"><ele>1815.0</ele><time>2023-10-07T18:33:45Z</time></trkpt><trkpt lat="47.455598" lon="-120.935892"><ele>1820.0</ele><time>2023-10-07T18:33:54Z</time></trkpt><trkpt lat="47.455559" lon="-120.935865"><ele>1821.0</ele><time>2023-10-07T18:34:05Z</time></trkpt><trkpt lat="47.455554" lon="-120.935812"><ele>1824.0</ele><time>2023-10-07T18:34:10Z</time></trkpt><trkpt lat="47.455579" lon="-120.935785"><ele>1824.0</ele><time>2023-10-07T18:34:14Z</time></trkpt><trkpt lat="47.455649" lon="-120.935751"><ele>1824.0</ele><time>2023-10-07T18:34:21Z</time></trkpt><trkpt lat="47.455716" lon="-120.935666"><ele>1824.0</ele><time>2023-10-07T18:34:31Z</time></trkpt><trkpt lat="47.455753" lon="-120.935662"><ele>1824.0</ele><time>2023-10-07T18:34:34Z</time></trkpt><trkpt lat="47.455785" lon="-120.935641"><ele>1824.0</ele><time>2023-10-07T18:34:37Z</time></trkpt><trkpt lat="47.455825" lon="-120.935593"><ele>1824.0</ele><time>2023-10-07T18:34:44Z</time></trkpt><trkpt lat="47.455903" lon="-120.935544"><ele>1828.2</ele><time>2023-10-07T18:34:54Z</time></trkpt><trkpt lat="47.456004" lon="-120.935517"><ele>1830.0</ele><time>2023-10-07T18:35:06Z</time></trkpt><trkpt lat="47.455972" lon="-120.935364"><ele>1832.0</ele><time>2023-10-07T18:35:21Z</time></trkpt><trkpt lat="47.455983" lon="-120.935293"><ele>1835.0</ele><time>2023-10-07T18:35:28Z</time></trkpt><trkpt lat="47.455913" lon="-120.935231"><ele>1835.0</ele><time>2023-10-07T18:35:34Z</time></trkpt><trkpt lat="47.455889" lon="-120.935197"><ele>1835.0</ele><time>2023-10-07T18:35:38Z</time></trkpt><trkpt lat="47.455852" lon="-120.935182"><ele>1836.0</ele><time>2023-10-07T18:35:41Z</time></trkpt><trkpt lat="47.455784" lon="-120.935109"><ele>1836.0</ele><time>2023-10-07T18:35:49Z</time></trkpt><trkpt lat="47.455723" lon="-120.93507"><ele>1840.0</ele><time>2023-10-07T18:36:04Z</time></trkpt><trkpt lat="47.455625" lon="-120.935087"><ele>1840.0</ele><time>2023-10-07T18:36:15Z</time></trkpt><trkpt lat="47.45559" lon="-120.935073"><ele>1840.0</ele><time>2023-10-07T18:36:19Z</time></trkpt><trkpt lat="47.455563" lon="-120.935046"><ele>1842.0</ele><time>2023-10-07T18:36:23Z</time></trkpt><trkpt lat="47.455503" lon="-120.93501"><ele>1840.0</ele><time>2023-10-07T18:36:29Z</time></trkpt><trkpt lat="47.455485" lon="-120.934975"><ele>1842.0</ele><time>2023-10-07T18:36:32Z</time></trkpt><trkpt lat="47.455483" lon="-120.934895"><ele>1842.9</ele><time>2023-10-07T18:36:38Z</time></trkpt><trkpt lat="47.455458" lon="-120.934836"><ele>1842.0</ele><time>2023-10-07T18:36:42Z</time></trkpt><trkpt lat="47.455459" lon="-120.934767"><ele>1842.0</ele><time>2023-10-07T18:36:47Z</time></trkpt><trkpt lat="47.455366" lon="-120.934615"><ele>1842.0</ele><time>2023-10-07T18:36:59Z</time></trkpt><trkpt lat="47.455348" lon="-120.934534"><ele>1842.0</ele><time>2023-10-07T18:37:05Z</time></trkpt><trkpt lat="47.455366" lon="-120.934458"><ele>1842.0</ele><time>2023-10-07T18:37:09Z</time></trkpt><trkpt lat="47.455355" lon="-120.934346"><ele>1845.0</ele><time>2023-10-07T18:37:19Z</time></trkpt><trkpt lat="47.455319" lon="-120.934243"><ele>1847.4</ele><time>2023-10-07T18:37:28Z</time></trkpt><trkpt lat="47.455317" lon="-120.934184"><ele>1848.0</ele><time>2023-10-07T18:37:32Z</time></trkpt><trkpt lat="47.455216" lon="-120.933942"><ele>1849.0</ele><time>2023-10-07T18:37:57Z</time></trkpt><trkpt lat="47.455354" lon="-120.933989"><ele>1853.0</ele><time>2023-10-07T18:38:14Z</time></trkpt><trkpt lat="47.455407" lon="-120.934037"><ele>1852.0</ele><time>2023-10-07T18:38:21Z</time></trkpt><trkpt lat="47.455474" lon="-120.934062"><ele>1855.0</ele><time>2023-10-07T18:38:30Z</time></trkpt><trkpt lat="47.455556" lon="-120.934131"><ele>1856.0</ele><time>2023-10-07T18:38:41Z</time></trkpt><trkpt lat="47.455596" lon="-120.934131"><ele>1855.0</ele><time>2023-10-07T18:38:46Z</time></trkpt><trkpt lat="47.455712" lon="-120.934237"><ele>1860.0</ele><time>2023-10-07T18:39:03Z</time></trkpt><trkpt lat="47.455786" lon="-120.934354"><ele>1856.0</ele><time>2023-10-07T18:39:21Z</time></trkpt><trkpt lat="47.455788" lon="-120.934414"><ele>1861.0</ele><time>2023-10-07T18:39:26Z</time></trkpt><trkpt lat="47.45583" lon="-120.934352"><ele>1862.0</ele><time>2023-10-07T18:39:33Z</time></trkpt><trkpt lat="47.455817" lon="-120.934293"><ele>1862.0</ele><time>2023-10-07T18:39:37Z</time></trkpt><trkpt lat="47.455816" lon="-120.934228"><ele>1863.0</ele><time>2023-10-07T18:39:41Z</time></trkpt><trkpt lat="47.455836" lon="-120.933993"><ele>1866.9</ele><time>2023-10-07T18:39:57Z</time></trkpt><trkpt lat="47.455744" lon="-120.933842"><ele>1869.0</ele><time>2023-10-07T18:40:10Z</time></trkpt><trkpt lat="47.455734" lon="-120.933774"><ele>1869.0</ele><time>2023-10-07T18:40:16Z</time></trkpt><trkpt lat="47.45569" lon="-120.933662"><ele>1871.0</ele><time>2023-10-07T18:40:29Z</time></trkpt><trkpt lat="47.455778" lon="-120.933728"><ele>1872.0</ele><time>2023-10-07T18:40:41Z</time></trkpt><trkpt lat="47.455803" lon="-120.933734"><ele>1874.0</ele><time>2023-10-07T18:40:44Z</time></trkpt><trkpt lat="47.455844" lon="-120.933783"><ele>1873.0</ele><time>2023-10-07T18:40:49Z</time></trkpt><trkpt lat="47.456142" lon="-120.933931"><ele>1880.0</ele><time>2023-10-07T18:41:22Z</time></trkpt><trkpt lat="47.456228" lon="-120.934005"><ele>1884.0</ele><time>2023-10-07T18:41:33Z</time></trkpt><trkpt lat="47.456278" lon="-120.934067"><ele>1884.0</ele><time>2023-10-07T18:41:42Z</time></trkpt><trkpt lat="47.45634" lon="-120.934212"><ele>1884.0</ele><time>2023-10-07T18:41:56Z</time></trkpt><trkpt lat="47.456398" lon="-120.934241"><ele>1887.0</ele><time>2023-10-07T18:42:04Z</time></trkpt><trkpt lat="47.456426" lon="-120.934214"><ele>1887.0</ele><time>2023-10-07T18:42:07Z</time></trkpt><trkpt lat="47.456465" lon="-120.934205"><ele>1885.0</ele><time>2023-10-07T18:42:11Z</time></trkpt><trkpt lat="47.456475" lon="-120.934248"><ele>1890.0</ele><time>2023-10-07T18:42:23Z</time></trkpt><trkpt lat="47.456547" lon="-120.93428"><ele>1890.0</ele><time>2023-10-07T18:42:39Z</time></trkpt><trkpt lat="47.45657" lon="-120.934341"><ele>1893.0</ele><time>2023-10-07T18:42:44Z</time></trkpt><trkpt lat="47.456623" lon="-120.934339"><ele>1889.0</ele><time>2023-10-07T18:45:01Z</time></trkpt><trkpt lat="47.456597" lon="-120.934377"><ele>1891.0</ele><time>2023-10-07T18:45:58Z</time></trkpt><trkpt lat="47.456642" lon="-120.934433"><ele>1890.0</ele><time>2023-10-07T18:46:35Z</time></trkpt><trkpt lat="47.456682" lon="-120.934457"><ele>1890.0</ele><time>2023-10-07T18:46:41Z</time></trkpt><trkpt lat="47.45678" lon="-120.934467"><ele>1895.0</ele><time>2023-10-07T18:46:56Z</time></trkpt><trkpt lat="47.45684" lon="-120.934502"><ele>1896.0</ele><time>2023-10-07T18:47:03Z</time></trkpt><trkpt lat="47.456875" lon="-120.934505"><ele>1896.0</ele><time>2023-10-07T18:47:06Z</time></trkpt><trkpt lat="47.457064" lon="-120.934439"><ele>1900.0</ele><time>2023-10-07T18:47:24Z</time></trkpt><trkpt lat="47.457174" lon="-120.934344"><ele>1902.0</ele><time>2023-10-07T18:47:36Z</time></trkpt><trkpt lat="47.457292" lon="-120.934274"><ele>1902.0</ele><time>2023-10-07T18:47:52Z</time></trkpt><trkpt lat="47.457336" lon="-120.934233"><ele>1902.0</ele><time>2023-10-07T18:47:58Z</time></trkpt><trkpt lat="47.457392" lon="-120.934199"><ele>1905.0</ele><time>2023-10-07T18:48:06Z</time></trkpt><trkpt lat="47.457639" lon="-120.934149"><ele>1905.0</ele><time>2023-10-07T18:48:36Z</time></trkpt><trkpt lat="47.457778" lon="-120.934098"><ele>1912.0</ele><time>2023-10-07T18:49:06Z</time></trkpt><trkpt lat="47.457933" lon="-120.934117"><ele>1916.0</ele><time>2023-10-07T18:49:42Z</time></trkpt><trkpt lat="47.457974" lon="-120.934134"><ele>1920.0</ele><time>2023-10-07T18:49:47Z</time></trkpt><trkpt lat="47.457965" lon="-120.934098"><ele>1920.0</ele><time>2023-10-07T18:49:50Z</time></trkpt><trkpt lat="47.457925" lon="-120.934033"><ele>1920.0</ele><time>2023-10-07T18:49:53Z</time></trkpt><trkpt lat="47.457868" lon="-120.93397"><ele>1920.0</ele><time>2023-10-07T18:50:02Z</time></trkpt><trkpt lat="47.457816" lon="-120.93393"><ele>1920.0</ele><time>2023-10-07T18:50:10Z</time></trkpt><trkpt lat="47.457787" lon="-120.933812"><ele>1923.0</ele><time>2023-10-07T18:50:24Z</time></trkpt><trkpt lat="47.457741" lon="-120.933726"><ele>1926.0</ele><time>2023-10-07T18:50:33Z</time></trkpt><trkpt lat="47.457684" lon="-120.933667"><ele>1928.0</ele><time>2023-10-07T18:50:43Z</time></trkpt><trkpt lat="47.457632" lon="-120.933595"><ele>1930.0</ele><time>2023-10-07T18:50:57Z</time></trkpt><trkpt lat="47.457598" lon="-120.933581"><ele>1926.0</ele><time>2023-10-07T18:51:02Z</time></trkpt><trkpt lat="47.457582" lon="-120.933555"><ele>1932.0</ele><time>2023-10-07T18:51:07Z</time></trkpt><trkpt lat="47.457546" lon="-120.933529"><ele>1932.0</ele><time>2023-10-07T18:51:12Z</time></trkpt><trkpt lat="47.457508" lon="-120.933516"><ele>1930.0</ele><time>2023-10-07T18:51:18Z</time></trkpt><trkpt lat="47.457402" lon="-120.933421"><ele>1934.0</ele><time>2023-10-07T18:51:37Z</time></trkpt><trkpt lat="47.45732" lon="-120.933388"><ele>1934.0</ele><time>2023-10-07T18:51:52Z</time></trkpt><trkpt lat="47.457344" lon="-120.933365"><ele>1936.0</ele><time>2023-10-07T18:51:58Z</time></trkpt><trkpt lat="47.457377" lon="-120.933361"><ele>1938.0</ele><time>2023-10-07T18:52:01Z</time></trkpt><trkpt lat="47.457452" lon="-120.933373"><ele>1935.0</ele><time>2023-10-07T18:52:09Z</time></trkpt><trkpt lat="47.457524" lon="-120.933367"><ele>1935.0</ele><time>2023-10-07T18:52:17Z</time></trkpt><trkpt lat="47.457575" lon="-120.933379"><ele>1940.0</ele><time>2023-10-07T18:52:23Z</time></trkpt><trkpt lat="47.457678" lon="-120.933357"><ele>1940.0</ele><time>2023-10-07T18:52:37Z</time></trkpt><trkpt lat="47.457734" lon="-120.933381"><ele>1940.0</ele><time>2023-10-07T18:52:44Z</time></trkpt><trkpt lat="47.45791" lon="-120.93339"><ele>1944.0</ele><time>2023-10-07T18:53:03Z</time></trkpt><trkpt lat="47.457979" lon="-120.933404"><ele>1944.0</ele><time>2023-10-07T18:53:11Z</time></trkpt><trkpt lat="47.458004" lon="-120.933423"><ele>1946.0</ele><time>2023-10-07T18:53:14Z</time></trkpt><trkpt lat="47.458068" lon="-120.933427"><ele>1945.0</ele><time>2023-10-07T18:53:23Z</time></trkpt><trkpt lat="47.458107" lon="-120.933464"><ele>1950.0</ele><time>2023-10-07T18:53:32Z</time></trkpt><trkpt lat="47.458222" lon="-120.933536"><ele>1952.0</ele><time>2023-10-07T18:53:47Z</time></trkpt><trkpt lat="47.458255" lon="-120.933542"><ele>1952.0</ele><time>2023-10-07T18:53:51Z</time></trkpt><trkpt lat="47.45833" lon="-120.933508"><ele>1954.0</ele><time>2023-10-07T18:54:03Z</time></trkpt><trkpt lat="47.458431" lon="-120.933529"><ele>1954.0</ele><time>2023-10-07T18:54:19Z</time></trkpt><trkpt lat="47.458479" lon="-120.933574"><ele>1954.0</ele><time>2023-10-07T18:54:29Z</time></trkpt><trkpt lat="47.458513" lon="-120.933633"><ele>1956.0</ele><time>2023-10-07T18:54:36Z</time></trkpt><trkpt lat="47.458729" lon="-120.933847"><ele>1956.0</ele><time>2023-10-07T18:55:59Z</time></trkpt><trkpt lat="47.458816" lon="-120.934095"><ele>1959.4</ele><time>2023-10-07T18:56:20Z</time></trkpt><trkpt lat="47.458821" lon="-120.934199"><ele>1958.0</ele><time>2023-10-07T18:56:30Z</time></trkpt><trkpt lat="47.458951" lon="-120.93441"><ele>1960.0</ele><time>2023-10-07T18:56:54Z</time></trkpt><trkpt lat="47.45897" lon="-120.934455"><ele>1962.0</ele><time>2023-10-07T18:56:59Z</time></trkpt><trkpt lat="47.458982" lon="-120.934523"><ele>1963.0</ele><time>2023-10-07T18:57:06Z</time></trkpt><trkpt lat="47.459006" lon="-120.934555"><ele>1964.4</ele><time>2023-10-07T18:57:11Z</time></trkpt><trkpt lat="47.459023" lon="-120.934616"><ele>1962.0</ele><time>2023-10-07T18:57:16Z</time></trkpt><trkpt lat="47.459111" lon="-120.93479"><ele>1964.0</ele><time>2023-10-07T18:57:34Z</time></trkpt><trkpt lat="47.459139" lon="-120.934884"><ele>1968.0</ele><time>2023-10-07T18:57:43Z</time></trkpt><trkpt lat="47.459207" lon="-120.934997"><ele>1968.0</ele><time>2023-10-07T18:58:04Z</time></trkpt><trkpt lat="47.459229" lon="-120.935052"><ele>1968.0</ele><time>2023-10-07T18:58:12Z</time></trkpt><trkpt lat="47.459232" lon="-120.935172"><ele>1972.0</ele><time>2023-10-07T18:58:24Z</time></trkpt><trkpt lat="47.459253" lon="-120.935209"><ele>1972.0</ele><time>2023-10-07T18:58:28Z</time></trkpt><trkpt lat="47.459262" lon="-120.935277"><ele>1974.0</ele><time>2023-10-07T18:58:35Z</time></trkpt><trkpt lat="47.459322" lon="-120.935387"><ele>1977.0</ele><time>2023-10-07T18:58:47Z</time></trkpt><trkpt lat="47.459348" lon="-120.935455"><ele>1977.0</ele><time>2023-10-07T18:58:54Z</time></trkpt><trkpt lat="47.459417" lon="-120.935525"><ele>1980.6</ele><time>2023-10-07T18:59:10Z</time></trkpt><trkpt lat="47.459427" lon="-120.935571"><ele>1980.0</ele><time>2023-10-07T19:01:59Z</time></trkpt><trkpt lat="47.459377" lon="-120.935631"><ele>1980.0</ele><time>2023-10-07T19:02:07Z</time></trkpt><trkpt lat="47.459372" lon="-120.935719"><ele>1981.4</ele><time>2023-10-07T19:02:16Z</time></trkpt><trkpt lat="47.459486" lon="-120.935766"><ele>1980.0</ele><time>2023-10-07T19:02:33Z</time></trkpt><trkpt lat="47.459504" lon="-120.935784"><ele>1980.0</ele><time>2023-10-07T19:02:38Z</time></trkpt><trkpt lat="47.459556" lon="-120.935991"><ele>1980.0</ele><time>2023-10-07T19:03:01Z</time></trkpt><trkpt lat="47.459582" lon="-120.936165"><ele>1980.0</ele><time>2023-10-07T19:03:15Z</time></trkpt><trkpt lat="47.459616" lon="-120.936249"><ele>1980.0</ele><time>2023-10-07T19:03:25Z</time></trkpt><trkpt lat="47.459586" lon="-120.936344"><ele>1983.0</ele><time>2023-10-07T19:03:34Z</time></trkpt><trkpt lat="47.459593" lon="-120.936438"><ele>1981.0</ele><time>2023-10-07T19:03:42Z</time></trkpt><trkpt lat="47.459604" lon="-120.936466"><ele>1984.0</ele><time>2023-10-07T19:03:47Z</time></trkpt><trkpt lat="47.459594" lon="-120.936538"><ele>1981.0</ele><time>2023-10-07T19:03:55Z</time></trkpt><trkpt lat="47.459615" lon="-120.936582"><ele>1978.0</ele><time>2023-10-07T19:04:14Z</time></trkpt><trkpt lat="47.459648" lon="-120.936755"><ele>1976.0</ele><time>2023-10-07T19:04:39Z</time></trkpt><trkpt lat="47.459639" lon="-120.936789"><ele>1977.0</ele><time>2023-10-07T19:04:42Z</time></trkpt><trkpt lat="47.45964" lon="-120.936869"><ele>1977.0</ele><time>2023-10-07T19:04:49Z</time></trkpt><trkpt lat="47.459626" lon="-120.936915"><ele>1978.0</ele><time>2023-10-07T19:05:01Z</time></trkpt><trkpt lat="47.459686" lon="-120.93727"><ele>1979.0</ele><time>2023-10-07T19:05:47Z</time></trkpt><trkpt lat="47.459709" lon="-120.937342"><ele>1981.0</ele><time>2023-10-07T19:05:52Z</time></trkpt><trkpt lat="47.459705" lon="-120.937371"><ele>1981.0</ele><time>2023-10-07T19:05:56Z</time></trkpt><trkpt lat="47.459721" lon="-120.937452"><ele>1982.0</ele><time>2023-10-07T19:06:02Z</time></trkpt><trkpt lat="47.459717" lon="-120.937487"><ele>1980.0</ele><time>2023-10-07T19:06:05Z</time></trkpt><trkpt lat="47.459745" lon="-120.937558"><ele>1983.0</ele><time>2023-10-07T19:06:12Z</time></trkpt><trkpt lat="47.459743" lon="-120.937626"><ele>1984.0</ele><time>2023-10-07T19:06:19Z</time></trkpt><trkpt lat="47.459801" lon="-120.937711"><ele>1985.0</ele><time>2023-10-07T19:06:33Z</time></trkpt><trkpt lat="47.459836" lon="-120.937725"><ele>1985.0</ele><time>2023-10-07T19:06:38Z</time></trkpt><trkpt lat="47.459832" lon="-120.93777"><ele>1986.0</ele><time>2023-10-07T19:06:42Z</time></trkpt><trkpt lat="47.459848" lon="-120.937813"><ele>1986.0</ele><time>2023-10-07T19:06:48Z</time></trkpt><trkpt lat="47.459906" lon="-120.937885"><ele>1983.0</ele><time>2023-10-07T19:06:57Z</time></trkpt><trkpt lat="47.459939" lon="-120.937911"><ele>1980.0</ele><time>2023-10-07T19:07:04Z</time></trkpt><trkpt lat="47.459998" lon="-120.938065"><ele>1983.0</ele><time>2023-10-07T19:07:22Z</time></trkpt><trkpt lat="47.460077" lon="-120.938146"><ele>1980.0</ele><time>2023-10-07T19:07:56Z</time></trkpt><trkpt lat="47.460123" lon="-120.938163"><ele>1980.0</ele><time>2023-10-07T19:08:22Z</time></trkpt><trkpt lat="47.460145" lon="-120.93819"><ele>1976.0</ele><time>2023-10-07T19:08:34Z</time></trkpt><trkpt lat="47.460184" lon="-120.938289"><ele>1979.0</ele><time>2023-10-07T19:08:50Z</time></trkpt><trkpt lat="47.46025" lon="-120.938372"><ele>1974.0</ele><time>2023-10-07T19:09:05Z</time></trkpt><trkpt lat="47.460348" lon="-120.938409"><ele>1974.0</ele><time>2023-10-07T19:09:21Z</time></trkpt><trkpt lat="47.460378" lon="-120.938402"><ele>1975.0</ele><time>2023-10-07T19:09:26Z</time></trkpt><trkpt lat="47.46044" lon="-120.938438"><ele>1974.0</ele><time>2023-10-07T19:09:33Z</time></trkpt><trkpt lat="47.460462" lon="-120.938461"><ele>1976.0</ele><time>2023-10-07T19:09:37Z</time></trkpt><trkpt lat="47.460507" lon="-120.938562"><ele>1975.0</ele><time>2023-10-07T19:09:47Z</time></trkpt><trkpt lat="47.460531" lon="-120.938595"><ele>1977.0</ele><time>2023-10-07T19:09:50Z</time></trkpt><trkpt lat="47.460539" lon="-120.938674"><ele>1973.0</ele><time>2023-10-07T19:10:00Z</time></trkpt><trkpt lat="47.460532" lon="-120.938761"><ele>1960.0</ele><time>2023-10-07T19:10:22Z</time></trkpt><trkpt lat="47.460541" lon="-120.938799"><ele>1975.0</ele><time>2023-10-07T19:10:35Z</time></trkpt><trkpt lat="47.460579" lon="-120.938908"><ele>1977.0</ele><time>2023-10-07T19:10:45Z</time></trkpt><trkpt lat="47.460612" lon="-120.93897"><ele>1977.0</ele><time>2023-10-07T19:10:50Z</time></trkpt><trkpt lat="47.460636" lon="-120.938986"><ele>1977.0</ele><time>2023-10-07T19:10:53Z</time></trkpt><trkpt lat="47.460652" lon="-120.939068"><ele>1975.0</ele><time>2023-10-07T19:11:03Z</time></trkpt><trkpt lat="47.460676" lon="-120.9391"><ele>1977.0</ele><time>2023-10-07T19:11:06Z</time></trkpt><trkpt lat="47.46072" lon="-120.939207"><ele>1977.0</ele><time>2023-10-07T19:11:17Z</time></trkpt><trkpt lat="47.46073" lon="-120.939278"><ele>1977.0</ele><time>2023-10-07T19:11:23Z</time></trkpt><trkpt lat="47.460759" lon="-120.939289"><ele>1977.0</ele><time>2023-10-07T19:11:26Z</time></trkpt><trkpt lat="47.460792" lon="-120.939287"><ele>1976.0</ele><time>2023-10-07T19:11:30Z</time></trkpt><trkpt lat="47.460827" lon="-120.93927"><ele>1978.0</ele><time>2023-10-07T19:11:33Z</time></trkpt><trkpt lat="47.460876" lon="-120.939217"><ele>1976.0</ele><time>2023-10-07T19:11:39Z</time></trkpt><trkpt lat="47.460904" lon="-120.939241"><ele>1978.0</ele><time>2023-10-07T19:11:41Z</time></trkpt><trkpt lat="47.460932" lon="-120.939327"><ele>1976.0</ele><time>2023-10-07T19:11:55Z</time></trkpt><trkpt lat="47.460928" lon="-120.939365"><ele>1977.0</ele><time>2023-10-07T19:12:03Z</time></trkpt><trkpt lat="47.460966" lon="-120.93943"><ele>1977.0</ele><time>2023-10-07T19:12:09Z</time></trkpt><trkpt lat="47.461024" lon="-120.939453"><ele>1974.0</ele><time>2023-10-07T19:12:16Z</time></trkpt><trkpt lat="47.461064" lon="-120.939437"><ele>1977.0</ele><time>2023-10-07T19:12:21Z</time></trkpt><trkpt lat="47.46109" lon="-120.939412"><ele>1977.0</ele><time>2023-10-07T19:12:24Z</time></trkpt><trkpt lat="47.461118" lon="-120.939349"><ele>1978.0</ele><time>2023-10-07T19:12:43Z</time></trkpt><trkpt lat="47.461159" lon="-120.939396"><ele>1980.0</ele><time>2023-10-07T19:13:24Z</time></trkpt><trkpt lat="47.461159" lon="-120.939351"><ele>1980.0</ele><time>2023-10-07T19:13:42Z</time></trkpt><trkpt lat="47.461143" lon="-120.939402"><ele>1974.0</ele><time>2023-10-07T19:14:29Z</time></trkpt><trkpt lat="47.461155" lon="-120.939459"><ele>1976.0</ele><time>2023-10-07T19:14:51Z</time></trkpt><trkpt lat="47.461272" lon="-120.939541"><ele>1981.0</ele><time>2023-10-07T19:15:03Z</time></trkpt><trkpt lat="47.461336" lon="-120.939536"><ele>1980.0</ele><time>2023-10-07T19:15:10Z</time></trkpt><trkpt lat="47.461368" lon="-120.939508"><ele>1980.0</ele><time>2023-10-07T19:15:16Z</time></trkpt><trkpt lat="47.461417" lon="-120.93953"><ele>1982.0</ele><time>2023-10-07T19:15:23Z</time></trkpt><trkpt lat="47.46148" lon="-120.939586"><ele>1984.0</ele><time>2023-10-07T19:15:33Z</time></trkpt><trkpt lat="47.461492" lon="-120.939632"><ele>1984.0</ele><time>2023-10-07T19:15:37Z</time></trkpt><trkpt lat="47.461495" lon="-120.939707"><ele>1983.0</ele><time>2023-10-07T19:15:43Z</time></trkpt><trkpt lat="47.461565" lon="-120.939823"><ele>1985.8</ele><time>2023-10-07T19:15:55Z</time></trkpt><trkpt lat="47.461633" lon="-120.939828"><ele>1985.0</ele><time>2023-10-07T19:16:05Z</time></trkpt><trkpt lat="47.461646" lon="-120.939894"><ele>1984.0</ele><time>2023-10-07T19:16:12Z</time></trkpt><trkpt lat="47.46164" lon="-120.939927"><ele>1986.0</ele><time>2023-10-07T19:16:16Z</time></trkpt><trkpt lat="47.461657" lon="-120.939987"><ele>1986.0</ele><time>2023-10-07T19:16:22Z</time></trkpt><trkpt lat="47.46165" lon="-120.940196"><ele>1989.0</ele><time>2023-10-07T19:16:36Z</time></trkpt><trkpt lat="47.461702" lon="-120.940233"><ele>1991.0</ele><time>2023-10-07T19:16:42Z</time></trkpt><trkpt lat="47.461726" lon="-120.940263"><ele>1992.3</ele><time>2023-10-07T19:16:46Z</time></trkpt><trkpt lat="47.461747" lon="-120.940324"><ele>1990.0</ele><time>2023-10-07T19:16:51Z</time></trkpt><trkpt lat="47.461717" lon="-120.94039"><ele>1992.0</ele><time>2023-10-07T19:16:57Z</time></trkpt><trkpt lat="47.461709" lon="-120.940502"><ele>1990.0</ele><time>2023-10-07T19:17:05Z</time></trkpt><trkpt lat="47.461788" lon="-120.940705"><ele>1988.0</ele><time>2023-10-07T19:17:19Z</time></trkpt><trkpt lat="47.461761" lon="-120.940896"><ele>1988.0</ele><time>2023-10-07T19:17:30Z</time></trkpt><trkpt lat="47.461816" lon="-120.940992"><ele>1989.0</ele><time>2023-10-07T19:17:37Z</time></trkpt><trkpt lat="47.461814" lon="-120.941086"><ele>1985.0</ele><time>2023-10-07T19:17:43Z</time></trkpt><trkpt lat="47.461853" lon="-120.941136"><ele>1985.0</ele><time>2023-10-07T19:17:48Z</time></trkpt><trkpt lat="47.461828" lon="-120.941173"><ele>1983.0</ele><time>2023-10-07T19:17:51Z</time></trkpt><trkpt lat="47.461824" lon="-120.941213"><ele>1984.0</ele><time>2023-10-07T19:17:54Z</time></trkpt><trkpt lat="47.46187" lon="-120.941262"><ele>1980.0</ele><time>2023-10-07T19:18:00Z</time></trkpt><trkpt lat="47.461904" lon="-120.941329"><ele>1979.0</ele><time>2023-10-07T19:18:11Z</time></trkpt><trkpt lat="47.461989" lon="-120.941411"><ele>1978.0</ele><time>2023-10-07T19:18:22Z</time></trkpt><trkpt lat="47.462056" lon="-120.94156"><ele>1976.0</ele><time>2023-10-07T19:18:38Z</time></trkpt><trkpt lat="47.462147" lon="-120.9416"><ele>1977.0</ele><time>2023-10-07T19:18:50Z</time></trkpt><trkpt lat="47.462185" lon="-120.941605"><ele>1977.0</ele><time>2023-10-07T19:18:53Z</time></trkpt><trkpt lat="47.46222" lon="-120.941593"><ele>1977.0</ele><time>2023-10-07T19:18:56Z</time></trkpt><trkpt lat="47.462299" lon="-120.94164"><ele>1974.0</ele><time>2023-10-07T19:19:04Z</time></trkpt><trkpt lat="47.462319" lon="-120.941665"><ele>1974.0</ele><time>2023-10-07T19:19:06Z</time></trkpt><trkpt lat="47.462348" lon="-120.941767"><ele>1976.6</ele><time>2023-10-07T19:19:14Z</time></trkpt><trkpt lat="47.462343" lon="-120.941915"><ele>1977.0</ele><time>2023-10-07T19:19:23Z</time></trkpt><trkpt lat="47.462279" lon="-120.942063"><ele>1976.0</ele><time>2023-10-07T19:19:34Z</time></trkpt><trkpt lat="47.462267" lon="-120.942167"><ele>1976.0</ele><time>2023-10-07T19:19:41Z</time></trkpt><trkpt lat="47.462234" lon="-120.942265"><ele>1976.0</ele><time>2023-10-07T19:19:49Z</time></trkpt><trkpt lat="47.462249" lon="-120.942339"><ele>1974.0</ele><time>2023-10-07T19:19:53Z</time></trkpt><trkpt lat="47.462368" lon="-120.942382"><ele>1976.0</ele><time>2023-10-07T19:20:09Z</time></trkpt><trkpt lat="47.462399" lon="-120.942381"><ele>1975.0</ele><time>2023-10-07T19:20:13Z</time></trkpt><trkpt lat="47.46245" lon="-120.942428"><ele>1974.0</ele><time>2023-10-07T19:20:23Z</time></trkpt><trkpt lat="47.462518" lon="-120.942434"><ele>1972.0</ele><time>2023-10-07T19:20:31Z</time></trkpt><trkpt lat="47.462566" lon="-120.942464"><ele>1968.0</ele><time>2023-10-07T19:20:40Z</time></trkpt><trkpt lat="47.462613" lon="-120.942546"><ele>1968.0</ele><time>2023-10-07T19:20:50Z</time></trkpt><trkpt lat="47.462634" lon="-120.942566"><ele>1970.0</ele><time>2023-10-07T19:20:52Z</time></trkpt><trkpt lat="47.46267" lon="-120.94267"><ele>1969.0</ele><time>2023-10-07T19:21:00Z</time></trkpt><trkpt lat="47.462724" lon="-120.942721"><ele>1966.0</ele><time>2023-10-07T19:21:10Z</time></trkpt><trkpt lat="47.462734" lon="-120.942758"><ele>1968.0</ele><time>2023-10-07T19:21:12Z</time></trkpt><trkpt lat="47.462725" lon="-120.942824"><ele>1965.0</ele><time>2023-10-07T19:21:18Z</time></trkpt><trkpt lat="47.462728" lon="-120.942892"><ele>1964.0</ele><time>2023-10-07T19:21:24Z</time></trkpt><trkpt lat="47.462796" lon="-120.943063"><ele>1964.0</ele><time>2023-10-07T19:21:41Z</time></trkpt><trkpt lat="47.462841" lon="-120.943106"><ele>1965.0</ele><time>2023-10-07T19:22:12Z</time></trkpt><trkpt lat="47.463033" lon="-120.943147"><ele>1956.0</ele><time>2023-10-07T19:22:47Z</time></trkpt><trkpt lat="47.463107" lon="-120.943114"><ele>1962.0</ele><time>2023-10-07T19:22:58Z</time></trkpt><trkpt lat="47.463211" lon="-120.943124"><ele>1962.0</ele><time>2023-10-07T19:23:07Z</time></trkpt><trkpt lat="47.46324" lon="-120.943103"><ele>1962.0</ele><time>2023-10-07T19:23:11Z</time></trkpt><trkpt lat="47.463259" lon="-120.943072"><ele>1962.0</ele><time>2023-10-07T19:23:14Z</time></trkpt><trkpt lat="47.463324" lon="-120.943039"><ele>1962.0</ele><time>2023-10-07T19:23:21Z</time></trkpt><trkpt lat="47.463349" lon="-120.94306"><ele>1962.0</ele><time>2023-10-07T19:23:25Z</time></trkpt><trkpt lat="47.463395" lon="-120.943015"><ele>1960.0</ele><time>2023-10-07T19:23:43Z</time></trkpt><trkpt lat="47.463444" lon="-120.94306"><ele>1962.0</ele><time>2023-10-07T19:23:49Z</time></trkpt><trkpt lat="47.463445" lon="-120.943134"><ele>1962.0</ele><time>2023-10-07T19:23:54Z</time></trkpt><trkpt lat="47.463487" lon="-120.943404"><ele>1962.0</ele><time>2023-10-07T19:24:13Z</time></trkpt><trkpt lat="47.463508" lon="-120.943448"><ele>1962.0</ele><time>2023-10-07T19:24:18Z</time></trkpt><trkpt lat="47.463538" lon="-120.943466"><ele>1962.0</ele><time>2023-10-07T19:24:22Z</time></trkpt><trkpt lat="47.463571" lon="-120.943529"><ele>1962.0</ele><time>2023-10-07T19:24:28Z</time></trkpt><trkpt lat="47.463643" lon="-120.943626"><ele>1964.0</ele><time>2023-10-07T19:24:37Z</time></trkpt><trkpt lat="47.463642" lon="-120.943658"><ele>1964.0</ele><time>2023-10-07T19:24:40Z</time></trkpt><trkpt lat="47.463614" lon="-120.94372"><ele>1964.0</ele><time>2023-10-07T19:24:45Z</time></trkpt><trkpt lat="47.46361" lon="-120.943756"><ele>1964.0</ele><time>2023-10-07T19:24:48Z</time></trkpt><trkpt lat="47.463612" lon="-120.943834"><ele>1964.0</ele><time>2023-10-07T19:24:54Z</time></trkpt><trkpt lat="47.463632" lon="-120.943956"><ele>1965.0</ele><time>2023-10-07T19:25:05Z</time></trkpt><trkpt lat="47.463665" lon="-120.943996"><ele>1964.0</ele><time>2023-10-07T19:25:11Z</time></trkpt><trkpt lat="47.463776" lon="-120.944188"><ele>1968.0</ele><time>2023-10-07T19:25:28Z</time></trkpt><trkpt lat="47.463816" lon="-120.94421"><ele>1969.7</ele><time>2023-10-07T19:25:33Z</time></trkpt><trkpt lat="47.463856" lon="-120.944269"><ele>1970.0</ele><time>2023-10-07T19:25:40Z</time></trkpt><trkpt lat="47.463891" lon="-120.944273"><ele>1971.0</ele><time>2023-10-07T19:25:44Z</time></trkpt><trkpt lat="47.463904" lon="-120.944231"><ele>1971.0</ele><time>2023-10-07T19:25:47Z</time></trkpt><trkpt lat="47.464007" lon="-120.944143"><ele>1968.0</ele><time>2023-10-07T19:25:59Z</time></trkpt><trkpt lat="47.464027" lon="-120.944108"><ele>1971.0</ele><time>2023-10-07T19:26:02Z</time></trkpt><trkpt lat="47.464061" lon="-120.944114"><ele>1968.0</ele><time>2023-10-07T19:26:06Z</time></trkpt><trkpt lat="47.464135" lon="-120.944208"><ele>1972.0</ele><time>2023-10-07T19:26:19Z</time></trkpt><trkpt lat="47.464196" lon="-120.944258"><ele>1972.0</ele><time>2023-10-07T19:26:31Z</time></trkpt><trkpt lat="47.464214" lon="-120.944297"><ele>1974.0</ele><time>2023-10-07T19:26:35Z</time></trkpt><trkpt lat="47.464275" lon="-120.94436"><ele>1971.0</ele><time>2023-10-07T19:26:43Z</time></trkpt><trkpt lat="47.464319" lon="-120.944355"><ele>1972.0</ele><time>2023-10-07T19:26:49Z</time></trkpt><trkpt lat="47.464364" lon="-120.94431"><ele>1969.0</ele><time>2023-10-07T19:27:00Z</time></trkpt><trkpt lat="47.464396" lon="-120.944298"><ele>1972.0</ele><time>2023-10-07T19:27:07Z</time></trkpt><trkpt lat="47.464483" lon="-120.944348"><ele>1968.0</ele><time>2023-10-07T19:27:24Z</time></trkpt><trkpt lat="47.46457" lon="-120.944437"><ele>1969.0</ele><time>2023-10-07T19:27:41Z</time></trkpt><trkpt lat="47.464604" lon="-120.944413"><ele>1971.0</ele><time>2023-10-07T19:27:46Z</time></trkpt><trkpt lat="47.464662" lon="-120.944153"><ele>1968.0</ele><time>2023-10-07T19:28:09Z</time></trkpt><trkpt lat="47.464718" lon="-120.944094"><ele>1968.0</ele><time>2023-10-07T19:28:18Z</time></trkpt><trkpt lat="47.464842" lon="-120.94407"><ele>1967.0</ele><time>2023-10-07T19:28:39Z</time></trkpt><trkpt lat="47.464982" lon="-120.944081"><ele>1964.0</ele><time>2023-10-07T19:29:03Z</time></trkpt><trkpt lat="47.465016" lon="-120.944074"><ele>1965.0</ele><time>2023-10-07T19:29:07Z</time></trkpt><trkpt lat="47.465063" lon="-120.944027"><ele>1962.0</ele><time>2023-10-07T19:29:19Z</time></trkpt><trkpt lat="47.465108" lon="-120.943917"><ele>1963.0</ele><time>2023-10-07T19:29:38Z</time></trkpt><trkpt lat="47.465116" lon="-120.943823"><ele>1964.0</ele><time>2023-10-07T19:29:54Z</time></trkpt><trkpt lat="47.465137" lon="-120.943743"><ele>1963.0</ele><time>2023-10-07T19:30:03Z</time></trkpt><trkpt lat="47.465092" lon="-120.94364"><ele>1959.0</ele><time>2023-10-07T19:30:15Z</time></trkpt><trkpt lat="47.465088" lon="-120.943596"><ele>1960.0</ele><time>2023-10-07T19:30:19Z</time></trkpt><trkpt lat="47.465164" lon="-120.943421"><ele>1952.0</ele><time>2023-10-07T19:30:47Z</time></trkpt><trkpt lat="47.465197" lon="-120.943435"><ele>1955.0</ele><time>2023-10-07T19:30:54Z</time></trkpt><trkpt lat="47.465225" lon="-120.943474"><ele>1958.0</ele><time>2023-10-07T19:30:58Z</time></trkpt><trkpt lat="47.465276" lon="-120.943612"><ele>1962.0</ele><time>2023-10-07T19:31:20Z</time></trkpt><trkpt lat="47.465277" lon="-120.943685"><ele>1963.0</ele><time>2023-10-07T19:31:35Z</time></trkpt><trkpt lat="47.465366" lon="-120.943788"><ele>1966.0</ele><time>2023-10-07T19:32:08Z</time></trkpt><trkpt lat="47.465412" lon="-120.943649"><ele>1965.0</ele><time>2023-10-07T19:33:47Z</time></trkpt><trkpt lat="47.465384" lon="-120.943694"><ele>1968.0</ele><time>2023-10-07T19:37:02Z</time></trkpt><trkpt lat="47.465393" lon="-120.943661"><ele>1962.0</ele><time>2023-10-07T19:38:42Z</time></trkpt><trkpt lat="47.465421" lon="-120.943616"><ele>1965.0</ele><time>2023-10-07T19:49:18Z</time></trkpt><trkpt lat="47.465423" lon="-120.94355"><ele>1966.0</ele><time>2023-10-07T19:49:25Z</time></trkpt><trkpt lat="47.465457" lon="-120.943453"><ele>1966.0</ele><time>2023-10-07T19:49:31Z</time></trkpt><trkpt lat="47.465488" lon="-120.943441"><ele>1964.0</ele><time>2023-10-07T19:49:37Z</time></trkpt><trkpt lat="47.465564" lon="-120.943304"><ele>1967.0</ele><time>2023-10-07T19:49:53Z</time></trkpt><trkpt lat="47.465594" lon="-120.9432"><ele>1967.0</ele><time>2023-10-07T19:50:06Z</time></trkpt><trkpt lat="47.46559" lon="-120.943038"><ele>1964.7</ele><time>2023-10-07T19:50:27Z</time></trkpt><trkpt lat="47.465601" lon="-120.942906"><ele>1964.0</ele><time>2023-10-07T19:50:45Z</time></trkpt><trkpt lat="47.465653" lon="-120.942716"><ele>1961.0</ele><time>2023-10-07T19:50:58Z</time></trkpt><trkpt lat="47.465649" lon="-120.942677"><ele>1961.0</ele><time>2023-10-07T19:51:00Z</time></trkpt><trkpt lat="47.465679" lon="-120.9426"><ele>1959.0</ele><time>2023-10-07T19:51:06Z</time></trkpt><trkpt lat="47.465693" lon="-120.942521"><ele>1960.0</ele><time>2023-10-07T19:51:11Z</time></trkpt><trkpt lat="47.465726" lon="-120.942291"><ele>1956.0</ele><time>2023-10-07T19:51:29Z</time></trkpt><trkpt lat="47.465724" lon="-120.942207"><ele>1956.0</ele><time>2023-10-07T19:51:35Z</time></trkpt><trkpt lat="47.465746" lon="-120.942136"><ele>1956.0</ele><time>2023-10-07T19:51:43Z</time></trkpt><trkpt lat="47.465761" lon="-120.941952"><ele>1954.0</ele><time>2023-10-07T19:52:02Z</time></trkpt><trkpt lat="47.46575" lon="-120.941901"><ele>1954.0</ele><time>2023-10-07T19:52:06Z</time></trkpt><trkpt lat="47.46591" lon="-120.941648"><ele>1947.0</ele><time>2023-10-07T19:52:46Z</time></trkpt><trkpt lat="47.465943" lon="-120.941654"><ele>1950.0</ele><time>2023-10-07T19:52:53Z</time></trkpt><trkpt lat="47.46598" lon="-120.941599"><ele>1948.0</ele><time>2023-10-07T19:53:05Z</time></trkpt><trkpt lat="47.466008" lon="-120.941591"><ele>1947.0</ele><time>2023-10-07T19:53:08Z</time></trkpt><trkpt lat="47.466053" lon="-120.94148"><ele>1946.0</ele><time>2023-10-07T19:53:18Z</time></trkpt><trkpt lat="47.466078" lon="-120.94145"><ele>1946.0</ele><time>2023-10-07T19:53:21Z</time></trkpt><trkpt lat="47.466149" lon="-120.941435"><ele>1944.0</ele><time>2023-10-07T19:53:28Z</time></trkpt><trkpt lat="47.466252" lon="-120.941487"><ele>1944.0</ele><time>2023-10-07T19:53:38Z</time></trkpt><trkpt lat="47.46629" lon="-120.941476"><ele>1944.0</ele><time>2023-10-07T19:53:42Z</time></trkpt><trkpt lat="47.466345" lon="-120.941434"><ele>1944.0</ele><time>2023-10-07T19:53:53Z</time></trkpt><trkpt lat="47.466376" lon="-120.941434"><ele>1944.0</ele><time>2023-10-07T19:53:59Z</time></trkpt><trkpt lat="47.466442" lon="-120.941379"><ele>1942.0</ele><time>2023-10-07T19:54:23Z</time></trkpt><trkpt lat="47.466494" lon="-120.941317"><ele>1943.0</ele><time>2023-10-07T19:54:30Z</time></trkpt><trkpt lat="47.466558" lon="-120.941271"><ele>1940.0</ele><time>2023-10-07T19:54:37Z</time></trkpt><trkpt lat="47.466614" lon="-120.941202"><ele>1941.0</ele><time>2023-10-07T19:54:48Z</time></trkpt><trkpt lat="47.466655" lon="-120.941087"><ele>1939.0</ele><time>2023-10-07T19:55:00Z</time></trkpt><trkpt lat="47.466678" lon="-120.941063"><ele>1939.0</ele><time>2023-10-07T19:55:03Z</time></trkpt><trkpt lat="47.466705" lon="-120.940994"><ele>1938.0</ele><time>2023-10-07T19:55:09Z</time></trkpt><trkpt lat="47.466746" lon="-120.940937"><ele>1936.0</ele><time>2023-10-07T19:55:17Z</time></trkpt><trkpt lat="47.466799" lon="-120.940831"><ele>1935.0</ele><time>2023-10-07T19:55:30Z</time></trkpt><trkpt lat="47.466805" lon="-120.940748"><ele>1933.9</ele><time>2023-10-07T19:55:42Z</time></trkpt><trkpt lat="47.466835" lon="-120.940701"><ele>1932.0</ele><time>2023-10-07T19:55:48Z</time></trkpt><trkpt lat="47.466844" lon="-120.940632"><ele>1930.0</ele><time>2023-10-07T19:55:56Z</time></trkpt><trkpt lat="47.466872" lon="-120.940579"><ele>1928.0</ele><time>2023-10-07T19:56:02Z</time></trkpt><trkpt lat="47.466876" lon="-120.940501"><ele>1926.0</ele><time>2023-10-07T19:56:40Z</time></trkpt><trkpt lat="47.466902" lon="-120.940418"><ele>1920.0</ele><time>2023-10-07T19:57:10Z</time></trkpt><trkpt lat="47.466896" lon="-120.940381"><ele>1924.0</ele><time>2023-10-07T19:57:20Z</time></trkpt><trkpt lat="47.467004" lon="-120.940256"><ele>1926.0</ele><time>2023-10-07T19:57:36Z</time></trkpt><trkpt lat="47.467003" lon="-120.940175"><ele>1924.0</ele><time>2023-10-07T19:57:44Z</time></trkpt><trkpt lat="47.467024" lon="-120.940142"><ele>1920.0</ele><time>2023-10-07T19:57:51Z</time></trkpt><trkpt lat="47.467037" lon="-120.940089"><ele>1926.0</ele><time>2023-10-07T19:58:03Z</time></trkpt><trkpt lat="47.467048" lon="-120.939987"><ele>1926.0</ele><time>2023-10-07T19:58:27Z</time></trkpt><trkpt lat="47.467091" lon="-120.939971"><ele>1927.0</ele><time>2023-10-07T19:58:33Z</time></trkpt><trkpt lat="47.467091" lon="-120.939932"><ele>1924.0</ele><time>2023-10-07T19:58:37Z</time></trkpt><trkpt lat="47.467146" lon="-120.939839"><ele>1926.0</ele><time>2023-10-07T19:58:47Z</time></trkpt><trkpt lat="47.467152" lon="-120.939802"><ele>1925.0</ele><time>2023-10-07T19:58:51Z</time></trkpt><trkpt lat="47.467176" lon="-120.939767"><ele>1920.0</ele><time>2023-10-07T19:58:58Z</time></trkpt><trkpt lat="47.467215" lon="-120.93967"><ele>1927.0</ele><time>2023-10-07T19:59:12Z</time></trkpt><trkpt lat="47.467232" lon="-120.939654"><ele>1926.0</ele><time>2023-10-07T19:59:18Z</time></trkpt><trkpt lat="47.46733" lon="-120.939659"><ele>1925.0</ele><time>2023-10-07T19:59:33Z</time></trkpt><trkpt lat="47.467365" lon="-120.939655"><ele>1928.0</ele><time>2023-10-07T19:59:38Z</time></trkpt><trkpt lat="47.467404" lon="-120.939636"><ele>1926.0</ele><time>2023-10-07T19:59:43Z</time></trkpt><trkpt lat="47.467444" lon="-120.939647"><ele>1929.0</ele><time>2023-10-07T19:59:47Z</time></trkpt><trkpt lat="47.467489" lon="-120.939701"><ele>1930.0</ele><time>2023-10-07T19:59:52Z</time></trkpt><trkpt lat="47.467617" lon="-120.939634"><ele>1933.0</ele><time>2023-10-07T20:00:19Z</time></trkpt><trkpt lat="47.467667" lon="-120.939678"><ele>1935.0</ele><time>2023-10-07T20:00:36Z</time></trkpt><trkpt lat="47.46771" lon="-120.939579"><ele>1935.0</ele><time>2023-10-07T20:00:46Z</time></trkpt><trkpt lat="47.467751" lon="-120.939561"><ele>1940.0</ele><time>2023-10-07T20:00:57Z</time></trkpt><trkpt lat="47.467814" lon="-120.939566"><ele>1938.0</ele><time>2023-10-07T20:01:20Z</time></trkpt><trkpt lat="47.467839" lon="-120.939663"><ele>1942.0</ele><time>2023-10-07T20:01:46Z</time></trkpt><trkpt lat="47.467865" lon="-120.939684"><ele>1944.0</ele><time>2023-10-07T20:01:51Z</time></trkpt><trkpt lat="47.467887" lon="-120.939796"><ele>1947.0</ele><time>2023-10-07T20:02:17Z</time></trkpt><trkpt lat="47.467933" lon="-120.939762"><ele>1948.0</ele><time>2023-10-07T20:02:23Z</time></trkpt><trkpt lat="47.46798" lon="-120.939701"><ele>1950.0</ele><time>2023-10-07T20:02:33Z</time></trkpt><trkpt lat="47.468008" lon="-120.939691"><ele>1950.0</ele><time>2023-10-07T20:02:39Z</time></trkpt><trkpt lat="47.468037" lon="-120.939648"><ele>1950.0</ele><time>2023-10-07T20:02:46Z</time></trkpt><trkpt lat="47.468038" lon="-120.939607"><ele>1952.0</ele><time>2023-10-07T20:02:48Z</time></trkpt><trkpt lat="47.468065" lon="-120.939546"><ele>1953.0</ele><time>2023-10-07T20:02:55Z</time></trkpt><trkpt lat="47.468065" lon="-120.939513"><ele>1952.0</ele><time>2023-10-07T20:02:57Z</time></trkpt><trkpt lat="47.468028" lon="-120.939455"><ele>1953.0</ele><time>2023-10-07T20:03:02Z</time></trkpt><trkpt lat="47.468027" lon="-120.939378"><ele>1955.0</ele><time>2023-10-07T20:03:08Z</time></trkpt><trkpt lat="47.468038" lon="-120.939343"><ele>1956.0</ele><time>2023-10-07T20:03:12Z</time></trkpt><trkpt lat="47.468022" lon="-120.939317"><ele>1956.0</ele><time>2023-10-07T20:03:15Z</time></trkpt><trkpt lat="47.468027" lon="-120.939177"><ele>1956.0</ele><time>2023-10-07T20:03:27Z</time></trkpt><trkpt lat="47.468045" lon="-120.939113"><ele>1956.0</ele><time>2023-10-07T20:03:33Z</time></trkpt><trkpt lat="47.467991" lon="-120.938983"><ele>1955.0</ele><time>2023-10-07T20:04:20Z</time></trkpt><trkpt lat="47.468012" lon="-120.938887"><ele>1952.0</ele><time>2023-10-07T20:04:45Z</time></trkpt><trkpt lat="47.468043" lon="-120.938852"><ele>1958.0</ele><time>2023-10-07T20:04:54Z</time></trkpt><trkpt lat="47.468032" lon="-120.938896"><ele>1960.0</ele><time>2023-10-07T20:05:07Z</time></trkpt><trkpt lat="47.468039" lon="-120.938869"><ele>1955.0</ele><time>2023-10-07T20:05:24Z</time></trkpt><trkpt lat="47.468052" lon="-120.938903"><ele>1956.0</ele><time>2023-10-07T20:05:35Z</time></trkpt><trkpt lat="47.468086" lon="-120.938918"><ele>1962.0</ele><time>2023-10-07T20:05:58Z</time></trkpt><trkpt lat="47.468085" lon="-120.938979"><ele>1963.0</ele><time>2023-10-07T20:06:08Z</time></trkpt><trkpt lat="47.468124" lon="-120.939071"><ele>1968.0</ele><time>2023-10-07T20:06:38Z</time></trkpt><trkpt lat="47.468145" lon="-120.939035"><ele>1968.0</ele><time>2023-10-07T20:07:28Z</time></trkpt><trkpt lat="47.468194" lon="-120.939098"><ele>1971.0</ele><time>2023-10-07T20:08:00Z</time></trkpt><trkpt lat="47.468261" lon="-120.939077"><ele>1974.0</ele><time>2023-10-07T20:08:10Z</time></trkpt><trkpt lat="47.468268" lon="-120.939159"><ele>1976.0</ele><time>2023-10-07T20:08:25Z</time></trkpt><trkpt lat="47.468258" lon="-120.939242"><ele>1974.0</ele><time>2023-10-07T20:09:00Z</time></trkpt><trkpt lat="47.468297" lon="-120.939272"><ele>1977.0</ele><time>2023-10-07T20:09:25Z</time></trkpt><trkpt lat="47.468311" lon="-120.939369"><ele>1984.0</ele><time>2023-10-07T20:10:06Z</time></trkpt><trkpt lat="47.468343" lon="-120.939386"><ele>1986.2</ele><time>2023-10-07T20:10:08Z</time></trkpt><trkpt lat="47.46837" lon="-120.939379"><ele>1986.0</ele><time>2023-10-07T20:10:16Z</time></trkpt><trkpt lat="47.468377" lon="-120.939479"><ele>1988.0</ele><time>2023-10-07T20:10:40Z</time></trkpt><trkpt lat="47.468458" lon="-120.939599"><ele>1985.0</ele><time>2023-10-07T20:10:57Z</time></trkpt><trkpt lat="47.468486" lon="-120.939589"><ele>1983.0</ele><time>2023-10-07T20:11:01Z</time></trkpt><trkpt lat="47.468533" lon="-120.939604"><ele>1983.0</ele><time>2023-10-07T20:11:05Z</time></trkpt><trkpt lat="47.468575" lon="-120.939584"><ele>1985.0</ele><time>2023-10-07T20:11:09Z</time></trkpt><trkpt lat="47.468654" lon="-120.939601"><ele>1980.0</ele><time>2023-10-07T20:11:19Z</time></trkpt><trkpt lat="47.468677" lon="-120.939631"><ele>1983.0</ele><time>2023-10-07T20:11:23Z</time></trkpt><trkpt lat="47.468672" lon="-120.939672"><ele>1983.0</ele><time>2023-10-07T20:11:47Z</time></trkpt><trkpt lat="47.468685" lon="-120.939649"><ele>1984.0</ele><time>2023-10-07T20:11:53Z</time></trkpt><trkpt lat="47.46867" lon="-120.939615"><ele>1980.0</ele><time>2023-10-07T20:12:06Z</time></trkpt><trkpt lat="47.468697" lon="-120.939601"><ele>1980.0</ele><time>2023-10-07T20:12:14Z</time></trkpt><trkpt lat="47.468772" lon="-120.939596"><ele>1980.0</ele><time>2023-10-07T20:12:27Z</time></trkpt><trkpt lat="47.46883" lon="-120.939553"><ele>1979.0</ele><time>2023-10-07T20:12:38Z</time></trkpt><trkpt lat="47.468907" lon="-120.939341"><ele>1976.0</ele><time>2023-10-07T20:13:06Z</time></trkpt><trkpt lat="47.469004" lon="-120.938942"><ele>1974.0</ele><time>2023-10-07T20:14:42Z</time></trkpt><trkpt lat="47.469014" lon="-120.938947"><ele>1974.0</ele><time>2023-10-07T20:15:20Z</time></trkpt><trkpt lat="47.469016" lon="-120.938825"><ele>1974.0</ele><time>2023-10-07T20:15:41Z</time></trkpt><trkpt lat="47.46905" lon="-120.938696"><ele>1974.2</ele><time>2023-10-07T20:15:56Z</time></trkpt><trkpt lat="47.469067" lon="-120.938689"><ele>1973.0</ele><time>2023-10-07T20:16:01Z</time></trkpt><trkpt lat="47.469106" lon="-120.938707"><ele>1968.0</ele><time>2023-10-07T20:17:25Z</time></trkpt><trkpt lat="47.4691" lon="-120.938764"><ele>1972.0</ele><time>2023-10-07T20:18:29Z</time></trkpt><trkpt lat="47.46909" lon="-120.93874"><ele>1972.0</ele><time>2023-10-07T20:19:20Z</time></trkpt><trkpt lat="47.469106" lon="-120.938778"><ele>1925.0</ele><time>2023-10-07T20:35:10Z</time></trkpt><trkpt lat="47.469089" lon="-120.938749"><ele>1975.0</ele><time>2023-10-07T20:51:19Z</time></trkpt><trkpt lat="47.469096" lon="-120.938782"><ele>1975.0</ele><time>2023-10-07T20:52:01Z</time></trkpt><trkpt lat="47.469053" lon="-120.938746"><ele>1976.0</ele><time>2023-10-07T20:52:32Z</time></trkpt><trkpt lat="47.469034" lon="-120.938778"><ele>1977.0</ele><time>2023-10-07T20:52:37Z</time></trkpt><trkpt lat="47.46899" lon="-120.938976"><ele>1975.0</ele><time>2023-10-07T20:53:07Z</time></trkpt><trkpt lat="47.468975" lon="-120.939009"><ele>1974.0</ele><time>2023-10-07T20:53:10Z</time></trkpt><trkpt lat="47.468936" lon="-120.939259"><ele>1976.0</ele><time>2023-10-07T20:53:33Z</time></trkpt><trkpt lat="47.468912" lon="-120.939285"><ele>1974.0</ele><time>2023-10-07T20:53:36Z</time></trkpt><trkpt lat="47.468852" lon="-120.939412"><ele>1974.0</ele><time>2023-10-07T20:53:53Z</time></trkpt><trkpt lat="47.468835" lon="-120.939572"><ele>1976.0</ele><time>2023-10-07T20:54:50Z</time></trkpt><trkpt lat="47.468798" lon="-120.939602"><ele>1980.0</ele><time>2023-10-07T20:55:04Z</time></trkpt><trkpt lat="47.468781" lon="-120.93968"><ele>1982.0</ele><time>2023-10-07T20:55:11Z</time></trkpt><trkpt lat="47.46878" lon="-120.939717"><ele>1982.0</ele><time>2023-10-07T20:55:13Z</time></trkpt><trkpt lat="47.468804" lon="-120.939747"><ele>1976.0</ele><time>2023-10-07T20:55:18Z</time></trkpt><trkpt lat="47.468833" lon="-120.939818"><ele>1980.0</ele><time>2023-10-07T20:55:27Z</time></trkpt><trkpt lat="47.468825" lon="-120.939877"><ele>1978.0</ele><time>2023-10-07T20:55:32Z</time></trkpt><trkpt lat="47.468831" lon="-120.939912"><ele>1976.0</ele><time>2023-10-07T20:55:35Z</time></trkpt><trkpt lat="47.468731" lon="-120.940179"><ele>1980.0</ele><time>2023-10-07T20:56:06Z</time></trkpt><trkpt lat="47.46872" lon="-120.94029"><ele>1986.2</ele><time>2023-10-07T20:56:31Z</time></trkpt><trkpt lat="47.468733" lon="-120.940283"><ele>1985.0</ele><time>2023-10-07T21:01:44Z</time></trkpt><trkpt lat="47.468679" lon="-120.940303"><ele>1988.0</ele><time>2023-10-07T21:01:58Z</time></trkpt><trkpt lat="47.468635" lon="-120.940337"><ele>1985.0</ele><time>2023-10-07T21:02:19Z</time></trkpt><trkpt lat="47.468739" lon="-120.940258"><ele>1981.0</ele><time>2023-10-07T21:02:51Z</time></trkpt><trkpt lat="47.468748" lon="-120.94019"><ele>1976.0</ele><time>2023-10-07T21:03:10Z</time></trkpt><trkpt lat="47.468769" lon="-120.940179"><ele>1985.0</ele><time>2023-10-07T21:03:18Z</time></trkpt><trkpt lat="47.468756" lon="-120.940069"><ele>1983.0</ele><time>2023-10-07T21:03:38Z</time></trkpt><trkpt lat="47.468781" lon="-120.939995"><ele>1982.0</ele><time>2023-10-07T21:03:42Z</time></trkpt><trkpt lat="47.468782" lon="-120.939921"><ele>1982.0</ele><time>2023-10-07T21:03:48Z</time></trkpt><trkpt lat="47.468809" lon="-120.939897"><ele>1980.0</ele><time>2023-10-07T21:03:54Z</time></trkpt><trkpt lat="47.468806" lon="-120.939814"><ele>1982.0</ele><time>2023-10-07T21:04:07Z</time></trkpt><trkpt lat="47.468824" lon="-120.939765"><ele>1981.2</ele><time>2023-10-07T21:04:11Z</time></trkpt><trkpt lat="47.468813" lon="-120.9398"><ele>1982.9</ele><time>2023-10-07T21:04:12Z</time></trkpt><trkpt lat="47.468802" lon="-120.939758"><ele>1983.7</ele><time>2023-10-07T21:04:14Z</time></trkpt><trkpt lat="47.468723" lon="-120.939625"><ele>1984.0</ele><time>2023-10-07T21:04:29Z</time></trkpt><trkpt lat="47.468678" lon="-120.939573"><ele>1984.0</ele><time>2023-10-07T21:04:38Z</time></trkpt><trkpt lat="47.46865" lon="-120.939562"><ele>1984.0</ele><time>2023-10-07T21:04:42Z</time></trkpt><trkpt lat="47.468531" lon="-120.939565"><ele>1985.0</ele><time>2023-10-07T21:04:54Z</time></trkpt><trkpt lat="47.468505" lon="-120.939537"><ele>1986.0</ele><time>2023-10-07T21:04:58Z</time></trkpt><trkpt lat="47.468515" lon="-120.939462"><ele>1986.0</ele><time>2023-10-07T21:05:04Z</time></trkpt><trkpt lat="47.468496" lon="-120.939423"><ele>1986.0</ele><time>2023-10-07T21:05:07Z</time></trkpt><trkpt lat="47.468465" lon="-120.939417"><ele>1986.0</ele><time>2023-10-07T21:05:10Z</time></trkpt><trkpt lat="47.46841" lon="-120.93938"><ele>1982.0</ele><time>2023-10-07T21:05:41Z</time></trkpt><trkpt lat="47.468429" lon="-120.939311"><ele>1985.0</ele><time>2023-10-07T21:05:58Z</time></trkpt><trkpt lat="47.468425" lon="-120.939274"><ele>1984.0</ele><time>2023-10-07T21:06:02Z</time></trkpt><trkpt lat="47.468365" lon="-120.939299"><ele>1984.0</ele><time>2023-10-07T21:06:11Z</time></trkpt><trkpt lat="47.468315" lon="-120.939243"><ele>1982.0</ele><time>2023-10-07T21:06:53Z</time></trkpt><trkpt lat="47.468287" lon="-120.939229"><ele>1977.0</ele><time>2023-10-07T21:07:36Z</time></trkpt><trkpt lat="47.468238" lon="-120.939231"><ele>1974.0</ele><time>2023-10-07T21:07:57Z</time></trkpt><trkpt lat="47.468192" lon="-120.939094"><ele>1973.0</ele><time>2023-10-07T21:08:42Z</time></trkpt><trkpt lat="47.468162" lon="-120.939086"><ele>1970.0</ele><time>2023-10-07T21:08:47Z</time></trkpt><trkpt lat="47.468135" lon="-120.939036"><ele>1968.0</ele><time>2023-10-07T21:09:32Z</time></trkpt><trkpt lat="47.46813" lon="-120.938993"><ele>1970.0</ele><time>2023-10-07T21:10:05Z</time></trkpt><trkpt lat="47.468112" lon="-120.93897"><ele>1968.0</ele><time>2023-10-07T21:10:10Z</time></trkpt><trkpt lat="47.468075" lon="-120.938844"><ele>1965.0</ele><time>2023-10-07T21:10:28Z</time></trkpt><trkpt lat="47.468079" lon="-120.938809"><ele>1965.0</ele><time>2023-10-07T21:10:32Z</time></trkpt><trkpt lat="47.468066" lon="-120.938763"><ele>1965.0</ele><time>2023-10-07T21:10:46Z</time></trkpt><trkpt lat="47.46799" lon="-120.938736"><ele>1960.0</ele><time>2023-10-07T21:11:37Z</time></trkpt><trkpt lat="47.468029" lon="-120.938899"><ele>1950.0</ele><time>2023-10-07T21:12:11Z</time></trkpt><trkpt lat="47.468006" lon="-120.938875"><ele>1957.0</ele><time>2023-10-07T21:12:25Z</time></trkpt><trkpt lat="47.467991" lon="-120.938994"><ele>1954.4</ele><time>2023-10-07T21:13:16Z</time></trkpt><trkpt lat="47.468013" lon="-120.939051"><ele>1953.0</ele><time>2023-10-07T21:13:28Z</time></trkpt><trkpt lat="47.468035" lon="-120.939082"><ele>1955.0</ele><time>2023-10-07T21:13:38Z</time></trkpt><trkpt lat="47.468039" lon="-120.93912"><ele>1954.0</ele><time>2023-10-07T21:13:43Z</time></trkpt><trkpt lat="47.468016" lon="-120.939185"><ele>1951.0</ele><time>2023-10-07T21:13:49Z</time></trkpt><trkpt lat="47.46803" lon="-120.939341"><ele>1954.0</ele><time>2023-10-07T21:14:01Z</time></trkpt><trkpt lat="47.468015" lon="-120.939384"><ele>1953.0</ele><time>2023-10-07T21:14:03Z</time></trkpt><trkpt lat="47.468024" lon="-120.93946"><ele>1952.0</ele><time>2023-10-07T21:14:07Z</time></trkpt><trkpt lat="47.468047" lon="-120.939537"><ele>1952.7</ele><time>2023-10-07T21:14:12Z</time></trkpt><trkpt lat="47.468007" lon="-120.939672"><ele>1950.0</ele><time>2023-10-07T21:14:24Z</time></trkpt><trkpt lat="47.467955" lon="-120.939713"><ele>1949.0</ele><time>2023-10-07T21:14:32Z</time></trkpt><trkpt lat="47.467939" lon="-120.939746"><ele>1950.0</ele><time>2023-10-07T21:14:35Z</time></trkpt><trkpt lat="47.467893" lon="-120.939753"><ele>1948.0</ele><time>2023-10-07T21:14:57Z</time></trkpt><trkpt lat="47.467797" lon="-120.939658"><ele>1932.0</ele><time>2023-10-07T21:15:34Z</time></trkpt><trkpt lat="47.467791" lon="-120.939582"><ele>1938.0</ele><time>2023-10-07T21:15:58Z</time></trkpt><trkpt lat="47.46774" lon="-120.939559"><ele>1938.0</ele><time>2023-10-07T21:16:11Z</time></trkpt><trkpt lat="47.467674" lon="-120.939575"><ele>1935.0</ele><time>2023-10-07T21:16:19Z</time></trkpt><trkpt lat="47.467633" lon="-120.939637"><ele>1932.0</ele><time>2023-10-07T21:16:27Z</time></trkpt><trkpt lat="47.467598" lon="-120.939623"><ele>1933.0</ele><time>2023-10-07T21:16:35Z</time></trkpt><trkpt lat="47.467467" lon="-120.939693"><ele>1932.0</ele><time>2023-10-07T21:16:50Z</time></trkpt><trkpt lat="47.467433" lon="-120.939682"><ele>1932.0</ele><time>2023-10-07T21:16:54Z</time></trkpt><trkpt lat="47.467386" lon="-120.939637"><ele>1929.0</ele><time>2023-10-07T21:17:01Z</time></trkpt><trkpt lat="47.467334" lon="-120.939655"><ele>1928.0</ele><time>2023-10-07T21:17:05Z</time></trkpt><trkpt lat="47.467275" lon="-120.939629"><ele>1929.0</ele><time>2023-10-07T21:17:14Z</time></trkpt><trkpt lat="47.467274" lon="-120.939651"><ele>1929.2</ele><time>2023-10-07T21:17:18Z</time></trkpt><trkpt lat="47.467259" lon="-120.939624"><ele>1922.0</ele><time>2023-10-07T21:17:32Z</time></trkpt><trkpt lat="47.467227" lon="-120.939619"><ele>1926.0</ele><time>2023-10-07T21:18:24Z</time></trkpt><trkpt lat="47.467172" lon="-120.939767"><ele>1924.0</ele><time>2023-10-07T21:18:47Z</time></trkpt><trkpt lat="47.467127" lon="-120.939803"><ele>1924.0</ele><time>2023-10-07T21:18:56Z</time></trkpt><trkpt lat="47.467119" lon="-120.939838"><ele>1924.0</ele><time>2023-10-07T21:19:00Z</time></trkpt><trkpt lat="47.467074" lon="-120.939908"><ele>1925.0</ele><time>2023-10-07T21:19:07Z</time></trkpt><trkpt lat="47.467069" lon="-120.939964"><ele>1924.6</ele><time>2023-10-07T21:19:12Z</time></trkpt><trkpt lat="47.467025" lon="-120.940009"><ele>1925.0</ele><time>2023-10-07T21:19:19Z</time></trkpt><trkpt lat="47.466973" lon="-120.94026"><ele>1925.6</ele><time>2023-10-07T21:20:08Z</time></trkpt><trkpt lat="47.466937" lon="-120.940322"><ele>1925.0</ele><time>2023-10-07T21:20:15Z</time></trkpt><trkpt lat="47.466882" lon="-120.940361"><ele>1925.0</ele><time>2023-10-07T21:20:33Z</time></trkpt><trkpt lat="47.46687" lon="-120.940432"><ele>1926.0</ele><time>2023-10-07T21:20:43Z</time></trkpt><trkpt lat="47.466774" lon="-120.940534"><ele>1925.0</ele><time>2023-10-07T21:21:10Z</time></trkpt><trkpt lat="47.46664" lon="-120.940563"><ele>1924.0</ele><time>2023-10-07T21:21:33Z</time></trkpt><trkpt lat="47.466612" lon="-120.940588"><ele>1923.0</ele><time>2023-10-07T21:21:36Z</time></trkpt><trkpt lat="47.466588" lon="-120.940638"><ele>1923.0</ele><time>2023-10-07T21:21:44Z</time></trkpt><trkpt lat="47.466647" lon="-120.940581"><ele>1923.0</ele><time>2023-10-07T21:22:11Z</time></trkpt><trkpt lat="47.466725" lon="-120.94055"><ele>1923.0</ele><time>2023-10-07T21:22:18Z</time></trkpt><trkpt lat="47.466799" lon="-120.940543"><ele>1924.0</ele><time>2023-10-07T21:22:26Z</time></trkpt><trkpt lat="47.466816" lon="-120.940507"><ele>1920.0</ele><time>2023-10-07T21:22:33Z</time></trkpt><trkpt lat="47.466841" lon="-120.940529"><ele>1925.0</ele><time>2023-10-07T21:22:51Z</time></trkpt><trkpt lat="47.466842" lon="-120.940574"><ele>1930.0</ele><time>2023-10-07T21:23:01Z</time></trkpt><trkpt lat="47.466808" lon="-120.940703"><ele>1933.8</ele><time>2023-10-07T21:23:14Z</time></trkpt><trkpt lat="47.466775" lon="-120.940761"><ele>1935.0</ele><time>2023-10-07T21:23:22Z</time></trkpt><trkpt lat="47.466769" lon="-120.94083"><ele>1935.0</ele><time>2023-10-07T21:23:32Z</time></trkpt><trkpt lat="47.466711" lon="-120.940911"><ele>1938.0</ele><time>2023-10-07T21:24:33Z</time></trkpt><trkpt lat="47.466675" lon="-120.94094"><ele>1940.0</ele><time>2023-10-07T21:24:37Z</time></trkpt><trkpt lat="47.466665" lon="-120.941019"><ele>1938.0</ele><time>2023-10-07T21:24:44Z</time></trkpt><trkpt lat="47.466623" lon="-120.941079"><ele>1941.0</ele><time>2023-10-07T21:24:50Z</time></trkpt><trkpt lat="47.466546" lon="-120.941246"><ele>1944.0</ele><time>2023-10-07T21:25:07Z</time></trkpt><trkpt lat="47.466462" lon="-120.94131"><ele>1944.0</ele><time>2023-10-07T21:25:19Z</time></trkpt><trkpt lat="47.466416" lon="-120.941367"><ele>1944.0</ele><time>2023-10-07T21:25:28Z</time></trkpt><trkpt lat="47.46637" lon="-120.941404"><ele>1945.0</ele><time>2023-10-07T21:25:41Z</time></trkpt><trkpt lat="47.466303" lon="-120.941425"><ele>1944.0</ele><time>2023-10-07T21:25:54Z</time></trkpt><trkpt lat="47.46625" lon="-120.941467"><ele>1948.0</ele><time>2023-10-07T21:26:01Z</time></trkpt><trkpt lat="47.466215" lon="-120.941469"><ele>1948.0</ele><time>2023-10-07T21:26:05Z</time></trkpt><trkpt lat="47.466186" lon="-120.941454"><ele>1948.0</ele><time>2023-10-07T21:26:09Z</time></trkpt><trkpt lat="47.466154" lon="-120.941421"><ele>1948.0</ele><time>2023-10-07T21:26:13Z</time></trkpt><trkpt lat="47.466122" lon="-120.941415"><ele>1948.0</ele><time>2023-10-07T21:26:17Z</time></trkpt><trkpt lat="47.466091" lon="-120.941413"><ele>1950.0</ele><time>2023-10-07T21:26:21Z</time></trkpt><trkpt lat="47.466071" lon="-120.941448"><ele>1947.0</ele><time>2023-10-07T21:26:25Z</time></trkpt><trkpt lat="47.466044" lon="-120.941449"><ele>1948.0</ele><time>2023-10-07T21:26:30Z</time></trkpt><trkpt lat="47.466016" lon="-120.941476"><ele>1948.0</ele><time>2023-10-07T21:26:33Z</time></trkpt><trkpt lat="47.465999" lon="-120.94154"><ele>1948.0</ele><time>2023-10-07T21:26:39Z</time></trkpt><trkpt lat="47.465978" lon="-120.941568"><ele>1946.0</ele><time>2023-10-07T21:26:45Z</time></trkpt><trkpt lat="47.465946" lon="-120.941584"><ele>1950.0</ele><time>2023-10-07T21:26:51Z</time></trkpt><trkpt lat="47.465905" lon="-120.941639"><ele>1950.0</ele><time>2023-10-07T21:26:58Z</time></trkpt><trkpt lat="47.465858" lon="-120.941644"><ele>1952.0</ele><time>2023-10-07T21:27:04Z</time></trkpt><trkpt lat="47.465808" lon="-120.941779"><ele>1954.0</ele><time>2023-10-07T21:28:01Z</time></trkpt><trkpt lat="47.465726" lon="-120.941879"><ele>1956.0</ele><time>2023-10-07T21:28:13Z</time></trkpt><trkpt lat="47.465738" lon="-120.941869"><ele>1956.0</ele><time>2023-10-07T21:28:16Z</time></trkpt><trkpt lat="47.465728" lon="-120.941896"><ele>1955.0</ele><time>2023-10-07T21:28:22Z</time></trkpt><trkpt lat="47.465731" lon="-120.942006"><ele>1956.0</ele><time>2023-10-07T21:28:31Z</time></trkpt><trkpt lat="47.465703" lon="-120.942105"><ele>1959.0</ele><time>2023-10-07T21:28:42Z</time></trkpt><trkpt lat="47.465691" lon="-120.942206"><ele>1956.0</ele><time>2023-10-07T21:28:59Z</time></trkpt><trkpt lat="47.4657" lon="-120.942248"><ele>1959.2</ele><time>2023-10-07T21:29:03Z</time></trkpt><trkpt lat="47.465681" lon="-120.942449"><ele>1956.0</ele><time>2023-10-07T21:29:18Z</time></trkpt><trkpt lat="47.465665" lon="-120.942569"><ele>1959.0</ele><time>2023-10-07T21:29:27Z</time></trkpt><trkpt lat="47.465623" lon="-120.942719"><ele>1961.0</ele><time>2023-10-07T21:29:54Z</time></trkpt><trkpt lat="47.465632" lon="-120.942794"><ele>1965.0</ele><time>2023-10-07T21:30:18Z</time></trkpt><trkpt lat="47.465585" lon="-120.942898"><ele>1962.0</ele><time>2023-10-07T21:30:29Z</time></trkpt><trkpt lat="47.465559" lon="-120.943038"><ele>1965.0</ele><time>2023-10-07T21:30:41Z</time></trkpt><trkpt lat="47.465566" lon="-120.94316"><ele>1968.0</ele><time>2023-10-07T21:31:02Z</time></trkpt><trkpt lat="47.465523" lon="-120.94335"><ele>1968.0</ele><time>2023-10-07T21:31:32Z</time></trkpt><trkpt lat="47.465476" lon="-120.943397"><ele>1969.0</ele><time>2023-10-07T21:31:46Z</time></trkpt><trkpt lat="47.465457" lon="-120.943447"><ele>1965.0</ele><time>2023-10-07T21:31:53Z</time></trkpt><trkpt lat="47.465425" lon="-120.94347"><ele>1965.0</ele><time>2023-10-07T21:31:57Z</time></trkpt><trkpt lat="47.465408" lon="-120.943527"><ele>1965.0</ele><time>2023-10-07T21:32:01Z</time></trkpt><trkpt lat="47.465398" lon="-120.943638"><ele>1968.0</ele><time>2023-10-07T21:32:10Z</time></trkpt><trkpt lat="47.465341" lon="-120.943806"><ele>1968.0</ele><time>2023-10-07T21:32:32Z</time></trkpt><trkpt lat="47.465305" lon="-120.943791"><ele>1965.0</ele><time>2023-10-07T21:32:49Z</time></trkpt><trkpt lat="47.465264" lon="-120.943616"><ele>1966.0</ele><time>2023-10-07T21:33:14Z</time></trkpt><trkpt lat="47.465239" lon="-120.943594"><ele>1965.0</ele><time>2023-10-07T21:33:18Z</time></trkpt><trkpt lat="47.465205" lon="-120.943534"><ele>1965.0</ele><time>2023-10-07T21:33:25Z</time></trkpt><trkpt lat="47.465165" lon="-120.943526"><ele>1963.0</ele><time>2023-10-07T21:33:43Z</time></trkpt><trkpt lat="47.465166" lon="-120.943484"><ele>1961.0</ele><time>2023-10-07T21:33:53Z</time></trkpt><trkpt lat="47.46519" lon="-120.943458"><ele>1962.0</ele><time>2023-10-07T21:33:56Z</time></trkpt><trkpt lat="47.465191" lon="-120.943416"><ele>1960.0</ele><time>2023-10-07T21:34:00Z</time></trkpt><trkpt lat="47.465166" lon="-120.943441"><ele>1962.0</ele><time>2023-10-07T21:34:03Z</time></trkpt><trkpt lat="47.465133" lon="-120.943433"><ele>1962.0</ele><time>2023-10-07T21:34:06Z</time></trkpt><trkpt lat="47.465109" lon="-120.943462"><ele>1960.0</ele><time>2023-10-07T21:34:10Z</time></trkpt><trkpt lat="47.46508" lon="-120.943461"><ele>1960.0</ele><time>2023-10-07T21:34:19Z</time></trkpt><trkpt lat="47.465099" lon="-120.943535"><ele>1962.0</ele><time>2023-10-07T21:34:36Z</time></trkpt><trkpt lat="47.46508" lon="-120.94358"><ele>1962.0</ele><time>2023-10-07T21:34:42Z</time></trkpt><trkpt lat="47.465067" lon="-120.943668"><ele>1962.0</ele><time>2023-10-07T21:34:49Z</time></trkpt><trkpt lat="47.465129" lon="-120.943795"><ele>1960.0</ele><time>2023-10-07T21:35:09Z</time></trkpt><trkpt lat="47.465106" lon="-120.943885"><ele>1962.0</ele><time>2023-10-07T21:35:21Z</time></trkpt><trkpt lat="47.465108" lon="-120.943931"><ele>1962.0</ele><time>2023-10-07T21:35:24Z</time></trkpt><trkpt lat="47.465074" lon="-120.943979"><ele>1964.0</ele><time>2023-10-07T21:35:31Z</time></trkpt><trkpt lat="47.465066" lon="-120.94402"><ele>1964.0</ele><time>2023-10-07T21:35:37Z</time></trkpt><trkpt lat="47.46499" lon="-120.944052"><ele>1959.0</ele><time>2023-10-07T21:36:04Z</time></trkpt><trkpt lat="47.464934" lon="-120.944062"><ele>1968.0</ele><time>2023-10-07T21:36:26Z</time></trkpt><trkpt lat="47.464901" lon="-120.944048"><ele>1967.0</ele><time>2023-10-07T21:36:33Z</time></trkpt><trkpt lat="47.464868" lon="-120.94406"><ele>1967.0</ele><time>2023-10-07T21:36:40Z</time></trkpt><trkpt lat="47.464865" lon="-120.944115"><ele>1970.0</ele><time>2023-10-07T21:36:45Z</time></trkpt><trkpt lat="47.464835" lon="-120.944092"><ele>1970.0</ele><time>2023-10-07T21:36:48Z</time></trkpt><trkpt lat="47.464801" lon="-120.944089"><ele>1968.0</ele><time>2023-10-07T21:36:51Z</time></trkpt><trkpt lat="47.464733" lon="-120.944106"><ele>1968.0</ele><time>2023-10-07T21:36:58Z</time></trkpt><trkpt lat="47.464702" lon="-120.944095"><ele>1968.0</ele><time>2023-10-07T21:37:02Z</time></trkpt><trkpt lat="47.464665" lon="-120.944105"><ele>1968.0</ele><time>2023-10-07T21:37:06Z</time></trkpt><trkpt lat="47.464628" lon="-120.944177"><ele>1971.0</ele><time>2023-10-07T21:37:12Z</time></trkpt><trkpt lat="47.464623" lon="-120.944237"><ele>1970.0</ele><time>2023-10-07T21:37:17Z</time></trkpt><trkpt lat="47.46459" lon="-120.944349"><ele>1973.0</ele><time>2023-10-07T21:37:29Z</time></trkpt><trkpt lat="47.464593" lon="-120.944388"><ele>1971.0</ele><time>2023-10-07T21:37:32Z</time></trkpt><trkpt lat="47.464559" lon="-120.944431"><ele>1972.0</ele><time>2023-10-07T21:37:39Z</time></trkpt><trkpt lat="47.46453" lon="-120.944412"><ele>1970.0</ele><time>2023-10-07T21:37:44Z</time></trkpt><trkpt lat="47.464506" lon="-120.944375"><ele>1974.0</ele><time>2023-10-07T21:37:48Z</time></trkpt><trkpt lat="47.464459" lon="-120.944338"><ele>1972.0</ele><time>2023-10-07T21:37:57Z</time></trkpt><trkpt lat="47.464427" lon="-120.944297"><ele>1976.6</ele><time>2023-10-07T21:38:06Z</time></trkpt><trkpt lat="47.46437" lon="-120.944276"><ele>1975.0</ele><time>2023-10-07T21:38:15Z</time></trkpt><trkpt lat="47.464321" lon="-120.944296"><ele>1975.0</ele><time>2023-10-07T21:38:22Z</time></trkpt><trkpt lat="47.464294" lon="-120.944324"><ele>1974.0</ele><time>2023-10-07T21:38:27Z</time></trkpt><trkpt lat="47.464258" lon="-120.944309"><ele>1968.0</ele><time>2023-10-07T21:38:37Z</time></trkpt><trkpt lat="47.464208" lon="-120.944272"><ele>1978.0</ele><time>2023-10-07T21:38:57Z</time></trkpt><trkpt lat="47.464165" lon="-120.944183"><ele>1971.0</ele><time>2023-10-07T21:39:31Z</time></trkpt><trkpt lat="47.464133" lon="-120.944177"><ele>1972.0</ele><time>2023-10-07T21:39:38Z</time></trkpt><trkpt lat="47.46405" lon="-120.944096"><ele>1973.0</ele><time>2023-10-07T21:39:52Z</time></trkpt><trkpt lat="47.463996" lon="-120.944107"><ele>1975.0</ele><time>2023-10-07T21:40:03Z</time></trkpt><trkpt lat="47.463983" lon="-120.944139"><ele>1975.1</ele><time>2023-10-07T21:40:04Z</time></trkpt><trkpt lat="47.463933" lon="-120.944172"><ele>1974.0</ele><time>2023-10-07T21:40:09Z</time></trkpt><trkpt lat="47.463859" lon="-120.944262"><ele>1972.0</ele><time>2023-10-07T21:40:18Z</time></trkpt><trkpt lat="47.463745" lon="-120.944153"><ele>1970.0</ele><time>2023-10-07T21:40:33Z</time></trkpt><trkpt lat="47.463739" lon="-120.944108"><ele>1972.0</ele><time>2023-10-07T21:40:36Z</time></trkpt><trkpt lat="47.463611" lon="-120.94392"><ele>1971.0</ele><time>2023-10-07T21:40:58Z</time></trkpt><trkpt lat="47.4636" lon="-120.943731"><ele>1968.0</ele><time>2023-10-07T21:41:14Z</time></trkpt><trkpt lat="47.463607" lon="-120.943682"><ele>1969.0</ele><time>2023-10-07T21:41:18Z</time></trkpt><trkpt lat="47.463633" lon="-120.943657"><ele>1970.0</ele><time>2023-10-07T21:41:27Z</time></trkpt><trkpt lat="47.463634" lon="-120.94357"><ele>1970.0</ele><time>2023-10-07T21:41:38Z</time></trkpt><trkpt lat="47.463624" lon="-120.943527"><ele>1967.0</ele><time>2023-10-07T21:41:43Z</time></trkpt><trkpt lat="47.463569" lon="-120.943502"><ele>1968.0</ele><time>2023-10-07T21:41:50Z</time></trkpt><trkpt lat="47.463507" lon="-120.943438"><ele>1964.0</ele><time>2023-10-07T21:42:05Z</time></trkpt><trkpt lat="47.463484" lon="-120.943398"><ele>1964.0</ele><time>2023-10-07T21:42:09Z</time></trkpt><trkpt lat="47.463483" lon="-120.943354"><ele>1964.0</ele><time>2023-10-07T21:42:13Z</time></trkpt><trkpt lat="47.463433" lon="-120.943168"><ele>1961.0</ele><time>2023-10-07T21:44:00Z</time></trkpt><trkpt lat="47.463423" lon="-120.943099"><ele>1965.0</ele><time>2023-10-07T21:45:03Z</time></trkpt><trkpt lat="47.463388" lon="-120.94303"><ele>1965.0</ele><time>2023-10-07T21:45:13Z</time></trkpt><trkpt lat="47.463353" lon="-120.943039"><ele>1967.0</ele><time>2023-10-07T21:45:19Z</time></trkpt><trkpt lat="47.463312" lon="-120.943021"><ele>1965.0</ele><time>2023-10-07T21:45:30Z</time></trkpt><trkpt lat="47.463325" lon="-120.942978"><ele>1967.0</ele><time>2023-10-07T21:45:37Z</time></trkpt><trkpt lat="47.463364" lon="-120.942944"><ele>1963.0</ele><time>2023-10-07T21:45:52Z</time></trkpt><trkpt lat="47.463296" lon="-120.94303"><ele>1960.0</ele><time>2023-10-07T21:46:28Z</time></trkpt><trkpt lat="47.463262" lon="-120.943048"><ele>1960.0</ele><time>2023-10-07T21:46:36Z</time></trkpt><trkpt lat="47.463213" lon="-120.943096"><ele>1962.0</ele><time>2023-10-07T21:46:43Z</time></trkpt><trkpt lat="47.463184" lon="-120.943106"><ele>1960.0</ele><time>2023-10-07T21:46:47Z</time></trkpt><trkpt lat="47.463088" lon="-120.943105"><ele>1960.0</ele><time>2023-10-07T21:47:01Z</time></trkpt><trkpt lat="47.463069" lon="-120.943149"><ele>1958.0</ele><time>2023-10-07T21:47:23Z</time></trkpt><trkpt lat="47.463026" lon="-120.943149"><ele>1961.0</ele><time>2023-10-07T21:47:47Z</time></trkpt><trkpt lat="47.462993" lon="-120.943131"><ele>1962.0</ele><time>2023-10-07T21:47:52Z</time></trkpt><trkpt lat="47.46291" lon="-120.94312"><ele>1966.0</ele><time>2023-10-07T21:48:07Z</time></trkpt><trkpt lat="47.462831" lon="-120.943096"><ele>1964.0</ele><time>2023-10-07T21:48:16Z</time></trkpt><trkpt lat="47.462763" lon="-120.943041"><ele>1965.0</ele><time>2023-10-07T21:48:22Z</time></trkpt><trkpt lat="47.462756" lon="-120.943009"><ele>1965.0</ele><time>2023-10-07T21:48:25Z</time></trkpt><trkpt lat="47.462731" lon="-120.942976"><ele>1964.0</ele><time>2023-10-07T21:48:29Z</time></trkpt><trkpt lat="47.462704" lon="-120.942905"><ele>1965.0</ele><time>2023-10-07T21:48:34Z</time></trkpt><trkpt lat="47.462705" lon="-120.942832"><ele>1965.0</ele><time>2023-10-07T21:48:39Z</time></trkpt><trkpt lat="47.46269" lon="-120.94272"><ele>1966.0</ele><time>2023-10-07T21:48:47Z</time></trkpt><trkpt lat="47.462669" lon="-120.942693"><ele>1968.0</ele><time>2023-10-07T21:48:51Z</time></trkpt><trkpt lat="47.462644" lon="-120.942608"><ele>1970.0</ele><time>2023-10-07T21:48:56Z</time></trkpt><trkpt lat="47.462601" lon="-120.942546"><ele>1971.0</ele><time>2023-10-07T21:49:03Z</time></trkpt><trkpt lat="47.462565" lon="-120.94245"><ele>1971.0</ele><time>2023-10-07T21:49:09Z</time></trkpt><trkpt lat="47.462479" lon="-120.942402"><ele>1971.0</ele><time>2023-10-07T21:49:19Z</time></trkpt><trkpt lat="47.462445" lon="-120.942397"><ele>1968.0</ele><time>2023-10-07T21:49:25Z</time></trkpt><trkpt lat="47.462415" lon="-120.942409"><ele>1971.0</ele><time>2023-10-07T21:49:44Z</time></trkpt><trkpt lat="47.462391" lon="-120.942369"><ele>1971.0</ele><time>2023-10-07T21:49:51Z</time></trkpt><trkpt lat="47.462342" lon="-120.942352"><ele>1972.0</ele><time>2023-10-07T21:49:57Z</time></trkpt><trkpt lat="47.462309" lon="-120.942354"><ele>1970.0</ele><time>2023-10-07T21:50:02Z</time></trkpt><trkpt lat="47.462234" lon="-120.942294"><ele>1974.0</ele><time>2023-10-07T21:50:11Z</time></trkpt><trkpt lat="47.462221" lon="-120.942264"><ele>1974.0</ele><time>2023-10-07T21:50:14Z</time></trkpt><trkpt lat="47.462222" lon="-120.942224"><ele>1975.0</ele><time>2023-10-07T21:50:17Z</time></trkpt><trkpt lat="47.462255" lon="-120.942152"><ele>1974.0</ele><time>2023-10-07T21:50:24Z</time></trkpt><trkpt lat="47.462276" lon="-120.94201"><ele>1978.0</ele><time>2023-10-07T21:50:37Z</time></trkpt><trkpt lat="47.462352" lon="-120.941855"><ele>1978.0</ele><time>2023-10-07T21:50:48Z</time></trkpt><trkpt lat="47.462352" lon="-120.941784"><ele>1978.0</ele><time>2023-10-07T21:50:53Z</time></trkpt><trkpt lat="47.462323" lon="-120.941649"><ele>1976.0</ele><time>2023-10-07T21:51:03Z</time></trkpt><trkpt lat="47.462264" lon="-120.941589"><ele>1976.0</ele><time>2023-10-07T21:51:09Z</time></trkpt><trkpt lat="47.462205" lon="-120.941571"><ele>1975.0</ele><time>2023-10-07T21:51:17Z</time></trkpt><trkpt lat="47.462112" lon="-120.94158"><ele>1976.0</ele><time>2023-10-07T21:51:28Z</time></trkpt><trkpt lat="47.462054" lon="-120.94154"><ele>1977.0</ele><time>2023-10-07T21:51:36Z</time></trkpt><trkpt lat="47.461964" lon="-120.94139"><ele>1980.0</ele><time>2023-10-07T21:51:55Z</time></trkpt><trkpt lat="47.461954" lon="-120.941352"><ele>1980.0</ele><time>2023-10-07T21:52:00Z</time></trkpt><trkpt lat="47.461907" lon="-120.941312"><ele>1980.0</ele><time>2023-10-07T21:52:09Z</time></trkpt><trkpt lat="47.461882" lon="-120.941246"><ele>1981.0</ele><time>2023-10-07T21:52:19Z</time></trkpt><trkpt lat="47.461835" lon="-120.941164"><ele>1984.0</ele><time>2023-10-07T21:52:28Z</time></trkpt><trkpt lat="47.461831" lon="-120.941123"><ele>1985.0</ele><time>2023-10-07T21:52:33Z</time></trkpt><trkpt lat="47.461851" lon="-120.941066"><ele>1985.0</ele><time>2023-10-07T21:52:44Z</time></trkpt><trkpt lat="47.461845" lon="-120.941027"><ele>1986.0</ele><time>2023-10-07T21:52:47Z</time></trkpt><trkpt lat="47.461787" lon="-120.940968"><ele>1986.0</ele><time>2023-10-07T21:52:53Z</time></trkpt><trkpt lat="47.46176" lon="-120.940911"><ele>1985.0</ele><time>2023-10-07T21:52:58Z</time></trkpt><trkpt lat="47.461778" lon="-120.940688"><ele>1989.0</ele><time>2023-10-07T21:53:16Z</time></trkpt><trkpt lat="47.461756" lon="-120.940649"><ele>1986.0</ele><time>2023-10-07T21:53:19Z</time></trkpt><trkpt lat="47.461731" lon="-120.940549"><ele>1989.0</ele><time>2023-10-07T21:53:27Z</time></trkpt><trkpt lat="47.461693" lon="-120.94049"><ele>1988.0</ele><time>2023-10-07T21:53:32Z</time></trkpt><trkpt lat="47.461696" lon="-120.940434"><ele>1992.0</ele><time>2023-10-07T21:53:39Z</time></trkpt><trkpt lat="47.461686" lon="-120.940405"><ele>1992.0</ele><time>2023-10-07T21:53:42Z</time></trkpt><trkpt lat="47.461691" lon="-120.940369"><ele>1992.0</ele><time>2023-10-07T21:53:44Z</time></trkpt><trkpt lat="47.461718" lon="-120.940315"><ele>1992.0</ele><time>2023-10-07T21:53:49Z</time></trkpt><trkpt lat="47.461714" lon="-120.94028"><ele>1991.0</ele><time>2023-10-07T21:53:52Z</time></trkpt><trkpt lat="47.461634" lon="-120.940176"><ele>1992.0</ele><time>2023-10-07T21:54:04Z</time></trkpt><trkpt lat="47.461657" lon="-120.93997"><ele>1988.0</ele><time>2023-10-07T21:56:33Z</time></trkpt><trkpt lat="47.461635" lon="-120.939902"><ele>1988.0</ele><time>2023-10-07T21:56:42Z</time></trkpt><trkpt lat="47.461636" lon="-120.939855"><ele>1985.0</ele><time>2023-10-07T21:56:46Z</time></trkpt><trkpt lat="47.461607" lon="-120.939795"><ele>1986.0</ele><time>2023-10-07T21:56:52Z</time></trkpt><trkpt lat="47.461545" lon="-120.939794"><ele>1984.0</ele><time>2023-10-07T21:56:58Z</time></trkpt><trkpt lat="47.461521" lon="-120.939728"><ele>1983.0</ele><time>2023-10-07T21:57:04Z</time></trkpt><trkpt lat="47.461477" lon="-120.939665"><ele>1984.0</ele><time>2023-10-07T21:57:09Z</time></trkpt><trkpt lat="47.461477" lon="-120.939591"><ele>1983.0</ele><time>2023-10-07T21:57:15Z</time></trkpt><trkpt lat="47.461461" lon="-120.93956"><ele>1984.0</ele><time>2023-10-07T21:57:17Z</time></trkpt><trkpt lat="47.461439" lon="-120.939527"><ele>1985.4</ele><time>2023-10-07T21:57:20Z</time></trkpt><trkpt lat="47.461337" lon="-120.939491"><ele>1980.0</ele><time>2023-10-07T21:57:33Z</time></trkpt><trkpt lat="47.46131" lon="-120.939532"><ele>1980.0</ele><time>2023-10-07T21:57:39Z</time></trkpt><trkpt lat="47.461303" lon="-120.939489"><ele>1978.0</ele><time>2023-10-07T21:57:43Z</time></trkpt><trkpt lat="47.461293" lon="-120.939518"><ele>1971.0</ele><time>2023-10-07T21:57:50Z</time></trkpt><trkpt lat="47.461215" lon="-120.939479"><ele>1980.0</ele><time>2023-10-07T21:58:02Z</time></trkpt><trkpt lat="47.461083" lon="-120.939377"><ele>1980.0</ele><time>2023-10-07T21:58:18Z</time></trkpt><trkpt lat="47.461049" lon="-120.939389"><ele>1977.0</ele><time>2023-10-07T21:58:22Z</time></trkpt><trkpt lat="47.461013" lon="-120.939421"><ele>1972.0</ele><time>2023-10-07T21:58:32Z</time></trkpt><trkpt lat="47.460941" lon="-120.939366"><ele>1977.0</ele><time>2023-10-07T21:58:41Z</time></trkpt><trkpt lat="47.460844" lon="-120.93918"><ele>1975.0</ele><time>2023-10-07T21:59:38Z</time></trkpt><trkpt lat="47.460794" lon="-120.93926"><ele>1978.0</ele><time>2023-10-07T21:59:52Z</time></trkpt><trkpt lat="47.460738" lon="-120.939265"><ele>1979.0</ele><time>2023-10-07T21:59:59Z</time></trkpt><trkpt lat="47.460714" lon="-120.939241"><ele>1977.0</ele><time>2023-10-07T22:00:02Z</time></trkpt><trkpt lat="47.460661" lon="-120.939076"><ele>1979.0</ele><time>2023-10-07T22:00:18Z</time></trkpt><trkpt lat="47.460628" lon="-120.939023"><ele>1980.0</ele><time>2023-10-07T22:00:24Z</time></trkpt><trkpt lat="47.460612" lon="-120.938948"><ele>1978.0</ele><time>2023-10-07T22:00:37Z</time></trkpt><trkpt lat="47.46057" lon="-120.938871"><ele>1980.0</ele><time>2023-10-07T22:00:44Z</time></trkpt><trkpt lat="47.460512" lon="-120.938699"><ele>1976.0</ele><time>2023-10-07T22:01:26Z</time></trkpt><trkpt lat="47.46051" lon="-120.938603"><ele>1976.0</ele><time>2023-10-07T22:01:39Z</time></trkpt><trkpt lat="47.460497" lon="-120.938566"><ele>1976.0</ele><time>2023-10-07T22:01:42Z</time></trkpt><trkpt lat="47.460458" lon="-120.938507"><ele>1974.0</ele><time>2023-10-07T22:01:50Z</time></trkpt><trkpt lat="47.460446" lon="-120.938458"><ele>1976.0</ele><time>2023-10-07T22:01:53Z</time></trkpt><trkpt lat="47.460401" lon="-120.938407"><ele>1974.0</ele><time>2023-10-07T22:02:02Z</time></trkpt><trkpt lat="47.460322" lon="-120.938384"><ele>1976.0</ele><time>2023-10-07T22:02:15Z</time></trkpt><trkpt lat="47.460254" lon="-120.938332"><ele>1977.0</ele><time>2023-10-07T22:02:27Z</time></trkpt><trkpt lat="47.460232" lon="-120.938353"><ele>1966.0</ele><time>2023-10-07T22:02:36Z</time></trkpt><trkpt lat="47.460193" lon="-120.938308"><ele>1976.0</ele><time>2023-10-07T22:06:02Z</time></trkpt><trkpt lat="47.460131" lon="-120.938183"><ele>1980.0</ele><time>2023-10-07T22:07:06Z</time></trkpt><trkpt lat="47.459989" lon="-120.938093"><ele>1984.0</ele><time>2023-10-07T22:07:40Z</time></trkpt><trkpt lat="47.459924" lon="-120.93791"><ele>1986.0</ele><time>2023-10-07T22:07:55Z</time></trkpt><trkpt lat="47.459811" lon="-120.937785"><ele>1988.7</ele><time>2023-10-07T22:08:09Z</time></trkpt><trkpt lat="47.459792" lon="-120.93772"><ele>1986.0</ele><time>2023-10-07T22:08:19Z</time></trkpt><trkpt lat="47.459746" lon="-120.937669"><ele>1986.0</ele><time>2023-10-07T22:08:28Z</time></trkpt><trkpt lat="47.459723" lon="-120.937612"><ele>1984.0</ele><time>2023-10-07T22:08:36Z</time></trkpt><trkpt lat="47.45968" lon="-120.937272"><ele>1982.0</ele><time>2023-10-07T22:08:57Z</time></trkpt><trkpt lat="47.459656" lon="-120.937196"><ele>1982.0</ele><time>2023-10-07T22:09:01Z</time></trkpt><trkpt lat="47.459621" lon="-120.936911"><ele>1977.0</ele><time>2023-10-07T22:09:21Z</time></trkpt><trkpt lat="47.4596" lon="-120.936873"><ele>1973.0</ele><time>2023-10-07T22:09:34Z</time></trkpt><trkpt lat="47.459621" lon="-120.936725"><ele>1977.0</ele><time>2023-10-07T22:09:47Z</time></trkpt><trkpt lat="47.459621" lon="-120.936639"><ele>1980.0</ele><time>2023-10-07T22:10:37Z</time></trkpt><trkpt lat="47.459613" lon="-120.936672"><ele>1968.0</ele><time>2023-10-07T22:11:03Z</time></trkpt><trkpt lat="47.459643" lon="-120.936586"><ele>1978.0</ele><time>2023-10-07T22:12:17Z</time></trkpt><trkpt lat="47.459606" lon="-120.936537"><ele>1980.0</ele><time>2023-10-07T22:12:27Z</time></trkpt><trkpt lat="47.459587" lon="-120.93648"><ele>1980.0</ele><time>2023-10-07T22:12:35Z</time></trkpt><trkpt lat="47.459574" lon="-120.936331"><ele>1983.5</ele><time>2023-10-07T22:12:49Z</time></trkpt><trkpt lat="47.459601" lon="-120.936279"><ele>1983.0</ele><time>2023-10-07T22:12:54Z</time></trkpt><trkpt lat="47.459604" lon="-120.936237"><ele>1983.0</ele><time>2023-10-07T22:12:57Z</time></trkpt><trkpt lat="47.459573" lon="-120.936135"><ele>1982.0</ele><time>2023-10-07T22:13:07Z</time></trkpt><trkpt lat="47.45957" lon="-120.936072"><ele>1983.2</ele><time>2023-10-07T22:13:12Z</time></trkpt><trkpt lat="47.459547" lon="-120.936013"><ele>1980.0</ele><time>2023-10-07T22:13:17Z</time></trkpt><trkpt lat="47.459524" lon="-120.935874"><ele>1980.0</ele><time>2023-10-07T22:13:28Z</time></trkpt><trkpt lat="47.459488" lon="-120.935776"><ele>1980.0</ele><time>2023-10-07T22:13:38Z</time></trkpt><trkpt lat="47.459471" lon="-120.93575"><ele>1979.0</ele><time>2023-10-07T22:13:42Z</time></trkpt><trkpt lat="47.459368" lon="-120.935708"><ele>1980.0</ele><time>2023-10-07T22:13:55Z</time></trkpt><trkpt lat="47.459382" lon="-120.935668"><ele>1980.6</ele><time>2023-10-07T22:14:00Z</time></trkpt><trkpt lat="47.459372" lon="-120.935619"><ele>1978.0</ele><time>2023-10-07T22:14:05Z</time></trkpt><trkpt lat="47.459375" lon="-120.935574"><ele>1977.0</ele><time>2023-10-07T22:14:09Z</time></trkpt><trkpt lat="47.459409" lon="-120.935526"><ele>1976.0</ele><time>2023-10-07T22:14:15Z</time></trkpt><trkpt lat="47.459405" lon="-120.935487"><ele>1978.0</ele><time>2023-10-07T22:14:18Z</time></trkpt><trkpt lat="47.459358" lon="-120.935453"><ele>1976.0</ele><time>2023-10-07T22:14:23Z</time></trkpt><trkpt lat="47.459259" lon="-120.935265"><ele>1974.0</ele><time>2023-10-07T22:14:39Z</time></trkpt><trkpt lat="47.459248" lon="-120.935172"><ele>1972.0</ele><time>2023-10-07T22:14:45Z</time></trkpt><trkpt lat="47.459232" lon="-120.935129"><ele>1971.0</ele><time>2023-10-07T22:14:48Z</time></trkpt><trkpt lat="47.459231" lon="-120.935051"><ele>1970.0</ele><time>2023-10-07T22:14:52Z</time></trkpt><trkpt lat="47.459214" lon="-120.935011"><ele>1970.0</ele><time>2023-10-07T22:14:54Z</time></trkpt><trkpt lat="47.45919" lon="-120.934989"><ele>1969.0</ele><time>2023-10-07T22:14:56Z</time></trkpt><trkpt lat="47.459186" lon="-120.934946"><ele>1967.0</ele><time>2023-10-07T22:14:59Z</time></trkpt><trkpt lat="47.459158" lon="-120.934881"><ele>1965.0</ele><time>2023-10-07T22:15:04Z</time></trkpt><trkpt lat="47.459132" lon="-120.934856"><ele>1966.0</ele><time>2023-10-07T22:15:06Z</time></trkpt><trkpt lat="47.459113" lon="-120.934778"><ele>1966.0</ele><time>2023-10-07T22:15:10Z</time></trkpt><trkpt lat="47.459064" lon="-120.93469"><ele>1960.0</ele><time>2023-10-07T22:15:20Z</time></trkpt><trkpt lat="47.459017" lon="-120.934548"><ele>1960.0</ele><time>2023-10-07T22:15:36Z</time></trkpt><trkpt lat="47.45896" lon="-120.934468"><ele>1956.0</ele><time>2023-10-07T22:15:46Z</time></trkpt><trkpt lat="47.458959" lon="-120.934435"><ele>1956.0</ele><time>2023-10-07T22:15:49Z</time></trkpt><trkpt lat="47.458928" lon="-120.934369"><ele>1956.0</ele><time>2023-10-07T22:15:58Z</time></trkpt><trkpt lat="47.458897" lon="-120.934342"><ele>1956.0</ele><time>2023-10-07T22:16:00Z</time></trkpt><trkpt lat="47.458873" lon="-120.934274"><ele>1955.0</ele><time>2023-10-07T22:16:07Z</time></trkpt><trkpt lat="47.458811" lon="-120.93418"><ele>1954.0</ele><time>2023-10-07T22:16:24Z</time></trkpt><trkpt lat="47.458803" lon="-120.934071"><ele>1953.0</ele><time>2023-10-07T22:16:34Z</time></trkpt><trkpt lat="47.458741" lon="-120.933864"><ele>1950.0</ele><time>2023-10-07T22:17:48Z</time></trkpt><trkpt lat="47.458702" lon="-120.93381"><ele>1952.0</ele><time>2023-10-07T22:17:54Z</time></trkpt><trkpt lat="47.458674" lon="-120.933796"><ele>1953.0</ele><time>2023-10-07T22:17:57Z</time></trkpt><trkpt lat="47.458606" lon="-120.933713"><ele>1953.0</ele><time>2023-10-07T22:18:08Z</time></trkpt><trkpt lat="47.458554" lon="-120.933676"><ele>1950.0</ele><time>2023-10-07T22:18:23Z</time></trkpt><trkpt lat="47.458542" lon="-120.933643"><ele>1950.0</ele><time>2023-10-07T22:18:29Z</time></trkpt><trkpt lat="47.458439" lon="-120.933523"><ele>1948.0</ele><time>2023-10-07T22:18:52Z</time></trkpt><trkpt lat="47.458383" lon="-120.933498"><ele>1950.0</ele><time>2023-10-07T22:18:57Z</time></trkpt><trkpt lat="47.45834" lon="-120.933495"><ele>1951.1</ele><time>2023-10-07T22:19:03Z</time></trkpt><trkpt lat="47.458225" lon="-120.933532"><ele>1948.0</ele><time>2023-10-07T22:19:16Z</time></trkpt><trkpt lat="47.458135" lon="-120.933498"><ele>1947.0</ele><time>2023-10-07T22:19:29Z</time></trkpt><trkpt lat="47.458061" lon="-120.933429"><ele>1944.0</ele><time>2023-10-07T22:19:39Z</time></trkpt><trkpt lat="47.457988" lon="-120.933423"><ele>1944.0</ele><time>2023-10-07T22:19:48Z</time></trkpt><trkpt lat="47.457894" lon="-120.933371"><ele>1940.0</ele><time>2023-10-07T22:20:02Z</time></trkpt><trkpt lat="47.457833" lon="-120.933357"><ele>1939.0</ele><time>2023-10-07T22:20:12Z</time></trkpt><trkpt lat="47.457681" lon="-120.933372"><ele>1938.0</ele><time>2023-10-07T22:20:31Z</time></trkpt><trkpt lat="47.457628" lon="-120.933364"><ele>1939.0</ele><time>2023-10-07T22:20:36Z</time></trkpt><trkpt lat="47.457548" lon="-120.933377"><ele>1935.0</ele><time>2023-10-07T22:20:46Z</time></trkpt><trkpt lat="47.457489" lon="-120.933375"><ele>1935.0</ele><time>2023-10-07T22:20:57Z</time></trkpt><trkpt lat="47.457448" lon="-120.933389"><ele>1935.0</ele><time>2023-10-07T22:21:01Z</time></trkpt><trkpt lat="47.45739" lon="-120.933367"><ele>1936.0</ele><time>2023-10-07T22:21:08Z</time></trkpt><trkpt lat="47.457352" lon="-120.933365"><ele>1936.0</ele><time>2023-10-07T22:21:12Z</time></trkpt><trkpt lat="47.457316" lon="-120.933377"><ele>1932.0</ele><time>2023-10-07T22:21:18Z</time></trkpt><trkpt lat="47.457332" lon="-120.933414"><ele>1932.0</ele><time>2023-10-07T22:21:22Z</time></trkpt><trkpt lat="47.457387" lon="-120.933425"><ele>1931.0</ele><time>2023-10-07T22:21:27Z</time></trkpt><trkpt lat="47.457437" lon="-120.933472"><ele>1929.0</ele><time>2023-10-07T22:21:35Z</time></trkpt><trkpt lat="47.457486" lon="-120.933499"><ele>1925.0</ele><time>2023-10-07T22:21:44Z</time></trkpt><trkpt lat="47.457514" lon="-120.933532"><ele>1931.0</ele><time>2023-10-07T22:21:48Z</time></trkpt><trkpt lat="47.457574" lon="-120.933559"><ele>1928.0</ele><time>2023-10-07T22:21:56Z</time></trkpt><trkpt lat="47.45765" lon="-120.93365"><ele>1925.0</ele><time>2023-10-07T22:22:24Z</time></trkpt><trkpt lat="47.457699" lon="-120.933686"><ele>1924.0</ele><time>2023-10-07T22:22:42Z</time></trkpt><trkpt lat="47.45776" lon="-120.933771"><ele>1923.0</ele><time>2023-10-07T22:22:51Z</time></trkpt><trkpt lat="47.457789" lon="-120.933837"><ele>1920.0</ele><time>2023-10-07T22:23:00Z</time></trkpt><trkpt lat="47.457824" lon="-120.933975"><ele>1918.0</ele><time>2023-10-07T22:23:16Z</time></trkpt><trkpt lat="47.457858" lon="-120.933992"><ele>1917.0</ele><time>2023-10-07T22:23:19Z</time></trkpt><trkpt lat="47.457934" lon="-120.934068"><ele>1917.0</ele><time>2023-10-07T22:23:30Z</time></trkpt><trkpt lat="47.457949" lon="-120.934142"><ele>1917.0</ele><time>2023-10-07T22:23:35Z</time></trkpt><trkpt lat="47.457916" lon="-120.934121"><ele>1910.0</ele><time>2023-10-07T22:23:44Z</time></trkpt><trkpt lat="47.45786" lon="-120.934132"><ele>1914.0</ele><time>2023-10-07T22:23:56Z</time></trkpt><trkpt lat="47.457788" lon="-120.93407"><ele>1908.0</ele><time>2023-10-07T22:24:39Z</time></trkpt><trkpt lat="47.457745" lon="-120.934094"><ele>1908.0</ele><time>2023-10-07T22:24:44Z</time></trkpt><trkpt lat="47.457729" lon="-120.934122"><ele>1908.0</ele><time>2023-10-07T22:24:47Z</time></trkpt><trkpt lat="47.457709" lon="-120.93411"><ele>1908.0</ele><time>2023-10-07T22:24:53Z</time></trkpt><trkpt lat="47.457617" lon="-120.934161"><ele>1907.0</ele><time>2023-10-07T22:25:08Z</time></trkpt><trkpt lat="47.457521" lon="-120.93417"><ele>1904.0</ele><time>2023-10-07T22:25:19Z</time></trkpt><trkpt lat="47.457456" lon="-120.934204"><ele>1905.0</ele><time>2023-10-07T22:25:26Z</time></trkpt><trkpt lat="47.457418" lon="-120.934194"><ele>1904.0</ele><time>2023-10-07T22:25:29Z</time></trkpt><trkpt lat="47.457379" lon="-120.934198"><ele>1905.0</ele><time>2023-10-07T22:25:34Z</time></trkpt><trkpt lat="47.457285" lon="-120.934274"><ele>1900.0</ele><time>2023-10-07T22:25:48Z</time></trkpt><trkpt lat="47.457189" lon="-120.934327"><ele>1899.0</ele><time>2023-10-07T22:26:00Z</time></trkpt><trkpt lat="47.457031" lon="-120.934456"><ele>1896.0</ele><time>2023-10-07T22:26:16Z</time></trkpt><trkpt lat="47.456916" lon="-120.934506"><ele>1896.0</ele><time>2023-10-07T22:26:27Z</time></trkpt><trkpt lat="47.456895" lon="-120.934532"><ele>1895.0</ele><time>2023-10-07T22:26:43Z</time></trkpt><trkpt lat="47.456819" lon="-120.934501"><ele>1896.0</ele><time>2023-10-07T22:27:01Z</time></trkpt><trkpt lat="47.456797" lon="-120.934479"><ele>1892.0</ele><time>2023-10-07T22:27:05Z</time></trkpt><trkpt lat="47.456712" lon="-120.934446"><ele>1892.0</ele><time>2023-10-07T22:27:17Z</time></trkpt><trkpt lat="47.456673" lon="-120.934442"><ele>1892.0</ele><time>2023-10-07T22:27:22Z</time></trkpt><trkpt lat="47.456538" lon="-120.934312"><ele>1889.0</ele><time>2023-10-07T22:27:40Z</time></trkpt><trkpt lat="47.45652" lon="-120.934272"><ele>1888.0</ele><time>2023-10-07T22:27:43Z</time></trkpt><trkpt lat="47.456484" lon="-120.934264"><ele>1884.0</ele><time>2023-10-07T22:27:48Z</time></trkpt><trkpt lat="47.456431" lon="-120.934204"><ele>1884.0</ele><time>2023-10-07T22:27:59Z</time></trkpt><trkpt lat="47.456393" lon="-120.934204"><ele>1881.0</ele><time>2023-10-07T22:28:05Z</time></trkpt><trkpt lat="47.456274" lon="-120.934091"><ele>1880.0</ele><time>2023-10-07T22:28:24Z</time></trkpt><trkpt lat="47.456268" lon="-120.934054"><ele>1881.0</ele><time>2023-10-07T22:28:27Z</time></trkpt><trkpt lat="47.45618" lon="-120.933948"><ele>1878.0</ele><time>2023-10-07T22:28:41Z</time></trkpt><trkpt lat="47.456131" lon="-120.933912"><ele>1876.0</ele><time>2023-10-07T22:28:49Z</time></trkpt><trkpt lat="47.456088" lon="-120.933915"><ele>1877.0</ele><time>2023-10-07T22:28:55Z</time></trkpt><trkpt lat="47.455964" lon="-120.933844"><ele>1875.0</ele><time>2023-10-07T22:29:14Z</time></trkpt><trkpt lat="47.455831" lon="-120.933788"><ele>1872.0</ele><time>2023-10-07T22:29:30Z</time></trkpt><trkpt lat="47.455686" lon="-120.933678"><ele>1871.0</ele><time>2023-10-07T22:29:49Z</time></trkpt><trkpt lat="47.45572" lon="-120.933782"><ele>1866.0</ele><time>2023-10-07T22:30:01Z</time></trkpt><trkpt lat="47.455738" lon="-120.933889"><ele>1866.0</ele><time>2023-10-07T22:30:08Z</time></trkpt><trkpt lat="47.4558" lon="-120.93401"><ele>1866.0</ele><time>2023-10-07T22:30:19Z</time></trkpt><trkpt lat="47.455808" lon="-120.93412"><ele>1864.0</ele><time>2023-10-07T22:30:29Z</time></trkpt><trkpt lat="47.455795" lon="-120.934237"><ele>1862.0</ele><time>2023-10-07T22:30:36Z</time></trkpt><trkpt lat="47.455794" lon="-120.934401"><ele>1858.0</ele><time>2023-10-07T22:30:53Z</time></trkpt><trkpt lat="47.455724" lon="-120.934334"><ele>1856.0</ele><time>2023-10-07T22:31:05Z</time></trkpt><trkpt lat="47.455713" lon="-120.934272"><ele>1856.0</ele><time>2023-10-07T22:31:11Z</time></trkpt><trkpt lat="47.455697" lon="-120.93424"><ele>1855.0</ele><time>2023-10-07T22:31:15Z</time></trkpt><trkpt lat="47.455557" lon="-120.934139"><ele>1854.0</ele><time>2023-10-07T22:31:35Z</time></trkpt><trkpt lat="47.455526" lon="-120.934133"><ele>1852.0</ele><time>2023-10-07T22:31:38Z</time></trkpt><trkpt lat="47.455461" lon="-120.934067"><ele>1854.0</ele><time>2023-10-07T22:31:46Z</time></trkpt><trkpt lat="47.455366" lon="-120.934024"><ele>1852.0</ele><time>2023-10-07T22:31:57Z</time></trkpt><trkpt lat="47.455336" lon="-120.933991"><ele>1852.0</ele><time>2023-10-07T22:32:00Z</time></trkpt><trkpt lat="47.45521" lon="-120.93393"><ele>1849.0</ele><time>2023-10-07T22:32:37Z</time></trkpt><trkpt lat="47.4552" lon="-120.933965"><ele>1846.0</ele><time>2023-10-07T22:32:43Z</time></trkpt><trkpt lat="47.455262" lon="-120.934101"><ele>1845.0</ele><time>2023-10-07T22:32:53Z</time></trkpt><trkpt lat="47.455296" lon="-120.93425"><ele>1847.0</ele><time>2023-10-07T22:33:06Z</time></trkpt><trkpt lat="47.455298" lon="-120.934297"><ele>1845.0</ele><time>2023-10-07T22:33:16Z</time></trkpt><trkpt lat="47.455321" lon="-120.934341"><ele>1844.0</ele><time>2023-10-07T22:33:22Z</time></trkpt><trkpt lat="47.455321" lon="-120.934399"><ele>1846.1</ele><time>2023-10-07T22:33:24Z</time></trkpt><trkpt lat="47.455339" lon="-120.934502"><ele>1843.0</ele><time>2023-10-07T22:33:31Z</time></trkpt><trkpt lat="47.455323" lon="-120.934577"><ele>1842.0</ele><time>2023-10-07T22:33:35Z</time></trkpt><trkpt lat="47.455327" lon="-120.934609"><ele>1842.0</ele><time>2023-10-07T22:33:37Z</time></trkpt><trkpt lat="47.455339" lon="-120.934642"><ele>1842.0</ele><time>2023-10-07T22:33:40Z</time></trkpt><trkpt lat="47.455387" lon="-120.934694"><ele>1842.0</ele><time>2023-10-07T22:33:46Z</time></trkpt><trkpt lat="47.45543" lon="-120.934785"><ele>1842.0</ele><time>2023-10-07T22:33:52Z</time></trkpt><trkpt lat="47.455459" lon="-120.934808"><ele>1842.0</ele><time>2023-10-07T22:33:55Z</time></trkpt><trkpt lat="47.455505" lon="-120.935039"><ele>1839.0</ele><time>2023-10-07T22:34:13Z</time></trkpt><trkpt lat="47.45564" lon="-120.9351"><ele>1839.3</ele><time>2023-10-07T22:34:28Z</time></trkpt><trkpt lat="47.4557" lon="-120.935098"><ele>1839.0</ele><time>2023-10-07T22:34:36Z</time></trkpt><trkpt lat="47.455739" lon="-120.935116"><ele>1835.0</ele><time>2023-10-07T22:34:40Z</time></trkpt><trkpt lat="47.455765" lon="-120.935163"><ele>1836.0</ele><time>2023-10-07T22:34:46Z</time></trkpt><trkpt lat="47.455813" lon="-120.935169"><ele>1836.0</ele><time>2023-10-07T22:34:51Z</time></trkpt><trkpt lat="47.455917" lon="-120.93526"><ele>1834.0</ele><time>2023-10-07T22:35:04Z</time></trkpt><trkpt lat="47.45597" lon="-120.935357"><ele>1824.0</ele><time>2023-10-07T22:35:17Z</time></trkpt><trkpt lat="47.455957" lon="-120.935406"><ele>1832.0</ele><time>2023-10-07T22:35:24Z</time></trkpt><trkpt lat="47.455983" lon="-120.935541"><ele>1828.0</ele><time>2023-10-07T22:35:37Z</time></trkpt><trkpt lat="47.455936" lon="-120.935541"><ele>1826.0</ele><time>2023-10-07T22:35:41Z</time></trkpt><trkpt lat="47.45582" lon="-120.935594"><ele>1824.0</ele><time>2023-10-07T22:36:00Z</time></trkpt><trkpt lat="47.45577" lon="-120.935668"><ele>1824.0</ele><time>2023-10-07T22:36:09Z</time></trkpt><trkpt lat="47.455741" lon="-120.935689"><ele>1824.0</ele><time>2023-10-07T22:36:13Z</time></trkpt><trkpt lat="47.455682" lon="-120.93571"><ele>1824.0</ele><time>2023-10-07T22:36:19Z</time></trkpt><trkpt lat="47.455612" lon="-120.935793"><ele>1822.0</ele><time>2023-10-07T22:36:27Z</time></trkpt><trkpt lat="47.455531" lon="-120.935827"><ele>1821.0</ele><time>2023-10-07T22:36:36Z</time></trkpt><trkpt lat="47.455525" lon="-120.935865"><ele>1820.0</ele><time>2023-10-07T22:36:39Z</time></trkpt><trkpt lat="47.455571" lon="-120.935895"><ele>1817.0</ele><time>2023-10-07T22:36:46Z</time></trkpt><trkpt lat="47.455633" lon="-120.936006"><ele>1815.0</ele><time>2023-10-07T22:36:58Z</time></trkpt><trkpt lat="47.455647" lon="-120.936083"><ele>1812.0</ele><time>2023-10-07T22:37:08Z</time></trkpt><trkpt lat="47.455623" lon="-120.936104"><ele>1812.0</ele><time>2023-10-07T22:37:13Z</time></trkpt><trkpt lat="47.455591" lon="-120.936083"><ele>1814.0</ele><time>2023-10-07T22:37:16Z</time></trkpt><trkpt lat="47.455548" lon="-120.936089"><ele>1812.0</ele><time>2023-10-07T22:37:22Z</time></trkpt><trkpt lat="47.455514" lon="-120.936076"><ele>1812.0</ele><time>2023-10-07T22:37:27Z</time></trkpt><trkpt lat="47.455475" lon="-120.936087"><ele>1812.0</ele><time>2023-10-07T22:37:31Z</time></trkpt><trkpt lat="47.455449" lon="-120.936063"><ele>1812.0</ele><time>2023-10-07T22:37:33Z</time></trkpt><trkpt lat="47.455409" lon="-120.936047"><ele>1812.0</ele><time>2023-10-07T22:37:36Z</time></trkpt><trkpt lat="47.455394" lon="-120.936014"><ele>1812.0</ele><time>2023-10-07T22:37:38Z</time></trkpt><trkpt lat="47.455359" lon="-120.935996"><ele>1806.0</ele><time>2023-10-07T22:37:43Z</time></trkpt><trkpt lat="47.455325" lon="-120.93602"><ele>1810.0</ele><time>2023-10-07T22:37:49Z</time></trkpt><trkpt lat="47.455281" lon="-120.935999"><ele>1808.0</ele><time>2023-10-07T22:37:53Z</time></trkpt><trkpt lat="47.45515" lon="-120.935974"><ele>1808.0</ele><time>2023-10-07T22:38:07Z</time></trkpt><trkpt lat="47.455132" lon="-120.935982"><ele>1806.0</ele><time>2023-10-07T22:38:13Z</time></trkpt><trkpt lat="47.454984" lon="-120.935923"><ele>1802.0</ele><time>2023-10-07T22:38:56Z</time></trkpt><trkpt lat="47.455032" lon="-120.935926"><ele>1803.3</ele><time>2023-10-07T22:38:59Z</time></trkpt><trkpt lat="47.454987" lon="-120.935903"><ele>1792.0</ele><time>2023-10-07T22:39:12Z</time></trkpt><trkpt lat="47.454962" lon="-120.935855"><ele>1800.0</ele><time>2023-10-07T22:39:21Z</time></trkpt><trkpt lat="47.454912" lon="-120.935806"><ele>1800.0</ele><time>2023-10-07T22:39:26Z</time></trkpt><trkpt lat="47.454886" lon="-120.935753"><ele>1800.0</ele><time>2023-10-07T22:39:33Z</time></trkpt><trkpt lat="47.454836" lon="-120.935709"><ele>1800.0</ele><time>2023-10-07T22:39:40Z</time></trkpt><trkpt lat="47.454808" lon="-120.935659"><ele>1800.0</ele><time>2023-10-07T22:39:47Z</time></trkpt><trkpt lat="47.454701" lon="-120.935539"><ele>1796.0</ele><time>2023-10-07T22:40:09Z</time></trkpt><trkpt lat="47.454633" lon="-120.935424"><ele>1794.0</ele><time>2023-10-07T22:40:23Z</time></trkpt><trkpt lat="47.454506" lon="-120.935258"><ele>1792.0</ele><time>2023-10-07T22:40:42Z</time></trkpt><trkpt lat="47.454412" lon="-120.935216"><ele>1790.0</ele><time>2023-10-07T22:40:53Z</time></trkpt><trkpt lat="47.454338" lon="-120.935131"><ele>1790.0</ele><time>2023-10-07T22:41:06Z</time></trkpt><trkpt lat="47.45427" lon="-120.935097"><ele>1788.0</ele><time>2023-10-07T22:41:13Z</time></trkpt><trkpt lat="47.454214" lon="-120.935044"><ele>1790.0</ele><time>2023-10-07T22:41:19Z</time></trkpt><trkpt lat="47.454152" lon="-120.935016"><ele>1791.0</ele><time>2023-10-07T22:41:25Z</time></trkpt><trkpt lat="47.453982" lon="-120.935113"><ele>1788.0</ele><time>2023-10-07T22:41:46Z</time></trkpt><trkpt lat="47.453868" lon="-120.93522"><ele>1784.0</ele><time>2023-10-07T22:42:01Z</time></trkpt><trkpt lat="47.453706" lon="-120.935255"><ele>1786.0</ele><time>2023-10-07T22:42:15Z</time></trkpt><trkpt lat="47.453667" lon="-120.935251"><ele>1784.0</ele><time>2023-10-07T22:42:19Z</time></trkpt><trkpt lat="47.453476" lon="-120.935433"><ele>1779.0</ele><time>2023-10-07T22:42:48Z</time></trkpt><trkpt lat="47.453402" lon="-120.935449"><ele>1779.0</ele><time>2023-10-07T22:42:55Z</time></trkpt><trkpt lat="47.453341" lon="-120.935477"><ele>1778.0</ele><time>2023-10-07T22:43:01Z</time></trkpt><trkpt lat="47.453294" lon="-120.935515"><ele>1777.0</ele><time>2023-10-07T22:43:04Z</time></trkpt><trkpt lat="47.453184" lon="-120.935494"><ele>1779.0</ele><time>2023-10-07T22:43:13Z</time></trkpt><trkpt lat="47.453156" lon="-120.935513"><ele>1778.0</ele><time>2023-10-07T22:43:16Z</time></trkpt><trkpt lat="47.453137" lon="-120.93555"><ele>1776.0</ele><time>2023-10-07T22:43:18Z</time></trkpt><trkpt lat="47.453008" lon="-120.935613"><ele>1776.0</ele><time>2023-10-07T22:43:30Z</time></trkpt><trkpt lat="47.45294" lon="-120.935612"><ele>1773.0</ele><time>2023-10-07T22:43:36Z</time></trkpt><trkpt lat="47.452908" lon="-120.935636"><ele>1774.0</ele><time>2023-10-07T22:43:39Z</time></trkpt><trkpt lat="47.452866" lon="-120.935632"><ele>1774.0</ele><time>2023-10-07T22:43:43Z</time></trkpt><trkpt lat="47.452834" lon="-120.935671"><ele>1773.0</ele><time>2023-10-07T22:43:46Z</time></trkpt><trkpt lat="47.452752" lon="-120.935733"><ele>1773.0</ele><time>2023-10-07T22:43:55Z</time></trkpt><trkpt lat="47.452671" lon="-120.935778"><ele>1773.0</ele><time>2023-10-07T22:44:04Z</time></trkpt><trkpt lat="47.45257" lon="-120.935744"><ele>1768.0</ele><time>2023-10-07T22:44:15Z</time></trkpt><trkpt lat="47.45251" lon="-120.935697"><ele>1770.0</ele><time>2023-10-07T22:44:21Z</time></trkpt><trkpt lat="47.452472" lon="-120.93569"><ele>1762.0</ele><time>2023-10-07T22:44:27Z</time></trkpt><trkpt lat="47.452412" lon="-120.935704"><ele>1764.0</ele><time>2023-10-07T22:44:38Z</time></trkpt><trkpt lat="47.452371" lon="-120.93568"><ele>1765.0</ele><time>2023-10-07T22:44:45Z</time></trkpt><trkpt lat="47.452241" lon="-120.935641"><ele>1761.0</ele><time>2023-10-07T22:44:56Z</time></trkpt><trkpt lat="47.452151" lon="-120.935574"><ele>1760.0</ele><time>2023-10-07T22:45:05Z</time></trkpt><trkpt lat="47.452119" lon="-120.935567"><ele>1760.0</ele><time>2023-10-07T22:45:10Z</time></trkpt><trkpt lat="47.451988" lon="-120.935501"><ele>1758.0</ele><time>2023-10-07T22:45:23Z</time></trkpt><trkpt lat="47.451892" lon="-120.935471"><ele>1758.0</ele><time>2023-10-07T22:45:33Z</time></trkpt><trkpt lat="47.451781" lon="-120.935409"><ele>1755.0</ele><time>2023-10-07T22:45:45Z</time></trkpt><trkpt lat="47.451726" lon="-120.935362"><ele>1754.0</ele><time>2023-10-07T22:45:55Z</time></trkpt><trkpt lat="47.451636" lon="-120.935367"><ele>1752.0</ele><time>2023-10-07T22:46:05Z</time></trkpt><trkpt lat="47.451475" lon="-120.935291"><ele>1750.0</ele><time>2023-10-07T22:46:25Z</time></trkpt><trkpt lat="47.451412" lon="-120.935283"><ele>1751.0</ele><time>2023-10-07T22:46:41Z</time></trkpt><trkpt lat="47.451224" lon="-120.935208"><ele>1746.0</ele><time>2023-10-07T22:47:00Z</time></trkpt><trkpt lat="47.451111" lon="-120.935138"><ele>1743.0</ele><time>2023-10-07T22:47:12Z</time></trkpt><trkpt lat="47.451098" lon="-120.93512"><ele>1744.0</ele><time>2023-10-07T22:47:16Z</time></trkpt><trkpt lat="47.451088" lon="-120.935031"><ele>1743.0</ele><time>2023-10-07T22:47:23Z</time></trkpt><trkpt lat="47.451061" lon="-120.935012"><ele>1743.0</ele><time>2023-10-07T22:47:27Z</time></trkpt><trkpt lat="47.450989" lon="-120.934993"><ele>1741.0</ele><time>2023-10-07T22:47:34Z</time></trkpt><trkpt lat="47.450897" lon="-120.93494"><ele>1740.0</ele><time>2023-10-07T22:47:47Z</time></trkpt><trkpt lat="47.450858" lon="-120.934799"><ele>1740.0</ele><time>2023-10-07T22:48:05Z</time></trkpt><trkpt lat="47.45084" lon="-120.934767"><ele>1742.0</ele><time>2023-10-07T22:48:18Z</time></trkpt><trkpt lat="47.450784" lon="-120.934767"><ele>1739.0</ele><time>2023-10-07T22:48:25Z</time></trkpt><trkpt lat="47.450756" lon="-120.934741"><ele>1738.0</ele><time>2023-10-07T22:48:28Z</time></trkpt><trkpt lat="47.450707" lon="-120.934641"><ele>1737.0</ele><time>2023-10-07T22:48:36Z</time></trkpt><trkpt lat="47.450687" lon="-120.934567"><ele>1736.0</ele><time>2023-10-07T22:48:41Z</time></trkpt><trkpt lat="47.450661" lon="-120.934541"><ele>1736.0</ele><time>2023-10-07T22:48:43Z</time></trkpt><trkpt lat="47.450616" lon="-120.934466"><ele>1734.0</ele><time>2023-10-07T22:48:50Z</time></trkpt><trkpt lat="47.450559" lon="-120.934248"><ele>1732.0</ele><time>2023-10-07T22:49:08Z</time></trkpt><trkpt lat="47.450546" lon="-120.934118"><ele>1732.0</ele><time>2023-10-07T22:49:21Z</time></trkpt><trkpt lat="47.450512" lon="-120.934036"><ele>1730.0</ele><time>2023-10-07T22:49:28Z</time></trkpt><trkpt lat="47.450464" lon="-120.934025"><ele>1729.7</ele><time>2023-10-07T22:49:30Z</time></trkpt><trkpt lat="47.450427" lon="-120.933974"><ele>1728.0</ele><time>2023-10-07T22:49:37Z</time></trkpt><trkpt lat="47.450401" lon="-120.933915"><ele>1730.0</ele><time>2023-10-07T22:49:44Z</time></trkpt><trkpt lat="47.450364" lon="-120.933876"><ele>1730.5</ele><time>2023-10-07T22:49:50Z</time></trkpt><trkpt lat="47.450347" lon="-120.933873"><ele>1729.0</ele><time>2023-10-07T22:49:55Z</time></trkpt><trkpt lat="47.450295" lon="-120.933793"><ele>1728.0</ele><time>2023-10-07T22:50:03Z</time></trkpt><trkpt lat="47.450254" lon="-120.933685"><ele>1725.0</ele><time>2023-10-07T22:50:10Z</time></trkpt><trkpt lat="47.45022" lon="-120.933487"><ele>1725.0</ele><time>2023-10-07T22:50:26Z</time></trkpt><trkpt lat="47.450198" lon="-120.933458"><ele>1724.0</ele><time>2023-10-07T22:50:29Z</time></trkpt><trkpt lat="47.450147" lon="-120.933441"><ele>1723.0</ele><time>2023-10-07T22:50:38Z</time></trkpt><trkpt lat="47.450098" lon="-120.933486"><ele>1725.0</ele><time>2023-10-07T22:50:51Z</time></trkpt><trkpt lat="47.45008" lon="-120.933526"><ele>1725.0</ele><time>2023-10-07T22:50:54Z</time></trkpt><trkpt lat="47.450013" lon="-120.933534"><ele>1725.0</ele><time>2023-10-07T22:51:00Z</time></trkpt><trkpt lat="47.449941" lon="-120.93358"><ele>1720.0</ele><time>2023-10-07T22:51:06Z</time></trkpt><trkpt lat="47.449929" lon="-120.933615"><ele>1722.0</ele><time>2023-10-07T22:51:09Z</time></trkpt><trkpt lat="47.449784" lon="-120.9338"><ele>1721.0</ele><time>2023-10-07T22:51:25Z</time></trkpt><trkpt lat="47.449744" lon="-120.933818"><ele>1722.1</ele><time>2023-10-07T22:51:28Z</time></trkpt><trkpt lat="47.449691" lon="-120.933874"><ele>1719.0</ele><time>2023-10-07T22:51:35Z</time></trkpt><trkpt lat="47.449659" lon="-120.933892"><ele>1719.0</ele><time>2023-10-07T22:51:38Z</time></trkpt><trkpt lat="47.449623" lon="-120.933893"><ele>1719.0</ele><time>2023-10-07T22:51:41Z</time></trkpt><trkpt lat="47.449569" lon="-120.933845"><ele>1716.0</ele><time>2023-10-07T22:51:46Z</time></trkpt><trkpt lat="47.449536" lon="-120.933833"><ele>1715.0</ele><time>2023-10-07T22:51:50Z</time></trkpt><trkpt lat="47.449428" lon="-120.933853"><ele>1713.0</ele><time>2023-10-07T22:52:02Z</time></trkpt><trkpt lat="47.44936" lon="-120.933846"><ele>1713.0</ele><time>2023-10-07T22:52:08Z</time></trkpt><trkpt lat="47.449292" lon="-120.933868"><ele>1712.0</ele><time>2023-10-07T22:52:14Z</time></trkpt><trkpt lat="47.449192" lon="-120.933874"><ele>1710.0</ele><time>2023-10-07T22:52:25Z</time></trkpt><trkpt lat="47.449074" lon="-120.933904"><ele>1710.0</ele><time>2023-10-07T22:52:33Z</time></trkpt><trkpt lat="47.449038" lon="-120.933926"><ele>1710.0</ele><time>2023-10-07T22:52:36Z</time></trkpt><trkpt lat="47.448961" lon="-120.9339"><ele>1707.0</ele><time>2023-10-07T22:52:43Z</time></trkpt><trkpt lat="47.448916" lon="-120.933918"><ele>1705.0</ele><time>2023-10-07T22:52:48Z</time></trkpt><trkpt lat="47.448884" lon="-120.933907"><ele>1704.0</ele><time>2023-10-07T22:52:51Z</time></trkpt><trkpt lat="47.448823" lon="-120.933916"><ele>1704.0</ele><time>2023-10-07T22:52:58Z</time></trkpt><trkpt lat="47.44879" lon="-120.933892"><ele>1704.0</ele><time>2023-10-07T22:53:05Z</time></trkpt><trkpt lat="47.448741" lon="-120.933823"><ele>1704.0</ele><time>2023-10-07T22:53:13Z</time></trkpt><trkpt lat="47.448653" lon="-120.933761"><ele>1702.0</ele><time>2023-10-07T22:53:22Z</time></trkpt><trkpt lat="47.448613" lon="-120.933706"><ele>1702.0</ele><time>2023-10-07T22:53:26Z</time></trkpt><trkpt lat="47.448554" lon="-120.933749"><ele>1704.0</ele><time>2023-10-07T22:53:30Z</time></trkpt><trkpt lat="47.448522" lon="-120.933738"><ele>1702.0</ele><time>2023-10-07T22:53:32Z</time></trkpt><trkpt lat="47.448459" lon="-120.933787"><ele>1704.0</ele><time>2023-10-07T22:53:39Z</time></trkpt><trkpt lat="47.448385" lon="-120.933821"><ele>1701.0</ele><time>2023-10-07T22:53:45Z</time></trkpt><trkpt lat="47.448336" lon="-120.933799"><ele>1701.0</ele><time>2023-10-07T22:53:48Z</time></trkpt><trkpt lat="47.448302" lon="-120.933812"><ele>1700.0</ele><time>2023-10-07T22:53:51Z</time></trkpt><trkpt lat="47.448237" lon="-120.93391"><ele>1700.7</ele><time>2023-10-07T22:53:58Z</time></trkpt><trkpt lat="47.44819" lon="-120.933913"><ele>1695.0</ele><time>2023-10-07T22:54:04Z</time></trkpt><trkpt lat="47.448116" lon="-120.933847"><ele>1698.0</ele><time>2023-10-07T22:54:15Z</time></trkpt><trkpt lat="47.44804" lon="-120.933801"><ele>1696.0</ele><time>2023-10-07T22:54:21Z</time></trkpt><trkpt lat="47.448014" lon="-120.933772"><ele>1696.0</ele><time>2023-10-07T22:54:24Z</time></trkpt><trkpt lat="47.447935" lon="-120.933725"><ele>1695.0</ele><time>2023-10-07T22:54:30Z</time></trkpt><trkpt lat="47.447898" lon="-120.933692"><ele>1694.0</ele><time>2023-10-07T22:54:45Z</time></trkpt><trkpt lat="47.447915" lon="-120.933716"><ele>1685.0</ele><time>2023-10-07T22:55:27Z</time></trkpt><trkpt lat="47.447894" lon="-120.933681"><ele>1695.0</ele><time>2023-10-07T22:55:45Z</time></trkpt><trkpt lat="47.447815" lon="-120.933629"><ele>1695.0</ele><time>2023-10-07T22:55:53Z</time></trkpt><trkpt lat="47.447801" lon="-120.9336"><ele>1695.0</ele><time>2023-10-07T22:55:56Z</time></trkpt><trkpt lat="47.447762" lon="-120.933582"><ele>1693.0</ele><time>2023-10-07T22:56:00Z</time></trkpt><trkpt lat="47.447697" lon="-120.933583"><ele>1693.0</ele><time>2023-10-07T22:56:06Z</time></trkpt><trkpt lat="47.447512" lon="-120.933525"><ele>1689.0</ele><time>2023-10-07T22:56:26Z</time></trkpt><trkpt lat="47.447445" lon="-120.933487"><ele>1688.0</ele><time>2023-10-07T22:56:33Z</time></trkpt><trkpt lat="47.447343" lon="-120.933465"><ele>1686.0</ele><time>2023-10-07T22:56:44Z</time></trkpt><trkpt lat="47.447317" lon="-120.933438"><ele>1688.0</ele><time>2023-10-07T22:56:48Z</time></trkpt><trkpt lat="47.447225" lon="-120.933384"><ele>1689.0</ele><time>2023-10-07T22:56:57Z</time></trkpt><trkpt lat="47.447123" lon="-120.933284"><ele>1688.0</ele><time>2023-10-07T22:57:15Z</time></trkpt><trkpt lat="47.447104" lon="-120.933215"><ele>1686.0</ele><time>2023-10-07T22:57:22Z</time></trkpt><trkpt lat="47.447035" lon="-120.933068"><ele>1683.0</ele><time>2023-10-07T22:57:33Z</time></trkpt><trkpt lat="47.446978" lon="-120.932867"><ele>1684.0</ele><time>2023-10-07T22:57:48Z</time></trkpt><trkpt lat="47.446929" lon="-120.932761"><ele>1686.0</ele><time>2023-10-07T22:57:55Z</time></trkpt><trkpt lat="47.446864" lon="-120.93246"><ele>1682.0</ele><time>2023-10-07T22:58:15Z</time></trkpt><trkpt lat="47.446824" lon="-120.932359"><ele>1680.0</ele><time>2023-10-07T22:58:28Z</time></trkpt><trkpt lat="47.446802" lon="-120.932236"><ele>1680.0</ele><time>2023-10-07T22:58:36Z</time></trkpt><trkpt lat="47.446775" lon="-120.93217"><ele>1680.0</ele><time>2023-10-07T22:58:41Z</time></trkpt><trkpt lat="47.446735" lon="-120.931936"><ele>1678.0</ele><time>2023-10-07T22:58:55Z</time></trkpt><trkpt lat="47.446744" lon="-120.931905"><ele>1678.0</ele><time>2023-10-07T22:58:57Z</time></trkpt><trkpt lat="47.446731" lon="-120.931773"><ele>1680.0</ele><time>2023-10-07T22:59:03Z</time></trkpt><trkpt lat="47.44674" lon="-120.931711"><ele>1677.0</ele><time>2023-10-07T22:59:14Z</time></trkpt><trkpt lat="47.446737" lon="-120.931637"><ele>1678.0</ele><time>2023-10-07T22:59:24Z</time></trkpt><trkpt lat="47.446727" lon="-120.931586"><ele>1675.0</ele><time>2023-10-07T22:59:27Z</time></trkpt><trkpt lat="47.446703" lon="-120.931545"><ele>1672.0</ele><time>2023-10-07T22:59:36Z</time></trkpt><trkpt lat="47.446702" lon="-120.931481"><ele>1674.0</ele><time>2023-10-07T22:59:44Z</time></trkpt><trkpt lat="47.446681" lon="-120.931372"><ele>1671.0</ele><time>2023-10-07T22:59:54Z</time></trkpt><trkpt lat="47.446734" lon="-120.931213"><ele>1671.0</ele><time>2023-10-07T23:00:34Z</time></trkpt><trkpt lat="47.446727" lon="-120.931105"><ele>1673.1</ele><time>2023-10-07T23:00:40Z</time></trkpt><trkpt lat="47.446666" lon="-120.931036"><ele>1669.0</ele><time>2023-10-07T23:00:49Z</time></trkpt><trkpt lat="47.446568" lon="-120.930986"><ele>1667.0</ele><time>2023-10-07T23:01:03Z</time></trkpt><trkpt lat="47.446493" lon="-120.930985"><ele>1665.0</ele><time>2023-10-07T23:01:11Z</time></trkpt><trkpt lat="47.44642" lon="-120.931013"><ele>1664.0</ele><time>2023-10-07T23:01:17Z</time></trkpt><trkpt lat="47.446391" lon="-120.93099"><ele>1660.0</ele><time>2023-10-07T23:01:22Z</time></trkpt><trkpt lat="47.446366" lon="-120.930768"><ele>1661.0</ele><time>2023-10-07T23:01:36Z</time></trkpt><trkpt lat="47.446321" lon="-120.930671"><ele>1659.0</ele><time>2023-10-07T23:01:44Z</time></trkpt><trkpt lat="47.446305" lon="-120.930551"><ele>1659.0</ele><time>2023-10-07T23:01:52Z</time></trkpt><trkpt lat="47.446287" lon="-120.930524"><ele>1661.0</ele><time>2023-10-07T23:01:55Z</time></trkpt><trkpt lat="47.446256" lon="-120.930536"><ele>1662.0</ele><time>2023-10-07T23:01:58Z</time></trkpt><trkpt lat="47.446263" lon="-120.930571"><ele>1665.0</ele><time>2023-10-07T23:02:00Z</time></trkpt><trkpt lat="47.446221" lon="-120.930582"><ele>1665.0</ele><time>2023-10-07T23:02:03Z</time></trkpt><trkpt lat="47.446189" lon="-120.930606"><ele>1663.0</ele><time>2023-10-07T23:02:06Z</time></trkpt><trkpt lat="47.446142" lon="-120.930659"><ele>1661.0</ele><time>2023-10-07T23:02:12Z</time></trkpt><trkpt lat="47.446135" lon="-120.930692"><ele>1660.0</ele><time>2023-10-07T23:02:14Z</time></trkpt><trkpt lat="47.446083" lon="-120.93074"><ele>1659.0</ele><time>2023-10-07T23:02:21Z</time></trkpt><trkpt lat="47.446007" lon="-120.930744"><ele>1656.0</ele><time>2023-10-07T23:02:29Z</time></trkpt><trkpt lat="47.445956" lon="-120.93072"><ele>1656.0</ele><time>2023-10-07T23:02:33Z</time></trkpt><trkpt lat="47.445876" lon="-120.9307"><ele>1653.0</ele><time>2023-10-07T23:02:40Z</time></trkpt><trkpt lat="47.445785" lon="-120.930642"><ele>1653.0</ele><time>2023-10-07T23:02:49Z</time></trkpt><trkpt lat="47.445641" lon="-120.930528"><ele>1652.0</ele><time>2023-10-07T23:03:03Z</time></trkpt><trkpt lat="47.445634" lon="-120.930494"><ele>1651.0</ele><time>2023-10-07T23:03:05Z</time></trkpt><trkpt lat="47.44561" lon="-120.930463"><ele>1651.0</ele><time>2023-10-07T23:03:08Z</time></trkpt><trkpt lat="47.44549" lon="-120.930375"><ele>1648.0</ele><time>2023-10-07T23:03:19Z</time></trkpt><trkpt lat="47.445419" lon="-120.9304"><ele>1644.0</ele><time>2023-10-07T23:03:26Z</time></trkpt><trkpt lat="47.44532" lon="-120.930384"><ele>1644.0</ele><time>2023-10-07T23:03:38Z</time></trkpt><trkpt lat="47.44524" lon="-120.930413"><ele>1644.0</ele><time>2023-10-07T23:03:46Z</time></trkpt><trkpt lat="47.44517" lon="-120.930392"><ele>1644.0</ele><time>2023-10-07T23:03:55Z</time></trkpt><trkpt lat="47.445119" lon="-120.930411"><ele>1644.0</ele><time>2023-10-07T23:04:49Z</time></trkpt><trkpt lat="47.445136" lon="-120.930406"><ele>1642.0</ele><time>2023-10-07T23:05:24Z</time></trkpt><trkpt lat="47.445129" lon="-120.930386"><ele>1641.0</ele><time>2023-10-07T23:05:44Z</time></trkpt><trkpt lat="47.44504" lon="-120.930368"><ele>1642.0</ele><time>2023-10-07T23:06:00Z</time></trkpt><trkpt lat="47.444976" lon="-120.93039"><ele>1642.0</ele><time>2023-10-07T23:06:08Z</time></trkpt><trkpt lat="47.44496" lon="-120.930423"><ele>1642.0</ele><time>2023-10-07T23:06:11Z</time></trkpt><trkpt lat="47.444883" lon="-120.930504"><ele>1641.0</ele><time>2023-10-07T23:06:20Z</time></trkpt><trkpt lat="47.444864" lon="-120.930707"><ele>1641.0</ele><time>2023-10-07T23:06:34Z</time></trkpt><trkpt lat="47.44482" lon="-120.9307"><ele>1640.0</ele><time>2023-10-07T23:06:38Z</time></trkpt><trkpt lat="47.444771" lon="-120.930641"><ele>1641.0</ele><time>2023-10-07T23:06:46Z</time></trkpt><trkpt lat="47.444745" lon="-120.930635"><ele>1640.0</ele><time>2023-10-07T23:06:49Z</time></trkpt><trkpt lat="47.444726" lon="-120.930601"><ele>1639.0</ele><time>2023-10-07T23:06:51Z</time></trkpt><trkpt lat="47.444694" lon="-120.930604"><ele>1638.0</ele><time>2023-10-07T23:06:54Z</time></trkpt><trkpt lat="47.444664" lon="-120.930622"><ele>1638.0</ele><time>2023-10-07T23:06:57Z</time></trkpt><trkpt lat="47.444609" lon="-120.930712"><ele>1636.0</ele><time>2023-10-07T23:07:05Z</time></trkpt><trkpt lat="47.444558" lon="-120.930822"><ele>1638.0</ele><time>2023-10-07T23:07:13Z</time></trkpt><trkpt lat="47.44455" lon="-120.930862"><ele>1638.0</ele><time>2023-10-07T23:07:15Z</time></trkpt><trkpt lat="47.444516" lon="-120.930939"><ele>1635.0</ele><time>2023-10-07T23:07:25Z</time></trkpt><trkpt lat="47.444524" lon="-120.930973"><ele>1636.0</ele><time>2023-10-07T23:07:27Z</time></trkpt><trkpt lat="47.444501" lon="-120.931011"><ele>1637.0</ele><time>2023-10-07T23:07:29Z</time></trkpt><trkpt lat="47.444496" lon="-120.931042"><ele>1636.0</ele><time>2023-10-07T23:07:30Z</time></trkpt><trkpt lat="47.444452" lon="-120.931098"><ele>1635.0</ele><time>2023-10-07T23:07:35Z</time></trkpt><trkpt lat="47.444438" lon="-120.931157"><ele>1634.0</ele><time>2023-10-07T23:07:40Z</time></trkpt><trkpt lat="47.4444" lon="-120.931241"><ele>1632.0</ele><time>2023-10-07T23:07:46Z</time></trkpt><trkpt lat="47.444333" lon="-120.93129"><ele>1632.0</ele><time>2023-10-07T23:07:53Z</time></trkpt><trkpt lat="47.444251" lon="-120.931314"><ele>1630.0</ele><time>2023-10-07T23:08:01Z</time></trkpt><trkpt lat="47.444254" lon="-120.931349"><ele>1630.0</ele><time>2023-10-07T23:08:04Z</time></trkpt><trkpt lat="47.444313" lon="-120.931403"><ele>1629.0</ele><time>2023-10-07T23:08:11Z</time></trkpt><trkpt lat="47.444351" lon="-120.931478"><ele>1628.0</ele><time>2023-10-07T23:08:15Z</time></trkpt><trkpt lat="47.4444" lon="-120.931546"><ele>1626.0</ele><time>2023-10-07T23:08:21Z</time></trkpt><trkpt lat="47.444463" lon="-120.931534"><ele>1626.0</ele><time>2023-10-07T23:08:29Z</time></trkpt><trkpt lat="47.444466" lon="-120.931591"><ele>1626.0</ele><time>2023-10-07T23:08:33Z</time></trkpt><trkpt lat="47.444427" lon="-120.931708"><ele>1624.0</ele><time>2023-10-07T23:08:41Z</time></trkpt><trkpt lat="47.444363" lon="-120.931702"><ele>1623.0</ele><time>2023-10-07T23:08:46Z</time></trkpt><trkpt lat="47.44433" lon="-120.931711"><ele>1621.0</ele><time>2023-10-07T23:08:49Z</time></trkpt><trkpt lat="47.444263" lon="-120.931697"><ele>1620.0</ele><time>2023-10-07T23:08:54Z</time></trkpt><trkpt lat="47.444221" lon="-120.93171"><ele>1619.0</ele><time>2023-10-07T23:08:59Z</time></trkpt><trkpt lat="47.444188" lon="-120.931689"><ele>1618.0</ele><time>2023-10-07T23:09:02Z</time></trkpt><trkpt lat="47.444154" lon="-120.931729"><ele>1619.1</ele><time>2023-10-07T23:09:07Z</time></trkpt><trkpt lat="47.444168" lon="-120.931772"><ele>1618.0</ele><time>2023-10-07T23:09:08Z</time></trkpt><trkpt lat="47.44427" lon="-120.931884"><ele>1617.0</ele><time>2023-10-07T23:09:20Z</time></trkpt><trkpt lat="47.444323" lon="-120.93199"><ele>1617.0</ele><time>2023-10-07T23:09:27Z</time></trkpt><trkpt lat="47.444386" lon="-120.932025"><ele>1618.0</ele><time>2023-10-07T23:09:32Z</time></trkpt><trkpt lat="47.444427" lon="-120.932069"><ele>1617.0</ele><time>2023-10-07T23:09:37Z</time></trkpt><trkpt lat="47.444533" lon="-120.932078"><ele>1614.0</ele><time>2023-10-07T23:09:45Z</time></trkpt><trkpt lat="47.444558" lon="-120.932102"><ele>1614.0</ele><time>2023-10-07T23:09:47Z</time></trkpt><trkpt lat="47.444587" lon="-120.932179"><ele>1614.0</ele><time>2023-10-07T23:09:52Z</time></trkpt><trkpt lat="47.444621" lon="-120.932185"><ele>1614.0</ele><time>2023-10-07T23:09:55Z</time></trkpt><trkpt lat="47.444692" lon="-120.932148"><ele>1613.0</ele><time>2023-10-07T23:10:02Z</time></trkpt><trkpt lat="47.44476" lon="-120.93223"><ele>1612.0</ele><time>2023-10-07T23:10:09Z</time></trkpt><trkpt lat="47.44475" lon="-120.932298"><ele>1611.0</ele><time>2023-10-07T23:10:13Z</time></trkpt><trkpt lat="47.444727" lon="-120.932329"><ele>1611.0</ele><time>2023-10-07T23:10:15Z</time></trkpt><trkpt lat="47.444666" lon="-120.932359"><ele>1608.0</ele><time>2023-10-07T23:10:21Z</time></trkpt><trkpt lat="47.444634" lon="-120.932422"><ele>1608.0</ele><time>2023-10-07T23:10:26Z</time></trkpt><trkpt lat="47.444604" lon="-120.93245"><ele>1608.0</ele><time>2023-10-07T23:10:30Z</time></trkpt><trkpt lat="47.444573" lon="-120.932452"><ele>1605.0</ele><time>2023-10-07T23:10:34Z</time></trkpt><trkpt lat="47.444519" lon="-120.932491"><ele>1606.0</ele><time>2023-10-07T23:10:40Z</time></trkpt><trkpt lat="47.444491" lon="-120.932497"><ele>1606.0</ele><time>2023-10-07T23:10:42Z</time></trkpt><trkpt lat="47.444431" lon="-120.932535"><ele>1606.0</ele><time>2023-10-07T23:10:48Z</time></trkpt><trkpt lat="47.444398" lon="-120.932545"><ele>1605.0</ele><time>2023-10-07T23:10:51Z</time></trkpt><trkpt lat="47.444323" lon="-120.932541"><ele>1605.0</ele><time>2023-10-07T23:10:57Z</time></trkpt><trkpt lat="47.444255" lon="-120.93256"><ele>1605.0</ele><time>2023-10-07T23:11:03Z</time></trkpt><trkpt lat="47.444192" lon="-120.932592"><ele>1605.0</ele><time>2023-10-07T23:11:09Z</time></trkpt><trkpt lat="47.44416" lon="-120.932589"><ele>1605.0</ele><time>2023-10-07T23:11:13Z</time></trkpt><trkpt lat="47.444131" lon="-120.932618"><ele>1602.0</ele><time>2023-10-07T23:11:16Z</time></trkpt><trkpt lat="47.444018" lon="-120.932829"><ele>1602.0</ele><time>2023-10-07T23:11:32Z</time></trkpt><trkpt lat="47.44398" lon="-120.932835"><ele>1600.0</ele><time>2023-10-07T23:11:35Z</time></trkpt><trkpt lat="47.443914" lon="-120.932882"><ele>1599.0</ele><time>2023-10-07T23:11:42Z</time></trkpt><trkpt lat="47.443842" lon="-120.932899"><ele>1599.0</ele><time>2023-10-07T23:11:48Z</time></trkpt><trkpt lat="47.443812" lon="-120.932917"><ele>1598.0</ele><time>2023-10-07T23:11:50Z</time></trkpt><trkpt lat="47.443713" lon="-120.93308"><ele>1596.0</ele><time>2023-10-07T23:12:04Z</time></trkpt><trkpt lat="47.443591" lon="-120.933218"><ele>1593.0</ele><time>2023-10-07T23:12:17Z</time></trkpt><trkpt lat="47.443556" lon="-120.933289"><ele>1592.0</ele><time>2023-10-07T23:12:22Z</time></trkpt><trkpt lat="47.443478" lon="-120.933403"><ele>1588.0</ele><time>2023-10-07T23:12:34Z</time></trkpt><trkpt lat="47.443443" lon="-120.933486"><ele>1590.0</ele><time>2023-10-07T23:12:39Z</time></trkpt><trkpt lat="47.443303" lon="-120.933617"><ele>1586.0</ele><time>2023-10-07T23:12:55Z</time></trkpt><trkpt lat="47.44323" lon="-120.933649"><ele>1585.0</ele><time>2023-10-07T23:13:01Z</time></trkpt><trkpt lat="47.443166" lon="-120.933631"><ele>1584.0</ele><time>2023-10-07T23:13:07Z</time></trkpt><trkpt lat="47.443144" lon="-120.933658"><ele>1585.0</ele><time>2023-10-07T23:13:10Z</time></trkpt><trkpt lat="47.443049" lon="-120.933636"><ele>1584.0</ele><time>2023-10-07T23:13:19Z</time></trkpt><trkpt lat="47.442965" lon="-120.933632"><ele>1582.0</ele><time>2023-10-07T23:13:27Z</time></trkpt><trkpt lat="47.442881" lon="-120.933594"><ele>1580.0</ele><time>2023-10-07T23:13:36Z</time></trkpt><trkpt lat="47.442859" lon="-120.933623"><ele>1580.0</ele><time>2023-10-07T23:13:40Z</time></trkpt><trkpt lat="47.442863" lon="-120.933659"><ele>1578.0</ele><time>2023-10-07T23:13:42Z</time></trkpt><trkpt lat="47.442878" lon="-120.933687"><ele>1577.0</ele><time>2023-10-07T23:13:45Z</time></trkpt><trkpt lat="47.442884" lon="-120.933771"><ele>1574.0</ele><time>2023-10-07T23:13:51Z</time></trkpt><trkpt lat="47.442928" lon="-120.93395"><ele>1574.0</ele><time>2023-10-07T23:14:03Z</time></trkpt><trkpt lat="47.442952" lon="-120.933997"><ele>1574.7</ele><time>2023-10-07T23:14:06Z</time></trkpt><trkpt lat="47.44295" lon="-120.934028"><ele>1574.0</ele><time>2023-10-07T23:14:07Z</time></trkpt><trkpt lat="47.442999" lon="-120.934164"><ele>1574.0</ele><time>2023-10-07T23:14:21Z</time></trkpt><trkpt lat="47.443069" lon="-120.934223"><ele>1575.0</ele><time>2023-10-07T23:14:27Z</time></trkpt><trkpt lat="47.443141" lon="-120.934248"><ele>1572.0</ele><time>2023-10-07T23:14:34Z</time></trkpt><trkpt lat="47.443234" lon="-120.934302"><ele>1574.0</ele><time>2023-10-07T23:14:41Z</time></trkpt><trkpt lat="47.443343" lon="-120.93432"><ele>1572.0</ele><time>2023-10-07T23:14:48Z</time></trkpt><trkpt lat="47.443461" lon="-120.934378"><ele>1572.0</ele><time>2023-10-07T23:14:57Z</time></trkpt><trkpt lat="47.443518" lon="-120.934429"><ele>1569.0</ele><time>2023-10-07T23:15:02Z</time></trkpt><trkpt lat="47.443568" lon="-120.934541"><ele>1570.0</ele><time>2023-10-07T23:15:09Z</time></trkpt><trkpt lat="47.443598" lon="-120.934558"><ele>1572.0</ele><time>2023-10-07T23:15:12Z</time></trkpt><trkpt lat="47.443613" lon="-120.934596"><ele>1570.0</ele><time>2023-10-07T23:15:15Z</time></trkpt><trkpt lat="47.443641" lon="-120.934615"><ele>1569.0</ele><time>2023-10-07T23:15:17Z</time></trkpt><trkpt lat="47.443683" lon="-120.934613"><ele>1569.0</ele><time>2023-10-07T23:15:20Z</time></trkpt><trkpt lat="47.443712" lon="-120.934598"><ele>1570.0</ele><time>2023-10-07T23:15:23Z</time></trkpt><trkpt lat="47.443809" lon="-120.934505"><ele>1569.0</ele><time>2023-10-07T23:15:38Z</time></trkpt><trkpt lat="47.443838" lon="-120.934465"><ele>1568.0</ele><time>2023-10-07T23:15:42Z</time></trkpt><trkpt lat="47.443965" lon="-120.934122"><ele>1566.0</ele><time>2023-10-07T23:16:07Z</time></trkpt><trkpt lat="47.444011" lon="-120.934069"><ele>1566.0</ele><time>2023-10-07T23:16:11Z</time></trkpt><trkpt lat="47.444107" lon="-120.934093"><ele>1563.0</ele><time>2023-10-07T23:16:22Z</time></trkpt><trkpt lat="47.444154" lon="-120.934093"><ele>1562.0</ele><time>2023-10-07T23:16:25Z</time></trkpt><trkpt lat="47.444176" lon="-120.934137"><ele>1562.0</ele><time>2023-10-07T23:16:29Z</time></trkpt><trkpt lat="47.444151" lon="-120.934205"><ele>1562.0</ele><time>2023-10-07T23:16:32Z</time></trkpt><trkpt lat="47.444125" lon="-120.934359"><ele>1560.0</ele><time>2023-10-07T23:16:41Z</time></trkpt><trkpt lat="47.444093" lon="-120.934432"><ele>1557.0</ele><time>2023-10-07T23:16:47Z</time></trkpt><trkpt lat="47.444092" lon="-120.934472"><ele>1557.0</ele><time>2023-10-07T23:16:50Z</time></trkpt><trkpt lat="47.444109" lon="-120.934512"><ele>1557.0</ele><time>2023-10-07T23:16:53Z</time></trkpt><trkpt lat="47.44414" lon="-120.934532"><ele>1557.0</ele><time>2023-10-07T23:16:56Z</time></trkpt><trkpt lat="47.444174" lon="-120.934532"><ele>1556.0</ele><time>2023-10-07T23:16:59Z</time></trkpt><trkpt lat="47.444337" lon="-120.934434"><ele>1553.0</ele><time>2023-10-07T23:17:18Z</time></trkpt><trkpt lat="47.444398" lon="-120.934424"><ele>1551.0</ele><time>2023-10-07T23:17:22Z</time></trkpt><trkpt lat="47.444447" lon="-120.934442"><ele>1551.0</ele><time>2023-10-07T23:17:27Z</time></trkpt><trkpt lat="47.444467" lon="-120.934492"><ele>1551.0</ele><time>2023-10-07T23:17:31Z</time></trkpt><trkpt lat="47.444423" lon="-120.934665"><ele>1551.0</ele><time>2023-10-07T23:17:39Z</time></trkpt><trkpt lat="47.444408" lon="-120.934845"><ele>1551.0</ele><time>2023-10-07T23:17:50Z</time></trkpt><trkpt lat="47.444434" lon="-120.934865"><ele>1548.0</ele><time>2023-10-07T23:17:53Z</time></trkpt><trkpt lat="47.444432" lon="-120.9349"><ele>1546.0</ele><time>2023-10-07T23:17:56Z</time></trkpt><trkpt lat="47.444391" lon="-120.935015"><ele>1545.0</ele><time>2023-10-07T23:18:04Z</time></trkpt><trkpt lat="47.444339" lon="-120.935068"><ele>1544.0</ele><time>2023-10-07T23:18:11Z</time></trkpt><trkpt lat="47.444294" lon="-120.935136"><ele>1545.9</ele><time>2023-10-07T23:18:17Z</time></trkpt><trkpt lat="47.444248" lon="-120.93516"><ele>1543.0</ele><time>2023-10-07T23:18:21Z</time></trkpt><trkpt lat="47.444222" lon="-120.935189"><ele>1542.0</ele><time>2023-10-07T23:18:24Z</time></trkpt><trkpt lat="47.444186" lon="-120.935194"><ele>1542.0</ele><time>2023-10-07T23:18:27Z</time></trkpt><trkpt lat="47.444122" lon="-120.93516"><ele>1540.0</ele><time>2023-10-07T23:18:34Z</time></trkpt><trkpt lat="47.444117" lon="-120.935199"><ele>1541.0</ele><time>2023-10-07T23:18:37Z</time></trkpt><trkpt lat="47.444139" lon="-120.935248"><ele>1540.0</ele><time>2023-10-07T23:18:40Z</time></trkpt><trkpt lat="47.444236" lon="-120.935378"><ele>1537.0</ele><time>2023-10-07T23:18:53Z</time></trkpt><trkpt lat="47.444337" lon="-120.9354"><ele>1536.0</ele><time>2023-10-07T23:19:02Z</time></trkpt><trkpt lat="47.44441" lon="-120.935345"><ele>1536.0</ele><time>2023-10-07T23:19:09Z</time></trkpt><trkpt lat="47.444448" lon="-120.935338"><ele>1536.0</ele><time>2023-10-07T23:19:13Z</time></trkpt><trkpt lat="47.444516" lon="-120.935302"><ele>1536.0</ele><time>2023-10-07T23:19:19Z</time></trkpt><trkpt lat="47.444594" lon="-120.935376"><ele>1536.0</ele><time>2023-10-07T23:19:26Z</time></trkpt><trkpt lat="47.444639" lon="-120.935393"><ele>1536.0</ele><time>2023-10-07T23:19:30Z</time></trkpt><trkpt lat="47.444713" lon="-120.935357"><ele>1535.0</ele><time>2023-10-07T23:19:37Z</time></trkpt><trkpt lat="47.444734" lon="-120.935321"><ele>1535.0</ele><time>2023-10-07T23:19:41Z</time></trkpt><trkpt lat="47.444817" lon="-120.93525"><ele>1536.0</ele><time>2023-10-07T23:19:51Z</time></trkpt><trkpt lat="47.444847" lon="-120.935251"><ele>1535.0</ele><time>2023-10-07T23:19:53Z</time></trkpt><trkpt lat="47.444945" lon="-120.935284"><ele>1532.0</ele><time>2023-10-07T23:20:02Z</time></trkpt><trkpt lat="47.444983" lon="-120.935353"><ele>1531.0</ele><time>2023-10-07T23:20:06Z</time></trkpt><trkpt lat="47.444968" lon="-120.935451"><ele>1532.0</ele><time>2023-10-07T23:20:10Z</time></trkpt><trkpt lat="47.444953" lon="-120.935479"><ele>1532.0</ele><time>2023-10-07T23:20:12Z</time></trkpt><trkpt lat="47.444921" lon="-120.935501"><ele>1531.0</ele><time>2023-10-07T23:20:15Z</time></trkpt><trkpt lat="47.44489" lon="-120.935586"><ele>1532.0</ele><time>2023-10-07T23:20:19Z</time></trkpt><trkpt lat="47.444907" lon="-120.935673"><ele>1531.0</ele><time>2023-10-07T23:20:23Z</time></trkpt><trkpt lat="47.444905" lon="-120.935752"><ele>1531.0</ele><time>2023-10-07T23:20:27Z</time></trkpt><trkpt lat="47.444833" lon="-120.935982"><ele>1527.0</ele><time>2023-10-07T23:20:43Z</time></trkpt><trkpt lat="47.444789" lon="-120.935993"><ele>1526.0</ele><time>2023-10-07T23:20:47Z</time></trkpt><trkpt lat="47.444677" lon="-120.936126"><ele>1521.0</ele><time>2023-10-07T23:21:00Z</time></trkpt><trkpt lat="47.444638" lon="-120.936123"><ele>1523.0</ele><time>2023-10-07T23:21:03Z</time></trkpt><trkpt lat="47.444582" lon="-120.936086"><ele>1522.0</ele><time>2023-10-07T23:21:09Z</time></trkpt><trkpt lat="47.444469" lon="-120.936051"><ele>1520.0</ele><time>2023-10-07T23:21:21Z</time></trkpt><trkpt lat="47.444555" lon="-120.936307"><ele>1518.2</ele><time>2023-10-07T23:21:35Z</time></trkpt><trkpt lat="47.444596" lon="-120.936371"><ele>1518.0</ele><time>2023-10-07T23:21:41Z</time></trkpt><trkpt lat="47.444651" lon="-120.936417"><ele>1515.0</ele><time>2023-10-07T23:21:47Z</time></trkpt><trkpt lat="47.444914" lon="-120.936448"><ele>1511.0</ele><time>2023-10-07T23:22:13Z</time></trkpt><trkpt lat="47.444855" lon="-120.93655"><ele>1511.8</ele><time>2023-10-07T23:22:26Z</time></trkpt><trkpt lat="47.444755" lon="-120.936666"><ele>1509.0</ele><time>2023-10-07T23:22:38Z</time></trkpt><trkpt lat="47.444641" lon="-120.93674"><ele>1506.0</ele><time>2023-10-07T23:22:50Z</time></trkpt><trkpt lat="47.444619" lon="-120.936769"><ele>1508.9</ele><time>2023-10-07T23:22:53Z</time></trkpt><trkpt lat="47.444588" lon="-120.936767"><ele>1507.0</ele><time>2023-10-07T23:22:55Z</time></trkpt><trkpt lat="47.444551" lon="-120.936788"><ele>1505.0</ele><time>2023-10-07T23:22:59Z</time></trkpt><trkpt lat="47.444401" lon="-120.936719"><ele>1503.0</ele><time>2023-10-07T23:23:14Z</time></trkpt><trkpt lat="47.444401" lon="-120.936685"><ele>1503.8</ele><time>2023-10-07T23:23:16Z</time></trkpt><trkpt lat="47.444383" lon="-120.936659"><ele>1503.0</ele><time>2023-10-07T23:23:18Z</time></trkpt><trkpt lat="47.44435" lon="-120.936645"><ele>1503.0</ele><time>2023-10-07T23:23:21Z</time></trkpt><trkpt lat="47.444295" lon="-120.936516"><ele>1502.0</ele><time>2023-10-07T23:23:32Z</time></trkpt><trkpt lat="47.444263" lon="-120.936504"><ele>1502.0</ele><time>2023-10-07T23:23:34Z</time></trkpt><trkpt lat="47.444228" lon="-120.936519"><ele>1500.0</ele><time>2023-10-07T23:23:37Z</time></trkpt><trkpt lat="47.444209" lon="-120.936561"><ele>1500.0</ele><time>2023-10-07T23:23:40Z</time></trkpt><trkpt lat="47.444137" lon="-120.936616"><ele>1496.0</ele><time>2023-10-07T23:23:48Z</time></trkpt><trkpt lat="47.444101" lon="-120.93663"><ele>1495.0</ele><time>2023-10-07T23:23:53Z</time></trkpt><trkpt lat="47.444047" lon="-120.936594"><ele>1496.0</ele><time>2023-10-07T23:24:00Z</time></trkpt><trkpt lat="47.444008" lon="-120.936587"><ele>1496.0</ele><time>2023-10-07T23:24:04Z</time></trkpt><trkpt lat="47.44404" lon="-120.936776"><ele>1490.0</ele><time>2023-10-07T23:24:18Z</time></trkpt><trkpt lat="47.444059" lon="-120.936813"><ele>1491.0</ele><time>2023-10-07T23:24:22Z</time></trkpt><trkpt lat="47.444116" lon="-120.936872"><ele>1491.0</ele><time>2023-10-07T23:24:26Z</time></trkpt><trkpt lat="47.444226" lon="-120.936885"><ele>1489.0</ele><time>2023-10-07T23:24:35Z</time></trkpt><trkpt lat="47.444244" lon="-120.936928"><ele>1486.0</ele><time>2023-10-07T23:24:39Z</time></trkpt><trkpt lat="47.444221" lon="-120.93709"><ele>1490.0</ele><time>2023-10-07T23:24:47Z</time></trkpt><trkpt lat="47.444242" lon="-120.937153"><ele>1490.0</ele><time>2023-10-07T23:24:51Z</time></trkpt><trkpt lat="47.444238" lon="-120.93719"><ele>1490.0</ele><time>2023-10-07T23:24:52Z</time></trkpt><trkpt lat="47.444321" lon="-120.937447"><ele>1487.0</ele><time>2023-10-07T23:25:14Z</time></trkpt><trkpt lat="47.444344" lon="-120.937478"><ele>1485.0</ele><time>2023-10-07T23:25:17Z</time></trkpt><trkpt lat="47.444371" lon="-120.937493"><ele>1484.0</ele><time>2023-10-07T23:25:21Z</time></trkpt><trkpt lat="47.444445" lon="-120.937513"><ele>1480.0</ele><time>2023-10-07T23:25:29Z</time></trkpt><trkpt lat="47.444542" lon="-120.937637"><ele>1480.0</ele><time>2023-10-07T23:25:42Z</time></trkpt><trkpt lat="47.444503" lon="-120.937715"><ele>1479.0</ele><time>2023-10-07T23:25:48Z</time></trkpt><trkpt lat="47.444515" lon="-120.937875"><ele>1474.0</ele><time>2023-10-07T23:26:03Z</time></trkpt><trkpt lat="47.44447" lon="-120.938033"><ele>1477.0</ele><time>2023-10-07T23:26:15Z</time></trkpt><trkpt lat="47.444452" lon="-120.93807"><ele>1476.0</ele><time>2023-10-07T23:26:18Z</time></trkpt><trkpt lat="47.444419" lon="-120.938107"><ele>1476.0</ele><time>2023-10-07T23:26:20Z</time></trkpt><trkpt lat="47.444389" lon="-120.938178"><ele>1476.0</ele><time>2023-10-07T23:26:24Z</time></trkpt><trkpt lat="47.444286" lon="-120.938302"><ele>1476.0</ele><time>2023-10-07T23:26:35Z</time></trkpt><trkpt lat="47.444206" lon="-120.938295"><ele>1477.0</ele><time>2023-10-07T23:26:42Z</time></trkpt><trkpt lat="47.444174" lon="-120.938314"><ele>1474.0</ele><time>2023-10-07T23:26:45Z</time></trkpt><trkpt lat="47.444138" lon="-120.938302"><ele>1475.0</ele><time>2023-10-07T23:26:48Z</time></trkpt><trkpt lat="47.444133" lon="-120.938243"><ele>1476.0</ele><time>2023-10-07T23:26:50Z</time></trkpt><trkpt lat="47.444142" lon="-120.938198"><ele>1476.1</ele><time>2023-10-07T23:26:51Z</time></trkpt><trkpt lat="47.444125" lon="-120.938136"><ele>1473.0</ele><time>2023-10-07T23:26:56Z</time></trkpt><trkpt lat="47.444163" lon="-120.938026"><ele>1471.0</ele><time>2023-10-07T23:27:04Z</time></trkpt><trkpt lat="47.444167" lon="-120.937986"><ele>1469.0</ele><time>2023-10-07T23:27:07Z</time></trkpt><trkpt lat="47.444141" lon="-120.937921"><ele>1467.0</ele><time>2023-10-07T23:27:11Z</time></trkpt><trkpt lat="47.444149" lon="-120.93788"><ele>1467.0</ele><time>2023-10-07T23:27:14Z</time></trkpt><trkpt lat="47.444134" lon="-120.937842"><ele>1468.0</ele><time>2023-10-07T23:27:17Z</time></trkpt><trkpt lat="47.444059" lon="-120.937804"><ele>1467.0</ele><time>2023-10-07T23:27:22Z</time></trkpt><trkpt lat="47.4439" lon="-120.937816"><ele>1467.0</ele><time>2023-10-07T23:27:35Z</time></trkpt><trkpt lat="47.443843" lon="-120.937863"><ele>1464.0</ele><time>2023-10-07T23:27:42Z</time></trkpt><trkpt lat="47.443816" lon="-120.937947"><ele>1464.0</ele><time>2023-10-07T23:27:48Z</time></trkpt><trkpt lat="47.443771" lon="-120.937962"><ele>1460.0</ele><time>2023-10-07T23:27:52Z</time></trkpt><trkpt lat="47.443747" lon="-120.937935"><ele>1462.0</ele><time>2023-10-07T23:27:56Z</time></trkpt><trkpt lat="47.443657" lon="-120.93803"><ele>1460.0</ele><time>2023-10-07T23:28:13Z</time></trkpt><trkpt lat="47.443585" lon="-120.937954"><ele>1458.0</ele><time>2023-10-07T23:28:21Z</time></trkpt><trkpt lat="47.443541" lon="-120.937746"><ele>1456.0</ele><time>2023-10-07T23:28:36Z</time></trkpt><trkpt lat="47.443543" lon="-120.937663"><ele>1454.0</ele><time>2023-10-07T23:28:42Z</time></trkpt><trkpt lat="47.443554" lon="-120.93763"><ele>1453.0</ele><time>2023-10-07T23:28:45Z</time></trkpt><trkpt lat="47.443549" lon="-120.937596"><ele>1454.0</ele><time>2023-10-07T23:28:47Z</time></trkpt><trkpt lat="47.443566" lon="-120.937492"><ele>1454.0</ele><time>2023-10-07T23:28:53Z</time></trkpt><trkpt lat="47.443518" lon="-120.937403"><ele>1452.0</ele><time>2023-10-07T23:28:58Z</time></trkpt><trkpt lat="47.443436" lon="-120.937359"><ele>1454.0</ele><time>2023-10-07T23:29:04Z</time></trkpt><trkpt lat="47.443373" lon="-120.937304"><ele>1453.0</ele><time>2023-10-07T23:29:10Z</time></trkpt><trkpt lat="47.443306" lon="-120.937311"><ele>1452.0</ele><time>2023-10-07T23:29:15Z</time></trkpt><trkpt lat="47.443288" lon="-120.937286"><ele>1451.0</ele><time>2023-10-07T23:29:18Z</time></trkpt><trkpt lat="47.443256" lon="-120.937271"><ele>1449.0</ele><time>2023-10-07T23:29:21Z</time></trkpt><trkpt lat="47.443079" lon="-120.937368"><ele>1449.0</ele><time>2023-10-07T23:29:36Z</time></trkpt><trkpt lat="47.443049" lon="-120.937396"><ele>1450.0</ele><time>2023-10-07T23:29:39Z</time></trkpt><trkpt lat="47.443016" lon="-120.937372"><ele>1450.0</ele><time>2023-10-07T23:29:41Z</time></trkpt><trkpt lat="47.442973" lon="-120.937305"><ele>1450.0</ele><time>2023-10-07T23:29:45Z</time></trkpt><trkpt lat="47.442939" lon="-120.937284"><ele>1449.0</ele><time>2023-10-07T23:29:47Z</time></trkpt><trkpt lat="47.442866" lon="-120.937274"><ele>1450.0</ele><time>2023-10-07T23:29:52Z</time></trkpt><trkpt lat="47.442766" lon="-120.937281"><ele>1449.0</ele><time>2023-10-07T23:30:01Z</time></trkpt><trkpt lat="47.44274" lon="-120.937317"><ele>1448.0</ele><time>2023-10-07T23:30:04Z</time></trkpt><trkpt lat="47.442684" lon="-120.937293"><ele>1446.0</ele><time>2023-10-07T23:30:09Z</time></trkpt><trkpt lat="47.442605" lon="-120.937303"><ele>1435.0</ele><time>2023-10-07T23:30:19Z</time></trkpt><trkpt lat="47.442581" lon="-120.937262"><ele>1434.0</ele><time>2023-10-07T23:30:23Z</time></trkpt><trkpt lat="47.442508" lon="-120.937234"><ele>1437.0</ele><time>2023-10-07T23:30:29Z</time></trkpt><trkpt lat="47.442435" lon="-120.937232"><ele>1442.0</ele><time>2023-10-07T23:30:35Z</time></trkpt><trkpt lat="47.4424" lon="-120.937217"><ele>1443.0</ele><time>2023-10-07T23:30:38Z</time></trkpt><trkpt lat="47.442346" lon="-120.937228"><ele>1440.0</ele><time>2023-10-07T23:30:44Z</time></trkpt><trkpt lat="47.442223" lon="-120.937145"><ele>1435.0</ele><time>2023-10-07T23:31:01Z</time></trkpt><trkpt lat="47.442105" lon="-120.937099"><ele>1432.0</ele><time>2023-10-07T23:31:13Z</time></trkpt><trkpt lat="47.441915" lon="-120.936975"><ele>1430.1</ele><time>2023-10-07T23:31:32Z</time></trkpt><trkpt lat="47.441731" lon="-120.936884"><ele>1424.0</ele><time>2023-10-07T23:31:51Z</time></trkpt><trkpt lat="47.441751" lon="-120.936916"><ele>1427.0</ele><time>2023-10-07T23:32:10Z</time></trkpt><trkpt lat="47.441704" lon="-120.936872"><ele>1427.0</ele><time>2023-10-07T23:32:19Z</time></trkpt><trkpt lat="47.441672" lon="-120.936877"><ele>1424.0</ele><time>2023-10-07T23:32:22Z</time></trkpt><trkpt lat="47.441638" lon="-120.936847"><ele>1422.6</ele><time>2023-10-07T23:32:26Z</time></trkpt><trkpt lat="47.441627" lon="-120.936886"><ele>1422.0</ele><time>2023-10-07T23:32:27Z</time></trkpt><trkpt lat="47.441701" lon="-120.937077"><ele>1421.0</ele><time>2023-10-07T23:32:37Z</time></trkpt><trkpt lat="47.441777" lon="-120.937163"><ele>1419.0</ele><time>2023-10-07T23:32:47Z</time></trkpt><trkpt lat="47.441823" lon="-120.937259"><ele>1418.0</ele><time>2023-10-07T23:32:55Z</time></trkpt><trkpt lat="47.441849" lon="-120.937292"><ele>1419.0</ele><time>2023-10-07T23:32:58Z</time></trkpt><trkpt lat="47.44186" lon="-120.937333"><ele>1416.0</ele><time>2023-10-07T23:33:01Z</time></trkpt><trkpt lat="47.441935" lon="-120.937447"><ele>1416.0</ele><time>2023-10-07T23:33:08Z</time></trkpt><trkpt lat="47.441988" lon="-120.937477"><ele>1414.0</ele><time>2023-10-07T23:33:12Z</time></trkpt><trkpt lat="47.442288" lon="-120.937791"><ele>1413.0</ele><time>2023-10-07T23:33:43Z</time></trkpt><trkpt lat="47.442337" lon="-120.937898"><ele>1409.0</ele><time>2023-10-07T23:33:52Z</time></trkpt><trkpt lat="47.442378" lon="-120.93793"><ele>1407.0</ele><time>2023-10-07T23:33:57Z</time></trkpt><trkpt lat="47.442398" lon="-120.937982"><ele>1408.0</ele><time>2023-10-07T23:34:02Z</time></trkpt><trkpt lat="47.442391" lon="-120.938053"><ele>1407.0</ele><time>2023-10-07T23:34:07Z</time></trkpt><trkpt lat="47.442408" lon="-120.938128"><ele>1406.0</ele><time>2023-10-07T23:34:12Z</time></trkpt><trkpt lat="47.442382" lon="-120.938198"><ele>1404.0</ele><time>2023-10-07T23:34:16Z</time></trkpt><trkpt lat="47.442369" lon="-120.938289"><ele>1404.0</ele><time>2023-10-07T23:34:22Z</time></trkpt><trkpt lat="47.442316" lon="-120.938396"><ele>1400.0</ele><time>2023-10-07T23:34:31Z</time></trkpt><trkpt lat="47.442252" lon="-120.938356"><ele>1400.0</ele><time>2023-10-07T23:34:37Z</time></trkpt><trkpt lat="47.44223" lon="-120.93832"><ele>1400.0</ele><time>2023-10-07T23:34:39Z</time></trkpt><trkpt lat="47.442138" lon="-120.93825"><ele>1400.0</ele><time>2023-10-07T23:34:48Z</time></trkpt><trkpt lat="47.442112" lon="-120.938189"><ele>1398.0</ele><time>2023-10-07T23:34:53Z</time></trkpt><trkpt lat="47.442081" lon="-120.938149"><ele>1399.1</ele><time>2023-10-07T23:34:57Z</time></trkpt><trkpt lat="47.442049" lon="-120.938146"><ele>1398.0</ele><time>2023-10-07T23:35:00Z</time></trkpt><trkpt lat="47.441985" lon="-120.938103"><ele>1396.0</ele><time>2023-10-07T23:35:05Z</time></trkpt><trkpt lat="47.441939" lon="-120.938056"><ele>1395.0</ele><time>2023-10-07T23:35:11Z</time></trkpt><trkpt lat="47.441831" lon="-120.938067"><ele>1392.0</ele><time>2023-10-07T23:35:20Z</time></trkpt><trkpt lat="47.441811" lon="-120.938093"><ele>1394.0</ele><time>2023-10-07T23:35:23Z</time></trkpt><trkpt lat="47.441777" lon="-120.93811"><ele>1392.0</ele><time>2023-10-07T23:35:25Z</time></trkpt><trkpt lat="47.441741" lon="-120.938103"><ele>1392.0</ele><time>2023-10-07T23:35:27Z</time></trkpt><trkpt lat="47.441635" lon="-120.938047"><ele>1389.0</ele><time>2023-10-07T23:35:34Z</time></trkpt><trkpt lat="47.441561" lon="-120.938039"><ele>1389.0</ele><time>2023-10-07T23:35:40Z</time></trkpt><trkpt lat="47.441539" lon="-120.938002"><ele>1390.0</ele><time>2023-10-07T23:35:42Z</time></trkpt><trkpt lat="47.441508" lon="-120.937988"><ele>1390.0</ele><time>2023-10-07T23:35:45Z</time></trkpt><trkpt lat="47.441423" lon="-120.937976"><ele>1392.0</ele><time>2023-10-07T23:35:52Z</time></trkpt><trkpt lat="47.44139" lon="-120.937983"><ele>1392.0</ele><time>2023-10-07T23:35:55Z</time></trkpt><trkpt lat="47.441276" lon="-120.938107"><ele>1386.0</ele><time>2023-10-07T23:36:12Z</time></trkpt><trkpt lat="47.441248" lon="-120.938123"><ele>1384.0</ele><time>2023-10-07T23:36:15Z</time></trkpt><trkpt lat="47.441212" lon="-120.938183"><ele>1383.0</ele><time>2023-10-07T23:36:21Z</time></trkpt><trkpt lat="47.441173" lon="-120.938186"><ele>1380.0</ele><time>2023-10-07T23:36:25Z</time></trkpt><trkpt lat="47.441134" lon="-120.938174"><ele>1380.0</ele><time>2023-10-07T23:36:29Z</time></trkpt><trkpt lat="47.441033" lon="-120.938223"><ele>1378.0</ele><time>2023-10-07T23:36:36Z</time></trkpt><trkpt lat="47.440939" lon="-120.938111"><ele>1378.0</ele><time>2023-10-07T23:36:44Z</time></trkpt><trkpt lat="47.440906" lon="-120.938095"><ele>1377.0</ele><time>2023-10-07T23:36:47Z</time></trkpt><trkpt lat="47.440868" lon="-120.938083"><ele>1377.0</ele><time>2023-10-07T23:36:50Z</time></trkpt><trkpt lat="47.440831" lon="-120.938092"><ele>1377.0</ele><time>2023-10-07T23:36:53Z</time></trkpt><trkpt lat="47.440739" lon="-120.938056"><ele>1380.0</ele><time>2023-10-07T23:37:01Z</time></trkpt><trkpt lat="47.440713" lon="-120.938077"><ele>1380.0</ele><time>2023-10-07T23:37:05Z</time></trkpt><trkpt lat="47.440679" lon="-120.938066"><ele>1376.0</ele><time>2023-10-07T23:37:08Z</time></trkpt><trkpt lat="47.440595" lon="-120.938118"><ele>1375.6</ele><time>2023-10-07T23:37:22Z</time></trkpt><trkpt lat="47.440576" lon="-120.938108"><ele>1372.0</ele><time>2023-10-07T23:37:24Z</time></trkpt><trkpt lat="47.440559" lon="-120.938138"><ele>1374.0</ele><time>2023-10-07T23:37:29Z</time></trkpt><trkpt lat="47.440558" lon="-120.938189"><ele>1374.0</ele><time>2023-10-07T23:37:31Z</time></trkpt><trkpt lat="47.44057" lon="-120.938222"><ele>1374.0</ele><time>2023-10-07T23:37:33Z</time></trkpt><trkpt lat="47.44056" lon="-120.938258"><ele>1374.0</ele><time>2023-10-07T23:37:35Z</time></trkpt><trkpt lat="47.440552" lon="-120.938386"><ele>1372.0</ele><time>2023-10-07T23:37:42Z</time></trkpt><trkpt lat="47.440536" lon="-120.938419"><ele>1372.0</ele><time>2023-10-07T23:37:46Z</time></trkpt><trkpt lat="47.440507" lon="-120.938441"><ele>1372.0</ele><time>2023-10-07T23:37:49Z</time></trkpt><trkpt lat="47.440404" lon="-120.938414"><ele>1368.0</ele><time>2023-10-07T23:37:58Z</time></trkpt><trkpt lat="47.440303" lon="-120.938413"><ele>1371.0</ele><time>2023-10-07T23:38:07Z</time></trkpt><trkpt lat="47.440226" lon="-120.938445"><ele>1370.0</ele><time>2023-10-07T23:38:12Z</time></trkpt><trkpt lat="47.440183" lon="-120.938494"><ele>1369.0</ele><time>2023-10-07T23:38:17Z</time></trkpt><trkpt lat="47.440116" lon="-120.938535"><ele>1368.0</ele><time>2023-10-07T23:38:22Z</time></trkpt><trkpt lat="47.439962" lon="-120.938563"><ele>1365.0</ele><time>2023-10-07T23:38:35Z</time></trkpt><trkpt lat="47.439921" lon="-120.938547"><ele>1366.0</ele><time>2023-10-07T23:38:38Z</time></trkpt><trkpt lat="47.439904" lon="-120.938512"><ele>1368.8</ele><time>2023-10-07T23:38:40Z</time></trkpt><trkpt lat="47.4399" lon="-120.938478"><ele>1368.0</ele><time>2023-10-07T23:38:41Z</time></trkpt><trkpt lat="47.439867" lon="-120.938453"><ele>1366.0</ele><time>2023-10-07T23:38:44Z</time></trkpt><trkpt lat="47.439842" lon="-120.938414"><ele>1366.0</ele><time>2023-10-07T23:38:46Z</time></trkpt><trkpt lat="47.439761" lon="-120.938351"><ele>1364.0</ele><time>2023-10-07T23:38:53Z</time></trkpt><trkpt lat="47.43974" lon="-120.938321"><ele>1362.0</ele><time>2023-10-07T23:38:56Z</time></trkpt><trkpt lat="47.439739" lon="-120.938259"><ele>1360.0</ele><time>2023-10-07T23:39:01Z</time></trkpt><trkpt lat="47.439705" lon="-120.938241"><ele>1362.0</ele><time>2023-10-07T23:39:03Z</time></trkpt><trkpt lat="47.439644" lon="-120.938237"><ele>1360.0</ele><time>2023-10-07T23:39:11Z</time></trkpt><trkpt lat="47.439645" lon="-120.938303"><ele>1330.0</ele><time>2023-10-07T23:39:31Z</time></trkpt><trkpt lat="47.439589" lon="-120.938262"><ele>1356.0</ele><time>2023-10-07T23:39:54Z</time></trkpt><trkpt lat="47.439543" lon="-120.938281"><ele>1354.0</ele><time>2023-10-07T23:39:59Z</time></trkpt><trkpt lat="47.439462" lon="-120.938267"><ele>1353.0</ele><time>2023-10-07T23:40:07Z</time></trkpt><trkpt lat="47.439396" lon="-120.938275"><ele>1352.0</ele><time>2023-10-07T23:40:14Z</time></trkpt><trkpt lat="47.439335" lon="-120.938256"><ele>1352.0</ele><time>2023-10-07T23:40:20Z</time></trkpt><trkpt lat="47.439268" lon="-120.938264"><ele>1349.0</ele><time>2023-10-07T23:40:27Z</time></trkpt><trkpt lat="47.439197" lon="-120.938236"><ele>1348.0</ele><time>2023-10-07T23:40:33Z</time></trkpt><trkpt lat="47.439103" lon="-120.938263"><ele>1347.0</ele><time>2023-10-07T23:40:43Z</time></trkpt><trkpt lat="47.439043" lon="-120.938239"><ele>1347.6</ele><time>2023-10-07T23:40:48Z</time></trkpt><trkpt lat="47.438993" lon="-120.938204"><ele>1344.0</ele><time>2023-10-07T23:40:53Z</time></trkpt><trkpt lat="47.438928" lon="-120.938109"><ele>1341.0</ele><time>2023-10-07T23:41:06Z</time></trkpt><trkpt lat="47.438899" lon="-120.938081"><ele>1341.0</ele><time>2023-10-07T23:41:09Z</time></trkpt><trkpt lat="47.438869" lon="-120.938069"><ele>1340.0</ele><time>2023-10-07T23:41:12Z</time></trkpt><trkpt lat="47.438833" lon="-120.938029"><ele>1337.0</ele><time>2023-10-07T23:41:18Z</time></trkpt><trkpt lat="47.438791" lon="-120.938053"><ele>1338.0</ele><time>2023-10-07T23:41:23Z</time></trkpt><trkpt lat="47.43876" lon="-120.9381"><ele>1340.0</ele><time>2023-10-07T23:41:43Z</time></trkpt><trkpt lat="47.43879" lon="-120.938046"><ele>1325.0</ele><time>2023-10-07T23:42:12Z</time></trkpt><trkpt lat="47.438817" lon="-120.938085"><ele>1345.0</ele><time>2023-10-07T23:42:31Z</time></trkpt><trkpt lat="47.438778" lon="-120.937921"><ele>1341.0</ele><time>2023-10-07T23:42:48Z</time></trkpt><trkpt lat="47.438721" lon="-120.937812"><ele>1338.0</ele><time>2023-10-07T23:42:57Z</time></trkpt><trkpt lat="47.438697" lon="-120.93774"><ele>1338.0</ele><time>2023-10-07T23:43:02Z</time></trkpt><trkpt lat="47.438622" lon="-120.937671"><ele>1335.0</ele><time>2023-10-07T23:43:11Z</time></trkpt><trkpt lat="47.438604" lon="-120.937635"><ele>1334.0</ele><time>2023-10-07T23:43:14Z</time></trkpt><trkpt lat="47.438502" lon="-120.937582"><ele>1332.0</ele><time>2023-10-07T23:43:25Z</time></trkpt><trkpt lat="47.438336" lon="-120.937446"><ele>1330.0</ele><time>2023-10-07T23:43:41Z</time></trkpt><trkpt lat="47.438302" lon="-120.937456"><ele>1329.0</ele><time>2023-10-07T23:43:44Z</time></trkpt><trkpt lat="47.438111" lon="-120.937357"><ele>1325.0</ele><time>2023-10-07T23:44:04Z</time></trkpt><trkpt lat="47.437999" lon="-120.937374"><ele>1322.0</ele><time>2023-10-07T23:44:17Z</time></trkpt><trkpt lat="47.437924" lon="-120.937334"><ele>1320.6</ele><time>2023-10-07T23:44:28Z</time></trkpt><trkpt lat="47.43789" lon="-120.937351"><ele>1320.0</ele><time>2023-10-07T23:44:31Z</time></trkpt><trkpt lat="47.437817" lon="-120.937352"><ele>1316.0</ele><time>2023-10-07T23:44:38Z</time></trkpt><trkpt lat="47.437678" lon="-120.937335"><ele>1310.0</ele><time>2023-10-07T23:44:54Z</time></trkpt><trkpt lat="47.437639" lon="-120.937322"><ele>1311.0</ele><time>2023-10-07T23:44:58Z</time></trkpt><trkpt lat="47.437612" lon="-120.937296"><ele>1312.0</ele><time>2023-10-07T23:45:02Z</time></trkpt><trkpt lat="47.437581" lon="-120.937289"><ele>1311.0</ele><time>2023-10-07T23:45:05Z</time></trkpt><trkpt lat="47.437518" lon="-120.937244"><ele>1312.0</ele><time>2023-10-07T23:45:12Z</time></trkpt><trkpt lat="47.437486" lon="-120.937243"><ele>1312.0</ele><time>2023-10-07T23:45:15Z</time></trkpt><trkpt lat="47.437435" lon="-120.93719"><ele>1311.0</ele><time>2023-10-07T23:45:21Z</time></trkpt><trkpt lat="47.437379" lon="-120.937156"><ele>1310.0</ele><time>2023-10-07T23:45:28Z</time></trkpt><trkpt lat="47.437311" lon="-120.937073"><ele>1309.0</ele><time>2023-10-07T23:45:37Z</time></trkpt><trkpt lat="47.437212" lon="-120.937038"><ele>1308.0</ele><time>2023-10-07T23:45:49Z</time></trkpt><trkpt lat="47.437178" lon="-120.937009"><ele>1308.0</ele><time>2023-10-07T23:45:52Z</time></trkpt><trkpt lat="47.437162" lon="-120.936964"><ele>1307.0</ele><time>2023-10-07T23:45:55Z</time></trkpt><trkpt lat="47.437085" lon="-120.936926"><ele>1306.0</ele><time>2023-10-07T23:46:03Z</time></trkpt><trkpt lat="47.436938" lon="-120.936876"><ele>1305.0</ele><time>2023-10-07T23:46:20Z</time></trkpt><trkpt lat="47.436869" lon="-120.93682"><ele>1304.0</ele><time>2023-10-07T23:46:28Z</time></trkpt><trkpt lat="47.436839" lon="-120.936811"><ele>1304.0</ele><time>2023-10-07T23:46:32Z</time></trkpt><trkpt lat="47.436807" lon="-120.936832"><ele>1303.0</ele><time>2023-10-07T23:46:36Z</time></trkpt><trkpt lat="47.436791" lon="-120.936874"><ele>1303.0</ele><time>2023-10-07T23:46:38Z</time></trkpt><trkpt lat="47.436789" lon="-120.936913"><ele>1302.0</ele><time>2023-10-07T23:46:41Z</time></trkpt><trkpt lat="47.436748" lon="-120.936978"><ele>1302.0</ele><time>2023-10-07T23:46:49Z</time></trkpt><trkpt lat="47.436793" lon="-120.937046"><ele>1303.0</ele><time>2023-10-07T23:46:51Z</time></trkpt><trkpt lat="47.436829" lon="-120.937269"><ele>1290.0</ele><time>2023-10-07T23:47:09Z</time></trkpt><trkpt lat="47.436818" lon="-120.937269"><ele>1297.0</ele><time>2023-10-07T23:50:45Z</time></trkpt><trkpt lat="47.436788" lon="-120.937298"><ele>1298.0</ele><time>2023-10-07T23:51:53Z</time></trkpt><trkpt lat="47.436785" lon="-120.937344"><ele>1298.0</ele><time>2023-10-07T23:52:03Z</time></trkpt><trkpt lat="47.436908" lon="-120.937445"><ele>1301.0</ele><time>2023-10-07T23:52:22Z</time></trkpt><trkpt lat="47.436928" lon="-120.937482"><ele>1301.0</ele><time>2023-10-07T23:52:25Z</time></trkpt><trkpt lat="47.436986" lon="-120.937525"><ele>1300.0</ele><time>2023-10-07T23:52:32Z</time></trkpt><trkpt lat="47.437067" lon="-120.937554"><ele>1302.0</ele><time>2023-10-07T23:52:43Z</time></trkpt><trkpt lat="47.437151" lon="-120.937481"><ele>1302.0</ele><time>2023-10-07T23:52:55Z</time></trkpt><trkpt lat="47.437196" lon="-120.937472"><ele>1301.0</ele><time>2023-10-07T23:53:07Z</time></trkpt><trkpt lat="47.437202" lon="-120.937553"><ele>1302.0</ele><time>2023-10-07T23:53:22Z</time></trkpt><trkpt lat="47.437221" lon="-120.937581"><ele>1300.0</ele><time>2023-10-07T23:53:26Z</time></trkpt><trkpt lat="47.437226" lon="-120.937618"><ele>1302.0</ele><time>2023-10-07T23:53:33Z</time></trkpt><trkpt lat="47.437258" lon="-120.937607"><ele>1302.0</ele><time>2023-10-07T23:53:38Z</time></trkpt><trkpt lat="47.437274" lon="-120.937659"><ele>1300.0</ele><time>2023-10-07T23:53:46Z</time></trkpt><trkpt lat="47.43731" lon="-120.937673"><ele>1303.0</ele><time>2023-10-07T23:55:49Z</time></trkpt><trkpt lat="47.437288" lon="-120.937574"><ele>1302.0</ele><time>2023-10-07T23:56:00Z</time></trkpt><trkpt lat="47.437256" lon="-120.937562"><ele>1304.0</ele><time>2023-10-07T23:56:05Z</time></trkpt><trkpt lat="47.437199" lon="-120.937509"><ele>1304.0</ele><time>2023-10-07T23:56:16Z</time></trkpt><trkpt lat="47.437203" lon="-120.937451"><ele>1305.0</ele><time>2023-10-07T23:56:23Z</time></trkpt><trkpt lat="47.437132" lon="-120.93738"><ele>1302.0</ele><time>2023-10-07T23:56:36Z</time></trkpt><trkpt lat="47.437068" lon="-120.937341"><ele>1300.0</ele><time>2023-10-07T23:56:48Z</time></trkpt><trkpt lat="47.436868" lon="-120.937177"><ele>1302.0</ele><time>2023-10-07T23:57:09Z</time></trkpt><trkpt lat="47.436805" lon="-120.937142"><ele>1302.0</ele><time>2023-10-07T23:57:15Z</time></trkpt><trkpt lat="47.436737" lon="-120.937061"><ele>1300.0</ele><time>2023-10-07T23:57:26Z</time></trkpt><trkpt lat="47.436654" lon="-120.936997"><ele>1302.0</ele><time>2023-10-07T23:57:38Z</time></trkpt><trkpt lat="47.436611" lon="-120.936993"><ele>1302.0</ele><time>2023-10-07T23:57:42Z</time></trkpt><trkpt lat="47.436317" lon="-120.937089"><ele>1300.0</ele><time>2023-10-07T23:58:12Z</time></trkpt><trkpt lat="47.436251" lon="-120.937121"><ele>1299.0</ele><time>2023-10-07T23:58:18Z</time></trkpt><trkpt lat="47.436168" lon="-120.937138"><ele>1299.0</ele><time>2023-10-07T23:58:24Z</time></trkpt><trkpt lat="47.43606" lon="-120.937192"><ele>1296.0</ele><time>2023-10-07T23:58:33Z</time></trkpt><trkpt lat="47.43597" lon="-120.937211"><ele>1296.0</ele><time>2023-10-07T23:58:42Z</time></trkpt><trkpt lat="47.4359" lon="-120.937207"><ele>1296.0</ele><time>2023-10-07T23:58:49Z</time></trkpt><trkpt lat="47.435798" lon="-120.937226"><ele>1292.0</ele><time>2023-10-07T23:58:59Z</time></trkpt><trkpt lat="47.435758" lon="-120.937217"><ele>1293.0</ele><time>2023-10-07T23:59:03Z</time></trkpt><trkpt lat="47.435723" lon="-120.937222"><ele>1293.0</ele><time>2023-10-07T23:59:06Z</time></trkpt><trkpt lat="47.435612" lon="-120.937182"><ele>1293.0</ele><time>2023-10-07T23:59:16Z</time></trkpt><trkpt lat="47.435551" lon="-120.937138"><ele>1293.0</ele><time>2023-10-07T23:59:22Z</time></trkpt><trkpt lat="47.435487" lon="-120.937119"><ele>1294.0</ele><time>2023-10-07T23:59:27Z</time></trkpt><trkpt lat="47.435381" lon="-120.937035"><ele>1292.0</ele><time>2023-10-07T23:59:38Z</time></trkpt><trkpt lat="47.435317" lon="-120.936998"><ele>1290.0</ele><time>2023-10-07T23:59:44Z</time></trkpt><trkpt lat="47.435095" lon="-120.93697"><ele>1290.0</ele><time>2023-10-08T00:00:03Z</time></trkpt><trkpt lat="47.435025" lon="-120.936946"><ele>1292.0</ele><time>2023-10-08T00:00:09Z</time></trkpt><trkpt lat="47.434829" lon="-120.936946"><ele>1288.0</ele><time>2023-10-08T00:00:28Z</time></trkpt><trkpt lat="47.434691" lon="-120.936914"><ele>1285.0</ele><time>2023-10-08T00:00:40Z</time></trkpt><trkpt lat="47.434482" lon="-120.936945"><ele>1281.0</ele><time>2023-10-08T00:01:00Z</time></trkpt><trkpt lat="47.434247" lon="-120.936838"><ele>1281.0</ele><time>2023-10-08T00:01:23Z</time></trkpt><trkpt lat="47.434166" lon="-120.936772"><ele>1281.0</ele><time>2023-10-08T00:01:31Z</time></trkpt><trkpt lat="47.434092" lon="-120.936758"><ele>1281.0</ele><time>2023-10-08T00:01:38Z</time></trkpt><trkpt lat="47.433908" lon="-120.936597"><ele>1281.2</ele><time>2023-10-08T00:01:58Z</time></trkpt><trkpt lat="47.433826" lon="-120.936551"><ele>1281.0</ele><time>2023-10-08T00:02:06Z</time></trkpt><trkpt lat="47.433566" lon="-120.936235"><ele>1278.0</ele><time>2023-10-08T00:02:36Z</time></trkpt><trkpt lat="47.433484" lon="-120.936161"><ele>1279.8</ele><time>2023-10-08T00:02:44Z</time></trkpt><trkpt lat="47.433311" lon="-120.93612"><ele>1275.0</ele><time>2023-10-08T00:03:00Z</time></trkpt><trkpt lat="47.433179" lon="-120.936068"><ele>1275.0</ele><time>2023-10-08T00:03:12Z</time></trkpt><trkpt lat="47.433078" lon="-120.936042"><ele>1272.0</ele><time>2023-10-08T00:03:21Z</time></trkpt><trkpt lat="47.43291" lon="-120.936035"><ele>1270.0</ele><time>2023-10-08T00:03:35Z</time></trkpt><trkpt lat="47.432846" lon="-120.936038"><ele>1269.0</ele><time>2023-10-08T00:03:41Z</time></trkpt><trkpt lat="47.432729" lon="-120.936117"><ele>1269.0</ele><time>2023-10-08T00:03:51Z</time></trkpt><trkpt lat="47.432697" lon="-120.936126"><ele>1269.0</ele><time>2023-10-08T00:03:54Z</time></trkpt><trkpt lat="47.432437" lon="-120.936339"><ele>1266.0</ele><time>2023-10-08T00:04:19Z</time></trkpt><trkpt lat="47.432336" lon="-120.936376"><ele>1266.8</ele><time>2023-10-08T00:04:28Z</time></trkpt><trkpt lat="47.432282" lon="-120.93638"><ele>1266.0</ele><time>2023-10-08T00:04:33Z</time></trkpt><trkpt lat="47.432133" lon="-120.936349"><ele>1266.0</ele><time>2023-10-08T00:04:46Z</time></trkpt><trkpt lat="47.431978" lon="-120.936277"><ele>1264.0</ele><time>2023-10-08T00:05:02Z</time></trkpt><trkpt lat="47.431816" lon="-120.936161"><ele>1264.0</ele><time>2023-10-08T00:05:20Z</time></trkpt><trkpt lat="47.431804" lon="-120.9362"><ele>1260.0</ele><time>2023-10-08T00:05:24Z</time></trkpt><trkpt lat="47.431779" lon="-120.93616"><ele>1263.0</ele><time>2023-10-08T00:05:34Z</time></trkpt><trkpt lat="47.431711" lon="-120.936123"><ele>1262.0</ele><time>2023-10-08T00:05:40Z</time></trkpt><trkpt lat="47.431675" lon="-120.936129"><ele>1263.0</ele><time>2023-10-08T00:05:43Z</time></trkpt><trkpt lat="47.431644" lon="-120.936151"><ele>1263.0</ele><time>2023-10-08T00:05:46Z</time></trkpt><trkpt lat="47.431577" lon="-120.936166"><ele>1263.0</ele><time>2023-10-08T00:05:52Z</time></trkpt><trkpt lat="47.431495" lon="-120.936223"><ele>1264.0</ele><time>2023-10-08T00:05:59Z</time></trkpt><trkpt lat="47.431413" lon="-120.93626"><ele>1263.0</ele><time>2023-10-08T00:06:07Z</time></trkpt><trkpt lat="47.431356" lon="-120.936309"><ele>1261.0</ele><time>2023-10-08T00:06:13Z</time></trkpt><trkpt lat="47.431325" lon="-120.936324"><ele>1260.0</ele><time>2023-10-08T00:06:16Z</time></trkpt><trkpt lat="47.43131" lon="-120.936357"><ele>1260.0</ele><time>2023-10-08T00:06:20Z</time></trkpt><trkpt lat="47.431268" lon="-120.936364"><ele>1260.0</ele><time>2023-10-08T00:06:26Z</time></trkpt><trkpt lat="47.431241" lon="-120.936348"><ele>1260.0</ele><time>2023-10-08T00:06:31Z</time></trkpt><trkpt lat="47.431177" lon="-120.936339"><ele>1260.0</ele><time>2023-10-08T00:06:37Z</time></trkpt><trkpt lat="47.431039" lon="-120.936367"><ele>1258.0</ele><time>2023-10-08T00:06:49Z</time></trkpt><trkpt lat="47.430992" lon="-120.936389"><ele>1257.0</ele><time>2023-10-08T00:06:54Z</time></trkpt><trkpt lat="47.430822" lon="-120.936424"><ele>1254.0</ele><time>2023-10-08T00:07:09Z</time></trkpt><trkpt lat="47.430721" lon="-120.936456"><ele>1254.0</ele><time>2023-10-08T00:07:19Z</time></trkpt><trkpt lat="47.430686" lon="-120.936454"><ele>1254.0</ele><time>2023-10-08T00:07:22Z</time></trkpt><trkpt lat="47.430541" lon="-120.936495"><ele>1252.0</ele><time>2023-10-08T00:07:34Z</time></trkpt><trkpt lat="47.43043" lon="-120.936513"><ele>1251.0</ele><time>2023-10-08T00:07:44Z</time></trkpt><trkpt lat="47.430358" lon="-120.936514"><ele>1249.0</ele><time>2023-10-08T00:07:50Z</time></trkpt><trkpt lat="47.430256" lon="-120.936535"><ele>1248.0</ele><time>2023-10-08T00:07:59Z</time></trkpt><trkpt lat="47.430217" lon="-120.936532"><ele>1248.0</ele><time>2023-10-08T00:08:01Z</time></trkpt><trkpt lat="47.429975" lon="-120.936601"><ele>1247.0</ele><time>2023-10-08T00:08:22Z</time></trkpt><trkpt lat="47.429907" lon="-120.936677"><ele>1247.6</ele><time>2023-10-08T00:08:29Z</time></trkpt><trkpt lat="47.429879" lon="-120.936687"><ele>1246.0</ele><time>2023-10-08T00:08:31Z</time></trkpt><trkpt lat="47.42982" lon="-120.936765"><ele>1246.0</ele><time>2023-10-08T00:08:37Z</time></trkpt><trkpt lat="47.429768" lon="-120.93681"><ele>1246.0</ele><time>2023-10-08T00:08:41Z</time></trkpt><trkpt lat="47.429679" lon="-120.936926"><ele>1248.0</ele><time>2023-10-08T00:08:50Z</time></trkpt><trkpt lat="47.429606" lon="-120.937"><ele>1248.0</ele><time>2023-10-08T00:08:57Z</time></trkpt><trkpt lat="47.429547" lon="-120.937034"><ele>1246.0</ele><time>2023-10-08T00:09:02Z</time></trkpt><trkpt lat="47.429461" lon="-120.937156"><ele>1245.0</ele><time>2023-10-08T00:09:13Z</time></trkpt><trkpt lat="47.429401" lon="-120.937208"><ele>1244.0</ele><time>2023-10-08T00:09:20Z</time></trkpt><trkpt lat="47.429198" lon="-120.937354"><ele>1242.0</ele><time>2023-10-08T00:09:39Z</time></trkpt><trkpt lat="47.429104" lon="-120.93746"><ele>1241.0</ele><time>2023-10-08T00:09:51Z</time></trkpt><trkpt lat="47.428956" lon="-120.937553"><ele>1239.0</ele><time>2023-10-08T00:10:05Z</time></trkpt><trkpt lat="47.428918" lon="-120.93757"><ele>1239.0</ele><time>2023-10-08T00:10:08Z</time></trkpt><trkpt lat="47.428889" lon="-120.937569"><ele>1239.0</ele><time>2023-10-08T00:10:09Z</time></trkpt><trkpt lat="47.428816" lon="-120.937602"><ele>1236.0</ele><time>2023-10-08T00:10:16Z</time></trkpt><trkpt lat="47.428649" lon="-120.937645"><ele>1237.0</ele><time>2023-10-08T00:10:31Z</time></trkpt><trkpt lat="47.428543" lon="-120.937693"><ele>1236.0</ele><time>2023-10-08T00:10:40Z</time></trkpt><trkpt lat="47.428483" lon="-120.93768"><ele>1236.0</ele><time>2023-10-08T00:10:48Z</time></trkpt><trkpt lat="47.428278" lon="-120.937758"><ele>1236.0</ele><time>2023-10-08T00:11:06Z</time></trkpt><trkpt lat="47.428183" lon="-120.937781"><ele>1233.0</ele><time>2023-10-08T00:11:15Z</time></trkpt><trkpt lat="47.42807" lon="-120.937786"><ele>1233.0</ele><time>2023-10-08T00:11:26Z</time></trkpt><trkpt lat="47.428009" lon="-120.937826"><ele>1233.0</ele><time>2023-10-08T00:11:32Z</time></trkpt><trkpt lat="47.427893" lon="-120.937837"><ele>1230.0</ele><time>2023-10-08T00:11:42Z</time></trkpt><trkpt lat="47.427722" lon="-120.937824"><ele>1231.0</ele><time>2023-10-08T00:11:56Z</time></trkpt><trkpt lat="47.427639" lon="-120.937839"><ele>1230.0</ele><time>2023-10-08T00:12:03Z</time></trkpt><trkpt lat="47.427529" lon="-120.937829"><ele>1230.0</ele><time>2023-10-08T00:12:12Z</time></trkpt><trkpt lat="47.427462" lon="-120.937847"><ele>1228.0</ele><time>2023-10-08T00:12:19Z</time></trkpt><trkpt lat="47.42739" lon="-120.937829"><ele>1229.0</ele><time>2023-10-08T00:12:25Z</time></trkpt><trkpt lat="47.427321" lon="-120.937786"><ele>1230.0</ele><time>2023-10-08T00:12:31Z</time></trkpt><trkpt lat="47.427227" lon="-120.937753"><ele>1230.0</ele><time>2023-10-08T00:12:39Z</time></trkpt><trkpt lat="47.42716" lon="-120.93775"><ele>1230.0</ele><time>2023-10-08T00:12:45Z</time></trkpt><trkpt lat="47.427019" lon="-120.937713"><ele>1228.0</ele><time>2023-10-08T00:12:57Z</time></trkpt><trkpt lat="47.426878" lon="-120.937694"><ele>1230.0</ele><time>2023-10-08T00:13:09Z</time></trkpt><trkpt lat="47.42677" lon="-120.937651"><ele>1230.0</ele><time>2023-10-08T00:13:18Z</time></trkpt><trkpt lat="47.426643" lon="-120.937583"><ele>1230.0</ele><time>2023-10-08T00:13:30Z</time></trkpt><trkpt lat="47.42632" lon="-120.937375"><ele>1230.0</ele><time>2023-10-08T00:14:00Z</time></trkpt><trkpt lat="47.426285" lon="-120.937366"><ele>1229.0</ele><time>2023-10-08T00:14:03Z</time></trkpt><trkpt lat="47.426226" lon="-120.937328"><ele>1228.0</ele><time>2023-10-08T00:14:09Z</time></trkpt><trkpt lat="47.426122" lon="-120.937304"><ele>1229.0</ele><time>2023-10-08T00:14:17Z</time></trkpt><trkpt lat="47.425921" lon="-120.937317"><ele>1227.0</ele><time>2023-10-08T00:14:34Z</time></trkpt><trkpt lat="47.425778" lon="-120.937302"><ele>1227.0</ele><time>2023-10-08T00:14:46Z</time></trkpt><trkpt lat="47.42571" lon="-120.937326"><ele>1227.0</ele><time>2023-10-08T00:14:52Z</time></trkpt><trkpt lat="47.4256" lon="-120.937343"><ele>1227.0</ele><time>2023-10-08T00:15:01Z</time></trkpt><trkpt lat="47.425358" lon="-120.937405"><ele>1224.0</ele><time>2023-10-08T00:15:23Z</time></trkpt><trkpt lat="47.425193" lon="-120.937465"><ele>1224.0</ele><time>2023-10-08T00:15:39Z</time></trkpt><trkpt lat="47.424952" lon="-120.937487"><ele>1226.0</ele><time>2023-10-08T00:16:00Z</time></trkpt><trkpt lat="47.424906" lon="-120.937503"><ele>1224.0</ele><time>2023-10-08T00:16:05Z</time></trkpt><trkpt lat="47.424836" lon="-120.937506"><ele>1224.0</ele><time>2023-10-08T00:16:11Z</time></trkpt><trkpt lat="47.424804" lon="-120.937525"><ele>1224.0</ele><time>2023-10-08T00:16:14Z</time></trkpt><trkpt lat="47.424656" lon="-120.937579"><ele>1221.0</ele><time>2023-10-08T00:16:26Z</time></trkpt><trkpt lat="47.424622" lon="-120.937582"><ele>1221.0</ele><time>2023-10-08T00:16:29Z</time></trkpt><trkpt lat="47.424525" lon="-120.937624"><ele>1222.0</ele><time>2023-10-08T00:16:39Z</time></trkpt><trkpt lat="47.423962" lon="-120.937724"><ele>1221.0</ele><time>2023-10-08T00:17:27Z</time></trkpt><trkpt lat="47.423817" lon="-120.937728"><ele>1220.0</ele><time>2023-10-08T00:17:40Z</time></trkpt><trkpt lat="47.423774" lon="-120.93772"><ele>1220.8</ele><time>2023-10-08T00:17:44Z</time></trkpt><trkpt lat="47.423643" lon="-120.937739"><ele>1218.0</ele><time>2023-10-08T00:17:55Z</time></trkpt><trkpt lat="47.4235" lon="-120.937722"><ele>1218.0</ele><time>2023-10-08T00:18:07Z</time></trkpt><trkpt lat="47.423424" lon="-120.937729"><ele>1218.0</ele><time>2023-10-08T00:18:13Z</time></trkpt><trkpt lat="47.423124" lon="-120.937661"><ele>1218.0</ele><time>2023-10-08T00:18:37Z</time></trkpt><trkpt lat="47.423021" lon="-120.937651"><ele>1218.0</ele><time>2023-10-08T00:18:46Z</time></trkpt><trkpt lat="47.422875" lon="-120.937608"><ele>1218.0</ele><time>2023-10-08T00:18:57Z</time></trkpt><trkpt lat="47.422744" lon="-120.937594"><ele>1217.0</ele><time>2023-10-08T00:19:08Z</time></trkpt><trkpt lat="47.422706" lon="-120.937598"><ele>1215.0</ele><time>2023-10-08T00:19:11Z</time></trkpt><trkpt lat="47.422611" lon="-120.937573"><ele>1216.0</ele><time>2023-10-08T00:19:19Z</time></trkpt><trkpt lat="47.422311" lon="-120.93753"><ele>1212.0</ele><time>2023-10-08T00:19:44Z</time></trkpt><trkpt lat="47.422241" lon="-120.937527"><ele>1212.0</ele><time>2023-10-08T00:19:50Z</time></trkpt><trkpt lat="47.422176" lon="-120.937538"><ele>1209.0</ele><time>2023-10-08T00:19:56Z</time></trkpt><trkpt lat="47.422089" lon="-120.937533"><ele>1208.3</ele><time>2023-10-08T00:20:04Z</time></trkpt></trkseg></trk></gpx>