<?xml version="1.0" ?><gpx xmlns="http://www.topografix.com/GPX/1/1" creator="GaiaGPS" version="1.1" xmlns:xsi="http://www.w3.org/2001/XMLSchema-instance" xsi:schemaLocation="http://www.topografix.com/GPX/1/1 http://www.topografix.com/GPX/1/1/gpx.xsd"><trk><name>Track (5/13/23, 12:01:01PM)</name><desc></desc><extensions><line xmlns="http://www.topografix.com/GPX/gpx_style/0/2"><color>0479FF</color></line></extensions><trkseg><trkpt lat="47.487525" lon="-121.755731"><ele>153.4</ele><time>2023-05-13T19:01:02Z</time></trkpt><trkpt lat="47.487501" lon="-121.755626"><ele>147.0</ele><time>2023-05-13T19:01:10Z</time></trkpt><trkpt lat="47.487403" lon="-121.755456"><ele>150.0</ele><time>2023-05-13T19:01:23Z</time></trkpt><trkpt lat="47.487365" lon="-121.755349"><ele>154.0</ele><time>2023-05-13T19:01:30Z</time></trkpt><trkpt lat="47.487373" lon="-121.755266"><ele>153.0</ele><time>2023-05-13T19:01:36Z</time></trkpt><trkpt lat="47.487338" lon="-121.755074"><ele>156.0</ele><time>2023-05-13T19:01:48Z</time></trkpt><trkpt lat="47.487313" lon="-121.755007"><ele>156.0</ele><time>2023-05-13T19:01:52Z</time></trkpt><trkpt lat="47.487303" lon="-121.754916"><ele>158.0</ele><time>2023-05-13T19:01:56Z</time></trkpt><trkpt lat="47.48726" lon="-121.754842"><ele>158.0</ele><time>2023-05-13T19:02:00Z</time></trkpt><trkpt lat="47.487141" lon="-121.754775"><ele>153.0</ele><time>2023-05-13T19:02:11Z</time></trkpt><trkpt lat="47.487118" lon="-121.754744"><ele>154.0</ele><time>2023-05-13T19:02:14Z</time></trkpt><trkpt lat="47.487109" lon="-121.754626"><ele>154.0</ele><time>2023-05-13T19:02:20Z</time></trkpt><trkpt lat="47.487088" lon="-121.754553"><ele>154.8</ele><time>2023-05-13T19:02:24Z</time></trkpt><trkpt lat="47.487104" lon="-121.75435"><ele>154.0</ele><time>2023-05-13T19:02:37Z</time></trkpt><trkpt lat="47.487099" lon="-121.754277"><ele>154.0</ele><time>2023-05-13T19:02:42Z</time></trkpt><trkpt lat="47.487027" lon="-121.754145"><ele>153.0</ele><time>2023-05-13T19:02:49Z</time></trkpt><trkpt lat="47.486974" lon="-121.754085"><ele>154.0</ele><time>2023-05-13T19:02:54Z</time></trkpt><trkpt lat="47.486952" lon="-121.754046"><ele>154.0</ele><time>2023-05-13T19:02:56Z</time></trkpt><trkpt lat="47.486958" lon="-121.754006"><ele>154.0</ele><time>2023-05-13T19:02:58Z</time></trkpt><trkpt lat="47.486947" lon="-121.753963"><ele>154.0</ele><time>2023-05-13T19:03:00Z</time></trkpt><trkpt lat="47.486898" lon="-121.753822"><ele>153.0</ele><time>2023-05-13T19:03:09Z</time></trkpt><trkpt lat="47.48678" lon="-121.753559"><ele>154.0</ele><time>2023-05-13T19:03:28Z</time></trkpt><trkpt lat="47.486746" lon="-121.753448"><ele>153.0</ele><time>2023-05-13T19:03:36Z</time></trkpt><trkpt lat="47.486753" lon="-121.753401"><ele>153.0</ele><time>2023-05-13T19:03:40Z</time></trkpt><trkpt lat="47.486788" lon="-121.753374"><ele>155.0</ele><time>2023-05-13T19:03:44Z</time></trkpt><trkpt lat="47.48681" lon="-121.753306"><ele>154.0</ele><time>2023-05-13T19:03:54Z</time></trkpt><trkpt lat="47.486894" lon="-121.753347"><ele>156.0</ele><time>2023-05-13T19:04:15Z</time></trkpt><trkpt lat="47.486865" lon="-121.753357"><ele>156.0</ele><time>2023-05-13T19:05:09Z</time></trkpt><trkpt lat="47.486821" lon="-121.753267"><ele>156.0</ele><time>2023-05-13T19:05:58Z</time></trkpt><trkpt lat="47.486799" lon="-121.753289"><ele>143.0</ele><time>2023-05-13T19:06:37Z</time></trkpt><trkpt lat="47.486831" lon="-121.753279"><ele>150.0</ele><time>2023-05-13T19:06:48Z</time></trkpt><trkpt lat="47.486855" lon="-121.753248"><ele>155.9</ele><time>2023-05-13T19:06:54Z</time></trkpt><trkpt lat="47.486811" lon="-121.753293"><ele>154.0</ele><time>2023-05-13T19:07:24Z</time></trkpt><trkpt lat="47.4868" lon="-121.753354"><ele>156.0</ele><time>2023-05-13T19:07:53Z</time></trkpt><trkpt lat="47.486778" lon="-121.753386"><ele>156.0</ele><time>2023-05-13T19:07:55Z</time></trkpt><trkpt lat="47.486731" lon="-121.753424"><ele>156.0</ele><time>2023-05-13T19:08:01Z</time></trkpt><trkpt lat="47.486684" lon="-121.753506"><ele>155.0</ele><time>2023-05-13T19:08:09Z</time></trkpt><trkpt lat="47.48667" lon="-121.753529"><ele>156.0</ele><time>2023-05-13T19:12:37Z</time></trkpt><trkpt lat="47.48665" lon="-121.753458"><ele>156.0</ele><time>2023-05-13T19:13:07Z</time></trkpt><trkpt lat="47.486667" lon="-121.753551"><ele>156.6</ele><time>2023-05-13T19:13:27Z</time></trkpt><trkpt lat="47.486672" lon="-121.753531"><ele>156.0</ele><time>2023-05-13T19:13:34Z</time></trkpt><trkpt lat="47.486786" lon="-121.75346"><ele>156.0</ele><time>2023-05-13T19:13:51Z</time></trkpt><trkpt lat="47.486789" lon="-121.75341"><ele>152.0</ele><time>2023-05-13T19:13:57Z</time></trkpt><trkpt lat="47.486859" lon="-121.753379"><ele>160.0</ele><time>2023-05-13T19:14:23Z</time></trkpt><trkpt lat="47.486832" lon="-121.753365"><ele>158.0</ele><time>2023-05-13T19:14:40Z</time></trkpt><trkpt lat="47.486866" lon="-121.753301"><ele>159.0</ele><time>2023-05-13T19:15:20Z</time></trkpt><trkpt lat="47.486854" lon="-121.753303"><ele>159.0</ele><time>2023-05-13T19:15:25Z</time></trkpt><trkpt lat="47.486968" lon="-121.753485"><ele>159.0</ele><time>2023-05-13T19:15:49Z</time></trkpt><trkpt lat="47.487013" lon="-121.753432"><ele>160.0</ele><time>2023-05-13T19:15:53Z</time></trkpt><trkpt lat="47.487046" lon="-121.75337"><ele>163.0</ele><time>2023-05-13T19:15:58Z</time></trkpt><trkpt lat="47.487057" lon="-121.753312"><ele>164.0</ele><time>2023-05-13T19:16:03Z</time></trkpt><trkpt lat="47.487088" lon="-121.753479"><ele>168.0</ele><time>2023-05-13T19:16:19Z</time></trkpt><trkpt lat="47.487104" lon="-121.753509"><ele>167.0</ele><time>2023-05-13T19:16:24Z</time></trkpt><trkpt lat="47.48711" lon="-121.753579"><ele>168.0</ele><time>2023-05-13T19:16:32Z</time></trkpt><trkpt lat="47.487166" lon="-121.753715"><ele>167.0</ele><time>2023-05-13T19:16:48Z</time></trkpt><trkpt lat="47.487238" lon="-121.753802"><ele>165.0</ele><time>2023-05-13T19:16:57Z</time></trkpt><trkpt lat="47.487257" lon="-121.753889"><ele>168.0</ele><time>2023-05-13T19:17:05Z</time></trkpt><trkpt lat="47.487246" lon="-121.753923"><ele>168.0</ele><time>2023-05-13T19:17:07Z</time></trkpt><trkpt lat="47.487254" lon="-121.753996"><ele>168.0</ele><time>2023-05-13T19:17:11Z</time></trkpt><trkpt lat="47.487395" lon="-121.754155"><ele>174.0</ele><time>2023-05-13T19:17:48Z</time></trkpt><trkpt lat="47.487427" lon="-121.75421"><ele>173.0</ele><time>2023-05-13T19:17:54Z</time></trkpt><trkpt lat="47.487454" lon="-121.754229"><ele>176.0</ele><time>2023-05-13T19:17:58Z</time></trkpt><trkpt lat="47.487479" lon="-121.754293"><ele>176.0</ele><time>2023-05-13T19:18:02Z</time></trkpt><trkpt lat="47.487543" lon="-121.754372"><ele>176.0</ele><time>2023-05-13T19:18:10Z</time></trkpt><trkpt lat="47.487608" lon="-121.754555"><ele>179.0</ele><time>2023-05-13T19:18:24Z</time></trkpt><trkpt lat="47.487704" lon="-121.754642"><ele>182.0</ele><time>2023-05-13T19:18:35Z</time></trkpt><trkpt lat="47.487783" lon="-121.754811"><ele>184.0</ele><time>2023-05-13T19:18:48Z</time></trkpt><trkpt lat="47.487789" lon="-121.754885"><ele>184.0</ele><time>2023-05-13T19:18:52Z</time></trkpt><trkpt lat="47.487851" lon="-121.755054"><ele>186.0</ele><time>2023-05-13T19:19:06Z</time></trkpt><trkpt lat="47.487889" lon="-121.755198"><ele>190.0</ele><time>2023-05-13T19:19:18Z</time></trkpt><trkpt lat="47.487894" lon="-121.75529"><ele>192.0</ele><time>2023-05-13T19:19:25Z</time></trkpt><trkpt lat="47.487941" lon="-121.755382"><ele>194.0</ele><time>2023-05-13T19:19:36Z</time></trkpt><trkpt lat="47.487986" lon="-121.755503"><ele>195.0</ele><time>2023-05-13T19:19:45Z</time></trkpt><trkpt lat="47.487959" lon="-121.755533"><ele>188.0</ele><time>2023-05-13T19:19:57Z</time></trkpt><trkpt lat="47.487936" lon="-121.755517"><ele>195.0</ele><time>2023-05-13T19:20:10Z</time></trkpt><trkpt lat="47.487978" lon="-121.75548"><ele>195.0</ele><time>2023-05-13T19:20:32Z</time></trkpt><trkpt lat="47.488045" lon="-121.755519"><ele>196.0</ele><time>2023-05-13T19:20:39Z</time></trkpt><trkpt lat="47.488087" lon="-121.755509"><ele>198.0</ele><time>2023-05-13T19:20:42Z</time></trkpt><trkpt lat="47.488107" lon="-121.755485"><ele>201.0</ele><time>2023-05-13T19:20:45Z</time></trkpt><trkpt lat="47.488112" lon="-121.755416"><ele>201.0</ele><time>2023-05-13T19:20:50Z</time></trkpt><trkpt lat="47.488139" lon="-121.755325"><ele>201.0</ele><time>2023-05-13T19:20:59Z</time></trkpt><trkpt lat="47.488126" lon="-121.755245"><ele>204.0</ele><time>2023-05-13T19:21:04Z</time></trkpt><trkpt lat="47.488096" lon="-121.755184"><ele>204.0</ele><time>2023-05-13T19:21:09Z</time></trkpt><trkpt lat="47.488096" lon="-121.755143"><ele>202.0</ele><time>2023-05-13T19:21:12Z</time></trkpt><trkpt lat="47.488148" lon="-121.755214"><ele>204.0</ele><time>2023-05-13T19:21:19Z</time></trkpt><trkpt lat="47.488165" lon="-121.755265"><ele>206.0</ele><time>2023-05-13T19:21:22Z</time></trkpt><trkpt lat="47.488219" lon="-121.755355"><ele>206.0</ele><time>2023-05-13T19:21:33Z</time></trkpt><trkpt lat="47.488236" lon="-121.755418"><ele>210.0</ele><time>2023-05-13T19:21:39Z</time></trkpt><trkpt lat="47.488269" lon="-121.755445"><ele>209.0</ele><time>2023-05-13T19:21:41Z</time></trkpt><trkpt lat="47.488328" lon="-121.755416"><ele>213.0</ele><time>2023-05-13T19:21:49Z</time></trkpt><trkpt lat="47.488371" lon="-121.755423"><ele>208.0</ele><time>2023-05-13T19:21:59Z</time></trkpt><trkpt lat="47.488394" lon="-121.755487"><ele>215.0</ele><time>2023-05-13T19:22:11Z</time></trkpt><trkpt lat="47.488424" lon="-121.755489"><ele>216.0</ele><time>2023-05-13T19:22:18Z</time></trkpt><trkpt lat="47.488454" lon="-121.755523"><ele>219.0</ele><time>2023-05-13T19:22:24Z</time></trkpt><trkpt lat="47.488487" lon="-121.755511"><ele>216.0</ele><time>2023-05-13T19:22:29Z</time></trkpt><trkpt lat="47.488492" lon="-121.755448"><ele>219.0</ele><time>2023-05-13T19:22:38Z</time></trkpt><trkpt lat="47.488518" lon="-121.755467"><ele>221.0</ele><time>2023-05-13T19:22:40Z</time></trkpt><trkpt lat="47.488537" lon="-121.755392"><ele>221.0</ele><time>2023-05-13T19:22:49Z</time></trkpt><trkpt lat="47.488577" lon="-121.75543"><ele>224.0</ele><time>2023-05-13T19:22:57Z</time></trkpt><trkpt lat="47.488607" lon="-121.755426"><ele>225.0</ele><time>2023-05-13T19:23:00Z</time></trkpt><trkpt lat="47.488661" lon="-121.755312"><ele>228.0</ele><time>2023-05-13T19:23:10Z</time></trkpt><trkpt lat="47.48864" lon="-121.755271"><ele>226.0</ele><time>2023-05-13T19:23:12Z</time></trkpt><trkpt lat="47.488629" lon="-121.755154"><ele>228.0</ele><time>2023-05-13T19:23:22Z</time></trkpt><trkpt lat="47.488668" lon="-121.755088"><ele>230.0</ele><time>2023-05-13T19:23:28Z</time></trkpt><trkpt lat="47.488743" lon="-121.755057"><ele>231.0</ele><time>2023-05-13T19:23:37Z</time></trkpt><trkpt lat="47.488764" lon="-121.755034"><ele>232.0</ele><time>2023-05-13T19:23:40Z</time></trkpt><trkpt lat="47.488778" lon="-121.754956"><ele>232.0</ele><time>2023-05-13T19:23:45Z</time></trkpt><trkpt lat="47.488877" lon="-121.754827"><ele>234.0</ele><time>2023-05-13T19:23:56Z</time></trkpt><trkpt lat="47.488902" lon="-121.754726"><ele>235.0</ele><time>2023-05-13T19:24:02Z</time></trkpt><trkpt lat="47.488935" lon="-121.754664"><ele>236.0</ele><time>2023-05-13T19:24:08Z</time></trkpt><trkpt lat="47.489077" lon="-121.754626"><ele>236.0</ele><time>2023-05-13T19:24:24Z</time></trkpt><trkpt lat="47.489146" lon="-121.754586"><ele>237.0</ele><time>2023-05-13T19:24:31Z</time></trkpt><trkpt lat="47.489186" lon="-121.754533"><ele>237.0</ele><time>2023-05-13T19:24:35Z</time></trkpt><trkpt lat="47.489189" lon="-121.754494"><ele>235.0</ele><time>2023-05-13T19:24:39Z</time></trkpt><trkpt lat="47.489234" lon="-121.754441"><ele>237.0</ele><time>2023-05-13T19:24:46Z</time></trkpt><trkpt lat="47.489247" lon="-121.754404"><ele>237.0</ele><time>2023-05-13T19:24:48Z</time></trkpt><trkpt lat="47.48923" lon="-121.754372"><ele>237.0</ele><time>2023-05-13T19:24:50Z</time></trkpt><trkpt lat="47.489227" lon="-121.754329"><ele>237.0</ele><time>2023-05-13T19:24:52Z</time></trkpt><trkpt lat="47.489255" lon="-121.754265"><ele>239.0</ele><time>2023-05-13T19:24:57Z</time></trkpt><trkpt lat="47.489275" lon="-121.754156"><ele>238.0</ele><time>2023-05-13T19:25:03Z</time></trkpt><trkpt lat="47.489315" lon="-121.754042"><ele>241.0</ele><time>2023-05-13T19:25:10Z</time></trkpt><trkpt lat="47.489305" lon="-121.753843"><ele>238.0</ele><time>2023-05-13T19:25:21Z</time></trkpt><trkpt lat="47.48934" lon="-121.753773"><ele>236.0</ele><time>2023-05-13T19:25:27Z</time></trkpt><trkpt lat="47.489394" lon="-121.753786"><ele>237.0</ele><time>2023-05-13T19:25:31Z</time></trkpt><trkpt lat="47.489445" lon="-121.753835"><ele>238.0</ele><time>2023-05-13T19:25:39Z</time></trkpt><trkpt lat="47.489518" lon="-121.753863"><ele>235.0</ele><time>2023-05-13T19:25:48Z</time></trkpt><trkpt lat="47.489617" lon="-121.753931"><ele>242.0</ele><time>2023-05-13T19:25:57Z</time></trkpt><trkpt lat="47.489653" lon="-121.754007"><ele>243.1</ele><time>2023-05-13T19:26:02Z</time></trkpt><trkpt lat="47.489706" lon="-121.754049"><ele>243.0</ele><time>2023-05-13T19:26:07Z</time></trkpt><trkpt lat="47.489725" lon="-121.754085"><ele>244.0</ele><time>2023-05-13T19:26:10Z</time></trkpt><trkpt lat="47.489785" lon="-121.75414"><ele>245.0</ele><time>2023-05-13T19:26:17Z</time></trkpt><trkpt lat="47.489838" lon="-121.754146"><ele>246.0</ele><time>2023-05-13T19:26:22Z</time></trkpt><trkpt lat="47.489908" lon="-121.754139"><ele>246.0</ele><time>2023-05-13T19:26:28Z</time></trkpt><trkpt lat="47.489938" lon="-121.754126"><ele>246.0</ele><time>2023-05-13T19:26:31Z</time></trkpt><trkpt lat="47.49" lon="-121.754081"><ele>246.0</ele><time>2023-05-13T19:26:36Z</time></trkpt><trkpt lat="47.49006" lon="-121.753995"><ele>246.0</ele><time>2023-05-13T19:26:43Z</time></trkpt><trkpt lat="47.490166" lon="-121.753942"><ele>247.0</ele><time>2023-05-13T19:26:54Z</time></trkpt><trkpt lat="47.490262" lon="-121.753878"><ele>245.0</ele><time>2023-05-13T19:27:03Z</time></trkpt><trkpt lat="47.490368" lon="-121.75389"><ele>246.0</ele><time>2023-05-13T19:27:15Z</time></trkpt><trkpt lat="47.490439" lon="-121.753878"><ele>244.0</ele><time>2023-05-13T19:27:22Z</time></trkpt><trkpt lat="47.490531" lon="-121.753895"><ele>247.0</ele><time>2023-05-13T19:27:32Z</time></trkpt><trkpt lat="47.490677" lon="-121.753853"><ele>249.9</ele><time>2023-05-13T19:27:42Z</time></trkpt><trkpt lat="47.490707" lon="-121.753867"><ele>246.0</ele><time>2023-05-13T19:27:47Z</time></trkpt><trkpt lat="47.490819" lon="-121.753852"><ele>250.0</ele><time>2023-05-13T19:27:56Z</time></trkpt><trkpt lat="47.490995" lon="-121.754053"><ele>250.0</ele><time>2023-05-13T19:28:14Z</time></trkpt><trkpt lat="47.491046" lon="-121.754284"><ele>249.0</ele><time>2023-05-13T19:28:27Z</time></trkpt><trkpt lat="47.491044" lon="-121.754317"><ele>250.0</ele><time>2023-05-13T19:28:29Z</time></trkpt><trkpt lat="47.491101" lon="-121.754494"><ele>248.0</ele><time>2023-05-13T19:28:43Z</time></trkpt><trkpt lat="47.491147" lon="-121.754548"><ele>245.0</ele><time>2023-05-13T19:28:48Z</time></trkpt><trkpt lat="47.491149" lon="-121.754583"><ele>244.0</ele><time>2023-05-13T19:28:50Z</time></trkpt><trkpt lat="47.491174" lon="-121.754621"><ele>246.0</ele><time>2023-05-13T19:28:53Z</time></trkpt><trkpt lat="47.491248" lon="-121.754638"><ele>245.0</ele><time>2023-05-13T19:29:01Z</time></trkpt><trkpt lat="47.491305" lon="-121.754697"><ele>244.0</ele><time>2023-05-13T19:29:08Z</time></trkpt><trkpt lat="47.491336" lon="-121.754691"><ele>245.0</ele><time>2023-05-13T19:29:11Z</time></trkpt><trkpt lat="47.491344" lon="-121.754643"><ele>245.0</ele><time>2023-05-13T19:29:13Z</time></trkpt><trkpt lat="47.491387" lon="-121.754588"><ele>244.0</ele><time>2023-05-13T19:29:19Z</time></trkpt><trkpt lat="47.491455" lon="-121.754614"><ele>246.0</ele><time>2023-05-13T19:29:24Z</time></trkpt><trkpt lat="47.491478" lon="-121.754642"><ele>244.0</ele><time>2023-05-13T19:29:27Z</time></trkpt><trkpt lat="47.49154" lon="-121.754666"><ele>243.0</ele><time>2023-05-13T19:29:32Z</time></trkpt><trkpt lat="47.491571" lon="-121.754667"><ele>244.0</ele><time>2023-05-13T19:29:35Z</time></trkpt><trkpt lat="47.491671" lon="-121.754603"><ele>246.0</ele><time>2023-05-13T19:29:45Z</time></trkpt><trkpt lat="47.491706" lon="-121.754603"><ele>246.0</ele><time>2023-05-13T19:29:48Z</time></trkpt><trkpt lat="47.491771" lon="-121.754569"><ele>245.0</ele><time>2023-05-13T19:29:55Z</time></trkpt><trkpt lat="47.491801" lon="-121.754601"><ele>247.0</ele><time>2023-05-13T19:29:59Z</time></trkpt><trkpt lat="47.491879" lon="-121.754623"><ele>248.0</ele><time>2023-05-13T19:30:06Z</time></trkpt><trkpt lat="47.491911" lon="-121.754651"><ele>244.0</ele><time>2023-05-13T19:30:09Z</time></trkpt><trkpt lat="47.491939" lon="-121.754738"><ele>246.0</ele><time>2023-05-13T19:30:17Z</time></trkpt><trkpt lat="47.491969" lon="-121.754942"><ele>247.0</ele><time>2023-05-13T19:30:33Z</time></trkpt><trkpt lat="47.491994" lon="-121.755044"><ele>244.0</ele><time>2023-05-13T19:30:40Z</time></trkpt><trkpt lat="47.492051" lon="-121.755127"><ele>243.0</ele><time>2023-05-13T19:30:50Z</time></trkpt><trkpt lat="47.492087" lon="-121.75534"><ele>243.0</ele><time>2023-05-13T19:31:02Z</time></trkpt><trkpt lat="47.49213" lon="-121.755477"><ele>240.0</ele><time>2023-05-13T19:31:13Z</time></trkpt><trkpt lat="47.492206" lon="-121.755559"><ele>239.0</ele><time>2023-05-13T19:31:22Z</time></trkpt><trkpt lat="47.492252" lon="-121.755694"><ele>239.0</ele><time>2023-05-13T19:31:31Z</time></trkpt><trkpt lat="47.492335" lon="-121.7558"><ele>238.0</ele><time>2023-05-13T19:31:43Z</time></trkpt><trkpt lat="47.49242" lon="-121.755932"><ele>236.0</ele><time>2023-05-13T19:31:58Z</time></trkpt><trkpt lat="47.492536" lon="-121.755951"><ele>236.0</ele><time>2023-05-13T19:32:12Z</time></trkpt><trkpt lat="47.492581" lon="-121.75599"><ele>237.0</ele><time>2023-05-13T19:32:17Z</time></trkpt><trkpt lat="47.49265" lon="-121.755975"><ele>237.0</ele><time>2023-05-13T19:32:23Z</time></trkpt><trkpt lat="47.492683" lon="-121.755955"><ele>236.0</ele><time>2023-05-13T19:32:27Z</time></trkpt><trkpt lat="47.492721" lon="-121.755895"><ele>234.0</ele><time>2023-05-13T19:32:35Z</time></trkpt><trkpt lat="47.492737" lon="-121.755818"><ele>234.0</ele><time>2023-05-13T19:32:41Z</time></trkpt><trkpt lat="47.492772" lon="-121.7558"><ele>235.0</ele><time>2023-05-13T19:32:44Z</time></trkpt><trkpt lat="47.49278" lon="-121.75577"><ele>235.0</ele><time>2023-05-13T19:32:47Z</time></trkpt><trkpt lat="47.492824" lon="-121.755708"><ele>234.0</ele><time>2023-05-13T19:32:55Z</time></trkpt><trkpt lat="47.492838" lon="-121.755596"><ele>241.0</ele><time>2023-05-13T19:33:05Z</time></trkpt><trkpt lat="47.492889" lon="-121.75556"><ele>243.0</ele><time>2023-05-13T19:33:12Z</time></trkpt><trkpt lat="47.492914" lon="-121.75553"><ele>242.0</ele><time>2023-05-13T19:33:17Z</time></trkpt><trkpt lat="47.492902" lon="-121.755472"><ele>246.0</ele><time>2023-05-13T19:33:26Z</time></trkpt><trkpt lat="47.492915" lon="-121.755432"><ele>244.0</ele><time>2023-05-13T19:33:29Z</time></trkpt><trkpt lat="47.492907" lon="-121.755396"><ele>244.0</ele><time>2023-05-13T19:33:32Z</time></trkpt><trkpt lat="47.492918" lon="-121.755294"><ele>246.0</ele><time>2023-05-13T19:33:37Z</time></trkpt><trkpt lat="47.492935" lon="-121.755252"><ele>246.0</ele><time>2023-05-13T19:33:41Z</time></trkpt><trkpt lat="47.49304" lon="-121.75512"><ele>250.0</ele><time>2023-05-13T19:33:52Z</time></trkpt><trkpt lat="47.493124" lon="-121.755071"><ele>249.0</ele><time>2023-05-13T19:34:02Z</time></trkpt><trkpt lat="47.493181" lon="-121.755069"><ele>250.0</ele><time>2023-05-13T19:34:10Z</time></trkpt><trkpt lat="47.493219" lon="-121.755055"><ele>252.0</ele><time>2023-05-13T19:34:15Z</time></trkpt><trkpt lat="47.493259" lon="-121.755063"><ele>252.0</ele><time>2023-05-13T19:34:18Z</time></trkpt><trkpt lat="47.49333" lon="-121.755053"><ele>253.0</ele><time>2023-05-13T19:34:24Z</time></trkpt><trkpt lat="47.493378" lon="-121.755062"><ele>252.0</ele><time>2023-05-13T19:34:28Z</time></trkpt><trkpt lat="47.493512" lon="-121.755166"><ele>256.0</ele><time>2023-05-13T19:34:45Z</time></trkpt><trkpt lat="47.493609" lon="-121.755196"><ele>256.0</ele><time>2023-05-13T19:34:53Z</time></trkpt><trkpt lat="47.493638" lon="-121.75522"><ele>255.0</ele><time>2023-05-13T19:34:57Z</time></trkpt><trkpt lat="47.493708" lon="-121.75525"><ele>256.0</ele><time>2023-05-13T19:35:04Z</time></trkpt><trkpt lat="47.493813" lon="-121.755247"><ele>256.0</ele><time>2023-05-13T19:35:13Z</time></trkpt><trkpt lat="47.49389" lon="-121.755173"><ele>256.0</ele><time>2023-05-13T19:35:20Z</time></trkpt><trkpt lat="47.493928" lon="-121.755105"><ele>256.0</ele><time>2023-05-13T19:35:27Z</time></trkpt><trkpt lat="47.493966" lon="-121.75507"><ele>257.0</ele><time>2023-05-13T19:35:32Z</time></trkpt><trkpt lat="47.494013" lon="-121.755075"><ele>260.1</ele><time>2023-05-13T19:35:36Z</time></trkpt><trkpt lat="47.494046" lon="-121.75506"><ele>258.0</ele><time>2023-05-13T19:35:40Z</time></trkpt><trkpt lat="47.494116" lon="-121.754977"><ele>258.0</ele><time>2023-05-13T19:35:50Z</time></trkpt><trkpt lat="47.494179" lon="-121.754929"><ele>261.0</ele><time>2023-05-13T19:35:54Z</time></trkpt><trkpt lat="47.494235" lon="-121.754949"><ele>260.0</ele><time>2023-05-13T19:36:02Z</time></trkpt><trkpt lat="47.494261" lon="-121.754986"><ele>260.0</ele><time>2023-05-13T19:36:04Z</time></trkpt><trkpt lat="47.494291" lon="-121.754998"><ele>258.0</ele><time>2023-05-13T19:36:07Z</time></trkpt><trkpt lat="47.494365" lon="-121.755082"><ele>260.0</ele><time>2023-05-13T19:36:16Z</time></trkpt><trkpt lat="47.494414" lon="-121.755117"><ele>261.0</ele><time>2023-05-13T19:36:23Z</time></trkpt><trkpt lat="47.494438" lon="-121.755147"><ele>262.0</ele><time>2023-05-13T19:36:29Z</time></trkpt><trkpt lat="47.494471" lon="-121.755151"><ele>262.0</ele><time>2023-05-13T19:36:32Z</time></trkpt><trkpt lat="47.494499" lon="-121.755127"><ele>264.0</ele><time>2023-05-13T19:36:35Z</time></trkpt><trkpt lat="47.494536" lon="-121.755118"><ele>260.0</ele><time>2023-05-13T19:36:39Z</time></trkpt><trkpt lat="47.494548" lon="-121.755033"><ele>264.0</ele><time>2023-05-13T19:36:46Z</time></trkpt><trkpt lat="47.494608" lon="-121.754992"><ele>264.0</ele><time>2023-05-13T19:36:53Z</time></trkpt><trkpt lat="47.494643" lon="-121.754982"><ele>264.0</ele><time>2023-05-13T19:36:57Z</time></trkpt><trkpt lat="47.494739" lon="-121.754765"><ele>268.0</ele><time>2023-05-13T19:37:18Z</time></trkpt><trkpt lat="47.494772" lon="-121.75473"><ele>269.0</ele><time>2023-05-13T19:37:22Z</time></trkpt><trkpt lat="47.494845" lon="-121.754745"><ele>270.0</ele><time>2023-05-13T19:37:32Z</time></trkpt><trkpt lat="47.494883" lon="-121.754717"><ele>269.0</ele><time>2023-05-13T19:37:38Z</time></trkpt><trkpt lat="47.494918" lon="-121.754714"><ele>270.0</ele><time>2023-05-13T19:37:42Z</time></trkpt><trkpt lat="47.495007" lon="-121.75473"><ele>269.0</ele><time>2023-05-13T19:37:50Z</time></trkpt><trkpt lat="47.495037" lon="-121.754717"><ele>268.0</ele><time>2023-05-13T19:37:54Z</time></trkpt><trkpt lat="47.495121" lon="-121.754713"><ele>268.0</ele><time>2023-05-13T19:38:02Z</time></trkpt><trkpt lat="47.495122" lon="-121.754743"><ele>270.0</ele><time>2023-05-13T19:38:08Z</time></trkpt><trkpt lat="47.495147" lon="-121.754768"><ele>269.0</ele><time>2023-05-13T19:38:12Z</time></trkpt><trkpt lat="47.495182" lon="-121.754783"><ele>269.0</ele><time>2023-05-13T19:38:15Z</time></trkpt><trkpt lat="47.495217" lon="-121.754868"><ele>270.0</ele><time>2023-05-13T19:38:20Z</time></trkpt><trkpt lat="47.495265" lon="-121.754868"><ele>268.0</ele><time>2023-05-13T19:38:24Z</time></trkpt><trkpt lat="47.495394" lon="-121.754975"><ele>274.0</ele><time>2023-05-13T19:38:39Z</time></trkpt><trkpt lat="47.495428" lon="-121.754961"><ele>274.0</ele><time>2023-05-13T19:38:41Z</time></trkpt><trkpt lat="47.495477" lon="-121.754986"><ele>273.0</ele><time>2023-05-13T19:38:47Z</time></trkpt><trkpt lat="47.495517" lon="-121.754974"><ele>274.5</ele><time>2023-05-13T19:38:53Z</time></trkpt><trkpt lat="47.495594" lon="-121.755007"><ele>276.0</ele><time>2023-05-13T19:39:00Z</time></trkpt><trkpt lat="47.495615" lon="-121.755036"><ele>276.0</ele><time>2023-05-13T19:39:03Z</time></trkpt><trkpt lat="47.495617" lon="-121.75508"><ele>276.0</ele><time>2023-05-13T19:39:07Z</time></trkpt><trkpt lat="47.495599" lon="-121.75518"><ele>279.0</ele><time>2023-05-13T19:39:13Z</time></trkpt><trkpt lat="47.495603" lon="-121.755258"><ele>280.0</ele><time>2023-05-13T19:39:19Z</time></trkpt><trkpt lat="47.495628" lon="-121.755284"><ele>280.0</ele><time>2023-05-13T19:39:23Z</time></trkpt><trkpt lat="47.495661" lon="-121.755243"><ele>279.0</ele><time>2023-05-13T19:39:29Z</time></trkpt><trkpt lat="47.495698" lon="-121.755231"><ele>279.0</ele><time>2023-05-13T19:39:33Z</time></trkpt><trkpt lat="47.49576" lon="-121.755186"><ele>279.0</ele><time>2023-05-13T19:39:38Z</time></trkpt><trkpt lat="47.495797" lon="-121.755141"><ele>278.8</ele><time>2023-05-13T19:39:42Z</time></trkpt><trkpt lat="47.495815" lon="-121.755151"><ele>278.0</ele><time>2023-05-13T19:39:44Z</time></trkpt><trkpt lat="47.495804" lon="-121.755074"><ele>276.0</ele><time>2023-05-13T19:39:53Z</time></trkpt><trkpt lat="47.495839" lon="-121.755008"><ele>274.0</ele><time>2023-05-13T19:39:57Z</time></trkpt><trkpt lat="47.495901" lon="-121.754968"><ele>272.0</ele><time>2023-05-13T19:40:05Z</time></trkpt><trkpt lat="47.495957" lon="-121.754974"><ele>274.0</ele><time>2023-05-13T19:40:09Z</time></trkpt><trkpt lat="47.496025" lon="-121.754912"><ele>273.0</ele><time>2023-05-13T19:40:17Z</time></trkpt><trkpt lat="47.495981" lon="-121.75466"><ele>274.0</ele><time>2023-05-13T19:40:29Z</time></trkpt><trkpt lat="47.496011" lon="-121.75464"><ele>273.0</ele><time>2023-05-13T19:40:32Z</time></trkpt><trkpt lat="47.496057" lon="-121.754628"><ele>273.0</ele><time>2023-05-13T19:40:36Z</time></trkpt><trkpt lat="47.496076" lon="-121.754596"><ele>272.0</ele><time>2023-05-13T19:40:40Z</time></trkpt><trkpt lat="47.496148" lon="-121.754616"><ele>272.0</ele><time>2023-05-13T19:40:49Z</time></trkpt><trkpt lat="47.496211" lon="-121.754576"><ele>274.0</ele><time>2023-05-13T19:40:55Z</time></trkpt><trkpt lat="47.496265" lon="-121.754576"><ele>275.0</ele><time>2023-05-13T19:41:00Z</time></trkpt><trkpt lat="47.496237" lon="-121.754563"><ele>273.0</ele><time>2023-05-13T19:41:05Z</time></trkpt><trkpt lat="47.496236" lon="-121.754626"><ele>273.0</ele><time>2023-05-13T19:41:21Z</time></trkpt><trkpt lat="47.496269" lon="-121.754647"><ele>276.0</ele><time>2023-05-13T19:41:29Z</time></trkpt><trkpt lat="47.496285" lon="-121.754617"><ele>275.0</ele><time>2023-05-13T19:41:35Z</time></trkpt><trkpt lat="47.496247" lon="-121.754679"><ele>271.0</ele><time>2023-05-13T19:41:59Z</time></trkpt><trkpt lat="47.496241" lon="-121.75465"><ele>275.0</ele><time>2023-05-13T19:42:17Z</time></trkpt><trkpt lat="47.496264" lon="-121.754638"><ele>278.0</ele><time>2023-05-13T19:42:25Z</time></trkpt><trkpt lat="47.496284" lon="-121.754585"><ele>279.0</ele><time>2023-05-13T19:42:29Z</time></trkpt><trkpt lat="47.496386" lon="-121.754474"><ele>279.0</ele><time>2023-05-13T19:42:34Z</time></trkpt><trkpt lat="47.496423" lon="-121.754411"><ele>280.0</ele><time>2023-05-13T19:42:40Z</time></trkpt><trkpt lat="47.496431" lon="-121.754371"><ele>280.0</ele><time>2023-05-13T19:42:42Z</time></trkpt><trkpt lat="47.496402" lon="-121.754291"><ele>276.0</ele><time>2023-05-13T19:42:46Z</time></trkpt><trkpt lat="47.496364" lon="-121.754244"><ele>276.0</ele><time>2023-05-13T19:42:50Z</time></trkpt><trkpt lat="47.496392" lon="-121.754183"><ele>275.0</ele><time>2023-05-13T19:42:55Z</time></trkpt><trkpt lat="47.49649" lon="-121.754143"><ele>279.2</ele><time>2023-05-13T19:43:07Z</time></trkpt><trkpt lat="47.496481" lon="-121.754108"><ele>278.0</ele><time>2023-05-13T19:43:08Z</time></trkpt><trkpt lat="47.496593" lon="-121.754073"><ele>273.0</ele><time>2023-05-13T19:43:20Z</time></trkpt><trkpt lat="47.496628" lon="-121.754092"><ele>276.0</ele><time>2023-05-13T19:43:25Z</time></trkpt><trkpt lat="47.496662" lon="-121.75409"><ele>276.0</ele><time>2023-05-13T19:43:28Z</time></trkpt><trkpt lat="47.496689" lon="-121.754196"><ele>276.0</ele><time>2023-05-13T19:43:38Z</time></trkpt><trkpt lat="47.496765" lon="-121.754224"><ele>276.0</ele><time>2023-05-13T19:43:51Z</time></trkpt><trkpt lat="47.496799" lon="-121.754252"><ele>276.0</ele><time>2023-05-13T19:43:59Z</time></trkpt><trkpt lat="47.496903" lon="-121.754283"><ele>279.0</ele><time>2023-05-13T19:44:11Z</time></trkpt><trkpt lat="47.496952" lon="-121.754237"><ele>280.0</ele><time>2023-05-13T19:44:15Z</time></trkpt><trkpt lat="47.496965" lon="-121.754209"><ele>282.0</ele><time>2023-05-13T19:44:18Z</time></trkpt><trkpt lat="47.496988" lon="-121.754235"><ele>282.0</ele><time>2023-05-13T19:44:21Z</time></trkpt><trkpt lat="47.497031" lon="-121.754253"><ele>280.0</ele><time>2023-05-13T19:44:26Z</time></trkpt><trkpt lat="47.497058" lon="-121.754234"><ele>282.0</ele><time>2023-05-13T19:44:33Z</time></trkpt><trkpt lat="47.497151" lon="-121.754281"><ele>286.0</ele><time>2023-05-13T19:44:55Z</time></trkpt><trkpt lat="47.497178" lon="-121.754334"><ele>288.0</ele><time>2023-05-13T19:45:04Z</time></trkpt><trkpt lat="47.497178" lon="-121.754264"><ele>288.0</ele><time>2023-05-13T19:45:06Z</time></trkpt><trkpt lat="47.497213" lon="-121.754266"><ele>289.0</ele><time>2023-05-13T19:45:16Z</time></trkpt><trkpt lat="47.497199" lon="-121.754306"><ele>292.9</ele><time>2023-05-13T19:45:25Z</time></trkpt><trkpt lat="47.497251" lon="-121.754324"><ele>294.0</ele><time>2023-05-13T19:45:33Z</time></trkpt><trkpt lat="47.497293" lon="-121.75436"><ele>294.0</ele><time>2023-05-13T19:45:38Z</time></trkpt><trkpt lat="47.497358" lon="-121.754313"><ele>294.0</ele><time>2023-05-13T19:45:45Z</time></trkpt><trkpt lat="47.497392" lon="-121.754303"><ele>293.0</ele><time>2023-05-13T19:45:48Z</time></trkpt><trkpt lat="47.497405" lon="-121.754336"><ele>295.0</ele><time>2023-05-13T19:45:51Z</time></trkpt><trkpt lat="47.497416" lon="-121.754262"><ele>298.0</ele><time>2023-05-13T19:45:56Z</time></trkpt><trkpt lat="47.497435" lon="-121.754231"><ele>298.0</ele><time>2023-05-13T19:45:58Z</time></trkpt><trkpt lat="47.497463" lon="-121.754125"><ele>299.0</ele><time>2023-05-13T19:46:06Z</time></trkpt><trkpt lat="47.497494" lon="-121.75416"><ele>300.0</ele><time>2023-05-13T19:46:09Z</time></trkpt><trkpt lat="47.497556" lon="-121.754275"><ele>301.0</ele><time>2023-05-13T19:46:18Z</time></trkpt><trkpt lat="47.497669" lon="-121.754355"><ele>304.0</ele><time>2023-05-13T19:46:33Z</time></trkpt><trkpt lat="47.497714" lon="-121.754368"><ele>306.0</ele><time>2023-05-13T19:46:37Z</time></trkpt><trkpt lat="47.497744" lon="-121.754412"><ele>306.7</ele><time>2023-05-13T19:46:38Z</time></trkpt><trkpt lat="47.497742" lon="-121.754377"><ele>305.0</ele><time>2023-05-13T19:46:41Z</time></trkpt><trkpt lat="47.49775" lon="-121.754451"><ele>306.0</ele><time>2023-05-13T19:46:46Z</time></trkpt><trkpt lat="47.497771" lon="-121.754421"><ele>309.5</ele><time>2023-05-13T19:46:49Z</time></trkpt><trkpt lat="47.497869" lon="-121.75441"><ele>308.0</ele><time>2023-05-13T19:46:55Z</time></trkpt><trkpt lat="47.497905" lon="-121.754423"><ele>308.0</ele><time>2023-05-13T19:46:57Z</time></trkpt><trkpt lat="47.497925" lon="-121.754348"><ele>310.8</ele><time>2023-05-13T19:47:00Z</time></trkpt><trkpt lat="47.497942" lon="-121.754375"><ele>306.0</ele><time>2023-05-13T19:47:04Z</time></trkpt><trkpt lat="47.497943" lon="-121.754431"><ele>311.8</ele><time>2023-05-13T19:47:07Z</time></trkpt><trkpt lat="47.497958" lon="-121.754402"><ele>312.0</ele><time>2023-05-13T19:47:08Z</time></trkpt><trkpt lat="47.497992" lon="-121.754402"><ele>310.0</ele><time>2023-05-13T19:47:13Z</time></trkpt><trkpt lat="47.497976" lon="-121.754352"><ele>310.0</ele><time>2023-05-13T19:47:17Z</time></trkpt><trkpt lat="47.498032" lon="-121.75433"><ele>311.0</ele><time>2023-05-13T19:47:21Z</time></trkpt><trkpt lat="47.498054" lon="-121.754291"><ele>311.0</ele><time>2023-05-13T19:47:24Z</time></trkpt><trkpt lat="47.498008" lon="-121.754297"><ele>309.0</ele><time>2023-05-13T19:47:27Z</time></trkpt><trkpt lat="47.498022" lon="-121.754255"><ele>309.0</ele><time>2023-05-13T19:47:30Z</time></trkpt><trkpt lat="47.498078" lon="-121.754298"><ele>309.0</ele><time>2023-05-13T19:47:34Z</time></trkpt><trkpt lat="47.498125" lon="-121.75439"><ele>309.0</ele><time>2023-05-13T19:47:40Z</time></trkpt><trkpt lat="47.498108" lon="-121.754434"><ele>311.0</ele><time>2023-05-13T19:47:43Z</time></trkpt><trkpt lat="47.49819" lon="-121.754474"><ele>310.0</ele><time>2023-05-13T19:47:47Z</time></trkpt><trkpt lat="47.498211" lon="-121.754498"><ele>310.0</ele><time>2023-05-13T19:47:50Z</time></trkpt><trkpt lat="47.498267" lon="-121.754484"><ele>316.3</ele><time>2023-05-13T19:47:54Z</time></trkpt><trkpt lat="47.49832" lon="-121.75443"><ele>315.0</ele><time>2023-05-13T19:48:02Z</time></trkpt><trkpt lat="47.498339" lon="-121.754395"><ele>318.0</ele><time>2023-05-13T19:48:10Z</time></trkpt><trkpt lat="47.498399" lon="-121.754373"><ele>316.0</ele><time>2023-05-13T19:48:15Z</time></trkpt><trkpt lat="47.49846" lon="-121.754397"><ele>316.0</ele><time>2023-05-13T19:48:23Z</time></trkpt><trkpt lat="47.49854" lon="-121.754323"><ele>316.0</ele><time>2023-05-13T19:48:32Z</time></trkpt><trkpt lat="47.498593" lon="-121.754317"><ele>317.0</ele><time>2023-05-13T19:48:36Z</time></trkpt><trkpt lat="47.498646" lon="-121.75434"><ele>315.0</ele><time>2023-05-13T19:48:41Z</time></trkpt><trkpt lat="47.498634" lon="-121.754373"><ele>317.0</ele><time>2023-05-13T19:48:45Z</time></trkpt><trkpt lat="47.498682" lon="-121.754404"><ele>316.0</ele><time>2023-05-13T19:48:49Z</time></trkpt><trkpt lat="47.498709" lon="-121.754384"><ele>317.0</ele><time>2023-05-13T19:48:53Z</time></trkpt><trkpt lat="47.498756" lon="-121.754376"><ele>317.0</ele><time>2023-05-13T19:48:55Z</time></trkpt><trkpt lat="47.498796" lon="-121.754338"><ele>315.0</ele><time>2023-05-13T19:48:59Z</time></trkpt><trkpt lat="47.498817" lon="-121.754363"><ele>318.0</ele><time>2023-05-13T19:49:03Z</time></trkpt><trkpt lat="47.498865" lon="-121.754334"><ele>318.0</ele><time>2023-05-13T19:49:05Z</time></trkpt><trkpt lat="47.498897" lon="-121.754357"><ele>318.0</ele><time>2023-05-13T19:49:08Z</time></trkpt><trkpt lat="47.498897" lon="-121.754338"><ele>318.0</ele><time>2023-05-13T19:49:11Z</time></trkpt><trkpt lat="47.498991" lon="-121.754267"><ele>318.0</ele><time>2023-05-13T19:49:18Z</time></trkpt><trkpt lat="47.499065" lon="-121.754391"><ele>319.0</ele><time>2023-05-13T19:49:30Z</time></trkpt><trkpt lat="47.499235" lon="-121.754437"><ele>320.0</ele><time>2023-05-13T19:49:39Z</time></trkpt><trkpt lat="47.499293" lon="-121.754398"><ele>320.0</ele><time>2023-05-13T19:49:44Z</time></trkpt><trkpt lat="47.499329" lon="-121.75434"><ele>321.0</ele><time>2023-05-13T19:49:51Z</time></trkpt><trkpt lat="47.499386" lon="-121.754315"><ele>324.0</ele><time>2023-05-13T19:49:59Z</time></trkpt><trkpt lat="47.499385" lon="-121.75435"><ele>324.0</ele><time>2023-05-13T19:50:03Z</time></trkpt><trkpt lat="47.499415" lon="-121.754366"><ele>324.0</ele><time>2023-05-13T19:50:06Z</time></trkpt><trkpt lat="47.499443" lon="-121.754409"><ele>324.0</ele><time>2023-05-13T19:50:08Z</time></trkpt><trkpt lat="47.499495" lon="-121.75446"><ele>326.0</ele><time>2023-05-13T19:50:17Z</time></trkpt><trkpt lat="47.499497" lon="-121.754502"><ele>327.0</ele><time>2023-05-13T19:50:18Z</time></trkpt><trkpt lat="47.499552" lon="-121.754545"><ele>325.0</ele><time>2023-05-13T19:50:23Z</time></trkpt><trkpt lat="47.499564" lon="-121.754583"><ele>324.0</ele><time>2023-05-13T19:50:28Z</time></trkpt><trkpt lat="47.499517" lon="-121.754539"><ele>325.0</ele><time>2023-05-13T19:50:32Z</time></trkpt><trkpt lat="47.499476" lon="-121.754554"><ele>326.0</ele><time>2023-05-13T19:50:36Z</time></trkpt><trkpt lat="47.499472" lon="-121.754633"><ele>325.0</ele><time>2023-05-13T19:50:42Z</time></trkpt><trkpt lat="47.499448" lon="-121.754721"><ele>326.5</ele><time>2023-05-13T19:50:45Z</time></trkpt><trkpt lat="47.499463" lon="-121.754692"><ele>326.4</ele><time>2023-05-13T19:50:46Z</time></trkpt><trkpt lat="47.49946" lon="-121.754729"><ele>326.0</ele><time>2023-05-13T19:50:49Z</time></trkpt><trkpt lat="47.499437" lon="-121.754769"><ele>325.0</ele><time>2023-05-13T19:50:54Z</time></trkpt><trkpt lat="47.499431" lon="-121.75481"><ele>328.0</ele><time>2023-05-13T19:50:58Z</time></trkpt><trkpt lat="47.499475" lon="-121.754789"><ele>324.0</ele><time>2023-05-13T19:51:03Z</time></trkpt><trkpt lat="47.499494" lon="-121.754761"><ele>330.0</ele><time>2023-05-13T19:51:11Z</time></trkpt><trkpt lat="47.499503" lon="-121.754712"><ele>330.0</ele><time>2023-05-13T19:51:19Z</time></trkpt><trkpt lat="47.499486" lon="-121.754648"><ele>327.0</ele><time>2023-05-13T19:51:28Z</time></trkpt><trkpt lat="47.499588" lon="-121.754589"><ele>328.6</ele><time>2023-05-13T19:51:41Z</time></trkpt><trkpt lat="47.499551" lon="-121.754587"><ele>327.0</ele><time>2023-05-13T19:51:42Z</time></trkpt><trkpt lat="47.499532" lon="-121.754559"><ele>325.0</ele><time>2023-05-13T19:51:45Z</time></trkpt><trkpt lat="47.499566" lon="-121.7545"><ele>324.0</ele><time>2023-05-13T19:51:54Z</time></trkpt><trkpt lat="47.499574" lon="-121.754532"><ele>325.0</ele><time>2023-05-13T19:51:57Z</time></trkpt><trkpt lat="47.499654" lon="-121.754571"><ele>327.0</ele><time>2023-05-13T19:52:04Z</time></trkpt><trkpt lat="47.499741" lon="-121.754528"><ele>330.0</ele><time>2023-05-13T19:52:09Z</time></trkpt><trkpt lat="47.499724" lon="-121.75459"><ele>328.0</ele><time>2023-05-13T19:52:21Z</time></trkpt><trkpt lat="47.499833" lon="-121.754649"><ele>329.0</ele><time>2023-05-13T19:52:39Z</time></trkpt><trkpt lat="47.499859" lon="-121.75469"><ele>329.0</ele><time>2023-05-13T19:52:42Z</time></trkpt><trkpt lat="47.499898" lon="-121.754622"><ele>330.0</ele><time>2023-05-13T19:52:51Z</time></trkpt><trkpt lat="47.500041" lon="-121.754616"><ele>330.0</ele><time>2023-05-13T19:53:00Z</time></trkpt><trkpt lat="47.500089" lon="-121.754726"><ele>330.0</ele><time>2023-05-13T19:53:11Z</time></trkpt><trkpt lat="47.500136" lon="-121.754712"><ele>328.0</ele><time>2023-05-13T19:53:15Z</time></trkpt><trkpt lat="47.500169" lon="-121.754719"><ele>330.0</ele><time>2023-05-13T19:53:18Z</time></trkpt><trkpt lat="47.500202" lon="-121.754746"><ele>331.0</ele><time>2023-05-13T19:53:22Z</time></trkpt><trkpt lat="47.500245" lon="-121.754758"><ele>332.0</ele><time>2023-05-13T19:53:25Z</time></trkpt><trkpt lat="47.500287" lon="-121.754811"><ele>332.0</ele><time>2023-05-13T19:53:28Z</time></trkpt><trkpt lat="47.500358" lon="-121.754845"><ele>334.0</ele><time>2023-05-13T19:53:34Z</time></trkpt><trkpt lat="47.500368" lon="-121.754798"><ele>336.0</ele><time>2023-05-13T19:53:37Z</time></trkpt><trkpt lat="47.500429" lon="-121.754847"><ele>335.0</ele><time>2023-05-13T19:53:41Z</time></trkpt><trkpt lat="47.500467" lon="-121.754842"><ele>334.0</ele><time>2023-05-13T19:53:44Z</time></trkpt><trkpt lat="47.500519" lon="-121.754814"><ele>333.0</ele><time>2023-05-13T19:53:47Z</time></trkpt><trkpt lat="47.5006" lon="-121.754853"><ele>333.0</ele><time>2023-05-13T19:53:55Z</time></trkpt><trkpt lat="47.500632" lon="-121.754883"><ele>333.0</ele><time>2023-05-13T19:53:58Z</time></trkpt><trkpt lat="47.500663" lon="-121.754859"><ele>332.0</ele><time>2023-05-13T19:54:01Z</time></trkpt><trkpt lat="47.500695" lon="-121.754854"><ele>332.0</ele><time>2023-05-13T19:54:03Z</time></trkpt><trkpt lat="47.500771" lon="-121.754873"><ele>332.0</ele><time>2023-05-13T19:54:08Z</time></trkpt><trkpt lat="47.50083" lon="-121.754868"><ele>331.0</ele><time>2023-05-13T19:54:12Z</time></trkpt><trkpt lat="47.500889" lon="-121.754898"><ele>332.0</ele><time>2023-05-13T19:54:17Z</time></trkpt><trkpt lat="47.500962" lon="-121.754913"><ele>331.0</ele><time>2023-05-13T19:54:22Z</time></trkpt><trkpt lat="47.500988" lon="-121.754935"><ele>330.0</ele><time>2023-05-13T19:54:24Z</time></trkpt><trkpt lat="47.501032" lon="-121.755028"><ele>327.0</ele><time>2023-05-13T19:54:31Z</time></trkpt><trkpt lat="47.501066" lon="-121.755026"><ele>327.0</ele><time>2023-05-13T19:54:34Z</time></trkpt><trkpt lat="47.501114" lon="-121.755071"><ele>325.0</ele><time>2023-05-13T19:54:39Z</time></trkpt><trkpt lat="47.501129" lon="-121.755123"><ele>327.6</ele><time>2023-05-13T19:54:42Z</time></trkpt><trkpt lat="47.501154" lon="-121.755153"><ele>327.0</ele><time>2023-05-13T19:54:45Z</time></trkpt><trkpt lat="47.501186" lon="-121.755173"><ele>324.0</ele><time>2023-05-13T19:54:49Z</time></trkpt><trkpt lat="47.501202" lon="-121.755224"><ele>326.0</ele><time>2023-05-13T19:54:53Z</time></trkpt><trkpt lat="47.501233" lon="-121.755219"><ele>325.0</ele><time>2023-05-13T19:54:56Z</time></trkpt><trkpt lat="47.501286" lon="-121.755192"><ele>325.0</ele><time>2023-05-13T19:54:59Z</time></trkpt><trkpt lat="47.501316" lon="-121.755196"><ele>324.0</ele><time>2023-05-13T19:55:01Z</time></trkpt><trkpt lat="47.501337" lon="-121.755226"><ele>324.0</ele><time>2023-05-13T19:55:03Z</time></trkpt><trkpt lat="47.501344" lon="-121.755278"><ele>324.0</ele><time>2023-05-13T19:55:05Z</time></trkpt><trkpt lat="47.501391" lon="-121.755358"><ele>327.0</ele><time>2023-05-13T19:55:10Z</time></trkpt><trkpt lat="47.501423" lon="-121.755375"><ele>326.0</ele><time>2023-05-13T19:55:12Z</time></trkpt><trkpt lat="47.501463" lon="-121.755368"><ele>327.0</ele><time>2023-05-13T19:55:14Z</time></trkpt><trkpt lat="47.501527" lon="-121.755323"><ele>329.0</ele><time>2023-05-13T19:55:18Z</time></trkpt><trkpt lat="47.501558" lon="-121.755315"><ele>330.0</ele><time>2023-05-13T19:55:20Z</time></trkpt><trkpt lat="47.501629" lon="-121.755317"><ele>330.0</ele><time>2023-05-13T19:55:25Z</time></trkpt><trkpt lat="47.501658" lon="-121.755325"><ele>330.0</ele><time>2023-05-13T19:55:28Z</time></trkpt><trkpt lat="47.501711" lon="-121.755375"><ele>328.0</ele><time>2023-05-13T19:55:33Z</time></trkpt><trkpt lat="47.501762" lon="-121.755402"><ele>327.0</ele><time>2023-05-13T19:55:40Z</time></trkpt><trkpt lat="47.501799" lon="-121.755509"><ele>326.0</ele><time>2023-05-13T19:55:50Z</time></trkpt><trkpt lat="47.501855" lon="-121.755513"><ele>326.0</ele><time>2023-05-13T19:55:54Z</time></trkpt><trkpt lat="47.501901" lon="-121.755494"><ele>326.0</ele><time>2023-05-13T19:55:57Z</time></trkpt><trkpt lat="47.501933" lon="-121.755541"><ele>324.0</ele><time>2023-05-13T19:56:01Z</time></trkpt><trkpt lat="47.501932" lon="-121.755618"><ele>326.0</ele><time>2023-05-13T19:56:04Z</time></trkpt><trkpt lat="47.501959" lon="-121.755646"><ele>327.0</ele><time>2023-05-13T19:56:07Z</time></trkpt><trkpt lat="47.502015" lon="-121.755631"><ele>324.0</ele><time>2023-05-13T19:56:14Z</time></trkpt><trkpt lat="47.502024" lon="-121.755681"><ele>324.0</ele><time>2023-05-13T19:56:17Z</time></trkpt><trkpt lat="47.502053" lon="-121.755717"><ele>324.0</ele><time>2023-05-13T19:56:19Z</time></trkpt><trkpt lat="47.502063" lon="-121.755763"><ele>326.6</ele><time>2023-05-13T19:56:22Z</time></trkpt><trkpt lat="47.502155" lon="-121.755827"><ele>326.0</ele><time>2023-05-13T19:56:31Z</time></trkpt><trkpt lat="47.502178" lon="-121.755865"><ele>324.0</ele><time>2023-05-13T19:56:33Z</time></trkpt><trkpt lat="47.502181" lon="-121.755933"><ele>328.0</ele><time>2023-05-13T19:56:36Z</time></trkpt><trkpt lat="47.502213" lon="-121.755931"><ele>327.5</ele><time>2023-05-13T19:56:37Z</time></trkpt><trkpt lat="47.502265" lon="-121.755973"><ele>327.0</ele><time>2023-05-13T19:56:43Z</time></trkpt><trkpt lat="47.50233" lon="-121.756092"><ele>326.0</ele><time>2023-05-13T19:56:49Z</time></trkpt><trkpt lat="47.502391" lon="-121.756053"><ele>328.0</ele><time>2023-05-13T19:56:55Z</time></trkpt><trkpt lat="47.502394" lon="-121.75599"><ele>328.0</ele><time>2023-05-13T19:56:59Z</time></trkpt><trkpt lat="47.50239" lon="-121.756029"><ele>328.0</ele><time>2023-05-13T19:57:05Z</time></trkpt><trkpt lat="47.502422" lon="-121.756045"><ele>328.0</ele><time>2023-05-13T19:57:10Z</time></trkpt><trkpt lat="47.502465" lon="-121.756089"><ele>328.0</ele><time>2023-05-13T19:57:15Z</time></trkpt><trkpt lat="47.502471" lon="-121.756119"><ele>329.0</ele><time>2023-05-13T19:57:17Z</time></trkpt><trkpt lat="47.50252" lon="-121.756155"><ele>327.0</ele><time>2023-05-13T19:57:22Z</time></trkpt><trkpt lat="47.502533" lon="-121.756208"><ele>328.0</ele><time>2023-05-13T19:57:26Z</time></trkpt><trkpt lat="47.502556" lon="-121.756246"><ele>329.0</ele><time>2023-05-13T19:57:29Z</time></trkpt><trkpt lat="47.502597" lon="-121.756208"><ele>330.0</ele><time>2023-05-13T19:57:32Z</time></trkpt><trkpt lat="47.502634" lon="-121.756188"><ele>330.7</ele><time>2023-05-13T19:57:33Z</time></trkpt><trkpt lat="47.502662" lon="-121.756199"><ele>330.0</ele><time>2023-05-13T19:57:37Z</time></trkpt><trkpt lat="47.502664" lon="-121.756303"><ele>330.0</ele><time>2023-05-13T19:57:45Z</time></trkpt><trkpt lat="47.502699" lon="-121.756365"><ele>331.0</ele><time>2023-05-13T19:57:54Z</time></trkpt><trkpt lat="47.502736" lon="-121.756378"><ele>332.0</ele><time>2023-05-13T19:57:59Z</time></trkpt><trkpt lat="47.502758" lon="-121.756355"><ele>333.5</ele><time>2023-05-13T19:58:02Z</time></trkpt><trkpt lat="47.50282" lon="-121.7564"><ele>335.0</ele><time>2023-05-13T19:58:11Z</time></trkpt><trkpt lat="47.50273" lon="-121.756406"><ele>333.0</ele><time>2023-05-13T19:58:20Z</time></trkpt><trkpt lat="47.502647" lon="-121.756547"><ele>330.0</ele><time>2023-05-13T19:58:34Z</time></trkpt><trkpt lat="47.502643" lon="-121.756618"><ele>333.0</ele><time>2023-05-13T19:58:40Z</time></trkpt><trkpt lat="47.502702" lon="-121.756743"><ele>331.0</ele><time>2023-05-13T19:58:49Z</time></trkpt><trkpt lat="47.502673" lon="-121.756789"><ele>330.0</ele><time>2023-05-13T19:58:54Z</time></trkpt><trkpt lat="47.502618" lon="-121.756946"><ele>333.7</ele><time>2023-05-13T19:59:04Z</time></trkpt><trkpt lat="47.502622" lon="-121.757044"><ele>335.0</ele><time>2023-05-13T19:59:12Z</time></trkpt><trkpt lat="47.502601" lon="-121.757128"><ele>336.0</ele><time>2023-05-13T19:59:22Z</time></trkpt><trkpt lat="47.502611" lon="-121.757176"><ele>338.0</ele><time>2023-05-13T19:59:26Z</time></trkpt><trkpt lat="47.502609" lon="-121.757229"><ele>337.0</ele><time>2023-05-13T19:59:29Z</time></trkpt><trkpt lat="47.502553" lon="-121.757274"><ele>339.0</ele><time>2023-05-13T19:59:34Z</time></trkpt><trkpt lat="47.502519" lon="-121.757281"><ele>338.0</ele><time>2023-05-13T19:59:38Z</time></trkpt><trkpt lat="47.502535" lon="-121.757258"><ele>340.0</ele><time>2023-05-13T19:59:40Z</time></trkpt><trkpt lat="47.502508" lon="-121.757247"><ele>339.0</ele><time>2023-05-13T19:59:44Z</time></trkpt><trkpt lat="47.502445" lon="-121.757183"><ele>340.0</ele><time>2023-05-13T19:59:52Z</time></trkpt><trkpt lat="47.502343" lon="-121.757144"><ele>344.0</ele><time>2023-05-13T20:00:02Z</time></trkpt><trkpt lat="47.502335" lon="-121.757186"><ele>345.0</ele><time>2023-05-13T20:00:05Z</time></trkpt><trkpt lat="47.502343" lon="-121.757282"><ele>342.0</ele><time>2023-05-13T20:00:11Z</time></trkpt><trkpt lat="47.502332" lon="-121.757334"><ele>342.0</ele><time>2023-05-13T20:00:14Z</time></trkpt><trkpt lat="47.502302" lon="-121.757403"><ele>344.0</ele><time>2023-05-13T20:00:20Z</time></trkpt><trkpt lat="47.502229" lon="-121.757463"><ele>343.0</ele><time>2023-05-13T20:00:27Z</time></trkpt><trkpt lat="47.502189" lon="-121.757545"><ele>341.9</ele><time>2023-05-13T20:00:33Z</time></trkpt><trkpt lat="47.502127" lon="-121.757575"><ele>342.0</ele><time>2023-05-13T20:00:39Z</time></trkpt><trkpt lat="47.502103" lon="-121.757639"><ele>343.0</ele><time>2023-05-13T20:00:43Z</time></trkpt><trkpt lat="47.502074" lon="-121.757663"><ele>342.0</ele><time>2023-05-13T20:00:45Z</time></trkpt><trkpt lat="47.502047" lon="-121.757618"><ele>344.0</ele><time>2023-05-13T20:00:50Z</time></trkpt><trkpt lat="47.502017" lon="-121.75761"><ele>345.0</ele><time>2023-05-13T20:00:52Z</time></trkpt><trkpt lat="47.501983" lon="-121.757616"><ele>347.0</ele><time>2023-05-13T20:00:55Z</time></trkpt><trkpt lat="47.501961" lon="-121.757656"><ele>349.3</ele><time>2023-05-13T20:00:57Z</time></trkpt><trkpt lat="47.501861" lon="-121.757711"><ele>350.0</ele><time>2023-05-13T20:01:06Z</time></trkpt><trkpt lat="47.501782" lon="-121.757687"><ele>354.0</ele><time>2023-05-13T20:01:17Z</time></trkpt><trkpt lat="47.50175" lon="-121.7577"><ele>354.0</ele><time>2023-05-13T20:01:20Z</time></trkpt><trkpt lat="47.501714" lon="-121.757691"><ele>357.0</ele><time>2023-05-13T20:01:25Z</time></trkpt><trkpt lat="47.501723" lon="-121.757633"><ele>358.0</ele><time>2023-05-13T20:01:32Z</time></trkpt><trkpt lat="47.501706" lon="-121.757596"><ele>359.0</ele><time>2023-05-13T20:01:34Z</time></trkpt><trkpt lat="47.501724" lon="-121.757564"><ele>359.0</ele><time>2023-05-13T20:01:38Z</time></trkpt><trkpt lat="47.501679" lon="-121.75753"><ele>362.0</ele><time>2023-05-13T20:01:42Z</time></trkpt><trkpt lat="47.501626" lon="-121.757638"><ele>360.0</ele><time>2023-05-13T20:01:50Z</time></trkpt><trkpt lat="47.501595" lon="-121.757663"><ele>360.0</ele><time>2023-05-13T20:01:54Z</time></trkpt><trkpt lat="47.501558" lon="-121.757655"><ele>357.0</ele><time>2023-05-13T20:01:58Z</time></trkpt><trkpt lat="47.501511" lon="-121.75775"><ele>360.0</ele><time>2023-05-13T20:02:03Z</time></trkpt><trkpt lat="47.501478" lon="-121.757761"><ele>360.0</ele><time>2023-05-13T20:02:07Z</time></trkpt><trkpt lat="47.501452" lon="-121.757783"><ele>359.0</ele><time>2023-05-13T20:02:10Z</time></trkpt><trkpt lat="47.501349" lon="-121.757797"><ele>361.0</ele><time>2023-05-13T20:02:20Z</time></trkpt><trkpt lat="47.501311" lon="-121.757752"><ele>365.6</ele><time>2023-05-13T20:02:27Z</time></trkpt><trkpt lat="47.50125" lon="-121.757778"><ele>367.0</ele><time>2023-05-13T20:02:34Z</time></trkpt><trkpt lat="47.501216" lon="-121.75778"><ele>369.0</ele><time>2023-05-13T20:02:36Z</time></trkpt><trkpt lat="47.501141" lon="-121.757758"><ele>370.0</ele><time>2023-05-13T20:02:40Z</time></trkpt><trkpt lat="47.501123" lon="-121.757791"><ele>369.0</ele><time>2023-05-13T20:02:42Z</time></trkpt><trkpt lat="47.50105" lon="-121.757751"><ele>372.0</ele><time>2023-05-13T20:02:49Z</time></trkpt><trkpt lat="47.501029" lon="-121.757792"><ele>371.0</ele><time>2023-05-13T20:02:55Z</time></trkpt><trkpt lat="47.501074" lon="-121.757808"><ele>369.0</ele><time>2023-05-13T20:02:58Z</time></trkpt><trkpt lat="47.501109" lon="-121.757779"><ele>370.0</ele><time>2023-05-13T20:03:06Z</time></trkpt><trkpt lat="47.501093" lon="-121.757719"><ele>369.0</ele><time>2023-05-13T20:03:10Z</time></trkpt><trkpt lat="47.501065" lon="-121.757693"><ele>372.0</ele><time>2023-05-13T20:03:13Z</time></trkpt><trkpt lat="47.501074" lon="-121.757643"><ele>372.0</ele><time>2023-05-13T20:03:16Z</time></trkpt><trkpt lat="47.501101" lon="-121.757596"><ele>374.0</ele><time>2023-05-13T20:03:19Z</time></trkpt><trkpt lat="47.501139" lon="-121.757567"><ele>374.0</ele><time>2023-05-13T20:03:22Z</time></trkpt><trkpt lat="47.501148" lon="-121.757483"><ele>378.0</ele><time>2023-05-13T20:03:30Z</time></trkpt><trkpt lat="47.501138" lon="-121.757391"><ele>382.5</ele><time>2023-05-13T20:03:36Z</time></trkpt><trkpt lat="47.501085" lon="-121.757369"><ele>383.0</ele><time>2023-05-13T20:03:40Z</time></trkpt><trkpt lat="47.501143" lon="-121.757349"><ele>381.0</ele><time>2023-05-13T20:03:46Z</time></trkpt><trkpt lat="47.501152" lon="-121.757293"><ele>384.0</ele><time>2023-05-13T20:03:49Z</time></trkpt><trkpt lat="47.501144" lon="-121.757243"><ele>384.7</ele><time>2023-05-13T20:03:52Z</time></trkpt><trkpt lat="47.501113" lon="-121.757221"><ele>381.0</ele><time>2023-05-13T20:03:55Z</time></trkpt><trkpt lat="47.501074" lon="-121.757237"><ele>384.0</ele><time>2023-05-13T20:03:59Z</time></trkpt><trkpt lat="47.501164" lon="-121.757145"><ele>384.0</ele><time>2023-05-13T20:04:12Z</time></trkpt><trkpt lat="47.501163" lon="-121.757114"><ele>384.0</ele><time>2023-05-13T20:04:15Z</time></trkpt><trkpt lat="47.501201" lon="-121.757047"><ele>386.0</ele><time>2023-05-13T20:04:21Z</time></trkpt><trkpt lat="47.501195" lon="-121.75698"><ele>385.0</ele><time>2023-05-13T20:04:25Z</time></trkpt><trkpt lat="47.501213" lon="-121.756897"><ele>384.0</ele><time>2023-05-13T20:04:30Z</time></trkpt><trkpt lat="47.501213" lon="-121.756801"><ele>384.0</ele><time>2023-05-13T20:04:36Z</time></trkpt><trkpt lat="47.501196" lon="-121.756826"><ele>384.7</ele><time>2023-05-13T20:04:40Z</time></trkpt><trkpt lat="47.501201" lon="-121.756802"><ele>384.0</ele><time>2023-05-13T20:04:41Z</time></trkpt><trkpt lat="47.501181" lon="-121.756759"><ele>385.1</ele><time>2023-05-13T20:04:43Z</time></trkpt><trkpt lat="47.501195" lon="-121.75673"><ele>384.0</ele><time>2023-05-13T20:04:46Z</time></trkpt><trkpt lat="47.501173" lon="-121.756624"><ele>381.0</ele><time>2023-05-13T20:05:11Z</time></trkpt><trkpt lat="47.50114" lon="-121.756656"><ele>384.0</ele><time>2023-05-13T20:05:29Z</time></trkpt><trkpt lat="47.501165" lon="-121.756599"><ele>383.0</ele><time>2023-05-13T20:05:34Z</time></trkpt><trkpt lat="47.501172" lon="-121.756525"><ele>385.0</ele><time>2023-05-13T20:05:44Z</time></trkpt><trkpt lat="47.501147" lon="-121.756475"><ele>384.0</ele><time>2023-05-13T20:05:48Z</time></trkpt><trkpt lat="47.501112" lon="-121.756452"><ele>384.0</ele><time>2023-05-13T20:05:52Z</time></trkpt><trkpt lat="47.501085" lon="-121.756466"><ele>384.0</ele><time>2023-05-13T20:05:57Z</time></trkpt><trkpt lat="47.501069" lon="-121.756521"><ele>383.0</ele><time>2023-05-13T20:06:02Z</time></trkpt><trkpt lat="47.501006" lon="-121.75655"><ele>384.0</ele><time>2023-05-13T20:06:18Z</time></trkpt><trkpt lat="47.500985" lon="-121.756507"><ele>391.0</ele><time>2023-05-13T20:06:25Z</time></trkpt><trkpt lat="47.50092" lon="-121.75665"><ele>390.0</ele><time>2023-05-13T20:06:38Z</time></trkpt><trkpt lat="47.50089" lon="-121.756621"><ele>391.0</ele><time>2023-05-13T20:06:43Z</time></trkpt><trkpt lat="47.500857" lon="-121.756622"><ele>393.0</ele><time>2023-05-13T20:06:46Z</time></trkpt><trkpt lat="47.500822" lon="-121.756587"><ele>393.0</ele><time>2023-05-13T20:06:49Z</time></trkpt><trkpt lat="47.500781" lon="-121.756416"><ele>398.0</ele><time>2023-05-13T20:07:01Z</time></trkpt><trkpt lat="47.500715" lon="-121.756318"><ele>396.0</ele><time>2023-05-13T20:07:11Z</time></trkpt><trkpt lat="47.50071" lon="-121.75627"><ele>396.0</ele><time>2023-05-13T20:07:32Z</time></trkpt><trkpt lat="47.500676" lon="-121.756247"><ele>395.0</ele><time>2023-05-13T20:07:36Z</time></trkpt><trkpt lat="47.50058" lon="-121.756233"><ele>396.0</ele><time>2023-05-13T20:07:47Z</time></trkpt><trkpt lat="47.500504" lon="-121.756172"><ele>392.0</ele><time>2023-05-13T20:07:59Z</time></trkpt><trkpt lat="47.50045" lon="-121.756145"><ele>396.0</ele><time>2023-05-13T20:08:09Z</time></trkpt><trkpt lat="47.500472" lon="-121.75628"><ele>401.0</ele><time>2023-05-13T20:08:17Z</time></trkpt><trkpt lat="47.500448" lon="-121.756259"><ele>401.0</ele><time>2023-05-13T20:08:19Z</time></trkpt><trkpt lat="47.500401" lon="-121.756187"><ele>404.0</ele><time>2023-05-13T20:08:25Z</time></trkpt><trkpt lat="47.500401" lon="-121.756308"><ele>403.9</ele><time>2023-05-13T20:08:32Z</time></trkpt><trkpt lat="47.500487" lon="-121.756364"><ele>402.0</ele><time>2023-05-13T20:08:40Z</time></trkpt><trkpt lat="47.500496" lon="-121.756411"><ele>404.0</ele><time>2023-05-13T20:08:43Z</time></trkpt><trkpt lat="47.500487" lon="-121.756491"><ele>407.0</ele><time>2023-05-13T20:08:50Z</time></trkpt><trkpt lat="47.500512" lon="-121.756503"><ele>405.0</ele><time>2023-05-13T20:08:50Z</time></trkpt><trkpt lat="47.500548" lon="-121.756597"><ele>405.0</ele><time>2023-05-13T20:08:59Z</time></trkpt><trkpt lat="47.500555" lon="-121.756566"><ele>406.0</ele><time>2023-05-13T20:09:03Z</time></trkpt><trkpt lat="47.500542" lon="-121.756496"><ele>409.0</ele><time>2023-05-13T20:09:06Z</time></trkpt><trkpt lat="47.500526" lon="-121.756469"><ele>410.0</ele><time>2023-05-13T20:09:08Z</time></trkpt><trkpt lat="47.500464" lon="-121.756413"><ele>412.0</ele><time>2023-05-13T20:09:13Z</time></trkpt><trkpt lat="47.500439" lon="-121.756481"><ele>410.0</ele><time>2023-05-13T20:09:18Z</time></trkpt><trkpt lat="47.500398" lon="-121.756491"><ele>410.0</ele><time>2023-05-13T20:09:24Z</time></trkpt><trkpt lat="47.500393" lon="-121.756533"><ele>412.0</ele><time>2023-05-13T20:09:29Z</time></trkpt><trkpt lat="47.500356" lon="-121.756558"><ele>414.0</ele><time>2023-05-13T20:09:34Z</time></trkpt><trkpt lat="47.500297" lon="-121.756638"><ele>414.0</ele><time>2023-05-13T20:09:41Z</time></trkpt><trkpt lat="47.500296" lon="-121.756685"><ele>415.4</ele><time>2023-05-13T20:09:44Z</time></trkpt><trkpt lat="47.500279" lon="-121.75667"><ele>416.0</ele><time>2023-05-13T20:09:48Z</time></trkpt><trkpt lat="47.500258" lon="-121.756702"><ele>419.0</ele><time>2023-05-13T20:09:53Z</time></trkpt><trkpt lat="47.500235" lon="-121.756779"><ele>419.0</ele><time>2023-05-13T20:10:32Z</time></trkpt><trkpt lat="47.500212" lon="-121.756791"><ele>423.0</ele><time>2023-05-13T20:11:16Z</time></trkpt><trkpt lat="47.500185" lon="-121.756876"><ele>422.0</ele><time>2023-05-13T20:11:20Z</time></trkpt><trkpt lat="47.500186" lon="-121.756933"><ele>420.0</ele><time>2023-05-13T20:11:24Z</time></trkpt><trkpt lat="47.500144" lon="-121.75702"><ele>419.0</ele><time>2023-05-13T20:11:31Z</time></trkpt><trkpt lat="47.500058" lon="-121.757081"><ele>422.0</ele><time>2023-05-13T20:11:44Z</time></trkpt><trkpt lat="47.500016" lon="-121.757096"><ele>422.0</ele><time>2023-05-13T20:11:47Z</time></trkpt><trkpt lat="47.499993" lon="-121.757124"><ele>420.0</ele><time>2023-05-13T20:11:49Z</time></trkpt><trkpt lat="47.499987" lon="-121.757163"><ele>421.0</ele><time>2023-05-13T20:11:52Z</time></trkpt><trkpt lat="47.499969" lon="-121.757189"><ele>422.0</ele><time>2023-05-13T20:11:54Z</time></trkpt><trkpt lat="47.4999" lon="-121.757236"><ele>421.0</ele><time>2023-05-13T20:11:59Z</time></trkpt><trkpt lat="47.499909" lon="-121.757173"><ele>420.0</ele><time>2023-05-13T20:12:04Z</time></trkpt><trkpt lat="47.499939" lon="-121.75712"><ele>424.0</ele><time>2023-05-13T20:12:09Z</time></trkpt><trkpt lat="47.499963" lon="-121.757111"><ele>423.0</ele><time>2023-05-13T20:12:11Z</time></trkpt><trkpt lat="47.499973" lon="-121.75697"><ele>426.0</ele><time>2023-05-13T20:12:24Z</time></trkpt><trkpt lat="47.499989" lon="-121.756927"><ele>426.0</ele><time>2023-05-13T20:12:28Z</time></trkpt><trkpt lat="47.499968" lon="-121.756877"><ele>425.0</ele><time>2023-05-13T20:12:32Z</time></trkpt><trkpt lat="47.500001" lon="-121.756806"><ele>428.0</ele><time>2023-05-13T20:12:39Z</time></trkpt><trkpt lat="47.5" lon="-121.756746"><ele>428.0</ele><time>2023-05-13T20:12:45Z</time></trkpt><trkpt lat="47.500026" lon="-121.756643"><ele>432.0</ele><time>2023-05-13T20:12:53Z</time></trkpt><trkpt lat="47.499999" lon="-121.756611"><ele>437.0</ele><time>2023-05-13T20:12:57Z</time></trkpt><trkpt lat="47.499962" lon="-121.756464"><ele>442.0</ele><time>2023-05-13T20:13:09Z</time></trkpt><trkpt lat="47.499936" lon="-121.756441"><ele>440.0</ele><time>2023-05-13T20:13:12Z</time></trkpt><trkpt lat="47.499914" lon="-121.756399"><ele>438.0</ele><time>2023-05-13T20:13:17Z</time></trkpt><trkpt lat="47.499832" lon="-121.756429"><ele>442.0</ele><time>2023-05-13T20:13:29Z</time></trkpt><trkpt lat="47.499699" lon="-121.756579"><ele>444.0</ele><time>2023-05-13T20:13:50Z</time></trkpt><trkpt lat="47.499628" lon="-121.756614"><ele>444.0</ele><time>2023-05-13T20:14:05Z</time></trkpt><trkpt lat="47.499594" lon="-121.756601"><ele>446.0</ele><time>2023-05-13T20:14:09Z</time></trkpt><trkpt lat="47.499499" lon="-121.756658"><ele>450.0</ele><time>2023-05-13T20:14:20Z</time></trkpt><trkpt lat="47.49939" lon="-121.756688"><ele>450.0</ele><time>2023-05-13T20:14:36Z</time></trkpt><trkpt lat="47.499329" lon="-121.756645"><ele>455.0</ele><time>2023-05-13T20:14:45Z</time></trkpt><trkpt lat="47.4993" lon="-121.756604"><ele>455.0</ele><time>2023-05-13T20:14:51Z</time></trkpt><trkpt lat="47.499251" lon="-121.756604"><ele>458.0</ele><time>2023-05-13T20:14:59Z</time></trkpt><trkpt lat="47.49923" lon="-121.756522"><ele>458.0</ele><time>2023-05-13T20:15:07Z</time></trkpt><trkpt lat="47.499301" lon="-121.756536"><ele>458.0</ele><time>2023-05-13T20:15:12Z</time></trkpt><trkpt lat="47.499401" lon="-121.756485"><ele>456.0</ele><time>2023-05-13T20:15:24Z</time></trkpt><trkpt lat="47.499454" lon="-121.756407"><ele>458.0</ele><time>2023-05-13T20:15:30Z</time></trkpt><trkpt lat="47.499432" lon="-121.756308"><ele>457.0</ele><time>2023-05-13T20:15:38Z</time></trkpt><trkpt lat="47.499395" lon="-121.756296"><ele>457.0</ele><time>2023-05-13T20:15:42Z</time></trkpt><trkpt lat="47.499293" lon="-121.756291"><ele>462.0</ele><time>2023-05-13T20:15:54Z</time></trkpt><trkpt lat="47.499261" lon="-121.756265"><ele>462.0</ele><time>2023-05-13T20:15:57Z</time></trkpt><trkpt lat="47.499223" lon="-121.756207"><ele>458.0</ele><time>2023-05-13T20:16:16Z</time></trkpt><trkpt lat="47.499204" lon="-121.756152"><ele>462.0</ele><time>2023-05-13T20:16:54Z</time></trkpt><trkpt lat="47.49919" lon="-121.7562"><ele>462.0</ele><time>2023-05-13T20:16:59Z</time></trkpt><trkpt lat="47.499149" lon="-121.756202"><ele>462.0</ele><time>2023-05-13T20:17:02Z</time></trkpt><trkpt lat="47.499121" lon="-121.756184"><ele>464.0</ele><time>2023-05-13T20:17:04Z</time></trkpt><trkpt lat="47.499049" lon="-121.756214"><ele>464.0</ele><time>2023-05-13T20:17:11Z</time></trkpt><trkpt lat="47.499025" lon="-121.756192"><ele>464.0</ele><time>2023-05-13T20:17:16Z</time></trkpt><trkpt lat="47.498975" lon="-121.756215"><ele>465.0</ele><time>2023-05-13T20:17:23Z</time></trkpt><trkpt lat="47.498913" lon="-121.756144"><ele>466.0</ele><time>2023-05-13T20:17:44Z</time></trkpt><trkpt lat="47.498918" lon="-121.756102"><ele>469.0</ele><time>2023-05-13T20:17:53Z</time></trkpt><trkpt lat="47.498888" lon="-121.75605"><ele>471.6</ele><time>2023-05-13T20:17:59Z</time></trkpt><trkpt lat="47.498869" lon="-121.756041"><ele>471.0</ele><time>2023-05-13T20:18:02Z</time></trkpt><trkpt lat="47.49884" lon="-121.756082"><ele>474.0</ele><time>2023-05-13T20:18:06Z</time></trkpt><trkpt lat="47.498786" lon="-121.756093"><ele>476.0</ele><time>2023-05-13T20:18:14Z</time></trkpt><trkpt lat="47.498712" lon="-121.755995"><ele>476.0</ele><time>2023-05-13T20:18:45Z</time></trkpt><trkpt lat="47.498659" lon="-121.755972"><ele>471.0</ele><time>2023-05-13T20:45:35Z</time></trkpt><trkpt lat="47.498727" lon="-121.756111"><ele>473.0</ele><time>2023-05-13T20:46:52Z</time></trkpt><trkpt lat="47.498763" lon="-121.756146"><ele>475.0</ele><time>2023-05-13T20:46:58Z</time></trkpt><trkpt lat="47.498818" lon="-121.756123"><ele>478.0</ele><time>2023-05-13T20:47:07Z</time></trkpt><trkpt lat="47.498848" lon="-121.756124"><ele>480.0</ele><time>2023-05-13T20:47:11Z</time></trkpt><trkpt lat="47.498878" lon="-121.756101"><ele>477.0</ele><time>2023-05-13T20:47:21Z</time></trkpt><trkpt lat="47.4989" lon="-121.756068"><ele>478.0</ele><time>2023-05-13T20:47:28Z</time></trkpt><trkpt lat="47.49893" lon="-121.756106"><ele>470.0</ele><time>2023-05-13T20:47:49Z</time></trkpt><trkpt lat="47.498917" lon="-121.756145"><ele>472.0</ele><time>2023-05-13T20:47:59Z</time></trkpt><trkpt lat="47.498921" lon="-121.756204"><ele>473.0</ele><time>2023-05-13T20:48:04Z</time></trkpt><trkpt lat="47.498968" lon="-121.756232"><ele>471.0</ele><time>2023-05-13T20:48:13Z</time></trkpt><trkpt lat="47.498978" lon="-121.756276"><ele>469.8</ele><time>2023-05-13T20:48:17Z</time></trkpt><trkpt lat="47.499007" lon="-121.756297"><ele>470.0</ele><time>2023-05-13T20:48:19Z</time></trkpt><trkpt lat="47.499041" lon="-121.756305"><ele>471.0</ele><time>2023-05-13T20:48:22Z</time></trkpt><trkpt lat="47.499068" lon="-121.756277"><ele>468.0</ele><time>2023-05-13T20:48:26Z</time></trkpt><trkpt lat="47.499111" lon="-121.756172"><ele>462.0</ele><time>2023-05-13T20:48:40Z</time></trkpt><trkpt lat="47.499143" lon="-121.756225"><ele>465.0</ele><time>2023-05-13T20:48:53Z</time></trkpt><trkpt lat="47.499247" lon="-121.756257"><ele>464.0</ele><time>2023-05-13T20:49:01Z</time></trkpt><trkpt lat="47.499307" lon="-121.756314"><ele>465.9</ele><time>2023-05-13T20:49:05Z</time></trkpt><trkpt lat="47.499456" lon="-121.756337"><ele>462.0</ele><time>2023-05-13T20:49:20Z</time></trkpt><trkpt lat="47.499444" lon="-121.75641"><ele>462.0</ele><time>2023-05-13T20:49:27Z</time></trkpt><trkpt lat="47.499416" lon="-121.75647"><ele>462.0</ele><time>2023-05-13T20:49:32Z</time></trkpt><trkpt lat="47.499277" lon="-121.756578"><ele>460.0</ele><time>2023-05-13T20:49:47Z</time></trkpt><trkpt lat="47.499272" lon="-121.756614"><ele>459.0</ele><time>2023-05-13T20:49:50Z</time></trkpt><trkpt lat="47.499388" lon="-121.756734"><ele>457.0</ele><time>2023-05-13T20:50:03Z</time></trkpt><trkpt lat="47.499419" lon="-121.756739"><ele>454.0</ele><time>2023-05-13T20:50:05Z</time></trkpt><trkpt lat="47.499465" lon="-121.756699"><ele>453.0</ele><time>2023-05-13T20:50:10Z</time></trkpt><trkpt lat="47.499528" lon="-121.756706"><ele>453.0</ele><time>2023-05-13T20:50:16Z</time></trkpt><trkpt lat="47.499569" lon="-121.756684"><ele>452.0</ele><time>2023-05-13T20:50:19Z</time></trkpt><trkpt lat="47.499627" lon="-121.756632"><ele>452.0</ele><time>2023-05-13T20:50:24Z</time></trkpt><trkpt lat="47.499671" lon="-121.756647"><ele>450.0</ele><time>2023-05-13T20:50:27Z</time></trkpt><trkpt lat="47.499742" lon="-121.756634"><ele>447.0</ele><time>2023-05-13T20:50:33Z</time></trkpt><trkpt lat="47.499779" lon="-121.756641"><ele>450.0</ele><time>2023-05-13T20:50:36Z</time></trkpt><trkpt lat="47.499875" lon="-121.756516"><ele>444.0</ele><time>2023-05-13T20:50:48Z</time></trkpt><trkpt lat="47.499907" lon="-121.756522"><ele>442.0</ele><time>2023-05-13T20:50:51Z</time></trkpt><trkpt lat="47.499971" lon="-121.756442"><ele>438.0</ele><time>2023-05-13T20:50:59Z</time></trkpt><trkpt lat="47.499984" lon="-121.756549"><ele>437.0</ele><time>2023-05-13T20:51:09Z</time></trkpt><trkpt lat="47.49998" lon="-121.756583"><ele>437.0</ele><time>2023-05-13T20:51:11Z</time></trkpt><trkpt lat="47.500012" lon="-121.756652"><ele>434.0</ele><time>2023-05-13T20:51:15Z</time></trkpt><trkpt lat="47.499971" lon="-121.756762"><ele>432.0</ele><time>2023-05-13T20:51:22Z</time></trkpt><trkpt lat="47.499961" lon="-121.756904"><ele>430.0</ele><time>2023-05-13T20:51:29Z</time></trkpt><trkpt lat="47.499971" lon="-121.757004"><ele>430.0</ele><time>2023-05-13T20:51:32Z</time></trkpt><trkpt lat="47.499957" lon="-121.757034"><ele>430.0</ele><time>2023-05-13T20:51:35Z</time></trkpt><trkpt lat="47.499949" lon="-121.757112"><ele>428.0</ele><time>2023-05-13T20:51:41Z</time></trkpt><trkpt lat="47.499893" lon="-121.757193"><ele>426.0</ele><time>2023-05-13T20:51:46Z</time></trkpt><trkpt lat="47.49989" lon="-121.757247"><ele>426.0</ele><time>2023-05-13T20:51:48Z</time></trkpt><trkpt lat="47.499913" lon="-121.757297"><ele>426.0</ele><time>2023-05-13T20:51:50Z</time></trkpt><trkpt lat="47.499957" lon="-121.757283"><ele>426.0</ele><time>2023-05-13T20:51:52Z</time></trkpt><trkpt lat="47.49998" lon="-121.757235"><ele>426.8</ele><time>2023-05-13T20:51:53Z</time></trkpt><trkpt lat="47.499988" lon="-121.757189"><ele>425.0</ele><time>2023-05-13T20:51:55Z</time></trkpt><trkpt lat="47.500081" lon="-121.757126"><ele>426.0</ele><time>2023-05-13T20:52:02Z</time></trkpt><trkpt lat="47.500136" lon="-121.75706"><ele>426.0</ele><time>2023-05-13T20:52:06Z</time></trkpt><trkpt lat="47.500204" lon="-121.757056"><ele>426.0</ele><time>2023-05-13T20:52:10Z</time></trkpt><trkpt lat="47.500227" lon="-121.757017"><ele>425.0</ele><time>2023-05-13T20:52:12Z</time></trkpt><trkpt lat="47.500257" lon="-121.756925"><ele>425.0</ele><time>2023-05-13T20:52:16Z</time></trkpt><trkpt lat="47.50023" lon="-121.756886"><ele>425.5</ele><time>2023-05-13T20:52:17Z</time></trkpt><trkpt lat="47.500222" lon="-121.756853"><ele>424.0</ele><time>2023-05-13T20:52:19Z</time></trkpt><trkpt lat="47.500254" lon="-121.756787"><ele>424.0</ele><time>2023-05-13T20:52:25Z</time></trkpt><trkpt lat="47.500179" lon="-121.756729"><ele>420.0</ele><time>2023-05-13T20:52:51Z</time></trkpt><trkpt lat="47.50023" lon="-121.756743"><ele>425.0</ele><time>2023-05-13T20:53:04Z</time></trkpt><trkpt lat="47.50029" lon="-121.756675"><ele>424.0</ele><time>2023-05-13T20:53:08Z</time></trkpt><trkpt lat="47.500337" lon="-121.756689"><ele>420.0</ele><time>2023-05-13T20:53:12Z</time></trkpt><trkpt lat="47.500342" lon="-121.756632"><ele>421.0</ele><time>2023-05-13T20:53:17Z</time></trkpt><trkpt lat="47.500425" lon="-121.756558"><ele>417.0</ele><time>2023-05-13T20:53:29Z</time></trkpt><trkpt lat="47.500468" lon="-121.756548"><ele>415.0</ele><time>2023-05-13T20:53:46Z</time></trkpt><trkpt lat="47.500503" lon="-121.75651"><ele>415.0</ele><time>2023-05-13T20:54:02Z</time></trkpt><trkpt lat="47.50053" lon="-121.756564"><ele>415.7</ele><time>2023-05-13T20:54:08Z</time></trkpt><trkpt lat="47.500568" lon="-121.756571"><ele>411.0</ele><time>2023-05-13T20:54:11Z</time></trkpt><trkpt lat="47.50056" lon="-121.756499"><ele>408.0</ele><time>2023-05-13T20:54:15Z</time></trkpt><trkpt lat="47.500512" lon="-121.756371"><ele>405.0</ele><time>2023-05-13T20:54:24Z</time></trkpt><trkpt lat="47.500492" lon="-121.756334"><ele>403.0</ele><time>2023-05-13T20:54:26Z</time></trkpt><trkpt lat="47.500464" lon="-121.756345"><ele>403.0</ele><time>2023-05-13T20:54:29Z</time></trkpt><trkpt lat="47.500417" lon="-121.756255"><ele>403.0</ele><time>2023-05-13T20:54:34Z</time></trkpt><trkpt lat="47.500412" lon="-121.756205"><ele>399.0</ele><time>2023-05-13T20:54:38Z</time></trkpt><trkpt lat="47.500477" lon="-121.75624"><ele>400.0</ele><time>2023-05-13T20:54:47Z</time></trkpt><trkpt lat="47.500473" lon="-121.756163"><ele>400.0</ele><time>2023-05-13T20:54:52Z</time></trkpt><trkpt lat="47.500504" lon="-121.756186"><ele>401.1</ele><time>2023-05-13T20:54:54Z</time></trkpt><trkpt lat="47.500619" lon="-121.75632"><ele>396.0</ele><time>2023-05-13T20:55:04Z</time></trkpt><trkpt lat="47.500667" lon="-121.756337"><ele>392.0</ele><time>2023-05-13T20:55:12Z</time></trkpt><trkpt lat="47.50076" lon="-121.756413"><ele>394.0</ele><time>2023-05-13T20:55:24Z</time></trkpt><trkpt lat="47.500789" lon="-121.756466"><ele>395.0</ele><time>2023-05-13T20:55:27Z</time></trkpt><trkpt lat="47.500817" lon="-121.756594"><ele>396.0</ele><time>2023-05-13T20:55:33Z</time></trkpt><trkpt lat="47.500837" lon="-121.756642"><ele>396.0</ele><time>2023-05-13T20:55:36Z</time></trkpt><trkpt lat="47.500864" lon="-121.756669"><ele>397.9</ele><time>2023-05-13T20:55:37Z</time></trkpt><trkpt lat="47.500929" lon="-121.756679"><ele>399.0</ele><time>2023-05-13T20:55:41Z</time></trkpt><trkpt lat="47.500951" lon="-121.756714"><ele>399.0</ele><time>2023-05-13T20:55:43Z</time></trkpt><trkpt lat="47.500987" lon="-121.756698"><ele>396.0</ele><time>2023-05-13T20:55:47Z</time></trkpt><trkpt lat="47.501" lon="-121.756615"><ele>391.0</ele><time>2023-05-13T20:55:51Z</time></trkpt><trkpt lat="47.501058" lon="-121.756577"><ele>384.0</ele><time>2023-05-13T20:56:01Z</time></trkpt><trkpt lat="47.50108" lon="-121.756549"><ele>388.0</ele><time>2023-05-13T20:56:06Z</time></trkpt><trkpt lat="47.501098" lon="-121.756495"><ele>384.0</ele><time>2023-05-13T20:56:11Z</time></trkpt><trkpt lat="47.501146" lon="-121.756504"><ele>384.0</ele><time>2023-05-13T20:56:19Z</time></trkpt><trkpt lat="47.501176" lon="-121.756565"><ele>385.0</ele><time>2023-05-13T20:56:23Z</time></trkpt><trkpt lat="47.501172" lon="-121.756609"><ele>384.0</ele><time>2023-05-13T20:56:25Z</time></trkpt><trkpt lat="47.501148" lon="-121.756676"><ele>385.0</ele><time>2023-05-13T20:56:33Z</time></trkpt><trkpt lat="47.501154" lon="-121.756727"><ele>384.0</ele><time>2023-05-13T20:56:39Z</time></trkpt><trkpt lat="47.50119" lon="-121.756736"><ele>384.0</ele><time>2023-05-13T20:56:42Z</time></trkpt><trkpt lat="47.501235" lon="-121.756711"><ele>382.0</ele><time>2023-05-13T20:56:45Z</time></trkpt><trkpt lat="47.501255" lon="-121.756756"><ele>384.0</ele><time>2023-05-13T20:56:48Z</time></trkpt><trkpt lat="47.501239" lon="-121.756837"><ele>379.0</ele><time>2023-05-13T20:56:53Z</time></trkpt><trkpt lat="47.501258" lon="-121.756872"><ele>378.0</ele><time>2023-05-13T20:56:56Z</time></trkpt><trkpt lat="47.501214" lon="-121.756926"><ele>379.0</ele><time>2023-05-13T20:57:02Z</time></trkpt><trkpt lat="47.50122" lon="-121.756859"><ele>378.0</ele><time>2023-05-13T20:57:10Z</time></trkpt><trkpt lat="47.501222" lon="-121.7569"><ele>380.0</ele><time>2023-05-13T20:57:14Z</time></trkpt><trkpt lat="47.501174" lon="-121.757037"><ele>380.0</ele><time>2023-05-13T20:57:23Z</time></trkpt><trkpt lat="47.501127" lon="-121.757068"><ele>379.6</ele><time>2023-05-13T20:57:26Z</time></trkpt><trkpt lat="47.501131" lon="-121.757118"><ele>379.0</ele><time>2023-05-13T20:57:28Z</time></trkpt><trkpt lat="47.501097" lon="-121.757163"><ele>380.0</ele><time>2023-05-13T20:57:31Z</time></trkpt><trkpt lat="47.501106" lon="-121.757198"><ele>379.0</ele><time>2023-05-13T20:57:33Z</time></trkpt><trkpt lat="47.501078" lon="-121.757222"><ele>379.4</ele><time>2023-05-13T20:57:34Z</time></trkpt><trkpt lat="47.50104" lon="-121.757298"><ele>380.0</ele><time>2023-05-13T20:57:38Z</time></trkpt><trkpt lat="47.501041" lon="-121.75743"><ele>380.0</ele><time>2023-05-13T20:57:45Z</time></trkpt><trkpt lat="47.501075" lon="-121.757553"><ele>375.0</ele><time>2023-05-13T20:57:54Z</time></trkpt><trkpt lat="47.501016" lon="-121.757749"><ele>372.0</ele><time>2023-05-13T20:58:04Z</time></trkpt><trkpt lat="47.501012" lon="-121.7578"><ele>374.0</ele><time>2023-05-13T20:58:07Z</time></trkpt><trkpt lat="47.501029" lon="-121.757912"><ele>372.3</ele><time>2023-05-13T20:58:12Z</time></trkpt><trkpt lat="47.501057" lon="-121.757928"><ele>370.0</ele><time>2023-05-13T20:58:14Z</time></trkpt><trkpt lat="47.501106" lon="-121.757883"><ele>368.0</ele><time>2023-05-13T20:58:17Z</time></trkpt><trkpt lat="47.5012" lon="-121.757843"><ele>364.0</ele><time>2023-05-13T20:58:24Z</time></trkpt><trkpt lat="47.501349" lon="-121.757828"><ele>360.0</ele><time>2023-05-13T20:58:34Z</time></trkpt><trkpt lat="47.501412" lon="-121.757857"><ele>360.0</ele><time>2023-05-13T20:58:38Z</time></trkpt><trkpt lat="47.501452" lon="-121.757853"><ele>362.0</ele><time>2023-05-13T20:58:40Z</time></trkpt><trkpt lat="47.501526" lon="-121.75778"><ele>360.0</ele><time>2023-05-13T20:58:46Z</time></trkpt><trkpt lat="47.501581" lon="-121.757751"><ele>360.0</ele><time>2023-05-13T20:58:51Z</time></trkpt><trkpt lat="47.501646" lon="-121.757662"><ele>360.0</ele><time>2023-05-13T20:59:00Z</time></trkpt><trkpt lat="47.501711" lon="-121.757637"><ele>360.0</ele><time>2023-05-13T20:59:04Z</time></trkpt><trkpt lat="47.501743" lon="-121.757591"><ele>360.0</ele><time>2023-05-13T20:59:07Z</time></trkpt><trkpt lat="47.501779" lon="-121.757589"><ele>360.0</ele><time>2023-05-13T20:59:09Z</time></trkpt><trkpt lat="47.501795" lon="-121.757624"><ele>360.0</ele><time>2023-05-13T20:59:11Z</time></trkpt><trkpt lat="47.501779" lon="-121.75768"><ele>359.0</ele><time>2023-05-13T20:59:13Z</time></trkpt><trkpt lat="47.501749" lon="-121.75771"><ele>360.3</ele><time>2023-05-13T20:59:15Z</time></trkpt><trkpt lat="47.501736" lon="-121.757744"><ele>358.0</ele><time>2023-05-13T20:59:16Z</time></trkpt><trkpt lat="47.501753" lon="-121.757811"><ele>360.0</ele><time>2023-05-13T20:59:19Z</time></trkpt><trkpt lat="47.501755" lon="-121.757886"><ele>357.0</ele><time>2023-05-13T20:59:23Z</time></trkpt><trkpt lat="47.501784" lon="-121.7579"><ele>356.0</ele><time>2023-05-13T20:59:25Z</time></trkpt><trkpt lat="47.501838" lon="-121.757823"><ele>355.4</ele><time>2023-05-13T20:59:28Z</time></trkpt><trkpt lat="47.501895" lon="-121.757779"><ele>352.0</ele><time>2023-05-13T20:59:31Z</time></trkpt><trkpt lat="47.501968" lon="-121.757766"><ele>352.0</ele><time>2023-05-13T20:59:35Z</time></trkpt><trkpt lat="47.502001" lon="-121.757773"><ele>354.0</ele><time>2023-05-13T20:59:37Z</time></trkpt><trkpt lat="47.502036" lon="-121.757748"><ele>353.0</ele><time>2023-05-13T20:59:39Z</time></trkpt><trkpt lat="47.502066" lon="-121.757685"><ele>353.8</ele><time>2023-05-13T20:59:42Z</time></trkpt><trkpt lat="47.502091" lon="-121.757709"><ele>352.0</ele><time>2023-05-13T20:59:44Z</time></trkpt><trkpt lat="47.502122" lon="-121.757696"><ele>350.0</ele><time>2023-05-13T20:59:47Z</time></trkpt><trkpt lat="47.502267" lon="-121.757573"><ele>348.7</ele><time>2023-05-13T20:59:56Z</time></trkpt><trkpt lat="47.502282" lon="-121.757517"><ele>346.0</ele><time>2023-05-13T20:59:59Z</time></trkpt><trkpt lat="47.502321" lon="-121.757538"><ele>349.0</ele><time>2023-05-13T21:00:01Z</time></trkpt><trkpt lat="47.502399" lon="-121.757408"><ele>349.0</ele><time>2023-05-13T21:00:09Z</time></trkpt><trkpt lat="47.502385" lon="-121.757346"><ele>346.0</ele><time>2023-05-13T21:00:12Z</time></trkpt><trkpt lat="47.502381" lon="-121.757247"><ele>347.0</ele><time>2023-05-13T21:00:17Z</time></trkpt><trkpt lat="47.502436" lon="-121.757195"><ele>344.0</ele><time>2023-05-13T21:00:24Z</time></trkpt><trkpt lat="47.502495" lon="-121.757213"><ele>345.0</ele><time>2023-05-13T21:00:28Z</time></trkpt><trkpt lat="47.502549" lon="-121.757273"><ele>344.0</ele><time>2023-05-13T21:00:34Z</time></trkpt><trkpt lat="47.502589" lon="-121.757282"><ele>345.0</ele><time>2023-05-13T21:00:38Z</time></trkpt><trkpt lat="47.502645" lon="-121.757201"><ele>344.0</ele><time>2023-05-13T21:00:43Z</time></trkpt><trkpt lat="47.502633" lon="-121.757084"><ele>340.0</ele><time>2023-05-13T21:00:50Z</time></trkpt><trkpt lat="47.502654" lon="-121.757013"><ele>340.0</ele><time>2023-05-13T21:00:54Z</time></trkpt><trkpt lat="47.502647" lon="-121.756974"><ele>340.1</ele><time>2023-05-13T21:00:56Z</time></trkpt><trkpt lat="47.502671" lon="-121.756911"><ele>338.0</ele><time>2023-05-13T21:01:00Z</time></trkpt><trkpt lat="47.502684" lon="-121.756754"><ele>334.0</ele><time>2023-05-13T21:01:08Z</time></trkpt><trkpt lat="47.502718" lon="-121.756687"><ele>335.0</ele><time>2023-05-13T21:01:14Z</time></trkpt><trkpt lat="47.50269" lon="-121.756558"><ele>333.0</ele><time>2023-05-13T21:01:21Z</time></trkpt><trkpt lat="47.502692" lon="-121.756519"><ele>333.0</ele><time>2023-05-13T21:01:24Z</time></trkpt><trkpt lat="47.502759" lon="-121.756453"><ele>332.0</ele><time>2023-05-13T21:01:29Z</time></trkpt><trkpt lat="47.502775" lon="-121.756399"><ele>333.0</ele><time>2023-05-13T21:01:32Z</time></trkpt><trkpt lat="47.502832" lon="-121.756358"><ele>330.0</ele><time>2023-05-13T21:01:39Z</time></trkpt><trkpt lat="47.502843" lon="-121.756329"><ele>332.0</ele><time>2023-05-13T21:01:42Z</time></trkpt><trkpt lat="47.502807" lon="-121.756301"><ele>331.0</ele><time>2023-05-13T21:01:45Z</time></trkpt><trkpt lat="47.502761" lon="-121.756284"><ele>326.0</ele><time>2023-05-13T21:01:47Z</time></trkpt><trkpt lat="47.502724" lon="-121.756296"><ele>327.0</ele><time>2023-05-13T21:01:50Z</time></trkpt><trkpt lat="47.502655" lon="-121.756237"><ele>328.0</ele><time>2023-05-13T21:01:56Z</time></trkpt><trkpt lat="47.502614" lon="-121.756186"><ele>328.0</ele><time>2023-05-13T21:02:07Z</time></trkpt><trkpt lat="47.502604" lon="-121.756123"><ele>327.0</ele><time>2023-05-13T21:02:12Z</time></trkpt><trkpt lat="47.502559" lon="-121.75607"><ele>328.0</ele><time>2023-05-13T21:02:15Z</time></trkpt><trkpt lat="47.502519" lon="-121.756064"><ele>328.0</ele><time>2023-05-13T21:02:20Z</time></trkpt><trkpt lat="47.502503" lon="-121.756023"><ele>328.0</ele><time>2023-05-13T21:02:22Z</time></trkpt><trkpt lat="47.502407" lon="-121.755942"><ele>328.0</ele><time>2023-05-13T21:02:31Z</time></trkpt><trkpt lat="47.502389" lon="-121.755908"><ele>328.0</ele><time>2023-05-13T21:02:34Z</time></trkpt><trkpt lat="47.502355" lon="-121.755907"><ele>324.0</ele><time>2023-05-13T21:02:38Z</time></trkpt><trkpt lat="47.502319" lon="-121.755858"><ele>324.0</ele><time>2023-05-13T21:02:42Z</time></trkpt><trkpt lat="47.502254" lon="-121.755851"><ele>324.0</ele><time>2023-05-13T21:02:46Z</time></trkpt><trkpt lat="47.502246" lon="-121.75582"><ele>324.0</ele><time>2023-05-13T21:02:48Z</time></trkpt><trkpt lat="47.502186" lon="-121.755741"><ele>326.0</ele><time>2023-05-13T21:02:52Z</time></trkpt><trkpt lat="47.502169" lon="-121.755699"><ele>326.0</ele><time>2023-05-13T21:02:54Z</time></trkpt><trkpt lat="47.50214" lon="-121.755682"><ele>326.0</ele><time>2023-05-13T21:02:56Z</time></trkpt><trkpt lat="47.502104" lon="-121.755683"><ele>327.0</ele><time>2023-05-13T21:02:58Z</time></trkpt><trkpt lat="47.502102" lon="-121.755637"><ele>328.0</ele><time>2023-05-13T21:03:00Z</time></trkpt><trkpt lat="47.502028" lon="-121.75555"><ele>326.0</ele><time>2023-05-13T21:03:09Z</time></trkpt><trkpt lat="47.502009" lon="-121.755486"><ele>327.0</ele><time>2023-05-13T21:03:13Z</time></trkpt><trkpt lat="47.501971" lon="-121.755464"><ele>328.0</ele><time>2023-05-13T21:03:17Z</time></trkpt><trkpt lat="47.501888" lon="-121.755454"><ele>327.0</ele><time>2023-05-13T21:03:23Z</time></trkpt><trkpt lat="47.501857" lon="-121.755472"><ele>327.0</ele><time>2023-05-13T21:03:26Z</time></trkpt><trkpt lat="47.501819" lon="-121.755452"><ele>329.0</ele><time>2023-05-13T21:03:30Z</time></trkpt><trkpt lat="47.501829" lon="-121.755413"><ele>330.6</ele><time>2023-05-13T21:03:31Z</time></trkpt><trkpt lat="47.501795" lon="-121.755378"><ele>330.0</ele><time>2023-05-13T21:03:33Z</time></trkpt><trkpt lat="47.501707" lon="-121.755376"><ele>330.0</ele><time>2023-05-13T21:03:38Z</time></trkpt><trkpt lat="47.501655" lon="-121.755328"><ele>330.0</ele><time>2023-05-13T21:03:43Z</time></trkpt><trkpt lat="47.501617" lon="-121.755315"><ele>333.0</ele><time>2023-05-13T21:03:46Z</time></trkpt><trkpt lat="47.501531" lon="-121.755251"><ele>331.0</ele><time>2023-05-13T21:03:54Z</time></trkpt><trkpt lat="47.501505" lon="-121.755184"><ele>332.0</ele><time>2023-05-13T21:03:58Z</time></trkpt><trkpt lat="47.501472" lon="-121.755158"><ele>334.0</ele><time>2023-05-13T21:04:01Z</time></trkpt><trkpt lat="47.501385" lon="-121.755149"><ele>336.0</ele><time>2023-05-13T21:04:07Z</time></trkpt><trkpt lat="47.501334" lon="-121.75522"><ele>339.0</ele><time>2023-05-13T21:04:12Z</time></trkpt><trkpt lat="47.501293" lon="-121.755196"><ele>339.0</ele><time>2023-05-13T21:04:15Z</time></trkpt><trkpt lat="47.501245" lon="-121.75509"><ele>340.0</ele><time>2023-05-13T21:04:22Z</time></trkpt><trkpt lat="47.501246" lon="-121.755045"><ele>340.0</ele><time>2023-05-13T21:04:24Z</time></trkpt><trkpt lat="47.501151" lon="-121.754973"><ele>338.0</ele><time>2023-05-13T21:04:32Z</time></trkpt><trkpt lat="47.501063" lon="-121.754949"><ele>339.0</ele><time>2023-05-13T21:04:40Z</time></trkpt><trkpt lat="47.50103" lon="-121.754923"><ele>340.0</ele><time>2023-05-13T21:04:43Z</time></trkpt><trkpt lat="47.501023" lon="-121.754888"><ele>341.0</ele><time>2023-05-13T21:04:46Z</time></trkpt><trkpt lat="47.500984" lon="-121.754862"><ele>340.0</ele><time>2023-05-13T21:04:52Z</time></trkpt><trkpt lat="47.500933" lon="-121.754846"><ele>340.8</ele><time>2023-05-13T21:04:57Z</time></trkpt><trkpt lat="47.500896" lon="-121.754857"><ele>341.0</ele><time>2023-05-13T21:05:00Z</time></trkpt><trkpt lat="47.500876" lon="-121.754832"><ele>336.0</ele><time>2023-05-13T21:05:05Z</time></trkpt><trkpt lat="47.500849" lon="-121.754853"><ele>336.0</ele><time>2023-05-13T21:05:10Z</time></trkpt><trkpt lat="47.500812" lon="-121.754851"><ele>335.0</ele><time>2023-05-13T21:05:14Z</time></trkpt><trkpt lat="47.500816" lon="-121.754812"><ele>335.0</ele><time>2023-05-13T21:05:17Z</time></trkpt><trkpt lat="47.500697" lon="-121.754815"><ele>335.0</ele><time>2023-05-13T21:05:23Z</time></trkpt><trkpt lat="47.500614" lon="-121.754765"><ele>332.0</ele><time>2023-05-13T21:05:34Z</time></trkpt><trkpt lat="47.500571" lon="-121.754779"><ele>336.4</ele><time>2023-05-13T21:05:36Z</time></trkpt><trkpt lat="47.500557" lon="-121.754745"><ele>336.0</ele><time>2023-05-13T21:05:39Z</time></trkpt><trkpt lat="47.500481" lon="-121.754718"><ele>338.7</ele><time>2023-05-13T21:05:44Z</time></trkpt><trkpt lat="47.500451" lon="-121.754753"><ele>337.4</ele><time>2023-05-13T21:05:46Z</time></trkpt><trkpt lat="47.500414" lon="-121.754731"><ele>336.0</ele><time>2023-05-13T21:05:49Z</time></trkpt><trkpt lat="47.500374" lon="-121.754729"><ele>336.0</ele><time>2023-05-13T21:05:53Z</time></trkpt><trkpt lat="47.500344" lon="-121.754701"><ele>338.0</ele><time>2023-05-13T21:05:56Z</time></trkpt><trkpt lat="47.500275" lon="-121.754718"><ele>339.0</ele><time>2023-05-13T21:06:01Z</time></trkpt><trkpt lat="47.500242" lon="-121.754714"><ele>339.0</ele><time>2023-05-13T21:06:04Z</time></trkpt><trkpt lat="47.500216" lon="-121.754695"><ele>336.0</ele><time>2023-05-13T21:06:08Z</time></trkpt><trkpt lat="47.500152" lon="-121.754694"><ele>332.0</ele><time>2023-05-13T21:06:19Z</time></trkpt><trkpt lat="47.500118" lon="-121.754664"><ele>332.0</ele><time>2023-05-13T21:06:22Z</time></trkpt><trkpt lat="47.500014" lon="-121.754642"><ele>332.0</ele><time>2023-05-13T21:06:32Z</time></trkpt><trkpt lat="47.499955" lon="-121.754582"><ele>330.0</ele><time>2023-05-13T21:06:38Z</time></trkpt><trkpt lat="47.499912" lon="-121.754579"><ele>330.0</ele><time>2023-05-13T21:06:40Z</time></trkpt><trkpt lat="47.499837" lon="-121.754625"><ele>330.0</ele><time>2023-05-13T21:06:45Z</time></trkpt><trkpt lat="47.499796" lon="-121.754612"><ele>329.0</ele><time>2023-05-13T21:06:52Z</time></trkpt><trkpt lat="47.49976" lon="-121.754565"><ele>327.0</ele><time>2023-05-13T21:06:58Z</time></trkpt><trkpt lat="47.499674" lon="-121.7545"><ele>327.0</ele><time>2023-05-13T21:07:05Z</time></trkpt><trkpt lat="47.499595" lon="-121.754561"><ele>326.0</ele><time>2023-05-13T21:07:09Z</time></trkpt><trkpt lat="47.499563" lon="-121.754495"><ele>324.0</ele><time>2023-05-13T21:07:13Z</time></trkpt><trkpt lat="47.499512" lon="-121.754464"><ele>326.0</ele><time>2023-05-13T21:07:17Z</time></trkpt><trkpt lat="47.499415" lon="-121.754358"><ele>326.0</ele><time>2023-05-13T21:07:28Z</time></trkpt><trkpt lat="47.499347" lon="-121.754304"><ele>325.0</ele><time>2023-05-13T21:07:33Z</time></trkpt><trkpt lat="47.499274" lon="-121.754302"><ele>324.0</ele><time>2023-05-13T21:07:38Z</time></trkpt><trkpt lat="47.499238" lon="-121.754327"><ele>326.0</ele><time>2023-05-13T21:07:41Z</time></trkpt><trkpt lat="47.499184" lon="-121.754389"><ele>326.0</ele><time>2023-05-13T21:07:48Z</time></trkpt><trkpt lat="47.499155" lon="-121.7544"><ele>324.0</ele><time>2023-05-13T21:07:50Z</time></trkpt><trkpt lat="47.499089" lon="-121.754373"><ele>325.0</ele><time>2023-05-13T21:07:56Z</time></trkpt><trkpt lat="47.499065" lon="-121.754341"><ele>324.0</ele><time>2023-05-13T21:07:58Z</time></trkpt><trkpt lat="47.499029" lon="-121.754316"><ele>324.0</ele><time>2023-05-13T21:08:00Z</time></trkpt><trkpt lat="47.498926" lon="-121.754287"><ele>322.0</ele><time>2023-05-13T21:08:06Z</time></trkpt><trkpt lat="47.498895" lon="-121.754333"><ele>324.0</ele><time>2023-05-13T21:08:08Z</time></trkpt><trkpt lat="47.49886" lon="-121.754365"><ele>321.0</ele><time>2023-05-13T21:08:10Z</time></trkpt><trkpt lat="47.498826" lon="-121.754373"><ele>321.0</ele><time>2023-05-13T21:08:12Z</time></trkpt><trkpt lat="47.498746" lon="-121.75435"><ele>318.0</ele><time>2023-05-13T21:08:23Z</time></trkpt><trkpt lat="47.498709" lon="-121.754361"><ele>320.8</ele><time>2023-05-13T21:08:25Z</time></trkpt><trkpt lat="47.498679" lon="-121.754403"><ele>320.0</ele><time>2023-05-13T21:08:27Z</time></trkpt><trkpt lat="47.49863" lon="-121.754424"><ele>320.0</ele><time>2023-05-13T21:08:31Z</time></trkpt><trkpt lat="47.498593" lon="-121.754415"><ele>321.0</ele><time>2023-05-13T21:08:33Z</time></trkpt><trkpt lat="47.498553" lon="-121.754362"><ele>320.0</ele><time>2023-05-13T21:08:39Z</time></trkpt><trkpt lat="47.49855" lon="-121.75433"><ele>320.0</ele><time>2023-05-13T21:08:42Z</time></trkpt><trkpt lat="47.498521" lon="-121.754304"><ele>320.0</ele><time>2023-05-13T21:08:46Z</time></trkpt><trkpt lat="47.498495" lon="-121.754321"><ele>319.0</ele><time>2023-05-13T21:08:49Z</time></trkpt><trkpt lat="47.498465" lon="-121.754371"><ele>317.0</ele><time>2023-05-13T21:08:53Z</time></trkpt><trkpt lat="47.498376" lon="-121.754414"><ele>315.0</ele><time>2023-05-13T21:09:01Z</time></trkpt><trkpt lat="47.498286" lon="-121.754389"><ele>312.0</ele><time>2023-05-13T21:09:12Z</time></trkpt><trkpt lat="47.498255" lon="-121.754405"><ele>315.0</ele><time>2023-05-13T21:09:17Z</time></trkpt><trkpt lat="47.498222" lon="-121.754457"><ele>314.0</ele><time>2023-05-13T21:09:19Z</time></trkpt><trkpt lat="47.498189" lon="-121.754473"><ele>308.0</ele><time>2023-05-13T21:09:31Z</time></trkpt><trkpt lat="47.498187" lon="-121.754393"><ele>318.0</ele><time>2023-05-13T21:09:52Z</time></trkpt><trkpt lat="47.498152" lon="-121.754459"><ele>314.4</ele><time>2023-05-13T21:10:42Z</time></trkpt><trkpt lat="47.498114" lon="-121.754442"><ele>323.0</ele><time>2023-05-13T21:10:44Z</time></trkpt><trkpt lat="47.498099" lon="-121.754444"><ele>318.0</ele><time>2023-05-13T21:10:49Z</time></trkpt><trkpt lat="47.498093" lon="-121.754366"><ele>311.0</ele><time>2023-05-13T21:10:53Z</time></trkpt><trkpt lat="47.49804" lon="-121.754342"><ele>309.0</ele><time>2023-05-13T21:10:58Z</time></trkpt><trkpt lat="47.498038" lon="-121.754293"><ele>307.8</ele><time>2023-05-13T21:11:00Z</time></trkpt><trkpt lat="47.498008" lon="-121.754269"><ele>305.0</ele><time>2023-05-13T21:11:02Z</time></trkpt><trkpt lat="47.497961" lon="-121.754264"><ele>306.0</ele><time>2023-05-13T21:11:05Z</time></trkpt><trkpt lat="47.497932" lon="-121.754276"><ele>304.0</ele><time>2023-05-13T21:11:07Z</time></trkpt><trkpt lat="47.497911" lon="-121.754319"><ele>303.3</ele><time>2023-05-13T21:11:08Z</time></trkpt><trkpt lat="47.497879" lon="-121.754295"><ele>302.0</ele><time>2023-05-13T21:11:10Z</time></trkpt><trkpt lat="47.497857" lon="-121.75426"><ele>301.0</ele><time>2023-05-13T21:11:12Z</time></trkpt><trkpt lat="47.497821" lon="-121.754277"><ele>301.0</ele><time>2023-05-13T21:11:14Z</time></trkpt><trkpt lat="47.497779" lon="-121.754363"><ele>302.0</ele><time>2023-05-13T21:11:18Z</time></trkpt><trkpt lat="47.497739" lon="-121.754386"><ele>300.0</ele><time>2023-05-13T21:11:22Z</time></trkpt><trkpt lat="47.497728" lon="-121.754317"><ele>300.0</ele><time>2023-05-13T21:11:27Z</time></trkpt><trkpt lat="47.497523" lon="-121.754106"><ele>302.0</ele><time>2023-05-13T21:11:42Z</time></trkpt><trkpt lat="47.497494" lon="-121.754098"><ele>301.0</ele><time>2023-05-13T21:11:44Z</time></trkpt><trkpt lat="47.497417" lon="-121.754104"><ele>300.0</ele><time>2023-05-13T21:11:49Z</time></trkpt><trkpt lat="47.497389" lon="-121.754049"><ele>297.0</ele><time>2023-05-13T21:11:52Z</time></trkpt><trkpt lat="47.497351" lon="-121.754202"><ele>295.0</ele><time>2023-05-13T21:11:59Z</time></trkpt><trkpt lat="47.497371" lon="-121.75429"><ele>296.0</ele><time>2023-05-13T21:12:02Z</time></trkpt><trkpt lat="47.497371" lon="-121.754338"><ele>296.1</ele><time>2023-05-13T21:12:03Z</time></trkpt><trkpt lat="47.497349" lon="-121.754379"><ele>293.0</ele><time>2023-05-13T21:12:06Z</time></trkpt><trkpt lat="47.497323" lon="-121.754346"><ele>294.0</ele><time>2023-05-13T21:12:09Z</time></trkpt><trkpt lat="47.497294" lon="-121.754333"><ele>293.0</ele><time>2023-05-13T21:12:12Z</time></trkpt><trkpt lat="47.497254" lon="-121.754246"><ele>290.0</ele><time>2023-05-13T21:12:17Z</time></trkpt><trkpt lat="47.497225" lon="-121.75423"><ele>291.0</ele><time>2023-05-13T21:12:19Z</time></trkpt><trkpt lat="47.497176" lon="-121.754154"><ele>291.0</ele><time>2023-05-13T21:12:23Z</time></trkpt><trkpt lat="47.497161" lon="-121.754175"><ele>288.0</ele><time>2023-05-13T21:12:27Z</time></trkpt><trkpt lat="47.497129" lon="-121.754188"><ele>288.0</ele><time>2023-05-13T21:12:30Z</time></trkpt><trkpt lat="47.497096" lon="-121.754175"><ele>287.0</ele><time>2023-05-13T21:12:33Z</time></trkpt><trkpt lat="47.497067" lon="-121.75419"><ele>285.0</ele><time>2023-05-13T21:12:37Z</time></trkpt><trkpt lat="47.497009" lon="-121.754194"><ele>285.0</ele><time>2023-05-13T21:12:40Z</time></trkpt><trkpt lat="47.496975" lon="-121.754172"><ele>285.0</ele><time>2023-05-13T21:12:43Z</time></trkpt><trkpt lat="47.496936" lon="-121.754161"><ele>283.0</ele><time>2023-05-13T21:12:46Z</time></trkpt><trkpt lat="47.496898" lon="-121.754217"><ele>283.9</ele><time>2023-05-13T21:12:50Z</time></trkpt><trkpt lat="47.496867" lon="-121.754216"><ele>282.0</ele><time>2023-05-13T21:12:52Z</time></trkpt><trkpt lat="47.496782" lon="-121.754177"><ele>283.0</ele><time>2023-05-13T21:12:57Z</time></trkpt><trkpt lat="47.496696" lon="-121.754079"><ele>284.0</ele><time>2023-05-13T21:13:04Z</time></trkpt><trkpt lat="47.496664" lon="-121.754066"><ele>284.7</ele><time>2023-05-13T21:13:05Z</time></trkpt><trkpt lat="47.496631" lon="-121.754066"><ele>282.0</ele><time>2023-05-13T21:13:06Z</time></trkpt><trkpt lat="47.496597" lon="-121.754021"><ele>281.9</ele><time>2023-05-13T21:13:09Z</time></trkpt><trkpt lat="47.49653" lon="-121.753977"><ele>279.0</ele><time>2023-05-13T21:13:14Z</time></trkpt><trkpt lat="47.496503" lon="-121.753942"><ele>280.0</ele><time>2023-05-13T21:13:17Z</time></trkpt><trkpt lat="47.496442" lon="-121.753965"><ele>280.0</ele><time>2023-05-13T21:13:21Z</time></trkpt><trkpt lat="47.496415" lon="-121.753988"><ele>280.0</ele><time>2023-05-13T21:13:23Z</time></trkpt><trkpt lat="47.496377" lon="-121.754122"><ele>280.0</ele><time>2023-05-13T21:13:28Z</time></trkpt><trkpt lat="47.496319" lon="-121.754154"><ele>279.0</ele><time>2023-05-13T21:13:33Z</time></trkpt><trkpt lat="47.49629" lon="-121.754218"><ele>280.0</ele><time>2023-05-13T21:13:36Z</time></trkpt><trkpt lat="47.496281" lon="-121.754289"><ele>282.8</ele><time>2023-05-13T21:13:39Z</time></trkpt><trkpt lat="47.496286" lon="-121.754322"><ele>281.8</ele><time>2023-05-13T21:13:40Z</time></trkpt><trkpt lat="47.496272" lon="-121.754391"><ele>281.0</ele><time>2023-05-13T21:13:42Z</time></trkpt><trkpt lat="47.496291" lon="-121.754427"><ele>281.4</ele><time>2023-05-13T21:13:44Z</time></trkpt><trkpt lat="47.496275" lon="-121.754453"><ele>280.0</ele><time>2023-05-13T21:13:45Z</time></trkpt><trkpt lat="47.496273" lon="-121.754497"><ele>279.0</ele><time>2023-05-13T21:13:51Z</time></trkpt><trkpt lat="47.496251" lon="-121.754501"><ele>279.0</ele><time>2023-05-13T21:13:56Z</time></trkpt><trkpt lat="47.496162" lon="-121.754638"><ele>277.0</ele><time>2023-05-13T21:14:07Z</time></trkpt><trkpt lat="47.4961" lon="-121.754662"><ele>276.0</ele><time>2023-05-13T21:14:12Z</time></trkpt><trkpt lat="47.49607" lon="-121.754613"><ele>276.0</ele><time>2023-05-13T21:14:14Z</time></trkpt><trkpt lat="47.496033" lon="-121.754608"><ele>276.0</ele><time>2023-05-13T21:14:16Z</time></trkpt><trkpt lat="47.496007" lon="-121.754624"><ele>276.0</ele><time>2023-05-13T21:14:18Z</time></trkpt><trkpt lat="47.495954" lon="-121.754771"><ele>276.0</ele><time>2023-05-13T21:14:27Z</time></trkpt><trkpt lat="47.495948" lon="-121.754833"><ele>276.0</ele><time>2023-05-13T21:14:29Z</time></trkpt><trkpt lat="47.49596" lon="-121.754972"><ele>272.0</ele><time>2023-05-13T21:14:36Z</time></trkpt><trkpt lat="47.495942" lon="-121.755012"><ele>270.0</ele><time>2023-05-13T21:14:39Z</time></trkpt><trkpt lat="47.495914" lon="-121.754977"><ele>270.0</ele><time>2023-05-13T21:14:43Z</time></trkpt><trkpt lat="47.495885" lon="-121.754975"><ele>270.0</ele><time>2023-05-13T21:14:45Z</time></trkpt><trkpt lat="47.495814" lon="-121.755063"><ele>272.0</ele><time>2023-05-13T21:14:53Z</time></trkpt><trkpt lat="47.495812" lon="-121.755094"><ele>272.0</ele><time>2023-05-13T21:14:56Z</time></trkpt><trkpt lat="47.495783" lon="-121.755122"><ele>275.0</ele><time>2023-05-13T21:15:00Z</time></trkpt><trkpt lat="47.495727" lon="-121.755121"><ele>276.0</ele><time>2023-05-13T21:15:04Z</time></trkpt><trkpt lat="47.495699" lon="-121.755155"><ele>275.0</ele><time>2023-05-13T21:15:07Z</time></trkpt><trkpt lat="47.495657" lon="-121.75516"><ele>276.0</ele><time>2023-05-13T21:15:12Z</time></trkpt><trkpt lat="47.495624" lon="-121.755177"><ele>276.0</ele><time>2023-05-13T21:15:17Z</time></trkpt><trkpt lat="47.495601" lon="-121.755151"><ele>276.0</ele><time>2023-05-13T21:15:21Z</time></trkpt><trkpt lat="47.495594" lon="-121.755082"><ele>276.0</ele><time>2023-05-13T21:15:27Z</time></trkpt><trkpt lat="47.495597" lon="-121.755034"><ele>276.0</ele><time>2023-05-13T21:15:30Z</time></trkpt><trkpt lat="47.495617" lon="-121.754999"><ele>276.0</ele><time>2023-05-13T21:15:32Z</time></trkpt><trkpt lat="47.4956" lon="-121.754933"><ele>276.0</ele><time>2023-05-13T21:15:36Z</time></trkpt><trkpt lat="47.495497" lon="-121.75489"><ele>274.0</ele><time>2023-05-13T21:15:43Z</time></trkpt><trkpt lat="47.495446" lon="-121.754913"><ele>275.0</ele><time>2023-05-13T21:15:47Z</time></trkpt><trkpt lat="47.495416" lon="-121.754896"><ele>273.0</ele><time>2023-05-13T21:15:50Z</time></trkpt><trkpt lat="47.495367" lon="-121.75489"><ele>272.0</ele><time>2023-05-13T21:15:55Z</time></trkpt><trkpt lat="47.49534" lon="-121.754861"><ele>274.0</ele><time>2023-05-13T21:15:58Z</time></trkpt><trkpt lat="47.495269" lon="-121.754822"><ele>270.0</ele><time>2023-05-13T21:16:03Z</time></trkpt><trkpt lat="47.495213" lon="-121.754745"><ele>271.0</ele><time>2023-05-13T21:16:08Z</time></trkpt><trkpt lat="47.495174" lon="-121.754737"><ele>272.0</ele><time>2023-05-13T21:16:11Z</time></trkpt><trkpt lat="47.495132" lon="-121.754688"><ele>274.0</ele><time>2023-05-13T21:16:16Z</time></trkpt><trkpt lat="47.495072" lon="-121.754665"><ele>273.0</ele><time>2023-05-13T21:16:21Z</time></trkpt><trkpt lat="47.494968" lon="-121.754671"><ele>271.0</ele><time>2023-05-13T21:16:29Z</time></trkpt><trkpt lat="47.494924" lon="-121.754705"><ele>270.0</ele><time>2023-05-13T21:16:33Z</time></trkpt><trkpt lat="47.494891" lon="-121.754711"><ele>270.0</ele><time>2023-05-13T21:16:37Z</time></trkpt><trkpt lat="47.49487" lon="-121.754735"><ele>270.0</ele><time>2023-05-13T21:16:41Z</time></trkpt><trkpt lat="47.49479" lon="-121.754759"><ele>273.0</ele><time>2023-05-13T21:16:51Z</time></trkpt><trkpt lat="47.494758" lon="-121.754753"><ele>272.0</ele><time>2023-05-13T21:16:54Z</time></trkpt><trkpt lat="47.494721" lon="-121.754766"><ele>271.0</ele><time>2023-05-13T21:16:56Z</time></trkpt><trkpt lat="47.494688" lon="-121.754744"><ele>270.0</ele><time>2023-05-13T21:17:00Z</time></trkpt><trkpt lat="47.494645" lon="-121.754799"><ele>270.0</ele><time>2023-05-13T21:17:05Z</time></trkpt><trkpt lat="47.494612" lon="-121.754929"><ele>267.0</ele><time>2023-05-13T21:17:14Z</time></trkpt><trkpt lat="47.494581" lon="-121.754968"><ele>264.0</ele><time>2023-05-13T21:17:21Z</time></trkpt><trkpt lat="47.494474" lon="-121.755043"><ele>264.0</ele><time>2023-05-13T21:17:31Z</time></trkpt><trkpt lat="47.494464" lon="-121.755163"><ele>267.0</ele><time>2023-05-13T21:17:41Z</time></trkpt><trkpt lat="47.494412" lon="-121.755158"><ele>264.0</ele><time>2023-05-13T21:17:45Z</time></trkpt><trkpt lat="47.49437" lon="-121.755064"><ele>264.0</ele><time>2023-05-13T21:17:49Z</time></trkpt><trkpt lat="47.49434" lon="-121.755064"><ele>263.0</ele><time>2023-05-13T21:17:51Z</time></trkpt><trkpt lat="47.494245" lon="-121.75498"><ele>264.0</ele><time>2023-05-13T21:17:57Z</time></trkpt><trkpt lat="47.494219" lon="-121.754946"><ele>265.0</ele><time>2023-05-13T21:17:59Z</time></trkpt><trkpt lat="47.494184" lon="-121.754928"><ele>264.0</ele><time>2023-05-13T21:18:02Z</time></trkpt><trkpt lat="47.494159" lon="-121.754896"><ele>265.0</ele><time>2023-05-13T21:18:04Z</time></trkpt><trkpt lat="47.494132" lon="-121.754901"><ele>264.0</ele><time>2023-05-13T21:18:06Z</time></trkpt><trkpt lat="47.494077" lon="-121.754831"><ele>266.0</ele><time>2023-05-13T21:18:11Z</time></trkpt><trkpt lat="47.494045" lon="-121.754839"><ele>265.0</ele><time>2023-05-13T21:18:13Z</time></trkpt><trkpt lat="47.493982" lon="-121.754902"><ele>264.0</ele><time>2023-05-13T21:18:17Z</time></trkpt><trkpt lat="47.493971" lon="-121.755064"><ele>263.0</ele><time>2023-05-13T21:18:25Z</time></trkpt><trkpt lat="47.493951" lon="-121.7551"><ele>259.0</ele><time>2023-05-13T21:18:30Z</time></trkpt><trkpt lat="47.493912" lon="-121.755089"><ele>261.0</ele><time>2023-05-13T21:18:35Z</time></trkpt><trkpt lat="47.49389" lon="-121.755056"><ele>262.2</ele><time>2023-05-13T21:18:37Z</time></trkpt><trkpt lat="47.493873" lon="-121.755084"><ele>261.0</ele><time>2023-05-13T21:18:39Z</time></trkpt><trkpt lat="47.493847" lon="-121.755102"><ele>259.0</ele><time>2023-05-13T21:18:42Z</time></trkpt><trkpt lat="47.493843" lon="-121.75515"><ele>260.0</ele><time>2023-05-13T21:18:44Z</time></trkpt><trkpt lat="47.493829" lon="-121.755187"><ele>259.5</ele><time>2023-05-13T21:18:45Z</time></trkpt><trkpt lat="47.493741" lon="-121.755254"><ele>258.1</ele><time>2023-05-13T21:18:54Z</time></trkpt><trkpt lat="47.493714" lon="-121.755249"><ele>256.0</ele><time>2023-05-13T21:18:55Z</time></trkpt><trkpt lat="47.493693" lon="-121.755222"><ele>257.0</ele><time>2023-05-13T21:18:57Z</time></trkpt><trkpt lat="47.493615" lon="-121.755239"><ele>256.0</ele><time>2023-05-13T21:19:03Z</time></trkpt><trkpt lat="47.493552" lon="-121.755218"><ele>260.0</ele><time>2023-05-13T21:19:09Z</time></trkpt><trkpt lat="47.493516" lon="-121.75517"><ele>258.0</ele><time>2023-05-13T21:19:11Z</time></trkpt><trkpt lat="47.493476" lon="-121.755166"><ele>258.0</ele><time>2023-05-13T21:19:13Z</time></trkpt><trkpt lat="47.493437" lon="-121.755178"><ele>257.0</ele><time>2023-05-13T21:19:16Z</time></trkpt><trkpt lat="47.493343" lon="-121.755122"><ele>256.0</ele><time>2023-05-13T21:19:22Z</time></trkpt><trkpt lat="47.493306" lon="-121.755128"><ele>256.0</ele><time>2023-05-13T21:19:24Z</time></trkpt><trkpt lat="47.493257" lon="-121.755007"><ele>253.0</ele><time>2023-05-13T21:19:30Z</time></trkpt><trkpt lat="47.493219" lon="-121.755007"><ele>253.0</ele><time>2023-05-13T21:19:33Z</time></trkpt><trkpt lat="47.493197" lon="-121.75504"><ele>255.1</ele><time>2023-05-13T21:19:35Z</time></trkpt><trkpt lat="47.493167" lon="-121.75502"><ele>252.0</ele><time>2023-05-13T21:19:40Z</time></trkpt><trkpt lat="47.493123" lon="-121.755054"><ele>253.0</ele><time>2023-05-13T21:19:44Z</time></trkpt><trkpt lat="47.493092" lon="-121.755102"><ele>252.0</ele><time>2023-05-13T21:19:47Z</time></trkpt><trkpt lat="47.493012" lon="-121.755148"><ele>249.0</ele><time>2023-05-13T21:19:58Z</time></trkpt><trkpt lat="47.49298" lon="-121.755141"><ele>249.0</ele><time>2023-05-13T21:20:01Z</time></trkpt><trkpt lat="47.492949" lon="-121.755157"><ele>248.0</ele><time>2023-05-13T21:20:04Z</time></trkpt><trkpt lat="47.492934" lon="-121.755198"><ele>250.0</ele><time>2023-05-13T21:20:06Z</time></trkpt><trkpt lat="47.492893" lon="-121.75525"><ele>248.0</ele><time>2023-05-13T21:20:10Z</time></trkpt><trkpt lat="47.492857" lon="-121.755354"><ele>242.0</ele><time>2023-05-13T21:20:17Z</time></trkpt><trkpt lat="47.492832" lon="-121.755389"><ele>243.0</ele><time>2023-05-13T21:20:19Z</time></trkpt><trkpt lat="47.492851" lon="-121.755419"><ele>244.0</ele><time>2023-05-13T21:20:22Z</time></trkpt><trkpt lat="47.492862" lon="-121.755468"><ele>244.0</ele><time>2023-05-13T21:20:25Z</time></trkpt><trkpt lat="47.49286" lon="-121.755544"><ele>243.0</ele><time>2023-05-13T21:20:33Z</time></trkpt><trkpt lat="47.492832" lon="-121.755584"><ele>242.0</ele><time>2023-05-13T21:20:36Z</time></trkpt><trkpt lat="47.492818" lon="-121.755706"><ele>242.0</ele><time>2023-05-13T21:20:44Z</time></trkpt><trkpt lat="47.492729" lon="-121.755813"><ele>240.0</ele><time>2023-05-13T21:20:54Z</time></trkpt><trkpt lat="47.49273" lon="-121.755861"><ele>240.0</ele><time>2023-05-13T21:20:57Z</time></trkpt><trkpt lat="47.492698" lon="-121.755951"><ele>238.0</ele><time>2023-05-13T21:21:01Z</time></trkpt><trkpt lat="47.492645" lon="-121.756003"><ele>237.0</ele><time>2023-05-13T21:21:07Z</time></trkpt><trkpt lat="47.492549" lon="-121.755981"><ele>237.0</ele><time>2023-05-13T21:21:15Z</time></trkpt><trkpt lat="47.492451" lon="-121.755912"><ele>238.0</ele><time>2023-05-13T21:21:22Z</time></trkpt><trkpt lat="47.492391" lon="-121.7559"><ele>239.0</ele><time>2023-05-13T21:21:25Z</time></trkpt><trkpt lat="47.492364" lon="-121.755854"><ele>241.6</ele><time>2023-05-13T21:21:28Z</time></trkpt><trkpt lat="47.492319" lon="-121.755854"><ele>242.0</ele><time>2023-05-13T21:21:31Z</time></trkpt><trkpt lat="47.492295" lon="-121.755801"><ele>238.0</ele><time>2023-05-13T21:21:36Z</time></trkpt><trkpt lat="47.492266" lon="-121.75578"><ele>240.0</ele><time>2023-05-13T21:21:41Z</time></trkpt><trkpt lat="47.49224" lon="-121.755707"><ele>238.0</ele><time>2023-05-13T21:21:47Z</time></trkpt><trkpt lat="47.492208" lon="-121.755665"><ele>236.0</ele><time>2023-05-13T21:21:50Z</time></trkpt><trkpt lat="47.492183" lon="-121.755591"><ele>240.0</ele><time>2023-05-13T21:21:56Z</time></trkpt><trkpt lat="47.492179" lon="-121.755506"><ele>239.0</ele><time>2023-05-13T21:22:02Z</time></trkpt><trkpt lat="47.492048" lon="-121.75526"><ele>240.0</ele><time>2023-05-13T21:22:18Z</time></trkpt><trkpt lat="47.492026" lon="-121.755175"><ele>240.0</ele><time>2023-05-13T21:22:22Z</time></trkpt><trkpt lat="47.492027" lon="-121.755098"><ele>240.0</ele><time>2023-05-13T21:22:27Z</time></trkpt><trkpt lat="47.492003" lon="-121.755005"><ele>241.0</ele><time>2023-05-13T21:22:33Z</time></trkpt><trkpt lat="47.49201" lon="-121.754963"><ele>242.0</ele><time>2023-05-13T21:22:36Z</time></trkpt><trkpt lat="47.491959" lon="-121.754825"><ele>244.0</ele><time>2023-05-13T21:22:44Z</time></trkpt><trkpt lat="47.491938" lon="-121.754713"><ele>245.0</ele><time>2023-05-13T21:22:52Z</time></trkpt><trkpt lat="47.491915" lon="-121.754681"><ele>246.0</ele><time>2023-05-13T21:22:58Z</time></trkpt><trkpt lat="47.491882" lon="-121.754686"><ele>248.0</ele><time>2023-05-13T21:23:03Z</time></trkpt><trkpt lat="47.491778" lon="-121.754612"><ele>247.6</ele><time>2023-05-13T21:23:10Z</time></trkpt><trkpt lat="47.491695" lon="-121.754584"><ele>244.0</ele><time>2023-05-13T21:23:17Z</time></trkpt><trkpt lat="47.491587" lon="-121.754632"><ele>246.0</ele><time>2023-05-13T21:23:25Z</time></trkpt><trkpt lat="47.491564" lon="-121.754673"><ele>247.0</ele><time>2023-05-13T21:23:28Z</time></trkpt><trkpt lat="47.491555" lon="-121.754719"><ele>246.0</ele><time>2023-05-13T21:23:30Z</time></trkpt><trkpt lat="47.491511" lon="-121.754718"><ele>248.0</ele><time>2023-05-13T21:23:33Z</time></trkpt><trkpt lat="47.491455" lon="-121.754674"><ele>248.0</ele><time>2023-05-13T21:23:40Z</time></trkpt><trkpt lat="47.49142" lon="-121.754682"><ele>248.0</ele><time>2023-05-13T21:23:42Z</time></trkpt><trkpt lat="47.491393" lon="-121.754648"><ele>248.0</ele><time>2023-05-13T21:23:45Z</time></trkpt><trkpt lat="47.49134" lon="-121.754638"><ele>247.0</ele><time>2023-05-13T21:23:48Z</time></trkpt><trkpt lat="47.491309" lon="-121.754641"><ele>246.0</ele><time>2023-05-13T21:23:52Z</time></trkpt><trkpt lat="47.491285" lon="-121.754687"><ele>246.0</ele><time>2023-05-13T21:23:55Z</time></trkpt><trkpt lat="47.491222" lon="-121.754694"><ele>246.0</ele><time>2023-05-13T21:24:01Z</time></trkpt><trkpt lat="47.491186" lon="-121.754611"><ele>246.0</ele><time>2023-05-13T21:24:07Z</time></trkpt><trkpt lat="47.49115" lon="-121.754603"><ele>248.0</ele><time>2023-05-13T21:24:09Z</time></trkpt><trkpt lat="47.491105" lon="-121.754558"><ele>249.0</ele><time>2023-05-13T21:24:13Z</time></trkpt><trkpt lat="47.491079" lon="-121.754444"><ele>248.0</ele><time>2023-05-13T21:24:21Z</time></trkpt><trkpt lat="47.491056" lon="-121.754411"><ele>249.0</ele><time>2023-05-13T21:24:23Z</time></trkpt><trkpt lat="47.49106" lon="-121.754344"><ele>246.0</ele><time>2023-05-13T21:24:26Z</time></trkpt><trkpt lat="47.491017" lon="-121.754289"><ele>246.0</ele><time>2023-05-13T21:24:30Z</time></trkpt><trkpt lat="47.490989" lon="-121.754211"><ele>249.0</ele><time>2023-05-13T21:24:34Z</time></trkpt><trkpt lat="47.490989" lon="-121.754128"><ele>246.0</ele><time>2023-05-13T21:24:39Z</time></trkpt><trkpt lat="47.490935" lon="-121.754041"><ele>250.0</ele><time>2023-05-13T21:24:45Z</time></trkpt><trkpt lat="47.490926" lon="-121.754002"><ele>250.0</ele><time>2023-05-13T21:24:47Z</time></trkpt><trkpt lat="47.490883" lon="-121.753998"><ele>250.0</ele><time>2023-05-13T21:24:49Z</time></trkpt><trkpt lat="47.490843" lon="-121.753945"><ele>252.0</ele><time>2023-05-13T21:24:55Z</time></trkpt><trkpt lat="47.490786" lon="-121.753908"><ele>251.0</ele><time>2023-05-13T21:24:58Z</time></trkpt><trkpt lat="47.49074" lon="-121.753891"><ele>250.0</ele><time>2023-05-13T21:25:04Z</time></trkpt><trkpt lat="47.490716" lon="-121.753861"><ele>251.0</ele><time>2023-05-13T21:25:06Z</time></trkpt><trkpt lat="47.490685" lon="-121.753857"><ele>251.0</ele><time>2023-05-13T21:25:08Z</time></trkpt><trkpt lat="47.490652" lon="-121.753893"><ele>251.0</ele><time>2023-05-13T21:25:11Z</time></trkpt><trkpt lat="47.490581" lon="-121.75387"><ele>249.0</ele><time>2023-05-13T21:25:16Z</time></trkpt><trkpt lat="47.490482" lon="-121.753899"><ele>248.0</ele><time>2023-05-13T21:25:25Z</time></trkpt><trkpt lat="47.490421" lon="-121.753864"><ele>249.0</ele><time>2023-05-13T21:25:29Z</time></trkpt><trkpt lat="47.490368" lon="-121.753819"><ele>248.5</ele><time>2023-05-13T21:25:33Z</time></trkpt><trkpt lat="47.490329" lon="-121.753847"><ele>244.0</ele><time>2023-05-13T21:25:38Z</time></trkpt><trkpt lat="47.490211" lon="-121.753846"><ele>244.0</ele><time>2023-05-13T21:25:45Z</time></trkpt><trkpt lat="47.490181" lon="-121.753875"><ele>246.0</ele><time>2023-05-13T21:25:47Z</time></trkpt><trkpt lat="47.490121" lon="-121.753905"><ele>246.0</ele><time>2023-05-13T21:25:52Z</time></trkpt><trkpt lat="47.490069" lon="-121.753969"><ele>248.0</ele><time>2023-05-13T21:25:59Z</time></trkpt><trkpt lat="47.48997" lon="-121.75402"><ele>244.0</ele><time>2023-05-13T21:26:09Z</time></trkpt><trkpt lat="47.489886" lon="-121.754146"><ele>243.0</ele><time>2023-05-13T21:26:20Z</time></trkpt><trkpt lat="47.489852" lon="-121.754155"><ele>243.0</ele><time>2023-05-13T21:26:24Z</time></trkpt><trkpt lat="47.489752" lon="-121.75412"><ele>243.0</ele><time>2023-05-13T21:26:33Z</time></trkpt><trkpt lat="47.48967" lon="-121.75399"><ele>244.0</ele><time>2023-05-13T21:26:42Z</time></trkpt><trkpt lat="47.48961" lon="-121.753921"><ele>246.0</ele><time>2023-05-13T21:26:46Z</time></trkpt><trkpt lat="47.489598" lon="-121.75389"><ele>245.0</ele><time>2023-05-13T21:26:50Z</time></trkpt><trkpt lat="47.48955" lon="-121.75385"><ele>244.0</ele><time>2023-05-13T21:26:59Z</time></trkpt><trkpt lat="47.489496" lon="-121.753847"><ele>247.4</ele><time>2023-05-13T21:27:03Z</time></trkpt><trkpt lat="47.489472" lon="-121.753817"><ele>246.0</ele><time>2023-05-13T21:27:05Z</time></trkpt><trkpt lat="47.489409" lon="-121.753783"><ele>246.0</ele><time>2023-05-13T21:27:09Z</time></trkpt><trkpt lat="47.489374" lon="-121.753781"><ele>246.0</ele><time>2023-05-13T21:27:11Z</time></trkpt><trkpt lat="47.489331" lon="-121.753763"><ele>242.0</ele><time>2023-05-13T21:27:15Z</time></trkpt><trkpt lat="47.489288" lon="-121.753825"><ele>241.0</ele><time>2023-05-13T21:27:23Z</time></trkpt><trkpt lat="47.489281" lon="-121.753929"><ele>240.0</ele><time>2023-05-13T21:27:27Z</time></trkpt><trkpt lat="47.489269" lon="-121.75397"><ele>241.0</ele><time>2023-05-13T21:27:29Z</time></trkpt><trkpt lat="47.489267" lon="-121.75407"><ele>240.0</ele><time>2023-05-13T21:27:33Z</time></trkpt><trkpt lat="47.489247" lon="-121.754144"><ele>240.0</ele><time>2023-05-13T21:27:38Z</time></trkpt><trkpt lat="47.489241" lon="-121.754217"><ele>240.0</ele><time>2023-05-13T21:27:42Z</time></trkpt><trkpt lat="47.489201" lon="-121.754323"><ele>240.0</ele><time>2023-05-13T21:27:48Z</time></trkpt><trkpt lat="47.489181" lon="-121.75447"><ele>239.0</ele><time>2023-05-13T21:27:58Z</time></trkpt><trkpt lat="47.489134" lon="-121.754525"><ele>238.0</ele><time>2023-05-13T21:28:02Z</time></trkpt><trkpt lat="47.489126" lon="-121.754554"><ele>237.0</ele><time>2023-05-13T21:28:05Z</time></trkpt><trkpt lat="47.489097" lon="-121.75459"><ele>237.0</ele><time>2023-05-13T21:28:08Z</time></trkpt><trkpt lat="47.489035" lon="-121.754642"><ele>237.0</ele><time>2023-05-13T21:28:14Z</time></trkpt><trkpt lat="47.488996" lon="-121.754629"><ele>238.0</ele><time>2023-05-13T21:28:16Z</time></trkpt><trkpt lat="47.488926" lon="-121.754635"><ele>237.0</ele><time>2023-05-13T21:28:22Z</time></trkpt><trkpt lat="47.488888" lon="-121.754618"><ele>237.0</ele><time>2023-05-13T21:28:25Z</time></trkpt><trkpt lat="47.488861" lon="-121.754635"><ele>237.0</ele><time>2023-05-13T21:28:28Z</time></trkpt><trkpt lat="47.488819" lon="-121.75481"><ele>236.0</ele><time>2023-05-13T21:28:38Z</time></trkpt><trkpt lat="47.48874" lon="-121.754906"><ele>238.0</ele><time>2023-05-13T21:28:49Z</time></trkpt><trkpt lat="47.48872" lon="-121.755012"><ele>237.0</ele><time>2023-05-13T21:28:55Z</time></trkpt><trkpt lat="47.488657" lon="-121.755054"><ele>234.0</ele><time>2023-05-13T21:29:07Z</time></trkpt><trkpt lat="47.488599" lon="-121.75519"><ele>236.0</ele><time>2023-05-13T21:29:16Z</time></trkpt><trkpt lat="47.488599" lon="-121.755362"><ele>229.0</ele><time>2023-05-13T21:29:27Z</time></trkpt><trkpt lat="47.488571" lon="-121.75543"><ele>230.5</ele><time>2023-05-13T21:29:31Z</time></trkpt><trkpt lat="47.488572" lon="-121.755462"><ele>228.0</ele><time>2023-05-13T21:29:33Z</time></trkpt><trkpt lat="47.488532" lon="-121.755446"><ele>229.0</ele><time>2023-05-13T21:29:36Z</time></trkpt><trkpt lat="47.488508" lon="-121.75541"><ele>228.0</ele><time>2023-05-13T21:29:39Z</time></trkpt><trkpt lat="47.488482" lon="-121.755331"><ele>227.0</ele><time>2023-05-13T21:29:43Z</time></trkpt><trkpt lat="47.488462" lon="-121.755385"><ele>219.0</ele><time>2023-05-13T21:29:49Z</time></trkpt><trkpt lat="47.4885" lon="-121.755411"><ele>218.0</ele><time>2023-05-13T21:29:53Z</time></trkpt><trkpt lat="47.488511" lon="-121.755441"><ele>218.0</ele><time>2023-05-13T21:29:55Z</time></trkpt><trkpt lat="47.488495" lon="-121.755477"><ele>219.0</ele><time>2023-05-13T21:30:00Z</time></trkpt><trkpt lat="47.488416" lon="-121.755498"><ele>218.0</ele><time>2023-05-13T21:30:10Z</time></trkpt><trkpt lat="47.488397" lon="-121.755446"><ele>220.0</ele><time>2023-05-13T21:30:14Z</time></trkpt><trkpt lat="47.488361" lon="-121.75542"><ele>217.0</ele><time>2023-05-13T21:30:18Z</time></trkpt><trkpt lat="47.488348" lon="-121.755459"><ele>216.0</ele><time>2023-05-13T21:30:20Z</time></trkpt><trkpt lat="47.488326" lon="-121.755453"><ele>215.0</ele><time>2023-05-13T21:30:24Z</time></trkpt><trkpt lat="47.488297" lon="-121.755418"><ele>216.0</ele><time>2023-05-13T21:30:28Z</time></trkpt><trkpt lat="47.488267" lon="-121.755351"><ele>213.0</ele><time>2023-05-13T21:30:34Z</time></trkpt><trkpt lat="47.48824" lon="-121.755371"><ele>213.0</ele><time>2023-05-13T21:30:36Z</time></trkpt><trkpt lat="47.488204" lon="-121.755375"><ele>210.0</ele><time>2023-05-13T21:30:41Z</time></trkpt><trkpt lat="47.488188" lon="-121.755305"><ele>209.0</ele><time>2023-05-13T21:30:49Z</time></trkpt><trkpt lat="47.488099" lon="-121.755163"><ele>207.8</ele><time>2023-05-13T21:31:04Z</time></trkpt><trkpt lat="47.488081" lon="-121.75515"><ele>206.0</ele><time>2023-05-13T21:31:05Z</time></trkpt><trkpt lat="47.488069" lon="-121.755202"><ele>208.0</ele><time>2023-05-13T21:31:08Z</time></trkpt><trkpt lat="47.488075" lon="-121.75524"><ele>205.0</ele><time>2023-05-13T21:31:10Z</time></trkpt><trkpt lat="47.488111" lon="-121.755322"><ele>204.0</ele><time>2023-05-13T21:31:14Z</time></trkpt><trkpt lat="47.488114" lon="-121.75536"><ele>200.0</ele><time>2023-05-13T21:31:17Z</time></trkpt><trkpt lat="47.488077" lon="-121.75537"><ele>202.0</ele><time>2023-05-13T21:31:20Z</time></trkpt><trkpt lat="47.488059" lon="-121.755415"><ele>203.0</ele><time>2023-05-13T21:31:22Z</time></trkpt><trkpt lat="47.488063" lon="-121.755448"><ele>203.0</ele><time>2023-05-13T21:31:24Z</time></trkpt><trkpt lat="47.488051" lon="-121.755533"><ele>203.0</ele><time>2023-05-13T21:31:27Z</time></trkpt><trkpt lat="47.488017" lon="-121.755486"><ele>201.1</ele><time>2023-05-13T21:31:30Z</time></trkpt><trkpt lat="47.48798" lon="-121.755491"><ele>199.0</ele><time>2023-05-13T21:31:32Z</time></trkpt><trkpt lat="47.48793" lon="-121.755424"><ele>198.0</ele><time>2023-05-13T21:31:37Z</time></trkpt><trkpt lat="47.487936" lon="-121.755389"><ele>195.0</ele><time>2023-05-13T21:31:39Z</time></trkpt><trkpt lat="47.487898" lon="-121.75532"><ele>194.0</ele><time>2023-05-13T21:31:43Z</time></trkpt><trkpt lat="47.487903" lon="-121.75524"><ele>186.0</ele><time>2023-05-13T21:31:51Z</time></trkpt><trkpt lat="47.487845" lon="-121.755086"><ele>185.0</ele><time>2023-05-13T21:31:59Z</time></trkpt><trkpt lat="47.487823" lon="-121.755057"><ele>186.0</ele><time>2023-05-13T21:32:01Z</time></trkpt><trkpt lat="47.487795" lon="-121.754968"><ele>188.0</ele><time>2023-05-13T21:32:06Z</time></trkpt><trkpt lat="47.487777" lon="-121.754844"><ele>186.0</ele><time>2023-05-13T21:32:15Z</time></trkpt><trkpt lat="47.487784" lon="-121.754797"><ele>186.2</ele><time>2023-05-13T21:32:17Z</time></trkpt><trkpt lat="47.487769" lon="-121.754764"><ele>185.4</ele><time>2023-05-13T21:32:18Z</time></trkpt><trkpt lat="47.487774" lon="-121.75473"><ele>183.0</ele><time>2023-05-13T21:32:19Z</time></trkpt><trkpt lat="47.487759" lon="-121.754693"><ele>184.1</ele><time>2023-05-13T21:32:21Z</time></trkpt><trkpt lat="47.487715" lon="-121.754639"><ele>180.0</ele><time>2023-05-13T21:32:24Z</time></trkpt><trkpt lat="47.487611" lon="-121.754574"><ele>182.0</ele><time>2023-05-13T21:32:30Z</time></trkpt><trkpt lat="47.487565" lon="-121.754496"><ele>182.0</ele><time>2023-05-13T21:32:35Z</time></trkpt><trkpt lat="47.487543" lon="-121.754414"><ele>180.0</ele><time>2023-05-13T21:32:40Z</time></trkpt><trkpt lat="47.48756" lon="-121.754361"><ele>173.0</ele><time>2023-05-13T21:32:44Z</time></trkpt><trkpt lat="47.487534" lon="-121.754334"><ele>172.3</ele><time>2023-05-13T21:32:47Z</time></trkpt><trkpt lat="47.487515" lon="-121.754271"><ele>172.0</ele><time>2023-05-13T21:32:50Z</time></trkpt><trkpt lat="47.487473" lon="-121.754205"><ele>170.0</ele><time>2023-05-13T21:32:54Z</time></trkpt><trkpt lat="47.487398" lon="-121.754191"><ele>170.0</ele><time>2023-05-13T21:32:59Z</time></trkpt><trkpt lat="47.487381" lon="-121.754145"><ele>172.0</ele><time>2023-05-13T21:33:01Z</time></trkpt><trkpt lat="47.487356" lon="-121.75411"><ele>172.0</ele><time>2023-05-13T21:33:03Z</time></trkpt><trkpt lat="47.487321" lon="-121.754106"><ele>172.0</ele><time>2023-05-13T21:33:05Z</time></trkpt><trkpt lat="47.487269" lon="-121.754035"><ele>174.0</ele><time>2023-05-13T21:33:13Z</time></trkpt><trkpt lat="47.48726" lon="-121.753981"><ele>172.0</ele><time>2023-05-13T21:33:17Z</time></trkpt><trkpt lat="47.487234" lon="-121.75396"><ele>172.0</ele><time>2023-05-13T21:33:20Z</time></trkpt><trkpt lat="47.487231" lon="-121.753897"><ele>171.0</ele><time>2023-05-13T21:33:24Z</time></trkpt><trkpt lat="47.487195" lon="-121.753824"><ele>173.0</ele><time>2023-05-13T21:33:28Z</time></trkpt><trkpt lat="47.487201" lon="-121.753771"><ele>169.0</ele><time>2023-05-13T21:33:34Z</time></trkpt><trkpt lat="47.487171" lon="-121.753719"><ele>168.0</ele><time>2023-05-13T21:33:37Z</time></trkpt><trkpt lat="47.4871" lon="-121.75345"><ele>164.0</ele><time>2023-05-13T21:33:52Z</time></trkpt><trkpt lat="47.487069" lon="-121.753421"><ele>164.5</ele><time>2023-05-13T21:33:54Z</time></trkpt><trkpt lat="47.487046" lon="-121.753378"><ele>165.2</ele><time>2023-05-13T21:33:55Z</time></trkpt><trkpt lat="47.48701" lon="-121.753373"><ele>165.0</ele><time>2023-05-13T21:33:57Z</time></trkpt><trkpt lat="47.486973" lon="-121.75326"><ele>167.0</ele><time>2023-05-13T21:34:03Z</time></trkpt><trkpt lat="47.486969" lon="-121.753345"><ele>161.9</ele><time>2023-05-13T21:34:07Z</time></trkpt><trkpt lat="47.48695" lon="-121.75341"><ele>159.0</ele><time>2023-05-13T21:34:11Z</time></trkpt><trkpt lat="47.486914" lon="-121.753431"><ele>160.0</ele><time>2023-05-13T21:34:15Z</time></trkpt><trkpt lat="47.486858" lon="-121.753371"><ele>156.0</ele><time>2023-05-13T21:34:23Z</time></trkpt><trkpt lat="47.486812" lon="-121.753349"><ele>156.0</ele><time>2023-05-13T21:34:27Z</time></trkpt><trkpt lat="47.486767" lon="-121.753369"><ele>158.0</ele><time>2023-05-13T21:34:40Z</time></trkpt><trkpt lat="47.486764" lon="-121.753408"><ele>157.0</ele><time>2023-05-13T21:34:53Z</time></trkpt><trkpt lat="47.486722" lon="-121.753408"><ele>156.0</ele><time>2023-05-13T21:35:00Z</time></trkpt><trkpt lat="47.486732" lon="-121.753444"><ele>156.0</ele><time>2023-05-13T21:35:14Z</time></trkpt><trkpt lat="47.486751" lon="-121.75344"><ele>152.0</ele><time>2023-05-13T21:35:31Z</time></trkpt><trkpt lat="47.486725" lon="-121.753472"><ele>155.0</ele><time>2023-05-13T21:35:48Z</time></trkpt><trkpt lat="47.486754" lon="-121.753336"><ele>154.4</ele><time>2023-05-13T21:35:49Z</time></trkpt><trkpt lat="47.486805" lon="-121.753354"><ele>154.8</ele><time>2023-05-13T21:35:50Z</time></trkpt><trkpt lat="47.486794" lon="-121.753388"><ele>153.9</ele><time>2023-05-13T21:35:51Z</time></trkpt><trkpt lat="47.486843" lon="-121.753403"><ele>152.0</ele><time>2023-05-13T21:35:54Z</time></trkpt><trkpt lat="47.486839" lon="-121.753338"><ele>150.0</ele><time>2023-05-13T21:36:07Z</time></trkpt><trkpt lat="47.486794" lon="-121.753354"><ele>153.0</ele><time>2023-05-13T21:36:20Z</time></trkpt><trkpt lat="47.486777" lon="-121.75339"><ele>156.0</ele><time>2023-05-13T21:36:24Z</time></trkpt><trkpt lat="47.486788" lon="-121.753469"><ele>156.0</ele><time>2023-05-13T21:36:28Z</time></trkpt><trkpt lat="47.48682" lon="-121.753405"><ele>156.0</ele><time>2023-05-13T21:36:35Z</time></trkpt><trkpt lat="47.486803" lon="-121.753446"><ele>154.0</ele><time>2023-05-13T21:37:04Z</time></trkpt><trkpt lat="47.486803" lon="-121.75339"><ele>158.0</ele><time>2023-05-13T21:37:23Z</time></trkpt><trkpt lat="47.486816" lon="-121.75343"><ele>155.0</ele><time>2023-05-13T21:37:26Z</time></trkpt><trkpt lat="47.486813" lon="-121.753395"><ele>154.0</ele><time>2023-05-13T21:37:49Z</time></trkpt><trkpt lat="47.486794" lon="-121.753503"><ele>156.0</ele><time>2023-05-13T21:38:06Z</time></trkpt><trkpt lat="47.486776" lon="-121.753527"><ele>156.0</ele><time>2023-05-13T21:38:08Z</time></trkpt><trkpt lat="47.486735" lon="-121.753545"><ele>156.0</ele><time>2023-05-13T21:38:10Z</time></trkpt><trkpt lat="47.48679" lon="-121.75364"><ele>153.0</ele><time>2023-05-13T21:38:16Z</time></trkpt><trkpt lat="47.486813" lon="-121.753735"><ele>154.0</ele><time>2023-05-13T21:38:21Z</time></trkpt><trkpt lat="47.486848" lon="-121.753801"><ele>156.0</ele><time>2023-05-13T21:38:25Z</time></trkpt><trkpt lat="47.48694" lon="-121.754062"><ele>156.0</ele><time>2023-05-13T21:38:39Z</time></trkpt><trkpt lat="47.486979" lon="-121.754117"><ele>156.0</ele><time>2023-05-13T21:38:43Z</time></trkpt><trkpt lat="47.487038" lon="-121.754244"><ele>155.0</ele><time>2023-05-13T21:38:53Z</time></trkpt><trkpt lat="47.487065" lon="-121.754269"><ele>156.0</ele><time>2023-05-13T21:38:55Z</time></trkpt><trkpt lat="47.487095" lon="-121.754348"><ele>156.0</ele><time>2023-05-13T21:38:59Z</time></trkpt><trkpt lat="47.487095" lon="-121.754433"><ele>157.0</ele><time>2023-05-13T21:39:04Z</time></trkpt><trkpt lat="47.487076" lon="-121.754479"><ele>156.0</ele><time>2023-05-13T21:39:06Z</time></trkpt><trkpt lat="47.487078" lon="-121.754521"><ele>156.0</ele><time>2023-05-13T21:39:09Z</time></trkpt><trkpt lat="47.48712" lon="-121.754761"><ele>154.7</ele><time>2023-05-13T21:39:24Z</time></trkpt><trkpt lat="47.487231" lon="-121.754894"><ele>150.0</ele><time>2023-05-13T21:39:36Z</time></trkpt><trkpt lat="47.48726" lon="-121.754922"><ele>152.0</ele><time>2023-05-13T21:39:39Z</time></trkpt><trkpt lat="47.487291" lon="-121.754933"><ele>152.0</ele><time>2023-05-13T21:39:41Z</time></trkpt><trkpt lat="47.487292" lon="-121.754984"><ele>154.0</ele><time>2023-05-13T21:39:43Z</time></trkpt><trkpt lat="47.487348" lon="-121.755223"><ele>158.0</ele><time>2023-05-13T21:39:54Z</time></trkpt><trkpt lat="47.48738" lon="-121.7553"><ele>161.0</ele><time>2023-05-13T21:39:58Z</time></trkpt><trkpt lat="47.487375" lon="-121.755351"><ele>159.0</ele><time>2023-05-13T21:40:00Z</time></trkpt><trkpt lat="47.487389" lon="-121.755441"><ele>157.0</ele><time>2023-05-13T21:40:06Z</time></trkpt><trkpt lat="47.487434" lon="-121.755532"><ele>158.0</ele><time>2023-05-13T21:40:13Z</time></trkpt><trkpt lat="47.487432" lon="-121.755564"><ele>160.0</ele><time>2023-05-13T21:40:14Z</time></trkpt><trkpt lat="47.487458" lon="-121.755653"><ele>160.0</ele><time>2023-05-13T21:40:19Z</time></trkpt><trkpt lat="47.487481" lon="-121.755697"><ele>162.0</ele><time>2023-05-13T21:40:22Z</time></trkpt><trkpt lat="47.487506" lon="-121.755722"><ele>160.0</ele><time>2023-05-13T21:40:26Z</time></trkpt><trkpt lat="47.487527" lon="-121.755806"><ele>162.0</ele><time>2023-05-13T21:40:31Z</time></trkpt><trkpt lat="47.487557" lon="-121.755877"><ele>162.0</ele><time>2023-05-13T21:40:35Z</time></trkpt><trkpt lat="47.487632" lon="-121.755942"><ele>160.0</ele><time>2023-05-13T21:40:42Z</time></trkpt><trkpt lat="47.487664" lon="-121.756088"><ele>160.9</ele><time>2023-05-13T21:40:50Z</time></trkpt><trkpt lat="47.487656" lon="-121.756221"><ele>161.0</ele><time>2023-05-13T21:40:55Z</time></trkpt><trkpt lat="47.48767" lon="-121.756333"><ele>162.0</ele><time>2023-05-13T21:41:02Z</time></trkpt><trkpt lat="47.487693" lon="-121.756362"><ele>163.0</ele><time>2023-05-13T21:41:04Z</time></trkpt><trkpt lat="47.487757" lon="-121.756497"><ele>160.0</ele><time>2023-05-13T21:41:12Z</time></trkpt><trkpt lat="47.487784" lon="-121.75652"><ele>158.0</ele><time>2023-05-13T21:41:14Z</time></trkpt><trkpt lat="47.4878" lon="-121.756551"><ele>158.0</ele><time>2023-05-13T21:41:16Z</time></trkpt><trkpt lat="47.487801" lon="-121.756583"><ele>157.0</ele><time>2023-05-13T21:41:18Z</time></trkpt><trkpt lat="47.487768" lon="-121.756606"><ele>156.0</ele><time>2023-05-13T21:41:20Z</time></trkpt><trkpt lat="47.487698" lon="-121.756579"><ele>156.0</ele><time>2023-05-13T21:41:24Z</time></trkpt><trkpt lat="47.487655" lon="-121.756577"><ele>156.0</ele><time>2023-05-13T21:41:26Z</time></trkpt><trkpt lat="47.48759" lon="-121.756613"><ele>155.0</ele><time>2023-05-13T21:41:38Z</time></trkpt><trkpt lat="47.487515" lon="-121.756639"><ele>153.0</ele><time>2023-05-13T21:41:46Z</time></trkpt><trkpt lat="47.487511" lon="-121.756669"><ele>151.0</ele><time>2023-05-13T21:41:49Z</time></trkpt><trkpt lat="47.487537" lon="-121.756745"><ele>150.0</ele><time>2023-05-13T21:41:53Z</time></trkpt><trkpt lat="47.487529" lon="-121.756788"><ele>152.0</ele><time>2023-05-13T21:41:55Z</time></trkpt><trkpt lat="47.487537" lon="-121.756877"><ele>151.0</ele><time>2023-05-13T21:41:59Z</time></trkpt><trkpt lat="47.487552" lon="-121.756922"><ele>152.0</ele><time>2023-05-13T21:42:01Z</time></trkpt><trkpt lat="47.487541" lon="-121.757061"><ele>154.0</ele><time>2023-05-13T21:42:07Z</time></trkpt><trkpt lat="47.487547" lon="-121.757107"><ele>154.0</ele><time>2023-05-13T21:42:09Z</time></trkpt><trkpt lat="47.487525" lon="-121.757142"><ele>155.1</ele><time>2023-05-13T21:42:10Z</time></trkpt><trkpt lat="47.487546" lon="-121.757208"><ele>156.1</ele><time>2023-05-13T21:42:13Z</time></trkpt><trkpt lat="47.487551" lon="-121.757281"><ele>154.0</ele><time>2023-05-13T21:42:17Z</time></trkpt><trkpt lat="47.487564" lon="-121.757317"><ele>154.0</ele><time>2023-05-13T21:42:19Z</time></trkpt><trkpt lat="47.487542" lon="-121.757351"><ele>154.0</ele><time>2023-05-13T21:42:21Z</time></trkpt><trkpt lat="47.487559" lon="-121.757442"><ele>156.9</ele><time>2023-05-13T21:42:26Z</time></trkpt><trkpt lat="47.487554" lon="-121.757481"><ele>158.2</ele><time>2023-05-13T21:42:28Z</time></trkpt><trkpt lat="47.487527" lon="-121.757544"><ele>156.0</ele><time>2023-05-13T21:42:32Z</time></trkpt><trkpt lat="47.48754" lon="-121.75765"><ele>154.0</ele><time>2023-05-13T21:42:37Z</time></trkpt><trkpt lat="47.487525" lon="-121.757679"><ele>154.0</ele><time>2023-05-13T21:42:39Z</time></trkpt><trkpt lat="47.487519" lon="-121.757745"><ele>152.0</ele><time>2023-05-13T21:42:42Z</time></trkpt><trkpt lat="47.487481" lon="-121.757826"><ele>151.0</ele><time>2023-05-13T21:42:46Z</time></trkpt><trkpt lat="47.487458" lon="-121.75785"><ele>152.0</ele><time>2023-05-13T21:42:48Z</time></trkpt><trkpt lat="47.48745" lon="-121.757896"><ele>153.0</ele><time>2023-05-13T21:42:51Z</time></trkpt><trkpt lat="47.487432" lon="-121.757928"><ele>152.0</ele><time>2023-05-13T21:42:54Z</time></trkpt><trkpt lat="47.487408" lon="-121.758048"><ele>152.0</ele><time>2023-05-13T21:43:00Z</time></trkpt><trkpt lat="47.487348" lon="-121.758219"><ele>150.0</ele><time>2023-05-13T21:43:11Z</time></trkpt><trkpt lat="47.487299" lon="-121.758429"><ele>152.0</ele><time>2023-05-13T21:43:23Z</time></trkpt><trkpt lat="47.487225" lon="-121.758624"><ele>152.0</ele><time>2023-05-13T21:43:34Z</time></trkpt><trkpt lat="47.487216" lon="-121.758696"><ele>152.0</ele><time>2023-05-13T21:43:38Z</time></trkpt><trkpt lat="47.487148" lon="-121.758868"><ele>152.0</ele><time>2023-05-13T21:43:48Z</time></trkpt><trkpt lat="47.487136" lon="-121.75894"><ele>152.0</ele><time>2023-05-13T21:43:52Z</time></trkpt><trkpt lat="47.487035" lon="-121.759205"><ele>152.0</ele><time>2023-05-13T21:44:05Z</time></trkpt><trkpt lat="47.486982" lon="-121.759399"><ele>151.0</ele><time>2023-05-13T21:44:17Z</time></trkpt><trkpt lat="47.486947" lon="-121.759461"><ele>151.0</ele><time>2023-05-13T21:44:21Z</time></trkpt><trkpt lat="47.48686" lon="-121.759673"><ele>149.0</ele><time>2023-05-13T21:44:33Z</time></trkpt><trkpt lat="47.486749" lon="-121.759852"><ele>148.0</ele><time>2023-05-13T21:44:47Z</time></trkpt><trkpt lat="47.486655" lon="-121.760053"><ele>148.7</ele><time>2023-05-13T21:44:59Z</time></trkpt><trkpt lat="47.486617" lon="-121.760079"><ele>147.0</ele><time>2023-05-13T21:45:02Z</time></trkpt><trkpt lat="47.486538" lon="-121.760204"><ele>147.0</ele><time>2023-05-13T21:45:10Z</time></trkpt><trkpt lat="47.486433" lon="-121.760292"><ele>147.0</ele><time>2023-05-13T21:45:20Z</time></trkpt><trkpt lat="47.4864" lon="-121.760292"><ele>144.0</ele><time>2023-05-13T21:45:22Z</time></trkpt><trkpt lat="47.486342" lon="-121.760392"><ele>146.0</ele><time>2023-05-13T21:45:29Z</time></trkpt><trkpt lat="47.486275" lon="-121.760462"><ele>148.0</ele><time>2023-05-13T21:45:35Z</time></trkpt><trkpt lat="47.486069" lon="-121.760629"><ele>151.0</ele><time>2023-05-13T21:45:51Z</time></trkpt><trkpt lat="47.485957" lon="-121.760752"><ele>150.0</ele><time>2023-05-13T21:46:00Z</time></trkpt><trkpt lat="47.485927" lon="-121.760758"><ele>150.0</ele><time>2023-05-13T21:46:04Z</time></trkpt><trkpt lat="47.48582" lon="-121.760865"><ele>146.0</ele><time>2023-05-13T21:46:16Z</time></trkpt><trkpt lat="47.485717" lon="-121.760938"><ele>147.0</ele><time>2023-05-13T21:46:25Z</time></trkpt><trkpt lat="47.485608" lon="-121.761044"><ele>146.0</ele><time>2023-05-13T21:46:35Z</time></trkpt><trkpt lat="47.485437" lon="-121.761249"><ele>148.0</ele><time>2023-05-13T21:46:51Z</time></trkpt><trkpt lat="47.485405" lon="-121.761265"><ele>147.0</ele><time>2023-05-13T21:46:53Z</time></trkpt><trkpt lat="47.485368" lon="-121.761261"><ele>148.0</ele><time>2023-05-13T21:46:57Z</time></trkpt><trkpt lat="47.485349" lon="-121.761185"><ele>148.0</ele><time>2023-05-13T21:47:02Z</time></trkpt><trkpt lat="47.485351" lon="-121.761142"><ele>148.5</ele><time>2023-05-13T21:47:04Z</time></trkpt><trkpt lat="47.485292" lon="-121.761115"><ele>144.0</ele><time>2023-05-13T21:47:08Z</time></trkpt><trkpt lat="47.485243" lon="-121.761065"><ele>146.0</ele><time>2023-05-13T21:47:12Z</time></trkpt><trkpt lat="47.485115" lon="-121.760825"><ele>146.2</ele><time>2023-05-13T21:47:29Z</time></trkpt><trkpt lat="47.485064" lon="-121.760761"><ele>146.0</ele><time>2023-05-13T21:47:33Z</time></trkpt><trkpt lat="47.485024" lon="-121.760644"><ele>146.0</ele><time>2023-05-13T21:47:40Z</time></trkpt><trkpt lat="47.485002" lon="-121.760607"><ele>148.0</ele><time>2023-05-13T21:47:43Z</time></trkpt></trkseg></trk></gpx>