<?xml version="1.0" encoding="UTF-8" standalone="no"?>
<gpx xmlns="http://www.topografix.com/GPX/1/1" creator="GaiaGPS" version="1.1" xmlns:xsi="http://www.w3.org/2001/XMLSchema-instance" xsi:schemaLocation="http://www.topografix.com/GPX/1/1 http://www.topografix.com/GPX/1/1/gpx.xsd">
  <metadata>
    <time>2023-07-01T12:40:13Z</time>
  </metadata>
  <trk>
    <name>Eldorado Peak attempt 2  (7/1/23, 5:40:13AM)</name>
    <trkseg>
      <trkpt lat="48.492662" lon="-121.122010">
        <ele>661.7</ele>
        <time>2023-07-01T12:40:14Z</time>
      </trkpt>
      <trkpt lat="48.492648" lon="-121.122053">
        <ele>660.6</ele>
        <time>2023-07-01T12:40:19Z</time>
      </trkpt>
      <trkpt lat="48.492709" lon="-121.122294">
        <ele>660.0</ele>
        <time>2023-07-01T12:40:32Z</time>
      </trkpt>
      <trkpt lat="48.492750" lon="-121.122317">
        <ele>658.0</ele>
        <time>2023-07-01T12:40:35Z</time>
      </trkpt>
      <trkpt lat="48.492730" lon="-121.122346">
        <ele>657.0</ele>
        <time>2023-07-01T12:40:37Z</time>
      </trkpt>
      <trkpt lat="48.492750" lon="-121.122377">
        <ele>657.0</ele>
        <time>2023-07-01T12:40:40Z</time>
      </trkpt>
      <trkpt lat="48.492736" lon="-121.122477">
        <ele>656.0</ele>
        <time>2023-07-01T12:40:46Z</time>
      </trkpt>
      <trkpt lat="48.492769" lon="-121.122531">
        <ele>657.0</ele>
        <time>2023-07-01T12:40:49Z</time>
      </trkpt>
      <trkpt lat="48.492770" lon="-121.122582">
        <ele>656.0</ele>
        <time>2023-07-01T12:40:52Z</time>
      </trkpt>
      <trkpt lat="48.492746" lon="-121.122722">
        <ele>658.0</ele>
        <time>2023-07-01T12:40:58Z</time>
      </trkpt>
      <trkpt lat="48.492761" lon="-121.122752">
        <ele>658.0</ele>
        <time>2023-07-01T12:41:00Z</time>
      </trkpt>
      <trkpt lat="48.492790" lon="-121.122876">
        <ele>656.0</ele>
        <time>2023-07-01T12:41:05Z</time>
      </trkpt>
      <trkpt lat="48.492795" lon="-121.122991">
        <ele>654.0</ele>
        <time>2023-07-01T12:41:13Z</time>
      </trkpt>
      <trkpt lat="48.492781" lon="-121.123082">
        <ele>654.0</ele>
        <time>2023-07-01T12:41:18Z</time>
      </trkpt>
      <trkpt lat="48.492781" lon="-121.123245">
        <ele>654.0</ele>
        <time>2023-07-01T12:41:26Z</time>
      </trkpt>
      <trkpt lat="48.492796" lon="-121.123316">
        <ele>654.0</ele>
        <time>2023-07-01T12:41:33Z</time>
      </trkpt>
      <trkpt lat="48.492772" lon="-121.123352">
        <ele>655.0</ele>
        <time>2023-07-01T12:41:37Z</time>
      </trkpt>
      <trkpt lat="48.492795" lon="-121.123330">
        <ele>654.0</ele>
        <time>2023-07-01T12:41:39Z</time>
      </trkpt>
      <trkpt lat="48.492813" lon="-121.123357">
        <ele>651.0</ele>
        <time>2023-07-01T12:41:44Z</time>
      </trkpt>
      <trkpt lat="48.492847" lon="-121.123351">
        <ele>653.0</ele>
        <time>2023-07-01T12:41:54Z</time>
      </trkpt>
      <trkpt lat="48.492862" lon="-121.123322">
        <ele>652.0</ele>
        <time>2023-07-01T12:41:58Z</time>
      </trkpt>
      <trkpt lat="48.492870" lon="-121.123341">
        <ele>649.0</ele>
        <time>2023-07-01T12:42:09Z</time>
      </trkpt>
      <trkpt lat="48.492905" lon="-121.123340">
        <ele>648.0</ele>
        <time>2023-07-01T12:42:18Z</time>
      </trkpt>
      <trkpt lat="48.492901" lon="-121.123297">
        <ele>650.0</ele>
        <time>2023-07-01T12:42:28Z</time>
      </trkpt>
      <trkpt lat="48.492868" lon="-121.123306">
        <ele>649.0</ele>
        <time>2023-07-01T12:42:40Z</time>
      </trkpt>
      <trkpt lat="48.492873" lon="-121.123325">
        <ele>650.0</ele>
        <time>2023-07-01T12:42:49Z</time>
      </trkpt>
      <trkpt lat="48.492902" lon="-121.123313">
        <ele>650.0</ele>
        <time>2023-07-01T12:43:07Z</time>
      </trkpt>
      <trkpt lat="48.492897" lon="-121.123286">
        <ele>653.8</ele>
        <time>2023-07-01T12:43:17Z</time>
      </trkpt>
      <trkpt lat="48.492970" lon="-121.123356">
        <ele>652.0</ele>
        <time>2023-07-01T12:43:41Z</time>
      </trkpt>
      <trkpt lat="48.492993" lon="-121.123443">
        <ele>652.0</ele>
        <time>2023-07-01T12:43:50Z</time>
      </trkpt>
      <trkpt lat="48.493030" lon="-121.123426">
        <ele>652.0</ele>
        <time>2023-07-01T12:43:53Z</time>
      </trkpt>
      <trkpt lat="48.493067" lon="-121.123458">
        <ele>653.0</ele>
        <time>2023-07-01T12:43:56Z</time>
      </trkpt>
      <trkpt lat="48.493083" lon="-121.123492">
        <ele>652.0</ele>
        <time>2023-07-01T12:43:59Z</time>
      </trkpt>
      <trkpt lat="48.493135" lon="-121.123478">
        <ele>653.0</ele>
        <time>2023-07-01T12:44:05Z</time>
      </trkpt>
      <trkpt lat="48.493162" lon="-121.123449">
        <ele>650.0</ele>
        <time>2023-07-01T12:44:08Z</time>
      </trkpt>
      <trkpt lat="48.493199" lon="-121.123584">
        <ele>652.0</ele>
        <time>2023-07-01T12:44:20Z</time>
      </trkpt>
      <trkpt lat="48.493230" lon="-121.123583">
        <ele>654.0</ele>
        <time>2023-07-01T12:44:25Z</time>
      </trkpt>
      <trkpt lat="48.493293" lon="-121.123560">
        <ele>655.1</ele>
        <time>2023-07-01T12:44:34Z</time>
      </trkpt>
      <trkpt lat="48.493254" lon="-121.123589">
        <ele>654.0</ele>
        <time>2023-07-01T12:44:35Z</time>
      </trkpt>
      <trkpt lat="48.493162" lon="-121.123512">
        <ele>654.0</ele>
        <time>2023-07-01T12:44:41Z</time>
      </trkpt>
      <trkpt lat="48.493103" lon="-121.123483">
        <ele>656.0</ele>
        <time>2023-07-01T12:44:45Z</time>
      </trkpt>
      <trkpt lat="48.493086" lon="-121.123454">
        <ele>655.0</ele>
        <time>2023-07-01T12:44:48Z</time>
      </trkpt>
      <trkpt lat="48.493099" lon="-121.123418">
        <ele>654.0</ele>
        <time>2023-07-01T12:44:53Z</time>
      </trkpt>
      <trkpt lat="48.493127" lon="-121.123439">
        <ele>655.7</ele>
        <time>2023-07-01T12:44:56Z</time>
      </trkpt>
      <trkpt lat="48.493097" lon="-121.123431">
        <ele>654.3</ele>
        <time>2023-07-01T12:44:57Z</time>
      </trkpt>
      <trkpt lat="48.493074" lon="-121.123458">
        <ele>654.0</ele>
        <time>2023-07-01T12:44:59Z</time>
      </trkpt>
      <trkpt lat="48.493053" lon="-121.123385">
        <ele>654.0</ele>
        <time>2023-07-01T12:45:06Z</time>
      </trkpt>
      <trkpt lat="48.493086" lon="-121.123292">
        <ele>655.0</ele>
        <time>2023-07-01T12:45:17Z</time>
      </trkpt>
      <trkpt lat="48.493188" lon="-121.123297">
        <ele>652.0</ele>
        <time>2023-07-01T12:45:34Z</time>
      </trkpt>
      <trkpt lat="48.493240" lon="-121.123281">
        <ele>656.0</ele>
        <time>2023-07-01T12:45:49Z</time>
      </trkpt>
      <trkpt lat="48.493248" lon="-121.123253">
        <ele>655.0</ele>
        <time>2023-07-01T12:45:54Z</time>
      </trkpt>
      <trkpt lat="48.493275" lon="-121.123279">
        <ele>655.0</ele>
        <time>2023-07-01T12:46:00Z</time>
      </trkpt>
      <trkpt lat="48.493229" lon="-121.123261">
        <ele>657.4</ele>
        <time>2023-07-01T12:46:04Z</time>
      </trkpt>
      <trkpt lat="48.493221" lon="-121.123208">
        <ele>655.0</ele>
        <time>2023-07-01T12:46:07Z</time>
      </trkpt>
      <trkpt lat="48.493239" lon="-121.123179">
        <ele>654.0</ele>
        <time>2023-07-01T12:46:13Z</time>
      </trkpt>
      <trkpt lat="48.493272" lon="-121.123159">
        <ele>654.0</ele>
        <time>2023-07-01T12:46:19Z</time>
      </trkpt>
      <trkpt lat="48.493280" lon="-121.123192">
        <ele>658.4</ele>
        <time>2023-07-01T12:46:23Z</time>
      </trkpt>
      <trkpt lat="48.493263" lon="-121.123224">
        <ele>658.0</ele>
        <time>2023-07-01T12:46:24Z</time>
      </trkpt>
      <trkpt lat="48.493273" lon="-121.123188">
        <ele>657.0</ele>
        <time>2023-07-01T12:46:27Z</time>
      </trkpt>
      <trkpt lat="48.493319" lon="-121.123157">
        <ele>658.0</ele>
        <time>2023-07-01T12:46:29Z</time>
      </trkpt>
      <trkpt lat="48.493294" lon="-121.123115">
        <ele>659.0</ele>
        <time>2023-07-01T12:46:33Z</time>
      </trkpt>
      <trkpt lat="48.493240" lon="-121.123144">
        <ele>660.0</ele>
        <time>2023-07-01T12:46:37Z</time>
      </trkpt>
      <trkpt lat="48.493223" lon="-121.123169">
        <ele>659.0</ele>
        <time>2023-07-01T12:46:39Z</time>
      </trkpt>
      <trkpt lat="48.493251" lon="-121.123187">
        <ele>658.0</ele>
        <time>2023-07-01T12:46:41Z</time>
      </trkpt>
      <trkpt lat="48.493285" lon="-121.123293">
        <ele>656.0</ele>
        <time>2023-07-01T12:46:54Z</time>
      </trkpt>
      <trkpt lat="48.493311" lon="-121.123298">
        <ele>657.0</ele>
        <time>2023-07-01T12:46:56Z</time>
      </trkpt>
      <trkpt lat="48.493349" lon="-121.123242">
        <ele>659.7</ele>
        <time>2023-07-01T12:46:58Z</time>
      </trkpt>
      <trkpt lat="48.493335" lon="-121.123208">
        <ele>658.0</ele>
        <time>2023-07-01T12:47:00Z</time>
      </trkpt>
      <trkpt lat="48.493337" lon="-121.123255">
        <ele>660.0</ele>
        <time>2023-07-01T12:47:04Z</time>
      </trkpt>
      <trkpt lat="48.493353" lon="-121.123183">
        <ele>658.0</ele>
        <time>2023-07-01T12:47:07Z</time>
      </trkpt>
      <trkpt lat="48.493413" lon="-121.123237">
        <ele>657.0</ele>
        <time>2023-07-01T12:47:11Z</time>
      </trkpt>
      <trkpt lat="48.493441" lon="-121.123185">
        <ele>657.0</ele>
        <time>2023-07-01T12:47:17Z</time>
      </trkpt>
      <trkpt lat="48.493496" lon="-121.123183">
        <ele>657.0</ele>
        <time>2023-07-01T12:47:23Z</time>
      </trkpt>
      <trkpt lat="48.493525" lon="-121.123164">
        <ele>660.0</ele>
        <time>2023-07-01T12:47:31Z</time>
      </trkpt>
      <trkpt lat="48.493546" lon="-121.123072">
        <ele>664.0</ele>
        <time>2023-07-01T12:47:41Z</time>
      </trkpt>
      <trkpt lat="48.493530" lon="-121.122919">
        <ele>666.0</ele>
        <time>2023-07-01T12:47:51Z</time>
      </trkpt>
      <trkpt lat="48.493565" lon="-121.122973">
        <ele>666.7</ele>
        <time>2023-07-01T12:47:54Z</time>
      </trkpt>
      <trkpt lat="48.493576" lon="-121.123012">
        <ele>664.8</ele>
        <time>2023-07-01T12:47:55Z</time>
      </trkpt>
      <trkpt lat="48.493572" lon="-121.123053">
        <ele>664.4</ele>
        <time>2023-07-01T12:47:56Z</time>
      </trkpt>
      <trkpt lat="48.493591" lon="-121.123084">
        <ele>664.0</ele>
        <time>2023-07-01T12:47:58Z</time>
      </trkpt>
      <trkpt lat="48.493657" lon="-121.123057">
        <ele>663.0</ele>
        <time>2023-07-01T12:48:03Z</time>
      </trkpt>
      <trkpt lat="48.493704" lon="-121.123111">
        <ele>666.0</ele>
        <time>2023-07-01T12:48:10Z</time>
      </trkpt>
      <trkpt lat="48.493740" lon="-121.123123">
        <ele>667.0</ele>
        <time>2023-07-01T12:48:12Z</time>
      </trkpt>
      <trkpt lat="48.493775" lon="-121.123082">
        <ele>666.0</ele>
        <time>2023-07-01T12:48:15Z</time>
      </trkpt>
      <trkpt lat="48.493855" lon="-121.123035">
        <ele>667.0</ele>
        <time>2023-07-01T12:48:32Z</time>
      </trkpt>
      <trkpt lat="48.493752" lon="-121.122996">
        <ele>670.0</ele>
        <time>2023-07-01T12:48:40Z</time>
      </trkpt>
      <trkpt lat="48.493733" lon="-121.122968">
        <ele>668.0</ele>
        <time>2023-07-01T12:48:43Z</time>
      </trkpt>
      <trkpt lat="48.493770" lon="-121.123007">
        <ele>668.0</ele>
        <time>2023-07-01T12:48:48Z</time>
      </trkpt>
      <trkpt lat="48.493817" lon="-121.123002">
        <ele>668.0</ele>
        <time>2023-07-01T12:48:51Z</time>
      </trkpt>
      <trkpt lat="48.493902" lon="-121.123010">
        <ele>668.0</ele>
        <time>2023-07-01T12:48:57Z</time>
      </trkpt>
      <trkpt lat="48.493904" lon="-121.123043">
        <ele>668.0</ele>
        <time>2023-07-01T12:48:59Z</time>
      </trkpt>
      <trkpt lat="48.493887" lon="-121.123132">
        <ele>669.0</ele>
        <time>2023-07-01T12:49:03Z</time>
      </trkpt>
      <trkpt lat="48.493909" lon="-121.123164">
        <ele>669.0</ele>
        <time>2023-07-01T12:49:06Z</time>
      </trkpt>
      <trkpt lat="48.493972" lon="-121.123097">
        <ele>670.0</ele>
        <time>2023-07-01T12:49:11Z</time>
      </trkpt>
      <trkpt lat="48.493945" lon="-121.123011">
        <ele>670.0</ele>
        <time>2023-07-01T12:49:18Z</time>
      </trkpt>
      <trkpt lat="48.494016" lon="-121.123011">
        <ele>671.0</ele>
        <time>2023-07-01T12:49:30Z</time>
      </trkpt>
      <trkpt lat="48.494039" lon="-121.122978">
        <ele>674.0</ele>
        <time>2023-07-01T12:49:37Z</time>
      </trkpt>
      <trkpt lat="48.493997" lon="-121.123019">
        <ele>672.0</ele>
        <time>2023-07-01T12:49:42Z</time>
      </trkpt>
      <trkpt lat="48.493936" lon="-121.123117">
        <ele>672.0</ele>
        <time>2023-07-01T12:50:15Z</time>
      </trkpt>
      <trkpt lat="48.494008" lon="-121.123071">
        <ele>672.0</ele>
        <time>2023-07-01T12:50:40Z</time>
      </trkpt>
      <trkpt lat="48.493962" lon="-121.123045">
        <ele>669.0</ele>
        <time>2023-07-01T12:50:51Z</time>
      </trkpt>
      <trkpt lat="48.493937" lon="-121.123016">
        <ele>674.0</ele>
        <time>2023-07-01T12:51:06Z</time>
      </trkpt>
      <trkpt lat="48.493971" lon="-121.123049">
        <ele>672.0</ele>
        <time>2023-07-01T12:51:17Z</time>
      </trkpt>
      <trkpt lat="48.493970" lon="-121.123085">
        <ele>672.0</ele>
        <time>2023-07-01T12:51:21Z</time>
      </trkpt>
      <trkpt lat="48.493926" lon="-121.123139">
        <ele>667.0</ele>
        <time>2023-07-01T12:51:36Z</time>
      </trkpt>
      <trkpt lat="48.493920" lon="-121.123105">
        <ele>674.0</ele>
        <time>2023-07-01T12:51:45Z</time>
      </trkpt>
      <trkpt lat="48.493982" lon="-121.123017">
        <ele>672.0</ele>
        <time>2023-07-01T12:51:56Z</time>
      </trkpt>
      <trkpt lat="48.493973" lon="-121.122990">
        <ele>675.3</ele>
        <time>2023-07-01T12:52:02Z</time>
      </trkpt>
      <trkpt lat="48.494045" lon="-121.123008">
        <ele>672.0</ele>
        <time>2023-07-01T12:52:13Z</time>
      </trkpt>
      <trkpt lat="48.494021" lon="-121.123070">
        <ele>676.6</ele>
        <time>2023-07-01T12:52:18Z</time>
      </trkpt>
      <trkpt lat="48.493990" lon="-121.123090">
        <ele>676.0</ele>
        <time>2023-07-01T12:52:21Z</time>
      </trkpt>
      <trkpt lat="48.493969" lon="-121.123119">
        <ele>677.4</ele>
        <time>2023-07-01T12:52:23Z</time>
      </trkpt>
      <trkpt lat="48.493962" lon="-121.123210">
        <ele>676.0</ele>
        <time>2023-07-01T12:52:50Z</time>
      </trkpt>
      <trkpt lat="48.493921" lon="-121.123105">
        <ele>677.0</ele>
        <time>2023-07-01T12:52:58Z</time>
      </trkpt>
      <trkpt lat="48.493896" lon="-121.123071">
        <ele>670.0</ele>
        <time>2023-07-01T12:53:04Z</time>
      </trkpt>
      <trkpt lat="48.493940" lon="-121.123064">
        <ele>672.0</ele>
        <time>2023-07-01T12:53:10Z</time>
      </trkpt>
      <trkpt lat="48.493981" lon="-121.123107">
        <ele>672.0</ele>
        <time>2023-07-01T12:53:17Z</time>
      </trkpt>
      <trkpt lat="48.494023" lon="-121.123018">
        <ele>673.3</ele>
        <time>2023-07-01T12:53:20Z</time>
      </trkpt>
      <trkpt lat="48.494022" lon="-121.123049">
        <ele>673.6</ele>
        <time>2023-07-01T12:53:21Z</time>
      </trkpt>
      <trkpt lat="48.493983" lon="-121.123135">
        <ele>670.0</ele>
        <time>2023-07-01T12:53:37Z</time>
      </trkpt>
      <trkpt lat="48.494023" lon="-121.123100">
        <ele>672.0</ele>
        <time>2023-07-01T12:53:48Z</time>
      </trkpt>
      <trkpt lat="48.494014" lon="-121.123065">
        <ele>672.0</ele>
        <time>2023-07-01T12:53:51Z</time>
      </trkpt>
      <trkpt lat="48.493988" lon="-121.123029">
        <ele>673.7</ele>
        <time>2023-07-01T12:53:53Z</time>
      </trkpt>
      <trkpt lat="48.493980" lon="-121.122991">
        <ele>672.0</ele>
        <time>2023-07-01T12:53:55Z</time>
      </trkpt>
      <trkpt lat="48.494002" lon="-121.123033">
        <ele>672.0</ele>
        <time>2023-07-01T12:53:58Z</time>
      </trkpt>
      <trkpt lat="48.493993" lon="-121.123064">
        <ele>672.0</ele>
        <time>2023-07-01T12:54:00Z</time>
      </trkpt>
      <trkpt lat="48.493964" lon="-121.123049">
        <ele>672.0</ele>
        <time>2023-07-01T12:54:03Z</time>
      </trkpt>
      <trkpt lat="48.493997" lon="-121.123043">
        <ele>672.0</ele>
        <time>2023-07-01T12:54:06Z</time>
      </trkpt>
      <trkpt lat="48.494024" lon="-121.123013">
        <ele>673.0</ele>
        <time>2023-07-01T12:54:08Z</time>
      </trkpt>
      <trkpt lat="48.493988" lon="-121.123059">
        <ele>674.4</ele>
        <time>2023-07-01T12:54:10Z</time>
      </trkpt>
      <trkpt lat="48.494019" lon="-121.123075">
        <ele>673.0</ele>
        <time>2023-07-01T12:54:15Z</time>
      </trkpt>
      <trkpt lat="48.494017" lon="-121.123038">
        <ele>674.5</ele>
        <time>2023-07-01T12:54:18Z</time>
      </trkpt>
      <trkpt lat="48.493926" lon="-121.123068">
        <ele>673.0</ele>
        <time>2023-07-01T12:54:20Z</time>
      </trkpt>
      <trkpt lat="48.493890" lon="-121.123049">
        <ele>674.4</ele>
        <time>2023-07-01T12:54:25Z</time>
      </trkpt>
      <trkpt lat="48.493901" lon="-121.123013">
        <ele>672.0</ele>
        <time>2023-07-01T12:54:28Z</time>
      </trkpt>
      <trkpt lat="48.493875" lon="-121.122969">
        <ele>676.5</ele>
        <time>2023-07-01T12:54:33Z</time>
      </trkpt>
      <trkpt lat="48.493898" lon="-121.123005">
        <ele>673.0</ele>
        <time>2023-07-01T12:54:35Z</time>
      </trkpt>
      <trkpt lat="48.493906" lon="-121.122945">
        <ele>672.0</ele>
        <time>2023-07-01T12:54:38Z</time>
      </trkpt>
      <trkpt lat="48.493952" lon="-121.122945">
        <ele>672.0</ele>
        <time>2023-07-01T12:54:41Z</time>
      </trkpt>
      <trkpt lat="48.494003" lon="-121.122912">
        <ele>672.0</ele>
        <time>2023-07-01T12:54:45Z</time>
      </trkpt>
      <trkpt lat="48.494017" lon="-121.122952">
        <ele>671.0</ele>
        <time>2023-07-01T12:54:47Z</time>
      </trkpt>
      <trkpt lat="48.493974" lon="-121.122977">
        <ele>670.6</ele>
        <time>2023-07-01T12:54:48Z</time>
      </trkpt>
      <trkpt lat="48.493933" lon="-121.123049">
        <ele>662.0</ele>
        <time>2023-07-01T12:55:00Z</time>
      </trkpt>
      <trkpt lat="48.493978" lon="-121.123000">
        <ele>666.0</ele>
        <time>2023-07-01T12:55:16Z</time>
      </trkpt>
      <trkpt lat="48.494121" lon="-121.122974">
        <ele>662.0</ele>
        <time>2023-07-01T12:55:37Z</time>
      </trkpt>
      <trkpt lat="48.494154" lon="-121.122956">
        <ele>686.3</ele>
        <time>2023-07-01T12:56:05Z</time>
      </trkpt>
      <trkpt lat="48.494119" lon="-121.122922">
        <ele>685.0</ele>
        <time>2023-07-01T12:56:06Z</time>
      </trkpt>
      <trkpt lat="48.494066" lon="-121.122945">
        <ele>683.6</ele>
        <time>2023-07-01T12:56:09Z</time>
      </trkpt>
      <trkpt lat="48.494096" lon="-121.122924">
        <ele>681.0</ele>
        <time>2023-07-01T12:56:11Z</time>
      </trkpt>
      <trkpt lat="48.494144" lon="-121.122907">
        <ele>681.0</ele>
        <time>2023-07-01T12:56:15Z</time>
      </trkpt>
      <trkpt lat="48.494129" lon="-121.122936">
        <ele>679.0</ele>
        <time>2023-07-01T12:56:20Z</time>
      </trkpt>
      <trkpt lat="48.494081" lon="-121.122936">
        <ele>682.9</ele>
        <time>2023-07-01T12:56:24Z</time>
      </trkpt>
      <trkpt lat="48.494018" lon="-121.122999">
        <ele>679.4</ele>
        <time>2023-07-01T12:56:33Z</time>
      </trkpt>
      <trkpt lat="48.493958" lon="-121.123020">
        <ele>676.0</ele>
        <time>2023-07-01T12:56:38Z</time>
      </trkpt>
      <trkpt lat="48.493997" lon="-121.123040">
        <ele>678.4</ele>
        <time>2023-07-01T12:56:43Z</time>
      </trkpt>
      <trkpt lat="48.493906" lon="-121.123103">
        <ele>672.0</ele>
        <time>2023-07-01T12:56:50Z</time>
      </trkpt>
      <trkpt lat="48.493923" lon="-121.123062">
        <ele>674.0</ele>
        <time>2023-07-01T12:56:55Z</time>
      </trkpt>
      <trkpt lat="48.493954" lon="-121.123028">
        <ele>674.0</ele>
        <time>2023-07-01T12:56:58Z</time>
      </trkpt>
      <trkpt lat="48.493967" lon="-121.122986">
        <ele>674.0</ele>
        <time>2023-07-01T12:57:01Z</time>
      </trkpt>
      <trkpt lat="48.493963" lon="-121.123026">
        <ele>674.0</ele>
        <time>2023-07-01T12:57:04Z</time>
      </trkpt>
      <trkpt lat="48.493997" lon="-121.123010">
        <ele>672.0</ele>
        <time>2023-07-01T12:57:09Z</time>
      </trkpt>
      <trkpt lat="48.493965" lon="-121.123051">
        <ele>673.0</ele>
        <time>2023-07-01T12:57:22Z</time>
      </trkpt>
      <trkpt lat="48.493965" lon="-121.123108">
        <ele>674.2</ele>
        <time>2023-07-01T12:57:45Z</time>
      </trkpt>
      <trkpt lat="48.493947" lon="-121.123057">
        <ele>672.0</ele>
        <time>2023-07-01T12:57:57Z</time>
      </trkpt>
      <trkpt lat="48.493949" lon="-121.123004">
        <ele>672.0</ele>
        <time>2023-07-01T12:58:07Z</time>
      </trkpt>
      <trkpt lat="48.494010" lon="-121.122990">
        <ele>672.0</ele>
        <time>2023-07-01T12:58:17Z</time>
      </trkpt>
      <trkpt lat="48.493957" lon="-121.122947">
        <ele>672.0</ele>
        <time>2023-07-01T12:58:23Z</time>
      </trkpt>
      <trkpt lat="48.493914" lon="-121.123026">
        <ele>670.0</ele>
        <time>2023-07-01T12:58:32Z</time>
      </trkpt>
      <trkpt lat="48.493865" lon="-121.122970">
        <ele>672.0</ele>
        <time>2023-07-01T12:58:49Z</time>
      </trkpt>
      <trkpt lat="48.493950" lon="-121.122978">
        <ele>660.0</ele>
        <time>2023-07-01T12:59:08Z</time>
      </trkpt>
      <trkpt lat="48.493993" lon="-121.122963">
        <ele>669.0</ele>
        <time>2023-07-01T12:59:24Z</time>
      </trkpt>
      <trkpt lat="48.493958" lon="-121.122984">
        <ele>671.0</ele>
        <time>2023-07-01T12:59:48Z</time>
      </trkpt>
      <trkpt lat="48.493918" lon="-121.123084">
        <ele>672.0</ele>
        <time>2023-07-01T13:00:22Z</time>
      </trkpt>
      <trkpt lat="48.493926" lon="-121.123063">
        <ele>672.7</ele>
        <time>2023-07-01T13:00:28Z</time>
      </trkpt>
      <trkpt lat="48.493966" lon="-121.123051">
        <ele>672.7</ele>
        <time>2023-07-01T13:00:29Z</time>
      </trkpt>
      <trkpt lat="48.493982" lon="-121.122976">
        <ele>670.0</ele>
        <time>2023-07-01T13:00:35Z</time>
      </trkpt>
      <trkpt lat="48.494025" lon="-121.122935">
        <ele>674.0</ele>
        <time>2023-07-01T13:00:39Z</time>
      </trkpt>
      <trkpt lat="48.494070" lon="-121.122925">
        <ele>672.0</ele>
        <time>2023-07-01T13:00:46Z</time>
      </trkpt>
      <trkpt lat="48.493961" lon="-121.122954">
        <ele>675.0</ele>
        <time>2023-07-01T13:00:54Z</time>
      </trkpt>
      <trkpt lat="48.493954" lon="-121.123015">
        <ele>675.4</ele>
        <time>2023-07-01T13:01:06Z</time>
      </trkpt>
      <trkpt lat="48.493965" lon="-121.123066">
        <ele>672.2</ele>
        <time>2023-07-01T13:01:07Z</time>
      </trkpt>
      <trkpt lat="48.493930" lon="-121.123057">
        <ele>670.0</ele>
        <time>2023-07-01T13:01:11Z</time>
      </trkpt>
      <trkpt lat="48.493909" lon="-121.123024">
        <ele>671.0</ele>
        <time>2023-07-01T13:01:13Z</time>
      </trkpt>
      <trkpt lat="48.493925" lon="-121.123046">
        <ele>666.0</ele>
        <time>2023-07-01T13:01:19Z</time>
      </trkpt>
      <trkpt lat="48.493923" lon="-121.123089">
        <ele>663.0</ele>
        <time>2023-07-01T13:01:30Z</time>
      </trkpt>
      <trkpt lat="48.493970" lon="-121.122984">
        <ele>670.0</ele>
        <time>2023-07-01T13:01:49Z</time>
      </trkpt>
      <trkpt lat="48.494051" lon="-121.122929">
        <ele>669.0</ele>
        <time>2023-07-01T13:01:56Z</time>
      </trkpt>
      <trkpt lat="48.494073" lon="-121.122885">
        <ele>672.0</ele>
        <time>2023-07-01T13:01:59Z</time>
      </trkpt>
      <trkpt lat="48.493936" lon="-121.122814">
        <ele>675.0</ele>
        <time>2023-07-01T13:02:05Z</time>
      </trkpt>
      <trkpt lat="48.493966" lon="-121.122807">
        <ele>672.0</ele>
        <time>2023-07-01T13:02:07Z</time>
      </trkpt>
      <trkpt lat="48.493931" lon="-121.122829">
        <ele>672.0</ele>
        <time>2023-07-01T13:02:22Z</time>
      </trkpt>
      <trkpt lat="48.493964" lon="-121.122835">
        <ele>674.9</ele>
        <time>2023-07-01T13:02:28Z</time>
      </trkpt>
      <trkpt lat="48.493978" lon="-121.122806">
        <ele>673.0</ele>
        <time>2023-07-01T13:02:30Z</time>
      </trkpt>
      <trkpt lat="48.494051" lon="-121.122793">
        <ele>671.0</ele>
        <time>2023-07-01T13:02:34Z</time>
      </trkpt>
      <trkpt lat="48.494109" lon="-121.122710">
        <ele>672.0</ele>
        <time>2023-07-01T13:02:46Z</time>
      </trkpt>
      <trkpt lat="48.494147" lon="-121.122697">
        <ele>674.0</ele>
        <time>2023-07-01T13:02:51Z</time>
      </trkpt>
      <trkpt lat="48.494170" lon="-121.122736">
        <ele>676.0</ele>
        <time>2023-07-01T13:02:56Z</time>
      </trkpt>
      <trkpt lat="48.494220" lon="-121.122690">
        <ele>680.0</ele>
        <time>2023-07-01T13:02:59Z</time>
      </trkpt>
      <trkpt lat="48.494212" lon="-121.122760">
        <ele>684.0</ele>
        <time>2023-07-01T13:03:06Z</time>
      </trkpt>
      <trkpt lat="48.494224" lon="-121.122788">
        <ele>684.0</ele>
        <time>2023-07-01T13:03:09Z</time>
      </trkpt>
      <trkpt lat="48.494258" lon="-121.122784">
        <ele>686.0</ele>
        <time>2023-07-01T13:03:12Z</time>
      </trkpt>
      <trkpt lat="48.494293" lon="-121.122755">
        <ele>687.0</ele>
        <time>2023-07-01T13:03:15Z</time>
      </trkpt>
      <trkpt lat="48.494293" lon="-121.122631">
        <ele>688.0</ele>
        <time>2023-07-01T13:03:24Z</time>
      </trkpt>
      <trkpt lat="48.494273" lon="-121.122567">
        <ele>688.0</ele>
        <time>2023-07-01T13:03:28Z</time>
      </trkpt>
      <trkpt lat="48.494222" lon="-121.122549">
        <ele>688.0</ele>
        <time>2023-07-01T13:03:30Z</time>
      </trkpt>
      <trkpt lat="48.494226" lon="-121.122514">
        <ele>688.0</ele>
        <time>2023-07-01T13:03:33Z</time>
      </trkpt>
      <trkpt lat="48.494239" lon="-121.122463">
        <ele>690.0</ele>
        <time>2023-07-01T13:03:35Z</time>
      </trkpt>
      <trkpt lat="48.494271" lon="-121.122484">
        <ele>690.0</ele>
        <time>2023-07-01T13:03:38Z</time>
      </trkpt>
      <trkpt lat="48.494367" lon="-121.122463">
        <ele>691.0</ele>
        <time>2023-07-01T13:03:44Z</time>
      </trkpt>
      <trkpt lat="48.494377" lon="-121.122514">
        <ele>694.0</ele>
        <time>2023-07-01T13:03:50Z</time>
      </trkpt>
      <trkpt lat="48.494392" lon="-121.122453">
        <ele>692.0</ele>
        <time>2023-07-01T13:03:54Z</time>
      </trkpt>
      <trkpt lat="48.494378" lon="-121.122504">
        <ele>693.5</ele>
        <time>2023-07-01T13:03:57Z</time>
      </trkpt>
      <trkpt lat="48.494400" lon="-121.122527">
        <ele>692.0</ele>
        <time>2023-07-01T13:03:59Z</time>
      </trkpt>
      <trkpt lat="48.494429" lon="-121.122510">
        <ele>692.0</ele>
        <time>2023-07-01T13:04:02Z</time>
      </trkpt>
      <trkpt lat="48.494409" lon="-121.122452">
        <ele>692.0</ele>
        <time>2023-07-01T13:04:05Z</time>
      </trkpt>
      <trkpt lat="48.494433" lon="-121.122422">
        <ele>691.0</ele>
        <time>2023-07-01T13:04:07Z</time>
      </trkpt>
      <trkpt lat="48.494383" lon="-121.122374">
        <ele>692.6</ele>
        <time>2023-07-01T13:04:09Z</time>
      </trkpt>
      <trkpt lat="48.494387" lon="-121.122413">
        <ele>692.0</ele>
        <time>2023-07-01T13:04:11Z</time>
      </trkpt>
      <trkpt lat="48.494426" lon="-121.122377">
        <ele>692.0</ele>
        <time>2023-07-01T13:04:20Z</time>
      </trkpt>
      <trkpt lat="48.494465" lon="-121.122404">
        <ele>695.1</ele>
        <time>2023-07-01T13:04:21Z</time>
      </trkpt>
      <trkpt lat="48.494529" lon="-121.122386">
        <ele>692.0</ele>
        <time>2023-07-01T13:04:24Z</time>
      </trkpt>
      <trkpt lat="48.494559" lon="-121.122412">
        <ele>695.0</ele>
        <time>2023-07-01T13:04:27Z</time>
      </trkpt>
      <trkpt lat="48.494552" lon="-121.122328">
        <ele>692.0</ele>
        <time>2023-07-01T13:04:30Z</time>
      </trkpt>
      <trkpt lat="48.494528" lon="-121.122308">
        <ele>694.0</ele>
        <time>2023-07-01T13:04:36Z</time>
      </trkpt>
      <trkpt lat="48.494608" lon="-121.122351">
        <ele>695.0</ele>
        <time>2023-07-01T13:04:43Z</time>
      </trkpt>
      <trkpt lat="48.494628" lon="-121.122392">
        <ele>695.0</ele>
        <time>2023-07-01T13:04:46Z</time>
      </trkpt>
      <trkpt lat="48.494625" lon="-121.122334">
        <ele>697.0</ele>
        <time>2023-07-01T13:04:49Z</time>
      </trkpt>
      <trkpt lat="48.494663" lon="-121.122323">
        <ele>697.0</ele>
        <time>2023-07-01T13:04:51Z</time>
      </trkpt>
      <trkpt lat="48.494613" lon="-121.122453">
        <ele>698.0</ele>
        <time>2023-07-01T13:04:53Z</time>
      </trkpt>
      <trkpt lat="48.494631" lon="-121.122418">
        <ele>696.0</ele>
        <time>2023-07-01T13:04:55Z</time>
      </trkpt>
      <trkpt lat="48.494763" lon="-121.122307">
        <ele>700.8</ele>
        <time>2023-07-01T13:05:06Z</time>
      </trkpt>
      <trkpt lat="48.494726" lon="-121.122315">
        <ele>699.3</ele>
        <time>2023-07-01T13:05:07Z</time>
      </trkpt>
      <trkpt lat="48.494741" lon="-121.122395">
        <ele>696.0</ele>
        <time>2023-07-01T13:05:12Z</time>
      </trkpt>
      <trkpt lat="48.494777" lon="-121.122400">
        <ele>700.0</ele>
        <time>2023-07-01T13:05:16Z</time>
      </trkpt>
      <trkpt lat="48.494801" lon="-121.122424">
        <ele>701.0</ele>
        <time>2023-07-01T13:05:19Z</time>
      </trkpt>
      <trkpt lat="48.494835" lon="-121.122424">
        <ele>704.0</ele>
        <time>2023-07-01T13:05:21Z</time>
      </trkpt>
      <trkpt lat="48.494892" lon="-121.122369">
        <ele>705.5</ele>
        <time>2023-07-01T13:05:23Z</time>
      </trkpt>
      <trkpt lat="48.494944" lon="-121.122340">
        <ele>701.0</ele>
        <time>2023-07-01T13:05:26Z</time>
      </trkpt>
      <trkpt lat="48.494969" lon="-121.122310">
        <ele>705.0</ele>
        <time>2023-07-01T13:05:28Z</time>
      </trkpt>
      <trkpt lat="48.494960" lon="-121.122275">
        <ele>707.0</ele>
        <time>2023-07-01T13:05:30Z</time>
      </trkpt>
      <trkpt lat="48.494942" lon="-121.122300">
        <ele>708.0</ele>
        <time>2023-07-01T13:05:34Z</time>
      </trkpt>
      <trkpt lat="48.494953" lon="-121.122281">
        <ele>709.0</ele>
        <time>2023-07-01T13:05:37Z</time>
      </trkpt>
      <trkpt lat="48.494922" lon="-121.122294">
        <ele>708.8</ele>
        <time>2023-07-01T13:05:38Z</time>
      </trkpt>
      <trkpt lat="48.494913" lon="-121.122333">
        <ele>702.0</ele>
        <time>2023-07-01T13:05:43Z</time>
      </trkpt>
      <trkpt lat="48.494864" lon="-121.122373">
        <ele>707.0</ele>
        <time>2023-07-01T13:05:48Z</time>
      </trkpt>
      <trkpt lat="48.494886" lon="-121.122347">
        <ele>704.0</ele>
        <time>2023-07-01T13:05:51Z</time>
      </trkpt>
      <trkpt lat="48.494926" lon="-121.122376">
        <ele>707.0</ele>
        <time>2023-07-01T13:05:57Z</time>
      </trkpt>
      <trkpt lat="48.494955" lon="-121.122211">
        <ele>708.0</ele>
        <time>2023-07-01T13:06:06Z</time>
      </trkpt>
      <trkpt lat="48.494994" lon="-121.122206">
        <ele>707.0</ele>
        <time>2023-07-01T13:06:08Z</time>
      </trkpt>
      <trkpt lat="48.494996" lon="-121.122239">
        <ele>709.8</ele>
        <time>2023-07-01T13:06:10Z</time>
      </trkpt>
      <trkpt lat="48.494976" lon="-121.122314">
        <ele>705.0</ele>
        <time>2023-07-01T13:06:14Z</time>
      </trkpt>
      <trkpt lat="48.495025" lon="-121.122308">
        <ele>706.0</ele>
        <time>2023-07-01T13:06:20Z</time>
      </trkpt>
      <trkpt lat="48.495061" lon="-121.122286">
        <ele>707.0</ele>
        <time>2023-07-01T13:06:24Z</time>
      </trkpt>
      <trkpt lat="48.495055" lon="-121.122319">
        <ele>710.0</ele>
        <time>2023-07-01T13:06:27Z</time>
      </trkpt>
      <trkpt lat="48.495072" lon="-121.122427">
        <ele>711.0</ele>
        <time>2023-07-01T13:06:31Z</time>
      </trkpt>
      <trkpt lat="48.495052" lon="-121.122472">
        <ele>708.0</ele>
        <time>2023-07-01T13:06:35Z</time>
      </trkpt>
      <trkpt lat="48.495119" lon="-121.122272">
        <ele>707.0</ele>
        <time>2023-07-01T13:06:44Z</time>
      </trkpt>
      <trkpt lat="48.495170" lon="-121.122274">
        <ele>709.0</ele>
        <time>2023-07-01T13:06:50Z</time>
      </trkpt>
      <trkpt lat="48.495183" lon="-121.122373">
        <ele>711.0</ele>
        <time>2023-07-01T13:06:55Z</time>
      </trkpt>
      <trkpt lat="48.495165" lon="-121.122423">
        <ele>712.9</ele>
        <time>2023-07-01T13:06:56Z</time>
      </trkpt>
      <trkpt lat="48.495199" lon="-121.122401">
        <ele>712.0</ele>
        <time>2023-07-01T13:06:58Z</time>
      </trkpt>
      <trkpt lat="48.495227" lon="-121.122359">
        <ele>712.0</ele>
        <time>2023-07-01T13:07:01Z</time>
      </trkpt>
      <trkpt lat="48.495266" lon="-121.122384">
        <ele>713.0</ele>
        <time>2023-07-01T13:07:04Z</time>
      </trkpt>
      <trkpt lat="48.495289" lon="-121.122353">
        <ele>714.0</ele>
        <time>2023-07-01T13:07:09Z</time>
      </trkpt>
      <trkpt lat="48.495312" lon="-121.122399">
        <ele>718.4</ele>
        <time>2023-07-01T13:07:12Z</time>
      </trkpt>
      <trkpt lat="48.495281" lon="-121.122418">
        <ele>716.5</ele>
        <time>2023-07-01T13:07:13Z</time>
      </trkpt>
      <trkpt lat="48.495270" lon="-121.122448">
        <ele>718.1</ele>
        <time>2023-07-01T13:07:14Z</time>
      </trkpt>
      <trkpt lat="48.495283" lon="-121.122484">
        <ele>718.0</ele>
        <time>2023-07-01T13:07:16Z</time>
      </trkpt>
      <trkpt lat="48.495316" lon="-121.122475">
        <ele>718.0</ele>
        <time>2023-07-01T13:07:18Z</time>
      </trkpt>
      <trkpt lat="48.495362" lon="-121.122432">
        <ele>719.0</ele>
        <time>2023-07-01T13:07:20Z</time>
      </trkpt>
      <trkpt lat="48.495376" lon="-121.122363">
        <ele>721.1</ele>
        <time>2023-07-01T13:07:22Z</time>
      </trkpt>
      <trkpt lat="48.495406" lon="-121.122368">
        <ele>720.0</ele>
        <time>2023-07-01T13:07:23Z</time>
      </trkpt>
      <trkpt lat="48.495384" lon="-121.122408">
        <ele>720.9</ele>
        <time>2023-07-01T13:07:25Z</time>
      </trkpt>
      <trkpt lat="48.495392" lon="-121.122446">
        <ele>720.0</ele>
        <time>2023-07-01T13:07:28Z</time>
      </trkpt>
      <trkpt lat="48.495361" lon="-121.122358">
        <ele>722.1</ele>
        <time>2023-07-01T13:07:32Z</time>
      </trkpt>
      <trkpt lat="48.495340" lon="-121.122251">
        <ele>720.0</ele>
        <time>2023-07-01T13:07:39Z</time>
      </trkpt>
      <trkpt lat="48.495321" lon="-121.122223">
        <ele>719.1</ele>
        <time>2023-07-01T13:07:41Z</time>
      </trkpt>
      <trkpt lat="48.495326" lon="-121.122175">
        <ele>716.0</ele>
        <time>2023-07-01T13:07:43Z</time>
      </trkpt>
      <trkpt lat="48.495377" lon="-121.122232">
        <ele>718.0</ele>
        <time>2023-07-01T13:07:49Z</time>
      </trkpt>
      <trkpt lat="48.495415" lon="-121.122194">
        <ele>720.0</ele>
        <time>2023-07-01T13:07:51Z</time>
      </trkpt>
      <trkpt lat="48.495473" lon="-121.122196">
        <ele>720.0</ele>
        <time>2023-07-01T13:07:55Z</time>
      </trkpt>
      <trkpt lat="48.495558" lon="-121.122216">
        <ele>718.0</ele>
        <time>2023-07-01T13:08:03Z</time>
      </trkpt>
      <trkpt lat="48.495604" lon="-121.122127">
        <ele>719.0</ele>
        <time>2023-07-01T13:08:16Z</time>
      </trkpt>
      <trkpt lat="48.495575" lon="-121.122223">
        <ele>720.0</ele>
        <time>2023-07-01T13:08:22Z</time>
      </trkpt>
      <trkpt lat="48.495636" lon="-121.122120">
        <ele>720.0</ele>
        <time>2023-07-01T13:08:29Z</time>
      </trkpt>
      <trkpt lat="48.495671" lon="-121.122098">
        <ele>723.0</ele>
        <time>2023-07-01T13:08:33Z</time>
      </trkpt>
      <trkpt lat="48.495624" lon="-121.122061">
        <ele>724.0</ele>
        <time>2023-07-01T13:08:37Z</time>
      </trkpt>
      <trkpt lat="48.495653" lon="-121.122079">
        <ele>724.0</ele>
        <time>2023-07-01T13:08:40Z</time>
      </trkpt>
      <trkpt lat="48.495672" lon="-121.122061">
        <ele>721.0</ele>
        <time>2023-07-01T13:08:45Z</time>
      </trkpt>
      <trkpt lat="48.495669" lon="-121.121988">
        <ele>725.0</ele>
        <time>2023-07-01T13:08:53Z</time>
      </trkpt>
      <trkpt lat="48.495674" lon="-121.122035">
        <ele>728.0</ele>
        <time>2023-07-01T13:08:58Z</time>
      </trkpt>
      <trkpt lat="48.495704" lon="-121.122099">
        <ele>726.0</ele>
        <time>2023-07-01T13:09:00Z</time>
      </trkpt>
      <trkpt lat="48.495737" lon="-121.122089">
        <ele>725.0</ele>
        <time>2023-07-01T13:09:04Z</time>
      </trkpt>
      <trkpt lat="48.495723" lon="-121.122054">
        <ele>726.0</ele>
        <time>2023-07-01T13:09:13Z</time>
      </trkpt>
      <trkpt lat="48.495734" lon="-121.122011">
        <ele>728.0</ele>
        <time>2023-07-01T13:09:16Z</time>
      </trkpt>
      <trkpt lat="48.495720" lon="-121.121953">
        <ele>726.0</ele>
        <time>2023-07-01T13:09:18Z</time>
      </trkpt>
      <trkpt lat="48.495726" lon="-121.121919">
        <ele>726.0</ele>
        <time>2023-07-01T13:09:21Z</time>
      </trkpt>
      <trkpt lat="48.495783" lon="-121.121898">
        <ele>727.0</ele>
        <time>2023-07-01T13:09:24Z</time>
      </trkpt>
      <trkpt lat="48.495816" lon="-121.121959">
        <ele>729.6</ele>
        <time>2023-07-01T13:09:27Z</time>
      </trkpt>
      <trkpt lat="48.495845" lon="-121.121908">
        <ele>728.0</ele>
        <time>2023-07-01T13:09:30Z</time>
      </trkpt>
      <trkpt lat="48.495871" lon="-121.121833">
        <ele>731.0</ele>
        <time>2023-07-01T13:09:36Z</time>
      </trkpt>
      <trkpt lat="48.495895" lon="-121.121852">
        <ele>730.0</ele>
        <time>2023-07-01T13:09:39Z</time>
      </trkpt>
      <trkpt lat="48.495943" lon="-121.121852">
        <ele>730.0</ele>
        <time>2023-07-01T13:09:43Z</time>
      </trkpt>
      <trkpt lat="48.495917" lon="-121.121852">
        <ele>733.0</ele>
        <time>2023-07-01T13:09:51Z</time>
      </trkpt>
      <trkpt lat="48.495934" lon="-121.121806">
        <ele>735.0</ele>
        <time>2023-07-01T13:10:09Z</time>
      </trkpt>
      <trkpt lat="48.495966" lon="-121.121767">
        <ele>738.0</ele>
        <time>2023-07-01T13:10:15Z</time>
      </trkpt>
      <trkpt lat="48.495965" lon="-121.121840">
        <ele>738.5</ele>
        <time>2023-07-01T13:10:20Z</time>
      </trkpt>
      <trkpt lat="48.495982" lon="-121.121881">
        <ele>737.0</ele>
        <time>2023-07-01T13:10:22Z</time>
      </trkpt>
      <trkpt lat="48.495981" lon="-121.121943">
        <ele>736.0</ele>
        <time>2023-07-01T13:10:29Z</time>
      </trkpt>
      <trkpt lat="48.496042" lon="-121.121890">
        <ele>736.0</ele>
        <time>2023-07-01T13:10:40Z</time>
      </trkpt>
      <trkpt lat="48.496046" lon="-121.121925">
        <ele>737.0</ele>
        <time>2023-07-01T13:10:43Z</time>
      </trkpt>
      <trkpt lat="48.496102" lon="-121.121819">
        <ele>740.0</ele>
        <time>2023-07-01T13:10:51Z</time>
      </trkpt>
      <trkpt lat="48.496108" lon="-121.121856">
        <ele>741.0</ele>
        <time>2023-07-01T13:10:57Z</time>
      </trkpt>
      <trkpt lat="48.496141" lon="-121.121909">
        <ele>744.0</ele>
        <time>2023-07-01T13:11:07Z</time>
      </trkpt>
      <trkpt lat="48.496169" lon="-121.121860">
        <ele>745.0</ele>
        <time>2023-07-01T13:11:12Z</time>
      </trkpt>
      <trkpt lat="48.496126" lon="-121.121998">
        <ele>750.0</ele>
        <time>2023-07-01T13:11:21Z</time>
      </trkpt>
      <trkpt lat="48.496131" lon="-121.122048">
        <ele>751.7</ele>
        <time>2023-07-01T13:11:24Z</time>
      </trkpt>
      <trkpt lat="48.496167" lon="-121.122033">
        <ele>750.0</ele>
        <time>2023-07-01T13:11:27Z</time>
      </trkpt>
      <trkpt lat="48.496194" lon="-121.122074">
        <ele>749.6</ele>
        <time>2023-07-01T13:11:30Z</time>
      </trkpt>
      <trkpt lat="48.496252" lon="-121.121978">
        <ele>750.0</ele>
        <time>2023-07-01T13:11:35Z</time>
      </trkpt>
      <trkpt lat="48.496219" lon="-121.121963">
        <ele>750.0</ele>
        <time>2023-07-01T13:11:41Z</time>
      </trkpt>
      <trkpt lat="48.496223" lon="-121.121993">
        <ele>752.0</ele>
        <time>2023-07-01T13:11:48Z</time>
      </trkpt>
      <trkpt lat="48.496244" lon="-121.121926">
        <ele>752.0</ele>
        <time>2023-07-01T13:11:51Z</time>
      </trkpt>
      <trkpt lat="48.496242" lon="-121.121952">
        <ele>752.0</ele>
        <time>2023-07-01T13:11:57Z</time>
      </trkpt>
      <trkpt lat="48.496257" lon="-121.121984">
        <ele>754.0</ele>
        <time>2023-07-01T13:12:01Z</time>
      </trkpt>
      <trkpt lat="48.496318" lon="-121.121951">
        <ele>748.0</ele>
        <time>2023-07-01T13:12:15Z</time>
      </trkpt>
      <trkpt lat="48.496316" lon="-121.121904">
        <ele>756.0</ele>
        <time>2023-07-01T13:12:22Z</time>
      </trkpt>
      <trkpt lat="48.496326" lon="-121.121940">
        <ele>758.0</ele>
        <time>2023-07-01T13:12:24Z</time>
      </trkpt>
      <trkpt lat="48.496357" lon="-121.121929">
        <ele>756.0</ele>
        <time>2023-07-01T13:12:35Z</time>
      </trkpt>
      <trkpt lat="48.496384" lon="-121.121887">
        <ele>761.0</ele>
        <time>2023-07-01T13:12:50Z</time>
      </trkpt>
      <trkpt lat="48.496465" lon="-121.121878">
        <ele>761.0</ele>
        <time>2023-07-01T13:12:55Z</time>
      </trkpt>
      <trkpt lat="48.496510" lon="-121.121889">
        <ele>761.0</ele>
        <time>2023-07-01T13:12:57Z</time>
      </trkpt>
      <trkpt lat="48.496479" lon="-121.121872">
        <ele>763.0</ele>
        <time>2023-07-01T13:13:00Z</time>
      </trkpt>
      <trkpt lat="48.496471" lon="-121.121820">
        <ele>756.0</ele>
        <time>2023-07-01T13:13:08Z</time>
      </trkpt>
      <trkpt lat="48.496461" lon="-121.121854">
        <ele>764.0</ele>
        <time>2023-07-01T13:13:16Z</time>
      </trkpt>
      <trkpt lat="48.496503" lon="-121.121781">
        <ele>764.0</ele>
        <time>2023-07-01T13:13:29Z</time>
      </trkpt>
      <trkpt lat="48.496551" lon="-121.121777">
        <ele>765.0</ele>
        <time>2023-07-01T13:13:34Z</time>
      </trkpt>
      <trkpt lat="48.496552" lon="-121.121726">
        <ele>765.0</ele>
        <time>2023-07-01T13:13:39Z</time>
      </trkpt>
      <trkpt lat="48.496541" lon="-121.121687">
        <ele>768.9</ele>
        <time>2023-07-01T13:13:41Z</time>
      </trkpt>
      <trkpt lat="48.496561" lon="-121.121662">
        <ele>768.0</ele>
        <time>2023-07-01T13:13:44Z</time>
      </trkpt>
      <trkpt lat="48.496547" lon="-121.121588">
        <ele>770.0</ele>
        <time>2023-07-01T13:13:51Z</time>
      </trkpt>
      <trkpt lat="48.496581" lon="-121.121617">
        <ele>768.0</ele>
        <time>2023-07-01T13:13:56Z</time>
      </trkpt>
      <trkpt lat="48.496585" lon="-121.121657">
        <ele>770.0</ele>
        <time>2023-07-01T13:14:03Z</time>
      </trkpt>
      <trkpt lat="48.496637" lon="-121.121678">
        <ele>772.0</ele>
        <time>2023-07-01T13:14:11Z</time>
      </trkpt>
      <trkpt lat="48.496617" lon="-121.121736">
        <ele>774.0</ele>
        <time>2023-07-01T13:14:16Z</time>
      </trkpt>
      <trkpt lat="48.496656" lon="-121.121703">
        <ele>775.0</ele>
        <time>2023-07-01T13:14:20Z</time>
      </trkpt>
      <trkpt lat="48.496682" lon="-121.121703">
        <ele>774.0</ele>
        <time>2023-07-01T13:14:23Z</time>
      </trkpt>
      <trkpt lat="48.496678" lon="-121.121732">
        <ele>776.0</ele>
        <time>2023-07-01T13:14:29Z</time>
      </trkpt>
      <trkpt lat="48.496701" lon="-121.121616">
        <ele>781.0</ele>
        <time>2023-07-01T13:14:41Z</time>
      </trkpt>
      <trkpt lat="48.496738" lon="-121.121659">
        <ele>780.0</ele>
        <time>2023-07-01T13:14:49Z</time>
      </trkpt>
      <trkpt lat="48.496764" lon="-121.121641">
        <ele>780.0</ele>
        <time>2023-07-01T13:14:54Z</time>
      </trkpt>
      <trkpt lat="48.496771" lon="-121.121570">
        <ele>780.0</ele>
        <time>2023-07-01T13:15:09Z</time>
      </trkpt>
      <trkpt lat="48.496802" lon="-121.121523">
        <ele>785.0</ele>
        <time>2023-07-01T13:15:23Z</time>
      </trkpt>
      <trkpt lat="48.496788" lon="-121.121582">
        <ele>788.0</ele>
        <time>2023-07-01T13:15:30Z</time>
      </trkpt>
      <trkpt lat="48.496794" lon="-121.121544">
        <ele>789.0</ele>
        <time>2023-07-01T13:15:32Z</time>
      </trkpt>
      <trkpt lat="48.496828" lon="-121.121482">
        <ele>788.0</ele>
        <time>2023-07-01T13:15:48Z</time>
      </trkpt>
      <trkpt lat="48.496853" lon="-121.121514">
        <ele>792.0</ele>
        <time>2023-07-01T13:15:53Z</time>
      </trkpt>
      <trkpt lat="48.496865" lon="-121.121461">
        <ele>791.0</ele>
        <time>2023-07-01T13:15:59Z</time>
      </trkpt>
      <trkpt lat="48.496864" lon="-121.121402">
        <ele>793.0</ele>
        <time>2023-07-01T13:16:01Z</time>
      </trkpt>
      <trkpt lat="48.496897" lon="-121.121463">
        <ele>792.0</ele>
        <time>2023-07-01T13:16:07Z</time>
      </trkpt>
      <trkpt lat="48.496917" lon="-121.121397">
        <ele>794.0</ele>
        <time>2023-07-01T13:16:12Z</time>
      </trkpt>
      <trkpt lat="48.496910" lon="-121.121316">
        <ele>796.0</ele>
        <time>2023-07-01T13:16:21Z</time>
      </trkpt>
      <trkpt lat="48.496946" lon="-121.121304">
        <ele>796.0</ele>
        <time>2023-07-01T13:16:30Z</time>
      </trkpt>
      <trkpt lat="48.496947" lon="-121.121272">
        <ele>797.0</ele>
        <time>2023-07-01T13:16:36Z</time>
      </trkpt>
      <trkpt lat="48.496945" lon="-121.121311">
        <ele>798.0</ele>
        <time>2023-07-01T13:16:41Z</time>
      </trkpt>
      <trkpt lat="48.496944" lon="-121.121242">
        <ele>799.0</ele>
        <time>2023-07-01T13:16:46Z</time>
      </trkpt>
      <trkpt lat="48.496996" lon="-121.121236">
        <ele>800.0</ele>
        <time>2023-07-01T13:17:01Z</time>
      </trkpt>
      <trkpt lat="48.497018" lon="-121.121184">
        <ele>800.0</ele>
        <time>2023-07-01T13:17:10Z</time>
      </trkpt>
      <trkpt lat="48.497037" lon="-121.121240">
        <ele>804.0</ele>
        <time>2023-07-01T13:17:16Z</time>
      </trkpt>
      <trkpt lat="48.497063" lon="-121.121127">
        <ele>807.0</ele>
        <time>2023-07-01T13:17:28Z</time>
      </trkpt>
      <trkpt lat="48.497095" lon="-121.121117">
        <ele>810.0</ele>
        <time>2023-07-01T13:17:31Z</time>
      </trkpt>
      <trkpt lat="48.497128" lon="-121.121173">
        <ele>810.0</ele>
        <time>2023-07-01T13:17:42Z</time>
      </trkpt>
      <trkpt lat="48.497146" lon="-121.121139">
        <ele>810.0</ele>
        <time>2023-07-01T13:17:51Z</time>
      </trkpt>
      <trkpt lat="48.497130" lon="-121.121101">
        <ele>811.0</ele>
        <time>2023-07-01T13:17:55Z</time>
      </trkpt>
      <trkpt lat="48.497126" lon="-121.121125">
        <ele>811.0</ele>
        <time>2023-07-01T13:17:58Z</time>
      </trkpt>
      <trkpt lat="48.497165" lon="-121.121096">
        <ele>814.0</ele>
        <time>2023-07-01T13:18:03Z</time>
      </trkpt>
      <trkpt lat="48.497191" lon="-121.121020">
        <ele>813.0</ele>
        <time>2023-07-01T13:18:13Z</time>
      </trkpt>
      <trkpt lat="48.497182" lon="-121.121059">
        <ele>815.6</ele>
        <time>2023-07-01T13:18:16Z</time>
      </trkpt>
      <trkpt lat="48.497205" lon="-121.121072">
        <ele>814.0</ele>
        <time>2023-07-01T13:18:19Z</time>
      </trkpt>
      <trkpt lat="48.497237" lon="-121.121028">
        <ele>816.0</ele>
        <time>2023-07-01T13:18:23Z</time>
      </trkpt>
      <trkpt lat="48.497244" lon="-121.120937">
        <ele>817.0</ele>
        <time>2023-07-01T13:18:34Z</time>
      </trkpt>
      <trkpt lat="48.497263" lon="-121.120848">
        <ele>818.1</ele>
        <time>2023-07-01T13:18:44Z</time>
      </trkpt>
      <trkpt lat="48.497283" lon="-121.120926">
        <ele>818.8</ele>
        <time>2023-07-01T13:18:49Z</time>
      </trkpt>
      <trkpt lat="48.497346" lon="-121.120836">
        <ele>819.0</ele>
        <time>2023-07-01T13:18:58Z</time>
      </trkpt>
      <trkpt lat="48.497357" lon="-121.120890">
        <ele>819.0</ele>
        <time>2023-07-01T13:19:09Z</time>
      </trkpt>
      <trkpt lat="48.497388" lon="-121.120800">
        <ele>822.0</ele>
        <time>2023-07-01T13:19:19Z</time>
      </trkpt>
      <trkpt lat="48.497429" lon="-121.120788">
        <ele>824.0</ele>
        <time>2023-07-01T13:19:26Z</time>
      </trkpt>
      <trkpt lat="48.497456" lon="-121.120866">
        <ele>827.0</ele>
        <time>2023-07-01T13:19:34Z</time>
      </trkpt>
      <trkpt lat="48.497454" lon="-121.120953">
        <ele>831.0</ele>
        <time>2023-07-01T13:19:48Z</time>
      </trkpt>
      <trkpt lat="48.497522" lon="-121.120874">
        <ele>834.0</ele>
        <time>2023-07-01T13:19:57Z</time>
      </trkpt>
      <trkpt lat="48.497530" lon="-121.120835">
        <ele>834.0</ele>
        <time>2023-07-01T13:20:00Z</time>
      </trkpt>
      <trkpt lat="48.497514" lon="-121.120793">
        <ele>834.0</ele>
        <time>2023-07-01T13:20:05Z</time>
      </trkpt>
      <trkpt lat="48.497558" lon="-121.120816">
        <ele>834.0</ele>
        <time>2023-07-01T13:20:11Z</time>
      </trkpt>
      <trkpt lat="48.497592" lon="-121.120858">
        <ele>836.0</ele>
        <time>2023-07-01T13:20:20Z</time>
      </trkpt>
      <trkpt lat="48.497585" lon="-121.120786">
        <ele>838.9</ele>
        <time>2023-07-01T13:20:26Z</time>
      </trkpt>
      <trkpt lat="48.497594" lon="-121.120867">
        <ele>839.0</ele>
        <time>2023-07-01T13:20:31Z</time>
      </trkpt>
      <trkpt lat="48.497583" lon="-121.120993">
        <ele>842.0</ele>
        <time>2023-07-01T13:20:45Z</time>
      </trkpt>
      <trkpt lat="48.497609" lon="-121.120960">
        <ele>844.3</ele>
        <time>2023-07-01T13:20:47Z</time>
      </trkpt>
      <trkpt lat="48.497609" lon="-121.120922">
        <ele>844.0</ele>
        <time>2023-07-01T13:20:49Z</time>
      </trkpt>
      <trkpt lat="48.497632" lon="-121.120893">
        <ele>843.0</ele>
        <time>2023-07-01T13:20:51Z</time>
      </trkpt>
      <trkpt lat="48.497676" lon="-121.120891">
        <ele>843.0</ele>
        <time>2023-07-01T13:20:57Z</time>
      </trkpt>
      <trkpt lat="48.497672" lon="-121.120927">
        <ele>845.0</ele>
        <time>2023-07-01T13:21:05Z</time>
      </trkpt>
      <trkpt lat="48.497687" lon="-121.120971">
        <ele>847.0</ele>
        <time>2023-07-01T13:21:13Z</time>
      </trkpt>
      <trkpt lat="48.497734" lon="-121.120871">
        <ele>840.0</ele>
        <time>2023-07-01T13:21:31Z</time>
      </trkpt>
      <trkpt lat="48.497742" lon="-121.120913">
        <ele>852.1</ele>
        <time>2023-07-01T13:21:39Z</time>
      </trkpt>
      <trkpt lat="48.497783" lon="-121.120900">
        <ele>853.2</ele>
        <time>2023-07-01T13:21:40Z</time>
      </trkpt>
      <trkpt lat="48.497795" lon="-121.120867">
        <ele>854.4</ele>
        <time>2023-07-01T13:21:41Z</time>
      </trkpt>
      <trkpt lat="48.497808" lon="-121.120892">
        <ele>852.0</ele>
        <time>2023-07-01T13:21:45Z</time>
      </trkpt>
      <trkpt lat="48.497838" lon="-121.120829">
        <ele>853.0</ele>
        <time>2023-07-01T13:22:02Z</time>
      </trkpt>
      <trkpt lat="48.497838" lon="-121.120869">
        <ele>854.0</ele>
        <time>2023-07-01T13:22:09Z</time>
      </trkpt>
      <trkpt lat="48.497815" lon="-121.120834">
        <ele>850.0</ele>
        <time>2023-07-01T13:22:17Z</time>
      </trkpt>
      <trkpt lat="48.497868" lon="-121.120769">
        <ele>855.0</ele>
        <time>2023-07-01T13:22:29Z</time>
      </trkpt>
      <trkpt lat="48.497909" lon="-121.120782">
        <ele>852.0</ele>
        <time>2023-07-01T13:22:36Z</time>
      </trkpt>
      <trkpt lat="48.497920" lon="-121.120815">
        <ele>858.0</ele>
        <time>2023-07-01T13:22:44Z</time>
      </trkpt>
      <trkpt lat="48.497907" lon="-121.120768">
        <ele>862.0</ele>
        <time>2023-07-01T13:22:49Z</time>
      </trkpt>
      <trkpt lat="48.497937" lon="-121.120751">
        <ele>863.0</ele>
        <time>2023-07-01T13:22:50Z</time>
      </trkpt>
      <trkpt lat="48.497958" lon="-121.120678">
        <ele>864.0</ele>
        <time>2023-07-01T13:22:57Z</time>
      </trkpt>
      <trkpt lat="48.497953" lon="-121.120655">
        <ele>868.0</ele>
        <time>2023-07-01T13:23:06Z</time>
      </trkpt>
      <trkpt lat="48.497924" lon="-121.120743">
        <ele>865.0</ele>
        <time>2023-07-01T13:23:12Z</time>
      </trkpt>
      <trkpt lat="48.497937" lon="-121.120773">
        <ele>868.0</ele>
        <time>2023-07-01T13:23:17Z</time>
      </trkpt>
      <trkpt lat="48.497935" lon="-121.120840">
        <ele>863.0</ele>
        <time>2023-07-01T13:23:49Z</time>
      </trkpt>
      <trkpt lat="48.497977" lon="-121.120835">
        <ele>868.0</ele>
        <time>2023-07-01T13:24:12Z</time>
      </trkpt>
      <trkpt lat="48.497972" lon="-121.120786">
        <ele>869.9</ele>
        <time>2023-07-01T13:24:14Z</time>
      </trkpt>
      <trkpt lat="48.497999" lon="-121.120711">
        <ele>870.0</ele>
        <time>2023-07-01T13:24:19Z</time>
      </trkpt>
      <trkpt lat="48.498034" lon="-121.120783">
        <ele>868.0</ele>
        <time>2023-07-01T13:24:25Z</time>
      </trkpt>
      <trkpt lat="48.498052" lon="-121.120717">
        <ele>870.0</ele>
        <time>2023-07-01T13:24:31Z</time>
      </trkpt>
      <trkpt lat="48.498064" lon="-121.120729">
        <ele>872.0</ele>
        <time>2023-07-01T13:24:35Z</time>
      </trkpt>
      <trkpt lat="48.498080" lon="-121.120656">
        <ele>873.0</ele>
        <time>2023-07-01T13:24:50Z</time>
      </trkpt>
      <trkpt lat="48.498135" lon="-121.120679">
        <ele>873.0</ele>
        <time>2023-07-01T13:25:01Z</time>
      </trkpt>
      <trkpt lat="48.498157" lon="-121.120722">
        <ele>873.0</ele>
        <time>2023-07-01T13:25:10Z</time>
      </trkpt>
      <trkpt lat="48.498198" lon="-121.120707">
        <ele>880.0</ele>
        <time>2023-07-01T13:25:17Z</time>
      </trkpt>
      <trkpt lat="48.498174" lon="-121.120692">
        <ele>878.0</ele>
        <time>2023-07-01T13:25:20Z</time>
      </trkpt>
      <trkpt lat="48.498152" lon="-121.120633">
        <ele>877.0</ele>
        <time>2023-07-01T13:25:27Z</time>
      </trkpt>
      <trkpt lat="48.498162" lon="-121.120694">
        <ele>870.0</ele>
        <time>2023-07-01T13:25:43Z</time>
      </trkpt>
      <trkpt lat="48.498184" lon="-121.120669">
        <ele>876.0</ele>
        <time>2023-07-01T13:25:50Z</time>
      </trkpt>
      <trkpt lat="48.498222" lon="-121.120655">
        <ele>876.0</ele>
        <time>2023-07-01T13:25:53Z</time>
      </trkpt>
      <trkpt lat="48.498259" lon="-121.120690">
        <ele>875.0</ele>
        <time>2023-07-01T13:25:55Z</time>
      </trkpt>
      <trkpt lat="48.498250" lon="-121.120739">
        <ele>874.0</ele>
        <time>2023-07-01T13:26:01Z</time>
      </trkpt>
      <trkpt lat="48.498253" lon="-121.120683">
        <ele>876.5</ele>
        <time>2023-07-01T13:26:04Z</time>
      </trkpt>
      <trkpt lat="48.498235" lon="-121.120651">
        <ele>880.0</ele>
        <time>2023-07-01T13:26:09Z</time>
      </trkpt>
      <trkpt lat="48.498254" lon="-121.120623">
        <ele>882.0</ele>
        <time>2023-07-01T13:26:13Z</time>
      </trkpt>
      <trkpt lat="48.498268" lon="-121.120639">
        <ele>880.0</ele>
        <time>2023-07-01T13:26:19Z</time>
      </trkpt>
      <trkpt lat="48.498267" lon="-121.120681">
        <ele>884.7</ele>
        <time>2023-07-01T13:26:22Z</time>
      </trkpt>
      <trkpt lat="48.498301" lon="-121.120688">
        <ele>885.7</ele>
        <time>2023-07-01T13:26:23Z</time>
      </trkpt>
      <trkpt lat="48.498269" lon="-121.120704">
        <ele>881.0</ele>
        <time>2023-07-01T13:26:27Z</time>
      </trkpt>
      <trkpt lat="48.498277" lon="-121.120665">
        <ele>888.0</ele>
        <time>2023-07-01T13:26:33Z</time>
      </trkpt>
      <trkpt lat="48.498273" lon="-121.120578">
        <ele>890.0</ele>
        <time>2023-07-01T13:26:37Z</time>
      </trkpt>
      <trkpt lat="48.498292" lon="-121.120550">
        <ele>888.0</ele>
        <time>2023-07-01T13:26:44Z</time>
      </trkpt>
      <trkpt lat="48.498300" lon="-121.120640">
        <ele>888.0</ele>
        <time>2023-07-01T13:26:54Z</time>
      </trkpt>
      <trkpt lat="48.498320" lon="-121.120593">
        <ele>891.0</ele>
        <time>2023-07-01T13:26:59Z</time>
      </trkpt>
      <trkpt lat="48.498310" lon="-121.120543">
        <ele>892.0</ele>
        <time>2023-07-01T13:27:07Z</time>
      </trkpt>
      <trkpt lat="48.498324" lon="-121.120576">
        <ele>891.0</ele>
        <time>2023-07-01T13:27:18Z</time>
      </trkpt>
      <trkpt lat="48.498311" lon="-121.120640">
        <ele>893.0</ele>
        <time>2023-07-01T13:27:23Z</time>
      </trkpt>
      <trkpt lat="48.498356" lon="-121.120533">
        <ele>894.0</ele>
        <time>2023-07-01T13:27:38Z</time>
      </trkpt>
      <trkpt lat="48.498399" lon="-121.120513">
        <ele>896.0</ele>
        <time>2023-07-01T13:27:50Z</time>
      </trkpt>
      <trkpt lat="48.498406" lon="-121.120542">
        <ele>896.0</ele>
        <time>2023-07-01T13:27:55Z</time>
      </trkpt>
      <trkpt lat="48.498400" lon="-121.120613">
        <ele>900.0</ele>
        <time>2023-07-01T13:28:12Z</time>
      </trkpt>
      <trkpt lat="48.498396" lon="-121.120546">
        <ele>898.0</ele>
        <time>2023-07-01T13:28:27Z</time>
      </trkpt>
      <trkpt lat="48.498445" lon="-121.120598">
        <ele>901.0</ele>
        <time>2023-07-01T13:28:36Z</time>
      </trkpt>
      <trkpt lat="48.498458" lon="-121.120631">
        <ele>901.0</ele>
        <time>2023-07-01T13:28:41Z</time>
      </trkpt>
      <trkpt lat="48.498487" lon="-121.120616">
        <ele>900.0</ele>
        <time>2023-07-01T13:28:46Z</time>
      </trkpt>
      <trkpt lat="48.498493" lon="-121.120566">
        <ele>898.0</ele>
        <time>2023-07-01T13:28:59Z</time>
      </trkpt>
      <trkpt lat="48.498520" lon="-121.120591">
        <ele>908.0</ele>
        <time>2023-07-01T13:29:07Z</time>
      </trkpt>
      <trkpt lat="48.498525" lon="-121.120557">
        <ele>910.6</ele>
        <time>2023-07-01T13:29:09Z</time>
      </trkpt>
      <trkpt lat="48.498509" lon="-121.120496">
        <ele>910.0</ele>
        <time>2023-07-01T13:29:20Z</time>
      </trkpt>
      <trkpt lat="48.498537" lon="-121.120530">
        <ele>913.0</ele>
        <time>2023-07-01T13:29:31Z</time>
      </trkpt>
      <trkpt lat="48.498561" lon="-121.120518">
        <ele>912.0</ele>
        <time>2023-07-01T13:29:40Z</time>
      </trkpt>
      <trkpt lat="48.498567" lon="-121.120549">
        <ele>915.0</ele>
        <time>2023-07-01T13:29:45Z</time>
      </trkpt>
      <trkpt lat="48.498570" lon="-121.120470">
        <ele>916.0</ele>
        <time>2023-07-01T13:29:51Z</time>
      </trkpt>
      <trkpt lat="48.498594" lon="-121.120507">
        <ele>916.0</ele>
        <time>2023-07-01T13:29:54Z</time>
      </trkpt>
      <trkpt lat="48.498605" lon="-121.120553">
        <ele>915.0</ele>
        <time>2023-07-01T13:29:56Z</time>
      </trkpt>
      <trkpt lat="48.498593" lon="-121.120597">
        <ele>915.0</ele>
        <time>2023-07-01T13:30:00Z</time>
      </trkpt>
      <trkpt lat="48.498605" lon="-121.120562">
        <ele>915.0</ele>
        <time>2023-07-01T13:30:04Z</time>
      </trkpt>
      <trkpt lat="48.498627" lon="-121.120584">
        <ele>920.0</ele>
        <time>2023-07-01T13:30:35Z</time>
      </trkpt>
      <trkpt lat="48.498639" lon="-121.120552">
        <ele>921.0</ele>
        <time>2023-07-01T13:30:41Z</time>
      </trkpt>
      <trkpt lat="48.498679" lon="-121.120552">
        <ele>924.0</ele>
        <time>2023-07-01T13:30:49Z</time>
      </trkpt>
      <trkpt lat="48.498676" lon="-121.120474">
        <ele>925.0</ele>
        <time>2023-07-01T13:30:54Z</time>
      </trkpt>
      <trkpt lat="48.498696" lon="-121.120531">
        <ele>924.0</ele>
        <time>2023-07-01T13:30:59Z</time>
      </trkpt>
      <trkpt lat="48.498696" lon="-121.120569">
        <ele>924.0</ele>
        <time>2023-07-01T13:31:02Z</time>
      </trkpt>
      <trkpt lat="48.498716" lon="-121.120531">
        <ele>924.0</ele>
        <time>2023-07-01T13:31:11Z</time>
      </trkpt>
      <trkpt lat="48.498718" lon="-121.120571">
        <ele>924.0</ele>
        <time>2023-07-01T13:31:17Z</time>
      </trkpt>
      <trkpt lat="48.498753" lon="-121.120647">
        <ele>924.0</ele>
        <time>2023-07-01T13:31:33Z</time>
      </trkpt>
      <trkpt lat="48.498724" lon="-121.120735">
        <ele>928.0</ele>
        <time>2023-07-01T13:31:46Z</time>
      </trkpt>
      <trkpt lat="48.498773" lon="-121.120666">
        <ele>930.0</ele>
        <time>2023-07-01T13:31:59Z</time>
      </trkpt>
      <trkpt lat="48.498776" lon="-121.120701">
        <ele>930.0</ele>
        <time>2023-07-01T13:32:02Z</time>
      </trkpt>
      <trkpt lat="48.498772" lon="-121.120632">
        <ele>932.0</ele>
        <time>2023-07-01T13:32:10Z</time>
      </trkpt>
      <trkpt lat="48.498795" lon="-121.120587">
        <ele>930.0</ele>
        <time>2023-07-01T13:32:17Z</time>
      </trkpt>
      <trkpt lat="48.498834" lon="-121.120630">
        <ele>933.0</ele>
        <time>2023-07-01T13:32:31Z</time>
      </trkpt>
      <trkpt lat="48.498864" lon="-121.120564">
        <ele>937.0</ele>
        <time>2023-07-01T13:32:39Z</time>
      </trkpt>
      <trkpt lat="48.498848" lon="-121.120517">
        <ele>940.0</ele>
        <time>2023-07-01T13:32:51Z</time>
      </trkpt>
      <trkpt lat="48.498867" lon="-121.120480">
        <ele>938.0</ele>
        <time>2023-07-01T13:33:02Z</time>
      </trkpt>
      <trkpt lat="48.498912" lon="-121.120468">
        <ele>939.0</ele>
        <time>2023-07-01T13:33:09Z</time>
      </trkpt>
      <trkpt lat="48.498895" lon="-121.120420">
        <ele>941.0</ele>
        <time>2023-07-01T13:33:13Z</time>
      </trkpt>
      <trkpt lat="48.498914" lon="-121.120447">
        <ele>940.0</ele>
        <time>2023-07-01T13:33:16Z</time>
      </trkpt>
      <trkpt lat="48.498946" lon="-121.120439">
        <ele>941.0</ele>
        <time>2023-07-01T13:33:21Z</time>
      </trkpt>
      <trkpt lat="48.498949" lon="-121.120396">
        <ele>943.0</ele>
        <time>2023-07-01T13:33:27Z</time>
      </trkpt>
      <trkpt lat="48.498924" lon="-121.120563">
        <ele>948.0</ele>
        <time>2023-07-01T13:33:47Z</time>
      </trkpt>
      <trkpt lat="48.498953" lon="-121.120514">
        <ele>951.1</ele>
        <time>2023-07-01T13:33:51Z</time>
      </trkpt>
      <trkpt lat="48.498993" lon="-121.120583">
        <ele>951.0</ele>
        <time>2023-07-01T13:33:57Z</time>
      </trkpt>
      <trkpt lat="48.499017" lon="-121.120549">
        <ele>948.0</ele>
        <time>2023-07-01T13:34:05Z</time>
      </trkpt>
      <trkpt lat="48.499007" lon="-121.120472">
        <ele>948.0</ele>
        <time>2023-07-01T13:34:13Z</time>
      </trkpt>
      <trkpt lat="48.499056" lon="-121.120525">
        <ele>950.0</ele>
        <time>2023-07-01T13:34:22Z</time>
      </trkpt>
      <trkpt lat="48.499048" lon="-121.120483">
        <ele>951.2</ele>
        <time>2023-07-01T13:34:24Z</time>
      </trkpt>
      <trkpt lat="48.499053" lon="-121.120445">
        <ele>952.0</ele>
        <time>2023-07-01T13:34:27Z</time>
      </trkpt>
      <trkpt lat="48.499070" lon="-121.120475">
        <ele>953.0</ele>
        <time>2023-07-01T13:34:30Z</time>
      </trkpt>
      <trkpt lat="48.499076" lon="-121.120513">
        <ele>956.7</ele>
        <time>2023-07-01T13:34:33Z</time>
      </trkpt>
      <trkpt lat="48.499082" lon="-121.120491">
        <ele>954.0</ele>
        <time>2023-07-01T13:34:34Z</time>
      </trkpt>
      <trkpt lat="48.499082" lon="-121.120509">
        <ele>953.0</ele>
        <time>2023-07-01T13:34:40Z</time>
      </trkpt>
      <trkpt lat="48.499138" lon="-121.120440">
        <ele>959.0</ele>
        <time>2023-07-01T13:34:55Z</time>
      </trkpt>
      <trkpt lat="48.499098" lon="-121.120417">
        <ele>960.5</ele>
        <time>2023-07-01T13:34:57Z</time>
      </trkpt>
      <trkpt lat="48.499106" lon="-121.120387">
        <ele>960.0</ele>
        <time>2023-07-01T13:34:58Z</time>
      </trkpt>
      <trkpt lat="48.499099" lon="-121.120351">
        <ele>959.0</ele>
        <time>2023-07-01T13:35:01Z</time>
      </trkpt>
      <trkpt lat="48.499073" lon="-121.120325">
        <ele>960.0</ele>
        <time>2023-07-01T13:35:03Z</time>
      </trkpt>
      <trkpt lat="48.499074" lon="-121.120284">
        <ele>960.0</ele>
        <time>2023-07-01T13:35:07Z</time>
      </trkpt>
      <trkpt lat="48.499116" lon="-121.120294">
        <ele>958.0</ele>
        <time>2023-07-01T13:35:14Z</time>
      </trkpt>
      <trkpt lat="48.499149" lon="-121.120288">
        <ele>959.0</ele>
        <time>2023-07-01T13:35:19Z</time>
      </trkpt>
      <trkpt lat="48.499208" lon="-121.120153">
        <ele>960.0</ele>
        <time>2023-07-01T13:35:32Z</time>
      </trkpt>
      <trkpt lat="48.499272" lon="-121.120090">
        <ele>960.0</ele>
        <time>2023-07-01T13:35:43Z</time>
      </trkpt>
      <trkpt lat="48.499296" lon="-121.120026">
        <ele>964.0</ele>
        <time>2023-07-01T13:35:48Z</time>
      </trkpt>
      <trkpt lat="48.499350" lon="-121.119960">
        <ele>963.0</ele>
        <time>2023-07-01T13:36:07Z</time>
      </trkpt>
      <trkpt lat="48.499388" lon="-121.119992">
        <ele>967.7</ele>
        <time>2023-07-01T13:36:11Z</time>
      </trkpt>
      <trkpt lat="48.499380" lon="-121.120056">
        <ele>965.0</ele>
        <time>2023-07-01T13:36:19Z</time>
      </trkpt>
      <trkpt lat="48.499412" lon="-121.120044">
        <ele>966.0</ele>
        <time>2023-07-01T13:36:25Z</time>
      </trkpt>
      <trkpt lat="48.499426" lon="-121.120103">
        <ele>968.0</ele>
        <time>2023-07-01T13:36:35Z</time>
      </trkpt>
      <trkpt lat="48.499443" lon="-121.120015">
        <ele>972.0</ele>
        <time>2023-07-01T13:36:41Z</time>
      </trkpt>
      <trkpt lat="48.499488" lon="-121.119988">
        <ele>970.0</ele>
        <time>2023-07-01T13:36:45Z</time>
      </trkpt>
      <trkpt lat="48.499522" lon="-121.119950">
        <ele>972.0</ele>
        <time>2023-07-01T13:36:52Z</time>
      </trkpt>
      <trkpt lat="48.499528" lon="-121.119810">
        <ele>975.0</ele>
        <time>2023-07-01T13:37:03Z</time>
      </trkpt>
      <trkpt lat="48.499594" lon="-121.119836">
        <ele>972.0</ele>
        <time>2023-07-01T13:37:12Z</time>
      </trkpt>
      <trkpt lat="48.499615" lon="-121.119809">
        <ele>974.0</ele>
        <time>2023-07-01T13:37:19Z</time>
      </trkpt>
      <trkpt lat="48.499635" lon="-121.119721">
        <ele>977.0</ele>
        <time>2023-07-01T13:37:34Z</time>
      </trkpt>
      <trkpt lat="48.499691" lon="-121.119666">
        <ele>980.0</ele>
        <time>2023-07-01T13:37:41Z</time>
      </trkpt>
      <trkpt lat="48.499728" lon="-121.119813">
        <ele>979.0</ele>
        <time>2023-07-01T13:38:03Z</time>
      </trkpt>
      <trkpt lat="48.499713" lon="-121.119840">
        <ele>981.0</ele>
        <time>2023-07-01T13:38:08Z</time>
      </trkpt>
      <trkpt lat="48.499715" lon="-121.119891">
        <ele>981.0</ele>
        <time>2023-07-01T13:38:11Z</time>
      </trkpt>
      <trkpt lat="48.499783" lon="-121.119725">
        <ele>985.0</ele>
        <time>2023-07-01T13:38:28Z</time>
      </trkpt>
      <trkpt lat="48.499814" lon="-121.119747">
        <ele>986.0</ele>
        <time>2023-07-01T13:38:36Z</time>
      </trkpt>
      <trkpt lat="48.499848" lon="-121.119738">
        <ele>987.0</ele>
        <time>2023-07-01T13:38:38Z</time>
      </trkpt>
      <trkpt lat="48.499835" lon="-121.119770">
        <ele>988.0</ele>
        <time>2023-07-01T13:38:41Z</time>
      </trkpt>
      <trkpt lat="48.499876" lon="-121.119714">
        <ele>988.0</ele>
        <time>2023-07-01T13:38:48Z</time>
      </trkpt>
      <trkpt lat="48.499878" lon="-121.119674">
        <ele>990.0</ele>
        <time>2023-07-01T13:38:54Z</time>
      </trkpt>
      <trkpt lat="48.499928" lon="-121.119656">
        <ele>990.0</ele>
        <time>2023-07-01T13:39:02Z</time>
      </trkpt>
      <trkpt lat="48.499982" lon="-121.119604">
        <ele>993.0</ele>
        <time>2023-07-01T13:39:10Z</time>
      </trkpt>
      <trkpt lat="48.500005" lon="-121.119629">
        <ele>994.0</ele>
        <time>2023-07-01T13:39:15Z</time>
      </trkpt>
      <trkpt lat="48.500043" lon="-121.119638">
        <ele>994.0</ele>
        <time>2023-07-01T13:39:22Z</time>
      </trkpt>
      <trkpt lat="48.500025" lon="-121.119605">
        <ele>995.0</ele>
        <time>2023-07-01T13:39:27Z</time>
      </trkpt>
      <trkpt lat="48.500047" lon="-121.119582">
        <ele>997.3</ele>
        <time>2023-07-01T13:39:30Z</time>
      </trkpt>
      <trkpt lat="48.500077" lon="-121.119511">
        <ele>996.0</ele>
        <time>2023-07-01T13:39:45Z</time>
      </trkpt>
      <trkpt lat="48.500122" lon="-121.119525">
        <ele>1001.0</ele>
        <time>2023-07-01T13:39:55Z</time>
      </trkpt>
      <trkpt lat="48.500132" lon="-121.119474">
        <ele>1002.0</ele>
        <time>2023-07-01T13:40:00Z</time>
      </trkpt>
      <trkpt lat="48.500139" lon="-121.119524">
        <ele>1002.0</ele>
        <time>2023-07-01T13:40:03Z</time>
      </trkpt>
      <trkpt lat="48.500107" lon="-121.119569">
        <ele>1001.0</ele>
        <time>2023-07-01T13:40:08Z</time>
      </trkpt>
      <trkpt lat="48.500127" lon="-121.119536">
        <ele>1000.0</ele>
        <time>2023-07-01T13:40:13Z</time>
      </trkpt>
      <trkpt lat="48.500159" lon="-121.119543">
        <ele>1000.0</ele>
        <time>2023-07-01T13:40:15Z</time>
      </trkpt>
      <trkpt lat="48.500157" lon="-121.119579">
        <ele>1000.0</ele>
        <time>2023-07-01T13:40:17Z</time>
      </trkpt>
      <trkpt lat="48.500126" lon="-121.119608">
        <ele>1000.0</ele>
        <time>2023-07-01T13:40:19Z</time>
      </trkpt>
      <trkpt lat="48.500078" lon="-121.119681">
        <ele>1002.9</ele>
        <time>2023-07-01T13:40:23Z</time>
      </trkpt>
      <trkpt lat="48.500113" lon="-121.119629">
        <ele>1001.0</ele>
        <time>2023-07-01T13:40:32Z</time>
      </trkpt>
      <trkpt lat="48.500120" lon="-121.119708">
        <ele>1005.9</ele>
        <time>2023-07-01T13:40:43Z</time>
      </trkpt>
      <trkpt lat="48.500209" lon="-121.119558">
        <ele>1004.0</ele>
        <time>2023-07-01T13:40:54Z</time>
      </trkpt>
      <trkpt lat="48.500239" lon="-121.119619">
        <ele>1004.0</ele>
        <time>2023-07-01T13:40:56Z</time>
      </trkpt>
      <trkpt lat="48.500226" lon="-121.119575">
        <ele>1003.0</ele>
        <time>2023-07-01T13:41:00Z</time>
      </trkpt>
      <trkpt lat="48.500224" lon="-121.119628">
        <ele>1005.0</ele>
        <time>2023-07-01T13:41:08Z</time>
      </trkpt>
      <trkpt lat="48.500255" lon="-121.119613">
        <ele>1008.0</ele>
        <time>2023-07-01T13:41:15Z</time>
      </trkpt>
      <trkpt lat="48.500224" lon="-121.119680">
        <ele>1008.0</ele>
        <time>2023-07-01T13:41:23Z</time>
      </trkpt>
      <trkpt lat="48.500243" lon="-121.119681">
        <ele>1010.0</ele>
        <time>2023-07-01T13:41:27Z</time>
      </trkpt>
      <trkpt lat="48.500335" lon="-121.119610">
        <ele>1010.0</ele>
        <time>2023-07-01T13:41:39Z</time>
      </trkpt>
      <trkpt lat="48.500347" lon="-121.119569">
        <ele>1018.0</ele>
        <time>2023-07-01T13:42:00Z</time>
      </trkpt>
      <trkpt lat="48.500344" lon="-121.119605">
        <ele>1018.7</ele>
        <time>2023-07-01T13:42:01Z</time>
      </trkpt>
      <trkpt lat="48.500359" lon="-121.119552">
        <ele>1015.0</ele>
        <time>2023-07-01T13:42:06Z</time>
      </trkpt>
      <trkpt lat="48.500432" lon="-121.119611">
        <ele>1021.3</ele>
        <time>2023-07-01T13:42:12Z</time>
      </trkpt>
      <trkpt lat="48.500397" lon="-121.119620">
        <ele>1020.0</ele>
        <time>2023-07-01T13:42:15Z</time>
      </trkpt>
      <trkpt lat="48.500428" lon="-121.119571">
        <ele>1022.4</ele>
        <time>2023-07-01T13:42:18Z</time>
      </trkpt>
      <trkpt lat="48.500405" lon="-121.119541">
        <ele>1020.0</ele>
        <time>2023-07-01T13:42:22Z</time>
      </trkpt>
      <trkpt lat="48.500427" lon="-121.119566">
        <ele>1022.0</ele>
        <time>2023-07-01T13:42:27Z</time>
      </trkpt>
      <trkpt lat="48.500453" lon="-121.119522">
        <ele>1023.4</ele>
        <time>2023-07-01T13:42:30Z</time>
      </trkpt>
      <trkpt lat="48.500512" lon="-121.119495">
        <ele>1020.0</ele>
        <time>2023-07-01T13:42:44Z</time>
      </trkpt>
      <trkpt lat="48.500500" lon="-121.119532">
        <ele>1023.5</ele>
        <time>2023-07-01T13:42:51Z</time>
      </trkpt>
      <trkpt lat="48.500515" lon="-121.119559">
        <ele>1024.7</ele>
        <time>2023-07-01T13:42:55Z</time>
      </trkpt>
      <trkpt lat="48.500557" lon="-121.119504">
        <ele>1026.0</ele>
        <time>2023-07-01T13:42:59Z</time>
      </trkpt>
      <trkpt lat="48.500591" lon="-121.119477">
        <ele>1028.0</ele>
        <time>2023-07-01T13:43:01Z</time>
      </trkpt>
      <trkpt lat="48.500578" lon="-121.119434">
        <ele>1029.0</ele>
        <time>2023-07-01T13:43:05Z</time>
      </trkpt>
      <trkpt lat="48.500623" lon="-121.119394">
        <ele>1031.0</ele>
        <time>2023-07-01T13:43:09Z</time>
      </trkpt>
      <trkpt lat="48.500649" lon="-121.119428">
        <ele>1030.0</ele>
        <time>2023-07-01T13:43:13Z</time>
      </trkpt>
      <trkpt lat="48.500670" lon="-121.119377">
        <ele>1027.0</ele>
        <time>2023-07-01T13:43:20Z</time>
      </trkpt>
      <trkpt lat="48.500727" lon="-121.119371">
        <ele>1034.0</ele>
        <time>2023-07-01T13:43:28Z</time>
      </trkpt>
      <trkpt lat="48.500751" lon="-121.119329">
        <ele>1036.0</ele>
        <time>2023-07-01T13:43:43Z</time>
      </trkpt>
      <trkpt lat="48.500776" lon="-121.119321">
        <ele>1038.0</ele>
        <time>2023-07-01T13:43:48Z</time>
      </trkpt>
      <trkpt lat="48.500793" lon="-121.119255">
        <ele>1035.0</ele>
        <time>2023-07-01T13:43:57Z</time>
      </trkpt>
      <trkpt lat="48.500808" lon="-121.119281">
        <ele>1038.0</ele>
        <time>2023-07-01T13:44:05Z</time>
      </trkpt>
      <trkpt lat="48.500835" lon="-121.119255">
        <ele>1039.0</ele>
        <time>2023-07-01T13:44:14Z</time>
      </trkpt>
      <trkpt lat="48.500841" lon="-121.119211">
        <ele>1040.0</ele>
        <time>2023-07-01T13:44:24Z</time>
      </trkpt>
      <trkpt lat="48.500877" lon="-121.119252">
        <ele>1043.0</ele>
        <time>2023-07-01T13:44:31Z</time>
      </trkpt>
      <trkpt lat="48.500932" lon="-121.119189">
        <ele>1042.0</ele>
        <time>2023-07-01T13:44:43Z</time>
      </trkpt>
      <trkpt lat="48.500969" lon="-121.119228">
        <ele>1045.0</ele>
        <time>2023-07-01T13:44:55Z</time>
      </trkpt>
      <trkpt lat="48.501010" lon="-121.119158">
        <ele>1048.0</ele>
        <time>2023-07-01T13:45:09Z</time>
      </trkpt>
      <trkpt lat="48.501015" lon="-121.119208">
        <ele>1049.0</ele>
        <time>2023-07-01T13:45:21Z</time>
      </trkpt>
      <trkpt lat="48.501016" lon="-121.119188">
        <ele>1050.0</ele>
        <time>2023-07-01T13:45:24Z</time>
      </trkpt>
      <trkpt lat="48.501038" lon="-121.119215">
        <ele>1051.0</ele>
        <time>2023-07-01T13:45:27Z</time>
      </trkpt>
      <trkpt lat="48.501098" lon="-121.119157">
        <ele>1052.0</ele>
        <time>2023-07-01T13:45:31Z</time>
      </trkpt>
      <trkpt lat="48.501103" lon="-121.119244">
        <ele>1053.0</ele>
        <time>2023-07-01T13:45:35Z</time>
      </trkpt>
      <trkpt lat="48.501087" lon="-121.119284">
        <ele>1053.0</ele>
        <time>2023-07-01T13:45:43Z</time>
      </trkpt>
      <trkpt lat="48.501147" lon="-121.119275">
        <ele>1058.0</ele>
        <time>2023-07-01T13:45:52Z</time>
      </trkpt>
      <trkpt lat="48.501174" lon="-121.119256">
        <ele>1059.0</ele>
        <time>2023-07-01T13:45:55Z</time>
      </trkpt>
      <trkpt lat="48.501192" lon="-121.119145">
        <ele>1056.0</ele>
        <time>2023-07-01T13:46:03Z</time>
      </trkpt>
      <trkpt lat="48.501231" lon="-121.119145">
        <ele>1060.0</ele>
        <time>2023-07-01T13:46:12Z</time>
      </trkpt>
      <trkpt lat="48.501213" lon="-121.119133">
        <ele>1058.0</ele>
        <time>2023-07-01T13:46:21Z</time>
      </trkpt>
      <trkpt lat="48.501205" lon="-121.119172">
        <ele>1057.0</ele>
        <time>2023-07-01T13:46:35Z</time>
      </trkpt>
      <trkpt lat="48.501179" lon="-121.119199">
        <ele>1056.0</ele>
        <time>2023-07-01T13:46:45Z</time>
      </trkpt>
      <trkpt lat="48.501147" lon="-121.119204">
        <ele>1058.0</ele>
        <time>2023-07-01T13:46:54Z</time>
      </trkpt>
      <trkpt lat="48.501176" lon="-121.119221">
        <ele>1063.0</ele>
        <time>2023-07-01T13:46:59Z</time>
      </trkpt>
      <trkpt lat="48.501203" lon="-121.119203">
        <ele>1063.0</ele>
        <time>2023-07-01T13:47:00Z</time>
      </trkpt>
      <trkpt lat="48.501227" lon="-121.119162">
        <ele>1064.3</ele>
        <time>2023-07-01T13:47:02Z</time>
      </trkpt>
      <trkpt lat="48.501222" lon="-121.119116">
        <ele>1064.7</ele>
        <time>2023-07-01T13:47:03Z</time>
      </trkpt>
      <trkpt lat="48.501256" lon="-121.119089">
        <ele>1063.0</ele>
        <time>2023-07-01T13:47:06Z</time>
      </trkpt>
      <trkpt lat="48.501247" lon="-121.119048">
        <ele>1062.0</ele>
        <time>2023-07-01T13:47:08Z</time>
      </trkpt>
      <trkpt lat="48.501321" lon="-121.119114">
        <ele>1061.0</ele>
        <time>2023-07-01T13:47:17Z</time>
      </trkpt>
      <trkpt lat="48.501316" lon="-121.119010">
        <ele>1064.6</ele>
        <time>2023-07-01T13:47:24Z</time>
      </trkpt>
      <trkpt lat="48.501328" lon="-121.119092">
        <ele>1064.0</ele>
        <time>2023-07-01T13:47:32Z</time>
      </trkpt>
      <trkpt lat="48.501359" lon="-121.119081">
        <ele>1064.0</ele>
        <time>2023-07-01T13:47:39Z</time>
      </trkpt>
      <trkpt lat="48.501406" lon="-121.119110">
        <ele>1067.0</ele>
        <time>2023-07-01T13:47:45Z</time>
      </trkpt>
      <trkpt lat="48.501405" lon="-121.119139">
        <ele>1068.0</ele>
        <time>2023-07-01T13:47:49Z</time>
      </trkpt>
      <trkpt lat="48.501335" lon="-121.119179">
        <ele>1067.0</ele>
        <time>2023-07-01T13:48:00Z</time>
      </trkpt>
      <trkpt lat="48.501377" lon="-121.119135">
        <ele>1068.0</ele>
        <time>2023-07-01T13:48:07Z</time>
      </trkpt>
      <trkpt lat="48.501390" lon="-121.119101">
        <ele>1068.0</ele>
        <time>2023-07-01T13:48:10Z</time>
      </trkpt>
      <trkpt lat="48.501424" lon="-121.119170">
        <ele>1070.0</ele>
        <time>2023-07-01T13:48:17Z</time>
      </trkpt>
      <trkpt lat="48.501437" lon="-121.119113">
        <ele>1070.0</ele>
        <time>2023-07-01T13:48:20Z</time>
      </trkpt>
      <trkpt lat="48.501435" lon="-121.119161">
        <ele>1071.3</ele>
        <time>2023-07-01T13:48:24Z</time>
      </trkpt>
      <trkpt lat="48.501413" lon="-121.119198">
        <ele>1072.0</ele>
        <time>2023-07-01T13:48:27Z</time>
      </trkpt>
      <trkpt lat="48.501440" lon="-121.119176">
        <ele>1072.0</ele>
        <time>2023-07-01T13:48:30Z</time>
      </trkpt>
      <trkpt lat="48.501442" lon="-121.119104">
        <ele>1072.0</ele>
        <time>2023-07-01T13:48:34Z</time>
      </trkpt>
      <trkpt lat="48.501464" lon="-121.119125">
        <ele>1071.0</ele>
        <time>2023-07-01T13:48:37Z</time>
      </trkpt>
      <trkpt lat="48.501485" lon="-121.119086">
        <ele>1072.6</ele>
        <time>2023-07-01T13:48:39Z</time>
      </trkpt>
      <trkpt lat="48.501477" lon="-121.119006">
        <ele>1071.7</ele>
        <time>2023-07-01T13:48:44Z</time>
      </trkpt>
      <trkpt lat="48.501492" lon="-121.119134">
        <ele>1070.0</ele>
        <time>2023-07-01T13:48:51Z</time>
      </trkpt>
      <trkpt lat="48.501479" lon="-121.119166">
        <ele>1070.0</ele>
        <time>2023-07-01T13:48:53Z</time>
      </trkpt>
      <trkpt lat="48.501503" lon="-121.119129">
        <ele>1071.0</ele>
        <time>2023-07-01T13:48:55Z</time>
      </trkpt>
      <trkpt lat="48.501511" lon="-121.119203">
        <ele>1072.8</ele>
        <time>2023-07-01T13:48:57Z</time>
      </trkpt>
      <trkpt lat="48.501527" lon="-121.119168">
        <ele>1071.3</ele>
        <time>2023-07-01T13:48:58Z</time>
      </trkpt>
      <trkpt lat="48.501510" lon="-121.119137">
        <ele>1072.0</ele>
        <time>2023-07-01T13:49:00Z</time>
      </trkpt>
      <trkpt lat="48.501534" lon="-121.119093">
        <ele>1068.0</ele>
        <time>2023-07-01T13:49:08Z</time>
      </trkpt>
      <trkpt lat="48.501600" lon="-121.119071">
        <ele>1069.0</ele>
        <time>2023-07-01T13:49:34Z</time>
      </trkpt>
      <trkpt lat="48.501631" lon="-121.119072">
        <ele>1069.0</ele>
        <time>2023-07-01T13:49:46Z</time>
      </trkpt>
      <trkpt lat="48.501618" lon="-121.119091">
        <ele>1067.0</ele>
        <time>2023-07-01T13:49:56Z</time>
      </trkpt>
      <trkpt lat="48.501670" lon="-121.119036">
        <ele>1071.4</ele>
        <time>2023-07-01T13:50:16Z</time>
      </trkpt>
      <trkpt lat="48.501668" lon="-121.118963">
        <ele>1071.4</ele>
        <time>2023-07-01T13:50:20Z</time>
      </trkpt>
      <trkpt lat="48.501683" lon="-121.118916">
        <ele>1073.1</ele>
        <time>2023-07-01T13:50:21Z</time>
      </trkpt>
      <trkpt lat="48.501715" lon="-121.118959">
        <ele>1072.8</ele>
        <time>2023-07-01T13:50:23Z</time>
      </trkpt>
      <trkpt lat="48.501714" lon="-121.119007">
        <ele>1072.0</ele>
        <time>2023-07-01T13:50:25Z</time>
      </trkpt>
      <trkpt lat="48.501735" lon="-121.119052">
        <ele>1074.0</ele>
        <time>2023-07-01T13:50:27Z</time>
      </trkpt>
      <trkpt lat="48.501690" lon="-121.119145">
        <ele>1076.0</ele>
        <time>2023-07-01T13:50:38Z</time>
      </trkpt>
      <trkpt lat="48.501739" lon="-121.119185">
        <ele>1083.0</ele>
        <time>2023-07-01T13:51:00Z</time>
      </trkpt>
      <trkpt lat="48.501712" lon="-121.119146">
        <ele>1086.0</ele>
        <time>2023-07-01T13:51:08Z</time>
      </trkpt>
      <trkpt lat="48.501729" lon="-121.119125">
        <ele>1089.6</ele>
        <time>2023-07-01T13:51:11Z</time>
      </trkpt>
      <trkpt lat="48.501728" lon="-121.119077">
        <ele>1090.0</ele>
        <time>2023-07-01T13:51:15Z</time>
      </trkpt>
      <trkpt lat="48.501756" lon="-121.119116">
        <ele>1090.0</ele>
        <time>2023-07-01T13:51:21Z</time>
      </trkpt>
      <trkpt lat="48.501753" lon="-121.119207">
        <ele>1092.0</ele>
        <time>2023-07-01T13:51:24Z</time>
      </trkpt>
      <trkpt lat="48.501774" lon="-121.119164">
        <ele>1092.8</ele>
        <time>2023-07-01T13:51:26Z</time>
      </trkpt>
      <trkpt lat="48.501814" lon="-121.119141">
        <ele>1092.0</ele>
        <time>2023-07-01T13:51:27Z</time>
      </trkpt>
      <trkpt lat="48.501811" lon="-121.119195">
        <ele>1093.0</ele>
        <time>2023-07-01T13:51:29Z</time>
      </trkpt>
      <trkpt lat="48.501791" lon="-121.119231">
        <ele>1096.1</ele>
        <time>2023-07-01T13:51:31Z</time>
      </trkpt>
      <trkpt lat="48.501761" lon="-121.119238">
        <ele>1093.0</ele>
        <time>2023-07-01T13:51:36Z</time>
      </trkpt>
      <trkpt lat="48.501761" lon="-121.119258">
        <ele>1096.0</ele>
        <time>2023-07-01T13:51:44Z</time>
      </trkpt>
      <trkpt lat="48.501792" lon="-121.119294">
        <ele>1097.0</ele>
        <time>2023-07-01T13:51:51Z</time>
      </trkpt>
      <trkpt lat="48.501818" lon="-121.119210">
        <ele>1100.0</ele>
        <time>2023-07-01T13:52:00Z</time>
      </trkpt>
      <trkpt lat="48.501847" lon="-121.119194">
        <ele>1100.0</ele>
        <time>2023-07-01T13:52:06Z</time>
      </trkpt>
      <trkpt lat="48.501831" lon="-121.119154">
        <ele>1102.0</ele>
        <time>2023-07-01T13:52:11Z</time>
      </trkpt>
      <trkpt lat="48.501869" lon="-121.119234">
        <ele>1102.0</ele>
        <time>2023-07-01T13:52:25Z</time>
      </trkpt>
      <trkpt lat="48.501839" lon="-121.119213">
        <ele>1101.0</ele>
        <time>2023-07-01T13:52:29Z</time>
      </trkpt>
      <trkpt lat="48.501864" lon="-121.119228">
        <ele>1101.0</ele>
        <time>2023-07-01T13:52:35Z</time>
      </trkpt>
      <trkpt lat="48.501871" lon="-121.119257">
        <ele>1103.0</ele>
        <time>2023-07-01T13:52:39Z</time>
      </trkpt>
      <trkpt lat="48.501918" lon="-121.119228">
        <ele>1104.0</ele>
        <time>2023-07-01T13:52:49Z</time>
      </trkpt>
      <trkpt lat="48.501888" lon="-121.119205">
        <ele>1102.0</ele>
        <time>2023-07-01T13:53:04Z</time>
      </trkpt>
      <trkpt lat="48.501921" lon="-121.119173">
        <ele>1104.0</ele>
        <time>2023-07-01T13:53:11Z</time>
      </trkpt>
      <trkpt lat="48.501905" lon="-121.119128">
        <ele>1098.0</ele>
        <time>2023-07-01T13:53:17Z</time>
      </trkpt>
      <trkpt lat="48.501909" lon="-121.119158">
        <ele>1103.0</ele>
        <time>2023-07-01T13:53:23Z</time>
      </trkpt>
      <trkpt lat="48.501938" lon="-121.119077">
        <ele>1103.0</ele>
        <time>2023-07-01T13:53:31Z</time>
      </trkpt>
      <trkpt lat="48.501950" lon="-121.119164">
        <ele>1103.0</ele>
        <time>2023-07-01T13:53:36Z</time>
      </trkpt>
      <trkpt lat="48.501934" lon="-121.119119">
        <ele>1104.0</ele>
        <time>2023-07-01T13:53:40Z</time>
      </trkpt>
      <trkpt lat="48.501941" lon="-121.119057">
        <ele>1104.0</ele>
        <time>2023-07-01T13:53:45Z</time>
      </trkpt>
      <trkpt lat="48.501931" lon="-121.119102">
        <ele>1100.0</ele>
        <time>2023-07-01T13:53:53Z</time>
      </trkpt>
      <trkpt lat="48.501929" lon="-121.119010">
        <ele>1102.0</ele>
        <time>2023-07-01T13:54:02Z</time>
      </trkpt>
      <trkpt lat="48.501961" lon="-121.119118">
        <ele>1102.5</ele>
        <time>2023-07-01T13:54:05Z</time>
      </trkpt>
      <trkpt lat="48.501990" lon="-121.119094">
        <ele>1101.0</ele>
        <time>2023-07-01T13:54:07Z</time>
      </trkpt>
      <trkpt lat="48.502004" lon="-121.119061">
        <ele>1102.0</ele>
        <time>2023-07-01T13:54:10Z</time>
      </trkpt>
      <trkpt lat="48.501989" lon="-121.119117">
        <ele>1102.0</ele>
        <time>2023-07-01T13:54:14Z</time>
      </trkpt>
      <trkpt lat="48.501975" lon="-121.119065">
        <ele>1105.8</ele>
        <time>2023-07-01T13:54:15Z</time>
      </trkpt>
      <trkpt lat="48.502001" lon="-121.119122">
        <ele>1104.0</ele>
        <time>2023-07-01T13:54:17Z</time>
      </trkpt>
      <trkpt lat="48.502042" lon="-121.119066">
        <ele>1104.0</ele>
        <time>2023-07-01T13:54:23Z</time>
      </trkpt>
      <trkpt lat="48.502039" lon="-121.119128">
        <ele>1108.3</ele>
        <time>2023-07-01T13:54:30Z</time>
      </trkpt>
      <trkpt lat="48.502076" lon="-121.119126">
        <ele>1108.5</ele>
        <time>2023-07-01T13:54:31Z</time>
      </trkpt>
      <trkpt lat="48.502070" lon="-121.119101">
        <ele>1108.0</ele>
        <time>2023-07-01T13:54:35Z</time>
      </trkpt>
      <trkpt lat="48.502098" lon="-121.119111">
        <ele>1110.0</ele>
        <time>2023-07-01T13:54:42Z</time>
      </trkpt>
      <trkpt lat="48.502104" lon="-121.119053">
        <ele>1111.0</ele>
        <time>2023-07-01T13:54:50Z</time>
      </trkpt>
      <trkpt lat="48.502111" lon="-121.119088">
        <ele>1108.0</ele>
        <time>2023-07-01T13:54:59Z</time>
      </trkpt>
      <trkpt lat="48.502078" lon="-121.119126">
        <ele>1112.0</ele>
        <time>2023-07-01T13:55:04Z</time>
      </trkpt>
      <trkpt lat="48.502079" lon="-121.119067">
        <ele>1111.0</ele>
        <time>2023-07-01T13:55:12Z</time>
      </trkpt>
      <trkpt lat="48.502122" lon="-121.119096">
        <ele>1116.3</ele>
        <time>2023-07-01T13:55:18Z</time>
      </trkpt>
      <trkpt lat="48.502083" lon="-121.119090">
        <ele>1114.0</ele>
        <time>2023-07-01T13:55:20Z</time>
      </trkpt>
      <trkpt lat="48.502088" lon="-121.119102">
        <ele>1116.0</ele>
        <time>2023-07-01T13:55:25Z</time>
      </trkpt>
      <trkpt lat="48.502118" lon="-121.119045">
        <ele>1116.0</ele>
        <time>2023-07-01T13:55:31Z</time>
      </trkpt>
      <trkpt lat="48.502152" lon="-121.119038">
        <ele>1116.0</ele>
        <time>2023-07-01T13:55:37Z</time>
      </trkpt>
      <trkpt lat="48.502186" lon="-121.119059">
        <ele>1116.0</ele>
        <time>2023-07-01T13:55:46Z</time>
      </trkpt>
      <trkpt lat="48.502176" lon="-121.119114">
        <ele>1115.0</ele>
        <time>2023-07-01T13:55:50Z</time>
      </trkpt>
      <trkpt lat="48.502191" lon="-121.119195">
        <ele>1119.0</ele>
        <time>2023-07-01T13:55:59Z</time>
      </trkpt>
      <trkpt lat="48.502215" lon="-121.119157">
        <ele>1120.0</ele>
        <time>2023-07-01T13:56:05Z</time>
      </trkpt>
      <trkpt lat="48.502254" lon="-121.119140">
        <ele>1123.0</ele>
        <time>2023-07-01T13:56:10Z</time>
      </trkpt>
      <trkpt lat="48.502252" lon="-121.119094">
        <ele>1124.7</ele>
        <time>2023-07-01T13:56:12Z</time>
      </trkpt>
      <trkpt lat="48.502262" lon="-121.119204">
        <ele>1125.0</ele>
        <time>2023-07-01T13:56:28Z</time>
      </trkpt>
      <trkpt lat="48.502295" lon="-121.119181">
        <ele>1128.0</ele>
        <time>2023-07-01T13:56:34Z</time>
      </trkpt>
      <trkpt lat="48.502307" lon="-121.119140">
        <ele>1128.0</ele>
        <time>2023-07-01T13:56:36Z</time>
      </trkpt>
      <trkpt lat="48.502328" lon="-121.119114">
        <ele>1127.0</ele>
        <time>2023-07-01T13:56:39Z</time>
      </trkpt>
      <trkpt lat="48.502361" lon="-121.119127">
        <ele>1128.0</ele>
        <time>2023-07-01T13:56:44Z</time>
      </trkpt>
      <trkpt lat="48.502369" lon="-121.119196">
        <ele>1132.0</ele>
        <time>2023-07-01T13:56:49Z</time>
      </trkpt>
      <trkpt lat="48.502403" lon="-121.119204">
        <ele>1133.0</ele>
        <time>2023-07-01T13:56:54Z</time>
      </trkpt>
      <trkpt lat="48.502466" lon="-121.119152">
        <ele>1134.0</ele>
        <time>2023-07-01T13:57:01Z</time>
      </trkpt>
      <trkpt lat="48.502458" lon="-121.119110">
        <ele>1137.8</ele>
        <time>2023-07-01T13:57:03Z</time>
      </trkpt>
      <trkpt lat="48.502430" lon="-121.119121">
        <ele>1140.2</ele>
        <time>2023-07-01T13:57:14Z</time>
      </trkpt>
      <trkpt lat="48.502475" lon="-121.119089">
        <ele>1140.0</ele>
        <time>2023-07-01T13:57:30Z</time>
      </trkpt>
      <trkpt lat="48.502524" lon="-121.119149">
        <ele>1139.0</ele>
        <time>2023-07-01T13:57:40Z</time>
      </trkpt>
      <trkpt lat="48.502536" lon="-121.119094">
        <ele>1143.0</ele>
        <time>2023-07-01T13:57:51Z</time>
      </trkpt>
      <trkpt lat="48.502509" lon="-121.119126">
        <ele>1146.9</ele>
        <time>2023-07-01T13:57:56Z</time>
      </trkpt>
      <trkpt lat="48.502532" lon="-121.119121">
        <ele>1146.0</ele>
        <time>2023-07-01T13:57:58Z</time>
      </trkpt>
      <trkpt lat="48.502651" lon="-121.119148">
        <ele>1145.0</ele>
        <time>2023-07-01T13:58:06Z</time>
      </trkpt>
      <trkpt lat="48.502672" lon="-121.119117">
        <ele>1148.0</ele>
        <time>2023-07-01T13:58:10Z</time>
      </trkpt>
      <trkpt lat="48.502663" lon="-121.119090">
        <ele>1148.0</ele>
        <time>2023-07-01T13:58:14Z</time>
      </trkpt>
      <trkpt lat="48.502677" lon="-121.119110">
        <ele>1150.0</ele>
        <time>2023-07-01T13:58:27Z</time>
      </trkpt>
      <trkpt lat="48.502733" lon="-121.119068">
        <ele>1155.0</ele>
        <time>2023-07-01T13:58:36Z</time>
      </trkpt>
      <trkpt lat="48.502740" lon="-121.119100">
        <ele>1156.0</ele>
        <time>2023-07-01T13:58:40Z</time>
      </trkpt>
      <trkpt lat="48.502700" lon="-121.119173">
        <ele>1158.0</ele>
        <time>2023-07-01T13:58:45Z</time>
      </trkpt>
      <trkpt lat="48.502770" lon="-121.119137">
        <ele>1160.0</ele>
        <time>2023-07-01T13:58:53Z</time>
      </trkpt>
      <trkpt lat="48.502787" lon="-121.119091">
        <ele>1160.0</ele>
        <time>2023-07-01T13:58:57Z</time>
      </trkpt>
      <trkpt lat="48.502762" lon="-121.119191">
        <ele>1161.0</ele>
        <time>2023-07-01T13:59:12Z</time>
      </trkpt>
      <trkpt lat="48.502807" lon="-121.119173">
        <ele>1164.0</ele>
        <time>2023-07-01T13:59:19Z</time>
      </trkpt>
      <trkpt lat="48.502814" lon="-121.119153">
        <ele>1164.0</ele>
        <time>2023-07-01T13:59:23Z</time>
      </trkpt>
      <trkpt lat="48.502852" lon="-121.119148">
        <ele>1166.0</ele>
        <time>2023-07-01T13:59:28Z</time>
      </trkpt>
      <trkpt lat="48.502862" lon="-121.119187">
        <ele>1167.0</ele>
        <time>2023-07-01T13:59:31Z</time>
      </trkpt>
      <trkpt lat="48.502851" lon="-121.119153">
        <ele>1161.0</ele>
        <time>2023-07-01T13:59:39Z</time>
      </trkpt>
      <trkpt lat="48.502872" lon="-121.119176">
        <ele>1169.0</ele>
        <time>2023-07-01T13:59:44Z</time>
      </trkpt>
      <trkpt lat="48.502905" lon="-121.119177">
        <ele>1170.0</ele>
        <time>2023-07-01T13:59:45Z</time>
      </trkpt>
      <trkpt lat="48.502886" lon="-121.119212">
        <ele>1168.0</ele>
        <time>2023-07-01T13:59:47Z</time>
      </trkpt>
      <trkpt lat="48.502836" lon="-121.119190">
        <ele>1170.0</ele>
        <time>2023-07-01T13:59:53Z</time>
      </trkpt>
      <trkpt lat="48.502798" lon="-121.119236">
        <ele>1170.0</ele>
        <time>2023-07-01T14:00:01Z</time>
      </trkpt>
      <trkpt lat="48.502827" lon="-121.119233">
        <ele>1171.0</ele>
        <time>2023-07-01T14:00:10Z</time>
      </trkpt>
      <trkpt lat="48.502851" lon="-121.119203">
        <ele>1170.0</ele>
        <time>2023-07-01T14:00:14Z</time>
      </trkpt>
      <trkpt lat="48.502893" lon="-121.119219">
        <ele>1172.0</ele>
        <time>2023-07-01T14:00:21Z</time>
      </trkpt>
      <trkpt lat="48.502925" lon="-121.119201">
        <ele>1173.0</ele>
        <time>2023-07-01T14:00:25Z</time>
      </trkpt>
      <trkpt lat="48.502924" lon="-121.119158">
        <ele>1171.0</ele>
        <time>2023-07-01T14:00:35Z</time>
      </trkpt>
      <trkpt lat="48.502969" lon="-121.119166">
        <ele>1169.0</ele>
        <time>2023-07-01T14:00:42Z</time>
      </trkpt>
      <trkpt lat="48.502982" lon="-121.119197">
        <ele>1175.0</ele>
        <time>2023-07-01T14:00:46Z</time>
      </trkpt>
      <trkpt lat="48.502971" lon="-121.119142">
        <ele>1172.0</ele>
        <time>2023-07-01T14:00:51Z</time>
      </trkpt>
      <trkpt lat="48.503022" lon="-121.119127">
        <ele>1174.0</ele>
        <time>2023-07-01T14:00:57Z</time>
      </trkpt>
      <trkpt lat="48.503056" lon="-121.119145">
        <ele>1170.0</ele>
        <time>2023-07-01T14:01:04Z</time>
      </trkpt>
      <trkpt lat="48.503045" lon="-121.119196">
        <ele>1177.0</ele>
        <time>2023-07-01T14:01:10Z</time>
      </trkpt>
      <trkpt lat="48.503012" lon="-121.119206">
        <ele>1179.0</ele>
        <time>2023-07-01T14:01:17Z</time>
      </trkpt>
      <trkpt lat="48.503070" lon="-121.119259">
        <ele>1178.0</ele>
        <time>2023-07-01T14:01:29Z</time>
      </trkpt>
      <trkpt lat="48.503074" lon="-121.119217">
        <ele>1181.8</ele>
        <time>2023-07-01T14:01:37Z</time>
      </trkpt>
      <trkpt lat="48.503118" lon="-121.119272">
        <ele>1179.0</ele>
        <time>2023-07-01T14:01:45Z</time>
      </trkpt>
      <trkpt lat="48.503130" lon="-121.119304">
        <ele>1182.0</ele>
        <time>2023-07-01T14:01:53Z</time>
      </trkpt>
      <trkpt lat="48.503211" lon="-121.119309">
        <ele>1184.0</ele>
        <time>2023-07-01T14:02:02Z</time>
      </trkpt>
      <trkpt lat="48.503163" lon="-121.119250">
        <ele>1188.0</ele>
        <time>2023-07-01T14:02:10Z</time>
      </trkpt>
      <trkpt lat="48.503162" lon="-121.119320">
        <ele>1183.0</ele>
        <time>2023-07-01T14:02:20Z</time>
      </trkpt>
      <trkpt lat="48.503145" lon="-121.119360">
        <ele>1180.0</ele>
        <time>2023-07-01T14:02:30Z</time>
      </trkpt>
      <trkpt lat="48.503148" lon="-121.119391">
        <ele>1189.0</ele>
        <time>2023-07-01T14:02:51Z</time>
      </trkpt>
      <trkpt lat="48.503163" lon="-121.119377">
        <ele>1191.0</ele>
        <time>2023-07-01T14:02:58Z</time>
      </trkpt>
      <trkpt lat="48.503150" lon="-121.119397">
        <ele>1191.0</ele>
        <time>2023-07-01T14:03:01Z</time>
      </trkpt>
      <trkpt lat="48.503187" lon="-121.119442">
        <ele>1192.0</ele>
        <time>2023-07-01T14:03:19Z</time>
      </trkpt>
      <trkpt lat="48.503201" lon="-121.119518">
        <ele>1196.0</ele>
        <time>2023-07-01T14:03:29Z</time>
      </trkpt>
      <trkpt lat="48.503177" lon="-121.119549">
        <ele>1196.0</ele>
        <time>2023-07-01T14:03:44Z</time>
      </trkpt>
      <trkpt lat="48.503225" lon="-121.119566">
        <ele>1202.0</ele>
        <time>2023-07-01T14:04:04Z</time>
      </trkpt>
      <trkpt lat="48.503246" lon="-121.119608">
        <ele>1203.0</ele>
        <time>2023-07-01T14:04:20Z</time>
      </trkpt>
      <trkpt lat="48.503290" lon="-121.119629">
        <ele>1205.0</ele>
        <time>2023-07-01T14:04:41Z</time>
      </trkpt>
      <trkpt lat="48.503307" lon="-121.119564">
        <ele>1206.0</ele>
        <time>2023-07-01T14:05:21Z</time>
      </trkpt>
      <trkpt lat="48.503342" lon="-121.119543">
        <ele>1205.0</ele>
        <time>2023-07-01T14:05:31Z</time>
      </trkpt>
      <trkpt lat="48.503405" lon="-121.119558">
        <ele>1203.0</ele>
        <time>2023-07-01T14:05:54Z</time>
      </trkpt>
      <trkpt lat="48.503427" lon="-121.119592">
        <ele>1206.3</ele>
        <time>2023-07-01T14:06:11Z</time>
      </trkpt>
      <trkpt lat="48.503408" lon="-121.119584">
        <ele>1208.0</ele>
        <time>2023-07-01T14:06:32Z</time>
      </trkpt>
      <trkpt lat="48.503431" lon="-121.119587">
        <ele>1207.0</ele>
        <time>2023-07-01T14:06:52Z</time>
      </trkpt>
      <trkpt lat="48.503449" lon="-121.119513">
        <ele>1206.0</ele>
        <time>2023-07-01T14:07:07Z</time>
      </trkpt>
      <trkpt lat="48.503509" lon="-121.119533">
        <ele>1208.0</ele>
        <time>2023-07-01T14:07:36Z</time>
      </trkpt>
      <trkpt lat="48.503532" lon="-121.119528">
        <ele>1210.0</ele>
        <time>2023-07-01T14:07:55Z</time>
      </trkpt>
      <trkpt lat="48.503577" lon="-121.119472">
        <ele>1208.0</ele>
        <time>2023-07-01T14:08:10Z</time>
      </trkpt>
      <trkpt lat="48.503588" lon="-121.119423">
        <ele>1214.0</ele>
        <time>2023-07-01T14:08:23Z</time>
      </trkpt>
      <trkpt lat="48.503582" lon="-121.119471">
        <ele>1211.0</ele>
        <time>2023-07-01T14:09:09Z</time>
      </trkpt>
      <trkpt lat="48.503605" lon="-121.119453">
        <ele>1210.0</ele>
        <time>2023-07-01T14:09:28Z</time>
      </trkpt>
      <trkpt lat="48.503649" lon="-121.119461">
        <ele>1218.0</ele>
        <time>2023-07-01T14:09:36Z</time>
      </trkpt>
      <trkpt lat="48.503682" lon="-121.119428">
        <ele>1216.0</ele>
        <time>2023-07-01T14:09:48Z</time>
      </trkpt>
      <trkpt lat="48.503729" lon="-121.119427">
        <ele>1220.0</ele>
        <time>2023-07-01T14:10:02Z</time>
      </trkpt>
      <trkpt lat="48.503717" lon="-121.119318">
        <ele>1224.0</ele>
        <time>2023-07-01T14:10:35Z</time>
      </trkpt>
      <trkpt lat="48.503749" lon="-121.119416">
        <ele>1216.0</ele>
        <time>2023-07-01T14:10:57Z</time>
      </trkpt>
      <trkpt lat="48.503719" lon="-121.119446">
        <ele>1224.0</ele>
        <time>2023-07-01T14:11:42Z</time>
      </trkpt>
      <trkpt lat="48.503732" lon="-121.119420">
        <ele>1224.0</ele>
        <time>2023-07-01T14:11:46Z</time>
      </trkpt>
      <trkpt lat="48.503713" lon="-121.119357">
        <ele>1224.0</ele>
        <time>2023-07-01T14:12:33Z</time>
      </trkpt>
      <trkpt lat="48.503733" lon="-121.119447">
        <ele>1206.0</ele>
        <time>2023-07-01T14:13:16Z</time>
      </trkpt>
      <trkpt lat="48.503758" lon="-121.119479">
        <ele>1211.0</ele>
        <time>2023-07-01T14:13:32Z</time>
      </trkpt>
      <trkpt lat="48.503763" lon="-121.119437">
        <ele>1210.0</ele>
        <time>2023-07-01T14:14:12Z</time>
      </trkpt>
      <trkpt lat="48.503725" lon="-121.119417">
        <ele>1218.0</ele>
        <time>2023-07-01T14:24:13Z</time>
      </trkpt>
      <trkpt lat="48.503792" lon="-121.119468">
        <ele>1216.0</ele>
        <time>2023-07-01T14:24:52Z</time>
      </trkpt>
      <trkpt lat="48.503816" lon="-121.119426">
        <ele>1215.0</ele>
        <time>2023-07-01T14:25:09Z</time>
      </trkpt>
      <trkpt lat="48.503794" lon="-121.119336">
        <ele>1221.0</ele>
        <time>2023-07-01T14:26:01Z</time>
      </trkpt>
      <trkpt lat="48.503851" lon="-121.119287">
        <ele>1224.0</ele>
        <time>2023-07-01T14:26:19Z</time>
      </trkpt>
      <trkpt lat="48.503844" lon="-121.119343">
        <ele>1224.0</ele>
        <time>2023-07-01T14:26:39Z</time>
      </trkpt>
      <trkpt lat="48.503909" lon="-121.119406">
        <ele>1218.0</ele>
        <time>2023-07-01T14:27:09Z</time>
      </trkpt>
      <trkpt lat="48.503950" lon="-121.119389">
        <ele>1220.0</ele>
        <time>2023-07-01T14:27:35Z</time>
      </trkpt>
      <trkpt lat="48.504018" lon="-121.119396">
        <ele>1234.0</ele>
        <time>2023-07-01T14:28:15Z</time>
      </trkpt>
      <trkpt lat="48.504049" lon="-121.119354">
        <ele>1235.0</ele>
        <time>2023-07-01T14:28:25Z</time>
      </trkpt>
      <trkpt lat="48.504098" lon="-121.119351">
        <ele>1224.0</ele>
        <time>2023-07-01T14:29:08Z</time>
      </trkpt>
      <trkpt lat="48.504112" lon="-121.119392">
        <ele>1233.0</ele>
        <time>2023-07-01T14:29:20Z</time>
      </trkpt>
      <trkpt lat="48.504076" lon="-121.119400">
        <ele>1230.0</ele>
        <time>2023-07-01T14:29:27Z</time>
      </trkpt>
      <trkpt lat="48.504124" lon="-121.119414">
        <ele>1240.0</ele>
        <time>2023-07-01T14:29:43Z</time>
      </trkpt>
      <trkpt lat="48.504138" lon="-121.119442">
        <ele>1240.0</ele>
        <time>2023-07-01T14:29:47Z</time>
      </trkpt>
      <trkpt lat="48.504112" lon="-121.119497">
        <ele>1240.0</ele>
        <time>2023-07-01T14:30:07Z</time>
      </trkpt>
      <trkpt lat="48.504198" lon="-121.119531">
        <ele>1239.0</ele>
        <time>2023-07-01T14:30:52Z</time>
      </trkpt>
      <trkpt lat="48.504221" lon="-121.119585">
        <ele>1247.0</ele>
        <time>2023-07-01T14:31:10Z</time>
      </trkpt>
      <trkpt lat="48.504199" lon="-121.119577">
        <ele>1250.0</ele>
        <time>2023-07-01T14:31:14Z</time>
      </trkpt>
      <trkpt lat="48.504267" lon="-121.119687">
        <ele>1255.0</ele>
        <time>2023-07-01T14:32:05Z</time>
      </trkpt>
      <trkpt lat="48.504323" lon="-121.119660">
        <ele>1260.0</ele>
        <time>2023-07-01T14:32:51Z</time>
      </trkpt>
      <trkpt lat="48.504350" lon="-121.119738">
        <ele>1261.6</ele>
        <time>2023-07-01T14:33:42Z</time>
      </trkpt>
      <trkpt lat="48.504371" lon="-121.119645">
        <ele>1256.0</ele>
        <time>2023-07-01T14:33:56Z</time>
      </trkpt>
      <trkpt lat="48.504397" lon="-121.119592">
        <ele>1267.0</ele>
        <time>2023-07-01T14:34:43Z</time>
      </trkpt>
      <trkpt lat="48.504460" lon="-121.119595">
        <ele>1269.0</ele>
        <time>2023-07-01T14:35:28Z</time>
      </trkpt>
      <trkpt lat="48.504480" lon="-121.119621">
        <ele>1266.0</ele>
        <time>2023-07-01T14:35:45Z</time>
      </trkpt>
      <trkpt lat="48.504529" lon="-121.119644">
        <ele>1270.0</ele>
        <time>2023-07-01T14:35:57Z</time>
      </trkpt>
      <trkpt lat="48.504485" lon="-121.119770">
        <ele>1273.0</ele>
        <time>2023-07-01T14:36:27Z</time>
      </trkpt>
      <trkpt lat="48.504505" lon="-121.119860">
        <ele>1277.0</ele>
        <time>2023-07-01T14:37:00Z</time>
      </trkpt>
      <trkpt lat="48.504537" lon="-121.119899">
        <ele>1275.0</ele>
        <time>2023-07-01T14:37:15Z</time>
      </trkpt>
      <trkpt lat="48.504603" lon="-121.119863">
        <ele>1278.0</ele>
        <time>2023-07-01T14:37:27Z</time>
      </trkpt>
      <trkpt lat="48.504613" lon="-121.119899">
        <ele>1279.0</ele>
        <time>2023-07-01T14:37:36Z</time>
      </trkpt>
      <trkpt lat="48.504608" lon="-121.119929">
        <ele>1284.0</ele>
        <time>2023-07-01T14:37:45Z</time>
      </trkpt>
      <trkpt lat="48.504628" lon="-121.119952">
        <ele>1283.0</ele>
        <time>2023-07-01T14:37:51Z</time>
      </trkpt>
      <trkpt lat="48.504698" lon="-121.119970">
        <ele>1287.0</ele>
        <time>2023-07-01T14:38:23Z</time>
      </trkpt>
      <trkpt lat="48.504710" lon="-121.119930">
        <ele>1288.0</ele>
        <time>2023-07-01T14:38:40Z</time>
      </trkpt>
      <trkpt lat="48.504726" lon="-121.119999">
        <ele>1287.0</ele>
        <time>2023-07-01T14:39:28Z</time>
      </trkpt>
      <trkpt lat="48.504718" lon="-121.120036">
        <ele>1291.7</ele>
        <time>2023-07-01T14:39:45Z</time>
      </trkpt>
      <trkpt lat="48.504737" lon="-121.120005">
        <ele>1290.0</ele>
        <time>2023-07-01T14:39:55Z</time>
      </trkpt>
      <trkpt lat="48.504777" lon="-121.120030">
        <ele>1290.0</ele>
        <time>2023-07-01T14:40:19Z</time>
      </trkpt>
      <trkpt lat="48.504830" lon="-121.119980">
        <ele>1296.0</ele>
        <time>2023-07-01T14:40:41Z</time>
      </trkpt>
      <trkpt lat="48.504868" lon="-121.119960">
        <ele>1296.0</ele>
        <time>2023-07-01T14:40:55Z</time>
      </trkpt>
      <trkpt lat="48.504909" lon="-121.119912">
        <ele>1299.0</ele>
        <time>2023-07-01T14:41:13Z</time>
      </trkpt>
      <trkpt lat="48.504937" lon="-121.119860">
        <ele>1296.0</ele>
        <time>2023-07-01T14:41:27Z</time>
      </trkpt>
      <trkpt lat="48.504964" lon="-121.119886">
        <ele>1301.0</ele>
        <time>2023-07-01T14:41:42Z</time>
      </trkpt>
      <trkpt lat="48.505001" lon="-121.119861">
        <ele>1304.0</ele>
        <time>2023-07-01T14:41:51Z</time>
      </trkpt>
      <trkpt lat="48.505011" lon="-121.119818">
        <ele>1306.0</ele>
        <time>2023-07-01T14:41:59Z</time>
      </trkpt>
      <trkpt lat="48.505002" lon="-121.119773">
        <ele>1309.4</ele>
        <time>2023-07-01T14:42:04Z</time>
      </trkpt>
      <trkpt lat="48.505029" lon="-121.119728">
        <ele>1308.0</ele>
        <time>2023-07-01T14:42:13Z</time>
      </trkpt>
      <trkpt lat="48.505093" lon="-121.119797">
        <ele>1308.0</ele>
        <time>2023-07-01T14:42:36Z</time>
      </trkpt>
      <trkpt lat="48.505105" lon="-121.119723">
        <ele>1311.0</ele>
        <time>2023-07-01T14:42:50Z</time>
      </trkpt>
      <trkpt lat="48.505127" lon="-121.119760">
        <ele>1309.0</ele>
        <time>2023-07-01T14:42:59Z</time>
      </trkpt>
      <trkpt lat="48.505158" lon="-121.119736">
        <ele>1311.0</ele>
        <time>2023-07-01T14:43:31Z</time>
      </trkpt>
      <trkpt lat="48.505162" lon="-121.119700">
        <ele>1310.0</ele>
        <time>2023-07-01T14:43:45Z</time>
      </trkpt>
      <trkpt lat="48.505199" lon="-121.119659">
        <ele>1309.0</ele>
        <time>2023-07-01T14:43:59Z</time>
      </trkpt>
      <trkpt lat="48.505228" lon="-121.119689">
        <ele>1305.0</ele>
        <time>2023-07-01T14:44:12Z</time>
      </trkpt>
      <trkpt lat="48.505230" lon="-121.119580">
        <ele>1314.0</ele>
        <time>2023-07-01T14:44:28Z</time>
      </trkpt>
      <trkpt lat="48.505243" lon="-121.119539">
        <ele>1314.0</ele>
        <time>2023-07-01T14:44:35Z</time>
      </trkpt>
      <trkpt lat="48.505316" lon="-121.119515">
        <ele>1316.0</ele>
        <time>2023-07-01T14:44:51Z</time>
      </trkpt>
      <trkpt lat="48.505398" lon="-121.119530">
        <ele>1318.0</ele>
        <time>2023-07-01T14:45:07Z</time>
      </trkpt>
      <trkpt lat="48.505482" lon="-121.119493">
        <ele>1325.9</ele>
        <time>2023-07-01T14:45:24Z</time>
      </trkpt>
      <trkpt lat="48.505492" lon="-121.119461">
        <ele>1320.0</ele>
        <time>2023-07-01T14:45:30Z</time>
      </trkpt>
      <trkpt lat="48.505522" lon="-121.119464">
        <ele>1323.0</ele>
        <time>2023-07-01T14:45:43Z</time>
      </trkpt>
      <trkpt lat="48.505538" lon="-121.119384">
        <ele>1327.0</ele>
        <time>2023-07-01T14:45:59Z</time>
      </trkpt>
      <trkpt lat="48.505591" lon="-121.119471">
        <ele>1328.0</ele>
        <time>2023-07-01T14:46:15Z</time>
      </trkpt>
      <trkpt lat="48.505620" lon="-121.119439">
        <ele>1328.0</ele>
        <time>2023-07-01T14:46:23Z</time>
      </trkpt>
      <trkpt lat="48.505643" lon="-121.119386">
        <ele>1331.0</ele>
        <time>2023-07-01T14:46:32Z</time>
      </trkpt>
      <trkpt lat="48.505674" lon="-121.119419">
        <ele>1330.0</ele>
        <time>2023-07-01T14:46:40Z</time>
      </trkpt>
      <trkpt lat="48.505680" lon="-121.119376">
        <ele>1335.0</ele>
        <time>2023-07-01T14:46:49Z</time>
      </trkpt>
      <trkpt lat="48.505703" lon="-121.119343">
        <ele>1336.0</ele>
        <time>2023-07-01T14:46:58Z</time>
      </trkpt>
      <trkpt lat="48.505798" lon="-121.119289">
        <ele>1337.9</ele>
        <time>2023-07-01T14:47:48Z</time>
      </trkpt>
      <trkpt lat="48.505800" lon="-121.119270">
        <ele>1339.0</ele>
        <time>2023-07-01T14:47:55Z</time>
      </trkpt>
      <trkpt lat="48.505808" lon="-121.119317">
        <ele>1339.0</ele>
        <time>2023-07-01T14:48:16Z</time>
      </trkpt>
      <trkpt lat="48.505809" lon="-121.119275">
        <ele>1340.0</ele>
        <time>2023-07-01T14:48:30Z</time>
      </trkpt>
      <trkpt lat="48.505869" lon="-121.119271">
        <ele>1338.0</ele>
        <time>2023-07-01T14:48:46Z</time>
      </trkpt>
      <trkpt lat="48.505912" lon="-121.119198">
        <ele>1343.0</ele>
        <time>2023-07-01T14:49:01Z</time>
      </trkpt>
      <trkpt lat="48.505937" lon="-121.119195">
        <ele>1345.0</ele>
        <time>2023-07-01T14:49:08Z</time>
      </trkpt>
      <trkpt lat="48.505999" lon="-121.119102">
        <ele>1342.0</ele>
        <time>2023-07-01T14:49:42Z</time>
      </trkpt>
      <trkpt lat="48.506037" lon="-121.119117">
        <ele>1350.4</ele>
        <time>2023-07-01T14:49:55Z</time>
      </trkpt>
      <trkpt lat="48.506117" lon="-121.119000">
        <ele>1350.0</ele>
        <time>2023-07-01T14:50:23Z</time>
      </trkpt>
      <trkpt lat="48.506132" lon="-121.118933">
        <ele>1352.0</ele>
        <time>2023-07-01T14:50:36Z</time>
      </trkpt>
      <trkpt lat="48.506109" lon="-121.118875">
        <ele>1351.0</ele>
        <time>2023-07-01T14:50:57Z</time>
      </trkpt>
      <trkpt lat="48.506128" lon="-121.118835">
        <ele>1350.0</ele>
        <time>2023-07-01T14:51:07Z</time>
      </trkpt>
      <trkpt lat="48.506213" lon="-121.118843">
        <ele>1348.0</ele>
        <time>2023-07-01T14:51:22Z</time>
      </trkpt>
      <trkpt lat="48.506224" lon="-121.118871">
        <ele>1356.0</ele>
        <time>2023-07-01T14:51:38Z</time>
      </trkpt>
      <trkpt lat="48.506259" lon="-121.118829">
        <ele>1355.0</ele>
        <time>2023-07-01T14:51:51Z</time>
      </trkpt>
      <trkpt lat="48.506270" lon="-121.118746">
        <ele>1356.0</ele>
        <time>2023-07-01T14:51:58Z</time>
      </trkpt>
      <trkpt lat="48.506360" lon="-121.118911">
        <ele>1361.0</ele>
        <time>2023-07-01T14:52:27Z</time>
      </trkpt>
      <trkpt lat="48.506409" lon="-121.118923">
        <ele>1362.0</ele>
        <time>2023-07-01T14:52:45Z</time>
      </trkpt>
      <trkpt lat="48.506466" lon="-121.118874">
        <ele>1360.0</ele>
        <time>2023-07-01T14:53:00Z</time>
      </trkpt>
      <trkpt lat="48.506498" lon="-121.118875">
        <ele>1362.0</ele>
        <time>2023-07-01T14:53:08Z</time>
      </trkpt>
      <trkpt lat="48.506534" lon="-121.118850">
        <ele>1367.0</ele>
        <time>2023-07-01T14:53:15Z</time>
      </trkpt>
      <trkpt lat="48.506560" lon="-121.118871">
        <ele>1367.0</ele>
        <time>2023-07-01T14:53:24Z</time>
      </trkpt>
      <trkpt lat="48.506586" lon="-121.118834">
        <ele>1368.0</ele>
        <time>2023-07-01T14:53:37Z</time>
      </trkpt>
      <trkpt lat="48.506580" lon="-121.118793">
        <ele>1370.0</ele>
        <time>2023-07-01T14:53:41Z</time>
      </trkpt>
      <trkpt lat="48.506587" lon="-121.118720">
        <ele>1368.0</ele>
        <time>2023-07-01T14:53:52Z</time>
      </trkpt>
      <trkpt lat="48.506602" lon="-121.118685">
        <ele>1368.0</ele>
        <time>2023-07-01T14:54:01Z</time>
      </trkpt>
      <trkpt lat="48.506650" lon="-121.118644">
        <ele>1370.0</ele>
        <time>2023-07-01T14:54:15Z</time>
      </trkpt>
      <trkpt lat="48.506701" lon="-121.118541">
        <ele>1374.0</ele>
        <time>2023-07-01T14:54:39Z</time>
      </trkpt>
      <trkpt lat="48.506744" lon="-121.118556">
        <ele>1377.0</ele>
        <time>2023-07-01T14:54:47Z</time>
      </trkpt>
      <trkpt lat="48.506779" lon="-121.118612">
        <ele>1378.0</ele>
        <time>2023-07-01T14:54:57Z</time>
      </trkpt>
      <trkpt lat="48.506790" lon="-121.118653">
        <ele>1373.0</ele>
        <time>2023-07-01T14:55:06Z</time>
      </trkpt>
      <trkpt lat="48.506823" lon="-121.118680">
        <ele>1377.0</ele>
        <time>2023-07-01T14:55:19Z</time>
      </trkpt>
      <trkpt lat="48.506827" lon="-121.118625">
        <ele>1379.0</ele>
        <time>2023-07-01T14:55:31Z</time>
      </trkpt>
      <trkpt lat="48.506859" lon="-121.118636">
        <ele>1375.0</ele>
        <time>2023-07-01T14:55:37Z</time>
      </trkpt>
      <trkpt lat="48.506882" lon="-121.118694">
        <ele>1379.0</ele>
        <time>2023-07-01T14:55:47Z</time>
      </trkpt>
      <trkpt lat="48.506915" lon="-121.118698">
        <ele>1379.0</ele>
        <time>2023-07-01T14:55:57Z</time>
      </trkpt>
      <trkpt lat="48.506938" lon="-121.118661">
        <ele>1376.0</ele>
        <time>2023-07-01T14:56:15Z</time>
      </trkpt>
      <trkpt lat="48.506983" lon="-121.118768">
        <ele>1385.0</ele>
        <time>2023-07-01T14:57:24Z</time>
      </trkpt>
      <trkpt lat="48.506985" lon="-121.118818">
        <ele>1387.0</ele>
        <time>2023-07-01T14:57:45Z</time>
      </trkpt>
      <trkpt lat="48.507002" lon="-121.118852">
        <ele>1380.0</ele>
        <time>2023-07-01T14:57:54Z</time>
      </trkpt>
      <trkpt lat="48.507034" lon="-121.118866">
        <ele>1389.0</ele>
        <time>2023-07-01T14:58:18Z</time>
      </trkpt>
      <trkpt lat="48.507055" lon="-121.118816">
        <ele>1386.0</ele>
        <time>2023-07-01T14:58:43Z</time>
      </trkpt>
      <trkpt lat="48.507100" lon="-121.118837">
        <ele>1391.0</ele>
        <time>2023-07-01T14:59:04Z</time>
      </trkpt>
      <trkpt lat="48.507119" lon="-121.118669">
        <ele>1391.0</ele>
        <time>2023-07-01T14:59:34Z</time>
      </trkpt>
      <trkpt lat="48.507155" lon="-121.118660">
        <ele>1392.0</ele>
        <time>2023-07-01T14:59:53Z</time>
      </trkpt>
      <trkpt lat="48.507183" lon="-121.118679">
        <ele>1395.0</ele>
        <time>2023-07-01T15:00:33Z</time>
      </trkpt>
      <trkpt lat="48.507202" lon="-121.118649">
        <ele>1396.0</ele>
        <time>2023-07-01T15:00:46Z</time>
      </trkpt>
      <trkpt lat="48.507226" lon="-121.118642">
        <ele>1395.0</ele>
        <time>2023-07-01T15:00:51Z</time>
      </trkpt>
      <trkpt lat="48.507260" lon="-121.118607">
        <ele>1390.0</ele>
        <time>2023-07-01T15:01:06Z</time>
      </trkpt>
      <trkpt lat="48.507260" lon="-121.118548">
        <ele>1396.0</ele>
        <time>2023-07-01T15:01:20Z</time>
      </trkpt>
      <trkpt lat="48.507297" lon="-121.118512">
        <ele>1400.0</ele>
        <time>2023-07-01T15:03:40Z</time>
      </trkpt>
      <trkpt lat="48.507317" lon="-121.118448">
        <ele>1403.0</ele>
        <time>2023-07-01T15:05:57Z</time>
      </trkpt>
      <trkpt lat="48.507318" lon="-121.118391">
        <ele>1402.0</ele>
        <time>2023-07-01T15:06:52Z</time>
      </trkpt>
      <trkpt lat="48.507333" lon="-121.118392">
        <ele>1400.0</ele>
        <time>2023-07-01T15:12:18Z</time>
      </trkpt>
      <trkpt lat="48.507325" lon="-121.118355">
        <ele>1404.0</ele>
        <time>2023-07-01T15:12:55Z</time>
      </trkpt>
      <trkpt lat="48.507369" lon="-121.118319">
        <ele>1404.0</ele>
        <time>2023-07-01T15:13:17Z</time>
      </trkpt>
      <trkpt lat="48.507379" lon="-121.118295">
        <ele>1404.0</ele>
        <time>2023-07-01T15:13:26Z</time>
      </trkpt>
      <trkpt lat="48.507404" lon="-121.118302">
        <ele>1404.0</ele>
        <time>2023-07-01T15:13:56Z</time>
      </trkpt>
      <trkpt lat="48.507427" lon="-121.118261">
        <ele>1406.0</ele>
        <time>2023-07-01T15:14:06Z</time>
      </trkpt>
      <trkpt lat="48.507486" lon="-121.118248">
        <ele>1408.0</ele>
        <time>2023-07-01T15:14:24Z</time>
      </trkpt>
      <trkpt lat="48.507474" lon="-121.118176">
        <ele>1413.0</ele>
        <time>2023-07-01T15:14:56Z</time>
      </trkpt>
      <trkpt lat="48.507513" lon="-121.118183">
        <ele>1410.0</ele>
        <time>2023-07-01T15:15:15Z</time>
      </trkpt>
      <trkpt lat="48.507534" lon="-121.118151">
        <ele>1413.0</ele>
        <time>2023-07-01T15:15:21Z</time>
      </trkpt>
      <trkpt lat="48.507538" lon="-121.118114">
        <ele>1414.0</ele>
        <time>2023-07-01T15:15:25Z</time>
      </trkpt>
      <trkpt lat="48.507544" lon="-121.118163">
        <ele>1414.0</ele>
        <time>2023-07-01T15:15:39Z</time>
      </trkpt>
      <trkpt lat="48.507581" lon="-121.118166">
        <ele>1413.0</ele>
        <time>2023-07-01T15:15:44Z</time>
      </trkpt>
      <trkpt lat="48.507600" lon="-121.118068">
        <ele>1415.0</ele>
        <time>2023-07-01T15:16:01Z</time>
      </trkpt>
      <trkpt lat="48.507630" lon="-121.118068">
        <ele>1416.0</ele>
        <time>2023-07-01T15:16:06Z</time>
      </trkpt>
      <trkpt lat="48.507649" lon="-121.118093">
        <ele>1416.0</ele>
        <time>2023-07-01T15:16:11Z</time>
      </trkpt>
      <trkpt lat="48.507683" lon="-121.118108">
        <ele>1415.0</ele>
        <time>2023-07-01T15:16:46Z</time>
      </trkpt>
      <trkpt lat="48.507734" lon="-121.118183">
        <ele>1419.0</ele>
        <time>2023-07-01T15:17:20Z</time>
      </trkpt>
      <trkpt lat="48.507785" lon="-121.118234">
        <ele>1421.0</ele>
        <time>2023-07-01T15:17:37Z</time>
      </trkpt>
      <trkpt lat="48.507789" lon="-121.118293">
        <ele>1423.0</ele>
        <time>2023-07-01T15:17:41Z</time>
      </trkpt>
      <trkpt lat="48.507817" lon="-121.118280">
        <ele>1427.7</ele>
        <time>2023-07-01T15:17:48Z</time>
      </trkpt>
      <trkpt lat="48.507838" lon="-121.118389">
        <ele>1425.0</ele>
        <time>2023-07-01T15:18:01Z</time>
      </trkpt>
      <trkpt lat="48.507872" lon="-121.118457">
        <ele>1427.0</ele>
        <time>2023-07-01T15:18:15Z</time>
      </trkpt>
      <trkpt lat="48.507911" lon="-121.118443">
        <ele>1432.5</ele>
        <time>2023-07-01T15:18:31Z</time>
      </trkpt>
      <trkpt lat="48.507925" lon="-121.118540">
        <ele>1433.0</ele>
        <time>2023-07-01T15:18:57Z</time>
      </trkpt>
      <trkpt lat="48.508051" lon="-121.118293">
        <ele>1440.0</ele>
        <time>2023-07-01T15:20:05Z</time>
      </trkpt>
      <trkpt lat="48.508075" lon="-121.118356">
        <ele>1441.0</ele>
        <time>2023-07-01T15:20:18Z</time>
      </trkpt>
      <trkpt lat="48.508103" lon="-121.118382">
        <ele>1445.0</ele>
        <time>2023-07-01T15:20:33Z</time>
      </trkpt>
      <trkpt lat="48.508181" lon="-121.118450">
        <ele>1449.0</ele>
        <time>2023-07-01T15:21:26Z</time>
      </trkpt>
      <trkpt lat="48.508255" lon="-121.118441">
        <ele>1452.0</ele>
        <time>2023-07-01T15:21:44Z</time>
      </trkpt>
      <trkpt lat="48.508258" lon="-121.118484">
        <ele>1455.0</ele>
        <time>2023-07-01T15:21:53Z</time>
      </trkpt>
      <trkpt lat="48.508301" lon="-121.118484">
        <ele>1456.0</ele>
        <time>2023-07-01T15:21:59Z</time>
      </trkpt>
      <trkpt lat="48.508315" lon="-121.118454">
        <ele>1456.0</ele>
        <time>2023-07-01T15:22:07Z</time>
      </trkpt>
      <trkpt lat="48.508348" lon="-121.118456">
        <ele>1460.0</ele>
        <time>2023-07-01T15:22:41Z</time>
      </trkpt>
      <trkpt lat="48.508376" lon="-121.118482">
        <ele>1458.0</ele>
        <time>2023-07-01T15:22:54Z</time>
      </trkpt>
      <trkpt lat="48.508421" lon="-121.118499">
        <ele>1464.0</ele>
        <time>2023-07-01T15:23:08Z</time>
      </trkpt>
      <trkpt lat="48.508437" lon="-121.118474">
        <ele>1464.0</ele>
        <time>2023-07-01T15:23:14Z</time>
      </trkpt>
      <trkpt lat="48.508494" lon="-121.118477">
        <ele>1466.0</ele>
        <time>2023-07-01T15:23:30Z</time>
      </trkpt>
      <trkpt lat="48.508584" lon="-121.118416">
        <ele>1468.0</ele>
        <time>2023-07-01T15:24:00Z</time>
      </trkpt>
      <trkpt lat="48.508630" lon="-121.118421">
        <ele>1472.0</ele>
        <time>2023-07-01T15:24:23Z</time>
      </trkpt>
      <trkpt lat="48.508657" lon="-121.118471">
        <ele>1478.0</ele>
        <time>2023-07-01T15:24:43Z</time>
      </trkpt>
      <trkpt lat="48.508653" lon="-121.118505">
        <ele>1477.0</ele>
        <time>2023-07-01T15:24:48Z</time>
      </trkpt>
      <trkpt lat="48.508674" lon="-121.118527">
        <ele>1480.0</ele>
        <time>2023-07-01T15:24:56Z</time>
      </trkpt>
      <trkpt lat="48.508690" lon="-121.118492">
        <ele>1483.0</ele>
        <time>2023-07-01T15:25:01Z</time>
      </trkpt>
      <trkpt lat="48.508716" lon="-121.118533">
        <ele>1484.0</ele>
        <time>2023-07-01T15:25:16Z</time>
      </trkpt>
      <trkpt lat="48.508769" lon="-121.118551">
        <ele>1485.0</ele>
        <time>2023-07-01T15:25:47Z</time>
      </trkpt>
      <trkpt lat="48.508786" lon="-121.118615">
        <ele>1494.0</ele>
        <time>2023-07-01T15:26:02Z</time>
      </trkpt>
      <trkpt lat="48.508843" lon="-121.118546">
        <ele>1491.0</ele>
        <time>2023-07-01T15:26:25Z</time>
      </trkpt>
      <trkpt lat="48.508875" lon="-121.118550">
        <ele>1491.0</ele>
        <time>2023-07-01T15:26:31Z</time>
      </trkpt>
      <trkpt lat="48.508893" lon="-121.118595">
        <ele>1496.0</ele>
        <time>2023-07-01T15:26:43Z</time>
      </trkpt>
      <trkpt lat="48.508929" lon="-121.118581">
        <ele>1500.0</ele>
        <time>2023-07-01T15:26:52Z</time>
      </trkpt>
      <trkpt lat="48.508944" lon="-121.118610">
        <ele>1502.5</ele>
        <time>2023-07-01T15:27:31Z</time>
      </trkpt>
      <trkpt lat="48.508946" lon="-121.118646">
        <ele>1504.0</ele>
        <time>2023-07-01T15:27:41Z</time>
      </trkpt>
      <trkpt lat="48.509031" lon="-121.118673">
        <ele>1505.0</ele>
        <time>2023-07-01T15:28:04Z</time>
      </trkpt>
      <trkpt lat="48.509060" lon="-121.118572">
        <ele>1505.0</ele>
        <time>2023-07-01T15:28:16Z</time>
      </trkpt>
      <trkpt lat="48.509104" lon="-121.118567">
        <ele>1510.0</ele>
        <time>2023-07-01T15:28:32Z</time>
      </trkpt>
      <trkpt lat="48.509135" lon="-121.118582">
        <ele>1510.0</ele>
        <time>2023-07-01T15:28:36Z</time>
      </trkpt>
      <trkpt lat="48.509150" lon="-121.118545">
        <ele>1512.0</ele>
        <time>2023-07-01T15:28:49Z</time>
      </trkpt>
      <trkpt lat="48.509207" lon="-121.118526">
        <ele>1512.0</ele>
        <time>2023-07-01T15:29:24Z</time>
      </trkpt>
      <trkpt lat="48.509233" lon="-121.118460">
        <ele>1512.0</ele>
        <time>2023-07-01T15:29:48Z</time>
      </trkpt>
      <trkpt lat="48.509273" lon="-121.118420">
        <ele>1515.0</ele>
        <time>2023-07-01T15:30:14Z</time>
      </trkpt>
      <trkpt lat="48.509294" lon="-121.118441">
        <ele>1515.0</ele>
        <time>2023-07-01T15:30:30Z</time>
      </trkpt>
      <trkpt lat="48.509297" lon="-121.118482">
        <ele>1518.0</ele>
        <time>2023-07-01T15:30:34Z</time>
      </trkpt>
      <trkpt lat="48.509326" lon="-121.118453">
        <ele>1516.0</ele>
        <time>2023-07-01T15:30:43Z</time>
      </trkpt>
      <trkpt lat="48.509384" lon="-121.118513">
        <ele>1523.0</ele>
        <time>2023-07-01T15:31:00Z</time>
      </trkpt>
      <trkpt lat="48.509456" lon="-121.118482">
        <ele>1522.0</ele>
        <time>2023-07-01T15:31:37Z</time>
      </trkpt>
      <trkpt lat="48.509486" lon="-121.118505">
        <ele>1531.0</ele>
        <time>2023-07-01T15:31:53Z</time>
      </trkpt>
      <trkpt lat="48.509536" lon="-121.118489">
        <ele>1527.0</ele>
        <time>2023-07-01T15:32:22Z</time>
      </trkpt>
      <trkpt lat="48.509600" lon="-121.118497">
        <ele>1539.0</ele>
        <time>2023-07-01T15:32:42Z</time>
      </trkpt>
      <trkpt lat="48.509622" lon="-121.118527">
        <ele>1539.0</ele>
        <time>2023-07-01T15:32:51Z</time>
      </trkpt>
      <trkpt lat="48.509653" lon="-121.118521">
        <ele>1539.0</ele>
        <time>2023-07-01T15:33:00Z</time>
      </trkpt>
      <trkpt lat="48.509690" lon="-121.118488">
        <ele>1533.0</ele>
        <time>2023-07-01T15:33:15Z</time>
      </trkpt>
      <trkpt lat="48.509731" lon="-121.118537">
        <ele>1544.0</ele>
        <time>2023-07-01T15:33:38Z</time>
      </trkpt>
      <trkpt lat="48.509817" lon="-121.118546">
        <ele>1550.0</ele>
        <time>2023-07-01T15:34:20Z</time>
      </trkpt>
      <trkpt lat="48.509842" lon="-121.118592">
        <ele>1548.0</ele>
        <time>2023-07-01T15:34:51Z</time>
      </trkpt>
      <trkpt lat="48.509890" lon="-121.118550">
        <ele>1555.0</ele>
        <time>2023-07-01T15:35:03Z</time>
      </trkpt>
      <trkpt lat="48.509926" lon="-121.118487">
        <ele>1558.0</ele>
        <time>2023-07-01T15:35:13Z</time>
      </trkpt>
      <trkpt lat="48.509955" lon="-121.118506">
        <ele>1554.0</ele>
        <time>2023-07-01T15:35:28Z</time>
      </trkpt>
      <trkpt lat="48.510001" lon="-121.118481">
        <ele>1558.0</ele>
        <time>2023-07-01T15:35:42Z</time>
      </trkpt>
      <trkpt lat="48.510074" lon="-121.118462">
        <ele>1562.0</ele>
        <time>2023-07-01T15:36:00Z</time>
      </trkpt>
      <trkpt lat="48.510110" lon="-121.118389">
        <ele>1564.0</ele>
        <time>2023-07-01T15:36:14Z</time>
      </trkpt>
      <trkpt lat="48.510164" lon="-121.118320">
        <ele>1565.0</ele>
        <time>2023-07-01T15:36:27Z</time>
      </trkpt>
      <trkpt lat="48.510200" lon="-121.118307">
        <ele>1568.0</ele>
        <time>2023-07-01T15:36:52Z</time>
      </trkpt>
      <trkpt lat="48.510222" lon="-121.118459">
        <ele>1572.0</ele>
        <time>2023-07-01T15:37:42Z</time>
      </trkpt>
      <trkpt lat="48.510289" lon="-121.118533">
        <ele>1578.0</ele>
        <time>2023-07-01T15:38:38Z</time>
      </trkpt>
      <trkpt lat="48.510356" lon="-121.118551">
        <ele>1579.0</ele>
        <time>2023-07-01T15:39:15Z</time>
      </trkpt>
      <trkpt lat="48.510370" lon="-121.118468">
        <ele>1582.0</ele>
        <time>2023-07-01T15:39:56Z</time>
      </trkpt>
      <trkpt lat="48.510397" lon="-121.118420">
        <ele>1585.0</ele>
        <time>2023-07-01T15:40:13Z</time>
      </trkpt>
      <trkpt lat="48.510396" lon="-121.118382">
        <ele>1584.0</ele>
        <time>2023-07-01T15:40:24Z</time>
      </trkpt>
      <trkpt lat="48.510442" lon="-121.118314">
        <ele>1577.0</ele>
        <time>2023-07-01T15:41:02Z</time>
      </trkpt>
      <trkpt lat="48.510422" lon="-121.118290">
        <ele>1580.0</ele>
        <time>2023-07-01T15:41:19Z</time>
      </trkpt>
      <trkpt lat="48.510451" lon="-121.118267">
        <ele>1575.0</ele>
        <time>2023-07-01T15:41:47Z</time>
      </trkpt>
      <trkpt lat="48.510483" lon="-121.118275">
        <ele>1580.0</ele>
        <time>2023-07-01T15:42:12Z</time>
      </trkpt>
      <trkpt lat="48.510481" lon="-121.118182">
        <ele>1580.0</ele>
        <time>2023-07-01T15:42:31Z</time>
      </trkpt>
      <trkpt lat="48.510516" lon="-121.118173">
        <ele>1575.0</ele>
        <time>2023-07-01T15:42:40Z</time>
      </trkpt>
      <trkpt lat="48.510525" lon="-121.118140">
        <ele>1582.0</ele>
        <time>2023-07-01T15:42:49Z</time>
      </trkpt>
      <trkpt lat="48.510572" lon="-121.118120">
        <ele>1584.0</ele>
        <time>2023-07-01T15:43:00Z</time>
      </trkpt>
      <trkpt lat="48.510569" lon="-121.117975">
        <ele>1587.0</ele>
        <time>2023-07-01T15:43:43Z</time>
      </trkpt>
      <trkpt lat="48.510600" lon="-121.117922">
        <ele>1590.1</ele>
        <time>2023-07-01T15:43:50Z</time>
      </trkpt>
      <trkpt lat="48.510583" lon="-121.117798">
        <ele>1585.0</ele>
        <time>2023-07-01T15:44:06Z</time>
      </trkpt>
      <trkpt lat="48.510587" lon="-121.117762">
        <ele>1588.0</ele>
        <time>2023-07-01T15:44:11Z</time>
      </trkpt>
      <trkpt lat="48.510608" lon="-121.117736">
        <ele>1587.0</ele>
        <time>2023-07-01T15:44:14Z</time>
      </trkpt>
      <trkpt lat="48.510616" lon="-121.117704">
        <ele>1587.0</ele>
        <time>2023-07-01T15:44:17Z</time>
      </trkpt>
      <trkpt lat="48.510617" lon="-121.117632">
        <ele>1588.0</ele>
        <time>2023-07-01T15:44:22Z</time>
      </trkpt>
      <trkpt lat="48.510706" lon="-121.117487">
        <ele>1592.0</ele>
        <time>2023-07-01T15:44:42Z</time>
      </trkpt>
      <trkpt lat="48.510724" lon="-121.117563">
        <ele>1593.0</ele>
        <time>2023-07-01T15:44:53Z</time>
      </trkpt>
      <trkpt lat="48.510759" lon="-121.117556">
        <ele>1594.0</ele>
        <time>2023-07-01T15:44:58Z</time>
      </trkpt>
      <trkpt lat="48.510772" lon="-121.117526">
        <ele>1593.0</ele>
        <time>2023-07-01T15:45:01Z</time>
      </trkpt>
      <trkpt lat="48.510772" lon="-121.117426">
        <ele>1595.0</ele>
        <time>2023-07-01T15:45:11Z</time>
      </trkpt>
      <trkpt lat="48.510802" lon="-121.117429">
        <ele>1595.0</ele>
        <time>2023-07-01T15:45:16Z</time>
      </trkpt>
      <trkpt lat="48.510817" lon="-121.117519">
        <ele>1599.0</ele>
        <time>2023-07-01T15:45:27Z</time>
      </trkpt>
      <trkpt lat="48.510870" lon="-121.117400">
        <ele>1600.0</ele>
        <time>2023-07-01T15:45:45Z</time>
      </trkpt>
      <trkpt lat="48.510931" lon="-121.117381">
        <ele>1602.0</ele>
        <time>2023-07-01T15:45:59Z</time>
      </trkpt>
      <trkpt lat="48.510863" lon="-121.117579">
        <ele>1604.0</ele>
        <time>2023-07-01T15:48:15Z</time>
      </trkpt>
      <trkpt lat="48.510884" lon="-121.117607">
        <ele>1602.0</ele>
        <time>2023-07-01T15:48:19Z</time>
      </trkpt>
      <trkpt lat="48.510874" lon="-121.117708">
        <ele>1607.0</ele>
        <time>2023-07-01T15:48:27Z</time>
      </trkpt>
      <trkpt lat="48.510882" lon="-121.117786">
        <ele>1609.0</ele>
        <time>2023-07-01T15:48:34Z</time>
      </trkpt>
      <trkpt lat="48.510915" lon="-121.117812">
        <ele>1608.0</ele>
        <time>2023-07-01T15:48:39Z</time>
      </trkpt>
      <trkpt lat="48.510947" lon="-121.117795">
        <ele>1611.0</ele>
        <time>2023-07-01T15:48:45Z</time>
      </trkpt>
      <trkpt lat="48.510955" lon="-121.117739">
        <ele>1612.0</ele>
        <time>2023-07-01T15:48:53Z</time>
      </trkpt>
      <trkpt lat="48.510977" lon="-121.117791">
        <ele>1610.0</ele>
        <time>2023-07-01T15:49:00Z</time>
      </trkpt>
      <trkpt lat="48.511038" lon="-121.117720">
        <ele>1616.0</ele>
        <time>2023-07-01T15:49:26Z</time>
      </trkpt>
      <trkpt lat="48.511070" lon="-121.117786">
        <ele>1620.0</ele>
        <time>2023-07-01T15:49:35Z</time>
      </trkpt>
      <trkpt lat="48.511116" lon="-121.117664">
        <ele>1620.0</ele>
        <time>2023-07-01T15:49:49Z</time>
      </trkpt>
      <trkpt lat="48.511134" lon="-121.117719">
        <ele>1624.0</ele>
        <time>2023-07-01T15:50:04Z</time>
      </trkpt>
      <trkpt lat="48.511159" lon="-121.117747">
        <ele>1626.0</ele>
        <time>2023-07-01T15:50:15Z</time>
      </trkpt>
      <trkpt lat="48.511187" lon="-121.117720">
        <ele>1626.0</ele>
        <time>2023-07-01T15:50:32Z</time>
      </trkpt>
      <trkpt lat="48.511233" lon="-121.117775">
        <ele>1629.0</ele>
        <time>2023-07-01T15:50:54Z</time>
      </trkpt>
      <trkpt lat="48.511270" lon="-121.117778">
        <ele>1631.0</ele>
        <time>2023-07-01T15:51:07Z</time>
      </trkpt>
      <trkpt lat="48.511289" lon="-121.117710">
        <ele>1636.0</ele>
        <time>2023-07-01T15:51:16Z</time>
      </trkpt>
      <trkpt lat="48.511377" lon="-121.117685">
        <ele>1637.0</ele>
        <time>2023-07-01T15:51:38Z</time>
      </trkpt>
      <trkpt lat="48.511369" lon="-121.117745">
        <ele>1638.0</ele>
        <time>2023-07-01T15:51:47Z</time>
      </trkpt>
      <trkpt lat="48.511394" lon="-121.117725">
        <ele>1640.0</ele>
        <time>2023-07-01T15:51:54Z</time>
      </trkpt>
      <trkpt lat="48.511382" lon="-121.117814">
        <ele>1644.0</ele>
        <time>2023-07-01T15:52:12Z</time>
      </trkpt>
      <trkpt lat="48.511437" lon="-121.117857">
        <ele>1640.0</ele>
        <time>2023-07-01T15:52:36Z</time>
      </trkpt>
      <trkpt lat="48.511437" lon="-121.117897">
        <ele>1645.0</ele>
        <time>2023-07-01T15:52:43Z</time>
      </trkpt>
      <trkpt lat="48.511491" lon="-121.117866">
        <ele>1649.3</ele>
        <time>2023-07-01T15:52:55Z</time>
      </trkpt>
      <trkpt lat="48.511516" lon="-121.117929">
        <ele>1645.0</ele>
        <time>2023-07-01T15:53:03Z</time>
      </trkpt>
      <trkpt lat="48.511528" lon="-121.117884">
        <ele>1651.0</ele>
        <time>2023-07-01T15:53:09Z</time>
      </trkpt>
      <trkpt lat="48.511604" lon="-121.117787">
        <ele>1648.0</ele>
        <time>2023-07-01T15:53:27Z</time>
      </trkpt>
      <trkpt lat="48.511651" lon="-121.117801">
        <ele>1654.0</ele>
        <time>2023-07-01T15:53:44Z</time>
      </trkpt>
      <trkpt lat="48.511671" lon="-121.117860">
        <ele>1657.0</ele>
        <time>2023-07-01T15:54:01Z</time>
      </trkpt>
      <trkpt lat="48.511714" lon="-121.117881">
        <ele>1659.0</ele>
        <time>2023-07-01T15:54:10Z</time>
      </trkpt>
      <trkpt lat="48.511743" lon="-121.117859">
        <ele>1660.0</ele>
        <time>2023-07-01T15:54:15Z</time>
      </trkpt>
      <trkpt lat="48.511778" lon="-121.117768">
        <ele>1659.0</ele>
        <time>2023-07-01T15:54:36Z</time>
      </trkpt>
      <trkpt lat="48.511810" lon="-121.117775">
        <ele>1662.0</ele>
        <time>2023-07-01T15:55:39Z</time>
      </trkpt>
      <trkpt lat="48.511850" lon="-121.117734">
        <ele>1663.0</ele>
        <time>2023-07-01T15:55:52Z</time>
      </trkpt>
      <trkpt lat="48.511856" lon="-121.117694">
        <ele>1662.0</ele>
        <time>2023-07-01T15:55:54Z</time>
      </trkpt>
      <trkpt lat="48.511899" lon="-121.117642">
        <ele>1662.0</ele>
        <time>2023-07-01T15:56:01Z</time>
      </trkpt>
      <trkpt lat="48.511907" lon="-121.117613">
        <ele>1662.0</ele>
        <time>2023-07-01T15:56:04Z</time>
      </trkpt>
      <trkpt lat="48.511927" lon="-121.117590">
        <ele>1659.0</ele>
        <time>2023-07-01T15:56:08Z</time>
      </trkpt>
      <trkpt lat="48.511930" lon="-121.117522">
        <ele>1662.0</ele>
        <time>2023-07-01T15:56:15Z</time>
      </trkpt>
      <trkpt lat="48.511975" lon="-121.117445">
        <ele>1661.0</ele>
        <time>2023-07-01T15:56:24Z</time>
      </trkpt>
      <trkpt lat="48.512118" lon="-121.117397">
        <ele>1668.0</ele>
        <time>2023-07-01T15:57:05Z</time>
      </trkpt>
      <trkpt lat="48.512156" lon="-121.117404">
        <ele>1664.0</ele>
        <time>2023-07-01T15:57:21Z</time>
      </trkpt>
      <trkpt lat="48.512182" lon="-121.117383">
        <ele>1664.0</ele>
        <time>2023-07-01T15:57:33Z</time>
      </trkpt>
      <trkpt lat="48.512163" lon="-121.117448">
        <ele>1675.0</ele>
        <time>2023-07-01T15:57:47Z</time>
      </trkpt>
      <trkpt lat="48.512180" lon="-121.117507">
        <ele>1676.0</ele>
        <time>2023-07-01T15:57:56Z</time>
      </trkpt>
      <trkpt lat="48.512225" lon="-121.117525">
        <ele>1674.0</ele>
        <time>2023-07-01T15:58:17Z</time>
      </trkpt>
      <trkpt lat="48.512265" lon="-121.117592">
        <ele>1684.0</ele>
        <time>2023-07-01T15:58:43Z</time>
      </trkpt>
      <trkpt lat="48.512294" lon="-121.117584">
        <ele>1684.0</ele>
        <time>2023-07-01T15:58:54Z</time>
      </trkpt>
      <trkpt lat="48.512326" lon="-121.117528">
        <ele>1686.0</ele>
        <time>2023-07-01T15:59:06Z</time>
      </trkpt>
      <trkpt lat="48.512347" lon="-121.117558">
        <ele>1686.0</ele>
        <time>2023-07-01T15:59:14Z</time>
      </trkpt>
      <trkpt lat="48.512434" lon="-121.117520">
        <ele>1691.0</ele>
        <time>2023-07-01T15:59:50Z</time>
      </trkpt>
      <trkpt lat="48.512469" lon="-121.117609">
        <ele>1694.0</ele>
        <time>2023-07-01T16:00:12Z</time>
      </trkpt>
      <trkpt lat="48.512479" lon="-121.117702">
        <ele>1701.0</ele>
        <time>2023-07-01T16:00:25Z</time>
      </trkpt>
      <trkpt lat="48.512539" lon="-121.117667">
        <ele>1701.0</ele>
        <time>2023-07-01T16:00:36Z</time>
      </trkpt>
      <trkpt lat="48.512591" lon="-121.117831">
        <ele>1707.0</ele>
        <time>2023-07-01T16:01:14Z</time>
      </trkpt>
      <trkpt lat="48.512615" lon="-121.117807">
        <ele>1707.0</ele>
        <time>2023-07-01T16:01:22Z</time>
      </trkpt>
      <trkpt lat="48.512677" lon="-121.117779">
        <ele>1704.0</ele>
        <time>2023-07-01T16:01:36Z</time>
      </trkpt>
      <trkpt lat="48.512705" lon="-121.117801">
        <ele>1708.0</ele>
        <time>2023-07-01T16:01:44Z</time>
      </trkpt>
      <trkpt lat="48.512716" lon="-121.117846">
        <ele>1705.0</ele>
        <time>2023-07-01T16:01:55Z</time>
      </trkpt>
      <trkpt lat="48.512761" lon="-121.117864">
        <ele>1712.0</ele>
        <time>2023-07-01T16:02:06Z</time>
      </trkpt>
      <trkpt lat="48.512778" lon="-121.117893">
        <ele>1714.8</ele>
        <time>2023-07-01T16:02:11Z</time>
      </trkpt>
      <trkpt lat="48.512831" lon="-121.117879">
        <ele>1702.0</ele>
        <time>2023-07-01T16:02:25Z</time>
      </trkpt>
      <trkpt lat="48.512870" lon="-121.117911">
        <ele>1713.0</ele>
        <time>2023-07-01T16:02:42Z</time>
      </trkpt>
      <trkpt lat="48.512923" lon="-121.117900">
        <ele>1716.0</ele>
        <time>2023-07-01T16:03:21Z</time>
      </trkpt>
      <trkpt lat="48.512961" lon="-121.117948">
        <ele>1715.0</ele>
        <time>2023-07-01T16:04:11Z</time>
      </trkpt>
      <trkpt lat="48.513008" lon="-121.118034">
        <ele>1720.0</ele>
        <time>2023-07-01T16:04:26Z</time>
      </trkpt>
      <trkpt lat="48.513062" lon="-121.118062">
        <ele>1725.0</ele>
        <time>2023-07-01T16:04:36Z</time>
      </trkpt>
      <trkpt lat="48.513138" lon="-121.118072">
        <ele>1725.0</ele>
        <time>2023-07-01T16:04:50Z</time>
      </trkpt>
      <trkpt lat="48.513267" lon="-121.118221">
        <ele>1732.0</ele>
        <time>2023-07-01T16:05:40Z</time>
      </trkpt>
      <trkpt lat="48.513258" lon="-121.118321">
        <ele>1735.0</ele>
        <time>2023-07-01T16:05:55Z</time>
      </trkpt>
      <trkpt lat="48.513275" lon="-121.118348">
        <ele>1734.0</ele>
        <time>2023-07-01T16:06:00Z</time>
      </trkpt>
      <trkpt lat="48.513310" lon="-121.118348">
        <ele>1735.0</ele>
        <time>2023-07-01T16:06:05Z</time>
      </trkpt>
      <trkpt lat="48.513369" lon="-121.118313">
        <ele>1736.0</ele>
        <time>2023-07-01T16:06:15Z</time>
      </trkpt>
      <trkpt lat="48.513393" lon="-121.118354">
        <ele>1735.0</ele>
        <time>2023-07-01T16:06:24Z</time>
      </trkpt>
      <trkpt lat="48.513419" lon="-121.118372">
        <ele>1737.0</ele>
        <time>2023-07-01T16:06:29Z</time>
      </trkpt>
      <trkpt lat="48.513452" lon="-121.118350">
        <ele>1737.0</ele>
        <time>2023-07-01T16:06:35Z</time>
      </trkpt>
      <trkpt lat="48.513511" lon="-121.118338">
        <ele>1740.0</ele>
        <time>2023-07-01T16:06:50Z</time>
      </trkpt>
      <trkpt lat="48.513532" lon="-121.118373">
        <ele>1737.0</ele>
        <time>2023-07-01T16:07:00Z</time>
      </trkpt>
      <trkpt lat="48.513586" lon="-121.118391">
        <ele>1743.0</ele>
        <time>2023-07-01T16:07:19Z</time>
      </trkpt>
      <trkpt lat="48.513632" lon="-121.118422">
        <ele>1747.0</ele>
        <time>2023-07-01T16:07:32Z</time>
      </trkpt>
      <trkpt lat="48.513667" lon="-121.118385">
        <ele>1747.0</ele>
        <time>2023-07-01T16:07:43Z</time>
      </trkpt>
      <trkpt lat="48.513769" lon="-121.118381">
        <ele>1755.0</ele>
        <time>2023-07-01T16:08:21Z</time>
      </trkpt>
      <trkpt lat="48.513810" lon="-121.118264">
        <ele>1755.0</ele>
        <time>2023-07-01T16:08:34Z</time>
      </trkpt>
      <trkpt lat="48.513855" lon="-121.118190">
        <ele>1761.0</ele>
        <time>2023-07-01T16:08:46Z</time>
      </trkpt>
      <trkpt lat="48.513880" lon="-121.118166">
        <ele>1761.0</ele>
        <time>2023-07-01T16:08:52Z</time>
      </trkpt>
      <trkpt lat="48.514020" lon="-121.118122">
        <ele>1760.0</ele>
        <time>2023-07-01T16:09:21Z</time>
      </trkpt>
      <trkpt lat="48.514078" lon="-121.118059">
        <ele>1764.0</ele>
        <time>2023-07-01T16:09:41Z</time>
      </trkpt>
      <trkpt lat="48.514189" lon="-121.118016">
        <ele>1764.0</ele>
        <time>2023-07-01T16:12:26Z</time>
      </trkpt>
      <trkpt lat="48.514177" lon="-121.117993">
        <ele>1771.7</ele>
        <time>2023-07-01T16:14:55Z</time>
      </trkpt>
      <trkpt lat="48.514203" lon="-121.118048">
        <ele>1762.0</ele>
        <time>2023-07-01T16:17:05Z</time>
      </trkpt>
      <trkpt lat="48.514188" lon="-121.118006">
        <ele>1764.0</ele>
        <time>2023-07-01T16:21:34Z</time>
      </trkpt>
      <trkpt lat="48.514166" lon="-121.117980">
        <ele>1773.6</ele>
        <time>2023-07-01T16:23:34Z</time>
      </trkpt>
      <trkpt lat="48.514190" lon="-121.118024">
        <ele>1766.0</ele>
        <time>2023-07-01T16:24:52Z</time>
      </trkpt>
      <trkpt lat="48.514211" lon="-121.118001">
        <ele>1769.0</ele>
        <time>2023-07-01T16:26:15Z</time>
      </trkpt>
      <trkpt lat="48.514211" lon="-121.118030">
        <ele>1771.0</ele>
        <time>2023-07-01T16:26:36Z</time>
      </trkpt>
      <trkpt lat="48.514282" lon="-121.118128">
        <ele>1772.0</ele>
        <time>2023-07-01T16:26:48Z</time>
      </trkpt>
      <trkpt lat="48.514342" lon="-121.118165">
        <ele>1771.0</ele>
        <time>2023-07-01T16:26:57Z</time>
      </trkpt>
      <trkpt lat="48.514424" lon="-121.118133">
        <ele>1776.0</ele>
        <time>2023-07-01T16:27:12Z</time>
      </trkpt>
      <trkpt lat="48.514485" lon="-121.118127">
        <ele>1777.0</ele>
        <time>2023-07-01T16:27:24Z</time>
      </trkpt>
      <trkpt lat="48.514515" lon="-121.118146">
        <ele>1778.0</ele>
        <time>2023-07-01T16:27:30Z</time>
      </trkpt>
      <trkpt lat="48.514530" lon="-121.118172">
        <ele>1779.0</ele>
        <time>2023-07-01T16:27:35Z</time>
      </trkpt>
      <trkpt lat="48.514548" lon="-121.118308">
        <ele>1780.0</ele>
        <time>2023-07-01T16:27:55Z</time>
      </trkpt>
      <trkpt lat="48.514541" lon="-121.118342">
        <ele>1781.0</ele>
        <time>2023-07-01T16:27:58Z</time>
      </trkpt>
      <trkpt lat="48.514562" lon="-121.118394">
        <ele>1780.0</ele>
        <time>2023-07-01T16:28:03Z</time>
      </trkpt>
      <trkpt lat="48.514611" lon="-121.118449">
        <ele>1784.0</ele>
        <time>2023-07-01T16:28:12Z</time>
      </trkpt>
      <trkpt lat="48.514676" lon="-121.118443">
        <ele>1785.0</ele>
        <time>2023-07-01T16:28:21Z</time>
      </trkpt>
      <trkpt lat="48.514709" lon="-121.118425">
        <ele>1782.0</ele>
        <time>2023-07-01T16:28:29Z</time>
      </trkpt>
      <trkpt lat="48.514817" lon="-121.118431">
        <ele>1790.0</ele>
        <time>2023-07-01T16:29:11Z</time>
      </trkpt>
      <trkpt lat="48.514857" lon="-121.118455">
        <ele>1794.0</ele>
        <time>2023-07-01T16:29:25Z</time>
      </trkpt>
      <trkpt lat="48.514893" lon="-121.118453">
        <ele>1796.0</ele>
        <time>2023-07-01T16:29:34Z</time>
      </trkpt>
      <trkpt lat="48.514950" lon="-121.118359">
        <ele>1799.0</ele>
        <time>2023-07-01T16:29:50Z</time>
      </trkpt>
      <trkpt lat="48.514990" lon="-121.118373">
        <ele>1800.0</ele>
        <time>2023-07-01T16:30:03Z</time>
      </trkpt>
      <trkpt lat="48.515027" lon="-121.118347">
        <ele>1799.0</ele>
        <time>2023-07-01T16:30:12Z</time>
      </trkpt>
      <trkpt lat="48.515057" lon="-121.118351">
        <ele>1805.0</ele>
        <time>2023-07-01T16:30:18Z</time>
      </trkpt>
      <trkpt lat="48.515089" lon="-121.118312">
        <ele>1806.0</ele>
        <time>2023-07-01T16:30:25Z</time>
      </trkpt>
      <trkpt lat="48.515112" lon="-121.118322">
        <ele>1806.0</ele>
        <time>2023-07-01T16:30:29Z</time>
      </trkpt>
      <trkpt lat="48.515187" lon="-121.118304">
        <ele>1806.0</ele>
        <time>2023-07-01T16:30:47Z</time>
      </trkpt>
      <trkpt lat="48.515219" lon="-121.118305">
        <ele>1808.0</ele>
        <time>2023-07-01T16:30:55Z</time>
      </trkpt>
      <trkpt lat="48.515250" lon="-121.118338">
        <ele>1811.0</ele>
        <time>2023-07-01T16:31:15Z</time>
      </trkpt>
      <trkpt lat="48.515274" lon="-121.118311">
        <ele>1809.0</ele>
        <time>2023-07-01T16:31:28Z</time>
      </trkpt>
      <trkpt lat="48.515305" lon="-121.118324">
        <ele>1808.0</ele>
        <time>2023-07-01T16:31:35Z</time>
      </trkpt>
      <trkpt lat="48.515334" lon="-121.118310">
        <ele>1812.0</ele>
        <time>2023-07-01T16:31:41Z</time>
      </trkpt>
      <trkpt lat="48.515358" lon="-121.118278">
        <ele>1814.0</ele>
        <time>2023-07-01T16:31:45Z</time>
      </trkpt>
      <trkpt lat="48.515441" lon="-121.118345">
        <ele>1816.0</ele>
        <time>2023-07-01T16:32:05Z</time>
      </trkpt>
      <trkpt lat="48.515514" lon="-121.118375">
        <ele>1813.0</ele>
        <time>2023-07-01T16:32:32Z</time>
      </trkpt>
      <trkpt lat="48.515583" lon="-121.118349">
        <ele>1820.0</ele>
        <time>2023-07-01T16:32:55Z</time>
      </trkpt>
      <trkpt lat="48.515600" lon="-121.118384">
        <ele>1820.0</ele>
        <time>2023-07-01T16:33:02Z</time>
      </trkpt>
      <trkpt lat="48.515659" lon="-121.118393">
        <ele>1820.0</ele>
        <time>2023-07-01T16:33:17Z</time>
      </trkpt>
      <trkpt lat="48.515689" lon="-121.118410">
        <ele>1823.0</ele>
        <time>2023-07-01T16:33:22Z</time>
      </trkpt>
      <trkpt lat="48.515725" lon="-121.118404">
        <ele>1824.0</ele>
        <time>2023-07-01T16:33:27Z</time>
      </trkpt>
      <trkpt lat="48.515753" lon="-121.118379">
        <ele>1827.0</ele>
        <time>2023-07-01T16:33:35Z</time>
      </trkpt>
      <trkpt lat="48.515793" lon="-121.118411">
        <ele>1826.0</ele>
        <time>2023-07-01T16:33:47Z</time>
      </trkpt>
      <trkpt lat="48.515889" lon="-121.118427">
        <ele>1827.0</ele>
        <time>2023-07-01T16:34:15Z</time>
      </trkpt>
      <trkpt lat="48.515946" lon="-121.118419">
        <ele>1833.0</ele>
        <time>2023-07-01T16:34:35Z</time>
      </trkpt>
      <trkpt lat="48.516032" lon="-121.118484">
        <ele>1832.0</ele>
        <time>2023-07-01T16:34:51Z</time>
      </trkpt>
      <trkpt lat="48.516099" lon="-121.118559">
        <ele>1834.0</ele>
        <time>2023-07-01T16:35:08Z</time>
      </trkpt>
      <trkpt lat="48.516166" lon="-121.118597">
        <ele>1838.0</ele>
        <time>2023-07-01T16:35:26Z</time>
      </trkpt>
      <trkpt lat="48.516315" lon="-121.118728">
        <ele>1844.0</ele>
        <time>2023-07-01T16:36:12Z</time>
      </trkpt>
      <trkpt lat="48.516329" lon="-121.118767">
        <ele>1844.0</ele>
        <time>2023-07-01T16:36:17Z</time>
      </trkpt>
      <trkpt lat="48.516363" lon="-121.118791">
        <ele>1841.0</ele>
        <time>2023-07-01T16:36:26Z</time>
      </trkpt>
      <trkpt lat="48.516373" lon="-121.118847">
        <ele>1841.0</ele>
        <time>2023-07-01T16:36:40Z</time>
      </trkpt>
      <trkpt lat="48.516447" lon="-121.118940">
        <ele>1841.0</ele>
        <time>2023-07-01T16:37:23Z</time>
      </trkpt>
      <trkpt lat="48.516480" lon="-121.118953">
        <ele>1854.0</ele>
        <time>2023-07-01T16:37:34Z</time>
      </trkpt>
      <trkpt lat="48.516542" lon="-121.118946">
        <ele>1854.0</ele>
        <time>2023-07-01T16:37:53Z</time>
      </trkpt>
      <trkpt lat="48.516560" lon="-121.118997">
        <ele>1848.0</ele>
        <time>2023-07-01T16:38:09Z</time>
      </trkpt>
      <trkpt lat="48.516581" lon="-121.119025">
        <ele>1855.0</ele>
        <time>2023-07-01T16:38:18Z</time>
      </trkpt>
      <trkpt lat="48.516628" lon="-121.119048">
        <ele>1862.0</ele>
        <time>2023-07-01T16:38:45Z</time>
      </trkpt>
      <trkpt lat="48.516667" lon="-121.119109">
        <ele>1863.0</ele>
        <time>2023-07-01T16:39:14Z</time>
      </trkpt>
      <trkpt lat="48.516717" lon="-121.119097">
        <ele>1869.4</ele>
        <time>2023-07-01T16:39:36Z</time>
      </trkpt>
      <trkpt lat="48.516733" lon="-121.119109">
        <ele>1868.0</ele>
        <time>2023-07-01T16:39:40Z</time>
      </trkpt>
      <trkpt lat="48.516813" lon="-121.119080">
        <ele>1869.0</ele>
        <time>2023-07-01T16:40:13Z</time>
      </trkpt>
      <trkpt lat="48.516926" lon="-121.119141">
        <ele>1872.0</ele>
        <time>2023-07-01T16:40:57Z</time>
      </trkpt>
      <trkpt lat="48.516944" lon="-121.119167">
        <ele>1876.0</ele>
        <time>2023-07-01T16:41:05Z</time>
      </trkpt>
      <trkpt lat="48.516947" lon="-121.119204">
        <ele>1872.0</ele>
        <time>2023-07-01T16:41:11Z</time>
      </trkpt>
      <trkpt lat="48.516923" lon="-121.119296">
        <ele>1880.0</ele>
        <time>2023-07-01T16:41:45Z</time>
      </trkpt>
      <trkpt lat="48.516942" lon="-121.119377">
        <ele>1886.0</ele>
        <time>2023-07-01T16:42:05Z</time>
      </trkpt>
      <trkpt lat="48.516931" lon="-121.119657">
        <ele>1899.0</ele>
        <time>2023-07-01T16:43:39Z</time>
      </trkpt>
      <trkpt lat="48.516882" lon="-121.119739">
        <ele>1900.0</ele>
        <time>2023-07-01T16:43:56Z</time>
      </trkpt>
      <trkpt lat="48.516917" lon="-121.119799">
        <ele>1904.0</ele>
        <time>2023-07-01T16:44:14Z</time>
      </trkpt>
      <trkpt lat="48.516922" lon="-121.119833">
        <ele>1905.0</ele>
        <time>2023-07-01T16:44:20Z</time>
      </trkpt>
      <trkpt lat="48.516892" lon="-121.119887">
        <ele>1906.0</ele>
        <time>2023-07-01T16:44:35Z</time>
      </trkpt>
      <trkpt lat="48.516912" lon="-121.119934">
        <ele>1906.4</ele>
        <time>2023-07-01T16:44:42Z</time>
      </trkpt>
      <trkpt lat="48.516896" lon="-121.120000">
        <ele>1905.0</ele>
        <time>2023-07-01T16:44:53Z</time>
      </trkpt>
      <trkpt lat="48.516854" lon="-121.120040">
        <ele>1902.0</ele>
        <time>2023-07-01T16:45:30Z</time>
      </trkpt>
      <trkpt lat="48.516827" lon="-121.120046">
        <ele>1909.0</ele>
        <time>2023-07-01T17:05:01Z</time>
      </trkpt>
      <trkpt lat="48.516807" lon="-121.120094">
        <ele>1906.0</ele>
        <time>2023-07-01T17:05:47Z</time>
      </trkpt>
      <trkpt lat="48.516772" lon="-121.120084">
        <ele>1908.0</ele>
        <time>2023-07-01T17:05:54Z</time>
      </trkpt>
      <trkpt lat="48.516761" lon="-121.120124">
        <ele>1905.0</ele>
        <time>2023-07-01T17:06:00Z</time>
      </trkpt>
      <trkpt lat="48.516734" lon="-121.120164">
        <ele>1906.0</ele>
        <time>2023-07-01T17:06:30Z</time>
      </trkpt>
      <trkpt lat="48.516764" lon="-121.120152">
        <ele>1902.0</ele>
        <time>2023-07-01T17:06:56Z</time>
      </trkpt>
      <trkpt lat="48.516816" lon="-121.120030">
        <ele>1904.0</ele>
        <time>2023-07-01T17:07:10Z</time>
      </trkpt>
      <trkpt lat="48.516855" lon="-121.120018">
        <ele>1904.0</ele>
        <time>2023-07-01T17:08:25Z</time>
      </trkpt>
      <trkpt lat="48.516849" lon="-121.120042">
        <ele>1908.0</ele>
        <time>2023-07-01T17:19:12Z</time>
      </trkpt>
      <trkpt lat="48.516860" lon="-121.120092">
        <ele>1909.0</ele>
        <time>2023-07-01T17:19:48Z</time>
      </trkpt>
      <trkpt lat="48.516841" lon="-121.120175">
        <ele>1907.0</ele>
        <time>2023-07-01T17:20:10Z</time>
      </trkpt>
      <trkpt lat="48.516806" lon="-121.120231">
        <ele>1903.0</ele>
        <time>2023-07-01T17:20:32Z</time>
      </trkpt>
      <trkpt lat="48.516766" lon="-121.120236">
        <ele>1910.0</ele>
        <time>2023-07-01T17:20:39Z</time>
      </trkpt>
      <trkpt lat="48.516764" lon="-121.120218">
        <ele>1907.0</ele>
        <time>2023-07-01T17:20:45Z</time>
      </trkpt>
      <trkpt lat="48.516774" lon="-121.120260">
        <ele>1898.0</ele>
        <time>2023-07-01T17:21:29Z</time>
      </trkpt>
      <trkpt lat="48.516771" lon="-121.120315">
        <ele>1899.0</ele>
        <time>2023-07-01T17:21:45Z</time>
      </trkpt>
      <trkpt lat="48.516756" lon="-121.120357">
        <ele>1897.0</ele>
        <time>2023-07-01T17:22:20Z</time>
      </trkpt>
      <trkpt lat="48.516757" lon="-121.120400">
        <ele>1896.0</ele>
        <time>2023-07-01T17:22:29Z</time>
      </trkpt>
      <trkpt lat="48.516743" lon="-121.120438">
        <ele>1896.0</ele>
        <time>2023-07-01T17:22:39Z</time>
      </trkpt>
      <trkpt lat="48.516753" lon="-121.120470">
        <ele>1894.0</ele>
        <time>2023-07-01T17:23:09Z</time>
      </trkpt>
      <trkpt lat="48.516726" lon="-121.120478">
        <ele>1891.0</ele>
        <time>2023-07-01T17:24:03Z</time>
      </trkpt>
      <trkpt lat="48.516717" lon="-121.120523">
        <ele>1885.0</ele>
        <time>2023-07-01T17:24:24Z</time>
      </trkpt>
      <trkpt lat="48.516689" lon="-121.120508">
        <ele>1890.0</ele>
        <time>2023-07-01T17:24:50Z</time>
      </trkpt>
      <trkpt lat="48.516708" lon="-121.120514">
        <ele>1886.0</ele>
        <time>2023-07-01T17:25:00Z</time>
      </trkpt>
      <trkpt lat="48.516723" lon="-121.120555">
        <ele>1884.0</ele>
        <time>2023-07-01T17:25:42Z</time>
      </trkpt>
      <trkpt lat="48.516704" lon="-121.120537">
        <ele>1885.5</ele>
        <time>2023-07-01T17:25:51Z</time>
      </trkpt>
      <trkpt lat="48.516707" lon="-121.120609">
        <ele>1878.0</ele>
        <time>2023-07-01T17:26:50Z</time>
      </trkpt>
      <trkpt lat="48.516775" lon="-121.120690">
        <ele>1877.0</ele>
        <time>2023-07-01T17:27:25Z</time>
      </trkpt>
      <trkpt lat="48.516782" lon="-121.120725">
        <ele>1870.0</ele>
        <time>2023-07-01T17:27:43Z</time>
      </trkpt>
      <trkpt lat="48.516832" lon="-121.120757">
        <ele>1878.0</ele>
        <time>2023-07-01T17:28:14Z</time>
      </trkpt>
      <trkpt lat="48.516807" lon="-121.120806">
        <ele>1878.0</ele>
        <time>2023-07-01T17:29:01Z</time>
      </trkpt>
      <trkpt lat="48.516843" lon="-121.120859">
        <ele>1862.0</ele>
        <time>2023-07-01T17:29:22Z</time>
      </trkpt>
      <trkpt lat="48.516817" lon="-121.120848">
        <ele>1875.0</ele>
        <time>2023-07-01T17:29:42Z</time>
      </trkpt>
      <trkpt lat="48.516836" lon="-121.120780">
        <ele>1872.0</ele>
        <time>2023-07-01T17:30:16Z</time>
      </trkpt>
      <trkpt lat="48.516805" lon="-121.120769">
        <ele>1875.0</ele>
        <time>2023-07-01T17:30:25Z</time>
      </trkpt>
      <trkpt lat="48.516779" lon="-121.120710">
        <ele>1872.0</ele>
        <time>2023-07-01T17:30:49Z</time>
      </trkpt>
      <trkpt lat="48.516708" lon="-121.120809">
        <ele>1859.0</ele>
        <time>2023-07-01T17:32:06Z</time>
      </trkpt>
      <trkpt lat="48.516703" lon="-121.120844">
        <ele>1866.0</ele>
        <time>2023-07-01T17:32:13Z</time>
      </trkpt>
      <trkpt lat="48.516749" lon="-121.121029">
        <ele>1860.0</ele>
        <time>2023-07-01T17:32:54Z</time>
      </trkpt>
      <trkpt lat="48.516779" lon="-121.121055">
        <ele>1860.0</ele>
        <time>2023-07-01T17:33:02Z</time>
      </trkpt>
      <trkpt lat="48.516806" lon="-121.121105">
        <ele>1862.0</ele>
        <time>2023-07-01T17:33:12Z</time>
      </trkpt>
      <trkpt lat="48.516899" lon="-121.121121">
        <ele>1856.0</ele>
        <time>2023-07-01T17:33:40Z</time>
      </trkpt>
      <trkpt lat="48.516932" lon="-121.121101">
        <ele>1863.0</ele>
        <time>2023-07-01T17:33:48Z</time>
      </trkpt>
      <trkpt lat="48.516998" lon="-121.121158">
        <ele>1861.0</ele>
        <time>2023-07-01T17:34:10Z</time>
      </trkpt>
      <trkpt lat="48.517024" lon="-121.121165">
        <ele>1863.0</ele>
        <time>2023-07-01T17:34:26Z</time>
      </trkpt>
      <trkpt lat="48.517096" lon="-121.121113">
        <ele>1868.0</ele>
        <time>2023-07-01T17:35:01Z</time>
      </trkpt>
      <trkpt lat="48.517139" lon="-121.121127">
        <ele>1869.0</ele>
        <time>2023-07-01T17:35:38Z</time>
      </trkpt>
      <trkpt lat="48.517146" lon="-121.121092">
        <ele>1870.0</ele>
        <time>2023-07-01T17:35:56Z</time>
      </trkpt>
      <trkpt lat="48.517191" lon="-121.121125">
        <ele>1876.0</ele>
        <time>2023-07-01T17:36:37Z</time>
      </trkpt>
      <trkpt lat="48.517282" lon="-121.121105">
        <ele>1878.0</ele>
        <time>2023-07-01T17:37:25Z</time>
      </trkpt>
      <trkpt lat="48.517303" lon="-121.121081">
        <ele>1880.0</ele>
        <time>2023-07-01T17:37:38Z</time>
      </trkpt>
      <trkpt lat="48.517310" lon="-121.121039">
        <ele>1878.0</ele>
        <time>2023-07-01T17:37:46Z</time>
      </trkpt>
      <trkpt lat="48.517377" lon="-121.120966">
        <ele>1883.0</ele>
        <time>2023-07-01T17:38:19Z</time>
      </trkpt>
      <trkpt lat="48.517397" lon="-121.120912">
        <ele>1880.0</ele>
        <time>2023-07-01T17:38:26Z</time>
      </trkpt>
      <trkpt lat="48.517500" lon="-121.120910">
        <ele>1884.0</ele>
        <time>2023-07-01T17:39:07Z</time>
      </trkpt>
      <trkpt lat="48.517530" lon="-121.120919">
        <ele>1881.0</ele>
        <time>2023-07-01T17:39:30Z</time>
      </trkpt>
      <trkpt lat="48.517597" lon="-121.120882">
        <ele>1884.0</ele>
        <time>2023-07-01T17:39:40Z</time>
      </trkpt>
      <trkpt lat="48.517610" lon="-121.120849">
        <ele>1883.0</ele>
        <time>2023-07-01T17:39:45Z</time>
      </trkpt>
      <trkpt lat="48.517641" lon="-121.120858">
        <ele>1882.0</ele>
        <time>2023-07-01T17:39:56Z</time>
      </trkpt>
      <trkpt lat="48.517706" lon="-121.120788">
        <ele>1880.0</ele>
        <time>2023-07-01T17:40:09Z</time>
      </trkpt>
      <trkpt lat="48.517764" lon="-121.120767">
        <ele>1885.0</ele>
        <time>2023-07-01T17:40:23Z</time>
      </trkpt>
      <trkpt lat="48.517782" lon="-121.120734">
        <ele>1884.0</ele>
        <time>2023-07-01T17:40:27Z</time>
      </trkpt>
      <trkpt lat="48.517809" lon="-121.120719">
        <ele>1886.0</ele>
        <time>2023-07-01T17:40:31Z</time>
      </trkpt>
      <trkpt lat="48.517841" lon="-121.120718">
        <ele>1884.0</ele>
        <time>2023-07-01T17:40:36Z</time>
      </trkpt>
      <trkpt lat="48.517870" lon="-121.120690">
        <ele>1889.0</ele>
        <time>2023-07-01T17:41:02Z</time>
      </trkpt>
      <trkpt lat="48.517917" lon="-121.120681">
        <ele>1892.0</ele>
        <time>2023-07-01T17:41:37Z</time>
      </trkpt>
      <trkpt lat="48.517956" lon="-121.120618">
        <ele>1890.0</ele>
        <time>2023-07-01T17:41:49Z</time>
      </trkpt>
      <trkpt lat="48.517987" lon="-121.120615">
        <ele>1890.0</ele>
        <time>2023-07-01T17:41:57Z</time>
      </trkpt>
      <trkpt lat="48.518118" lon="-121.120497">
        <ele>1898.0</ele>
        <time>2023-07-01T17:42:28Z</time>
      </trkpt>
      <trkpt lat="48.518137" lon="-121.120486">
        <ele>1896.0</ele>
        <time>2023-07-01T17:46:03Z</time>
      </trkpt>
      <trkpt lat="48.518162" lon="-121.120517">
        <ele>1902.0</ele>
        <time>2023-07-01T17:46:16Z</time>
      </trkpt>
      <trkpt lat="48.518144" lon="-121.120482">
        <ele>1896.0</ele>
        <time>2023-07-01T17:47:53Z</time>
      </trkpt>
      <trkpt lat="48.518125" lon="-121.120464">
        <ele>1900.0</ele>
        <time>2023-07-01T17:56:42Z</time>
      </trkpt>
      <trkpt lat="48.518149" lon="-121.120405">
        <ele>1902.0</ele>
        <time>2023-07-01T17:56:57Z</time>
      </trkpt>
      <trkpt lat="48.518134" lon="-121.120495">
        <ele>1891.0</ele>
        <time>2023-07-01T18:02:38Z</time>
      </trkpt>
      <trkpt lat="48.518150" lon="-121.120417">
        <ele>1896.0</ele>
        <time>2023-07-01T18:08:20Z</time>
      </trkpt>
      <trkpt lat="48.518196" lon="-121.120414">
        <ele>1890.0</ele>
        <time>2023-07-01T18:08:38Z</time>
      </trkpt>
      <trkpt lat="48.518238" lon="-121.120397">
        <ele>1904.0</ele>
        <time>2023-07-01T18:09:07Z</time>
      </trkpt>
      <trkpt lat="48.518274" lon="-121.120407">
        <ele>1900.0</ele>
        <time>2023-07-01T18:09:14Z</time>
      </trkpt>
      <trkpt lat="48.518425" lon="-121.120409">
        <ele>1904.0</ele>
        <time>2023-07-01T18:09:58Z</time>
      </trkpt>
      <trkpt lat="48.518456" lon="-121.120438">
        <ele>1904.0</ele>
        <time>2023-07-01T18:10:11Z</time>
      </trkpt>
      <trkpt lat="48.518565" lon="-121.120436">
        <ele>1903.0</ele>
        <time>2023-07-01T18:11:03Z</time>
      </trkpt>
      <trkpt lat="48.518662" lon="-121.120480">
        <ele>1910.0</ele>
        <time>2023-07-01T18:11:40Z</time>
      </trkpt>
      <trkpt lat="48.518707" lon="-121.120530">
        <ele>1911.0</ele>
        <time>2023-07-01T18:11:56Z</time>
      </trkpt>
      <trkpt lat="48.518914" lon="-121.120643">
        <ele>1892.0</ele>
        <time>2023-07-01T18:12:51Z</time>
      </trkpt>
      <trkpt lat="48.518782" lon="-121.120575">
        <ele>1910.0</ele>
        <time>2023-07-01T18:13:22Z</time>
      </trkpt>
      <trkpt lat="48.518799" lon="-121.120596">
        <ele>1908.0</ele>
        <time>2023-07-01T18:19:42Z</time>
      </trkpt>
      <trkpt lat="48.518980" lon="-121.120692">
        <ele>1910.0</ele>
        <time>2023-07-01T18:21:28Z</time>
      </trkpt>
      <trkpt lat="48.519107" lon="-121.120745">
        <ele>1914.0</ele>
        <time>2023-07-01T18:21:52Z</time>
      </trkpt>
      <trkpt lat="48.519294" lon="-121.120870">
        <ele>1919.0</ele>
        <time>2023-07-01T18:22:27Z</time>
      </trkpt>
      <trkpt lat="48.519444" lon="-121.121023">
        <ele>1925.0</ele>
        <time>2023-07-01T18:23:02Z</time>
      </trkpt>
      <trkpt lat="48.519711" lon="-121.121384">
        <ele>1930.0</ele>
        <time>2023-07-01T18:23:59Z</time>
      </trkpt>
      <trkpt lat="48.519755" lon="-121.121419">
        <ele>1930.0</ele>
        <time>2023-07-01T18:24:07Z</time>
      </trkpt>
      <trkpt lat="48.519822" lon="-121.121445">
        <ele>1927.0</ele>
        <time>2023-07-01T18:24:18Z</time>
      </trkpt>
      <trkpt lat="48.519946" lon="-121.121515">
        <ele>1932.0</ele>
        <time>2023-07-01T18:24:40Z</time>
      </trkpt>
      <trkpt lat="48.520010" lon="-121.121582">
        <ele>1936.0</ele>
        <time>2023-07-01T18:24:57Z</time>
      </trkpt>
      <trkpt lat="48.520020" lon="-121.121615">
        <ele>1936.0</ele>
        <time>2023-07-01T18:25:03Z</time>
      </trkpt>
      <trkpt lat="48.520011" lon="-121.121693">
        <ele>1938.0</ele>
        <time>2023-07-01T18:27:30Z</time>
      </trkpt>
      <trkpt lat="48.520048" lon="-121.121811">
        <ele>1940.0</ele>
        <time>2023-07-01T18:28:03Z</time>
      </trkpt>
      <trkpt lat="48.520048" lon="-121.121890">
        <ele>1940.0</ele>
        <time>2023-07-01T18:28:17Z</time>
      </trkpt>
      <trkpt lat="48.520057" lon="-121.121927">
        <ele>1940.0</ele>
        <time>2023-07-01T18:28:22Z</time>
      </trkpt>
      <trkpt lat="48.520106" lon="-121.122017">
        <ele>1939.0</ele>
        <time>2023-07-01T18:28:45Z</time>
      </trkpt>
      <trkpt lat="48.520157" lon="-121.122043">
        <ele>1940.0</ele>
        <time>2023-07-01T18:29:10Z</time>
      </trkpt>
      <trkpt lat="48.520202" lon="-121.122081">
        <ele>1933.0</ele>
        <time>2023-07-01T18:29:39Z</time>
      </trkpt>
      <trkpt lat="48.520254" lon="-121.122060">
        <ele>1944.0</ele>
        <time>2023-07-01T18:29:58Z</time>
      </trkpt>
      <trkpt lat="48.520315" lon="-121.122014">
        <ele>1945.0</ele>
        <time>2023-07-01T18:30:18Z</time>
      </trkpt>
      <trkpt lat="48.520328" lon="-121.121949">
        <ele>1946.0</ele>
        <time>2023-07-01T18:30:29Z</time>
      </trkpt>
      <trkpt lat="48.520295" lon="-121.121767">
        <ele>1949.0</ele>
        <time>2023-07-01T18:31:18Z</time>
      </trkpt>
      <trkpt lat="48.520321" lon="-121.121633">
        <ele>1952.0</ele>
        <time>2023-07-01T18:31:37Z</time>
      </trkpt>
      <trkpt lat="48.520355" lon="-121.121634">
        <ele>1955.0</ele>
        <time>2023-07-01T18:31:47Z</time>
      </trkpt>
      <trkpt lat="48.520463" lon="-121.121586">
        <ele>1962.0</ele>
        <time>2023-07-01T18:32:27Z</time>
      </trkpt>
      <trkpt lat="48.520537" lon="-121.121529">
        <ele>1967.0</ele>
        <time>2023-07-01T18:33:05Z</time>
      </trkpt>
      <trkpt lat="48.520577" lon="-121.121554">
        <ele>1966.0</ele>
        <time>2023-07-01T18:33:18Z</time>
      </trkpt>
      <trkpt lat="48.520616" lon="-121.121549">
        <ele>1963.0</ele>
        <time>2023-07-01T18:33:28Z</time>
      </trkpt>
      <trkpt lat="48.520662" lon="-121.121559">
        <ele>1966.0</ele>
        <time>2023-07-01T18:34:07Z</time>
      </trkpt>
      <trkpt lat="48.520721" lon="-121.121589">
        <ele>1968.0</ele>
        <time>2023-07-01T18:34:33Z</time>
      </trkpt>
      <trkpt lat="48.520798" lon="-121.121563">
        <ele>1975.0</ele>
        <time>2023-07-01T18:35:05Z</time>
      </trkpt>
      <trkpt lat="48.520959" lon="-121.121574">
        <ele>1976.0</ele>
        <time>2023-07-01T18:35:43Z</time>
      </trkpt>
      <trkpt lat="48.521048" lon="-121.121631">
        <ele>1986.0</ele>
        <time>2023-07-01T18:36:21Z</time>
      </trkpt>
      <trkpt lat="48.521127" lon="-121.121655">
        <ele>1990.0</ele>
        <time>2023-07-01T18:36:37Z</time>
      </trkpt>
      <trkpt lat="48.521338" lon="-121.121743">
        <ele>1991.0</ele>
        <time>2023-07-01T18:37:48Z</time>
      </trkpt>
      <trkpt lat="48.521413" lon="-121.121754">
        <ele>1998.0</ele>
        <time>2023-07-01T18:38:04Z</time>
      </trkpt>
      <trkpt lat="48.521463" lon="-121.121740">
        <ele>1998.0</ele>
        <time>2023-07-01T18:38:23Z</time>
      </trkpt>
      <trkpt lat="48.521569" lon="-121.121678">
        <ele>2004.0</ele>
        <time>2023-07-01T18:39:05Z</time>
      </trkpt>
      <trkpt lat="48.521601" lon="-121.121687">
        <ele>2004.0</ele>
        <time>2023-07-01T18:39:12Z</time>
      </trkpt>
      <trkpt lat="48.521645" lon="-121.121735">
        <ele>2004.0</ele>
        <time>2023-07-01T18:39:22Z</time>
      </trkpt>
      <trkpt lat="48.521707" lon="-121.121763">
        <ele>2002.0</ele>
        <time>2023-07-01T18:39:34Z</time>
      </trkpt>
      <trkpt lat="48.521813" lon="-121.121869">
        <ele>2006.0</ele>
        <time>2023-07-01T18:40:04Z</time>
      </trkpt>
      <trkpt lat="48.521928" lon="-121.121936">
        <ele>2009.0</ele>
        <time>2023-07-01T18:40:31Z</time>
      </trkpt>
      <trkpt lat="48.522239" lon="-121.122206">
        <ele>2016.0</ele>
        <time>2023-07-01T18:42:12Z</time>
      </trkpt>
      <trkpt lat="48.522308" lon="-121.122253">
        <ele>2020.0</ele>
        <time>2023-07-01T18:42:27Z</time>
      </trkpt>
      <trkpt lat="48.522356" lon="-121.122332">
        <ele>2006.0</ele>
        <time>2023-07-01T18:42:44Z</time>
      </trkpt>
      <trkpt lat="48.522388" lon="-121.122345">
        <ele>2016.0</ele>
        <time>2023-07-01T18:42:57Z</time>
      </trkpt>
      <trkpt lat="48.522431" lon="-121.122287">
        <ele>2024.0</ele>
        <time>2023-07-01T18:43:17Z</time>
      </trkpt>
      <trkpt lat="48.522609" lon="-121.122226">
        <ele>2028.0</ele>
        <time>2023-07-01T18:44:07Z</time>
      </trkpt>
      <trkpt lat="48.522815" lon="-121.122236">
        <ele>2030.0</ele>
        <time>2023-07-01T18:45:04Z</time>
      </trkpt>
      <trkpt lat="48.522877" lon="-121.122264">
        <ele>2032.0</ele>
        <time>2023-07-01T18:45:16Z</time>
      </trkpt>
      <trkpt lat="48.522937" lon="-121.122267">
        <ele>2031.0</ele>
        <time>2023-07-01T18:45:43Z</time>
      </trkpt>
      <trkpt lat="48.523014" lon="-121.122287">
        <ele>2034.0</ele>
        <time>2023-07-01T18:47:03Z</time>
      </trkpt>
      <trkpt lat="48.523084" lon="-121.122279">
        <ele>2024.0</ele>
        <time>2023-07-01T18:47:57Z</time>
      </trkpt>
      <trkpt lat="48.523110" lon="-121.122252">
        <ele>2038.0</ele>
        <time>2023-07-01T18:48:15Z</time>
      </trkpt>
      <trkpt lat="48.523156" lon="-121.122238">
        <ele>2040.0</ele>
        <time>2023-07-01T18:48:28Z</time>
      </trkpt>
      <trkpt lat="48.523226" lon="-121.122237">
        <ele>2043.0</ele>
        <time>2023-07-01T18:48:50Z</time>
      </trkpt>
      <trkpt lat="48.523282" lon="-121.122264">
        <ele>2043.0</ele>
        <time>2023-07-01T18:49:12Z</time>
      </trkpt>
      <trkpt lat="48.523316" lon="-121.122301">
        <ele>2044.0</ele>
        <time>2023-07-01T18:49:36Z</time>
      </trkpt>
      <trkpt lat="48.523439" lon="-121.122374">
        <ele>2055.0</ele>
        <time>2023-07-01T18:50:48Z</time>
      </trkpt>
      <trkpt lat="48.523570" lon="-121.122433">
        <ele>2062.0</ele>
        <time>2023-07-01T18:51:42Z</time>
      </trkpt>
      <trkpt lat="48.523684" lon="-121.122471">
        <ele>2068.0</ele>
        <time>2023-07-01T18:52:29Z</time>
      </trkpt>
      <trkpt lat="48.523709" lon="-121.122467">
        <ele>2069.0</ele>
        <time>2023-07-01T18:52:45Z</time>
      </trkpt>
      <trkpt lat="48.523803" lon="-121.122509">
        <ele>2073.0</ele>
        <time>2023-07-01T18:53:26Z</time>
      </trkpt>
      <trkpt lat="48.523979" lon="-121.122657">
        <ele>2080.0</ele>
        <time>2023-07-01T18:54:50Z</time>
      </trkpt>
      <trkpt lat="48.524066" lon="-121.122674">
        <ele>2088.0</ele>
        <time>2023-07-01T18:55:33Z</time>
      </trkpt>
      <trkpt lat="48.524115" lon="-121.122700">
        <ele>2088.0</ele>
        <time>2023-07-01T18:55:53Z</time>
      </trkpt>
      <trkpt lat="48.524149" lon="-121.122703">
        <ele>2086.0</ele>
        <time>2023-07-01T18:56:13Z</time>
      </trkpt>
      <trkpt lat="48.524184" lon="-121.122725">
        <ele>2097.0</ele>
        <time>2023-07-01T18:56:37Z</time>
      </trkpt>
      <trkpt lat="48.524199" lon="-121.122761">
        <ele>2099.0</ele>
        <time>2023-07-01T18:56:45Z</time>
      </trkpt>
      <trkpt lat="48.524232" lon="-121.122733">
        <ele>2091.0</ele>
        <time>2023-07-01T18:56:57Z</time>
      </trkpt>
      <trkpt lat="48.524352" lon="-121.122778">
        <ele>2090.0</ele>
        <time>2023-07-01T18:57:58Z</time>
      </trkpt>
      <trkpt lat="48.524391" lon="-121.122820">
        <ele>2108.0</ele>
        <time>2023-07-01T18:58:21Z</time>
      </trkpt>
      <trkpt lat="48.524457" lon="-121.122837">
        <ele>2111.0</ele>
        <time>2023-07-01T18:59:09Z</time>
      </trkpt>
      <trkpt lat="48.524637" lon="-121.122933">
        <ele>2120.0</ele>
        <time>2023-07-01T19:00:50Z</time>
      </trkpt>
      <trkpt lat="48.524687" lon="-121.122941">
        <ele>2109.0</ele>
        <time>2023-07-01T19:01:07Z</time>
      </trkpt>
      <trkpt lat="48.524773" lon="-121.122994">
        <ele>2121.0</ele>
        <time>2023-07-01T19:02:06Z</time>
      </trkpt>
      <trkpt lat="48.524825" lon="-121.123006">
        <ele>2126.0</ele>
        <time>2023-07-01T19:02:28Z</time>
      </trkpt>
      <trkpt lat="48.524853" lon="-121.123041">
        <ele>2128.0</ele>
        <time>2023-07-01T19:02:53Z</time>
      </trkpt>
      <trkpt lat="48.524906" lon="-121.123195">
        <ele>2133.0</ele>
        <time>2023-07-01T19:03:27Z</time>
      </trkpt>
      <trkpt lat="48.524928" lon="-121.123218">
        <ele>2135.0</ele>
        <time>2023-07-01T19:03:33Z</time>
      </trkpt>
      <trkpt lat="48.525014" lon="-121.123250">
        <ele>2140.0</ele>
        <time>2023-07-01T19:04:07Z</time>
      </trkpt>
      <trkpt lat="48.525055" lon="-121.123282">
        <ele>2139.0</ele>
        <time>2023-07-01T19:04:39Z</time>
      </trkpt>
      <trkpt lat="48.525237" lon="-121.123309">
        <ele>2148.0</ele>
        <time>2023-07-01T19:05:47Z</time>
      </trkpt>
      <trkpt lat="48.525520" lon="-121.123389">
        <ele>2160.0</ele>
        <time>2023-07-01T19:07:33Z</time>
      </trkpt>
      <trkpt lat="48.525641" lon="-121.123447">
        <ele>2164.0</ele>
        <time>2023-07-01T19:08:24Z</time>
      </trkpt>
      <trkpt lat="48.525713" lon="-121.123498">
        <ele>2166.0</ele>
        <time>2023-07-01T19:09:00Z</time>
      </trkpt>
      <trkpt lat="48.525802" lon="-121.123479">
        <ele>2167.0</ele>
        <time>2023-07-01T19:09:35Z</time>
      </trkpt>
      <trkpt lat="48.525917" lon="-121.123525">
        <ele>2171.0</ele>
        <time>2023-07-01T19:10:27Z</time>
      </trkpt>
      <trkpt lat="48.526005" lon="-121.123589">
        <ele>2178.0</ele>
        <time>2023-07-01T19:11:20Z</time>
      </trkpt>
      <trkpt lat="48.526103" lon="-121.123623">
        <ele>2184.0</ele>
        <time>2023-07-01T19:12:09Z</time>
      </trkpt>
      <trkpt lat="48.526133" lon="-121.123659">
        <ele>2193.0</ele>
        <time>2023-07-01T19:12:28Z</time>
      </trkpt>
      <trkpt lat="48.526283" lon="-121.123706">
        <ele>2200.0</ele>
        <time>2023-07-01T19:14:09Z</time>
      </trkpt>
      <trkpt lat="48.526330" lon="-121.123735">
        <ele>2201.0</ele>
        <time>2023-07-01T19:14:39Z</time>
      </trkpt>
      <trkpt lat="48.526441" lon="-121.123752">
        <ele>2208.0</ele>
        <time>2023-07-01T19:15:51Z</time>
      </trkpt>
      <trkpt lat="48.526521" lon="-121.123791">
        <ele>2214.0</ele>
        <time>2023-07-01T19:16:37Z</time>
      </trkpt>
      <trkpt lat="48.526613" lon="-121.123820">
        <ele>2218.0</ele>
        <time>2023-07-01T19:17:27Z</time>
      </trkpt>
      <trkpt lat="48.526693" lon="-121.123875">
        <ele>2223.1</ele>
        <time>2023-07-01T19:18:17Z</time>
      </trkpt>
      <trkpt lat="48.526715" lon="-121.123878">
        <ele>2220.0</ele>
        <time>2023-07-01T19:18:26Z</time>
      </trkpt>
      <trkpt lat="48.526871" lon="-121.123953">
        <ele>2230.0</ele>
        <time>2023-07-01T19:19:57Z</time>
      </trkpt>
      <trkpt lat="48.526918" lon="-121.123959">
        <ele>2232.0</ele>
        <time>2023-07-01T19:20:23Z</time>
      </trkpt>
      <trkpt lat="48.526953" lon="-121.123982">
        <ele>2234.0</ele>
        <time>2023-07-01T19:20:47Z</time>
      </trkpt>
      <trkpt lat="48.527168" lon="-121.124065">
        <ele>2240.0</ele>
        <time>2023-07-01T19:22:01Z</time>
      </trkpt>
      <trkpt lat="48.527293" lon="-121.124103">
        <ele>2247.0</ele>
        <time>2023-07-01T19:23:23Z</time>
      </trkpt>
      <trkpt lat="48.527437" lon="-121.124290">
        <ele>2252.0</ele>
        <time>2023-07-01T19:24:12Z</time>
      </trkpt>
      <trkpt lat="48.527459" lon="-121.124330">
        <ele>2250.0</ele>
        <time>2023-07-01T19:24:20Z</time>
      </trkpt>
      <trkpt lat="48.527568" lon="-121.124397">
        <ele>2250.0</ele>
        <time>2023-07-01T19:24:46Z</time>
      </trkpt>
      <trkpt lat="48.527671" lon="-121.124445">
        <ele>2252.0</ele>
        <time>2023-07-01T19:25:46Z</time>
      </trkpt>
      <trkpt lat="48.527949" lon="-121.124479">
        <ele>2262.0</ele>
        <time>2023-07-01T19:27:29Z</time>
      </trkpt>
      <trkpt lat="48.528065" lon="-121.124478">
        <ele>2259.0</ele>
        <time>2023-07-01T19:27:53Z</time>
      </trkpt>
      <trkpt lat="48.528178" lon="-121.124462">
        <ele>2268.0</ele>
        <time>2023-07-01T19:28:17Z</time>
      </trkpt>
      <trkpt lat="48.528211" lon="-121.124447">
        <ele>2265.0</ele>
        <time>2023-07-01T19:28:30Z</time>
      </trkpt>
      <trkpt lat="48.528393" lon="-121.124405">
        <ele>2274.0</ele>
        <time>2023-07-01T19:29:07Z</time>
      </trkpt>
      <trkpt lat="48.528481" lon="-121.124369">
        <ele>2274.0</ele>
        <time>2023-07-01T19:29:27Z</time>
      </trkpt>
      <trkpt lat="48.528593" lon="-121.124302">
        <ele>2280.0</ele>
        <time>2023-07-01T19:29:58Z</time>
      </trkpt>
      <trkpt lat="48.528642" lon="-121.124289">
        <ele>2280.0</ele>
        <time>2023-07-01T19:30:05Z</time>
      </trkpt>
      <trkpt lat="48.528727" lon="-121.124235">
        <ele>2280.0</ele>
        <time>2023-07-01T19:31:50Z</time>
      </trkpt>
      <trkpt lat="48.528797" lon="-121.124226">
        <ele>2282.0</ele>
        <time>2023-07-01T19:32:27Z</time>
      </trkpt>
      <trkpt lat="48.528970" lon="-121.124102">
        <ele>2280.0</ele>
        <time>2023-07-01T19:32:56Z</time>
      </trkpt>
      <trkpt lat="48.529008" lon="-121.124093">
        <ele>2284.0</ele>
        <time>2023-07-01T19:33:01Z</time>
      </trkpt>
      <trkpt lat="48.529116" lon="-121.124029">
        <ele>2284.0</ele>
        <time>2023-07-01T19:33:17Z</time>
      </trkpt>
      <trkpt lat="48.529158" lon="-121.124028">
        <ele>2286.0</ele>
        <time>2023-07-01T19:33:22Z</time>
      </trkpt>
      <trkpt lat="48.529273" lon="-121.123985">
        <ele>2285.0</ele>
        <time>2023-07-01T19:33:39Z</time>
      </trkpt>
      <trkpt lat="48.529306" lon="-121.124001">
        <ele>2284.0</ele>
        <time>2023-07-01T19:33:44Z</time>
      </trkpt>
      <trkpt lat="48.529460" lon="-121.123970">
        <ele>2286.0</ele>
        <time>2023-07-01T19:34:08Z</time>
      </trkpt>
      <trkpt lat="48.529704" lon="-121.123985">
        <ele>2287.0</ele>
        <time>2023-07-01T19:34:57Z</time>
      </trkpt>
      <trkpt lat="48.529739" lon="-121.123976">
        <ele>2287.0</ele>
        <time>2023-07-01T19:35:04Z</time>
      </trkpt>
      <trkpt lat="48.529917" lon="-121.124011">
        <ele>2286.0</ele>
        <time>2023-07-01T19:35:39Z</time>
      </trkpt>
      <trkpt lat="48.529967" lon="-121.124033">
        <ele>2289.0</ele>
        <time>2023-07-01T19:35:48Z</time>
      </trkpt>
      <trkpt lat="48.530009" lon="-121.124035">
        <ele>2286.0</ele>
        <time>2023-07-01T19:35:54Z</time>
      </trkpt>
      <trkpt lat="48.530101" lon="-121.124087">
        <ele>2290.0</ele>
        <time>2023-07-01T19:36:10Z</time>
      </trkpt>
      <trkpt lat="48.530131" lon="-121.124123">
        <ele>2289.0</ele>
        <time>2023-07-01T19:36:37Z</time>
      </trkpt>
      <trkpt lat="48.530135" lon="-121.124081">
        <ele>2287.5</ele>
        <time>2023-07-01T19:36:55Z</time>
      </trkpt>
      <trkpt lat="48.530162" lon="-121.124130">
        <ele>2285.0</ele>
        <time>2023-07-01T19:37:10Z</time>
      </trkpt>
      <trkpt lat="48.530385" lon="-121.124251">
        <ele>2280.0</ele>
        <time>2023-07-01T19:37:57Z</time>
      </trkpt>
      <trkpt lat="48.530599" lon="-121.124326">
        <ele>2275.0</ele>
        <time>2023-07-01T19:38:25Z</time>
      </trkpt>
      <trkpt lat="48.530733" lon="-121.124349">
        <ele>2276.0</ele>
        <time>2023-07-01T19:38:42Z</time>
      </trkpt>
      <trkpt lat="48.530842" lon="-121.124392">
        <ele>2275.0</ele>
        <time>2023-07-01T19:38:58Z</time>
      </trkpt>
      <trkpt lat="48.530937" lon="-121.124416">
        <ele>2276.0</ele>
        <time>2023-07-01T19:39:07Z</time>
      </trkpt>
      <trkpt lat="48.530976" lon="-121.124413">
        <ele>2277.2</ele>
        <time>2023-07-01T19:39:13Z</time>
      </trkpt>
      <trkpt lat="48.531066" lon="-121.124445">
        <ele>2275.0</ele>
        <time>2023-07-01T19:39:24Z</time>
      </trkpt>
      <trkpt lat="48.531286" lon="-121.124566">
        <ele>2277.0</ele>
        <time>2023-07-01T19:39:57Z</time>
      </trkpt>
      <trkpt lat="48.531329" lon="-121.124568">
        <ele>2261.0</ele>
        <time>2023-07-01T19:40:12Z</time>
      </trkpt>
      <trkpt lat="48.531463" lon="-121.124611">
        <ele>2275.0</ele>
        <time>2023-07-01T19:40:35Z</time>
      </trkpt>
      <trkpt lat="48.531574" lon="-121.124661">
        <ele>2276.0</ele>
        <time>2023-07-01T19:40:47Z</time>
      </trkpt>
      <trkpt lat="48.531624" lon="-121.124670">
        <ele>2275.0</ele>
        <time>2023-07-01T19:40:54Z</time>
      </trkpt>
      <trkpt lat="48.531762" lon="-121.124672">
        <ele>2273.0</ele>
        <time>2023-07-01T19:41:14Z</time>
      </trkpt>
      <trkpt lat="48.531960" lon="-121.124721">
        <ele>2274.0</ele>
        <time>2023-07-01T19:41:37Z</time>
      </trkpt>
      <trkpt lat="48.532090" lon="-121.124735">
        <ele>2275.0</ele>
        <time>2023-07-01T19:41:55Z</time>
      </trkpt>
      <trkpt lat="48.532378" lon="-121.124729">
        <ele>2274.0</ele>
        <time>2023-07-01T19:42:46Z</time>
      </trkpt>
      <trkpt lat="48.532436" lon="-121.124755">
        <ele>2275.0</ele>
        <time>2023-07-01T19:42:57Z</time>
      </trkpt>
      <trkpt lat="48.532505" lon="-121.124740">
        <ele>2275.0</ele>
        <time>2023-07-01T19:43:09Z</time>
      </trkpt>
      <trkpt lat="48.532622" lon="-121.124739">
        <ele>2274.0</ele>
        <time>2023-07-01T19:43:30Z</time>
      </trkpt>
      <trkpt lat="48.532690" lon="-121.124717">
        <ele>2274.0</ele>
        <time>2023-07-01T19:43:43Z</time>
      </trkpt>
      <trkpt lat="48.532729" lon="-121.124718">
        <ele>2275.0</ele>
        <time>2023-07-01T19:43:49Z</time>
      </trkpt>
      <trkpt lat="48.532879" lon="-121.124682">
        <ele>2276.0</ele>
        <time>2023-07-01T19:44:23Z</time>
      </trkpt>
      <trkpt lat="48.533348" lon="-121.124668">
        <ele>2280.0</ele>
        <time>2023-07-01T19:45:55Z</time>
      </trkpt>
      <trkpt lat="48.533411" lon="-121.124646">
        <ele>2280.0</ele>
        <time>2023-07-01T19:46:06Z</time>
      </trkpt>
      <trkpt lat="48.533545" lon="-121.124635">
        <ele>2286.0</ele>
        <time>2023-07-01T19:46:43Z</time>
      </trkpt>
      <trkpt lat="48.533609" lon="-121.124600">
        <ele>2286.0</ele>
        <time>2023-07-01T19:46:59Z</time>
      </trkpt>
      <trkpt lat="48.533649" lon="-121.124603">
        <ele>2285.0</ele>
        <time>2023-07-01T19:47:05Z</time>
      </trkpt>
      <trkpt lat="48.533964" lon="-121.124472">
        <ele>2291.0</ele>
        <time>2023-07-01T19:48:16Z</time>
      </trkpt>
      <trkpt lat="48.534235" lon="-121.124372">
        <ele>2294.0</ele>
        <time>2023-07-01T19:49:19Z</time>
      </trkpt>
      <trkpt lat="48.534386" lon="-121.124295">
        <ele>2301.0</ele>
        <time>2023-07-01T19:49:57Z</time>
      </trkpt>
      <trkpt lat="48.534499" lon="-121.124208">
        <ele>2305.0</ele>
        <time>2023-07-01T19:50:25Z</time>
      </trkpt>
      <trkpt lat="48.534590" lon="-121.124152">
        <ele>2308.0</ele>
        <time>2023-07-01T19:50:48Z</time>
      </trkpt>
      <trkpt lat="48.534674" lon="-121.124045">
        <ele>2301.0</ele>
        <time>2023-07-01T19:51:24Z</time>
      </trkpt>
      <trkpt lat="48.534725" lon="-121.124018">
        <ele>2312.0</ele>
        <time>2023-07-01T19:51:43Z</time>
      </trkpt>
      <trkpt lat="48.534869" lon="-121.123853">
        <ele>2318.0</ele>
        <time>2023-07-01T19:52:28Z</time>
      </trkpt>
      <trkpt lat="48.534888" lon="-121.123799">
        <ele>2316.0</ele>
        <time>2023-07-01T19:52:40Z</time>
      </trkpt>
      <trkpt lat="48.534941" lon="-121.123721">
        <ele>2316.0</ele>
        <time>2023-07-01T19:52:54Z</time>
      </trkpt>
      <trkpt lat="48.535010" lon="-121.123577">
        <ele>2322.0</ele>
        <time>2023-07-01T19:53:17Z</time>
      </trkpt>
      <trkpt lat="48.535030" lon="-121.123475">
        <ele>2322.0</ele>
        <time>2023-07-01T19:53:30Z</time>
      </trkpt>
      <trkpt lat="48.535016" lon="-121.123357">
        <ele>2322.0</ele>
        <time>2023-07-01T19:53:44Z</time>
      </trkpt>
      <trkpt lat="48.534994" lon="-121.123381">
        <ele>2317.0</ele>
        <time>2023-07-01T19:56:05Z</time>
      </trkpt>
      <trkpt lat="48.535025" lon="-121.123354">
        <ele>2317.0</ele>
        <time>2023-07-01T19:56:09Z</time>
      </trkpt>
      <trkpt lat="48.535082" lon="-121.123339">
        <ele>2319.0</ele>
        <time>2023-07-01T19:56:17Z</time>
      </trkpt>
      <trkpt lat="48.535122" lon="-121.123282">
        <ele>2317.0</ele>
        <time>2023-07-01T19:56:26Z</time>
      </trkpt>
      <trkpt lat="48.535151" lon="-121.123262">
        <ele>2320.0</ele>
        <time>2023-07-01T19:56:31Z</time>
      </trkpt>
      <trkpt lat="48.535357" lon="-121.123038">
        <ele>2328.0</ele>
        <time>2023-07-01T19:57:04Z</time>
      </trkpt>
      <trkpt lat="48.535439" lon="-121.122977">
        <ele>2330.0</ele>
        <time>2023-07-01T19:57:20Z</time>
      </trkpt>
      <trkpt lat="48.535466" lon="-121.122931">
        <ele>2330.0</ele>
        <time>2023-07-01T19:57:27Z</time>
      </trkpt>
      <trkpt lat="48.535524" lon="-121.122900">
        <ele>2325.0</ele>
        <time>2023-07-01T19:57:54Z</time>
      </trkpt>
      <trkpt lat="48.535653" lon="-121.122901">
        <ele>2330.0</ele>
        <time>2023-07-01T19:58:37Z</time>
      </trkpt>
      <trkpt lat="48.535843" lon="-121.123169">
        <ele>2344.0</ele>
        <time>2023-07-01T20:00:47Z</time>
      </trkpt>
      <trkpt lat="48.535897" lon="-121.123294">
        <ele>2350.0</ele>
        <time>2023-07-01T20:01:40Z</time>
      </trkpt>
      <trkpt lat="48.535988" lon="-121.123658">
        <ele>2360.0</ele>
        <time>2023-07-01T20:03:53Z</time>
      </trkpt>
      <trkpt lat="48.535984" lon="-121.123764">
        <ele>2365.0</ele>
        <time>2023-07-01T20:04:04Z</time>
      </trkpt>
      <trkpt lat="48.536021" lon="-121.123849">
        <ele>2364.0</ele>
        <time>2023-07-01T20:04:29Z</time>
      </trkpt>
      <trkpt lat="48.536058" lon="-121.124044">
        <ele>2370.0</ele>
        <time>2023-07-01T20:05:11Z</time>
      </trkpt>
      <trkpt lat="48.536150" lon="-121.124308">
        <ele>2378.0</ele>
        <time>2023-07-01T20:06:09Z</time>
      </trkpt>
      <trkpt lat="48.536158" lon="-121.124373">
        <ele>2378.0</ele>
        <time>2023-07-01T20:06:21Z</time>
      </trkpt>
      <trkpt lat="48.536173" lon="-121.124414">
        <ele>2380.0</ele>
        <time>2023-07-01T20:06:37Z</time>
      </trkpt>
      <trkpt lat="48.536170" lon="-121.124452">
        <ele>2382.6</ele>
        <time>2023-07-01T20:06:42Z</time>
      </trkpt>
      <trkpt lat="48.536209" lon="-121.124608">
        <ele>2384.0</ele>
        <time>2023-07-01T20:07:03Z</time>
      </trkpt>
      <trkpt lat="48.536220" lon="-121.124841">
        <ele>2387.0</ele>
        <time>2023-07-01T20:07:28Z</time>
      </trkpt>
      <trkpt lat="48.536197" lon="-121.124898">
        <ele>2382.0</ele>
        <time>2023-07-01T20:08:05Z</time>
      </trkpt>
      <trkpt lat="48.536196" lon="-121.124996">
        <ele>2385.0</ele>
        <time>2023-07-01T20:08:18Z</time>
      </trkpt>
      <trkpt lat="48.536216" lon="-121.125082">
        <ele>2380.0</ele>
        <time>2023-07-01T20:08:46Z</time>
      </trkpt>
      <trkpt lat="48.536304" lon="-121.125144">
        <ele>2395.0</ele>
        <time>2023-07-01T20:09:10Z</time>
      </trkpt>
      <trkpt lat="48.536334" lon="-121.125206">
        <ele>2392.0</ele>
        <time>2023-07-01T20:09:34Z</time>
      </trkpt>
      <trkpt lat="48.536355" lon="-121.125343">
        <ele>2394.0</ele>
        <time>2023-07-01T20:10:23Z</time>
      </trkpt>
      <trkpt lat="48.536335" lon="-121.125580">
        <ele>2408.0</ele>
        <time>2023-07-01T20:11:38Z</time>
      </trkpt>
      <trkpt lat="48.536356" lon="-121.125795">
        <ele>2414.0</ele>
        <time>2023-07-01T20:12:27Z</time>
      </trkpt>
      <trkpt lat="48.536372" lon="-121.125852">
        <ele>2403.0</ele>
        <time>2023-07-01T20:12:49Z</time>
      </trkpt>
      <trkpt lat="48.536354" lon="-121.126123">
        <ele>2426.0</ele>
        <time>2023-07-01T20:14:08Z</time>
      </trkpt>
      <trkpt lat="48.536379" lon="-121.126264">
        <ele>2430.0</ele>
        <time>2023-07-01T20:14:59Z</time>
      </trkpt>
      <trkpt lat="48.536460" lon="-121.126596">
        <ele>2442.0</ele>
        <time>2023-07-01T20:16:37Z</time>
      </trkpt>
      <trkpt lat="48.536506" lon="-121.126927">
        <ele>2448.0</ele>
        <time>2023-07-01T20:18:30Z</time>
      </trkpt>
      <trkpt lat="48.536567" lon="-121.127015">
        <ele>2456.0</ele>
        <time>2023-07-01T20:19:07Z</time>
      </trkpt>
      <trkpt lat="48.536597" lon="-121.127098">
        <ele>2456.0</ele>
        <time>2023-07-01T20:19:43Z</time>
      </trkpt>
      <trkpt lat="48.536590" lon="-121.127247">
        <ele>2463.0</ele>
        <time>2023-07-01T20:20:30Z</time>
      </trkpt>
      <trkpt lat="48.536636" lon="-121.127378">
        <ele>2466.0</ele>
        <time>2023-07-01T20:22:05Z</time>
      </trkpt>
      <trkpt lat="48.536666" lon="-121.127414">
        <ele>2469.0</ele>
        <time>2023-07-01T20:22:31Z</time>
      </trkpt>
      <trkpt lat="48.536684" lon="-121.127456">
        <ele>2472.0</ele>
        <time>2023-07-01T20:22:42Z</time>
      </trkpt>
      <trkpt lat="48.536721" lon="-121.127640">
        <ele>2476.0</ele>
        <time>2023-07-01T20:23:19Z</time>
      </trkpt>
      <trkpt lat="48.536762" lon="-121.127760">
        <ele>2481.0</ele>
        <time>2023-07-01T20:24:09Z</time>
      </trkpt>
      <trkpt lat="48.536762" lon="-121.127797">
        <ele>2475.0</ele>
        <time>2023-07-01T20:24:17Z</time>
      </trkpt>
      <trkpt lat="48.536783" lon="-121.127864">
        <ele>2480.0</ele>
        <time>2023-07-01T20:24:42Z</time>
      </trkpt>
      <trkpt lat="48.536776" lon="-121.127905">
        <ele>2482.0</ele>
        <time>2023-07-01T20:24:47Z</time>
      </trkpt>
      <trkpt lat="48.536819" lon="-121.128063">
        <ele>2482.0</ele>
        <time>2023-07-01T20:25:27Z</time>
      </trkpt>
      <trkpt lat="48.536821" lon="-121.128114">
        <ele>2487.0</ele>
        <time>2023-07-01T20:25:49Z</time>
      </trkpt>
      <trkpt lat="48.536844" lon="-121.128155">
        <ele>2485.0</ele>
        <time>2023-07-01T20:26:11Z</time>
      </trkpt>
      <trkpt lat="48.536852" lon="-121.128272">
        <ele>2492.0</ele>
        <time>2023-07-01T20:26:38Z</time>
      </trkpt>
      <trkpt lat="48.536827" lon="-121.128383">
        <ele>2492.0</ele>
        <time>2023-07-01T20:27:23Z</time>
      </trkpt>
      <trkpt lat="48.536753" lon="-121.128390">
        <ele>2482.0</ele>
        <time>2023-07-01T20:27:46Z</time>
      </trkpt>
      <trkpt lat="48.536858" lon="-121.129120">
        <ele>2520.0</ele>
        <time>2023-07-01T20:31:37Z</time>
      </trkpt>
      <trkpt lat="48.536864" lon="-121.129286">
        <ele>2526.0</ele>
        <time>2023-07-01T20:32:36Z</time>
      </trkpt>
      <trkpt lat="48.536940" lon="-121.129549">
        <ele>2535.0</ele>
        <time>2023-07-01T20:35:00Z</time>
      </trkpt>
      <trkpt lat="48.536982" lon="-121.129577">
        <ele>2541.0</ele>
        <time>2023-07-01T20:35:50Z</time>
      </trkpt>
      <trkpt lat="48.537059" lon="-121.129733">
        <ele>2549.0</ele>
        <time>2023-07-01T20:38:17Z</time>
      </trkpt>
      <trkpt lat="48.537126" lon="-121.129896">
        <ele>2558.0</ele>
        <time>2023-07-01T20:40:47Z</time>
      </trkpt>
      <trkpt lat="48.537177" lon="-121.130052">
        <ele>2564.0</ele>
        <time>2023-07-01T20:42:27Z</time>
      </trkpt>
      <trkpt lat="48.537205" lon="-121.130107">
        <ele>2565.0</ele>
        <time>2023-07-01T20:42:54Z</time>
      </trkpt>
      <trkpt lat="48.537237" lon="-121.130287">
        <ele>2568.0</ele>
        <time>2023-07-01T20:43:39Z</time>
      </trkpt>
      <trkpt lat="48.537229" lon="-121.130322">
        <ele>2574.0</ele>
        <time>2023-07-01T20:44:15Z</time>
      </trkpt>
      <trkpt lat="48.537260" lon="-121.130591">
        <ele>2582.0</ele>
        <time>2023-07-01T20:45:47Z</time>
      </trkpt>
      <trkpt lat="48.537289" lon="-121.130717">
        <ele>2586.0</ele>
        <time>2023-07-01T20:46:28Z</time>
      </trkpt>
      <trkpt lat="48.537309" lon="-121.130757">
        <ele>2587.0</ele>
        <time>2023-07-01T20:46:37Z</time>
      </trkpt>
      <trkpt lat="48.537347" lon="-121.131075">
        <ele>2592.0</ele>
        <time>2023-07-01T20:48:00Z</time>
      </trkpt>
      <trkpt lat="48.537414" lon="-121.131273">
        <ele>2602.0</ele>
        <time>2023-07-01T20:49:07Z</time>
      </trkpt>
      <trkpt lat="48.537492" lon="-121.131595">
        <ele>2610.0</ele>
        <time>2023-07-01T20:51:27Z</time>
      </trkpt>
      <trkpt lat="48.537517" lon="-121.131635">
        <ele>2615.0</ele>
        <time>2023-07-01T20:51:38Z</time>
      </trkpt>
      <trkpt lat="48.537560" lon="-121.131774">
        <ele>2620.0</ele>
        <time>2023-07-01T20:52:27Z</time>
      </trkpt>
      <trkpt lat="48.537711" lon="-121.132140">
        <ele>2634.1</ele>
        <time>2023-07-01T20:55:04Z</time>
      </trkpt>
      <trkpt lat="48.537747" lon="-121.132184">
        <ele>2632.0</ele>
        <time>2023-07-01T20:55:24Z</time>
      </trkpt>
      <trkpt lat="48.537875" lon="-121.132423">
        <ele>2642.0</ele>
        <time>2023-07-01T20:56:36Z</time>
      </trkpt>
      <trkpt lat="48.538012" lon="-121.132641">
        <ele>2649.0</ele>
        <time>2023-07-01T20:58:21Z</time>
      </trkpt>
      <trkpt lat="48.538103" lon="-121.132847">
        <ele>2660.0</ele>
        <time>2023-07-01T20:59:58Z</time>
      </trkpt>
      <trkpt lat="48.538128" lon="-121.132937">
        <ele>2664.0</ele>
        <time>2023-07-01T21:00:52Z</time>
      </trkpt>
      <trkpt lat="48.538113" lon="-121.133025">
        <ele>2666.0</ele>
        <time>2023-07-01T21:01:49Z</time>
      </trkpt>
      <trkpt lat="48.538085" lon="-121.133089">
        <ele>2670.0</ele>
        <time>2023-07-01T21:02:28Z</time>
      </trkpt>
      <trkpt lat="48.538008" lon="-121.133158">
        <ele>2667.0</ele>
        <time>2023-07-01T21:03:05Z</time>
      </trkpt>
      <trkpt lat="48.537976" lon="-121.133201">
        <ele>2674.0</ele>
        <time>2023-07-01T21:03:17Z</time>
      </trkpt>
      <trkpt lat="48.537883" lon="-121.133422">
        <ele>2682.0</ele>
        <time>2023-07-01T21:10:47Z</time>
      </trkpt>
      <trkpt lat="48.537936" lon="-121.133283">
        <ele>2680.0</ele>
        <time>2023-07-01T21:13:17Z</time>
      </trkpt>
      <trkpt lat="48.537996" lon="-121.133178">
        <ele>2660.0</ele>
        <time>2023-07-01T21:17:55Z</time>
      </trkpt>
      <trkpt lat="48.538034" lon="-121.133151">
        <ele>2670.0</ele>
        <time>2023-07-01T21:21:34Z</time>
      </trkpt>
      <trkpt lat="48.538099" lon="-121.133075">
        <ele>2672.0</ele>
        <time>2023-07-01T21:23:01Z</time>
      </trkpt>
      <trkpt lat="48.538128" lon="-121.132974">
        <ele>2669.0</ele>
        <time>2023-07-01T21:24:00Z</time>
      </trkpt>
      <trkpt lat="48.538100" lon="-121.132889">
        <ele>2668.0</ele>
        <time>2023-07-01T21:24:44Z</time>
      </trkpt>
      <trkpt lat="48.538037" lon="-121.132762">
        <ele>2662.0</ele>
        <time>2023-07-01T21:25:36Z</time>
      </trkpt>
      <trkpt lat="48.538007" lon="-121.132678">
        <ele>2660.0</ele>
        <time>2023-07-01T21:26:03Z</time>
      </trkpt>
      <trkpt lat="48.537728" lon="-121.132237">
        <ele>2648.0</ele>
        <time>2023-07-01T21:32:45Z</time>
      </trkpt>
      <trkpt lat="48.537719" lon="-121.132195">
        <ele>2645.0</ele>
        <time>2023-07-01T21:33:11Z</time>
      </trkpt>
      <trkpt lat="48.537569" lon="-121.131891">
        <ele>2632.0</ele>
        <time>2023-07-01T21:34:14Z</time>
      </trkpt>
      <trkpt lat="48.537529" lon="-121.131698">
        <ele>2619.0</ele>
        <time>2023-07-01T21:34:44Z</time>
      </trkpt>
      <trkpt lat="48.537364" lon="-121.131141">
        <ele>2596.0</ele>
        <time>2023-07-01T21:36:00Z</time>
      </trkpt>
      <trkpt lat="48.537297" lon="-121.130749">
        <ele>2581.0</ele>
        <time>2023-07-01T21:36:47Z</time>
      </trkpt>
      <trkpt lat="48.537250" lon="-121.130550">
        <ele>2574.0</ele>
        <time>2023-07-01T21:37:14Z</time>
      </trkpt>
      <trkpt lat="48.537242" lon="-121.130426">
        <ele>2571.0</ele>
        <time>2023-07-01T21:37:26Z</time>
      </trkpt>
      <trkpt lat="48.537231" lon="-121.130388">
        <ele>2570.0</ele>
        <time>2023-07-01T21:37:29Z</time>
      </trkpt>
      <trkpt lat="48.537238" lon="-121.130225">
        <ele>2570.0</ele>
        <time>2023-07-01T21:46:00Z</time>
      </trkpt>
      <trkpt lat="48.537211" lon="-121.130114">
        <ele>2572.0</ele>
        <time>2023-07-01T21:46:25Z</time>
      </trkpt>
      <trkpt lat="48.537099" lon="-121.129797">
        <ele>2556.0</ele>
        <time>2023-07-01T21:48:54Z</time>
      </trkpt>
      <trkpt lat="48.536980" lon="-121.129563">
        <ele>2542.0</ele>
        <time>2023-07-01T21:50:35Z</time>
      </trkpt>
      <trkpt lat="48.536955" lon="-121.129564">
        <ele>2540.0</ele>
        <time>2023-07-01T21:50:50Z</time>
      </trkpt>
      <trkpt lat="48.536918" lon="-121.129447">
        <ele>2536.0</ele>
        <time>2023-07-01T21:51:24Z</time>
      </trkpt>
      <trkpt lat="48.536863" lon="-121.129321">
        <ele>2525.0</ele>
        <time>2023-07-01T21:52:24Z</time>
      </trkpt>
      <trkpt lat="48.536856" lon="-121.129075">
        <ele>2519.8</ele>
        <time>2023-07-01T21:53:10Z</time>
      </trkpt>
      <trkpt lat="48.536788" lon="-121.128618">
        <ele>2502.0</ele>
        <time>2023-07-01T21:54:45Z</time>
      </trkpt>
      <trkpt lat="48.536793" lon="-121.128551">
        <ele>2496.0</ele>
        <time>2023-07-01T21:56:01Z</time>
      </trkpt>
      <trkpt lat="48.536764" lon="-121.128480">
        <ele>2500.0</ele>
        <time>2023-07-01T21:57:05Z</time>
      </trkpt>
      <trkpt lat="48.536749" lon="-121.128380">
        <ele>2494.0</ele>
        <time>2023-07-01T21:58:11Z</time>
      </trkpt>
      <trkpt lat="48.536844" lon="-121.128380">
        <ele>2493.0</ele>
        <time>2023-07-01T21:58:42Z</time>
      </trkpt>
      <trkpt lat="48.536852" lon="-121.128278">
        <ele>2492.0</ele>
        <time>2023-07-01T21:58:55Z</time>
      </trkpt>
      <trkpt lat="48.536778" lon="-121.127873">
        <ele>2475.0</ele>
        <time>2023-07-01T22:00:00Z</time>
      </trkpt>
      <trkpt lat="48.536774" lon="-121.127769">
        <ele>2478.0</ele>
        <time>2023-07-01T22:00:21Z</time>
      </trkpt>
      <trkpt lat="48.536704" lon="-121.127401">
        <ele>2464.0</ele>
        <time>2023-07-01T22:01:15Z</time>
      </trkpt>
      <trkpt lat="48.536617" lon="-121.127246">
        <ele>2460.0</ele>
        <time>2023-07-01T22:01:39Z</time>
      </trkpt>
      <trkpt lat="48.536611" lon="-121.127071">
        <ele>2455.0</ele>
        <time>2023-07-01T22:02:14Z</time>
      </trkpt>
      <trkpt lat="48.536513" lon="-121.126850">
        <ele>2447.0</ele>
        <time>2023-07-01T22:03:06Z</time>
      </trkpt>
      <trkpt lat="48.536514" lon="-121.126807">
        <ele>2445.0</ele>
        <time>2023-07-01T22:03:10Z</time>
      </trkpt>
      <trkpt lat="48.536473" lon="-121.126562">
        <ele>2438.0</ele>
        <time>2023-07-01T22:03:54Z</time>
      </trkpt>
      <trkpt lat="48.536424" lon="-121.126412">
        <ele>2432.0</ele>
        <time>2023-07-01T22:04:31Z</time>
      </trkpt>
      <trkpt lat="48.536406" lon="-121.126312">
        <ele>2430.0</ele>
        <time>2023-07-01T22:04:44Z</time>
      </trkpt>
      <trkpt lat="48.536365" lon="-121.125980">
        <ele>2420.0</ele>
        <time>2023-07-01T22:05:47Z</time>
      </trkpt>
      <trkpt lat="48.536359" lon="-121.125870">
        <ele>2416.0</ele>
        <time>2023-07-01T22:05:57Z</time>
      </trkpt>
      <trkpt lat="48.536367" lon="-121.125836">
        <ele>2415.0</ele>
        <time>2023-07-01T22:06:01Z</time>
      </trkpt>
      <trkpt lat="48.536338" lon="-121.125512">
        <ele>2406.0</ele>
        <time>2023-07-01T22:06:43Z</time>
      </trkpt>
      <trkpt lat="48.536360" lon="-121.125311">
        <ele>2400.0</ele>
        <time>2023-07-01T22:07:35Z</time>
      </trkpt>
      <trkpt lat="48.536314" lon="-121.125163">
        <ele>2396.0</ele>
        <time>2023-07-01T22:07:53Z</time>
      </trkpt>
      <trkpt lat="48.536212" lon="-121.125069">
        <ele>2390.0</ele>
        <time>2023-07-01T22:08:12Z</time>
      </trkpt>
      <trkpt lat="48.536195" lon="-121.124997">
        <ele>2388.0</ele>
        <time>2023-07-01T22:08:24Z</time>
      </trkpt>
      <trkpt lat="48.536217" lon="-121.124807">
        <ele>2388.0</ele>
        <time>2023-07-01T22:08:39Z</time>
      </trkpt>
      <trkpt lat="48.536215" lon="-121.124623">
        <ele>2386.0</ele>
        <time>2023-07-01T22:08:54Z</time>
      </trkpt>
      <trkpt lat="48.536200" lon="-121.124569">
        <ele>2387.0</ele>
        <time>2023-07-01T22:08:59Z</time>
      </trkpt>
      <trkpt lat="48.536200" lon="-121.124446">
        <ele>2383.0</ele>
        <time>2023-07-01T22:09:44Z</time>
      </trkpt>
      <trkpt lat="48.536148" lon="-121.124223">
        <ele>2376.0</ele>
        <time>2023-07-01T22:10:05Z</time>
      </trkpt>
      <trkpt lat="48.536104" lon="-121.124131">
        <ele>2376.0</ele>
        <time>2023-07-01T22:10:16Z</time>
      </trkpt>
      <trkpt lat="48.536001" lon="-121.123794">
        <ele>2368.0</ele>
        <time>2023-07-01T22:10:55Z</time>
      </trkpt>
      <trkpt lat="48.535985" lon="-121.123676">
        <ele>2366.0</ele>
        <time>2023-07-01T22:11:25Z</time>
      </trkpt>
      <trkpt lat="48.535930" lon="-121.123490">
        <ele>2360.0</ele>
        <time>2023-07-01T22:12:02Z</time>
      </trkpt>
      <trkpt lat="48.535922" lon="-121.123402">
        <ele>2358.0</ele>
        <time>2023-07-01T22:12:14Z</time>
      </trkpt>
      <trkpt lat="48.535871" lon="-121.123259">
        <ele>2349.0</ele>
        <time>2023-07-01T22:12:37Z</time>
      </trkpt>
      <trkpt lat="48.535737" lon="-121.122965">
        <ele>2338.0</ele>
        <time>2023-07-01T22:13:54Z</time>
      </trkpt>
      <trkpt lat="48.535685" lon="-121.122907">
        <ele>2325.0</ele>
        <time>2023-07-01T22:14:20Z</time>
      </trkpt>
      <trkpt lat="48.535568" lon="-121.122885">
        <ele>2328.0</ele>
        <time>2023-07-01T22:14:51Z</time>
      </trkpt>
      <trkpt lat="48.535470" lon="-121.122943">
        <ele>2325.0</ele>
        <time>2023-07-01T22:15:05Z</time>
      </trkpt>
      <trkpt lat="48.535336" lon="-121.123070">
        <ele>2325.0</ele>
        <time>2023-07-01T22:15:26Z</time>
      </trkpt>
      <trkpt lat="48.535280" lon="-121.123141">
        <ele>2324.0</ele>
        <time>2023-07-01T22:15:35Z</time>
      </trkpt>
      <trkpt lat="48.535023" lon="-121.123415">
        <ele>2318.0</ele>
        <time>2023-07-01T22:16:24Z</time>
      </trkpt>
      <trkpt lat="48.535026" lon="-121.123494">
        <ele>2317.0</ele>
        <time>2023-07-01T22:16:31Z</time>
      </trkpt>
      <trkpt lat="48.535008" lon="-121.123558">
        <ele>2316.0</ele>
        <time>2023-07-01T22:16:36Z</time>
      </trkpt>
      <trkpt lat="48.534935" lon="-121.123744">
        <ele>2316.0</ele>
        <time>2023-07-01T22:16:57Z</time>
      </trkpt>
      <trkpt lat="48.534903" lon="-121.123782">
        <ele>2317.0</ele>
        <time>2023-07-01T22:17:14Z</time>
      </trkpt>
      <trkpt lat="48.534877" lon="-121.123852">
        <ele>2316.0</ele>
        <time>2023-07-01T22:17:38Z</time>
      </trkpt>
      <trkpt lat="48.534822" lon="-121.123945">
        <ele>2316.0</ele>
        <time>2023-07-01T22:17:49Z</time>
      </trkpt>
      <trkpt lat="48.534708" lon="-121.124056">
        <ele>2312.0</ele>
        <time>2023-07-01T22:18:10Z</time>
      </trkpt>
      <trkpt lat="48.534679" lon="-121.124069">
        <ele>2310.0</ele>
        <time>2023-07-01T22:18:15Z</time>
      </trkpt>
      <trkpt lat="48.534605" lon="-121.124140">
        <ele>2305.0</ele>
        <time>2023-07-01T22:18:29Z</time>
      </trkpt>
      <trkpt lat="48.534520" lon="-121.124191">
        <ele>2305.0</ele>
        <time>2023-07-01T22:18:46Z</time>
      </trkpt>
      <trkpt lat="48.534453" lon="-121.124251">
        <ele>2302.0</ele>
        <time>2023-07-01T22:18:58Z</time>
      </trkpt>
      <trkpt lat="48.534292" lon="-121.124344">
        <ele>2296.0</ele>
        <time>2023-07-01T22:19:25Z</time>
      </trkpt>
      <trkpt lat="48.534258" lon="-121.124348">
        <ele>2293.0</ele>
        <time>2023-07-01T22:19:30Z</time>
      </trkpt>
      <trkpt lat="48.534113" lon="-121.124408">
        <ele>2290.0</ele>
        <time>2023-07-01T22:19:58Z</time>
      </trkpt>
      <trkpt lat="48.534085" lon="-121.124435">
        <ele>2292.0</ele>
        <time>2023-07-01T22:20:02Z</time>
      </trkpt>
      <trkpt lat="48.533923" lon="-121.124473">
        <ele>2288.0</ele>
        <time>2023-07-01T22:20:24Z</time>
      </trkpt>
      <trkpt lat="48.533697" lon="-121.124587">
        <ele>2286.0</ele>
        <time>2023-07-01T22:20:53Z</time>
      </trkpt>
      <trkpt lat="48.533580" lon="-121.124618">
        <ele>2280.0</ele>
        <time>2023-07-01T22:21:10Z</time>
      </trkpt>
      <trkpt lat="48.533500" lon="-121.124650">
        <ele>2282.0</ele>
        <time>2023-07-01T22:21:24Z</time>
      </trkpt>
      <trkpt lat="48.533458" lon="-121.124641">
        <ele>2280.0</ele>
        <time>2023-07-01T22:21:40Z</time>
      </trkpt>
      <trkpt lat="48.533266" lon="-121.124675">
        <ele>2279.0</ele>
        <time>2023-07-01T22:22:00Z</time>
      </trkpt>
      <trkpt lat="48.533087" lon="-121.124681">
        <ele>2277.6</ele>
        <time>2023-07-01T22:22:19Z</time>
      </trkpt>
      <trkpt lat="48.532923" lon="-121.124666">
        <ele>2275.0</ele>
        <time>2023-07-01T22:22:38Z</time>
      </trkpt>
      <trkpt lat="48.532592" lon="-121.124743">
        <ele>2270.0</ele>
        <time>2023-07-01T22:23:24Z</time>
      </trkpt>
      <trkpt lat="48.532563" lon="-121.124725">
        <ele>2268.0</ele>
        <time>2023-07-01T22:23:30Z</time>
      </trkpt>
      <trkpt lat="48.532524" lon="-121.124741">
        <ele>2270.0</ele>
        <time>2023-07-01T22:23:35Z</time>
      </trkpt>
      <trkpt lat="48.532453" lon="-121.124747">
        <ele>2272.0</ele>
        <time>2023-07-01T22:23:48Z</time>
      </trkpt>
      <trkpt lat="48.532402" lon="-121.124736">
        <ele>2271.9</ele>
        <time>2023-07-01T22:23:55Z</time>
      </trkpt>
      <trkpt lat="48.532388" lon="-121.124719">
        <ele>2271.0</ele>
        <time>2023-07-01T22:23:57Z</time>
      </trkpt>
      <trkpt lat="48.532286" lon="-121.124714">
        <ele>2269.0</ele>
        <time>2023-07-01T22:24:10Z</time>
      </trkpt>
      <trkpt lat="48.532172" lon="-121.124720">
        <ele>2268.0</ele>
        <time>2023-07-01T22:24:27Z</time>
      </trkpt>
      <trkpt lat="48.532105" lon="-121.124736">
        <ele>2270.0</ele>
        <time>2023-07-01T22:24:36Z</time>
      </trkpt>
      <trkpt lat="48.532038" lon="-121.124730">
        <ele>2272.0</ele>
        <time>2023-07-01T22:24:44Z</time>
      </trkpt>
      <trkpt lat="48.531724" lon="-121.124662">
        <ele>2270.0</ele>
        <time>2023-07-01T22:25:34Z</time>
      </trkpt>
      <trkpt lat="48.531589" lon="-121.124656">
        <ele>2270.0</ele>
        <time>2023-07-01T22:25:55Z</time>
      </trkpt>
      <trkpt lat="48.531465" lon="-121.124605">
        <ele>2270.0</ele>
        <time>2023-07-01T22:26:17Z</time>
      </trkpt>
      <trkpt lat="48.531242" lon="-121.124545">
        <ele>2268.0</ele>
        <time>2023-07-01T22:26:49Z</time>
      </trkpt>
      <trkpt lat="48.531183" lon="-121.124504">
        <ele>2268.0</ele>
        <time>2023-07-01T22:26:59Z</time>
      </trkpt>
      <trkpt lat="48.530983" lon="-121.124408">
        <ele>2270.0</ele>
        <time>2023-07-01T22:27:34Z</time>
      </trkpt>
      <trkpt lat="48.530910" lon="-121.124407">
        <ele>2270.0</ele>
        <time>2023-07-01T22:27:45Z</time>
      </trkpt>
      <trkpt lat="48.530786" lon="-121.124369">
        <ele>2274.0</ele>
        <time>2023-07-01T22:28:05Z</time>
      </trkpt>
      <trkpt lat="48.530755" lon="-121.124350">
        <ele>2274.6</ele>
        <time>2023-07-01T22:28:10Z</time>
      </trkpt>
      <trkpt lat="48.530683" lon="-121.124339">
        <ele>2274.0</ele>
        <time>2023-07-01T22:29:00Z</time>
      </trkpt>
      <trkpt lat="48.530451" lon="-121.124270">
        <ele>2276.0</ele>
        <time>2023-07-01T22:29:44Z</time>
      </trkpt>
      <trkpt lat="48.530321" lon="-121.124217">
        <ele>2275.0</ele>
        <time>2023-07-01T22:30:16Z</time>
      </trkpt>
      <trkpt lat="48.530157" lon="-121.124121">
        <ele>2280.0</ele>
        <time>2023-07-01T22:31:02Z</time>
      </trkpt>
      <trkpt lat="48.530062" lon="-121.124043">
        <ele>2286.0</ele>
        <time>2023-07-01T22:31:25Z</time>
      </trkpt>
      <trkpt lat="48.530026" lon="-121.124044">
        <ele>2283.0</ele>
        <time>2023-07-01T22:32:28Z</time>
      </trkpt>
      <trkpt lat="48.529843" lon="-121.124000">
        <ele>2283.0</ele>
        <time>2023-07-01T22:39:01Z</time>
      </trkpt>
      <trkpt lat="48.529778" lon="-121.124010">
        <ele>2281.0</ele>
        <time>2023-07-01T22:39:06Z</time>
      </trkpt>
      <trkpt lat="48.529707" lon="-121.123985">
        <ele>2280.0</ele>
        <time>2023-07-01T22:39:14Z</time>
      </trkpt>
      <trkpt lat="48.529665" lon="-121.123981">
        <ele>2280.0</ele>
        <time>2023-07-01T22:39:18Z</time>
      </trkpt>
      <trkpt lat="48.529594" lon="-121.123981">
        <ele>2280.0</ele>
        <time>2023-07-01T22:39:26Z</time>
      </trkpt>
      <trkpt lat="48.529491" lon="-121.123996">
        <ele>2280.0</ele>
        <time>2023-07-01T22:39:39Z</time>
      </trkpt>
      <trkpt lat="48.529445" lon="-121.123987">
        <ele>2280.0</ele>
        <time>2023-07-01T22:39:44Z</time>
      </trkpt>
      <trkpt lat="48.529378" lon="-121.124013">
        <ele>2280.0</ele>
        <time>2023-07-01T22:39:52Z</time>
      </trkpt>
      <trkpt lat="48.529343" lon="-121.124013">
        <ele>2280.0</ele>
        <time>2023-07-01T22:39:56Z</time>
      </trkpt>
      <trkpt lat="48.529276" lon="-121.124045">
        <ele>2280.0</ele>
        <time>2023-07-01T22:40:07Z</time>
      </trkpt>
      <trkpt lat="48.529124" lon="-121.124065">
        <ele>2278.0</ele>
        <time>2023-07-01T22:40:22Z</time>
      </trkpt>
      <trkpt lat="48.529005" lon="-121.124111">
        <ele>2280.0</ele>
        <time>2023-07-01T22:40:34Z</time>
      </trkpt>
      <trkpt lat="48.528789" lon="-121.124256">
        <ele>2277.0</ele>
        <time>2023-07-01T22:41:01Z</time>
      </trkpt>
      <trkpt lat="48.528756" lon="-121.124267">
        <ele>2276.0</ele>
        <time>2023-07-01T22:41:04Z</time>
      </trkpt>
      <trkpt lat="48.528723" lon="-121.124262">
        <ele>2276.0</ele>
        <time>2023-07-01T22:41:08Z</time>
      </trkpt>
      <trkpt lat="48.528330" lon="-121.124432">
        <ele>2269.0</ele>
        <time>2023-07-01T22:42:02Z</time>
      </trkpt>
      <trkpt lat="48.528234" lon="-121.124457">
        <ele>2268.0</ele>
        <time>2023-07-01T22:42:14Z</time>
      </trkpt>
      <trkpt lat="48.527960" lon="-121.124502">
        <ele>2260.0</ele>
        <time>2023-07-01T22:42:57Z</time>
      </trkpt>
      <trkpt lat="48.527884" lon="-121.124498">
        <ele>2262.0</ele>
        <time>2023-07-01T22:43:06Z</time>
      </trkpt>
      <trkpt lat="48.527797" lon="-121.124479">
        <ele>2260.0</ele>
        <time>2023-07-01T22:43:16Z</time>
      </trkpt>
      <trkpt lat="48.527659" lon="-121.124467">
        <ele>2255.0</ele>
        <time>2023-07-01T22:43:33Z</time>
      </trkpt>
      <trkpt lat="48.527516" lon="-121.124410">
        <ele>2256.0</ele>
        <time>2023-07-01T22:43:59Z</time>
      </trkpt>
      <trkpt lat="48.527437" lon="-121.124353">
        <ele>2258.0</ele>
        <time>2023-07-01T22:44:09Z</time>
      </trkpt>
      <trkpt lat="48.527401" lon="-121.124292">
        <ele>2256.0</ele>
        <time>2023-07-01T22:44:25Z</time>
      </trkpt>
      <trkpt lat="48.527340" lon="-121.124242">
        <ele>2256.0</ele>
        <time>2023-07-01T22:44:31Z</time>
      </trkpt>
      <trkpt lat="48.527265" lon="-121.124138">
        <ele>2256.0</ele>
        <time>2023-07-01T22:44:44Z</time>
      </trkpt>
      <trkpt lat="48.527233" lon="-121.124108">
        <ele>2252.0</ele>
        <time>2023-07-01T22:44:53Z</time>
      </trkpt>
      <trkpt lat="48.527139" lon="-121.124057">
        <ele>2241.0</ele>
        <time>2023-07-01T22:45:14Z</time>
      </trkpt>
      <trkpt lat="48.526990" lon="-121.124042">
        <ele>2233.0</ele>
        <time>2023-07-01T22:45:47Z</time>
      </trkpt>
      <trkpt lat="48.526958" lon="-121.124022">
        <ele>2235.0</ele>
        <time>2023-07-01T22:45:52Z</time>
      </trkpt>
      <trkpt lat="48.526892" lon="-121.124006">
        <ele>2234.0</ele>
        <time>2023-07-01T22:46:00Z</time>
      </trkpt>
      <trkpt lat="48.526748" lon="-121.123941">
        <ele>2226.0</ele>
        <time>2023-07-01T22:46:24Z</time>
      </trkpt>
      <trkpt lat="48.526703" lon="-121.123942">
        <ele>2226.4</ele>
        <time>2023-07-01T22:46:31Z</time>
      </trkpt>
      <trkpt lat="48.526593" lon="-121.123906">
        <ele>2219.0</ele>
        <time>2023-07-01T22:47:03Z</time>
      </trkpt>
      <trkpt lat="48.526256" lon="-121.123897">
        <ele>2198.0</ele>
        <time>2023-07-01T22:48:02Z</time>
      </trkpt>
      <trkpt lat="48.526206" lon="-121.123880">
        <ele>2196.0</ele>
        <time>2023-07-01T22:48:18Z</time>
      </trkpt>
      <trkpt lat="48.526171" lon="-121.123882">
        <ele>2192.0</ele>
        <time>2023-07-01T22:48:23Z</time>
      </trkpt>
      <trkpt lat="48.526109" lon="-121.123858">
        <ele>2190.0</ele>
        <time>2023-07-01T22:48:32Z</time>
      </trkpt>
      <trkpt lat="48.525862" lon="-121.123845">
        <ele>2178.0</ele>
        <time>2023-07-01T22:49:11Z</time>
      </trkpt>
      <trkpt lat="48.525651" lon="-121.123735">
        <ele>2166.0</ele>
        <time>2023-07-01T22:49:38Z</time>
      </trkpt>
      <trkpt lat="48.525617" lon="-121.123680">
        <ele>2165.0</ele>
        <time>2023-07-01T22:49:44Z</time>
      </trkpt>
      <trkpt lat="48.525495" lon="-121.123571">
        <ele>2160.0</ele>
        <time>2023-07-01T22:50:01Z</time>
      </trkpt>
      <trkpt lat="48.525391" lon="-121.123542">
        <ele>2157.0</ele>
        <time>2023-07-01T22:50:12Z</time>
      </trkpt>
      <trkpt lat="48.525341" lon="-121.123500">
        <ele>2156.0</ele>
        <time>2023-07-01T22:50:19Z</time>
      </trkpt>
      <trkpt lat="48.525205" lon="-121.123508">
        <ele>2150.0</ele>
        <time>2023-07-01T22:50:34Z</time>
      </trkpt>
      <trkpt lat="48.525129" lon="-121.123442">
        <ele>2145.0</ele>
        <time>2023-07-01T22:50:45Z</time>
      </trkpt>
      <trkpt lat="48.525007" lon="-121.123364">
        <ele>2142.0</ele>
        <time>2023-07-01T22:51:02Z</time>
      </trkpt>
      <trkpt lat="48.524948" lon="-121.123341">
        <ele>2139.0</ele>
        <time>2023-07-01T22:51:10Z</time>
      </trkpt>
      <trkpt lat="48.524931" lon="-121.123307">
        <ele>2138.0</ele>
        <time>2023-07-01T22:51:13Z</time>
      </trkpt>
      <trkpt lat="48.524712" lon="-121.123201">
        <ele>2124.0</ele>
        <time>2023-07-01T22:51:50Z</time>
      </trkpt>
      <trkpt lat="48.524556" lon="-121.123151">
        <ele>2118.0</ele>
        <time>2023-07-01T22:52:15Z</time>
      </trkpt>
      <trkpt lat="48.524429" lon="-121.123089">
        <ele>2112.0</ele>
        <time>2023-07-01T22:52:33Z</time>
      </trkpt>
      <trkpt lat="48.524354" lon="-121.123018">
        <ele>2105.0</ele>
        <time>2023-07-01T22:52:45Z</time>
      </trkpt>
      <trkpt lat="48.524236" lon="-121.122983">
        <ele>2095.0</ele>
        <time>2023-07-01T22:53:12Z</time>
      </trkpt>
      <trkpt lat="48.524203" lon="-121.122935">
        <ele>2095.0</ele>
        <time>2023-07-01T22:53:28Z</time>
      </trkpt>
      <trkpt lat="48.524129" lon="-121.122883">
        <ele>2088.0</ele>
        <time>2023-07-01T22:53:42Z</time>
      </trkpt>
      <trkpt lat="48.524084" lon="-121.122815">
        <ele>2088.0</ele>
        <time>2023-07-01T22:53:54Z</time>
      </trkpt>
      <trkpt lat="48.524021" lon="-121.122771">
        <ele>2084.0</ele>
        <time>2023-07-01T22:54:10Z</time>
      </trkpt>
      <trkpt lat="48.523989" lon="-121.122761">
        <ele>2084.0</ele>
        <time>2023-07-01T22:54:14Z</time>
      </trkpt>
      <trkpt lat="48.523911" lon="-121.122690">
        <ele>2080.0</ele>
        <time>2023-07-01T22:54:25Z</time>
      </trkpt>
      <trkpt lat="48.523849" lon="-121.122662">
        <ele>2075.0</ele>
        <time>2023-07-01T22:54:33Z</time>
      </trkpt>
      <trkpt lat="48.523654" lon="-121.122465">
        <ele>2064.0</ele>
        <time>2023-07-01T22:55:17Z</time>
      </trkpt>
      <trkpt lat="48.523589" lon="-121.122468">
        <ele>2060.0</ele>
        <time>2023-07-01T22:55:27Z</time>
      </trkpt>
      <trkpt lat="48.523440" lon="-121.122427">
        <ele>2056.0</ele>
        <time>2023-07-01T22:55:51Z</time>
      </trkpt>
      <trkpt lat="48.523393" lon="-121.122375">
        <ele>2050.0</ele>
        <time>2023-07-01T22:55:59Z</time>
      </trkpt>
      <trkpt lat="48.523311" lon="-121.122328">
        <ele>2046.0</ele>
        <time>2023-07-01T22:56:16Z</time>
      </trkpt>
      <trkpt lat="48.523271" lon="-121.122290">
        <ele>2044.0</ele>
        <time>2023-07-01T22:56:24Z</time>
      </trkpt>
      <trkpt lat="48.523200" lon="-121.122243">
        <ele>2043.0</ele>
        <time>2023-07-01T22:57:28Z</time>
      </trkpt>
      <trkpt lat="48.523023" lon="-121.122224">
        <ele>2036.0</ele>
        <time>2023-07-01T22:58:19Z</time>
      </trkpt>
      <trkpt lat="48.522962" lon="-121.122202">
        <ele>2035.0</ele>
        <time>2023-07-01T22:58:29Z</time>
      </trkpt>
      <trkpt lat="48.522829" lon="-121.122224">
        <ele>2033.0</ele>
        <time>2023-07-01T22:58:45Z</time>
      </trkpt>
      <trkpt lat="48.522798" lon="-121.122213">
        <ele>2032.0</ele>
        <time>2023-07-01T22:58:49Z</time>
      </trkpt>
      <trkpt lat="48.522623" lon="-121.122223">
        <ele>2029.0</ele>
        <time>2023-07-01T22:59:08Z</time>
      </trkpt>
      <trkpt lat="48.522496" lon="-121.122271">
        <ele>2025.0</ele>
        <time>2023-07-01T22:59:29Z</time>
      </trkpt>
      <trkpt lat="48.522417" lon="-121.122240">
        <ele>2024.0</ele>
        <time>2023-07-01T22:59:45Z</time>
      </trkpt>
      <trkpt lat="48.522227" lon="-121.122196">
        <ele>2017.0</ele>
        <time>2023-07-01T23:00:23Z</time>
      </trkpt>
      <trkpt lat="48.522152" lon="-121.122162">
        <ele>2016.0</ele>
        <time>2023-07-01T23:00:33Z</time>
      </trkpt>
      <trkpt lat="48.522122" lon="-121.122131">
        <ele>2016.4</ele>
        <time>2023-07-01T23:00:39Z</time>
      </trkpt>
      <trkpt lat="48.522072" lon="-121.122107">
        <ele>2012.0</ele>
        <time>2023-07-01T23:00:46Z</time>
      </trkpt>
      <trkpt lat="48.521970" lon="-121.122002">
        <ele>2010.0</ele>
        <time>2023-07-01T23:00:59Z</time>
      </trkpt>
      <trkpt lat="48.521882" lon="-121.121961">
        <ele>2010.0</ele>
        <time>2023-07-01T23:01:09Z</time>
      </trkpt>
      <trkpt lat="48.521843" lon="-121.121920">
        <ele>2008.0</ele>
        <time>2023-07-01T23:01:15Z</time>
      </trkpt>
      <trkpt lat="48.521767" lon="-121.121871">
        <ele>2008.0</ele>
        <time>2023-07-01T23:01:24Z</time>
      </trkpt>
      <trkpt lat="48.521734" lon="-121.121829">
        <ele>2008.3</ele>
        <time>2023-07-01T23:01:29Z</time>
      </trkpt>
      <trkpt lat="48.521665" lon="-121.121774">
        <ele>2004.0</ele>
        <time>2023-07-01T23:01:39Z</time>
      </trkpt>
      <trkpt lat="48.521585" lon="-121.121730">
        <ele>2004.0</ele>
        <time>2023-07-01T23:01:50Z</time>
      </trkpt>
      <trkpt lat="48.521489" lon="-121.121705">
        <ele>2000.0</ele>
        <time>2023-07-01T23:02:03Z</time>
      </trkpt>
      <trkpt lat="48.521407" lon="-121.121725">
        <ele>1997.0</ele>
        <time>2023-07-01T23:02:13Z</time>
      </trkpt>
      <trkpt lat="48.521344" lon="-121.121755">
        <ele>1995.0</ele>
        <time>2023-07-01T23:02:21Z</time>
      </trkpt>
      <trkpt lat="48.521106" lon="-121.121700">
        <ele>1986.0</ele>
        <time>2023-07-01T23:02:58Z</time>
      </trkpt>
      <trkpt lat="48.521068" lon="-121.121700">
        <ele>1984.0</ele>
        <time>2023-07-01T23:03:02Z</time>
      </trkpt>
      <trkpt lat="48.521042" lon="-121.121680">
        <ele>1985.0</ele>
        <time>2023-07-01T23:03:04Z</time>
      </trkpt>
      <trkpt lat="48.520970" lon="-121.121658">
        <ele>1982.0</ele>
        <time>2023-07-01T23:03:12Z</time>
      </trkpt>
      <trkpt lat="48.520934" lon="-121.121666">
        <ele>1980.0</ele>
        <time>2023-07-01T23:03:16Z</time>
      </trkpt>
      <trkpt lat="48.520897" lon="-121.121647">
        <ele>1980.0</ele>
        <time>2023-07-01T23:03:20Z</time>
      </trkpt>
      <trkpt lat="48.520787" lon="-121.121618">
        <ele>1976.0</ele>
        <time>2023-07-01T23:03:30Z</time>
      </trkpt>
      <trkpt lat="48.520723" lon="-121.121625">
        <ele>1977.0</ele>
        <time>2023-07-01T23:03:36Z</time>
      </trkpt>
      <trkpt lat="48.520696" lon="-121.121601">
        <ele>1977.0</ele>
        <time>2023-07-01T23:03:39Z</time>
      </trkpt>
      <trkpt lat="48.520665" lon="-121.121607">
        <ele>1977.0</ele>
        <time>2023-07-01T23:03:43Z</time>
      </trkpt>
      <trkpt lat="48.520618" lon="-121.121558">
        <ele>1968.0</ele>
        <time>2023-07-01T23:04:09Z</time>
      </trkpt>
      <trkpt lat="48.520584" lon="-121.121554">
        <ele>1961.0</ele>
        <time>2023-07-01T23:04:23Z</time>
      </trkpt>
      <trkpt lat="48.520519" lon="-121.121575">
        <ele>1963.0</ele>
        <time>2023-07-01T23:04:44Z</time>
      </trkpt>
      <trkpt lat="48.520448" lon="-121.121643">
        <ele>1959.0</ele>
        <time>2023-07-01T23:04:57Z</time>
      </trkpt>
      <trkpt lat="48.520411" lon="-121.121650">
        <ele>1959.0</ele>
        <time>2023-07-01T23:05:02Z</time>
      </trkpt>
      <trkpt lat="48.520389" lon="-121.121671">
        <ele>1956.0</ele>
        <time>2023-07-01T23:05:08Z</time>
      </trkpt>
      <trkpt lat="48.520312" lon="-121.121703">
        <ele>1953.0</ele>
        <time>2023-07-01T23:05:38Z</time>
      </trkpt>
      <trkpt lat="48.520288" lon="-121.121882">
        <ele>1950.0</ele>
        <time>2023-07-01T23:06:24Z</time>
      </trkpt>
      <trkpt lat="48.520263" lon="-121.121909">
        <ele>1950.9</ele>
        <time>2023-07-01T23:06:29Z</time>
      </trkpt>
      <trkpt lat="48.520267" lon="-121.121927">
        <ele>1948.0</ele>
        <time>2023-07-01T23:06:33Z</time>
      </trkpt>
      <trkpt lat="48.520295" lon="-121.121941">
        <ele>1946.0</ele>
        <time>2023-07-01T23:06:45Z</time>
      </trkpt>
      <trkpt lat="48.520311" lon="-121.121981">
        <ele>1946.0</ele>
        <time>2023-07-01T23:06:55Z</time>
      </trkpt>
      <trkpt lat="48.520271" lon="-121.122054">
        <ele>1945.0</ele>
        <time>2023-07-01T23:07:05Z</time>
      </trkpt>
      <trkpt lat="48.520190" lon="-121.122096">
        <ele>1944.0</ele>
        <time>2023-07-01T23:07:21Z</time>
      </trkpt>
      <trkpt lat="48.520160" lon="-121.122102">
        <ele>1944.0</ele>
        <time>2023-07-01T23:07:27Z</time>
      </trkpt>
      <trkpt lat="48.520129" lon="-121.122089">
        <ele>1938.0</ele>
        <time>2023-07-01T23:07:33Z</time>
      </trkpt>
      <trkpt lat="48.520065" lon="-121.121996">
        <ele>1936.0</ele>
        <time>2023-07-01T23:08:09Z</time>
      </trkpt>
      <trkpt lat="48.520044" lon="-121.121802">
        <ele>1935.0</ele>
        <time>2023-07-01T23:08:38Z</time>
      </trkpt>
      <trkpt lat="48.520052" lon="-121.121766">
        <ele>1935.0</ele>
        <time>2023-07-01T23:08:42Z</time>
      </trkpt>
      <trkpt lat="48.520025" lon="-121.121669">
        <ele>1935.0</ele>
        <time>2023-07-01T23:08:55Z</time>
      </trkpt>
      <trkpt lat="48.519979" lon="-121.121565">
        <ele>1932.0</ele>
        <time>2023-07-01T23:09:11Z</time>
      </trkpt>
      <trkpt lat="48.519928" lon="-121.121514">
        <ele>1932.0</ele>
        <time>2023-07-01T23:09:20Z</time>
      </trkpt>
      <trkpt lat="48.519700" lon="-121.121414">
        <ele>1932.0</ele>
        <time>2023-07-01T23:09:44Z</time>
      </trkpt>
      <trkpt lat="48.519642" lon="-121.121370">
        <ele>1932.0</ele>
        <time>2023-07-01T23:09:51Z</time>
      </trkpt>
      <trkpt lat="48.519598" lon="-121.121275">
        <ele>1929.0</ele>
        <time>2023-07-01T23:10:00Z</time>
      </trkpt>
      <trkpt lat="48.519432" lon="-121.121075">
        <ele>1920.0</ele>
        <time>2023-07-01T23:10:24Z</time>
      </trkpt>
      <trkpt lat="48.519381" lon="-121.120993">
        <ele>1920.0</ele>
        <time>2023-07-01T23:10:34Z</time>
      </trkpt>
      <trkpt lat="48.519344" lon="-121.120957">
        <ele>1917.0</ele>
        <time>2023-07-01T23:10:40Z</time>
      </trkpt>
      <trkpt lat="48.519269" lon="-121.120912">
        <ele>1908.0</ele>
        <time>2023-07-01T23:10:57Z</time>
      </trkpt>
      <trkpt lat="48.519246" lon="-121.120880">
        <ele>1912.0</ele>
        <time>2023-07-01T23:11:05Z</time>
      </trkpt>
      <trkpt lat="48.519091" lon="-121.120774">
        <ele>1912.0</ele>
        <time>2023-07-01T23:11:47Z</time>
      </trkpt>
      <trkpt lat="48.518953" lon="-121.120712">
        <ele>1908.0</ele>
        <time>2023-07-01T23:12:26Z</time>
      </trkpt>
      <trkpt lat="48.518931" lon="-121.120679">
        <ele>1909.0</ele>
        <time>2023-07-01T23:12:30Z</time>
      </trkpt>
      <trkpt lat="48.518758" lon="-121.120585">
        <ele>1908.0</ele>
        <time>2023-07-01T23:12:58Z</time>
      </trkpt>
      <trkpt lat="48.518735" lon="-121.120538">
        <ele>1911.5</ele>
        <time>2023-07-01T23:13:04Z</time>
      </trkpt>
      <trkpt lat="48.518629" lon="-121.120472">
        <ele>1906.0</ele>
        <time>2023-07-01T23:13:26Z</time>
      </trkpt>
      <trkpt lat="48.518502" lon="-121.120420">
        <ele>1906.0</ele>
        <time>2023-07-01T23:13:54Z</time>
      </trkpt>
      <trkpt lat="48.518404" lon="-121.120352">
        <ele>1904.0</ele>
        <time>2023-07-01T23:14:13Z</time>
      </trkpt>
      <trkpt lat="48.518095" lon="-121.120469">
        <ele>1900.0</ele>
        <time>2023-07-01T23:15:19Z</time>
      </trkpt>
      <trkpt lat="48.518008" lon="-121.120514">
        <ele>1898.0</ele>
        <time>2023-07-01T23:15:34Z</time>
      </trkpt>
      <trkpt lat="48.517807" lon="-121.120625">
        <ele>1891.0</ele>
        <time>2023-07-01T23:16:11Z</time>
      </trkpt>
      <trkpt lat="48.517648" lon="-121.120762">
        <ele>1884.0</ele>
        <time>2023-07-01T23:16:33Z</time>
      </trkpt>
      <trkpt lat="48.517582" lon="-121.120782">
        <ele>1881.0</ele>
        <time>2023-07-01T23:16:42Z</time>
      </trkpt>
      <trkpt lat="48.517515" lon="-121.120767">
        <ele>1880.0</ele>
        <time>2023-07-01T23:16:49Z</time>
      </trkpt>
      <trkpt lat="48.517416" lon="-121.120765">
        <ele>1881.0</ele>
        <time>2023-07-01T23:16:59Z</time>
      </trkpt>
      <trkpt lat="48.517390" lon="-121.120745">
        <ele>1880.0</ele>
        <time>2023-07-01T23:17:03Z</time>
      </trkpt>
      <trkpt lat="48.517297" lon="-121.120765">
        <ele>1879.0</ele>
        <time>2023-07-01T23:17:15Z</time>
      </trkpt>
      <trkpt lat="48.517254" lon="-121.120754">
        <ele>1875.0</ele>
        <time>2023-07-01T23:17:25Z</time>
      </trkpt>
      <trkpt lat="48.517066" lon="-121.120797">
        <ele>1873.0</ele>
        <time>2023-07-01T23:18:25Z</time>
      </trkpt>
      <trkpt lat="48.517024" lon="-121.120772">
        <ele>1872.0</ele>
        <time>2023-07-01T23:22:20Z</time>
      </trkpt>
      <trkpt lat="48.516971" lon="-121.120776">
        <ele>1871.0</ele>
        <time>2023-07-01T23:23:00Z</time>
      </trkpt>
      <trkpt lat="48.516905" lon="-121.120686">
        <ele>1872.0</ele>
        <time>2023-07-01T23:24:00Z</time>
      </trkpt>
      <trkpt lat="48.516904" lon="-121.120712">
        <ele>1874.2</ele>
        <time>2023-07-01T23:24:07Z</time>
      </trkpt>
      <trkpt lat="48.516899" lon="-121.120668">
        <ele>1871.0</ele>
        <time>2023-07-01T23:24:13Z</time>
      </trkpt>
      <trkpt lat="48.516887" lon="-121.120701">
        <ele>1872.0</ele>
        <time>2023-07-01T23:24:33Z</time>
      </trkpt>
      <trkpt lat="48.516823" lon="-121.120694">
        <ele>1872.0</ele>
        <time>2023-07-01T23:24:45Z</time>
      </trkpt>
      <trkpt lat="48.516751" lon="-121.120666">
        <ele>1869.0</ele>
        <time>2023-07-01T23:25:09Z</time>
      </trkpt>
      <trkpt lat="48.516726" lon="-121.120636">
        <ele>1866.0</ele>
        <time>2023-07-01T23:25:16Z</time>
      </trkpt>
      <trkpt lat="48.516639" lon="-121.120593">
        <ele>1864.0</ele>
        <time>2023-07-01T23:25:50Z</time>
      </trkpt>
      <trkpt lat="48.516635" lon="-121.120506">
        <ele>1867.0</ele>
        <time>2023-07-01T23:26:39Z</time>
      </trkpt>
      <trkpt lat="48.516674" lon="-121.120484">
        <ele>1872.0</ele>
        <time>2023-07-01T23:27:21Z</time>
      </trkpt>
      <trkpt lat="48.516682" lon="-121.120444">
        <ele>1870.0</ele>
        <time>2023-07-01T23:27:53Z</time>
      </trkpt>
      <trkpt lat="48.516705" lon="-121.120423">
        <ele>1876.0</ele>
        <time>2023-07-01T23:28:54Z</time>
      </trkpt>
      <trkpt lat="48.516728" lon="-121.120446">
        <ele>1880.7</ele>
        <time>2023-07-01T23:29:49Z</time>
      </trkpt>
      <trkpt lat="48.516712" lon="-121.120401">
        <ele>1882.0</ele>
        <time>2023-07-01T23:30:11Z</time>
      </trkpt>
      <trkpt lat="48.516743" lon="-121.120371">
        <ele>1886.0</ele>
        <time>2023-07-01T23:30:34Z</time>
      </trkpt>
      <trkpt lat="48.516739" lon="-121.120334">
        <ele>1888.0</ele>
        <time>2023-07-01T23:30:53Z</time>
      </trkpt>
      <trkpt lat="48.516757" lon="-121.120300">
        <ele>1884.0</ele>
        <time>2023-07-01T23:31:21Z</time>
      </trkpt>
      <trkpt lat="48.516777" lon="-121.120205">
        <ele>1894.0</ele>
        <time>2023-07-01T23:32:48Z</time>
      </trkpt>
      <trkpt lat="48.516850" lon="-121.120082">
        <ele>1904.0</ele>
        <time>2023-07-01T23:34:08Z</time>
      </trkpt>
      <trkpt lat="48.516827" lon="-121.120041">
        <ele>1898.0</ele>
        <time>2023-07-01T23:34:42Z</time>
      </trkpt>
      <trkpt lat="48.516809" lon="-121.120085">
        <ele>1902.0</ele>
        <time>2023-07-01T23:35:05Z</time>
      </trkpt>
      <trkpt lat="48.516758" lon="-121.120106">
        <ele>1906.0</ele>
        <time>2023-07-02T00:06:32Z</time>
      </trkpt>
      <trkpt lat="48.516779" lon="-121.120090">
        <ele>1911.0</ele>
        <time>2023-07-02T00:07:32Z</time>
      </trkpt>
      <trkpt lat="48.516826" lon="-121.120082">
        <ele>1912.0</ele>
        <time>2023-07-02T00:07:38Z</time>
      </trkpt>
      <trkpt lat="48.516888" lon="-121.119970">
        <ele>1910.0</ele>
        <time>2023-07-02T00:07:51Z</time>
      </trkpt>
      <trkpt lat="48.516880" lon="-121.119855">
        <ele>1909.0</ele>
        <time>2023-07-02T00:08:04Z</time>
      </trkpt>
      <trkpt lat="48.516893" lon="-121.119826">
        <ele>1904.0</ele>
        <time>2023-07-02T00:08:09Z</time>
      </trkpt>
      <trkpt lat="48.516879" lon="-121.119786">
        <ele>1900.0</ele>
        <time>2023-07-02T00:08:18Z</time>
      </trkpt>
      <trkpt lat="48.516857" lon="-121.119768">
        <ele>1905.0</ele>
        <time>2023-07-02T00:08:24Z</time>
      </trkpt>
      <trkpt lat="48.516858" lon="-121.119720">
        <ele>1905.0</ele>
        <time>2023-07-02T00:08:32Z</time>
      </trkpt>
      <trkpt lat="48.516893" lon="-121.119688">
        <ele>1904.0</ele>
        <time>2023-07-02T00:08:39Z</time>
      </trkpt>
      <trkpt lat="48.516912" lon="-121.119537">
        <ele>1897.0</ele>
        <time>2023-07-02T00:09:40Z</time>
      </trkpt>
      <trkpt lat="48.516895" lon="-121.119481">
        <ele>1896.0</ele>
        <time>2023-07-02T00:09:53Z</time>
      </trkpt>
      <trkpt lat="48.516907" lon="-121.119435">
        <ele>1894.0</ele>
        <time>2023-07-02T00:10:06Z</time>
      </trkpt>
      <trkpt lat="48.516904" lon="-121.119180">
        <ele>1881.0</ele>
        <time>2023-07-02T00:11:21Z</time>
      </trkpt>
      <trkpt lat="48.516869" lon="-121.119063">
        <ele>1880.0</ele>
        <time>2023-07-02T00:11:43Z</time>
      </trkpt>
      <trkpt lat="48.516782" lon="-121.118900">
        <ele>1872.0</ele>
        <time>2023-07-02T00:12:33Z</time>
      </trkpt>
      <trkpt lat="48.516723" lon="-121.118750">
        <ele>1868.0</ele>
        <time>2023-07-02T00:13:00Z</time>
      </trkpt>
      <trkpt lat="48.516612" lon="-121.118636">
        <ele>1863.0</ele>
        <time>2023-07-02T00:13:25Z</time>
      </trkpt>
      <trkpt lat="48.516537" lon="-121.118580">
        <ele>1856.0</ele>
        <time>2023-07-02T00:13:47Z</time>
      </trkpt>
      <trkpt lat="48.516507" lon="-121.118591">
        <ele>1855.0</ele>
        <time>2023-07-02T00:13:57Z</time>
      </trkpt>
      <trkpt lat="48.516468" lon="-121.118583">
        <ele>1854.0</ele>
        <time>2023-07-02T00:14:03Z</time>
      </trkpt>
      <trkpt lat="48.516438" lon="-121.118507">
        <ele>1854.0</ele>
        <time>2023-07-02T00:14:14Z</time>
      </trkpt>
      <trkpt lat="48.516378" lon="-121.118535">
        <ele>1850.0</ele>
        <time>2023-07-02T00:14:30Z</time>
      </trkpt>
      <trkpt lat="48.516327" lon="-121.118492">
        <ele>1845.0</ele>
        <time>2023-07-02T00:14:43Z</time>
      </trkpt>
      <trkpt lat="48.516294" lon="-121.118482">
        <ele>1845.0</ele>
        <time>2023-07-02T00:14:50Z</time>
      </trkpt>
      <trkpt lat="48.516258" lon="-121.118489">
        <ele>1845.0</ele>
        <time>2023-07-02T00:14:55Z</time>
      </trkpt>
      <trkpt lat="48.516211" lon="-121.118529">
        <ele>1844.0</ele>
        <time>2023-07-02T00:15:03Z</time>
      </trkpt>
      <trkpt lat="48.516109" lon="-121.118562">
        <ele>1839.0</ele>
        <time>2023-07-02T00:15:15Z</time>
      </trkpt>
      <trkpt lat="48.516078" lon="-121.118581">
        <ele>1838.0</ele>
        <time>2023-07-02T00:15:18Z</time>
      </trkpt>
      <trkpt lat="48.515971" lon="-121.118478">
        <ele>1830.0</ele>
        <time>2023-07-02T00:15:36Z</time>
      </trkpt>
      <trkpt lat="48.515871" lon="-121.118434">
        <ele>1832.0</ele>
        <time>2023-07-02T00:15:53Z</time>
      </trkpt>
      <trkpt lat="48.515826" lon="-121.118435">
        <ele>1832.0</ele>
        <time>2023-07-02T00:15:56Z</time>
      </trkpt>
      <trkpt lat="48.515741" lon="-121.118403">
        <ele>1828.0</ele>
        <time>2023-07-02T00:16:13Z</time>
      </trkpt>
      <trkpt lat="48.515693" lon="-121.118357">
        <ele>1825.0</ele>
        <time>2023-07-02T00:16:23Z</time>
      </trkpt>
      <trkpt lat="48.515664" lon="-121.118311">
        <ele>1824.0</ele>
        <time>2023-07-02T00:16:29Z</time>
      </trkpt>
      <trkpt lat="48.515608" lon="-121.118313">
        <ele>1822.0</ele>
        <time>2023-07-02T00:16:43Z</time>
      </trkpt>
      <trkpt lat="48.515537" lon="-121.118280">
        <ele>1820.0</ele>
        <time>2023-07-02T00:16:57Z</time>
      </trkpt>
      <trkpt lat="48.515505" lon="-121.118209">
        <ele>1818.0</ele>
        <time>2023-07-02T00:17:07Z</time>
      </trkpt>
      <trkpt lat="48.515497" lon="-121.118153">
        <ele>1818.0</ele>
        <time>2023-07-02T00:17:17Z</time>
      </trkpt>
      <trkpt lat="48.515459" lon="-121.118133">
        <ele>1815.0</ele>
        <time>2023-07-02T00:17:38Z</time>
      </trkpt>
      <trkpt lat="48.515431" lon="-121.118063">
        <ele>1816.0</ele>
        <time>2023-07-02T00:17:46Z</time>
      </trkpt>
      <trkpt lat="48.515318" lon="-121.117963">
        <ele>1811.0</ele>
        <time>2023-07-02T00:18:01Z</time>
      </trkpt>
      <trkpt lat="48.515271" lon="-121.117982">
        <ele>1807.0</ele>
        <time>2023-07-02T00:18:07Z</time>
      </trkpt>
      <trkpt lat="48.515232" lon="-121.117929">
        <ele>1807.0</ele>
        <time>2023-07-02T00:18:14Z</time>
      </trkpt>
      <trkpt lat="48.515106" lon="-121.117859">
        <ele>1804.0</ele>
        <time>2023-07-02T00:18:30Z</time>
      </trkpt>
      <trkpt lat="48.515073" lon="-121.117879">
        <ele>1799.0</ele>
        <time>2023-07-02T00:18:38Z</time>
      </trkpt>
      <trkpt lat="48.515033" lon="-121.117848">
        <ele>1800.0</ele>
        <time>2023-07-02T00:18:45Z</time>
      </trkpt>
      <trkpt lat="48.514967" lon="-121.117842">
        <ele>1792.0</ele>
        <time>2023-07-02T00:18:58Z</time>
      </trkpt>
      <trkpt lat="48.514929" lon="-121.117852">
        <ele>1793.0</ele>
        <time>2023-07-02T00:19:06Z</time>
      </trkpt>
      <trkpt lat="48.514921" lon="-121.117768">
        <ele>1793.5</ele>
        <time>2023-07-02T00:19:13Z</time>
      </trkpt>
      <trkpt lat="48.514909" lon="-121.117787">
        <ele>1791.0</ele>
        <time>2023-07-02T00:19:14Z</time>
      </trkpt>
      <trkpt lat="48.514869" lon="-121.117802">
        <ele>1792.7</ele>
        <time>2023-07-02T00:19:19Z</time>
      </trkpt>
      <trkpt lat="48.514799" lon="-121.117873">
        <ele>1785.0</ele>
        <time>2023-07-02T00:19:29Z</time>
      </trkpt>
      <trkpt lat="48.514709" lon="-121.117803">
        <ele>1784.0</ele>
        <time>2023-07-02T00:19:48Z</time>
      </trkpt>
      <trkpt lat="48.514656" lon="-121.117829">
        <ele>1784.0</ele>
        <time>2023-07-02T00:19:57Z</time>
      </trkpt>
      <trkpt lat="48.514617" lon="-121.117818">
        <ele>1782.0</ele>
        <time>2023-07-02T00:20:03Z</time>
      </trkpt>
      <trkpt lat="48.514604" lon="-121.117854">
        <ele>1782.2</ele>
        <time>2023-07-02T00:20:06Z</time>
      </trkpt>
      <trkpt lat="48.514566" lon="-121.117900">
        <ele>1779.0</ele>
        <time>2023-07-02T00:20:14Z</time>
      </trkpt>
      <trkpt lat="48.514494" lon="-121.117913">
        <ele>1776.0</ele>
        <time>2023-07-02T00:20:27Z</time>
      </trkpt>
      <trkpt lat="48.514397" lon="-121.118012">
        <ele>1773.0</ele>
        <time>2023-07-02T00:20:53Z</time>
      </trkpt>
      <trkpt lat="48.514357" lon="-121.118034">
        <ele>1772.0</ele>
        <time>2023-07-02T00:20:59Z</time>
      </trkpt>
      <trkpt lat="48.514323" lon="-121.118031">
        <ele>1770.0</ele>
        <time>2023-07-02T00:21:03Z</time>
      </trkpt>
      <trkpt lat="48.514154" lon="-121.118093">
        <ele>1767.0</ele>
        <time>2023-07-02T00:21:22Z</time>
      </trkpt>
      <trkpt lat="48.514094" lon="-121.118052">
        <ele>1765.0</ele>
        <time>2023-07-02T00:21:29Z</time>
      </trkpt>
      <trkpt lat="48.514059" lon="-121.118068">
        <ele>1764.0</ele>
        <time>2023-07-02T00:21:32Z</time>
      </trkpt>
      <trkpt lat="48.513983" lon="-121.118139">
        <ele>1762.0</ele>
        <time>2023-07-02T00:21:39Z</time>
      </trkpt>
      <trkpt lat="48.513925" lon="-121.118084">
        <ele>1762.6</ele>
        <time>2023-07-02T00:21:44Z</time>
      </trkpt>
      <trkpt lat="48.513914" lon="-121.118059">
        <ele>1762.0</ele>
        <time>2023-07-02T00:21:45Z</time>
      </trkpt>
      <trkpt lat="48.513914" lon="-121.117992">
        <ele>1761.0</ele>
        <time>2023-07-02T00:21:49Z</time>
      </trkpt>
      <trkpt lat="48.513930" lon="-121.118116">
        <ele>1761.0</ele>
        <time>2023-07-02T00:22:04Z</time>
      </trkpt>
      <trkpt lat="48.513914" lon="-121.118154">
        <ele>1761.0</ele>
        <time>2023-07-02T00:22:06Z</time>
      </trkpt>
      <trkpt lat="48.513889" lon="-121.118176">
        <ele>1758.0</ele>
        <time>2023-07-02T00:22:11Z</time>
      </trkpt>
      <trkpt lat="48.513841" lon="-121.118190">
        <ele>1761.0</ele>
        <time>2023-07-02T00:22:35Z</time>
      </trkpt>
      <trkpt lat="48.513809" lon="-121.118235">
        <ele>1758.0</ele>
        <time>2023-07-02T00:22:42Z</time>
      </trkpt>
      <trkpt lat="48.513790" lon="-121.118284">
        <ele>1758.0</ele>
        <time>2023-07-02T00:22:44Z</time>
      </trkpt>
      <trkpt lat="48.513759" lon="-121.118305">
        <ele>1756.0</ele>
        <time>2023-07-02T00:22:46Z</time>
      </trkpt>
      <trkpt lat="48.513732" lon="-121.118381">
        <ele>1755.0</ele>
        <time>2023-07-02T00:22:49Z</time>
      </trkpt>
      <trkpt lat="48.513647" lon="-121.118405">
        <ele>1749.0</ele>
        <time>2023-07-02T00:23:05Z</time>
      </trkpt>
      <trkpt lat="48.513599" lon="-121.118437">
        <ele>1748.0</ele>
        <time>2023-07-02T00:23:09Z</time>
      </trkpt>
      <trkpt lat="48.513569" lon="-121.118403">
        <ele>1745.0</ele>
        <time>2023-07-02T00:23:15Z</time>
      </trkpt>
      <trkpt lat="48.513475" lon="-121.118353">
        <ele>1740.0</ele>
        <time>2023-07-02T00:23:34Z</time>
      </trkpt>
      <trkpt lat="48.513391" lon="-121.118395">
        <ele>1737.0</ele>
        <time>2023-07-02T00:23:46Z</time>
      </trkpt>
      <trkpt lat="48.513354" lon="-121.118338">
        <ele>1737.0</ele>
        <time>2023-07-02T00:23:52Z</time>
      </trkpt>
      <trkpt lat="48.513326" lon="-121.118318">
        <ele>1736.0</ele>
        <time>2023-07-02T00:23:55Z</time>
      </trkpt>
      <trkpt lat="48.513263" lon="-121.118362">
        <ele>1735.0</ele>
        <time>2023-07-02T00:24:01Z</time>
      </trkpt>
      <trkpt lat="48.513231" lon="-121.118320">
        <ele>1734.0</ele>
        <time>2023-07-02T00:24:04Z</time>
      </trkpt>
      <trkpt lat="48.513226" lon="-121.118274">
        <ele>1735.0</ele>
        <time>2023-07-02T00:24:06Z</time>
      </trkpt>
      <trkpt lat="48.513241" lon="-121.118218">
        <ele>1734.9</ele>
        <time>2023-07-02T00:24:13Z</time>
      </trkpt>
      <trkpt lat="48.513233" lon="-121.118198">
        <ele>1733.0</ele>
        <time>2023-07-02T00:24:15Z</time>
      </trkpt>
      <trkpt lat="48.513150" lon="-121.118143">
        <ele>1725.0</ele>
        <time>2023-07-02T00:24:35Z</time>
      </trkpt>
      <trkpt lat="48.513104" lon="-121.118086">
        <ele>1726.0</ele>
        <time>2023-07-02T00:24:42Z</time>
      </trkpt>
      <trkpt lat="48.513043" lon="-121.118076">
        <ele>1722.0</ele>
        <time>2023-07-02T00:24:49Z</time>
      </trkpt>
      <trkpt lat="48.512987" lon="-121.118033">
        <ele>1720.0</ele>
        <time>2023-07-02T00:24:58Z</time>
      </trkpt>
      <trkpt lat="48.512937" lon="-121.117942">
        <ele>1720.0</ele>
        <time>2023-07-02T00:25:11Z</time>
      </trkpt>
      <trkpt lat="48.512907" lon="-121.117924">
        <ele>1715.0</ele>
        <time>2023-07-02T00:25:17Z</time>
      </trkpt>
      <trkpt lat="48.512841" lon="-121.117923">
        <ele>1710.0</ele>
        <time>2023-07-02T00:25:30Z</time>
      </trkpt>
      <trkpt lat="48.512811" lon="-121.117898">
        <ele>1714.0</ele>
        <time>2023-07-02T00:25:37Z</time>
      </trkpt>
      <trkpt lat="48.512761" lon="-121.117889">
        <ele>1711.0</ele>
        <time>2023-07-02T00:25:43Z</time>
      </trkpt>
      <trkpt lat="48.512699" lon="-121.117848">
        <ele>1710.0</ele>
        <time>2023-07-02T00:25:56Z</time>
      </trkpt>
      <trkpt lat="48.512650" lon="-121.117794">
        <ele>1706.0</ele>
        <time>2023-07-02T00:26:32Z</time>
      </trkpt>
      <trkpt lat="48.512575" lon="-121.117842">
        <ele>1704.0</ele>
        <time>2023-07-02T00:26:48Z</time>
      </trkpt>
      <trkpt lat="48.512511" lon="-121.117675">
        <ele>1699.0</ele>
        <time>2023-07-02T00:27:10Z</time>
      </trkpt>
      <trkpt lat="48.512474" lon="-121.117719">
        <ele>1698.0</ele>
        <time>2023-07-02T00:27:21Z</time>
      </trkpt>
      <trkpt lat="48.512458" lon="-121.117630">
        <ele>1696.0</ele>
        <time>2023-07-02T00:27:32Z</time>
      </trkpt>
      <trkpt lat="48.512413" lon="-121.117522">
        <ele>1691.0</ele>
        <time>2023-07-02T00:27:56Z</time>
      </trkpt>
      <trkpt lat="48.512324" lon="-121.117568">
        <ele>1689.0</ele>
        <time>2023-07-02T00:28:11Z</time>
      </trkpt>
      <trkpt lat="48.512311" lon="-121.117528">
        <ele>1688.9</ele>
        <time>2023-07-02T00:28:17Z</time>
      </trkpt>
      <trkpt lat="48.512286" lon="-121.117585">
        <ele>1684.0</ele>
        <time>2023-07-02T00:28:24Z</time>
      </trkpt>
      <trkpt lat="48.512230" lon="-121.117605">
        <ele>1681.0</ele>
        <time>2023-07-02T00:28:38Z</time>
      </trkpt>
      <trkpt lat="48.512202" lon="-121.117522">
        <ele>1680.0</ele>
        <time>2023-07-02T00:28:48Z</time>
      </trkpt>
      <trkpt lat="48.512131" lon="-121.117479">
        <ele>1678.0</ele>
        <time>2023-07-02T00:29:00Z</time>
      </trkpt>
      <trkpt lat="48.512149" lon="-121.117398">
        <ele>1674.0</ele>
        <time>2023-07-02T00:29:11Z</time>
      </trkpt>
      <trkpt lat="48.512112" lon="-121.117414">
        <ele>1671.0</ele>
        <time>2023-07-02T00:29:24Z</time>
      </trkpt>
      <trkpt lat="48.512077" lon="-121.117411">
        <ele>1661.0</ele>
        <time>2023-07-02T00:29:35Z</time>
      </trkpt>
      <trkpt lat="48.511942" lon="-121.117484">
        <ele>1660.0</ele>
        <time>2023-07-02T00:30:14Z</time>
      </trkpt>
      <trkpt lat="48.511927" lon="-121.117525">
        <ele>1661.0</ele>
        <time>2023-07-02T00:30:17Z</time>
      </trkpt>
      <trkpt lat="48.511902" lon="-121.117554">
        <ele>1659.0</ele>
        <time>2023-07-02T00:30:20Z</time>
      </trkpt>
      <trkpt lat="48.511915" lon="-121.117595">
        <ele>1660.0</ele>
        <time>2023-07-02T00:30:24Z</time>
      </trkpt>
      <trkpt lat="48.511823" lon="-121.117731">
        <ele>1660.0</ele>
        <time>2023-07-02T00:30:39Z</time>
      </trkpt>
      <trkpt lat="48.511822" lon="-121.117771">
        <ele>1661.0</ele>
        <time>2023-07-02T00:30:41Z</time>
      </trkpt>
      <trkpt lat="48.511813" lon="-121.117802">
        <ele>1657.0</ele>
        <time>2023-07-02T00:35:04Z</time>
      </trkpt>
      <trkpt lat="48.511818" lon="-121.117756">
        <ele>1650.0</ele>
        <time>2023-07-02T00:37:46Z</time>
      </trkpt>
      <trkpt lat="48.511831" lon="-121.117773">
        <ele>1650.0</ele>
        <time>2023-07-02T00:39:48Z</time>
      </trkpt>
      <trkpt lat="48.511843" lon="-121.117697">
        <ele>1656.0</ele>
        <time>2023-07-02T00:40:08Z</time>
      </trkpt>
      <trkpt lat="48.511809" lon="-121.117668">
        <ele>1657.0</ele>
        <time>2023-07-02T00:40:24Z</time>
      </trkpt>
      <trkpt lat="48.511827" lon="-121.117697">
        <ele>1655.0</ele>
        <time>2023-07-02T00:41:09Z</time>
      </trkpt>
      <trkpt lat="48.511835" lon="-121.117745">
        <ele>1656.0</ele>
        <time>2023-07-02T00:41:20Z</time>
      </trkpt>
      <trkpt lat="48.511821" lon="-121.117781">
        <ele>1656.0</ele>
        <time>2023-07-02T00:42:22Z</time>
      </trkpt>
      <trkpt lat="48.511804" lon="-121.117773">
        <ele>1656.0</ele>
        <time>2023-07-02T00:44:39Z</time>
      </trkpt>
      <trkpt lat="48.511781" lon="-121.117821">
        <ele>1657.0</ele>
        <time>2023-07-02T00:46:07Z</time>
      </trkpt>
      <trkpt lat="48.511726" lon="-121.117893">
        <ele>1654.0</ele>
        <time>2023-07-02T00:46:23Z</time>
      </trkpt>
      <trkpt lat="48.511650" lon="-121.117852">
        <ele>1656.0</ele>
        <time>2023-07-02T00:46:39Z</time>
      </trkpt>
      <trkpt lat="48.511619" lon="-121.117779">
        <ele>1650.0</ele>
        <time>2023-07-02T00:46:54Z</time>
      </trkpt>
      <trkpt lat="48.511539" lon="-121.117850">
        <ele>1650.0</ele>
        <time>2023-07-02T00:47:13Z</time>
      </trkpt>
      <trkpt lat="48.511504" lon="-121.117915">
        <ele>1648.0</ele>
        <time>2023-07-02T00:47:23Z</time>
      </trkpt>
      <trkpt lat="48.511474" lon="-121.117868">
        <ele>1645.0</ele>
        <time>2023-07-02T00:47:32Z</time>
      </trkpt>
      <trkpt lat="48.511433" lon="-121.117869">
        <ele>1644.0</ele>
        <time>2023-07-02T00:47:46Z</time>
      </trkpt>
      <trkpt lat="48.511418" lon="-121.117831">
        <ele>1638.0</ele>
        <time>2023-07-02T00:47:57Z</time>
      </trkpt>
      <trkpt lat="48.511382" lon="-121.117806">
        <ele>1638.0</ele>
        <time>2023-07-02T00:48:15Z</time>
      </trkpt>
      <trkpt lat="48.511381" lon="-121.117711">
        <ele>1639.0</ele>
        <time>2023-07-02T00:48:38Z</time>
      </trkpt>
      <trkpt lat="48.511349" lon="-121.117718">
        <ele>1638.8</ele>
        <time>2023-07-02T00:48:47Z</time>
      </trkpt>
      <trkpt lat="48.511355" lon="-121.117654">
        <ele>1636.0</ele>
        <time>2023-07-02T00:48:52Z</time>
      </trkpt>
      <trkpt lat="48.511272" lon="-121.117714">
        <ele>1634.0</ele>
        <time>2023-07-02T00:49:03Z</time>
      </trkpt>
      <trkpt lat="48.511253" lon="-121.117757">
        <ele>1632.0</ele>
        <time>2023-07-02T00:49:10Z</time>
      </trkpt>
      <trkpt lat="48.511213" lon="-121.117765">
        <ele>1630.0</ele>
        <time>2023-07-02T00:49:26Z</time>
      </trkpt>
      <trkpt lat="48.511172" lon="-121.117721">
        <ele>1618.0</ele>
        <time>2023-07-02T00:49:55Z</time>
      </trkpt>
      <trkpt lat="48.511128" lon="-121.117715">
        <ele>1626.0</ele>
        <time>2023-07-02T00:50:16Z</time>
      </trkpt>
      <trkpt lat="48.511115" lon="-121.117688">
        <ele>1624.0</ele>
        <time>2023-07-02T00:50:26Z</time>
      </trkpt>
      <trkpt lat="48.511086" lon="-121.117668">
        <ele>1620.0</ele>
        <time>2023-07-02T00:50:35Z</time>
      </trkpt>
      <trkpt lat="48.511054" lon="-121.117726">
        <ele>1620.0</ele>
        <time>2023-07-02T00:50:44Z</time>
      </trkpt>
      <trkpt lat="48.511043" lon="-121.117777">
        <ele>1616.0</ele>
        <time>2023-07-02T00:50:50Z</time>
      </trkpt>
      <trkpt lat="48.511016" lon="-121.117708">
        <ele>1614.0</ele>
        <time>2023-07-02T00:51:00Z</time>
      </trkpt>
      <trkpt lat="48.510972" lon="-121.117796">
        <ele>1612.0</ele>
        <time>2023-07-02T00:51:16Z</time>
      </trkpt>
      <trkpt lat="48.510945" lon="-121.117736">
        <ele>1608.0</ele>
        <time>2023-07-02T00:51:27Z</time>
      </trkpt>
      <trkpt lat="48.510911" lon="-121.117805">
        <ele>1609.0</ele>
        <time>2023-07-02T00:51:39Z</time>
      </trkpt>
      <trkpt lat="48.510865" lon="-121.117732">
        <ele>1608.0</ele>
        <time>2023-07-02T00:51:48Z</time>
      </trkpt>
      <trkpt lat="48.510858" lon="-121.117650">
        <ele>1605.0</ele>
        <time>2023-07-02T00:51:58Z</time>
      </trkpt>
      <trkpt lat="48.510875" lon="-121.117583">
        <ele>1600.0</ele>
        <time>2023-07-02T00:52:20Z</time>
      </trkpt>
      <trkpt lat="48.510865" lon="-121.117535">
        <ele>1602.0</ele>
        <time>2023-07-02T00:52:47Z</time>
      </trkpt>
      <trkpt lat="48.510895" lon="-121.117491">
        <ele>1603.0</ele>
        <time>2023-07-02T00:52:58Z</time>
      </trkpt>
      <trkpt lat="48.510923" lon="-121.117346">
        <ele>1600.0</ele>
        <time>2023-07-02T00:53:15Z</time>
      </trkpt>
      <trkpt lat="48.510868" lon="-121.117404">
        <ele>1598.0</ele>
        <time>2023-07-02T00:53:29Z</time>
      </trkpt>
      <trkpt lat="48.510801" lon="-121.117522">
        <ele>1599.2</ele>
        <time>2023-07-02T00:53:39Z</time>
      </trkpt>
      <trkpt lat="48.510790" lon="-121.117448">
        <ele>1592.0</ele>
        <time>2023-07-02T00:53:47Z</time>
      </trkpt>
      <trkpt lat="48.510765" lon="-121.117525">
        <ele>1593.0</ele>
        <time>2023-07-02T00:53:55Z</time>
      </trkpt>
      <trkpt lat="48.510729" lon="-121.117574">
        <ele>1589.0</ele>
        <time>2023-07-02T00:54:00Z</time>
      </trkpt>
      <trkpt lat="48.510705" lon="-121.117516">
        <ele>1590.0</ele>
        <time>2023-07-02T00:54:09Z</time>
      </trkpt>
      <trkpt lat="48.510635" lon="-121.117606">
        <ele>1588.0</ele>
        <time>2023-07-02T00:54:20Z</time>
      </trkpt>
      <trkpt lat="48.510599" lon="-121.117682">
        <ele>1589.0</ele>
        <time>2023-07-02T00:54:26Z</time>
      </trkpt>
      <trkpt lat="48.510608" lon="-121.117766">
        <ele>1587.0</ele>
        <time>2023-07-02T00:54:33Z</time>
      </trkpt>
      <trkpt lat="48.510587" lon="-121.117832">
        <ele>1587.0</ele>
        <time>2023-07-02T00:54:39Z</time>
      </trkpt>
      <trkpt lat="48.510596" lon="-121.117919">
        <ele>1585.0</ele>
        <time>2023-07-02T00:54:49Z</time>
      </trkpt>
      <trkpt lat="48.510563" lon="-121.117980">
        <ele>1585.0</ele>
        <time>2023-07-02T00:55:01Z</time>
      </trkpt>
      <trkpt lat="48.510555" lon="-121.118071">
        <ele>1588.0</ele>
        <time>2023-07-02T00:55:17Z</time>
      </trkpt>
      <trkpt lat="48.510530" lon="-121.118081">
        <ele>1588.0</ele>
        <time>2023-07-02T00:56:17Z</time>
      </trkpt>
      <trkpt lat="48.510467" lon="-121.118132">
        <ele>1584.0</ele>
        <time>2023-07-02T00:56:48Z</time>
      </trkpt>
      <trkpt lat="48.510433" lon="-121.118114">
        <ele>1583.0</ele>
        <time>2023-07-02T00:56:58Z</time>
      </trkpt>
      <trkpt lat="48.510399" lon="-121.118057">
        <ele>1573.0</ele>
        <time>2023-07-02T00:57:35Z</time>
      </trkpt>
      <trkpt lat="48.510352" lon="-121.118041">
        <ele>1578.0</ele>
        <time>2023-07-02T00:57:45Z</time>
      </trkpt>
      <trkpt lat="48.510323" lon="-121.118006">
        <ele>1576.0</ele>
        <time>2023-07-02T00:57:55Z</time>
      </trkpt>
      <trkpt lat="48.510308" lon="-121.118047">
        <ele>1573.0</ele>
        <time>2023-07-02T00:58:02Z</time>
      </trkpt>
      <trkpt lat="48.510287" lon="-121.118022">
        <ele>1573.0</ele>
        <time>2023-07-02T00:58:10Z</time>
      </trkpt>
      <trkpt lat="48.510241" lon="-121.117883">
        <ele>1570.0</ele>
        <time>2023-07-02T00:58:36Z</time>
      </trkpt>
      <trkpt lat="48.510168" lon="-121.117950">
        <ele>1562.0</ele>
        <time>2023-07-02T00:59:03Z</time>
      </trkpt>
      <trkpt lat="48.510138" lon="-121.117945">
        <ele>1561.0</ele>
        <time>2023-07-02T00:59:12Z</time>
      </trkpt>
      <trkpt lat="48.510115" lon="-121.117921">
        <ele>1561.0</ele>
        <time>2023-07-02T00:59:20Z</time>
      </trkpt>
      <trkpt lat="48.510099" lon="-121.117877">
        <ele>1564.0</ele>
        <time>2023-07-02T00:59:29Z</time>
      </trkpt>
      <trkpt lat="48.510099" lon="-121.118004">
        <ele>1560.0</ele>
        <time>2023-07-02T01:00:05Z</time>
      </trkpt>
      <trkpt lat="48.510086" lon="-121.118040">
        <ele>1560.0</ele>
        <time>2023-07-02T01:00:12Z</time>
      </trkpt>
      <trkpt lat="48.510061" lon="-121.118046">
        <ele>1560.0</ele>
        <time>2023-07-02T01:00:21Z</time>
      </trkpt>
      <trkpt lat="48.510040" lon="-121.117991">
        <ele>1560.0</ele>
        <time>2023-07-02T01:00:43Z</time>
      </trkpt>
      <trkpt lat="48.510010" lon="-121.118083">
        <ele>1558.0</ele>
        <time>2023-07-02T01:01:09Z</time>
      </trkpt>
      <trkpt lat="48.510030" lon="-121.118084">
        <ele>1558.4</ele>
        <time>2023-07-02T01:01:17Z</time>
      </trkpt>
      <trkpt lat="48.509997" lon="-121.118083">
        <ele>1554.0</ele>
        <time>2023-07-02T01:01:24Z</time>
      </trkpt>
      <trkpt lat="48.509982" lon="-121.118049">
        <ele>1555.0</ele>
        <time>2023-07-02T01:01:30Z</time>
      </trkpt>
      <trkpt lat="48.509929" lon="-121.118092">
        <ele>1555.0</ele>
        <time>2023-07-02T01:02:01Z</time>
      </trkpt>
      <trkpt lat="48.509882" lon="-121.118048">
        <ele>1557.8</ele>
        <time>2023-07-02T01:02:12Z</time>
      </trkpt>
      <trkpt lat="48.509864" lon="-121.118009">
        <ele>1559.3</ele>
        <time>2023-07-02T01:02:13Z</time>
      </trkpt>
      <trkpt lat="48.509905" lon="-121.118047">
        <ele>1551.0</ele>
        <time>2023-07-02T01:03:38Z</time>
      </trkpt>
      <trkpt lat="48.509854" lon="-121.118060">
        <ele>1552.0</ele>
        <time>2023-07-02T01:04:11Z</time>
      </trkpt>
      <trkpt lat="48.509816" lon="-121.118093">
        <ele>1553.0</ele>
        <time>2023-07-02T01:04:29Z</time>
      </trkpt>
      <trkpt lat="48.509771" lon="-121.118010">
        <ele>1548.0</ele>
        <time>2023-07-02T01:04:49Z</time>
      </trkpt>
      <trkpt lat="48.509757" lon="-121.118035">
        <ele>1543.0</ele>
        <time>2023-07-02T01:05:04Z</time>
      </trkpt>
      <trkpt lat="48.509719" lon="-121.118031">
        <ele>1547.0</ele>
        <time>2023-07-02T01:05:19Z</time>
      </trkpt>
      <trkpt lat="48.509668" lon="-121.117963">
        <ele>1540.0</ele>
        <time>2023-07-02T01:06:10Z</time>
      </trkpt>
      <trkpt lat="48.509639" lon="-121.117964">
        <ele>1535.0</ele>
        <time>2023-07-02T01:06:28Z</time>
      </trkpt>
      <trkpt lat="48.509598" lon="-121.117941">
        <ele>1533.0</ele>
        <time>2023-07-02T01:06:54Z</time>
      </trkpt>
      <trkpt lat="48.509543" lon="-121.118012">
        <ele>1526.0</ele>
        <time>2023-07-02T01:07:32Z</time>
      </trkpt>
      <trkpt lat="48.509524" lon="-121.118065">
        <ele>1530.0</ele>
        <time>2023-07-02T01:07:49Z</time>
      </trkpt>
      <trkpt lat="48.509506" lon="-121.118040">
        <ele>1521.0</ele>
        <time>2023-07-02T01:07:59Z</time>
      </trkpt>
      <trkpt lat="48.509467" lon="-121.118084">
        <ele>1520.0</ele>
        <time>2023-07-02T01:08:14Z</time>
      </trkpt>
      <trkpt lat="48.509423" lon="-121.118067">
        <ele>1518.0</ele>
        <time>2023-07-02T01:08:43Z</time>
      </trkpt>
      <trkpt lat="48.509401" lon="-121.118134">
        <ele>1515.0</ele>
        <time>2023-07-02T01:09:10Z</time>
      </trkpt>
      <trkpt lat="48.509375" lon="-121.118157">
        <ele>1515.0</ele>
        <time>2023-07-02T01:09:46Z</time>
      </trkpt>
      <trkpt lat="48.509325" lon="-121.118121">
        <ele>1512.0</ele>
        <time>2023-07-02T01:10:09Z</time>
      </trkpt>
      <trkpt lat="48.509301" lon="-121.118161">
        <ele>1514.0</ele>
        <time>2023-07-02T01:10:34Z</time>
      </trkpt>
      <trkpt lat="48.509292" lon="-121.118122">
        <ele>1504.0</ele>
        <time>2023-07-02T01:10:48Z</time>
      </trkpt>
      <trkpt lat="48.509248" lon="-121.118146">
        <ele>1509.3</ele>
        <time>2023-07-02T01:11:23Z</time>
      </trkpt>
      <trkpt lat="48.509218" lon="-121.118144">
        <ele>1506.0</ele>
        <time>2023-07-02T01:11:34Z</time>
      </trkpt>
      <trkpt lat="48.509156" lon="-121.118196">
        <ele>1504.0</ele>
        <time>2023-07-02T01:12:14Z</time>
      </trkpt>
      <trkpt lat="48.509134" lon="-121.118161">
        <ele>1496.0</ele>
        <time>2023-07-02T01:12:31Z</time>
      </trkpt>
      <trkpt lat="48.509011" lon="-121.118226">
        <ele>1494.0</ele>
        <time>2023-07-02T01:13:00Z</time>
      </trkpt>
      <trkpt lat="48.508993" lon="-121.118211">
        <ele>1494.0</ele>
        <time>2023-07-02T01:13:04Z</time>
      </trkpt>
      <trkpt lat="48.508964" lon="-121.118141">
        <ele>1494.0</ele>
        <time>2023-07-02T01:13:13Z</time>
      </trkpt>
      <trkpt lat="48.508919" lon="-121.118138">
        <ele>1488.0</ele>
        <time>2023-07-02T01:13:28Z</time>
      </trkpt>
      <trkpt lat="48.508887" lon="-121.118115">
        <ele>1487.0</ele>
        <time>2023-07-02T01:13:36Z</time>
      </trkpt>
      <trkpt lat="48.508880" lon="-121.118077">
        <ele>1485.0</ele>
        <time>2023-07-02T01:13:40Z</time>
      </trkpt>
      <trkpt lat="48.508861" lon="-121.118051">
        <ele>1485.0</ele>
        <time>2023-07-02T01:13:45Z</time>
      </trkpt>
      <trkpt lat="48.508820" lon="-121.118062">
        <ele>1481.0</ele>
        <time>2023-07-02T01:13:55Z</time>
      </trkpt>
      <trkpt lat="48.508779" lon="-121.118029">
        <ele>1476.0</ele>
        <time>2023-07-02T01:14:11Z</time>
      </trkpt>
      <trkpt lat="48.508756" lon="-121.117965">
        <ele>1472.0</ele>
        <time>2023-07-02T01:14:23Z</time>
      </trkpt>
      <trkpt lat="48.508720" lon="-121.117942">
        <ele>1471.0</ele>
        <time>2023-07-02T01:14:42Z</time>
      </trkpt>
      <trkpt lat="48.508682" lon="-121.117947">
        <ele>1466.0</ele>
        <time>2023-07-02T01:14:58Z</time>
      </trkpt>
      <trkpt lat="48.508642" lon="-121.117938">
        <ele>1466.0</ele>
        <time>2023-07-02T01:15:08Z</time>
      </trkpt>
      <trkpt lat="48.508620" lon="-121.117969">
        <ele>1464.0</ele>
        <time>2023-07-02T01:15:16Z</time>
      </trkpt>
      <trkpt lat="48.508590" lon="-121.117982">
        <ele>1460.0</ele>
        <time>2023-07-02T01:15:24Z</time>
      </trkpt>
      <trkpt lat="48.508554" lon="-121.117976">
        <ele>1461.0</ele>
        <time>2023-07-02T01:15:34Z</time>
      </trkpt>
      <trkpt lat="48.508517" lon="-121.117941">
        <ele>1459.0</ele>
        <time>2023-07-02T01:15:52Z</time>
      </trkpt>
      <trkpt lat="48.508434" lon="-121.117972">
        <ele>1458.0</ele>
        <time>2023-07-02T01:16:27Z</time>
      </trkpt>
      <trkpt lat="48.508383" lon="-121.117940">
        <ele>1450.0</ele>
        <time>2023-07-02T01:16:52Z</time>
      </trkpt>
      <trkpt lat="48.508308" lon="-121.117926">
        <ele>1451.0</ele>
        <time>2023-07-02T01:17:13Z</time>
      </trkpt>
      <trkpt lat="48.508201" lon="-121.117991">
        <ele>1442.0</ele>
        <time>2023-07-02T01:18:07Z</time>
      </trkpt>
      <trkpt lat="48.508087" lon="-121.118096">
        <ele>1440.0</ele>
        <time>2023-07-02T01:18:34Z</time>
      </trkpt>
      <trkpt lat="48.508029" lon="-121.118067">
        <ele>1435.0</ele>
        <time>2023-07-02T01:18:52Z</time>
      </trkpt>
      <trkpt lat="48.507993" lon="-121.118127">
        <ele>1428.0</ele>
        <time>2023-07-02T01:19:15Z</time>
      </trkpt>
      <trkpt lat="48.507955" lon="-121.118149">
        <ele>1433.6</ele>
        <time>2023-07-02T01:19:43Z</time>
      </trkpt>
      <trkpt lat="48.507914" lon="-121.118196">
        <ele>1431.0</ele>
        <time>2023-07-02T01:20:10Z</time>
      </trkpt>
      <trkpt lat="48.507767" lon="-121.118267">
        <ele>1419.0</ele>
        <time>2023-07-02T01:21:09Z</time>
      </trkpt>
      <trkpt lat="48.507640" lon="-121.118369">
        <ele>1410.0</ele>
        <time>2023-07-02T01:21:48Z</time>
      </trkpt>
      <trkpt lat="48.507607" lon="-121.118383">
        <ele>1414.0</ele>
        <time>2023-07-02T01:21:56Z</time>
      </trkpt>
      <trkpt lat="48.507540" lon="-121.118434">
        <ele>1415.3</ele>
        <time>2023-07-02T01:22:13Z</time>
      </trkpt>
      <trkpt lat="48.507533" lon="-121.118461">
        <ele>1413.0</ele>
        <time>2023-07-02T01:22:17Z</time>
      </trkpt>
      <trkpt lat="48.507537" lon="-121.118500">
        <ele>1413.0</ele>
        <time>2023-07-02T01:22:22Z</time>
      </trkpt>
      <trkpt lat="48.507511" lon="-121.118569">
        <ele>1410.0</ele>
        <time>2023-07-02T01:22:29Z</time>
      </trkpt>
      <trkpt lat="48.507465" lon="-121.118506">
        <ele>1410.0</ele>
        <time>2023-07-02T01:22:38Z</time>
      </trkpt>
      <trkpt lat="48.507417" lon="-121.118464">
        <ele>1407.0</ele>
        <time>2023-07-02T01:22:53Z</time>
      </trkpt>
      <trkpt lat="48.507398" lon="-121.118421">
        <ele>1407.4</ele>
        <time>2023-07-02T01:23:03Z</time>
      </trkpt>
      <trkpt lat="48.507396" lon="-121.118444">
        <ele>1406.0</ele>
        <time>2023-07-02T01:23:05Z</time>
      </trkpt>
      <trkpt lat="48.507319" lon="-121.118489">
        <ele>1400.0</ele>
        <time>2023-07-02T01:23:33Z</time>
      </trkpt>
      <trkpt lat="48.507280" lon="-121.118497">
        <ele>1400.0</ele>
        <time>2023-07-02T01:23:44Z</time>
      </trkpt>
      <trkpt lat="48.507278" lon="-121.118586">
        <ele>1399.0</ele>
        <time>2023-07-02T01:23:57Z</time>
      </trkpt>
      <trkpt lat="48.507250" lon="-121.118566">
        <ele>1397.0</ele>
        <time>2023-07-02T01:24:11Z</time>
      </trkpt>
      <trkpt lat="48.507185" lon="-121.118590">
        <ele>1396.0</ele>
        <time>2023-07-02T01:24:44Z</time>
      </trkpt>
      <trkpt lat="48.507122" lon="-121.118583">
        <ele>1392.0</ele>
        <time>2023-07-02T01:25:15Z</time>
      </trkpt>
      <trkpt lat="48.507095" lon="-121.118616">
        <ele>1390.0</ele>
        <time>2023-07-02T01:25:24Z</time>
      </trkpt>
      <trkpt lat="48.507050" lon="-121.118587">
        <ele>1391.0</ele>
        <time>2023-07-02T01:25:36Z</time>
      </trkpt>
      <trkpt lat="48.507047" lon="-121.118571">
        <ele>1390.0</ele>
        <time>2023-07-02T01:25:52Z</time>
      </trkpt>
      <trkpt lat="48.507016" lon="-121.118538">
        <ele>1386.0</ele>
        <time>2023-07-02T01:26:01Z</time>
      </trkpt>
      <trkpt lat="48.506970" lon="-121.118566">
        <ele>1392.0</ele>
        <time>2023-07-02T01:26:20Z</time>
      </trkpt>
      <trkpt lat="48.507010" lon="-121.118574">
        <ele>1389.0</ele>
        <time>2023-07-02T01:26:43Z</time>
      </trkpt>
      <trkpt lat="48.507069" lon="-121.118612">
        <ele>1386.0</ele>
        <time>2023-07-02T01:26:55Z</time>
      </trkpt>
      <trkpt lat="48.507081" lon="-121.118686">
        <ele>1390.0</ele>
        <time>2023-07-02T01:27:03Z</time>
      </trkpt>
      <trkpt lat="48.507069" lon="-121.118736">
        <ele>1392.0</ele>
        <time>2023-07-02T01:27:10Z</time>
      </trkpt>
      <trkpt lat="48.507017" lon="-121.118848">
        <ele>1386.0</ele>
        <time>2023-07-02T01:27:47Z</time>
      </trkpt>
      <trkpt lat="48.506976" lon="-121.118842">
        <ele>1390.0</ele>
        <time>2023-07-02T01:28:00Z</time>
      </trkpt>
      <trkpt lat="48.506967" lon="-121.118777">
        <ele>1383.0</ele>
        <time>2023-07-02T01:28:20Z</time>
      </trkpt>
      <trkpt lat="48.506929" lon="-121.118686">
        <ele>1385.0</ele>
        <time>2023-07-02T01:28:52Z</time>
      </trkpt>
      <trkpt lat="48.506919" lon="-121.118617">
        <ele>1380.0</ele>
        <time>2023-07-02T01:29:09Z</time>
      </trkpt>
      <trkpt lat="48.506893" lon="-121.118601">
        <ele>1383.0</ele>
        <time>2023-07-02T01:29:16Z</time>
      </trkpt>
      <trkpt lat="48.506874" lon="-121.118574">
        <ele>1379.0</ele>
        <time>2023-07-02T01:29:21Z</time>
      </trkpt>
      <trkpt lat="48.506835" lon="-121.118571">
        <ele>1380.0</ele>
        <time>2023-07-02T01:29:30Z</time>
      </trkpt>
      <trkpt lat="48.506844" lon="-121.118627">
        <ele>1380.0</ele>
        <time>2023-07-02T01:29:43Z</time>
      </trkpt>
      <trkpt lat="48.506817" lon="-121.118632">
        <ele>1378.0</ele>
        <time>2023-07-02T01:29:54Z</time>
      </trkpt>
      <trkpt lat="48.506793" lon="-121.118673">
        <ele>1377.0</ele>
        <time>2023-07-02T01:30:04Z</time>
      </trkpt>
      <trkpt lat="48.506769" lon="-121.118630">
        <ele>1377.0</ele>
        <time>2023-07-02T01:30:11Z</time>
      </trkpt>
      <trkpt lat="48.506721" lon="-121.118595">
        <ele>1376.0</ele>
        <time>2023-07-02T01:30:21Z</time>
      </trkpt>
      <trkpt lat="48.506691" lon="-121.118542">
        <ele>1376.0</ele>
        <time>2023-07-02T01:30:30Z</time>
      </trkpt>
      <trkpt lat="48.506676" lon="-121.118546">
        <ele>1374.0</ele>
        <time>2023-07-02T01:30:34Z</time>
      </trkpt>
      <trkpt lat="48.506651" lon="-121.118699">
        <ele>1366.0</ele>
        <time>2023-07-02T01:31:10Z</time>
      </trkpt>
      <trkpt lat="48.506604" lon="-121.118710">
        <ele>1370.0</ele>
        <time>2023-07-02T01:31:20Z</time>
      </trkpt>
      <trkpt lat="48.506579" lon="-121.118693">
        <ele>1367.0</ele>
        <time>2023-07-02T01:31:30Z</time>
      </trkpt>
      <trkpt lat="48.506536" lon="-121.118722">
        <ele>1368.0</ele>
        <time>2023-07-02T01:31:42Z</time>
      </trkpt>
      <trkpt lat="48.506514" lon="-121.118774">
        <ele>1365.0</ele>
        <time>2023-07-02T01:31:50Z</time>
      </trkpt>
      <trkpt lat="48.506512" lon="-121.118832">
        <ele>1361.0</ele>
        <time>2023-07-02T01:31:58Z</time>
      </trkpt>
      <trkpt lat="48.506470" lon="-121.118865">
        <ele>1358.0</ele>
        <time>2023-07-02T01:32:10Z</time>
      </trkpt>
      <trkpt lat="48.506431" lon="-121.118839">
        <ele>1360.0</ele>
        <time>2023-07-02T01:32:18Z</time>
      </trkpt>
      <trkpt lat="48.506421" lon="-121.118876">
        <ele>1362.0</ele>
        <time>2023-07-02T01:32:23Z</time>
      </trkpt>
      <trkpt lat="48.506392" lon="-121.118874">
        <ele>1361.0</ele>
        <time>2023-07-02T01:32:31Z</time>
      </trkpt>
      <trkpt lat="48.506334" lon="-121.118775">
        <ele>1359.0</ele>
        <time>2023-07-02T01:32:49Z</time>
      </trkpt>
      <trkpt lat="48.506292" lon="-121.118812">
        <ele>1355.0</ele>
        <time>2023-07-02T01:33:01Z</time>
      </trkpt>
      <trkpt lat="48.506257" lon="-121.118778">
        <ele>1358.0</ele>
        <time>2023-07-02T01:33:05Z</time>
      </trkpt>
      <trkpt lat="48.506256" lon="-121.118740">
        <ele>1358.0</ele>
        <time>2023-07-02T01:33:07Z</time>
      </trkpt>
      <trkpt lat="48.506234" lon="-121.118708">
        <ele>1356.0</ele>
        <time>2023-07-02T01:33:11Z</time>
      </trkpt>
      <trkpt lat="48.506221" lon="-121.118784">
        <ele>1355.0</ele>
        <time>2023-07-02T01:33:17Z</time>
      </trkpt>
      <trkpt lat="48.506187" lon="-121.118822">
        <ele>1354.0</ele>
        <time>2023-07-02T01:33:23Z</time>
      </trkpt>
      <trkpt lat="48.506112" lon="-121.118849">
        <ele>1348.0</ele>
        <time>2023-07-02T01:33:42Z</time>
      </trkpt>
      <trkpt lat="48.506090" lon="-121.118879">
        <ele>1350.0</ele>
        <time>2023-07-02T01:33:48Z</time>
      </trkpt>
      <trkpt lat="48.506111" lon="-121.118936">
        <ele>1350.0</ele>
        <time>2023-07-02T01:33:59Z</time>
      </trkpt>
      <trkpt lat="48.506112" lon="-121.118970">
        <ele>1350.0</ele>
        <time>2023-07-02T01:34:03Z</time>
      </trkpt>
      <trkpt lat="48.506083" lon="-121.119032">
        <ele>1351.0</ele>
        <time>2023-07-02T01:34:11Z</time>
      </trkpt>
      <trkpt lat="48.506010" lon="-121.119050">
        <ele>1343.0</ele>
        <time>2023-07-02T01:34:44Z</time>
      </trkpt>
      <trkpt lat="48.505957" lon="-121.119092">
        <ele>1344.0</ele>
        <time>2023-07-02T01:35:04Z</time>
      </trkpt>
      <trkpt lat="48.505944" lon="-121.119126">
        <ele>1343.6</ele>
        <time>2023-07-02T01:35:12Z</time>
      </trkpt>
      <trkpt lat="48.505925" lon="-121.119112">
        <ele>1341.0</ele>
        <time>2023-07-02T01:35:15Z</time>
      </trkpt>
      <trkpt lat="48.505891" lon="-121.119138">
        <ele>1341.0</ele>
        <time>2023-07-02T01:35:23Z</time>
      </trkpt>
      <trkpt lat="48.505867" lon="-121.119239">
        <ele>1340.0</ele>
        <time>2023-07-02T01:35:39Z</time>
      </trkpt>
      <trkpt lat="48.505836" lon="-121.119274">
        <ele>1342.0</ele>
        <time>2023-07-02T01:35:53Z</time>
      </trkpt>
      <trkpt lat="48.505841" lon="-121.119323">
        <ele>1338.0</ele>
        <time>2023-07-02T01:36:02Z</time>
      </trkpt>
      <trkpt lat="48.505815" lon="-121.119344">
        <ele>1335.0</ele>
        <time>2023-07-02T01:36:12Z</time>
      </trkpt>
      <trkpt lat="48.505753" lon="-121.119304">
        <ele>1338.0</ele>
        <time>2023-07-02T01:36:33Z</time>
      </trkpt>
      <trkpt lat="48.505662" lon="-121.119359">
        <ele>1332.0</ele>
        <time>2023-07-02T01:37:15Z</time>
      </trkpt>
      <trkpt lat="48.505638" lon="-121.119436">
        <ele>1334.4</ele>
        <time>2023-07-02T01:37:34Z</time>
      </trkpt>
      <trkpt lat="48.505623" lon="-121.119446">
        <ele>1333.0</ele>
        <time>2023-07-02T01:37:35Z</time>
      </trkpt>
      <trkpt lat="48.505601" lon="-121.119428">
        <ele>1332.0</ele>
        <time>2023-07-02T01:37:42Z</time>
      </trkpt>
      <trkpt lat="48.505511" lon="-121.119408">
        <ele>1326.0</ele>
        <time>2023-07-02T01:38:04Z</time>
      </trkpt>
      <trkpt lat="48.505494" lon="-121.119441">
        <ele>1326.0</ele>
        <time>2023-07-02T01:38:14Z</time>
      </trkpt>
      <trkpt lat="48.505460" lon="-121.119423">
        <ele>1325.0</ele>
        <time>2023-07-02T01:38:24Z</time>
      </trkpt>
      <trkpt lat="48.505422" lon="-121.119484">
        <ele>1325.0</ele>
        <time>2023-07-02T01:38:35Z</time>
      </trkpt>
      <trkpt lat="48.505378" lon="-121.119499">
        <ele>1320.0</ele>
        <time>2023-07-02T01:38:42Z</time>
      </trkpt>
      <trkpt lat="48.505311" lon="-121.119496">
        <ele>1317.0</ele>
        <time>2023-07-02T01:38:58Z</time>
      </trkpt>
      <trkpt lat="48.505255" lon="-121.119526">
        <ele>1316.0</ele>
        <time>2023-07-02T01:39:18Z</time>
      </trkpt>
      <trkpt lat="48.505206" lon="-121.119563">
        <ele>1317.0</ele>
        <time>2023-07-02T01:39:31Z</time>
      </trkpt>
      <trkpt lat="48.505204" lon="-121.119594">
        <ele>1316.0</ele>
        <time>2023-07-02T01:39:34Z</time>
      </trkpt>
      <trkpt lat="48.505184" lon="-121.119618">
        <ele>1310.0</ele>
        <time>2023-07-02T01:39:41Z</time>
      </trkpt>
      <trkpt lat="48.505151" lon="-121.119696">
        <ele>1312.0</ele>
        <time>2023-07-02T01:40:05Z</time>
      </trkpt>
      <trkpt lat="48.505110" lon="-121.119684">
        <ele>1306.0</ele>
        <time>2023-07-02T01:40:27Z</time>
      </trkpt>
      <trkpt lat="48.505090" lon="-121.119743">
        <ele>1296.0</ele>
        <time>2023-07-02T01:40:44Z</time>
      </trkpt>
      <trkpt lat="48.505084" lon="-121.119726">
        <ele>1310.0</ele>
        <time>2023-07-02T01:40:55Z</time>
      </trkpt>
      <trkpt lat="48.505076" lon="-121.119742">
        <ele>1310.0</ele>
        <time>2023-07-02T01:41:07Z</time>
      </trkpt>
      <trkpt lat="48.505057" lon="-121.119655">
        <ele>1308.0</ele>
        <time>2023-07-02T01:41:38Z</time>
      </trkpt>
      <trkpt lat="48.505064" lon="-121.119688">
        <ele>1307.0</ele>
        <time>2023-07-02T01:41:49Z</time>
      </trkpt>
      <trkpt lat="48.505043" lon="-121.119825">
        <ele>1304.0</ele>
        <time>2023-07-02T01:42:27Z</time>
      </trkpt>
      <trkpt lat="48.505026" lon="-121.119866">
        <ele>1302.0</ele>
        <time>2023-07-02T01:42:38Z</time>
      </trkpt>
      <trkpt lat="48.504949" lon="-121.119949">
        <ele>1308.0</ele>
        <time>2023-07-02T01:43:18Z</time>
      </trkpt>
      <trkpt lat="48.504943" lon="-121.119989">
        <ele>1288.0</ele>
        <time>2023-07-02T01:43:35Z</time>
      </trkpt>
      <trkpt lat="48.504886" lon="-121.120002">
        <ele>1298.0</ele>
        <time>2023-07-02T01:43:57Z</time>
      </trkpt>
      <trkpt lat="48.504886" lon="-121.119968">
        <ele>1304.0</ele>
        <time>2023-07-02T01:44:07Z</time>
      </trkpt>
      <trkpt lat="48.504832" lon="-121.120015">
        <ele>1294.0</ele>
        <time>2023-07-02T01:44:36Z</time>
      </trkpt>
      <trkpt lat="48.504797" lon="-121.120005">
        <ele>1295.0</ele>
        <time>2023-07-02T01:45:02Z</time>
      </trkpt>
      <trkpt lat="48.504793" lon="-121.119969">
        <ele>1291.0</ele>
        <time>2023-07-02T01:45:17Z</time>
      </trkpt>
      <trkpt lat="48.504763" lon="-121.119998">
        <ele>1292.0</ele>
        <time>2023-07-02T01:45:31Z</time>
      </trkpt>
      <trkpt lat="48.504730" lon="-121.119977">
        <ele>1294.0</ele>
        <time>2023-07-02T01:45:48Z</time>
      </trkpt>
      <trkpt lat="48.504707" lon="-121.119997">
        <ele>1290.0</ele>
        <time>2023-07-02T01:45:56Z</time>
      </trkpt>
      <trkpt lat="48.504681" lon="-121.119954">
        <ele>1288.0</ele>
        <time>2023-07-02T01:46:02Z</time>
      </trkpt>
      <trkpt lat="48.504587" lon="-121.119914">
        <ele>1284.0</ele>
        <time>2023-07-02T01:46:37Z</time>
      </trkpt>
      <trkpt lat="48.504574" lon="-121.119836">
        <ele>1274.0</ele>
        <time>2023-07-02T01:46:53Z</time>
      </trkpt>
      <trkpt lat="48.504529" lon="-121.119856">
        <ele>1278.0</ele>
        <time>2023-07-02T01:47:23Z</time>
      </trkpt>
      <trkpt lat="48.504512" lon="-121.119820">
        <ele>1276.0</ele>
        <time>2023-07-02T01:47:59Z</time>
      </trkpt>
      <trkpt lat="48.504501" lon="-121.119607">
        <ele>1270.0</ele>
        <time>2023-07-02T01:48:43Z</time>
      </trkpt>
      <trkpt lat="48.504436" lon="-121.119586">
        <ele>1266.0</ele>
        <time>2023-07-02T01:49:05Z</time>
      </trkpt>
      <trkpt lat="48.504361" lon="-121.119612">
        <ele>1266.0</ele>
        <time>2023-07-02T01:49:39Z</time>
      </trkpt>
      <trkpt lat="48.504331" lon="-121.119683">
        <ele>1260.0</ele>
        <time>2023-07-02T01:50:05Z</time>
      </trkpt>
      <trkpt lat="48.504306" lon="-121.119659">
        <ele>1260.0</ele>
        <time>2023-07-02T01:50:31Z</time>
      </trkpt>
      <trkpt lat="48.504260" lon="-121.119688">
        <ele>1254.0</ele>
        <time>2023-07-02T01:50:47Z</time>
      </trkpt>
      <trkpt lat="48.504224" lon="-121.119661">
        <ele>1256.0</ele>
        <time>2023-07-02T01:51:03Z</time>
      </trkpt>
      <trkpt lat="48.504185" lon="-121.119610">
        <ele>1253.0</ele>
        <time>2023-07-02T01:51:23Z</time>
      </trkpt>
      <trkpt lat="48.504172" lon="-121.119556">
        <ele>1246.0</ele>
        <time>2023-07-02T01:51:39Z</time>
      </trkpt>
      <trkpt lat="48.504174" lon="-121.119473">
        <ele>1242.0</ele>
        <time>2023-07-02T01:52:09Z</time>
      </trkpt>
      <trkpt lat="48.504148" lon="-121.119475">
        <ele>1236.0</ele>
        <time>2023-07-02T01:52:18Z</time>
      </trkpt>
      <trkpt lat="48.504112" lon="-121.119420">
        <ele>1234.0</ele>
        <time>2023-07-02T01:52:36Z</time>
      </trkpt>
      <trkpt lat="48.504101" lon="-121.119373">
        <ele>1234.0</ele>
        <time>2023-07-02T01:52:57Z</time>
      </trkpt>
      <trkpt lat="48.504071" lon="-121.119340">
        <ele>1232.0</ele>
        <time>2023-07-02T01:53:15Z</time>
      </trkpt>
      <trkpt lat="48.504003" lon="-121.119423">
        <ele>1232.0</ele>
        <time>2023-07-02T01:53:53Z</time>
      </trkpt>
      <trkpt lat="48.503974" lon="-121.119391">
        <ele>1232.0</ele>
        <time>2023-07-02T01:54:03Z</time>
      </trkpt>
      <trkpt lat="48.503941" lon="-121.119414">
        <ele>1228.0</ele>
        <time>2023-07-02T01:54:38Z</time>
      </trkpt>
      <trkpt lat="48.503906" lon="-121.119411">
        <ele>1220.0</ele>
        <time>2023-07-02T01:55:05Z</time>
      </trkpt>
      <trkpt lat="48.503860" lon="-121.119429">
        <ele>1219.0</ele>
        <time>2023-07-02T01:55:29Z</time>
      </trkpt>
      <trkpt lat="48.503841" lon="-121.119415">
        <ele>1218.0</ele>
        <time>2023-07-02T01:55:53Z</time>
      </trkpt>
      <trkpt lat="48.503784" lon="-121.119458">
        <ele>1221.0</ele>
        <time>2023-07-02T01:56:20Z</time>
      </trkpt>
      <trkpt lat="48.503786" lon="-121.119497">
        <ele>1206.0</ele>
        <time>2023-07-02T01:56:33Z</time>
      </trkpt>
      <trkpt lat="48.503691" lon="-121.119358">
        <ele>1211.0</ele>
        <time>2023-07-02T01:57:27Z</time>
      </trkpt>
      <trkpt lat="48.503684" lon="-121.119442">
        <ele>1214.0</ele>
        <time>2023-07-02T01:57:43Z</time>
      </trkpt>
      <trkpt lat="48.503620" lon="-121.119492">
        <ele>1211.0</ele>
        <time>2023-07-02T01:58:02Z</time>
      </trkpt>
      <trkpt lat="48.503559" lon="-121.119489">
        <ele>1200.0</ele>
        <time>2023-07-02T01:58:31Z</time>
      </trkpt>
      <trkpt lat="48.503516" lon="-121.119515">
        <ele>1208.0</ele>
        <time>2023-07-02T01:58:48Z</time>
      </trkpt>
      <trkpt lat="48.503501" lon="-121.119556">
        <ele>1203.0</ele>
        <time>2023-07-02T01:59:05Z</time>
      </trkpt>
      <trkpt lat="48.503443" lon="-121.119560">
        <ele>1202.0</ele>
        <time>2023-07-02T01:59:34Z</time>
      </trkpt>
      <trkpt lat="48.503390" lon="-121.119576">
        <ele>1202.0</ele>
        <time>2023-07-02T02:01:27Z</time>
      </trkpt>
      <trkpt lat="48.503320" lon="-121.119567">
        <ele>1197.0</ele>
        <time>2023-07-02T02:03:50Z</time>
      </trkpt>
      <trkpt lat="48.503281" lon="-121.119616">
        <ele>1199.0</ele>
        <time>2023-07-02T02:04:10Z</time>
      </trkpt>
      <trkpt lat="48.503248" lon="-121.119628">
        <ele>1201.0</ele>
        <time>2023-07-02T02:04:37Z</time>
      </trkpt>
      <trkpt lat="48.503224" lon="-121.119614">
        <ele>1198.0</ele>
        <time>2023-07-02T02:04:47Z</time>
      </trkpt>
      <trkpt lat="48.503214" lon="-121.119567">
        <ele>1187.0</ele>
        <time>2023-07-02T02:05:07Z</time>
      </trkpt>
      <trkpt lat="48.503163" lon="-121.119530">
        <ele>1190.0</ele>
        <time>2023-07-02T02:05:26Z</time>
      </trkpt>
      <trkpt lat="48.503151" lon="-121.119490">
        <ele>1190.0</ele>
        <time>2023-07-02T02:05:33Z</time>
      </trkpt>
      <trkpt lat="48.503186" lon="-121.119457">
        <ele>1184.0</ele>
        <time>2023-07-02T02:06:03Z</time>
      </trkpt>
      <trkpt lat="48.503144" lon="-121.119386">
        <ele>1189.0</ele>
        <time>2023-07-02T02:06:34Z</time>
      </trkpt>
      <trkpt lat="48.503120" lon="-121.119379">
        <ele>1183.0</ele>
        <time>2023-07-02T02:06:45Z</time>
      </trkpt>
      <trkpt lat="48.503109" lon="-121.119289">
        <ele>1177.0</ele>
        <time>2023-07-02T02:07:06Z</time>
      </trkpt>
      <trkpt lat="48.503112" lon="-121.119208">
        <ele>1179.0</ele>
        <time>2023-07-02T02:07:23Z</time>
      </trkpt>
      <trkpt lat="48.503112" lon="-121.119274">
        <ele>1178.0</ele>
        <time>2023-07-02T02:07:28Z</time>
      </trkpt>
      <trkpt lat="48.503079" lon="-121.119276">
        <ele>1176.0</ele>
        <time>2023-07-02T02:07:33Z</time>
      </trkpt>
      <trkpt lat="48.503098" lon="-121.119236">
        <ele>1176.0</ele>
        <time>2023-07-02T02:07:40Z</time>
      </trkpt>
      <trkpt lat="48.503091" lon="-121.119195">
        <ele>1176.0</ele>
        <time>2023-07-02T02:07:45Z</time>
      </trkpt>
      <trkpt lat="48.503051" lon="-121.119178">
        <ele>1174.0</ele>
        <time>2023-07-02T02:07:52Z</time>
      </trkpt>
      <trkpt lat="48.503036" lon="-121.119198">
        <ele>1173.0</ele>
        <time>2023-07-02T02:07:57Z</time>
      </trkpt>
      <trkpt lat="48.503056" lon="-121.119124">
        <ele>1170.0</ele>
        <time>2023-07-02T02:08:09Z</time>
      </trkpt>
      <trkpt lat="48.503039" lon="-121.119155">
        <ele>1170.0</ele>
        <time>2023-07-02T02:08:13Z</time>
      </trkpt>
      <trkpt lat="48.502975" lon="-121.119202">
        <ele>1170.0</ele>
        <time>2023-07-02T02:08:23Z</time>
      </trkpt>
      <trkpt lat="48.502853" lon="-121.119215">
        <ele>1169.0</ele>
        <time>2023-07-02T02:08:47Z</time>
      </trkpt>
      <trkpt lat="48.502830" lon="-121.119240">
        <ele>1166.0</ele>
        <time>2023-07-02T02:08:55Z</time>
      </trkpt>
      <trkpt lat="48.502786" lon="-121.119246">
        <ele>1165.0</ele>
        <time>2023-07-02T02:09:03Z</time>
      </trkpt>
      <trkpt lat="48.502816" lon="-121.119134">
        <ele>1156.0</ele>
        <time>2023-07-02T02:09:14Z</time>
      </trkpt>
      <trkpt lat="48.502787" lon="-121.119122">
        <ele>1153.0</ele>
        <time>2023-07-02T02:09:24Z</time>
      </trkpt>
      <trkpt lat="48.502769" lon="-121.119162">
        <ele>1158.1</ele>
        <time>2023-07-02T02:09:29Z</time>
      </trkpt>
      <trkpt lat="48.502763" lon="-121.119213">
        <ele>1155.0</ele>
        <time>2023-07-02T02:09:32Z</time>
      </trkpt>
      <trkpt lat="48.502746" lon="-121.119238">
        <ele>1156.0</ele>
        <time>2023-07-02T02:09:35Z</time>
      </trkpt>
      <trkpt lat="48.502717" lon="-121.119219">
        <ele>1158.0</ele>
        <time>2023-07-02T02:09:36Z</time>
      </trkpt>
      <trkpt lat="48.502718" lon="-121.119144">
        <ele>1156.0</ele>
        <time>2023-07-02T02:09:41Z</time>
      </trkpt>
      <trkpt lat="48.502699" lon="-121.119202">
        <ele>1153.0</ele>
        <time>2023-07-02T02:09:47Z</time>
      </trkpt>
      <trkpt lat="48.502673" lon="-121.119174">
        <ele>1155.0</ele>
        <time>2023-07-02T02:09:53Z</time>
      </trkpt>
      <trkpt lat="48.502679" lon="-121.119080">
        <ele>1150.0</ele>
        <time>2023-07-02T02:09:57Z</time>
      </trkpt>
      <trkpt lat="48.502656" lon="-121.119118">
        <ele>1149.0</ele>
        <time>2023-07-02T02:10:00Z</time>
      </trkpt>
      <trkpt lat="48.502626" lon="-121.119092">
        <ele>1148.0</ele>
        <time>2023-07-02T02:10:04Z</time>
      </trkpt>
      <trkpt lat="48.502606" lon="-121.119125">
        <ele>1147.0</ele>
        <time>2023-07-02T02:10:07Z</time>
      </trkpt>
      <trkpt lat="48.502566" lon="-121.119144">
        <ele>1146.0</ele>
        <time>2023-07-02T02:10:12Z</time>
      </trkpt>
      <trkpt lat="48.502516" lon="-121.119136">
        <ele>1146.0</ele>
        <time>2023-07-02T02:10:17Z</time>
      </trkpt>
      <trkpt lat="48.502481" lon="-121.119160">
        <ele>1144.0</ele>
        <time>2023-07-02T02:10:28Z</time>
      </trkpt>
      <trkpt lat="48.502442" lon="-121.119137">
        <ele>1141.0</ele>
        <time>2023-07-02T02:10:33Z</time>
      </trkpt>
      <trkpt lat="48.502409" lon="-121.119181">
        <ele>1134.0</ele>
        <time>2023-07-02T02:10:42Z</time>
      </trkpt>
      <trkpt lat="48.502409" lon="-121.119139">
        <ele>1136.0</ele>
        <time>2023-07-02T02:10:50Z</time>
      </trkpt>
      <trkpt lat="48.502420" lon="-121.119175">
        <ele>1137.0</ele>
        <time>2023-07-02T02:10:55Z</time>
      </trkpt>
      <trkpt lat="48.502343" lon="-121.119189">
        <ele>1135.0</ele>
        <time>2023-07-02T02:11:01Z</time>
      </trkpt>
      <trkpt lat="48.502319" lon="-121.119210">
        <ele>1134.0</ele>
        <time>2023-07-02T02:11:07Z</time>
      </trkpt>
      <trkpt lat="48.502315" lon="-121.119149">
        <ele>1132.0</ele>
        <time>2023-07-02T02:11:15Z</time>
      </trkpt>
      <trkpt lat="48.502292" lon="-121.119140">
        <ele>1132.0</ele>
        <time>2023-07-02T02:11:18Z</time>
      </trkpt>
      <trkpt lat="48.502251" lon="-121.119241">
        <ele>1128.0</ele>
        <time>2023-07-02T02:11:28Z</time>
      </trkpt>
      <trkpt lat="48.502226" lon="-121.119220">
        <ele>1128.0</ele>
        <time>2023-07-02T02:11:35Z</time>
      </trkpt>
      <trkpt lat="48.502189" lon="-121.119161">
        <ele>1128.0</ele>
        <time>2023-07-02T02:11:48Z</time>
      </trkpt>
      <trkpt lat="48.502187" lon="-121.119123">
        <ele>1126.0</ele>
        <time>2023-07-02T02:11:51Z</time>
      </trkpt>
      <trkpt lat="48.502182" lon="-121.119230">
        <ele>1122.0</ele>
        <time>2023-07-02T02:12:04Z</time>
      </trkpt>
      <trkpt lat="48.502155" lon="-121.119213">
        <ele>1124.7</ele>
        <time>2023-07-02T02:12:09Z</time>
      </trkpt>
      <trkpt lat="48.502144" lon="-121.119176">
        <ele>1122.0</ele>
        <time>2023-07-02T02:12:12Z</time>
      </trkpt>
      <trkpt lat="48.502115" lon="-121.119145">
        <ele>1124.0</ele>
        <time>2023-07-02T02:12:16Z</time>
      </trkpt>
      <trkpt lat="48.502116" lon="-121.119076">
        <ele>1121.0</ele>
        <time>2023-07-02T02:12:22Z</time>
      </trkpt>
      <trkpt lat="48.502120" lon="-121.119156">
        <ele>1116.0</ele>
        <time>2023-07-02T02:12:32Z</time>
      </trkpt>
      <trkpt lat="48.502080" lon="-121.119175">
        <ele>1115.0</ele>
        <time>2023-07-02T02:12:37Z</time>
      </trkpt>
      <trkpt lat="48.502069" lon="-121.119094">
        <ele>1116.0</ele>
        <time>2023-07-02T02:12:43Z</time>
      </trkpt>
      <trkpt lat="48.502045" lon="-121.119063">
        <ele>1112.0</ele>
        <time>2023-07-02T02:12:48Z</time>
      </trkpt>
      <trkpt lat="48.502023" lon="-121.119116">
        <ele>1111.0</ele>
        <time>2023-07-02T02:12:59Z</time>
      </trkpt>
      <trkpt lat="48.501986" lon="-121.119074">
        <ele>1110.0</ele>
        <time>2023-07-02T02:13:06Z</time>
      </trkpt>
      <trkpt lat="48.501968" lon="-121.119102">
        <ele>1110.0</ele>
        <time>2023-07-02T02:13:09Z</time>
      </trkpt>
      <trkpt lat="48.501964" lon="-121.119150">
        <ele>1106.0</ele>
        <time>2023-07-02T02:13:13Z</time>
      </trkpt>
      <trkpt lat="48.501933" lon="-121.119148">
        <ele>1104.0</ele>
        <time>2023-07-02T02:13:21Z</time>
      </trkpt>
      <trkpt lat="48.501924" lon="-121.119097">
        <ele>1105.0</ele>
        <time>2023-07-02T02:13:27Z</time>
      </trkpt>
      <trkpt lat="48.501922" lon="-121.119152">
        <ele>1100.0</ele>
        <time>2023-07-02T02:13:35Z</time>
      </trkpt>
      <trkpt lat="48.501875" lon="-121.119143">
        <ele>1102.0</ele>
        <time>2023-07-02T02:13:44Z</time>
      </trkpt>
      <trkpt lat="48.501931" lon="-121.119117">
        <ele>1101.0</ele>
        <time>2023-07-02T02:13:53Z</time>
      </trkpt>
      <trkpt lat="48.501905" lon="-121.119154">
        <ele>1101.0</ele>
        <time>2023-07-02T02:13:56Z</time>
      </trkpt>
      <trkpt lat="48.501870" lon="-121.119183">
        <ele>1098.0</ele>
        <time>2023-07-02T02:14:14Z</time>
      </trkpt>
      <trkpt lat="48.501850" lon="-121.119149">
        <ele>1101.0</ele>
        <time>2023-07-02T02:14:37Z</time>
      </trkpt>
      <trkpt lat="48.501830" lon="-121.119043">
        <ele>1100.0</ele>
        <time>2023-07-02T02:14:55Z</time>
      </trkpt>
      <trkpt lat="48.501820" lon="-121.119125">
        <ele>1096.0</ele>
        <time>2023-07-02T02:15:04Z</time>
      </trkpt>
      <trkpt lat="48.501823" lon="-121.119029">
        <ele>1097.0</ele>
        <time>2023-07-02T02:15:16Z</time>
      </trkpt>
      <trkpt lat="48.501783" lon="-121.119106">
        <ele>1092.0</ele>
        <time>2023-07-02T02:15:24Z</time>
      </trkpt>
      <trkpt lat="48.501739" lon="-121.119097">
        <ele>1086.0</ele>
        <time>2023-07-02T02:15:34Z</time>
      </trkpt>
      <trkpt lat="48.501739" lon="-121.119144">
        <ele>1085.0</ele>
        <time>2023-07-02T02:15:46Z</time>
      </trkpt>
      <trkpt lat="48.501720" lon="-121.119191">
        <ele>1085.0</ele>
        <time>2023-07-02T02:15:52Z</time>
      </trkpt>
      <trkpt lat="48.501655" lon="-121.119200">
        <ele>1085.0</ele>
        <time>2023-07-02T02:15:57Z</time>
      </trkpt>
      <trkpt lat="48.501662" lon="-121.119104">
        <ele>1084.0</ele>
        <time>2023-07-02T02:16:03Z</time>
      </trkpt>
      <trkpt lat="48.501654" lon="-121.119061">
        <ele>1081.0</ele>
        <time>2023-07-02T02:16:07Z</time>
      </trkpt>
      <trkpt lat="48.501677" lon="-121.119076">
        <ele>1082.0</ele>
        <time>2023-07-02T02:16:15Z</time>
      </trkpt>
      <trkpt lat="48.501685" lon="-121.119030">
        <ele>1082.6</ele>
        <time>2023-07-02T02:16:20Z</time>
      </trkpt>
      <trkpt lat="48.501661" lon="-121.118971">
        <ele>1080.0</ele>
        <time>2023-07-02T02:16:25Z</time>
      </trkpt>
      <trkpt lat="48.501627" lon="-121.119076">
        <ele>1076.0</ele>
        <time>2023-07-02T02:16:35Z</time>
      </trkpt>
      <trkpt lat="48.501595" lon="-121.119124">
        <ele>1080.0</ele>
        <time>2023-07-02T02:16:48Z</time>
      </trkpt>
      <trkpt lat="48.501568" lon="-121.119142">
        <ele>1078.0</ele>
        <time>2023-07-02T02:16:54Z</time>
      </trkpt>
      <trkpt lat="48.501598" lon="-121.119072">
        <ele>1080.0</ele>
        <time>2023-07-02T02:17:07Z</time>
      </trkpt>
      <trkpt lat="48.501575" lon="-121.119041">
        <ele>1079.0</ele>
        <time>2023-07-02T02:17:13Z</time>
      </trkpt>
      <trkpt lat="48.501593" lon="-121.119029">
        <ele>1078.0</ele>
        <time>2023-07-02T02:17:18Z</time>
      </trkpt>
      <trkpt lat="48.501589" lon="-121.119082">
        <ele>1079.0</ele>
        <time>2023-07-02T02:17:53Z</time>
      </trkpt>
      <trkpt lat="48.501541" lon="-121.119114">
        <ele>1080.0</ele>
        <time>2023-07-02T02:18:13Z</time>
      </trkpt>
      <trkpt lat="48.501516" lon="-121.119159">
        <ele>1077.0</ele>
        <time>2023-07-02T02:18:20Z</time>
      </trkpt>
      <trkpt lat="48.501482" lon="-121.119155">
        <ele>1075.0</ele>
        <time>2023-07-02T02:18:24Z</time>
      </trkpt>
      <trkpt lat="48.501443" lon="-121.119189">
        <ele>1072.0</ele>
        <time>2023-07-02T02:18:30Z</time>
      </trkpt>
      <trkpt lat="48.501409" lon="-121.119147">
        <ele>1072.0</ele>
        <time>2023-07-02T02:18:37Z</time>
      </trkpt>
      <trkpt lat="48.501381" lon="-121.119188">
        <ele>1071.0</ele>
        <time>2023-07-02T02:18:42Z</time>
      </trkpt>
      <trkpt lat="48.501369" lon="-121.119175">
        <ele>1070.0</ele>
        <time>2023-07-02T02:18:48Z</time>
      </trkpt>
      <trkpt lat="48.501356" lon="-121.119134">
        <ele>1071.0</ele>
        <time>2023-07-02T02:18:56Z</time>
      </trkpt>
      <trkpt lat="48.501376" lon="-121.119102">
        <ele>1069.0</ele>
        <time>2023-07-02T02:19:00Z</time>
      </trkpt>
      <trkpt lat="48.501361" lon="-121.119062">
        <ele>1070.0</ele>
        <time>2023-07-02T02:19:05Z</time>
      </trkpt>
      <trkpt lat="48.501350" lon="-121.119129">
        <ele>1068.0</ele>
        <time>2023-07-02T02:19:09Z</time>
      </trkpt>
      <trkpt lat="48.501368" lon="-121.119164">
        <ele>1068.0</ele>
        <time>2023-07-02T02:19:11Z</time>
      </trkpt>
      <trkpt lat="48.501337" lon="-121.119175">
        <ele>1066.0</ele>
        <time>2023-07-02T02:19:17Z</time>
      </trkpt>
      <trkpt lat="48.501331" lon="-121.119127">
        <ele>1066.0</ele>
        <time>2023-07-02T02:19:21Z</time>
      </trkpt>
      <trkpt lat="48.501355" lon="-121.119090">
        <ele>1064.0</ele>
        <time>2023-07-02T02:19:26Z</time>
      </trkpt>
      <trkpt lat="48.501340" lon="-121.119115">
        <ele>1062.0</ele>
        <time>2023-07-02T02:19:31Z</time>
      </trkpt>
      <trkpt lat="48.501273" lon="-121.119170">
        <ele>1060.0</ele>
        <time>2023-07-02T02:19:38Z</time>
      </trkpt>
      <trkpt lat="48.501253" lon="-121.119160">
        <ele>1060.0</ele>
        <time>2023-07-02T02:19:44Z</time>
      </trkpt>
      <trkpt lat="48.501205" lon="-121.119175">
        <ele>1053.0</ele>
        <time>2023-07-02T02:19:57Z</time>
      </trkpt>
      <trkpt lat="48.501160" lon="-121.119170">
        <ele>1056.0</ele>
        <time>2023-07-02T02:20:15Z</time>
      </trkpt>
      <trkpt lat="48.501129" lon="-121.119186">
        <ele>1056.0</ele>
        <time>2023-07-02T02:20:20Z</time>
      </trkpt>
      <trkpt lat="48.501123" lon="-121.119242">
        <ele>1055.0</ele>
        <time>2023-07-02T02:20:28Z</time>
      </trkpt>
      <trkpt lat="48.501055" lon="-121.119347">
        <ele>1054.0</ele>
        <time>2023-07-02T02:20:44Z</time>
      </trkpt>
      <trkpt lat="48.501022" lon="-121.119353">
        <ele>1053.0</ele>
        <time>2023-07-02T02:20:47Z</time>
      </trkpt>
      <trkpt lat="48.501005" lon="-121.119326">
        <ele>1054.9</ele>
        <time>2023-07-02T02:20:49Z</time>
      </trkpt>
      <trkpt lat="48.501019" lon="-121.119279">
        <ele>1053.0</ele>
        <time>2023-07-02T02:20:51Z</time>
      </trkpt>
      <trkpt lat="48.500991" lon="-121.119221">
        <ele>1051.0</ele>
        <time>2023-07-02T02:20:56Z</time>
      </trkpt>
      <trkpt lat="48.500996" lon="-121.119167">
        <ele>1048.0</ele>
        <time>2023-07-02T02:21:00Z</time>
      </trkpt>
      <trkpt lat="48.501011" lon="-121.119220">
        <ele>1045.0</ele>
        <time>2023-07-02T02:21:04Z</time>
      </trkpt>
      <trkpt lat="48.501010" lon="-121.119259">
        <ele>1044.0</ele>
        <time>2023-07-02T02:21:06Z</time>
      </trkpt>
      <trkpt lat="48.500961" lon="-121.119261">
        <ele>1046.0</ele>
        <time>2023-07-02T02:21:20Z</time>
      </trkpt>
      <trkpt lat="48.500938" lon="-121.119230">
        <ele>1047.9</ele>
        <time>2023-07-02T02:21:27Z</time>
      </trkpt>
      <trkpt lat="48.500952" lon="-121.119267">
        <ele>1044.0</ele>
        <time>2023-07-02T02:21:33Z</time>
      </trkpt>
      <trkpt lat="48.500888" lon="-121.119305">
        <ele>1044.0</ele>
        <time>2023-07-02T02:21:44Z</time>
      </trkpt>
      <trkpt lat="48.500854" lon="-121.119294">
        <ele>1040.0</ele>
        <time>2023-07-02T02:21:54Z</time>
      </trkpt>
      <trkpt lat="48.500726" lon="-121.119379">
        <ele>1032.0</ele>
        <time>2023-07-02T02:22:27Z</time>
      </trkpt>
      <trkpt lat="48.500720" lon="-121.119421">
        <ele>1030.0</ele>
        <time>2023-07-02T02:22:33Z</time>
      </trkpt>
      <trkpt lat="48.500663" lon="-121.119416">
        <ele>1032.0</ele>
        <time>2023-07-02T02:22:43Z</time>
      </trkpt>
      <trkpt lat="48.500556" lon="-121.119530">
        <ele>1027.0</ele>
        <time>2023-07-02T02:23:00Z</time>
      </trkpt>
      <trkpt lat="48.500520" lon="-121.119527">
        <ele>1024.0</ele>
        <time>2023-07-02T02:23:08Z</time>
      </trkpt>
      <trkpt lat="48.500474" lon="-121.119549">
        <ele>1017.0</ele>
        <time>2023-07-02T02:23:26Z</time>
      </trkpt>
      <trkpt lat="48.500447" lon="-121.119592">
        <ele>1017.0</ele>
        <time>2023-07-02T02:23:38Z</time>
      </trkpt>
      <trkpt lat="48.500389" lon="-121.119621">
        <ele>1014.0</ele>
        <time>2023-07-02T02:23:49Z</time>
      </trkpt>
      <trkpt lat="48.500335" lon="-121.119631">
        <ele>1015.0</ele>
        <time>2023-07-02T02:24:07Z</time>
      </trkpt>
      <trkpt lat="48.500321" lon="-121.119566">
        <ele>1015.0</ele>
        <time>2023-07-02T02:24:13Z</time>
      </trkpt>
      <trkpt lat="48.500303" lon="-121.119596">
        <ele>1016.1</ele>
        <time>2023-07-02T02:24:17Z</time>
      </trkpt>
      <trkpt lat="48.500306" lon="-121.119675">
        <ele>1013.0</ele>
        <time>2023-07-02T02:24:23Z</time>
      </trkpt>
      <trkpt lat="48.500261" lon="-121.119651">
        <ele>1011.0</ele>
        <time>2023-07-02T02:24:35Z</time>
      </trkpt>
      <trkpt lat="48.500245" lon="-121.119703">
        <ele>1011.0</ele>
        <time>2023-07-02T02:24:41Z</time>
      </trkpt>
      <trkpt lat="48.500151" lon="-121.119634">
        <ele>998.0</ele>
        <time>2023-07-02T02:25:01Z</time>
      </trkpt>
      <trkpt lat="48.500150" lon="-121.119682">
        <ele>1000.0</ele>
        <time>2023-07-02T02:25:08Z</time>
      </trkpt>
      <trkpt lat="48.500112" lon="-121.119708">
        <ele>1000.0</ele>
        <time>2023-07-02T02:25:14Z</time>
      </trkpt>
      <trkpt lat="48.500110" lon="-121.119661">
        <ele>1001.0</ele>
        <time>2023-07-02T02:25:19Z</time>
      </trkpt>
      <trkpt lat="48.500131" lon="-121.119620">
        <ele>1000.0</ele>
        <time>2023-07-02T02:25:21Z</time>
      </trkpt>
      <trkpt lat="48.500079" lon="-121.119548">
        <ele>1000.0</ele>
        <time>2023-07-02T02:25:29Z</time>
      </trkpt>
      <trkpt lat="48.500044" lon="-121.119585">
        <ele>998.0</ele>
        <time>2023-07-02T02:25:39Z</time>
      </trkpt>
      <trkpt lat="48.500013" lon="-121.119510">
        <ele>997.0</ele>
        <time>2023-07-02T02:25:50Z</time>
      </trkpt>
      <trkpt lat="48.499998" lon="-121.119581">
        <ele>994.0</ele>
        <time>2023-07-02T02:25:54Z</time>
      </trkpt>
      <trkpt lat="48.500001" lon="-121.119623">
        <ele>992.0</ele>
        <time>2023-07-02T02:25:56Z</time>
      </trkpt>
      <trkpt lat="48.499934" lon="-121.119746">
        <ele>994.0</ele>
        <time>2023-07-02T02:26:07Z</time>
      </trkpt>
      <trkpt lat="48.499891" lon="-121.119728">
        <ele>993.0</ele>
        <time>2023-07-02T02:26:16Z</time>
      </trkpt>
      <trkpt lat="48.499837" lon="-121.119733">
        <ele>990.0</ele>
        <time>2023-07-02T02:26:29Z</time>
      </trkpt>
      <trkpt lat="48.499771" lon="-121.119785">
        <ele>984.0</ele>
        <time>2023-07-02T02:26:44Z</time>
      </trkpt>
      <trkpt lat="48.499742" lon="-121.119774">
        <ele>985.0</ele>
        <time>2023-07-02T02:26:49Z</time>
      </trkpt>
      <trkpt lat="48.499723" lon="-121.119828">
        <ele>984.0</ele>
        <time>2023-07-02T02:27:01Z</time>
      </trkpt>
      <trkpt lat="48.499688" lon="-121.119867">
        <ele>983.0</ele>
        <time>2023-07-02T02:27:07Z</time>
      </trkpt>
      <trkpt lat="48.499674" lon="-121.119713">
        <ele>978.0</ele>
        <time>2023-07-02T02:27:20Z</time>
      </trkpt>
      <trkpt lat="48.499646" lon="-121.119678">
        <ele>977.0</ele>
        <time>2023-07-02T02:27:29Z</time>
      </trkpt>
      <trkpt lat="48.499586" lon="-121.119867">
        <ele>975.0</ele>
        <time>2023-07-02T02:27:47Z</time>
      </trkpt>
      <trkpt lat="48.499510" lon="-121.119886">
        <ele>972.0</ele>
        <time>2023-07-02T02:27:59Z</time>
      </trkpt>
      <trkpt lat="48.499475" lon="-121.120007">
        <ele>970.0</ele>
        <time>2023-07-02T02:28:12Z</time>
      </trkpt>
      <trkpt lat="48.499423" lon="-121.120088">
        <ele>969.0</ele>
        <time>2023-07-02T02:28:22Z</time>
      </trkpt>
      <trkpt lat="48.499387" lon="-121.120121">
        <ele>966.0</ele>
        <time>2023-07-02T02:28:28Z</time>
      </trkpt>
      <trkpt lat="48.499310" lon="-121.119999">
        <ele>963.0</ele>
        <time>2023-07-02T02:28:48Z</time>
      </trkpt>
      <trkpt lat="48.499261" lon="-121.120025">
        <ele>961.0</ele>
        <time>2023-07-02T02:29:00Z</time>
      </trkpt>
      <trkpt lat="48.499127" lon="-121.120353">
        <ele>957.0</ele>
        <time>2023-07-02T02:29:41Z</time>
      </trkpt>
      <trkpt lat="48.499088" lon="-121.120418">
        <ele>954.0</ele>
        <time>2023-07-02T02:29:48Z</time>
      </trkpt>
      <trkpt lat="48.499097" lon="-121.120525">
        <ele>955.0</ele>
        <time>2023-07-02T02:29:57Z</time>
      </trkpt>
      <trkpt lat="48.499054" lon="-121.120555">
        <ele>952.0</ele>
        <time>2023-07-02T02:30:03Z</time>
      </trkpt>
      <trkpt lat="48.499040" lon="-121.120523">
        <ele>949.0</ele>
        <time>2023-07-02T02:30:09Z</time>
      </trkpt>
      <trkpt lat="48.499007" lon="-121.120505">
        <ele>948.0</ele>
        <time>2023-07-02T02:30:13Z</time>
      </trkpt>
      <trkpt lat="48.498993" lon="-121.120587">
        <ele>944.0</ele>
        <time>2023-07-02T02:30:22Z</time>
      </trkpt>
      <trkpt lat="48.498961" lon="-121.120584">
        <ele>945.0</ele>
        <time>2023-07-02T02:30:27Z</time>
      </trkpt>
      <trkpt lat="48.498911" lon="-121.120517">
        <ele>940.0</ele>
        <time>2023-07-02T02:30:37Z</time>
      </trkpt>
      <trkpt lat="48.498890" lon="-121.120441">
        <ele>940.0</ele>
        <time>2023-07-02T02:30:47Z</time>
      </trkpt>
      <trkpt lat="48.498829" lon="-121.120601">
        <ele>932.0</ele>
        <time>2023-07-02T02:31:10Z</time>
      </trkpt>
      <trkpt lat="48.498792" lon="-121.120658">
        <ele>934.0</ele>
        <time>2023-07-02T02:31:17Z</time>
      </trkpt>
      <trkpt lat="48.498796" lon="-121.120698">
        <ele>935.3</ele>
        <time>2023-07-02T02:31:22Z</time>
      </trkpt>
      <trkpt lat="48.498751" lon="-121.120677">
        <ele>931.0</ele>
        <time>2023-07-02T02:31:43Z</time>
      </trkpt>
      <trkpt lat="48.498742" lon="-121.120712">
        <ele>928.0</ele>
        <time>2023-07-02T02:31:55Z</time>
      </trkpt>
      <trkpt lat="48.498711" lon="-121.120736">
        <ele>927.0</ele>
        <time>2023-07-02T02:32:01Z</time>
      </trkpt>
      <trkpt lat="48.498694" lon="-121.120676">
        <ele>926.0</ele>
        <time>2023-07-02T02:32:08Z</time>
      </trkpt>
      <trkpt lat="48.498692" lon="-121.120553">
        <ele>920.0</ele>
        <time>2023-07-02T02:32:22Z</time>
      </trkpt>
      <trkpt lat="48.498661" lon="-121.120527">
        <ele>925.0</ele>
        <time>2023-07-02T02:32:29Z</time>
      </trkpt>
      <trkpt lat="48.498648" lon="-121.120649">
        <ele>920.0</ele>
        <time>2023-07-02T02:32:41Z</time>
      </trkpt>
      <trkpt lat="48.498637" lon="-121.120602">
        <ele>920.0</ele>
        <time>2023-07-02T02:32:47Z</time>
      </trkpt>
      <trkpt lat="48.498638" lon="-121.120554">
        <ele>918.0</ele>
        <time>2023-07-02T02:32:49Z</time>
      </trkpt>
      <trkpt lat="48.498610" lon="-121.120610">
        <ele>912.0</ele>
        <time>2023-07-02T02:33:00Z</time>
      </trkpt>
      <trkpt lat="48.498532" lon="-121.120612">
        <ele>914.0</ele>
        <time>2023-07-02T02:33:25Z</time>
      </trkpt>
      <trkpt lat="48.498540" lon="-121.120493">
        <ele>912.0</ele>
        <time>2023-07-02T02:33:49Z</time>
      </trkpt>
      <trkpt lat="48.498531" lon="-121.120570">
        <ele>909.0</ele>
        <time>2023-07-02T02:33:57Z</time>
      </trkpt>
      <trkpt lat="48.498500" lon="-121.120540">
        <ele>904.0</ele>
        <time>2023-07-02T02:34:05Z</time>
      </trkpt>
      <trkpt lat="48.498475" lon="-121.120554">
        <ele>904.0</ele>
        <time>2023-07-02T02:34:15Z</time>
      </trkpt>
      <trkpt lat="48.498464" lon="-121.120597">
        <ele>900.0</ele>
        <time>2023-07-02T02:34:24Z</time>
      </trkpt>
      <trkpt lat="48.498488" lon="-121.120621">
        <ele>900.0</ele>
        <time>2023-07-02T02:34:31Z</time>
      </trkpt>
      <trkpt lat="48.498456" lon="-121.120685">
        <ele>900.0</ele>
        <time>2023-07-02T02:34:42Z</time>
      </trkpt>
      <trkpt lat="48.498412" lon="-121.120674">
        <ele>900.0</ele>
        <time>2023-07-02T02:34:53Z</time>
      </trkpt>
      <trkpt lat="48.498413" lon="-121.120629">
        <ele>900.0</ele>
        <time>2023-07-02T02:34:58Z</time>
      </trkpt>
      <trkpt lat="48.498385" lon="-121.120596">
        <ele>899.5</ele>
        <time>2023-07-02T02:35:05Z</time>
      </trkpt>
      <trkpt lat="48.498371" lon="-121.120585">
        <ele>900.0</ele>
        <time>2023-07-02T02:35:13Z</time>
      </trkpt>
      <trkpt lat="48.498375" lon="-121.120630">
        <ele>896.0</ele>
        <time>2023-07-02T02:35:25Z</time>
      </trkpt>
      <trkpt lat="48.498299" lon="-121.120584">
        <ele>895.0</ele>
        <time>2023-07-02T02:35:40Z</time>
      </trkpt>
      <trkpt lat="48.498295" lon="-121.120551">
        <ele>894.0</ele>
        <time>2023-07-02T02:35:42Z</time>
      </trkpt>
      <trkpt lat="48.498317" lon="-121.120649">
        <ele>888.0</ele>
        <time>2023-07-02T02:35:56Z</time>
      </trkpt>
      <trkpt lat="48.498283" lon="-121.120654">
        <ele>885.0</ele>
        <time>2023-07-02T02:36:01Z</time>
      </trkpt>
      <trkpt lat="48.498237" lon="-121.120639">
        <ele>885.0</ele>
        <time>2023-07-02T02:36:10Z</time>
      </trkpt>
      <trkpt lat="48.498230" lon="-121.120575">
        <ele>884.0</ele>
        <time>2023-07-02T02:36:17Z</time>
      </trkpt>
      <trkpt lat="48.498238" lon="-121.120675">
        <ele>885.0</ele>
        <time>2023-07-02T02:36:24Z</time>
      </trkpt>
      <trkpt lat="48.498221" lon="-121.120718">
        <ele>884.0</ele>
        <time>2023-07-02T02:36:31Z</time>
      </trkpt>
      <trkpt lat="48.498184" lon="-121.120682">
        <ele>882.0</ele>
        <time>2023-07-02T02:36:42Z</time>
      </trkpt>
      <trkpt lat="48.498156" lon="-121.120700">
        <ele>882.0</ele>
        <time>2023-07-02T02:36:48Z</time>
      </trkpt>
      <trkpt lat="48.498143" lon="-121.120737">
        <ele>876.0</ele>
        <time>2023-07-02T02:36:55Z</time>
      </trkpt>
      <trkpt lat="48.498100" lon="-121.120719">
        <ele>873.0</ele>
        <time>2023-07-02T02:37:15Z</time>
      </trkpt>
      <trkpt lat="48.498081" lon="-121.120686">
        <ele>871.0</ele>
        <time>2023-07-02T02:37:33Z</time>
      </trkpt>
      <trkpt lat="48.498059" lon="-121.120687">
        <ele>873.0</ele>
        <time>2023-07-02T02:37:37Z</time>
      </trkpt>
      <trkpt lat="48.498050" lon="-121.120742">
        <ele>870.0</ele>
        <time>2023-07-02T02:37:44Z</time>
      </trkpt>
      <trkpt lat="48.497981" lon="-121.120830">
        <ele>870.0</ele>
        <time>2023-07-02T02:38:00Z</time>
      </trkpt>
      <trkpt lat="48.497956" lon="-121.120763">
        <ele>868.0</ele>
        <time>2023-07-02T02:38:10Z</time>
      </trkpt>
      <trkpt lat="48.497960" lon="-121.120800">
        <ele>864.0</ele>
        <time>2023-07-02T02:38:15Z</time>
      </trkpt>
      <trkpt lat="48.497901" lon="-121.120753">
        <ele>867.0</ele>
        <time>2023-07-02T02:38:25Z</time>
      </trkpt>
      <trkpt lat="48.497880" lon="-121.120718">
        <ele>865.0</ele>
        <time>2023-07-02T02:38:30Z</time>
      </trkpt>
      <trkpt lat="48.497893" lon="-121.120771">
        <ele>861.0</ele>
        <time>2023-07-02T02:38:37Z</time>
      </trkpt>
      <trkpt lat="48.497857" lon="-121.120874">
        <ele>860.0</ele>
        <time>2023-07-02T02:38:51Z</time>
      </trkpt>
      <trkpt lat="48.497848" lon="-121.120819">
        <ele>858.0</ele>
        <time>2023-07-02T02:39:03Z</time>
      </trkpt>
      <trkpt lat="48.497814" lon="-121.120833">
        <ele>856.0</ele>
        <time>2023-07-02T02:39:09Z</time>
      </trkpt>
      <trkpt lat="48.497805" lon="-121.120904">
        <ele>856.0</ele>
        <time>2023-07-02T02:39:17Z</time>
      </trkpt>
      <trkpt lat="48.497761" lon="-121.120911">
        <ele>854.0</ele>
        <time>2023-07-02T02:39:28Z</time>
      </trkpt>
      <trkpt lat="48.497743" lon="-121.120956">
        <ele>851.0</ele>
        <time>2023-07-02T02:39:38Z</time>
      </trkpt>
      <trkpt lat="48.497723" lon="-121.120899">
        <ele>848.0</ele>
        <time>2023-07-02T02:39:46Z</time>
      </trkpt>
      <trkpt lat="48.497667" lon="-121.120992">
        <ele>846.0</ele>
        <time>2023-07-02T02:39:58Z</time>
      </trkpt>
      <trkpt lat="48.497642" lon="-121.120967">
        <ele>845.0</ele>
        <time>2023-07-02T02:40:05Z</time>
      </trkpt>
      <trkpt lat="48.497642" lon="-121.120880">
        <ele>844.0</ele>
        <time>2023-07-02T02:40:16Z</time>
      </trkpt>
      <trkpt lat="48.497680" lon="-121.120889">
        <ele>841.0</ele>
        <time>2023-07-02T02:40:25Z</time>
      </trkpt>
      <trkpt lat="48.497671" lon="-121.120958">
        <ele>843.0</ele>
        <time>2023-07-02T02:40:33Z</time>
      </trkpt>
      <trkpt lat="48.497635" lon="-121.121042">
        <ele>849.0</ele>
        <time>2023-07-02T02:40:40Z</time>
      </trkpt>
      <trkpt lat="48.497684" lon="-121.120954">
        <ele>847.0</ele>
        <time>2023-07-02T02:40:45Z</time>
      </trkpt>
      <trkpt lat="48.497671" lon="-121.120908">
        <ele>846.0</ele>
        <time>2023-07-02T02:40:49Z</time>
      </trkpt>
      <trkpt lat="48.497651" lon="-121.120925">
        <ele>845.0</ele>
        <time>2023-07-02T02:40:55Z</time>
      </trkpt>
      <trkpt lat="48.497642" lon="-121.121052">
        <ele>846.0</ele>
        <time>2023-07-02T02:41:03Z</time>
      </trkpt>
      <trkpt lat="48.497616" lon="-121.121168">
        <ele>856.0</ele>
        <time>2023-07-02T02:41:42Z</time>
      </trkpt>
      <trkpt lat="48.497672" lon="-121.121003">
        <ele>855.0</ele>
        <time>2023-07-02T02:41:50Z</time>
      </trkpt>
      <trkpt lat="48.497664" lon="-121.120903">
        <ele>854.0</ele>
        <time>2023-07-02T02:41:58Z</time>
      </trkpt>
      <trkpt lat="48.497647" lon="-121.120943">
        <ele>849.0</ele>
        <time>2023-07-02T02:42:06Z</time>
      </trkpt>
      <trkpt lat="48.497670" lon="-121.120964">
        <ele>850.0</ele>
        <time>2023-07-02T02:42:20Z</time>
      </trkpt>
      <trkpt lat="48.497698" lon="-121.120907">
        <ele>852.0</ele>
        <time>2023-07-02T02:42:36Z</time>
      </trkpt>
      <trkpt lat="48.497668" lon="-121.120945">
        <ele>850.0</ele>
        <time>2023-07-02T02:42:54Z</time>
      </trkpt>
      <trkpt lat="48.497623" lon="-121.120921">
        <ele>849.0</ele>
        <time>2023-07-02T02:43:08Z</time>
      </trkpt>
      <trkpt lat="48.497660" lon="-121.120882">
        <ele>846.0</ele>
        <time>2023-07-02T02:43:28Z</time>
      </trkpt>
      <trkpt lat="48.497612" lon="-121.120904">
        <ele>842.0</ele>
        <time>2023-07-02T02:44:19Z</time>
      </trkpt>
      <trkpt lat="48.497580" lon="-121.120959">
        <ele>838.0</ele>
        <time>2023-07-02T02:44:32Z</time>
      </trkpt>
      <trkpt lat="48.497550" lon="-121.120903">
        <ele>840.0</ele>
        <time>2023-07-02T02:44:43Z</time>
      </trkpt>
      <trkpt lat="48.497565" lon="-121.120790">
        <ele>838.0</ele>
        <time>2023-07-02T02:44:58Z</time>
      </trkpt>
      <trkpt lat="48.497546" lon="-121.120822">
        <ele>838.0</ele>
        <time>2023-07-02T02:45:05Z</time>
      </trkpt>
      <trkpt lat="48.497534" lon="-121.120900">
        <ele>836.0</ele>
        <time>2023-07-02T02:45:11Z</time>
      </trkpt>
      <trkpt lat="48.497528" lon="-121.120846">
        <ele>833.0</ele>
        <time>2023-07-02T02:45:20Z</time>
      </trkpt>
      <trkpt lat="48.497495" lon="-121.120844">
        <ele>831.0</ele>
        <time>2023-07-02T02:45:31Z</time>
      </trkpt>
      <trkpt lat="48.497455" lon="-121.120947">
        <ele>828.0</ele>
        <time>2023-07-02T02:45:44Z</time>
      </trkpt>
      <trkpt lat="48.497415" lon="-121.120876">
        <ele>829.0</ele>
        <time>2023-07-02T02:45:53Z</time>
      </trkpt>
      <trkpt lat="48.497390" lon="-121.120878">
        <ele>829.0</ele>
        <time>2023-07-02T02:45:57Z</time>
      </trkpt>
      <trkpt lat="48.497363" lon="-121.120798">
        <ele>823.0</ele>
        <time>2023-07-02T02:46:07Z</time>
      </trkpt>
      <trkpt lat="48.497329" lon="-121.120848">
        <ele>824.0</ele>
        <time>2023-07-02T02:46:14Z</time>
      </trkpt>
      <trkpt lat="48.497321" lon="-121.120937">
        <ele>819.0</ele>
        <time>2023-07-02T02:46:22Z</time>
      </trkpt>
      <trkpt lat="48.497275" lon="-121.120877">
        <ele>819.0</ele>
        <time>2023-07-02T02:46:32Z</time>
      </trkpt>
      <trkpt lat="48.497258" lon="-121.120906">
        <ele>820.0</ele>
        <time>2023-07-02T02:46:37Z</time>
      </trkpt>
      <trkpt lat="48.497266" lon="-121.120937">
        <ele>819.0</ele>
        <time>2023-07-02T02:46:41Z</time>
      </trkpt>
      <trkpt lat="48.497237" lon="-121.120906">
        <ele>818.0</ele>
        <time>2023-07-02T02:46:46Z</time>
      </trkpt>
      <trkpt lat="48.497229" lon="-121.121015">
        <ele>815.0</ele>
        <time>2023-07-02T02:46:54Z</time>
      </trkpt>
      <trkpt lat="48.497153" lon="-121.121143">
        <ele>809.0</ele>
        <time>2023-07-02T02:47:13Z</time>
      </trkpt>
      <trkpt lat="48.497129" lon="-121.121212">
        <ele>810.0</ele>
        <time>2023-07-02T02:47:19Z</time>
      </trkpt>
      <trkpt lat="48.497103" lon="-121.121235">
        <ele>807.0</ele>
        <time>2023-07-02T02:47:25Z</time>
      </trkpt>
      <trkpt lat="48.497056" lon="-121.121167">
        <ele>806.0</ele>
        <time>2023-07-02T02:47:35Z</time>
      </trkpt>
      <trkpt lat="48.497045" lon="-121.121130">
        <ele>804.0</ele>
        <time>2023-07-02T02:47:38Z</time>
      </trkpt>
      <trkpt lat="48.497050" lon="-121.121275">
        <ele>805.0</ele>
        <time>2023-07-02T02:47:51Z</time>
      </trkpt>
      <trkpt lat="48.496985" lon="-121.121186">
        <ele>803.0</ele>
        <time>2023-07-02T02:48:02Z</time>
      </trkpt>
      <trkpt lat="48.496968" lon="-121.121235">
        <ele>801.0</ele>
        <time>2023-07-02T02:48:06Z</time>
      </trkpt>
      <trkpt lat="48.496966" lon="-121.121275">
        <ele>794.0</ele>
        <time>2023-07-02T02:48:11Z</time>
      </trkpt>
      <trkpt lat="48.496915" lon="-121.121344">
        <ele>798.0</ele>
        <time>2023-07-02T02:48:26Z</time>
      </trkpt>
      <trkpt lat="48.496913" lon="-121.121376">
        <ele>798.0</ele>
        <time>2023-07-02T02:48:31Z</time>
      </trkpt>
      <trkpt lat="48.496889" lon="-121.121315">
        <ele>795.0</ele>
        <time>2023-07-02T02:48:37Z</time>
      </trkpt>
      <trkpt lat="48.496879" lon="-121.121385">
        <ele>792.0</ele>
        <time>2023-07-02T02:48:45Z</time>
      </trkpt>
      <trkpt lat="48.496858" lon="-121.121418">
        <ele>791.0</ele>
        <time>2023-07-02T02:48:52Z</time>
      </trkpt>
      <trkpt lat="48.496859" lon="-121.121535">
        <ele>789.0</ele>
        <time>2023-07-02T02:49:08Z</time>
      </trkpt>
      <trkpt lat="48.496836" lon="-121.121567">
        <ele>790.0</ele>
        <time>2023-07-02T02:49:12Z</time>
      </trkpt>
      <trkpt lat="48.496808" lon="-121.121538">
        <ele>788.0</ele>
        <time>2023-07-02T02:49:17Z</time>
      </trkpt>
      <trkpt lat="48.496796" lon="-121.121621">
        <ele>782.0</ele>
        <time>2023-07-02T02:49:33Z</time>
      </trkpt>
      <trkpt lat="48.496749" lon="-121.121608">
        <ele>780.0</ele>
        <time>2023-07-02T02:49:40Z</time>
      </trkpt>
      <trkpt lat="48.496750" lon="-121.121656">
        <ele>778.0</ele>
        <time>2023-07-02T02:49:51Z</time>
      </trkpt>
      <trkpt lat="48.496715" lon="-121.121742">
        <ele>774.0</ele>
        <time>2023-07-02T02:50:16Z</time>
      </trkpt>
      <trkpt lat="48.496689" lon="-121.121734">
        <ele>780.0</ele>
        <time>2023-07-02T02:50:24Z</time>
      </trkpt>
      <trkpt lat="48.496672" lon="-121.121669">
        <ele>779.0</ele>
        <time>2023-07-02T02:50:31Z</time>
      </trkpt>
      <trkpt lat="48.496640" lon="-121.121679">
        <ele>778.0</ele>
        <time>2023-07-02T02:50:37Z</time>
      </trkpt>
      <trkpt lat="48.496650" lon="-121.121712">
        <ele>777.0</ele>
        <time>2023-07-02T02:50:40Z</time>
      </trkpt>
      <trkpt lat="48.496647" lon="-121.121752">
        <ele>776.0</ele>
        <time>2023-07-02T02:50:45Z</time>
      </trkpt>
      <trkpt lat="48.496612" lon="-121.121760">
        <ele>774.0</ele>
        <time>2023-07-02T02:50:52Z</time>
      </trkpt>
      <trkpt lat="48.496596" lon="-121.121717">
        <ele>774.9</ele>
        <time>2023-07-02T02:50:56Z</time>
      </trkpt>
      <trkpt lat="48.496606" lon="-121.121691">
        <ele>773.0</ele>
        <time>2023-07-02T02:50:58Z</time>
      </trkpt>
      <trkpt lat="48.496585" lon="-121.121740">
        <ele>772.0</ele>
        <time>2023-07-02T02:51:04Z</time>
      </trkpt>
      <trkpt lat="48.496564" lon="-121.121718">
        <ele>773.0</ele>
        <time>2023-07-02T02:51:07Z</time>
      </trkpt>
      <trkpt lat="48.496480" lon="-121.121691">
        <ele>772.0</ele>
        <time>2023-07-02T02:51:26Z</time>
      </trkpt>
      <trkpt lat="48.496505" lon="-121.121741">
        <ele>772.0</ele>
        <time>2023-07-02T02:51:31Z</time>
      </trkpt>
      <trkpt lat="48.496484" lon="-121.121865">
        <ele>768.0</ele>
        <time>2023-07-02T02:51:42Z</time>
      </trkpt>
      <trkpt lat="48.496469" lon="-121.121841">
        <ele>768.0</ele>
        <time>2023-07-02T02:51:45Z</time>
      </trkpt>
      <trkpt lat="48.496440" lon="-121.121860">
        <ele>768.0</ele>
        <time>2023-07-02T02:51:55Z</time>
      </trkpt>
      <trkpt lat="48.496412" lon="-121.121976">
        <ele>762.0</ele>
        <time>2023-07-02T02:52:25Z</time>
      </trkpt>
      <trkpt lat="48.496371" lon="-121.121917">
        <ele>761.0</ele>
        <time>2023-07-02T02:52:37Z</time>
      </trkpt>
      <trkpt lat="48.496327" lon="-121.121890">
        <ele>761.8</ele>
        <time>2023-07-02T02:52:43Z</time>
      </trkpt>
      <trkpt lat="48.496311" lon="-121.121944">
        <ele>756.0</ele>
        <time>2023-07-02T02:52:51Z</time>
      </trkpt>
      <trkpt lat="48.496325" lon="-121.122024">
        <ele>756.0</ele>
        <time>2023-07-02T02:52:56Z</time>
      </trkpt>
      <trkpt lat="48.496301" lon="-121.122057">
        <ele>756.0</ele>
        <time>2023-07-02T02:53:00Z</time>
      </trkpt>
      <trkpt lat="48.496305" lon="-121.122026">
        <ele>756.0</ele>
        <time>2023-07-02T02:53:02Z</time>
      </trkpt>
      <trkpt lat="48.496250" lon="-121.121964">
        <ele>754.0</ele>
        <time>2023-07-02T02:53:12Z</time>
      </trkpt>
      <trkpt lat="48.496216" lon="-121.121958">
        <ele>750.0</ele>
        <time>2023-07-02T02:53:18Z</time>
      </trkpt>
      <trkpt lat="48.496170" lon="-121.121979">
        <ele>751.0</ele>
        <time>2023-07-02T02:53:25Z</time>
      </trkpt>
      <trkpt lat="48.496150" lon="-121.121976">
        <ele>746.0</ele>
        <time>2023-07-02T02:53:34Z</time>
      </trkpt>
      <trkpt lat="48.496124" lon="-121.121842">
        <ele>746.0</ele>
        <time>2023-07-02T02:53:43Z</time>
      </trkpt>
      <trkpt lat="48.496097" lon="-121.121823">
        <ele>744.0</ele>
        <time>2023-07-02T02:53:46Z</time>
      </trkpt>
      <trkpt lat="48.496066" lon="-121.121836">
        <ele>744.0</ele>
        <time>2023-07-02T02:53:50Z</time>
      </trkpt>
      <trkpt lat="48.496071" lon="-121.121899">
        <ele>742.0</ele>
        <time>2023-07-02T02:53:54Z</time>
      </trkpt>
      <trkpt lat="48.496041" lon="-121.121896">
        <ele>744.0</ele>
        <time>2023-07-02T02:53:59Z</time>
      </trkpt>
      <trkpt lat="48.496016" lon="-121.121875">
        <ele>744.0</ele>
        <time>2023-07-02T02:54:03Z</time>
      </trkpt>
      <trkpt lat="48.495992" lon="-121.121952">
        <ele>736.0</ele>
        <time>2023-07-02T02:54:14Z</time>
      </trkpt>
      <trkpt lat="48.495972" lon="-121.121968">
        <ele>736.0</ele>
        <time>2023-07-02T02:54:19Z</time>
      </trkpt>
      <trkpt lat="48.495933" lon="-121.121823">
        <ele>734.0</ele>
        <time>2023-07-02T02:54:29Z</time>
      </trkpt>
      <trkpt lat="48.495911" lon="-121.121787">
        <ele>734.0</ele>
        <time>2023-07-02T02:54:32Z</time>
      </trkpt>
      <trkpt lat="48.495891" lon="-121.121898">
        <ele>729.0</ele>
        <time>2023-07-02T02:54:44Z</time>
      </trkpt>
      <trkpt lat="48.495865" lon="-121.121959">
        <ele>728.0</ele>
        <time>2023-07-02T02:54:57Z</time>
      </trkpt>
      <trkpt lat="48.495810" lon="-121.121958">
        <ele>730.0</ele>
        <time>2023-07-02T02:55:06Z</time>
      </trkpt>
      <trkpt lat="48.495812" lon="-121.122017">
        <ele>728.0</ele>
        <time>2023-07-02T02:55:12Z</time>
      </trkpt>
      <trkpt lat="48.495779" lon="-121.122000">
        <ele>729.0</ele>
        <time>2023-07-02T02:55:22Z</time>
      </trkpt>
      <trkpt lat="48.495792" lon="-121.122048">
        <ele>728.0</ele>
        <time>2023-07-02T02:55:34Z</time>
      </trkpt>
      <trkpt lat="48.495743" lon="-121.122035">
        <ele>729.0</ele>
        <time>2023-07-02T02:55:41Z</time>
      </trkpt>
      <trkpt lat="48.495686" lon="-121.122133">
        <ele>724.0</ele>
        <time>2023-07-02T02:55:56Z</time>
      </trkpt>
      <trkpt lat="48.495645" lon="-121.122174">
        <ele>722.0</ele>
        <time>2023-07-02T02:56:04Z</time>
      </trkpt>
      <trkpt lat="48.495635" lon="-121.122241">
        <ele>720.0</ele>
        <time>2023-07-02T02:56:09Z</time>
      </trkpt>
      <trkpt lat="48.495602" lon="-121.122243">
        <ele>722.0</ele>
        <time>2023-07-02T02:56:13Z</time>
      </trkpt>
      <trkpt lat="48.495583" lon="-121.122208">
        <ele>720.0</ele>
        <time>2023-07-02T02:56:15Z</time>
      </trkpt>
      <trkpt lat="48.495590" lon="-121.122271">
        <ele>720.0</ele>
        <time>2023-07-02T02:56:25Z</time>
      </trkpt>
      <trkpt lat="48.495549" lon="-121.122184">
        <ele>714.0</ele>
        <time>2023-07-02T02:56:44Z</time>
      </trkpt>
      <trkpt lat="48.495526" lon="-121.122158">
        <ele>715.3</ele>
        <time>2023-07-02T02:56:49Z</time>
      </trkpt>
      <trkpt lat="48.495519" lon="-121.122092">
        <ele>714.0</ele>
        <time>2023-07-02T02:56:52Z</time>
      </trkpt>
      <trkpt lat="48.495501" lon="-121.122128">
        <ele>713.0</ele>
        <time>2023-07-02T02:56:54Z</time>
      </trkpt>
      <trkpt lat="48.495512" lon="-121.122206">
        <ele>712.0</ele>
        <time>2023-07-02T02:56:57Z</time>
      </trkpt>
      <trkpt lat="48.495497" lon="-121.122243">
        <ele>710.0</ele>
        <time>2023-07-02T02:57:01Z</time>
      </trkpt>
      <trkpt lat="48.495459" lon="-121.122266">
        <ele>710.0</ele>
        <time>2023-07-02T02:57:06Z</time>
      </trkpt>
      <trkpt lat="48.495392" lon="-121.122202">
        <ele>712.0</ele>
        <time>2023-07-02T02:57:12Z</time>
      </trkpt>
      <trkpt lat="48.495365" lon="-121.122271">
        <ele>711.0</ele>
        <time>2023-07-02T02:57:21Z</time>
      </trkpt>
      <trkpt lat="48.495354" lon="-121.122329">
        <ele>713.0</ele>
        <time>2023-07-02T02:57:26Z</time>
      </trkpt>
      <trkpt lat="48.495382" lon="-121.122424">
        <ele>712.0</ele>
        <time>2023-07-02T02:57:35Z</time>
      </trkpt>
      <trkpt lat="48.495379" lon="-121.122519">
        <ele>712.0</ele>
        <time>2023-07-02T02:57:41Z</time>
      </trkpt>
      <trkpt lat="48.495341" lon="-121.122519">
        <ele>712.0</ele>
        <time>2023-07-02T02:57:44Z</time>
      </trkpt>
      <trkpt lat="48.495307" lon="-121.122475">
        <ele>713.0</ele>
        <time>2023-07-02T02:57:47Z</time>
      </trkpt>
      <trkpt lat="48.495262" lon="-121.122465">
        <ele>711.0</ele>
        <time>2023-07-02T02:57:51Z</time>
      </trkpt>
      <trkpt lat="48.495225" lon="-121.122390">
        <ele>711.0</ele>
        <time>2023-07-02T02:57:56Z</time>
      </trkpt>
      <trkpt lat="48.495159" lon="-121.122357">
        <ele>710.0</ele>
        <time>2023-07-02T02:58:02Z</time>
      </trkpt>
      <trkpt lat="48.495146" lon="-121.122317">
        <ele>706.0</ele>
        <time>2023-07-02T02:58:09Z</time>
      </trkpt>
      <trkpt lat="48.495112" lon="-121.122332">
        <ele>706.0</ele>
        <time>2023-07-02T02:58:23Z</time>
      </trkpt>
      <trkpt lat="48.495092" lon="-121.122394">
        <ele>706.0</ele>
        <time>2023-07-02T02:58:29Z</time>
      </trkpt>
      <trkpt lat="48.495067" lon="-121.122435">
        <ele>703.0</ele>
        <time>2023-07-02T02:58:34Z</time>
      </trkpt>
      <trkpt lat="48.495080" lon="-121.122477">
        <ele>699.0</ele>
        <time>2023-07-02T02:58:42Z</time>
      </trkpt>
      <trkpt lat="48.495055" lon="-121.122456">
        <ele>702.0</ele>
        <time>2023-07-02T02:58:47Z</time>
      </trkpt>
      <trkpt lat="48.495024" lon="-121.122545">
        <ele>700.0</ele>
        <time>2023-07-02T02:58:54Z</time>
      </trkpt>
      <trkpt lat="48.494994" lon="-121.122477">
        <ele>702.0</ele>
        <time>2023-07-02T02:59:00Z</time>
      </trkpt>
      <trkpt lat="48.494964" lon="-121.122535">
        <ele>700.0</ele>
        <time>2023-07-02T02:59:03Z</time>
      </trkpt>
      <trkpt lat="48.494962" lon="-121.122570">
        <ele>700.0</ele>
        <time>2023-07-02T02:59:07Z</time>
      </trkpt>
      <trkpt lat="48.494932" lon="-121.122594">
        <ele>697.0</ele>
        <time>2023-07-02T02:59:17Z</time>
      </trkpt>
      <trkpt lat="48.494900" lon="-121.122602">
        <ele>695.0</ele>
        <time>2023-07-02T02:59:25Z</time>
      </trkpt>
      <trkpt lat="48.494877" lon="-121.122745">
        <ele>698.0</ele>
        <time>2023-07-02T02:59:37Z</time>
      </trkpt>
      <trkpt lat="48.494911" lon="-121.122793">
        <ele>697.0</ele>
        <time>2023-07-02T02:59:46Z</time>
      </trkpt>
      <trkpt lat="48.494868" lon="-121.122766">
        <ele>698.0</ele>
        <time>2023-07-02T02:59:52Z</time>
      </trkpt>
      <trkpt lat="48.494852" lon="-121.122700">
        <ele>697.0</ele>
        <time>2023-07-02T02:59:55Z</time>
      </trkpt>
      <trkpt lat="48.494777" lon="-121.122652">
        <ele>696.0</ele>
        <time>2023-07-02T03:00:00Z</time>
      </trkpt>
      <trkpt lat="48.494681" lon="-121.122849">
        <ele>692.0</ele>
        <time>2023-07-02T03:00:16Z</time>
      </trkpt>
      <trkpt lat="48.494681" lon="-121.122998">
        <ele>693.1</ele>
        <time>2023-07-02T03:00:23Z</time>
      </trkpt>
      <trkpt lat="48.494660" lon="-121.122960">
        <ele>690.0</ele>
        <time>2023-07-02T03:00:26Z</time>
      </trkpt>
      <trkpt lat="48.494552" lon="-121.122982">
        <ele>689.0</ele>
        <time>2023-07-02T03:01:02Z</time>
      </trkpt>
      <trkpt lat="48.494485" lon="-121.122966">
        <ele>688.0</ele>
        <time>2023-07-02T03:01:12Z</time>
      </trkpt>
      <trkpt lat="48.494456" lon="-121.122947">
        <ele>689.0</ele>
        <time>2023-07-02T03:01:19Z</time>
      </trkpt>
      <trkpt lat="48.494445" lon="-121.122872">
        <ele>690.0</ele>
        <time>2023-07-02T03:01:30Z</time>
      </trkpt>
      <trkpt lat="48.494471" lon="-121.122879">
        <ele>687.0</ele>
        <time>2023-07-02T03:01:39Z</time>
      </trkpt>
      <trkpt lat="48.494432" lon="-121.122962">
        <ele>686.0</ele>
        <time>2023-07-02T03:01:50Z</time>
      </trkpt>
      <trkpt lat="48.494437" lon="-121.123011">
        <ele>685.0</ele>
        <time>2023-07-02T03:01:53Z</time>
      </trkpt>
      <trkpt lat="48.494403" lon="-121.123077">
        <ele>684.0</ele>
        <time>2023-07-02T03:02:02Z</time>
      </trkpt>
      <trkpt lat="48.494403" lon="-121.123180">
        <ele>684.0</ele>
        <time>2023-07-02T03:02:07Z</time>
      </trkpt>
      <trkpt lat="48.494360" lon="-121.123127">
        <ele>682.0</ele>
        <time>2023-07-02T03:02:12Z</time>
      </trkpt>
      <trkpt lat="48.494348" lon="-121.123164">
        <ele>681.0</ele>
        <time>2023-07-02T03:02:15Z</time>
      </trkpt>
      <trkpt lat="48.494325" lon="-121.123195">
        <ele>680.0</ele>
        <time>2023-07-02T03:02:19Z</time>
      </trkpt>
      <trkpt lat="48.494247" lon="-121.123204">
        <ele>677.0</ele>
        <time>2023-07-02T03:02:28Z</time>
      </trkpt>
      <trkpt lat="48.494182" lon="-121.123156">
        <ele>676.0</ele>
        <time>2023-07-02T03:02:39Z</time>
      </trkpt>
      <trkpt lat="48.494168" lon="-121.123165">
        <ele>678.0</ele>
        <time>2023-07-02T03:02:47Z</time>
      </trkpt>
      <trkpt lat="48.494090" lon="-121.123129">
        <ele>679.0</ele>
        <time>2023-07-02T03:02:55Z</time>
      </trkpt>
      <trkpt lat="48.494057" lon="-121.123168">
        <ele>682.0</ele>
        <time>2023-07-02T03:02:59Z</time>
      </trkpt>
      <trkpt lat="48.494087" lon="-121.123254">
        <ele>677.0</ele>
        <time>2023-07-02T03:03:04Z</time>
      </trkpt>
      <trkpt lat="48.493974" lon="-121.123292">
        <ele>675.0</ele>
        <time>2023-07-02T03:03:20Z</time>
      </trkpt>
      <trkpt lat="48.493964" lon="-121.123244">
        <ele>672.0</ele>
        <time>2023-07-02T03:03:25Z</time>
      </trkpt>
      <trkpt lat="48.493913" lon="-121.123203">
        <ele>672.2</ele>
        <time>2023-07-02T03:03:30Z</time>
      </trkpt>
      <trkpt lat="48.493912" lon="-121.123169">
        <ele>669.0</ele>
        <time>2023-07-02T03:03:32Z</time>
      </trkpt>
      <trkpt lat="48.493886" lon="-121.123131">
        <ele>667.0</ele>
        <time>2023-07-02T03:03:37Z</time>
      </trkpt>
      <trkpt lat="48.493888" lon="-121.123065">
        <ele>666.0</ele>
        <time>2023-07-02T03:03:47Z</time>
      </trkpt>
      <trkpt lat="48.493855" lon="-121.123057">
        <ele>669.0</ele>
        <time>2023-07-02T03:03:51Z</time>
      </trkpt>
      <trkpt lat="48.493843" lon="-121.123029">
        <ele>668.0</ele>
        <time>2023-07-02T03:03:55Z</time>
      </trkpt>
      <trkpt lat="48.493865" lon="-121.123091">
        <ele>668.0</ele>
        <time>2023-07-02T03:04:00Z</time>
      </trkpt>
      <trkpt lat="48.493907" lon="-121.123086">
        <ele>668.0</ele>
        <time>2023-07-02T03:04:02Z</time>
      </trkpt>
      <trkpt lat="48.493975" lon="-121.123003">
        <ele>668.0</ele>
        <time>2023-07-02T03:04:06Z</time>
      </trkpt>
      <trkpt lat="48.494009" lon="-121.123011">
        <ele>667.0</ele>
        <time>2023-07-02T03:04:08Z</time>
      </trkpt>
      <trkpt lat="48.493998" lon="-121.122981">
        <ele>667.6</ele>
        <time>2023-07-02T03:04:12Z</time>
      </trkpt>
      <trkpt lat="48.493954" lon="-121.123044">
        <ele>660.0</ele>
        <time>2023-07-02T03:04:26Z</time>
      </trkpt>
      <trkpt lat="48.493857" lon="-121.123002">
        <ele>662.0</ele>
        <time>2023-07-02T03:04:38Z</time>
      </trkpt>
      <trkpt lat="48.493721" lon="-121.123075">
        <ele>666.0</ele>
        <time>2023-07-02T03:04:56Z</time>
      </trkpt>
      <trkpt lat="48.493727" lon="-121.123106">
        <ele>666.0</ele>
        <time>2023-07-02T03:04:59Z</time>
      </trkpt>
      <trkpt lat="48.493697" lon="-121.123070">
        <ele>665.0</ele>
        <time>2023-07-02T03:05:09Z</time>
      </trkpt>
      <trkpt lat="48.493651" lon="-121.123121">
        <ele>665.0</ele>
        <time>2023-07-02T03:05:18Z</time>
      </trkpt>
      <trkpt lat="48.493614" lon="-121.123100">
        <ele>664.0</ele>
        <time>2023-07-02T03:05:23Z</time>
      </trkpt>
      <trkpt lat="48.493581" lon="-121.123051">
        <ele>666.0</ele>
        <time>2023-07-02T03:05:28Z</time>
      </trkpt>
      <trkpt lat="48.493534" lon="-121.123014">
        <ele>664.0</ele>
        <time>2023-07-02T03:05:32Z</time>
      </trkpt>
      <trkpt lat="48.493502" lon="-121.123011">
        <ele>659.0</ele>
        <time>2023-07-02T03:05:37Z</time>
      </trkpt>
      <trkpt lat="48.493483" lon="-121.122961">
        <ele>663.0</ele>
        <time>2023-07-02T03:05:43Z</time>
      </trkpt>
      <trkpt lat="48.493485" lon="-121.123160">
        <ele>660.0</ele>
        <time>2023-07-02T03:05:57Z</time>
      </trkpt>
      <trkpt lat="48.493464" lon="-121.123190">
        <ele>660.0</ele>
        <time>2023-07-02T03:06:03Z</time>
      </trkpt>
      <trkpt lat="48.493420" lon="-121.123183">
        <ele>657.0</ele>
        <time>2023-07-02T03:06:09Z</time>
      </trkpt>
      <trkpt lat="48.493401" lon="-121.123226">
        <ele>657.0</ele>
        <time>2023-07-02T03:06:14Z</time>
      </trkpt>
      <trkpt lat="48.493361" lon="-121.123231">
        <ele>659.0</ele>
        <time>2023-07-02T03:06:20Z</time>
      </trkpt>
      <trkpt lat="48.493344" lon="-121.123271">
        <ele>660.0</ele>
        <time>2023-07-02T03:06:24Z</time>
      </trkpt>
      <trkpt lat="48.493322" lon="-121.123244">
        <ele>660.0</ele>
        <time>2023-07-02T03:06:27Z</time>
      </trkpt>
      <trkpt lat="48.493288" lon="-121.123235">
        <ele>660.0</ele>
        <time>2023-07-02T03:06:29Z</time>
      </trkpt>
      <trkpt lat="48.493276" lon="-121.123271">
        <ele>660.0</ele>
        <time>2023-07-02T03:06:32Z</time>
      </trkpt>
      <trkpt lat="48.493245" lon="-121.123222">
        <ele>660.0</ele>
        <time>2023-07-02T03:06:37Z</time>
      </trkpt>
      <trkpt lat="48.493228" lon="-121.123265">
        <ele>660.0</ele>
        <time>2023-07-02T03:06:42Z</time>
      </trkpt>
      <trkpt lat="48.493230" lon="-121.123158">
        <ele>656.0</ele>
        <time>2023-07-02T03:06:54Z</time>
      </trkpt>
      <trkpt lat="48.493192" lon="-121.123163">
        <ele>654.0</ele>
        <time>2023-07-02T03:07:04Z</time>
      </trkpt>
      <trkpt lat="48.493144" lon="-121.123221">
        <ele>650.0</ele>
        <time>2023-07-02T03:07:16Z</time>
      </trkpt>
      <trkpt lat="48.493101" lon="-121.123231">
        <ele>654.9</ele>
        <time>2023-07-02T03:07:28Z</time>
      </trkpt>
      <trkpt lat="48.493082" lon="-121.123232">
        <ele>651.0</ele>
        <time>2023-07-02T03:07:33Z</time>
      </trkpt>
      <trkpt lat="48.493048" lon="-121.123191">
        <ele>649.0</ele>
        <time>2023-07-02T03:08:22Z</time>
      </trkpt>
      <trkpt lat="48.493001" lon="-121.123215">
        <ele>654.0</ele>
        <time>2023-07-02T03:08:42Z</time>
      </trkpt>
      <trkpt lat="48.492973" lon="-121.123181">
        <ele>654.0</ele>
        <time>2023-07-02T03:08:48Z</time>
      </trkpt>
      <trkpt lat="48.492913" lon="-121.123288">
        <ele>648.0</ele>
        <time>2023-07-02T03:09:01Z</time>
      </trkpt>
      <trkpt lat="48.492929" lon="-121.123271">
        <ele>652.0</ele>
        <time>2023-07-02T03:09:09Z</time>
      </trkpt>
      <trkpt lat="48.492905" lon="-121.123244">
        <ele>655.0</ele>
        <time>2023-07-02T03:09:21Z</time>
      </trkpt>
      <trkpt lat="48.492795" lon="-121.123212">
        <ele>650.0</ele>
        <time>2023-07-02T03:09:44Z</time>
      </trkpt>
      <trkpt lat="48.492761" lon="-121.123171">
        <ele>650.0</ele>
        <time>2023-07-02T03:09:53Z</time>
      </trkpt>
      <trkpt lat="48.492823" lon="-121.122884">
        <ele>654.0</ele>
        <time>2023-07-02T03:10:11Z</time>
      </trkpt>
      <trkpt lat="48.492815" lon="-121.122759">
        <ele>657.0</ele>
        <time>2023-07-02T03:10:19Z</time>
      </trkpt>
      <trkpt lat="48.492743" lon="-121.122433">
        <ele>656.0</ele>
        <time>2023-07-02T03:10:41Z</time>
      </trkpt>
      <trkpt lat="48.492766" lon="-121.122356">
        <ele>657.0</ele>
        <time>2023-07-02T03:10:45Z</time>
      </trkpt>
      <trkpt lat="48.492749" lon="-121.122292">
        <ele>660.0</ele>
        <time>2023-07-02T03:10:49Z</time>
      </trkpt>
      <trkpt lat="48.492732" lon="-121.122118">
        <ele>660.0</ele>
        <time>2023-07-02T03:11:01Z</time>
      </trkpt>
      <trkpt lat="48.492665" lon="-121.122009">
        <ele>660.0</ele>
        <time>2023-07-02T03:11:12Z</time>
      </trkpt>
      <trkpt lat="48.492602" lon="-121.121856">
        <ele>657.0</ele>
        <time>2023-07-02T03:11:28Z</time>
      </trkpt>
      <trkpt lat="48.492643" lon="-121.121811">
        <ele>654.0</ele>
        <time>2023-07-02T03:19:09Z</time>
      </trkpt>
      <trkpt lat="48.492708" lon="-121.121801">
        <ele>660.0</ele>
        <time>2023-07-02T03:19:39Z</time>
      </trkpt>
      <trkpt lat="48.492700" lon="-121.121849">
        <ele>659.0</ele>
        <time>2023-07-02T03:19:42Z</time>
      </trkpt>
      <trkpt lat="48.492649" lon="-121.121847">
        <ele>659.7</ele>
        <time>2023-07-02T03:25:50Z</time>
      </trkpt>
      <trkpt lat="48.492666" lon="-121.121970">
        <ele>659.8</ele>
        <time>2023-07-02T03:25:52Z</time>
      </trkpt>
      <trkpt lat="48.492755" lon="-121.122253">
        <ele>659.0</ele>
        <time>2023-07-02T03:25:56Z</time>
      </trkpt>
      <trkpt lat="48.492773" lon="-121.122341">
        <ele>659.0</ele>
        <time>2023-07-02T03:25:57Z</time>
      </trkpt>
      <trkpt lat="48.492808" lon="-121.122937">
        <ele>657.1</ele>
        <time>2023-07-02T03:26:02Z</time>
      </trkpt>
      <trkpt lat="48.492753" lon="-121.123407">
        <ele>656.6</ele>
        <time>2023-07-02T03:26:06Z</time>
      </trkpt>
      <trkpt lat="48.492754" lon="-121.123789">
        <ele>656.9</ele>
        <time>2023-07-02T03:26:10Z</time>
      </trkpt>
      <trkpt lat="48.492733" lon="-121.123897">
        <ele>657.5</ele>
        <time>2023-07-02T03:26:11Z</time>
      </trkpt>
      <trkpt lat="48.492715" lon="-121.124140">
        <ele>657.5</ele>
        <time>2023-07-02T03:26:14Z</time>
      </trkpt>
      <trkpt lat="48.492692" lon="-121.124268">
        <ele>657.7</ele>
        <time>2023-07-02T03:26:15Z</time>
      </trkpt>
      <trkpt lat="48.492688" lon="-121.124402">
        <ele>657.6</ele>
        <time>2023-07-02T03:26:16Z</time>
      </trkpt>
      <trkpt lat="48.492616" lon="-121.124832">
        <ele>657.1</ele>
        <time>2023-07-02T03:26:19Z</time>
      </trkpt>
      <trkpt lat="48.492517" lon="-121.125132">
        <ele>657.4</ele>
        <time>2023-07-02T03:26:21Z</time>
      </trkpt>
      <trkpt lat="48.492433" lon="-121.125459">
        <ele>657.0</ele>
        <time>2023-07-02T03:26:23Z</time>
      </trkpt>
      <trkpt lat="48.492215" lon="-121.126099">
        <ele>655.4</ele>
        <time>2023-07-02T03:26:27Z</time>
      </trkpt>
      <trkpt lat="48.491964" lon="-121.126766">
        <ele>651.3</ele>
        <time>2023-07-02T03:26:31Z</time>
      </trkpt>
    </trkseg>
  </trk>
</gpx>
