<?xml version="1.0" ?><gpx xmlns="http://www.topografix.com/GPX/1/1" creator="GaiaGPS" version="1.1" xmlns:xsi="http://www.w3.org/2001/XMLSchema-instance" xsi:schemaLocation="http://www.topografix.com/GPX/1/1 http://www.topografix.com/GPX/1/1/gpx.xsd"><trk><name>Track (5/11/24, 11:22:04AM)</name><desc></desc><extensions><line xmlns="http://www.topografix.com/GPX/gpx_style/0/2"><color>A726BC</color></line></extensions><trkseg><trkpt lat="48.615487" lon="-122.42742"><ele>345.1</ele><time>2024-05-11T18:22:05Z</time></trkpt><trkpt lat="48.615514" lon="-122.427516"><ele>337.7</ele><time>2024-05-11T18:22:14Z</time></trkpt><trkpt lat="48.615522" lon="-122.427518"><ele>336.7</ele><time>2024-05-11T18:22:15Z</time></trkpt><trkpt lat="48.615536" lon="-122.427514"><ele>337.3</ele><time>2024-05-11T18:22:17Z</time></trkpt><trkpt lat="48.615536" lon="-122.4275"><ele>335.9</ele><time>2024-05-11T18:22:19Z</time></trkpt><trkpt lat="48.615513" lon="-122.427458"><ele>333.1</ele><time>2024-05-11T18:22:21Z</time></trkpt><trkpt lat="48.615516" lon="-122.427427"><ele>332.6</ele><time>2024-05-11T18:22:22Z</time></trkpt><trkpt lat="48.615549" lon="-122.427409"><ele>330.0</ele><time>2024-05-11T18:22:23Z</time></trkpt><trkpt lat="48.61563" lon="-122.427464"><ele>332.0</ele><time>2024-05-11T18:22:27Z</time></trkpt><trkpt lat="48.615696" lon="-122.42749"><ele>334.0</ele><time>2024-05-11T18:22:31Z</time></trkpt><trkpt lat="48.615716" lon="-122.427418"><ele>339.2</ele><time>2024-05-11T18:22:33Z</time></trkpt><trkpt lat="48.61571" lon="-122.427468"><ele>336.0</ele><time>2024-05-11T18:22:35Z</time></trkpt><trkpt lat="48.615734" lon="-122.427428"><ele>340.0</ele><time>2024-05-11T18:22:40Z</time></trkpt><trkpt lat="48.615882" lon="-122.427385"><ele>339.0</ele><time>2024-05-11T18:22:56Z</time></trkpt><trkpt lat="48.615982" lon="-122.427424"><ele>339.0</ele><time>2024-05-11T18:23:06Z</time></trkpt><trkpt lat="48.616073" lon="-122.427386"><ele>338.0</ele><time>2024-05-11T18:23:12Z</time></trkpt><trkpt lat="48.616131" lon="-122.42727"><ele>337.0</ele><time>2024-05-11T18:23:19Z</time></trkpt><trkpt lat="48.616168" lon="-122.427274"><ele>337.0</ele><time>2024-05-11T18:23:23Z</time></trkpt><trkpt lat="48.616198" lon="-122.427237"><ele>337.0</ele><time>2024-05-11T18:23:26Z</time></trkpt><trkpt lat="48.616234" lon="-122.427225"><ele>339.0</ele><time>2024-05-11T18:23:29Z</time></trkpt><trkpt lat="48.616273" lon="-122.427234"><ele>338.0</ele><time>2024-05-11T18:23:32Z</time></trkpt><trkpt lat="48.616336" lon="-122.427135"><ele>339.0</ele><time>2024-05-11T18:23:41Z</time></trkpt><trkpt lat="48.61638" lon="-122.427101"><ele>340.0</ele><time>2024-05-11T18:23:47Z</time></trkpt><trkpt lat="48.616454" lon="-122.426975"><ele>340.0</ele><time>2024-05-11T18:23:54Z</time></trkpt><trkpt lat="48.616481" lon="-122.426877"><ele>342.0</ele><time>2024-05-11T18:24:01Z</time></trkpt><trkpt lat="48.61647" lon="-122.426841"><ele>340.0</ele><time>2024-05-11T18:24:04Z</time></trkpt><trkpt lat="48.616488" lon="-122.426786"><ele>344.0</ele><time>2024-05-11T18:24:07Z</time></trkpt><trkpt lat="48.616537" lon="-122.426737"><ele>345.0</ele><time>2024-05-11T18:24:12Z</time></trkpt><trkpt lat="48.616575" lon="-122.426735"><ele>344.0</ele><time>2024-05-11T18:24:14Z</time></trkpt><trkpt lat="48.616561" lon="-122.426689"><ele>344.0</ele><time>2024-05-11T18:24:16Z</time></trkpt><trkpt lat="48.616626" lon="-122.426681"><ele>342.0</ele><time>2024-05-11T18:24:19Z</time></trkpt><trkpt lat="48.616705" lon="-122.426689"><ele>342.0</ele><time>2024-05-11T18:24:26Z</time></trkpt><trkpt lat="48.616733" lon="-122.426706"><ele>341.0</ele><time>2024-05-11T18:24:29Z</time></trkpt><trkpt lat="48.616775" lon="-122.426655"><ele>340.0</ele><time>2024-05-11T18:24:33Z</time></trkpt><trkpt lat="48.616899" lon="-122.426651"><ele>342.0</ele><time>2024-05-11T18:24:44Z</time></trkpt><trkpt lat="48.616886" lon="-122.426603"><ele>344.0</ele><time>2024-05-11T18:24:50Z</time></trkpt><trkpt lat="48.61691" lon="-122.426567"><ele>344.2</ele><time>2024-05-11T18:24:53Z</time></trkpt><trkpt lat="48.616914" lon="-122.426672"><ele>342.0</ele><time>2024-05-11T18:24:59Z</time></trkpt><trkpt lat="48.616965" lon="-122.426654"><ele>342.0</ele><time>2024-05-11T18:25:03Z</time></trkpt><trkpt lat="48.617027" lon="-122.426662"><ele>342.0</ele><time>2024-05-11T18:25:08Z</time></trkpt><trkpt lat="48.617086" lon="-122.426599"><ele>342.0</ele><time>2024-05-11T18:25:15Z</time></trkpt><trkpt lat="48.617131" lon="-122.426619"><ele>340.0</ele><time>2024-05-11T18:25:18Z</time></trkpt><trkpt lat="48.617165" lon="-122.426607"><ele>342.0</ele><time>2024-05-11T18:25:21Z</time></trkpt><trkpt lat="48.617204" lon="-122.426608"><ele>342.0</ele><time>2024-05-11T18:25:24Z</time></trkpt><trkpt lat="48.617223" lon="-122.426566"><ele>344.0</ele><time>2024-05-11T18:25:26Z</time></trkpt><trkpt lat="48.617296" lon="-122.426548"><ele>343.0</ele><time>2024-05-11T18:25:33Z</time></trkpt><trkpt lat="48.617324" lon="-122.426521"><ele>344.0</ele><time>2024-05-11T18:25:38Z</time></trkpt><trkpt lat="48.617379" lon="-122.426525"><ele>346.0</ele><time>2024-05-11T18:25:45Z</time></trkpt><trkpt lat="48.617377" lon="-122.426468"><ele>346.0</ele><time>2024-05-11T18:25:48Z</time></trkpt><trkpt lat="48.617355" lon="-122.426422"><ele>347.2</ele><time>2024-05-11T18:25:50Z</time></trkpt><trkpt lat="48.617345" lon="-122.42646"><ele>348.2</ele><time>2024-05-11T18:25:52Z</time></trkpt><trkpt lat="48.617186" lon="-122.426345"><ele>350.3</ele><time>2024-05-11T18:26:11Z</time></trkpt><trkpt lat="48.617269" lon="-122.426391"><ele>350.0</ele><time>2024-05-11T18:26:22Z</time></trkpt><trkpt lat="48.617292" lon="-122.426388"><ele>352.0</ele><time>2024-05-11T18:26:25Z</time></trkpt><trkpt lat="48.617321" lon="-122.42641"><ele>351.9</ele><time>2024-05-11T18:26:27Z</time></trkpt><trkpt lat="48.617398" lon="-122.426339"><ele>351.0</ele><time>2024-05-11T18:26:33Z</time></trkpt><trkpt lat="48.617412" lon="-122.426242"><ele>350.0</ele><time>2024-05-11T18:26:37Z</time></trkpt><trkpt lat="48.617448" lon="-122.426219"><ele>352.0</ele><time>2024-05-11T18:26:39Z</time></trkpt><trkpt lat="48.617464" lon="-122.426138"><ele>350.0</ele><time>2024-05-11T18:26:46Z</time></trkpt><trkpt lat="48.617493" lon="-122.426114"><ele>349.0</ele><time>2024-05-11T18:26:51Z</time></trkpt><trkpt lat="48.617528" lon="-122.426126"><ele>352.0</ele><time>2024-05-11T18:26:56Z</time></trkpt><trkpt lat="48.617584" lon="-122.426074"><ele>355.5</ele><time>2024-05-11T18:26:59Z</time></trkpt><trkpt lat="48.617556" lon="-122.426131"><ele>355.0</ele><time>2024-05-11T18:27:00Z</time></trkpt><trkpt lat="48.617605" lon="-122.426113"><ele>355.0</ele><time>2024-05-11T18:27:13Z</time></trkpt><trkpt lat="48.617625" lon="-122.426023"><ele>356.0</ele><time>2024-05-11T18:27:18Z</time></trkpt><trkpt lat="48.617641" lon="-122.425991"><ele>356.0</ele><time>2024-05-11T18:27:19Z</time></trkpt><trkpt lat="48.617669" lon="-122.425972"><ele>356.0</ele><time>2024-05-11T18:27:22Z</time></trkpt><trkpt lat="48.617704" lon="-122.425909"><ele>356.0</ele><time>2024-05-11T18:27:30Z</time></trkpt><trkpt lat="48.617732" lon="-122.425887"><ele>357.0</ele><time>2024-05-11T18:27:33Z</time></trkpt><trkpt lat="48.617762" lon="-122.425909"><ele>356.0</ele><time>2024-05-11T18:27:35Z</time></trkpt><trkpt lat="48.617801" lon="-122.425898"><ele>356.0</ele><time>2024-05-11T18:27:37Z</time></trkpt><trkpt lat="48.617885" lon="-122.425832"><ele>357.0</ele><time>2024-05-11T18:27:47Z</time></trkpt><trkpt lat="48.617899" lon="-122.425795"><ele>359.7</ele><time>2024-05-11T18:27:49Z</time></trkpt><trkpt lat="48.617963" lon="-122.425808"><ele>360.0</ele><time>2024-05-11T18:27:56Z</time></trkpt><trkpt lat="48.618035" lon="-122.425693"><ele>360.0</ele><time>2024-05-11T18:28:05Z</time></trkpt><trkpt lat="48.618083" lon="-122.425683"><ele>363.0</ele><time>2024-05-11T18:28:10Z</time></trkpt><trkpt lat="48.618103" lon="-122.425631"><ele>364.0</ele><time>2024-05-11T18:28:14Z</time></trkpt><trkpt lat="48.618135" lon="-122.425625"><ele>360.0</ele><time>2024-05-11T18:28:21Z</time></trkpt><trkpt lat="48.618187" lon="-122.42564"><ele>364.0</ele><time>2024-05-11T18:28:28Z</time></trkpt><trkpt lat="48.618253" lon="-122.425634"><ele>364.0</ele><time>2024-05-11T18:28:33Z</time></trkpt><trkpt lat="48.618284" lon="-122.425604"><ele>364.0</ele><time>2024-05-11T18:28:36Z</time></trkpt><trkpt lat="48.618359" lon="-122.425683"><ele>364.0</ele><time>2024-05-11T18:28:41Z</time></trkpt><trkpt lat="48.618399" lon="-122.425627"><ele>364.0</ele><time>2024-05-11T18:28:45Z</time></trkpt><trkpt lat="48.618475" lon="-122.425624"><ele>367.0</ele><time>2024-05-11T18:28:50Z</time></trkpt><trkpt lat="48.618529" lon="-122.425573"><ele>368.5</ele><time>2024-05-11T18:29:02Z</time></trkpt><trkpt lat="48.618516" lon="-122.425537"><ele>369.0</ele><time>2024-05-11T18:29:03Z</time></trkpt><trkpt lat="48.61854" lon="-122.425519"><ele>368.0</ele><time>2024-05-11T18:29:04Z</time></trkpt><trkpt lat="48.618631" lon="-122.425498"><ele>365.0</ele><time>2024-05-11T18:29:10Z</time></trkpt><trkpt lat="48.618687" lon="-122.425417"><ele>366.0</ele><time>2024-05-11T18:29:22Z</time></trkpt><trkpt lat="48.618699" lon="-122.425347"><ele>370.1</ele><time>2024-05-11T18:29:27Z</time></trkpt><trkpt lat="48.618722" lon="-122.42538"><ele>368.0</ele><time>2024-05-11T18:29:29Z</time></trkpt><trkpt lat="48.618772" lon="-122.425267"><ele>369.0</ele><time>2024-05-11T18:29:36Z</time></trkpt><trkpt lat="48.618849" lon="-122.425239"><ele>369.0</ele><time>2024-05-11T18:29:44Z</time></trkpt><trkpt lat="48.61887" lon="-122.42519"><ele>370.0</ele><time>2024-05-11T18:29:48Z</time></trkpt><trkpt lat="48.618916" lon="-122.425148"><ele>370.0</ele><time>2024-05-11T18:29:50Z</time></trkpt><trkpt lat="48.61896" lon="-122.425128"><ele>370.0</ele><time>2024-05-11T18:29:53Z</time></trkpt><trkpt lat="48.61904" lon="-122.425134"><ele>370.0</ele><time>2024-05-11T18:30:01Z</time></trkpt><trkpt lat="48.619153" lon="-122.425107"><ele>369.0</ele><time>2024-05-11T18:30:10Z</time></trkpt><trkpt lat="48.61918" lon="-122.425125"><ele>367.0</ele><time>2024-05-11T18:30:12Z</time></trkpt><trkpt lat="48.619218" lon="-122.425126"><ele>368.0</ele><time>2024-05-11T18:30:16Z</time></trkpt><trkpt lat="48.619249" lon="-122.425108"><ele>368.0</ele><time>2024-05-11T18:30:22Z</time></trkpt><trkpt lat="48.619289" lon="-122.42506"><ele>369.0</ele><time>2024-05-11T18:30:28Z</time></trkpt><trkpt lat="48.619349" lon="-122.425016"><ele>372.0</ele><time>2024-05-11T18:30:34Z</time></trkpt><trkpt lat="48.619363" lon="-122.424981"><ele>372.5</ele><time>2024-05-11T18:30:37Z</time></trkpt><trkpt lat="48.619385" lon="-122.42496"><ele>372.0</ele><time>2024-05-11T18:30:38Z</time></trkpt><trkpt lat="48.619397" lon="-122.424906"><ele>370.0</ele><time>2024-05-11T18:30:42Z</time></trkpt><trkpt lat="48.619439" lon="-122.424816"><ele>372.0</ele><time>2024-05-11T18:30:47Z</time></trkpt><trkpt lat="48.619489" lon="-122.424813"><ele>370.0</ele><time>2024-05-11T18:30:51Z</time></trkpt><trkpt lat="48.61957" lon="-122.424769"><ele>372.0</ele><time>2024-05-11T18:30:59Z</time></trkpt><trkpt lat="48.619604" lon="-122.424677"><ele>372.0</ele><time>2024-05-11T18:31:08Z</time></trkpt><trkpt lat="48.619592" lon="-122.424612"><ele>372.0</ele><time>2024-05-11T18:31:13Z</time></trkpt><trkpt lat="48.619625" lon="-122.424538"><ele>374.0</ele><time>2024-05-11T18:31:17Z</time></trkpt><trkpt lat="48.619622" lon="-122.424498"><ele>372.0</ele><time>2024-05-11T18:31:19Z</time></trkpt><trkpt lat="48.619697" lon="-122.424489"><ele>373.0</ele><time>2024-05-11T18:31:23Z</time></trkpt><trkpt lat="48.619783" lon="-122.424458"><ele>374.0</ele><time>2024-05-11T18:31:30Z</time></trkpt><trkpt lat="48.619809" lon="-122.424352"><ele>370.0</ele><time>2024-05-11T18:31:39Z</time></trkpt><trkpt lat="48.619854" lon="-122.424326"><ele>372.0</ele><time>2024-05-11T18:31:46Z</time></trkpt><trkpt lat="48.619889" lon="-122.424267"><ele>374.0</ele><time>2024-05-11T18:31:51Z</time></trkpt><trkpt lat="48.619986" lon="-122.424232"><ele>372.0</ele><time>2024-05-11T18:32:01Z</time></trkpt><trkpt lat="48.62002" lon="-122.424197"><ele>369.0</ele><time>2024-05-11T18:32:04Z</time></trkpt><trkpt lat="48.620076" lon="-122.424176"><ele>370.0</ele><time>2024-05-11T18:32:10Z</time></trkpt><trkpt lat="48.620114" lon="-122.424145"><ele>370.0</ele><time>2024-05-11T18:32:13Z</time></trkpt><trkpt lat="48.620145" lon="-122.424083"><ele>372.2</ele><time>2024-05-11T18:32:17Z</time></trkpt><trkpt lat="48.620173" lon="-122.424083"><ele>370.0</ele><time>2024-05-11T18:32:19Z</time></trkpt><trkpt lat="48.620244" lon="-122.42398"><ele>372.0</ele><time>2024-05-11T18:32:27Z</time></trkpt><trkpt lat="48.620281" lon="-122.423976"><ele>372.0</ele><time>2024-05-11T18:32:30Z</time></trkpt><trkpt lat="48.620298" lon="-122.423943"><ele>371.0</ele><time>2024-05-11T18:32:35Z</time></trkpt><trkpt lat="48.620338" lon="-122.423945"><ele>375.0</ele><time>2024-05-11T18:32:41Z</time></trkpt><trkpt lat="48.620456" lon="-122.423797"><ele>376.0</ele><time>2024-05-11T18:32:56Z</time></trkpt><trkpt lat="48.620494" lon="-122.423795"><ele>375.0</ele><time>2024-05-11T18:33:00Z</time></trkpt><trkpt lat="48.620591" lon="-122.423687"><ele>377.0</ele><time>2024-05-11T18:33:09Z</time></trkpt><trkpt lat="48.620607" lon="-122.423643"><ele>378.0</ele><time>2024-05-11T18:33:13Z</time></trkpt><trkpt lat="48.620589" lon="-122.423523"><ele>380.3</ele><time>2024-05-11T18:33:19Z</time></trkpt><trkpt lat="48.620589" lon="-122.423446"><ele>380.0</ele><time>2024-05-11T18:33:22Z</time></trkpt><trkpt lat="48.620613" lon="-122.423382"><ele>380.0</ele><time>2024-05-11T18:33:28Z</time></trkpt><trkpt lat="48.620678" lon="-122.423315"><ele>381.0</ele><time>2024-05-11T18:33:34Z</time></trkpt><trkpt lat="48.620667" lon="-122.423274"><ele>380.0</ele><time>2024-05-11T18:33:38Z</time></trkpt><trkpt lat="48.620678" lon="-122.423231"><ele>381.0</ele><time>2024-05-11T18:33:42Z</time></trkpt><trkpt lat="48.620657" lon="-122.423203"><ele>380.0</ele><time>2024-05-11T18:33:45Z</time></trkpt><trkpt lat="48.620753" lon="-122.423042"><ele>381.0</ele><time>2024-05-11T18:34:03Z</time></trkpt><trkpt lat="48.62091" lon="-122.422836"><ele>381.0</ele><time>2024-05-11T18:34:20Z</time></trkpt><trkpt lat="48.620932" lon="-122.422712"><ele>379.0</ele><time>2024-05-11T18:34:27Z</time></trkpt><trkpt lat="48.620952" lon="-122.42268"><ele>380.0</ele><time>2024-05-11T18:34:29Z</time></trkpt><trkpt lat="48.620988" lon="-122.42267"><ele>380.0</ele><time>2024-05-11T18:34:30Z</time></trkpt><trkpt lat="48.620969" lon="-122.422527"><ele>381.0</ele><time>2024-05-11T18:34:38Z</time></trkpt><trkpt lat="48.620974" lon="-122.422437"><ele>382.0</ele><time>2024-05-11T18:34:45Z</time></trkpt><trkpt lat="48.621014" lon="-122.422421"><ele>383.0</ele><time>2024-05-11T18:34:48Z</time></trkpt><trkpt lat="48.6211" lon="-122.422284"><ele>378.0</ele><time>2024-05-11T18:35:01Z</time></trkpt><trkpt lat="48.621138" lon="-122.422262"><ele>378.0</ele><time>2024-05-11T18:35:06Z</time></trkpt><trkpt lat="48.621221" lon="-122.422173"><ele>375.0</ele><time>2024-05-11T18:35:17Z</time></trkpt><trkpt lat="48.621223" lon="-122.422136"><ele>378.0</ele><time>2024-05-11T18:35:20Z</time></trkpt><trkpt lat="48.621202" lon="-122.422055"><ele>378.0</ele><time>2024-05-11T18:35:23Z</time></trkpt><trkpt lat="48.62124" lon="-122.421977"><ele>378.0</ele><time>2024-05-11T18:35:28Z</time></trkpt><trkpt lat="48.62129" lon="-122.422"><ele>379.6</ele><time>2024-05-11T18:35:33Z</time></trkpt><trkpt lat="48.621299" lon="-122.422027"><ele>380.0</ele><time>2024-05-11T18:35:34Z</time></trkpt><trkpt lat="48.621299" lon="-122.422005"><ele>380.0</ele><time>2024-05-11T18:35:37Z</time></trkpt><trkpt lat="48.621354" lon="-122.422034"><ele>384.0</ele><time>2024-05-11T18:35:54Z</time></trkpt><trkpt lat="48.621425" lon="-122.421949"><ele>386.9</ele><time>2024-05-11T18:36:05Z</time></trkpt><trkpt lat="48.621454" lon="-122.421937"><ele>384.0</ele><time>2024-05-11T18:36:09Z</time></trkpt><trkpt lat="48.621428" lon="-122.421895"><ele>384.0</ele><time>2024-05-11T18:36:14Z</time></trkpt><trkpt lat="48.621489" lon="-122.421859"><ele>385.0</ele><time>2024-05-11T18:36:22Z</time></trkpt><trkpt lat="48.62157" lon="-122.421841"><ele>387.0</ele><time>2024-05-11T18:36:28Z</time></trkpt><trkpt lat="48.621564" lon="-122.42181"><ele>385.0</ele><time>2024-05-11T18:36:33Z</time></trkpt><trkpt lat="48.621687" lon="-122.421689"><ele>390.0</ele><time>2024-05-11T18:36:50Z</time></trkpt><trkpt lat="48.621765" lon="-122.421666"><ele>390.0</ele><time>2024-05-11T18:36:59Z</time></trkpt><trkpt lat="48.6218" lon="-122.421677"><ele>390.0</ele><time>2024-05-11T18:37:04Z</time></trkpt><trkpt lat="48.621835" lon="-122.421644"><ele>388.0</ele><time>2024-05-11T18:37:08Z</time></trkpt><trkpt lat="48.62187" lon="-122.421631"><ele>388.0</ele><time>2024-05-11T18:37:12Z</time></trkpt><trkpt lat="48.621883" lon="-122.421589"><ele>392.1</ele><time>2024-05-11T18:37:15Z</time></trkpt><trkpt lat="48.621907" lon="-122.421574"><ele>391.0</ele><time>2024-05-11T18:37:17Z</time></trkpt><trkpt lat="48.621929" lon="-122.421514"><ele>390.0</ele><time>2024-05-11T18:37:19Z</time></trkpt><trkpt lat="48.62198" lon="-122.421473"><ele>390.0</ele><time>2024-05-11T18:37:23Z</time></trkpt><trkpt lat="48.622011" lon="-122.421494"><ele>388.0</ele><time>2024-05-11T18:37:26Z</time></trkpt><trkpt lat="48.622028" lon="-122.421451"><ele>390.0</ele><time>2024-05-11T18:37:30Z</time></trkpt><trkpt lat="48.622101" lon="-122.42134"><ele>392.0</ele><time>2024-05-11T18:37:37Z</time></trkpt><trkpt lat="48.622087" lon="-122.421218"><ele>390.0</ele><time>2024-05-11T18:37:44Z</time></trkpt><trkpt lat="48.622143" lon="-122.421193"><ele>394.0</ele><time>2024-05-11T18:37:51Z</time></trkpt><trkpt lat="48.622184" lon="-122.421138"><ele>391.0</ele><time>2024-05-11T18:37:55Z</time></trkpt><trkpt lat="48.622285" lon="-122.421128"><ele>392.0</ele><time>2024-05-11T18:38:04Z</time></trkpt><trkpt lat="48.622306" lon="-122.421104"><ele>394.3</ele><time>2024-05-11T18:38:07Z</time></trkpt><trkpt lat="48.622373" lon="-122.42113"><ele>395.0</ele><time>2024-05-11T18:38:19Z</time></trkpt><trkpt lat="48.622449" lon="-122.421103"><ele>393.0</ele><time>2024-05-11T18:38:24Z</time></trkpt><trkpt lat="48.62248" lon="-122.421106"><ele>392.0</ele><time>2024-05-11T18:38:28Z</time></trkpt><trkpt lat="48.622496" lon="-122.421152"><ele>392.3</ele><time>2024-05-11T18:38:29Z</time></trkpt><trkpt lat="48.622526" lon="-122.421152"><ele>390.0</ele><time>2024-05-11T18:38:32Z</time></trkpt><trkpt lat="48.622575" lon="-122.421144"><ele>390.0</ele><time>2024-05-11T18:38:38Z</time></trkpt><trkpt lat="48.622631" lon="-122.421093"><ele>392.0</ele><time>2024-05-11T18:38:49Z</time></trkpt><trkpt lat="48.622658" lon="-122.421139"><ele>390.0</ele><time>2024-05-11T18:38:56Z</time></trkpt><trkpt lat="48.6227" lon="-122.42111"><ele>395.2</ele><time>2024-05-11T18:39:01Z</time></trkpt><trkpt lat="48.622689" lon="-122.421147"><ele>395.1</ele><time>2024-05-11T18:39:02Z</time></trkpt><trkpt lat="48.622698" lon="-122.421078"><ele>393.0</ele><time>2024-05-11T18:39:07Z</time></trkpt><trkpt lat="48.622753" lon="-122.421069"><ele>393.0</ele><time>2024-05-11T18:39:11Z</time></trkpt><trkpt lat="48.622775" lon="-122.421101"><ele>392.0</ele><time>2024-05-11T18:39:15Z</time></trkpt><trkpt lat="48.622783" lon="-122.421035"><ele>393.5</ele><time>2024-05-11T18:39:19Z</time></trkpt><trkpt lat="48.622851" lon="-122.421024"><ele>392.0</ele><time>2024-05-11T18:39:23Z</time></trkpt><trkpt lat="48.622945" lon="-122.421072"><ele>393.0</ele><time>2024-05-11T18:39:35Z</time></trkpt><trkpt lat="48.622949" lon="-122.421041"><ele>395.0</ele><time>2024-05-11T18:39:37Z</time></trkpt><trkpt lat="48.622975" lon="-122.421015"><ele>396.0</ele><time>2024-05-11T18:39:40Z</time></trkpt><trkpt lat="48.622975" lon="-122.420959"><ele>398.6</ele><time>2024-05-11T18:39:44Z</time></trkpt><trkpt lat="48.622985" lon="-122.420935"><ele>398.0</ele><time>2024-05-11T18:39:46Z</time></trkpt><trkpt lat="48.623079" lon="-122.420891"><ele>395.0</ele><time>2024-05-11T18:39:53Z</time></trkpt><trkpt lat="48.623095" lon="-122.42086"><ele>399.0</ele><time>2024-05-11T18:39:57Z</time></trkpt><trkpt lat="48.623097" lon="-122.420797"><ele>400.2</ele><time>2024-05-11T18:40:01Z</time></trkpt><trkpt lat="48.623067" lon="-122.420788"><ele>400.6</ele><time>2024-05-11T18:40:02Z</time></trkpt><trkpt lat="48.623047" lon="-122.420754"><ele>399.0</ele><time>2024-05-11T18:40:04Z</time></trkpt><trkpt lat="48.623094" lon="-122.420735"><ele>399.0</ele><time>2024-05-11T18:40:09Z</time></trkpt><trkpt lat="48.62313" lon="-122.420704"><ele>401.0</ele><time>2024-05-11T18:40:24Z</time></trkpt><trkpt lat="48.623074" lon="-122.420668"><ele>408.0</ele><time>2024-05-11T18:40:43Z</time></trkpt><trkpt lat="48.623099" lon="-122.420648"><ele>406.0</ele><time>2024-05-11T18:40:47Z</time></trkpt><trkpt lat="48.623056" lon="-122.420595"><ele>408.0</ele><time>2024-05-11T18:40:54Z</time></trkpt><trkpt lat="48.623048" lon="-122.420556"><ele>406.0</ele><time>2024-05-11T18:41:04Z</time></trkpt><trkpt lat="48.623057" lon="-122.420598"><ele>417.0</ele><time>2024-05-11T18:41:20Z</time></trkpt><trkpt lat="48.623051" lon="-122.420714"><ele>425.0</ele><time>2024-05-11T18:41:50Z</time></trkpt><trkpt lat="48.623029" lon="-122.420558"><ele>426.0</ele><time>2024-05-11T18:42:07Z</time></trkpt><trkpt lat="48.623108" lon="-122.420547"><ele>423.0</ele><time>2024-05-11T18:42:59Z</time></trkpt><trkpt lat="48.623204" lon="-122.420571"><ele>420.0</ele><time>2024-05-11T18:43:15Z</time></trkpt><trkpt lat="48.622978" lon="-122.420511"><ele>422.0</ele><time>2024-05-11T18:43:42Z</time></trkpt><trkpt lat="48.622959" lon="-122.42054"><ele>421.0</ele><time>2024-05-11T18:43:44Z</time></trkpt><trkpt lat="48.623" lon="-122.420592"><ele>419.0</ele><time>2024-05-11T18:43:46Z</time></trkpt><trkpt lat="48.623041" lon="-122.420584"><ele>416.0</ele><time>2024-05-11T18:43:51Z</time></trkpt><trkpt lat="48.623041" lon="-122.420552"><ele>418.0</ele><time>2024-05-11T18:43:56Z</time></trkpt><trkpt lat="48.623104" lon="-122.420499"><ele>418.0</ele><time>2024-05-11T18:44:00Z</time></trkpt><trkpt lat="48.62315" lon="-122.420415"><ele>414.0</ele><time>2024-05-11T18:44:04Z</time></trkpt><trkpt lat="48.623173" lon="-122.420346"><ele>416.0</ele><time>2024-05-11T18:44:12Z</time></trkpt><trkpt lat="48.623168" lon="-122.4203"><ele>413.0</ele><time>2024-05-11T18:44:17Z</time></trkpt><trkpt lat="48.623159" lon="-122.420339"><ele>414.0</ele><time>2024-05-11T18:44:27Z</time></trkpt><trkpt lat="48.623163" lon="-122.420263"><ele>414.0</ele><time>2024-05-11T18:44:35Z</time></trkpt><trkpt lat="48.623175" lon="-122.420226"><ele>416.3</ele><time>2024-05-11T18:44:37Z</time></trkpt><trkpt lat="48.623149" lon="-122.420155"><ele>417.1</ele><time>2024-05-11T18:44:39Z</time></trkpt><trkpt lat="48.623173" lon="-122.42013"><ele>415.0</ele><time>2024-05-11T18:44:41Z</time></trkpt><trkpt lat="48.623166" lon="-122.420093"><ele>416.0</ele><time>2024-05-11T18:44:44Z</time></trkpt><trkpt lat="48.623201" lon="-122.420109"><ele>418.3</ele><time>2024-05-11T18:44:54Z</time></trkpt><trkpt lat="48.623152" lon="-122.420172"><ele>417.0</ele><time>2024-05-11T18:44:56Z</time></trkpt><trkpt lat="48.623138" lon="-122.420246"><ele>415.0</ele><time>2024-05-11T18:45:00Z</time></trkpt><trkpt lat="48.623201" lon="-122.420156"><ele>417.0</ele><time>2024-05-11T18:45:09Z</time></trkpt><trkpt lat="48.623192" lon="-122.420122"><ele>418.0</ele><time>2024-05-11T18:45:12Z</time></trkpt><trkpt lat="48.623143" lon="-122.420066"><ele>418.3</ele><time>2024-05-11T18:45:14Z</time></trkpt><trkpt lat="48.623146" lon="-122.420103"><ele>417.0</ele><time>2024-05-11T18:45:16Z</time></trkpt><trkpt lat="48.623106" lon="-122.41999"><ele>417.0</ele><time>2024-05-11T18:45:30Z</time></trkpt><trkpt lat="48.623069" lon="-122.419981"><ele>418.0</ele><time>2024-05-11T18:45:33Z</time></trkpt><trkpt lat="48.62302" lon="-122.419923"><ele>420.0</ele><time>2024-05-11T18:45:39Z</time></trkpt><trkpt lat="48.623058" lon="-122.419843"><ele>421.6</ele><time>2024-05-11T18:45:43Z</time></trkpt><trkpt lat="48.623091" lon="-122.419887"><ele>420.0</ele><time>2024-05-11T18:45:45Z</time></trkpt><trkpt lat="48.623109" lon="-122.419898"><ele>420.5</ele><time>2024-05-11T18:45:48Z</time></trkpt><trkpt lat="48.623167" lon="-122.419889"><ele>420.3</ele><time>2024-05-11T18:45:49Z</time></trkpt><trkpt lat="48.623162" lon="-122.419983"><ele>418.0</ele><time>2024-05-11T18:45:50Z</time></trkpt><trkpt lat="48.6232" lon="-122.420032"><ele>418.0</ele><time>2024-05-11T18:45:53Z</time></trkpt><trkpt lat="48.623183" lon="-122.42"><ele>420.0</ele><time>2024-05-11T18:45:57Z</time></trkpt><trkpt lat="48.623236" lon="-122.420033"><ele>420.0</ele><time>2024-05-11T18:46:00Z</time></trkpt><trkpt lat="48.623251" lon="-122.419999"><ele>422.5</ele><time>2024-05-11T18:46:01Z</time></trkpt><trkpt lat="48.623255" lon="-122.419911"><ele>420.0</ele><time>2024-05-11T18:46:03Z</time></trkpt><trkpt lat="48.623315" lon="-122.419828"><ele>424.4</ele><time>2024-05-11T18:46:07Z</time></trkpt><trkpt lat="48.623356" lon="-122.419797"><ele>423.0</ele><time>2024-05-11T18:46:09Z</time></trkpt><trkpt lat="48.623389" lon="-122.419832"><ele>422.0</ele><time>2024-05-11T18:46:13Z</time></trkpt><trkpt lat="48.62336" lon="-122.419826"><ele>422.0</ele><time>2024-05-11T18:46:18Z</time></trkpt><trkpt lat="48.623411" lon="-122.419817"><ele>423.0</ele><time>2024-05-11T18:46:28Z</time></trkpt><trkpt lat="48.623453" lon="-122.419796"><ele>424.0</ele><time>2024-05-11T18:46:33Z</time></trkpt><trkpt lat="48.62343" lon="-122.41985"><ele>424.0</ele><time>2024-05-11T18:46:39Z</time></trkpt><trkpt lat="48.623473" lon="-122.419819"><ele>424.0</ele><time>2024-05-11T18:46:46Z</time></trkpt><trkpt lat="48.623442" lon="-122.419813"><ele>424.9</ele><time>2024-05-11T18:46:48Z</time></trkpt><trkpt lat="48.623424" lon="-122.419784"><ele>423.0</ele><time>2024-05-11T18:46:50Z</time></trkpt><trkpt lat="48.623471" lon="-122.419712"><ele>421.0</ele><time>2024-05-11T18:46:59Z</time></trkpt><trkpt lat="48.623519" lon="-122.419701"><ele>423.9</ele><time>2024-05-11T18:47:04Z</time></trkpt><trkpt lat="48.62351" lon="-122.419671"><ele>424.7</ele><time>2024-05-11T18:47:05Z</time></trkpt><trkpt lat="48.623464" lon="-122.419704"><ele>424.0</ele><time>2024-05-11T18:47:08Z</time></trkpt><trkpt lat="48.623518" lon="-122.419758"><ele>426.0</ele><time>2024-05-11T18:47:15Z</time></trkpt><trkpt lat="48.623526" lon="-122.419728"><ele>426.0</ele><time>2024-05-11T18:47:19Z</time></trkpt><trkpt lat="48.623555" lon="-122.419701"><ele>425.0</ele><time>2024-05-11T18:47:21Z</time></trkpt><trkpt lat="48.623625" lon="-122.419703"><ele>423.5</ele><time>2024-05-11T18:47:26Z</time></trkpt><trkpt lat="48.623645" lon="-122.419722"><ele>422.0</ele><time>2024-05-11T18:47:27Z</time></trkpt><trkpt lat="48.62368" lon="-122.419718"><ele>423.0</ele><time>2024-05-11T18:47:30Z</time></trkpt><trkpt lat="48.623753" lon="-122.419656"><ele>422.0</ele><time>2024-05-11T18:47:36Z</time></trkpt><trkpt lat="48.623764" lon="-122.41962"><ele>423.0</ele><time>2024-05-11T18:47:39Z</time></trkpt><trkpt lat="48.623792" lon="-122.419586"><ele>423.0</ele><time>2024-05-11T18:47:42Z</time></trkpt><trkpt lat="48.623832" lon="-122.419567"><ele>424.0</ele><time>2024-05-11T18:47:45Z</time></trkpt><trkpt lat="48.623864" lon="-122.419571"><ele>424.0</ele><time>2024-05-11T18:47:49Z</time></trkpt><trkpt lat="48.623892" lon="-122.419534"><ele>426.0</ele><time>2024-05-11T18:47:53Z</time></trkpt><trkpt lat="48.624012" lon="-122.419542"><ele>425.0</ele><time>2024-05-11T18:48:06Z</time></trkpt><trkpt lat="48.624016" lon="-122.419601"><ele>420.0</ele><time>2024-05-11T18:48:12Z</time></trkpt><trkpt lat="48.624051" lon="-122.41953"><ele>427.3</ele><time>2024-05-11T18:48:17Z</time></trkpt><trkpt lat="48.62402" lon="-122.419431"><ele>428.0</ele><time>2024-05-11T18:48:23Z</time></trkpt><trkpt lat="48.62404" lon="-122.41939"><ele>428.0</ele><time>2024-05-11T18:48:28Z</time></trkpt><trkpt lat="48.624028" lon="-122.419362"><ele>430.0</ele><time>2024-05-11T18:48:31Z</time></trkpt><trkpt lat="48.62398" lon="-122.419368"><ele>430.1</ele><time>2024-05-11T18:48:32Z</time></trkpt><trkpt lat="48.623955" lon="-122.419341"><ele>429.3</ele><time>2024-05-11T18:48:33Z</time></trkpt><trkpt lat="48.623937" lon="-122.419272"><ele>429.0</ele><time>2024-05-11T18:48:37Z</time></trkpt><trkpt lat="48.623984" lon="-122.419149"><ele>429.0</ele><time>2024-05-11T18:48:44Z</time></trkpt><trkpt lat="48.623984" lon="-122.419064"><ele>431.5</ele><time>2024-05-11T18:48:47Z</time></trkpt><trkpt lat="48.623974" lon="-122.419027"><ele>432.0</ele><time>2024-05-11T18:48:49Z</time></trkpt><trkpt lat="48.623982" lon="-122.418986"><ele>432.9</ele><time>2024-05-11T18:48:51Z</time></trkpt><trkpt lat="48.623976" lon="-122.419035"><ele>432.0</ele><time>2024-05-11T18:48:54Z</time></trkpt><trkpt lat="48.623974" lon="-122.418993"><ele>434.0</ele><time>2024-05-11T18:48:57Z</time></trkpt><trkpt lat="48.623921" lon="-122.418952"><ele>432.0</ele><time>2024-05-11T18:49:00Z</time></trkpt><trkpt lat="48.623917" lon="-122.418916"><ele>432.0</ele><time>2024-05-11T18:49:06Z</time></trkpt><trkpt lat="48.624007" lon="-122.418918"><ele>438.0</ele><time>2024-05-11T18:49:13Z</time></trkpt><trkpt lat="48.62412" lon="-122.418884"><ele>439.0</ele><time>2024-05-11T18:49:18Z</time></trkpt><trkpt lat="48.624201" lon="-122.418755"><ele>442.0</ele><time>2024-05-11T18:49:24Z</time></trkpt><trkpt lat="48.624148" lon="-122.418729"><ele>442.5</ele><time>2024-05-11T18:49:27Z</time></trkpt><trkpt lat="48.623995" lon="-122.418729"><ele>442.3</ele><time>2024-05-11T18:49:29Z</time></trkpt><trkpt lat="48.62396" lon="-122.418693"><ele>441.0</ele><time>2024-05-11T18:49:30Z</time></trkpt><trkpt lat="48.623873" lon="-122.418693"><ele>441.5</ele><time>2024-05-11T18:49:33Z</time></trkpt><trkpt lat="48.623862" lon="-122.418745"><ele>438.0</ele><time>2024-05-11T18:49:36Z</time></trkpt><trkpt lat="48.623789" lon="-122.41881"><ele>440.0</ele><time>2024-05-11T18:49:40Z</time></trkpt><trkpt lat="48.623775" lon="-122.41872"><ele>439.0</ele><time>2024-05-11T18:49:42Z</time></trkpt><trkpt lat="48.6238" lon="-122.418692"><ele>438.0</ele><time>2024-05-11T18:49:44Z</time></trkpt><trkpt lat="48.62373" lon="-122.41875"><ele>438.0</ele><time>2024-05-11T18:49:51Z</time></trkpt><trkpt lat="48.623744" lon="-122.418795"><ele>440.0</ele><time>2024-05-11T18:49:54Z</time></trkpt><trkpt lat="48.623735" lon="-122.418718"><ele>441.4</ele><time>2024-05-11T18:49:56Z</time></trkpt><trkpt lat="48.623753" lon="-122.418745"><ele>442.4</ele><time>2024-05-11T18:49:57Z</time></trkpt><trkpt lat="48.623736" lon="-122.418766"><ele>442.0</ele><time>2024-05-11T18:49:58Z</time></trkpt><trkpt lat="48.623701" lon="-122.418734"><ele>445.0</ele><time>2024-05-11T18:50:06Z</time></trkpt><trkpt lat="48.623756" lon="-122.418663"><ele>451.0</ele><time>2024-05-11T18:50:19Z</time></trkpt><trkpt lat="48.62377" lon="-122.418615"><ele>452.0</ele><time>2024-05-11T18:50:24Z</time></trkpt><trkpt lat="48.623806" lon="-122.418683"><ele>452.0</ele><time>2024-05-11T18:50:36Z</time></trkpt><trkpt lat="48.623805" lon="-122.418603"><ele>456.0</ele><time>2024-05-11T18:50:44Z</time></trkpt><trkpt lat="48.623821" lon="-122.418648"><ele>456.0</ele><time>2024-05-11T18:50:47Z</time></trkpt><trkpt lat="48.623771" lon="-122.418605"><ele>459.4</ele><time>2024-05-11T18:50:50Z</time></trkpt><trkpt lat="48.623703" lon="-122.418591"><ele>458.0</ele><time>2024-05-11T18:50:52Z</time></trkpt><trkpt lat="48.623707" lon="-122.418556"><ele>459.7</ele><time>2024-05-11T18:50:53Z</time></trkpt><trkpt lat="48.623687" lon="-122.418532"><ele>459.8</ele><time>2024-05-11T18:50:54Z</time></trkpt><trkpt lat="48.623693" lon="-122.418563"><ele>459.8</ele><time>2024-05-11T18:50:55Z</time></trkpt><trkpt lat="48.62366" lon="-122.418527"><ele>459.0</ele><time>2024-05-11T18:51:01Z</time></trkpt><trkpt lat="48.623606" lon="-122.418588"><ele>461.0</ele><time>2024-05-11T18:51:05Z</time></trkpt><trkpt lat="48.623533" lon="-122.418736"><ele>461.0</ele><time>2024-05-11T18:51:17Z</time></trkpt><trkpt lat="48.623458" lon="-122.418736"><ele>461.0</ele><time>2024-05-11T18:51:23Z</time></trkpt><trkpt lat="48.62332" lon="-122.418838"><ele>460.0</ele><time>2024-05-11T18:51:38Z</time></trkpt><trkpt lat="48.623322" lon="-122.418786"><ele>460.0</ele><time>2024-05-11T18:51:41Z</time></trkpt><trkpt lat="48.623308" lon="-122.418747"><ele>464.3</ele><time>2024-05-11T18:51:44Z</time></trkpt><trkpt lat="48.62337" lon="-122.418779"><ele>460.0</ele><time>2024-05-11T18:51:47Z</time></trkpt><trkpt lat="48.623465" lon="-122.418689"><ele>459.0</ele><time>2024-05-11T18:51:52Z</time></trkpt><trkpt lat="48.623526" lon="-122.418672"><ele>458.0</ele><time>2024-05-11T18:51:55Z</time></trkpt><trkpt lat="48.623537" lon="-122.418651"><ele>458.0</ele><time>2024-05-11T18:51:59Z</time></trkpt><trkpt lat="48.623605" lon="-122.418623"><ele>458.0</ele><time>2024-05-11T18:52:08Z</time></trkpt><trkpt lat="48.62365" lon="-122.418585"><ele>459.3</ele><time>2024-05-11T18:52:11Z</time></trkpt><trkpt lat="48.623706" lon="-122.418477"><ele>459.0</ele><time>2024-05-11T18:52:14Z</time></trkpt><trkpt lat="48.623761" lon="-122.418439"><ele>460.0</ele><time>2024-05-11T18:52:22Z</time></trkpt><trkpt lat="48.623781" lon="-122.418399"><ele>460.0</ele><time>2024-05-11T18:52:24Z</time></trkpt><trkpt lat="48.623777" lon="-122.418363"><ele>460.9</ele><time>2024-05-11T18:52:26Z</time></trkpt><trkpt lat="48.623785" lon="-122.418332"><ele>458.0</ele><time>2024-05-11T18:52:29Z</time></trkpt><trkpt lat="48.623719" lon="-122.418282"><ele>458.0</ele><time>2024-05-11T18:52:33Z</time></trkpt><trkpt lat="48.623672" lon="-122.41831"><ele>458.0</ele><time>2024-05-11T18:52:36Z</time></trkpt><trkpt lat="48.623639" lon="-122.418305"><ele>459.0</ele><time>2024-05-11T18:52:38Z</time></trkpt><trkpt lat="48.623602" lon="-122.418325"><ele>459.0</ele><time>2024-05-11T18:52:41Z</time></trkpt><trkpt lat="48.623572" lon="-122.418327"><ele>460.0</ele><time>2024-05-11T18:52:44Z</time></trkpt><trkpt lat="48.62356" lon="-122.418298"><ele>460.0</ele><time>2024-05-11T18:52:46Z</time></trkpt><trkpt lat="48.623596" lon="-122.418317"><ele>461.8</ele><time>2024-05-11T18:52:48Z</time></trkpt><trkpt lat="48.623603" lon="-122.418278"><ele>460.0</ele><time>2024-05-11T18:52:50Z</time></trkpt><trkpt lat="48.62364" lon="-122.418279"><ele>460.0</ele><time>2024-05-11T18:52:52Z</time></trkpt><trkpt lat="48.62369" lon="-122.418249"><ele>461.0</ele><time>2024-05-11T18:52:59Z</time></trkpt><trkpt lat="48.623705" lon="-122.418227"><ele>462.0</ele><time>2024-05-11T18:53:05Z</time></trkpt><trkpt lat="48.623696" lon="-122.418189"><ele>461.9</ele><time>2024-05-11T18:53:08Z</time></trkpt><trkpt lat="48.623663" lon="-122.418194"><ele>461.1</ele><time>2024-05-11T18:53:09Z</time></trkpt><trkpt lat="48.623789" lon="-122.418235"><ele>462.8</ele><time>2024-05-11T18:53:16Z</time></trkpt><trkpt lat="48.623785" lon="-122.418181"><ele>460.0</ele><time>2024-05-11T18:53:19Z</time></trkpt><trkpt lat="48.623819" lon="-122.418143"><ele>464.0</ele><time>2024-05-11T18:53:22Z</time></trkpt><trkpt lat="48.623827" lon="-122.418089"><ele>464.0</ele><time>2024-05-11T18:53:26Z</time></trkpt><trkpt lat="48.623878" lon="-122.418061"><ele>467.0</ele><time>2024-05-11T18:53:31Z</time></trkpt><trkpt lat="48.623881" lon="-122.418021"><ele>467.0</ele><time>2024-05-11T18:53:34Z</time></trkpt><trkpt lat="48.623913" lon="-122.41798"><ele>468.5</ele><time>2024-05-11T18:53:36Z</time></trkpt><trkpt lat="48.623927" lon="-122.417933"><ele>468.0</ele><time>2024-05-11T18:53:38Z</time></trkpt><trkpt lat="48.623961" lon="-122.417912"><ele>468.7</ele><time>2024-05-11T18:53:40Z</time></trkpt><trkpt lat="48.624022" lon="-122.417835"><ele>468.7</ele><time>2024-05-11T18:53:41Z</time></trkpt><trkpt lat="48.623984" lon="-122.417857"><ele>468.0</ele><time>2024-05-11T18:53:42Z</time></trkpt><trkpt lat="48.623959" lon="-122.417679"><ele>469.8</ele><time>2024-05-11T18:53:49Z</time></trkpt><trkpt lat="48.623976" lon="-122.417668"><ele>468.0</ele><time>2024-05-11T18:53:51Z</time></trkpt><trkpt lat="48.623988" lon="-122.417698"><ele>469.0</ele><time>2024-05-11T18:53:54Z</time></trkpt><trkpt lat="48.624035" lon="-122.417717"><ele>470.0</ele><time>2024-05-11T18:53:58Z</time></trkpt><trkpt lat="48.62404" lon="-122.417749"><ele>467.0</ele><time>2024-05-11T18:54:02Z</time></trkpt><trkpt lat="48.624131" lon="-122.417792"><ele>462.0</ele><time>2024-05-11T18:54:13Z</time></trkpt><trkpt lat="48.62416" lon="-122.417827"><ele>466.0</ele><time>2024-05-11T18:54:17Z</time></trkpt><trkpt lat="48.624182" lon="-122.417778"><ele>465.0</ele><time>2024-05-11T18:54:20Z</time></trkpt><trkpt lat="48.624219" lon="-122.417796"><ele>467.0</ele><time>2024-05-11T18:54:25Z</time></trkpt><trkpt lat="48.624267" lon="-122.417778"><ele>469.1</ele><time>2024-05-11T18:54:31Z</time></trkpt><trkpt lat="48.624294" lon="-122.417812"><ele>467.0</ele><time>2024-05-11T18:54:35Z</time></trkpt><trkpt lat="48.624274" lon="-122.417794"><ele>465.0</ele><time>2024-05-11T18:54:42Z</time></trkpt><trkpt lat="48.624266" lon="-122.417845"><ele>464.0</ele><time>2024-05-11T18:55:04Z</time></trkpt><trkpt lat="48.624243" lon="-122.41788"><ele>468.0</ele><time>2024-05-11T18:55:17Z</time></trkpt><trkpt lat="48.624246" lon="-122.417816"><ele>468.0</ele><time>2024-05-11T18:55:26Z</time></trkpt><trkpt lat="48.624235" lon="-122.417849"><ele>470.0</ele><time>2024-05-11T18:55:30Z</time></trkpt><trkpt lat="48.624241" lon="-122.417809"><ele>470.0</ele><time>2024-05-11T18:55:31Z</time></trkpt><trkpt lat="48.624207" lon="-122.417767"><ele>468.0</ele><time>2024-05-11T18:55:37Z</time></trkpt><trkpt lat="48.624234" lon="-122.417711"><ele>469.0</ele><time>2024-05-11T18:55:39Z</time></trkpt><trkpt lat="48.624264" lon="-122.417677"><ele>469.0</ele><time>2024-05-11T18:55:41Z</time></trkpt><trkpt lat="48.624301" lon="-122.41766"><ele>470.0</ele><time>2024-05-11T18:55:45Z</time></trkpt><trkpt lat="48.62427" lon="-122.417611"><ele>470.8</ele><time>2024-05-11T18:55:48Z</time></trkpt><trkpt lat="48.624302" lon="-122.417548"><ele>471.0</ele><time>2024-05-11T18:55:54Z</time></trkpt><trkpt lat="48.6243" lon="-122.417453"><ele>471.0</ele><time>2024-05-11T18:55:56Z</time></trkpt><trkpt lat="48.62432" lon="-122.417397"><ele>472.0</ele><time>2024-05-11T18:56:00Z</time></trkpt><trkpt lat="48.624366" lon="-122.417322"><ele>475.0</ele><time>2024-05-11T18:56:09Z</time></trkpt><trkpt lat="48.624397" lon="-122.4173"><ele>478.0</ele><time>2024-05-11T18:56:12Z</time></trkpt><trkpt lat="48.624479" lon="-122.417281"><ele>476.0</ele><time>2024-05-11T18:56:17Z</time></trkpt><trkpt lat="48.624538" lon="-122.417242"><ele>478.0</ele><time>2024-05-11T18:56:24Z</time></trkpt><trkpt lat="48.624549" lon="-122.417214"><ele>478.0</ele><time>2024-05-11T18:56:26Z</time></trkpt><trkpt lat="48.624539" lon="-122.417086"><ele>480.0</ele><time>2024-05-11T18:56:32Z</time></trkpt><trkpt lat="48.624564" lon="-122.417046"><ele>483.0</ele><time>2024-05-11T18:56:34Z</time></trkpt><trkpt lat="48.624559" lon="-122.416964"><ele>484.3</ele><time>2024-05-11T18:56:37Z</time></trkpt><trkpt lat="48.624529" lon="-122.416976"><ele>484.0</ele><time>2024-05-11T18:56:40Z</time></trkpt><trkpt lat="48.624472" lon="-122.416859"><ele>486.0</ele><time>2024-05-11T18:56:44Z</time></trkpt><trkpt lat="48.624504" lon="-122.416841"><ele>486.0</ele><time>2024-05-11T18:56:46Z</time></trkpt><trkpt lat="48.62454" lon="-122.416859"><ele>488.0</ele><time>2024-05-11T18:56:48Z</time></trkpt><trkpt lat="48.624552" lon="-122.416958"><ele>490.0</ele><time>2024-05-11T18:56:52Z</time></trkpt><trkpt lat="48.62459" lon="-122.417014"><ele>492.0</ele><time>2024-05-11T18:56:56Z</time></trkpt><trkpt lat="48.624622" lon="-122.417013"><ele>492.0</ele><time>2024-05-11T18:56:58Z</time></trkpt><trkpt lat="48.624637" lon="-122.417059"><ele>486.0</ele><time>2024-05-11T18:57:04Z</time></trkpt><trkpt lat="48.624679" lon="-122.417034"><ele>493.6</ele><time>2024-05-11T18:57:09Z</time></trkpt><trkpt lat="48.6247" lon="-122.417101"><ele>492.0</ele><time>2024-05-11T18:57:12Z</time></trkpt><trkpt lat="48.624736" lon="-122.417134"><ele>493.0</ele><time>2024-05-11T18:57:14Z</time></trkpt><trkpt lat="48.624776" lon="-122.417146"><ele>495.0</ele><time>2024-05-11T18:57:19Z</time></trkpt><trkpt lat="48.624814" lon="-122.417175"><ele>494.0</ele><time>2024-05-11T18:57:24Z</time></trkpt><trkpt lat="48.624791" lon="-122.4172"><ele>496.0</ele><time>2024-05-11T18:57:29Z</time></trkpt><trkpt lat="48.624869" lon="-122.417366"><ele>495.0</ele><time>2024-05-11T18:57:42Z</time></trkpt><trkpt lat="48.624903" lon="-122.417371"><ele>496.1</ele><time>2024-05-11T18:57:44Z</time></trkpt><trkpt lat="48.624923" lon="-122.417348"><ele>496.4</ele><time>2024-05-11T18:57:45Z</time></trkpt><trkpt lat="48.625003" lon="-122.417373"><ele>495.0</ele><time>2024-05-11T18:57:52Z</time></trkpt><trkpt lat="48.62504" lon="-122.417315"><ele>495.0</ele><time>2024-05-11T18:57:55Z</time></trkpt><trkpt lat="48.625078" lon="-122.417286"><ele>494.0</ele><time>2024-05-11T18:57:57Z</time></trkpt><trkpt lat="48.625039" lon="-122.417241"><ele>496.5</ele><time>2024-05-11T18:57:59Z</time></trkpt><trkpt lat="48.625067" lon="-122.417112"><ele>495.0</ele><time>2024-05-11T18:58:03Z</time></trkpt><trkpt lat="48.625061" lon="-122.417077"><ele>495.0</ele><time>2024-05-11T18:58:06Z</time></trkpt><trkpt lat="48.625023" lon="-122.417034"><ele>495.0</ele><time>2024-05-11T18:58:11Z</time></trkpt><trkpt lat="48.625007" lon="-122.416994"><ele>498.5</ele><time>2024-05-11T18:58:14Z</time></trkpt><trkpt lat="48.624968" lon="-122.416942"><ele>500.0</ele><time>2024-05-11T18:58:18Z</time></trkpt><trkpt lat="48.624933" lon="-122.416833"><ele>500.0</ele><time>2024-05-11T18:58:22Z</time></trkpt><trkpt lat="48.624897" lon="-122.416816"><ele>501.6</ele><time>2024-05-11T18:58:24Z</time></trkpt><trkpt lat="48.624898" lon="-122.416777"><ele>501.0</ele><time>2024-05-11T18:58:26Z</time></trkpt><trkpt lat="48.624801" lon="-122.416664"><ele>503.7</ele><time>2024-05-11T18:58:33Z</time></trkpt><trkpt lat="48.62476" lon="-122.416653"><ele>504.0</ele><time>2024-05-11T18:58:34Z</time></trkpt><trkpt lat="48.624731" lon="-122.416577"><ele>504.0</ele><time>2024-05-11T18:58:39Z</time></trkpt><trkpt lat="48.624789" lon="-122.416696"><ele>503.3</ele><time>2024-05-11T18:58:42Z</time></trkpt><trkpt lat="48.62483" lon="-122.416754"><ele>501.3</ele><time>2024-05-11T18:58:43Z</time></trkpt><trkpt lat="48.624836" lon="-122.41679"><ele>500.0</ele><time>2024-05-11T18:58:45Z</time></trkpt><trkpt lat="48.624824" lon="-122.416897"><ele>501.0</ele><time>2024-05-11T18:58:48Z</time></trkpt><trkpt lat="48.624851" lon="-122.416871"><ele>501.0</ele><time>2024-05-11T18:58:50Z</time></trkpt><trkpt lat="48.624882" lon="-122.416868"><ele>501.0</ele><time>2024-05-11T18:58:54Z</time></trkpt><trkpt lat="48.624921" lon="-122.416844"><ele>503.0</ele><time>2024-05-11T18:58:57Z</time></trkpt><trkpt lat="48.624959" lon="-122.416841"><ele>503.1</ele><time>2024-05-11T18:58:58Z</time></trkpt><trkpt lat="48.624976" lon="-122.416868"><ele>503.6</ele><time>2024-05-11T18:58:59Z</time></trkpt><trkpt lat="48.625034" lon="-122.416897"><ele>501.0</ele><time>2024-05-11T18:59:05Z</time></trkpt><trkpt lat="48.62506" lon="-122.416876"><ele>500.0</ele><time>2024-05-11T18:59:07Z</time></trkpt><trkpt lat="48.625102" lon="-122.416874"><ele>500.0</ele><time>2024-05-11T18:59:10Z</time></trkpt><trkpt lat="48.625113" lon="-122.416906"><ele>500.0</ele><time>2024-05-11T18:59:15Z</time></trkpt><trkpt lat="48.625154" lon="-122.416917"><ele>502.0</ele><time>2024-05-11T18:59:19Z</time></trkpt><trkpt lat="48.625204" lon="-122.416915"><ele>502.0</ele><time>2024-05-11T18:59:20Z</time></trkpt><trkpt lat="48.625235" lon="-122.416904"><ele>503.6</ele><time>2024-05-11T18:59:22Z</time></trkpt><trkpt lat="48.62526" lon="-122.416855"><ele>503.0</ele><time>2024-05-11T18:59:25Z</time></trkpt><trkpt lat="48.625248" lon="-122.416818"><ele>504.0</ele><time>2024-05-11T18:59:27Z</time></trkpt><trkpt lat="48.625114" lon="-122.416624"><ele>505.0</ele><time>2024-05-11T18:59:38Z</time></trkpt><trkpt lat="48.625027" lon="-122.416579"><ele>507.0</ele><time>2024-05-11T18:59:45Z</time></trkpt><trkpt lat="48.624912" lon="-122.416441"><ele>510.0</ele><time>2024-05-11T18:59:55Z</time></trkpt><trkpt lat="48.624823" lon="-122.416445"><ele>512.0</ele><time>2024-05-11T19:00:02Z</time></trkpt><trkpt lat="48.624769" lon="-122.416346"><ele>515.0</ele><time>2024-05-11T19:00:12Z</time></trkpt><trkpt lat="48.624725" lon="-122.416344"><ele>516.0</ele><time>2024-05-11T19:00:16Z</time></trkpt><trkpt lat="48.624843" lon="-122.416454"><ele>516.0</ele><time>2024-05-11T19:00:23Z</time></trkpt><trkpt lat="48.624882" lon="-122.416446"><ele>513.0</ele><time>2024-05-11T19:00:26Z</time></trkpt><trkpt lat="48.624943" lon="-122.416486"><ele>513.0</ele><time>2024-05-11T19:00:32Z</time></trkpt><trkpt lat="48.625025" lon="-122.416519"><ele>513.0</ele><time>2024-05-11T19:00:40Z</time></trkpt><trkpt lat="48.625042" lon="-122.416479"><ele>513.0</ele><time>2024-05-11T19:00:43Z</time></trkpt><trkpt lat="48.625021" lon="-122.416446"><ele>514.0</ele><time>2024-05-11T19:00:45Z</time></trkpt><trkpt lat="48.624976" lon="-122.416408"><ele>511.0</ele><time>2024-05-11T19:00:49Z</time></trkpt><trkpt lat="48.624936" lon="-122.416415"><ele>512.0</ele><time>2024-05-11T19:00:52Z</time></trkpt><trkpt lat="48.624853" lon="-122.416245"><ele>515.4</ele><time>2024-05-11T19:01:00Z</time></trkpt><trkpt lat="48.62485" lon="-122.416215"><ele>515.0</ele><time>2024-05-11T19:01:01Z</time></trkpt><trkpt lat="48.624778" lon="-122.416173"><ele>519.0</ele><time>2024-05-11T19:01:12Z</time></trkpt><trkpt lat="48.624791" lon="-122.416242"><ele>519.0</ele><time>2024-05-11T19:01:15Z</time></trkpt><trkpt lat="48.624756" lon="-122.416225"><ele>520.0</ele><time>2024-05-11T19:01:17Z</time></trkpt><trkpt lat="48.624733" lon="-122.416192"><ele>519.0</ele><time>2024-05-11T19:01:19Z</time></trkpt><trkpt lat="48.624665" lon="-122.416137"><ele>522.0</ele><time>2024-05-11T19:01:27Z</time></trkpt><trkpt lat="48.624638" lon="-122.416092"><ele>520.0</ele><time>2024-05-11T19:01:31Z</time></trkpt><trkpt lat="48.624638" lon="-122.416035"><ele>525.0</ele><time>2024-05-11T19:01:37Z</time></trkpt><trkpt lat="48.624545" lon="-122.415895"><ele>530.2</ele><time>2024-05-11T19:01:55Z</time></trkpt><trkpt lat="48.624511" lon="-122.415919"><ele>530.0</ele><time>2024-05-11T19:01:57Z</time></trkpt><trkpt lat="48.624412" lon="-122.415959"><ele>532.0</ele><time>2024-05-11T19:02:05Z</time></trkpt><trkpt lat="48.624363" lon="-122.415894"><ele>532.0</ele><time>2024-05-11T19:02:10Z</time></trkpt><trkpt lat="48.624308" lon="-122.415916"><ele>532.0</ele><time>2024-05-11T19:02:16Z</time></trkpt><trkpt lat="48.624302" lon="-122.415885"><ele>532.0</ele><time>2024-05-11T19:02:22Z</time></trkpt><trkpt lat="48.624338" lon="-122.415923"><ele>532.9</ele><time>2024-05-11T19:02:26Z</time></trkpt><trkpt lat="48.624476" lon="-122.415991"><ele>532.0</ele><time>2024-05-11T19:02:40Z</time></trkpt><trkpt lat="48.624507" lon="-122.415966"><ele>536.0</ele><time>2024-05-11T19:02:48Z</time></trkpt><trkpt lat="48.624541" lon="-122.415971"><ele>538.0</ele><time>2024-05-11T19:02:52Z</time></trkpt><trkpt lat="48.624555" lon="-122.415926"><ele>537.0</ele><time>2024-05-11T19:02:55Z</time></trkpt><trkpt lat="48.624545" lon="-122.415897"><ele>538.0</ele><time>2024-05-11T19:02:57Z</time></trkpt><trkpt lat="48.624578" lon="-122.41586"><ele>539.1</ele><time>2024-05-11T19:02:58Z</time></trkpt><trkpt lat="48.624595" lon="-122.4158"><ele>537.0</ele><time>2024-05-11T19:03:00Z</time></trkpt><trkpt lat="48.624664" lon="-122.415822"><ele>538.4</ele><time>2024-05-11T19:03:08Z</time></trkpt><trkpt lat="48.624714" lon="-122.415948"><ele>535.0</ele><time>2024-05-11T19:03:18Z</time></trkpt><trkpt lat="48.624751" lon="-122.415964"><ele>540.0</ele><time>2024-05-11T19:03:22Z</time></trkpt><trkpt lat="48.624765" lon="-122.415891"><ele>538.0</ele><time>2024-05-11T19:03:24Z</time></trkpt><trkpt lat="48.624799" lon="-122.415885"><ele>539.0</ele><time>2024-05-11T19:03:26Z</time></trkpt><trkpt lat="48.624834" lon="-122.415849"><ele>540.0</ele><time>2024-05-11T19:03:28Z</time></trkpt><trkpt lat="48.624837" lon="-122.415768"><ele>540.0</ele><time>2024-05-11T19:03:32Z</time></trkpt><trkpt lat="48.624849" lon="-122.41574"><ele>542.0</ele><time>2024-05-11T19:03:34Z</time></trkpt><trkpt lat="48.624827" lon="-122.415673"><ele>543.0</ele><time>2024-05-11T19:03:37Z</time></trkpt><trkpt lat="48.62484" lon="-122.415637"><ele>543.0</ele><time>2024-05-11T19:03:39Z</time></trkpt><trkpt lat="48.624789" lon="-122.415532"><ele>545.0</ele><time>2024-05-11T19:03:48Z</time></trkpt><trkpt lat="48.624651" lon="-122.415436"><ele>549.0</ele><time>2024-05-11T19:03:59Z</time></trkpt><trkpt lat="48.62462" lon="-122.415436"><ele>550.0</ele><time>2024-05-11T19:04:02Z</time></trkpt><trkpt lat="48.62457" lon="-122.415416"><ele>550.0</ele><time>2024-05-11T19:04:07Z</time></trkpt><trkpt lat="48.624534" lon="-122.415388"><ele>552.0</ele><time>2024-05-11T19:04:10Z</time></trkpt><trkpt lat="48.624377" lon="-122.4154"><ele>550.0</ele><time>2024-05-11T19:04:22Z</time></trkpt><trkpt lat="48.624319" lon="-122.415434"><ele>552.0</ele><time>2024-05-11T19:04:28Z</time></trkpt><trkpt lat="48.624351" lon="-122.415431"><ele>549.0</ele><time>2024-05-11T19:04:32Z</time></trkpt><trkpt lat="48.624448" lon="-122.415468"><ele>543.0</ele><time>2024-05-11T19:04:38Z</time></trkpt><trkpt lat="48.624481" lon="-122.415435"><ele>544.0</ele><time>2024-05-11T19:04:40Z</time></trkpt><trkpt lat="48.624511" lon="-122.415422"><ele>544.0</ele><time>2024-05-11T19:04:43Z</time></trkpt><trkpt lat="48.624544" lon="-122.415378"><ele>545.0</ele><time>2024-05-11T19:04:48Z</time></trkpt><trkpt lat="48.624579" lon="-122.415355"><ele>546.0</ele><time>2024-05-11T19:04:55Z</time></trkpt><trkpt lat="48.624577" lon="-122.415256"><ele>546.0</ele><time>2024-05-11T19:05:04Z</time></trkpt><trkpt lat="48.624423" lon="-122.415232"><ele>552.4</ele><time>2024-05-11T19:05:26Z</time></trkpt><trkpt lat="48.624411" lon="-122.415196"><ele>552.8</ele><time>2024-05-11T19:05:27Z</time></trkpt><trkpt lat="48.624321" lon="-122.415221"><ele>554.0</ele><time>2024-05-11T19:05:30Z</time></trkpt><trkpt lat="48.624285" lon="-122.415258"><ele>554.0</ele><time>2024-05-11T19:05:31Z</time></trkpt><trkpt lat="48.62437" lon="-122.415252"><ele>554.3</ele><time>2024-05-11T19:05:32Z</time></trkpt><trkpt lat="48.624352" lon="-122.415221"><ele>554.8</ele><time>2024-05-11T19:05:33Z</time></trkpt><trkpt lat="48.624356" lon="-122.41529"><ele>555.0</ele><time>2024-05-11T19:05:38Z</time></trkpt><trkpt lat="48.62426" lon="-122.415272"><ele>556.0</ele><time>2024-05-11T19:05:44Z</time></trkpt><trkpt lat="48.624292" lon="-122.415312"><ele>558.0</ele><time>2024-05-11T19:05:46Z</time></trkpt><trkpt lat="48.624301" lon="-122.415345"><ele>558.0</ele><time>2024-05-11T19:05:48Z</time></trkpt><trkpt lat="48.62427" lon="-122.415342"><ele>559.7</ele><time>2024-05-11T19:05:49Z</time></trkpt><trkpt lat="48.624276" lon="-122.41527"><ele>560.0</ele><time>2024-05-11T19:05:52Z</time></trkpt><trkpt lat="48.624297" lon="-122.41523"><ele>560.0</ele><time>2024-05-11T19:05:56Z</time></trkpt><trkpt lat="48.624292" lon="-122.415273"><ele>558.0</ele><time>2024-05-11T19:05:59Z</time></trkpt><trkpt lat="48.624351" lon="-122.415191"><ele>560.0</ele><time>2024-05-11T19:06:08Z</time></trkpt><trkpt lat="48.624401" lon="-122.415072"><ele>562.0</ele><time>2024-05-11T19:06:18Z</time></trkpt><trkpt lat="48.624395" lon="-122.415036"><ele>562.0</ele><time>2024-05-11T19:06:23Z</time></trkpt><trkpt lat="48.62442" lon="-122.415036"><ele>561.0</ele><time>2024-05-11T19:06:26Z</time></trkpt><trkpt lat="48.624422" lon="-122.414934"><ele>560.0</ele><time>2024-05-11T19:06:33Z</time></trkpt><trkpt lat="48.624375" lon="-122.414935"><ele>560.0</ele><time>2024-05-11T19:06:36Z</time></trkpt><trkpt lat="48.624237" lon="-122.414873"><ele>564.0</ele><time>2024-05-11T19:06:51Z</time></trkpt><trkpt lat="48.62421" lon="-122.414836"><ele>564.0</ele><time>2024-05-11T19:06:56Z</time></trkpt><trkpt lat="48.624203" lon="-122.414806"><ele>565.7</ele><time>2024-05-11T19:06:59Z</time></trkpt><trkpt lat="48.624131" lon="-122.4148"><ele>565.0</ele><time>2024-05-11T19:07:05Z</time></trkpt><trkpt lat="48.624096" lon="-122.41477"><ele>566.8</ele><time>2024-05-11T19:07:06Z</time></trkpt><trkpt lat="48.624095" lon="-122.414811"><ele>567.4</ele><time>2024-05-11T19:07:07Z</time></trkpt><trkpt lat="48.624065" lon="-122.41477"><ele>565.0</ele><time>2024-05-11T19:07:11Z</time></trkpt><trkpt lat="48.624085" lon="-122.414737"><ele>568.0</ele><time>2024-05-11T19:07:14Z</time></trkpt><trkpt lat="48.624092" lon="-122.414697"><ele>569.9</ele><time>2024-05-11T19:07:15Z</time></trkpt><trkpt lat="48.624066" lon="-122.414583"><ele>569.5</ele><time>2024-05-11T19:07:25Z</time></trkpt><trkpt lat="48.624002" lon="-122.414531"><ele>571.0</ele><time>2024-05-11T19:07:32Z</time></trkpt><trkpt lat="48.62391" lon="-122.414562"><ele>573.6</ele><time>2024-05-11T19:07:38Z</time></trkpt><trkpt lat="48.623882" lon="-122.414491"><ele>574.7</ele><time>2024-05-11T19:07:43Z</time></trkpt><trkpt lat="48.62387" lon="-122.414422"><ele>574.0</ele><time>2024-05-11T19:07:47Z</time></trkpt><trkpt lat="48.623824" lon="-122.414435"><ele>574.5</ele><time>2024-05-11T19:07:49Z</time></trkpt><trkpt lat="48.623826" lon="-122.414479"><ele>573.5</ele><time>2024-05-11T19:07:50Z</time></trkpt><trkpt lat="48.623813" lon="-122.414515"><ele>572.8</ele><time>2024-05-11T19:07:51Z</time></trkpt><trkpt lat="48.623831" lon="-122.414585"><ele>570.0</ele><time>2024-05-11T19:07:57Z</time></trkpt><trkpt lat="48.623773" lon="-122.414611"><ele>560.0</ele><time>2024-05-11T19:08:41Z</time></trkpt><trkpt lat="48.6238" lon="-122.414572"><ele>553.0</ele><time>2024-05-11T19:09:12Z</time></trkpt><trkpt lat="48.623783" lon="-122.414591"><ele>555.0</ele><time>2024-05-11T19:09:22Z</time></trkpt><trkpt lat="48.623708" lon="-122.414595"><ele>558.0</ele><time>2024-05-11T19:09:32Z</time></trkpt><trkpt lat="48.62373" lon="-122.414614"><ele>558.0</ele><time>2024-05-11T19:09:41Z</time></trkpt><trkpt lat="48.623767" lon="-122.414617"><ele>556.0</ele><time>2024-05-11T19:09:46Z</time></trkpt><trkpt lat="48.623788" lon="-122.414682"><ele>558.0</ele><time>2024-05-11T19:09:54Z</time></trkpt><trkpt lat="48.623787" lon="-122.414646"><ele>558.0</ele><time>2024-05-11T19:09:57Z</time></trkpt><trkpt lat="48.623813" lon="-122.41459"><ele>560.0</ele><time>2024-05-11T19:10:05Z</time></trkpt><trkpt lat="48.623817" lon="-122.414624"><ele>560.0</ele><time>2024-05-11T19:10:11Z</time></trkpt><trkpt lat="48.623847" lon="-122.414609"><ele>563.8</ele><time>2024-05-11T19:10:13Z</time></trkpt><trkpt lat="48.623824" lon="-122.414634"><ele>564.0</ele><time>2024-05-11T19:10:15Z</time></trkpt><trkpt lat="48.623814" lon="-122.414578"><ele>564.7</ele><time>2024-05-11T19:10:17Z</time></trkpt><trkpt lat="48.623831" lon="-122.414508"><ele>565.6</ele><time>2024-05-11T19:10:19Z</time></trkpt><trkpt lat="48.623807" lon="-122.414465"><ele>564.0</ele><time>2024-05-11T19:10:21Z</time></trkpt><trkpt lat="48.6238" lon="-122.414422"><ele>566.2</ele><time>2024-05-11T19:10:24Z</time></trkpt><trkpt lat="48.623744" lon="-122.41439"><ele>566.0</ele><time>2024-05-11T19:10:27Z</time></trkpt><trkpt lat="48.623764" lon="-122.414426"><ele>566.0</ele><time>2024-05-11T19:10:29Z</time></trkpt><trkpt lat="48.623738" lon="-122.414407"><ele>566.0</ele><time>2024-05-11T19:10:31Z</time></trkpt><trkpt lat="48.623691" lon="-122.414426"><ele>567.2</ele><time>2024-05-11T19:10:33Z</time></trkpt><trkpt lat="48.623687" lon="-122.414388"><ele>566.0</ele><time>2024-05-11T19:10:35Z</time></trkpt><trkpt lat="48.623718" lon="-122.414445"><ele>568.0</ele><time>2024-05-11T19:10:39Z</time></trkpt><trkpt lat="48.62374" lon="-122.414373"><ele>568.0</ele><time>2024-05-11T19:10:46Z</time></trkpt><trkpt lat="48.623901" lon="-122.414275"><ele>578.0</ele><time>2024-05-11T19:11:13Z</time></trkpt><trkpt lat="48.623921" lon="-122.414224"><ele>578.9</ele><time>2024-05-11T19:11:15Z</time></trkpt><trkpt lat="48.623961" lon="-122.414243"><ele>579.1</ele><time>2024-05-11T19:11:16Z</time></trkpt><trkpt lat="48.624019" lon="-122.41412"><ele>579.0</ele><time>2024-05-11T19:11:20Z</time></trkpt><trkpt lat="48.624012" lon="-122.413995"><ele>580.0</ele><time>2024-05-11T19:11:26Z</time></trkpt><trkpt lat="48.624071" lon="-122.414006"><ele>581.0</ele><time>2024-05-11T19:11:32Z</time></trkpt><trkpt lat="48.624123" lon="-122.413917"><ele>582.0</ele><time>2024-05-11T19:11:44Z</time></trkpt><trkpt lat="48.624177" lon="-122.413859"><ele>581.4</ele><time>2024-05-11T19:11:47Z</time></trkpt><trkpt lat="48.624266" lon="-122.413816"><ele>579.7</ele><time>2024-05-11T19:11:53Z</time></trkpt><trkpt lat="48.624298" lon="-122.413757"><ele>579.0</ele><time>2024-05-11T19:11:57Z</time></trkpt><trkpt lat="48.624269" lon="-122.413781"><ele>580.0</ele><time>2024-05-11T19:12:01Z</time></trkpt><trkpt lat="48.624297" lon="-122.413767"><ele>580.4</ele><time>2024-05-11T19:12:02Z</time></trkpt><trkpt lat="48.624384" lon="-122.413683"><ele>578.6</ele><time>2024-05-11T19:12:09Z</time></trkpt><trkpt lat="48.624376" lon="-122.413646"><ele>576.0</ele><time>2024-05-11T19:12:12Z</time></trkpt><trkpt lat="48.62446" lon="-122.413638"><ele>580.0</ele><time>2024-05-11T19:12:24Z</time></trkpt><trkpt lat="48.624525" lon="-122.413676"><ele>582.0</ele><time>2024-05-11T19:12:33Z</time></trkpt><trkpt lat="48.624554" lon="-122.413663"><ele>580.0</ele><time>2024-05-11T19:12:35Z</time></trkpt><trkpt lat="48.624595" lon="-122.413679"><ele>576.0</ele><time>2024-05-11T19:12:42Z</time></trkpt><trkpt lat="48.624602" lon="-122.413638"><ele>582.6</ele><time>2024-05-11T19:12:50Z</time></trkpt><trkpt lat="48.624655" lon="-122.413577"><ele>583.3</ele><time>2024-05-11T19:12:53Z</time></trkpt><trkpt lat="48.624673" lon="-122.413616"><ele>581.0</ele><time>2024-05-11T19:12:56Z</time></trkpt><trkpt lat="48.62468" lon="-122.413734"><ele>586.0</ele><time>2024-05-11T19:13:05Z</time></trkpt><trkpt lat="48.62467" lon="-122.413803"><ele>585.0</ele><time>2024-05-11T19:13:08Z</time></trkpt><trkpt lat="48.624684" lon="-122.413857"><ele>581.0</ele><time>2024-05-11T19:13:13Z</time></trkpt><trkpt lat="48.624717" lon="-122.413852"><ele>585.0</ele><time>2024-05-11T19:13:18Z</time></trkpt><trkpt lat="48.624694" lon="-122.413907"><ele>585.0</ele><time>2024-05-11T19:13:23Z</time></trkpt><trkpt lat="48.624768" lon="-122.413963"><ele>588.0</ele><time>2024-05-11T19:13:30Z</time></trkpt><trkpt lat="48.6248" lon="-122.413939"><ele>588.6</ele><time>2024-05-11T19:13:32Z</time></trkpt><trkpt lat="48.62481" lon="-122.413888"><ele>587.0</ele><time>2024-05-11T19:13:34Z</time></trkpt><trkpt lat="48.624774" lon="-122.413867"><ele>589.2</ele><time>2024-05-11T19:13:36Z</time></trkpt><trkpt lat="48.624797" lon="-122.413833"><ele>587.0</ele><time>2024-05-11T19:13:39Z</time></trkpt><trkpt lat="48.624791" lon="-122.413796"><ele>588.5</ele><time>2024-05-11T19:13:41Z</time></trkpt><trkpt lat="48.624805" lon="-122.413737"><ele>588.1</ele><time>2024-05-11T19:13:42Z</time></trkpt><trkpt lat="48.624792" lon="-122.413769"><ele>588.0</ele><time>2024-05-11T19:13:43Z</time></trkpt><trkpt lat="48.624784" lon="-122.41373"><ele>589.1</ele><time>2024-05-11T19:13:46Z</time></trkpt><trkpt lat="48.62479" lon="-122.413677"><ele>588.0</ele><time>2024-05-11T19:13:48Z</time></trkpt><trkpt lat="48.624746" lon="-122.413602"><ele>588.0</ele><time>2024-05-11T19:13:53Z</time></trkpt><trkpt lat="48.624769" lon="-122.413522"><ele>590.0</ele><time>2024-05-11T19:14:05Z</time></trkpt><trkpt lat="48.624768" lon="-122.413561"><ele>592.0</ele><time>2024-05-11T19:14:09Z</time></trkpt><trkpt lat="48.624853" lon="-122.413684"><ele>595.7</ele><time>2024-05-11T19:14:21Z</time></trkpt><trkpt lat="48.624868" lon="-122.413735"><ele>594.0</ele><time>2024-05-11T19:14:25Z</time></trkpt><trkpt lat="48.624931" lon="-122.413721"><ele>597.2</ele><time>2024-05-11T19:14:32Z</time></trkpt><trkpt lat="48.624971" lon="-122.413729"><ele>596.0</ele><time>2024-05-11T19:14:35Z</time></trkpt><trkpt lat="48.625" lon="-122.41372"><ele>597.5</ele><time>2024-05-11T19:14:39Z</time></trkpt><trkpt lat="48.625022" lon="-122.413676"><ele>596.0</ele><time>2024-05-11T19:14:41Z</time></trkpt><trkpt lat="48.625013" lon="-122.413707"><ele>596.0</ele><time>2024-05-11T19:14:43Z</time></trkpt><trkpt lat="48.625022" lon="-122.413744"><ele>595.0</ele><time>2024-05-11T19:14:46Z</time></trkpt><trkpt lat="48.625047" lon="-122.413767"><ele>595.0</ele><time>2024-05-11T19:14:50Z</time></trkpt><trkpt lat="48.625092" lon="-122.413841"><ele>599.5</ele><time>2024-05-11T19:14:59Z</time></trkpt><trkpt lat="48.625169" lon="-122.413787"><ele>598.0</ele><time>2024-05-11T19:15:02Z</time></trkpt><trkpt lat="48.625203" lon="-122.413819"><ele>598.0</ele><time>2024-05-11T19:15:04Z</time></trkpt><trkpt lat="48.625211" lon="-122.413785"><ele>597.0</ele><time>2024-05-11T19:15:06Z</time></trkpt><trkpt lat="48.625245" lon="-122.413794"><ele>598.0</ele><time>2024-05-11T19:15:08Z</time></trkpt><trkpt lat="48.625262" lon="-122.413831"><ele>597.0</ele><time>2024-05-11T19:15:10Z</time></trkpt><trkpt lat="48.62527" lon="-122.413884"><ele>597.0</ele><time>2024-05-11T19:15:15Z</time></trkpt><trkpt lat="48.625276" lon="-122.413994"><ele>597.0</ele><time>2024-05-11T19:15:20Z</time></trkpt><trkpt lat="48.625266" lon="-122.414058"><ele>600.9</ele><time>2024-05-11T19:15:22Z</time></trkpt><trkpt lat="48.625291" lon="-122.414056"><ele>600.0</ele><time>2024-05-11T19:15:23Z</time></trkpt><trkpt lat="48.625292" lon="-122.414129"><ele>600.0</ele><time>2024-05-11T19:15:28Z</time></trkpt><trkpt lat="48.625335" lon="-122.414208"><ele>600.0</ele><time>2024-05-11T19:15:32Z</time></trkpt><trkpt lat="48.625336" lon="-122.414246"><ele>600.0</ele><time>2024-05-11T19:15:34Z</time></trkpt><trkpt lat="48.625369" lon="-122.414292"><ele>600.0</ele><time>2024-05-11T19:15:36Z</time></trkpt><trkpt lat="48.625429" lon="-122.414325"><ele>598.0</ele><time>2024-05-11T19:15:41Z</time></trkpt><trkpt lat="48.625469" lon="-122.414311"><ele>598.0</ele><time>2024-05-11T19:15:44Z</time></trkpt><trkpt lat="48.625505" lon="-122.414268"><ele>597.0</ele><time>2024-05-11T19:15:46Z</time></trkpt><trkpt lat="48.625533" lon="-122.414305"><ele>592.0</ele><time>2024-05-11T19:15:50Z</time></trkpt><trkpt lat="48.625588" lon="-122.414323"><ele>594.0</ele><time>2024-05-11T19:15:54Z</time></trkpt><trkpt lat="48.625618" lon="-122.414301"><ele>594.0</ele><time>2024-05-11T19:15:57Z</time></trkpt><trkpt lat="48.625651" lon="-122.414308"><ele>594.0</ele><time>2024-05-11T19:15:59Z</time></trkpt><trkpt lat="48.625692" lon="-122.414293"><ele>594.0</ele><time>2024-05-11T19:16:02Z</time></trkpt><trkpt lat="48.625763" lon="-122.414213"><ele>594.0</ele><time>2024-05-11T19:16:08Z</time></trkpt><trkpt lat="48.625822" lon="-122.414192"><ele>594.0</ele><time>2024-05-11T19:16:12Z</time></trkpt><trkpt lat="48.625867" lon="-122.414243"><ele>593.0</ele><time>2024-05-11T19:16:20Z</time></trkpt><trkpt lat="48.625935" lon="-122.41421"><ele>594.0</ele><time>2024-05-11T19:16:29Z</time></trkpt><trkpt lat="48.626" lon="-122.414124"><ele>592.0</ele><time>2024-05-11T19:16:35Z</time></trkpt><trkpt lat="48.62604" lon="-122.414092"><ele>591.0</ele><time>2024-05-11T19:16:37Z</time></trkpt><trkpt lat="48.626081" lon="-122.414025"><ele>591.0</ele><time>2024-05-11T19:16:44Z</time></trkpt><trkpt lat="48.626108" lon="-122.41404"><ele>592.6</ele><time>2024-05-11T19:16:46Z</time></trkpt><trkpt lat="48.626118" lon="-122.41407"><ele>591.0</ele><time>2024-05-11T19:16:48Z</time></trkpt><trkpt lat="48.626194" lon="-122.414063"><ele>592.0</ele><time>2024-05-11T19:16:55Z</time></trkpt><trkpt lat="48.626231" lon="-122.413984"><ele>594.0</ele><time>2024-05-11T19:16:59Z</time></trkpt><trkpt lat="48.626286" lon="-122.413992"><ele>594.0</ele><time>2024-05-11T19:17:03Z</time></trkpt><trkpt lat="48.626319" lon="-122.413952"><ele>595.2</ele><time>2024-05-11T19:17:07Z</time></trkpt><trkpt lat="48.626343" lon="-122.413895"><ele>596.0</ele><time>2024-05-11T19:17:13Z</time></trkpt><trkpt lat="48.626351" lon="-122.413964"><ele>595.0</ele><time>2024-05-11T19:17:17Z</time></trkpt><trkpt lat="48.626323" lon="-122.414038"><ele>594.0</ele><time>2024-05-11T19:17:22Z</time></trkpt><trkpt lat="48.626293" lon="-122.414192"><ele>599.0</ele><time>2024-05-11T19:17:34Z</time></trkpt><trkpt lat="48.626258" lon="-122.414268"><ele>600.0</ele><time>2024-05-11T19:17:40Z</time></trkpt><trkpt lat="48.626262" lon="-122.414389"><ele>603.0</ele><time>2024-05-11T19:17:47Z</time></trkpt><trkpt lat="48.626341" lon="-122.41438"><ele>604.0</ele><time>2024-05-11T19:17:52Z</time></trkpt><trkpt lat="48.626354" lon="-122.414338"><ele>604.0</ele><time>2024-05-11T19:17:53Z</time></trkpt><trkpt lat="48.626363" lon="-122.414379"><ele>604.0</ele><time>2024-05-11T19:17:57Z</time></trkpt><trkpt lat="48.626416" lon="-122.414383"><ele>604.0</ele><time>2024-05-11T19:18:01Z</time></trkpt><trkpt lat="48.626442" lon="-122.414419"><ele>606.0</ele><time>2024-05-11T19:18:04Z</time></trkpt><trkpt lat="48.626518" lon="-122.414457"><ele>606.0</ele><time>2024-05-11T19:18:11Z</time></trkpt><trkpt lat="48.626529" lon="-122.41449"><ele>606.0</ele><time>2024-05-11T19:18:13Z</time></trkpt><trkpt lat="48.626583" lon="-122.414475"><ele>606.0</ele><time>2024-05-11T19:18:17Z</time></trkpt><trkpt lat="48.62654" lon="-122.414511"><ele>606.0</ele><time>2024-05-11T19:18:19Z</time></trkpt><trkpt lat="48.626563" lon="-122.414486"><ele>606.0</ele><time>2024-05-11T19:18:21Z</time></trkpt><trkpt lat="48.626566" lon="-122.414392"><ele>608.1</ele><time>2024-05-11T19:18:25Z</time></trkpt><trkpt lat="48.626581" lon="-122.414351"><ele>607.0</ele><time>2024-05-11T19:18:27Z</time></trkpt><trkpt lat="48.626556" lon="-122.414221"><ele>608.0</ele><time>2024-05-11T19:18:34Z</time></trkpt><trkpt lat="48.626599" lon="-122.414189"><ele>612.0</ele><time>2024-05-11T19:18:42Z</time></trkpt><trkpt lat="48.626614" lon="-122.414245"><ele>612.0</ele><time>2024-05-11T19:18:46Z</time></trkpt><trkpt lat="48.626635" lon="-122.414239"><ele>612.0</ele><time>2024-05-11T19:18:50Z</time></trkpt><trkpt lat="48.626608" lon="-122.414217"><ele>611.0</ele><time>2024-05-11T19:18:55Z</time></trkpt><trkpt lat="48.626625" lon="-122.41419"><ele>611.0</ele><time>2024-05-11T19:19:07Z</time></trkpt><trkpt lat="48.626667" lon="-122.414179"><ele>615.2</ele><time>2024-05-11T19:19:16Z</time></trkpt><trkpt lat="48.626633" lon="-122.414157"><ele>615.0</ele><time>2024-05-11T19:19:17Z</time></trkpt><trkpt lat="48.626669" lon="-122.414133"><ele>616.0</ele><time>2024-05-11T19:19:26Z</time></trkpt><trkpt lat="48.6267" lon="-122.414089"><ele>619.0</ele><time>2024-05-11T19:19:30Z</time></trkpt><trkpt lat="48.626753" lon="-122.414071"><ele>618.0</ele><time>2024-05-11T19:19:33Z</time></trkpt><trkpt lat="48.626792" lon="-122.414099"><ele>618.0</ele><time>2024-05-11T19:19:37Z</time></trkpt><trkpt lat="48.626794" lon="-122.414152"><ele>621.0</ele><time>2024-05-11T19:19:39Z</time></trkpt><trkpt lat="48.626808" lon="-122.414208"><ele>620.0</ele><time>2024-05-11T19:19:42Z</time></trkpt><trkpt lat="48.626833" lon="-122.414242"><ele>620.0</ele><time>2024-05-11T19:19:44Z</time></trkpt><trkpt lat="48.626836" lon="-122.414278"><ele>621.0</ele><time>2024-05-11T19:19:47Z</time></trkpt><trkpt lat="48.626817" lon="-122.414349"><ele>618.0</ele><time>2024-05-11T19:19:52Z</time></trkpt><trkpt lat="48.626808" lon="-122.414547"><ele>619.0</ele><time>2024-05-11T19:20:03Z</time></trkpt><trkpt lat="48.626797" lon="-122.414593"><ele>618.0</ele><time>2024-05-11T19:20:05Z</time></trkpt><trkpt lat="48.626799" lon="-122.414624"><ele>620.0</ele><time>2024-05-11T19:20:08Z</time></trkpt><trkpt lat="48.626831" lon="-122.414717"><ele>618.0</ele><time>2024-05-11T19:20:13Z</time></trkpt><trkpt lat="48.626831" lon="-122.414909"><ele>620.0</ele><time>2024-05-11T19:20:26Z</time></trkpt><trkpt lat="48.626854" lon="-122.414958"><ele>621.3</ele><time>2024-05-11T19:20:29Z</time></trkpt><trkpt lat="48.626883" lon="-122.414936"><ele>620.2</ele><time>2024-05-11T19:20:31Z</time></trkpt><trkpt lat="48.626916" lon="-122.41504"><ele>618.0</ele><time>2024-05-11T19:20:38Z</time></trkpt><trkpt lat="48.626953" lon="-122.415064"><ele>618.0</ele><time>2024-05-11T19:20:41Z</time></trkpt><trkpt lat="48.626993" lon="-122.415136"><ele>619.0</ele><time>2024-05-11T19:20:50Z</time></trkpt><trkpt lat="48.626988" lon="-122.415218"><ele>620.0</ele><time>2024-05-11T19:21:11Z</time></trkpt><trkpt lat="48.626986" lon="-122.415167"><ele>618.0</ele><time>2024-05-11T19:21:13Z</time></trkpt><trkpt lat="48.626944" lon="-122.415338"><ele>619.7</ele><time>2024-05-11T19:21:18Z</time></trkpt><trkpt lat="48.626971" lon="-122.415248"><ele>619.9</ele><time>2024-05-11T19:21:20Z</time></trkpt><trkpt lat="48.626971" lon="-122.415204"><ele>615.0</ele><time>2024-05-11T19:21:27Z</time></trkpt><trkpt lat="48.626944" lon="-122.415192"><ele>618.0</ele><time>2024-05-11T19:22:05Z</time></trkpt><trkpt lat="48.626949" lon="-122.415155"><ele>620.0</ele><time>2024-05-11T19:22:21Z</time></trkpt><trkpt lat="48.626969" lon="-122.415111"><ele>616.0</ele><time>2024-05-11T19:22:28Z</time></trkpt><trkpt lat="48.626937" lon="-122.415161"><ele>615.0</ele><time>2024-05-11T19:22:36Z</time></trkpt><trkpt lat="48.626935" lon="-122.415215"><ele>614.0</ele><time>2024-05-11T19:22:58Z</time></trkpt><trkpt lat="48.626953" lon="-122.415186"><ele>613.2</ele><time>2024-05-11T19:23:05Z</time></trkpt><trkpt lat="48.626901" lon="-122.415248"><ele>606.0</ele><time>2024-05-11T19:24:02Z</time></trkpt><trkpt lat="48.626896" lon="-122.415216"><ele>606.0</ele><time>2024-05-11T19:24:46Z</time></trkpt><trkpt lat="48.626929" lon="-122.415201"><ele>610.0</ele><time>2024-05-11T19:25:09Z</time></trkpt><trkpt lat="48.626958" lon="-122.415149"><ele>610.0</ele><time>2024-05-11T19:25:26Z</time></trkpt><trkpt lat="48.626943" lon="-122.415201"><ele>612.0</ele><time>2024-05-11T19:25:40Z</time></trkpt><trkpt lat="48.626925" lon="-122.415162"><ele>613.0</ele><time>2024-05-11T19:25:53Z</time></trkpt><trkpt lat="48.626893" lon="-122.415203"><ele>600.0</ele><time>2024-05-11T19:27:06Z</time></trkpt><trkpt lat="48.627005" lon="-122.415123"><ele>624.0</ele><time>2024-05-11T19:27:46Z</time></trkpt><trkpt lat="48.626991" lon="-122.415067"><ele>627.0</ele><time>2024-05-11T19:28:14Z</time></trkpt><trkpt lat="48.627045" lon="-122.415053"><ele>630.0</ele><time>2024-05-11T19:28:29Z</time></trkpt><trkpt lat="48.627005" lon="-122.415148"><ele>630.0</ele><time>2024-05-11T19:28:54Z</time></trkpt><trkpt lat="48.627033" lon="-122.41517"><ele>627.0</ele><time>2024-05-11T19:29:20Z</time></trkpt><trkpt lat="48.626924" lon="-122.415202"><ele>624.0</ele><time>2024-05-11T19:30:01Z</time></trkpt><trkpt lat="48.627018" lon="-122.41513"><ele>624.0</ele><time>2024-05-11T19:37:47Z</time></trkpt><trkpt lat="48.627199" lon="-122.415068"><ele>625.0</ele><time>2024-05-11T19:45:45Z</time></trkpt><trkpt lat="48.627012" lon="-122.415189"><ele>624.0</ele><time>2024-05-11T19:47:54Z</time></trkpt><trkpt lat="48.626986" lon="-122.415244"><ele>620.0</ele><time>2024-05-11T19:54:34Z</time></trkpt><trkpt lat="48.626927" lon="-122.415194"><ele>611.0</ele><time>2024-05-11T19:57:34Z</time></trkpt><trkpt lat="48.626944" lon="-122.415174"><ele>598.0</ele><time>2024-05-11T19:59:02Z</time></trkpt><trkpt lat="48.626943" lon="-122.415128"><ele>609.0</ele><time>2024-05-11T19:59:24Z</time></trkpt><trkpt lat="48.626924" lon="-122.415189"><ele>598.0</ele><time>2024-05-11T19:59:39Z</time></trkpt><trkpt lat="48.62694" lon="-122.415209"><ele>608.0</ele><time>2024-05-11T20:03:20Z</time></trkpt><trkpt lat="48.626922" lon="-122.415148"><ele>604.0</ele><time>2024-05-11T20:04:01Z</time></trkpt><trkpt lat="48.6269" lon="-122.41517"><ele>606.0</ele><time>2024-05-11T20:05:03Z</time></trkpt><trkpt lat="48.62692" lon="-122.415113"><ele>610.0</ele><time>2024-05-11T20:05:23Z</time></trkpt><trkpt lat="48.626914" lon="-122.415145"><ele>602.0</ele><time>2024-05-11T20:05:36Z</time></trkpt><trkpt lat="48.626887" lon="-122.4151"><ele>598.0</ele><time>2024-05-11T20:05:57Z</time></trkpt><trkpt lat="48.626865" lon="-122.415121"><ele>608.3</ele><time>2024-05-11T20:06:08Z</time></trkpt><trkpt lat="48.626871" lon="-122.415081"><ele>605.0</ele><time>2024-05-11T20:06:11Z</time></trkpt><trkpt lat="48.626786" lon="-122.415171"><ele>602.0</ele><time>2024-05-11T20:06:23Z</time></trkpt><trkpt lat="48.626748" lon="-122.415145"><ele>600.0</ele><time>2024-05-11T20:06:27Z</time></trkpt><trkpt lat="48.626733" lon="-122.415089"><ele>602.0</ele><time>2024-05-11T20:06:34Z</time></trkpt><trkpt lat="48.626701" lon="-122.415072"><ele>602.1</ele><time>2024-05-11T20:06:40Z</time></trkpt><trkpt lat="48.626684" lon="-122.415036"><ele>600.0</ele><time>2024-05-11T20:06:43Z</time></trkpt><trkpt lat="48.626655" lon="-122.415008"><ele>598.0</ele><time>2024-05-11T20:06:47Z</time></trkpt><trkpt lat="48.626601" lon="-122.4149"><ele>597.0</ele><time>2024-05-11T20:06:59Z</time></trkpt><trkpt lat="48.626617" lon="-122.414851"><ele>590.0</ele><time>2024-05-11T20:07:06Z</time></trkpt><trkpt lat="48.626616" lon="-122.414896"><ele>599.0</ele><time>2024-05-11T20:07:21Z</time></trkpt><trkpt lat="48.626641" lon="-122.414987"><ele>605.0</ele><time>2024-05-11T20:07:41Z</time></trkpt><trkpt lat="48.62667" lon="-122.414954"><ele>608.0</ele><time>2024-05-11T20:07:47Z</time></trkpt><trkpt lat="48.626669" lon="-122.414907"><ele>605.0</ele><time>2024-05-11T20:07:50Z</time></trkpt><trkpt lat="48.626648" lon="-122.414868"><ele>608.5</ele><time>2024-05-11T20:07:52Z</time></trkpt><trkpt lat="48.626681" lon="-122.414832"><ele>607.0</ele><time>2024-05-11T20:07:59Z</time></trkpt><trkpt lat="48.626714" lon="-122.414819"><ele>606.0</ele><time>2024-05-11T20:08:03Z</time></trkpt><trkpt lat="48.62672" lon="-122.414866"><ele>606.0</ele><time>2024-05-11T20:08:07Z</time></trkpt><trkpt lat="48.626745" lon="-122.41489"><ele>605.0</ele><time>2024-05-11T20:08:12Z</time></trkpt><trkpt lat="48.626754" lon="-122.414842"><ele>606.0</ele><time>2024-05-11T20:08:16Z</time></trkpt><trkpt lat="48.626793" lon="-122.414792"><ele>606.0</ele><time>2024-05-11T20:08:24Z</time></trkpt><trkpt lat="48.626858" lon="-122.414751"><ele>608.0</ele><time>2024-05-11T20:08:32Z</time></trkpt><trkpt lat="48.626831" lon="-122.414645"><ele>610.9</ele><time>2024-05-11T20:08:36Z</time></trkpt><trkpt lat="48.626806" lon="-122.414593"><ele>611.0</ele><time>2024-05-11T20:08:39Z</time></trkpt><trkpt lat="48.626802" lon="-122.414552"><ele>612.8</ele><time>2024-05-11T20:08:40Z</time></trkpt><trkpt lat="48.626784" lon="-122.414526"><ele>612.0</ele><time>2024-05-11T20:08:42Z</time></trkpt><trkpt lat="48.626789" lon="-122.414487"><ele>612.0</ele><time>2024-05-11T20:08:44Z</time></trkpt><trkpt lat="48.62678" lon="-122.41441"><ele>612.0</ele><time>2024-05-11T20:08:53Z</time></trkpt><trkpt lat="48.626799" lon="-122.414294"><ele>612.0</ele><time>2024-05-11T20:09:02Z</time></trkpt><trkpt lat="48.626778" lon="-122.414244"><ele>613.0</ele><time>2024-05-11T20:09:04Z</time></trkpt><trkpt lat="48.62676" lon="-122.414096"><ele>610.0</ele><time>2024-05-11T20:09:14Z</time></trkpt><trkpt lat="48.626721" lon="-122.41402"><ele>610.0</ele><time>2024-05-11T20:09:18Z</time></trkpt><trkpt lat="48.6267" lon="-122.414077"><ele>609.0</ele><time>2024-05-11T20:09:23Z</time></trkpt><trkpt lat="48.626604" lon="-122.414086"><ele>608.0</ele><time>2024-05-11T20:09:32Z</time></trkpt><trkpt lat="48.626584" lon="-122.414112"><ele>606.0</ele><time>2024-05-11T20:09:34Z</time></trkpt><trkpt lat="48.626575" lon="-122.414154"><ele>606.1</ele><time>2024-05-11T20:09:36Z</time></trkpt><trkpt lat="48.626551" lon="-122.414185"><ele>600.0</ele><time>2024-05-11T20:09:39Z</time></trkpt><trkpt lat="48.62652" lon="-122.414197"><ele>603.0</ele><time>2024-05-11T20:09:44Z</time></trkpt><trkpt lat="48.62652" lon="-122.414365"><ele>600.0</ele><time>2024-05-11T20:09:55Z</time></trkpt><trkpt lat="48.626534" lon="-122.414412"><ele>601.4</ele><time>2024-05-11T20:09:58Z</time></trkpt><trkpt lat="48.626517" lon="-122.414466"><ele>598.0</ele><time>2024-05-11T20:10:01Z</time></trkpt><trkpt lat="48.626516" lon="-122.414544"><ele>597.0</ele><time>2024-05-11T20:10:06Z</time></trkpt><trkpt lat="48.626493" lon="-122.414466"><ele>592.0</ele><time>2024-05-11T20:10:13Z</time></trkpt><trkpt lat="48.626429" lon="-122.414374"><ele>592.7</ele><time>2024-05-11T20:10:22Z</time></trkpt><trkpt lat="48.626421" lon="-122.414343"><ele>592.0</ele><time>2024-05-11T20:10:23Z</time></trkpt><trkpt lat="48.626363" lon="-122.414277"><ele>592.0</ele><time>2024-05-11T20:10:29Z</time></trkpt><trkpt lat="48.626362" lon="-122.414333"><ele>590.0</ele><time>2024-05-11T20:10:34Z</time></trkpt><trkpt lat="48.626319" lon="-122.414312"><ele>588.0</ele><time>2024-05-11T20:10:41Z</time></trkpt><trkpt lat="48.626324" lon="-122.41428"><ele>588.0</ele><time>2024-05-11T20:10:45Z</time></trkpt><trkpt lat="48.626261" lon="-122.414214"><ele>588.0</ele><time>2024-05-11T20:10:50Z</time></trkpt><trkpt lat="48.626267" lon="-122.413956"><ele>583.0</ele><time>2024-05-11T20:11:09Z</time></trkpt><trkpt lat="48.626255" lon="-122.413864"><ele>576.0</ele><time>2024-05-11T20:11:15Z</time></trkpt><trkpt lat="48.626204" lon="-122.413941"><ele>581.0</ele><time>2024-05-11T20:11:23Z</time></trkpt><trkpt lat="48.626116" lon="-122.413946"><ele>580.0</ele><time>2024-05-11T20:11:29Z</time></trkpt><trkpt lat="48.626084" lon="-122.413966"><ele>580.0</ele><time>2024-05-11T20:11:32Z</time></trkpt><trkpt lat="48.626066" lon="-122.413992"><ele>580.7</ele><time>2024-05-11T20:11:35Z</time></trkpt><trkpt lat="48.626075" lon="-122.414034"><ele>580.0</ele><time>2024-05-11T20:11:36Z</time></trkpt><trkpt lat="48.626059" lon="-122.414129"><ele>580.0</ele><time>2024-05-11T20:11:40Z</time></trkpt><trkpt lat="48.625992" lon="-122.414099"><ele>580.0</ele><time>2024-05-11T20:11:46Z</time></trkpt><trkpt lat="48.625971" lon="-122.414059"><ele>580.0</ele><time>2024-05-11T20:11:49Z</time></trkpt><trkpt lat="48.625946" lon="-122.41413"><ele>582.0</ele><time>2024-05-11T20:11:52Z</time></trkpt><trkpt lat="48.625919" lon="-122.414105"><ele>584.0</ele><time>2024-05-11T20:11:54Z</time></trkpt><trkpt lat="48.625884" lon="-122.414122"><ele>584.0</ele><time>2024-05-11T20:11:56Z</time></trkpt><trkpt lat="48.625859" lon="-122.414185"><ele>585.0</ele><time>2024-05-11T20:11:59Z</time></trkpt><trkpt lat="48.62582" lon="-122.4142"><ele>585.0</ele><time>2024-05-11T20:12:02Z</time></trkpt><trkpt lat="48.625773" lon="-122.414251"><ele>585.0</ele><time>2024-05-11T20:12:07Z</time></trkpt><trkpt lat="48.625739" lon="-122.414263"><ele>582.0</ele><time>2024-05-11T20:12:11Z</time></trkpt><trkpt lat="48.625665" lon="-122.41426"><ele>588.0</ele><time>2024-05-11T20:12:19Z</time></trkpt><trkpt lat="48.625612" lon="-122.414319"><ele>587.0</ele><time>2024-05-11T20:12:26Z</time></trkpt><trkpt lat="48.625569" lon="-122.41434"><ele>589.0</ele><time>2024-05-11T20:12:30Z</time></trkpt><trkpt lat="48.625514" lon="-122.414325"><ele>588.0</ele><time>2024-05-11T20:12:33Z</time></trkpt><trkpt lat="48.625493" lon="-122.414291"><ele>589.0</ele><time>2024-05-11T20:12:35Z</time></trkpt><trkpt lat="48.625441" lon="-122.414333"><ele>588.0</ele><time>2024-05-11T20:12:42Z</time></trkpt><trkpt lat="48.625451" lon="-122.414283"><ele>588.0</ele><time>2024-05-11T20:12:47Z</time></trkpt><trkpt lat="48.625437" lon="-122.414252"><ele>587.0</ele><time>2024-05-11T20:12:48Z</time></trkpt><trkpt lat="48.625397" lon="-122.414238"><ele>590.0</ele><time>2024-05-11T20:12:54Z</time></trkpt><trkpt lat="48.62535" lon="-122.41417"><ele>588.0</ele><time>2024-05-11T20:13:00Z</time></trkpt><trkpt lat="48.625319" lon="-122.414147"><ele>589.3</ele><time>2024-05-11T20:13:02Z</time></trkpt><trkpt lat="48.625325" lon="-122.414094"><ele>588.0</ele><time>2024-05-11T20:13:04Z</time></trkpt><trkpt lat="48.62529" lon="-122.414026"><ele>589.0</ele><time>2024-05-11T20:13:08Z</time></trkpt><trkpt lat="48.625315" lon="-122.413961"><ele>588.0</ele><time>2024-05-11T20:13:13Z</time></trkpt><trkpt lat="48.625297" lon="-122.413897"><ele>588.8</ele><time>2024-05-11T20:13:14Z</time></trkpt><trkpt lat="48.625302" lon="-122.413863"><ele>589.1</ele><time>2024-05-11T20:13:15Z</time></trkpt><trkpt lat="48.625278" lon="-122.413786"><ele>588.4</ele><time>2024-05-11T20:13:18Z</time></trkpt><trkpt lat="48.625247" lon="-122.413772"><ele>588.0</ele><time>2024-05-11T20:13:21Z</time></trkpt><trkpt lat="48.625242" lon="-122.41381"><ele>588.0</ele><time>2024-05-11T20:13:26Z</time></trkpt><trkpt lat="48.625227" lon="-122.41371"><ele>588.0</ele><time>2024-05-11T20:13:32Z</time></trkpt><trkpt lat="48.625337" lon="-122.413693"><ele>588.0</ele><time>2024-05-11T20:13:42Z</time></trkpt><trkpt lat="48.62532" lon="-122.413772"><ele>588.0</ele><time>2024-05-11T20:13:57Z</time></trkpt><trkpt lat="48.625273" lon="-122.413851"><ele>587.0</ele><time>2024-05-11T20:14:00Z</time></trkpt><trkpt lat="48.62526" lon="-122.413805"><ele>588.0</ele><time>2024-05-11T20:14:12Z</time></trkpt><trkpt lat="48.625267" lon="-122.413739"><ele>589.1</ele><time>2024-05-11T20:14:15Z</time></trkpt><trkpt lat="48.625341" lon="-122.413737"><ele>586.0</ele><time>2024-05-11T20:14:17Z</time></trkpt><trkpt lat="48.625298" lon="-122.41376"><ele>588.0</ele><time>2024-05-11T20:14:21Z</time></trkpt><trkpt lat="48.62525" lon="-122.413816"><ele>588.0</ele><time>2024-05-11T20:14:24Z</time></trkpt><trkpt lat="48.625164" lon="-122.413822"><ele>590.9</ele><time>2024-05-11T20:14:32Z</time></trkpt><trkpt lat="48.625145" lon="-122.413744"><ele>591.0</ele><time>2024-05-11T20:14:34Z</time></trkpt><trkpt lat="48.625115" lon="-122.413743"><ele>591.0</ele><time>2024-05-11T20:14:36Z</time></trkpt><trkpt lat="48.625087" lon="-122.413713"><ele>590.0</ele><time>2024-05-11T20:14:39Z</time></trkpt><trkpt lat="48.625118" lon="-122.413692"><ele>591.0</ele><time>2024-05-11T20:14:43Z</time></trkpt><trkpt lat="48.625144" lon="-122.413718"><ele>590.0</ele><time>2024-05-11T20:14:45Z</time></trkpt><trkpt lat="48.625205" lon="-122.413716"><ele>590.0</ele><time>2024-05-11T20:14:52Z</time></trkpt><trkpt lat="48.625144" lon="-122.413835"><ele>590.0</ele><time>2024-05-11T20:15:04Z</time></trkpt><trkpt lat="48.625106" lon="-122.413863"><ele>591.0</ele><time>2024-05-11T20:15:07Z</time></trkpt><trkpt lat="48.625109" lon="-122.413824"><ele>592.3</ele><time>2024-05-11T20:15:09Z</time></trkpt><trkpt lat="48.625139" lon="-122.413751"><ele>591.0</ele><time>2024-05-11T20:15:11Z</time></trkpt><trkpt lat="48.62513" lon="-122.41371"><ele>590.0</ele><time>2024-05-11T20:15:13Z</time></trkpt><trkpt lat="48.625141" lon="-122.41368"><ele>588.0</ele><time>2024-05-11T20:15:15Z</time></trkpt><trkpt lat="48.625099" lon="-122.413542"><ele>588.0</ele><time>2024-05-11T20:15:29Z</time></trkpt><trkpt lat="48.625" lon="-122.413473"><ele>597.0</ele><time>2024-05-11T20:15:48Z</time></trkpt><trkpt lat="48.625037" lon="-122.413621"><ele>599.1</ele><time>2024-05-11T20:15:53Z</time></trkpt><trkpt lat="48.625031" lon="-122.41366"><ele>598.9</ele><time>2024-05-11T20:15:54Z</time></trkpt><trkpt lat="48.625055" lon="-122.413771"><ele>596.5</ele><time>2024-05-11T20:15:56Z</time></trkpt><trkpt lat="48.625045" lon="-122.413802"><ele>594.0</ele><time>2024-05-11T20:15:58Z</time></trkpt><trkpt lat="48.625063" lon="-122.413763"><ele>594.8</ele><time>2024-05-11T20:16:00Z</time></trkpt><trkpt lat="48.625026" lon="-122.413708"><ele>592.0</ele><time>2024-05-11T20:16:03Z</time></trkpt><trkpt lat="48.625014" lon="-122.413669"><ele>591.0</ele><time>2024-05-11T20:16:06Z</time></trkpt><trkpt lat="48.624968" lon="-122.413647"><ele>593.0</ele><time>2024-05-11T20:16:09Z</time></trkpt><trkpt lat="48.624887" lon="-122.413688"><ele>594.6</ele><time>2024-05-11T20:16:20Z</time></trkpt><trkpt lat="48.624824" lon="-122.413664"><ele>590.0</ele><time>2024-05-11T20:16:25Z</time></trkpt><trkpt lat="48.624754" lon="-122.413579"><ele>592.0</ele><time>2024-05-11T20:16:35Z</time></trkpt><trkpt lat="48.624734" lon="-122.413498"><ele>592.0</ele><time>2024-05-11T20:16:39Z</time></trkpt><trkpt lat="48.624688" lon="-122.413492"><ele>591.0</ele><time>2024-05-11T20:16:42Z</time></trkpt><trkpt lat="48.624678" lon="-122.413424"><ele>591.0</ele><time>2024-05-11T20:16:47Z</time></trkpt><trkpt lat="48.624657" lon="-122.413454"><ele>592.0</ele><time>2024-05-11T20:16:50Z</time></trkpt><trkpt lat="48.624675" lon="-122.413525"><ele>592.3</ele><time>2024-05-11T20:16:51Z</time></trkpt><trkpt lat="48.624681" lon="-122.413605"><ele>589.4</ele><time>2024-05-11T20:16:54Z</time></trkpt><trkpt lat="48.624712" lon="-122.413693"><ele>584.0</ele><time>2024-05-11T20:17:02Z</time></trkpt><trkpt lat="48.624743" lon="-122.413716"><ele>585.1</ele><time>2024-05-11T20:17:04Z</time></trkpt><trkpt lat="48.624822" lon="-122.41393"><ele>582.0</ele><time>2024-05-11T20:17:17Z</time></trkpt><trkpt lat="48.624782" lon="-122.413964"><ele>582.0</ele><time>2024-05-11T20:17:19Z</time></trkpt><trkpt lat="48.624738" lon="-122.413972"><ele>582.0</ele><time>2024-05-11T20:17:21Z</time></trkpt><trkpt lat="48.6247" lon="-122.413912"><ele>579.0</ele><time>2024-05-11T20:17:24Z</time></trkpt><trkpt lat="48.624662" lon="-122.413962"><ele>580.8</ele><time>2024-05-11T20:17:26Z</time></trkpt><trkpt lat="48.624632" lon="-122.413953"><ele>580.0</ele><time>2024-05-11T20:17:28Z</time></trkpt><trkpt lat="48.624612" lon="-122.413921"><ele>579.8</ele><time>2024-05-11T20:17:29Z</time></trkpt><trkpt lat="48.624577" lon="-122.413906"><ele>580.3</ele><time>2024-05-11T20:17:30Z</time></trkpt><trkpt lat="48.624584" lon="-122.413757"><ele>579.6</ele><time>2024-05-11T20:17:34Z</time></trkpt><trkpt lat="48.6246" lon="-122.413705"><ele>580.0</ele><time>2024-05-11T20:17:35Z</time></trkpt><trkpt lat="48.624594" lon="-122.41361"><ele>578.0</ele><time>2024-05-11T20:17:37Z</time></trkpt><trkpt lat="48.624568" lon="-122.413576"><ele>578.9</ele><time>2024-05-11T20:17:39Z</time></trkpt><trkpt lat="48.624556" lon="-122.413506"><ele>578.0</ele><time>2024-05-11T20:17:45Z</time></trkpt><trkpt lat="48.624567" lon="-122.413642"><ele>576.0</ele><time>2024-05-11T20:17:54Z</time></trkpt><trkpt lat="48.624382" lon="-122.413506"><ele>577.9</ele><time>2024-05-11T20:18:07Z</time></trkpt><trkpt lat="48.624376" lon="-122.413556"><ele>576.0</ele><time>2024-05-11T20:18:09Z</time></trkpt><trkpt lat="48.624409" lon="-122.413585"><ele>578.7</ele><time>2024-05-11T20:18:11Z</time></trkpt><trkpt lat="48.624447" lon="-122.41357"><ele>576.0</ele><time>2024-05-11T20:18:13Z</time></trkpt><trkpt lat="48.624459" lon="-122.413604"><ele>579.0</ele><time>2024-05-11T20:18:18Z</time></trkpt><trkpt lat="48.624549" lon="-122.413489"><ele>579.0</ele><time>2024-05-11T20:18:31Z</time></trkpt><trkpt lat="48.624521" lon="-122.413466"><ele>580.0</ele><time>2024-05-11T20:18:33Z</time></trkpt><trkpt lat="48.624532" lon="-122.413518"><ele>580.0</ele><time>2024-05-11T20:18:36Z</time></trkpt><trkpt lat="48.624493" lon="-122.413537"><ele>582.0</ele><time>2024-05-11T20:18:41Z</time></trkpt><trkpt lat="48.624384" lon="-122.413641"><ele>581.0</ele><time>2024-05-11T20:18:47Z</time></trkpt><trkpt lat="48.624252" lon="-122.413728"><ele>581.1</ele><time>2024-05-11T20:18:59Z</time></trkpt><trkpt lat="48.624079" lon="-122.413793"><ele>581.0</ele><time>2024-05-11T20:19:23Z</time></trkpt><trkpt lat="48.624091" lon="-122.413955"><ele>582.1</ele><time>2024-05-11T20:19:32Z</time></trkpt><trkpt lat="48.624142" lon="-122.413999"><ele>581.0</ele><time>2024-05-11T20:19:34Z</time></trkpt><trkpt lat="48.624104" lon="-122.414057"><ele>582.0</ele><time>2024-05-11T20:19:38Z</time></trkpt><trkpt lat="48.624046" lon="-122.414068"><ele>580.0</ele><time>2024-05-11T20:19:42Z</time></trkpt><trkpt lat="48.623988" lon="-122.414031"><ele>579.6</ele><time>2024-05-11T20:19:46Z</time></trkpt><trkpt lat="48.623956" lon="-122.414044"><ele>579.0</ele><time>2024-05-11T20:19:49Z</time></trkpt><trkpt lat="48.623919" lon="-122.414045"><ele>580.0</ele><time>2024-05-11T20:19:52Z</time></trkpt><trkpt lat="48.623888" lon="-122.414028"><ele>579.0</ele><time>2024-05-11T20:19:56Z</time></trkpt><trkpt lat="48.623862" lon="-122.414063"><ele>579.0</ele><time>2024-05-11T20:19:59Z</time></trkpt><trkpt lat="48.623822" lon="-122.414022"><ele>580.0</ele><time>2024-05-11T20:20:02Z</time></trkpt><trkpt lat="48.623774" lon="-122.414086"><ele>581.0</ele><time>2024-05-11T20:20:11Z</time></trkpt><trkpt lat="48.62374" lon="-122.414071"><ele>580.0</ele><time>2024-05-11T20:20:12Z</time></trkpt><trkpt lat="48.623705" lon="-122.413981"><ele>580.0</ele><time>2024-05-11T20:20:15Z</time></trkpt><trkpt lat="48.6237" lon="-122.414066"><ele>581.0</ele><time>2024-05-11T20:20:20Z</time></trkpt><trkpt lat="48.623767" lon="-122.413991"><ele>580.0</ele><time>2024-05-11T20:20:22Z</time></trkpt><trkpt lat="48.623734" lon="-122.413984"><ele>579.0</ele><time>2024-05-11T20:20:25Z</time></trkpt><trkpt lat="48.623746" lon="-122.413935"><ele>580.0</ele><time>2024-05-11T20:20:29Z</time></trkpt><trkpt lat="48.623735" lon="-122.413873"><ele>579.0</ele><time>2024-05-11T20:20:32Z</time></trkpt><trkpt lat="48.623679" lon="-122.413772"><ele>578.7</ele><time>2024-05-11T20:20:43Z</time></trkpt><trkpt lat="48.623726" lon="-122.413663"><ele>577.0</ele><time>2024-05-11T20:20:47Z</time></trkpt><trkpt lat="48.62356" lon="-122.413584"><ele>579.1</ele><time>2024-05-11T20:20:54Z</time></trkpt><trkpt lat="48.623561" lon="-122.413505"><ele>578.0</ele><time>2024-05-11T20:20:56Z</time></trkpt><trkpt lat="48.623664" lon="-122.413394"><ele>583.2</ele><time>2024-05-11T20:21:17Z</time></trkpt><trkpt lat="48.623663" lon="-122.413427"><ele>582.0</ele><time>2024-05-11T20:21:20Z</time></trkpt><trkpt lat="48.62366" lon="-122.413404"><ele>583.7</ele><time>2024-05-11T20:21:22Z</time></trkpt><trkpt lat="48.623889" lon="-122.413117"><ele>585.6</ele><time>2024-05-11T20:21:37Z</time></trkpt><trkpt lat="48.623899" lon="-122.413075"><ele>585.0</ele><time>2024-05-11T20:21:39Z</time></trkpt><trkpt lat="48.623961" lon="-122.413046"><ele>584.0</ele><time>2024-05-11T20:21:44Z</time></trkpt><trkpt lat="48.623999" lon="-122.413007"><ele>583.7</ele><time>2024-05-11T20:21:46Z</time></trkpt><trkpt lat="48.624005" lon="-122.412947"><ele>582.0</ele><time>2024-05-11T20:21:48Z</time></trkpt><trkpt lat="48.624036" lon="-122.412928"><ele>582.0</ele><time>2024-05-11T20:21:50Z</time></trkpt><trkpt lat="48.624075" lon="-122.412938"><ele>582.0</ele><time>2024-05-11T20:21:53Z</time></trkpt><trkpt lat="48.624061" lon="-122.412732"><ele>586.0</ele><time>2024-05-11T20:22:01Z</time></trkpt><trkpt lat="48.624087" lon="-122.412644"><ele>586.0</ele><time>2024-05-11T20:22:06Z</time></trkpt><trkpt lat="48.624063" lon="-122.412608"><ele>584.0</ele><time>2024-05-11T20:22:09Z</time></trkpt><trkpt lat="48.624036" lon="-122.412469"><ele>585.0</ele><time>2024-05-11T20:22:19Z</time></trkpt><trkpt lat="48.624058" lon="-122.412416"><ele>585.0</ele><time>2024-05-11T20:22:24Z</time></trkpt><trkpt lat="48.623988" lon="-122.412352"><ele>588.4</ele><time>2024-05-11T20:22:26Z</time></trkpt><trkpt lat="48.623993" lon="-122.412322"><ele>588.0</ele><time>2024-05-11T20:22:27Z</time></trkpt><trkpt lat="48.623981" lon="-122.412292"><ele>587.0</ele><time>2024-05-11T20:22:29Z</time></trkpt><trkpt lat="48.624" lon="-122.412203"><ele>588.0</ele><time>2024-05-11T20:22:33Z</time></trkpt><trkpt lat="48.623983" lon="-122.412125"><ele>588.0</ele><time>2024-05-11T20:22:40Z</time></trkpt><trkpt lat="48.624041" lon="-122.412086"><ele>588.0</ele><time>2024-05-11T20:22:46Z</time></trkpt><trkpt lat="48.62403" lon="-122.412054"><ele>591.1</ele><time>2024-05-11T20:22:48Z</time></trkpt><trkpt lat="48.624041" lon="-122.411994"><ele>592.0</ele><time>2024-05-11T20:22:52Z</time></trkpt><trkpt lat="48.624018" lon="-122.411963"><ele>592.0</ele><time>2024-05-11T20:22:54Z</time></trkpt><trkpt lat="48.623935" lon="-122.411943"><ele>591.5</ele><time>2024-05-11T20:22:55Z</time></trkpt><trkpt lat="48.623973" lon="-122.411912"><ele>590.0</ele><time>2024-05-11T20:22:57Z</time></trkpt><trkpt lat="48.623953" lon="-122.41185"><ele>590.0</ele><time>2024-05-11T20:23:01Z</time></trkpt><trkpt lat="48.623984" lon="-122.411774"><ele>592.3</ele><time>2024-05-11T20:23:05Z</time></trkpt><trkpt lat="48.62398" lon="-122.411731"><ele>591.0</ele><time>2024-05-11T20:23:08Z</time></trkpt><trkpt lat="48.623912" lon="-122.411621"><ele>591.0</ele><time>2024-05-11T20:23:14Z</time></trkpt><trkpt lat="48.623906" lon="-122.411587"><ele>592.0</ele><time>2024-05-11T20:23:17Z</time></trkpt><trkpt lat="48.623928" lon="-122.411386"><ele>594.0</ele><time>2024-05-11T20:23:28Z</time></trkpt><trkpt lat="48.62397" lon="-122.411348"><ele>594.0</ele><time>2024-05-11T20:23:30Z</time></trkpt><trkpt lat="48.623942" lon="-122.411331"><ele>594.0</ele><time>2024-05-11T20:23:32Z</time></trkpt><trkpt lat="48.623965" lon="-122.411269"><ele>594.0</ele><time>2024-05-11T20:23:34Z</time></trkpt><trkpt lat="48.62395" lon="-122.411228"><ele>597.1</ele><time>2024-05-11T20:23:36Z</time></trkpt><trkpt lat="48.62391" lon="-122.411211"><ele>597.0</ele><time>2024-05-11T20:23:38Z</time></trkpt><trkpt lat="48.623944" lon="-122.411122"><ele>596.0</ele><time>2024-05-11T20:23:41Z</time></trkpt><trkpt lat="48.623952" lon="-122.41102"><ele>597.0</ele><time>2024-05-11T20:23:46Z</time></trkpt><trkpt lat="48.623904" lon="-122.410961"><ele>597.0</ele><time>2024-05-11T20:23:51Z</time></trkpt><trkpt lat="48.623856" lon="-122.410867"><ele>602.7</ele><time>2024-05-11T20:24:02Z</time></trkpt><trkpt lat="48.623836" lon="-122.410813"><ele>602.0</ele><time>2024-05-11T20:24:03Z</time></trkpt><trkpt lat="48.623837" lon="-122.410767"><ele>601.0</ele><time>2024-05-11T20:24:06Z</time></trkpt><trkpt lat="48.623784" lon="-122.410633"><ele>604.0</ele><time>2024-05-11T20:24:11Z</time></trkpt><trkpt lat="48.623721" lon="-122.410571"><ele>604.3</ele><time>2024-05-11T20:24:20Z</time></trkpt><trkpt lat="48.623714" lon="-122.410387"><ele>605.0</ele><time>2024-05-11T20:24:32Z</time></trkpt><trkpt lat="48.62366" lon="-122.410258"><ele>606.0</ele><time>2024-05-11T20:24:40Z</time></trkpt><trkpt lat="48.623648" lon="-122.410207"><ele>606.0</ele><time>2024-05-11T20:24:42Z</time></trkpt><trkpt lat="48.623597" lon="-122.410237"><ele>606.0</ele><time>2024-05-11T20:24:46Z</time></trkpt><trkpt lat="48.623488" lon="-122.410128"><ele>605.0</ele><time>2024-05-11T20:24:55Z</time></trkpt><trkpt lat="48.623462" lon="-122.41006"><ele>605.0</ele><time>2024-05-11T20:25:01Z</time></trkpt><trkpt lat="48.623441" lon="-122.409774"><ele>608.0</ele><time>2024-05-11T20:25:22Z</time></trkpt><trkpt lat="48.623412" lon="-122.409742"><ele>609.4</ele><time>2024-05-11T20:25:23Z</time></trkpt><trkpt lat="48.623342" lon="-122.409762"><ele>608.0</ele><time>2024-05-11T20:25:29Z</time></trkpt><trkpt lat="48.623308" lon="-122.409707"><ele>609.0</ele><time>2024-05-11T20:25:31Z</time></trkpt><trkpt lat="48.623295" lon="-122.409726"><ele>609.5</ele><time>2024-05-11T20:25:33Z</time></trkpt><trkpt lat="48.623267" lon="-122.409689"><ele>606.0</ele><time>2024-05-11T20:25:37Z</time></trkpt><trkpt lat="48.623246" lon="-122.409621"><ele>609.0</ele><time>2024-05-11T20:25:42Z</time></trkpt><trkpt lat="48.623272" lon="-122.409498"><ele>609.4</ele><time>2024-05-11T20:25:44Z</time></trkpt><trkpt lat="48.623224" lon="-122.409334"><ele>610.0</ele><time>2024-05-11T20:25:54Z</time></trkpt><trkpt lat="48.623215" lon="-122.409268"><ele>610.0</ele><time>2024-05-11T20:26:00Z</time></trkpt><trkpt lat="48.62318" lon="-122.409201"><ele>610.0</ele><time>2024-05-11T20:26:05Z</time></trkpt><trkpt lat="48.623175" lon="-122.409166"><ele>611.6</ele><time>2024-05-11T20:26:07Z</time></trkpt><trkpt lat="48.623152" lon="-122.409144"><ele>612.0</ele><time>2024-05-11T20:26:09Z</time></trkpt><trkpt lat="48.623145" lon="-122.409077"><ele>610.0</ele><time>2024-05-11T20:26:12Z</time></trkpt><trkpt lat="48.623165" lon="-122.408972"><ele>611.2</ele><time>2024-05-11T20:26:17Z</time></trkpt><trkpt lat="48.62313" lon="-122.408884"><ele>611.0</ele><time>2024-05-11T20:26:26Z</time></trkpt><trkpt lat="48.623131" lon="-122.408851"><ele>610.0</ele><time>2024-05-11T20:26:28Z</time></trkpt><trkpt lat="48.623152" lon="-122.408819"><ele>610.0</ele><time>2024-05-11T20:26:30Z</time></trkpt><trkpt lat="48.623185" lon="-122.40881"><ele>610.0</ele><time>2024-05-11T20:26:32Z</time></trkpt><trkpt lat="48.623182" lon="-122.408772"><ele>610.0</ele><time>2024-05-11T20:26:34Z</time></trkpt><trkpt lat="48.623207" lon="-122.408736"><ele>611.3</ele><time>2024-05-11T20:26:36Z</time></trkpt><trkpt lat="48.623146" lon="-122.408654"><ele>610.0</ele><time>2024-05-11T20:26:44Z</time></trkpt><trkpt lat="48.623146" lon="-122.408567"><ele>609.0</ele><time>2024-05-11T20:26:48Z</time></trkpt><trkpt lat="48.623168" lon="-122.40853"><ele>609.6</ele><time>2024-05-11T20:26:49Z</time></trkpt><trkpt lat="48.623169" lon="-122.408482"><ele>609.1</ele><time>2024-05-11T20:26:50Z</time></trkpt><trkpt lat="48.623143" lon="-122.408464"><ele>607.0</ele><time>2024-05-11T20:26:53Z</time></trkpt><trkpt lat="48.623232" lon="-122.408393"><ele>607.7</ele><time>2024-05-11T20:26:57Z</time></trkpt><trkpt lat="48.623223" lon="-122.408349"><ele>606.0</ele><time>2024-05-11T20:26:59Z</time></trkpt><trkpt lat="48.623161" lon="-122.408206"><ele>608.2</ele><time>2024-05-11T20:27:07Z</time></trkpt><trkpt lat="48.623164" lon="-122.408157"><ele>606.0</ele><time>2024-05-11T20:27:11Z</time></trkpt><trkpt lat="48.623204" lon="-122.407989"><ele>608.0</ele><time>2024-05-11T20:27:22Z</time></trkpt><trkpt lat="48.623234" lon="-122.407592"><ele>609.9</ele><time>2024-05-11T20:27:55Z</time></trkpt><trkpt lat="48.623251" lon="-122.407558"><ele>609.0</ele><time>2024-05-11T20:27:57Z</time></trkpt><trkpt lat="48.6232" lon="-122.407503"><ele>609.0</ele><time>2024-05-11T20:27:59Z</time></trkpt><trkpt lat="48.623205" lon="-122.40741"><ele>609.0</ele><time>2024-05-11T20:28:02Z</time></trkpt><trkpt lat="48.623167" lon="-122.407272"><ele>610.7</ele><time>2024-05-11T20:28:11Z</time></trkpt><trkpt lat="48.623205" lon="-122.407176"><ele>610.0</ele><time>2024-05-11T20:28:16Z</time></trkpt><trkpt lat="48.623259" lon="-122.407168"><ele>608.0</ele><time>2024-05-11T20:28:19Z</time></trkpt><trkpt lat="48.623285" lon="-122.407147"><ele>609.0</ele><time>2024-05-11T20:28:23Z</time></trkpt><trkpt lat="48.623242" lon="-122.407086"><ele>609.3</ele><time>2024-05-11T20:28:27Z</time></trkpt><trkpt lat="48.623272" lon="-122.407062"><ele>608.0</ele><time>2024-05-11T20:28:29Z</time></trkpt><trkpt lat="48.623257" lon="-122.407029"><ele>610.0</ele><time>2024-05-11T20:28:32Z</time></trkpt><trkpt lat="48.623308" lon="-122.406914"><ele>610.8</ele><time>2024-05-11T20:28:36Z</time></trkpt><trkpt lat="48.623327" lon="-122.40694"><ele>610.4</ele><time>2024-05-11T20:28:37Z</time></trkpt><trkpt lat="48.62332" lon="-122.406841"><ele>610.0</ele><time>2024-05-11T20:28:43Z</time></trkpt><trkpt lat="48.623264" lon="-122.406687"><ele>610.0</ele><time>2024-05-11T20:28:50Z</time></trkpt><trkpt lat="48.623209" lon="-122.406661"><ele>612.8</ele><time>2024-05-11T20:28:53Z</time></trkpt><trkpt lat="48.623201" lon="-122.406592"><ele>611.0</ele><time>2024-05-11T20:28:56Z</time></trkpt><trkpt lat="48.623217" lon="-122.406499"><ele>612.0</ele><time>2024-05-11T20:29:00Z</time></trkpt><trkpt lat="48.62317" lon="-122.406485"><ele>612.3</ele><time>2024-05-11T20:29:01Z</time></trkpt><trkpt lat="48.623166" lon="-122.406446"><ele>612.1</ele><time>2024-05-11T20:29:02Z</time></trkpt><trkpt lat="48.623242" lon="-122.406387"><ele>613.8</ele><time>2024-05-11T20:29:10Z</time></trkpt><trkpt lat="48.623267" lon="-122.406354"><ele>613.0</ele><time>2024-05-11T20:29:12Z</time></trkpt><trkpt lat="48.623277" lon="-122.406262"><ele>609.0</ele><time>2024-05-11T20:29:16Z</time></trkpt><trkpt lat="48.623398" lon="-122.406254"><ele>606.0</ele><time>2024-05-11T20:29:32Z</time></trkpt><trkpt lat="48.623427" lon="-122.406224"><ele>610.0</ele><time>2024-05-11T20:29:42Z</time></trkpt><trkpt lat="48.623476" lon="-122.406216"><ele>606.0</ele><time>2024-05-11T20:29:50Z</time></trkpt><trkpt lat="48.623454" lon="-122.406262"><ele>605.0</ele><time>2024-05-11T20:29:57Z</time></trkpt><trkpt lat="48.623537" lon="-122.406297"><ele>604.0</ele><time>2024-05-11T20:30:11Z</time></trkpt><trkpt lat="48.623474" lon="-122.406282"><ele>604.0</ele><time>2024-05-11T20:30:14Z</time></trkpt><trkpt lat="48.623437" lon="-122.406291"><ele>604.0</ele><time>2024-05-11T20:30:16Z</time></trkpt><trkpt lat="48.623395" lon="-122.406358"><ele>602.0</ele><time>2024-05-11T20:30:26Z</time></trkpt><trkpt lat="48.623411" lon="-122.406417"><ele>604.0</ele><time>2024-05-11T20:30:31Z</time></trkpt><trkpt lat="48.623423" lon="-122.406389"><ele>601.0</ele><time>2024-05-11T20:30:36Z</time></trkpt><trkpt lat="48.623376" lon="-122.406314"><ele>601.0</ele><time>2024-05-11T20:30:41Z</time></trkpt><trkpt lat="48.623436" lon="-122.406363"><ele>603.0</ele><time>2024-05-11T20:30:47Z</time></trkpt><trkpt lat="48.623455" lon="-122.406303"><ele>602.0</ele><time>2024-05-11T20:30:55Z</time></trkpt><trkpt lat="48.623406" lon="-122.406247"><ele>604.0</ele><time>2024-05-11T20:31:02Z</time></trkpt><trkpt lat="48.623421" lon="-122.406318"><ele>603.0</ele><time>2024-05-11T20:31:05Z</time></trkpt><trkpt lat="48.623397" lon="-122.406362"><ele>604.0</ele><time>2024-05-11T20:31:08Z</time></trkpt><trkpt lat="48.623372" lon="-122.40646"><ele>601.0</ele><time>2024-05-11T20:31:13Z</time></trkpt><trkpt lat="48.623342" lon="-122.406477"><ele>602.0</ele><time>2024-05-11T20:31:16Z</time></trkpt><trkpt lat="48.623326" lon="-122.406519"><ele>602.0</ele><time>2024-05-11T20:31:18Z</time></trkpt><trkpt lat="48.623301" lon="-122.406653"><ele>604.0</ele><time>2024-05-11T20:31:23Z</time></trkpt><trkpt lat="48.623239" lon="-122.406715"><ele>604.0</ele><time>2024-05-11T20:31:28Z</time></trkpt><trkpt lat="48.6232" lon="-122.406784"><ele>606.0</ele><time>2024-05-11T20:31:35Z</time></trkpt><trkpt lat="48.623201" lon="-122.406933"><ele>606.0</ele><time>2024-05-11T20:31:44Z</time></trkpt><trkpt lat="48.623186" lon="-122.407022"><ele>606.0</ele><time>2024-05-11T20:31:52Z</time></trkpt><trkpt lat="48.623214" lon="-122.407112"><ele>612.5</ele><time>2024-05-11T20:31:59Z</time></trkpt><trkpt lat="48.623186" lon="-122.407179"><ele>611.3</ele><time>2024-05-11T20:32:01Z</time></trkpt><trkpt lat="48.623217" lon="-122.407192"><ele>611.0</ele><time>2024-05-11T20:32:02Z</time></trkpt><trkpt lat="48.623204" lon="-122.407253"><ele>611.2</ele><time>2024-05-11T20:32:04Z</time></trkpt><trkpt lat="48.623205" lon="-122.407369"><ele>610.0</ele><time>2024-05-11T20:32:10Z</time></trkpt><trkpt lat="48.623224" lon="-122.407466"><ele>608.0</ele><time>2024-05-11T20:32:14Z</time></trkpt><trkpt lat="48.623227" lon="-122.407547"><ele>608.0</ele><time>2024-05-11T20:32:18Z</time></trkpt><trkpt lat="48.623254" lon="-122.407621"><ele>608.0</ele><time>2024-05-11T20:32:22Z</time></trkpt><trkpt lat="48.623242" lon="-122.407691"><ele>610.0</ele><time>2024-05-11T20:32:27Z</time></trkpt><trkpt lat="48.623213" lon="-122.407719"><ele>611.0</ele><time>2024-05-11T20:32:29Z</time></trkpt><trkpt lat="48.623211" lon="-122.407895"><ele>611.0</ele><time>2024-05-11T20:32:40Z</time></trkpt><trkpt lat="48.623172" lon="-122.408083"><ele>609.0</ele><time>2024-05-11T20:32:50Z</time></trkpt><trkpt lat="48.623181" lon="-122.408123"><ele>608.0</ele><time>2024-05-11T20:32:54Z</time></trkpt><trkpt lat="48.623151" lon="-122.408162"><ele>612.0</ele><time>2024-05-11T20:32:58Z</time></trkpt><trkpt lat="48.623165" lon="-122.408282"><ele>615.0</ele><time>2024-05-11T20:33:05Z</time></trkpt><trkpt lat="48.623161" lon="-122.408313"><ele>616.0</ele><time>2024-05-11T20:33:08Z</time></trkpt><trkpt lat="48.623128" lon="-122.408423"><ele>615.0</ele><time>2024-05-11T20:33:12Z</time></trkpt><trkpt lat="48.623105" lon="-122.408464"><ele>615.0</ele><time>2024-05-11T20:33:16Z</time></trkpt><trkpt lat="48.623114" lon="-122.408543"><ele>614.0</ele><time>2024-05-11T20:33:21Z</time></trkpt><trkpt lat="48.623109" lon="-122.408587"><ele>613.0</ele><time>2024-05-11T20:33:24Z</time></trkpt><trkpt lat="48.623151" lon="-122.408853"><ele>612.0</ele><time>2024-05-11T20:33:39Z</time></trkpt><trkpt lat="48.623179" lon="-122.408943"><ele>606.0</ele><time>2024-05-11T20:33:47Z</time></trkpt><trkpt lat="48.623149" lon="-122.409002"><ele>609.0</ele><time>2024-05-11T20:33:54Z</time></trkpt><trkpt lat="48.623106" lon="-122.409037"><ele>612.0</ele><time>2024-05-11T20:33:59Z</time></trkpt><trkpt lat="48.623104" lon="-122.409107"><ele>613.0</ele><time>2024-05-11T20:34:02Z</time></trkpt><trkpt lat="48.623147" lon="-122.409216"><ele>612.0</ele><time>2024-05-11T20:34:07Z</time></trkpt><trkpt lat="48.623173" lon="-122.409477"><ele>612.0</ele><time>2024-05-11T20:34:21Z</time></trkpt><trkpt lat="48.623197" lon="-122.409512"><ele>612.3</ele><time>2024-05-11T20:34:23Z</time></trkpt><trkpt lat="48.623198" lon="-122.409548"><ele>612.0</ele><time>2024-05-11T20:34:24Z</time></trkpt><trkpt lat="48.623249" lon="-122.409669"><ele>612.0</ele><time>2024-05-11T20:34:31Z</time></trkpt><trkpt lat="48.623244" lon="-122.409743"><ele>610.0</ele><time>2024-05-11T20:34:37Z</time></trkpt><trkpt lat="48.623292" lon="-122.40984"><ele>607.0</ele><time>2024-05-11T20:34:44Z</time></trkpt><trkpt lat="48.623384" lon="-122.409921"><ele>608.2</ele><time>2024-05-11T20:34:50Z</time></trkpt><trkpt lat="48.623417" lon="-122.409921"><ele>609.0</ele><time>2024-05-11T20:34:51Z</time></trkpt><trkpt lat="48.623415" lon="-122.409962"><ele>609.6</ele><time>2024-05-11T20:34:53Z</time></trkpt><trkpt lat="48.623514" lon="-122.410059"><ele>609.0</ele><time>2024-05-11T20:35:03Z</time></trkpt><trkpt lat="48.623555" lon="-122.410201"><ele>607.0</ele><time>2024-05-11T20:35:12Z</time></trkpt><trkpt lat="48.623594" lon="-122.410256"><ele>607.0</ele><time>2024-05-11T20:35:16Z</time></trkpt><trkpt lat="48.623614" lon="-122.410347"><ele>608.0</ele><time>2024-05-11T20:35:20Z</time></trkpt><trkpt lat="48.623647" lon="-122.410404"><ele>610.0</ele><time>2024-05-11T20:35:26Z</time></trkpt><trkpt lat="48.623651" lon="-122.410442"><ele>608.0</ele><time>2024-05-11T20:35:28Z</time></trkpt><trkpt lat="48.623702" lon="-122.410488"><ele>609.0</ele><time>2024-05-11T20:35:34Z</time></trkpt><trkpt lat="48.623716" lon="-122.41057"><ele>609.0</ele><time>2024-05-11T20:35:40Z</time></trkpt><trkpt lat="48.623751" lon="-122.410619"><ele>609.0</ele><time>2024-05-11T20:35:44Z</time></trkpt><trkpt lat="48.623809" lon="-122.41067"><ele>608.0</ele><time>2024-05-11T20:35:50Z</time></trkpt><trkpt lat="48.623783" lon="-122.410692"><ele>608.0</ele><time>2024-05-11T20:35:52Z</time></trkpt><trkpt lat="48.623812" lon="-122.410711"><ele>608.0</ele><time>2024-05-11T20:35:54Z</time></trkpt><trkpt lat="48.623821" lon="-122.41077"><ele>606.0</ele><time>2024-05-11T20:35:59Z</time></trkpt><trkpt lat="48.623842" lon="-122.410796"><ele>606.0</ele><time>2024-05-11T20:36:01Z</time></trkpt><trkpt lat="48.623828" lon="-122.410827"><ele>606.0</ele><time>2024-05-11T20:36:04Z</time></trkpt><trkpt lat="48.623852" lon="-122.410887"><ele>606.0</ele><time>2024-05-11T20:36:08Z</time></trkpt><trkpt lat="48.623849" lon="-122.410959"><ele>604.0</ele><time>2024-05-11T20:36:13Z</time></trkpt><trkpt lat="48.623875" lon="-122.411023"><ele>604.0</ele><time>2024-05-11T20:36:18Z</time></trkpt><trkpt lat="48.623878" lon="-122.411105"><ele>606.0</ele><time>2024-05-11T20:36:22Z</time></trkpt><trkpt lat="48.623945" lon="-122.411276"><ele>606.0</ele><time>2024-05-11T20:36:33Z</time></trkpt><trkpt lat="48.62394" lon="-122.411326"><ele>606.3</ele><time>2024-05-11T20:36:36Z</time></trkpt><trkpt lat="48.623987" lon="-122.411463"><ele>606.0</ele><time>2024-05-11T20:36:47Z</time></trkpt><trkpt lat="48.623956" lon="-122.411585"><ele>606.0</ele><time>2024-05-11T20:36:53Z</time></trkpt><trkpt lat="48.623956" lon="-122.411744"><ele>602.0</ele><time>2024-05-11T20:37:04Z</time></trkpt><trkpt lat="48.62392" lon="-122.411781"><ele>602.0</ele><time>2024-05-11T20:37:07Z</time></trkpt><trkpt lat="48.62393" lon="-122.411813"><ele>602.8</ele><time>2024-05-11T20:37:09Z</time></trkpt><trkpt lat="48.623974" lon="-122.411828"><ele>602.3</ele><time>2024-05-11T20:37:10Z</time></trkpt><trkpt lat="48.624001" lon="-122.411848"><ele>602.0</ele><time>2024-05-11T20:37:11Z</time></trkpt><trkpt lat="48.624012" lon="-122.411886"><ele>600.0</ele><time>2024-05-11T20:37:13Z</time></trkpt><trkpt lat="48.624" lon="-122.411971"><ele>601.5</ele><time>2024-05-11T20:37:20Z</time></trkpt><trkpt lat="48.62403" lon="-122.412043"><ele>600.0</ele><time>2024-05-11T20:37:23Z</time></trkpt><trkpt lat="48.624005" lon="-122.412107"><ele>599.0</ele><time>2024-05-11T20:37:26Z</time></trkpt><trkpt lat="48.624003" lon="-122.412188"><ele>599.0</ele><time>2024-05-11T20:37:30Z</time></trkpt><trkpt lat="48.624035" lon="-122.412215"><ele>598.0</ele><time>2024-05-11T20:37:33Z</time></trkpt><trkpt lat="48.624066" lon="-122.412388"><ele>597.0</ele><time>2024-05-11T20:37:42Z</time></trkpt><trkpt lat="48.624055" lon="-122.412426"><ele>597.0</ele><time>2024-05-11T20:37:45Z</time></trkpt><trkpt lat="48.624079" lon="-122.412466"><ele>597.0</ele><time>2024-05-11T20:37:48Z</time></trkpt><trkpt lat="48.624056" lon="-122.412536"><ele>596.0</ele><time>2024-05-11T20:37:54Z</time></trkpt><trkpt lat="48.624025" lon="-122.412566"><ele>594.0</ele><time>2024-05-11T20:37:57Z</time></trkpt><trkpt lat="48.624034" lon="-122.412642"><ele>594.0</ele><time>2024-05-11T20:38:01Z</time></trkpt><trkpt lat="48.624029" lon="-122.412712"><ele>594.0</ele><time>2024-05-11T20:38:06Z</time></trkpt><trkpt lat="48.62399" lon="-122.412736"><ele>594.0</ele><time>2024-05-11T20:38:09Z</time></trkpt><trkpt lat="48.623982" lon="-122.412791"><ele>592.0</ele><time>2024-05-11T20:38:12Z</time></trkpt><trkpt lat="48.623994" lon="-122.412839"><ele>592.0</ele><time>2024-05-11T20:38:15Z</time></trkpt><trkpt lat="48.623942" lon="-122.412885"><ele>590.0</ele><time>2024-05-11T20:38:20Z</time></trkpt><trkpt lat="48.623931" lon="-122.412995"><ele>588.0</ele><time>2024-05-11T20:38:26Z</time></trkpt><trkpt lat="48.623891" lon="-122.413073"><ele>588.0</ele><time>2024-05-11T20:38:34Z</time></trkpt><trkpt lat="48.623847" lon="-122.413058"><ele>584.0</ele><time>2024-05-11T20:38:39Z</time></trkpt><trkpt lat="48.623799" lon="-122.413195"><ele>584.0</ele><time>2024-05-11T20:38:48Z</time></trkpt><trkpt lat="48.623763" lon="-122.413193"><ele>585.0</ele><time>2024-05-11T20:38:52Z</time></trkpt><trkpt lat="48.623728" lon="-122.413206"><ele>584.0</ele><time>2024-05-11T20:38:54Z</time></trkpt><trkpt lat="48.623689" lon="-122.413189"><ele>585.1</ele><time>2024-05-11T20:38:56Z</time></trkpt><trkpt lat="48.623649" lon="-122.413261"><ele>583.6</ele><time>2024-05-11T20:39:06Z</time></trkpt><trkpt lat="48.623624" lon="-122.41327"><ele>583.0</ele><time>2024-05-11T20:39:08Z</time></trkpt><trkpt lat="48.62358" lon="-122.413256"><ele>583.0</ele><time>2024-05-11T20:39:11Z</time></trkpt><trkpt lat="48.623546" lon="-122.413285"><ele>582.0</ele><time>2024-05-11T20:39:14Z</time></trkpt><trkpt lat="48.623523" lon="-122.41333"><ele>583.8</ele><time>2024-05-11T20:39:17Z</time></trkpt><trkpt lat="48.623504" lon="-122.4134"><ele>582.0</ele><time>2024-05-11T20:39:20Z</time></trkpt><trkpt lat="48.62356" lon="-122.413458"><ele>582.0</ele><time>2024-05-11T20:39:25Z</time></trkpt><trkpt lat="48.623524" lon="-122.413437"><ele>580.9</ele><time>2024-05-11T20:39:27Z</time></trkpt><trkpt lat="48.623543" lon="-122.413461"><ele>580.0</ele><time>2024-05-11T20:39:28Z</time></trkpt><trkpt lat="48.623607" lon="-122.413702"><ele>579.0</ele><time>2024-05-11T20:39:40Z</time></trkpt><trkpt lat="48.623627" lon="-122.413726"><ele>580.0</ele><time>2024-05-11T20:39:43Z</time></trkpt><trkpt lat="48.62364" lon="-122.413804"><ele>582.5</ele><time>2024-05-11T20:39:47Z</time></trkpt><trkpt lat="48.623617" lon="-122.413847"><ele>580.0</ele><time>2024-05-11T20:39:49Z</time></trkpt><trkpt lat="48.623622" lon="-122.413888"><ele>581.0</ele><time>2024-05-11T20:39:51Z</time></trkpt><trkpt lat="48.623596" lon="-122.41392"><ele>582.0</ele><time>2024-05-11T20:39:53Z</time></trkpt><trkpt lat="48.623638" lon="-122.413978"><ele>581.0</ele><time>2024-05-11T20:39:57Z</time></trkpt><trkpt lat="48.623709" lon="-122.414039"><ele>577.0</ele><time>2024-05-11T20:40:08Z</time></trkpt><trkpt lat="48.623844" lon="-122.414066"><ele>579.0</ele><time>2024-05-11T20:40:22Z</time></trkpt><trkpt lat="48.623902" lon="-122.414044"><ele>578.0</ele><time>2024-05-11T20:40:25Z</time></trkpt><trkpt lat="48.623946" lon="-122.41404"><ele>579.0</ele><time>2024-05-11T20:40:28Z</time></trkpt><trkpt lat="48.624028" lon="-122.414063"><ele>576.0</ele><time>2024-05-11T20:40:35Z</time></trkpt><trkpt lat="48.624019" lon="-122.414094"><ele>576.0</ele><time>2024-05-11T20:40:39Z</time></trkpt><trkpt lat="48.623975" lon="-122.414149"><ele>576.0</ele><time>2024-05-11T20:40:42Z</time></trkpt><trkpt lat="48.623942" lon="-122.414159"><ele>577.7</ele><time>2024-05-11T20:40:45Z</time></trkpt><trkpt lat="48.62387" lon="-122.414125"><ele>576.0</ele><time>2024-05-11T20:40:48Z</time></trkpt><trkpt lat="48.623772" lon="-122.41423"><ele>578.0</ele><time>2024-05-11T20:40:57Z</time></trkpt><trkpt lat="48.623756" lon="-122.414282"><ele>576.0</ele><time>2024-05-11T20:40:59Z</time></trkpt><trkpt lat="48.623702" lon="-122.414335"><ele>576.0</ele><time>2024-05-11T20:41:04Z</time></trkpt><trkpt lat="48.623671" lon="-122.414472"><ele>572.0</ele><time>2024-05-11T20:41:11Z</time></trkpt><trkpt lat="48.623613" lon="-122.414487"><ele>570.0</ele><time>2024-05-11T20:41:20Z</time></trkpt><trkpt lat="48.62365" lon="-122.414488"><ele>570.0</ele><time>2024-05-11T20:41:24Z</time></trkpt><trkpt lat="48.623726" lon="-122.41444"><ele>570.0</ele><time>2024-05-11T20:41:28Z</time></trkpt><trkpt lat="48.62376" lon="-122.414452"><ele>570.0</ele><time>2024-05-11T20:41:30Z</time></trkpt><trkpt lat="48.623789" lon="-122.414483"><ele>568.0</ele><time>2024-05-11T20:41:33Z</time></trkpt><trkpt lat="48.623806" lon="-122.414522"><ele>569.0</ele><time>2024-05-11T20:41:36Z</time></trkpt><trkpt lat="48.623887" lon="-122.414629"><ele>570.0</ele><time>2024-05-11T20:41:45Z</time></trkpt><trkpt lat="48.623948" lon="-122.41463"><ele>566.0</ele><time>2024-05-11T20:41:49Z</time></trkpt><trkpt lat="48.623978" lon="-122.414611"><ele>567.3</ele><time>2024-05-11T20:41:51Z</time></trkpt><trkpt lat="48.624045" lon="-122.414721"><ele>566.0</ele><time>2024-05-11T20:41:59Z</time></trkpt><trkpt lat="48.624104" lon="-122.41477"><ele>567.0</ele><time>2024-05-11T20:42:03Z</time></trkpt><trkpt lat="48.62415" lon="-122.414882"><ele>565.0</ele><time>2024-05-11T20:42:10Z</time></trkpt><trkpt lat="48.624139" lon="-122.414915"><ele>564.0</ele><time>2024-05-11T20:42:13Z</time></trkpt><trkpt lat="48.624168" lon="-122.414927"><ele>561.0</ele><time>2024-05-11T20:42:19Z</time></trkpt><trkpt lat="48.624195" lon="-122.414967"><ele>562.0</ele><time>2024-05-11T20:42:22Z</time></trkpt><trkpt lat="48.624206" lon="-122.415001"><ele>563.0</ele><time>2024-05-11T20:42:24Z</time></trkpt><trkpt lat="48.624202" lon="-122.415048"><ele>562.0</ele><time>2024-05-11T20:42:26Z</time></trkpt><trkpt lat="48.624221" lon="-122.41501"><ele>563.0</ele><time>2024-05-11T20:42:29Z</time></trkpt><trkpt lat="48.624271" lon="-122.415008"><ele>564.1</ele><time>2024-05-11T20:42:30Z</time></trkpt><trkpt lat="48.624291" lon="-122.41505"><ele>561.0</ele><time>2024-05-11T20:42:32Z</time></trkpt><trkpt lat="48.624339" lon="-122.415041"><ele>562.0</ele><time>2024-05-11T20:42:35Z</time></trkpt><trkpt lat="48.624398" lon="-122.414962"><ele>560.5</ele><time>2024-05-11T20:42:40Z</time></trkpt><trkpt lat="48.624433" lon="-122.414963"><ele>558.0</ele><time>2024-05-11T20:42:43Z</time></trkpt><trkpt lat="48.624463" lon="-122.415012"><ele>558.0</ele><time>2024-05-11T20:42:49Z</time></trkpt><trkpt lat="48.624461" lon="-122.41506"><ele>559.4</ele><time>2024-05-11T20:42:51Z</time></trkpt><trkpt lat="48.62439" lon="-122.415071"><ele>556.0</ele><time>2024-05-11T20:42:54Z</time></trkpt><trkpt lat="48.624357" lon="-122.414986"><ele>558.4</ele><time>2024-05-11T20:42:59Z</time></trkpt><trkpt lat="48.624386" lon="-122.415018"><ele>558.0</ele><time>2024-05-11T20:43:01Z</time></trkpt><trkpt lat="48.62435" lon="-122.415019"><ele>557.0</ele><time>2024-05-11T20:43:05Z</time></trkpt><trkpt lat="48.624393" lon="-122.415056"><ele>558.0</ele><time>2024-05-11T20:43:16Z</time></trkpt><trkpt lat="48.624387" lon="-122.415096"><ele>560.0</ele><time>2024-05-11T20:43:20Z</time></trkpt><trkpt lat="48.624276" lon="-122.415124"><ele>558.0</ele><time>2024-05-11T20:43:25Z</time></trkpt><trkpt lat="48.62422" lon="-122.415186"><ele>556.0</ele><time>2024-05-11T20:43:33Z</time></trkpt><trkpt lat="48.62418" lon="-122.415209"><ele>556.0</ele><time>2024-05-11T20:43:36Z</time></trkpt><trkpt lat="48.624177" lon="-122.415336"><ele>553.0</ele><time>2024-05-11T20:43:45Z</time></trkpt><trkpt lat="48.624134" lon="-122.415323"><ele>549.0</ele><time>2024-05-11T20:43:50Z</time></trkpt><trkpt lat="48.624168" lon="-122.415342"><ele>549.0</ele><time>2024-05-11T20:43:55Z</time></trkpt><trkpt lat="48.624208" lon="-122.415331"><ele>548.0</ele><time>2024-05-11T20:43:58Z</time></trkpt><trkpt lat="48.624264" lon="-122.415269"><ele>548.0</ele><time>2024-05-11T20:44:03Z</time></trkpt><trkpt lat="48.624369" lon="-122.415294"><ele>545.0</ele><time>2024-05-11T20:44:11Z</time></trkpt><trkpt lat="48.624395" lon="-122.415227"><ele>546.0</ele><time>2024-05-11T20:44:19Z</time></trkpt><trkpt lat="48.624458" lon="-122.415266"><ele>545.0</ele><time>2024-05-11T20:44:25Z</time></trkpt><trkpt lat="48.624495" lon="-122.415302"><ele>544.0</ele><time>2024-05-11T20:44:31Z</time></trkpt><trkpt lat="48.624475" lon="-122.415414"><ele>543.0</ele><time>2024-05-11T20:44:36Z</time></trkpt><trkpt lat="48.624436" lon="-122.415421"><ele>540.0</ele><time>2024-05-11T20:44:40Z</time></trkpt><trkpt lat="48.624421" lon="-122.415457"><ele>540.0</ele><time>2024-05-11T20:44:43Z</time></trkpt><trkpt lat="48.624391" lon="-122.41547"><ele>540.0</ele><time>2024-05-11T20:44:46Z</time></trkpt><trkpt lat="48.624297" lon="-122.415473"><ele>540.0</ele><time>2024-05-11T20:44:54Z</time></trkpt><trkpt lat="48.624354" lon="-122.415547"><ele>540.0</ele><time>2024-05-11T20:45:01Z</time></trkpt><trkpt lat="48.624393" lon="-122.415558"><ele>541.0</ele><time>2024-05-11T20:45:04Z</time></trkpt><trkpt lat="48.62444" lon="-122.415557"><ele>541.4</ele><time>2024-05-11T20:45:06Z</time></trkpt><trkpt lat="48.624445" lon="-122.415596"><ele>540.0</ele><time>2024-05-11T20:45:07Z</time></trkpt><trkpt lat="48.624482" lon="-122.415611"><ele>540.0</ele><time>2024-05-11T20:45:11Z</time></trkpt><trkpt lat="48.624537" lon="-122.415568"><ele>539.0</ele><time>2024-05-11T20:45:15Z</time></trkpt><trkpt lat="48.624634" lon="-122.415613"><ele>538.7</ele><time>2024-05-11T20:45:20Z</time></trkpt><trkpt lat="48.624686" lon="-122.415617"><ele>534.0</ele><time>2024-05-11T20:45:27Z</time></trkpt><trkpt lat="48.624735" lon="-122.415661"><ele>531.0</ele><time>2024-05-11T20:45:36Z</time></trkpt><trkpt lat="48.624761" lon="-122.415704"><ele>532.0</ele><time>2024-05-11T20:45:39Z</time></trkpt><trkpt lat="48.624734" lon="-122.415731"><ele>531.0</ele><time>2024-05-11T20:45:42Z</time></trkpt><trkpt lat="48.624739" lon="-122.415777"><ele>530.0</ele><time>2024-05-11T20:45:47Z</time></trkpt><trkpt lat="48.624703" lon="-122.415829"><ele>527.0</ele><time>2024-05-11T20:45:53Z</time></trkpt><trkpt lat="48.624589" lon="-122.415814"><ele>524.0</ele><time>2024-05-11T20:45:59Z</time></trkpt><trkpt lat="48.624565" lon="-122.415775"><ele>525.8</ele><time>2024-05-11T20:46:05Z</time></trkpt><trkpt lat="48.624507" lon="-122.415767"><ele>525.0</ele><time>2024-05-11T20:46:11Z</time></trkpt><trkpt lat="48.624477" lon="-122.415701"><ele>524.0</ele><time>2024-05-11T20:46:15Z</time></trkpt><trkpt lat="48.624424" lon="-122.415731"><ele>524.0</ele><time>2024-05-11T20:46:20Z</time></trkpt><trkpt lat="48.624398" lon="-122.415803"><ele>523.0</ele><time>2024-05-11T20:46:23Z</time></trkpt><trkpt lat="48.624341" lon="-122.415868"><ele>522.0</ele><time>2024-05-11T20:46:31Z</time></trkpt><trkpt lat="48.624322" lon="-122.41596"><ele>521.0</ele><time>2024-05-11T20:46:34Z</time></trkpt><trkpt lat="48.624296" lon="-122.415998"><ele>519.0</ele><time>2024-05-11T20:46:37Z</time></trkpt><trkpt lat="48.624327" lon="-122.416007"><ele>520.0</ele><time>2024-05-11T20:46:42Z</time></trkpt><trkpt lat="48.624341" lon="-122.416038"><ele>518.0</ele><time>2024-05-11T20:46:43Z</time></trkpt><trkpt lat="48.624447" lon="-122.416079"><ele>520.0</ele><time>2024-05-11T20:46:52Z</time></trkpt><trkpt lat="48.624494" lon="-122.416037"><ele>518.0</ele><time>2024-05-11T20:46:55Z</time></trkpt><trkpt lat="48.624549" lon="-122.41614"><ele>520.0</ele><time>2024-05-11T20:47:01Z</time></trkpt><trkpt lat="48.62456" lon="-122.41619"><ele>519.0</ele><time>2024-05-11T20:47:03Z</time></trkpt><trkpt lat="48.624621" lon="-122.416228"><ele>519.0</ele><time>2024-05-11T20:47:08Z</time></trkpt><trkpt lat="48.624639" lon="-122.416268"><ele>519.0</ele><time>2024-05-11T20:47:11Z</time></trkpt><trkpt lat="48.62467" lon="-122.416263"><ele>517.0</ele><time>2024-05-11T20:47:15Z</time></trkpt><trkpt lat="48.624747" lon="-122.416358"><ele>513.0</ele><time>2024-05-11T20:47:26Z</time></trkpt><trkpt lat="48.624854" lon="-122.41645"><ele>512.0</ele><time>2024-05-11T20:47:41Z</time></trkpt><trkpt lat="48.624894" lon="-122.416459"><ele>511.0</ele><time>2024-05-11T20:47:43Z</time></trkpt><trkpt lat="48.624978" lon="-122.416538"><ele>508.0</ele><time>2024-05-11T20:47:54Z</time></trkpt><trkpt lat="48.624928" lon="-122.416492"><ele>505.0</ele><time>2024-05-11T20:48:00Z</time></trkpt><trkpt lat="48.624882" lon="-122.416386"><ele>507.0</ele><time>2024-05-11T20:48:05Z</time></trkpt><trkpt lat="48.624845" lon="-122.416355"><ele>507.0</ele><time>2024-05-11T20:48:08Z</time></trkpt><trkpt lat="48.624822" lon="-122.416384"><ele>507.0</ele><time>2024-05-11T20:48:10Z</time></trkpt><trkpt lat="48.624793" lon="-122.416484"><ele>507.0</ele><time>2024-05-11T20:48:12Z</time></trkpt><trkpt lat="48.624761" lon="-122.416433"><ele>506.0</ele><time>2024-05-11T20:48:14Z</time></trkpt><trkpt lat="48.624733" lon="-122.416458"><ele>505.0</ele><time>2024-05-11T20:48:17Z</time></trkpt><trkpt lat="48.624702" lon="-122.416436"><ele>505.0</ele><time>2024-05-11T20:48:19Z</time></trkpt><trkpt lat="48.624686" lon="-122.416558"><ele>501.0</ele><time>2024-05-11T20:48:25Z</time></trkpt><trkpt lat="48.624751" lon="-122.416561"><ele>500.0</ele><time>2024-05-11T20:48:33Z</time></trkpt><trkpt lat="48.624793" lon="-122.416596"><ele>500.0</ele><time>2024-05-11T20:48:36Z</time></trkpt><trkpt lat="48.624859" lon="-122.416595"><ele>501.5</ele><time>2024-05-11T20:48:38Z</time></trkpt><trkpt lat="48.62496" lon="-122.416673"><ele>499.6</ele><time>2024-05-11T20:48:41Z</time></trkpt><trkpt lat="48.624969" lon="-122.416639"><ele>498.0</ele><time>2024-05-11T20:48:43Z</time></trkpt><trkpt lat="48.625006" lon="-122.416718"><ele>495.0</ele><time>2024-05-11T20:48:48Z</time></trkpt><trkpt lat="48.625046" lon="-122.416731"><ele>494.0</ele><time>2024-05-11T20:48:54Z</time></trkpt><trkpt lat="48.625094" lon="-122.416811"><ele>495.0</ele><time>2024-05-11T20:49:03Z</time></trkpt><trkpt lat="48.625074" lon="-122.416893"><ele>491.0</ele><time>2024-05-11T20:49:12Z</time></trkpt><trkpt lat="48.625022" lon="-122.416806"><ele>491.0</ele><time>2024-05-11T20:49:22Z</time></trkpt><trkpt lat="48.624982" lon="-122.416781"><ele>492.0</ele><time>2024-05-11T20:49:24Z</time></trkpt><trkpt lat="48.624947" lon="-122.416782"><ele>491.0</ele><time>2024-05-11T20:49:27Z</time></trkpt><trkpt lat="48.624923" lon="-122.416755"><ele>491.0</ele><time>2024-05-11T20:49:30Z</time></trkpt><trkpt lat="48.624888" lon="-122.416741"><ele>491.0</ele><time>2024-05-11T20:49:33Z</time></trkpt><trkpt lat="48.624839" lon="-122.416794"><ele>490.0</ele><time>2024-05-11T20:49:37Z</time></trkpt><trkpt lat="48.624775" lon="-122.416783"><ele>488.0</ele><time>2024-05-11T20:49:42Z</time></trkpt><trkpt lat="48.624794" lon="-122.416847"><ele>486.0</ele><time>2024-05-11T20:49:46Z</time></trkpt><trkpt lat="48.624845" lon="-122.416845"><ele>488.3</ele><time>2024-05-11T20:49:48Z</time></trkpt><trkpt lat="48.624866" lon="-122.416878"><ele>487.0</ele><time>2024-05-11T20:49:49Z</time></trkpt><trkpt lat="48.624901" lon="-122.417006"><ele>486.0</ele><time>2024-05-11T20:49:56Z</time></trkpt><trkpt lat="48.624949" lon="-122.417071"><ele>486.0</ele><time>2024-05-11T20:50:00Z</time></trkpt><trkpt lat="48.624952" lon="-122.417106"><ele>484.0</ele><time>2024-05-11T20:50:03Z</time></trkpt><trkpt lat="48.624951" lon="-122.417081"><ele>485.3</ele><time>2024-05-11T20:50:05Z</time></trkpt><trkpt lat="48.624997" lon="-122.417166"><ele>484.0</ele><time>2024-05-11T20:50:10Z</time></trkpt><trkpt lat="48.625011" lon="-122.417213"><ele>484.0</ele><time>2024-05-11T20:50:13Z</time></trkpt><trkpt lat="48.625013" lon="-122.417266"><ele>485.0</ele><time>2024-05-11T20:50:16Z</time></trkpt><trkpt lat="48.624985" lon="-122.417283"><ele>480.0</ele><time>2024-05-11T20:50:20Z</time></trkpt><trkpt lat="48.624949" lon="-122.417269"><ele>483.0</ele><time>2024-05-11T20:50:24Z</time></trkpt><trkpt lat="48.624919" lon="-122.417284"><ele>484.0</ele><time>2024-05-11T20:50:29Z</time></trkpt><trkpt lat="48.624881" lon="-122.41716"><ele>480.0</ele><time>2024-05-11T20:50:34Z</time></trkpt><trkpt lat="48.624871" lon="-122.417038"><ele>482.0</ele><time>2024-05-11T20:50:42Z</time></trkpt><trkpt lat="48.624815" lon="-122.416941"><ele>481.1</ele><time>2024-05-11T20:50:46Z</time></trkpt><trkpt lat="48.624781" lon="-122.416924"><ele>480.0</ele><time>2024-05-11T20:50:48Z</time></trkpt><trkpt lat="48.624726" lon="-122.416844"><ele>480.0</ele><time>2024-05-11T20:50:52Z</time></trkpt><trkpt lat="48.62468" lon="-122.416817"><ele>479.8</ele><time>2024-05-11T20:50:55Z</time></trkpt><trkpt lat="48.6246" lon="-122.416736"><ele>476.0</ele><time>2024-05-11T20:51:05Z</time></trkpt><trkpt lat="48.624564" lon="-122.416732"><ele>476.0</ele><time>2024-05-11T20:51:08Z</time></trkpt><trkpt lat="48.624533" lon="-122.416763"><ele>477.7</ele><time>2024-05-11T20:51:10Z</time></trkpt><trkpt lat="48.624494" lon="-122.416835"><ele>477.5</ele><time>2024-05-11T20:51:11Z</time></trkpt><trkpt lat="48.624457" lon="-122.416849"><ele>476.0</ele><time>2024-05-11T20:51:12Z</time></trkpt><trkpt lat="48.624434" lon="-122.416891"><ele>477.9</ele><time>2024-05-11T20:51:14Z</time></trkpt><trkpt lat="48.624411" lon="-122.416911"><ele>476.0</ele><time>2024-05-11T20:51:15Z</time></trkpt><trkpt lat="48.62438" lon="-122.417067"><ele>477.0</ele><time>2024-05-11T20:51:22Z</time></trkpt><trkpt lat="48.624384" lon="-122.41711"><ele>477.4</ele><time>2024-05-11T20:51:24Z</time></trkpt><trkpt lat="48.624418" lon="-122.417199"><ele>475.9</ele><time>2024-05-11T20:51:30Z</time></trkpt><trkpt lat="48.624435" lon="-122.417235"><ele>473.7</ele><time>2024-05-11T20:51:31Z</time></trkpt><trkpt lat="48.624463" lon="-122.417264"><ele>473.4</ele><time>2024-05-11T20:51:32Z</time></trkpt><trkpt lat="48.624387" lon="-122.417393"><ele>472.1</ele><time>2024-05-11T20:51:38Z</time></trkpt><trkpt lat="48.624315" lon="-122.417348"><ele>469.0</ele><time>2024-05-11T20:51:44Z</time></trkpt><trkpt lat="48.624245" lon="-122.41745"><ele>470.0</ele><time>2024-05-11T20:51:50Z</time></trkpt><trkpt lat="48.624207" lon="-122.417479"><ele>469.0</ele><time>2024-05-11T20:51:52Z</time></trkpt><trkpt lat="48.62423" lon="-122.417519"><ele>468.0</ele><time>2024-05-11T20:51:54Z</time></trkpt><trkpt lat="48.624225" lon="-122.417572"><ele>468.0</ele><time>2024-05-11T20:51:57Z</time></trkpt><trkpt lat="48.624241" lon="-122.417633"><ele>468.0</ele><time>2024-05-11T20:52:02Z</time></trkpt><trkpt lat="48.624241" lon="-122.417669"><ele>468.0</ele><time>2024-05-11T20:52:04Z</time></trkpt><trkpt lat="48.624226" lon="-122.417709"><ele>467.0</ele><time>2024-05-11T20:52:06Z</time></trkpt><trkpt lat="48.624233" lon="-122.417765"><ele>468.0</ele><time>2024-05-11T20:52:09Z</time></trkpt><trkpt lat="48.62422" lon="-122.417796"><ele>468.0</ele><time>2024-05-11T20:52:11Z</time></trkpt><trkpt lat="48.624182" lon="-122.417811"><ele>464.0</ele><time>2024-05-11T20:52:15Z</time></trkpt><trkpt lat="48.624088" lon="-122.417771"><ele>464.0</ele><time>2024-05-11T20:52:24Z</time></trkpt><trkpt lat="48.624045" lon="-122.417743"><ele>461.0</ele><time>2024-05-11T20:52:28Z</time></trkpt><trkpt lat="48.623973" lon="-122.417735"><ele>462.0</ele><time>2024-05-11T20:52:32Z</time></trkpt><trkpt lat="48.623936" lon="-122.417745"><ele>462.0</ele><time>2024-05-11T20:52:35Z</time></trkpt><trkpt lat="48.623896" lon="-122.417777"><ele>458.0</ele><time>2024-05-11T20:52:41Z</time></trkpt><trkpt lat="48.623821" lon="-122.417757"><ele>459.0</ele><time>2024-05-11T20:52:48Z</time></trkpt><trkpt lat="48.623813" lon="-122.417808"><ele>459.9</ele><time>2024-05-11T20:52:50Z</time></trkpt><trkpt lat="48.623759" lon="-122.417803"><ele>460.1</ele><time>2024-05-11T20:52:51Z</time></trkpt><trkpt lat="48.623798" lon="-122.417832"><ele>459.0</ele><time>2024-05-11T20:52:53Z</time></trkpt><trkpt lat="48.623823" lon="-122.417906"><ele>458.0</ele><time>2024-05-11T20:52:57Z</time></trkpt><trkpt lat="48.623824" lon="-122.417978"><ele>459.6</ele><time>2024-05-11T20:52:59Z</time></trkpt><trkpt lat="48.623866" lon="-122.418034"><ele>458.0</ele><time>2024-05-11T20:53:03Z</time></trkpt><trkpt lat="48.623843" lon="-122.418086"><ele>459.0</ele><time>2024-05-11T20:53:05Z</time></trkpt><trkpt lat="48.623756" lon="-122.418139"><ele>455.0</ele><time>2024-05-11T20:53:11Z</time></trkpt><trkpt lat="48.623769" lon="-122.418199"><ele>456.9</ele><time>2024-05-11T20:53:15Z</time></trkpt><trkpt lat="48.623734" lon="-122.418198"><ele>456.0</ele><time>2024-05-11T20:53:16Z</time></trkpt><trkpt lat="48.623704" lon="-122.41822"><ele>456.0</ele><time>2024-05-11T20:53:19Z</time></trkpt><trkpt lat="48.623698" lon="-122.418251"><ele>456.0</ele><time>2024-05-11T20:53:21Z</time></trkpt><trkpt lat="48.623633" lon="-122.418301"><ele>454.0</ele><time>2024-05-11T20:53:25Z</time></trkpt><trkpt lat="48.623586" lon="-122.418263"><ele>454.2</ele><time>2024-05-11T20:53:37Z</time></trkpt><trkpt lat="48.623541" lon="-122.418289"><ele>453.0</ele><time>2024-05-11T20:53:39Z</time></trkpt><trkpt lat="48.623555" lon="-122.418327"><ele>453.8</ele><time>2024-05-11T20:53:41Z</time></trkpt><trkpt lat="48.623531" lon="-122.418377"><ele>452.0</ele><time>2024-05-11T20:53:44Z</time></trkpt><trkpt lat="48.623591" lon="-122.418372"><ele>450.0</ele><time>2024-05-11T20:53:48Z</time></trkpt><trkpt lat="48.623635" lon="-122.418345"><ele>449.0</ele><time>2024-05-11T20:53:50Z</time></trkpt><trkpt lat="48.623667" lon="-122.418362"><ele>449.9</ele><time>2024-05-11T20:53:52Z</time></trkpt><trkpt lat="48.623684" lon="-122.418401"><ele>448.0</ele><time>2024-05-11T20:53:54Z</time></trkpt><trkpt lat="48.623662" lon="-122.418374"><ele>450.0</ele><time>2024-05-11T20:53:59Z</time></trkpt><trkpt lat="48.623595" lon="-122.418441"><ele>448.0</ele><time>2024-05-11T20:54:06Z</time></trkpt><trkpt lat="48.623586" lon="-122.418479"><ele>450.9</ele><time>2024-05-11T20:54:07Z</time></trkpt><trkpt lat="48.623557" lon="-122.418436"><ele>448.0</ele><time>2024-05-11T20:54:09Z</time></trkpt><trkpt lat="48.623537" lon="-122.41848"><ele>449.4</ele><time>2024-05-11T20:54:11Z</time></trkpt><trkpt lat="48.623507" lon="-122.41849"><ele>449.0</ele><time>2024-05-11T20:54:12Z</time></trkpt><trkpt lat="48.623497" lon="-122.418532"><ele>448.0</ele><time>2024-05-11T20:54:15Z</time></trkpt><trkpt lat="48.623508" lon="-122.418584"><ele>448.2</ele><time>2024-05-11T20:54:18Z</time></trkpt><trkpt lat="48.623487" lon="-122.418645"><ele>444.0</ele><time>2024-05-11T20:54:23Z</time></trkpt><trkpt lat="48.623449" lon="-122.418683"><ele>446.0</ele><time>2024-05-11T20:54:26Z</time></trkpt><trkpt lat="48.623377" lon="-122.418694"><ele>446.0</ele><time>2024-05-11T20:54:31Z</time></trkpt><trkpt lat="48.623256" lon="-122.418782"><ele>447.3</ele><time>2024-05-11T20:54:39Z</time></trkpt><trkpt lat="48.623302" lon="-122.418799"><ele>446.6</ele><time>2024-05-11T20:54:40Z</time></trkpt><trkpt lat="48.623329" lon="-122.418849"><ele>444.0</ele><time>2024-05-11T20:54:44Z</time></trkpt><trkpt lat="48.623372" lon="-122.418865"><ele>444.0</ele><time>2024-05-11T20:54:48Z</time></trkpt><trkpt lat="48.623376" lon="-122.418832"><ele>445.0</ele><time>2024-05-11T20:54:50Z</time></trkpt><trkpt lat="48.623413" lon="-122.418817"><ele>447.2</ele><time>2024-05-11T20:54:52Z</time></trkpt><trkpt lat="48.623386" lon="-122.418779"><ele>446.9</ele><time>2024-05-11T20:54:53Z</time></trkpt><trkpt lat="48.623422" lon="-122.418743"><ele>445.0</ele><time>2024-05-11T20:54:55Z</time></trkpt><trkpt lat="48.623453" lon="-122.418731"><ele>446.0</ele><time>2024-05-11T20:54:58Z</time></trkpt><trkpt lat="48.623439" lon="-122.418693"><ele>444.0</ele><time>2024-05-11T20:55:03Z</time></trkpt><trkpt lat="48.623451" lon="-122.41865"><ele>445.1</ele><time>2024-05-11T20:55:06Z</time></trkpt><trkpt lat="48.623487" lon="-122.418649"><ele>444.0</ele><time>2024-05-11T20:55:09Z</time></trkpt><trkpt lat="48.623569" lon="-122.418691"><ele>442.0</ele><time>2024-05-11T20:55:15Z</time></trkpt><trkpt lat="48.623658" lon="-122.418663"><ele>444.4</ele><time>2024-05-11T20:55:17Z</time></trkpt><trkpt lat="48.623719" lon="-122.418682"><ele>444.0</ele><time>2024-05-11T20:55:19Z</time></trkpt><trkpt lat="48.623786" lon="-122.418718"><ele>444.0</ele><time>2024-05-11T20:55:23Z</time></trkpt><trkpt lat="48.62387" lon="-122.418888"><ele>440.7</ele><time>2024-05-11T20:55:34Z</time></trkpt><trkpt lat="48.623851" lon="-122.418924"><ele>439.8</ele><time>2024-05-11T20:55:35Z</time></trkpt><trkpt lat="48.62393" lon="-122.418828"><ele>431.0</ele><time>2024-05-11T20:55:44Z</time></trkpt><trkpt lat="48.623926" lon="-122.418786"><ele>435.0</ele><time>2024-05-11T20:55:52Z</time></trkpt><trkpt lat="48.62391" lon="-122.418843"><ele>435.8</ele><time>2024-05-11T20:55:55Z</time></trkpt><trkpt lat="48.623934" lon="-122.418896"><ele>434.0</ele><time>2024-05-11T20:55:57Z</time></trkpt><trkpt lat="48.623941" lon="-122.419037"><ele>432.0</ele><time>2024-05-11T20:56:02Z</time></trkpt><trkpt lat="48.623934" lon="-122.419108"><ele>426.0</ele><time>2024-05-11T20:56:08Z</time></trkpt><trkpt lat="48.623913" lon="-122.419147"><ele>429.4</ele><time>2024-05-11T20:56:12Z</time></trkpt><trkpt lat="48.623938" lon="-122.419172"><ele>428.8</ele><time>2024-05-11T20:56:13Z</time></trkpt><trkpt lat="48.623927" lon="-122.41923"><ele>427.0</ele><time>2024-05-11T20:56:14Z</time></trkpt><trkpt lat="48.623973" lon="-122.419385"><ele>426.0</ele><time>2024-05-11T20:56:22Z</time></trkpt><trkpt lat="48.624017" lon="-122.41946"><ele>426.0</ele><time>2024-05-11T20:56:28Z</time></trkpt><trkpt lat="48.624034" lon="-122.419559"><ele>423.0</ele><time>2024-05-11T20:56:39Z</time></trkpt><trkpt lat="48.623989" lon="-122.419592"><ele>423.8</ele><time>2024-05-11T20:56:41Z</time></trkpt><trkpt lat="48.62397" lon="-122.419584"><ele>422.0</ele><time>2024-05-11T20:56:42Z</time></trkpt><trkpt lat="48.623925" lon="-122.419524"><ele>423.0</ele><time>2024-05-11T20:56:44Z</time></trkpt><trkpt lat="48.623892" lon="-122.419504"><ele>423.8</ele><time>2024-05-11T20:56:46Z</time></trkpt><trkpt lat="48.623909" lon="-122.419577"><ele>423.8</ele><time>2024-05-11T20:56:47Z</time></trkpt><trkpt lat="48.623865" lon="-122.419551"><ele>423.0</ele><time>2024-05-11T20:56:49Z</time></trkpt><trkpt lat="48.623838" lon="-122.419569"><ele>424.0</ele><time>2024-05-11T20:56:52Z</time></trkpt><trkpt lat="48.623766" lon="-122.419535"><ele>424.0</ele><time>2024-05-11T20:56:58Z</time></trkpt><trkpt lat="48.623733" lon="-122.419555"><ele>423.0</ele><time>2024-05-11T20:57:01Z</time></trkpt><trkpt lat="48.62376" lon="-122.419596"><ele>423.0</ele><time>2024-05-11T20:57:04Z</time></trkpt><trkpt lat="48.623738" lon="-122.419637"><ele>422.0</ele><time>2024-05-11T20:57:07Z</time></trkpt><trkpt lat="48.623695" lon="-122.419659"><ele>420.0</ele><time>2024-05-11T20:57:11Z</time></trkpt><trkpt lat="48.62368" lon="-122.419709"><ele>421.6</ele><time>2024-05-11T20:57:16Z</time></trkpt><trkpt lat="48.623646" lon="-122.419716"><ele>420.0</ele><time>2024-05-11T20:57:22Z</time></trkpt><trkpt lat="48.623543" lon="-122.419677"><ele>423.5</ele><time>2024-05-11T20:57:33Z</time></trkpt><trkpt lat="48.623514" lon="-122.419651"><ele>422.0</ele><time>2024-05-11T20:57:34Z</time></trkpt><trkpt lat="48.623491" lon="-122.419713"><ele>422.0</ele><time>2024-05-11T20:57:36Z</time></trkpt><trkpt lat="48.623439" lon="-122.419672"><ele>420.0</ele><time>2024-05-11T20:57:39Z</time></trkpt><trkpt lat="48.623405" lon="-122.419671"><ele>420.0</ele><time>2024-05-11T20:57:42Z</time></trkpt><trkpt lat="48.623398" lon="-122.419744"><ele>420.3</ele><time>2024-05-11T20:57:44Z</time></trkpt><trkpt lat="48.623368" lon="-122.419729"><ele>413.0</ele><time>2024-05-11T20:57:48Z</time></trkpt><trkpt lat="48.623332" lon="-122.419751"><ele>417.3</ele><time>2024-05-11T20:57:54Z</time></trkpt><trkpt lat="48.623323" lon="-122.419793"><ele>416.0</ele><time>2024-05-11T20:57:56Z</time></trkpt><trkpt lat="48.623278" lon="-122.419773"><ele>414.0</ele><time>2024-05-11T20:58:00Z</time></trkpt><trkpt lat="48.62323" lon="-122.419806"><ele>415.0</ele><time>2024-05-11T20:58:06Z</time></trkpt><trkpt lat="48.623189" lon="-122.419796"><ele>415.3</ele><time>2024-05-11T20:58:09Z</time></trkpt><trkpt lat="48.623162" lon="-122.419837"><ele>416.4</ele><time>2024-05-11T20:58:10Z</time></trkpt><trkpt lat="48.623132" lon="-122.419819"><ele>414.0</ele><time>2024-05-11T20:58:11Z</time></trkpt><trkpt lat="48.623106" lon="-122.419784"><ele>414.5</ele><time>2024-05-11T20:58:13Z</time></trkpt><trkpt lat="48.623122" lon="-122.419814"><ele>415.7</ele><time>2024-05-11T20:58:14Z</time></trkpt><trkpt lat="48.623089" lon="-122.419862"><ele>414.0</ele><time>2024-05-11T20:58:19Z</time></trkpt><trkpt lat="48.62305" lon="-122.41987"><ele>413.0</ele><time>2024-05-11T20:58:22Z</time></trkpt><trkpt lat="48.623085" lon="-122.419952"><ele>412.5</ele><time>2024-05-11T20:58:26Z</time></trkpt><trkpt lat="48.623062" lon="-122.419995"><ele>411.0</ele><time>2024-05-11T20:58:28Z</time></trkpt><trkpt lat="48.62302" lon="-122.420008"><ele>411.0</ele><time>2024-05-11T20:58:31Z</time></trkpt><trkpt lat="48.622986" lon="-122.419991"><ele>410.0</ele><time>2024-05-11T20:58:33Z</time></trkpt><trkpt lat="48.622988" lon="-122.420023"><ele>407.0</ele><time>2024-05-11T20:58:35Z</time></trkpt><trkpt lat="48.622948" lon="-122.420047"><ele>406.0</ele><time>2024-05-11T20:58:38Z</time></trkpt><trkpt lat="48.622969" lon="-122.420195"><ele>405.0</ele><time>2024-05-11T20:58:46Z</time></trkpt><trkpt lat="48.622999" lon="-122.420243"><ele>404.5</ele><time>2024-05-11T20:58:47Z</time></trkpt><trkpt lat="48.623029" lon="-122.420261"><ele>403.0</ele><time>2024-05-11T20:58:50Z</time></trkpt><trkpt lat="48.623065" lon="-122.420266"><ele>402.0</ele><time>2024-05-11T20:58:53Z</time></trkpt><trkpt lat="48.623093" lon="-122.420248"><ele>400.0</ele><time>2024-05-11T20:58:57Z</time></trkpt><trkpt lat="48.623056" lon="-122.420246"><ele>400.0</ele><time>2024-05-11T20:59:00Z</time></trkpt><trkpt lat="48.62305" lon="-122.420172"><ele>399.0</ele><time>2024-05-11T20:59:05Z</time></trkpt><trkpt lat="48.623011" lon="-122.420153"><ele>398.0</ele><time>2024-05-11T20:59:10Z</time></trkpt><trkpt lat="48.623052" lon="-122.420177"><ele>398.9</ele><time>2024-05-11T20:59:16Z</time></trkpt><trkpt lat="48.623022" lon="-122.420215"><ele>398.0</ele><time>2024-05-11T20:59:17Z</time></trkpt><trkpt lat="48.62305" lon="-122.420223"><ele>397.0</ele><time>2024-05-11T20:59:20Z</time></trkpt><trkpt lat="48.62301" lon="-122.420727"><ele>399.0</ele><time>2024-05-11T20:59:51Z</time></trkpt><trkpt lat="48.623029" lon="-122.420756"><ele>397.0</ele><time>2024-05-11T20:59:53Z</time></trkpt><trkpt lat="48.622988" lon="-122.420801"><ele>397.0</ele><time>2024-05-11T20:59:59Z</time></trkpt><trkpt lat="48.622977" lon="-122.420845"><ele>398.0</ele><time>2024-05-11T21:00:01Z</time></trkpt><trkpt lat="48.622991" lon="-122.420894"><ele>398.0</ele><time>2024-05-11T21:00:03Z</time></trkpt><trkpt lat="48.622965" lon="-122.420962"><ele>396.0</ele><time>2024-05-11T21:00:09Z</time></trkpt><trkpt lat="48.622942" lon="-122.42094"><ele>398.7</ele><time>2024-05-11T21:00:11Z</time></trkpt><trkpt lat="48.622886" lon="-122.421056"><ele>395.0</ele><time>2024-05-11T21:00:20Z</time></trkpt><trkpt lat="48.622787" lon="-122.421076"><ele>395.6</ele><time>2024-05-11T21:00:30Z</time></trkpt><trkpt lat="48.622784" lon="-122.421024"><ele>395.1</ele><time>2024-05-11T21:00:31Z</time></trkpt><trkpt lat="48.622763" lon="-122.420998"><ele>394.0</ele><time>2024-05-11T21:00:33Z</time></trkpt><trkpt lat="48.62271" lon="-122.421023"><ele>395.1</ele><time>2024-05-11T21:00:34Z</time></trkpt><trkpt lat="48.622624" lon="-122.420996"><ele>393.0</ele><time>2024-05-11T21:00:46Z</time></trkpt><trkpt lat="48.622573" lon="-122.420998"><ele>393.3</ele><time>2024-05-11T21:00:52Z</time></trkpt><trkpt lat="48.622533" lon="-122.421094"><ele>391.4</ele><time>2024-05-11T21:00:56Z</time></trkpt><trkpt lat="48.622496" lon="-122.421141"><ele>387.0</ele><time>2024-05-11T21:01:03Z</time></trkpt><trkpt lat="48.622528" lon="-122.421129"><ele>387.0</ele><time>2024-05-11T21:01:07Z</time></trkpt><trkpt lat="48.622475" lon="-122.421148"><ele>385.0</ele><time>2024-05-11T21:01:11Z</time></trkpt><trkpt lat="48.622393" lon="-122.421071"><ele>384.0</ele><time>2024-05-11T21:01:18Z</time></trkpt><trkpt lat="48.6224" lon="-122.421041"><ele>384.0</ele><time>2024-05-11T21:01:24Z</time></trkpt><trkpt lat="48.622365" lon="-122.421056"><ele>383.0</ele><time>2024-05-11T21:01:29Z</time></trkpt><trkpt lat="48.622256" lon="-122.420992"><ele>382.0</ele><time>2024-05-11T21:01:35Z</time></trkpt><trkpt lat="48.622219" lon="-122.42101"><ele>384.0</ele><time>2024-05-11T21:01:40Z</time></trkpt><trkpt lat="48.622193" lon="-122.421083"><ele>384.0</ele><time>2024-05-11T21:01:45Z</time></trkpt><trkpt lat="48.622167" lon="-122.421109"><ele>384.0</ele><time>2024-05-11T21:01:48Z</time></trkpt><trkpt lat="48.622113" lon="-122.42112"><ele>383.0</ele><time>2024-05-11T21:01:50Z</time></trkpt><trkpt lat="48.622077" lon="-122.42116"><ele>382.0</ele><time>2024-05-11T21:01:52Z</time></trkpt><trkpt lat="48.622006" lon="-122.421188"><ele>381.0</ele><time>2024-05-11T21:01:58Z</time></trkpt><trkpt lat="48.621981" lon="-122.421218"><ele>382.0</ele><time>2024-05-11T21:02:00Z</time></trkpt><trkpt lat="48.621977" lon="-122.421274"><ele>381.0</ele><time>2024-05-11T21:02:03Z</time></trkpt><trkpt lat="48.621953" lon="-122.421309"><ele>380.0</ele><time>2024-05-11T21:02:05Z</time></trkpt><trkpt lat="48.621967" lon="-122.421407"><ele>378.0</ele><time>2024-05-11T21:02:11Z</time></trkpt><trkpt lat="48.621921" lon="-122.421464"><ele>379.0</ele><time>2024-05-11T21:02:15Z</time></trkpt><trkpt lat="48.621849" lon="-122.421491"><ele>380.0</ele><time>2024-05-11T21:02:22Z</time></trkpt><trkpt lat="48.621813" lon="-122.421551"><ele>380.0</ele><time>2024-05-11T21:02:24Z</time></trkpt><trkpt lat="48.621716" lon="-122.421537"><ele>381.0</ele><time>2024-05-11T21:02:30Z</time></trkpt><trkpt lat="48.62168" lon="-122.421568"><ele>382.0</ele><time>2024-05-11T21:02:32Z</time></trkpt><trkpt lat="48.62163" lon="-122.421558"><ele>381.0</ele><time>2024-05-11T21:02:38Z</time></trkpt><trkpt lat="48.621576" lon="-122.421616"><ele>381.0</ele><time>2024-05-11T21:02:46Z</time></trkpt><trkpt lat="48.621537" lon="-122.421737"><ele>380.0</ele><time>2024-05-11T21:02:53Z</time></trkpt><trkpt lat="48.621503" lon="-122.421798"><ele>378.0</ele><time>2024-05-11T21:02:59Z</time></trkpt><trkpt lat="48.621455" lon="-122.421834"><ele>377.0</ele><time>2024-05-11T21:03:04Z</time></trkpt><trkpt lat="48.621429" lon="-122.421878"><ele>377.3</ele><time>2024-05-11T21:03:06Z</time></trkpt><trkpt lat="48.621318" lon="-122.42194"><ele>375.0</ele><time>2024-05-11T21:03:14Z</time></trkpt><trkpt lat="48.621262" lon="-122.422016"><ele>371.0</ele><time>2024-05-11T21:03:19Z</time></trkpt><trkpt lat="48.621239" lon="-122.422002"><ele>374.0</ele><time>2024-05-11T21:03:22Z</time></trkpt><trkpt lat="48.621229" lon="-122.421964"><ele>374.0</ele><time>2024-05-11T21:03:24Z</time></trkpt><trkpt lat="48.62124" lon="-122.421931"><ele>375.0</ele><time>2024-05-11T21:03:27Z</time></trkpt><trkpt lat="48.621223" lon="-122.421983"><ele>376.0</ele><time>2024-05-11T21:03:38Z</time></trkpt><trkpt lat="48.62122" lon="-122.422035"><ele>376.0</ele><time>2024-05-11T21:03:40Z</time></trkpt><trkpt lat="48.621181" lon="-122.422052"><ele>375.0</ele><time>2024-05-11T21:03:42Z</time></trkpt><trkpt lat="48.621195" lon="-122.422082"><ele>375.0</ele><time>2024-05-11T21:03:46Z</time></trkpt><trkpt lat="48.621183" lon="-122.422121"><ele>376.0</ele><time>2024-05-11T21:03:48Z</time></trkpt><trkpt lat="48.621101" lon="-122.422188"><ele>372.0</ele><time>2024-05-11T21:03:57Z</time></trkpt><trkpt lat="48.62106" lon="-122.422181"><ele>375.0</ele><time>2024-05-11T21:04:00Z</time></trkpt><trkpt lat="48.62101" lon="-122.422217"><ele>377.0</ele><time>2024-05-11T21:04:08Z</time></trkpt><trkpt lat="48.620972" lon="-122.422254"><ele>378.0</ele><time>2024-05-11T21:04:11Z</time></trkpt><trkpt lat="48.620977" lon="-122.42229"><ele>380.0</ele><time>2024-05-11T21:04:13Z</time></trkpt><trkpt lat="48.620953" lon="-122.422267"><ele>380.0</ele><time>2024-05-11T21:04:15Z</time></trkpt><trkpt lat="48.620896" lon="-122.422406"><ele>380.0</ele><time>2024-05-11T21:04:22Z</time></trkpt><trkpt lat="48.620909" lon="-122.422474"><ele>377.0</ele><time>2024-05-11T21:04:25Z</time></trkpt><trkpt lat="48.620877" lon="-122.422533"><ele>378.0</ele><time>2024-05-11T21:04:28Z</time></trkpt><trkpt lat="48.620889" lon="-122.422571"><ele>378.0</ele><time>2024-05-11T21:04:30Z</time></trkpt><trkpt lat="48.620807" lon="-122.422723"><ele>378.0</ele><time>2024-05-11T21:04:40Z</time></trkpt><trkpt lat="48.620757" lon="-122.422782"><ele>378.0</ele><time>2024-05-11T21:04:43Z</time></trkpt><trkpt lat="48.620738" lon="-122.422821"><ele>377.0</ele><time>2024-05-11T21:04:48Z</time></trkpt><trkpt lat="48.620753" lon="-122.422878"><ele>376.0</ele><time>2024-05-11T21:04:53Z</time></trkpt><trkpt lat="48.620738" lon="-122.422916"><ele>378.0</ele><time>2024-05-11T21:04:56Z</time></trkpt><trkpt lat="48.620732" lon="-122.422994"><ele>377.0</ele><time>2024-05-11T21:04:58Z</time></trkpt><trkpt lat="48.62064" lon="-122.423024"><ele>378.0</ele><time>2024-05-11T21:05:08Z</time></trkpt><trkpt lat="48.620619" lon="-122.423101"><ele>378.0</ele><time>2024-05-11T21:05:12Z</time></trkpt><trkpt lat="48.620582" lon="-122.423181"><ele>375.0</ele><time>2024-05-11T21:05:16Z</time></trkpt><trkpt lat="48.620576" lon="-122.423288"><ele>374.0</ele><time>2024-05-11T21:05:22Z</time></trkpt><trkpt lat="48.620522" lon="-122.423391"><ele>374.2</ele><time>2024-05-11T21:05:27Z</time></trkpt><trkpt lat="48.620459" lon="-122.423416"><ele>371.0</ele><time>2024-05-11T21:05:31Z</time></trkpt><trkpt lat="48.620418" lon="-122.423413"><ele>371.0</ele><time>2024-05-11T21:05:33Z</time></trkpt><trkpt lat="48.620386" lon="-122.423432"><ele>370.0</ele><time>2024-05-11T21:05:35Z</time></trkpt><trkpt lat="48.620325" lon="-122.423527"><ele>370.0</ele><time>2024-05-11T21:05:41Z</time></trkpt><trkpt lat="48.620337" lon="-122.423684"><ele>368.0</ele><time>2024-05-11T21:05:49Z</time></trkpt><trkpt lat="48.620321" lon="-122.423742"><ele>366.0</ele><time>2024-05-11T21:05:54Z</time></trkpt><trkpt lat="48.620304" lon="-122.423747"><ele>366.0</ele><time>2024-05-11T21:05:56Z</time></trkpt><trkpt lat="48.62033" lon="-122.423773"><ele>366.0</ele><time>2024-05-11T21:05:59Z</time></trkpt><trkpt lat="48.620294" lon="-122.423791"><ele>364.0</ele><time>2024-05-11T21:06:06Z</time></trkpt><trkpt lat="48.620312" lon="-122.42385"><ele>364.0</ele><time>2024-05-11T21:06:13Z</time></trkpt><trkpt lat="48.62027" lon="-122.423911"><ele>364.0</ele><time>2024-05-11T21:06:24Z</time></trkpt><trkpt lat="48.620262" lon="-122.423965"><ele>364.0</ele><time>2024-05-11T21:06:28Z</time></trkpt><trkpt lat="48.620227" lon="-122.423998"><ele>364.0</ele><time>2024-05-11T21:06:31Z</time></trkpt><trkpt lat="48.620184" lon="-122.423993"><ele>364.0</ele><time>2024-05-11T21:06:33Z</time></trkpt><trkpt lat="48.620109" lon="-122.424031"><ele>366.0</ele><time>2024-05-11T21:06:37Z</time></trkpt><trkpt lat="48.620075" lon="-122.424027"><ele>364.0</ele><time>2024-05-11T21:06:40Z</time></trkpt><trkpt lat="48.620028" lon="-122.424048"><ele>365.0</ele><time>2024-05-11T21:06:43Z</time></trkpt><trkpt lat="48.620006" lon="-122.424119"><ele>364.0</ele><time>2024-05-11T21:06:47Z</time></trkpt><trkpt lat="48.619986" lon="-122.42415"><ele>365.0</ele><time>2024-05-11T21:06:49Z</time></trkpt><trkpt lat="48.619912" lon="-122.424176"><ele>364.0</ele><time>2024-05-11T21:06:54Z</time></trkpt><trkpt lat="48.619848" lon="-122.424258"><ele>364.0</ele><time>2024-05-11T21:07:05Z</time></trkpt><trkpt lat="48.619799" lon="-122.424272"><ele>368.0</ele><time>2024-05-11T21:07:15Z</time></trkpt><trkpt lat="48.619775" lon="-122.424312"><ele>366.5</ele><time>2024-05-11T21:07:17Z</time></trkpt><trkpt lat="48.619754" lon="-122.42438"><ele>366.0</ele><time>2024-05-11T21:07:25Z</time></trkpt><trkpt lat="48.619714" lon="-122.42439"><ele>367.0</ele><time>2024-05-11T21:07:28Z</time></trkpt><trkpt lat="48.619634" lon="-122.424479"><ele>365.0</ele><time>2024-05-11T21:07:34Z</time></trkpt><trkpt lat="48.619616" lon="-122.424521"><ele>369.6</ele><time>2024-05-11T21:07:38Z</time></trkpt><trkpt lat="48.619583" lon="-122.424499"><ele>368.0</ele><time>2024-05-11T21:07:40Z</time></trkpt><trkpt lat="48.619572" lon="-122.424539"><ele>369.0</ele><time>2024-05-11T21:07:42Z</time></trkpt><trkpt lat="48.619518" lon="-122.424582"><ele>369.0</ele><time>2024-05-11T21:07:47Z</time></trkpt><trkpt lat="48.619492" lon="-122.42466"><ele>368.0</ele><time>2024-05-11T21:07:50Z</time></trkpt><trkpt lat="48.619467" lon="-122.424686"><ele>368.0</ele><time>2024-05-11T21:07:52Z</time></trkpt><trkpt lat="48.619472" lon="-122.424747"><ele>366.0</ele><time>2024-05-11T21:07:54Z</time></trkpt><trkpt lat="48.619465" lon="-122.424788"><ele>366.0</ele><time>2024-05-11T21:07:56Z</time></trkpt><trkpt lat="48.619438" lon="-122.424804"><ele>366.0</ele><time>2024-05-11T21:07:59Z</time></trkpt><trkpt lat="48.619406" lon="-122.424778"><ele>367.0</ele><time>2024-05-11T21:08:03Z</time></trkpt><trkpt lat="48.619398" lon="-122.42484"><ele>368.0</ele><time>2024-05-11T21:08:08Z</time></trkpt><trkpt lat="48.619382" lon="-122.424873"><ele>369.0</ele><time>2024-05-11T21:08:12Z</time></trkpt><trkpt lat="48.619324" lon="-122.424922"><ele>367.0</ele><time>2024-05-11T21:08:18Z</time></trkpt><trkpt lat="48.61927" lon="-122.424913"><ele>368.0</ele><time>2024-05-11T21:08:23Z</time></trkpt><trkpt lat="48.619274" lon="-122.425034"><ele>368.0</ele><time>2024-05-11T21:08:29Z</time></trkpt><trkpt lat="48.619249" lon="-122.425077"><ele>367.0</ele><time>2024-05-11T21:08:34Z</time></trkpt><trkpt lat="48.619245" lon="-122.425113"><ele>369.5</ele><time>2024-05-11T21:08:36Z</time></trkpt><trkpt lat="48.619141" lon="-122.425068"><ele>370.0</ele><time>2024-05-11T21:08:41Z</time></trkpt><trkpt lat="48.619107" lon="-122.425135"><ele>370.0</ele><time>2024-05-11T21:08:45Z</time></trkpt><trkpt lat="48.619084" lon="-122.425155"><ele>369.0</ele><time>2024-05-11T21:08:48Z</time></trkpt><trkpt lat="48.619053" lon="-122.425127"><ele>371.0</ele><time>2024-05-11T21:08:50Z</time></trkpt><trkpt lat="48.619023" lon="-122.425124"><ele>371.0</ele><time>2024-05-11T21:08:53Z</time></trkpt><trkpt lat="48.618993" lon="-122.425154"><ele>372.0</ele><time>2024-05-11T21:08:55Z</time></trkpt><trkpt lat="48.618951" lon="-122.425154"><ele>372.0</ele><time>2024-05-11T21:08:57Z</time></trkpt><trkpt lat="48.618885" lon="-122.425197"><ele>372.0</ele><time>2024-05-11T21:09:02Z</time></trkpt><trkpt lat="48.618833" lon="-122.425258"><ele>374.0</ele><time>2024-05-11T21:09:07Z</time></trkpt><trkpt lat="48.61877" lon="-122.425286"><ele>374.0</ele><time>2024-05-11T21:09:12Z</time></trkpt><trkpt lat="48.61871" lon="-122.425256"><ele>375.0</ele><time>2024-05-11T21:09:17Z</time></trkpt><trkpt lat="48.618672" lon="-122.425314"><ele>374.0</ele><time>2024-05-11T21:09:22Z</time></trkpt><trkpt lat="48.618633" lon="-122.425402"><ele>371.0</ele><time>2024-05-11T21:09:31Z</time></trkpt><trkpt lat="48.61859" lon="-122.425408"><ele>370.0</ele><time>2024-05-11T21:09:35Z</time></trkpt><trkpt lat="48.618536" lon="-122.425445"><ele>371.0</ele><time>2024-05-11T21:09:38Z</time></trkpt><trkpt lat="48.618514" lon="-122.425477"><ele>372.0</ele><time>2024-05-11T21:09:40Z</time></trkpt><trkpt lat="48.618502" lon="-122.425518"><ele>372.1</ele><time>2024-05-11T21:09:41Z</time></trkpt><trkpt lat="48.618398" lon="-122.425459"><ele>369.0</ele><time>2024-05-11T21:09:46Z</time></trkpt><trkpt lat="48.618388" lon="-122.425425"><ele>369.0</ele><time>2024-05-11T21:09:49Z</time></trkpt><trkpt lat="48.618371" lon="-122.425522"><ele>370.0</ele><time>2024-05-11T21:09:56Z</time></trkpt><trkpt lat="48.618347" lon="-122.425549"><ele>366.0</ele><time>2024-05-11T21:09:59Z</time></trkpt><trkpt lat="48.618325" lon="-122.425539"><ele>366.0</ele><time>2024-05-11T21:10:04Z</time></trkpt><trkpt lat="48.618289" lon="-122.425543"><ele>366.0</ele><time>2024-05-11T21:10:08Z</time></trkpt><trkpt lat="48.618214" lon="-122.425592"><ele>364.0</ele><time>2024-05-11T21:10:14Z</time></trkpt><trkpt lat="48.618155" lon="-122.425547"><ele>366.0</ele><time>2024-05-11T21:10:22Z</time></trkpt><trkpt lat="48.618094" lon="-122.425559"><ele>366.0</ele><time>2024-05-11T21:10:27Z</time></trkpt><trkpt lat="48.618037" lon="-122.42564"><ele>367.1</ele><time>2024-05-11T21:10:38Z</time></trkpt><trkpt lat="48.617999" lon="-122.425606"><ele>366.0</ele><time>2024-05-11T21:10:39Z</time></trkpt><trkpt lat="48.617991" lon="-122.425573"><ele>366.0</ele><time>2024-05-11T21:10:42Z</time></trkpt><trkpt lat="48.618017" lon="-122.425549"><ele>366.0</ele><time>2024-05-11T21:10:48Z</time></trkpt><trkpt lat="48.617988" lon="-122.425567"><ele>367.2</ele><time>2024-05-11T21:10:51Z</time></trkpt><trkpt lat="48.617946" lon="-122.425645"><ele>366.8</ele><time>2024-05-11T21:10:55Z</time></trkpt><trkpt lat="48.617955" lon="-122.425721"><ele>361.0</ele><time>2024-05-11T21:10:59Z</time></trkpt><trkpt lat="48.617915" lon="-122.425745"><ele>360.0</ele><time>2024-05-11T21:11:03Z</time></trkpt><trkpt lat="48.617862" lon="-122.425843"><ele>359.0</ele><time>2024-05-11T21:11:12Z</time></trkpt><trkpt lat="48.617802" lon="-122.42585"><ele>360.0</ele><time>2024-05-11T21:11:19Z</time></trkpt><trkpt lat="48.617768" lon="-122.425829"><ele>360.0</ele><time>2024-05-11T21:11:21Z</time></trkpt><trkpt lat="48.617724" lon="-122.425878"><ele>360.0</ele><time>2024-05-11T21:11:27Z</time></trkpt><trkpt lat="48.617684" lon="-122.425875"><ele>360.0</ele><time>2024-05-11T21:11:29Z</time></trkpt><trkpt lat="48.61763" lon="-122.425932"><ele>360.0</ele><time>2024-05-11T21:11:34Z</time></trkpt><trkpt lat="48.617588" lon="-122.425923"><ele>359.0</ele><time>2024-05-11T21:11:37Z</time></trkpt><trkpt lat="48.617551" lon="-122.425953"><ele>358.0</ele><time>2024-05-11T21:11:39Z</time></trkpt><trkpt lat="48.61753" lon="-122.425992"><ele>358.2</ele><time>2024-05-11T21:11:41Z</time></trkpt><trkpt lat="48.617495" lon="-122.426025"><ele>358.1</ele><time>2024-05-11T21:11:42Z</time></trkpt><trkpt lat="48.617506" lon="-122.426139"><ele>350.0</ele><time>2024-05-11T21:11:54Z</time></trkpt><trkpt lat="48.61747" lon="-122.426189"><ele>350.0</ele><time>2024-05-11T21:11:58Z</time></trkpt><trkpt lat="48.617465" lon="-122.426229"><ele>350.0</ele><time>2024-05-11T21:12:01Z</time></trkpt><trkpt lat="48.617408" lon="-122.426266"><ele>348.0</ele><time>2024-05-11T21:12:07Z</time></trkpt><trkpt lat="48.617362" lon="-122.426248"><ele>348.0</ele><time>2024-05-11T21:12:10Z</time></trkpt><trkpt lat="48.617254" lon="-122.42631"><ele>348.0</ele><time>2024-05-11T21:12:24Z</time></trkpt><trkpt lat="48.617182" lon="-122.426389"><ele>349.0</ele><time>2024-05-11T21:12:31Z</time></trkpt><trkpt lat="48.617146" lon="-122.426377"><ele>349.3</ele><time>2024-05-11T21:12:34Z</time></trkpt><trkpt lat="48.617099" lon="-122.426413"><ele>346.0</ele><time>2024-05-11T21:12:39Z</time></trkpt><trkpt lat="48.617122" lon="-122.426356"><ele>346.4</ele><time>2024-05-11T21:12:43Z</time></trkpt><trkpt lat="48.617154" lon="-122.426364"><ele>344.6</ele><time>2024-05-11T21:12:44Z</time></trkpt><trkpt lat="48.617275" lon="-122.426444"><ele>340.0</ele><time>2024-05-11T21:12:53Z</time></trkpt><trkpt lat="48.617306" lon="-122.426438"><ele>340.0</ele><time>2024-05-11T21:12:55Z</time></trkpt><trkpt lat="48.617344" lon="-122.42652"><ele>336.0</ele><time>2024-05-11T21:13:00Z</time></trkpt><trkpt lat="48.617334" lon="-122.426469"><ele>340.0</ele><time>2024-05-11T21:13:08Z</time></trkpt><trkpt lat="48.617254" lon="-122.426442"><ele>344.6</ele><time>2024-05-11T21:13:24Z</time></trkpt><trkpt lat="48.617263" lon="-122.42648"><ele>343.0</ele><time>2024-05-11T21:13:27Z</time></trkpt><trkpt lat="48.617227" lon="-122.42651"><ele>342.0</ele><time>2024-05-11T21:13:32Z</time></trkpt><trkpt lat="48.617182" lon="-122.426524"><ele>340.0</ele><time>2024-05-11T21:13:35Z</time></trkpt><trkpt lat="48.617162" lon="-122.426566"><ele>341.4</ele><time>2024-05-11T21:13:36Z</time></trkpt><trkpt lat="48.617139" lon="-122.426585"><ele>339.0</ele><time>2024-05-11T21:13:39Z</time></trkpt><trkpt lat="48.617082" lon="-122.426576"><ele>339.0</ele><time>2024-05-11T21:13:49Z</time></trkpt><trkpt lat="48.617049" lon="-122.426586"><ele>340.0</ele><time>2024-05-11T21:13:53Z</time></trkpt><trkpt lat="48.617019" lon="-122.426633"><ele>339.0</ele><time>2024-05-11T21:13:58Z</time></trkpt><trkpt lat="48.616977" lon="-122.426675"><ele>337.0</ele><time>2024-05-11T21:14:01Z</time></trkpt><trkpt lat="48.616879" lon="-122.426694"><ele>338.0</ele><time>2024-05-11T21:14:09Z</time></trkpt><trkpt lat="48.616846" lon="-122.426647"><ele>336.0</ele><time>2024-05-11T21:14:16Z</time></trkpt><trkpt lat="48.616789" lon="-122.426623"><ele>336.0</ele><time>2024-05-11T21:14:26Z</time></trkpt><trkpt lat="48.616712" lon="-122.426625"><ele>339.0</ele><time>2024-05-11T21:14:31Z</time></trkpt><trkpt lat="48.616657" lon="-122.426707"><ele>340.0</ele><time>2024-05-11T21:14:37Z</time></trkpt><trkpt lat="48.616636" lon="-122.426681"><ele>340.0</ele><time>2024-05-11T21:14:42Z</time></trkpt><trkpt lat="48.616568" lon="-122.426712"><ele>341.0</ele><time>2024-05-11T21:14:49Z</time></trkpt><trkpt lat="48.616519" lon="-122.426671"><ele>343.0</ele><time>2024-05-11T21:14:54Z</time></trkpt><trkpt lat="48.616473" lon="-122.426663"><ele>344.0</ele><time>2024-05-11T21:14:57Z</time></trkpt><trkpt lat="48.616434" lon="-122.426671"><ele>344.0</ele><time>2024-05-11T21:14:59Z</time></trkpt><trkpt lat="48.616375" lon="-122.426727"><ele>345.4</ele><time>2024-05-11T21:15:05Z</time></trkpt><trkpt lat="48.616352" lon="-122.426762"><ele>345.4</ele><time>2024-05-11T21:15:06Z</time></trkpt><trkpt lat="48.616381" lon="-122.426808"><ele>344.0</ele><time>2024-05-11T21:15:07Z</time></trkpt><trkpt lat="48.616369" lon="-122.426948"><ele>343.1</ele><time>2024-05-11T21:15:16Z</time></trkpt><trkpt lat="48.616315" lon="-122.427019"><ele>341.0</ele><time>2024-05-11T21:15:24Z</time></trkpt><trkpt lat="48.616254" lon="-122.427057"><ele>340.0</ele><time>2024-05-11T21:15:32Z</time></trkpt><trkpt lat="48.616172" lon="-122.427181"><ele>339.0</ele><time>2024-05-11T21:15:42Z</time></trkpt><trkpt lat="48.616128" lon="-122.427175"><ele>339.0</ele><time>2024-05-11T21:15:45Z</time></trkpt><trkpt lat="48.616106" lon="-122.427246"><ele>340.0</ele><time>2024-05-11T21:15:51Z</time></trkpt><trkpt lat="48.61608" lon="-122.427269"><ele>338.0</ele><time>2024-05-11T21:15:55Z</time></trkpt><trkpt lat="48.616037" lon="-122.427289"><ele>338.0</ele><time>2024-05-11T21:15:59Z</time></trkpt><trkpt lat="48.615965" lon="-122.427299"><ele>337.0</ele><time>2024-05-11T21:16:06Z</time></trkpt><trkpt lat="48.615952" lon="-122.42733"><ele>336.0</ele><time>2024-05-11T21:16:08Z</time></trkpt><trkpt lat="48.615799" lon="-122.427333"><ele>339.0</ele><time>2024-05-11T21:16:21Z</time></trkpt><trkpt lat="48.61576" lon="-122.427349"><ele>339.0</ele><time>2024-05-11T21:16:24Z</time></trkpt><trkpt lat="48.615733" lon="-122.42733"><ele>340.0</ele><time>2024-05-11T21:16:26Z</time></trkpt><trkpt lat="48.615699" lon="-122.427328"><ele>340.0</ele><time>2024-05-11T21:16:29Z</time></trkpt><trkpt lat="48.615647" lon="-122.427283"><ele>340.0</ele><time>2024-05-11T21:16:37Z</time></trkpt><trkpt lat="48.615616" lon="-122.427292"><ele>342.0</ele><time>2024-05-11T21:16:40Z</time></trkpt><trkpt lat="48.615451" lon="-122.427458"><ele>333.0</ele><time>2024-05-11T21:17:00Z</time></trkpt><trkpt lat="48.615424" lon="-122.427413"><ele>337.0</ele><time>2024-05-11T21:17:06Z</time></trkpt><trkpt lat="48.615367" lon="-122.427415"><ele>338.9</ele><time>2024-05-11T21:17:08Z</time></trkpt><trkpt lat="48.615358" lon="-122.427444"><ele>336.0</ele><time>2024-05-11T21:17:10Z</time></trkpt><trkpt lat="48.615296" lon="-122.427424"><ele>337.0</ele><time>2024-05-11T21:17:17Z</time></trkpt><trkpt lat="48.615254" lon="-122.427462"><ele>339.0</ele><time>2024-05-11T21:17:21Z</time></trkpt><trkpt lat="48.61525" lon="-122.427422"><ele>340.3</ele><time>2024-05-11T21:17:22Z</time></trkpt><trkpt lat="48.615228" lon="-122.427471"><ele>338.0</ele><time>2024-05-11T21:17:26Z</time></trkpt><trkpt lat="48.615213" lon="-122.427419"><ele>340.0</ele><time>2024-05-11T21:17:30Z</time></trkpt><trkpt lat="48.615168" lon="-122.427394"><ele>340.0</ele><time>2024-05-11T21:17:33Z</time></trkpt><trkpt lat="48.615068" lon="-122.427432"><ele>340.0</ele><time>2024-05-11T21:17:43Z</time></trkpt><trkpt lat="48.614941" lon="-122.427347"><ele>343.8</ele><time>2024-05-11T21:17:55Z</time></trkpt><trkpt lat="48.614903" lon="-122.427362"><ele>341.0</ele><time>2024-05-11T21:17:57Z</time></trkpt><trkpt lat="48.614862" lon="-122.427399"><ele>342.0</ele><time>2024-05-11T21:18:00Z</time></trkpt><trkpt lat="48.614861" lon="-122.427315"><ele>342.0</ele><time>2024-05-11T21:18:03Z</time></trkpt><trkpt lat="48.614821" lon="-122.427292"><ele>343.0</ele><time>2024-05-11T21:18:08Z</time></trkpt><trkpt lat="48.614773" lon="-122.427303"><ele>344.0</ele><time>2024-05-11T21:18:13Z</time></trkpt><trkpt lat="48.614745" lon="-122.427248"><ele>347.4</ele><time>2024-05-11T21:18:17Z</time></trkpt><trkpt lat="48.614657" lon="-122.427255"><ele>347.0</ele><time>2024-05-11T21:18:23Z</time></trkpt><trkpt lat="48.614626" lon="-122.427276"><ele>347.5</ele><time>2024-05-11T21:18:25Z</time></trkpt><trkpt lat="48.614628" lon="-122.427231"><ele>348.0</ele><time>2024-05-11T21:18:28Z</time></trkpt><trkpt lat="48.614603" lon="-122.42718"><ele>345.0</ele><time>2024-05-11T21:18:34Z</time></trkpt><trkpt lat="48.614572" lon="-122.42717"><ele>346.0</ele><time>2024-05-11T21:18:38Z</time></trkpt><trkpt lat="48.614532" lon="-122.427218"><ele>348.0</ele><time>2024-05-11T21:18:41Z</time></trkpt><trkpt lat="48.614456" lon="-122.427182"><ele>349.7</ele><time>2024-05-11T21:18:43Z</time></trkpt><trkpt lat="48.61452" lon="-122.427166"><ele>350.4</ele><time>2024-05-11T21:18:44Z</time></trkpt><trkpt lat="48.61445" lon="-122.427162"><ele>350.0</ele><time>2024-05-11T21:18:47Z</time></trkpt><trkpt lat="48.614435" lon="-122.427188"><ele>350.0</ele><time>2024-05-11T21:18:49Z</time></trkpt><trkpt lat="48.614396" lon="-122.427216"><ele>348.0</ele><time>2024-05-11T21:18:52Z</time></trkpt><trkpt lat="48.614351" lon="-122.427161"><ele>348.0</ele><time>2024-05-11T21:18:57Z</time></trkpt><trkpt lat="48.614235" lon="-122.427085"><ele>352.6</ele><time>2024-05-11T21:19:14Z</time></trkpt><trkpt lat="48.614222" lon="-122.42702"><ele>352.6</ele><time>2024-05-11T21:19:16Z</time></trkpt><trkpt lat="48.6142" lon="-122.426974"><ele>351.0</ele><time>2024-05-11T21:19:20Z</time></trkpt><trkpt lat="48.61416" lon="-122.426989"><ele>352.0</ele><time>2024-05-11T21:19:23Z</time></trkpt><trkpt lat="48.614201" lon="-122.427035"><ele>353.8</ele><time>2024-05-11T21:19:24Z</time></trkpt><trkpt lat="48.614184" lon="-122.427008"><ele>352.0</ele><time>2024-05-11T21:19:26Z</time></trkpt><trkpt lat="48.614147" lon="-122.427006"><ele>352.0</ele><time>2024-05-11T21:19:29Z</time></trkpt><trkpt lat="48.614131" lon="-122.427049"><ele>354.0</ele><time>2024-05-11T21:19:34Z</time></trkpt><trkpt lat="48.614102" lon="-122.427017"><ele>356.0</ele><time>2024-05-11T21:19:38Z</time></trkpt><trkpt lat="48.614029" lon="-122.426984"><ele>356.0</ele><time>2024-05-11T21:19:41Z</time></trkpt><trkpt lat="48.613888" lon="-122.426959"><ele>356.0</ele><time>2024-05-11T21:19:48Z</time></trkpt><trkpt lat="48.613869" lon="-122.427004"><ele>356.0</ele><time>2024-05-11T21:19:50Z</time></trkpt><trkpt lat="48.61383" lon="-122.427025"><ele>357.0</ele><time>2024-05-11T21:19:52Z</time></trkpt><trkpt lat="48.613739" lon="-122.426998"><ele>355.7</ele><time>2024-05-11T21:19:58Z</time></trkpt><trkpt lat="48.613716" lon="-122.426975"><ele>357.1</ele><time>2024-05-11T21:19:59Z</time></trkpt><trkpt lat="48.613679" lon="-122.42699"><ele>355.0</ele><time>2024-05-11T21:20:01Z</time></trkpt><trkpt lat="48.613653" lon="-122.427027"><ele>354.2</ele><time>2024-05-11T21:20:03Z</time></trkpt><trkpt lat="48.613634" lon="-122.427035"><ele>353.0</ele><time>2024-05-11T21:20:05Z</time></trkpt><trkpt lat="48.613619" lon="-122.427092"><ele>354.0</ele><time>2024-05-11T21:20:11Z</time></trkpt><trkpt lat="48.613636" lon="-122.427124"><ele>356.0</ele><time>2024-05-11T21:20:16Z</time></trkpt><trkpt lat="48.613427" lon="-122.427117"><ele>356.8</ele><time>2024-05-11T21:20:32Z</time></trkpt><trkpt lat="48.613362" lon="-122.427167"><ele>358.0</ele><time>2024-05-11T21:20:36Z</time></trkpt><trkpt lat="48.613343" lon="-122.427196"><ele>359.0</ele><time>2024-05-11T21:20:40Z</time></trkpt><trkpt lat="48.613353" lon="-122.427232"><ele>359.0</ele><time>2024-05-11T21:20:43Z</time></trkpt><trkpt lat="48.613319" lon="-122.427252"><ele>360.5</ele><time>2024-05-11T21:20:45Z</time></trkpt><trkpt lat="48.613269" lon="-122.427252"><ele>360.0</ele><time>2024-05-11T21:20:48Z</time></trkpt><trkpt lat="48.613202" lon="-122.427291"><ele>362.0</ele><time>2024-05-11T21:20:55Z</time></trkpt><trkpt lat="48.613149" lon="-122.427337"><ele>363.1</ele><time>2024-05-11T21:20:59Z</time></trkpt><trkpt lat="48.613115" lon="-122.42733"><ele>361.0</ele><time>2024-05-11T21:21:02Z</time></trkpt><trkpt lat="48.613083" lon="-122.427346"><ele>360.0</ele><time>2024-05-11T21:21:04Z</time></trkpt><trkpt lat="48.613045" lon="-122.427403"><ele>362.2</ele><time>2024-05-11T21:21:06Z</time></trkpt><trkpt lat="48.613036" lon="-122.427435"><ele>362.0</ele><time>2024-05-11T21:21:07Z</time></trkpt><trkpt lat="48.613076" lon="-122.427445"><ele>362.9</ele><time>2024-05-11T21:21:14Z</time></trkpt><trkpt lat="48.613068" lon="-122.42748"><ele>362.5</ele><time>2024-05-11T21:21:15Z</time></trkpt><trkpt lat="48.613036" lon="-122.427424"><ele>362.0</ele><time>2024-05-11T21:21:16Z</time></trkpt><trkpt lat="48.612961" lon="-122.427386"><ele>361.0</ele><time>2024-05-11T21:21:21Z</time></trkpt><trkpt lat="48.612929" lon="-122.42741"><ele>362.9</ele><time>2024-05-11T21:21:24Z</time></trkpt><trkpt lat="48.612837" lon="-122.427418"><ele>360.0</ele><time>2024-05-11T21:21:28Z</time></trkpt><trkpt lat="48.612791" lon="-122.427499"><ele>360.0</ele><time>2024-05-11T21:21:35Z</time></trkpt><trkpt lat="48.612726" lon="-122.427538"><ele>360.9</ele><time>2024-05-11T21:21:37Z</time></trkpt><trkpt lat="48.612757" lon="-122.427589"><ele>360.6</ele><time>2024-05-11T21:21:38Z</time></trkpt><trkpt lat="48.612755" lon="-122.427623"><ele>358.0</ele><time>2024-05-11T21:21:40Z</time></trkpt><trkpt lat="48.612725" lon="-122.427651"><ele>356.0</ele><time>2024-05-11T21:21:45Z</time></trkpt><trkpt lat="48.612742" lon="-122.427633"><ele>358.0</ele><time>2024-05-11T21:21:52Z</time></trkpt><trkpt lat="48.612689" lon="-122.427628"><ele>357.0</ele><time>2024-05-11T21:22:01Z</time></trkpt><trkpt lat="48.612587" lon="-122.427503"><ele>361.6</ele><time>2024-05-11T21:22:12Z</time></trkpt><trkpt lat="48.612545" lon="-122.427481"><ele>359.0</ele><time>2024-05-11T21:22:16Z</time></trkpt><trkpt lat="48.612507" lon="-122.427358"><ele>357.0</ele><time>2024-05-11T21:22:32Z</time></trkpt><trkpt lat="48.61245" lon="-122.427306"><ele>360.0</ele><time>2024-05-11T21:22:39Z</time></trkpt><trkpt lat="48.612403" lon="-122.42728"><ele>360.0</ele><time>2024-05-11T21:22:43Z</time></trkpt><trkpt lat="48.61229" lon="-122.427291"><ele>363.6</ele><time>2024-05-11T21:22:51Z</time></trkpt><trkpt lat="48.61226" lon="-122.427341"><ele>364.0</ele><time>2024-05-11T21:22:54Z</time></trkpt><trkpt lat="48.612244" lon="-122.427436"><ele>363.0</ele><time>2024-05-11T21:22:57Z</time></trkpt><trkpt lat="48.612212" lon="-122.427429"><ele>363.0</ele><time>2024-05-11T21:23:00Z</time></trkpt><trkpt lat="48.612147" lon="-122.427443"><ele>364.0</ele><time>2024-05-11T21:23:07Z</time></trkpt><trkpt lat="48.612074" lon="-122.427388"><ele>366.0</ele><time>2024-05-11T21:23:20Z</time></trkpt><trkpt lat="48.612066" lon="-122.427332"><ele>366.0</ele><time>2024-05-11T21:23:24Z</time></trkpt><trkpt lat="48.611852" lon="-122.427343"><ele>366.0</ele><time>2024-05-11T21:23:35Z</time></trkpt><trkpt lat="48.611825" lon="-122.427376"><ele>366.0</ele><time>2024-05-11T21:23:38Z</time></trkpt><trkpt lat="48.611796" lon="-122.427387"><ele>366.0</ele><time>2024-05-11T21:23:41Z</time></trkpt><trkpt lat="48.611724" lon="-122.42738"><ele>366.0</ele><time>2024-05-11T21:23:47Z</time></trkpt><trkpt lat="48.611577" lon="-122.427309"><ele>365.0</ele><time>2024-05-11T21:24:01Z</time></trkpt><trkpt lat="48.61152" lon="-122.427311"><ele>365.0</ele><time>2024-05-11T21:24:06Z</time></trkpt><trkpt lat="48.611505" lon="-122.427337"><ele>366.0</ele><time>2024-05-11T21:24:10Z</time></trkpt><trkpt lat="48.611479" lon="-122.427357"><ele>366.8</ele><time>2024-05-11T21:24:11Z</time></trkpt><trkpt lat="48.611436" lon="-122.427348"><ele>366.0</ele><time>2024-05-11T21:24:14Z</time></trkpt><trkpt lat="48.611375" lon="-122.427426"><ele>364.0</ele><time>2024-05-11T21:24:22Z</time></trkpt><trkpt lat="48.611312" lon="-122.427415"><ele>363.0</ele><time>2024-05-11T21:24:29Z</time></trkpt><trkpt lat="48.611279" lon="-122.427419"><ele>364.0</ele><time>2024-05-11T21:24:32Z</time></trkpt><trkpt lat="48.611207" lon="-122.427397"><ele>364.0</ele><time>2024-05-11T21:24:39Z</time></trkpt><trkpt lat="48.61117" lon="-122.427395"><ele>364.0</ele><time>2024-05-11T21:24:43Z</time></trkpt><trkpt lat="48.611148" lon="-122.427366"><ele>366.0</ele><time>2024-05-11T21:24:47Z</time></trkpt><trkpt lat="48.611117" lon="-122.427357"><ele>366.0</ele><time>2024-05-11T21:24:50Z</time></trkpt><trkpt lat="48.611105" lon="-122.427319"><ele>365.0</ele><time>2024-05-11T21:24:54Z</time></trkpt><trkpt lat="48.611041" lon="-122.427282"><ele>370.0</ele><time>2024-05-11T21:24:59Z</time></trkpt><trkpt lat="48.611016" lon="-122.427308"><ele>369.0</ele><time>2024-05-11T21:25:04Z</time></trkpt><trkpt lat="48.610963" lon="-122.427317"><ele>371.8</ele><time>2024-05-11T21:25:07Z</time></trkpt><trkpt lat="48.610929" lon="-122.427334"><ele>372.0</ele><time>2024-05-11T21:25:10Z</time></trkpt><trkpt lat="48.610904" lon="-122.427282"><ele>370.0</ele><time>2024-05-11T21:25:15Z</time></trkpt><trkpt lat="48.610801" lon="-122.427229"><ele>372.0</ele><time>2024-05-11T21:25:24Z</time></trkpt><trkpt lat="48.610768" lon="-122.427163"><ele>374.0</ele><time>2024-05-11T21:25:31Z</time></trkpt><trkpt lat="48.610684" lon="-122.427167"><ele>375.0</ele><time>2024-05-11T21:25:38Z</time></trkpt><trkpt lat="48.610611" lon="-122.427201"><ele>371.0</ele><time>2024-05-11T21:25:44Z</time></trkpt><trkpt lat="48.610574" lon="-122.42717"><ele>376.0</ele><time>2024-05-11T21:25:52Z</time></trkpt><trkpt lat="48.610504" lon="-122.427133"><ele>376.9</ele><time>2024-05-11T21:25:53Z</time></trkpt><trkpt lat="48.610536" lon="-122.427121"><ele>376.0</ele><time>2024-05-11T21:25:54Z</time></trkpt><trkpt lat="48.610537" lon="-122.427083"><ele>375.0</ele><time>2024-05-11T21:25:58Z</time></trkpt><trkpt lat="48.61052" lon="-122.427014"><ele>376.0</ele><time>2024-05-11T21:26:03Z</time></trkpt><trkpt lat="48.610497" lon="-122.426992"><ele>376.0</ele><time>2024-05-11T21:26:05Z</time></trkpt><trkpt lat="48.61046" lon="-122.426914"><ele>374.0</ele><time>2024-05-11T21:26:09Z</time></trkpt><trkpt lat="48.610427" lon="-122.426898"><ele>372.0</ele><time>2024-05-11T21:26:11Z</time></trkpt><trkpt lat="48.610397" lon="-122.426865"><ele>372.0</ele><time>2024-05-11T21:26:13Z</time></trkpt><trkpt lat="48.610333" lon="-122.426844"><ele>372.0</ele><time>2024-05-11T21:26:19Z</time></trkpt><trkpt lat="48.610293" lon="-122.426782"><ele>372.0</ele><time>2024-05-11T21:26:24Z</time></trkpt><trkpt lat="48.610222" lon="-122.426774"><ele>373.0</ele><time>2024-05-11T21:26:30Z</time></trkpt><trkpt lat="48.610122" lon="-122.426713"><ele>372.0</ele><time>2024-05-11T21:26:39Z</time></trkpt><trkpt lat="48.610096" lon="-122.426678"><ele>372.0</ele><time>2024-05-11T21:26:42Z</time></trkpt><trkpt lat="48.610037" lon="-122.426645"><ele>373.4</ele><time>2024-05-11T21:26:48Z</time></trkpt><trkpt lat="48.609954" lon="-122.426533"><ele>368.0</ele><time>2024-05-11T21:27:00Z</time></trkpt><trkpt lat="48.609942" lon="-122.426573"><ele>364.0</ele><time>2024-05-11T21:27:17Z</time></trkpt><trkpt lat="48.609931" lon="-122.426539"><ele>372.0</ele><time>2024-05-11T21:27:36Z</time></trkpt><trkpt lat="48.609883" lon="-122.426539"><ele>374.0</ele><time>2024-05-11T21:27:40Z</time></trkpt><trkpt lat="48.609916" lon="-122.426517"><ele>372.0</ele><time>2024-05-11T21:27:50Z</time></trkpt><trkpt lat="48.609918" lon="-122.426591"><ele>376.0</ele><time>2024-05-11T21:28:59Z</time></trkpt><trkpt lat="48.610014" lon="-122.426605"><ele>376.0</ele><time>2024-05-11T21:29:39Z</time></trkpt><trkpt lat="48.610027" lon="-122.42659"><ele>375.0</ele><time>2024-05-11T21:29:43Z</time></trkpt><trkpt lat="48.610047" lon="-122.426549"><ele>375.0</ele><time>2024-05-11T21:29:46Z</time></trkpt><trkpt lat="48.610028" lon="-122.426505"><ele>375.0</ele><time>2024-05-11T21:29:50Z</time></trkpt><trkpt lat="48.610025" lon="-122.426438"><ele>377.5</ele><time>2024-05-11T21:29:58Z</time></trkpt></trkseg></trk></gpx>