<?xml version='1.0' encoding='utf-8'?>
<gpx xmlns="http://www.topografix.com/GPX/1/1" xmlns:xsi="http://www.w3.org/2001/XMLSchema-instance" version="1.1" creator="AllTrails.com" xsi:schemaLocation="http://www.topografix.com/GPX/1/1 http://www.topografix.com/GPX/1/1/gpx.xsd">
  <metadata>
    <name>Mount Storm King</name>
    <desc />
    <link href="http://www.alltrails.com">
      <text>AllTrails, LLC</text>
    </link>
    <bounds minlat="48.05028" minlon="-123.79099" maxlat="48.11834" maxlon="-123.43259" />
  </metadata>
  <trk>
    <name>Mount Storm King</name>
    <src>AllTrails</src>
    <trkseg>
      <trkpt lat="48.05722" lon="-123.78719">
        <ele>191.39</ele>
        <time>2021-08-28T18:31:10Z</time>
      </trkpt>
      <trkpt lat="48.0572" lon="-123.78722">
        <ele>191.5</ele>
        <time>2021-08-28T18:31:12Z</time>
      </trkpt>
      <trkpt lat="48.05717" lon="-123.78725">
        <ele>192.13</ele>
        <time>2021-08-28T18:31:15Z</time>
      </trkpt>
      <trkpt lat="48.05715" lon="-123.78728">
        <ele>192.56</ele>
        <time>2021-08-28T18:31:19Z</time>
      </trkpt>
      <trkpt lat="48.05713" lon="-123.78732">
        <ele>192.94</ele>
        <time>2021-08-28T18:31:22Z</time>
      </trkpt>
      <trkpt lat="48.0571" lon="-123.78736">
        <ele>192.99</ele>
        <time>2021-08-28T18:31:25Z</time>
      </trkpt>
      <trkpt lat="48.05708" lon="-123.78739">
        <ele>193.16</ele>
        <time>2021-08-28T18:31:28Z</time>
      </trkpt>
      <trkpt lat="48.05705" lon="-123.78743">
        <ele>193.72</ele>
        <time>2021-08-28T18:31:32Z</time>
      </trkpt>
      <trkpt lat="48.05704" lon="-123.78748">
        <ele>193.94</ele>
        <time>2021-08-28T18:31:34Z</time>
      </trkpt>
      <trkpt lat="48.05702" lon="-123.78751">
        <ele>194.18</ele>
        <time>2021-08-28T18:31:37Z</time>
      </trkpt>
      <trkpt lat="48.05699" lon="-123.78754">
        <ele>194.51</ele>
        <time>2021-08-28T18:31:41Z</time>
      </trkpt>
      <trkpt lat="48.05697" lon="-123.78758">
        <ele>194.72</ele>
        <time>2021-08-28T18:31:44Z</time>
      </trkpt>
      <trkpt lat="48.05697" lon="-123.78763">
        <ele>194.61</ele>
        <time>2021-08-28T18:31:49Z</time>
      </trkpt>
      <trkpt lat="48.05695" lon="-123.78768">
        <ele>194.88</ele>
        <time>2021-08-28T18:31:52Z</time>
      </trkpt>
      <trkpt lat="48.05694" lon="-123.78772">
        <ele>195.05</ele>
        <time>2021-08-28T18:31:55Z</time>
      </trkpt>
      <trkpt lat="48.05693" lon="-123.78776">
        <ele>195.16</ele>
        <time>2021-08-28T18:31:57Z</time>
      </trkpt>
      <trkpt lat="48.05691" lon="-123.7878">
        <ele>195.22</ele>
        <time>2021-08-28T18:31:59Z</time>
      </trkpt>
      <trkpt lat="48.05689" lon="-123.78783">
        <ele>195.36</ele>
        <time>2021-08-28T18:32:01Z</time>
      </trkpt>
      <trkpt lat="48.05687" lon="-123.78788">
        <ele>195.61</ele>
        <time>2021-08-28T18:32:04Z</time>
      </trkpt>
      <trkpt lat="48.05685" lon="-123.78792">
        <ele>196.02</ele>
        <time>2021-08-28T18:32:07Z</time>
      </trkpt>
      <trkpt lat="48.05684" lon="-123.78796">
        <ele>196.13</ele>
        <time>2021-08-28T18:32:10Z</time>
      </trkpt>
      <trkpt lat="48.05681" lon="-123.78799">
        <ele>196.29</ele>
        <time>2021-08-28T18:32:14Z</time>
      </trkpt>
      <trkpt lat="48.05679" lon="-123.78803">
        <ele>196.43</ele>
        <time>2021-08-28T18:32:18Z</time>
      </trkpt>
      <trkpt lat="48.05677" lon="-123.78807">
        <ele>196.77</ele>
        <time>2021-08-28T18:32:20Z</time>
      </trkpt>
      <trkpt lat="48.05673" lon="-123.78809">
        <ele>197.32</ele>
        <time>2021-08-28T18:32:22Z</time>
      </trkpt>
      <trkpt lat="48.0567" lon="-123.78812">
        <ele>197.64</ele>
        <time>2021-08-28T18:32:24Z</time>
      </trkpt>
      <trkpt lat="48.05667" lon="-123.78813">
        <ele>197.96</ele>
        <time>2021-08-28T18:32:25Z</time>
      </trkpt>
      <trkpt lat="48.05663" lon="-123.78816">
        <ele>198.74</ele>
        <time>2021-08-28T18:32:27Z</time>
      </trkpt>
      <trkpt lat="48.05661" lon="-123.78819">
        <ele>198.95</ele>
        <time>2021-08-28T18:32:29Z</time>
      </trkpt>
      <trkpt lat="48.05658" lon="-123.78821">
        <ele>199.25</ele>
        <time>2021-08-28T18:32:31Z</time>
      </trkpt>
      <trkpt lat="48.05655" lon="-123.78824">
        <ele>199.79</ele>
        <time>2021-08-28T18:32:33Z</time>
      </trkpt>
      <trkpt lat="48.05653" lon="-123.78828">
        <ele>200.23</ele>
        <time>2021-08-28T18:32:35Z</time>
      </trkpt>
      <trkpt lat="48.05652" lon="-123.78831">
        <ele>200.32</ele>
        <time>2021-08-28T18:32:37Z</time>
      </trkpt>
      <trkpt lat="48.05648" lon="-123.78832">
        <ele>201.19</ele>
        <time>2021-08-28T18:32:39Z</time>
      </trkpt>
      <trkpt lat="48.05644" lon="-123.78833">
        <ele>202.36</ele>
        <time>2021-08-28T18:32:41Z</time>
      </trkpt>
      <trkpt lat="48.0564" lon="-123.78834">
        <ele>203.58</ele>
        <time>2021-08-28T18:32:43Z</time>
      </trkpt>
      <trkpt lat="48.05637" lon="-123.78836">
        <ele>204.12</ele>
        <time>2021-08-28T18:32:45Z</time>
      </trkpt>
      <trkpt lat="48.05634" lon="-123.78838">
        <ele>204.55</ele>
        <time>2021-08-28T18:32:47Z</time>
      </trkpt>
      <trkpt lat="48.05633" lon="-123.78841">
        <ele>204.44</ele>
        <time>2021-08-28T18:32:49Z</time>
      </trkpt>
      <trkpt lat="48.05631" lon="-123.78845">
        <ele>204.44</ele>
        <time>2021-08-28T18:32:51Z</time>
      </trkpt>
      <trkpt lat="48.05629" lon="-123.7885">
        <ele>204.4</ele>
        <time>2021-08-28T18:32:54Z</time>
      </trkpt>
      <trkpt lat="48.05627" lon="-123.78855">
        <ele>204.51</ele>
        <time>2021-08-28T18:32:56Z</time>
      </trkpt>
      <trkpt lat="48.05626" lon="-123.7886">
        <ele>204.3</ele>
        <time>2021-08-28T18:32:58Z</time>
      </trkpt>
      <trkpt lat="48.05626" lon="-123.78865">
        <ele>203.85</ele>
        <time>2021-08-28T18:33:00Z</time>
      </trkpt>
      <trkpt lat="48.05624" lon="-123.78869">
        <ele>203.79</ele>
        <time>2021-08-28T18:33:04Z</time>
      </trkpt>
      <trkpt lat="48.05622" lon="-123.78873">
        <ele>203.54</ele>
        <time>2021-08-28T18:33:07Z</time>
      </trkpt>
      <trkpt lat="48.05619" lon="-123.78877">
        <ele>203.58</ele>
        <time>2021-08-28T18:33:10Z</time>
      </trkpt>
      <trkpt lat="48.05617" lon="-123.78881">
        <ele>203.58</ele>
        <time>2021-08-28T18:33:12Z</time>
      </trkpt>
      <trkpt lat="48.05615" lon="-123.78885">
        <ele>203.58</ele>
        <time>2021-08-28T18:33:14Z</time>
      </trkpt>
      <trkpt lat="48.05613" lon="-123.7889">
        <ele>203.47</ele>
        <time>2021-08-28T18:33:17Z</time>
      </trkpt>
      <trkpt lat="48.05611" lon="-123.78895">
        <ele>203.36</ele>
        <time>2021-08-28T18:33:20Z</time>
      </trkpt>
      <trkpt lat="48.0561" lon="-123.789">
        <ele>202.84</ele>
        <time>2021-08-28T18:33:22Z</time>
      </trkpt>
      <trkpt lat="48.05609" lon="-123.78904">
        <ele>202.19</ele>
        <time>2021-08-28T18:33:25Z</time>
      </trkpt>
      <trkpt lat="48.05608" lon="-123.78908">
        <ele>201.61</ele>
        <time>2021-08-28T18:33:27Z</time>
      </trkpt>
      <trkpt lat="48.05606" lon="-123.78913">
        <ele>201.5</ele>
        <time>2021-08-28T18:33:30Z</time>
      </trkpt>
      <trkpt lat="48.05603" lon="-123.78916">
        <ele>201.82</ele>
        <time>2021-08-28T18:33:33Z</time>
      </trkpt>
      <trkpt lat="48.05601" lon="-123.7892">
        <ele>201.82</ele>
        <time>2021-08-28T18:33:36Z</time>
      </trkpt>
      <trkpt lat="48.05599" lon="-123.78924">
        <ele>201.82</ele>
        <time>2021-08-28T18:33:38Z</time>
      </trkpt>
      <trkpt lat="48.05597" lon="-123.78927">
        <ele>201.93</ele>
        <time>2021-08-28T18:33:40Z</time>
      </trkpt>
      <trkpt lat="48.05594" lon="-123.78929">
        <ele>202.36</ele>
        <time>2021-08-28T18:33:43Z</time>
      </trkpt>
      <trkpt lat="48.05592" lon="-123.78933">
        <ele>202.43</ele>
        <time>2021-08-28T18:33:46Z</time>
      </trkpt>
      <trkpt lat="48.05591" lon="-123.78937">
        <ele>202.29</ele>
        <time>2021-08-28T18:33:48Z</time>
      </trkpt>
      <trkpt lat="48.05588" lon="-123.78941">
        <ele>202.55</ele>
        <time>2021-08-28T18:33:51Z</time>
      </trkpt>
      <trkpt lat="48.05586" lon="-123.78944">
        <ele>202.51</ele>
        <time>2021-08-28T18:33:54Z</time>
      </trkpt>
      <trkpt lat="48.05584" lon="-123.78949">
        <ele>202.36</ele>
        <time>2021-08-28T18:33:57Z</time>
      </trkpt>
      <trkpt lat="48.05583" lon="-123.78953">
        <ele>202.22</ele>
        <time>2021-08-28T18:34:00Z</time>
      </trkpt>
      <trkpt lat="48.05581" lon="-123.78958">
        <ele>202.89</ele>
        <time>2021-08-28T18:34:04Z</time>
      </trkpt>
      <trkpt lat="48.05578" lon="-123.78959">
        <ele>203.97</ele>
        <time>2021-08-28T18:34:08Z</time>
      </trkpt>
      <trkpt lat="48.05574" lon="-123.78961">
        <ele>205.24</ele>
        <time>2021-08-28T18:34:11Z</time>
      </trkpt>
      <trkpt lat="48.05571" lon="-123.78964">
        <ele>206.29</ele>
        <time>2021-08-28T18:34:14Z</time>
      </trkpt>
      <trkpt lat="48.0557" lon="-123.78968">
        <ele>206.52</ele>
        <time>2021-08-28T18:34:17Z</time>
      </trkpt>
      <trkpt lat="48.0557" lon="-123.78973">
        <ele>206.27</ele>
        <time>2021-08-28T18:34:21Z</time>
      </trkpt>
      <trkpt lat="48.05569" lon="-123.78978">
        <ele>206.36</ele>
        <time>2021-08-28T18:34:23Z</time>
      </trkpt>
      <trkpt lat="48.05567" lon="-123.78983">
        <ele>206.93</ele>
        <time>2021-08-28T18:34:26Z</time>
      </trkpt>
      <trkpt lat="48.05565" lon="-123.78988">
        <ele>207.23</ele>
        <time>2021-08-28T18:34:29Z</time>
      </trkpt>
      <trkpt lat="48.05563" lon="-123.78993">
        <ele>207.59</ele>
        <time>2021-08-28T18:34:32Z</time>
      </trkpt>
      <trkpt lat="48.05561" lon="-123.78996">
        <ele>208.24</ele>
        <time>2021-08-28T18:34:34Z</time>
      </trkpt>
      <trkpt lat="48.05558" lon="-123.78999">
        <ele>209.21</ele>
        <time>2021-08-28T18:34:37Z</time>
      </trkpt>
      <trkpt lat="48.05555" lon="-123.79004">
        <ele>209.71</ele>
        <time>2021-08-28T18:34:39Z</time>
      </trkpt>
      <trkpt lat="48.05553" lon="-123.79008">
        <ele>209.93</ele>
        <time>2021-08-28T18:34:42Z</time>
      </trkpt>
      <trkpt lat="48.05551" lon="-123.79012">
        <ele>210.33</ele>
        <time>2021-08-28T18:34:44Z</time>
      </trkpt>
      <trkpt lat="48.0555" lon="-123.79017">
        <ele>210.3</ele>
        <time>2021-08-28T18:34:46Z</time>
      </trkpt>
      <trkpt lat="48.05549" lon="-123.79022">
        <ele>210.42</ele>
        <time>2021-08-28T18:34:48Z</time>
      </trkpt>
      <trkpt lat="48.05548" lon="-123.79026">
        <ele>210.63</ele>
        <time>2021-08-28T18:34:50Z</time>
      </trkpt>
      <trkpt lat="48.05548" lon="-123.79032">
        <ele>210.18</ele>
        <time>2021-08-28T18:34:53Z</time>
      </trkpt>
      <trkpt lat="48.05548" lon="-123.79037">
        <ele>209.64</ele>
        <time>2021-08-28T18:34:55Z</time>
      </trkpt>
      <trkpt lat="48.05545" lon="-123.79039">
        <ele>210.28</ele>
        <time>2021-08-28T18:34:57Z</time>
      </trkpt>
      <trkpt lat="48.05543" lon="-123.79042">
        <ele>210.71</ele>
        <time>2021-08-28T18:34:59Z</time>
      </trkpt>
      <trkpt lat="48.0554" lon="-123.79046">
        <ele>211.36</ele>
        <time>2021-08-28T18:35:01Z</time>
      </trkpt>
      <trkpt lat="48.05538" lon="-123.79049">
        <ele>211.79</ele>
        <time>2021-08-28T18:35:03Z</time>
      </trkpt>
      <trkpt lat="48.05535" lon="-123.79052">
        <ele>212.3</ele>
        <time>2021-08-28T18:35:05Z</time>
      </trkpt>
      <trkpt lat="48.05533" lon="-123.79054">
        <ele>212.51</ele>
        <time>2021-08-28T18:35:07Z</time>
      </trkpt>
      <trkpt lat="48.05531" lon="-123.79059">
        <ele>212.52</ele>
        <time>2021-08-28T18:35:10Z</time>
      </trkpt>
      <trkpt lat="48.05529" lon="-123.79062">
        <ele>212.78</ele>
        <time>2021-08-28T18:35:13Z</time>
      </trkpt>
      <trkpt lat="48.05526" lon="-123.79064">
        <ele>213.21</ele>
        <time>2021-08-28T18:35:17Z</time>
      </trkpt>
      <trkpt lat="48.05523" lon="-123.79063">
        <ele>213.62</ele>
        <time>2021-08-28T18:35:19Z</time>
      </trkpt>
      <trkpt lat="48.05519" lon="-123.79065">
        <ele>213.95</ele>
        <time>2021-08-28T18:35:22Z</time>
      </trkpt>
      <trkpt lat="48.05516" lon="-123.79067">
        <ele>214.21</ele>
        <time>2021-08-28T18:35:25Z</time>
      </trkpt>
      <trkpt lat="48.05513" lon="-123.79068">
        <ele>214.39</ele>
        <time>2021-08-28T18:35:28Z</time>
      </trkpt>
      <trkpt lat="48.0551" lon="-123.7907">
        <ele>214.4</ele>
        <time>2021-08-28T18:35:31Z</time>
      </trkpt>
      <trkpt lat="48.05506" lon="-123.7907">
        <ele>214.79</ele>
        <time>2021-08-28T18:35:34Z</time>
      </trkpt>
      <trkpt lat="48.05503" lon="-123.79069">
        <ele>215.22</ele>
        <time>2021-08-28T18:35:36Z</time>
      </trkpt>
      <trkpt lat="48.055" lon="-123.79069">
        <ele>215.55</ele>
        <time>2021-08-28T18:35:39Z</time>
      </trkpt>
      <trkpt lat="48.05497" lon="-123.7907">
        <ele>215.76</ele>
        <time>2021-08-28T18:35:41Z</time>
      </trkpt>
      <trkpt lat="48.05493" lon="-123.79074">
        <ele>215.76</ele>
        <time>2021-08-28T18:35:44Z</time>
      </trkpt>
      <trkpt lat="48.0549" lon="-123.79075">
        <ele>215.9</ele>
        <time>2021-08-28T18:35:47Z</time>
      </trkpt>
      <trkpt lat="48.05487" lon="-123.79076">
        <ele>215.79</ele>
        <time>2021-08-28T18:35:50Z</time>
      </trkpt>
      <trkpt lat="48.05483" lon="-123.79076">
        <ele>215.79</ele>
        <time>2021-08-28T18:35:52Z</time>
      </trkpt>
      <trkpt lat="48.05479" lon="-123.79077">
        <ele>215.68</ele>
        <time>2021-08-28T18:35:54Z</time>
      </trkpt>
      <trkpt lat="48.05476" lon="-123.79077">
        <ele>215.68</ele>
        <time>2021-08-28T18:35:56Z</time>
      </trkpt>
      <trkpt lat="48.05472" lon="-123.79076">
        <ele>215.79</ele>
        <time>2021-08-28T18:35:59Z</time>
      </trkpt>
      <trkpt lat="48.05469" lon="-123.79076">
        <ele>215.79</ele>
        <time>2021-08-28T18:36:01Z</time>
      </trkpt>
      <trkpt lat="48.05466" lon="-123.79075">
        <ele>215.9</ele>
        <time>2021-08-28T18:36:04Z</time>
      </trkpt>
      <trkpt lat="48.05462" lon="-123.79073">
        <ele>216.12</ele>
        <time>2021-08-28T18:36:07Z</time>
      </trkpt>
      <trkpt lat="48.0546" lon="-123.79071">
        <ele>216.33</ele>
        <time>2021-08-28T18:36:11Z</time>
      </trkpt>
      <trkpt lat="48.05457" lon="-123.79068">
        <ele>216.66</ele>
        <time>2021-08-28T18:36:14Z</time>
      </trkpt>
      <trkpt lat="48.05454" lon="-123.79067">
        <ele>216.76</ele>
        <time>2021-08-28T18:36:16Z</time>
      </trkpt>
      <trkpt lat="48.0545" lon="-123.79069">
        <ele>216.15</ele>
        <time>2021-08-28T18:36:18Z</time>
      </trkpt>
      <trkpt lat="48.05448" lon="-123.79072">
        <ele>215.61</ele>
        <time>2021-08-28T18:36:20Z</time>
      </trkpt>
      <trkpt lat="48.05445" lon="-123.79075">
        <ele>214.96</ele>
        <time>2021-08-28T18:36:22Z</time>
      </trkpt>
      <trkpt lat="48.05441" lon="-123.79077">
        <ele>214.31</ele>
        <time>2021-08-28T18:36:25Z</time>
      </trkpt>
      <trkpt lat="48.05437" lon="-123.79077">
        <ele>213.88</ele>
        <time>2021-08-28T18:36:28Z</time>
      </trkpt>
      <trkpt lat="48.05434" lon="-123.79076">
        <ele>213.64</ele>
        <time>2021-08-28T18:36:31Z</time>
      </trkpt>
      <trkpt lat="48.0543" lon="-123.79074">
        <ele>213.44</ele>
        <time>2021-08-28T18:36:34Z</time>
      </trkpt>
      <trkpt lat="48.05427" lon="-123.79074">
        <ele>213.12</ele>
        <time>2021-08-28T18:36:36Z</time>
      </trkpt>
      <trkpt lat="48.05424" lon="-123.79074">
        <ele>212.59</ele>
        <time>2021-08-28T18:36:39Z</time>
      </trkpt>
      <trkpt lat="48.05421" lon="-123.79074">
        <ele>211.94</ele>
        <time>2021-08-28T18:36:43Z</time>
      </trkpt>
      <trkpt lat="48.05418" lon="-123.79075">
        <ele>211.17</ele>
        <time>2021-08-28T18:36:45Z</time>
      </trkpt>
      <trkpt lat="48.05415" lon="-123.79078">
        <ele>210.4</ele>
        <time>2021-08-28T18:36:48Z</time>
      </trkpt>
      <trkpt lat="48.05413" lon="-123.79076">
        <ele>210.4</ele>
        <time>2021-08-28T18:36:52Z</time>
      </trkpt>
      <trkpt lat="48.0541" lon="-123.79073">
        <ele>210.4</ele>
        <time>2021-08-28T18:36:57Z</time>
      </trkpt>
      <trkpt lat="48.05406" lon="-123.79073">
        <ele>209.96</ele>
        <time>2021-08-28T18:37:01Z</time>
      </trkpt>
      <trkpt lat="48.05403" lon="-123.79073">
        <ele>209.64</ele>
        <time>2021-08-28T18:37:03Z</time>
      </trkpt>
      <trkpt lat="48.054" lon="-123.79071">
        <ele>209.53</ele>
        <time>2021-08-28T18:37:07Z</time>
      </trkpt>
      <trkpt lat="48.05398" lon="-123.79066">
        <ele>209.84</ele>
        <time>2021-08-28T18:37:12Z</time>
      </trkpt>
      <trkpt lat="48.05397" lon="-123.7906">
        <ele>210.34</ele>
        <time>2021-08-28T18:37:14Z</time>
      </trkpt>
      <trkpt lat="48.05396" lon="-123.79056">
        <ele>210.71</ele>
        <time>2021-08-28T18:37:16Z</time>
      </trkpt>
      <trkpt lat="48.05394" lon="-123.79052">
        <ele>210.94</ele>
        <time>2021-08-28T18:37:19Z</time>
      </trkpt>
      <trkpt lat="48.05394" lon="-123.79047">
        <ele>211.48</ele>
        <time>2021-08-28T18:37:23Z</time>
      </trkpt>
      <trkpt lat="48.05394" lon="-123.79042">
        <ele>212.48</ele>
        <time>2021-08-28T18:37:26Z</time>
      </trkpt>
      <trkpt lat="48.0539" lon="-123.79039">
        <ele>212.7</ele>
        <time>2021-08-28T18:37:30Z</time>
      </trkpt>
      <trkpt lat="48.05389" lon="-123.79033">
        <ele>213.45</ele>
        <time>2021-08-28T18:37:32Z</time>
      </trkpt>
      <trkpt lat="48.05388" lon="-123.79028">
        <ele>213.88</ele>
        <time>2021-08-28T18:37:34Z</time>
      </trkpt>
      <trkpt lat="48.05388" lon="-123.79024">
        <ele>214.72</ele>
        <time>2021-08-28T18:37:38Z</time>
      </trkpt>
      <trkpt lat="48.05386" lon="-123.7902">
        <ele>215.37</ele>
        <time>2021-08-28T18:37:41Z</time>
      </trkpt>
      <trkpt lat="48.05384" lon="-123.79018">
        <ele>215.58</ele>
        <time>2021-08-28T18:37:43Z</time>
      </trkpt>
      <trkpt lat="48.05381" lon="-123.79017">
        <ele>215.48</ele>
        <time>2021-08-28T18:37:46Z</time>
      </trkpt>
      <trkpt lat="48.05378" lon="-123.79015">
        <ele>215.52</ele>
        <time>2021-08-28T18:37:49Z</time>
      </trkpt>
      <trkpt lat="48.05376" lon="-123.79012">
        <ele>215.74</ele>
        <time>2021-08-28T18:37:51Z</time>
      </trkpt>
      <trkpt lat="48.05373" lon="-123.79011">
        <ele>215.33</ele>
        <time>2021-08-28T18:37:53Z</time>
      </trkpt>
      <trkpt lat="48.05369" lon="-123.79009">
        <ele>214.9</ele>
        <time>2021-08-28T18:37:57Z</time>
      </trkpt>
      <trkpt lat="48.05366" lon="-123.79008">
        <ele>214.74</ele>
        <time>2021-08-28T18:38:00Z</time>
      </trkpt>
      <trkpt lat="48.05362" lon="-123.79008">
        <ele>214.25</ele>
        <time>2021-08-28T18:38:03Z</time>
      </trkpt>
      <trkpt lat="48.05358" lon="-123.79007">
        <ele>213.57</ele>
        <time>2021-08-28T18:38:05Z</time>
      </trkpt>
      <trkpt lat="48.05355" lon="-123.79005">
        <ele>213.14</ele>
        <time>2021-08-28T18:38:07Z</time>
      </trkpt>
      <trkpt lat="48.05354" lon="-123.78999">
        <ele>213.65</ele>
        <time>2021-08-28T18:38:10Z</time>
      </trkpt>
      <trkpt lat="48.05353" lon="-123.78996">
        <ele>214.06</ele>
        <time>2021-08-28T18:38:14Z</time>
      </trkpt>
      <trkpt lat="48.0535" lon="-123.78997">
        <ele>213.38</ele>
        <time>2021-08-28T18:38:17Z</time>
      </trkpt>
      <trkpt lat="48.05352" lon="-123.78999">
        <ele>213.25</ele>
        <time>2021-08-28T18:38:27Z</time>
      </trkpt>
      <trkpt lat="48.05356" lon="-123.78999">
        <ele>214.06</ele>
        <time>2021-08-28T18:38:34Z</time>
      </trkpt>
      <trkpt lat="48.05359" lon="-123.78997">
        <ele>214.94</ele>
        <time>2021-08-28T18:38:37Z</time>
      </trkpt>
      <trkpt lat="48.05363" lon="-123.78992">
        <ele>216.27</ele>
        <time>2021-08-28T18:38:39Z</time>
      </trkpt>
      <trkpt lat="48.05366" lon="-123.78989">
        <ele>217.43</ele>
        <time>2021-08-28T18:38:41Z</time>
      </trkpt>
      <trkpt lat="48.05369" lon="-123.78988">
        <ele>218.3</ele>
        <time>2021-08-28T18:38:44Z</time>
      </trkpt>
      <trkpt lat="48.05373" lon="-123.78987">
        <ele>219.26</ele>
        <time>2021-08-28T18:38:48Z</time>
      </trkpt>
      <trkpt lat="48.05376" lon="-123.78988">
        <ele>219.63</ele>
        <time>2021-08-28T18:38:51Z</time>
      </trkpt>
      <trkpt lat="48.05378" lon="-123.78989">
        <ele>219.87</ele>
        <time>2021-08-28T18:38:54Z</time>
      </trkpt>
      <trkpt lat="48.05381" lon="-123.78991">
        <ele>220.09</ele>
        <time>2021-08-28T18:38:57Z</time>
      </trkpt>
      <trkpt lat="48.05385" lon="-123.78992">
        <ele>220.31</ele>
        <time>2021-08-28T18:39:01Z</time>
      </trkpt>
      <trkpt lat="48.05388" lon="-123.78992">
        <ele>220.63</ele>
        <time>2021-08-28T18:39:04Z</time>
      </trkpt>
      <trkpt lat="48.05391" lon="-123.78991">
        <ele>221.4</ele>
        <time>2021-08-28T18:39:07Z</time>
      </trkpt>
      <trkpt lat="48.05395" lon="-123.7899">
        <ele>222.48</ele>
        <time>2021-08-28T18:39:10Z</time>
      </trkpt>
      <trkpt lat="48.05398" lon="-123.7899">
        <ele>223.13</ele>
        <time>2021-08-28T18:39:12Z</time>
      </trkpt>
      <trkpt lat="48.05402" lon="-123.78992">
        <ele>223.14</ele>
        <time>2021-08-28T18:39:15Z</time>
      </trkpt>
      <trkpt lat="48.05405" lon="-123.78995">
        <ele>222.82</ele>
        <time>2021-08-28T18:39:18Z</time>
      </trkpt>
      <trkpt lat="48.05405" lon="-123.78991">
        <ele>223.68</ele>
        <time>2021-08-28T18:39:32Z</time>
      </trkpt>
      <trkpt lat="48.05402" lon="-123.78991">
        <ele>223.36</ele>
        <time>2021-08-28T18:39:36Z</time>
      </trkpt>
      <trkpt lat="48.05399" lon="-123.78993">
        <ele>222.6</ele>
        <time>2021-08-28T18:39:39Z</time>
      </trkpt>
      <trkpt lat="48.05396" lon="-123.78995">
        <ele>221.62</ele>
        <time>2021-08-28T18:39:42Z</time>
      </trkpt>
      <trkpt lat="48.05393" lon="-123.78995">
        <ele>220.97</ele>
        <time>2021-08-28T18:39:44Z</time>
      </trkpt>
      <trkpt lat="48.05392" lon="-123.78991">
        <ele>221.62</ele>
        <time>2021-08-28T18:39:48Z</time>
      </trkpt>
      <trkpt lat="48.05392" lon="-123.78986">
        <ele>222.7</ele>
        <time>2021-08-28T18:39:52Z</time>
      </trkpt>
      <trkpt lat="48.05388" lon="-123.78984">
        <ele>222.29</ele>
        <time>2021-08-28T18:39:55Z</time>
      </trkpt>
      <trkpt lat="48.05386" lon="-123.7898">
        <ele>222.7</ele>
        <time>2021-08-28T18:39:58Z</time>
      </trkpt>
      <trkpt lat="48.05384" lon="-123.78976">
        <ele>223.13</ele>
        <time>2021-08-28T18:40:01Z</time>
      </trkpt>
      <trkpt lat="48.05382" lon="-123.78972">
        <ele>223.56</ele>
        <time>2021-08-28T18:40:06Z</time>
      </trkpt>
      <trkpt lat="48.05378" lon="-123.78971">
        <ele>222.91</ele>
        <time>2021-08-28T18:40:09Z</time>
      </trkpt>
      <trkpt lat="48.05375" lon="-123.78971">
        <ele>222.26</ele>
        <time>2021-08-28T18:40:12Z</time>
      </trkpt>
      <trkpt lat="48.05372" lon="-123.7897">
        <ele>221.83</ele>
        <time>2021-08-28T18:40:14Z</time>
      </trkpt>
      <trkpt lat="48.05369" lon="-123.78968">
        <ele>221.76</ele>
        <time>2021-08-28T18:40:17Z</time>
      </trkpt>
      <trkpt lat="48.05367" lon="-123.78964">
        <ele>222.41</ele>
        <time>2021-08-28T18:40:20Z</time>
      </trkpt>
      <trkpt lat="48.05365" lon="-123.7896">
        <ele>223.19</ele>
        <time>2021-08-28T18:40:23Z</time>
      </trkpt>
      <trkpt lat="48.05363" lon="-123.78957">
        <ele>223.62</ele>
        <time>2021-08-28T18:40:27Z</time>
      </trkpt>
      <trkpt lat="48.05361" lon="-123.78954">
        <ele>223.91</ele>
        <time>2021-08-28T18:40:31Z</time>
      </trkpt>
      <trkpt lat="48.05361" lon="-123.7895">
        <ele>224.78</ele>
        <time>2021-08-28T18:40:34Z</time>
      </trkpt>
      <trkpt lat="48.05359" lon="-123.78945">
        <ele>225.42</ele>
        <time>2021-08-28T18:40:38Z</time>
      </trkpt>
      <trkpt lat="48.05358" lon="-123.78941">
        <ele>226.32</ele>
        <time>2021-08-28T18:40:41Z</time>
      </trkpt>
      <trkpt lat="48.05357" lon="-123.78936">
        <ele>227.44</ele>
        <time>2021-08-28T18:40:44Z</time>
      </trkpt>
      <trkpt lat="48.05356" lon="-123.78933">
        <ele>227.82</ele>
        <time>2021-08-28T18:40:47Z</time>
      </trkpt>
      <trkpt lat="48.05353" lon="-123.7893">
        <ele>227.49</ele>
        <time>2021-08-28T18:40:50Z</time>
      </trkpt>
      <trkpt lat="48.05351" lon="-123.78927">
        <ele>227.58</ele>
        <time>2021-08-28T18:40:53Z</time>
      </trkpt>
      <trkpt lat="48.05349" lon="-123.78924">
        <ele>227.94</ele>
        <time>2021-08-28T18:40:55Z</time>
      </trkpt>
      <trkpt lat="48.05347" lon="-123.78921">
        <ele>228.27</ele>
        <time>2021-08-28T18:40:58Z</time>
      </trkpt>
      <trkpt lat="48.05346" lon="-123.78917">
        <ele>229.02</ele>
        <time>2021-08-28T18:41:02Z</time>
      </trkpt>
      <trkpt lat="48.05344" lon="-123.78914">
        <ele>229.08</ele>
        <time>2021-08-28T18:41:06Z</time>
      </trkpt>
      <trkpt lat="48.05343" lon="-123.7891">
        <ele>229.6</ele>
        <time>2021-08-28T18:41:12Z</time>
      </trkpt>
      <trkpt lat="48.05345" lon="-123.78906">
        <ele>231.65</ele>
        <time>2021-08-28T18:41:14Z</time>
      </trkpt>
      <trkpt lat="48.05347" lon="-123.78905">
        <ele>232.94</ele>
        <time>2021-08-28T18:41:17Z</time>
      </trkpt>
      <trkpt lat="48.05348" lon="-123.78909">
        <ele>231.89</ele>
        <time>2021-08-28T18:41:24Z</time>
      </trkpt>
      <trkpt lat="48.05348" lon="-123.78914">
        <ele>230.5</ele>
        <time>2021-08-28T18:41:27Z</time>
      </trkpt>
      <trkpt lat="48.05349" lon="-123.78918">
        <ele>229.69</ele>
        <time>2021-08-28T18:41:32Z</time>
      </trkpt>
      <trkpt lat="48.05349" lon="-123.78922">
        <ele>228.53</ele>
        <time>2021-08-28T18:41:41Z</time>
      </trkpt>
      <trkpt lat="48.05346" lon="-123.78924">
        <ele>227.23</ele>
        <time>2021-08-28T18:41:58Z</time>
      </trkpt>
      <trkpt lat="48.05343" lon="-123.78922">
        <ele>226.95</ele>
        <time>2021-08-28T18:42:01Z</time>
      </trkpt>
      <trkpt lat="48.05341" lon="-123.78919">
        <ele>227.15</ele>
        <time>2021-08-28T18:42:04Z</time>
      </trkpt>
      <trkpt lat="48.05337" lon="-123.78921">
        <ele>225.86</ele>
        <time>2021-08-28T18:42:08Z</time>
      </trkpt>
      <trkpt lat="48.0534" lon="-123.78923">
        <ele>226.07</ele>
        <time>2021-08-28T18:42:19Z</time>
      </trkpt>
      <trkpt lat="48.05342" lon="-123.78921">
        <ele>226.94</ele>
        <time>2021-08-28T18:42:26Z</time>
      </trkpt>
      <trkpt lat="48.05345" lon="-123.78922">
        <ele>227.48</ele>
        <time>2021-08-28T18:42:31Z</time>
      </trkpt>
      <trkpt lat="48.05349" lon="-123.78923">
        <ele>228.23</ele>
        <time>2021-08-28T18:42:35Z</time>
      </trkpt>
      <trkpt lat="48.05353" lon="-123.78923">
        <ele>229.32</ele>
        <time>2021-08-28T18:42:38Z</time>
      </trkpt>
      <trkpt lat="48.05356" lon="-123.78922">
        <ele>230.62</ele>
        <time>2021-08-28T18:42:40Z</time>
      </trkpt>
      <trkpt lat="48.05359" lon="-123.78921">
        <ele>231.91</ele>
        <time>2021-08-28T18:42:42Z</time>
      </trkpt>
      <trkpt lat="48.05362" lon="-123.78921">
        <ele>232.98</ele>
        <time>2021-08-28T18:42:44Z</time>
      </trkpt>
      <trkpt lat="48.05365" lon="-123.78922">
        <ele>233.95</ele>
        <time>2021-08-28T18:42:47Z</time>
      </trkpt>
      <trkpt lat="48.05368" lon="-123.78922">
        <ele>235.25</ele>
        <time>2021-08-28T18:42:50Z</time>
      </trkpt>
      <trkpt lat="48.05367" lon="-123.78917">
        <ele>236.44</ele>
        <time>2021-08-28T18:43:01Z</time>
      </trkpt>
      <trkpt lat="48.05366" lon="-123.78911">
        <ele>238.56</ele>
        <time>2021-08-28T18:43:04Z</time>
      </trkpt>
      <trkpt lat="48.05364" lon="-123.78908">
        <ele>238.99</ele>
        <time>2021-08-28T18:43:08Z</time>
      </trkpt>
      <trkpt lat="48.05361" lon="-123.78907">
        <ele>238.13</ele>
        <time>2021-08-28T18:43:12Z</time>
      </trkpt>
      <trkpt lat="48.05358" lon="-123.78905">
        <ele>237.7</ele>
        <time>2021-08-28T18:43:15Z</time>
      </trkpt>
      <trkpt lat="48.05357" lon="-123.789">
        <ele>239.42</ele>
        <time>2021-08-28T18:43:18Z</time>
      </trkpt>
      <trkpt lat="48.05357" lon="-123.78895">
        <ele>241.58</ele>
        <time>2021-08-28T18:43:21Z</time>
      </trkpt>
      <trkpt lat="48.05355" lon="-123.7889">
        <ele>242.88</ele>
        <time>2021-08-28T18:43:24Z</time>
      </trkpt>
      <trkpt lat="48.05354" lon="-123.78886">
        <ele>244.25</ele>
        <time>2021-08-28T18:43:26Z</time>
      </trkpt>
      <trkpt lat="48.05353" lon="-123.78882">
        <ele>245.56</ele>
        <time>2021-08-28T18:43:28Z</time>
      </trkpt>
      <trkpt lat="48.05351" lon="-123.78879">
        <ele>246.06</ele>
        <time>2021-08-28T18:43:31Z</time>
      </trkpt>
      <trkpt lat="48.05355" lon="-123.7888">
        <ele>247.53</ele>
        <time>2021-08-28T18:43:37Z</time>
      </trkpt>
      <trkpt lat="48.05358" lon="-123.7888">
        <ele>249.13</ele>
        <time>2021-08-28T18:43:40Z</time>
      </trkpt>
      <trkpt lat="48.05361" lon="-123.7888">
        <ele>250.74</ele>
        <time>2021-08-28T18:43:43Z</time>
      </trkpt>
      <trkpt lat="48.05364" lon="-123.78882">
        <ele>251.51</ele>
        <time>2021-08-28T18:43:47Z</time>
      </trkpt>
      <trkpt lat="48.05367" lon="-123.78886">
        <ele>250.94</ele>
        <time>2021-08-28T18:43:50Z</time>
      </trkpt>
      <trkpt lat="48.05369" lon="-123.78891">
        <ele>249.15</ele>
        <time>2021-08-28T18:43:53Z</time>
      </trkpt>
      <trkpt lat="48.0537" lon="-123.78895">
        <ele>247.53</ele>
        <time>2021-08-28T18:43:55Z</time>
      </trkpt>
      <trkpt lat="48.05372" lon="-123.78898">
        <ele>246.96</ele>
        <time>2021-08-28T18:43:58Z</time>
      </trkpt>
      <trkpt lat="48.05375" lon="-123.78899">
        <ele>248.09</ele>
        <time>2021-08-28T18:44:01Z</time>
      </trkpt>
      <trkpt lat="48.05377" lon="-123.789">
        <ele>248.64</ele>
        <time>2021-08-28T18:44:04Z</time>
      </trkpt>
      <trkpt lat="48.05381" lon="-123.78902">
        <ele>249.75</ele>
        <time>2021-08-28T18:44:07Z</time>
      </trkpt>
      <trkpt lat="48.05384" lon="-123.78905">
        <ele>249.78</ele>
        <time>2021-08-28T18:44:10Z</time>
      </trkpt>
      <trkpt lat="48.05386" lon="-123.78908">
        <ele>249.14</ele>
        <time>2021-08-28T18:44:13Z</time>
      </trkpt>
      <trkpt lat="48.05388" lon="-123.78907">
        <ele>250.78</ele>
        <time>2021-08-28T18:44:18Z</time>
      </trkpt>
      <trkpt lat="48.05388" lon="-123.78903">
        <ele>253.33</ele>
        <time>2021-08-28T18:44:22Z</time>
      </trkpt>
      <trkpt lat="48.05387" lon="-123.78899">
        <ele>255.24</ele>
        <time>2021-08-28T18:44:26Z</time>
      </trkpt>
      <trkpt lat="48.05388" lon="-123.78895">
        <ele>258.16</ele>
        <time>2021-08-28T18:44:30Z</time>
      </trkpt>
      <trkpt lat="48.05389" lon="-123.7889">
        <ele>261.47</ele>
        <time>2021-08-28T18:44:33Z</time>
      </trkpt>
      <trkpt lat="48.0539" lon="-123.78886">
        <ele>263.97</ele>
        <time>2021-08-28T18:44:35Z</time>
      </trkpt>
      <trkpt lat="48.05391" lon="-123.78882">
        <ele>266.34</ele>
        <time>2021-08-28T18:44:38Z</time>
      </trkpt>
      <trkpt lat="48.05391" lon="-123.78878">
        <ele>268.07</ele>
        <time>2021-08-28T18:44:44Z</time>
      </trkpt>
      <trkpt lat="48.05389" lon="-123.7888">
        <ele>265.91</ele>
        <time>2021-08-28T18:44:50Z</time>
      </trkpt>
      <trkpt lat="48.05387" lon="-123.78884">
        <ele>263.09</ele>
        <time>2021-08-28T18:44:55Z</time>
      </trkpt>
      <trkpt lat="48.05384" lon="-123.78886">
        <ele>260.61</ele>
        <time>2021-08-28T18:45:01Z</time>
      </trkpt>
      <trkpt lat="48.05383" lon="-123.78882">
        <ele>261.8</ele>
        <time>2021-08-28T18:45:31Z</time>
      </trkpt>
      <trkpt lat="48.05382" lon="-123.78876">
        <ele>263.85</ele>
        <time>2021-08-28T18:45:35Z</time>
      </trkpt>
      <trkpt lat="48.0538" lon="-123.78873">
        <ele>264.06</ele>
        <time>2021-08-28T18:45:39Z</time>
      </trkpt>
      <trkpt lat="48.05379" lon="-123.78869">
        <ele>265.17</ele>
        <time>2021-08-28T18:45:42Z</time>
      </trkpt>
      <trkpt lat="48.05377" lon="-123.78864">
        <ele>265.93</ele>
        <time>2021-08-28T18:45:45Z</time>
      </trkpt>
      <trkpt lat="48.05375" lon="-123.7886">
        <ele>266.24</ele>
        <time>2021-08-28T18:45:48Z</time>
      </trkpt>
      <trkpt lat="48.05375" lon="-123.78855">
        <ele>267.32</ele>
        <time>2021-08-28T18:45:52Z</time>
      </trkpt>
      <trkpt lat="48.05373" lon="-123.78852">
        <ele>267.1</ele>
        <time>2021-08-28T18:45:56Z</time>
      </trkpt>
      <trkpt lat="48.05371" lon="-123.78847">
        <ele>267.32</ele>
        <time>2021-08-28T18:46:00Z</time>
      </trkpt>
      <trkpt lat="48.05371" lon="-123.78842">
        <ele>268.4</ele>
        <time>2021-08-28T18:46:06Z</time>
      </trkpt>
      <trkpt lat="48.0537" lon="-123.78838">
        <ele>268.87</ele>
        <time>2021-08-28T18:46:09Z</time>
      </trkpt>
      <trkpt lat="48.05369" lon="-123.78833">
        <ele>269.66</ele>
        <time>2021-08-28T18:46:13Z</time>
      </trkpt>
      <trkpt lat="48.05368" lon="-123.78828">
        <ele>270.81</ele>
        <time>2021-08-28T18:46:16Z</time>
      </trkpt>
      <trkpt lat="48.05367" lon="-123.78824">
        <ele>271.57</ele>
        <time>2021-08-28T18:46:19Z</time>
      </trkpt>
      <trkpt lat="48.05364" lon="-123.78821">
        <ele>271.35</ele>
        <time>2021-08-28T18:46:21Z</time>
      </trkpt>
      <trkpt lat="48.05362" lon="-123.78819">
        <ele>271.08</ele>
        <time>2021-08-28T18:46:23Z</time>
      </trkpt>
      <trkpt lat="48.05358" lon="-123.78817">
        <ele>270.36</ele>
        <time>2021-08-28T18:46:26Z</time>
      </trkpt>
      <trkpt lat="48.05357" lon="-123.78812">
        <ele>271.61</ele>
        <time>2021-08-28T18:46:32Z</time>
      </trkpt>
      <trkpt lat="48.05356" lon="-123.78809">
        <ele>272.16</ele>
        <time>2021-08-28T18:46:37Z</time>
      </trkpt>
      <trkpt lat="48.05354" lon="-123.78807">
        <ele>271.78</ele>
        <time>2021-08-28T18:46:40Z</time>
      </trkpt>
      <trkpt lat="48.0535" lon="-123.78803">
        <ele>271.45</ele>
        <time>2021-08-28T18:46:44Z</time>
      </trkpt>
      <trkpt lat="48.05348" lon="-123.788">
        <ele>271.9</ele>
        <time>2021-08-28T18:46:47Z</time>
      </trkpt>
      <trkpt lat="48.05345" lon="-123.78798">
        <ele>271.44</ele>
        <time>2021-08-28T18:46:51Z</time>
      </trkpt>
      <trkpt lat="48.05343" lon="-123.78797">
        <ele>270.94</ele>
        <time>2021-08-28T18:46:55Z</time>
      </trkpt>
      <trkpt lat="48.05346" lon="-123.78797">
        <ele>272.22</ele>
        <time>2021-08-28T18:47:00Z</time>
      </trkpt>
      <trkpt lat="48.05348" lon="-123.78798">
        <ele>272.68</ele>
        <time>2021-08-28T18:47:03Z</time>
      </trkpt>
      <trkpt lat="48.05351" lon="-123.78799">
        <ele>273.49</ele>
        <time>2021-08-28T18:47:08Z</time>
      </trkpt>
      <trkpt lat="48.05354" lon="-123.788">
        <ele>274.56</ele>
        <time>2021-08-28T18:47:13Z</time>
      </trkpt>
      <trkpt lat="48.05357" lon="-123.78802">
        <ele>275.32</ele>
        <time>2021-08-28T18:47:17Z</time>
      </trkpt>
      <trkpt lat="48.0536" lon="-123.78805">
        <ele>275.64</ele>
        <time>2021-08-28T18:47:23Z</time>
      </trkpt>
      <trkpt lat="48.05363" lon="-123.78807">
        <ele>276.57</ele>
        <time>2021-08-28T18:47:28Z</time>
      </trkpt>
      <trkpt lat="48.05366" lon="-123.78808">
        <ele>277.97</ele>
        <time>2021-08-28T18:47:32Z</time>
      </trkpt>
      <trkpt lat="48.05369" lon="-123.7881">
        <ele>278.78</ele>
        <time>2021-08-28T18:47:36Z</time>
      </trkpt>
      <trkpt lat="48.05371" lon="-123.78813">
        <ele>278.46</ele>
        <time>2021-08-28T18:47:43Z</time>
      </trkpt>
      <trkpt lat="48.05373" lon="-123.78817">
        <ele>277.98</ele>
        <time>2021-08-28T18:47:48Z</time>
      </trkpt>
      <trkpt lat="48.05376" lon="-123.78819">
        <ele>279.17</ele>
        <time>2021-08-28T18:47:52Z</time>
      </trkpt>
      <trkpt lat="48.05378" lon="-123.78823">
        <ele>278.5</ele>
        <time>2021-08-28T18:47:55Z</time>
      </trkpt>
      <trkpt lat="48.05381" lon="-123.78826">
        <ele>279.35</ele>
        <time>2021-08-28T18:48:00Z</time>
      </trkpt>
      <trkpt lat="48.05384" lon="-123.78827">
        <ele>281.51</ele>
        <time>2021-08-28T18:48:03Z</time>
      </trkpt>
      <trkpt lat="48.05386" lon="-123.78829">
        <ele>282.38</ele>
        <time>2021-08-28T18:48:07Z</time>
      </trkpt>
      <trkpt lat="48.0539" lon="-123.78829">
        <ele>285.71</ele>
        <time>2021-08-28T18:48:11Z</time>
      </trkpt>
      <trkpt lat="48.05391" lon="-123.78825">
        <ele>288.2</ele>
        <time>2021-08-28T18:48:15Z</time>
      </trkpt>
      <trkpt lat="48.0539" lon="-123.78821">
        <ele>289.17</ele>
        <time>2021-08-28T18:48:18Z</time>
      </trkpt>
      <trkpt lat="48.05388" lon="-123.78817">
        <ele>289.36</ele>
        <time>2021-08-28T18:48:21Z</time>
      </trkpt>
      <trkpt lat="48.05388" lon="-123.78812">
        <ele>291.57</ele>
        <time>2021-08-28T18:48:25Z</time>
      </trkpt>
      <trkpt lat="48.05386" lon="-123.78807">
        <ele>292.46</ele>
        <time>2021-08-28T18:48:30Z</time>
      </trkpt>
      <trkpt lat="48.05384" lon="-123.78804">
        <ele>292.42</ele>
        <time>2021-08-28T18:48:34Z</time>
      </trkpt>
      <trkpt lat="48.0538" lon="-123.78803">
        <ele>290.33</ele>
        <time>2021-08-28T18:49:01Z</time>
      </trkpt>
      <trkpt lat="48.05378" lon="-123.78801">
        <ele>289.82</ele>
        <time>2021-08-28T18:49:05Z</time>
      </trkpt>
      <trkpt lat="48.05378" lon="-123.78795">
        <ele>292.53</ele>
        <time>2021-08-28T18:49:12Z</time>
      </trkpt>
      <trkpt lat="48.05376" lon="-123.78792">
        <ele>292.69</ele>
        <time>2021-08-28T18:49:16Z</time>
      </trkpt>
      <trkpt lat="48.05374" lon="-123.78788">
        <ele>293.48</ele>
        <time>2021-08-28T18:49:19Z</time>
      </trkpt>
      <trkpt lat="48.05372" lon="-123.78785">
        <ele>293.72</ele>
        <time>2021-08-28T18:49:22Z</time>
      </trkpt>
      <trkpt lat="48.0537" lon="-123.78781">
        <ele>294.39</ele>
        <time>2021-08-28T18:49:25Z</time>
      </trkpt>
      <trkpt lat="48.05367" lon="-123.78779">
        <ele>293.6</ele>
        <time>2021-08-28T18:49:29Z</time>
      </trkpt>
      <trkpt lat="48.05364" lon="-123.78776">
        <ele>293.27</ele>
        <time>2021-08-28T18:49:32Z</time>
      </trkpt>
      <trkpt lat="48.05362" lon="-123.78774">
        <ele>293.07</ele>
        <time>2021-08-28T18:49:34Z</time>
      </trkpt>
      <trkpt lat="48.05361" lon="-123.7877">
        <ele>294.3</ele>
        <time>2021-08-28T18:49:54Z</time>
      </trkpt>
      <trkpt lat="48.05359" lon="-123.78767">
        <ele>294.64</ele>
        <time>2021-08-28T18:49:57Z</time>
      </trkpt>
      <trkpt lat="48.05356" lon="-123.78765">
        <ele>293.93</ele>
        <time>2021-08-28T18:50:00Z</time>
      </trkpt>
      <trkpt lat="48.05354" lon="-123.78761">
        <ele>294.6</ele>
        <time>2021-08-28T18:50:04Z</time>
      </trkpt>
      <trkpt lat="48.05352" lon="-123.78757">
        <ele>295.56</ele>
        <time>2021-08-28T18:50:07Z</time>
      </trkpt>
      <trkpt lat="48.05351" lon="-123.78753">
        <ele>297.53</ele>
        <time>2021-08-28T18:50:11Z</time>
      </trkpt>
      <trkpt lat="48.0535" lon="-123.78747">
        <ele>300.68</ele>
        <time>2021-08-28T18:50:15Z</time>
      </trkpt>
      <trkpt lat="48.05349" lon="-123.78743">
        <ele>302.46</ele>
        <time>2021-08-28T18:50:18Z</time>
      </trkpt>
      <trkpt lat="48.05349" lon="-123.78739">
        <ele>304.97</ele>
        <time>2021-08-28T18:50:23Z</time>
      </trkpt>
      <trkpt lat="48.05348" lon="-123.78735">
        <ele>306.81</ele>
        <time>2021-08-28T18:50:27Z</time>
      </trkpt>
      <trkpt lat="48.05346" lon="-123.78731">
        <ele>307.86</ele>
        <time>2021-08-28T18:50:31Z</time>
      </trkpt>
      <trkpt lat="48.05345" lon="-123.78727">
        <ele>309.37</ele>
        <time>2021-08-28T18:50:35Z</time>
      </trkpt>
      <trkpt lat="48.05343" lon="-123.78723">
        <ele>309.93</ele>
        <time>2021-08-28T18:50:39Z</time>
      </trkpt>
      <trkpt lat="48.05342" lon="-123.78719">
        <ele>311.21</ele>
        <time>2021-08-28T18:50:42Z</time>
      </trkpt>
      <trkpt lat="48.0534" lon="-123.78715">
        <ele>311.44</ele>
        <time>2021-08-28T18:50:45Z</time>
      </trkpt>
      <trkpt lat="48.05339" lon="-123.7871">
        <ele>312.79</ele>
        <time>2021-08-28T18:50:48Z</time>
      </trkpt>
      <trkpt lat="48.05339" lon="-123.78706">
        <ele>314.52</ele>
        <time>2021-08-28T18:50:52Z</time>
      </trkpt>
      <trkpt lat="48.05338" lon="-123.78702">
        <ele>315.46</ele>
        <time>2021-08-28T18:50:55Z</time>
      </trkpt>
      <trkpt lat="48.05337" lon="-123.78697">
        <ele>317.18</ele>
        <time>2021-08-28T18:50:59Z</time>
      </trkpt>
      <trkpt lat="48.05338" lon="-123.78692">
        <ele>320.99</ele>
        <time>2021-08-28T18:51:04Z</time>
      </trkpt>
      <trkpt lat="48.05338" lon="-123.78688">
        <ele>323.37</ele>
        <time>2021-08-28T18:51:08Z</time>
      </trkpt>
      <trkpt lat="48.05338" lon="-123.78684">
        <ele>325.74</ele>
        <time>2021-08-28T18:51:11Z</time>
      </trkpt>
      <trkpt lat="48.05338" lon="-123.78679">
        <ele>328.71</ele>
        <time>2021-08-28T18:51:15Z</time>
      </trkpt>
      <trkpt lat="48.05338" lon="-123.78675">
        <ele>331.04</ele>
        <time>2021-08-28T18:51:21Z</time>
      </trkpt>
      <trkpt lat="48.05337" lon="-123.78671">
        <ele>332.33</ele>
        <time>2021-08-28T18:51:28Z</time>
      </trkpt>
      <trkpt lat="48.05336" lon="-123.78666">
        <ele>334.36</ele>
        <time>2021-08-28T18:51:32Z</time>
      </trkpt>
      <trkpt lat="48.05335" lon="-123.78663">
        <ele>335.17</ele>
        <time>2021-08-28T18:51:36Z</time>
      </trkpt>
      <trkpt lat="48.05334" lon="-123.78659">
        <ele>336.58</ele>
        <time>2021-08-28T18:51:42Z</time>
      </trkpt>
      <trkpt lat="48.05331" lon="-123.78656">
        <ele>335.42</ele>
        <time>2021-08-28T18:51:46Z</time>
      </trkpt>
      <trkpt lat="48.05331" lon="-123.78652">
        <ele>337.36</ele>
        <time>2021-08-28T18:51:50Z</time>
      </trkpt>
      <trkpt lat="48.05333" lon="-123.78649">
        <ele>340.37</ele>
        <time>2021-08-28T18:51:54Z</time>
      </trkpt>
      <trkpt lat="48.05336" lon="-123.78649">
        <ele>342.1</ele>
        <time>2021-08-28T18:51:59Z</time>
      </trkpt>
      <trkpt lat="48.05339" lon="-123.78646">
        <ele>344.76</ele>
        <time>2021-08-28T18:52:04Z</time>
      </trkpt>
      <trkpt lat="48.05341" lon="-123.78643">
        <ele>346.81</ele>
        <time>2021-08-28T18:52:07Z</time>
      </trkpt>
      <trkpt lat="48.05344" lon="-123.7864">
        <ele>349.4</ele>
        <time>2021-08-28T18:52:10Z</time>
      </trkpt>
      <trkpt lat="48.05346" lon="-123.78637">
        <ele>351.45</ele>
        <time>2021-08-28T18:52:13Z</time>
      </trkpt>
      <trkpt lat="48.05346" lon="-123.78641">
        <ele>350.16</ele>
        <time>2021-08-28T18:52:21Z</time>
      </trkpt>
      <trkpt lat="48.05349" lon="-123.78637">
        <ele>353.07</ele>
        <time>2021-08-28T18:52:42Z</time>
      </trkpt>
      <trkpt lat="48.05351" lon="-123.78636">
        <ele>354.48</ele>
        <time>2021-08-28T18:52:45Z</time>
      </trkpt>
      <trkpt lat="48.05348" lon="-123.78637">
        <ele>352.53</ele>
        <time>2021-08-28T18:52:57Z</time>
      </trkpt>
      <trkpt lat="48.0535" lon="-123.78641">
        <ele>352.32</ele>
        <time>2021-08-28T18:53:03Z</time>
      </trkpt>
      <trkpt lat="48.05352" lon="-123.78644">
        <ele>352.41</ele>
        <time>2021-08-28T18:53:06Z</time>
      </trkpt>
      <trkpt lat="48.05355" lon="-123.78648">
        <ele>352.41</ele>
        <time>2021-08-28T18:53:09Z</time>
      </trkpt>
      <trkpt lat="48.05353" lon="-123.78643">
        <ele>353.16</ele>
        <time>2021-08-28T18:53:32Z</time>
      </trkpt>
      <trkpt lat="48.05353" lon="-123.78639">
        <ele>354.46</ele>
        <time>2021-08-28T18:53:36Z</time>
      </trkpt>
      <trkpt lat="48.05353" lon="-123.78643">
        <ele>353.16</ele>
        <time>2021-08-28T18:53:45Z</time>
      </trkpt>
      <trkpt lat="48.05354" lon="-123.78638">
        <ele>355.22</ele>
        <time>2021-08-28T18:54:20Z</time>
      </trkpt>
      <trkpt lat="48.05354" lon="-123.78633">
        <ele>356.84</ele>
        <time>2021-08-28T18:54:24Z</time>
      </trkpt>
      <trkpt lat="48.05356" lon="-123.7863">
        <ele>358.67</ele>
        <time>2021-08-28T18:54:31Z</time>
      </trkpt>
      <trkpt lat="48.05358" lon="-123.78626">
        <ele>360.83</ele>
        <time>2021-08-28T18:54:34Z</time>
      </trkpt>
      <trkpt lat="48.0536" lon="-123.78622">
        <ele>362.99</ele>
        <time>2021-08-28T18:54:38Z</time>
      </trkpt>
      <trkpt lat="48.05363" lon="-123.78618">
        <ele>365.38</ele>
        <time>2021-08-28T18:54:41Z</time>
      </trkpt>
      <trkpt lat="48.05365" lon="-123.78614">
        <ele>367.32</ele>
        <time>2021-08-28T18:54:43Z</time>
      </trkpt>
      <trkpt lat="48.05367" lon="-123.7861">
        <ele>369.19</ele>
        <time>2021-08-28T18:54:45Z</time>
      </trkpt>
      <trkpt lat="48.05369" lon="-123.78609">
        <ele>370.05</ele>
        <time>2021-08-28T18:54:48Z</time>
      </trkpt>
      <trkpt lat="48.05372" lon="-123.78608">
        <ele>371.08</ele>
        <time>2021-08-28T18:54:51Z</time>
      </trkpt>
      <trkpt lat="48.05374" lon="-123.78604">
        <ele>372.62</ele>
        <time>2021-08-28T18:54:57Z</time>
      </trkpt>
      <trkpt lat="48.05377" lon="-123.78604">
        <ele>373.52</ele>
        <time>2021-08-28T18:55:01Z</time>
      </trkpt>
      <trkpt lat="48.05381" lon="-123.78606">
        <ele>373.95</ele>
        <time>2021-08-28T18:55:04Z</time>
      </trkpt>
      <trkpt lat="48.05383" lon="-123.78608">
        <ele>373.74</ele>
        <time>2021-08-28T18:55:07Z</time>
      </trkpt>
      <trkpt lat="48.05387" lon="-123.78609">
        <ele>374.28</ele>
        <time>2021-08-28T18:55:11Z</time>
      </trkpt>
      <trkpt lat="48.0539" lon="-123.7861">
        <ele>374.72</ele>
        <time>2021-08-28T18:55:14Z</time>
      </trkpt>
      <trkpt lat="48.05393" lon="-123.7861">
        <ele>375.69</ele>
        <time>2021-08-28T18:55:17Z</time>
      </trkpt>
      <trkpt lat="48.05396" lon="-123.78609">
        <ele>376.99</ele>
        <time>2021-08-28T18:55:21Z</time>
      </trkpt>
      <trkpt lat="48.05399" lon="-123.78605">
        <ele>379.26</ele>
        <time>2021-08-28T18:55:24Z</time>
      </trkpt>
      <trkpt lat="48.054" lon="-123.78602">
        <ele>380.55</ele>
        <time>2021-08-28T18:55:27Z</time>
      </trkpt>
      <trkpt lat="48.05403" lon="-123.78598">
        <ele>382.38</ele>
        <time>2021-08-28T18:55:31Z</time>
      </trkpt>
      <trkpt lat="48.05406" lon="-123.78595">
        <ele>383.51</ele>
        <time>2021-08-28T18:55:34Z</time>
      </trkpt>
      <trkpt lat="48.05409" lon="-123.78593">
        <ele>384.13</ele>
        <time>2021-08-28T18:55:37Z</time>
      </trkpt>
      <trkpt lat="48.05411" lon="-123.7859">
        <ele>384.95</ele>
        <time>2021-08-28T18:55:44Z</time>
      </trkpt>
      <trkpt lat="48.05414" lon="-123.78587">
        <ele>385.92</ele>
        <time>2021-08-28T18:55:47Z</time>
      </trkpt>
      <trkpt lat="48.05417" lon="-123.78585">
        <ele>386.68</ele>
        <time>2021-08-28T18:55:49Z</time>
      </trkpt>
      <trkpt lat="48.05419" lon="-123.78583">
        <ele>387.31</ele>
        <time>2021-08-28T18:55:51Z</time>
      </trkpt>
      <trkpt lat="48.05422" lon="-123.7858">
        <ele>388.09</ele>
        <time>2021-08-28T18:55:54Z</time>
      </trkpt>
      <trkpt lat="48.05424" lon="-123.78577">
        <ele>388.62</ele>
        <time>2021-08-28T18:55:57Z</time>
      </trkpt>
      <trkpt lat="48.05426" lon="-123.78574">
        <ele>389.02</ele>
        <time>2021-08-28T18:56:01Z</time>
      </trkpt>
      <trkpt lat="48.05429" lon="-123.78571">
        <ele>389.66</ele>
        <time>2021-08-28T18:56:05Z</time>
      </trkpt>
      <trkpt lat="48.05431" lon="-123.78567">
        <ele>390.53</ele>
        <time>2021-08-28T18:56:08Z</time>
      </trkpt>
      <trkpt lat="48.05432" lon="-123.78564">
        <ele>391.12</ele>
        <time>2021-08-28T18:56:11Z</time>
      </trkpt>
      <trkpt lat="48.05434" lon="-123.7856">
        <ele>391.59</ele>
        <time>2021-08-28T18:56:14Z</time>
      </trkpt>
      <trkpt lat="48.05437" lon="-123.78558">
        <ele>391.54</ele>
        <time>2021-08-28T18:56:17Z</time>
      </trkpt>
      <trkpt lat="48.05441" lon="-123.78556">
        <ele>391.32</ele>
        <time>2021-08-28T18:56:20Z</time>
      </trkpt>
      <trkpt lat="48.05444" lon="-123.78555">
        <ele>391.17</ele>
        <time>2021-08-28T18:56:24Z</time>
      </trkpt>
      <trkpt lat="48.05449" lon="-123.78553">
        <ele>391.42</ele>
        <time>2021-08-28T18:56:27Z</time>
      </trkpt>
      <trkpt lat="48.05452" lon="-123.78552">
        <ele>391.45</ele>
        <time>2021-08-28T18:56:29Z</time>
      </trkpt>
      <trkpt lat="48.05456" lon="-123.78554">
        <ele>390.92</ele>
        <time>2021-08-28T18:56:32Z</time>
      </trkpt>
      <trkpt lat="48.05458" lon="-123.78557">
        <ele>390.22</ele>
        <time>2021-08-28T18:56:35Z</time>
      </trkpt>
      <trkpt lat="48.05459" lon="-123.78562">
        <ele>389.04</ele>
        <time>2021-08-28T18:56:38Z</time>
      </trkpt>
      <trkpt lat="48.05459" lon="-123.78567">
        <ele>387.96</ele>
        <time>2021-08-28T18:56:41Z</time>
      </trkpt>
      <trkpt lat="48.05459" lon="-123.78572">
        <ele>386.88</ele>
        <time>2021-08-28T18:56:44Z</time>
      </trkpt>
      <trkpt lat="48.05459" lon="-123.78576">
        <ele>386.1</ele>
        <time>2021-08-28T18:56:46Z</time>
      </trkpt>
      <trkpt lat="48.0546" lon="-123.7858">
        <ele>385.24</ele>
        <time>2021-08-28T18:56:50Z</time>
      </trkpt>
      <trkpt lat="48.05463" lon="-123.78581">
        <ele>384.49</ele>
        <time>2021-08-28T18:56:56Z</time>
      </trkpt>
      <trkpt lat="48.05466" lon="-123.7858">
        <ele>383.85</ele>
        <time>2021-08-28T18:56:59Z</time>
      </trkpt>
      <trkpt lat="48.05469" lon="-123.78579">
        <ele>383.29</ele>
        <time>2021-08-28T18:57:02Z</time>
      </trkpt>
      <trkpt lat="48.05472" lon="-123.78577">
        <ele>383.11</ele>
        <time>2021-08-28T18:57:05Z</time>
      </trkpt>
      <trkpt lat="48.05475" lon="-123.78573">
        <ele>383.75</ele>
        <time>2021-08-28T18:57:08Z</time>
      </trkpt>
      <trkpt lat="48.05478" lon="-123.78572">
        <ele>383.42</ele>
        <time>2021-08-28T18:57:10Z</time>
      </trkpt>
      <trkpt lat="48.05481" lon="-123.78571">
        <ele>383.1</ele>
        <time>2021-08-28T18:57:14Z</time>
      </trkpt>
      <trkpt lat="48.05483" lon="-123.78569">
        <ele>382.93</ele>
        <time>2021-08-28T18:57:17Z</time>
      </trkpt>
      <trkpt lat="48.05486" lon="-123.78568">
        <ele>382.0</ele>
        <time>2021-08-28T18:57:22Z</time>
      </trkpt>
      <trkpt lat="48.0549" lon="-123.78568">
        <ele>380.26</ele>
        <time>2021-08-28T18:57:26Z</time>
      </trkpt>
      <trkpt lat="48.05493" lon="-123.78567">
        <ele>378.82</ele>
        <time>2021-08-28T18:57:33Z</time>
      </trkpt>
      <trkpt lat="48.05496" lon="-123.78566">
        <ele>377.18</ele>
        <time>2021-08-28T18:57:38Z</time>
      </trkpt>
      <trkpt lat="48.055" lon="-123.78565">
        <ele>374.86</ele>
        <time>2021-08-28T18:57:42Z</time>
      </trkpt>
      <trkpt lat="48.05503" lon="-123.78565">
        <ele>371.96</ele>
        <time>2021-08-28T18:57:44Z</time>
      </trkpt>
      <trkpt lat="48.05506" lon="-123.78566">
        <ele>368.44</ele>
        <time>2021-08-28T18:57:47Z</time>
      </trkpt>
      <trkpt lat="48.05509" lon="-123.78567">
        <ele>365.06</ele>
        <time>2021-08-28T18:57:50Z</time>
      </trkpt>
      <trkpt lat="48.05512" lon="-123.78568">
        <ele>362.01</ele>
        <time>2021-08-28T18:57:54Z</time>
      </trkpt>
      <trkpt lat="48.05515" lon="-123.7857">
        <ele>358.59</ele>
        <time>2021-08-28T18:57:57Z</time>
      </trkpt>
      <trkpt lat="48.05518" lon="-123.78568">
        <ele>357.05</ele>
        <time>2021-08-28T18:58:01Z</time>
      </trkpt>
      <trkpt lat="48.05517" lon="-123.78563">
        <ele>360.16</ele>
        <time>2021-08-28T18:58:04Z</time>
      </trkpt>
      <trkpt lat="48.05515" lon="-123.78559">
        <ele>364.03</ele>
        <time>2021-08-28T18:58:07Z</time>
      </trkpt>
      <trkpt lat="48.05512" lon="-123.78556">
        <ele>368.78</ele>
        <time>2021-08-28T18:58:10Z</time>
      </trkpt>
      <trkpt lat="48.05509" lon="-123.78553">
        <ele>374.19</ele>
        <time>2021-08-28T18:58:12Z</time>
      </trkpt>
      <trkpt lat="48.05506" lon="-123.78549">
        <ele>379.73</ele>
        <time>2021-08-28T18:58:15Z</time>
      </trkpt>
      <trkpt lat="48.05503" lon="-123.78546">
        <ele>383.83</ele>
        <time>2021-08-28T18:58:18Z</time>
      </trkpt>
      <trkpt lat="48.055" lon="-123.78544">
        <ele>386.5</ele>
        <time>2021-08-28T18:58:21Z</time>
      </trkpt>
      <trkpt lat="48.05497" lon="-123.78539">
        <ele>388.22</ele>
        <time>2021-08-28T18:58:24Z</time>
      </trkpt>
      <trkpt lat="48.05495" lon="-123.78537">
        <ele>389.09</ele>
        <time>2021-08-28T18:58:28Z</time>
      </trkpt>
      <trkpt lat="48.05492" lon="-123.78536">
        <ele>390.06</ele>
        <time>2021-08-28T18:58:31Z</time>
      </trkpt>
      <trkpt lat="48.0549" lon="-123.78531">
        <ele>392.06</ele>
        <time>2021-08-28T18:58:34Z</time>
      </trkpt>
      <trkpt lat="48.05487" lon="-123.78527">
        <ele>393.66</ele>
        <time>2021-08-28T18:58:37Z</time>
      </trkpt>
      <trkpt lat="48.05485" lon="-123.78523">
        <ele>395.17</ele>
        <time>2021-08-28T18:58:40Z</time>
      </trkpt>
      <trkpt lat="48.05485" lon="-123.78519">
        <ele>396.46</ele>
        <time>2021-08-28T18:58:43Z</time>
      </trkpt>
      <trkpt lat="48.05486" lon="-123.78515">
        <ele>397.85</ele>
        <time>2021-08-28T18:58:46Z</time>
      </trkpt>
      <trkpt lat="48.05488" lon="-123.78512">
        <ele>398.62</ele>
        <time>2021-08-28T18:58:49Z</time>
      </trkpt>
      <trkpt lat="48.05488" lon="-123.78506">
        <ele>401.1</ele>
        <time>2021-08-28T18:58:54Z</time>
      </trkpt>
      <trkpt lat="48.05489" lon="-123.78502">
        <ele>402.66</ele>
        <time>2021-08-28T18:58:57Z</time>
      </trkpt>
      <trkpt lat="48.05489" lon="-123.78498">
        <ele>404.64</ele>
        <time>2021-08-28T18:59:00Z</time>
      </trkpt>
      <trkpt lat="48.05491" lon="-123.78494">
        <ele>406.12</ele>
        <time>2021-08-28T18:59:03Z</time>
      </trkpt>
      <trkpt lat="48.05492" lon="-123.7849">
        <ele>407.65</ele>
        <time>2021-08-28T18:59:06Z</time>
      </trkpt>
      <trkpt lat="48.05495" lon="-123.78486">
        <ele>407.98</ele>
        <time>2021-08-28T18:59:16Z</time>
      </trkpt>
      <trkpt lat="48.05495" lon="-123.78481">
        <ele>410.34</ele>
        <time>2021-08-28T18:59:20Z</time>
      </trkpt>
      <trkpt lat="48.05494" lon="-123.78486">
        <ele>408.47</ele>
        <time>2021-08-28T18:59:28Z</time>
      </trkpt>
      <trkpt lat="48.05493" lon="-123.78491">
        <ele>406.65</ele>
        <time>2021-08-28T18:59:31Z</time>
      </trkpt>
      <trkpt lat="48.05494" lon="-123.78495">
        <ele>404.26</ele>
        <time>2021-08-28T18:59:39Z</time>
      </trkpt>
      <trkpt lat="48.05492" lon="-123.78492">
        <ele>406.68</ele>
        <time>2021-08-28T18:59:49Z</time>
      </trkpt>
      <trkpt lat="48.05493" lon="-123.78488">
        <ele>408.04</ele>
        <time>2021-08-28T18:59:54Z</time>
      </trkpt>
      <trkpt lat="48.0549" lon="-123.78487">
        <ele>409.82</ele>
        <time>2021-08-28T19:00:05Z</time>
      </trkpt>
      <trkpt lat="48.05487" lon="-123.78486">
        <ele>411.05</ele>
        <time>2021-08-28T19:00:08Z</time>
      </trkpt>
      <trkpt lat="48.05484" lon="-123.78487">
        <ele>411.51</ele>
        <time>2021-08-28T19:00:12Z</time>
      </trkpt>
      <trkpt lat="48.05482" lon="-123.78483">
        <ele>413.39</ele>
        <time>2021-08-28T19:00:21Z</time>
      </trkpt>
      <trkpt lat="48.05483" lon="-123.78479">
        <ele>414.7</ele>
        <time>2021-08-28T19:00:26Z</time>
      </trkpt>
      <trkpt lat="48.05482" lon="-123.78475">
        <ele>416.65</ele>
        <time>2021-08-28T19:00:40Z</time>
      </trkpt>
      <trkpt lat="48.05483" lon="-123.78471">
        <ele>417.9</ele>
        <time>2021-08-28T19:00:43Z</time>
      </trkpt>
      <trkpt lat="48.05485" lon="-123.78468">
        <ele>418.23</ele>
        <time>2021-08-28T19:00:46Z</time>
      </trkpt>
      <trkpt lat="48.05488" lon="-123.78465">
        <ele>418.23</ele>
        <time>2021-08-28T19:00:50Z</time>
      </trkpt>
      <trkpt lat="48.05491" lon="-123.78463">
        <ele>417.93</ele>
        <time>2021-08-28T19:00:52Z</time>
      </trkpt>
      <trkpt lat="48.05492" lon="-123.78459">
        <ele>419.38</ele>
        <time>2021-08-28T19:00:58Z</time>
      </trkpt>
      <trkpt lat="48.05494" lon="-123.78456">
        <ele>420.04</ele>
        <time>2021-08-28T19:01:02Z</time>
      </trkpt>
      <trkpt lat="48.05491" lon="-123.78455">
        <ele>421.36</ele>
        <time>2021-08-28T19:01:10Z</time>
      </trkpt>
      <trkpt lat="48.05488" lon="-123.78456">
        <ele>421.67</ele>
        <time>2021-08-28T19:01:15Z</time>
      </trkpt>
      <trkpt lat="48.05488" lon="-123.78451">
        <ele>423.47</ele>
        <time>2021-08-28T19:01:24Z</time>
      </trkpt>
      <trkpt lat="48.05486" lon="-123.78447">
        <ele>425.2</ele>
        <time>2021-08-28T19:01:26Z</time>
      </trkpt>
      <trkpt lat="48.05485" lon="-123.78443">
        <ele>426.71</ele>
        <time>2021-08-28T19:01:29Z</time>
      </trkpt>
      <trkpt lat="48.05484" lon="-123.78438">
        <ele>428.54</ele>
        <time>2021-08-28T19:01:32Z</time>
      </trkpt>
      <trkpt lat="48.05481" lon="-123.78434">
        <ele>430.61</ele>
        <time>2021-08-28T19:01:35Z</time>
      </trkpt>
      <trkpt lat="48.05479" lon="-123.78433">
        <ele>431.42</ele>
        <time>2021-08-28T19:01:37Z</time>
      </trkpt>
      <trkpt lat="48.05476" lon="-123.7843">
        <ele>433.09</ele>
        <time>2021-08-28T19:01:40Z</time>
      </trkpt>
      <trkpt lat="48.05474" lon="-123.78426">
        <ele>434.78</ele>
        <time>2021-08-28T19:01:43Z</time>
      </trkpt>
      <trkpt lat="48.05471" lon="-123.78424">
        <ele>435.96</ele>
        <time>2021-08-28T19:01:45Z</time>
      </trkpt>
      <trkpt lat="48.05469" lon="-123.78424">
        <ele>436.18</ele>
        <time>2021-08-28T19:01:47Z</time>
      </trkpt>
      <trkpt lat="48.05465" lon="-123.78423">
        <ele>437.04</ele>
        <time>2021-08-28T19:01:50Z</time>
      </trkpt>
      <trkpt lat="48.05462" lon="-123.78422">
        <ele>437.8</ele>
        <time>2021-08-28T19:01:52Z</time>
      </trkpt>
      <trkpt lat="48.0546" lon="-123.78419">
        <ele>439.31</ele>
        <time>2021-08-28T19:01:55Z</time>
      </trkpt>
      <trkpt lat="48.0546" lon="-123.78414">
        <ele>442.14</ele>
        <time>2021-08-28T19:02:00Z</time>
      </trkpt>
      <trkpt lat="48.05459" lon="-123.78411">
        <ele>444.36</ele>
        <time>2021-08-28T19:02:05Z</time>
      </trkpt>
      <trkpt lat="48.05456" lon="-123.78414">
        <ele>442.7</ele>
        <time>2021-08-28T19:02:12Z</time>
      </trkpt>
      <trkpt lat="48.05453" lon="-123.78415">
        <ele>442.32</ele>
        <time>2021-08-28T19:02:15Z</time>
      </trkpt>
      <trkpt lat="48.0545" lon="-123.7842">
        <ele>439.96</ele>
        <time>2021-08-28T19:02:18Z</time>
      </trkpt>
      <trkpt lat="48.05448" lon="-123.78424">
        <ele>438.45</ele>
        <time>2021-08-28T19:02:20Z</time>
      </trkpt>
      <trkpt lat="48.05447" lon="-123.78428">
        <ele>437.05</ele>
        <time>2021-08-28T19:02:22Z</time>
      </trkpt>
      <trkpt lat="48.05445" lon="-123.78432">
        <ele>435.97</ele>
        <time>2021-08-28T19:02:25Z</time>
      </trkpt>
      <trkpt lat="48.05443" lon="-123.78435">
        <ele>435.22</ele>
        <time>2021-08-28T19:02:27Z</time>
      </trkpt>
      <trkpt lat="48.0544" lon="-123.78437">
        <ele>434.7</ele>
        <time>2021-08-28T19:02:30Z</time>
      </trkpt>
      <trkpt lat="48.05437" lon="-123.78439">
        <ele>434.16</ele>
        <time>2021-08-28T19:02:36Z</time>
      </trkpt>
      <trkpt lat="48.05434" lon="-123.78439">
        <ele>434.4</ele>
        <time>2021-08-28T19:02:42Z</time>
      </trkpt>
      <trkpt lat="48.05431" lon="-123.78439">
        <ele>434.54</ele>
        <time>2021-08-28T19:02:48Z</time>
      </trkpt>
      <trkpt lat="48.05429" lon="-123.7844">
        <ele>434.27</ele>
        <time>2021-08-28T19:02:51Z</time>
      </trkpt>
      <trkpt lat="48.05425" lon="-123.78441">
        <ele>434.12</ele>
        <time>2021-08-28T19:02:55Z</time>
      </trkpt>
      <trkpt lat="48.05422" lon="-123.78441">
        <ele>434.12</ele>
        <time>2021-08-28T19:03:00Z</time>
      </trkpt>
      <trkpt lat="48.05419" lon="-123.78441">
        <ele>434.12</ele>
        <time>2021-08-28T19:03:04Z</time>
      </trkpt>
      <trkpt lat="48.05415" lon="-123.78441">
        <ele>433.94</ele>
        <time>2021-08-28T19:03:07Z</time>
      </trkpt>
      <trkpt lat="48.05412" lon="-123.78441">
        <ele>433.61</ele>
        <time>2021-08-28T19:03:11Z</time>
      </trkpt>
      <trkpt lat="48.05414" lon="-123.78444">
        <ele>432.86</ele>
        <time>2021-08-28T19:03:18Z</time>
      </trkpt>
      <trkpt lat="48.05417" lon="-123.78446">
        <ele>432.5</ele>
        <time>2021-08-28T19:03:22Z</time>
      </trkpt>
      <trkpt lat="48.05419" lon="-123.78445">
        <ele>432.82</ele>
        <time>2021-08-28T19:03:31Z</time>
      </trkpt>
      <trkpt lat="48.05417" lon="-123.78443">
        <ele>433.47</ele>
        <time>2021-08-28T19:03:49Z</time>
      </trkpt>
      <trkpt lat="48.05415" lon="-123.78439">
        <ele>434.58</ele>
        <time>2021-08-28T19:03:52Z</time>
      </trkpt>
      <trkpt lat="48.05414" lon="-123.78435">
        <ele>435.77</ele>
        <time>2021-08-28T19:03:55Z</time>
      </trkpt>
      <trkpt lat="48.05413" lon="-123.78431">
        <ele>436.96</ele>
        <time>2021-08-28T19:03:57Z</time>
      </trkpt>
      <trkpt lat="48.05413" lon="-123.78425">
        <ele>438.96</ele>
        <time>2021-08-28T19:04:01Z</time>
      </trkpt>
      <trkpt lat="48.05412" lon="-123.78421">
        <ele>440.36</ele>
        <time>2021-08-28T19:04:04Z</time>
      </trkpt>
      <trkpt lat="48.05411" lon="-123.78417">
        <ele>441.65</ele>
        <time>2021-08-28T19:04:08Z</time>
      </trkpt>
      <trkpt lat="48.05411" lon="-123.78412">
        <ele>443.79</ele>
        <time>2021-08-28T19:04:11Z</time>
      </trkpt>
      <trkpt lat="48.05409" lon="-123.78408">
        <ele>445.09</ele>
        <time>2021-08-28T19:04:16Z</time>
      </trkpt>
      <trkpt lat="48.05406" lon="-123.78408">
        <ele>444.59</ele>
        <time>2021-08-28T19:04:19Z</time>
      </trkpt>
      <trkpt lat="48.05402" lon="-123.78408">
        <ele>444.16</ele>
        <time>2021-08-28T19:04:21Z</time>
      </trkpt>
      <trkpt lat="48.05399" lon="-123.78407">
        <ele>444.27</ele>
        <time>2021-08-28T19:04:23Z</time>
      </trkpt>
      <trkpt lat="48.05396" lon="-123.78405">
        <ele>444.58</ele>
        <time>2021-08-28T19:04:25Z</time>
      </trkpt>
      <trkpt lat="48.05392" lon="-123.78403">
        <ele>444.58</ele>
        <time>2021-08-28T19:04:28Z</time>
      </trkpt>
      <trkpt lat="48.05389" lon="-123.78401">
        <ele>444.79</ele>
        <time>2021-08-28T19:04:31Z</time>
      </trkpt>
      <trkpt lat="48.05386" lon="-123.78399">
        <ele>444.7</ele>
        <time>2021-08-28T19:04:36Z</time>
      </trkpt>
      <trkpt lat="48.05383" lon="-123.78399">
        <ele>443.72</ele>
        <time>2021-08-28T19:04:39Z</time>
      </trkpt>
      <trkpt lat="48.0538" lon="-123.78398">
        <ele>443.18</ele>
        <time>2021-08-28T19:04:42Z</time>
      </trkpt>
      <trkpt lat="48.05379" lon="-123.78393">
        <ele>445.02</ele>
        <time>2021-08-28T19:04:45Z</time>
      </trkpt>
      <trkpt lat="48.05376" lon="-123.78391">
        <ele>444.91</ele>
        <time>2021-08-28T19:04:51Z</time>
      </trkpt>
      <trkpt lat="48.05374" lon="-123.78387">
        <ele>445.99</ele>
        <time>2021-08-28T19:04:57Z</time>
      </trkpt>
      <trkpt lat="48.05371" lon="-123.78384">
        <ele>446.32</ele>
        <time>2021-08-28T19:05:02Z</time>
      </trkpt>
      <trkpt lat="48.05368" lon="-123.78382">
        <ele>445.76</ele>
        <time>2021-08-28T19:05:06Z</time>
      </trkpt>
      <trkpt lat="48.05365" lon="-123.78382">
        <ele>444.22</ele>
        <time>2021-08-28T19:05:08Z</time>
      </trkpt>
      <trkpt lat="48.05362" lon="-123.78381">
        <ele>443.02</ele>
        <time>2021-08-28T19:05:10Z</time>
      </trkpt>
      <trkpt lat="48.05358" lon="-123.7838">
        <ele>441.54</ele>
        <time>2021-08-28T19:05:13Z</time>
      </trkpt>
      <trkpt lat="48.05355" lon="-123.78379">
        <ele>440.66</ele>
        <time>2021-08-28T19:05:16Z</time>
      </trkpt>
      <trkpt lat="48.05352" lon="-123.78377">
        <ele>440.2</ele>
        <time>2021-08-28T19:05:20Z</time>
      </trkpt>
      <trkpt lat="48.0535" lon="-123.78375">
        <ele>440.2</ele>
        <time>2021-08-28T19:05:24Z</time>
      </trkpt>
      <trkpt lat="48.05346" lon="-123.78375">
        <ele>438.47</ele>
        <time>2021-08-28T19:05:30Z</time>
      </trkpt>
      <trkpt lat="48.05344" lon="-123.78376">
        <ele>437.18</ele>
        <time>2021-08-28T19:05:34Z</time>
      </trkpt>
      <trkpt lat="48.05341" lon="-123.78375">
        <ele>436.31</ele>
        <time>2021-08-28T19:05:40Z</time>
      </trkpt>
      <trkpt lat="48.05338" lon="-123.78375">
        <ele>435.02</ele>
        <time>2021-08-28T19:05:45Z</time>
      </trkpt>
      <trkpt lat="48.05335" lon="-123.78376">
        <ele>433.29</ele>
        <time>2021-08-28T19:05:49Z</time>
      </trkpt>
      <trkpt lat="48.05333" lon="-123.78378">
        <ele>431.57</ele>
        <time>2021-08-28T19:05:56Z</time>
      </trkpt>
      <trkpt lat="48.05329" lon="-123.78382">
        <ele>427.98</ele>
        <time>2021-08-28T19:06:01Z</time>
      </trkpt>
      <trkpt lat="48.05326" lon="-123.78383">
        <ele>426.09</ele>
        <time>2021-08-28T19:06:06Z</time>
      </trkpt>
      <trkpt lat="48.05325" lon="-123.78379">
        <ele>427.73</ele>
        <time>2021-08-28T19:06:15Z</time>
      </trkpt>
      <trkpt lat="48.05327" lon="-123.78377">
        <ele>429.59</ele>
        <time>2021-08-28T19:06:39Z</time>
      </trkpt>
      <trkpt lat="48.0533" lon="-123.78377">
        <ele>430.8</ele>
        <time>2021-08-28T19:06:48Z</time>
      </trkpt>
      <trkpt lat="48.05332" lon="-123.78374">
        <ele>432.94</ele>
        <time>2021-08-28T19:07:01Z</time>
      </trkpt>
      <trkpt lat="48.05331" lon="-123.78378">
        <ele>430.74</ele>
        <time>2021-08-28T19:07:13Z</time>
      </trkpt>
      <trkpt lat="48.05332" lon="-123.78382">
        <ele>429.36</ele>
        <time>2021-08-28T19:07:23Z</time>
      </trkpt>
      <trkpt lat="48.05334" lon="-123.78379">
        <ele>431.56</ele>
        <time>2021-08-28T19:07:38Z</time>
      </trkpt>
      <trkpt lat="48.05334" lon="-123.78383">
        <ele>429.86</ele>
        <time>2021-08-28T19:07:56Z</time>
      </trkpt>
      <trkpt lat="48.05334" lon="-123.78388">
        <ele>427.74</ele>
        <time>2021-08-28T19:08:26Z</time>
      </trkpt>
      <trkpt lat="48.05335" lon="-123.78384">
        <ele>429.92</ele>
        <time>2021-08-28T19:08:45Z</time>
      </trkpt>
      <trkpt lat="48.05334" lon="-123.78388">
        <ele>427.74</ele>
        <time>2021-08-28T19:08:59Z</time>
      </trkpt>
      <trkpt lat="48.05334" lon="-123.78384">
        <ele>429.43</ele>
        <time>2021-08-28T19:09:23Z</time>
      </trkpt>
      <trkpt lat="48.05335" lon="-123.78379">
        <ele>431.99</ele>
        <time>2021-08-28T19:09:29Z</time>
      </trkpt>
      <trkpt lat="48.05337" lon="-123.78375">
        <ele>434.58</ele>
        <time>2021-08-28T19:09:36Z</time>
      </trkpt>
      <trkpt lat="48.05338" lon="-123.78371">
        <ele>436.74</ele>
        <time>2021-08-28T19:09:40Z</time>
      </trkpt>
      <trkpt lat="48.05338" lon="-123.78375">
        <ele>435.02</ele>
        <time>2021-08-28T19:09:56Z</time>
      </trkpt>
      <trkpt lat="48.05339" lon="-123.78371">
        <ele>437.18</ele>
        <time>2021-08-28T19:10:06Z</time>
      </trkpt>
      <trkpt lat="48.05341" lon="-123.78367">
        <ele>440.13</ele>
        <time>2021-08-28T19:10:12Z</time>
      </trkpt>
      <trkpt lat="48.05342" lon="-123.78364">
        <ele>442.18</ele>
        <time>2021-08-28T19:10:17Z</time>
      </trkpt>
      <trkpt lat="48.05345" lon="-123.78362">
        <ele>445.03</ele>
        <time>2021-08-28T19:10:24Z</time>
      </trkpt>
      <trkpt lat="48.05348" lon="-123.78361">
        <ele>447.58</ele>
        <time>2021-08-28T19:10:27Z</time>
      </trkpt>
      <trkpt lat="48.0535" lon="-123.78356">
        <ele>452.22</ele>
        <time>2021-08-28T19:10:31Z</time>
      </trkpt>
      <trkpt lat="48.05352" lon="-123.78353">
        <ele>455.31</ele>
        <time>2021-08-28T19:10:39Z</time>
      </trkpt>
      <trkpt lat="48.05353" lon="-123.78349">
        <ele>457.87</ele>
        <time>2021-08-28T19:10:43Z</time>
      </trkpt>
      <trkpt lat="48.05354" lon="-123.78345">
        <ele>460.22</ele>
        <time>2021-08-28T19:10:47Z</time>
      </trkpt>
      <trkpt lat="48.05353" lon="-123.7834">
        <ele>462.12</ele>
        <time>2021-08-28T19:10:51Z</time>
      </trkpt>
      <trkpt lat="48.05354" lon="-123.78335">
        <ele>464.11</ele>
        <time>2021-08-28T19:10:55Z</time>
      </trkpt>
      <trkpt lat="48.05355" lon="-123.78331">
        <ele>465.78</ele>
        <time>2021-08-28T19:10:59Z</time>
      </trkpt>
      <trkpt lat="48.05352" lon="-123.78327">
        <ele>466.1</ele>
        <time>2021-08-28T19:11:03Z</time>
      </trkpt>
      <trkpt lat="48.0535" lon="-123.78323">
        <ele>466.72</ele>
        <time>2021-08-28T19:11:06Z</time>
      </trkpt>
      <trkpt lat="48.05347" lon="-123.78321">
        <ele>466.25</ele>
        <time>2021-08-28T19:11:09Z</time>
      </trkpt>
      <trkpt lat="48.05344" lon="-123.7832">
        <ele>465.4</ele>
        <time>2021-08-28T19:11:11Z</time>
      </trkpt>
      <trkpt lat="48.05341" lon="-123.78319">
        <ele>464.66</ele>
        <time>2021-08-28T19:11:14Z</time>
      </trkpt>
      <trkpt lat="48.05338" lon="-123.78318">
        <ele>463.99</ele>
        <time>2021-08-28T19:11:17Z</time>
      </trkpt>
      <trkpt lat="48.05336" lon="-123.78314">
        <ele>463.89</ele>
        <time>2021-08-28T19:11:20Z</time>
      </trkpt>
      <trkpt lat="48.05335" lon="-123.7831">
        <ele>463.63</ele>
        <time>2021-08-28T19:11:24Z</time>
      </trkpt>
      <trkpt lat="48.05338" lon="-123.78308">
        <ele>464.88</ele>
        <time>2021-08-28T19:11:33Z</time>
      </trkpt>
      <trkpt lat="48.0534" lon="-123.7831">
        <ele>465.53</ele>
        <time>2021-08-28T19:11:37Z</time>
      </trkpt>
      <trkpt lat="48.05338" lon="-123.78313">
        <ele>464.61</ele>
        <time>2021-08-28T19:11:58Z</time>
      </trkpt>
      <trkpt lat="48.05339" lon="-123.78308">
        <ele>465.29</ele>
        <time>2021-08-28T19:12:05Z</time>
      </trkpt>
      <trkpt lat="48.05339" lon="-123.78304">
        <ele>465.38</ele>
        <time>2021-08-28T19:12:08Z</time>
      </trkpt>
      <trkpt lat="48.05338" lon="-123.783">
        <ele>464.72</ele>
        <time>2021-08-28T19:12:12Z</time>
      </trkpt>
      <trkpt lat="48.05336" lon="-123.78295">
        <ele>463.2</ele>
        <time>2021-08-28T19:12:16Z</time>
      </trkpt>
      <trkpt lat="48.05336" lon="-123.78291">
        <ele>462.46</ele>
        <time>2021-08-28T19:12:22Z</time>
      </trkpt>
      <trkpt lat="48.05337" lon="-123.78286">
        <ele>462.2</ele>
        <time>2021-08-28T19:12:26Z</time>
      </trkpt>
      <trkpt lat="48.05338" lon="-123.78282">
        <ele>462.21</ele>
        <time>2021-08-28T19:12:29Z</time>
      </trkpt>
      <trkpt lat="48.0534" lon="-123.78277">
        <ele>462.87</ele>
        <time>2021-08-28T19:12:32Z</time>
      </trkpt>
      <trkpt lat="48.05341" lon="-123.78273">
        <ele>462.76</ele>
        <time>2021-08-28T19:12:35Z</time>
      </trkpt>
      <trkpt lat="48.05343" lon="-123.78276">
        <ele>464.89</ele>
        <time>2021-08-28T19:12:45Z</time>
      </trkpt>
      <trkpt lat="48.05343" lon="-123.78281">
        <ele>465.61</ele>
        <time>2021-08-28T19:12:50Z</time>
      </trkpt>
      <trkpt lat="48.05346" lon="-123.78281">
        <ele>467.56</ele>
        <time>2021-08-28T19:12:57Z</time>
      </trkpt>
      <trkpt lat="48.05349" lon="-123.78278">
        <ele>469.18</ele>
        <time>2021-08-28T19:13:02Z</time>
      </trkpt>
      <trkpt lat="48.05351" lon="-123.78275">
        <ele>470.12</ele>
        <time>2021-08-28T19:13:07Z</time>
      </trkpt>
      <trkpt lat="48.05353" lon="-123.78274">
        <ele>471.34</ele>
        <time>2021-08-28T19:13:13Z</time>
      </trkpt>
      <trkpt lat="48.05356" lon="-123.78271">
        <ele>472.96</ele>
        <time>2021-08-28T19:13:19Z</time>
      </trkpt>
      <trkpt lat="48.05357" lon="-123.78267">
        <ele>473.1</ele>
        <time>2021-08-28T19:13:26Z</time>
      </trkpt>
      <trkpt lat="48.0536" lon="-123.78264">
        <ele>474.73</ele>
        <time>2021-08-28T19:13:37Z</time>
      </trkpt>
      <trkpt lat="48.05362" lon="-123.7826">
        <ele>475.66</ele>
        <time>2021-08-28T19:13:42Z</time>
      </trkpt>
      <trkpt lat="48.05364" lon="-123.78259">
        <ele>476.82</ele>
        <time>2021-08-28T19:13:53Z</time>
      </trkpt>
      <trkpt lat="48.05367" lon="-123.78256">
        <ele>478.11</ele>
        <time>2021-08-28T19:13:59Z</time>
      </trkpt>
      <trkpt lat="48.0537" lon="-123.78254">
        <ele>479.62</ele>
        <time>2021-08-28T19:14:02Z</time>
      </trkpt>
      <trkpt lat="48.05373" lon="-123.78252">
        <ele>481.36</ele>
        <time>2021-08-28T19:14:07Z</time>
      </trkpt>
      <trkpt lat="48.05376" lon="-123.7825">
        <ele>483.26</ele>
        <time>2021-08-28T19:14:10Z</time>
      </trkpt>
      <trkpt lat="48.05378" lon="-123.78247">
        <ele>484.12</ele>
        <time>2021-08-28T19:14:17Z</time>
      </trkpt>
      <trkpt lat="48.05381" lon="-123.78245">
        <ele>485.74</ele>
        <time>2021-08-28T19:14:22Z</time>
      </trkpt>
      <trkpt lat="48.05384" lon="-123.78243">
        <ele>487.2</ele>
        <time>2021-08-28T19:14:26Z</time>
      </trkpt>
      <trkpt lat="48.05386" lon="-123.78241">
        <ele>488.16</ele>
        <time>2021-08-28T19:14:33Z</time>
      </trkpt>
      <trkpt lat="48.05388" lon="-123.78237">
        <ele>488.62</ele>
        <time>2021-08-28T19:14:46Z</time>
      </trkpt>
      <trkpt lat="48.05391" lon="-123.78234">
        <ele>489.85</ele>
        <time>2021-08-28T19:14:50Z</time>
      </trkpt>
      <trkpt lat="48.05392" lon="-123.7823">
        <ele>489.86</ele>
        <time>2021-08-28T19:14:54Z</time>
      </trkpt>
      <trkpt lat="48.05394" lon="-123.78226">
        <ele>490.72</ele>
        <time>2021-08-28T19:14:57Z</time>
      </trkpt>
      <trkpt lat="48.05396" lon="-123.78222">
        <ele>491.58</ele>
        <time>2021-08-28T19:15:00Z</time>
      </trkpt>
      <trkpt lat="48.05398" lon="-123.78218">
        <ele>492.44</ele>
        <time>2021-08-28T19:15:03Z</time>
      </trkpt>
      <trkpt lat="48.05399" lon="-123.78215">
        <ele>492.75</ele>
        <time>2021-08-28T19:15:08Z</time>
      </trkpt>
      <trkpt lat="48.05402" lon="-123.78211">
        <ele>494.28</ele>
        <time>2021-08-28T19:15:15Z</time>
      </trkpt>
      <trkpt lat="48.05403" lon="-123.78207">
        <ele>494.5</ele>
        <time>2021-08-28T19:15:21Z</time>
      </trkpt>
      <trkpt lat="48.05403" lon="-123.78203">
        <ele>494.07</ele>
        <time>2021-08-28T19:15:25Z</time>
      </trkpt>
      <trkpt lat="48.05404" lon="-123.78198">
        <ele>494.18</ele>
        <time>2021-08-28T19:15:29Z</time>
      </trkpt>
      <trkpt lat="48.05406" lon="-123.78195">
        <ele>495.15</ele>
        <time>2021-08-28T19:15:33Z</time>
      </trkpt>
      <trkpt lat="48.05408" lon="-123.78191">
        <ele>496.01</ele>
        <time>2021-08-28T19:15:36Z</time>
      </trkpt>
      <trkpt lat="48.05409" lon="-123.78187">
        <ele>496.23</ele>
        <time>2021-08-28T19:15:41Z</time>
      </trkpt>
      <trkpt lat="48.05406" lon="-123.78188">
        <ele>494.39</ele>
        <time>2021-08-28T19:15:45Z</time>
      </trkpt>
      <trkpt lat="48.05405" lon="-123.78193">
        <ele>494.28</ele>
        <time>2021-08-28T19:15:48Z</time>
      </trkpt>
      <trkpt lat="48.05403" lon="-123.78198">
        <ele>493.53</ele>
        <time>2021-08-28T19:15:52Z</time>
      </trkpt>
      <trkpt lat="48.05403" lon="-123.78203">
        <ele>494.07</ele>
        <time>2021-08-28T19:15:55Z</time>
      </trkpt>
      <trkpt lat="48.054" lon="-123.78201">
        <ele>491.91</ele>
        <time>2021-08-28T19:16:07Z</time>
      </trkpt>
      <trkpt lat="48.05397" lon="-123.78201">
        <ele>489.84</ele>
        <time>2021-08-28T19:16:17Z</time>
      </trkpt>
      <trkpt lat="48.05398" lon="-123.78197">
        <ele>490.16</ele>
        <time>2021-08-28T19:16:52Z</time>
      </trkpt>
      <trkpt lat="48.05396" lon="-123.78194">
        <ele>488.32</ele>
        <time>2021-08-28T19:16:59Z</time>
      </trkpt>
      <trkpt lat="48.05397" lon="-123.78198">
        <ele>489.52</ele>
        <time>2021-08-28T19:17:09Z</time>
      </trkpt>
      <trkpt lat="48.05399" lon="-123.78201">
        <ele>491.26</ele>
        <time>2021-08-28T19:17:15Z</time>
      </trkpt>
      <trkpt lat="48.05402" lon="-123.78203">
        <ele>493.42</ele>
        <time>2021-08-28T19:17:22Z</time>
      </trkpt>
      <trkpt lat="48.054" lon="-123.78201">
        <ele>491.91</ele>
        <time>2021-08-28T19:17:31Z</time>
      </trkpt>
      <trkpt lat="48.05397" lon="-123.78198">
        <ele>489.52</ele>
        <time>2021-08-28T19:17:36Z</time>
      </trkpt>
      <trkpt lat="48.05395" lon="-123.78201">
        <ele>488.33</ele>
        <time>2021-08-28T19:18:22Z</time>
      </trkpt>
      <trkpt lat="48.05396" lon="-123.78197">
        <ele>488.65</ele>
        <time>2021-08-28T19:18:51Z</time>
      </trkpt>
      <trkpt lat="48.05399" lon="-123.78195">
        <ele>490.61</ele>
        <time>2021-08-28T19:19:49Z</time>
      </trkpt>
      <trkpt lat="48.05401" lon="-123.78191">
        <ele>491.48</ele>
        <time>2021-08-28T19:19:52Z</time>
      </trkpt>
      <trkpt lat="48.05403" lon="-123.78188">
        <ele>492.45</ele>
        <time>2021-08-28T19:19:55Z</time>
      </trkpt>
      <trkpt lat="48.05404" lon="-123.78183">
        <ele>492.56</ele>
        <time>2021-08-28T19:19:59Z</time>
      </trkpt>
      <trkpt lat="48.05406" lon="-123.78179">
        <ele>493.42</ele>
        <time>2021-08-28T19:20:03Z</time>
      </trkpt>
      <trkpt lat="48.05407" lon="-123.78175">
        <ele>493.64</ele>
        <time>2021-08-28T19:20:06Z</time>
      </trkpt>
      <trkpt lat="48.05409" lon="-123.7817">
        <ele>494.39</ele>
        <time>2021-08-28T19:20:09Z</time>
      </trkpt>
      <trkpt lat="48.05411" lon="-123.78167">
        <ele>495.36</ele>
        <time>2021-08-28T19:20:11Z</time>
      </trkpt>
      <trkpt lat="48.05413" lon="-123.78163">
        <ele>496.62</ele>
        <time>2021-08-28T19:20:13Z</time>
      </trkpt>
      <trkpt lat="48.05415" lon="-123.7816">
        <ele>497.92</ele>
        <time>2021-08-28T19:20:16Z</time>
      </trkpt>
      <trkpt lat="48.05417" lon="-123.78156">
        <ele>499.03</ele>
        <time>2021-08-28T19:20:19Z</time>
      </trkpt>
      <trkpt lat="48.05418" lon="-123.78152">
        <ele>499.22</ele>
        <time>2021-08-28T19:20:22Z</time>
      </trkpt>
      <trkpt lat="48.0542" lon="-123.78148">
        <ele>500.16</ele>
        <time>2021-08-28T19:20:26Z</time>
      </trkpt>
      <trkpt lat="48.05421" lon="-123.78144">
        <ele>500.81</ele>
        <time>2021-08-28T19:20:30Z</time>
      </trkpt>
      <trkpt lat="48.05424" lon="-123.7814">
        <ele>502.75</ele>
        <time>2021-08-28T19:20:34Z</time>
      </trkpt>
      <trkpt lat="48.05426" lon="-123.78138">
        <ele>504.05</ele>
        <time>2021-08-28T19:20:39Z</time>
      </trkpt>
      <trkpt lat="48.05428" lon="-123.78134">
        <ele>505.34</ele>
        <time>2021-08-28T19:20:44Z</time>
      </trkpt>
      <trkpt lat="48.05429" lon="-123.78129">
        <ele>505.99</ele>
        <time>2021-08-28T19:20:47Z</time>
      </trkpt>
      <trkpt lat="48.05428" lon="-123.78125">
        <ele>505.34</ele>
        <time>2021-08-28T19:20:51Z</time>
      </trkpt>
      <trkpt lat="48.05427" lon="-123.78121">
        <ele>504.7</ele>
        <time>2021-08-28T19:20:55Z</time>
      </trkpt>
      <trkpt lat="48.05428" lon="-123.78117">
        <ele>505.63</ele>
        <time>2021-08-28T19:20:58Z</time>
      </trkpt>
      <trkpt lat="48.0543" lon="-123.78114">
        <ele>507.03</ele>
        <time>2021-08-28T19:21:02Z</time>
      </trkpt>
      <trkpt lat="48.05432" lon="-123.78113">
        <ele>508.21</ele>
        <time>2021-08-28T19:21:06Z</time>
      </trkpt>
      <trkpt lat="48.05434" lon="-123.78109">
        <ele>509.59</ele>
        <time>2021-08-28T19:21:11Z</time>
      </trkpt>
      <trkpt lat="48.05436" lon="-123.78106">
        <ele>511.03</ele>
        <time>2021-08-28T19:21:15Z</time>
      </trkpt>
      <trkpt lat="48.05439" lon="-123.78102">
        <ele>513.05</ele>
        <time>2021-08-28T19:21:19Z</time>
      </trkpt>
      <trkpt lat="48.05441" lon="-123.78098">
        <ele>514.29</ele>
        <time>2021-08-28T19:21:23Z</time>
      </trkpt>
      <trkpt lat="48.05442" lon="-123.78095">
        <ele>514.88</ele>
        <time>2021-08-28T19:21:27Z</time>
      </trkpt>
      <trkpt lat="48.05443" lon="-123.7809">
        <ele>515.66</ele>
        <time>2021-08-28T19:21:31Z</time>
      </trkpt>
      <trkpt lat="48.05443" lon="-123.78085">
        <ele>516.2</ele>
        <time>2021-08-28T19:21:36Z</time>
      </trkpt>
      <trkpt lat="48.05446" lon="-123.78081">
        <ele>518.09</ele>
        <time>2021-08-28T19:21:40Z</time>
      </trkpt>
      <trkpt lat="48.05447" lon="-123.78077">
        <ele>519.06</ele>
        <time>2021-08-28T19:21:43Z</time>
      </trkpt>
      <trkpt lat="48.05448" lon="-123.78073">
        <ele>520.04</ele>
        <time>2021-08-28T19:21:47Z</time>
      </trkpt>
      <trkpt lat="48.05449" lon="-123.78068">
        <ele>521.12</ele>
        <time>2021-08-28T19:21:51Z</time>
      </trkpt>
      <trkpt lat="48.0545" lon="-123.78064">
        <ele>522.12</ele>
        <time>2021-08-28T19:21:54Z</time>
      </trkpt>
      <trkpt lat="48.05452" lon="-123.78061">
        <ele>523.57</ele>
        <time>2021-08-28T19:21:57Z</time>
      </trkpt>
      <trkpt lat="48.05452" lon="-123.78057">
        <ele>524.08</ele>
        <time>2021-08-28T19:22:01Z</time>
      </trkpt>
      <trkpt lat="48.0545" lon="-123.78053">
        <ele>523.68</ele>
        <time>2021-08-28T19:22:06Z</time>
      </trkpt>
      <trkpt lat="48.0545" lon="-123.78048">
        <ele>524.22</ele>
        <time>2021-08-28T19:22:10Z</time>
      </trkpt>
      <trkpt lat="48.0545" lon="-123.78044">
        <ele>524.65</ele>
        <time>2021-08-28T19:22:16Z</time>
      </trkpt>
      <trkpt lat="48.05452" lon="-123.78041">
        <ele>525.84</ele>
        <time>2021-08-28T19:22:22Z</time>
      </trkpt>
      <trkpt lat="48.05454" lon="-123.78037">
        <ele>527.16</ele>
        <time>2021-08-28T19:22:28Z</time>
      </trkpt>
      <trkpt lat="48.05454" lon="-123.78032">
        <ele>527.72</ele>
        <time>2021-08-28T19:22:32Z</time>
      </trkpt>
      <trkpt lat="48.05453" lon="-123.78028">
        <ele>527.75</ele>
        <time>2021-08-28T19:22:37Z</time>
      </trkpt>
      <trkpt lat="48.05454" lon="-123.78024">
        <ele>528.99</ele>
        <time>2021-08-28T19:22:42Z</time>
      </trkpt>
      <trkpt lat="48.05454" lon="-123.78019">
        <ele>530.06</ele>
        <time>2021-08-28T19:22:46Z</time>
      </trkpt>
      <trkpt lat="48.05453" lon="-123.78015">
        <ele>530.08</ele>
        <time>2021-08-28T19:22:50Z</time>
      </trkpt>
      <trkpt lat="48.05454" lon="-123.78011">
        <ele>531.0</ele>
        <time>2021-08-28T19:22:54Z</time>
      </trkpt>
      <trkpt lat="48.05457" lon="-123.78011">
        <ele>532.88</ele>
        <time>2021-08-28T19:23:13Z</time>
      </trkpt>
      <trkpt lat="48.0546" lon="-123.78012">
        <ele>534.58</ele>
        <time>2021-08-28T19:23:29Z</time>
      </trkpt>
      <trkpt lat="48.05457" lon="-123.7801">
        <ele>533.03</ele>
        <time>2021-08-28T19:23:40Z</time>
      </trkpt>
      <trkpt lat="48.05456" lon="-123.78006">
        <ele>532.93</ele>
        <time>2021-08-28T19:23:44Z</time>
      </trkpt>
      <trkpt lat="48.05455" lon="-123.78002">
        <ele>532.73</ele>
        <time>2021-08-28T19:23:49Z</time>
      </trkpt>
      <trkpt lat="48.05455" lon="-123.77995">
        <ele>534.68</ele>
        <time>2021-08-28T19:23:52Z</time>
      </trkpt>
      <trkpt lat="48.05454" lon="-123.77992">
        <ele>534.84</ele>
        <time>2021-08-28T19:23:57Z</time>
      </trkpt>
      <trkpt lat="48.05453" lon="-123.77987">
        <ele>535.83</ele>
        <time>2021-08-28T19:24:02Z</time>
      </trkpt>
      <trkpt lat="48.05451" lon="-123.77983">
        <ele>536.05</ele>
        <time>2021-08-28T19:24:08Z</time>
      </trkpt>
      <trkpt lat="48.05449" lon="-123.77979">
        <ele>536.4</ele>
        <time>2021-08-28T19:24:11Z</time>
      </trkpt>
      <trkpt lat="48.05448" lon="-123.77975">
        <ele>537.29</ele>
        <time>2021-08-28T19:24:13Z</time>
      </trkpt>
      <trkpt lat="48.05448" lon="-123.77969">
        <ele>539.83</ele>
        <time>2021-08-28T19:24:16Z</time>
      </trkpt>
      <trkpt lat="48.05448" lon="-123.77965">
        <ele>541.72</ele>
        <time>2021-08-28T19:24:18Z</time>
      </trkpt>
      <trkpt lat="48.05447" lon="-123.77959">
        <ele>543.64</ele>
        <time>2021-08-28T19:24:21Z</time>
      </trkpt>
      <trkpt lat="48.05446" lon="-123.77954">
        <ele>545.05</ele>
        <time>2021-08-28T19:24:24Z</time>
      </trkpt>
      <trkpt lat="48.05445" lon="-123.77949">
        <ele>546.93</ele>
        <time>2021-08-28T19:24:27Z</time>
      </trkpt>
      <trkpt lat="48.05444" lon="-123.77944">
        <ele>548.95</ele>
        <time>2021-08-28T19:24:30Z</time>
      </trkpt>
      <trkpt lat="48.05443" lon="-123.77939">
        <ele>550.66</ele>
        <time>2021-08-28T19:24:34Z</time>
      </trkpt>
      <trkpt lat="48.05442" lon="-123.77934">
        <ele>552.58</ele>
        <time>2021-08-28T19:24:39Z</time>
      </trkpt>
      <trkpt lat="48.05442" lon="-123.77929">
        <ele>555.28</ele>
        <time>2021-08-28T19:24:42Z</time>
      </trkpt>
      <trkpt lat="48.05441" lon="-123.77925">
        <ele>557.05</ele>
        <time>2021-08-28T19:24:46Z</time>
      </trkpt>
      <trkpt lat="48.0544" lon="-123.77921">
        <ele>559.0</ele>
        <time>2021-08-28T19:24:50Z</time>
      </trkpt>
      <trkpt lat="48.05438" lon="-123.77917">
        <ele>560.71</ele>
        <time>2021-08-28T19:24:54Z</time>
      </trkpt>
      <trkpt lat="48.05436" lon="-123.77913">
        <ele>562.21</ele>
        <time>2021-08-28T19:24:58Z</time>
      </trkpt>
      <trkpt lat="48.05433" lon="-123.77911">
        <ele>562.5</ele>
        <time>2021-08-28T19:25:02Z</time>
      </trkpt>
      <trkpt lat="48.05434" lon="-123.77907">
        <ele>564.88</ele>
        <time>2021-08-28T19:25:10Z</time>
      </trkpt>
      <trkpt lat="48.05431" lon="-123.77906">
        <ele>564.62</ele>
        <time>2021-08-28T19:25:21Z</time>
      </trkpt>
      <trkpt lat="48.05429" lon="-123.77903">
        <ele>565.41</ele>
        <time>2021-08-28T19:25:24Z</time>
      </trkpt>
      <trkpt lat="48.05431" lon="-123.77901">
        <ele>566.48</ele>
        <time>2021-08-28T19:25:30Z</time>
      </trkpt>
      <trkpt lat="48.05429" lon="-123.77897">
        <ele>567.83</ele>
        <time>2021-08-28T19:25:43Z</time>
      </trkpt>
      <trkpt lat="48.05427" lon="-123.77895">
        <ele>568.48</ele>
        <time>2021-08-28T19:25:48Z</time>
      </trkpt>
      <trkpt lat="48.05426" lon="-123.77891">
        <ele>570.1</ele>
        <time>2021-08-28T19:25:53Z</time>
      </trkpt>
      <trkpt lat="48.05424" lon="-123.77887">
        <ele>571.4</ele>
        <time>2021-08-28T19:25:58Z</time>
      </trkpt>
      <trkpt lat="48.05423" lon="-123.77883">
        <ele>572.59</ele>
        <time>2021-08-28T19:26:02Z</time>
      </trkpt>
      <trkpt lat="48.05422" lon="-123.77879">
        <ele>573.88</ele>
        <time>2021-08-28T19:26:08Z</time>
      </trkpt>
      <trkpt lat="48.05419" lon="-123.77877">
        <ele>574.6</ele>
        <time>2021-08-28T19:26:11Z</time>
      </trkpt>
      <trkpt lat="48.05417" lon="-123.77875">
        <ele>575.52</ele>
        <time>2021-08-28T19:26:13Z</time>
      </trkpt>
      <trkpt lat="48.05413" lon="-123.77873">
        <ele>575.9</ele>
        <time>2021-08-28T19:26:16Z</time>
      </trkpt>
      <trkpt lat="48.0541" lon="-123.77872">
        <ele>575.81</ele>
        <time>2021-08-28T19:26:19Z</time>
      </trkpt>
      <trkpt lat="48.05413" lon="-123.77872">
        <ele>576.4</ele>
        <time>2021-08-28T19:26:28Z</time>
      </trkpt>
      <trkpt lat="48.05416" lon="-123.77872">
        <ele>576.99</ele>
        <time>2021-08-28T19:26:33Z</time>
      </trkpt>
      <trkpt lat="48.05419" lon="-123.77874">
        <ele>576.14</ele>
        <time>2021-08-28T19:26:36Z</time>
      </trkpt>
      <trkpt lat="48.05422" lon="-123.77875">
        <ele>575.79</ele>
        <time>2021-08-28T19:26:39Z</time>
      </trkpt>
      <trkpt lat="48.05425" lon="-123.77875">
        <ele>575.95</ele>
        <time>2021-08-28T19:26:42Z</time>
      </trkpt>
      <trkpt lat="48.05428" lon="-123.77876">
        <ele>575.79</ele>
        <time>2021-08-28T19:26:46Z</time>
      </trkpt>
      <trkpt lat="48.05432" lon="-123.77878">
        <ele>575.36</ele>
        <time>2021-08-28T19:26:50Z</time>
      </trkpt>
      <trkpt lat="48.05435" lon="-123.77879">
        <ele>575.25</ele>
        <time>2021-08-28T19:26:53Z</time>
      </trkpt>
      <trkpt lat="48.05438" lon="-123.77881">
        <ele>574.86</ele>
        <time>2021-08-28T19:26:56Z</time>
      </trkpt>
      <trkpt lat="48.05441" lon="-123.77883">
        <ele>574.54</ele>
        <time>2021-08-28T19:27:02Z</time>
      </trkpt>
      <trkpt lat="48.05444" lon="-123.77883">
        <ele>574.86</ele>
        <time>2021-08-28T19:27:07Z</time>
      </trkpt>
      <trkpt lat="48.05445" lon="-123.77878">
        <ele>576.88</ele>
        <time>2021-08-28T19:27:09Z</time>
      </trkpt>
      <trkpt lat="48.05448" lon="-123.77879">
        <ele>577.42</ele>
        <time>2021-08-28T19:27:15Z</time>
      </trkpt>
      <trkpt lat="48.05451" lon="-123.77881">
        <ele>577.68</ele>
        <time>2021-08-28T19:27:19Z</time>
      </trkpt>
      <trkpt lat="48.05454" lon="-123.77884">
        <ele>577.74</ele>
        <time>2021-08-28T19:27:22Z</time>
      </trkpt>
      <trkpt lat="48.05456" lon="-123.77887">
        <ele>577.85</ele>
        <time>2021-08-28T19:27:26Z</time>
      </trkpt>
      <trkpt lat="48.05457" lon="-123.77891">
        <ele>577.32</ele>
        <time>2021-08-28T19:27:29Z</time>
      </trkpt>
      <trkpt lat="48.05459" lon="-123.77895">
        <ele>577.54</ele>
        <time>2021-08-28T19:27:33Z</time>
      </trkpt>
      <trkpt lat="48.05461" lon="-123.77892">
        <ele>579.27</ele>
        <time>2021-08-28T19:27:39Z</time>
      </trkpt>
      <trkpt lat="48.0546" lon="-123.77887">
        <ele>580.01</ele>
        <time>2021-08-28T19:27:43Z</time>
      </trkpt>
      <trkpt lat="48.0546" lon="-123.77882">
        <ele>581.63</ele>
        <time>2021-08-28T19:27:46Z</time>
      </trkpt>
      <trkpt lat="48.05458" lon="-123.77877">
        <ele>582.46</ele>
        <time>2021-08-28T19:27:49Z</time>
      </trkpt>
      <trkpt lat="48.05456" lon="-123.77874">
        <ele>582.67</ele>
        <time>2021-08-28T19:27:51Z</time>
      </trkpt>
      <trkpt lat="48.05456" lon="-123.7787">
        <ele>584.4</ele>
        <time>2021-08-28T19:27:53Z</time>
      </trkpt>
      <trkpt lat="48.05456" lon="-123.77864">
        <ele>586.99</ele>
        <time>2021-08-28T19:27:56Z</time>
      </trkpt>
      <trkpt lat="48.05455" lon="-123.7786">
        <ele>588.28</ele>
        <time>2021-08-28T19:28:00Z</time>
      </trkpt>
      <trkpt lat="48.05454" lon="-123.77855">
        <ele>590.44</ele>
        <time>2021-08-28T19:28:06Z</time>
      </trkpt>
      <trkpt lat="48.05453" lon="-123.7785">
        <ele>593.25</ele>
        <time>2021-08-28T19:28:18Z</time>
      </trkpt>
      <trkpt lat="48.05456" lon="-123.77848">
        <ele>595.9</ele>
        <time>2021-08-28T19:28:22Z</time>
      </trkpt>
      <trkpt lat="48.05455" lon="-123.77843">
        <ele>599.25</ele>
        <time>2021-08-28T19:28:29Z</time>
      </trkpt>
      <trkpt lat="48.05452" lon="-123.77842">
        <ele>599.09</ele>
        <time>2021-08-28T19:28:32Z</time>
      </trkpt>
      <trkpt lat="48.0545" lon="-123.77838">
        <ele>601.87</ele>
        <time>2021-08-28T19:28:36Z</time>
      </trkpt>
      <trkpt lat="48.0545" lon="-123.77834">
        <ele>605.07</ele>
        <time>2021-08-28T19:28:40Z</time>
      </trkpt>
      <trkpt lat="48.05447" lon="-123.77832">
        <ele>606.04</ele>
        <time>2021-08-28T19:28:45Z</time>
      </trkpt>
      <trkpt lat="48.05445" lon="-123.7783">
        <ele>606.88</ele>
        <time>2021-08-28T19:28:51Z</time>
      </trkpt>
      <trkpt lat="48.05442" lon="-123.7783">
        <ele>605.91</ele>
        <time>2021-08-28T19:28:55Z</time>
      </trkpt>
      <trkpt lat="48.05439" lon="-123.7783">
        <ele>604.82</ele>
        <time>2021-08-28T19:29:04Z</time>
      </trkpt>
      <trkpt lat="48.05436" lon="-123.77828">
        <ele>604.62</ele>
        <time>2021-08-28T19:29:07Z</time>
      </trkpt>
      <trkpt lat="48.05434" lon="-123.77826">
        <ele>604.58</ele>
        <time>2021-08-28T19:29:10Z</time>
      </trkpt>
      <trkpt lat="48.05431" lon="-123.77823">
        <ele>604.04</ele>
        <time>2021-08-28T19:29:14Z</time>
      </trkpt>
      <trkpt lat="48.05429" lon="-123.7782">
        <ele>603.69</ele>
        <time>2021-08-28T19:29:18Z</time>
      </trkpt>
      <trkpt lat="48.05431" lon="-123.77819">
        <ele>605.14</ele>
        <time>2021-08-28T19:29:24Z</time>
      </trkpt>
      <trkpt lat="48.05435" lon="-123.77819">
        <ele>607.53</ele>
        <time>2021-08-28T19:29:30Z</time>
      </trkpt>
      <trkpt lat="48.05438" lon="-123.77819">
        <ele>608.86</ele>
        <time>2021-08-28T19:29:34Z</time>
      </trkpt>
      <trkpt lat="48.05441" lon="-123.7782">
        <ele>609.83</ele>
        <time>2021-08-28T19:29:37Z</time>
      </trkpt>
      <trkpt lat="48.05445" lon="-123.7782">
        <ele>611.47</ele>
        <time>2021-08-28T19:29:41Z</time>
      </trkpt>
      <trkpt lat="48.05447" lon="-123.7782">
        <ele>611.99</ele>
        <time>2021-08-28T19:29:44Z</time>
      </trkpt>
      <trkpt lat="48.05451" lon="-123.7782">
        <ele>613.05</ele>
        <time>2021-08-28T19:29:47Z</time>
      </trkpt>
      <trkpt lat="48.05454" lon="-123.77821">
        <ele>613.39</ele>
        <time>2021-08-28T19:29:51Z</time>
      </trkpt>
      <trkpt lat="48.05458" lon="-123.77822">
        <ele>613.82</ele>
        <time>2021-08-28T19:29:54Z</time>
      </trkpt>
      <trkpt lat="48.05461" lon="-123.77823">
        <ele>614.04</ele>
        <time>2021-08-28T19:29:58Z</time>
      </trkpt>
      <trkpt lat="48.05463" lon="-123.77826">
        <ele>612.97</ele>
        <time>2021-08-28T19:30:02Z</time>
      </trkpt>
      <trkpt lat="48.05466" lon="-123.77828">
        <ele>612.68</ele>
        <time>2021-08-28T19:30:07Z</time>
      </trkpt>
      <trkpt lat="48.05469" lon="-123.7783">
        <ele>612.52</ele>
        <time>2021-08-28T19:30:11Z</time>
      </trkpt>
      <trkpt lat="48.05472" lon="-123.77833">
        <ele>612.07</ele>
        <time>2021-08-28T19:30:14Z</time>
      </trkpt>
      <trkpt lat="48.05475" lon="-123.77833">
        <ele>613.33</ele>
        <time>2021-08-28T19:30:17Z</time>
      </trkpt>
      <trkpt lat="48.05477" lon="-123.77836">
        <ele>612.91</ele>
        <time>2021-08-28T19:30:21Z</time>
      </trkpt>
      <trkpt lat="48.0548" lon="-123.7784">
        <ele>612.48</ele>
        <time>2021-08-28T19:30:25Z</time>
      </trkpt>
      <trkpt lat="48.05482" lon="-123.77843">
        <ele>612.15</ele>
        <time>2021-08-28T19:30:29Z</time>
      </trkpt>
      <trkpt lat="48.05484" lon="-123.77846">
        <ele>612.26</ele>
        <time>2021-08-28T19:30:32Z</time>
      </trkpt>
      <trkpt lat="48.05485" lon="-123.77851">
        <ele>611.18</ele>
        <time>2021-08-28T19:30:35Z</time>
      </trkpt>
      <trkpt lat="48.05486" lon="-123.77856">
        <ele>610.53</ele>
        <time>2021-08-28T19:30:38Z</time>
      </trkpt>
      <trkpt lat="48.05487" lon="-123.7786">
        <ele>610.39</ele>
        <time>2021-08-28T19:30:42Z</time>
      </trkpt>
      <trkpt lat="48.05489" lon="-123.77864">
        <ele>611.0</ele>
        <time>2021-08-28T19:30:47Z</time>
      </trkpt>
      <trkpt lat="48.05491" lon="-123.77867">
        <ele>611.89</ele>
        <time>2021-08-28T19:30:52Z</time>
      </trkpt>
      <trkpt lat="48.05493" lon="-123.77871">
        <ele>612.34</ele>
        <time>2021-08-28T19:30:56Z</time>
      </trkpt>
      <trkpt lat="48.05494" lon="-123.77876">
        <ele>612.11</ele>
        <time>2021-08-28T19:31:00Z</time>
      </trkpt>
      <trkpt lat="48.05495" lon="-123.77881">
        <ele>611.92</ele>
        <time>2021-08-28T19:31:04Z</time>
      </trkpt>
      <trkpt lat="48.05498" lon="-123.77883">
        <ele>613.76</ele>
        <time>2021-08-28T19:31:08Z</time>
      </trkpt>
      <trkpt lat="48.055" lon="-123.77885">
        <ele>614.84</ele>
        <time>2021-08-28T19:31:11Z</time>
      </trkpt>
      <trkpt lat="48.05503" lon="-123.77888">
        <ele>616.1</ele>
        <time>2021-08-28T19:31:15Z</time>
      </trkpt>
      <trkpt lat="48.05505" lon="-123.77892">
        <ele>616.57</ele>
        <time>2021-08-28T19:31:19Z</time>
      </trkpt>
      <trkpt lat="48.05507" lon="-123.77895">
        <ele>617.22</ele>
        <time>2021-08-28T19:31:22Z</time>
      </trkpt>
      <trkpt lat="48.05509" lon="-123.77898">
        <ele>617.86</ele>
        <time>2021-08-28T19:31:25Z</time>
      </trkpt>
      <trkpt lat="48.05511" lon="-123.77901">
        <ele>618.39</ele>
        <time>2021-08-28T19:31:30Z</time>
      </trkpt>
      <trkpt lat="48.05513" lon="-123.77904">
        <ele>618.93</ele>
        <time>2021-08-28T19:31:35Z</time>
      </trkpt>
      <trkpt lat="48.05516" lon="-123.77906">
        <ele>620.55</ele>
        <time>2021-08-28T19:31:39Z</time>
      </trkpt>
      <trkpt lat="48.05518" lon="-123.7791">
        <ele>620.77</ele>
        <time>2021-08-28T19:31:43Z</time>
      </trkpt>
      <trkpt lat="48.0552" lon="-123.77914">
        <ele>620.94</ele>
        <time>2021-08-28T19:31:47Z</time>
      </trkpt>
      <trkpt lat="48.05521" lon="-123.77918">
        <ele>620.48</ele>
        <time>2021-08-28T19:31:51Z</time>
      </trkpt>
      <trkpt lat="48.05524" lon="-123.77922">
        <ele>621.76</ele>
        <time>2021-08-28T19:31:55Z</time>
      </trkpt>
      <trkpt lat="48.05527" lon="-123.77924">
        <ele>623.76</ele>
        <time>2021-08-28T19:31:59Z</time>
      </trkpt>
      <trkpt lat="48.0553" lon="-123.77925">
        <ele>625.16</ele>
        <time>2021-08-28T19:32:03Z</time>
      </trkpt>
      <trkpt lat="48.05533" lon="-123.77926">
        <ele>626.24</ele>
        <time>2021-08-28T19:32:17Z</time>
      </trkpt>
      <trkpt lat="48.05535" lon="-123.77923">
        <ele>627.75</ele>
        <time>2021-08-28T19:32:26Z</time>
      </trkpt>
      <trkpt lat="48.05534" lon="-123.77919">
        <ele>628.18</ele>
        <time>2021-08-28T19:32:29Z</time>
      </trkpt>
      <trkpt lat="48.05533" lon="-123.77914">
        <ele>628.67</ele>
        <time>2021-08-28T19:32:33Z</time>
      </trkpt>
      <trkpt lat="48.05534" lon="-123.7791">
        <ele>629.64</ele>
        <time>2021-08-28T19:32:41Z</time>
      </trkpt>
      <trkpt lat="48.05534" lon="-123.77906">
        <ele>630.37</ele>
        <time>2021-08-28T19:32:48Z</time>
      </trkpt>
      <trkpt lat="48.05533" lon="-123.77901">
        <ele>631.38</ele>
        <time>2021-08-28T19:32:55Z</time>
      </trkpt>
      <trkpt lat="48.05535" lon="-123.77899">
        <ele>632.36</ele>
        <time>2021-08-28T19:33:34Z</time>
      </trkpt>
      <trkpt lat="48.05538" lon="-123.77898">
        <ele>632.33</ele>
        <time>2021-08-28T19:34:04Z</time>
      </trkpt>
      <trkpt lat="48.05536" lon="-123.779">
        <ele>632.35</ele>
        <time>2021-08-28T19:34:37Z</time>
      </trkpt>
      <trkpt lat="48.05536" lon="-123.77896">
        <ele>633.7</ele>
        <time>2021-08-28T19:35:00Z</time>
      </trkpt>
      <trkpt lat="48.05533" lon="-123.77898">
        <ele>632.19</ele>
        <time>2021-08-28T19:35:52Z</time>
      </trkpt>
      <trkpt lat="48.05531" lon="-123.77895">
        <ele>633.06</ele>
        <time>2021-08-28T19:36:00Z</time>
      </trkpt>
      <trkpt lat="48.05529" lon="-123.77891">
        <ele>634.35</ele>
        <time>2021-08-28T19:36:04Z</time>
      </trkpt>
      <trkpt lat="48.05528" lon="-123.77886">
        <ele>635.98</ele>
        <time>2021-08-28T19:36:09Z</time>
      </trkpt>
      <trkpt lat="48.05527" lon="-123.77883">
        <ele>636.18</ele>
        <time>2021-08-28T19:36:12Z</time>
      </trkpt>
      <trkpt lat="48.05526" lon="-123.77877">
        <ele>637.07</ele>
        <time>2021-08-28T19:36:15Z</time>
      </trkpt>
      <trkpt lat="48.05525" lon="-123.77873">
        <ele>637.23</ele>
        <time>2021-08-28T19:36:18Z</time>
      </trkpt>
      <trkpt lat="48.05525" lon="-123.77868">
        <ele>638.77</ele>
        <time>2021-08-28T19:36:22Z</time>
      </trkpt>
      <trkpt lat="48.05526" lon="-123.77863">
        <ele>641.47</ele>
        <time>2021-08-28T19:36:27Z</time>
      </trkpt>
      <trkpt lat="48.05526" lon="-123.77859">
        <ele>642.4</ele>
        <time>2021-08-28T19:36:33Z</time>
      </trkpt>
      <trkpt lat="48.05526" lon="-123.77854">
        <ele>643.14</ele>
        <time>2021-08-28T19:36:38Z</time>
      </trkpt>
      <trkpt lat="48.05526" lon="-123.7785">
        <ele>643.7</ele>
        <time>2021-08-28T19:36:42Z</time>
      </trkpt>
      <trkpt lat="48.05526" lon="-123.77846">
        <ele>644.22</ele>
        <time>2021-08-28T19:36:45Z</time>
      </trkpt>
      <trkpt lat="48.05526" lon="-123.77841">
        <ele>644.72</ele>
        <time>2021-08-28T19:36:49Z</time>
      </trkpt>
      <trkpt lat="48.05526" lon="-123.77836">
        <ele>644.93</ele>
        <time>2021-08-28T19:36:52Z</time>
      </trkpt>
      <trkpt lat="48.05525" lon="-123.77832">
        <ele>644.64</ele>
        <time>2021-08-28T19:37:01Z</time>
      </trkpt>
      <trkpt lat="48.05523" lon="-123.77828">
        <ele>644.0</ele>
        <time>2021-08-28T19:37:04Z</time>
      </trkpt>
      <trkpt lat="48.05523" lon="-123.77822">
        <ele>644.64</ele>
        <time>2021-08-28T19:37:07Z</time>
      </trkpt>
      <trkpt lat="48.05523" lon="-123.77817">
        <ele>645.18</ele>
        <time>2021-08-28T19:37:09Z</time>
      </trkpt>
      <trkpt lat="48.05523" lon="-123.77813">
        <ele>645.72</ele>
        <time>2021-08-28T19:37:12Z</time>
      </trkpt>
      <trkpt lat="48.05523" lon="-123.77809">
        <ele>646.37</ele>
        <time>2021-08-28T19:37:15Z</time>
      </trkpt>
      <trkpt lat="48.05525" lon="-123.77805">
        <ele>647.92</ele>
        <time>2021-08-28T19:37:19Z</time>
      </trkpt>
      <trkpt lat="48.05527" lon="-123.77801">
        <ele>649.65</ele>
        <time>2021-08-28T19:37:24Z</time>
      </trkpt>
      <trkpt lat="48.05529" lon="-123.77801">
        <ele>649.85</ele>
        <time>2021-08-28T19:37:47Z</time>
      </trkpt>
      <trkpt lat="48.0553" lon="-123.77797">
        <ele>650.61</ele>
        <time>2021-08-28T19:37:50Z</time>
      </trkpt>
      <trkpt lat="48.0553" lon="-123.77792">
        <ele>651.8</ele>
        <time>2021-08-28T19:37:53Z</time>
      </trkpt>
      <trkpt lat="48.05532" lon="-123.77788">
        <ele>652.74</ele>
        <time>2021-08-28T19:37:57Z</time>
      </trkpt>
      <trkpt lat="48.05533" lon="-123.77783">
        <ele>654.36</ele>
        <time>2021-08-28T19:38:01Z</time>
      </trkpt>
      <trkpt lat="48.05532" lon="-123.77779">
        <ele>655.53</ele>
        <time>2021-08-28T19:38:05Z</time>
      </trkpt>
      <trkpt lat="48.0553" lon="-123.77774">
        <ele>656.7</ele>
        <time>2021-08-28T19:38:09Z</time>
      </trkpt>
      <trkpt lat="48.0553" lon="-123.7777">
        <ele>658.0</ele>
        <time>2021-08-28T19:38:12Z</time>
      </trkpt>
      <trkpt lat="48.0553" lon="-123.77765">
        <ele>659.62</ele>
        <time>2021-08-28T19:38:17Z</time>
      </trkpt>
      <trkpt lat="48.0553" lon="-123.77761">
        <ele>660.92</ele>
        <time>2021-08-28T19:38:20Z</time>
      </trkpt>
      <trkpt lat="48.05529" lon="-123.77756">
        <ele>662.93</ele>
        <time>2021-08-28T19:38:25Z</time>
      </trkpt>
      <trkpt lat="48.05527" lon="-123.77751">
        <ele>665.13</ele>
        <time>2021-08-28T19:38:30Z</time>
      </trkpt>
      <trkpt lat="48.05526" lon="-123.77747">
        <ele>666.53</ele>
        <time>2021-08-28T19:38:34Z</time>
      </trkpt>
      <trkpt lat="48.05524" lon="-123.77743">
        <ele>667.39</ele>
        <time>2021-08-28T19:38:39Z</time>
      </trkpt>
      <trkpt lat="48.05522" lon="-123.7774">
        <ele>667.74</ele>
        <time>2021-08-28T19:38:44Z</time>
      </trkpt>
      <trkpt lat="48.05519" lon="-123.77737">
        <ele>667.42</ele>
        <time>2021-08-28T19:38:48Z</time>
      </trkpt>
      <trkpt lat="48.05516" lon="-123.77734">
        <ele>667.1</ele>
        <time>2021-08-28T19:38:53Z</time>
      </trkpt>
      <trkpt lat="48.05514" lon="-123.77731">
        <ele>667.26</ele>
        <time>2021-08-28T19:38:59Z</time>
      </trkpt>
      <trkpt lat="48.05515" lon="-123.77726">
        <ele>669.85</ele>
        <time>2021-08-28T19:39:05Z</time>
      </trkpt>
      <trkpt lat="48.05513" lon="-123.77722">
        <ele>670.72</ele>
        <time>2021-08-28T19:39:08Z</time>
      </trkpt>
      <trkpt lat="48.05512" lon="-123.77719">
        <ele>671.68</ele>
        <time>2021-08-28T19:39:11Z</time>
      </trkpt>
      <trkpt lat="48.05512" lon="-123.77715">
        <ele>673.53</ele>
        <time>2021-08-28T19:39:16Z</time>
      </trkpt>
      <trkpt lat="48.05511" lon="-123.77712">
        <ele>674.54</ele>
        <time>2021-08-28T19:39:21Z</time>
      </trkpt>
      <trkpt lat="48.05508" lon="-123.77708">
        <ele>676.01</ele>
        <time>2021-08-28T19:39:24Z</time>
      </trkpt>
      <trkpt lat="48.05505" lon="-123.77706">
        <ele>676.71</ele>
        <time>2021-08-28T19:39:27Z</time>
      </trkpt>
      <trkpt lat="48.05502" lon="-123.77705">
        <ele>676.7</ele>
        <time>2021-08-28T19:39:30Z</time>
      </trkpt>
      <trkpt lat="48.05499" lon="-123.77704">
        <ele>676.62</ele>
        <time>2021-08-28T19:39:33Z</time>
      </trkpt>
      <trkpt lat="48.05496" lon="-123.77703">
        <ele>676.59</ele>
        <time>2021-08-28T19:39:36Z</time>
      </trkpt>
      <trkpt lat="48.05493" lon="-123.77703">
        <ele>675.94</ele>
        <time>2021-08-28T19:39:38Z</time>
      </trkpt>
      <trkpt lat="48.0549" lon="-123.77703">
        <ele>675.12</ele>
        <time>2021-08-28T19:39:43Z</time>
      </trkpt>
      <trkpt lat="48.05488" lon="-123.777">
        <ele>675.98</ele>
        <time>2021-08-28T19:39:48Z</time>
      </trkpt>
      <trkpt lat="48.05485" lon="-123.77697">
        <ele>675.97</ele>
        <time>2021-08-28T19:39:52Z</time>
      </trkpt>
      <trkpt lat="48.05482" lon="-123.77695">
        <ele>675.09</ele>
        <time>2021-08-28T19:39:56Z</time>
      </trkpt>
      <trkpt lat="48.05479" lon="-123.77694">
        <ele>672.53</ele>
        <time>2021-08-28T19:40:01Z</time>
      </trkpt>
      <trkpt lat="48.05476" lon="-123.77694">
        <ele>669.26</ele>
        <time>2021-08-28T19:40:09Z</time>
      </trkpt>
      <trkpt lat="48.05473" lon="-123.77693">
        <ele>666.33</ele>
        <time>2021-08-28T19:40:14Z</time>
      </trkpt>
      <trkpt lat="48.05473" lon="-123.77689">
        <ele>667.7</ele>
        <time>2021-08-28T19:40:20Z</time>
      </trkpt>
      <trkpt lat="48.05475" lon="-123.77685">
        <ele>671.67</ele>
        <time>2021-08-28T19:41:21Z</time>
      </trkpt>
      <trkpt lat="48.05477" lon="-123.77682">
        <ele>675.58</ele>
        <time>2021-08-28T19:41:27Z</time>
      </trkpt>
      <trkpt lat="48.05478" lon="-123.77678">
        <ele>678.78</ele>
        <time>2021-08-28T19:41:34Z</time>
      </trkpt>
      <trkpt lat="48.05481" lon="-123.77676">
        <ele>684.23</ele>
        <time>2021-08-28T19:41:38Z</time>
      </trkpt>
      <trkpt lat="48.05482" lon="-123.77672">
        <ele>686.95</ele>
        <time>2021-08-28T19:41:46Z</time>
      </trkpt>
      <trkpt lat="48.05482" lon="-123.77668">
        <ele>688.66</ele>
        <time>2021-08-28T19:41:51Z</time>
      </trkpt>
      <trkpt lat="48.05482" lon="-123.77664">
        <ele>689.82</ele>
        <time>2021-08-28T19:41:56Z</time>
      </trkpt>
      <trkpt lat="48.05481" lon="-123.7766">
        <ele>689.7</ele>
        <time>2021-08-28T19:42:00Z</time>
      </trkpt>
      <trkpt lat="48.0548" lon="-123.77656">
        <ele>688.81</ele>
        <time>2021-08-28T19:42:03Z</time>
      </trkpt>
      <trkpt lat="48.05477" lon="-123.77653">
        <ele>684.68</ele>
        <time>2021-08-28T19:42:06Z</time>
      </trkpt>
      <trkpt lat="48.05475" lon="-123.77649">
        <ele>682.47</ele>
        <time>2021-08-28T19:42:09Z</time>
      </trkpt>
      <trkpt lat="48.05477" lon="-123.77652">
        <ele>684.79</ele>
        <time>2021-08-28T19:42:19Z</time>
      </trkpt>
      <trkpt lat="48.0548" lon="-123.77655">
        <ele>688.84</ele>
        <time>2021-08-28T19:42:22Z</time>
      </trkpt>
      <trkpt lat="48.05483" lon="-123.77657">
        <ele>691.85</ele>
        <time>2021-08-28T19:42:25Z</time>
      </trkpt>
      <trkpt lat="48.05485" lon="-123.7766">
        <ele>692.23</ele>
        <time>2021-08-28T19:42:28Z</time>
      </trkpt>
      <trkpt lat="48.05487" lon="-123.77663">
        <ele>692.41</ele>
        <time>2021-08-28T19:42:31Z</time>
      </trkpt>
      <trkpt lat="48.05491" lon="-123.77664">
        <ele>693.98</ele>
        <time>2021-08-28T19:42:35Z</time>
      </trkpt>
      <trkpt lat="48.05494" lon="-123.77665">
        <ele>695.01</ele>
        <time>2021-08-28T19:42:38Z</time>
      </trkpt>
      <trkpt lat="48.05497" lon="-123.77666">
        <ele>695.97</ele>
        <time>2021-08-28T19:42:41Z</time>
      </trkpt>
      <trkpt lat="48.05501" lon="-123.77666">
        <ele>697.5</ele>
        <time>2021-08-28T19:42:44Z</time>
      </trkpt>
      <trkpt lat="48.05504" lon="-123.77666">
        <ele>698.15</ele>
        <time>2021-08-28T19:42:47Z</time>
      </trkpt>
      <trkpt lat="48.05507" lon="-123.77668">
        <ele>697.94</ele>
        <time>2021-08-28T19:42:52Z</time>
      </trkpt>
      <trkpt lat="48.0551" lon="-123.77667">
        <ele>699.1</ele>
        <time>2021-08-28T19:42:57Z</time>
      </trkpt>
      <trkpt lat="48.05513" lon="-123.77663">
        <ele>701.8</ele>
        <time>2021-08-28T19:43:00Z</time>
      </trkpt>
      <trkpt lat="48.05515" lon="-123.7766">
        <ele>703.74</ele>
        <time>2021-08-28T19:43:03Z</time>
      </trkpt>
      <trkpt lat="48.05516" lon="-123.77657">
        <ele>705.37</ele>
        <time>2021-08-28T19:43:06Z</time>
      </trkpt>
      <trkpt lat="48.05518" lon="-123.77652">
        <ele>708.2</ele>
        <time>2021-08-28T19:43:10Z</time>
      </trkpt>
      <trkpt lat="48.0552" lon="-123.77648">
        <ele>709.27</ele>
        <time>2021-08-28T19:43:14Z</time>
      </trkpt>
      <trkpt lat="48.05521" lon="-123.77645">
        <ele>710.0</ele>
        <time>2021-08-28T19:43:17Z</time>
      </trkpt>
      <trkpt lat="48.05523" lon="-123.77641">
        <ele>709.95</ele>
        <time>2021-08-28T19:43:21Z</time>
      </trkpt>
      <trkpt lat="48.05519" lon="-123.77641">
        <ele>713.44</ele>
        <time>2021-08-28T19:43:32Z</time>
      </trkpt>
      <trkpt lat="48.05516" lon="-123.77644">
        <ele>711.7</ele>
        <time>2021-08-28T19:43:35Z</time>
      </trkpt>
      <trkpt lat="48.05514" lon="-123.77646">
        <ele>710.18</ele>
        <time>2021-08-28T19:43:40Z</time>
      </trkpt>
      <trkpt lat="48.05516" lon="-123.77642">
        <ele>712.78</ele>
        <time>2021-08-28T19:43:49Z</time>
      </trkpt>
      <trkpt lat="48.05518" lon="-123.77639">
        <ele>714.83</ele>
        <time>2021-08-28T19:43:54Z</time>
      </trkpt>
      <trkpt lat="48.05519" lon="-123.77635">
        <ele>716.17</ele>
        <time>2021-08-28T19:43:58Z</time>
      </trkpt>
      <trkpt lat="48.05519" lon="-123.7763">
        <ele>718.27</ele>
        <time>2021-08-28T19:44:02Z</time>
      </trkpt>
      <trkpt lat="48.05518" lon="-123.77626">
        <ele>719.67</ele>
        <time>2021-08-28T19:44:06Z</time>
      </trkpt>
      <trkpt lat="48.05515" lon="-123.77626">
        <ele>719.02</ele>
        <time>2021-08-28T19:44:16Z</time>
      </trkpt>
      <trkpt lat="48.05512" lon="-123.77627">
        <ele>718.16</ele>
        <time>2021-08-28T19:44:20Z</time>
      </trkpt>
      <trkpt lat="48.05509" lon="-123.7763">
        <ele>716.65</ele>
        <time>2021-08-28T19:44:24Z</time>
      </trkpt>
      <trkpt lat="48.05507" lon="-123.77627">
        <ele>715.86</ele>
        <time>2021-08-28T19:44:40Z</time>
      </trkpt>
      <trkpt lat="48.05508" lon="-123.77622">
        <ele>717.7</ele>
        <time>2021-08-28T19:44:47Z</time>
      </trkpt>
      <trkpt lat="48.05505" lon="-123.77621">
        <ele>715.64</ele>
        <time>2021-08-28T19:44:57Z</time>
      </trkpt>
      <trkpt lat="48.05504" lon="-123.77616">
        <ele>715.97</ele>
        <time>2021-08-28T19:45:43Z</time>
      </trkpt>
      <trkpt lat="48.05505" lon="-123.77612">
        <ele>717.59</ele>
        <time>2021-08-28T19:45:46Z</time>
      </trkpt>
      <trkpt lat="48.05506" lon="-123.77608">
        <ele>719.21</ele>
        <time>2021-08-28T19:45:50Z</time>
      </trkpt>
      <trkpt lat="48.05506" lon="-123.77603">
        <ele>720.29</ele>
        <time>2021-08-28T19:45:55Z</time>
      </trkpt>
      <trkpt lat="48.05506" lon="-123.77599">
        <ele>720.84</ele>
        <time>2021-08-28T19:45:58Z</time>
      </trkpt>
      <trkpt lat="48.05507" lon="-123.77594">
        <ele>722.14</ele>
        <time>2021-08-28T19:46:01Z</time>
      </trkpt>
      <trkpt lat="48.05507" lon="-123.77589">
        <ele>722.68</ele>
        <time>2021-08-28T19:46:05Z</time>
      </trkpt>
      <trkpt lat="48.05506" lon="-123.77585">
        <ele>722.36</ele>
        <time>2021-08-28T19:46:09Z</time>
      </trkpt>
      <trkpt lat="48.05506" lon="-123.77581">
        <ele>723.04</ele>
        <time>2021-08-28T19:46:13Z</time>
      </trkpt>
      <trkpt lat="48.05506" lon="-123.77577">
        <ele>723.9</ele>
        <time>2021-08-28T19:46:18Z</time>
      </trkpt>
      <trkpt lat="48.05506" lon="-123.77572">
        <ele>725.13</ele>
        <time>2021-08-28T19:46:24Z</time>
      </trkpt>
      <trkpt lat="48.05504" lon="-123.77569">
        <ele>724.36</ele>
        <time>2021-08-28T19:46:33Z</time>
      </trkpt>
      <trkpt lat="48.05503" lon="-123.77565">
        <ele>724.55</ele>
        <time>2021-08-28T19:46:41Z</time>
      </trkpt>
      <trkpt lat="48.05504" lon="-123.77559">
        <ele>727.61</ele>
        <time>2021-08-28T19:46:46Z</time>
      </trkpt>
      <trkpt lat="48.05504" lon="-123.77555">
        <ele>729.04</ele>
        <time>2021-08-28T19:46:50Z</time>
      </trkpt>
      <trkpt lat="48.05504" lon="-123.7755">
        <ele>730.43</ele>
        <time>2021-08-28T19:46:58Z</time>
      </trkpt>
      <trkpt lat="48.05504" lon="-123.77546">
        <ele>731.54</ele>
        <time>2021-08-28T19:47:03Z</time>
      </trkpt>
      <trkpt lat="48.05502" lon="-123.77542">
        <ele>731.02</ele>
        <time>2021-08-28T19:47:12Z</time>
      </trkpt>
      <trkpt lat="48.05501" lon="-123.77537">
        <ele>731.76</ele>
        <time>2021-08-28T19:47:16Z</time>
      </trkpt>
      <trkpt lat="48.055" lon="-123.77532">
        <ele>731.54</ele>
        <time>2021-08-28T19:47:20Z</time>
      </trkpt>
      <trkpt lat="48.05499" lon="-123.77528">
        <ele>730.67</ele>
        <time>2021-08-28T19:47:24Z</time>
      </trkpt>
      <trkpt lat="48.05498" lon="-123.77523">
        <ele>730.44</ele>
        <time>2021-08-28T19:47:28Z</time>
      </trkpt>
      <trkpt lat="48.05497" lon="-123.77519">
        <ele>730.01</ele>
        <time>2021-08-28T19:47:33Z</time>
      </trkpt>
      <trkpt lat="48.05495" lon="-123.77516">
        <ele>728.36</ele>
        <time>2021-08-28T19:47:38Z</time>
      </trkpt>
      <trkpt lat="48.05494" lon="-123.77511">
        <ele>728.9</ele>
        <time>2021-08-28T19:47:42Z</time>
      </trkpt>
      <trkpt lat="48.05494" lon="-123.77506">
        <ele>730.58</ele>
        <time>2021-08-28T19:47:46Z</time>
      </trkpt>
      <trkpt lat="48.05494" lon="-123.77502">
        <ele>731.87</ele>
        <time>2021-08-28T19:47:51Z</time>
      </trkpt>
      <trkpt lat="48.05495" lon="-123.77498">
        <ele>734.35</ele>
        <time>2021-08-28T19:47:56Z</time>
      </trkpt>
      <trkpt lat="48.05494" lon="-123.77493">
        <ele>735.05</ele>
        <time>2021-08-28T19:48:00Z</time>
      </trkpt>
      <trkpt lat="48.05494" lon="-123.77489">
        <ele>736.44</ele>
        <time>2021-08-28T19:48:04Z</time>
      </trkpt>
      <trkpt lat="48.05494" lon="-123.77484">
        <ele>738.06</ele>
        <time>2021-08-28T19:48:10Z</time>
      </trkpt>
      <trkpt lat="48.05493" lon="-123.77479">
        <ele>738.42</ele>
        <time>2021-08-28T19:48:14Z</time>
      </trkpt>
      <trkpt lat="48.05493" lon="-123.77475">
        <ele>739.61</ele>
        <time>2021-08-28T19:48:17Z</time>
      </trkpt>
      <trkpt lat="48.05493" lon="-123.7747">
        <ele>740.86</ele>
        <time>2021-08-28T19:48:26Z</time>
      </trkpt>
      <trkpt lat="48.05494" lon="-123.77466">
        <ele>742.63</ele>
        <time>2021-08-28T19:48:31Z</time>
      </trkpt>
      <trkpt lat="48.05495" lon="-123.77463">
        <ele>744.13</ele>
        <time>2021-08-28T19:48:38Z</time>
      </trkpt>
      <trkpt lat="48.05498" lon="-123.77461">
        <ele>747.27</ele>
        <time>2021-08-28T19:49:04Z</time>
      </trkpt>
      <trkpt lat="48.05497" lon="-123.77464">
        <ele>745.94</ele>
        <time>2021-08-28T19:49:17Z</time>
      </trkpt>
      <trkpt lat="48.05497" lon="-123.7746">
        <ele>746.4</ele>
        <time>2021-08-28T19:50:24Z</time>
      </trkpt>
      <trkpt lat="48.05496" lon="-123.77464">
        <ele>744.95</ele>
        <time>2021-08-28T19:51:48Z</time>
      </trkpt>
      <trkpt lat="48.05496" lon="-123.7746">
        <ele>745.43</ele>
        <time>2021-08-28T19:52:42Z</time>
      </trkpt>
      <trkpt lat="48.05494" lon="-123.77456">
        <ele>743.92</ele>
        <time>2021-08-28T19:52:47Z</time>
      </trkpt>
      <trkpt lat="48.05492" lon="-123.77453">
        <ele>742.38</ele>
        <time>2021-08-28T19:52:52Z</time>
      </trkpt>
      <trkpt lat="48.05494" lon="-123.77456">
        <ele>743.92</ele>
        <time>2021-08-28T19:53:01Z</time>
      </trkpt>
      <trkpt lat="48.05495" lon="-123.7746">
        <ele>744.46</ele>
        <time>2021-08-28T19:53:12Z</time>
      </trkpt>
      <trkpt lat="48.05495" lon="-123.77464">
        <ele>743.97</ele>
        <time>2021-08-28T19:53:15Z</time>
      </trkpt>
      <trkpt lat="48.05497" lon="-123.77466">
        <ele>745.65</ele>
        <time>2021-08-28T19:53:34Z</time>
      </trkpt>
      <trkpt lat="48.05499" lon="-123.77469">
        <ele>747.31</ele>
        <time>2021-08-28T19:53:43Z</time>
      </trkpt>
      <trkpt lat="48.05499" lon="-123.77464">
        <ele>747.9</ele>
        <time>2021-08-28T19:53:49Z</time>
      </trkpt>
      <trkpt lat="48.05499" lon="-123.7746">
        <ele>748.35</ele>
        <time>2021-08-28T19:53:55Z</time>
      </trkpt>
      <trkpt lat="48.05502" lon="-123.77457">
        <ele>750.65</ele>
        <time>2021-08-28T19:53:59Z</time>
      </trkpt>
      <trkpt lat="48.055" lon="-123.77454">
        <ele>749.97</ele>
        <time>2021-08-28T19:54:07Z</time>
      </trkpt>
      <trkpt lat="48.05499" lon="-123.7745">
        <ele>749.83</ele>
        <time>2021-08-28T19:54:16Z</time>
      </trkpt>
      <trkpt lat="48.05499" lon="-123.77446">
        <ele>750.69</ele>
        <time>2021-08-28T19:54:21Z</time>
      </trkpt>
      <trkpt lat="48.05498" lon="-123.77442">
        <ele>750.32</ele>
        <time>2021-08-28T19:54:28Z</time>
      </trkpt>
      <trkpt lat="48.05497" lon="-123.77438">
        <ele>749.78</ele>
        <time>2021-08-28T19:54:39Z</time>
      </trkpt>
      <trkpt lat="48.05498" lon="-123.77434">
        <ele>751.28</ele>
        <time>2021-08-28T19:54:46Z</time>
      </trkpt>
      <trkpt lat="48.05498" lon="-123.77429">
        <ele>752.25</ele>
        <time>2021-08-28T19:55:35Z</time>
      </trkpt>
      <trkpt lat="48.055" lon="-123.77427">
        <ele>754.77</ele>
        <time>2021-08-28T19:55:48Z</time>
      </trkpt>
      <trkpt lat="48.05501" lon="-123.77423">
        <ele>756.32</ele>
        <time>2021-08-28T19:56:34Z</time>
      </trkpt>
      <trkpt lat="48.05504" lon="-123.77423">
        <ele>759.34</ele>
        <time>2021-08-28T19:56:56Z</time>
      </trkpt>
      <trkpt lat="48.05503" lon="-123.77419">
        <ele>758.91</ele>
        <time>2021-08-28T19:57:11Z</time>
      </trkpt>
      <trkpt lat="48.05504" lon="-123.77415">
        <ele>760.48</ele>
        <time>2021-08-28T19:57:16Z</time>
      </trkpt>
      <trkpt lat="48.05504" lon="-123.77411">
        <ele>760.85</ele>
        <time>2021-08-28T19:57:22Z</time>
      </trkpt>
      <trkpt lat="48.05506" lon="-123.77407">
        <ele>763.85</ele>
        <time>2021-08-28T19:57:29Z</time>
      </trkpt>
      <trkpt lat="48.05506" lon="-123.77402">
        <ele>764.74</ele>
        <time>2021-08-28T19:57:36Z</time>
      </trkpt>
      <trkpt lat="48.05505" lon="-123.77405">
        <ele>762.88</ele>
        <time>2021-08-28T19:58:05Z</time>
      </trkpt>
      <trkpt lat="48.05503" lon="-123.77401">
        <ele>760.8</ele>
        <time>2021-08-28T19:58:33Z</time>
      </trkpt>
      <trkpt lat="48.05502" lon="-123.77398">
        <ele>759.84</ele>
        <time>2021-08-28T19:58:41Z</time>
      </trkpt>
      <trkpt lat="48.05499" lon="-123.77396">
        <ele>756.49</ele>
        <time>2021-08-28T19:58:46Z</time>
      </trkpt>
      <trkpt lat="48.05499" lon="-123.77391">
        <ele>757.57</ele>
        <time>2021-08-28T19:58:52Z</time>
      </trkpt>
      <trkpt lat="48.055" lon="-123.77387">
        <ele>759.61</ele>
        <time>2021-08-28T19:59:04Z</time>
      </trkpt>
      <trkpt lat="48.05502" lon="-123.77384">
        <ele>763.39</ele>
        <time>2021-08-28T19:59:07Z</time>
      </trkpt>
      <trkpt lat="48.05503" lon="-123.77381">
        <ele>765.77</ele>
        <time>2021-08-28T19:59:15Z</time>
      </trkpt>
      <trkpt lat="48.05506" lon="-123.7738">
        <ele>770.3</ele>
        <time>2021-08-28T20:00:12Z</time>
      </trkpt>
      <trkpt lat="48.05505" lon="-123.77376">
        <ele>770.41</ele>
        <time>2021-08-28T20:00:28Z</time>
      </trkpt>
      <trkpt lat="48.05502" lon="-123.77376">
        <ele>766.07</ele>
        <time>2021-08-28T20:00:35Z</time>
      </trkpt>
      <trkpt lat="48.055" lon="-123.77375">
        <ele>763.5</ele>
        <time>2021-08-28T20:00:42Z</time>
      </trkpt>
      <trkpt lat="48.05502" lon="-123.77372">
        <ele>767.46</ele>
        <time>2021-08-28T20:01:07Z</time>
      </trkpt>
      <trkpt lat="48.05505" lon="-123.7737">
        <ele>772.7</ele>
        <time>2021-08-28T20:01:15Z</time>
      </trkpt>
      <trkpt lat="48.05507" lon="-123.7737">
        <ele>775.71</ele>
        <time>2021-08-28T20:01:19Z</time>
      </trkpt>
      <trkpt lat="48.0551" lon="-123.77368">
        <ele>780.73</ele>
        <time>2021-08-28T20:01:26Z</time>
      </trkpt>
      <trkpt lat="48.05513" lon="-123.77369">
        <ele>784.29</ele>
        <time>2021-08-28T20:01:41Z</time>
      </trkpt>
      <trkpt lat="48.0551" lon="-123.7737">
        <ele>780.08</ele>
        <time>2021-08-28T20:01:53Z</time>
      </trkpt>
      <trkpt lat="48.05507" lon="-123.77371">
        <ele>775.33</ele>
        <time>2021-08-28T20:01:59Z</time>
      </trkpt>
      <trkpt lat="48.05505" lon="-123.77372">
        <ele>771.94</ele>
        <time>2021-08-28T20:02:49Z</time>
      </trkpt>
      <trkpt lat="48.05506" lon="-123.77368">
        <ele>774.93</ele>
        <time>2021-08-28T20:02:57Z</time>
      </trkpt>
      <trkpt lat="48.05507" lon="-123.77364">
        <ele>777.82</ele>
        <time>2021-08-28T20:03:02Z</time>
      </trkpt>
      <trkpt lat="48.05507" lon="-123.77359">
        <ele>779.34</ele>
        <time>2021-08-28T20:03:07Z</time>
      </trkpt>
      <trkpt lat="48.05509" lon="-123.77356">
        <ele>782.76</ele>
        <time>2021-08-28T20:03:12Z</time>
      </trkpt>
      <trkpt lat="48.05512" lon="-123.77354">
        <ele>787.32</ele>
        <time>2021-08-28T20:03:15Z</time>
      </trkpt>
      <trkpt lat="48.05515" lon="-123.77352">
        <ele>792.02</ele>
        <time>2021-08-28T20:03:17Z</time>
      </trkpt>
      <trkpt lat="48.05514" lon="-123.77348">
        <ele>791.49</ele>
        <time>2021-08-28T20:03:24Z</time>
      </trkpt>
      <trkpt lat="48.05511" lon="-123.77346">
        <ele>787.71</ele>
        <time>2021-08-28T20:03:28Z</time>
      </trkpt>
      <trkpt lat="48.0551" lon="-123.77342">
        <ele>787.17</ele>
        <time>2021-08-28T20:03:39Z</time>
      </trkpt>
      <trkpt lat="48.05512" lon="-123.77338">
        <ele>790.99</ele>
        <time>2021-08-28T20:04:26Z</time>
      </trkpt>
      <trkpt lat="48.05512" lon="-123.77334">
        <ele>791.98</ele>
        <time>2021-08-28T20:04:31Z</time>
      </trkpt>
      <trkpt lat="48.05511" lon="-123.77329">
        <ele>791.57</ele>
        <time>2021-08-28T20:04:37Z</time>
      </trkpt>
      <trkpt lat="48.05511" lon="-123.77325">
        <ele>792.43</ele>
        <time>2021-08-28T20:04:44Z</time>
      </trkpt>
      <trkpt lat="48.0551" lon="-123.7732">
        <ele>792.0</ele>
        <time>2021-08-28T20:04:48Z</time>
      </trkpt>
      <trkpt lat="48.05508" lon="-123.77318">
        <ele>789.82</ele>
        <time>2021-08-28T20:04:54Z</time>
      </trkpt>
      <trkpt lat="48.05507" lon="-123.77313">
        <ele>789.71</ele>
        <time>2021-08-28T20:04:59Z</time>
      </trkpt>
      <trkpt lat="48.05506" lon="-123.77308">
        <ele>789.6</ele>
        <time>2021-08-28T20:05:03Z</time>
      </trkpt>
      <trkpt lat="48.05505" lon="-123.77303">
        <ele>789.34</ele>
        <time>2021-08-28T20:05:07Z</time>
      </trkpt>
      <trkpt lat="48.05505" lon="-123.77299">
        <ele>789.97</ele>
        <time>2021-08-28T20:05:10Z</time>
      </trkpt>
      <trkpt lat="48.05505" lon="-123.77295">
        <ele>790.53</ele>
        <time>2021-08-28T20:05:16Z</time>
      </trkpt>
      <trkpt lat="48.05508" lon="-123.77293">
        <ele>793.74</ele>
        <time>2021-08-28T20:05:20Z</time>
      </trkpt>
      <trkpt lat="48.0551" lon="-123.77293">
        <ele>795.8</ele>
        <time>2021-08-28T20:05:26Z</time>
      </trkpt>
      <trkpt lat="48.05513" lon="-123.7729">
        <ele>799.04</ele>
        <time>2021-08-28T20:05:34Z</time>
      </trkpt>
      <trkpt lat="48.05514" lon="-123.77287">
        <ele>800.12</ele>
        <time>2021-08-28T20:05:41Z</time>
      </trkpt>
      <trkpt lat="48.05516" lon="-123.77283">
        <ele>802.52</ele>
        <time>2021-08-28T20:05:47Z</time>
      </trkpt>
      <trkpt lat="48.05519" lon="-123.77283">
        <ele>805.34</ele>
        <time>2021-08-28T20:05:51Z</time>
      </trkpt>
      <trkpt lat="48.05522" lon="-123.77282">
        <ele>807.43</ele>
        <time>2021-08-28T20:05:57Z</time>
      </trkpt>
      <trkpt lat="48.05524" lon="-123.7728">
        <ele>808.69</ele>
        <time>2021-08-28T20:06:06Z</time>
      </trkpt>
      <trkpt lat="48.05527" lon="-123.77278">
        <ele>810.52</ele>
        <time>2021-08-28T20:06:12Z</time>
      </trkpt>
      <trkpt lat="48.05529" lon="-123.77276">
        <ele>811.26</ele>
        <time>2021-08-28T20:06:20Z</time>
      </trkpt>
      <trkpt lat="48.05532" lon="-123.77276">
        <ele>811.91</ele>
        <time>2021-08-28T20:06:28Z</time>
      </trkpt>
      <trkpt lat="48.0553" lon="-123.77275">
        <ele>811.48</ele>
        <time>2021-08-28T20:06:44Z</time>
      </trkpt>
      <trkpt lat="48.05528" lon="-123.77278">
        <ele>811.07</ele>
        <time>2021-08-28T20:08:06Z</time>
      </trkpt>
      <trkpt lat="48.05529" lon="-123.77282">
        <ele>811.72</ele>
        <time>2021-08-28T20:08:10Z</time>
      </trkpt>
      <trkpt lat="48.05529" lon="-123.77287">
        <ele>812.26</ele>
        <time>2021-08-28T20:08:19Z</time>
      </trkpt>
      <trkpt lat="48.05531" lon="-123.7729">
        <ele>813.02</ele>
        <time>2021-08-28T20:08:23Z</time>
      </trkpt>
      <trkpt lat="48.05531" lon="-123.77294">
        <ele>813.45</ele>
        <time>2021-08-28T20:08:29Z</time>
      </trkpt>
      <trkpt lat="48.05533" lon="-123.77297">
        <ele>814.41</ele>
        <time>2021-08-28T20:08:34Z</time>
      </trkpt>
      <trkpt lat="48.05532" lon="-123.77302">
        <ele>815.99</ele>
        <time>2021-08-28T20:08:53Z</time>
      </trkpt>
      <trkpt lat="48.05532" lon="-123.77305">
        <ele>817.08</ele>
        <time>2021-08-28T20:08:57Z</time>
      </trkpt>
      <trkpt lat="48.05533" lon="-123.77309">
        <ele>818.82</ele>
        <time>2021-08-28T20:09:08Z</time>
      </trkpt>
      <trkpt lat="48.05535" lon="-123.77313">
        <ele>821.59</ele>
        <time>2021-08-28T20:09:26Z</time>
      </trkpt>
      <trkpt lat="48.05536" lon="-123.77316">
        <ele>823.33</ele>
        <time>2021-08-28T20:09:34Z</time>
      </trkpt>
      <trkpt lat="48.05536" lon="-123.7732">
        <ele>824.1</ele>
        <time>2021-08-28T20:09:43Z</time>
      </trkpt>
      <trkpt lat="48.05537" lon="-123.77325">
        <ele>825.96</ele>
        <time>2021-08-28T20:09:51Z</time>
      </trkpt>
      <trkpt lat="48.05537" lon="-123.77329">
        <ele>825.96</ele>
        <time>2021-08-28T20:09:58Z</time>
      </trkpt>
      <trkpt lat="48.05537" lon="-123.77333">
        <ele>825.96</ele>
        <time>2021-08-28T20:10:06Z</time>
      </trkpt>
      <trkpt lat="48.05537" lon="-123.77338">
        <ele>825.45</ele>
        <time>2021-08-28T20:10:34Z</time>
      </trkpt>
      <trkpt lat="48.05539" lon="-123.77341">
        <ele>825.49</ele>
        <time>2021-08-28T20:10:40Z</time>
      </trkpt>
      <trkpt lat="48.05541" lon="-123.77345">
        <ele>825.93</ele>
        <time>2021-08-28T20:11:10Z</time>
      </trkpt>
      <trkpt lat="48.05541" lon="-123.77349">
        <ele>826.05</ele>
        <time>2021-08-28T20:11:26Z</time>
      </trkpt>
      <trkpt lat="48.05542" lon="-123.77353">
        <ele>826.56</ele>
        <time>2021-08-28T20:11:58Z</time>
      </trkpt>
      <trkpt lat="48.05541" lon="-123.77357">
        <ele>825.5</ele>
        <time>2021-08-28T20:13:11Z</time>
      </trkpt>
      <trkpt lat="48.05538" lon="-123.7736">
        <ele>822.94</ele>
        <time>2021-08-28T20:13:19Z</time>
      </trkpt>
      <trkpt lat="48.05537" lon="-123.77356">
        <ele>823.05</ele>
        <time>2021-08-28T20:15:22Z</time>
      </trkpt>
      <trkpt lat="48.05541" lon="-123.77356">
        <ele>825.63</ele>
        <time>2021-08-28T20:15:28Z</time>
      </trkpt>
      <trkpt lat="48.05543" lon="-123.77353">
        <ele>827.13</ele>
        <time>2021-08-28T20:15:39Z</time>
      </trkpt>
      <trkpt lat="48.0554" lon="-123.77353">
        <ele>825.43</ele>
        <time>2021-08-28T20:15:46Z</time>
      </trkpt>
      <trkpt lat="48.05539" lon="-123.77356">
        <ele>824.35</ele>
        <time>2021-08-28T20:15:54Z</time>
      </trkpt>
      <trkpt lat="48.05539" lon="-123.7736">
        <ele>823.67</ele>
        <time>2021-08-28T20:16:33Z</time>
      </trkpt>
      <trkpt lat="48.0554" lon="-123.77364">
        <ele>822.06</ele>
        <time>2021-08-28T20:16:50Z</time>
      </trkpt>
      <trkpt lat="48.05542" lon="-123.77362">
        <ele>825.08</ele>
        <time>2021-08-28T20:17:16Z</time>
      </trkpt>
      <trkpt lat="48.05542" lon="-123.77366">
        <ele>822.06</ele>
        <time>2021-08-28T20:17:24Z</time>
      </trkpt>
      <trkpt lat="48.05542" lon="-123.77362">
        <ele>825.08</ele>
        <time>2021-08-28T20:18:30Z</time>
      </trkpt>
      <trkpt lat="48.05544" lon="-123.77362">
        <ele>826.59</ele>
        <time>2021-08-28T20:19:35Z</time>
      </trkpt>
      <trkpt lat="48.05544" lon="-123.77367">
        <ele>822.81</ele>
        <time>2021-08-28T20:20:13Z</time>
      </trkpt>
      <trkpt lat="48.05542" lon="-123.77363">
        <ele>824.32</ele>
        <time>2021-08-28T20:21:22Z</time>
      </trkpt>
      <trkpt lat="48.0554" lon="-123.7736">
        <ele>824.4</ele>
        <time>2021-08-28T20:21:25Z</time>
      </trkpt>
      <trkpt lat="48.05543" lon="-123.77362">
        <ele>825.84</ele>
        <time>2021-08-28T20:21:37Z</time>
      </trkpt>
      <trkpt lat="48.05545" lon="-123.77365">
        <ele>825.08</ele>
        <time>2021-08-28T20:21:43Z</time>
      </trkpt>
      <trkpt lat="48.05542" lon="-123.77366">
        <ele>822.06</ele>
        <time>2021-08-28T20:22:05Z</time>
      </trkpt>
      <trkpt lat="48.0554" lon="-123.77362">
        <ele>823.57</ele>
        <time>2021-08-28T20:22:29Z</time>
      </trkpt>
      <trkpt lat="48.05539" lon="-123.77358">
        <ele>824.01</ele>
        <time>2021-08-28T20:22:35Z</time>
      </trkpt>
      <trkpt lat="48.05539" lon="-123.77354">
        <ele>824.69</ele>
        <time>2021-08-28T20:24:01Z</time>
      </trkpt>
      <trkpt lat="48.05539" lon="-123.7735">
        <ele>825.13</ele>
        <time>2021-08-28T20:24:08Z</time>
      </trkpt>
      <trkpt lat="48.05538" lon="-123.77346">
        <ele>824.95</ele>
        <time>2021-08-28T20:24:19Z</time>
      </trkpt>
      <trkpt lat="48.05539" lon="-123.77341">
        <ele>825.49</ele>
        <time>2021-08-28T20:24:23Z</time>
      </trkpt>
      <trkpt lat="48.05536" lon="-123.7734">
        <ele>824.05</ele>
        <time>2021-08-28T20:24:37Z</time>
      </trkpt>
      <trkpt lat="48.05533" lon="-123.77339">
        <ele>820.59</ele>
        <time>2021-08-28T20:25:23Z</time>
      </trkpt>
      <trkpt lat="48.05533" lon="-123.77335">
        <ele>821.02</ele>
        <time>2021-08-28T20:25:41Z</time>
      </trkpt>
      <trkpt lat="48.05534" lon="-123.77338">
        <ele>821.89</ele>
        <time>2021-08-28T20:26:15Z</time>
      </trkpt>
      <trkpt lat="48.05536" lon="-123.77342">
        <ele>823.83</ele>
        <time>2021-08-28T20:26:22Z</time>
      </trkpt>
      <trkpt lat="48.05538" lon="-123.77344">
        <ele>825.1</ele>
        <time>2021-08-28T20:26:28Z</time>
      </trkpt>
      <trkpt lat="48.05536" lon="-123.77341">
        <ele>823.94</ele>
        <time>2021-08-28T20:26:49Z</time>
      </trkpt>
      <trkpt lat="48.05533" lon="-123.77339">
        <ele>820.59</ele>
        <time>2021-08-28T20:27:09Z</time>
      </trkpt>
      <trkpt lat="48.05535" lon="-123.77335">
        <ele>823.4</ele>
        <time>2021-08-28T20:27:50Z</time>
      </trkpt>
      <trkpt lat="48.05537" lon="-123.77339">
        <ele>825.34</ele>
        <time>2021-08-28T20:28:03Z</time>
      </trkpt>
      <trkpt lat="48.05537" lon="-123.77343">
        <ele>824.91</ele>
        <time>2021-08-28T20:28:19Z</time>
      </trkpt>
      <trkpt lat="48.05537" lon="-123.77339">
        <ele>825.34</ele>
        <time>2021-08-28T20:28:52Z</time>
      </trkpt>
      <trkpt lat="48.05535" lon="-123.77336">
        <ele>823.29</ele>
        <time>2021-08-28T20:29:46Z</time>
      </trkpt>
      <trkpt lat="48.05533" lon="-123.77334">
        <ele>821.13</ele>
        <time>2021-08-28T20:30:29Z</time>
      </trkpt>
      <trkpt lat="48.05535" lon="-123.77337">
        <ele>823.18</ele>
        <time>2021-08-28T20:30:57Z</time>
      </trkpt>
      <trkpt lat="48.05534" lon="-123.77333">
        <ele>822.4</ele>
        <time>2021-08-28T20:31:38Z</time>
      </trkpt>
      <trkpt lat="48.05536" lon="-123.77337">
        <ele>824.37</ele>
        <time>2021-08-28T20:31:57Z</time>
      </trkpt>
      <trkpt lat="48.05537" lon="-123.77342">
        <ele>825.02</ele>
        <time>2021-08-28T20:32:04Z</time>
      </trkpt>
      <trkpt lat="48.05537" lon="-123.77346">
        <ele>824.59</ele>
        <time>2021-08-28T20:33:15Z</time>
      </trkpt>
      <trkpt lat="48.05536" lon="-123.77342">
        <ele>823.83</ele>
        <time>2021-08-28T20:33:36Z</time>
      </trkpt>
      <trkpt lat="48.05535" lon="-123.77337">
        <ele>823.18</ele>
        <time>2021-08-28T20:33:41Z</time>
      </trkpt>
      <trkpt lat="48.05536" lon="-123.77341">
        <ele>823.94</ele>
        <time>2021-08-28T20:35:12Z</time>
      </trkpt>
      <trkpt lat="48.05536" lon="-123.77336">
        <ele>824.48</ele>
        <time>2021-08-28T20:36:17Z</time>
      </trkpt>
      <trkpt lat="48.05536" lon="-123.77341">
        <ele>823.94</ele>
        <time>2021-08-28T20:36:56Z</time>
      </trkpt>
      <trkpt lat="48.05537" lon="-123.77345">
        <ele>824.69</ele>
        <time>2021-08-28T20:37:24Z</time>
      </trkpt>
      <trkpt lat="48.05537" lon="-123.7734">
        <ele>825.24</ele>
        <time>2021-08-28T20:38:44Z</time>
      </trkpt>
      <trkpt lat="48.05537" lon="-123.77345">
        <ele>824.69</ele>
        <time>2021-08-28T20:43:17Z</time>
      </trkpt>
      <trkpt lat="48.05535" lon="-123.77341">
        <ele>822.75</ele>
        <time>2021-08-28T20:44:30Z</time>
      </trkpt>
      <trkpt lat="48.05537" lon="-123.77344">
        <ele>824.8</ele>
        <time>2021-08-28T20:49:38Z</time>
      </trkpt>
      <trkpt lat="48.05535" lon="-123.77341">
        <ele>822.75</ele>
        <time>2021-08-28T20:58:29Z</time>
      </trkpt>
      <trkpt lat="48.05534" lon="-123.77337">
        <ele>822.0</ele>
        <time>2021-08-28T20:58:49Z</time>
      </trkpt>
      <trkpt lat="48.05536" lon="-123.77334">
        <ele>824.7</ele>
        <time>2021-08-28T20:59:02Z</time>
      </trkpt>
      <trkpt lat="48.05536" lon="-123.77329">
        <ele>824.82</ele>
        <time>2021-08-28T20:59:09Z</time>
      </trkpt>
      <trkpt lat="48.05536" lon="-123.77325">
        <ele>824.87</ele>
        <time>2021-08-28T20:59:15Z</time>
      </trkpt>
      <trkpt lat="48.05534" lon="-123.77322">
        <ele>822.42</ele>
        <time>2021-08-28T20:59:21Z</time>
      </trkpt>
      <trkpt lat="48.05534" lon="-123.77317">
        <ele>821.69</ele>
        <time>2021-08-28T20:59:29Z</time>
      </trkpt>
      <trkpt lat="48.05533" lon="-123.77313">
        <ele>819.98</ele>
        <time>2021-08-28T20:59:59Z</time>
      </trkpt>
      <trkpt lat="48.05533" lon="-123.77309">
        <ele>818.82</ele>
        <time>2021-08-28T21:00:07Z</time>
      </trkpt>
      <trkpt lat="48.05532" lon="-123.77305">
        <ele>817.08</ele>
        <time>2021-08-28T21:00:54Z</time>
      </trkpt>
      <trkpt lat="48.05531" lon="-123.773">
        <ele>814.91</ele>
        <time>2021-08-28T21:01:01Z</time>
      </trkpt>
      <trkpt lat="48.05531" lon="-123.77296">
        <ele>813.66</ele>
        <time>2021-08-28T21:01:07Z</time>
      </trkpt>
      <trkpt lat="48.05531" lon="-123.77292">
        <ele>813.23</ele>
        <time>2021-08-28T21:01:13Z</time>
      </trkpt>
      <trkpt lat="48.0553" lon="-123.77288">
        <ele>812.58</ele>
        <time>2021-08-28T21:01:17Z</time>
      </trkpt>
      <trkpt lat="48.05529" lon="-123.77284">
        <ele>811.94</ele>
        <time>2021-08-28T21:01:21Z</time>
      </trkpt>
      <trkpt lat="48.05529" lon="-123.77278">
        <ele>811.29</ele>
        <time>2021-08-28T21:01:28Z</time>
      </trkpt>
      <trkpt lat="48.05529" lon="-123.77274">
        <ele>811.26</ele>
        <time>2021-08-28T21:01:36Z</time>
      </trkpt>
      <trkpt lat="48.05526" lon="-123.77277">
        <ele>809.86</ele>
        <time>2021-08-28T21:01:44Z</time>
      </trkpt>
      <trkpt lat="48.05525" lon="-123.77281">
        <ele>809.44</ele>
        <time>2021-08-28T21:01:59Z</time>
      </trkpt>
      <trkpt lat="48.05523" lon="-123.77285">
        <ele>808.28</ele>
        <time>2021-08-28T21:02:05Z</time>
      </trkpt>
      <trkpt lat="48.0552" lon="-123.77287">
        <ele>806.12</ele>
        <time>2021-08-28T21:02:11Z</time>
      </trkpt>
      <trkpt lat="48.05518" lon="-123.77288">
        <ele>804.44</ele>
        <time>2021-08-28T21:02:18Z</time>
      </trkpt>
      <trkpt lat="48.05515" lon="-123.7729">
        <ele>801.2</ele>
        <time>2021-08-28T21:02:25Z</time>
      </trkpt>
      <trkpt lat="48.05513" lon="-123.77293">
        <ele>799.04</ele>
        <time>2021-08-28T21:02:37Z</time>
      </trkpt>
      <trkpt lat="48.05511" lon="-123.77295">
        <ele>796.88</ele>
        <time>2021-08-28T21:02:45Z</time>
      </trkpt>
      <trkpt lat="48.05508" lon="-123.77297">
        <ele>793.55</ele>
        <time>2021-08-28T21:02:56Z</time>
      </trkpt>
      <trkpt lat="48.05506" lon="-123.773">
        <ele>790.94</ele>
        <time>2021-08-28T21:03:54Z</time>
      </trkpt>
      <trkpt lat="48.05505" lon="-123.77304">
        <ele>789.19</ele>
        <time>2021-08-28T21:03:57Z</time>
      </trkpt>
      <trkpt lat="48.05506" lon="-123.77312">
        <ele>788.74</ele>
        <time>2021-08-28T21:04:00Z</time>
      </trkpt>
      <trkpt lat="48.05508" lon="-123.77317">
        <ele>790.03</ele>
        <time>2021-08-28T21:04:02Z</time>
      </trkpt>
      <trkpt lat="48.05509" lon="-123.77323">
        <ele>789.92</ele>
        <time>2021-08-28T21:04:04Z</time>
      </trkpt>
      <trkpt lat="48.05508" lon="-123.77327">
        <ele>787.87</ele>
        <time>2021-08-28T21:04:22Z</time>
      </trkpt>
      <trkpt lat="48.05508" lon="-123.77333">
        <ele>786.58</ele>
        <time>2021-08-28T21:04:25Z</time>
      </trkpt>
      <trkpt lat="48.05508" lon="-123.77337">
        <ele>785.71</ele>
        <time>2021-08-28T21:04:28Z</time>
      </trkpt>
      <trkpt lat="48.05508" lon="-123.77342">
        <ele>784.63</ele>
        <time>2021-08-28T21:04:31Z</time>
      </trkpt>
      <trkpt lat="48.05508" lon="-123.77347">
        <ele>783.49</ele>
        <time>2021-08-28T21:04:34Z</time>
      </trkpt>
      <trkpt lat="48.0551" lon="-123.77351">
        <ele>785.22</ele>
        <time>2021-08-28T21:04:40Z</time>
      </trkpt>
      <trkpt lat="48.0551" lon="-123.77355">
        <ele>784.33</ele>
        <time>2021-08-28T21:04:52Z</time>
      </trkpt>
      <trkpt lat="48.05507" lon="-123.77357">
        <ele>779.82</ele>
        <time>2021-08-28T21:05:22Z</time>
      </trkpt>
      <trkpt lat="48.05509" lon="-123.7736">
        <ele>781.88</ele>
        <time>2021-08-28T21:06:11Z</time>
      </trkpt>
      <trkpt lat="48.05509" lon="-123.77364">
        <ele>780.69</ele>
        <time>2021-08-28T21:06:17Z</time>
      </trkpt>
      <trkpt lat="48.05509" lon="-123.77369">
        <ele>779.06</ele>
        <time>2021-08-28T21:06:45Z</time>
      </trkpt>
      <trkpt lat="48.05507" lon="-123.77372">
        <ele>774.92</ele>
        <time>2021-08-28T21:06:50Z</time>
      </trkpt>
      <trkpt lat="48.05505" lon="-123.77376">
        <ele>770.41</ele>
        <time>2021-08-28T21:06:56Z</time>
      </trkpt>
      <trkpt lat="48.05503" lon="-123.77379">
        <ele>766.44</ele>
        <time>2021-08-28T21:07:02Z</time>
      </trkpt>
      <trkpt lat="48.05501" lon="-123.77382">
        <ele>762.64</ele>
        <time>2021-08-28T21:07:14Z</time>
      </trkpt>
      <trkpt lat="48.05503" lon="-123.77378">
        <ele>766.8</ele>
        <time>2021-08-28T21:07:27Z</time>
      </trkpt>
      <trkpt lat="48.05504" lon="-123.77373">
        <ele>770.07</ele>
        <time>2021-08-28T21:07:32Z</time>
      </trkpt>
      <trkpt lat="48.05503" lon="-123.7737">
        <ele>769.68</ele>
        <time>2021-08-28T21:07:49Z</time>
      </trkpt>
      <trkpt lat="48.05504" lon="-123.77365">
        <ele>773.12</ele>
        <time>2021-08-28T21:07:57Z</time>
      </trkpt>
      <trkpt lat="48.05505" lon="-123.77369">
        <ele>773.07</ele>
        <time>2021-08-28T21:08:31Z</time>
      </trkpt>
      <trkpt lat="48.05502" lon="-123.77367">
        <ele>769.4</ele>
        <time>2021-08-28T21:08:56Z</time>
      </trkpt>
      <trkpt lat="48.05502" lon="-123.77372">
        <ele>767.46</ele>
        <time>2021-08-28T21:09:21Z</time>
      </trkpt>
      <trkpt lat="48.05502" lon="-123.77376">
        <ele>766.07</ele>
        <time>2021-08-28T21:09:27Z</time>
      </trkpt>
      <trkpt lat="48.055" lon="-123.77379">
        <ele>762.2</ele>
        <time>2021-08-28T21:10:00Z</time>
      </trkpt>
      <trkpt lat="48.05499" lon="-123.77383">
        <ele>759.87</ele>
        <time>2021-08-28T21:10:19Z</time>
      </trkpt>
      <trkpt lat="48.05498" lon="-123.77387">
        <ele>757.62</ele>
        <time>2021-08-28T21:10:34Z</time>
      </trkpt>
      <trkpt lat="48.05496" lon="-123.77391">
        <ele>754.66</ele>
        <time>2021-08-28T21:10:41Z</time>
      </trkpt>
      <trkpt lat="48.05495" lon="-123.77395">
        <ele>752.82</ele>
        <time>2021-08-28T21:10:46Z</time>
      </trkpt>
      <trkpt lat="48.05495" lon="-123.77399">
        <ele>752.05</ele>
        <time>2021-08-28T21:11:09Z</time>
      </trkpt>
      <trkpt lat="48.05496" lon="-123.77403">
        <ele>752.59</ele>
        <time>2021-08-28T21:11:48Z</time>
      </trkpt>
      <trkpt lat="48.05496" lon="-123.77407">
        <ele>752.16</ele>
        <time>2021-08-28T21:12:02Z</time>
      </trkpt>
      <trkpt lat="48.05499" lon="-123.77409">
        <ele>755.01</ele>
        <time>2021-08-28T21:12:33Z</time>
      </trkpt>
      <trkpt lat="48.05498" lon="-123.77413">
        <ele>753.93</ele>
        <time>2021-08-28T21:14:14Z</time>
      </trkpt>
      <trkpt lat="48.05498" lon="-123.77418">
        <ele>753.7</ele>
        <time>2021-08-28T21:14:27Z</time>
      </trkpt>
      <trkpt lat="48.05498" lon="-123.77422">
        <ele>753.26</ele>
        <time>2021-08-28T21:14:44Z</time>
      </trkpt>
      <trkpt lat="48.05497" lon="-123.77426">
        <ele>751.75</ele>
        <time>2021-08-28T21:15:03Z</time>
      </trkpt>
      <trkpt lat="48.05495" lon="-123.77428">
        <ele>749.27</ele>
        <time>2021-08-28T21:15:55Z</time>
      </trkpt>
      <trkpt lat="48.05497" lon="-123.77425">
        <ele>751.86</ele>
        <time>2021-08-28T21:16:54Z</time>
      </trkpt>
      <trkpt lat="48.05496" lon="-123.77429">
        <ele>750.16</ele>
        <time>2021-08-28T21:17:17Z</time>
      </trkpt>
      <trkpt lat="48.05494" lon="-123.7743">
        <ele>747.93</ele>
        <time>2021-08-28T21:17:32Z</time>
      </trkpt>
      <trkpt lat="48.05494" lon="-123.77434">
        <ele>747.34</ele>
        <time>2021-08-28T21:17:57Z</time>
      </trkpt>
      <trkpt lat="48.05494" lon="-123.77439">
        <ele>746.76</ele>
        <time>2021-08-28T21:18:02Z</time>
      </trkpt>
      <trkpt lat="48.05494" lon="-123.77443">
        <ele>746.32</ele>
        <time>2021-08-28T21:18:06Z</time>
      </trkpt>
      <trkpt lat="48.05496" lon="-123.77445">
        <ele>747.99</ele>
        <time>2021-08-28T21:18:28Z</time>
      </trkpt>
      <trkpt lat="48.05495" lon="-123.77449">
        <ele>746.16</ele>
        <time>2021-08-28T21:19:02Z</time>
      </trkpt>
      <trkpt lat="48.05498" lon="-123.77447">
        <ele>749.5</ele>
        <time>2021-08-28T21:19:10Z</time>
      </trkpt>
      <trkpt lat="48.05499" lon="-123.77443">
        <ele>751.18</ele>
        <time>2021-08-28T21:19:24Z</time>
      </trkpt>
      <trkpt lat="48.05497" lon="-123.77447">
        <ele>748.53</ele>
        <time>2021-08-28T21:19:46Z</time>
      </trkpt>
      <trkpt lat="48.05495" lon="-123.77444">
        <ele>747.19</ele>
        <time>2021-08-28T21:20:02Z</time>
      </trkpt>
      <trkpt lat="48.05493" lon="-123.77448">
        <ele>744.43</ele>
        <time>2021-08-28T21:20:13Z</time>
      </trkpt>
      <trkpt lat="48.05491" lon="-123.7745">
        <ele>742.05</ele>
        <time>2021-08-28T21:20:18Z</time>
      </trkpt>
      <trkpt lat="48.05492" lon="-123.77447">
        <ele>743.67</ele>
        <time>2021-08-28T21:21:08Z</time>
      </trkpt>
      <trkpt lat="48.05495" lon="-123.77445">
        <ele>747.02</ele>
        <time>2021-08-28T21:21:17Z</time>
      </trkpt>
      <trkpt lat="48.05495" lon="-123.77441">
        <ele>747.51</ele>
        <time>2021-08-28T21:23:57Z</time>
      </trkpt>
      <trkpt lat="48.05493" lon="-123.77437">
        <ele>746.0</ele>
        <time>2021-08-28T21:24:05Z</time>
      </trkpt>
      <trkpt lat="48.05492" lon="-123.77442">
        <ele>744.49</ele>
        <time>2021-08-28T21:24:13Z</time>
      </trkpt>
      <trkpt lat="48.05493" lon="-123.77446">
        <ele>744.86</ele>
        <time>2021-08-28T21:24:18Z</time>
      </trkpt>
      <trkpt lat="48.05494" lon="-123.77451">
        <ele>744.75</ele>
        <time>2021-08-28T21:24:23Z</time>
      </trkpt>
      <trkpt lat="48.05494" lon="-123.77455">
        <ele>744.03</ele>
        <time>2021-08-28T21:24:27Z</time>
      </trkpt>
      <trkpt lat="48.05493" lon="-123.77459">
        <ele>742.62</ele>
        <time>2021-08-28T21:24:32Z</time>
      </trkpt>
      <trkpt lat="48.05493" lon="-123.77464">
        <ele>742.0</ele>
        <time>2021-08-28T21:24:38Z</time>
      </trkpt>
      <trkpt lat="48.05492" lon="-123.77468">
        <ele>740.21</ele>
        <time>2021-08-28T21:24:45Z</time>
      </trkpt>
      <trkpt lat="48.05491" lon="-123.77473">
        <ele>738.03</ele>
        <time>2021-08-28T21:24:50Z</time>
      </trkpt>
      <trkpt lat="48.05492" lon="-123.77478">
        <ele>737.57</ele>
        <time>2021-08-28T21:24:54Z</time>
      </trkpt>
      <trkpt lat="48.05492" lon="-123.77482">
        <ele>736.33</ele>
        <time>2021-08-28T21:24:59Z</time>
      </trkpt>
      <trkpt lat="48.05492" lon="-123.77487">
        <ele>734.71</ele>
        <time>2021-08-28T21:25:07Z</time>
      </trkpt>
      <trkpt lat="48.05491" lon="-123.77491">
        <ele>732.22</ele>
        <time>2021-08-28T21:25:11Z</time>
      </trkpt>
      <trkpt lat="48.05491" lon="-123.77495">
        <ele>730.92</ele>
        <time>2021-08-28T21:25:18Z</time>
      </trkpt>
      <trkpt lat="48.05491" lon="-123.775">
        <ele>729.28</ele>
        <time>2021-08-28T21:25:24Z</time>
      </trkpt>
      <trkpt lat="48.0549" lon="-123.77504">
        <ele>726.79</ele>
        <time>2021-08-28T21:25:32Z</time>
      </trkpt>
      <trkpt lat="48.05491" lon="-123.77509">
        <ele>726.36</ele>
        <time>2021-08-28T21:25:52Z</time>
      </trkpt>
      <trkpt lat="48.05492" lon="-123.77514">
        <ele>725.45</ele>
        <time>2021-08-28T21:25:56Z</time>
      </trkpt>
      <trkpt lat="48.05494" lon="-123.77517">
        <ele>726.76</ele>
        <time>2021-08-28T21:26:00Z</time>
      </trkpt>
      <trkpt lat="48.05495" lon="-123.77522">
        <ele>726.77</ele>
        <time>2021-08-28T21:26:05Z</time>
      </trkpt>
      <trkpt lat="48.05496" lon="-123.77527">
        <ele>726.98</ele>
        <time>2021-08-28T21:26:09Z</time>
      </trkpt>
      <trkpt lat="48.05496" lon="-123.77532">
        <ele>725.97</ele>
        <time>2021-08-28T21:26:13Z</time>
      </trkpt>
      <trkpt lat="48.05498" lon="-123.77536">
        <ele>728.14</ele>
        <time>2021-08-28T21:26:16Z</time>
      </trkpt>
      <trkpt lat="48.05499" lon="-123.7754">
        <ele>728.56</ele>
        <time>2021-08-28T21:26:20Z</time>
      </trkpt>
      <trkpt lat="48.055" lon="-123.77545">
        <ele>728.42</ele>
        <time>2021-08-28T21:26:23Z</time>
      </trkpt>
      <trkpt lat="48.055" lon="-123.7755">
        <ele>726.8</ele>
        <time>2021-08-28T21:26:26Z</time>
      </trkpt>
      <trkpt lat="48.055" lon="-123.77554">
        <ele>725.5</ele>
        <time>2021-08-28T21:26:29Z</time>
      </trkpt>
      <trkpt lat="48.055" lon="-123.77559">
        <ele>723.88</ele>
        <time>2021-08-28T21:26:33Z</time>
      </trkpt>
      <trkpt lat="48.055" lon="-123.77564">
        <ele>722.26</ele>
        <time>2021-08-28T21:26:38Z</time>
      </trkpt>
      <trkpt lat="48.05501" lon="-123.77568">
        <ele>722.14</ele>
        <time>2021-08-28T21:26:48Z</time>
      </trkpt>
      <trkpt lat="48.05502" lon="-123.77572">
        <ele>722.01</ele>
        <time>2021-08-28T21:26:55Z</time>
      </trkpt>
      <trkpt lat="48.05501" lon="-123.77576">
        <ele>720.34</ele>
        <time>2021-08-28T21:27:13Z</time>
      </trkpt>
      <trkpt lat="48.055" lon="-123.77579">
        <ele>718.94</ele>
        <time>2021-08-28T21:27:18Z</time>
      </trkpt>
      <trkpt lat="48.055" lon="-123.77585">
        <ele>717.82</ele>
        <time>2021-08-28T21:27:25Z</time>
      </trkpt>
      <trkpt lat="48.05501" lon="-123.7759">
        <ele>718.04</ele>
        <time>2021-08-28T21:27:31Z</time>
      </trkpt>
      <trkpt lat="48.05502" lon="-123.77594">
        <ele>718.36</ele>
        <time>2021-08-28T21:27:34Z</time>
      </trkpt>
      <trkpt lat="48.05502" lon="-123.77599">
        <ele>717.82</ele>
        <time>2021-08-28T21:27:38Z</time>
      </trkpt>
      <trkpt lat="48.05502" lon="-123.77603">
        <ele>717.26</ele>
        <time>2021-08-28T21:27:42Z</time>
      </trkpt>
      <trkpt lat="48.05503" lon="-123.77607">
        <ele>717.16</ele>
        <time>2021-08-28T21:27:48Z</time>
      </trkpt>
      <trkpt lat="48.05503" lon="-123.77612">
        <ele>716.08</ele>
        <time>2021-08-28T21:27:51Z</time>
      </trkpt>
      <trkpt lat="48.05503" lon="-123.77616">
        <ele>715.21</ele>
        <time>2021-08-28T21:27:55Z</time>
      </trkpt>
      <trkpt lat="48.05504" lon="-123.77621">
        <ele>714.89</ele>
        <time>2021-08-28T21:28:00Z</time>
      </trkpt>
      <trkpt lat="48.05504" lon="-123.77625">
        <ele>714.02</ele>
        <time>2021-08-28T21:28:03Z</time>
      </trkpt>
      <trkpt lat="48.05504" lon="-123.77629">
        <ele>713.16</ele>
        <time>2021-08-28T21:28:08Z</time>
      </trkpt>
      <trkpt lat="48.05505" lon="-123.77633">
        <ele>712.66</ele>
        <time>2021-08-28T21:28:14Z</time>
      </trkpt>
      <trkpt lat="48.05508" lon="-123.7763">
        <ele>715.9</ele>
        <time>2021-08-28T21:28:21Z</time>
      </trkpt>
      <trkpt lat="48.0551" lon="-123.77627">
        <ele>717.73</ele>
        <time>2021-08-28T21:28:26Z</time>
      </trkpt>
      <trkpt lat="48.05513" lon="-123.77626">
        <ele>718.59</ele>
        <time>2021-08-28T21:28:32Z</time>
      </trkpt>
      <trkpt lat="48.05513" lon="-123.7763">
        <ele>717.65</ele>
        <time>2021-08-28T21:28:35Z</time>
      </trkpt>
      <trkpt lat="48.05513" lon="-123.77634">
        <ele>715.92</ele>
        <time>2021-08-28T21:28:40Z</time>
      </trkpt>
      <trkpt lat="48.05512" lon="-123.77638">
        <ele>713.98</ele>
        <time>2021-08-28T21:28:43Z</time>
      </trkpt>
      <trkpt lat="48.0551" lon="-123.77642">
        <ele>711.48</ele>
        <time>2021-08-28T21:28:46Z</time>
      </trkpt>
      <trkpt lat="48.0551" lon="-123.77648">
        <ele>708.24</ele>
        <time>2021-08-28T21:28:50Z</time>
      </trkpt>
      <trkpt lat="48.05512" lon="-123.7765">
        <ele>707.65</ele>
        <time>2021-08-28T21:28:56Z</time>
      </trkpt>
      <trkpt lat="48.05514" lon="-123.77646">
        <ele>710.18</ele>
        <time>2021-08-28T21:28:59Z</time>
      </trkpt>
      <trkpt lat="48.05515" lon="-123.77643">
        <ele>712.02</ele>
        <time>2021-08-28T21:29:02Z</time>
      </trkpt>
      <trkpt lat="48.05518" lon="-123.77641">
        <ele>713.75</ele>
        <time>2021-08-28T21:29:08Z</time>
      </trkpt>
      <trkpt lat="48.05518" lon="-123.77645">
        <ele>711.59</ele>
        <time>2021-08-28T21:29:13Z</time>
      </trkpt>
      <trkpt lat="48.05517" lon="-123.77649">
        <ele>709.29</ele>
        <time>2021-08-28T21:29:16Z</time>
      </trkpt>
      <trkpt lat="48.05515" lon="-123.77653">
        <ele>706.94</ele>
        <time>2021-08-28T21:29:20Z</time>
      </trkpt>
      <trkpt lat="48.05514" lon="-123.77656">
        <ele>705.22</ele>
        <time>2021-08-28T21:29:24Z</time>
      </trkpt>
      <trkpt lat="48.05512" lon="-123.77661">
        <ele>702.34</ele>
        <time>2021-08-28T21:29:28Z</time>
      </trkpt>
      <trkpt lat="48.05509" lon="-123.77662">
        <ele>700.96</ele>
        <time>2021-08-28T21:29:34Z</time>
      </trkpt>
      <trkpt lat="48.05507" lon="-123.77665">
        <ele>699.23</ele>
        <time>2021-08-28T21:29:41Z</time>
      </trkpt>
      <trkpt lat="48.05504" lon="-123.77665">
        <ele>698.58</ele>
        <time>2021-08-28T21:29:49Z</time>
      </trkpt>
      <trkpt lat="48.05501" lon="-123.77665">
        <ele>697.94</ele>
        <time>2021-08-28T21:29:53Z</time>
      </trkpt>
      <trkpt lat="48.05498" lon="-123.77666">
        <ele>696.41</ele>
        <time>2021-08-28T21:29:56Z</time>
      </trkpt>
      <trkpt lat="48.05494" lon="-123.77666">
        <ele>694.65</ele>
        <time>2021-08-28T21:29:59Z</time>
      </trkpt>
      <trkpt lat="48.05491" lon="-123.77665">
        <ele>693.66</ele>
        <time>2021-08-28T21:30:01Z</time>
      </trkpt>
      <trkpt lat="48.05488" lon="-123.77663">
        <ele>692.89</ele>
        <time>2021-08-28T21:30:04Z</time>
      </trkpt>
      <trkpt lat="48.05485" lon="-123.77661">
        <ele>691.98</ele>
        <time>2021-08-28T21:30:20Z</time>
      </trkpt>
      <trkpt lat="48.05482" lon="-123.77658">
        <ele>691.15</ele>
        <time>2021-08-28T21:30:24Z</time>
      </trkpt>
      <trkpt lat="48.0548" lon="-123.77654">
        <ele>688.88</ele>
        <time>2021-08-28T21:30:27Z</time>
      </trkpt>
      <trkpt lat="48.05478" lon="-123.77651">
        <ele>686.26</ele>
        <time>2021-08-28T21:30:31Z</time>
      </trkpt>
      <trkpt lat="48.05476" lon="-123.77649">
        <ele>683.79</ele>
        <time>2021-08-28T21:30:37Z</time>
      </trkpt>
      <trkpt lat="48.05473" lon="-123.77647">
        <ele>680.01</ele>
        <time>2021-08-28T21:30:45Z</time>
      </trkpt>
      <trkpt lat="48.0547" lon="-123.77646">
        <ele>675.57</ele>
        <time>2021-08-28T21:31:10Z</time>
      </trkpt>
      <trkpt lat="48.05473" lon="-123.77651">
        <ele>679.44</ele>
        <time>2021-08-28T21:31:27Z</time>
      </trkpt>
      <trkpt lat="48.05475" lon="-123.77654">
        <ele>681.72</ele>
        <time>2021-08-28T21:31:30Z</time>
      </trkpt>
      <trkpt lat="48.05476" lon="-123.77658">
        <ele>682.55</ele>
        <time>2021-08-28T21:31:39Z</time>
      </trkpt>
      <trkpt lat="48.05473" lon="-123.7766">
        <ele>677.36</ele>
        <time>2021-08-28T21:31:43Z</time>
      </trkpt>
      <trkpt lat="48.05475" lon="-123.77664">
        <ele>679.28</ele>
        <time>2021-08-28T21:32:05Z</time>
      </trkpt>
      <trkpt lat="48.05476" lon="-123.7766">
        <ele>681.99</ele>
        <time>2021-08-28T21:32:34Z</time>
      </trkpt>
      <trkpt lat="48.05474" lon="-123.77662">
        <ele>678.3</ele>
        <time>2021-08-28T21:33:02Z</time>
      </trkpt>
      <trkpt lat="48.05477" lon="-123.7766">
        <ele>683.53</ele>
        <time>2021-08-28T21:33:16Z</time>
      </trkpt>
      <trkpt lat="48.05478" lon="-123.77664">
        <ele>684.04</ele>
        <time>2021-08-28T21:33:28Z</time>
      </trkpt>
      <trkpt lat="48.05478" lon="-123.77668">
        <ele>682.84</ele>
        <time>2021-08-28T21:33:35Z</time>
      </trkpt>
      <trkpt lat="48.05477" lon="-123.77673">
        <ele>679.34</ele>
        <time>2021-08-28T21:33:43Z</time>
      </trkpt>
      <trkpt lat="48.05477" lon="-123.77677">
        <ele>677.76</ele>
        <time>2021-08-28T21:33:47Z</time>
      </trkpt>
      <trkpt lat="48.05474" lon="-123.7768">
        <ele>672.2</ele>
        <time>2021-08-28T21:33:58Z</time>
      </trkpt>
      <trkpt lat="48.05473" lon="-123.77683">
        <ele>669.76</ele>
        <time>2021-08-28T21:34:03Z</time>
      </trkpt>
      <trkpt lat="48.05472" lon="-123.77688">
        <ele>666.77</ele>
        <time>2021-08-28T21:34:12Z</time>
      </trkpt>
      <trkpt lat="48.0547" lon="-123.77692">
        <ele>662.79</ele>
        <time>2021-08-28T21:34:18Z</time>
      </trkpt>
      <trkpt lat="48.05473" lon="-123.77694">
        <ele>665.99</ele>
        <time>2021-08-28T21:34:26Z</time>
      </trkpt>
      <trkpt lat="48.05476" lon="-123.77693">
        <ele>669.68</ele>
        <time>2021-08-28T21:34:32Z</time>
      </trkpt>
      <trkpt lat="48.05479" lon="-123.77694">
        <ele>672.53</ele>
        <time>2021-08-28T21:34:36Z</time>
      </trkpt>
      <trkpt lat="48.05482" lon="-123.77696">
        <ele>674.65</ele>
        <time>2021-08-28T21:34:42Z</time>
      </trkpt>
      <trkpt lat="48.05484" lon="-123.77698">
        <ele>674.89</ele>
        <time>2021-08-28T21:34:46Z</time>
      </trkpt>
      <trkpt lat="48.05487" lon="-123.77702">
        <ele>674.34</ele>
        <time>2021-08-28T21:34:49Z</time>
      </trkpt>
      <trkpt lat="48.0549" lon="-123.77704">
        <ele>674.52</ele>
        <time>2021-08-28T21:34:53Z</time>
      </trkpt>
      <trkpt lat="48.05492" lon="-123.77708">
        <ele>672.95</ele>
        <time>2021-08-28T21:34:57Z</time>
      </trkpt>
      <trkpt lat="48.05495" lon="-123.77712">
        <ele>671.44</ele>
        <time>2021-08-28T21:35:01Z</time>
      </trkpt>
      <trkpt lat="48.05498" lon="-123.77715">
        <ele>670.47</ele>
        <time>2021-08-28T21:35:04Z</time>
      </trkpt>
      <trkpt lat="48.055" lon="-123.77718">
        <ele>669.28</ele>
        <time>2021-08-28T21:35:06Z</time>
      </trkpt>
      <trkpt lat="48.05503" lon="-123.77721">
        <ele>668.27</ele>
        <time>2021-08-28T21:35:09Z</time>
      </trkpt>
      <trkpt lat="48.05505" lon="-123.77724">
        <ele>667.31</ele>
        <time>2021-08-28T21:35:13Z</time>
      </trkpt>
      <trkpt lat="48.05507" lon="-123.77727">
        <ele>666.45</ele>
        <time>2021-08-28T21:35:17Z</time>
      </trkpt>
      <trkpt lat="48.05508" lon="-123.77731">
        <ele>664.94</ele>
        <time>2021-08-28T21:35:20Z</time>
      </trkpt>
      <trkpt lat="48.0551" lon="-123.77736">
        <ele>663.86</ele>
        <time>2021-08-28T21:35:26Z</time>
      </trkpt>
      <trkpt lat="48.05512" lon="-123.7774">
        <ele>663.42</ele>
        <time>2021-08-28T21:35:30Z</time>
      </trkpt>
      <trkpt lat="48.05514" lon="-123.77743">
        <ele>663.07</ele>
        <time>2021-08-28T21:35:34Z</time>
      </trkpt>
      <trkpt lat="48.05516" lon="-123.77747">
        <ele>662.21</ele>
        <time>2021-08-28T21:35:38Z</time>
      </trkpt>
      <trkpt lat="48.05519" lon="-123.77749">
        <ele>662.64</ele>
        <time>2021-08-28T21:35:42Z</time>
      </trkpt>
      <trkpt lat="48.0552" lon="-123.77753">
        <ele>661.29</ele>
        <time>2021-08-28T21:35:47Z</time>
      </trkpt>
      <trkpt lat="48.05523" lon="-123.77756">
        <ele>661.03</ele>
        <time>2021-08-28T21:35:52Z</time>
      </trkpt>
      <trkpt lat="48.05525" lon="-123.77759">
        <ele>660.23</ele>
        <time>2021-08-28T21:35:57Z</time>
      </trkpt>
      <trkpt lat="48.05525" lon="-123.77764">
        <ele>658.56</ele>
        <time>2021-08-28T21:36:01Z</time>
      </trkpt>
      <trkpt lat="48.05526" lon="-123.77768">
        <ele>657.59</ele>
        <time>2021-08-28T21:36:05Z</time>
      </trkpt>
      <trkpt lat="48.05528" lon="-123.77773">
        <ele>656.6</ele>
        <time>2021-08-28T21:36:11Z</time>
      </trkpt>
      <trkpt lat="48.05528" lon="-123.77777">
        <ele>655.3</ele>
        <time>2021-08-28T21:36:15Z</time>
      </trkpt>
      <trkpt lat="48.05527" lon="-123.77782">
        <ele>653.8</ele>
        <time>2021-08-28T21:36:19Z</time>
      </trkpt>
      <trkpt lat="48.05527" lon="-123.77786">
        <ele>652.9</ele>
        <time>2021-08-28T21:36:22Z</time>
      </trkpt>
      <trkpt lat="48.05526" lon="-123.7779">
        <ele>651.59</ele>
        <time>2021-08-28T21:36:25Z</time>
      </trkpt>
      <trkpt lat="48.05525" lon="-123.77794">
        <ele>650.3</ele>
        <time>2021-08-28T21:36:29Z</time>
      </trkpt>
      <trkpt lat="48.05525" lon="-123.77799">
        <ele>649.22</ele>
        <time>2021-08-28T21:36:32Z</time>
      </trkpt>
      <trkpt lat="48.05524" lon="-123.77803">
        <ele>647.92</ele>
        <time>2021-08-28T21:36:36Z</time>
      </trkpt>
      <trkpt lat="48.05524" lon="-123.77808">
        <ele>647.0</ele>
        <time>2021-08-28T21:36:40Z</time>
      </trkpt>
      <trkpt lat="48.05523" lon="-123.77813">
        <ele>645.72</ele>
        <time>2021-08-28T21:36:44Z</time>
      </trkpt>
      <trkpt lat="48.05522" lon="-123.77817">
        <ele>644.64</ele>
        <time>2021-08-28T21:36:48Z</time>
      </trkpt>
      <trkpt lat="48.05522" lon="-123.77822">
        <ele>644.1</ele>
        <time>2021-08-28T21:36:51Z</time>
      </trkpt>
      <trkpt lat="48.05522" lon="-123.77827">
        <ele>643.56</ele>
        <time>2021-08-28T21:36:53Z</time>
      </trkpt>
      <trkpt lat="48.05522" lon="-123.77832">
        <ele>643.02</ele>
        <time>2021-08-28T21:36:56Z</time>
      </trkpt>
      <trkpt lat="48.05522" lon="-123.77837">
        <ele>642.39</ele>
        <time>2021-08-28T21:36:58Z</time>
      </trkpt>
      <trkpt lat="48.05522" lon="-123.77842">
        <ele>641.71</ele>
        <time>2021-08-28T21:37:01Z</time>
      </trkpt>
      <trkpt lat="48.05522" lon="-123.77848">
        <ele>640.68</ele>
        <time>2021-08-28T21:37:04Z</time>
      </trkpt>
      <trkpt lat="48.05522" lon="-123.77854">
        <ele>639.49</ele>
        <time>2021-08-28T21:37:07Z</time>
      </trkpt>
      <trkpt lat="48.05522" lon="-123.77858">
        <ele>638.52</ele>
        <time>2021-08-28T21:37:11Z</time>
      </trkpt>
      <trkpt lat="48.05523" lon="-123.77862">
        <ele>638.55</ele>
        <time>2021-08-28T21:37:16Z</time>
      </trkpt>
      <trkpt lat="48.05523" lon="-123.77866">
        <ele>637.26</ele>
        <time>2021-08-28T21:37:21Z</time>
      </trkpt>
      <trkpt lat="48.05523" lon="-123.77871">
        <ele>635.67</ele>
        <time>2021-08-28T21:37:26Z</time>
      </trkpt>
      <trkpt lat="48.05523" lon="-123.77875">
        <ele>634.6</ele>
        <time>2021-08-28T21:37:29Z</time>
      </trkpt>
      <trkpt lat="48.05523" lon="-123.7788">
        <ele>633.26</ele>
        <time>2021-08-28T21:37:32Z</time>
      </trkpt>
      <trkpt lat="48.05524" lon="-123.77884">
        <ele>633.1</ele>
        <time>2021-08-28T21:37:35Z</time>
      </trkpt>
      <trkpt lat="48.05526" lon="-123.77888">
        <ele>633.73</ele>
        <time>2021-08-28T21:37:39Z</time>
      </trkpt>
      <trkpt lat="48.05527" lon="-123.77892">
        <ele>633.04</ele>
        <time>2021-08-28T21:37:45Z</time>
      </trkpt>
      <trkpt lat="48.05528" lon="-123.77896">
        <ele>631.98</ele>
        <time>2021-08-28T21:37:48Z</time>
      </trkpt>
      <trkpt lat="48.05529" lon="-123.779">
        <ele>630.69</ele>
        <time>2021-08-28T21:37:52Z</time>
      </trkpt>
      <trkpt lat="48.0553" lon="-123.77905">
        <ele>629.44</ele>
        <time>2021-08-28T21:37:57Z</time>
      </trkpt>
      <trkpt lat="48.05529" lon="-123.77909">
        <ele>628.07</ele>
        <time>2021-08-28T21:38:01Z</time>
      </trkpt>
      <trkpt lat="48.0553" lon="-123.77913">
        <ele>627.66</ele>
        <time>2021-08-28T21:38:07Z</time>
      </trkpt>
      <trkpt lat="48.05529" lon="-123.77917">
        <ele>626.46</ele>
        <time>2021-08-28T21:38:14Z</time>
      </trkpt>
      <trkpt lat="48.0553" lon="-123.77922">
        <ele>625.81</ele>
        <time>2021-08-28T21:38:20Z</time>
      </trkpt>
      <trkpt lat="48.05531" lon="-123.77926">
        <ele>625.37</ele>
        <time>2021-08-28T21:38:24Z</time>
      </trkpt>
      <trkpt lat="48.05532" lon="-123.7793">
        <ele>624.7</ele>
        <time>2021-08-28T21:38:29Z</time>
      </trkpt>
      <trkpt lat="48.05529" lon="-123.77928">
        <ele>623.89</ele>
        <time>2021-08-28T21:38:36Z</time>
      </trkpt>
      <trkpt lat="48.05527" lon="-123.77925">
        <ele>623.54</ele>
        <time>2021-08-28T21:38:40Z</time>
      </trkpt>
      <trkpt lat="48.05525" lon="-123.77921">
        <ele>622.82</ele>
        <time>2021-08-28T21:38:43Z</time>
      </trkpt>
      <trkpt lat="48.05523" lon="-123.77918">
        <ele>622.03</ele>
        <time>2021-08-28T21:38:45Z</time>
      </trkpt>
      <trkpt lat="48.0552" lon="-123.77915">
        <ele>620.63</ele>
        <time>2021-08-28T21:38:48Z</time>
      </trkpt>
      <trkpt lat="48.05517" lon="-123.77911">
        <ele>619.69</ele>
        <time>2021-08-28T21:38:51Z</time>
      </trkpt>
      <trkpt lat="48.05514" lon="-123.77908">
        <ele>618.39</ele>
        <time>2021-08-28T21:38:53Z</time>
      </trkpt>
      <trkpt lat="48.05512" lon="-123.77905">
        <ele>617.85</ele>
        <time>2021-08-28T21:38:55Z</time>
      </trkpt>
      <trkpt lat="48.0551" lon="-123.779">
        <ele>617.96</ele>
        <time>2021-08-28T21:38:58Z</time>
      </trkpt>
      <trkpt lat="48.05508" lon="-123.77896">
        <ele>617.65</ele>
        <time>2021-08-28T21:39:01Z</time>
      </trkpt>
      <trkpt lat="48.05506" lon="-123.77892">
        <ele>617.22</ele>
        <time>2021-08-28T21:39:04Z</time>
      </trkpt>
      <trkpt lat="48.05505" lon="-123.77888">
        <ele>617.38</ele>
        <time>2021-08-28T21:39:07Z</time>
      </trkpt>
      <trkpt lat="48.05503" lon="-123.77884">
        <ele>616.83</ele>
        <time>2021-08-28T21:39:12Z</time>
      </trkpt>
      <trkpt lat="48.055" lon="-123.7788">
        <ele>615.92</ele>
        <time>2021-08-28T21:39:15Z</time>
      </trkpt>
      <trkpt lat="48.05498" lon="-123.77878">
        <ele>614.7</ele>
        <time>2021-08-28T21:39:18Z</time>
      </trkpt>
      <trkpt lat="48.05495" lon="-123.77875">
        <ele>612.99</ele>
        <time>2021-08-28T21:39:21Z</time>
      </trkpt>
      <trkpt lat="48.05493" lon="-123.77872">
        <ele>612.15</ele>
        <time>2021-08-28T21:39:24Z</time>
      </trkpt>
      <trkpt lat="48.05491" lon="-123.77868">
        <ele>611.67</ele>
        <time>2021-08-28T21:39:28Z</time>
      </trkpt>
      <trkpt lat="48.0549" lon="-123.77863">
        <ele>612.02</ele>
        <time>2021-08-28T21:39:31Z</time>
      </trkpt>
      <trkpt lat="48.05489" lon="-123.77858">
        <ele>612.15</ele>
        <time>2021-08-28T21:39:34Z</time>
      </trkpt>
      <trkpt lat="48.05487" lon="-123.77855">
        <ele>611.37</ele>
        <time>2021-08-28T21:39:36Z</time>
      </trkpt>
      <trkpt lat="48.05486" lon="-123.7785">
        <ele>612.04</ele>
        <time>2021-08-28T21:39:38Z</time>
      </trkpt>
      <trkpt lat="48.05484" lon="-123.77847">
        <ele>611.93</ele>
        <time>2021-08-28T21:39:42Z</time>
      </trkpt>
      <trkpt lat="48.05482" lon="-123.77844">
        <ele>611.82</ele>
        <time>2021-08-28T21:39:48Z</time>
      </trkpt>
      <trkpt lat="48.05481" lon="-123.7784">
        <ele>612.91</ele>
        <time>2021-08-28T21:39:51Z</time>
      </trkpt>
      <trkpt lat="48.0548" lon="-123.77836">
        <ele>614.21</ele>
        <time>2021-08-28T21:39:54Z</time>
      </trkpt>
      <trkpt lat="48.05478" lon="-123.77833">
        <ele>614.62</ele>
        <time>2021-08-28T21:39:56Z</time>
      </trkpt>
      <trkpt lat="48.05475" lon="-123.7783">
        <ele>614.53</ele>
        <time>2021-08-28T21:39:59Z</time>
      </trkpt>
      <trkpt lat="48.05472" lon="-123.77829">
        <ele>613.81</ele>
        <time>2021-08-28T21:40:02Z</time>
      </trkpt>
      <trkpt lat="48.05469" lon="-123.77826">
        <ele>614.4</ele>
        <time>2021-08-28T21:40:05Z</time>
      </trkpt>
      <trkpt lat="48.05466" lon="-123.77823">
        <ele>615.12</ele>
        <time>2021-08-28T21:40:08Z</time>
      </trkpt>
      <trkpt lat="48.05464" lon="-123.77822">
        <ele>615.12</ele>
        <time>2021-08-28T21:40:10Z</time>
      </trkpt>
      <trkpt lat="48.05461" lon="-123.7782">
        <ele>615.34</ele>
        <time>2021-08-28T21:40:12Z</time>
      </trkpt>
      <trkpt lat="48.05458" lon="-123.77818">
        <ele>615.55</ele>
        <time>2021-08-28T21:40:14Z</time>
      </trkpt>
      <trkpt lat="48.05454" lon="-123.77817">
        <ele>615.12</ele>
        <time>2021-08-28T21:40:17Z</time>
      </trkpt>
      <trkpt lat="48.05452" lon="-123.77816">
        <ele>614.96</ele>
        <time>2021-08-28T21:40:20Z</time>
      </trkpt>
      <trkpt lat="48.05449" lon="-123.77815">
        <ele>614.41</ele>
        <time>2021-08-28T21:40:23Z</time>
      </trkpt>
      <trkpt lat="48.05446" lon="-123.77813">
        <ele>613.96</ele>
        <time>2021-08-28T21:40:27Z</time>
      </trkpt>
      <trkpt lat="48.05443" lon="-123.77815">
        <ele>612.32</ele>
        <time>2021-08-28T21:40:31Z</time>
      </trkpt>
      <trkpt lat="48.0544" lon="-123.77814">
        <ele>611.26</ele>
        <time>2021-08-28T21:40:34Z</time>
      </trkpt>
      <trkpt lat="48.05437" lon="-123.77813">
        <ele>610.18</ele>
        <time>2021-08-28T21:40:36Z</time>
      </trkpt>
      <trkpt lat="48.05433" lon="-123.77813">
        <ele>607.93</ele>
        <time>2021-08-28T21:40:39Z</time>
      </trkpt>
      <trkpt lat="48.0543" lon="-123.77814">
        <ele>605.77</ele>
        <time>2021-08-28T21:40:45Z</time>
      </trkpt>
      <trkpt lat="48.05428" lon="-123.77819">
        <ele>603.34</ele>
        <time>2021-08-28T21:40:50Z</time>
      </trkpt>
      <trkpt lat="48.05431" lon="-123.77823">
        <ele>604.04</ele>
        <time>2021-08-28T21:40:55Z</time>
      </trkpt>
      <trkpt lat="48.05433" lon="-123.77825">
        <ele>604.47</ele>
        <time>2021-08-28T21:40:59Z</time>
      </trkpt>
      <trkpt lat="48.05436" lon="-123.77828">
        <ele>604.62</ele>
        <time>2021-08-28T21:41:02Z</time>
      </trkpt>
      <trkpt lat="48.05438" lon="-123.7783">
        <ele>604.46</ele>
        <time>2021-08-28T21:41:05Z</time>
      </trkpt>
      <trkpt lat="48.05441" lon="-123.77833">
        <ele>604.05</ele>
        <time>2021-08-28T21:41:08Z</time>
      </trkpt>
      <trkpt lat="48.05444" lon="-123.77835">
        <ele>603.43</ele>
        <time>2021-08-28T21:41:12Z</time>
      </trkpt>
      <trkpt lat="48.05445" lon="-123.77839">
        <ele>600.2</ele>
        <time>2021-08-28T21:41:17Z</time>
      </trkpt>
      <trkpt lat="48.05448" lon="-123.7784">
        <ele>599.9</ele>
        <time>2021-08-28T21:41:21Z</time>
      </trkpt>
      <trkpt lat="48.0545" lon="-123.77842">
        <ele>598.67</ele>
        <time>2021-08-28T21:41:28Z</time>
      </trkpt>
      <trkpt lat="48.05451" lon="-123.77847">
        <ele>595.08</ele>
        <time>2021-08-28T21:41:31Z</time>
      </trkpt>
      <trkpt lat="48.05452" lon="-123.77852">
        <ele>591.55</ele>
        <time>2021-08-28T21:41:36Z</time>
      </trkpt>
      <trkpt lat="48.05452" lon="-123.77856">
        <ele>589.31</ele>
        <time>2021-08-28T21:41:42Z</time>
      </trkpt>
      <trkpt lat="48.05452" lon="-123.77861">
        <ele>586.51</ele>
        <time>2021-08-28T21:41:47Z</time>
      </trkpt>
      <trkpt lat="48.05452" lon="-123.77865">
        <ele>584.77</ele>
        <time>2021-08-28T21:41:51Z</time>
      </trkpt>
      <trkpt lat="48.05452" lon="-123.77869">
        <ele>583.04</ele>
        <time>2021-08-28T21:41:57Z</time>
      </trkpt>
      <trkpt lat="48.05453" lon="-123.77874">
        <ele>581.2</ele>
        <time>2021-08-28T21:42:01Z</time>
      </trkpt>
      <trkpt lat="48.05453" lon="-123.77878">
        <ele>579.48</ele>
        <time>2021-08-28T21:42:05Z</time>
      </trkpt>
      <trkpt lat="48.05454" lon="-123.77882">
        <ele>578.39</ele>
        <time>2021-08-28T21:42:11Z</time>
      </trkpt>
      <trkpt lat="48.05455" lon="-123.77886">
        <ele>577.64</ele>
        <time>2021-08-28T21:42:15Z</time>
      </trkpt>
      <trkpt lat="48.05457" lon="-123.7789">
        <ele>577.54</ele>
        <time>2021-08-28T21:42:19Z</time>
      </trkpt>
      <trkpt lat="48.05459" lon="-123.77894">
        <ele>577.76</ele>
        <time>2021-08-28T21:42:24Z</time>
      </trkpt>
      <trkpt lat="48.05456" lon="-123.77891">
        <ele>576.78</ele>
        <time>2021-08-28T21:42:33Z</time>
      </trkpt>
      <trkpt lat="48.05455" lon="-123.77888">
        <ele>576.99</ele>
        <time>2021-08-28T21:42:35Z</time>
      </trkpt>
      <trkpt lat="48.05452" lon="-123.77885">
        <ele>576.71</ele>
        <time>2021-08-28T21:42:37Z</time>
      </trkpt>
      <trkpt lat="48.05449" lon="-123.77883">
        <ele>576.38</ele>
        <time>2021-08-28T21:42:39Z</time>
      </trkpt>
      <trkpt lat="48.05447" lon="-123.7788">
        <ele>576.71</ele>
        <time>2021-08-28T21:42:41Z</time>
      </trkpt>
      <trkpt lat="48.05445" lon="-123.77877">
        <ele>577.32</ele>
        <time>2021-08-28T21:42:44Z</time>
      </trkpt>
      <trkpt lat="48.05442" lon="-123.77874">
        <ele>578.17</ele>
        <time>2021-08-28T21:42:46Z</time>
      </trkpt>
      <trkpt lat="48.0544" lon="-123.77871">
        <ele>579.25</ele>
        <time>2021-08-28T21:42:48Z</time>
      </trkpt>
      <trkpt lat="48.05437" lon="-123.77869">
        <ele>579.91</ele>
        <time>2021-08-28T21:42:50Z</time>
      </trkpt>
      <trkpt lat="48.05435" lon="-123.77867">
        <ele>580.81</ele>
        <time>2021-08-28T21:42:53Z</time>
      </trkpt>
      <trkpt lat="48.05432" lon="-123.77866">
        <ele>581.18</ele>
        <time>2021-08-28T21:42:57Z</time>
      </trkpt>
      <trkpt lat="48.05429" lon="-123.77866">
        <ele>581.01</ele>
        <time>2021-08-28T21:43:01Z</time>
      </trkpt>
      <trkpt lat="48.05425" lon="-123.77866">
        <ele>580.78</ele>
        <time>2021-08-28T21:43:05Z</time>
      </trkpt>
      <trkpt lat="48.05423" lon="-123.77868">
        <ele>579.46</ele>
        <time>2021-08-28T21:43:08Z</time>
      </trkpt>
      <trkpt lat="48.05421" lon="-123.77871">
        <ele>577.69</ele>
        <time>2021-08-28T21:43:13Z</time>
      </trkpt>
      <trkpt lat="48.05417" lon="-123.77871">
        <ele>577.66</ele>
        <time>2021-08-28T21:43:17Z</time>
      </trkpt>
      <trkpt lat="48.05414" lon="-123.77872">
        <ele>576.59</ele>
        <time>2021-08-28T21:43:22Z</time>
      </trkpt>
      <trkpt lat="48.0541" lon="-123.77874">
        <ele>574.88</ele>
        <time>2021-08-28T21:43:26Z</time>
      </trkpt>
      <trkpt lat="48.05407" lon="-123.77875">
        <ele>573.82</ele>
        <time>2021-08-28T21:43:30Z</time>
      </trkpt>
      <trkpt lat="48.05409" lon="-123.77878">
        <ele>572.91</ele>
        <time>2021-08-28T21:43:39Z</time>
      </trkpt>
      <trkpt lat="48.05413" lon="-123.77882">
        <ele>571.84</ele>
        <time>2021-08-28T21:43:42Z</time>
      </trkpt>
      <trkpt lat="48.05415" lon="-123.77884">
        <ele>571.4</ele>
        <time>2021-08-28T21:43:45Z</time>
      </trkpt>
      <trkpt lat="48.05418" lon="-123.77887">
        <ele>570.76</ele>
        <time>2021-08-28T21:43:48Z</time>
      </trkpt>
      <trkpt lat="48.0542" lon="-123.7789">
        <ele>569.88</ele>
        <time>2021-08-28T21:43:52Z</time>
      </trkpt>
      <trkpt lat="48.05421" lon="-123.77894">
        <ele>568.26</ele>
        <time>2021-08-28T21:43:56Z</time>
      </trkpt>
      <trkpt lat="48.05422" lon="-123.77898">
        <ele>566.64</ele>
        <time>2021-08-28T21:44:00Z</time>
      </trkpt>
      <trkpt lat="48.05423" lon="-123.77902">
        <ele>564.89</ele>
        <time>2021-08-28T21:44:03Z</time>
      </trkpt>
      <trkpt lat="48.05426" lon="-123.77903">
        <ele>564.92</ele>
        <time>2021-08-28T21:44:07Z</time>
      </trkpt>
      <trkpt lat="48.05427" lon="-123.77907">
        <ele>563.4</ele>
        <time>2021-08-28T21:44:13Z</time>
      </trkpt>
      <trkpt lat="48.05427" lon="-123.77912">
        <ele>560.31</ele>
        <time>2021-08-28T21:44:16Z</time>
      </trkpt>
      <trkpt lat="48.05429" lon="-123.77916">
        <ele>558.4</ele>
        <time>2021-08-28T21:44:21Z</time>
      </trkpt>
      <trkpt lat="48.05432" lon="-123.77917">
        <ele>558.75</ele>
        <time>2021-08-28T21:44:26Z</time>
      </trkpt>
      <trkpt lat="48.05434" lon="-123.77922">
        <ele>556.16</ele>
        <time>2021-08-28T21:44:29Z</time>
      </trkpt>
      <trkpt lat="48.05436" lon="-123.77926">
        <ele>554.31</ele>
        <time>2021-08-28T21:44:33Z</time>
      </trkpt>
      <trkpt lat="48.05438" lon="-123.77929">
        <ele>553.56</ele>
        <time>2021-08-28T21:44:37Z</time>
      </trkpt>
      <trkpt lat="48.0544" lon="-123.77933">
        <ele>552.26</ele>
        <time>2021-08-28T21:44:41Z</time>
      </trkpt>
      <trkpt lat="48.05441" lon="-123.77936">
        <ele>551.13</ele>
        <time>2021-08-28T21:44:44Z</time>
      </trkpt>
      <trkpt lat="48.05442" lon="-123.7794">
        <ele>549.73</ele>
        <time>2021-08-28T21:44:48Z</time>
      </trkpt>
      <trkpt lat="48.05442" lon="-123.77945">
        <ele>547.4</ele>
        <time>2021-08-28T21:44:53Z</time>
      </trkpt>
      <trkpt lat="48.05442" lon="-123.77949">
        <ele>545.35</ele>
        <time>2021-08-28T21:44:58Z</time>
      </trkpt>
      <trkpt lat="48.05444" lon="-123.77952">
        <ele>544.72</ele>
        <time>2021-08-28T21:45:17Z</time>
      </trkpt>
      <trkpt lat="48.05446" lon="-123.77956">
        <ele>544.18</ele>
        <time>2021-08-28T21:45:24Z</time>
      </trkpt>
      <trkpt lat="48.05447" lon="-123.7796">
        <ele>543.21</ele>
        <time>2021-08-28T21:45:33Z</time>
      </trkpt>
      <trkpt lat="48.05446" lon="-123.77965">
        <ele>540.26</ele>
        <time>2021-08-28T21:45:37Z</time>
      </trkpt>
      <trkpt lat="48.05447" lon="-123.77971">
        <ele>538.22</ele>
        <time>2021-08-28T21:45:39Z</time>
      </trkpt>
      <trkpt lat="48.05448" lon="-123.77975">
        <ele>537.29</ele>
        <time>2021-08-28T21:45:42Z</time>
      </trkpt>
      <trkpt lat="48.05449" lon="-123.7798">
        <ele>536.02</ele>
        <time>2021-08-28T21:45:47Z</time>
      </trkpt>
      <trkpt lat="48.05449" lon="-123.77985">
        <ele>534.32</ele>
        <time>2021-08-28T21:45:50Z</time>
      </trkpt>
      <trkpt lat="48.0545" lon="-123.7799">
        <ele>533.24</ele>
        <time>2021-08-28T21:45:54Z</time>
      </trkpt>
      <trkpt lat="48.0545" lon="-123.77995">
        <ele>531.99</ele>
        <time>2021-08-28T21:45:57Z</time>
      </trkpt>
      <trkpt lat="48.05449" lon="-123.78">
        <ele>530.48</ele>
        <time>2021-08-28T21:46:00Z</time>
      </trkpt>
      <trkpt lat="48.05449" lon="-123.78005">
        <ele>529.66</ele>
        <time>2021-08-28T21:46:03Z</time>
      </trkpt>
      <trkpt lat="48.0545" lon="-123.78009">
        <ele>529.44</ele>
        <time>2021-08-28T21:46:06Z</time>
      </trkpt>
      <trkpt lat="48.05451" lon="-123.78013">
        <ele>529.43</ele>
        <time>2021-08-28T21:46:09Z</time>
      </trkpt>
      <trkpt lat="48.05451" lon="-123.78018">
        <ele>528.89</ele>
        <time>2021-08-28T21:46:11Z</time>
      </trkpt>
      <trkpt lat="48.05451" lon="-123.78023">
        <ele>528.01</ele>
        <time>2021-08-28T21:46:15Z</time>
      </trkpt>
      <trkpt lat="48.05451" lon="-123.78027">
        <ele>527.27</ele>
        <time>2021-08-28T21:46:20Z</time>
      </trkpt>
      <trkpt lat="48.05451" lon="-123.78031">
        <ele>526.67</ele>
        <time>2021-08-28T21:46:28Z</time>
      </trkpt>
      <trkpt lat="48.0545" lon="-123.78036">
        <ele>525.56</ele>
        <time>2021-08-28T21:46:31Z</time>
      </trkpt>
      <trkpt lat="48.0545" lon="-123.78041">
        <ele>524.97</ele>
        <time>2021-08-28T21:46:34Z</time>
      </trkpt>
      <trkpt lat="48.0545" lon="-123.78046">
        <ele>524.43</ele>
        <time>2021-08-28T21:46:37Z</time>
      </trkpt>
      <trkpt lat="48.05449" lon="-123.78051">
        <ele>523.46</ele>
        <time>2021-08-28T21:46:41Z</time>
      </trkpt>
      <trkpt lat="48.05449" lon="-123.78055">
        <ele>523.03</ele>
        <time>2021-08-28T21:46:45Z</time>
      </trkpt>
      <trkpt lat="48.05448" lon="-123.78059">
        <ele>521.93</ele>
        <time>2021-08-28T21:46:51Z</time>
      </trkpt>
      <trkpt lat="48.05447" lon="-123.78063">
        <ele>520.72</ele>
        <time>2021-08-28T21:46:56Z</time>
      </trkpt>
      <trkpt lat="48.05447" lon="-123.78067">
        <ele>520.14</ele>
        <time>2021-08-28T21:47:01Z</time>
      </trkpt>
      <trkpt lat="48.05448" lon="-123.78071">
        <ele>520.25</ele>
        <time>2021-08-28T21:47:06Z</time>
      </trkpt>
      <trkpt lat="48.05448" lon="-123.78075">
        <ele>519.82</ele>
        <time>2021-08-28T21:47:11Z</time>
      </trkpt>
      <trkpt lat="48.05447" lon="-123.7808">
        <ele>518.74</ele>
        <time>2021-08-28T21:47:16Z</time>
      </trkpt>
      <trkpt lat="48.05447" lon="-123.78085">
        <ele>518.2</ele>
        <time>2021-08-28T21:47:20Z</time>
      </trkpt>
      <trkpt lat="48.05445" lon="-123.78089">
        <ele>516.69</ele>
        <time>2021-08-28T21:47:24Z</time>
      </trkpt>
      <trkpt lat="48.05443" lon="-123.78092">
        <ele>515.44</ele>
        <time>2021-08-28T21:47:28Z</time>
      </trkpt>
      <trkpt lat="48.05441" lon="-123.78096">
        <ele>514.38</ele>
        <time>2021-08-28T21:47:32Z</time>
      </trkpt>
      <trkpt lat="48.05439" lon="-123.78099">
        <ele>513.24</ele>
        <time>2021-08-28T21:47:38Z</time>
      </trkpt>
      <trkpt lat="48.05436" lon="-123.78101">
        <ele>511.52</ele>
        <time>2021-08-28T21:47:42Z</time>
      </trkpt>
      <trkpt lat="48.05433" lon="-123.78104">
        <ele>509.59</ele>
        <time>2021-08-28T21:47:45Z</time>
      </trkpt>
      <trkpt lat="48.05432" lon="-123.78108">
        <ele>508.62</ele>
        <time>2021-08-28T21:47:48Z</time>
      </trkpt>
      <trkpt lat="48.0543" lon="-123.78112">
        <ele>507.15</ele>
        <time>2021-08-28T21:47:51Z</time>
      </trkpt>
      <trkpt lat="48.05428" lon="-123.78115">
        <ele>505.79</ele>
        <time>2021-08-28T21:47:54Z</time>
      </trkpt>
      <trkpt lat="48.05426" lon="-123.78118">
        <ele>504.3</ele>
        <time>2021-08-28T21:47:57Z</time>
      </trkpt>
      <trkpt lat="48.05423" lon="-123.78121">
        <ele>502.4</ele>
        <time>2021-08-28T21:47:59Z</time>
      </trkpt>
      <trkpt lat="48.05421" lon="-123.78125">
        <ele>501.07</ele>
        <time>2021-08-28T21:48:02Z</time>
      </trkpt>
      <trkpt lat="48.0542" lon="-123.78129">
        <ele>500.2</ele>
        <time>2021-08-28T21:48:05Z</time>
      </trkpt>
      <trkpt lat="48.05419" lon="-123.78132">
        <ele>499.51</ele>
        <time>2021-08-28T21:48:08Z</time>
      </trkpt>
      <trkpt lat="48.05417" lon="-123.78136">
        <ele>498.22</ele>
        <time>2021-08-28T21:48:11Z</time>
      </trkpt>
      <trkpt lat="48.05416" lon="-123.7814">
        <ele>497.57</ele>
        <time>2021-08-28T21:48:14Z</time>
      </trkpt>
      <trkpt lat="48.05415" lon="-123.78144">
        <ele>496.92</ele>
        <time>2021-08-28T21:48:17Z</time>
      </trkpt>
      <trkpt lat="48.05414" lon="-123.78149">
        <ele>496.36</ele>
        <time>2021-08-28T21:48:22Z</time>
      </trkpt>
      <trkpt lat="48.05412" lon="-123.78153">
        <ele>495.5</ele>
        <time>2021-08-28T21:48:26Z</time>
      </trkpt>
      <trkpt lat="48.05411" lon="-123.78158">
        <ele>495.33</ele>
        <time>2021-08-28T21:48:30Z</time>
      </trkpt>
      <trkpt lat="48.0541" lon="-123.78162">
        <ele>494.68</ele>
        <time>2021-08-28T21:48:33Z</time>
      </trkpt>
      <trkpt lat="48.05409" lon="-123.78167">
        <ele>494.07</ele>
        <time>2021-08-28T21:48:35Z</time>
      </trkpt>
      <trkpt lat="48.05408" lon="-123.78171">
        <ele>493.85</ele>
        <time>2021-08-28T21:48:38Z</time>
      </trkpt>
      <trkpt lat="48.05407" lon="-123.78176">
        <ele>493.74</ele>
        <time>2021-08-28T21:48:40Z</time>
      </trkpt>
      <trkpt lat="48.05406" lon="-123.7818">
        <ele>493.53</ele>
        <time>2021-08-28T21:48:42Z</time>
      </trkpt>
      <trkpt lat="48.05405" lon="-123.78185">
        <ele>493.42</ele>
        <time>2021-08-28T21:48:45Z</time>
      </trkpt>
      <trkpt lat="48.05404" lon="-123.78189">
        <ele>493.2</ele>
        <time>2021-08-28T21:48:47Z</time>
      </trkpt>
      <trkpt lat="48.05402" lon="-123.78193">
        <ele>492.34</ele>
        <time>2021-08-28T21:48:50Z</time>
      </trkpt>
      <trkpt lat="48.054" lon="-123.78198">
        <ele>491.58</ele>
        <time>2021-08-28T21:48:52Z</time>
      </trkpt>
      <trkpt lat="48.05399" lon="-123.78204">
        <ele>491.58</ele>
        <time>2021-08-28T21:48:54Z</time>
      </trkpt>
      <trkpt lat="48.05398" lon="-123.78208">
        <ele>491.35</ele>
        <time>2021-08-28T21:48:56Z</time>
      </trkpt>
      <trkpt lat="48.05397" lon="-123.78212">
        <ele>491.03</ele>
        <time>2021-08-28T21:48:58Z</time>
      </trkpt>
      <trkpt lat="48.05396" lon="-123.78217">
        <ele>490.91</ele>
        <time>2021-08-28T21:49:00Z</time>
      </trkpt>
      <trkpt lat="48.05394" lon="-123.78221">
        <ele>490.12</ele>
        <time>2021-08-28T21:49:02Z</time>
      </trkpt>
      <trkpt lat="48.05393" lon="-123.78224">
        <ele>489.86</ele>
        <time>2021-08-28T21:49:04Z</time>
      </trkpt>
      <trkpt lat="48.05391" lon="-123.78228">
        <ele>488.99</ele>
        <time>2021-08-28T21:49:07Z</time>
      </trkpt>
      <trkpt lat="48.05389" lon="-123.78232">
        <ele>488.18</ele>
        <time>2021-08-28T21:49:12Z</time>
      </trkpt>
      <trkpt lat="48.05388" lon="-123.78236">
        <ele>488.4</ele>
        <time>2021-08-28T21:49:16Z</time>
      </trkpt>
      <trkpt lat="48.05385" lon="-123.78241">
        <ele>487.52</ele>
        <time>2021-08-28T21:49:21Z</time>
      </trkpt>
      <trkpt lat="48.05384" lon="-123.78244">
        <ele>487.37</ele>
        <time>2021-08-28T21:49:25Z</time>
      </trkpt>
      <trkpt lat="48.05381" lon="-123.78247">
        <ele>486.14</ele>
        <time>2021-08-28T21:49:30Z</time>
      </trkpt>
      <trkpt lat="48.05378" lon="-123.78249">
        <ele>484.55</ele>
        <time>2021-08-28T21:49:34Z</time>
      </trkpt>
      <trkpt lat="48.05376" lon="-123.7825">
        <ele>483.26</ele>
        <time>2021-08-28T21:49:38Z</time>
      </trkpt>
      <trkpt lat="48.05373" lon="-123.78253">
        <ele>481.54</ele>
        <time>2021-08-28T21:49:45Z</time>
      </trkpt>
      <trkpt lat="48.05373" lon="-123.78257">
        <ele>482.29</ele>
        <time>2021-08-28T21:49:50Z</time>
      </trkpt>
      <trkpt lat="48.0537" lon="-123.7826">
        <ele>480.84</ele>
        <time>2021-08-28T21:49:56Z</time>
      </trkpt>
      <trkpt lat="48.05368" lon="-123.78263">
        <ele>479.87</ele>
        <time>2021-08-28T21:50:02Z</time>
      </trkpt>
      <trkpt lat="48.05365" lon="-123.78263">
        <ele>477.92</ele>
        <time>2021-08-28T21:50:08Z</time>
      </trkpt>
      <trkpt lat="48.05362" lon="-123.78265">
        <ele>476.2</ele>
        <time>2021-08-28T21:50:13Z</time>
      </trkpt>
      <trkpt lat="48.0536" lon="-123.78266">
        <ele>474.98</ele>
        <time>2021-08-28T21:50:18Z</time>
      </trkpt>
      <trkpt lat="48.05357" lon="-123.78269">
        <ele>473.39</ele>
        <time>2021-08-28T21:50:23Z</time>
      </trkpt>
      <trkpt lat="48.05356" lon="-123.78273">
        <ele>473.17</ele>
        <time>2021-08-28T21:50:27Z</time>
      </trkpt>
      <trkpt lat="48.05355" lon="-123.78276">
        <ele>472.85</ele>
        <time>2021-08-28T21:50:31Z</time>
      </trkpt>
      <trkpt lat="48.05353" lon="-123.78279">
        <ele>471.86</ele>
        <time>2021-08-28T21:50:38Z</time>
      </trkpt>
      <trkpt lat="48.0535" lon="-123.7828">
        <ele>470.04</ele>
        <time>2021-08-28T21:50:43Z</time>
      </trkpt>
      <trkpt lat="48.05347" lon="-123.7828">
        <ele>468.1</ele>
        <time>2021-08-28T21:50:47Z</time>
      </trkpt>
      <trkpt lat="48.05345" lon="-123.78282">
        <ele>467.02</ele>
        <time>2021-08-28T21:50:53Z</time>
      </trkpt>
      <trkpt lat="48.05342" lon="-123.78284">
        <ele>465.27</ele>
        <time>2021-08-28T21:50:58Z</time>
      </trkpt>
      <trkpt lat="48.05339" lon="-123.78285">
        <ele>463.37</ele>
        <time>2021-08-28T21:51:03Z</time>
      </trkpt>
      <trkpt lat="48.05337" lon="-123.78282">
        <ele>461.5</ele>
        <time>2021-08-28T21:51:07Z</time>
      </trkpt>
      <trkpt lat="48.05335" lon="-123.78278">
        <ele>459.3</ele>
        <time>2021-08-28T21:51:11Z</time>
      </trkpt>
      <trkpt lat="48.05337" lon="-123.78282">
        <ele>461.5</ele>
        <time>2021-08-28T21:51:26Z</time>
      </trkpt>
      <trkpt lat="48.05337" lon="-123.78287">
        <ele>462.37</ele>
        <time>2021-08-28T21:51:42Z</time>
      </trkpt>
      <trkpt lat="48.05336" lon="-123.78291">
        <ele>462.46</ele>
        <time>2021-08-28T21:51:45Z</time>
      </trkpt>
      <trkpt lat="48.05334" lon="-123.78295">
        <ele>462.09</ele>
        <time>2021-08-28T21:51:49Z</time>
      </trkpt>
      <trkpt lat="48.05332" lon="-123.78297">
        <ele>460.93</ele>
        <time>2021-08-28T21:51:54Z</time>
      </trkpt>
      <trkpt lat="48.05331" lon="-123.78302">
        <ele>460.76</ele>
        <time>2021-08-28T21:52:00Z</time>
      </trkpt>
      <trkpt lat="48.0533" lon="-123.78307">
        <ele>460.59</ele>
        <time>2021-08-28T21:52:04Z</time>
      </trkpt>
      <trkpt lat="48.05331" lon="-123.78311">
        <ele>461.53</ele>
        <time>2021-08-28T21:52:09Z</time>
      </trkpt>
      <trkpt lat="48.05332" lon="-123.78315">
        <ele>462.26</ele>
        <time>2021-08-28T21:52:15Z</time>
      </trkpt>
      <trkpt lat="48.05334" lon="-123.78319">
        <ele>462.73</ele>
        <time>2021-08-28T21:52:20Z</time>
      </trkpt>
      <trkpt lat="48.05336" lon="-123.78323">
        <ele>462.73</ele>
        <time>2021-08-28T21:52:24Z</time>
      </trkpt>
      <trkpt lat="48.05339" lon="-123.78326">
        <ele>462.73</ele>
        <time>2021-08-28T21:52:28Z</time>
      </trkpt>
      <trkpt lat="48.05342" lon="-123.78327">
        <ele>463.22</ele>
        <time>2021-08-28T21:52:31Z</time>
      </trkpt>
      <trkpt lat="48.05344" lon="-123.78328">
        <ele>463.54</ele>
        <time>2021-08-28T21:52:33Z</time>
      </trkpt>
      <trkpt lat="48.05345" lon="-123.78334">
        <ele>462.3</ele>
        <time>2021-08-28T21:52:38Z</time>
      </trkpt>
      <trkpt lat="48.05344" lon="-123.78339">
        <ele>460.47</ele>
        <time>2021-08-28T21:52:41Z</time>
      </trkpt>
      <trkpt lat="48.05346" lon="-123.78342">
        <ele>459.93</ele>
        <time>2021-08-28T21:53:03Z</time>
      </trkpt>
      <trkpt lat="48.05349" lon="-123.78344">
        <ele>459.48</ele>
        <time>2021-08-28T21:53:08Z</time>
      </trkpt>
      <trkpt lat="48.05349" lon="-123.78349">
        <ele>456.28</ele>
        <time>2021-08-28T21:53:10Z</time>
      </trkpt>
      <trkpt lat="48.05348" lon="-123.78352">
        <ele>453.82</ele>
        <time>2021-08-28T21:53:14Z</time>
      </trkpt>
      <trkpt lat="48.05347" lon="-123.78357">
        <ele>449.75</ele>
        <time>2021-08-28T21:53:21Z</time>
      </trkpt>
      <trkpt lat="48.05347" lon="-123.78361">
        <ele>446.93</ele>
        <time>2021-08-28T21:53:25Z</time>
      </trkpt>
      <trkpt lat="48.05349" lon="-123.78365">
        <ele>445.47</ele>
        <time>2021-08-28T21:53:31Z</time>
      </trkpt>
      <trkpt lat="48.05347" lon="-123.78369">
        <ele>441.78</ele>
        <time>2021-08-28T21:53:43Z</time>
      </trkpt>
      <trkpt lat="48.05344" lon="-123.78371">
        <ele>439.34</ele>
        <time>2021-08-28T21:53:48Z</time>
      </trkpt>
      <trkpt lat="48.05341" lon="-123.7837">
        <ele>438.51</ele>
        <time>2021-08-28T21:53:54Z</time>
      </trkpt>
      <trkpt lat="48.05339" lon="-123.78367">
        <ele>439.27</ele>
        <time>2021-08-28T21:53:59Z</time>
      </trkpt>
      <trkpt lat="48.05336" lon="-123.78368">
        <ele>437.43</ele>
        <time>2021-08-28T21:54:03Z</time>
      </trkpt>
      <trkpt lat="48.05336" lon="-123.78373">
        <ele>435.02</ele>
        <time>2021-08-28T21:54:06Z</time>
      </trkpt>
      <trkpt lat="48.05338" lon="-123.78376">
        <ele>434.58</ele>
        <time>2021-08-28T21:54:08Z</time>
      </trkpt>
      <trkpt lat="48.0534" lon="-123.7838">
        <ele>433.75</ele>
        <time>2021-08-28T21:54:11Z</time>
      </trkpt>
      <trkpt lat="48.05343" lon="-123.78381">
        <ele>434.73</ele>
        <time>2021-08-28T21:54:19Z</time>
      </trkpt>
      <trkpt lat="48.05344" lon="-123.78377">
        <ele>436.74</ele>
        <time>2021-08-28T21:54:27Z</time>
      </trkpt>
      <trkpt lat="48.05345" lon="-123.78373">
        <ele>438.9</ele>
        <time>2021-08-28T21:54:32Z</time>
      </trkpt>
      <trkpt lat="48.05348" lon="-123.78372">
        <ele>440.63</ele>
        <time>2021-08-28T21:54:51Z</time>
      </trkpt>
      <trkpt lat="48.05351" lon="-123.78371">
        <ele>442.36</ele>
        <time>2021-08-28T21:55:11Z</time>
      </trkpt>
      <trkpt lat="48.05354" lon="-123.78371">
        <ele>443.87</ele>
        <time>2021-08-28T21:55:17Z</time>
      </trkpt>
      <trkpt lat="48.05356" lon="-123.78374">
        <ele>443.5</ele>
        <time>2021-08-28T21:55:22Z</time>
      </trkpt>
      <trkpt lat="48.05359" lon="-123.78377">
        <ele>443.44</ele>
        <time>2021-08-28T21:55:25Z</time>
      </trkpt>
      <trkpt lat="48.05362" lon="-123.7838">
        <ele>443.36</ele>
        <time>2021-08-28T21:55:27Z</time>
      </trkpt>
      <trkpt lat="48.05364" lon="-123.78383">
        <ele>443.35</ele>
        <time>2021-08-28T21:55:30Z</time>
      </trkpt>
      <trkpt lat="48.05367" lon="-123.78385">
        <ele>444.07</ele>
        <time>2021-08-28T21:55:33Z</time>
      </trkpt>
      <trkpt lat="48.05369" lon="-123.78387">
        <ele>444.19</ele>
        <time>2021-08-28T21:55:36Z</time>
      </trkpt>
      <trkpt lat="48.05372" lon="-123.78389">
        <ele>444.48</ele>
        <time>2021-08-28T21:55:40Z</time>
      </trkpt>
      <trkpt lat="48.05375" lon="-123.78392">
        <ele>444.16</ele>
        <time>2021-08-28T21:55:45Z</time>
      </trkpt>
      <trkpt lat="48.05378" lon="-123.78394">
        <ele>444.26</ele>
        <time>2021-08-28T21:55:49Z</time>
      </trkpt>
      <trkpt lat="48.05381" lon="-123.78395">
        <ele>444.75</ele>
        <time>2021-08-28T21:55:52Z</time>
      </trkpt>
      <trkpt lat="48.05383" lon="-123.78397">
        <ele>444.54</ele>
        <time>2021-08-28T21:55:55Z</time>
      </trkpt>
      <trkpt lat="48.05386" lon="-123.784">
        <ele>444.26</ele>
        <time>2021-08-28T21:55:58Z</time>
      </trkpt>
      <trkpt lat="48.05389" lon="-123.78401">
        <ele>444.79</ele>
        <time>2021-08-28T21:56:01Z</time>
      </trkpt>
      <trkpt lat="48.05391" lon="-123.78403">
        <ele>444.36</ele>
        <time>2021-08-28T21:56:03Z</time>
      </trkpt>
      <trkpt lat="48.05394" lon="-123.78406">
        <ele>443.71</ele>
        <time>2021-08-28T21:56:06Z</time>
      </trkpt>
      <trkpt lat="48.05397" lon="-123.78409">
        <ele>443.06</ele>
        <time>2021-08-28T21:56:09Z</time>
      </trkpt>
      <trkpt lat="48.05399" lon="-123.78412">
        <ele>442.11</ele>
        <time>2021-08-28T21:56:11Z</time>
      </trkpt>
      <trkpt lat="48.05401" lon="-123.78414">
        <ele>441.46</ele>
        <time>2021-08-28T21:56:14Z</time>
      </trkpt>
      <trkpt lat="48.05403" lon="-123.78417">
        <ele>440.42</ele>
        <time>2021-08-28T21:56:19Z</time>
      </trkpt>
      <trkpt lat="48.05405" lon="-123.78421">
        <ele>439.34</ele>
        <time>2021-08-28T21:56:22Z</time>
      </trkpt>
      <trkpt lat="48.05407" lon="-123.78426">
        <ele>437.93</ele>
        <time>2021-08-28T21:56:25Z</time>
      </trkpt>
      <trkpt lat="48.05408" lon="-123.78432">
        <ele>436.1</ele>
        <time>2021-08-28T21:56:27Z</time>
      </trkpt>
      <trkpt lat="48.05409" lon="-123.78437">
        <ele>434.58</ele>
        <time>2021-08-28T21:56:30Z</time>
      </trkpt>
      <trkpt lat="48.0541" lon="-123.78442">
        <ele>433.07</ele>
        <time>2021-08-28T21:56:33Z</time>
      </trkpt>
      <trkpt lat="48.05412" lon="-123.78445">
        <ele>432.35</ele>
        <time>2021-08-28T21:56:36Z</time>
      </trkpt>
      <trkpt lat="48.05415" lon="-123.78446">
        <ele>432.35</ele>
        <time>2021-08-28T21:56:42Z</time>
      </trkpt>
      <trkpt lat="48.05418" lon="-123.78446">
        <ele>432.5</ele>
        <time>2021-08-28T21:56:47Z</time>
      </trkpt>
      <trkpt lat="48.05421" lon="-123.78445">
        <ele>432.82</ele>
        <time>2021-08-28T21:56:50Z</time>
      </trkpt>
      <trkpt lat="48.05424" lon="-123.78444">
        <ele>433.14</ele>
        <time>2021-08-28T21:56:53Z</time>
      </trkpt>
      <trkpt lat="48.05426" lon="-123.78443">
        <ele>433.46</ele>
        <time>2021-08-28T21:56:55Z</time>
      </trkpt>
      <trkpt lat="48.05429" lon="-123.78443">
        <ele>433.19</ele>
        <time>2021-08-28T21:56:58Z</time>
      </trkpt>
      <trkpt lat="48.05432" lon="-123.78441">
        <ele>433.7</ele>
        <time>2021-08-28T21:57:02Z</time>
      </trkpt>
      <trkpt lat="48.05434" lon="-123.78438">
        <ele>434.82</ele>
        <time>2021-08-28T21:57:06Z</time>
      </trkpt>
      <trkpt lat="48.05437" lon="-123.78437">
        <ele>435.02</ele>
        <time>2021-08-28T21:57:10Z</time>
      </trkpt>
      <trkpt lat="48.0544" lon="-123.78435">
        <ele>435.54</ele>
        <time>2021-08-28T21:57:13Z</time>
      </trkpt>
      <trkpt lat="48.05442" lon="-123.78432">
        <ele>436.3</ele>
        <time>2021-08-28T21:57:16Z</time>
      </trkpt>
      <trkpt lat="48.05444" lon="-123.78429">
        <ele>437.05</ele>
        <time>2021-08-28T21:57:19Z</time>
      </trkpt>
      <trkpt lat="48.05447" lon="-123.78426">
        <ele>437.7</ele>
        <time>2021-08-28T21:57:23Z</time>
      </trkpt>
      <trkpt lat="48.05449" lon="-123.78424">
        <ele>438.34</ele>
        <time>2021-08-28T21:57:27Z</time>
      </trkpt>
      <trkpt lat="48.05451" lon="-123.78421">
        <ele>439.42</ele>
        <time>2021-08-28T21:57:30Z</time>
      </trkpt>
      <trkpt lat="48.05454" lon="-123.78418">
        <ele>440.39</ele>
        <time>2021-08-28T21:57:33Z</time>
      </trkpt>
      <trkpt lat="48.05457" lon="-123.78415">
        <ele>441.84</ele>
        <time>2021-08-28T21:57:36Z</time>
      </trkpt>
      <trkpt lat="48.05459" lon="-123.78414">
        <ele>442.28</ele>
        <time>2021-08-28T21:57:39Z</time>
      </trkpt>
      <trkpt lat="48.05461" lon="-123.78418">
        <ele>439.64</ele>
        <time>2021-08-28T21:57:44Z</time>
      </trkpt>
      <trkpt lat="48.05461" lon="-123.78423">
        <ele>437.48</ele>
        <time>2021-08-28T21:57:47Z</time>
      </trkpt>
      <trkpt lat="48.05464" lon="-123.78425">
        <ele>436.29</ele>
        <time>2021-08-28T21:57:55Z</time>
      </trkpt>
      <trkpt lat="48.05467" lon="-123.78426">
        <ele>435.54</ele>
        <time>2021-08-28T21:57:59Z</time>
      </trkpt>
      <trkpt lat="48.05468" lon="-123.7843">
        <ele>434.14</ele>
        <time>2021-08-28T21:58:03Z</time>
      </trkpt>
      <trkpt lat="48.0547" lon="-123.78433">
        <ele>432.95</ele>
        <time>2021-08-28T21:58:12Z</time>
      </trkpt>
      <trkpt lat="48.05473" lon="-123.78434">
        <ele>432.23</ele>
        <time>2021-08-28T21:58:17Z</time>
      </trkpt>
      <trkpt lat="48.05473" lon="-123.78438">
        <ele>430.64</ele>
        <time>2021-08-28T21:58:24Z</time>
      </trkpt>
      <trkpt lat="48.05476" lon="-123.78439">
        <ele>429.7</ele>
        <time>2021-08-28T21:58:32Z</time>
      </trkpt>
      <trkpt lat="48.05479" lon="-123.78442">
        <ele>428.13</ele>
        <time>2021-08-28T21:58:37Z</time>
      </trkpt>
      <trkpt lat="48.05482" lon="-123.78443">
        <ele>427.36</ele>
        <time>2021-08-28T21:58:45Z</time>
      </trkpt>
      <trkpt lat="48.05485" lon="-123.78444">
        <ele>426.38</ele>
        <time>2021-08-28T21:58:49Z</time>
      </trkpt>
      <trkpt lat="48.05488" lon="-123.78448">
        <ele>424.44</ele>
        <time>2021-08-28T21:58:53Z</time>
      </trkpt>
      <trkpt lat="48.05489" lon="-123.78451">
        <ele>423.25</ele>
        <time>2021-08-28T21:58:56Z</time>
      </trkpt>
      <trkpt lat="48.05491" lon="-123.78455">
        <ele>421.36</ele>
        <time>2021-08-28T21:58:59Z</time>
      </trkpt>
      <trkpt lat="48.05493" lon="-123.78458">
        <ele>419.53</ele>
        <time>2021-08-28T21:59:02Z</time>
      </trkpt>
      <trkpt lat="48.05494" lon="-123.78463">
        <ele>417.28</ele>
        <time>2021-08-28T21:59:06Z</time>
      </trkpt>
      <trkpt lat="48.05496" lon="-123.78467">
        <ele>415.31</ele>
        <time>2021-08-28T21:59:09Z</time>
      </trkpt>
      <trkpt lat="48.05497" lon="-123.7847">
        <ele>413.85</ele>
        <time>2021-08-28T21:59:12Z</time>
      </trkpt>
      <trkpt lat="48.05498" lon="-123.78475">
        <ele>411.51</ele>
        <time>2021-08-28T21:59:18Z</time>
      </trkpt>
      <trkpt lat="48.05497" lon="-123.78481">
        <ele>409.49</ele>
        <time>2021-08-28T21:59:22Z</time>
      </trkpt>
      <trkpt lat="48.05497" lon="-123.78486">
        <ele>407.01</ele>
        <time>2021-08-28T21:59:26Z</time>
      </trkpt>
      <trkpt lat="48.05496" lon="-123.7849">
        <ele>405.53</ele>
        <time>2021-08-28T21:59:30Z</time>
      </trkpt>
      <trkpt lat="48.05494" lon="-123.78495">
        <ele>404.26</ele>
        <time>2021-08-28T21:59:33Z</time>
      </trkpt>
      <trkpt lat="48.05493" lon="-123.785">
        <ele>402.27</ele>
        <time>2021-08-28T21:59:37Z</time>
      </trkpt>
      <trkpt lat="48.05492" lon="-123.78505">
        <ele>400.43</ele>
        <time>2021-08-28T21:59:40Z</time>
      </trkpt>
      <trkpt lat="48.05491" lon="-123.7851">
        <ele>398.68</ele>
        <time>2021-08-28T21:59:44Z</time>
      </trkpt>
      <trkpt lat="48.05491" lon="-123.78514">
        <ele>397.38</ele>
        <time>2021-08-28T21:59:52Z</time>
      </trkpt>
      <trkpt lat="48.0549" lon="-123.78519">
        <ele>395.92</ele>
        <time>2021-08-28T21:59:55Z</time>
      </trkpt>
      <trkpt lat="48.05489" lon="-123.78523">
        <ele>394.74</ele>
        <time>2021-08-28T21:59:58Z</time>
      </trkpt>
      <trkpt lat="48.05487" lon="-123.78527">
        <ele>393.66</ele>
        <time>2021-08-28T22:00:01Z</time>
      </trkpt>
      <trkpt lat="48.05487" lon="-123.78531">
        <ele>392.5</ele>
        <time>2021-08-28T22:00:04Z</time>
      </trkpt>
      <trkpt lat="48.05487" lon="-123.78536">
        <ele>391.1</ele>
        <time>2021-08-28T22:00:06Z</time>
      </trkpt>
      <trkpt lat="48.05488" lon="-123.7854">
        <ele>389.86</ele>
        <time>2021-08-28T22:00:08Z</time>
      </trkpt>
      <trkpt lat="48.05491" lon="-123.78543">
        <ele>388.66</ele>
        <time>2021-08-28T22:00:11Z</time>
      </trkpt>
      <trkpt lat="48.05493" lon="-123.78546">
        <ele>387.58</ele>
        <time>2021-08-28T22:00:14Z</time>
      </trkpt>
      <trkpt lat="48.05495" lon="-123.7855">
        <ele>385.91</ele>
        <time>2021-08-28T22:00:16Z</time>
      </trkpt>
      <trkpt lat="48.05496" lon="-123.78553">
        <ele>384.59</ele>
        <time>2021-08-28T22:00:18Z</time>
      </trkpt>
      <trkpt lat="48.05498" lon="-123.78557">
        <ele>381.87</ele>
        <time>2021-08-28T22:00:21Z</time>
      </trkpt>
      <trkpt lat="48.05501" lon="-123.78559">
        <ele>378.36</ele>
        <time>2021-08-28T22:00:24Z</time>
      </trkpt>
      <trkpt lat="48.05504" lon="-123.78561">
        <ele>373.82</ele>
        <time>2021-08-28T22:00:27Z</time>
      </trkpt>
      <trkpt lat="48.05508" lon="-123.78563">
        <ele>368.43</ele>
        <time>2021-08-28T22:00:30Z</time>
      </trkpt>
      <trkpt lat="48.05511" lon="-123.78565">
        <ele>364.4</ele>
        <time>2021-08-28T22:00:33Z</time>
      </trkpt>
      <trkpt lat="48.05508" lon="-123.78565">
        <ele>367.12</ele>
        <time>2021-08-28T22:00:41Z</time>
      </trkpt>
      <trkpt lat="48.05504" lon="-123.78565">
        <ele>370.99</ele>
        <time>2021-08-28T22:00:45Z</time>
      </trkpt>
      <trkpt lat="48.05502" lon="-123.78563">
        <ele>374.39</ele>
        <time>2021-08-28T22:00:49Z</time>
      </trkpt>
      <trkpt lat="48.05498" lon="-123.78562">
        <ele>378.44</ele>
        <time>2021-08-28T22:00:52Z</time>
      </trkpt>
      <trkpt lat="48.05494" lon="-123.78561">
        <ele>381.62</ele>
        <time>2021-08-28T22:00:55Z</time>
      </trkpt>
      <trkpt lat="48.05491" lon="-123.78562">
        <ele>383.05</ele>
        <time>2021-08-28T22:00:57Z</time>
      </trkpt>
      <trkpt lat="48.05488" lon="-123.78565">
        <ele>382.79</ele>
        <time>2021-08-28T22:01:00Z</time>
      </trkpt>
      <trkpt lat="48.05486" lon="-123.78567">
        <ele>382.48</ele>
        <time>2021-08-28T22:01:03Z</time>
      </trkpt>
      <trkpt lat="48.05483" lon="-123.78568">
        <ele>383.31</ele>
        <time>2021-08-28T22:01:06Z</time>
      </trkpt>
      <trkpt lat="48.05479" lon="-123.78569">
        <ele>384.18</ele>
        <time>2021-08-28T22:01:08Z</time>
      </trkpt>
      <trkpt lat="48.05475" lon="-123.78569">
        <ele>385.04</ele>
        <time>2021-08-28T22:01:10Z</time>
      </trkpt>
      <trkpt lat="48.05471" lon="-123.78569">
        <ele>385.84</ele>
        <time>2021-08-28T22:01:12Z</time>
      </trkpt>
      <trkpt lat="48.05468" lon="-123.78569">
        <ele>386.31</ele>
        <time>2021-08-28T22:01:14Z</time>
      </trkpt>
      <trkpt lat="48.05465" lon="-123.7857">
        <ele>386.54</ele>
        <time>2021-08-28T22:01:17Z</time>
      </trkpt>
      <trkpt lat="48.05462" lon="-123.78572">
        <ele>386.55</ele>
        <time>2021-08-28T22:01:20Z</time>
      </trkpt>
      <trkpt lat="48.05459" lon="-123.78573">
        <ele>386.66</ele>
        <time>2021-08-28T22:01:22Z</time>
      </trkpt>
      <trkpt lat="48.05456" lon="-123.78572">
        <ele>387.2</ele>
        <time>2021-08-28T22:01:25Z</time>
      </trkpt>
      <trkpt lat="48.05454" lon="-123.78569">
        <ele>388.06</ele>
        <time>2021-08-28T22:01:29Z</time>
      </trkpt>
      <trkpt lat="48.05452" lon="-123.78566">
        <ele>388.93</ele>
        <time>2021-08-28T22:01:33Z</time>
      </trkpt>
      <trkpt lat="48.05451" lon="-123.78561">
        <ele>390.0</ele>
        <time>2021-08-28T22:01:36Z</time>
      </trkpt>
      <trkpt lat="48.05451" lon="-123.78556">
        <ele>390.92</ele>
        <time>2021-08-28T22:01:39Z</time>
      </trkpt>
      <trkpt lat="48.05449" lon="-123.78552">
        <ele>391.58</ele>
        <time>2021-08-28T22:01:42Z</time>
      </trkpt>
      <trkpt lat="48.05447" lon="-123.7855">
        <ele>392.03</ele>
        <time>2021-08-28T22:01:45Z</time>
      </trkpt>
      <trkpt lat="48.05444" lon="-123.78549">
        <ele>392.43</ele>
        <time>2021-08-28T22:01:47Z</time>
      </trkpt>
      <trkpt lat="48.05441" lon="-123.78547">
        <ele>392.88</ele>
        <time>2021-08-28T22:01:49Z</time>
      </trkpt>
      <trkpt lat="48.05438" lon="-123.78546">
        <ele>393.05</ele>
        <time>2021-08-28T22:01:51Z</time>
      </trkpt>
      <trkpt lat="48.05435" lon="-123.78546">
        <ele>393.08</ele>
        <time>2021-08-28T22:01:53Z</time>
      </trkpt>
      <trkpt lat="48.05432" lon="-123.7855">
        <ele>392.94</ele>
        <time>2021-08-28T22:01:56Z</time>
      </trkpt>
      <trkpt lat="48.0543" lon="-123.78554">
        <ele>392.73</ele>
        <time>2021-08-28T22:01:58Z</time>
      </trkpt>
      <trkpt lat="48.05428" lon="-123.78557">
        <ele>392.5</ele>
        <time>2021-08-28T22:02:00Z</time>
      </trkpt>
      <trkpt lat="48.05426" lon="-123.78564">
        <ele>391.18</ele>
        <time>2021-08-28T22:02:02Z</time>
      </trkpt>
      <trkpt lat="48.05423" lon="-123.7857">
        <ele>390.02</ele>
        <time>2021-08-28T22:02:04Z</time>
      </trkpt>
      <trkpt lat="48.05419" lon="-123.78573">
        <ele>389.32</ele>
        <time>2021-08-28T22:02:06Z</time>
      </trkpt>
      <trkpt lat="48.05417" lon="-123.78576">
        <ele>388.59</ele>
        <time>2021-08-28T22:02:08Z</time>
      </trkpt>
      <trkpt lat="48.05414" lon="-123.78578">
        <ele>387.86</ele>
        <time>2021-08-28T22:02:11Z</time>
      </trkpt>
      <trkpt lat="48.05411" lon="-123.7858">
        <ele>387.11</ele>
        <time>2021-08-28T22:02:14Z</time>
      </trkpt>
      <trkpt lat="48.05409" lon="-123.78584">
        <ele>386.03</ele>
        <time>2021-08-28T22:02:17Z</time>
      </trkpt>
      <trkpt lat="48.05407" lon="-123.78588">
        <ele>384.93</ele>
        <time>2021-08-28T22:02:21Z</time>
      </trkpt>
      <trkpt lat="48.05405" lon="-123.78592">
        <ele>383.85</ele>
        <time>2021-08-28T22:02:25Z</time>
      </trkpt>
      <trkpt lat="48.05403" lon="-123.78595">
        <ele>383.02</ele>
        <time>2021-08-28T22:02:29Z</time>
      </trkpt>
      <trkpt lat="48.054" lon="-123.78597">
        <ele>381.96</ele>
        <time>2021-08-28T22:02:32Z</time>
      </trkpt>
      <trkpt lat="48.05397" lon="-123.78599">
        <ele>380.55</ele>
        <time>2021-08-28T22:02:36Z</time>
      </trkpt>
      <trkpt lat="48.05395" lon="-123.78602">
        <ele>378.93</ele>
        <time>2021-08-28T22:02:41Z</time>
      </trkpt>
      <trkpt lat="48.05394" lon="-123.78606">
        <ele>377.31</ele>
        <time>2021-08-28T22:02:46Z</time>
      </trkpt>
      <trkpt lat="48.05391" lon="-123.7861">
        <ele>375.04</ele>
        <time>2021-08-28T22:02:51Z</time>
      </trkpt>
      <trkpt lat="48.05389" lon="-123.78612">
        <ele>373.75</ele>
        <time>2021-08-28T22:02:55Z</time>
      </trkpt>
      <trkpt lat="48.05386" lon="-123.78613">
        <ele>372.76</ele>
        <time>2021-08-28T22:02:57Z</time>
      </trkpt>
      <trkpt lat="48.05383" lon="-123.78613">
        <ele>372.12</ele>
        <time>2021-08-28T22:02:59Z</time>
      </trkpt>
      <trkpt lat="48.0538" lon="-123.78613">
        <ele>371.47</ele>
        <time>2021-08-28T22:03:02Z</time>
      </trkpt>
      <trkpt lat="48.05377" lon="-123.78613">
        <ele>370.82</ele>
        <time>2021-08-28T22:03:05Z</time>
      </trkpt>
      <trkpt lat="48.05374" lon="-123.78613">
        <ele>370.17</ele>
        <time>2021-08-28T22:03:08Z</time>
      </trkpt>
      <trkpt lat="48.05371" lon="-123.78613">
        <ele>369.52</ele>
        <time>2021-08-28T22:03:11Z</time>
      </trkpt>
      <trkpt lat="48.05368" lon="-123.78614">
        <ele>368.3</ele>
        <time>2021-08-28T22:03:13Z</time>
      </trkpt>
      <trkpt lat="48.05366" lon="-123.78617">
        <ele>366.68</ele>
        <time>2021-08-28T22:03:16Z</time>
      </trkpt>
      <trkpt lat="48.05365" lon="-123.78622">
        <ele>364.73</ele>
        <time>2021-08-28T22:03:19Z</time>
      </trkpt>
      <trkpt lat="48.05363" lon="-123.78625">
        <ele>363.11</ele>
        <time>2021-08-28T22:03:22Z</time>
      </trkpt>
      <trkpt lat="48.05361" lon="-123.78629">
        <ele>361.16</ele>
        <time>2021-08-28T22:03:25Z</time>
      </trkpt>
      <trkpt lat="48.05359" lon="-123.7863">
        <ele>359.97</ele>
        <time>2021-08-28T22:03:29Z</time>
      </trkpt>
      <trkpt lat="48.05356" lon="-123.78633">
        <ele>357.7</ele>
        <time>2021-08-28T22:03:33Z</time>
      </trkpt>
      <trkpt lat="48.05358" lon="-123.78637">
        <ele>357.27</ele>
        <time>2021-08-28T22:03:44Z</time>
      </trkpt>
      <trkpt lat="48.05358" lon="-123.78642">
        <ele>355.65</ele>
        <time>2021-08-28T22:03:48Z</time>
      </trkpt>
      <trkpt lat="48.05356" lon="-123.78645">
        <ele>353.81</ele>
        <time>2021-08-28T22:03:52Z</time>
      </trkpt>
      <trkpt lat="48.05352" lon="-123.78646">
        <ele>351.76</ele>
        <time>2021-08-28T22:03:55Z</time>
      </trkpt>
      <trkpt lat="48.05349" lon="-123.78646">
        <ele>350.16</ele>
        <time>2021-08-28T22:03:57Z</time>
      </trkpt>
      <trkpt lat="48.05346" lon="-123.78645">
        <ele>348.86</ele>
        <time>2021-08-28T22:04:01Z</time>
      </trkpt>
      <trkpt lat="48.05343" lon="-123.78646">
        <ele>346.92</ele>
        <time>2021-08-28T22:04:05Z</time>
      </trkpt>
      <trkpt lat="48.05342" lon="-123.78651">
        <ele>344.74</ele>
        <time>2021-08-28T22:04:08Z</time>
      </trkpt>
      <trkpt lat="48.05341" lon="-123.78655">
        <ele>342.79</ele>
        <time>2021-08-28T22:04:11Z</time>
      </trkpt>
      <trkpt lat="48.0534" lon="-123.78659">
        <ele>340.58</ele>
        <time>2021-08-28T22:04:14Z</time>
      </trkpt>
      <trkpt lat="48.05338" lon="-123.78662">
        <ele>337.79</ele>
        <time>2021-08-28T22:04:17Z</time>
      </trkpt>
      <trkpt lat="48.05336" lon="-123.78666">
        <ele>334.36</ele>
        <time>2021-08-28T22:04:20Z</time>
      </trkpt>
      <trkpt lat="48.05333" lon="-123.7867">
        <ele>329.48</ele>
        <time>2021-08-28T22:04:23Z</time>
      </trkpt>
      <trkpt lat="48.0533" lon="-123.78672">
        <ele>324.94</ele>
        <time>2021-08-28T22:04:26Z</time>
      </trkpt>
      <trkpt lat="48.05327" lon="-123.78671">
        <ele>322.35</ele>
        <time>2021-08-28T22:04:29Z</time>
      </trkpt>
      <trkpt lat="48.05324" lon="-123.78669">
        <ele>320.42</ele>
        <time>2021-08-28T22:04:32Z</time>
      </trkpt>
      <trkpt lat="48.05321" lon="-123.78671">
        <ele>316.2</ele>
        <time>2021-08-28T22:04:36Z</time>
      </trkpt>
      <trkpt lat="48.05323" lon="-123.78674">
        <ele>316.2</ele>
        <time>2021-08-28T22:04:43Z</time>
      </trkpt>
      <trkpt lat="48.05326" lon="-123.78674">
        <ele>319.33</ele>
        <time>2021-08-28T22:04:49Z</time>
      </trkpt>
      <trkpt lat="48.05329" lon="-123.78676">
        <ele>321.28</ele>
        <time>2021-08-28T22:04:54Z</time>
      </trkpt>
      <trkpt lat="48.05331" lon="-123.78679">
        <ele>321.57</ele>
        <time>2021-08-28T22:04:59Z</time>
      </trkpt>
      <trkpt lat="48.05332" lon="-123.78684">
        <ele>319.45</ele>
        <time>2021-08-28T22:05:05Z</time>
      </trkpt>
      <trkpt lat="48.05333" lon="-123.78689">
        <ele>317.62</ele>
        <time>2021-08-28T22:05:08Z</time>
      </trkpt>
      <trkpt lat="48.05333" lon="-123.78694">
        <ele>314.92</ele>
        <time>2021-08-28T22:05:11Z</time>
      </trkpt>
      <trkpt lat="48.05333" lon="-123.78699">
        <ele>312.23</ele>
        <time>2021-08-28T22:05:15Z</time>
      </trkpt>
      <trkpt lat="48.05334" lon="-123.78704">
        <ele>310.52</ele>
        <time>2021-08-28T22:05:21Z</time>
      </trkpt>
      <trkpt lat="48.05336" lon="-123.78708">
        <ele>310.74</ele>
        <time>2021-08-28T22:05:25Z</time>
      </trkpt>
      <trkpt lat="48.05336" lon="-123.78712">
        <ele>309.01</ele>
        <time>2021-08-28T22:05:28Z</time>
      </trkpt>
      <trkpt lat="48.05337" lon="-123.78717">
        <ele>307.65</ele>
        <time>2021-08-28T22:05:31Z</time>
      </trkpt>
      <trkpt lat="48.05338" lon="-123.78722">
        <ele>306.14</ele>
        <time>2021-08-28T22:05:34Z</time>
      </trkpt>
      <trkpt lat="48.0534" lon="-123.78726">
        <ele>305.72</ele>
        <time>2021-08-28T22:05:37Z</time>
      </trkpt>
      <trkpt lat="48.05341" lon="-123.78729">
        <ele>304.96</ele>
        <time>2021-08-28T22:05:40Z</time>
      </trkpt>
      <trkpt lat="48.05342" lon="-123.78734">
        <ele>302.87</ele>
        <time>2021-08-28T22:05:44Z</time>
      </trkpt>
      <trkpt lat="48.05343" lon="-123.78739">
        <ele>300.44</ele>
        <time>2021-08-28T22:05:48Z</time>
      </trkpt>
      <trkpt lat="48.05344" lon="-123.78743">
        <ele>298.81</ele>
        <time>2021-08-28T22:05:51Z</time>
      </trkpt>
      <trkpt lat="48.05345" lon="-123.78747">
        <ele>297.26</ele>
        <time>2021-08-28T22:05:54Z</time>
      </trkpt>
      <trkpt lat="48.05347" lon="-123.7875">
        <ele>296.86</ele>
        <time>2021-08-28T22:05:59Z</time>
      </trkpt>
      <trkpt lat="48.05348" lon="-123.78754">
        <ele>295.09</ele>
        <time>2021-08-28T22:06:06Z</time>
      </trkpt>
      <trkpt lat="48.0535" lon="-123.78757">
        <ele>294.42</ele>
        <time>2021-08-28T22:06:09Z</time>
      </trkpt>
      <trkpt lat="48.05352" lon="-123.7876">
        <ele>293.77</ele>
        <time>2021-08-28T22:06:12Z</time>
      </trkpt>
      <trkpt lat="48.05354" lon="-123.78764">
        <ele>293.23</ele>
        <time>2021-08-28T22:06:15Z</time>
      </trkpt>
      <trkpt lat="48.05356" lon="-123.78767">
        <ele>292.97</ele>
        <time>2021-08-28T22:06:19Z</time>
      </trkpt>
      <trkpt lat="48.05358" lon="-123.78771">
        <ele>292.07</ele>
        <time>2021-08-28T22:06:24Z</time>
      </trkpt>
      <trkpt lat="48.05361" lon="-123.78774">
        <ele>292.56</ele>
        <time>2021-08-28T22:06:29Z</time>
      </trkpt>
      <trkpt lat="48.05363" lon="-123.78777">
        <ele>292.34</ele>
        <time>2021-08-28T22:06:33Z</time>
      </trkpt>
      <trkpt lat="48.05365" lon="-123.7878">
        <ele>292.0</ele>
        <time>2021-08-28T22:06:37Z</time>
      </trkpt>
      <trkpt lat="48.05367" lon="-123.78783">
        <ele>291.72</ele>
        <time>2021-08-28T22:06:42Z</time>
      </trkpt>
      <trkpt lat="48.0537" lon="-123.78785">
        <ele>292.65</ele>
        <time>2021-08-28T22:06:46Z</time>
      </trkpt>
      <trkpt lat="48.05372" lon="-123.78789">
        <ele>291.86</ele>
        <time>2021-08-28T22:06:50Z</time>
      </trkpt>
      <trkpt lat="48.05373" lon="-123.78792">
        <ele>290.89</ele>
        <time>2021-08-28T22:06:54Z</time>
      </trkpt>
      <trkpt lat="48.05376" lon="-123.78795">
        <ele>291.26</ele>
        <time>2021-08-28T22:06:57Z</time>
      </trkpt>
      <trkpt lat="48.05377" lon="-123.788">
        <ele>289.58</ele>
        <time>2021-08-28T22:07:01Z</time>
      </trkpt>
      <trkpt lat="48.05378" lon="-123.78804">
        <ele>288.47</ele>
        <time>2021-08-28T22:07:05Z</time>
      </trkpt>
      <trkpt lat="48.05379" lon="-123.78808">
        <ele>287.2</ele>
        <time>2021-08-28T22:07:08Z</time>
      </trkpt>
      <trkpt lat="48.05381" lon="-123.78812">
        <ele>286.51</ele>
        <time>2021-08-28T22:07:13Z</time>
      </trkpt>
      <trkpt lat="48.05382" lon="-123.78817">
        <ele>284.67</ele>
        <time>2021-08-28T22:07:17Z</time>
      </trkpt>
      <trkpt lat="48.05385" lon="-123.78819">
        <ele>286.06</ele>
        <time>2021-08-28T22:07:21Z</time>
      </trkpt>
      <trkpt lat="48.05387" lon="-123.78822">
        <ele>286.31</ele>
        <time>2021-08-28T22:07:24Z</time>
      </trkpt>
      <trkpt lat="48.05388" lon="-123.78826">
        <ele>285.4</ele>
        <time>2021-08-28T22:07:27Z</time>
      </trkpt>
      <trkpt lat="48.05389" lon="-123.7883">
        <ele>284.52</ele>
        <time>2021-08-28T22:07:32Z</time>
      </trkpt>
      <trkpt lat="48.05389" lon="-123.78824">
        <ele>287.12</ele>
        <time>2021-08-28T22:07:53Z</time>
      </trkpt>
      <trkpt lat="48.05386" lon="-123.78822">
        <ele>285.47</ele>
        <time>2021-08-28T22:08:01Z</time>
      </trkpt>
      <trkpt lat="48.05384" lon="-123.7882">
        <ele>284.77</ele>
        <time>2021-08-28T22:08:09Z</time>
      </trkpt>
      <trkpt lat="48.05381" lon="-123.78819">
        <ele>282.84</ele>
        <time>2021-08-28T22:08:13Z</time>
      </trkpt>
      <trkpt lat="48.05378" lon="-123.78815">
        <ele>282.67</ele>
        <time>2021-08-28T22:08:17Z</time>
      </trkpt>
      <trkpt lat="48.05376" lon="-123.78812">
        <ele>282.78</ele>
        <time>2021-08-28T22:08:20Z</time>
      </trkpt>
      <trkpt lat="48.05372" lon="-123.7881">
        <ele>280.83</ele>
        <time>2021-08-28T22:08:24Z</time>
      </trkpt>
      <trkpt lat="48.05369" lon="-123.78809">
        <ele>279.31</ele>
        <time>2021-08-28T22:08:29Z</time>
      </trkpt>
      <trkpt lat="48.05367" lon="-123.78807">
        <ele>279.09</ele>
        <time>2021-08-28T22:08:34Z</time>
      </trkpt>
      <trkpt lat="48.05364" lon="-123.78806">
        <ele>277.67</ele>
        <time>2021-08-28T22:08:38Z</time>
      </trkpt>
      <trkpt lat="48.05361" lon="-123.78804">
        <ele>276.61</ele>
        <time>2021-08-28T22:08:42Z</time>
      </trkpt>
      <trkpt lat="48.05358" lon="-123.78802">
        <ele>275.86</ele>
        <time>2021-08-28T22:08:46Z</time>
      </trkpt>
      <trkpt lat="48.05355" lon="-123.788">
        <ele>275.1</ele>
        <time>2021-08-28T22:08:50Z</time>
      </trkpt>
      <trkpt lat="48.05355" lon="-123.78805">
        <ele>272.94</ele>
        <time>2021-08-28T22:08:58Z</time>
      </trkpt>
      <trkpt lat="48.05352" lon="-123.78803">
        <ele>272.18</ele>
        <time>2021-08-28T22:09:07Z</time>
      </trkpt>
      <trkpt lat="48.0535" lon="-123.78801">
        <ele>272.27</ele>
        <time>2021-08-28T22:09:14Z</time>
      </trkpt>
      <trkpt lat="48.05348" lon="-123.78803">
        <ele>270.74</ele>
        <time>2021-08-28T22:09:26Z</time>
      </trkpt>
      <trkpt lat="48.05345" lon="-123.78802">
        <ele>270.03</ele>
        <time>2021-08-28T22:09:32Z</time>
      </trkpt>
      <trkpt lat="48.05342" lon="-123.78802">
        <ele>268.96</ele>
        <time>2021-08-28T22:09:36Z</time>
      </trkpt>
      <trkpt lat="48.05341" lon="-123.78806">
        <ele>267.39</ele>
        <time>2021-08-28T22:09:40Z</time>
      </trkpt>
      <trkpt lat="48.05344" lon="-123.78806">
        <ele>268.36</ele>
        <time>2021-08-28T22:09:47Z</time>
      </trkpt>
      <trkpt lat="48.05347" lon="-123.78808">
        <ele>268.9</ele>
        <time>2021-08-28T22:09:51Z</time>
      </trkpt>
      <trkpt lat="48.0535" lon="-123.7881">
        <ele>269.44</ele>
        <time>2021-08-28T22:09:56Z</time>
      </trkpt>
      <trkpt lat="48.05347" lon="-123.78811">
        <ele>268.25</ele>
        <time>2021-08-28T22:10:05Z</time>
      </trkpt>
      <trkpt lat="48.05344" lon="-123.78811">
        <ele>267.28</ele>
        <time>2021-08-28T22:10:16Z</time>
      </trkpt>
      <trkpt lat="48.05344" lon="-123.78816">
        <ele>266.2</ele>
        <time>2021-08-28T22:10:46Z</time>
      </trkpt>
      <trkpt lat="48.05345" lon="-123.78818">
        <ele>266.09</ele>
        <time>2021-08-28T22:11:15Z</time>
      </trkpt>
      <trkpt lat="48.05343" lon="-123.78817">
        <ele>265.66</ele>
        <time>2021-08-28T22:11:34Z</time>
      </trkpt>
      <trkpt lat="48.05342" lon="-123.78813">
        <ele>266.2</ele>
        <time>2021-08-28T22:11:42Z</time>
      </trkpt>
      <trkpt lat="48.05341" lon="-123.78817">
        <ele>265.01</ele>
        <time>2021-08-28T22:12:19Z</time>
      </trkpt>
      <trkpt lat="48.05338" lon="-123.78818">
        <ele>263.82</ele>
        <time>2021-08-28T22:12:26Z</time>
      </trkpt>
      <trkpt lat="48.0534" lon="-123.78816">
        <ele>264.9</ele>
        <time>2021-08-28T22:12:53Z</time>
      </trkpt>
      <trkpt lat="48.05343" lon="-123.78814">
        <ele>266.31</ele>
        <time>2021-08-28T22:13:03Z</time>
      </trkpt>
      <trkpt lat="48.05345" lon="-123.78815">
        <ele>266.74</ele>
        <time>2021-08-28T22:13:08Z</time>
      </trkpt>
      <trkpt lat="48.05348" lon="-123.78816">
        <ele>267.5</ele>
        <time>2021-08-28T22:13:13Z</time>
      </trkpt>
      <trkpt lat="48.05351" lon="-123.78818">
        <ele>268.04</ele>
        <time>2021-08-28T22:13:18Z</time>
      </trkpt>
      <trkpt lat="48.05353" lon="-123.78821">
        <ele>267.95</ele>
        <time>2021-08-28T22:13:24Z</time>
      </trkpt>
      <trkpt lat="48.05355" lon="-123.78823">
        <ele>267.95</ele>
        <time>2021-08-28T22:13:30Z</time>
      </trkpt>
      <trkpt lat="48.05358" lon="-123.78822">
        <ele>268.92</ele>
        <time>2021-08-28T22:13:36Z</time>
      </trkpt>
      <trkpt lat="48.0536" lon="-123.78826">
        <ele>268.32</ele>
        <time>2021-08-28T22:13:39Z</time>
      </trkpt>
      <trkpt lat="48.05362" lon="-123.7883">
        <ele>268.04</ele>
        <time>2021-08-28T22:13:42Z</time>
      </trkpt>
      <trkpt lat="48.05365" lon="-123.78832">
        <ele>268.61</ele>
        <time>2021-08-28T22:13:46Z</time>
      </trkpt>
      <trkpt lat="48.05367" lon="-123.78835">
        <ele>268.55</ele>
        <time>2021-08-28T22:13:49Z</time>
      </trkpt>
      <trkpt lat="48.05369" lon="-123.78838">
        <ele>268.55</ele>
        <time>2021-08-28T22:13:54Z</time>
      </trkpt>
      <trkpt lat="48.05371" lon="-123.78842">
        <ele>268.4</ele>
        <time>2021-08-28T22:13:58Z</time>
      </trkpt>
      <trkpt lat="48.05372" lon="-123.78846">
        <ele>267.97</ele>
        <time>2021-08-28T22:14:01Z</time>
      </trkpt>
      <trkpt lat="48.05373" lon="-123.7885">
        <ele>267.54</ele>
        <time>2021-08-28T22:14:05Z</time>
      </trkpt>
      <trkpt lat="48.05374" lon="-123.78855">
        <ele>266.89</ele>
        <time>2021-08-28T22:14:09Z</time>
      </trkpt>
      <trkpt lat="48.05374" lon="-123.78859">
        <ele>266.02</ele>
        <time>2021-08-28T22:14:12Z</time>
      </trkpt>
      <trkpt lat="48.05375" lon="-123.78864">
        <ele>265.06</ele>
        <time>2021-08-28T22:14:17Z</time>
      </trkpt>
      <trkpt lat="48.05376" lon="-123.78868">
        <ele>264.2</ele>
        <time>2021-08-28T22:14:25Z</time>
      </trkpt>
      <trkpt lat="48.05377" lon="-123.78873">
        <ele>262.73</ele>
        <time>2021-08-28T22:14:29Z</time>
      </trkpt>
      <trkpt lat="48.05378" lon="-123.78877">
        <ele>261.43</ele>
        <time>2021-08-28T22:14:32Z</time>
      </trkpt>
      <trkpt lat="48.05379" lon="-123.7888">
        <ele>260.56</ele>
        <time>2021-08-28T22:14:36Z</time>
      </trkpt>
      <trkpt lat="48.05381" lon="-123.78884">
        <ele>259.85</ele>
        <time>2021-08-28T22:14:40Z</time>
      </trkpt>
      <trkpt lat="48.05383" lon="-123.78886">
        <ele>260.07</ele>
        <time>2021-08-28T22:14:44Z</time>
      </trkpt>
      <trkpt lat="48.05385" lon="-123.7889">
        <ele>259.25</ele>
        <time>2021-08-28T22:14:48Z</time>
      </trkpt>
      <trkpt lat="48.05385" lon="-123.78895">
        <ele>256.32</ele>
        <time>2021-08-28T22:14:54Z</time>
      </trkpt>
      <trkpt lat="48.05386" lon="-123.78899">
        <ele>254.6</ele>
        <time>2021-08-28T22:14:58Z</time>
      </trkpt>
      <trkpt lat="48.05385" lon="-123.78904">
        <ele>250.95</ele>
        <time>2021-08-28T22:15:03Z</time>
      </trkpt>
      <trkpt lat="48.05385" lon="-123.78909">
        <ele>248.11</ele>
        <time>2021-08-28T22:15:06Z</time>
      </trkpt>
      <trkpt lat="48.05383" lon="-123.78904">
        <ele>249.79</ele>
        <time>2021-08-28T22:15:24Z</time>
      </trkpt>
      <trkpt lat="48.05381" lon="-123.78899">
        <ele>251.41</ele>
        <time>2021-08-28T22:15:27Z</time>
      </trkpt>
      <trkpt lat="48.0538" lon="-123.78895">
        <ele>253.27</ele>
        <time>2021-08-28T22:15:31Z</time>
      </trkpt>
      <trkpt lat="48.05378" lon="-123.78891">
        <ele>254.62</ele>
        <time>2021-08-28T22:15:36Z</time>
      </trkpt>
      <trkpt lat="48.05375" lon="-123.78889">
        <ele>253.93</ele>
        <time>2021-08-28T22:15:39Z</time>
      </trkpt>
      <trkpt lat="48.05372" lon="-123.78888">
        <ele>252.6</ele>
        <time>2021-08-28T22:15:42Z</time>
      </trkpt>
      <trkpt lat="48.05369" lon="-123.78888">
        <ele>250.82</ele>
        <time>2021-08-28T22:15:44Z</time>
      </trkpt>
      <trkpt lat="48.05365" lon="-123.78886">
        <ele>249.79</ele>
        <time>2021-08-28T22:15:47Z</time>
      </trkpt>
      <trkpt lat="48.05363" lon="-123.78882">
        <ele>250.89</ele>
        <time>2021-08-28T22:15:50Z</time>
      </trkpt>
      <trkpt lat="48.0536" lon="-123.78879">
        <ele>250.74</ele>
        <time>2021-08-28T22:15:53Z</time>
      </trkpt>
      <trkpt lat="48.05357" lon="-123.78877">
        <ele>250.2</ele>
        <time>2021-08-28T22:15:57Z</time>
      </trkpt>
      <trkpt lat="48.05354" lon="-123.78874">
        <ele>250.2</ele>
        <time>2021-08-28T22:16:01Z</time>
      </trkpt>
      <trkpt lat="48.05356" lon="-123.78877">
        <ele>249.66</ele>
        <time>2021-08-28T22:16:12Z</time>
      </trkpt>
      <trkpt lat="48.05358" lon="-123.7888">
        <ele>249.13</ele>
        <time>2021-08-28T22:16:16Z</time>
      </trkpt>
      <trkpt lat="48.05357" lon="-123.78884">
        <ele>246.63</ele>
        <time>2021-08-28T22:16:32Z</time>
      </trkpt>
      <trkpt lat="48.05357" lon="-123.78889">
        <ele>244.18</ele>
        <time>2021-08-28T22:16:41Z</time>
      </trkpt>
      <trkpt lat="48.05357" lon="-123.78893">
        <ele>242.45</ele>
        <time>2021-08-28T22:16:45Z</time>
      </trkpt>
      <trkpt lat="48.05359" lon="-123.78898">
        <ele>241.15</ele>
        <time>2021-08-28T22:16:49Z</time>
      </trkpt>
      <trkpt lat="48.05361" lon="-123.78894">
        <ele>243.74</ele>
        <time>2021-08-28T22:16:58Z</time>
      </trkpt>
      <trkpt lat="48.05364" lon="-123.78892">
        <ele>246.11</ele>
        <time>2021-08-28T22:17:04Z</time>
      </trkpt>
      <trkpt lat="48.05366" lon="-123.78895">
        <ele>245.65</ele>
        <time>2021-08-28T22:17:07Z</time>
      </trkpt>
      <trkpt lat="48.05366" lon="-123.789">
        <ele>243.31</ele>
        <time>2021-08-28T22:17:11Z</time>
      </trkpt>
      <trkpt lat="48.05365" lon="-123.78904">
        <ele>241.15</ele>
        <time>2021-08-28T22:17:16Z</time>
      </trkpt>
      <trkpt lat="48.05365" lon="-123.78908">
        <ele>239.42</ele>
        <time>2021-08-28T22:17:20Z</time>
      </trkpt>
      <trkpt lat="48.05367" lon="-123.78912">
        <ele>238.56</ele>
        <time>2021-08-28T22:17:29Z</time>
      </trkpt>
      <trkpt lat="48.05369" lon="-123.78915">
        <ele>238.13</ele>
        <time>2021-08-28T22:17:33Z</time>
      </trkpt>
      <trkpt lat="48.05371" lon="-123.78919">
        <ele>237.5</ele>
        <time>2021-08-28T22:17:37Z</time>
      </trkpt>
      <trkpt lat="48.05373" lon="-123.78922">
        <ele>237.24</ele>
        <time>2021-08-28T22:17:41Z</time>
      </trkpt>
      <trkpt lat="48.0537" lon="-123.78921">
        <ele>236.44</ele>
        <time>2021-08-28T22:17:58Z</time>
      </trkpt>
      <trkpt lat="48.05367" lon="-123.78923">
        <ele>234.49</ele>
        <time>2021-08-28T22:18:03Z</time>
      </trkpt>
      <trkpt lat="48.05365" lon="-123.78926">
        <ele>232.66</ele>
        <time>2021-08-28T22:18:06Z</time>
      </trkpt>
      <trkpt lat="48.05363" lon="-123.78923">
        <ele>232.76</ele>
        <time>2021-08-28T22:18:12Z</time>
      </trkpt>
      <trkpt lat="48.0536" lon="-123.7892">
        <ele>232.56</ele>
        <time>2021-08-28T22:18:16Z</time>
      </trkpt>
      <trkpt lat="48.05357" lon="-123.78917">
        <ele>232.56</ele>
        <time>2021-08-28T22:18:20Z</time>
      </trkpt>
      <trkpt lat="48.05356" lon="-123.78913">
        <ele>233.71</ele>
        <time>2021-08-28T22:18:24Z</time>
      </trkpt>
      <trkpt lat="48.05353" lon="-123.7891">
        <ele>233.62</ele>
        <time>2021-08-28T22:18:27Z</time>
      </trkpt>
      <trkpt lat="48.05351" lon="-123.78907">
        <ele>233.81</ele>
        <time>2021-08-28T22:18:30Z</time>
      </trkpt>
      <trkpt lat="48.05349" lon="-123.78912">
        <ele>231.43</ele>
        <time>2021-08-28T22:18:40Z</time>
      </trkpt>
      <trkpt lat="48.05349" lon="-123.78917">
        <ele>229.98</ele>
        <time>2021-08-28T22:18:43Z</time>
      </trkpt>
      <trkpt lat="48.0535" lon="-123.78922">
        <ele>228.79</ele>
        <time>2021-08-28T22:18:47Z</time>
      </trkpt>
      <trkpt lat="48.0535" lon="-123.78926">
        <ele>227.58</ele>
        <time>2021-08-28T22:18:50Z</time>
      </trkpt>
      <trkpt lat="48.05349" lon="-123.7893">
        <ele>226.5</ele>
        <time>2021-08-28T22:18:57Z</time>
      </trkpt>
      <trkpt lat="48.05346" lon="-123.78932">
        <ele>225.42</ele>
        <time>2021-08-28T22:19:00Z</time>
      </trkpt>
      <trkpt lat="48.05343" lon="-123.78933">
        <ele>224.56</ele>
        <time>2021-08-28T22:19:07Z</time>
      </trkpt>
      <trkpt lat="48.05341" lon="-123.7893">
        <ele>224.78</ele>
        <time>2021-08-28T22:19:12Z</time>
      </trkpt>
      <trkpt lat="48.05341" lon="-123.78926">
        <ele>225.64</ele>
        <time>2021-08-28T22:19:19Z</time>
      </trkpt>
      <trkpt lat="48.0534" lon="-123.78922">
        <ele>226.29</ele>
        <time>2021-08-28T22:19:34Z</time>
      </trkpt>
      <trkpt lat="48.05338" lon="-123.7892">
        <ele>226.29</ele>
        <time>2021-08-28T22:19:41Z</time>
      </trkpt>
      <trkpt lat="48.0534" lon="-123.78924">
        <ele>225.86</ele>
        <time>2021-08-28T22:19:48Z</time>
      </trkpt>
      <trkpt lat="48.0534" lon="-123.78928">
        <ele>224.99</ele>
        <time>2021-08-28T22:19:51Z</time>
      </trkpt>
      <trkpt lat="48.05343" lon="-123.78931">
        <ele>224.99</ele>
        <time>2021-08-28T22:19:55Z</time>
      </trkpt>
      <trkpt lat="48.05346" lon="-123.78933">
        <ele>225.21</ele>
        <time>2021-08-28T22:19:57Z</time>
      </trkpt>
      <trkpt lat="48.05348" lon="-123.78937">
        <ele>224.78</ele>
        <time>2021-08-28T22:20:00Z</time>
      </trkpt>
      <trkpt lat="48.05351" lon="-123.78941">
        <ele>224.56</ele>
        <time>2021-08-28T22:20:03Z</time>
      </trkpt>
      <trkpt lat="48.05353" lon="-123.78943">
        <ele>224.58</ele>
        <time>2021-08-28T22:20:06Z</time>
      </trkpt>
      <trkpt lat="48.05356" lon="-123.78946">
        <ele>224.56</ele>
        <time>2021-08-28T22:20:11Z</time>
      </trkpt>
      <trkpt lat="48.05358" lon="-123.7895">
        <ele>224.13</ele>
        <time>2021-08-28T22:20:14Z</time>
      </trkpt>
      <trkpt lat="48.0536" lon="-123.78953">
        <ele>223.91</ele>
        <time>2021-08-28T22:20:17Z</time>
      </trkpt>
      <trkpt lat="48.05362" lon="-123.78958">
        <ele>223.22</ele>
        <time>2021-08-28T22:20:20Z</time>
      </trkpt>
      <trkpt lat="48.05364" lon="-123.78961">
        <ele>222.8</ele>
        <time>2021-08-28T22:20:24Z</time>
      </trkpt>
      <trkpt lat="48.05367" lon="-123.78964">
        <ele>222.41</ele>
        <time>2021-08-28T22:20:30Z</time>
      </trkpt>
      <trkpt lat="48.0537" lon="-123.78967">
        <ele>222.09</ele>
        <time>2021-08-28T22:20:33Z</time>
      </trkpt>
      <trkpt lat="48.05371" lon="-123.7897">
        <ele>221.62</ele>
        <time>2021-08-28T22:20:35Z</time>
      </trkpt>
      <trkpt lat="48.05374" lon="-123.78975">
        <ele>221.37</ele>
        <time>2021-08-28T22:20:38Z</time>
      </trkpt>
      <trkpt lat="48.05377" lon="-123.78978">
        <ele>221.36</ele>
        <time>2021-08-28T22:20:41Z</time>
      </trkpt>
      <trkpt lat="48.05379" lon="-123.78979">
        <ele>221.45</ele>
        <time>2021-08-28T22:20:43Z</time>
      </trkpt>
      <trkpt lat="48.05382" lon="-123.7898">
        <ele>221.83</ele>
        <time>2021-08-28T22:20:45Z</time>
      </trkpt>
      <trkpt lat="48.05385" lon="-123.78981">
        <ele>222.26</ele>
        <time>2021-08-28T22:20:48Z</time>
      </trkpt>
      <trkpt lat="48.05388" lon="-123.78982">
        <ele>222.7</ele>
        <time>2021-08-28T22:20:51Z</time>
      </trkpt>
      <trkpt lat="48.0539" lon="-123.78985">
        <ele>222.48</ele>
        <time>2021-08-28T22:20:55Z</time>
      </trkpt>
      <trkpt lat="48.05393" lon="-123.78987">
        <ele>222.7</ele>
        <time>2021-08-28T22:20:58Z</time>
      </trkpt>
      <trkpt lat="48.05396" lon="-123.7899">
        <ele>222.7</ele>
        <time>2021-08-28T22:21:01Z</time>
      </trkpt>
      <trkpt lat="48.05398" lon="-123.78993">
        <ele>222.48</ele>
        <time>2021-08-28T22:21:07Z</time>
      </trkpt>
      <trkpt lat="48.05399" lon="-123.78989">
        <ele>223.49</ele>
        <time>2021-08-28T22:21:13Z</time>
      </trkpt>
      <trkpt lat="48.05401" lon="-123.78986">
        <ele>224.49</ele>
        <time>2021-08-28T22:21:20Z</time>
      </trkpt>
      <trkpt lat="48.05404" lon="-123.78984">
        <ele>225.55</ele>
        <time>2021-08-28T22:21:26Z</time>
      </trkpt>
      <trkpt lat="48.05405" lon="-123.78989">
        <ele>224.26</ele>
        <time>2021-08-28T22:21:32Z</time>
      </trkpt>
      <trkpt lat="48.05404" lon="-123.78994">
        <ele>222.93</ele>
        <time>2021-08-28T22:21:34Z</time>
      </trkpt>
      <trkpt lat="48.05404" lon="-123.78999">
        <ele>221.85</ele>
        <time>2021-08-28T22:21:38Z</time>
      </trkpt>
      <trkpt lat="48.05402" lon="-123.79002">
        <ele>220.98</ele>
        <time>2021-08-28T22:21:43Z</time>
      </trkpt>
      <trkpt lat="48.05399" lon="-123.78997">
        <ele>221.74</ele>
        <time>2021-08-28T22:21:54Z</time>
      </trkpt>
      <trkpt lat="48.05398" lon="-123.78993">
        <ele>222.48</ele>
        <time>2021-08-28T22:21:57Z</time>
      </trkpt>
      <trkpt lat="48.05394" lon="-123.78994">
        <ele>221.4</ele>
        <time>2021-08-28T22:22:04Z</time>
      </trkpt>
      <trkpt lat="48.0539" lon="-123.78994">
        <ele>220.54</ele>
        <time>2021-08-28T22:22:07Z</time>
      </trkpt>
      <trkpt lat="48.05386" lon="-123.78996">
        <ele>219.55</ele>
        <time>2021-08-28T22:22:20Z</time>
      </trkpt>
      <trkpt lat="48.05382" lon="-123.78997">
        <ele>218.9</ele>
        <time>2021-08-28T22:22:24Z</time>
      </trkpt>
      <trkpt lat="48.0538" lon="-123.78998">
        <ele>218.47</ele>
        <time>2021-08-28T22:22:29Z</time>
      </trkpt>
      <trkpt lat="48.05377" lon="-123.78997">
        <ele>218.27</ele>
        <time>2021-08-28T22:22:33Z</time>
      </trkpt>
      <trkpt lat="48.05374" lon="-123.78996">
        <ele>217.99</ele>
        <time>2021-08-28T22:22:37Z</time>
      </trkpt>
      <trkpt lat="48.05371" lon="-123.78999">
        <ele>217.18</ele>
        <time>2021-08-28T22:22:44Z</time>
      </trkpt>
      <trkpt lat="48.05369" lon="-123.79003">
        <ele>216.1</ele>
        <time>2021-08-28T22:22:49Z</time>
      </trkpt>
      <trkpt lat="48.05367" lon="-123.79005">
        <ele>215.39</ele>
        <time>2021-08-28T22:22:57Z</time>
      </trkpt>
      <trkpt lat="48.05364" lon="-123.79007">
        <ele>214.63</ele>
        <time>2021-08-28T22:23:02Z</time>
      </trkpt>
      <trkpt lat="48.05363" lon="-123.79012">
        <ele>213.67</ele>
        <time>2021-08-28T22:23:06Z</time>
      </trkpt>
      <trkpt lat="48.0536" lon="-123.79015">
        <ele>212.59</ele>
        <time>2021-08-28T22:23:10Z</time>
      </trkpt>
      <trkpt lat="48.05357" lon="-123.79016">
        <ele>211.98</ele>
        <time>2021-08-28T22:23:14Z</time>
      </trkpt>
      <trkpt lat="48.05355" lon="-123.79012">
        <ele>212.28</ele>
        <time>2021-08-28T22:23:19Z</time>
      </trkpt>
      <trkpt lat="48.05354" lon="-123.79007">
        <ele>212.71</ele>
        <time>2021-08-28T22:23:23Z</time>
      </trkpt>
      <trkpt lat="48.05354" lon="-123.79003">
        <ele>213.14</ele>
        <time>2021-08-28T22:23:25Z</time>
      </trkpt>
      <trkpt lat="48.05355" lon="-123.78998">
        <ele>214.04</ele>
        <time>2021-08-28T22:23:28Z</time>
      </trkpt>
      <trkpt lat="48.05358" lon="-123.78995">
        <ele>215.05</ele>
        <time>2021-08-28T22:23:32Z</time>
      </trkpt>
      <trkpt lat="48.05361" lon="-123.78995">
        <ele>215.52</ele>
        <time>2021-08-28T22:23:35Z</time>
      </trkpt>
      <trkpt lat="48.05364" lon="-123.78995">
        <ele>216.16</ele>
        <time>2021-08-28T22:23:37Z</time>
      </trkpt>
      <trkpt lat="48.05364" lon="-123.7899">
        <ele>216.78</ele>
        <time>2021-08-28T22:23:47Z</time>
      </trkpt>
      <trkpt lat="48.05363" lon="-123.78986">
        <ele>217.43</ele>
        <time>2021-08-28T22:23:51Z</time>
      </trkpt>
      <trkpt lat="48.05359" lon="-123.78985">
        <ele>216.87</ele>
        <time>2021-08-28T22:23:54Z</time>
      </trkpt>
      <trkpt lat="48.05355" lon="-123.78986">
        <ele>216.03</ele>
        <time>2021-08-28T22:23:56Z</time>
      </trkpt>
      <trkpt lat="48.05353" lon="-123.78988">
        <ele>215.46</ele>
        <time>2021-08-28T22:23:58Z</time>
      </trkpt>
      <trkpt lat="48.0535" lon="-123.7899">
        <ele>214.68</ele>
        <time>2021-08-28T22:24:01Z</time>
      </trkpt>
      <trkpt lat="48.05347" lon="-123.78991">
        <ele>213.91</ele>
        <time>2021-08-28T22:24:06Z</time>
      </trkpt>
      <trkpt lat="48.05344" lon="-123.78992">
        <ele>213.15</ele>
        <time>2021-08-28T22:24:10Z</time>
      </trkpt>
      <trkpt lat="48.0534" lon="-123.78992">
        <ele>212.58</ele>
        <time>2021-08-28T22:24:14Z</time>
      </trkpt>
      <trkpt lat="48.05337" lon="-123.78991">
        <ele>212.37</ele>
        <time>2021-08-28T22:24:18Z</time>
      </trkpt>
      <trkpt lat="48.05333" lon="-123.78986">
        <ele>212.48</ele>
        <time>2021-08-28T22:24:21Z</time>
      </trkpt>
      <trkpt lat="48.0533" lon="-123.78984">
        <ele>212.37</ele>
        <time>2021-08-28T22:24:24Z</time>
      </trkpt>
      <trkpt lat="48.05327" lon="-123.78983">
        <ele>212.15</ele>
        <time>2021-08-28T22:24:28Z</time>
      </trkpt>
      <trkpt lat="48.05325" lon="-123.7898">
        <ele>212.26</ele>
        <time>2021-08-28T22:24:32Z</time>
      </trkpt>
      <trkpt lat="48.05322" lon="-123.7898">
        <ele>212.16</ele>
        <time>2021-08-28T22:24:35Z</time>
      </trkpt>
      <trkpt lat="48.05318" lon="-123.7898">
        <ele>212.16</ele>
        <time>2021-08-28T22:24:37Z</time>
      </trkpt>
      <trkpt lat="48.05315" lon="-123.78978">
        <ele>212.38</ele>
        <time>2021-08-28T22:24:39Z</time>
      </trkpt>
      <trkpt lat="48.05312" lon="-123.78977">
        <ele>212.48</ele>
        <time>2021-08-28T22:24:41Z</time>
      </trkpt>
      <trkpt lat="48.05309" lon="-123.78974">
        <ele>212.81</ele>
        <time>2021-08-28T22:24:44Z</time>
      </trkpt>
      <trkpt lat="48.05307" lon="-123.78971">
        <ele>213.13</ele>
        <time>2021-08-28T22:24:47Z</time>
      </trkpt>
      <trkpt lat="48.05304" lon="-123.78969">
        <ele>213.35</ele>
        <time>2021-08-28T22:24:50Z</time>
      </trkpt>
      <trkpt lat="48.05302" lon="-123.78966">
        <ele>213.67</ele>
        <time>2021-08-28T22:24:52Z</time>
      </trkpt>
      <trkpt lat="48.053" lon="-123.78963">
        <ele>214.0</ele>
        <time>2021-08-28T22:24:56Z</time>
      </trkpt>
      <trkpt lat="48.05298" lon="-123.78962">
        <ele>214.1</ele>
        <time>2021-08-28T22:25:01Z</time>
      </trkpt>
      <trkpt lat="48.05295" lon="-123.7896">
        <ele>214.32</ele>
        <time>2021-08-28T22:25:04Z</time>
      </trkpt>
      <trkpt lat="48.05293" lon="-123.78957">
        <ele>214.64</ele>
        <time>2021-08-28T22:25:07Z</time>
      </trkpt>
      <trkpt lat="48.05291" lon="-123.78953">
        <ele>215.11</ele>
        <time>2021-08-28T22:25:12Z</time>
      </trkpt>
      <trkpt lat="48.05291" lon="-123.78948">
        <ele>215.88</ele>
        <time>2021-08-28T22:25:15Z</time>
      </trkpt>
      <trkpt lat="48.05291" lon="-123.78944">
        <ele>216.5</ele>
        <time>2021-08-28T22:25:17Z</time>
      </trkpt>
      <trkpt lat="48.05289" lon="-123.7894">
        <ele>217.07</ele>
        <time>2021-08-28T22:25:20Z</time>
      </trkpt>
      <trkpt lat="48.05287" lon="-123.78937">
        <ele>217.6</ele>
        <time>2021-08-28T22:25:24Z</time>
      </trkpt>
      <trkpt lat="48.05285" lon="-123.78933">
        <ele>218.07</ele>
        <time>2021-08-28T22:25:27Z</time>
      </trkpt>
      <trkpt lat="48.05284" lon="-123.7893">
        <ele>218.42</ele>
        <time>2021-08-28T22:25:30Z</time>
      </trkpt>
      <trkpt lat="48.05279" lon="-123.78927">
        <ele>218.78</ele>
        <time>2021-08-28T22:25:34Z</time>
      </trkpt>
      <trkpt lat="48.05277" lon="-123.78924">
        <ele>219.14</ele>
        <time>2021-08-28T22:25:36Z</time>
      </trkpt>
      <trkpt lat="48.05274" lon="-123.78922">
        <ele>219.19</ele>
        <time>2021-08-28T22:25:38Z</time>
      </trkpt>
      <trkpt lat="48.0527" lon="-123.78919">
        <ele>219.54</ele>
        <time>2021-08-28T22:25:40Z</time>
      </trkpt>
      <trkpt lat="48.05266" lon="-123.78916">
        <ele>219.8</ele>
        <time>2021-08-28T22:25:42Z</time>
      </trkpt>
      <trkpt lat="48.05263" lon="-123.78914">
        <ele>219.69</ele>
        <time>2021-08-28T22:25:45Z</time>
      </trkpt>
      <trkpt lat="48.0526" lon="-123.78911">
        <ele>219.69</ele>
        <time>2021-08-28T22:25:48Z</time>
      </trkpt>
      <trkpt lat="48.05257" lon="-123.78907">
        <ele>219.84</ele>
        <time>2021-08-28T22:25:51Z</time>
      </trkpt>
      <trkpt lat="48.05255" lon="-123.78904">
        <ele>220.28</ele>
        <time>2021-08-28T22:25:53Z</time>
      </trkpt>
      <trkpt lat="48.05253" lon="-123.789">
        <ele>220.92</ele>
        <time>2021-08-28T22:25:55Z</time>
      </trkpt>
      <trkpt lat="48.05252" lon="-123.78897">
        <ele>221.37</ele>
        <time>2021-08-28T22:25:57Z</time>
      </trkpt>
      <trkpt lat="48.0525" lon="-123.78893">
        <ele>221.56</ele>
        <time>2021-08-28T22:26:00Z</time>
      </trkpt>
      <trkpt lat="48.05249" lon="-123.78888">
        <ele>222.07</ele>
        <time>2021-08-28T22:26:03Z</time>
      </trkpt>
      <trkpt lat="48.05249" lon="-123.78884">
        <ele>222.89</ele>
        <time>2021-08-28T22:26:05Z</time>
      </trkpt>
      <trkpt lat="48.05249" lon="-123.78879">
        <ele>223.85</ele>
        <time>2021-08-28T22:26:08Z</time>
      </trkpt>
      <trkpt lat="48.05248" lon="-123.78874">
        <ele>224.18</ele>
        <time>2021-08-28T22:26:11Z</time>
      </trkpt>
      <trkpt lat="48.05248" lon="-123.78868">
        <ele>224.82</ele>
        <time>2021-08-28T22:26:14Z</time>
      </trkpt>
      <trkpt lat="48.05248" lon="-123.78863">
        <ele>225.36</ele>
        <time>2021-08-28T22:26:17Z</time>
      </trkpt>
      <trkpt lat="48.05246" lon="-123.78857">
        <ele>225.58</ele>
        <time>2021-08-28T22:26:20Z</time>
      </trkpt>
      <trkpt lat="48.05245" lon="-123.78853">
        <ele>225.8</ele>
        <time>2021-08-28T22:26:23Z</time>
      </trkpt>
      <trkpt lat="48.05246" lon="-123.78848">
        <ele>226.37</ele>
        <time>2021-08-28T22:26:26Z</time>
      </trkpt>
      <trkpt lat="48.05246" lon="-123.78844">
        <ele>226.62</ele>
        <time>2021-08-28T22:26:29Z</time>
      </trkpt>
      <trkpt lat="48.05245" lon="-123.78838">
        <ele>226.88</ele>
        <time>2021-08-28T22:26:31Z</time>
      </trkpt>
      <trkpt lat="48.05244" lon="-123.78833">
        <ele>227.06</ele>
        <time>2021-08-28T22:26:33Z</time>
      </trkpt>
      <trkpt lat="48.05243" lon="-123.78826">
        <ele>226.73</ele>
        <time>2021-08-28T22:26:36Z</time>
      </trkpt>
      <trkpt lat="48.05242" lon="-123.78821">
        <ele>226.69</ele>
        <time>2021-08-28T22:26:39Z</time>
      </trkpt>
      <trkpt lat="48.0524" lon="-123.78818">
        <ele>226.5</ele>
        <time>2021-08-28T22:26:43Z</time>
      </trkpt>
      <trkpt lat="48.05237" lon="-123.78815">
        <ele>226.17</ele>
        <time>2021-08-28T22:26:45Z</time>
      </trkpt>
      <trkpt lat="48.05234" lon="-123.78812">
        <ele>225.54</ele>
        <time>2021-08-28T22:26:48Z</time>
      </trkpt>
      <trkpt lat="48.05231" lon="-123.78809">
        <ele>224.9</ele>
        <time>2021-08-28T22:26:50Z</time>
      </trkpt>
      <trkpt lat="48.05229" lon="-123.78806">
        <ele>224.46</ele>
        <time>2021-08-28T22:26:52Z</time>
      </trkpt>
      <trkpt lat="48.05226" lon="-123.78806">
        <ele>223.82</ele>
        <time>2021-08-28T22:26:54Z</time>
      </trkpt>
      <trkpt lat="48.05222" lon="-123.78806">
        <ele>222.95</ele>
        <time>2021-08-28T22:26:57Z</time>
      </trkpt>
      <trkpt lat="48.05218" lon="-123.78808">
        <ele>222.09</ele>
        <time>2021-08-28T22:26:59Z</time>
      </trkpt>
      <trkpt lat="48.05215" lon="-123.78808">
        <ele>221.44</ele>
        <time>2021-08-28T22:27:00Z</time>
      </trkpt>
      <trkpt lat="48.05212" lon="-123.78808">
        <ele>220.87</ele>
        <time>2021-08-28T22:27:02Z</time>
      </trkpt>
      <trkpt lat="48.05209" lon="-123.78807">
        <ele>220.51</ele>
        <time>2021-08-28T22:27:05Z</time>
      </trkpt>
      <trkpt lat="48.05205" lon="-123.78807">
        <ele>220.01</ele>
        <time>2021-08-28T22:27:08Z</time>
      </trkpt>
      <trkpt lat="48.05202" lon="-123.78809">
        <ele>219.44</ele>
        <time>2021-08-28T22:27:12Z</time>
      </trkpt>
      <trkpt lat="48.05199" lon="-123.78811">
        <ele>218.9</ele>
        <time>2021-08-28T22:27:14Z</time>
      </trkpt>
      <trkpt lat="48.05196" lon="-123.78812">
        <ele>218.47</ele>
        <time>2021-08-28T22:27:16Z</time>
      </trkpt>
      <trkpt lat="48.05192" lon="-123.78813">
        <ele>217.88</ele>
        <time>2021-08-28T22:27:18Z</time>
      </trkpt>
      <trkpt lat="48.05189" lon="-123.78814">
        <ele>217.45</ele>
        <time>2021-08-28T22:27:21Z</time>
      </trkpt>
      <trkpt lat="48.05186" lon="-123.78818">
        <ele>217.09</ele>
        <time>2021-08-28T22:27:25Z</time>
      </trkpt>
      <trkpt lat="48.05186" lon="-123.78822">
        <ele>217.09</ele>
        <time>2021-08-28T22:27:28Z</time>
      </trkpt>
      <trkpt lat="48.05183" lon="-123.78824">
        <ele>216.77</ele>
        <time>2021-08-28T22:27:32Z</time>
      </trkpt>
      <trkpt lat="48.05179" lon="-123.78825">
        <ele>216.37</ele>
        <time>2021-08-28T22:27:35Z</time>
      </trkpt>
      <trkpt lat="48.05176" lon="-123.78826">
        <ele>216.21</ele>
        <time>2021-08-28T22:27:37Z</time>
      </trkpt>
      <trkpt lat="48.05172" lon="-123.78827">
        <ele>217.45</ele>
        <time>2021-08-28T22:27:39Z</time>
      </trkpt>
      <trkpt lat="48.05169" lon="-123.78827">
        <ele>218.32</ele>
        <time>2021-08-28T22:27:41Z</time>
      </trkpt>
      <trkpt lat="48.05166" lon="-123.78825">
        <ele>219.08</ele>
        <time>2021-08-28T22:27:44Z</time>
      </trkpt>
      <trkpt lat="48.05163" lon="-123.78824">
        <ele>219.39</ele>
        <time>2021-08-28T22:27:46Z</time>
      </trkpt>
      <trkpt lat="48.05161" lon="-123.78821">
        <ele>219.35</ele>
        <time>2021-08-28T22:27:49Z</time>
      </trkpt>
      <trkpt lat="48.05158" lon="-123.78818">
        <ele>219.85</ele>
        <time>2021-08-28T22:27:53Z</time>
      </trkpt>
      <trkpt lat="48.05157" lon="-123.78813">
        <ele>219.9</ele>
        <time>2021-08-28T22:28:01Z</time>
      </trkpt>
      <trkpt lat="48.05157" lon="-123.78807">
        <ele>219.28</ele>
        <time>2021-08-28T22:28:04Z</time>
      </trkpt>
      <trkpt lat="48.05158" lon="-123.78802">
        <ele>219.23</ele>
        <time>2021-08-28T22:28:06Z</time>
      </trkpt>
      <trkpt lat="48.05159" lon="-123.78798">
        <ele>219.33</ele>
        <time>2021-08-28T22:28:08Z</time>
      </trkpt>
      <trkpt lat="48.05161" lon="-123.78792">
        <ele>219.02</ele>
        <time>2021-08-28T22:28:11Z</time>
      </trkpt>
      <trkpt lat="48.0516" lon="-123.78787">
        <ele>219.44</ele>
        <time>2021-08-28T22:28:14Z</time>
      </trkpt>
      <trkpt lat="48.05157" lon="-123.78783">
        <ele>220.57</ele>
        <time>2021-08-28T22:28:17Z</time>
      </trkpt>
      <trkpt lat="48.05154" lon="-123.7878">
        <ele>221.86</ele>
        <time>2021-08-28T22:28:20Z</time>
      </trkpt>
      <trkpt lat="48.0515" lon="-123.78779">
        <ele>223.27</ele>
        <time>2021-08-28T22:28:22Z</time>
      </trkpt>
      <trkpt lat="48.05148" lon="-123.78776">
        <ele>224.26</ele>
        <time>2021-08-28T22:28:25Z</time>
      </trkpt>
      <trkpt lat="48.05145" lon="-123.78773">
        <ele>225.88</ele>
        <time>2021-08-28T22:28:29Z</time>
      </trkpt>
      <trkpt lat="48.05142" lon="-123.78771">
        <ele>227.39</ele>
        <time>2021-08-28T22:28:32Z</time>
      </trkpt>
      <trkpt lat="48.05139" lon="-123.7877">
        <ele>228.79</ele>
        <time>2021-08-28T22:28:35Z</time>
      </trkpt>
      <trkpt lat="48.05136" lon="-123.78769">
        <ele>229.9</ele>
        <time>2021-08-28T22:28:38Z</time>
      </trkpt>
      <trkpt lat="48.05133" lon="-123.78768">
        <ele>230.91</ele>
        <time>2021-08-28T22:28:41Z</time>
      </trkpt>
      <trkpt lat="48.0513" lon="-123.78768">
        <ele>231.88</ele>
        <time>2021-08-28T22:28:46Z</time>
      </trkpt>
      <trkpt lat="48.05127" lon="-123.78769">
        <ele>233.41</ele>
        <time>2021-08-28T22:28:50Z</time>
      </trkpt>
      <trkpt lat="48.05124" lon="-123.78772">
        <ele>234.81</ele>
        <time>2021-08-28T22:28:54Z</time>
      </trkpt>
      <trkpt lat="48.05123" lon="-123.78776">
        <ele>235.0</ele>
        <time>2021-08-28T22:28:57Z</time>
      </trkpt>
      <trkpt lat="48.05123" lon="-123.7878">
        <ele>234.62</ele>
        <time>2021-08-28T22:28:59Z</time>
      </trkpt>
      <trkpt lat="48.05123" lon="-123.78787">
        <ele>233.87</ele>
        <time>2021-08-28T22:29:02Z</time>
      </trkpt>
      <trkpt lat="48.05122" lon="-123.78791">
        <ele>233.44</ele>
        <time>2021-08-28T22:29:04Z</time>
      </trkpt>
      <trkpt lat="48.05122" lon="-123.78796">
        <ele>232.36</ele>
        <time>2021-08-28T22:29:07Z</time>
      </trkpt>
      <trkpt lat="48.05122" lon="-123.78801">
        <ele>230.86</ele>
        <time>2021-08-28T22:29:09Z</time>
      </trkpt>
      <trkpt lat="48.05123" lon="-123.78805">
        <ele>229.31</ele>
        <time>2021-08-28T22:29:11Z</time>
      </trkpt>
      <trkpt lat="48.05126" lon="-123.78809">
        <ele>227.66</ele>
        <time>2021-08-28T22:29:13Z</time>
      </trkpt>
      <trkpt lat="48.05128" lon="-123.78813">
        <ele>226.58</ele>
        <time>2021-08-28T22:29:15Z</time>
      </trkpt>
      <trkpt lat="48.05127" lon="-123.78818">
        <ele>226.22</ele>
        <time>2021-08-28T22:29:19Z</time>
      </trkpt>
      <trkpt lat="48.05125" lon="-123.7882">
        <ele>226.44</ele>
        <time>2021-08-28T22:29:22Z</time>
      </trkpt>
      <trkpt lat="48.05124" lon="-123.78824">
        <ele>226.22</ele>
        <time>2021-08-28T22:29:28Z</time>
      </trkpt>
      <trkpt lat="48.05123" lon="-123.78828">
        <ele>226.55</ele>
        <time>2021-08-28T22:29:38Z</time>
      </trkpt>
      <trkpt lat="48.05124" lon="-123.78824">
        <ele>226.22</ele>
        <time>2021-08-28T22:29:43Z</time>
      </trkpt>
      <trkpt lat="48.05127" lon="-123.78825">
        <ele>225.64</ele>
        <time>2021-08-28T22:29:47Z</time>
      </trkpt>
      <trkpt lat="48.0513" lon="-123.78829">
        <ele>225.45</ele>
        <time>2021-08-28T22:29:50Z</time>
      </trkpt>
      <trkpt lat="48.05131" lon="-123.78834">
        <ele>225.78</ele>
        <time>2021-08-28T22:29:53Z</time>
      </trkpt>
      <trkpt lat="48.05132" lon="-123.78838">
        <ele>225.99</ele>
        <time>2021-08-28T22:29:57Z</time>
      </trkpt>
      <trkpt lat="48.05132" lon="-123.78842">
        <ele>226.42</ele>
        <time>2021-08-28T22:30:01Z</time>
      </trkpt>
      <trkpt lat="48.0513" lon="-123.78845">
        <ele>227.44</ele>
        <time>2021-08-28T22:30:07Z</time>
      </trkpt>
      <trkpt lat="48.05131" lon="-123.78849">
        <ele>228.09</ele>
        <time>2021-08-28T22:30:13Z</time>
      </trkpt>
      <trkpt lat="48.05132" lon="-123.78853">
        <ele>228.7</ele>
        <time>2021-08-28T22:30:18Z</time>
      </trkpt>
      <trkpt lat="48.05133" lon="-123.78857">
        <ele>229.18</ele>
        <time>2021-08-28T22:30:23Z</time>
      </trkpt>
      <trkpt lat="48.05133" lon="-123.78862">
        <ele>230.07</ele>
        <time>2021-08-28T22:30:30Z</time>
      </trkpt>
      <trkpt lat="48.05135" lon="-123.78866">
        <ele>230.01</ele>
        <time>2021-08-28T22:30:33Z</time>
      </trkpt>
      <trkpt lat="48.05137" lon="-123.7887">
        <ele>229.77</ele>
        <time>2021-08-28T22:30:36Z</time>
      </trkpt>
      <trkpt lat="48.05139" lon="-123.78875">
        <ele>229.46</ele>
        <time>2021-08-28T22:30:39Z</time>
      </trkpt>
      <trkpt lat="48.05141" lon="-123.78877">
        <ele>229.03</ele>
        <time>2021-08-28T22:30:42Z</time>
      </trkpt>
      <trkpt lat="48.05139" lon="-123.78874">
        <ele>229.36</ele>
        <time>2021-08-28T22:30:49Z</time>
      </trkpt>
      <trkpt lat="48.05136" lon="-123.78873">
        <ele>230.71</ele>
        <time>2021-08-28T22:30:52Z</time>
      </trkpt>
      <trkpt lat="48.05134" lon="-123.7887">
        <ele>231.05</ele>
        <time>2021-08-28T22:30:55Z</time>
      </trkpt>
      <trkpt lat="48.05132" lon="-123.78867">
        <ele>231.34</ele>
        <time>2021-08-28T22:30:58Z</time>
      </trkpt>
      <trkpt lat="48.05135" lon="-123.78869">
        <ele>230.47</ele>
        <time>2021-08-28T22:31:05Z</time>
      </trkpt>
      <trkpt lat="48.05136" lon="-123.78873">
        <ele>230.71</ele>
        <time>2021-08-28T22:31:08Z</time>
      </trkpt>
      <trkpt lat="48.05135" lon="-123.78877">
        <ele>232.0</ele>
        <time>2021-08-28T22:31:15Z</time>
      </trkpt>
      <trkpt lat="48.05136" lon="-123.78882">
        <ele>232.29</ele>
        <time>2021-08-28T22:31:19Z</time>
      </trkpt>
      <trkpt lat="48.05138" lon="-123.78886">
        <ele>231.4</ele>
        <time>2021-08-28T22:31:22Z</time>
      </trkpt>
      <trkpt lat="48.0514" lon="-123.7889">
        <ele>230.85</ele>
        <time>2021-08-28T22:31:25Z</time>
      </trkpt>
      <trkpt lat="48.05142" lon="-123.78893">
        <ele>230.58</ele>
        <time>2021-08-28T22:31:29Z</time>
      </trkpt>
      <trkpt lat="48.05142" lon="-123.78898">
        <ele>231.3</ele>
        <time>2021-08-28T22:31:35Z</time>
      </trkpt>
      <trkpt lat="48.05139" lon="-123.78897">
        <ele>232.69</ele>
        <time>2021-08-28T22:31:43Z</time>
      </trkpt>
      <trkpt lat="48.05138" lon="-123.78893">
        <ele>232.7</ele>
        <time>2021-08-28T22:31:47Z</time>
      </trkpt>
      <trkpt lat="48.05136" lon="-123.7889">
        <ele>233.77</ele>
        <time>2021-08-28T22:31:53Z</time>
      </trkpt>
      <trkpt lat="48.05133" lon="-123.7889">
        <ele>236.4</ele>
        <time>2021-08-28T22:31:57Z</time>
      </trkpt>
      <trkpt lat="48.0513" lon="-123.78891">
        <ele>239.35</ele>
        <time>2021-08-28T22:31:59Z</time>
      </trkpt>
      <trkpt lat="48.05126" lon="-123.78891">
        <ele>242.52</ele>
        <time>2021-08-28T22:32:02Z</time>
      </trkpt>
      <trkpt lat="48.05123" lon="-123.78889">
        <ele>244.06</ele>
        <time>2021-08-28T22:32:04Z</time>
      </trkpt>
      <trkpt lat="48.05121" lon="-123.78884">
        <ele>243.94</ele>
        <time>2021-08-28T22:32:06Z</time>
      </trkpt>
      <trkpt lat="48.05118" lon="-123.78882">
        <ele>245.63</ele>
        <time>2021-08-28T22:32:10Z</time>
      </trkpt>
      <trkpt lat="48.05114" lon="-123.78881">
        <ele>248.36</ele>
        <time>2021-08-28T22:32:14Z</time>
      </trkpt>
      <trkpt lat="48.05112" lon="-123.78878">
        <ele>248.64</ele>
        <time>2021-08-28T22:32:18Z</time>
      </trkpt>
      <trkpt lat="48.05109" lon="-123.78876">
        <ele>249.89</ele>
        <time>2021-08-28T22:32:24Z</time>
      </trkpt>
      <trkpt lat="48.05106" lon="-123.78875">
        <ele>251.59</ele>
        <time>2021-08-28T22:32:28Z</time>
      </trkpt>
      <trkpt lat="48.05103" lon="-123.78877">
        <ele>254.37</ele>
        <time>2021-08-28T22:32:33Z</time>
      </trkpt>
      <trkpt lat="48.05101" lon="-123.78881">
        <ele>257.28</ele>
        <time>2021-08-28T22:32:38Z</time>
      </trkpt>
      <trkpt lat="48.05099" lon="-123.78883">
        <ele>259.56</ele>
        <time>2021-08-28T22:32:41Z</time>
      </trkpt>
      <trkpt lat="48.05093" lon="-123.78884">
        <ele>263.64</ele>
        <time>2021-08-28T22:32:44Z</time>
      </trkpt>
      <trkpt lat="48.0509" lon="-123.78885">
        <ele>265.56</ele>
        <time>2021-08-28T22:32:46Z</time>
      </trkpt>
      <trkpt lat="48.05087" lon="-123.78885">
        <ele>266.99</ele>
        <time>2021-08-28T22:32:48Z</time>
      </trkpt>
      <trkpt lat="48.05084" lon="-123.78885">
        <ele>268.42</ele>
        <time>2021-08-28T22:32:51Z</time>
      </trkpt>
      <trkpt lat="48.0508" lon="-123.78885">
        <ele>270.18</ele>
        <time>2021-08-28T22:32:55Z</time>
      </trkpt>
      <trkpt lat="48.05077" lon="-123.78886">
        <ele>271.8</ele>
        <time>2021-08-28T22:33:00Z</time>
      </trkpt>
      <trkpt lat="48.05074" lon="-123.78885">
        <ele>272.78</ele>
        <time>2021-08-28T22:33:05Z</time>
      </trkpt>
      <trkpt lat="48.05071" lon="-123.78883">
        <ele>273.75</ele>
        <time>2021-08-28T22:33:09Z</time>
      </trkpt>
      <trkpt lat="48.05068" lon="-123.78883">
        <ele>275.37</ele>
        <time>2021-08-28T22:33:13Z</time>
      </trkpt>
      <trkpt lat="48.05065" lon="-123.78881">
        <ele>276.34</ele>
        <time>2021-08-28T22:33:17Z</time>
      </trkpt>
      <trkpt lat="48.05062" lon="-123.7888">
        <ele>277.32</ele>
        <time>2021-08-28T22:33:20Z</time>
      </trkpt>
      <trkpt lat="48.05059" lon="-123.78879">
        <ele>278.28</ele>
        <time>2021-08-28T22:33:23Z</time>
      </trkpt>
      <trkpt lat="48.05056" lon="-123.78877">
        <ele>278.94</ele>
        <time>2021-08-28T22:33:30Z</time>
      </trkpt>
      <trkpt lat="48.05054" lon="-123.78874">
        <ele>278.61</ele>
        <time>2021-08-28T22:33:33Z</time>
      </trkpt>
      <trkpt lat="48.05046" lon="-123.78882">
        <ele>282.58</ele>
        <time>2021-08-28T22:34:12Z</time>
      </trkpt>
      <trkpt lat="48.05042" lon="-123.78886">
        <ele>284.3</ele>
        <time>2021-08-28T22:34:14Z</time>
      </trkpt>
      <trkpt lat="48.05039" lon="-123.7889">
        <ele>285.94</ele>
        <time>2021-08-28T22:34:17Z</time>
      </trkpt>
      <trkpt lat="48.05035" lon="-123.78893">
        <ele>287.77</ele>
        <time>2021-08-28T22:34:20Z</time>
      </trkpt>
      <trkpt lat="48.0503" lon="-123.78896">
        <ele>289.82</ele>
        <time>2021-08-28T22:34:24Z</time>
      </trkpt>
      <trkpt lat="48.05028" lon="-123.78901">
        <ele>291.87</ele>
        <time>2021-08-28T22:34:31Z</time>
      </trkpt>
      <trkpt lat="48.05031" lon="-123.78899">
        <ele>290.55</ele>
        <time>2021-08-28T22:34:37Z</time>
      </trkpt>
      <trkpt lat="48.05034" lon="-123.78896">
        <ele>288.96</ele>
        <time>2021-08-28T22:34:42Z</time>
      </trkpt>
      <trkpt lat="48.0504" lon="-123.78894">
        <ele>287.02</ele>
        <time>2021-08-28T22:34:54Z</time>
      </trkpt>
      <trkpt lat="48.05044" lon="-123.78889">
        <ele>284.53</ele>
        <time>2021-08-28T22:35:04Z</time>
      </trkpt>
      <trkpt lat="48.05048" lon="-123.78895">
        <ele>285.61</ele>
        <time>2021-08-28T22:35:07Z</time>
      </trkpt>
      <trkpt lat="48.05046" lon="-123.78885">
        <ele>283.22</ele>
        <time>2021-08-28T22:35:14Z</time>
      </trkpt>
      <trkpt lat="48.05045" lon="-123.78875">
        <ele>281.28</ele>
        <time>2021-08-28T22:35:19Z</time>
      </trkpt>
      <trkpt lat="48.05045" lon="-123.78868">
        <ele>279.51</ele>
        <time>2021-08-28T22:35:22Z</time>
      </trkpt>
      <trkpt lat="48.05048" lon="-123.78861">
        <ele>276.03</ele>
        <time>2021-08-28T22:35:23Z</time>
      </trkpt>
      <trkpt lat="48.05044" lon="-123.78857">
        <ele>275.83</ele>
        <time>2021-08-28T22:35:26Z</time>
      </trkpt>
      <trkpt lat="48.0504" lon="-123.78856">
        <ele>276.53</ele>
        <time>2021-08-28T22:35:28Z</time>
      </trkpt>
      <trkpt lat="48.05033" lon="-123.78856">
        <ele>278.89</ele>
        <time>2021-08-28T22:35:32Z</time>
      </trkpt>
      <trkpt lat="48.05036" lon="-123.78869">
        <ele>281.8</ele>
        <time>2021-08-28T22:35:38Z</time>
      </trkpt>
      <trkpt lat="48.05041" lon="-123.78877">
        <ele>282.58</ele>
        <time>2021-08-28T22:35:39Z</time>
      </trkpt>
      <trkpt lat="48.05043" lon="-123.78882">
        <ele>283.22</ele>
        <time>2021-08-28T22:35:41Z</time>
      </trkpt>
      <trkpt lat="48.05047" lon="-123.78887">
        <ele>283.44</ele>
        <time>2021-08-28T22:35:46Z</time>
      </trkpt>
      <trkpt lat="48.0505" lon="-123.78886">
        <ele>282.58</ele>
        <time>2021-08-28T22:35:49Z</time>
      </trkpt>
      <trkpt lat="48.05053" lon="-123.78881">
        <ele>280.85</ele>
        <time>2021-08-28T22:36:02Z</time>
      </trkpt>
      <trkpt lat="48.05056" lon="-123.78886">
        <ele>281.22</ele>
        <time>2021-08-28T22:36:16Z</time>
      </trkpt>
      <trkpt lat="48.05057" lon="-123.78891">
        <ele>282.18</ele>
        <time>2021-08-28T22:36:18Z</time>
      </trkpt>
      <trkpt lat="48.0506" lon="-123.78893">
        <ele>281.68</ele>
        <time>2021-08-28T22:36:22Z</time>
      </trkpt>
      <trkpt lat="48.05062" lon="-123.78889">
        <ele>279.94</ele>
        <time>2021-08-28T22:36:25Z</time>
      </trkpt>
      <trkpt lat="48.05065" lon="-123.78887">
        <ele>278.29</ele>
        <time>2021-08-28T22:36:29Z</time>
      </trkpt>
      <trkpt lat="48.05069" lon="-123.78888">
        <ele>276.45</ele>
        <time>2021-08-28T22:36:35Z</time>
      </trkpt>
      <trkpt lat="48.05072" lon="-123.78888">
        <ele>274.83</ele>
        <time>2021-08-28T22:36:40Z</time>
      </trkpt>
      <trkpt lat="48.05075" lon="-123.78889">
        <ele>273.64</ele>
        <time>2021-08-28T22:36:49Z</time>
      </trkpt>
      <trkpt lat="48.05078" lon="-123.78891">
        <ele>273.08</ele>
        <time>2021-08-28T22:36:56Z</time>
      </trkpt>
      <trkpt lat="48.0508" lon="-123.7889">
        <ele>271.88</ele>
        <time>2021-08-28T22:37:02Z</time>
      </trkpt>
      <trkpt lat="48.05084" lon="-123.78891">
        <ele>270.64</ele>
        <time>2021-08-28T22:37:06Z</time>
      </trkpt>
      <trkpt lat="48.05088" lon="-123.7889">
        <ele>268.52</ele>
        <time>2021-08-28T22:37:10Z</time>
      </trkpt>
      <trkpt lat="48.05091" lon="-123.78889">
        <ele>266.75</ele>
        <time>2021-08-28T22:37:12Z</time>
      </trkpt>
      <trkpt lat="48.05093" lon="-123.78887">
        <ele>264.96</ele>
        <time>2021-08-28T22:37:17Z</time>
      </trkpt>
      <trkpt lat="48.05096" lon="-123.78886">
        <ele>262.8</ele>
        <time>2021-08-28T22:37:20Z</time>
      </trkpt>
      <trkpt lat="48.05099" lon="-123.78885">
        <ele>260.57</ele>
        <time>2021-08-28T22:37:23Z</time>
      </trkpt>
      <trkpt lat="48.05102" lon="-123.78885">
        <ele>258.79</ele>
        <time>2021-08-28T22:37:33Z</time>
      </trkpt>
      <trkpt lat="48.05105" lon="-123.78884">
        <ele>256.16</ele>
        <time>2021-08-28T22:37:38Z</time>
      </trkpt>
      <trkpt lat="48.05107" lon="-123.78882">
        <ele>253.8</ele>
        <time>2021-08-28T22:37:43Z</time>
      </trkpt>
      <trkpt lat="48.0511" lon="-123.78879">
        <ele>250.46</ele>
        <time>2021-08-28T22:37:48Z</time>
      </trkpt>
      <trkpt lat="48.05113" lon="-123.78878">
        <ele>247.9</ele>
        <time>2021-08-28T22:37:56Z</time>
      </trkpt>
      <trkpt lat="48.05117" lon="-123.78879">
        <ele>245.32</ele>
        <time>2021-08-28T22:37:59Z</time>
      </trkpt>
      <trkpt lat="48.05119" lon="-123.7888">
        <ele>244.16</ele>
        <time>2021-08-28T22:38:01Z</time>
      </trkpt>
      <trkpt lat="48.05123" lon="-123.78882">
        <ele>241.78</ele>
        <time>2021-08-28T22:38:04Z</time>
      </trkpt>
      <trkpt lat="48.05125" lon="-123.78883">
        <ele>240.59</ele>
        <time>2021-08-28T22:38:08Z</time>
      </trkpt>
      <trkpt lat="48.05128" lon="-123.78883">
        <ele>238.32</ele>
        <time>2021-08-28T22:38:12Z</time>
      </trkpt>
      <trkpt lat="48.05131" lon="-123.78884">
        <ele>236.39</ele>
        <time>2021-08-28T22:38:17Z</time>
      </trkpt>
      <trkpt lat="48.05134" lon="-123.78887">
        <ele>234.8</ele>
        <time>2021-08-28T22:38:23Z</time>
      </trkpt>
      <trkpt lat="48.05137" lon="-123.78889">
        <ele>232.66</ele>
        <time>2021-08-28T22:38:27Z</time>
      </trkpt>
      <trkpt lat="48.05139" lon="-123.78891">
        <ele>231.41</ele>
        <time>2021-08-28T22:38:32Z</time>
      </trkpt>
      <trkpt lat="48.05139" lon="-123.78887">
        <ele>230.76</ele>
        <time>2021-08-28T22:38:54Z</time>
      </trkpt>
      <trkpt lat="48.05138" lon="-123.78882">
        <ele>230.88</ele>
        <time>2021-08-28T22:38:58Z</time>
      </trkpt>
      <trkpt lat="48.05136" lon="-123.78878">
        <ele>231.59</ele>
        <time>2021-08-28T22:39:00Z</time>
      </trkpt>
      <trkpt lat="48.05135" lon="-123.78873">
        <ele>231.2</ele>
        <time>2021-08-28T22:39:02Z</time>
      </trkpt>
      <trkpt lat="48.05133" lon="-123.78869">
        <ele>231.3</ele>
        <time>2021-08-28T22:39:04Z</time>
      </trkpt>
      <trkpt lat="48.0513" lon="-123.78867">
        <ele>232.13</ele>
        <time>2021-08-28T22:39:06Z</time>
      </trkpt>
      <trkpt lat="48.05127" lon="-123.78865">
        <ele>233.33</ele>
        <time>2021-08-28T22:39:09Z</time>
      </trkpt>
      <trkpt lat="48.05125" lon="-123.78862">
        <ele>233.34</ele>
        <time>2021-08-28T22:39:14Z</time>
      </trkpt>
      <trkpt lat="48.05124" lon="-123.78859">
        <ele>232.7</ele>
        <time>2021-08-28T22:39:17Z</time>
      </trkpt>
      <trkpt lat="48.05127" lon="-123.78859">
        <ele>231.55</ele>
        <time>2021-08-28T22:39:25Z</time>
      </trkpt>
      <trkpt lat="48.05133" lon="-123.78861">
        <ele>229.89</ele>
        <time>2021-08-28T22:39:28Z</time>
      </trkpt>
      <trkpt lat="48.05135" lon="-123.78862">
        <ele>229.4</ele>
        <time>2021-08-28T22:39:29Z</time>
      </trkpt>
      <trkpt lat="48.0514" lon="-123.78864">
        <ele>227.95</ele>
        <time>2021-08-28T22:39:31Z</time>
      </trkpt>
      <trkpt lat="48.05143" lon="-123.78865">
        <ele>227.09</ele>
        <time>2021-08-28T22:39:33Z</time>
      </trkpt>
      <trkpt lat="48.05146" lon="-123.78864">
        <ele>226.01</ele>
        <time>2021-08-28T22:39:37Z</time>
      </trkpt>
      <trkpt lat="48.05145" lon="-123.78859">
        <ele>225.79</ele>
        <time>2021-08-28T22:39:40Z</time>
      </trkpt>
      <trkpt lat="48.05143" lon="-123.78855">
        <ele>226.01</ele>
        <time>2021-08-28T22:39:43Z</time>
      </trkpt>
      <trkpt lat="48.0514" lon="-123.78853">
        <ele>226.76</ele>
        <time>2021-08-28T22:39:47Z</time>
      </trkpt>
      <trkpt lat="48.05137" lon="-123.78851">
        <ele>227.22</ele>
        <time>2021-08-28T22:39:51Z</time>
      </trkpt>
      <trkpt lat="48.05134" lon="-123.78848">
        <ele>227.22</ele>
        <time>2021-08-28T22:39:54Z</time>
      </trkpt>
      <trkpt lat="48.05133" lon="-123.78844">
        <ele>226.58</ele>
        <time>2021-08-28T22:39:56Z</time>
      </trkpt>
      <trkpt lat="48.0513" lon="-123.78839">
        <ele>226.53</ele>
        <time>2021-08-28T22:39:59Z</time>
      </trkpt>
      <trkpt lat="48.05129" lon="-123.78834">
        <ele>226.14</ele>
        <time>2021-08-28T22:40:02Z</time>
      </trkpt>
      <trkpt lat="48.05128" lon="-123.7883">
        <ele>225.88</ele>
        <time>2021-08-28T22:40:06Z</time>
      </trkpt>
      <trkpt lat="48.05125" lon="-123.78826">
        <ele>226.1</ele>
        <time>2021-08-28T22:40:26Z</time>
      </trkpt>
      <trkpt lat="48.05122" lon="-123.78821">
        <ele>226.98</ele>
        <time>2021-08-28T22:40:28Z</time>
      </trkpt>
      <trkpt lat="48.0512" lon="-123.78817">
        <ele>227.87</ele>
        <time>2021-08-28T22:40:30Z</time>
      </trkpt>
      <trkpt lat="48.05119" lon="-123.78811">
        <ele>229.33</ele>
        <time>2021-08-28T22:40:32Z</time>
      </trkpt>
      <trkpt lat="48.05121" lon="-123.78805">
        <ele>229.97</ele>
        <time>2021-08-28T22:40:34Z</time>
      </trkpt>
      <trkpt lat="48.05125" lon="-123.78803">
        <ele>229.19</ele>
        <time>2021-08-28T22:40:36Z</time>
      </trkpt>
      <trkpt lat="48.05127" lon="-123.78798">
        <ele>229.72</ele>
        <time>2021-08-28T22:40:39Z</time>
      </trkpt>
      <trkpt lat="48.05126" lon="-123.78794">
        <ele>231.06</ele>
        <time>2021-08-28T22:40:41Z</time>
      </trkpt>
      <trkpt lat="48.05124" lon="-123.78792">
        <ele>232.36</ele>
        <time>2021-08-28T22:40:43Z</time>
      </trkpt>
      <trkpt lat="48.05121" lon="-123.7879">
        <ele>234.09</ele>
        <time>2021-08-28T22:40:46Z</time>
      </trkpt>
      <trkpt lat="48.05121" lon="-123.78784">
        <ele>235.06</ele>
        <time>2021-08-28T22:40:49Z</time>
      </trkpt>
      <trkpt lat="48.05123" lon="-123.78781">
        <ele>234.52</ele>
        <time>2021-08-28T22:40:51Z</time>
      </trkpt>
      <trkpt lat="48.05124" lon="-123.78777">
        <ele>234.48</ele>
        <time>2021-08-28T22:40:54Z</time>
      </trkpt>
      <trkpt lat="48.05126" lon="-123.78774">
        <ele>233.73</ele>
        <time>2021-08-28T22:40:58Z</time>
      </trkpt>
      <trkpt lat="48.0513" lon="-123.78772">
        <ele>231.86</ele>
        <time>2021-08-28T22:41:01Z</time>
      </trkpt>
      <trkpt lat="48.05134" lon="-123.78772">
        <ele>230.41</ele>
        <time>2021-08-28T22:41:03Z</time>
      </trkpt>
      <trkpt lat="48.05137" lon="-123.78771">
        <ele>229.4</ele>
        <time>2021-08-28T22:41:05Z</time>
      </trkpt>
      <trkpt lat="48.0514" lon="-123.78771">
        <ele>228.25</ele>
        <time>2021-08-28T22:41:07Z</time>
      </trkpt>
      <trkpt lat="48.05142" lon="-123.78774">
        <ele>227.06</ele>
        <time>2021-08-28T22:41:11Z</time>
      </trkpt>
      <trkpt lat="48.05144" lon="-123.78779">
        <ele>225.66</ele>
        <time>2021-08-28T22:41:14Z</time>
      </trkpt>
      <trkpt lat="48.05146" lon="-123.78782">
        <ele>224.47</ele>
        <time>2021-08-28T22:41:18Z</time>
      </trkpt>
      <trkpt lat="48.05149" lon="-123.78784">
        <ele>223.05</ele>
        <time>2021-08-28T22:41:21Z</time>
      </trkpt>
      <trkpt lat="48.05151" lon="-123.78785">
        <ele>222.3</ele>
        <time>2021-08-28T22:41:25Z</time>
      </trkpt>
      <trkpt lat="48.05153" lon="-123.78789">
        <ele>221.43</ele>
        <time>2021-08-28T22:41:30Z</time>
      </trkpt>
      <trkpt lat="48.05156" lon="-123.7879">
        <ele>220.46</ele>
        <time>2021-08-28T22:41:39Z</time>
      </trkpt>
      <trkpt lat="48.05159" lon="-123.78793">
        <ele>219.55</ele>
        <time>2021-08-28T22:41:41Z</time>
      </trkpt>
      <trkpt lat="48.0516" lon="-123.78797">
        <ele>219.11</ele>
        <time>2021-08-28T22:41:43Z</time>
      </trkpt>
      <trkpt lat="48.05161" lon="-123.78801">
        <ele>218.53</ele>
        <time>2021-08-28T22:41:45Z</time>
      </trkpt>
      <trkpt lat="48.05161" lon="-123.78806">
        <ele>218.25</ele>
        <time>2021-08-28T22:41:47Z</time>
      </trkpt>
      <trkpt lat="48.05161" lon="-123.7881">
        <ele>218.52</ele>
        <time>2021-08-28T22:41:49Z</time>
      </trkpt>
      <trkpt lat="48.05161" lon="-123.78814">
        <ele>218.78</ele>
        <time>2021-08-28T22:41:51Z</time>
      </trkpt>
      <trkpt lat="48.05163" lon="-123.7882">
        <ele>218.86</ele>
        <time>2021-08-28T22:41:54Z</time>
      </trkpt>
      <trkpt lat="48.05163" lon="-123.78824">
        <ele>219.39</ele>
        <time>2021-08-28T22:41:55Z</time>
      </trkpt>
      <trkpt lat="48.05166" lon="-123.78827">
        <ele>219.09</ele>
        <time>2021-08-28T22:41:57Z</time>
      </trkpt>
      <trkpt lat="48.0517" lon="-123.78829">
        <ele>218.11</ele>
        <time>2021-08-28T22:42:00Z</time>
      </trkpt>
      <trkpt lat="48.05174" lon="-123.78829">
        <ele>217.05</ele>
        <time>2021-08-28T22:42:03Z</time>
      </trkpt>
      <trkpt lat="48.05178" lon="-123.78828">
        <ele>216.46</ele>
        <time>2021-08-28T22:42:05Z</time>
      </trkpt>
      <trkpt lat="48.05181" lon="-123.78827">
        <ele>216.52</ele>
        <time>2021-08-28T22:42:07Z</time>
      </trkpt>
      <trkpt lat="48.05184" lon="-123.78825">
        <ele>216.8</ele>
        <time>2021-08-28T22:42:09Z</time>
      </trkpt>
      <trkpt lat="48.05188" lon="-123.7882">
        <ele>217.3</ele>
        <time>2021-08-28T22:42:11Z</time>
      </trkpt>
      <trkpt lat="48.05191" lon="-123.78817">
        <ele>217.63</ele>
        <time>2021-08-28T22:42:13Z</time>
      </trkpt>
      <trkpt lat="48.05194" lon="-123.78816">
        <ele>217.95</ele>
        <time>2021-08-28T22:42:15Z</time>
      </trkpt>
      <trkpt lat="48.05198" lon="-123.78816">
        <ele>218.38</ele>
        <time>2021-08-28T22:42:17Z</time>
      </trkpt>
      <trkpt lat="48.05201" lon="-123.78816">
        <ele>218.71</ele>
        <time>2021-08-28T22:42:19Z</time>
      </trkpt>
      <trkpt lat="48.05204" lon="-123.78814">
        <ele>219.15</ele>
        <time>2021-08-28T22:42:21Z</time>
      </trkpt>
      <trkpt lat="48.05208" lon="-123.78813">
        <ele>220.03</ele>
        <time>2021-08-28T22:42:23Z</time>
      </trkpt>
      <trkpt lat="48.05211" lon="-123.7881">
        <ele>220.69</ele>
        <time>2021-08-28T22:42:25Z</time>
      </trkpt>
      <trkpt lat="48.05214" lon="-123.78807">
        <ele>221.22</ele>
        <time>2021-08-28T22:42:28Z</time>
      </trkpt>
      <trkpt lat="48.05216" lon="-123.78804">
        <ele>221.82</ele>
        <time>2021-08-28T22:42:33Z</time>
      </trkpt>
      <trkpt lat="48.05219" lon="-123.78802">
        <ele>222.69</ele>
        <time>2021-08-28T22:42:36Z</time>
      </trkpt>
      <trkpt lat="48.05222" lon="-123.78801">
        <ele>223.44</ele>
        <time>2021-08-28T22:42:38Z</time>
      </trkpt>
      <trkpt lat="48.05225" lon="-123.788">
        <ele>224.2</ele>
        <time>2021-08-28T22:42:41Z</time>
      </trkpt>
      <trkpt lat="48.05224" lon="-123.78804">
        <ele>223.55</ele>
        <time>2021-08-28T22:42:51Z</time>
      </trkpt>
      <trkpt lat="48.05226" lon="-123.78809">
        <ele>223.82</ele>
        <time>2021-08-28T22:42:54Z</time>
      </trkpt>
      <trkpt lat="48.05228" lon="-123.78814">
        <ele>224.25</ele>
        <time>2021-08-28T22:42:56Z</time>
      </trkpt>
      <trkpt lat="48.05231" lon="-123.7882">
        <ele>224.34</ele>
        <time>2021-08-28T22:42:58Z</time>
      </trkpt>
      <trkpt lat="48.05234" lon="-123.78825">
        <ele>224.54</ele>
        <time>2021-08-28T22:43:00Z</time>
      </trkpt>
      <trkpt lat="48.05237" lon="-123.7883">
        <ele>225.19</ele>
        <time>2021-08-28T22:43:02Z</time>
      </trkpt>
      <trkpt lat="48.05239" lon="-123.78835">
        <ele>225.44</ele>
        <time>2021-08-28T22:43:04Z</time>
      </trkpt>
      <trkpt lat="48.05239" lon="-123.7884">
        <ele>224.9</ele>
        <time>2021-08-28T22:43:07Z</time>
      </trkpt>
      <trkpt lat="48.05239" lon="-123.78844">
        <ele>224.6</ele>
        <time>2021-08-28T22:43:09Z</time>
      </trkpt>
      <trkpt lat="48.05239" lon="-123.78848">
        <ele>224.51</ele>
        <time>2021-08-28T22:43:12Z</time>
      </trkpt>
      <trkpt lat="48.05239" lon="-123.78853">
        <ele>224.34</ele>
        <time>2021-08-28T22:43:14Z</time>
      </trkpt>
      <trkpt lat="48.0524" lon="-123.78857">
        <ele>224.25</ele>
        <time>2021-08-28T22:43:16Z</time>
      </trkpt>
      <trkpt lat="48.0524" lon="-123.78863">
        <ele>223.64</ele>
        <time>2021-08-28T22:43:20Z</time>
      </trkpt>
      <trkpt lat="48.05241" lon="-123.78869">
        <ele>223.2</ele>
        <time>2021-08-28T22:43:22Z</time>
      </trkpt>
      <trkpt lat="48.05241" lon="-123.78873">
        <ele>222.77</ele>
        <time>2021-08-28T22:43:24Z</time>
      </trkpt>
      <trkpt lat="48.05241" lon="-123.78878">
        <ele>222.23</ele>
        <time>2021-08-28T22:43:27Z</time>
      </trkpt>
      <trkpt lat="48.0524" lon="-123.78882">
        <ele>221.58</ele>
        <time>2021-08-28T22:43:30Z</time>
      </trkpt>
      <trkpt lat="48.0524" lon="-123.78888">
        <ele>220.94</ele>
        <time>2021-08-28T22:43:33Z</time>
      </trkpt>
      <trkpt lat="48.05242" lon="-123.78891">
        <ele>220.71</ele>
        <time>2021-08-28T22:43:35Z</time>
      </trkpt>
      <trkpt lat="48.05243" lon="-123.78895">
        <ele>220.09</ele>
        <time>2021-08-28T22:43:37Z</time>
      </trkpt>
      <trkpt lat="48.05243" lon="-123.789">
        <ele>219.24</ele>
        <time>2021-08-28T22:43:39Z</time>
      </trkpt>
      <trkpt lat="48.05244" lon="-123.78904">
        <ele>218.85</ele>
        <time>2021-08-28T22:43:42Z</time>
      </trkpt>
      <trkpt lat="48.05246" lon="-123.78908">
        <ele>218.53</ele>
        <time>2021-08-28T22:43:45Z</time>
      </trkpt>
      <trkpt lat="48.05248" lon="-123.78912">
        <ele>218.4</ele>
        <time>2021-08-28T22:43:49Z</time>
      </trkpt>
      <trkpt lat="48.05251" lon="-123.78916">
        <ele>218.18</ele>
        <time>2021-08-28T22:43:52Z</time>
      </trkpt>
      <trkpt lat="48.05253" lon="-123.78919">
        <ele>218.07</ele>
        <time>2021-08-28T22:43:57Z</time>
      </trkpt>
      <trkpt lat="48.05256" lon="-123.78922">
        <ele>218.07</ele>
        <time>2021-08-28T22:44:01Z</time>
      </trkpt>
      <trkpt lat="48.05259" lon="-123.78924">
        <ele>218.18</ele>
        <time>2021-08-28T22:44:03Z</time>
      </trkpt>
      <trkpt lat="48.05262" lon="-123.78925">
        <ele>218.13</ele>
        <time>2021-08-28T22:44:05Z</time>
      </trkpt>
      <trkpt lat="48.05265" lon="-123.78928">
        <ele>217.78</ele>
        <time>2021-08-28T22:44:08Z</time>
      </trkpt>
      <trkpt lat="48.05268" lon="-123.78931">
        <ele>217.45</ele>
        <time>2021-08-28T22:44:10Z</time>
      </trkpt>
      <trkpt lat="48.0527" lon="-123.78935">
        <ele>217.02</ele>
        <time>2021-08-28T22:44:12Z</time>
      </trkpt>
      <trkpt lat="48.05274" lon="-123.78938">
        <ele>216.7</ele>
        <time>2021-08-28T22:44:14Z</time>
      </trkpt>
      <trkpt lat="48.05278" lon="-123.78941">
        <ele>216.38</ele>
        <time>2021-08-28T22:44:16Z</time>
      </trkpt>
      <trkpt lat="48.05282" lon="-123.78944">
        <ele>216.07</ele>
        <time>2021-08-28T22:44:18Z</time>
      </trkpt>
      <trkpt lat="48.05285" lon="-123.78947">
        <ele>215.72</ele>
        <time>2021-08-28T22:44:20Z</time>
      </trkpt>
      <trkpt lat="48.05288" lon="-123.78951">
        <ele>215.32</ele>
        <time>2021-08-28T22:44:22Z</time>
      </trkpt>
      <trkpt lat="48.05289" lon="-123.78955">
        <ele>214.86</ele>
        <time>2021-08-28T22:44:24Z</time>
      </trkpt>
      <trkpt lat="48.05291" lon="-123.78959">
        <ele>214.43</ele>
        <time>2021-08-28T22:44:26Z</time>
      </trkpt>
      <trkpt lat="48.05294" lon="-123.78962">
        <ele>214.1</ele>
        <time>2021-08-28T22:44:29Z</time>
      </trkpt>
      <trkpt lat="48.05297" lon="-123.78965">
        <ele>213.78</ele>
        <time>2021-08-28T22:44:32Z</time>
      </trkpt>
      <trkpt lat="48.05299" lon="-123.78968">
        <ele>213.46</ele>
        <time>2021-08-28T22:44:34Z</time>
      </trkpt>
      <trkpt lat="48.053" lon="-123.78971">
        <ele>213.13</ele>
        <time>2021-08-28T22:44:36Z</time>
      </trkpt>
      <trkpt lat="48.05303" lon="-123.78974">
        <ele>212.81</ele>
        <time>2021-08-28T22:44:38Z</time>
      </trkpt>
      <trkpt lat="48.05306" lon="-123.78978">
        <ele>212.38</ele>
        <time>2021-08-28T22:44:41Z</time>
      </trkpt>
      <trkpt lat="48.05309" lon="-123.7898">
        <ele>212.16</ele>
        <time>2021-08-28T22:44:44Z</time>
      </trkpt>
      <trkpt lat="48.05312" lon="-123.78982">
        <ele>211.94</ele>
        <time>2021-08-28T22:44:47Z</time>
      </trkpt>
      <trkpt lat="48.05315" lon="-123.78985">
        <ele>211.62</ele>
        <time>2021-08-28T22:44:50Z</time>
      </trkpt>
      <trkpt lat="48.05318" lon="-123.78987">
        <ele>211.4</ele>
        <time>2021-08-28T22:44:52Z</time>
      </trkpt>
      <trkpt lat="48.05321" lon="-123.7899">
        <ele>211.08</ele>
        <time>2021-08-28T22:44:55Z</time>
      </trkpt>
      <trkpt lat="48.05323" lon="-123.78993">
        <ele>210.76</ele>
        <time>2021-08-28T22:44:58Z</time>
      </trkpt>
      <trkpt lat="48.05326" lon="-123.78995">
        <ele>210.75</ele>
        <time>2021-08-28T22:45:01Z</time>
      </trkpt>
      <trkpt lat="48.05329" lon="-123.78996">
        <ele>210.96</ele>
        <time>2021-08-28T22:45:05Z</time>
      </trkpt>
      <trkpt lat="48.05333" lon="-123.78998">
        <ele>211.18</ele>
        <time>2021-08-28T22:45:08Z</time>
      </trkpt>
      <trkpt lat="48.05336" lon="-123.78999">
        <ele>211.4</ele>
        <time>2021-08-28T22:45:10Z</time>
      </trkpt>
      <trkpt lat="48.05338" lon="-123.79002">
        <ele>211.29</ele>
        <time>2021-08-28T22:45:13Z</time>
      </trkpt>
      <trkpt lat="48.05341" lon="-123.79004">
        <ele>211.4</ele>
        <time>2021-08-28T22:45:16Z</time>
      </trkpt>
      <trkpt lat="48.05345" lon="-123.79005">
        <ele>211.72</ele>
        <time>2021-08-28T22:45:18Z</time>
      </trkpt>
      <trkpt lat="48.05349" lon="-123.79005">
        <ele>212.15</ele>
        <time>2021-08-28T22:45:20Z</time>
      </trkpt>
      <trkpt lat="48.05352" lon="-123.79006">
        <ele>212.38</ele>
        <time>2021-08-28T22:45:22Z</time>
      </trkpt>
      <trkpt lat="48.05355" lon="-123.79009">
        <ele>212.71</ele>
        <time>2021-08-28T22:45:25Z</time>
      </trkpt>
      <trkpt lat="48.05357" lon="-123.79012">
        <ele>212.65</ele>
        <time>2021-08-28T22:45:28Z</time>
      </trkpt>
      <trkpt lat="48.0536" lon="-123.79014">
        <ele>212.8</ele>
        <time>2021-08-28T22:45:30Z</time>
      </trkpt>
      <trkpt lat="48.05362" lon="-123.79018">
        <ele>212.3</ele>
        <time>2021-08-28T22:45:33Z</time>
      </trkpt>
      <trkpt lat="48.05364" lon="-123.79022">
        <ele>212.13</ele>
        <time>2021-08-28T22:45:36Z</time>
      </trkpt>
      <trkpt lat="48.05366" lon="-123.79026">
        <ele>211.82</ele>
        <time>2021-08-28T22:45:38Z</time>
      </trkpt>
      <trkpt lat="48.05369" lon="-123.79029">
        <ele>211.59</ele>
        <time>2021-08-28T22:45:40Z</time>
      </trkpt>
      <trkpt lat="48.05371" lon="-123.79033">
        <ele>210.98</ele>
        <time>2021-08-28T22:45:42Z</time>
      </trkpt>
      <trkpt lat="48.05373" lon="-123.79036">
        <ele>210.76</ele>
        <time>2021-08-28T22:45:45Z</time>
      </trkpt>
      <trkpt lat="48.05376" lon="-123.79038">
        <ele>211.05</ele>
        <time>2021-08-28T22:45:49Z</time>
      </trkpt>
      <trkpt lat="48.05378" lon="-123.79041">
        <ele>210.87</ele>
        <time>2021-08-28T22:45:52Z</time>
      </trkpt>
      <trkpt lat="48.05381" lon="-123.79043">
        <ele>210.86</ele>
        <time>2021-08-28T22:45:54Z</time>
      </trkpt>
      <trkpt lat="48.05383" lon="-123.79047">
        <ele>210.24</ele>
        <time>2021-08-28T22:45:57Z</time>
      </trkpt>
      <trkpt lat="48.05385" lon="-123.7905">
        <ele>210.01</ele>
        <time>2021-08-28T22:46:01Z</time>
      </trkpt>
      <trkpt lat="48.05386" lon="-123.79053">
        <ele>209.74</ele>
        <time>2021-08-28T22:46:03Z</time>
      </trkpt>
      <trkpt lat="48.05389" lon="-123.79057">
        <ele>209.7</ele>
        <time>2021-08-28T22:46:05Z</time>
      </trkpt>
      <trkpt lat="48.05391" lon="-123.79061">
        <ele>209.19</ele>
        <time>2021-08-28T22:46:07Z</time>
      </trkpt>
      <trkpt lat="48.05394" lon="-123.79066">
        <ele>208.98</ele>
        <time>2021-08-28T22:46:09Z</time>
      </trkpt>
      <trkpt lat="48.05396" lon="-123.79071">
        <ele>208.87</ele>
        <time>2021-08-28T22:46:11Z</time>
      </trkpt>
      <trkpt lat="48.05397" lon="-123.79076">
        <ele>208.36</ele>
        <time>2021-08-28T22:46:13Z</time>
      </trkpt>
      <trkpt lat="48.05398" lon="-123.7908">
        <ele>207.7</ele>
        <time>2021-08-28T22:46:15Z</time>
      </trkpt>
      <trkpt lat="48.05398" lon="-123.79084">
        <ele>206.91</ele>
        <time>2021-08-28T22:46:17Z</time>
      </trkpt>
      <trkpt lat="48.05399" lon="-123.7909">
        <ele>206.46</ele>
        <time>2021-08-28T22:46:19Z</time>
      </trkpt>
      <trkpt lat="48.05401" lon="-123.79095">
        <ele>206.54</ele>
        <time>2021-08-28T22:46:21Z</time>
      </trkpt>
      <trkpt lat="48.05404" lon="-123.79099">
        <ele>206.83</ele>
        <time>2021-08-28T22:46:23Z</time>
      </trkpt>
      <trkpt lat="48.05406" lon="-123.79099">
        <ele>207.11</ele>
        <time>2021-08-28T22:46:26Z</time>
      </trkpt>
      <trkpt lat="48.05409" lon="-123.79098">
        <ele>207.59</ele>
        <time>2021-08-28T22:46:30Z</time>
      </trkpt>
      <trkpt lat="48.05412" lon="-123.79098">
        <ele>207.91</ele>
        <time>2021-08-28T22:46:33Z</time>
      </trkpt>
      <trkpt lat="48.05416" lon="-123.79098">
        <ele>208.34</ele>
        <time>2021-08-28T22:46:35Z</time>
      </trkpt>
      <trkpt lat="48.0542" lon="-123.79097">
        <ele>208.88</ele>
        <time>2021-08-28T22:46:37Z</time>
      </trkpt>
      <trkpt lat="48.05423" lon="-123.79093">
        <ele>209.64</ele>
        <time>2021-08-28T22:46:39Z</time>
      </trkpt>
      <trkpt lat="48.05425" lon="-123.79089">
        <ele>210.29</ele>
        <time>2021-08-28T22:46:41Z</time>
      </trkpt>
      <trkpt lat="48.05428" lon="-123.79087">
        <ele>211.05</ele>
        <time>2021-08-28T22:46:44Z</time>
      </trkpt>
      <trkpt lat="48.05432" lon="-123.79087">
        <ele>211.92</ele>
        <time>2021-08-28T22:46:47Z</time>
      </trkpt>
      <trkpt lat="48.05435" lon="-123.79088">
        <ele>212.46</ele>
        <time>2021-08-28T22:46:49Z</time>
      </trkpt>
      <trkpt lat="48.05438" lon="-123.79089">
        <ele>212.69</ele>
        <time>2021-08-28T22:46:51Z</time>
      </trkpt>
      <trkpt lat="48.05442" lon="-123.79088">
        <ele>213.23</ele>
        <time>2021-08-28T22:46:53Z</time>
      </trkpt>
      <trkpt lat="48.05445" lon="-123.79087">
        <ele>213.64</ele>
        <time>2021-08-28T22:46:55Z</time>
      </trkpt>
      <trkpt lat="48.05448" lon="-123.79086">
        <ele>213.99</ele>
        <time>2021-08-28T22:46:57Z</time>
      </trkpt>
      <trkpt lat="48.05451" lon="-123.79086">
        <ele>214.22</ele>
        <time>2021-08-28T22:46:59Z</time>
      </trkpt>
      <trkpt lat="48.05455" lon="-123.79085">
        <ele>214.67</ele>
        <time>2021-08-28T22:47:02Z</time>
      </trkpt>
      <trkpt lat="48.05459" lon="-123.79084">
        <ele>214.9</ele>
        <time>2021-08-28T22:47:05Z</time>
      </trkpt>
      <trkpt lat="48.05463" lon="-123.79083">
        <ele>215.04</ele>
        <time>2021-08-28T22:47:07Z</time>
      </trkpt>
      <trkpt lat="48.05466" lon="-123.79082">
        <ele>215.14</ele>
        <time>2021-08-28T22:47:09Z</time>
      </trkpt>
      <trkpt lat="48.05469" lon="-123.79081">
        <ele>215.25</ele>
        <time>2021-08-28T22:47:12Z</time>
      </trkpt>
      <trkpt lat="48.05473" lon="-123.79081">
        <ele>215.25</ele>
        <time>2021-08-28T22:47:14Z</time>
      </trkpt>
      <trkpt lat="48.05477" lon="-123.79081">
        <ele>215.25</ele>
        <time>2021-08-28T22:47:16Z</time>
      </trkpt>
      <trkpt lat="48.05481" lon="-123.79081">
        <ele>215.25</ele>
        <time>2021-08-28T22:47:18Z</time>
      </trkpt>
      <trkpt lat="48.05485" lon="-123.79081">
        <ele>215.25</ele>
        <time>2021-08-28T22:47:20Z</time>
      </trkpt>
      <trkpt lat="48.05488" lon="-123.79081">
        <ele>215.25</ele>
        <time>2021-08-28T22:47:22Z</time>
      </trkpt>
      <trkpt lat="48.05491" lon="-123.7908">
        <ele>215.33</ele>
        <time>2021-08-28T22:47:24Z</time>
      </trkpt>
      <trkpt lat="48.05494" lon="-123.79078">
        <ele>215.22</ele>
        <time>2021-08-28T22:47:26Z</time>
      </trkpt>
      <trkpt lat="48.05497" lon="-123.79077">
        <ele>215.01</ele>
        <time>2021-08-28T22:47:28Z</time>
      </trkpt>
      <trkpt lat="48.055" lon="-123.79075">
        <ele>214.9</ele>
        <time>2021-08-28T22:47:31Z</time>
      </trkpt>
      <trkpt lat="48.05503" lon="-123.79073">
        <ele>214.79</ele>
        <time>2021-08-28T22:47:33Z</time>
      </trkpt>
      <trkpt lat="48.05506" lon="-123.79071">
        <ele>214.68</ele>
        <time>2021-08-28T22:47:35Z</time>
      </trkpt>
      <trkpt lat="48.05508" lon="-123.7907">
        <ele>214.58</ele>
        <time>2021-08-28T22:47:37Z</time>
      </trkpt>
      <trkpt lat="48.05511" lon="-123.79069">
        <ele>214.44</ele>
        <time>2021-08-28T22:47:39Z</time>
      </trkpt>
      <trkpt lat="48.05514" lon="-123.79068">
        <ele>214.32</ele>
        <time>2021-08-28T22:47:41Z</time>
      </trkpt>
      <trkpt lat="48.05517" lon="-123.79066">
        <ele>214.14</ele>
        <time>2021-08-28T22:47:43Z</time>
      </trkpt>
      <trkpt lat="48.0552" lon="-123.79065">
        <ele>213.84</ele>
        <time>2021-08-28T22:47:45Z</time>
      </trkpt>
      <trkpt lat="48.05523" lon="-123.79064">
        <ele>213.56</ele>
        <time>2021-08-28T22:47:47Z</time>
      </trkpt>
      <trkpt lat="48.05527" lon="-123.79063">
        <ele>213.1</ele>
        <time>2021-08-28T22:47:49Z</time>
      </trkpt>
      <trkpt lat="48.0553" lon="-123.79062">
        <ele>212.59</ele>
        <time>2021-08-28T22:47:51Z</time>
      </trkpt>
      <trkpt lat="48.05533" lon="-123.79061">
        <ele>212.1</ele>
        <time>2021-08-28T22:47:53Z</time>
      </trkpt>
      <trkpt lat="48.05536" lon="-123.79059">
        <ele>211.78</ele>
        <time>2021-08-28T22:47:55Z</time>
      </trkpt>
      <trkpt lat="48.05539" lon="-123.79057">
        <ele>211.42</ele>
        <time>2021-08-28T22:47:57Z</time>
      </trkpt>
      <trkpt lat="48.05541" lon="-123.79054">
        <ele>211.14</ele>
        <time>2021-08-28T22:47:59Z</time>
      </trkpt>
      <trkpt lat="48.05543" lon="-123.79052">
        <ele>210.71</ele>
        <time>2021-08-28T22:48:01Z</time>
      </trkpt>
      <trkpt lat="48.05545" lon="-123.79049">
        <ele>210.28</ele>
        <time>2021-08-28T22:48:04Z</time>
      </trkpt>
      <trkpt lat="48.05547" lon="-123.79045">
        <ele>209.85</ele>
        <time>2021-08-28T22:48:06Z</time>
      </trkpt>
      <trkpt lat="48.05549" lon="-123.79042">
        <ele>209.42</ele>
        <time>2021-08-28T22:48:08Z</time>
      </trkpt>
      <trkpt lat="48.05551" lon="-123.79038">
        <ele>208.98</ele>
        <time>2021-08-28T22:48:13Z</time>
      </trkpt>
      <trkpt lat="48.05552" lon="-123.79033">
        <ele>209.2</ele>
        <time>2021-08-28T22:48:18Z</time>
      </trkpt>
      <trkpt lat="48.05554" lon="-123.79028">
        <ele>209.31</ele>
        <time>2021-08-28T22:48:20Z</time>
      </trkpt>
      <trkpt lat="48.05556" lon="-123.79025">
        <ele>208.86</ele>
        <time>2021-08-28T22:48:22Z</time>
      </trkpt>
      <trkpt lat="48.05557" lon="-123.79021">
        <ele>208.53</ele>
        <time>2021-08-28T22:48:26Z</time>
      </trkpt>
      <trkpt lat="48.05557" lon="-123.79016">
        <ele>208.57</ele>
        <time>2021-08-28T22:48:29Z</time>
      </trkpt>
      <trkpt lat="48.05558" lon="-123.7901">
        <ele>208.45</ele>
        <time>2021-08-28T22:48:32Z</time>
      </trkpt>
      <trkpt lat="48.0556" lon="-123.79005">
        <ele>208.28</ele>
        <time>2021-08-28T22:48:35Z</time>
      </trkpt>
      <trkpt lat="48.05562" lon="-123.79">
        <ele>207.91</ele>
        <time>2021-08-28T22:48:37Z</time>
      </trkpt>
      <trkpt lat="48.05563" lon="-123.78995">
        <ele>207.59</ele>
        <time>2021-08-28T22:48:40Z</time>
      </trkpt>
      <trkpt lat="48.05565" lon="-123.7899">
        <ele>207.02</ele>
        <time>2021-08-28T22:48:43Z</time>
      </trkpt>
      <trkpt lat="48.05567" lon="-123.78985">
        <ele>206.77</ele>
        <time>2021-08-28T22:48:46Z</time>
      </trkpt>
      <trkpt lat="48.05569" lon="-123.78982">
        <ele>206.16</ele>
        <time>2021-08-28T22:48:48Z</time>
      </trkpt>
      <trkpt lat="48.0557" lon="-123.78977">
        <ele>206.03</ele>
        <time>2021-08-28T22:48:50Z</time>
      </trkpt>
      <trkpt lat="48.05571" lon="-123.78973">
        <ele>205.94</ele>
        <time>2021-08-28T22:48:52Z</time>
      </trkpt>
      <trkpt lat="48.05573" lon="-123.78969">
        <ele>205.39</ele>
        <time>2021-08-28T22:48:54Z</time>
      </trkpt>
      <trkpt lat="48.05575" lon="-123.78965">
        <ele>204.68</ele>
        <time>2021-08-28T22:48:56Z</time>
      </trkpt>
      <trkpt lat="48.05577" lon="-123.78962">
        <ele>204.12</ele>
        <time>2021-08-28T22:48:58Z</time>
      </trkpt>
      <trkpt lat="48.0558" lon="-123.78959">
        <ele>203.23</ele>
        <time>2021-08-28T22:49:00Z</time>
      </trkpt>
      <trkpt lat="48.05582" lon="-123.78956">
        <ele>202.54</ele>
        <time>2021-08-28T22:49:02Z</time>
      </trkpt>
      <trkpt lat="48.05583" lon="-123.78951">
        <ele>202.44</ele>
        <time>2021-08-28T22:49:05Z</time>
      </trkpt>
      <trkpt lat="48.05584" lon="-123.78947">
        <ele>202.58</ele>
        <time>2021-08-28T22:49:07Z</time>
      </trkpt>
      <trkpt lat="48.05585" lon="-123.78942">
        <ele>203.12</ele>
        <time>2021-08-28T22:49:10Z</time>
      </trkpt>
      <trkpt lat="48.05587" lon="-123.78937">
        <ele>203.5</ele>
        <time>2021-08-28T22:49:13Z</time>
      </trkpt>
      <trkpt lat="48.05589" lon="-123.78933">
        <ele>203.4</ele>
        <time>2021-08-28T22:49:17Z</time>
      </trkpt>
      <trkpt lat="48.0559" lon="-123.78929">
        <ele>203.51</ele>
        <time>2021-08-28T22:49:20Z</time>
      </trkpt>
      <trkpt lat="48.05592" lon="-123.78925">
        <ele>203.3</ele>
        <time>2021-08-28T22:49:22Z</time>
      </trkpt>
      <trkpt lat="48.05596" lon="-123.78922">
        <ele>202.69</ele>
        <time>2021-08-28T22:49:24Z</time>
      </trkpt>
      <trkpt lat="48.05598" lon="-123.78918">
        <ele>202.69</ele>
        <time>2021-08-28T22:49:27Z</time>
      </trkpt>
      <trkpt lat="48.056" lon="-123.78915">
        <ele>202.62</ele>
        <time>2021-08-28T22:49:30Z</time>
      </trkpt>
      <trkpt lat="48.05602" lon="-123.78912">
        <ele>202.47</ele>
        <time>2021-08-28T22:49:33Z</time>
      </trkpt>
      <trkpt lat="48.05603" lon="-123.78908">
        <ele>202.69</ele>
        <time>2021-08-28T22:49:36Z</time>
      </trkpt>
      <trkpt lat="48.05604" lon="-123.78904">
        <ele>203.27</ele>
        <time>2021-08-28T22:49:39Z</time>
      </trkpt>
      <trkpt lat="48.05607" lon="-123.78899">
        <ele>203.7</ele>
        <time>2021-08-28T22:49:42Z</time>
      </trkpt>
      <trkpt lat="48.0561" lon="-123.78895">
        <ele>203.58</ele>
        <time>2021-08-28T22:49:44Z</time>
      </trkpt>
      <trkpt lat="48.05613" lon="-123.78892">
        <ele>203.26</ele>
        <time>2021-08-28T22:49:47Z</time>
      </trkpt>
      <trkpt lat="48.05615" lon="-123.78888">
        <ele>203.26</ele>
        <time>2021-08-28T22:49:50Z</time>
      </trkpt>
      <trkpt lat="48.05618" lon="-123.78885">
        <ele>202.93</ele>
        <time>2021-08-28T22:49:52Z</time>
      </trkpt>
      <trkpt lat="48.05621" lon="-123.7888">
        <ele>202.89</ele>
        <time>2021-08-28T22:49:55Z</time>
      </trkpt>
      <trkpt lat="48.05623" lon="-123.78877">
        <ele>203.0</ele>
        <time>2021-08-28T22:49:58Z</time>
      </trkpt>
      <trkpt lat="48.05619" lon="-123.78879">
        <ele>203.36</ele>
        <time>2021-08-28T22:50:04Z</time>
      </trkpt>
      <trkpt lat="48.05617" lon="-123.78882">
        <ele>203.47</ele>
        <time>2021-08-28T22:50:06Z</time>
      </trkpt>
      <trkpt lat="48.05616" lon="-123.78885">
        <ele>203.36</ele>
        <time>2021-08-28T22:50:08Z</time>
      </trkpt>
      <trkpt lat="48.05617" lon="-123.7888">
        <ele>203.69</ele>
        <time>2021-08-28T22:50:14Z</time>
      </trkpt>
      <trkpt lat="48.0562" lon="-123.78876">
        <ele>203.47</ele>
        <time>2021-08-28T22:50:16Z</time>
      </trkpt>
      <trkpt lat="48.05622" lon="-123.78872">
        <ele>203.65</ele>
        <time>2021-08-28T22:50:18Z</time>
      </trkpt>
      <trkpt lat="48.05623" lon="-123.78869">
        <ele>203.93</ele>
        <time>2021-08-28T22:50:20Z</time>
      </trkpt>
      <trkpt lat="48.05626" lon="-123.78865">
        <ele>203.85</ele>
        <time>2021-08-28T22:50:22Z</time>
      </trkpt>
      <trkpt lat="48.05628" lon="-123.7886">
        <ele>203.65</ele>
        <time>2021-08-28T22:50:24Z</time>
      </trkpt>
      <trkpt lat="48.05629" lon="-123.78857">
        <ele>203.65</ele>
        <time>2021-08-28T22:50:26Z</time>
      </trkpt>
      <trkpt lat="48.0563" lon="-123.78853">
        <ele>203.8</ele>
        <time>2021-08-28T22:50:28Z</time>
      </trkpt>
      <trkpt lat="48.05631" lon="-123.78848">
        <ele>204.12</ele>
        <time>2021-08-28T22:50:30Z</time>
      </trkpt>
      <trkpt lat="48.05632" lon="-123.78844">
        <ele>204.34</ele>
        <time>2021-08-28T22:50:32Z</time>
      </trkpt>
      <trkpt lat="48.05635" lon="-123.7884">
        <ele>204.12</ele>
        <time>2021-08-28T22:50:34Z</time>
      </trkpt>
      <trkpt lat="48.05638" lon="-123.78838">
        <ele>203.69</ele>
        <time>2021-08-28T22:50:36Z</time>
      </trkpt>
      <trkpt lat="48.0564" lon="-123.78835">
        <ele>203.48</ele>
        <time>2021-08-28T22:50:38Z</time>
      </trkpt>
      <trkpt lat="48.05643" lon="-123.78831">
        <ele>202.78</ele>
        <time>2021-08-28T22:50:41Z</time>
      </trkpt>
      <trkpt lat="48.05646" lon="-123.78828">
        <ele>202.14</ele>
        <time>2021-08-28T22:50:44Z</time>
      </trkpt>
      <trkpt lat="48.05648" lon="-123.78825">
        <ele>201.93</ele>
        <time>2021-08-28T22:50:46Z</time>
      </trkpt>
      <trkpt lat="48.05651" lon="-123.78822">
        <ele>201.14</ele>
        <time>2021-08-28T22:50:49Z</time>
      </trkpt>
      <trkpt lat="48.05653" lon="-123.78819">
        <ele>200.72</ele>
        <time>2021-08-28T22:50:52Z</time>
      </trkpt>
      <trkpt lat="48.05657" lon="-123.78816">
        <ele>199.97</ele>
        <time>2021-08-28T22:50:54Z</time>
      </trkpt>
      <trkpt lat="48.0566" lon="-123.78812">
        <ele>199.44</ele>
        <time>2021-08-28T22:50:56Z</time>
      </trkpt>
      <trkpt lat="48.05663" lon="-123.7881">
        <ele>198.79</ele>
        <time>2021-08-28T22:50:58Z</time>
      </trkpt>
      <trkpt lat="48.05666" lon="-123.78808">
        <ele>198.14</ele>
        <time>2021-08-28T22:51:00Z</time>
      </trkpt>
      <trkpt lat="48.05669" lon="-123.78806">
        <ele>197.75</ele>
        <time>2021-08-28T22:51:02Z</time>
      </trkpt>
      <trkpt lat="48.05671" lon="-123.78805">
        <ele>197.53</ele>
        <time>2021-08-28T22:51:04Z</time>
      </trkpt>
      <trkpt lat="48.05674" lon="-123.78804">
        <ele>197.21</ele>
        <time>2021-08-28T22:51:07Z</time>
      </trkpt>
      <trkpt lat="48.05678" lon="-123.78801">
        <ele>196.66</ele>
        <time>2021-08-28T22:51:10Z</time>
      </trkpt>
      <trkpt lat="48.0568" lon="-123.78797">
        <ele>196.53</ele>
        <time>2021-08-28T22:51:12Z</time>
      </trkpt>
      <trkpt lat="48.05681" lon="-123.78793">
        <ele>196.45</ele>
        <time>2021-08-28T22:51:15Z</time>
      </trkpt>
      <trkpt lat="48.05684" lon="-123.78789">
        <ele>196.13</ele>
        <time>2021-08-28T22:51:19Z</time>
      </trkpt>
      <trkpt lat="48.05685" lon="-123.78785">
        <ele>196.02</ele>
        <time>2021-08-28T22:51:22Z</time>
      </trkpt>
      <trkpt lat="48.05689" lon="-123.78784">
        <ele>195.31</ele>
        <time>2021-08-28T22:51:25Z</time>
      </trkpt>
      <trkpt lat="48.05693" lon="-123.78783">
        <ele>194.68</ele>
        <time>2021-08-28T22:51:27Z</time>
      </trkpt>
      <trkpt lat="48.05696" lon="-123.78782">
        <ele>194.28</ele>
        <time>2021-08-28T22:51:29Z</time>
      </trkpt>
      <trkpt lat="48.05698" lon="-123.78779">
        <ele>194.15</ele>
        <time>2021-08-28T22:51:31Z</time>
      </trkpt>
      <trkpt lat="48.05701" lon="-123.78777">
        <ele>193.58</ele>
        <time>2021-08-28T22:51:33Z</time>
      </trkpt>
      <trkpt lat="48.05702" lon="-123.78774">
        <ele>193.37</ele>
        <time>2021-08-28T22:51:35Z</time>
      </trkpt>
      <trkpt lat="48.05704" lon="-123.78769">
        <ele>192.97</ele>
        <time>2021-08-28T22:51:38Z</time>
      </trkpt>
      <trkpt lat="48.05707" lon="-123.78765">
        <ele>192.89</ele>
        <time>2021-08-28T22:51:42Z</time>
      </trkpt>
      <trkpt lat="48.05709" lon="-123.78761">
        <ele>192.78</ele>
        <time>2021-08-28T22:51:45Z</time>
      </trkpt>
      <trkpt lat="48.05711" lon="-123.78757">
        <ele>192.42</ele>
        <time>2021-08-28T22:51:48Z</time>
      </trkpt>
      <trkpt lat="48.05713" lon="-123.78752">
        <ele>192.0</ele>
        <time>2021-08-28T22:51:52Z</time>
      </trkpt>
      <trkpt lat="48.05714" lon="-123.78748">
        <ele>191.89</ele>
        <time>2021-08-28T22:51:57Z</time>
      </trkpt>
      <trkpt lat="48.05717" lon="-123.78744">
        <ele>191.56</ele>
        <time>2021-08-28T22:52:00Z</time>
      </trkpt>
      <trkpt lat="48.0572" lon="-123.78741">
        <ele>191.24</ele>
        <time>2021-08-28T22:52:03Z</time>
      </trkpt>
      <trkpt lat="48.05724" lon="-123.78737">
        <ele>190.62</ele>
        <time>2021-08-28T22:52:06Z</time>
      </trkpt>
      <trkpt lat="48.05728" lon="-123.78734">
        <ele>189.75</ele>
        <time>2021-08-28T22:52:08Z</time>
      </trkpt>
      <trkpt lat="48.05732" lon="-123.78732">
        <ele>188.94</ele>
        <time>2021-08-28T22:52:10Z</time>
      </trkpt>
      <trkpt lat="48.05735" lon="-123.7873">
        <ele>188.72</ele>
        <time>2021-08-28T22:52:12Z</time>
      </trkpt>
      <trkpt lat="48.05738" lon="-123.78728">
        <ele>188.41</ele>
        <time>2021-08-28T22:52:14Z</time>
      </trkpt>
      <trkpt lat="48.0574" lon="-123.78725">
        <ele>188.14</ele>
        <time>2021-08-28T22:52:17Z</time>
      </trkpt>
      <trkpt lat="48.05742" lon="-123.78722">
        <ele>187.86</ele>
        <time>2021-08-28T22:52:20Z</time>
      </trkpt>
      <trkpt lat="48.05746" lon="-123.78719">
        <ele>187.43</ele>
        <time>2021-08-28T22:52:23Z</time>
      </trkpt>
      <trkpt lat="48.05748" lon="-123.78717">
        <ele>187.22</ele>
        <time>2021-08-28T22:52:25Z</time>
      </trkpt>
      <trkpt lat="48.05751" lon="-123.78715">
        <ele>186.78</ele>
        <time>2021-08-28T22:52:27Z</time>
      </trkpt>
      <trkpt lat="48.05755" lon="-123.78714">
        <ele>185.92</ele>
        <time>2021-08-28T22:52:29Z</time>
      </trkpt>
      <trkpt lat="48.05758" lon="-123.78712">
        <ele>185.27</ele>
        <time>2021-08-28T22:52:31Z</time>
      </trkpt>
      <trkpt lat="48.0576" lon="-123.78709">
        <ele>184.92</ele>
        <time>2021-08-28T22:52:33Z</time>
      </trkpt>
      <trkpt lat="48.05763" lon="-123.78706">
        <ele>184.6</ele>
        <time>2021-08-28T22:52:35Z</time>
      </trkpt>
      <trkpt lat="48.05765" lon="-123.78704">
        <ele>184.38</ele>
        <time>2021-08-28T22:52:37Z</time>
      </trkpt>
      <trkpt lat="48.05768" lon="-123.78702">
        <ele>184.06</ele>
        <time>2021-08-28T22:52:39Z</time>
      </trkpt>
      <trkpt lat="48.0577" lon="-123.78699">
        <ele>183.84</ele>
        <time>2021-08-28T22:52:41Z</time>
      </trkpt>
      <trkpt lat="48.05771" lon="-123.78696">
        <ele>183.73</ele>
        <time>2021-08-28T22:52:44Z</time>
      </trkpt>
      <trkpt lat="48.05773" lon="-123.7869">
        <ele>183.52</ele>
        <time>2021-08-28T22:52:47Z</time>
      </trkpt>
      <trkpt lat="48.05773" lon="-123.78686">
        <ele>183.52</ele>
        <time>2021-08-28T22:52:49Z</time>
      </trkpt>
      <trkpt lat="48.05774" lon="-123.78682">
        <ele>183.41</ele>
        <time>2021-08-28T22:52:51Z</time>
      </trkpt>
      <trkpt lat="48.05776" lon="-123.78677">
        <ele>183.19</ele>
        <time>2021-08-28T22:52:54Z</time>
      </trkpt>
      <trkpt lat="48.05778" lon="-123.78673">
        <ele>183.0</ele>
        <time>2021-08-28T22:52:57Z</time>
      </trkpt>
      <trkpt lat="48.05779" lon="-123.78668">
        <ele>183.0</ele>
        <time>2021-08-28T22:53:00Z</time>
      </trkpt>
      <trkpt lat="48.0578" lon="-123.78663">
        <ele>183.0</ele>
        <time>2021-08-28T22:53:03Z</time>
      </trkpt>
      <trkpt lat="48.05782" lon="-123.78659">
        <ele>183.0</ele>
        <time>2021-08-28T22:53:06Z</time>
      </trkpt>
      <trkpt lat="48.05784" lon="-123.78654">
        <ele>183.0</ele>
        <time>2021-08-28T22:53:09Z</time>
      </trkpt>
      <trkpt lat="48.05787" lon="-123.7865">
        <ele>183.0</ele>
        <time>2021-08-28T22:53:12Z</time>
      </trkpt>
      <trkpt lat="48.05789" lon="-123.78647">
        <ele>182.79</ele>
        <time>2021-08-28T22:53:15Z</time>
      </trkpt>
      <trkpt lat="48.05792" lon="-123.78646">
        <ele>182.46</ele>
        <time>2021-08-28T22:53:18Z</time>
      </trkpt>
      <trkpt lat="48.05796" lon="-123.78646">
        <ele>182.03</ele>
        <time>2021-08-28T22:53:21Z</time>
      </trkpt>
      <trkpt lat="48.058" lon="-123.78647">
        <ele>181.6</ele>
        <time>2021-08-28T22:53:23Z</time>
      </trkpt>
      <trkpt lat="48.05804" lon="-123.78645">
        <ele>181.17</ele>
        <time>2021-08-28T22:53:28Z</time>
      </trkpt>
      <trkpt lat="48.05808" lon="-123.78645">
        <ele>180.74</ele>
        <time>2021-08-28T22:53:31Z</time>
      </trkpt>
      <trkpt lat="48.05811" lon="-123.78649">
        <ele>180.41</ele>
        <time>2021-08-28T22:53:34Z</time>
      </trkpt>
      <trkpt lat="48.05812" lon="-123.78656">
        <ele>180.3</ele>
        <time>2021-08-28T22:53:36Z</time>
      </trkpt>
      <trkpt lat="48.05813" lon="-123.7866">
        <ele>180.2</ele>
        <time>2021-08-28T22:53:38Z</time>
      </trkpt>
      <trkpt lat="48.05814" lon="-123.78665">
        <ele>180.09</ele>
        <time>2021-08-28T22:53:40Z</time>
      </trkpt>
      <trkpt lat="48.05814" lon="-123.7867">
        <ele>180.09</ele>
        <time>2021-08-28T22:53:46Z</time>
      </trkpt>
      <trkpt lat="48.05813" lon="-123.78675">
        <ele>180.2</ele>
        <time>2021-08-28T22:53:50Z</time>
      </trkpt>
      <trkpt lat="48.05812" lon="-123.78679">
        <ele>180.54</ele>
        <time>2021-08-28T22:53:52Z</time>
      </trkpt>
      <trkpt lat="48.05812" lon="-123.78684">
        <ele>180.91</ele>
        <time>2021-08-28T22:53:55Z</time>
      </trkpt>
      <trkpt lat="48.05812" lon="-123.7869">
        <ele>181.0</ele>
        <time>2021-08-28T22:53:58Z</time>
      </trkpt>
      <trkpt lat="48.05813" lon="-123.78696">
        <ele>181.03</ele>
        <time>2021-08-28T22:54:00Z</time>
      </trkpt>
      <trkpt lat="48.05814" lon="-123.78701">
        <ele>181.06</ele>
        <time>2021-08-28T22:54:02Z</time>
      </trkpt>
      <trkpt lat="48.05815" lon="-123.78707">
        <ele>180.98</ele>
        <time>2021-08-28T22:54:05Z</time>
      </trkpt>
      <trkpt lat="48.05815" lon="-123.78712">
        <ele>180.98</ele>
        <time>2021-08-28T22:54:09Z</time>
      </trkpt>
      <trkpt lat="48.05816" lon="-123.78717">
        <ele>180.93</ele>
        <time>2021-08-28T22:54:12Z</time>
      </trkpt>
      <trkpt lat="48.05817" lon="-123.78721">
        <ele>180.97</ele>
        <time>2021-08-28T22:54:16Z</time>
      </trkpt>
      <trkpt lat="48.05816" lon="-123.78725">
        <ele>181.26</ele>
        <time>2021-08-28T22:54:19Z</time>
      </trkpt>
      <trkpt lat="48.05817" lon="-123.78731">
        <ele>181.72</ele>
        <time>2021-08-28T22:54:22Z</time>
      </trkpt>
      <trkpt lat="48.05814" lon="-123.78736">
        <ele>182.0</ele>
        <time>2021-08-28T22:54:26Z</time>
      </trkpt>
      <trkpt lat="48.05812" lon="-123.78739">
        <ele>182.0</ele>
        <time>2021-08-28T22:54:29Z</time>
      </trkpt>
      <trkpt lat="48.05809" lon="-123.78742">
        <ele>182.0</ele>
        <time>2021-08-28T22:54:31Z</time>
      </trkpt>
      <trkpt lat="48.05808" lon="-123.78746">
        <ele>182.0</ele>
        <time>2021-08-28T22:54:34Z</time>
      </trkpt>
      <trkpt lat="48.05811" lon="-123.78746">
        <ele>182.0</ele>
        <time>2021-08-28T22:54:41Z</time>
      </trkpt>
      <trkpt lat="48.05812" lon="-123.78742">
        <ele>182.0</ele>
        <time>2021-08-28T22:54:43Z</time>
      </trkpt>
      <trkpt lat="48.05813" lon="-123.78738">
        <ele>182.0</ele>
        <time>2021-08-28T22:54:45Z</time>
      </trkpt>
      <trkpt lat="48.05816" lon="-123.78736">
        <ele>181.87</ele>
        <time>2021-08-28T22:54:49Z</time>
      </trkpt>
      <trkpt lat="48.05817" lon="-123.78739">
        <ele>181.76</ele>
        <time>2021-08-28T22:54:51Z</time>
      </trkpt>
      <trkpt lat="48.0582" lon="-123.78743">
        <ele>181.44</ele>
        <time>2021-08-28T22:54:53Z</time>
      </trkpt>
      <trkpt lat="48.05821" lon="-123.78747">
        <ele>181.33</ele>
        <time>2021-08-28T22:54:55Z</time>
      </trkpt>
      <trkpt lat="48.05823" lon="-123.78751">
        <ele>181.12</ele>
        <time>2021-08-28T22:54:58Z</time>
      </trkpt>
      <trkpt lat="48.05827" lon="-123.78753">
        <ele>181.0</ele>
        <time>2021-08-28T22:55:01Z</time>
      </trkpt>
      <trkpt lat="48.05831" lon="-123.78754">
        <ele>181.0</ele>
        <time>2021-08-28T22:55:03Z</time>
      </trkpt>
      <trkpt lat="48.05833" lon="-123.78755">
        <ele>181.0</ele>
        <time>2021-08-28T22:55:05Z</time>
      </trkpt>
      <trkpt lat="48.05836" lon="-123.78756">
        <ele>180.71</ele>
        <time>2021-08-28T22:55:08Z</time>
      </trkpt>
      <trkpt lat="48.0584" lon="-123.78756">
        <ele>180.28</ele>
        <time>2021-08-28T22:55:16Z</time>
      </trkpt>
      <trkpt lat="48.05842" lon="-123.78757">
        <ele>180.06</ele>
        <time>2021-08-28T22:55:19Z</time>
      </trkpt>
      <trkpt lat="48.05846" lon="-123.78756">
        <ele>180.0</ele>
        <time>2021-08-28T22:55:23Z</time>
      </trkpt>
      <trkpt lat="48.05848" lon="-123.78753">
        <ele>180.0</ele>
        <time>2021-08-28T22:55:27Z</time>
      </trkpt>
      <trkpt lat="48.05851" lon="-123.78756">
        <ele>180.0</ele>
        <time>2021-08-28T22:55:51Z</time>
      </trkpt>
      <trkpt lat="48.05854" lon="-123.78758">
        <ele>179.97</ele>
        <time>2021-08-28T22:55:55Z</time>
      </trkpt>
      <trkpt lat="48.05856" lon="-123.78754">
        <ele>179.75</ele>
        <time>2021-08-28T22:55:58Z</time>
      </trkpt>
      <trkpt lat="48.05858" lon="-123.7875">
        <ele>179.34</ele>
        <time>2021-08-28T22:56:01Z</time>
      </trkpt>
      <trkpt lat="48.0586" lon="-123.78747">
        <ele>179.12</ele>
        <time>2021-08-28T22:56:04Z</time>
      </trkpt>
      <trkpt lat="48.05862" lon="-123.78743">
        <ele>179.0</ele>
        <time>2021-08-28T22:56:07Z</time>
      </trkpt>
      <trkpt lat="48.05864" lon="-123.7874">
        <ele>179.0</ele>
        <time>2021-08-28T22:56:09Z</time>
      </trkpt>
      <trkpt lat="48.05868" lon="-123.78735">
        <ele>179.0</ele>
        <time>2021-08-28T22:56:12Z</time>
      </trkpt>
      <trkpt lat="48.05869" lon="-123.78732">
        <ele>179.0</ele>
        <time>2021-08-28T22:56:14Z</time>
      </trkpt>
      <trkpt lat="48.05872" lon="-123.78728">
        <ele>179.0</ele>
        <time>2021-08-28T22:56:17Z</time>
      </trkpt>
      <trkpt lat="48.05873" lon="-123.78723">
        <ele>179.0</ele>
        <time>2021-08-28T22:56:19Z</time>
      </trkpt>
      <trkpt lat="48.05875" lon="-123.7872">
        <ele>178.88</ele>
        <time>2021-08-28T22:56:21Z</time>
      </trkpt>
      <trkpt lat="48.05878" lon="-123.78718">
        <ele>178.62</ele>
        <time>2021-08-28T22:56:23Z</time>
      </trkpt>
      <trkpt lat="48.0588" lon="-123.78714">
        <ele>178.11</ele>
        <time>2021-08-28T22:56:26Z</time>
      </trkpt>
      <trkpt lat="48.05882" lon="-123.78711">
        <ele>178.0</ele>
        <time>2021-08-28T22:56:30Z</time>
      </trkpt>
      <trkpt lat="48.05884" lon="-123.78708">
        <ele>178.0</ele>
        <time>2021-08-28T22:56:35Z</time>
      </trkpt>
      <trkpt lat="48.05885" lon="-123.78703">
        <ele>178.0</ele>
        <time>2021-08-28T22:56:54Z</time>
      </trkpt>
      <trkpt lat="48.05887" lon="-123.787">
        <ele>178.0</ele>
        <time>2021-08-28T22:56:58Z</time>
      </trkpt>
      <trkpt lat="48.05889" lon="-123.78695">
        <ele>178.0</ele>
        <time>2021-08-28T22:57:01Z</time>
      </trkpt>
      <trkpt lat="48.05891" lon="-123.78691">
        <ele>178.0</ele>
        <time>2021-08-28T22:57:04Z</time>
      </trkpt>
      <trkpt lat="48.05893" lon="-123.78688">
        <ele>178.0</ele>
        <time>2021-08-28T22:57:07Z</time>
      </trkpt>
      <trkpt lat="48.05897" lon="-123.78685">
        <ele>178.0</ele>
        <time>2021-08-28T22:57:11Z</time>
      </trkpt>
      <trkpt lat="48.05898" lon="-123.78681">
        <ele>178.0</ele>
        <time>2021-08-28T22:57:16Z</time>
      </trkpt>
      <trkpt lat="48.05895" lon="-123.78682">
        <ele>178.0</ele>
        <time>2021-08-28T22:57:49Z</time>
      </trkpt>
      <trkpt lat="48.05892" lon="-123.78685">
        <ele>178.0</ele>
        <time>2021-08-28T22:57:52Z</time>
      </trkpt>
      <trkpt lat="48.05889" lon="-123.78688">
        <ele>178.0</ele>
        <time>2021-08-28T22:57:55Z</time>
      </trkpt>
      <trkpt lat="48.05886" lon="-123.7869">
        <ele>178.0</ele>
        <time>2021-08-28T22:57:58Z</time>
      </trkpt>
      <trkpt lat="48.05884" lon="-123.78692">
        <ele>178.0</ele>
        <time>2021-08-28T22:58:02Z</time>
      </trkpt>
      <trkpt lat="48.05881" lon="-123.78694">
        <ele>178.0</ele>
        <time>2021-08-28T22:58:06Z</time>
      </trkpt>
      <trkpt lat="48.0588" lon="-123.78698">
        <ele>178.0</ele>
        <time>2021-08-28T22:58:10Z</time>
      </trkpt>
      <trkpt lat="48.05878" lon="-123.78703">
        <ele>178.0</ele>
        <time>2021-08-28T22:58:14Z</time>
      </trkpt>
      <trkpt lat="48.05877" lon="-123.78707">
        <ele>178.1</ele>
        <time>2021-08-28T22:58:17Z</time>
      </trkpt>
      <trkpt lat="48.05876" lon="-123.78712">
        <ele>178.35</ele>
        <time>2021-08-28T22:58:21Z</time>
      </trkpt>
      <trkpt lat="48.05874" lon="-123.78715">
        <ele>178.69</ele>
        <time>2021-08-28T22:58:24Z</time>
      </trkpt>
      <trkpt lat="48.05872" lon="-123.7872">
        <ele>178.96</ele>
        <time>2021-08-28T22:58:27Z</time>
      </trkpt>
      <trkpt lat="48.05871" lon="-123.78723">
        <ele>179.0</ele>
        <time>2021-08-28T22:58:30Z</time>
      </trkpt>
      <trkpt lat="48.05868" lon="-123.78726">
        <ele>179.0</ele>
        <time>2021-08-28T22:58:33Z</time>
      </trkpt>
      <trkpt lat="48.05865" lon="-123.7873">
        <ele>179.0</ele>
        <time>2021-08-28T22:58:36Z</time>
      </trkpt>
      <trkpt lat="48.05863" lon="-123.78732">
        <ele>179.0</ele>
        <time>2021-08-28T22:58:39Z</time>
      </trkpt>
      <trkpt lat="48.05862" lon="-123.78737">
        <ele>179.0</ele>
        <time>2021-08-28T22:58:43Z</time>
      </trkpt>
      <trkpt lat="48.0586" lon="-123.78742">
        <ele>179.12</ele>
        <time>2021-08-28T22:58:47Z</time>
      </trkpt>
      <trkpt lat="48.05858" lon="-123.78745">
        <ele>179.34</ele>
        <time>2021-08-28T22:58:50Z</time>
      </trkpt>
      <trkpt lat="48.05856" lon="-123.7875">
        <ele>179.55</ele>
        <time>2021-08-28T22:58:53Z</time>
      </trkpt>
      <trkpt lat="48.05854" lon="-123.78752">
        <ele>179.82</ele>
        <time>2021-08-28T22:58:55Z</time>
      </trkpt>
      <trkpt lat="48.05852" lon="-123.78756">
        <ele>179.99</ele>
        <time>2021-08-28T22:58:58Z</time>
      </trkpt>
      <trkpt lat="48.05849" lon="-123.7876">
        <ele>180.02</ele>
        <time>2021-08-28T22:59:01Z</time>
      </trkpt>
      <trkpt lat="48.05848" lon="-123.78764">
        <ele>180.21</ele>
        <time>2021-08-28T22:59:05Z</time>
      </trkpt>
      <trkpt lat="48.05848" lon="-123.78769">
        <ele>180.42</ele>
        <time>2021-08-28T22:59:08Z</time>
      </trkpt>
      <trkpt lat="48.05849" lon="-123.78773">
        <ele>180.31</ele>
        <time>2021-08-28T22:59:10Z</time>
      </trkpt>
      <trkpt lat="48.0585" lon="-123.78777">
        <ele>180.2</ele>
        <time>2021-08-28T22:59:12Z</time>
      </trkpt>
      <trkpt lat="48.05852" lon="-123.78783">
        <ele>180.0</ele>
        <time>2021-08-28T22:59:15Z</time>
      </trkpt>
      <trkpt lat="48.05853" lon="-123.78787">
        <ele>180.0</ele>
        <time>2021-08-28T22:59:17Z</time>
      </trkpt>
      <trkpt lat="48.05855" lon="-123.78791">
        <ele>180.28</ele>
        <time>2021-08-28T22:59:19Z</time>
      </trkpt>
      <trkpt lat="48.05857" lon="-123.78795">
        <ele>180.38</ele>
        <time>2021-08-28T22:59:21Z</time>
      </trkpt>
      <trkpt lat="48.05858" lon="-123.788">
        <ele>180.6</ele>
        <time>2021-08-28T22:59:23Z</time>
      </trkpt>
      <trkpt lat="48.05861" lon="-123.78804">
        <ele>180.83</ele>
        <time>2021-08-28T22:59:26Z</time>
      </trkpt>
      <trkpt lat="48.05862" lon="-123.78808">
        <ele>180.9</ele>
        <time>2021-08-28T22:59:29Z</time>
      </trkpt>
      <trkpt lat="48.05863" lon="-123.78812">
        <ele>180.8</ele>
        <time>2021-08-28T22:59:32Z</time>
      </trkpt>
      <trkpt lat="48.05865" lon="-123.78816">
        <ele>180.63</ele>
        <time>2021-08-28T22:59:35Z</time>
      </trkpt>
      <trkpt lat="48.05866" lon="-123.78821">
        <ele>180.82</ele>
        <time>2021-08-28T22:59:38Z</time>
      </trkpt>
      <trkpt lat="48.05866" lon="-123.78825">
        <ele>181.0</ele>
        <time>2021-08-28T22:59:41Z</time>
      </trkpt>
      <trkpt lat="48.05865" lon="-123.78829">
        <ele>181.0</ele>
        <time>2021-08-28T22:59:48Z</time>
      </trkpt>
      <trkpt lat="48.05867" lon="-123.78832">
        <ele>181.0</ele>
        <time>2021-08-28T22:59:52Z</time>
      </trkpt>
      <trkpt lat="48.0587" lon="-123.78835">
        <ele>181.0</ele>
        <time>2021-08-28T22:59:55Z</time>
      </trkpt>
      <trkpt lat="48.05872" lon="-123.7884">
        <ele>180.95</ele>
        <time>2021-08-28T23:00:00Z</time>
      </trkpt>
      <trkpt lat="48.05873" lon="-123.78845">
        <ele>181.0</ele>
        <time>2021-08-28T23:00:03Z</time>
      </trkpt>
      <trkpt lat="48.05874" lon="-123.7885">
        <ele>181.0</ele>
        <time>2021-08-28T23:00:06Z</time>
      </trkpt>
      <trkpt lat="48.05877" lon="-123.78854">
        <ele>181.0</ele>
        <time>2021-08-28T23:00:09Z</time>
      </trkpt>
      <trkpt lat="48.05878" lon="-123.78857">
        <ele>181.0</ele>
        <time>2021-08-28T23:00:14Z</time>
      </trkpt>
      <trkpt lat="48.05878" lon="-123.78863">
        <ele>181.0</ele>
        <time>2021-08-28T23:00:19Z</time>
      </trkpt>
      <trkpt lat="48.05879" lon="-123.78867">
        <ele>181.0</ele>
        <time>2021-08-28T23:00:24Z</time>
      </trkpt>
      <trkpt lat="48.05879" lon="-123.78872">
        <ele>181.0</ele>
        <time>2021-08-28T23:00:33Z</time>
      </trkpt>
      <trkpt lat="48.0588" lon="-123.78876">
        <ele>181.0</ele>
        <time>2021-08-28T23:00:36Z</time>
      </trkpt>
      <trkpt lat="48.05881" lon="-123.7888">
        <ele>181.0</ele>
        <time>2021-08-28T23:00:39Z</time>
      </trkpt>
      <trkpt lat="48.05883" lon="-123.78884">
        <ele>181.0</ele>
        <time>2021-08-28T23:00:42Z</time>
      </trkpt>
      <trkpt lat="48.05885" lon="-123.78888">
        <ele>181.0</ele>
        <time>2021-08-28T23:00:45Z</time>
      </trkpt>
      <trkpt lat="48.05887" lon="-123.78892">
        <ele>181.0</ele>
        <time>2021-08-28T23:00:48Z</time>
      </trkpt>
      <trkpt lat="48.05888" lon="-123.78898">
        <ele>181.0</ele>
        <time>2021-08-28T23:00:51Z</time>
      </trkpt>
      <trkpt lat="48.05888" lon="-123.78902">
        <ele>181.0</ele>
        <time>2021-08-28T23:00:53Z</time>
      </trkpt>
      <trkpt lat="48.0589" lon="-123.78908">
        <ele>181.0</ele>
        <time>2021-08-28T23:00:56Z</time>
      </trkpt>
      <trkpt lat="48.05892" lon="-123.78912">
        <ele>181.0</ele>
        <time>2021-08-28T23:00:59Z</time>
      </trkpt>
      <trkpt lat="48.05893" lon="-123.78916">
        <ele>181.0</ele>
        <time>2021-08-28T23:01:02Z</time>
      </trkpt>
      <trkpt lat="48.05893" lon="-123.78921">
        <ele>181.0</ele>
        <time>2021-08-28T23:01:05Z</time>
      </trkpt>
      <trkpt lat="48.05892" lon="-123.78925">
        <ele>181.0</ele>
        <time>2021-08-28T23:01:08Z</time>
      </trkpt>
      <trkpt lat="48.0589" lon="-123.78927">
        <ele>181.0</ele>
        <time>2021-08-28T23:01:11Z</time>
      </trkpt>
      <trkpt lat="48.05889" lon="-123.78932">
        <ele>181.0</ele>
        <time>2021-08-28T23:01:17Z</time>
      </trkpt>
      <trkpt lat="48.05889" lon="-123.78936">
        <ele>181.0</ele>
        <time>2021-08-28T23:01:20Z</time>
      </trkpt>
      <trkpt lat="48.0589" lon="-123.78942">
        <ele>181.0</ele>
        <time>2021-08-28T23:01:23Z</time>
      </trkpt>
      <trkpt lat="48.05891" lon="-123.78946">
        <ele>181.0</ele>
        <time>2021-08-28T23:01:27Z</time>
      </trkpt>
      <trkpt lat="48.05891" lon="-123.78951">
        <ele>181.0</ele>
        <time>2021-08-28T23:01:30Z</time>
      </trkpt>
      <trkpt lat="48.0589" lon="-123.78955">
        <ele>181.0</ele>
        <time>2021-08-28T23:01:33Z</time>
      </trkpt>
      <trkpt lat="48.05889" lon="-123.78959">
        <ele>181.0</ele>
        <time>2021-08-28T23:01:35Z</time>
      </trkpt>
      <trkpt lat="48.05888" lon="-123.78965">
        <ele>181.0</ele>
        <time>2021-08-28T23:01:38Z</time>
      </trkpt>
      <trkpt lat="48.05885" lon="-123.78968">
        <ele>181.0</ele>
        <time>2021-08-28T23:01:40Z</time>
      </trkpt>
      <trkpt lat="48.05883" lon="-123.78972">
        <ele>181.0</ele>
        <time>2021-08-28T23:01:42Z</time>
      </trkpt>
      <trkpt lat="48.05881" lon="-123.78975">
        <ele>181.0</ele>
        <time>2021-08-28T23:01:45Z</time>
      </trkpt>
      <trkpt lat="48.05879" lon="-123.78978">
        <ele>181.07</ele>
        <time>2021-08-28T23:01:49Z</time>
      </trkpt>
      <trkpt lat="48.05877" lon="-123.78982">
        <ele>181.27</ele>
        <time>2021-08-28T23:01:52Z</time>
      </trkpt>
      <trkpt lat="48.0588" lon="-123.78984">
        <ele>181.0</ele>
        <time>2021-08-28T23:01:56Z</time>
      </trkpt>
      <trkpt lat="48.05883" lon="-123.78984">
        <ele>181.0</ele>
        <time>2021-08-28T23:01:57Z</time>
      </trkpt>
      <trkpt lat="48.05878" lon="-123.78984">
        <ele>181.13</ele>
        <time>2021-08-28T23:02:11Z</time>
      </trkpt>
      <trkpt lat="48.05875" lon="-123.7898">
        <ele>181.5</ele>
        <time>2021-08-28T23:02:13Z</time>
      </trkpt>
      <trkpt lat="48.05871" lon="-123.78973">
        <ele>181.93</ele>
        <time>2021-08-28T23:02:15Z</time>
      </trkpt>
      <trkpt lat="48.05869" lon="-123.78968">
        <ele>181.61</ele>
        <time>2021-08-28T23:02:17Z</time>
      </trkpt>
      <trkpt lat="48.0587" lon="-123.78973">
        <ele>182.0</ele>
        <time>2021-08-28T23:02:31Z</time>
      </trkpt>
      <trkpt lat="48.05872" lon="-123.78977">
        <ele>181.82</ele>
        <time>2021-08-28T23:02:33Z</time>
      </trkpt>
      <trkpt lat="48.05876" lon="-123.78984">
        <ele>181.29</ele>
        <time>2021-08-28T23:02:35Z</time>
      </trkpt>
      <trkpt lat="48.05878" lon="-123.78987">
        <ele>181.07</ele>
        <time>2021-08-28T23:02:36Z</time>
      </trkpt>
      <trkpt lat="48.05881" lon="-123.78988">
        <ele>181.0</ele>
        <time>2021-08-28T23:02:38Z</time>
      </trkpt>
      <trkpt lat="48.05878" lon="-123.78988">
        <ele>181.05</ele>
        <time>2021-08-28T23:02:52Z</time>
      </trkpt>
      <trkpt lat="48.05875" lon="-123.78987">
        <ele>181.2</ele>
        <time>2021-08-28T23:02:57Z</time>
      </trkpt>
      <trkpt lat="48.05873" lon="-123.78984">
        <ele>181.52</ele>
        <time>2021-08-28T23:03:01Z</time>
      </trkpt>
      <trkpt lat="48.0587" lon="-123.78983">
        <ele>181.84</ele>
        <time>2021-08-28T23:03:08Z</time>
      </trkpt>
      <trkpt lat="48.05871" lon="-123.78988">
        <ele>181.28</ele>
        <time>2021-08-28T23:03:18Z</time>
      </trkpt>
      <trkpt lat="48.05873" lon="-123.78992">
        <ele>181.0</ele>
        <time>2021-08-28T23:03:21Z</time>
      </trkpt>
      <trkpt lat="48.0587" lon="-123.78991">
        <ele>181.04</ele>
        <time>2021-08-28T23:03:27Z</time>
      </trkpt>
      <trkpt lat="48.05867" lon="-123.78992">
        <ele>181.36</ele>
        <time>2021-08-28T23:03:40Z</time>
      </trkpt>
      <trkpt lat="48.05866" lon="-123.78988">
        <ele>181.63</ele>
        <time>2021-08-28T23:03:53Z</time>
      </trkpt>
      <trkpt lat="48.05864" lon="-123.7899">
        <ele>181.71</ele>
        <time>2021-08-28T23:03:59Z</time>
      </trkpt>
      <trkpt lat="48.05862" lon="-123.78987">
        <ele>181.94</ele>
        <time>2021-08-28T23:04:14Z</time>
      </trkpt>
      <trkpt lat="48.05865" lon="-123.7899">
        <ele>181.61</ele>
        <time>2021-08-28T23:04:21Z</time>
      </trkpt>
      <trkpt lat="48.05867" lon="-123.78992">
        <ele>181.36</ele>
        <time>2021-08-28T23:04:25Z</time>
      </trkpt>
      <trkpt lat="48.05866" lon="-123.78996">
        <ele>181.47</ele>
        <time>2021-08-28T23:04:33Z</time>
      </trkpt>
      <trkpt lat="48.0587" lon="-123.78996">
        <ele>181.04</ele>
        <time>2021-08-28T23:04:39Z</time>
      </trkpt>
      <trkpt lat="48.05873" lon="-123.78995">
        <ele>181.0</ele>
        <time>2021-08-28T23:04:42Z</time>
      </trkpt>
      <trkpt lat="48.05876" lon="-123.78995">
        <ele>181.0</ele>
        <time>2021-08-28T23:04:46Z</time>
      </trkpt>
      <trkpt lat="48.05878" lon="-123.78996">
        <ele>181.0</ele>
        <time>2021-08-28T23:04:56Z</time>
      </trkpt>
      <trkpt lat="48.05875" lon="-123.78998">
        <ele>181.0</ele>
        <time>2021-08-28T23:05:09Z</time>
      </trkpt>
      <trkpt lat="48.05873" lon="-123.78993">
        <ele>181.0</ele>
        <time>2021-08-28T23:05:16Z</time>
      </trkpt>
      <trkpt lat="48.0587" lon="-123.78991">
        <ele>181.04</ele>
        <time>2021-08-28T23:05:18Z</time>
      </trkpt>
      <trkpt lat="48.05866" lon="-123.78991">
        <ele>181.47</ele>
        <time>2021-08-28T23:05:20Z</time>
      </trkpt>
      <trkpt lat="48.05863" lon="-123.7899">
        <ele>181.81</ele>
        <time>2021-08-28T23:05:25Z</time>
      </trkpt>
      <trkpt lat="48.05861" lon="-123.78989">
        <ele>182.0</ele>
        <time>2021-08-28T23:05:32Z</time>
      </trkpt>
      <trkpt lat="48.05856" lon="-123.78991">
        <ele>182.0</ele>
        <time>2021-08-28T23:05:52Z</time>
      </trkpt>
      <trkpt lat="48.0586" lon="-123.78991">
        <ele>182.0</ele>
        <time>2021-08-28T23:05:58Z</time>
      </trkpt>
      <trkpt lat="48.05864" lon="-123.7899">
        <ele>181.71</ele>
        <time>2021-08-28T23:06:01Z</time>
      </trkpt>
      <trkpt lat="48.05873" lon="-123.7899">
        <ele>181.06</ele>
        <time>2021-08-28T23:06:02Z</time>
      </trkpt>
      <trkpt lat="48.05876" lon="-123.7899">
        <ele>181.03</ele>
        <time>2021-08-28T23:06:04Z</time>
      </trkpt>
      </trkseg>
  </trk>
</gpx>