<?xml version="1.0"?>
<gpx xmlns="http://www.topografix.com/GPX/1/1" xmlns:xsi="http://www.w3.org/2001/XMLSchema-instance" version="1.1" creator="AllTrails.com" xsi:schemaLocation="http://www.topografix.com/GPX/1/1 http://www.topografix.com/GPX/1/1/gpx.xsd">
  <metadata>
    <name><![CDATA[Iron Peak Trail #1399]]></name>
    <desc><![CDATA[]]></desc>
    <link href="http://www.alltrails.com">
      <text>AllTrails, LLC</text>
    </link>
    <bounds minlat="47.41518" minlon="-120.93758" maxlat="47.42294" maxlon="-120.9006"/>
  </metadata>
  <trk>
    <name><![CDATA[Iron Peak Trail #1399]]></name>
    <src>AllTrails</src>
    <trkseg>
      <trkpt lat="47.42228" lon="-120.9316">
        <ele>1346.06</ele>
        <time>2021-09-04T21:59:02Z</time>
      </trkpt>
      <trkpt lat="47.42225" lon="-120.93159">
        <ele>1345.96</ele>
        <time>2021-09-04T21:59:06Z</time>
      </trkpt>
      <trkpt lat="47.42222" lon="-120.93158">
        <ele>1345.82</ele>
        <time>2021-09-04T21:59:09Z</time>
      </trkpt>
      <trkpt lat="47.42219" lon="-120.93158">
        <ele>1345.18</ele>
        <time>2021-09-04T21:59:15Z</time>
      </trkpt>
      <trkpt lat="47.42215" lon="-120.93156">
        <ele>1344.9</ele>
        <time>2021-09-04T21:59:20Z</time>
      </trkpt>
      <trkpt lat="47.42212" lon="-120.93155">
        <ele>1344.54</ele>
        <time>2021-09-04T21:59:23Z</time>
      </trkpt>
      <trkpt lat="47.4221" lon="-120.93154">
        <ele>1344.35</ele>
        <time>2021-09-04T21:59:27Z</time>
      </trkpt>
      <trkpt lat="47.42211" lon="-120.9315">
        <ele>1345.81</ele>
        <time>2021-09-04T21:59:33Z</time>
      </trkpt>
      <trkpt lat="47.42214" lon="-120.9315">
        <ele>1346.62</ele>
        <time>2021-09-04T21:59:38Z</time>
      </trkpt>
      <trkpt lat="47.42218" lon="-120.93148">
        <ele>1348.13</ele>
        <time>2021-09-04T21:59:42Z</time>
      </trkpt>
      <trkpt lat="47.4222" lon="-120.93147">
        <ele>1348.8</ele>
        <time>2021-09-04T21:59:45Z</time>
      </trkpt>
      <trkpt lat="47.42223" lon="-120.93145">
        <ele>1349.71</ele>
        <time>2021-09-04T21:59:49Z</time>
      </trkpt>
      <trkpt lat="47.42226" lon="-120.93144">
        <ele>1350.08</ele>
        <time>2021-09-04T21:59:52Z</time>
      </trkpt>
      <trkpt lat="47.42229" lon="-120.93142">
        <ele>1350.81</ele>
        <time>2021-09-04T21:59:56Z</time>
      </trkpt>
      <trkpt lat="47.42232" lon="-120.93141">
        <ele>1351.27</ele>
        <time>2021-09-04T22:00:00Z</time>
      </trkpt>
      <trkpt lat="47.42235" lon="-120.9314">
        <ele>1351.31</ele>
        <time>2021-09-04T22:00:04Z</time>
      </trkpt>
      <trkpt lat="47.42237" lon="-120.93136">
        <ele>1352.21</ele>
        <time>2021-09-04T22:00:09Z</time>
      </trkpt>
      <trkpt lat="47.42239" lon="-120.93133">
        <ele>1352.98</ele>
        <time>2021-09-04T22:00:13Z</time>
      </trkpt>
      <trkpt lat="47.42241" lon="-120.93129">
        <ele>1354.11</ele>
        <time>2021-09-04T22:00:17Z</time>
      </trkpt>
      <trkpt lat="47.42243" lon="-120.93126">
        <ele>1354.54</ele>
        <time>2021-09-04T22:00:21Z</time>
      </trkpt>
      <trkpt lat="47.42245" lon="-120.93124">
        <ele>1354.76</ele>
        <time>2021-09-04T22:00:25Z</time>
      </trkpt>
      <trkpt lat="47.42247" lon="-120.9312">
        <ele>1355.36</ele>
        <time>2021-09-04T22:00:30Z</time>
      </trkpt>
      <trkpt lat="47.4225" lon="-120.93118">
        <ele>1355.26</ele>
        <time>2021-09-04T22:00:35Z</time>
      </trkpt>
      <trkpt lat="47.42252" lon="-120.93115">
        <ele>1355.49</ele>
        <time>2021-09-04T22:00:39Z</time>
      </trkpt>
      <trkpt lat="47.42254" lon="-120.93112">
        <ele>1355.86</ele>
        <time>2021-09-04T22:00:43Z</time>
      </trkpt>
      <trkpt lat="47.42256" lon="-120.9311">
        <ele>1356.24</ele>
        <time>2021-09-04T22:00:47Z</time>
      </trkpt>
      <trkpt lat="47.42259" lon="-120.93108">
        <ele>1356.67</ele>
        <time>2021-09-04T22:00:51Z</time>
      </trkpt>
      <trkpt lat="47.42261" lon="-120.93106">
        <ele>1357.1</ele>
        <time>2021-09-04T22:00:57Z</time>
      </trkpt>
      <trkpt lat="47.42264" lon="-120.93104">
        <ele>1357.54</ele>
        <time>2021-09-04T22:01:02Z</time>
      </trkpt>
      <trkpt lat="47.42267" lon="-120.93102">
        <ele>1357.97</ele>
        <time>2021-09-04T22:01:09Z</time>
      </trkpt>
      <trkpt lat="47.42269" lon="-120.931">
        <ele>1358.4</ele>
        <time>2021-09-04T22:01:15Z</time>
      </trkpt>
      <trkpt lat="47.42271" lon="-120.93096">
        <ele>1359.26</ele>
        <time>2021-09-04T22:01:21Z</time>
      </trkpt>
      <trkpt lat="47.42273" lon="-120.93093">
        <ele>1359.91</ele>
        <time>2021-09-04T22:01:25Z</time>
      </trkpt>
      <trkpt lat="47.42275" lon="-120.93089">
        <ele>1361.05</ele>
        <time>2021-09-04T22:01:32Z</time>
      </trkpt>
      <trkpt lat="47.42277" lon="-120.93086">
        <ele>1362.08</ele>
        <time>2021-09-04T22:01:37Z</time>
      </trkpt>
      <trkpt lat="47.42278" lon="-120.93082">
        <ele>1363.29</ele>
        <time>2021-09-04T22:01:41Z</time>
      </trkpt>
      <trkpt lat="47.4228" lon="-120.93078">
        <ele>1364.15</ele>
        <time>2021-09-04T22:01:44Z</time>
      </trkpt>
      <trkpt lat="47.42282" lon="-120.93074">
        <ele>1365.02</ele>
        <time>2021-09-04T22:01:47Z</time>
      </trkpt>
      <trkpt lat="47.42283" lon="-120.93069">
        <ele>1366.1</ele>
        <time>2021-09-04T22:01:50Z</time>
      </trkpt>
      <trkpt lat="47.42285" lon="-120.93065">
        <ele>1366.96</ele>
        <time>2021-09-04T22:01:53Z</time>
      </trkpt>
      <trkpt lat="47.42287" lon="-120.93063">
        <ele>1367.39</ele>
        <time>2021-09-04T22:01:56Z</time>
      </trkpt>
      <trkpt lat="47.42288" lon="-120.93058">
        <ele>1368.37</ele>
        <time>2021-09-04T22:02:01Z</time>
      </trkpt>
      <trkpt lat="47.4229" lon="-120.93055">
        <ele>1368.8</ele>
        <time>2021-09-04T22:02:06Z</time>
      </trkpt>
      <trkpt lat="47.4229" lon="-120.93051">
        <ele>1369.66</ele>
        <time>2021-09-04T22:02:11Z</time>
      </trkpt>
      <trkpt lat="47.42289" lon="-120.93046">
        <ele>1370.85</ele>
        <time>2021-09-04T22:02:16Z</time>
      </trkpt>
      <trkpt lat="47.42287" lon="-120.93043">
        <ele>1371.71</ele>
        <time>2021-09-04T22:02:19Z</time>
      </trkpt>
      <trkpt lat="47.42284" lon="-120.93041">
        <ele>1372.14</ele>
        <time>2021-09-04T22:02:23Z</time>
      </trkpt>
      <trkpt lat="47.42281" lon="-120.93038">
        <ele>1372.79</ele>
        <time>2021-09-04T22:02:26Z</time>
      </trkpt>
      <trkpt lat="47.42278" lon="-120.93036">
        <ele>1373.22</ele>
        <time>2021-09-04T22:02:30Z</time>
      </trkpt>
      <trkpt lat="47.42276" lon="-120.93034">
        <ele>1373.66</ele>
        <time>2021-09-04T22:02:34Z</time>
      </trkpt>
      <trkpt lat="47.42273" lon="-120.93032">
        <ele>1374.09</ele>
        <time>2021-09-04T22:02:38Z</time>
      </trkpt>
      <trkpt lat="47.4227" lon="-120.93029">
        <ele>1374.74</ele>
        <time>2021-09-04T22:02:41Z</time>
      </trkpt>
      <trkpt lat="47.42268" lon="-120.93027">
        <ele>1375.25</ele>
        <time>2021-09-04T22:02:46Z</time>
      </trkpt>
      <trkpt lat="47.42266" lon="-120.93024">
        <ele>1376.11</ele>
        <time>2021-09-04T22:02:50Z</time>
      </trkpt>
      <trkpt lat="47.42264" lon="-120.93021">
        <ele>1376.84</ele>
        <time>2021-09-04T22:02:55Z</time>
      </trkpt>
      <trkpt lat="47.42267" lon="-120.9302">
        <ele>1377.38</ele>
        <time>2021-09-04T22:03:02Z</time>
      </trkpt>
      <trkpt lat="47.4227" lon="-120.93021">
        <ele>1377.2</ele>
        <time>2021-09-04T22:03:09Z</time>
      </trkpt>
      <trkpt lat="47.42272" lon="-120.93019">
        <ele>1377.84</ele>
        <time>2021-09-04T22:03:14Z</time>
      </trkpt>
      <trkpt lat="47.42275" lon="-120.93016">
        <ele>1378.54</ele>
        <time>2021-09-04T22:03:22Z</time>
      </trkpt>
      <trkpt lat="47.42277" lon="-120.93015">
        <ele>1378.76</ele>
        <time>2021-09-04T22:03:28Z</time>
      </trkpt>
      <trkpt lat="47.4228" lon="-120.93014">
        <ele>1378.85</ele>
        <time>2021-09-04T22:03:35Z</time>
      </trkpt>
      <trkpt lat="47.42279" lon="-120.9301">
        <ele>1379.83</ele>
        <time>2021-09-04T22:03:57Z</time>
      </trkpt>
      <trkpt lat="47.42277" lon="-120.93009">
        <ele>1380.06</ele>
        <time>2021-09-04T22:04:08Z</time>
      </trkpt>
      <trkpt lat="47.42274" lon="-120.93011">
        <ele>1379.62</ele>
        <time>2021-09-04T22:04:16Z</time>
      </trkpt>
      <trkpt lat="47.42272" lon="-120.93014">
        <ele>1378.98</ele>
        <time>2021-09-04T22:04:22Z</time>
      </trkpt>
      <trkpt lat="47.42271" lon="-120.93019">
        <ele>1377.84</ele>
        <time>2021-09-04T22:04:28Z</time>
      </trkpt>
      <trkpt lat="47.4227" lon="-120.93023">
        <ele>1376.55</ele>
        <time>2021-09-04T22:04:37Z</time>
      </trkpt>
      <trkpt lat="47.42272" lon="-120.93026">
        <ele>1375.58</ele>
        <time>2021-09-04T22:04:57Z</time>
      </trkpt>
      <trkpt lat="47.42273" lon="-120.93022">
        <ele>1376.87</ele>
        <time>2021-09-04T22:05:04Z</time>
      </trkpt>
      <trkpt lat="47.42274" lon="-120.93018">
        <ele>1378.11</ele>
        <time>2021-09-04T22:05:07Z</time>
      </trkpt>
      <trkpt lat="47.42277" lon="-120.93017">
        <ele>1378.33</ele>
        <time>2021-09-04T22:05:11Z</time>
      </trkpt>
      <trkpt lat="47.4228" lon="-120.93015">
        <ele>1378.61</ele>
        <time>2021-09-04T22:05:15Z</time>
      </trkpt>
      <trkpt lat="47.42283" lon="-120.93013">
        <ele>1378.96</ele>
        <time>2021-09-04T22:05:18Z</time>
      </trkpt>
      <trkpt lat="47.42283" lon="-120.93009">
        <ele>1380.06</ele>
        <time>2021-09-04T22:05:23Z</time>
      </trkpt>
      <trkpt lat="47.4228" lon="-120.93007">
        <ele>1380.49</ele>
        <time>2021-09-04T22:05:28Z</time>
      </trkpt>
      <trkpt lat="47.42277" lon="-120.93006">
        <ele>1380.7</ele>
        <time>2021-09-04T22:05:32Z</time>
      </trkpt>
      <trkpt lat="47.42275" lon="-120.93003">
        <ele>1381.35</ele>
        <time>2021-09-04T22:05:36Z</time>
      </trkpt>
      <trkpt lat="47.42273" lon="-120.93">
        <ele>1382.0</ele>
        <time>2021-09-04T22:05:40Z</time>
      </trkpt>
      <trkpt lat="47.4227" lon="-120.92997">
        <ele>1382.97</ele>
        <time>2021-09-04T22:05:45Z</time>
      </trkpt>
      <trkpt lat="47.42268" lon="-120.92993">
        <ele>1384.23</ele>
        <time>2021-09-04T22:05:49Z</time>
      </trkpt>
      <trkpt lat="47.42264" lon="-120.92991">
        <ele>1384.44</ele>
        <time>2021-09-04T22:05:54Z</time>
      </trkpt>
      <trkpt lat="47.42262" lon="-120.92989">
        <ele>1384.86</ele>
        <time>2021-09-04T22:05:58Z</time>
      </trkpt>
      <trkpt lat="47.42261" lon="-120.92985">
        <ele>1386.05</ele>
        <time>2021-09-04T22:06:03Z</time>
      </trkpt>
      <trkpt lat="47.42259" lon="-120.92982">
        <ele>1386.78</ele>
        <time>2021-09-04T22:06:08Z</time>
      </trkpt>
      <trkpt lat="47.42255" lon="-120.92979">
        <ele>1386.74</ele>
        <time>2021-09-04T22:06:12Z</time>
      </trkpt>
      <trkpt lat="47.42253" lon="-120.92977">
        <ele>1386.94</ele>
        <time>2021-09-04T22:06:16Z</time>
      </trkpt>
      <trkpt lat="47.42254" lon="-120.92973">
        <ele>1388.22</ele>
        <time>2021-09-04T22:06:27Z</time>
      </trkpt>
      <trkpt lat="47.42257" lon="-120.92971">
        <ele>1389.12</ele>
        <time>2021-09-04T22:06:32Z</time>
      </trkpt>
      <trkpt lat="47.4226" lon="-120.92969">
        <ele>1390.12</ele>
        <time>2021-09-04T22:06:37Z</time>
      </trkpt>
      <trkpt lat="47.42262" lon="-120.92967">
        <ele>1390.99</ele>
        <time>2021-09-04T22:06:42Z</time>
      </trkpt>
      <trkpt lat="47.42265" lon="-120.92965">
        <ele>1391.96</ele>
        <time>2021-09-04T22:06:58Z</time>
      </trkpt>
      <trkpt lat="47.42266" lon="-120.92962">
        <ele>1392.94</ele>
        <time>2021-09-04T22:07:04Z</time>
      </trkpt>
      <trkpt lat="47.42269" lon="-120.9296">
        <ele>1393.64</ele>
        <time>2021-09-04T22:07:10Z</time>
      </trkpt>
      <trkpt lat="47.42272" lon="-120.9296">
        <ele>1393.64</ele>
        <time>2021-09-04T22:07:18Z</time>
      </trkpt>
      <trkpt lat="47.42275" lon="-120.92961">
        <ele>1393.42</ele>
        <time>2021-09-04T22:07:23Z</time>
      </trkpt>
      <trkpt lat="47.42277" lon="-120.92958">
        <ele>1394.07</ele>
        <time>2021-09-04T22:07:29Z</time>
      </trkpt>
      <trkpt lat="47.42279" lon="-120.92955">
        <ele>1394.32</ele>
        <time>2021-09-04T22:07:35Z</time>
      </trkpt>
      <trkpt lat="47.42282" lon="-120.92953">
        <ele>1393.78</ele>
        <time>2021-09-04T22:07:40Z</time>
      </trkpt>
      <trkpt lat="47.42284" lon="-120.9295">
        <ele>1393.78</ele>
        <time>2021-09-04T22:07:44Z</time>
      </trkpt>
      <trkpt lat="47.42286" lon="-120.92946">
        <ele>1394.0</ele>
        <time>2021-09-04T22:07:48Z</time>
      </trkpt>
      <trkpt lat="47.42288" lon="-120.92943">
        <ele>1393.72</ele>
        <time>2021-09-04T22:07:54Z</time>
      </trkpt>
      <trkpt lat="47.4229" lon="-120.92942">
        <ele>1392.47</ele>
        <time>2021-09-04T22:08:07Z</time>
      </trkpt>
      <trkpt lat="47.42292" lon="-120.92938">
        <ele>1391.96</ele>
        <time>2021-09-04T22:08:21Z</time>
      </trkpt>
      <trkpt lat="47.42289" lon="-120.92936">
        <ele>1395.06</ele>
        <time>2021-09-04T22:08:26Z</time>
      </trkpt>
      <trkpt lat="47.42286" lon="-120.92935">
        <ele>1397.4</ele>
        <time>2021-09-04T22:08:28Z</time>
      </trkpt>
      <trkpt lat="47.42283" lon="-120.92935">
        <ele>1398.37</ele>
        <time>2021-09-04T22:08:32Z</time>
      </trkpt>
      <trkpt lat="47.4228" lon="-120.92933">
        <ele>1399.99</ele>
        <time>2021-09-04T22:08:37Z</time>
      </trkpt>
      <trkpt lat="47.42277" lon="-120.92931">
        <ele>1401.32</ele>
        <time>2021-09-04T22:08:42Z</time>
      </trkpt>
      <trkpt lat="47.42275" lon="-120.92929">
        <ele>1401.8</ele>
        <time>2021-09-04T22:08:47Z</time>
      </trkpt>
      <trkpt lat="47.42273" lon="-120.92926">
        <ele>1402.46</ele>
        <time>2021-09-04T22:08:52Z</time>
      </trkpt>
      <trkpt lat="47.42271" lon="-120.92923">
        <ele>1403.22</ele>
        <time>2021-09-04T22:08:56Z</time>
      </trkpt>
      <trkpt lat="47.42268" lon="-120.9292">
        <ele>1403.86</ele>
        <time>2021-09-04T22:09:01Z</time>
      </trkpt>
      <trkpt lat="47.42266" lon="-120.92916">
        <ele>1404.89</ele>
        <time>2021-09-04T22:09:06Z</time>
      </trkpt>
      <trkpt lat="47.42264" lon="-120.92913">
        <ele>1405.5</ele>
        <time>2021-09-04T22:09:12Z</time>
      </trkpt>
      <trkpt lat="47.42262" lon="-120.92911">
        <ele>1405.95</ele>
        <time>2021-09-04T22:09:17Z</time>
      </trkpt>
      <trkpt lat="47.4226" lon="-120.92907">
        <ele>1407.13</ele>
        <time>2021-09-04T22:09:21Z</time>
      </trkpt>
      <trkpt lat="47.42257" lon="-120.92903">
        <ele>1408.18</ele>
        <time>2021-09-04T22:09:27Z</time>
      </trkpt>
      <trkpt lat="47.42255" lon="-120.92901">
        <ele>1408.62</ele>
        <time>2021-09-04T22:09:32Z</time>
      </trkpt>
      <trkpt lat="47.42254" lon="-120.92897">
        <ele>1409.82</ele>
        <time>2021-09-04T22:09:37Z</time>
      </trkpt>
      <trkpt lat="47.42252" lon="-120.92892">
        <ele>1411.59</ele>
        <time>2021-09-04T22:09:41Z</time>
      </trkpt>
      <trkpt lat="47.42251" lon="-120.92888">
        <ele>1413.09</ele>
        <time>2021-09-04T22:09:46Z</time>
      </trkpt>
      <trkpt lat="47.42249" lon="-120.92885">
        <ele>1413.89</ele>
        <time>2021-09-04T22:09:51Z</time>
      </trkpt>
      <trkpt lat="47.42248" lon="-120.92881">
        <ele>1414.89</ele>
        <time>2021-09-04T22:09:57Z</time>
      </trkpt>
      <trkpt lat="47.42245" lon="-120.92878">
        <ele>1415.97</ele>
        <time>2021-09-04T22:10:04Z</time>
      </trkpt>
      <trkpt lat="47.42243" lon="-120.92875">
        <ele>1416.88</ele>
        <time>2021-09-04T22:10:11Z</time>
      </trkpt>
      <trkpt lat="47.4224" lon="-120.92873">
        <ele>1417.39</ele>
        <time>2021-09-04T22:10:16Z</time>
      </trkpt>
      <trkpt lat="47.42237" lon="-120.92871">
        <ele>1417.81</ele>
        <time>2021-09-04T22:10:21Z</time>
      </trkpt>
      <trkpt lat="47.42235" lon="-120.9287">
        <ele>1418.12</ele>
        <time>2021-09-04T22:10:25Z</time>
      </trkpt>
      <trkpt lat="47.42232" lon="-120.92867">
        <ele>1419.09</ele>
        <time>2021-09-04T22:10:32Z</time>
      </trkpt>
      <trkpt lat="47.42229" lon="-120.92867">
        <ele>1418.82</ele>
        <time>2021-09-04T22:10:37Z</time>
      </trkpt>
      <trkpt lat="47.42227" lon="-120.92867">
        <ele>1418.61</ele>
        <time>2021-09-04T22:10:40Z</time>
      </trkpt>
      <trkpt lat="47.42224" lon="-120.92866">
        <ele>1418.61</ele>
        <time>2021-09-04T22:10:44Z</time>
      </trkpt>
      <trkpt lat="47.42221" lon="-120.92863">
        <ele>1418.83</ele>
        <time>2021-09-04T22:10:48Z</time>
      </trkpt>
      <trkpt lat="47.42219" lon="-120.9286">
        <ele>1418.93</ele>
        <time>2021-09-04T22:10:52Z</time>
      </trkpt>
      <trkpt lat="47.4222" lon="-120.92857">
        <ele>1420.14</ele>
        <time>2021-09-04T22:11:04Z</time>
      </trkpt>
      <trkpt lat="47.42223" lon="-120.92854">
        <ele>1421.68</ele>
        <time>2021-09-04T22:11:08Z</time>
      </trkpt>
      <trkpt lat="47.42224" lon="-120.9285">
        <ele>1422.95</ele>
        <time>2021-09-04T22:11:15Z</time>
      </trkpt>
      <trkpt lat="47.42227" lon="-120.92847">
        <ele>1424.33</ele>
        <time>2021-09-04T22:11:19Z</time>
      </trkpt>
      <trkpt lat="47.42229" lon="-120.92845">
        <ele>1425.14</ele>
        <time>2021-09-04T22:11:23Z</time>
      </trkpt>
      <trkpt lat="47.42231" lon="-120.92841">
        <ele>1426.46</ele>
        <time>2021-09-04T22:11:34Z</time>
      </trkpt>
      <trkpt lat="47.42233" lon="-120.92844">
        <ele>1425.67</ele>
        <time>2021-09-04T22:12:44Z</time>
      </trkpt>
      <trkpt lat="47.4223" lon="-120.92844">
        <ele>1425.51</ele>
        <time>2021-09-04T22:13:16Z</time>
      </trkpt>
      <trkpt lat="47.42227" lon="-120.92843">
        <ele>1425.41</ele>
        <time>2021-09-04T22:13:27Z</time>
      </trkpt>
      <trkpt lat="47.4223" lon="-120.92842">
        <ele>1426.03</ele>
        <time>2021-09-04T22:13:55Z</time>
      </trkpt>
      <trkpt lat="47.42233" lon="-120.92845">
        <ele>1425.44</ele>
        <time>2021-09-04T22:14:45Z</time>
      </trkpt>
      <trkpt lat="47.42233" lon="-120.92841">
        <ele>1426.49</ele>
        <time>2021-09-04T22:16:45Z</time>
      </trkpt>
      <trkpt lat="47.42231" lon="-120.92839">
        <ele>1427.11</ele>
        <time>2021-09-04T22:16:58Z</time>
      </trkpt>
      <trkpt lat="47.42233" lon="-120.92842">
        <ele>1426.18</ele>
        <time>2021-09-04T22:17:11Z</time>
      </trkpt>
      <trkpt lat="47.4223" lon="-120.92841">
        <ele>1426.36</ele>
        <time>2021-09-04T22:17:53Z</time>
      </trkpt>
      <trkpt lat="47.42231" lon="-120.92845">
        <ele>1425.41</ele>
        <time>2021-09-04T22:18:10Z</time>
      </trkpt>
      <trkpt lat="47.42232" lon="-120.92841">
        <ele>1426.51</ele>
        <time>2021-09-04T22:19:19Z</time>
      </trkpt>
      <trkpt lat="47.42235" lon="-120.92839">
        <ele>1427.02</ele>
        <time>2021-09-04T22:19:27Z</time>
      </trkpt>
      <trkpt lat="47.42238" lon="-120.92839">
        <ele>1426.89</ele>
        <time>2021-09-04T22:19:31Z</time>
      </trkpt>
      <trkpt lat="47.42241" lon="-120.92838">
        <ele>1426.94</ele>
        <time>2021-09-04T22:19:37Z</time>
      </trkpt>
      <trkpt lat="47.42243" lon="-120.92839">
        <ele>1426.29</ele>
        <time>2021-09-04T22:19:41Z</time>
      </trkpt>
      <trkpt lat="47.42247" lon="-120.9284">
        <ele>1425.21</ele>
        <time>2021-09-04T22:19:45Z</time>
      </trkpt>
      <trkpt lat="47.4225" lon="-120.92841">
        <ele>1424.34</ele>
        <time>2021-09-04T22:19:51Z</time>
      </trkpt>
      <trkpt lat="47.42253" lon="-120.9284">
        <ele>1423.82</ele>
        <time>2021-09-04T22:20:00Z</time>
      </trkpt>
      <trkpt lat="47.42256" lon="-120.92839">
        <ele>1423.23</ele>
        <time>2021-09-04T22:20:06Z</time>
      </trkpt>
      <trkpt lat="47.42257" lon="-120.92835">
        <ele>1423.51</ele>
        <time>2021-09-04T22:20:12Z</time>
      </trkpt>
      <trkpt lat="47.42256" lon="-120.92831">
        <ele>1424.56</ele>
        <time>2021-09-04T22:20:16Z</time>
      </trkpt>
      <trkpt lat="47.42254" lon="-120.92828">
        <ele>1425.86</ele>
        <time>2021-09-04T22:20:20Z</time>
      </trkpt>
      <trkpt lat="47.42252" lon="-120.92824">
        <ele>1427.36</ele>
        <time>2021-09-04T22:20:24Z</time>
      </trkpt>
      <trkpt lat="47.42253" lon="-120.92819">
        <ele>1427.58</ele>
        <time>2021-09-04T22:20:29Z</time>
      </trkpt>
      <trkpt lat="47.42255" lon="-120.92815">
        <ele>1427.36</ele>
        <time>2021-09-04T22:20:33Z</time>
      </trkpt>
      <trkpt lat="47.42254" lon="-120.9281">
        <ele>1428.74</ele>
        <time>2021-09-04T22:20:37Z</time>
      </trkpt>
      <trkpt lat="47.42255" lon="-120.92806">
        <ele>1429.28</ele>
        <time>2021-09-04T22:20:43Z</time>
      </trkpt>
      <trkpt lat="47.42255" lon="-120.92801">
        <ele>1430.36</ele>
        <time>2021-09-04T22:20:48Z</time>
      </trkpt>
      <trkpt lat="47.42255" lon="-120.92796">
        <ele>1431.43</ele>
        <time>2021-09-04T22:20:53Z</time>
      </trkpt>
      <trkpt lat="47.42255" lon="-120.92792">
        <ele>1432.06</ele>
        <time>2021-09-04T22:20:57Z</time>
      </trkpt>
      <trkpt lat="47.42256" lon="-120.92788">
        <ele>1432.27</ele>
        <time>2021-09-04T22:21:01Z</time>
      </trkpt>
      <trkpt lat="47.42258" lon="-120.92784">
        <ele>1432.2</ele>
        <time>2021-09-04T22:21:05Z</time>
      </trkpt>
      <trkpt lat="47.42259" lon="-120.92781">
        <ele>1432.42</ele>
        <time>2021-09-04T22:21:09Z</time>
      </trkpt>
      <trkpt lat="47.4226" lon="-120.92776">
        <ele>1432.87</ele>
        <time>2021-09-04T22:21:13Z</time>
      </trkpt>
      <trkpt lat="47.42261" lon="-120.92772">
        <ele>1432.87</ele>
        <time>2021-09-04T22:21:17Z</time>
      </trkpt>
      <trkpt lat="47.42263" lon="-120.92767">
        <ele>1432.65</ele>
        <time>2021-09-04T22:21:22Z</time>
      </trkpt>
      <trkpt lat="47.42264" lon="-120.92763">
        <ele>1432.84</ele>
        <time>2021-09-04T22:21:27Z</time>
      </trkpt>
      <trkpt lat="47.42261" lon="-120.92763">
        <ele>1434.33</ele>
        <time>2021-09-04T22:21:32Z</time>
      </trkpt>
      <trkpt lat="47.42258" lon="-120.92765">
        <ele>1435.39</ele>
        <time>2021-09-04T22:21:37Z</time>
      </trkpt>
      <trkpt lat="47.42255" lon="-120.92765">
        <ele>1436.89</ele>
        <time>2021-09-04T22:21:42Z</time>
      </trkpt>
      <trkpt lat="47.42252" lon="-120.92765">
        <ele>1438.38</ele>
        <time>2021-09-04T22:21:46Z</time>
      </trkpt>
      <trkpt lat="47.42249" lon="-120.92765">
        <ele>1439.7</ele>
        <time>2021-09-04T22:21:50Z</time>
      </trkpt>
      <trkpt lat="47.42246" lon="-120.92766">
        <ele>1440.57</ele>
        <time>2021-09-04T22:21:54Z</time>
      </trkpt>
      <trkpt lat="47.42243" lon="-120.92767">
        <ele>1441.43</ele>
        <time>2021-09-04T22:21:57Z</time>
      </trkpt>
      <trkpt lat="47.4224" lon="-120.92766">
        <ele>1442.45</ele>
        <time>2021-09-04T22:22:01Z</time>
      </trkpt>
      <trkpt lat="47.42237" lon="-120.92767">
        <ele>1443.04</ele>
        <time>2021-09-04T22:22:05Z</time>
      </trkpt>
      <trkpt lat="47.42234" lon="-120.92768">
        <ele>1443.55</ele>
        <time>2021-09-04T22:22:09Z</time>
      </trkpt>
      <trkpt lat="47.4223" lon="-120.92768">
        <ele>1444.28</ele>
        <time>2021-09-04T22:22:13Z</time>
      </trkpt>
      <trkpt lat="47.42227" lon="-120.92769">
        <ele>1444.38</ele>
        <time>2021-09-04T22:22:17Z</time>
      </trkpt>
      <trkpt lat="47.42224" lon="-120.92769">
        <ele>1444.7</ele>
        <time>2021-09-04T22:22:21Z</time>
      </trkpt>
      <trkpt lat="47.42221" lon="-120.9277">
        <ele>1444.79</ele>
        <time>2021-09-04T22:22:25Z</time>
      </trkpt>
      <trkpt lat="47.42218" lon="-120.9277">
        <ele>1445.06</ele>
        <time>2021-09-04T22:22:29Z</time>
      </trkpt>
      <trkpt lat="47.42216" lon="-120.9277">
        <ele>1445.24</ele>
        <time>2021-09-04T22:22:33Z</time>
      </trkpt>
      <trkpt lat="47.42212" lon="-120.92769">
        <ele>1445.84</ele>
        <time>2021-09-04T22:22:38Z</time>
      </trkpt>
      <trkpt lat="47.42209" lon="-120.92767">
        <ele>1446.56</ele>
        <time>2021-09-04T22:22:42Z</time>
      </trkpt>
      <trkpt lat="47.42209" lon="-120.92763">
        <ele>1448.04</ele>
        <time>2021-09-04T22:22:48Z</time>
      </trkpt>
      <trkpt lat="47.42211" lon="-120.9276">
        <ele>1448.96</ele>
        <time>2021-09-04T22:22:53Z</time>
      </trkpt>
      <trkpt lat="47.42213" lon="-120.92756">
        <ele>1450.05</ele>
        <time>2021-09-04T22:22:57Z</time>
      </trkpt>
      <trkpt lat="47.42215" lon="-120.92753">
        <ele>1450.66</ele>
        <time>2021-09-04T22:23:01Z</time>
      </trkpt>
      <trkpt lat="47.42218" lon="-120.9275">
        <ele>1450.91</ele>
        <time>2021-09-04T22:23:05Z</time>
      </trkpt>
      <trkpt lat="47.4222" lon="-120.92747">
        <ele>1451.13</ele>
        <time>2021-09-04T22:23:08Z</time>
      </trkpt>
      <trkpt lat="47.42222" lon="-120.92744">
        <ele>1451.34</ele>
        <time>2021-09-04T22:23:13Z</time>
      </trkpt>
      <trkpt lat="47.42225" lon="-120.9274">
        <ele>1451.26</ele>
        <time>2021-09-04T22:23:17Z</time>
      </trkpt>
      <trkpt lat="47.42226" lon="-120.92737">
        <ele>1451.58</ele>
        <time>2021-09-04T22:23:20Z</time>
      </trkpt>
      <trkpt lat="47.42227" lon="-120.92732">
        <ele>1452.34</ele>
        <time>2021-09-04T22:23:26Z</time>
      </trkpt>
      <trkpt lat="47.42229" lon="-120.92729">
        <ele>1452.07</ele>
        <time>2021-09-04T22:23:30Z</time>
      </trkpt>
      <trkpt lat="47.42231" lon="-120.92726">
        <ele>1451.75</ele>
        <time>2021-09-04T22:23:34Z</time>
      </trkpt>
      <trkpt lat="47.42233" lon="-120.92722">
        <ele>1451.56</ele>
        <time>2021-09-04T22:23:38Z</time>
      </trkpt>
      <trkpt lat="47.42234" lon="-120.92718">
        <ele>1452.1</ele>
        <time>2021-09-04T22:23:42Z</time>
      </trkpt>
      <trkpt lat="47.42233" lon="-120.92714">
        <ele>1453.28</ele>
        <time>2021-09-04T22:23:48Z</time>
      </trkpt>
      <trkpt lat="47.4223" lon="-120.92715">
        <ele>1453.92</ele>
        <time>2021-09-04T22:23:52Z</time>
      </trkpt>
      <trkpt lat="47.42227" lon="-120.92714">
        <ele>1454.8</ele>
        <time>2021-09-04T22:23:57Z</time>
      </trkpt>
      <trkpt lat="47.42224" lon="-120.92713">
        <ele>1455.61</ele>
        <time>2021-09-04T22:24:01Z</time>
      </trkpt>
      <trkpt lat="47.42221" lon="-120.92713">
        <ele>1456.39</ele>
        <time>2021-09-04T22:24:04Z</time>
      </trkpt>
      <trkpt lat="47.42218" lon="-120.92713">
        <ele>1457.36</ele>
        <time>2021-09-04T22:24:08Z</time>
      </trkpt>
      <trkpt lat="47.42214" lon="-120.92713">
        <ele>1458.66</ele>
        <time>2021-09-04T22:24:12Z</time>
      </trkpt>
      <trkpt lat="47.42211" lon="-120.92712">
        <ele>1459.34</ele>
        <time>2021-09-04T22:24:17Z</time>
      </trkpt>
      <trkpt lat="47.42208" lon="-120.92712">
        <ele>1459.7</ele>
        <time>2021-09-04T22:24:21Z</time>
      </trkpt>
      <trkpt lat="47.42205" lon="-120.92713">
        <ele>1459.85</ele>
        <time>2021-09-04T22:24:25Z</time>
      </trkpt>
      <trkpt lat="47.42201" lon="-120.92712">
        <ele>1460.79</ele>
        <time>2021-09-04T22:24:29Z</time>
      </trkpt>
      <trkpt lat="47.42198" lon="-120.92713">
        <ele>1461.22</ele>
        <time>2021-09-04T22:24:33Z</time>
      </trkpt>
      <trkpt lat="47.42195" lon="-120.92714">
        <ele>1461.66</ele>
        <time>2021-09-04T22:24:37Z</time>
      </trkpt>
      <trkpt lat="47.42193" lon="-120.92715">
        <ele>1461.84</ele>
        <time>2021-09-04T22:24:41Z</time>
      </trkpt>
      <trkpt lat="47.4219" lon="-120.92716">
        <ele>1462.15</ele>
        <time>2021-09-04T22:24:44Z</time>
      </trkpt>
      <trkpt lat="47.42187" lon="-120.92716">
        <ele>1462.69</ele>
        <time>2021-09-04T22:24:47Z</time>
      </trkpt>
      <trkpt lat="47.42184" lon="-120.92717">
        <ele>1462.76</ele>
        <time>2021-09-04T22:24:50Z</time>
      </trkpt>
      <trkpt lat="47.42181" lon="-120.92719">
        <ele>1462.2</ele>
        <time>2021-09-04T22:24:53Z</time>
      </trkpt>
      <trkpt lat="47.42178" lon="-120.92719">
        <ele>1462.31</ele>
        <time>2021-09-04T22:24:56Z</time>
      </trkpt>
      <trkpt lat="47.42175" lon="-120.9272">
        <ele>1461.96</ele>
        <time>2021-09-04T22:25:00Z</time>
      </trkpt>
      <trkpt lat="47.42172" lon="-120.9272">
        <ele>1461.96</ele>
        <time>2021-09-04T22:25:04Z</time>
      </trkpt>
      <trkpt lat="47.42169" lon="-120.92722">
        <ele>1461.1</ele>
        <time>2021-09-04T22:25:08Z</time>
      </trkpt>
      <trkpt lat="47.42166" lon="-120.92722">
        <ele>1461.02</ele>
        <time>2021-09-04T22:25:12Z</time>
      </trkpt>
      <trkpt lat="47.42163" lon="-120.92721">
        <ele>1461.13</ele>
        <time>2021-09-04T22:25:17Z</time>
      </trkpt>
      <trkpt lat="47.42161" lon="-120.92719">
        <ele>1461.78</ele>
        <time>2021-09-04T22:25:26Z</time>
      </trkpt>
      <trkpt lat="47.42158" lon="-120.92718">
        <ele>1461.89</ele>
        <time>2021-09-04T22:25:30Z</time>
      </trkpt>
      <trkpt lat="47.42155" lon="-120.92718">
        <ele>1461.85</ele>
        <time>2021-09-04T22:25:34Z</time>
      </trkpt>
      <trkpt lat="47.42152" lon="-120.92717">
        <ele>1462.18</ele>
        <time>2021-09-04T22:25:38Z</time>
      </trkpt>
      <trkpt lat="47.42148" lon="-120.92716">
        <ele>1462.37</ele>
        <time>2021-09-04T22:25:42Z</time>
      </trkpt>
      <trkpt lat="47.42146" lon="-120.92714">
        <ele>1463.03</ele>
        <time>2021-09-04T22:25:46Z</time>
      </trkpt>
      <trkpt lat="47.42143" lon="-120.92713">
        <ele>1463.55</ele>
        <time>2021-09-04T22:25:50Z</time>
      </trkpt>
      <trkpt lat="47.4214" lon="-120.9271">
        <ele>1464.56</ele>
        <time>2021-09-04T22:25:56Z</time>
      </trkpt>
      <trkpt lat="47.42138" lon="-120.92708">
        <ele>1465.31</ele>
        <time>2021-09-04T22:26:00Z</time>
      </trkpt>
      <trkpt lat="47.42135" lon="-120.92705">
        <ele>1466.62</ele>
        <time>2021-09-04T22:26:05Z</time>
      </trkpt>
      <trkpt lat="47.42133" lon="-120.92702">
        <ele>1467.52</ele>
        <time>2021-09-04T22:26:10Z</time>
      </trkpt>
      <trkpt lat="47.42131" lon="-120.92699">
        <ele>1468.29</ele>
        <time>2021-09-04T22:26:14Z</time>
      </trkpt>
      <trkpt lat="47.42129" lon="-120.92696">
        <ele>1468.9</ele>
        <time>2021-09-04T22:26:17Z</time>
      </trkpt>
      <trkpt lat="47.42126" lon="-120.92692">
        <ele>1469.92</ele>
        <time>2021-09-04T22:26:21Z</time>
      </trkpt>
      <trkpt lat="47.42124" lon="-120.9269">
        <ele>1470.57</ele>
        <time>2021-09-04T22:26:25Z</time>
      </trkpt>
      <trkpt lat="47.42121" lon="-120.92688">
        <ele>1471.32</ele>
        <time>2021-09-04T22:26:30Z</time>
      </trkpt>
      <trkpt lat="47.42119" lon="-120.92684">
        <ele>1472.28</ele>
        <time>2021-09-04T22:26:33Z</time>
      </trkpt>
      <trkpt lat="47.42118" lon="-120.9268">
        <ele>1472.82</ele>
        <time>2021-09-04T22:26:36Z</time>
      </trkpt>
      <trkpt lat="47.42121" lon="-120.92679">
        <ele>1472.65</ele>
        <time>2021-09-04T22:26:44Z</time>
      </trkpt>
      <trkpt lat="47.42124" lon="-120.92678">
        <ele>1472.69</ele>
        <time>2021-09-04T22:26:47Z</time>
      </trkpt>
      <trkpt lat="47.42126" lon="-120.92677">
        <ele>1472.81</ele>
        <time>2021-09-04T22:26:50Z</time>
      </trkpt>
      <trkpt lat="47.42129" lon="-120.92675">
        <ele>1473.1</ele>
        <time>2021-09-04T22:26:53Z</time>
      </trkpt>
      <trkpt lat="47.42131" lon="-120.92672">
        <ele>1473.49</ele>
        <time>2021-09-04T22:26:57Z</time>
      </trkpt>
      <trkpt lat="47.42134" lon="-120.92669">
        <ele>1474.1</ele>
        <time>2021-09-04T22:27:02Z</time>
      </trkpt>
      <trkpt lat="47.42136" lon="-120.92666">
        <ele>1474.76</ele>
        <time>2021-09-04T22:27:05Z</time>
      </trkpt>
      <trkpt lat="47.42138" lon="-120.92663">
        <ele>1475.3</ele>
        <time>2021-09-04T22:27:09Z</time>
      </trkpt>
      <trkpt lat="47.42141" lon="-120.92661">
        <ele>1475.75</ele>
        <time>2021-09-04T22:27:13Z</time>
      </trkpt>
      <trkpt lat="47.42143" lon="-120.92658">
        <ele>1476.35</ele>
        <time>2021-09-04T22:27:17Z</time>
      </trkpt>
      <trkpt lat="47.42146" lon="-120.92656">
        <ele>1476.96</ele>
        <time>2021-09-04T22:27:21Z</time>
      </trkpt>
      <trkpt lat="47.42149" lon="-120.92654">
        <ele>1477.4</ele>
        <time>2021-09-04T22:27:26Z</time>
      </trkpt>
      <trkpt lat="47.42152" lon="-120.92654">
        <ele>1477.52</ele>
        <time>2021-09-04T22:27:32Z</time>
      </trkpt>
      <trkpt lat="47.42154" lon="-120.9265">
        <ele>1478.31</ele>
        <time>2021-09-04T22:27:39Z</time>
      </trkpt>
      <trkpt lat="47.42155" lon="-120.92646">
        <ele>1479.03</ele>
        <time>2021-09-04T22:27:42Z</time>
      </trkpt>
      <trkpt lat="47.42152" lon="-120.92643">
        <ele>1479.3</ele>
        <time>2021-09-04T22:27:45Z</time>
      </trkpt>
      <trkpt lat="47.4215" lon="-120.92642">
        <ele>1479.4</ele>
        <time>2021-09-04T22:27:47Z</time>
      </trkpt>
      <trkpt lat="47.42147" lon="-120.92642">
        <ele>1479.33</ele>
        <time>2021-09-04T22:27:49Z</time>
      </trkpt>
      <trkpt lat="47.42143" lon="-120.9264">
        <ele>1479.76</ele>
        <time>2021-09-04T22:27:52Z</time>
      </trkpt>
      <trkpt lat="47.4214" lon="-120.92639">
        <ele>1479.98</ele>
        <time>2021-09-04T22:27:55Z</time>
      </trkpt>
      <trkpt lat="47.42137" lon="-120.92638">
        <ele>1480.01</ele>
        <time>2021-09-04T22:27:59Z</time>
      </trkpt>
      <trkpt lat="47.42134" lon="-120.92637">
        <ele>1479.99</ele>
        <time>2021-09-04T22:28:02Z</time>
      </trkpt>
      <trkpt lat="47.42131" lon="-120.92636">
        <ele>1480.04</ele>
        <time>2021-09-04T22:28:05Z</time>
      </trkpt>
      <trkpt lat="47.42128" lon="-120.92634">
        <ele>1480.49</ele>
        <time>2021-09-04T22:28:08Z</time>
      </trkpt>
      <trkpt lat="47.42125" lon="-120.92633">
        <ele>1480.59</ele>
        <time>2021-09-04T22:28:11Z</time>
      </trkpt>
      <trkpt lat="47.42122" lon="-120.92633">
        <ele>1480.38</ele>
        <time>2021-09-04T22:28:14Z</time>
      </trkpt>
      <trkpt lat="47.42119" lon="-120.92632">
        <ele>1480.49</ele>
        <time>2021-09-04T22:28:18Z</time>
      </trkpt>
      <trkpt lat="47.42116" lon="-120.92629">
        <ele>1481.2</ele>
        <time>2021-09-04T22:28:22Z</time>
      </trkpt>
      <trkpt lat="47.42113" lon="-120.92627">
        <ele>1481.85</ele>
        <time>2021-09-04T22:28:26Z</time>
      </trkpt>
      <trkpt lat="47.42111" lon="-120.92623">
        <ele>1483.14</ele>
        <time>2021-09-04T22:28:30Z</time>
      </trkpt>
      <trkpt lat="47.4211" lon="-120.92619">
        <ele>1484.18</ele>
        <time>2021-09-04T22:28:34Z</time>
      </trkpt>
      <trkpt lat="47.42112" lon="-120.92615">
        <ele>1485.22</ele>
        <time>2021-09-04T22:28:39Z</time>
      </trkpt>
      <trkpt lat="47.42116" lon="-120.92615">
        <ele>1485.47</ele>
        <time>2021-09-04T22:28:43Z</time>
      </trkpt>
      <trkpt lat="47.42118" lon="-120.92613">
        <ele>1486.18</ele>
        <time>2021-09-04T22:28:49Z</time>
      </trkpt>
      <trkpt lat="47.4212" lon="-120.92611">
        <ele>1486.98</ele>
        <time>2021-09-04T22:28:53Z</time>
      </trkpt>
      <trkpt lat="47.42124" lon="-120.9261">
        <ele>1487.24</ele>
        <time>2021-09-04T22:28:57Z</time>
      </trkpt>
      <trkpt lat="47.42127" lon="-120.92608">
        <ele>1487.67</ele>
        <time>2021-09-04T22:29:01Z</time>
      </trkpt>
      <trkpt lat="47.42129" lon="-120.92607">
        <ele>1487.89</ele>
        <time>2021-09-04T22:29:07Z</time>
      </trkpt>
      <trkpt lat="47.42132" lon="-120.92605">
        <ele>1488.06</ele>
        <time>2021-09-04T22:29:11Z</time>
      </trkpt>
      <trkpt lat="47.42135" lon="-120.92605">
        <ele>1487.74</ele>
        <time>2021-09-04T22:29:14Z</time>
      </trkpt>
      <trkpt lat="47.42138" lon="-120.92604">
        <ele>1487.63</ele>
        <time>2021-09-04T22:29:17Z</time>
      </trkpt>
      <trkpt lat="47.42141" lon="-120.92603">
        <ele>1487.52</ele>
        <time>2021-09-04T22:29:20Z</time>
      </trkpt>
      <trkpt lat="47.42144" lon="-120.92603">
        <ele>1487.2</ele>
        <time>2021-09-04T22:29:23Z</time>
      </trkpt>
      <trkpt lat="47.42147" lon="-120.92603">
        <ele>1486.88</ele>
        <time>2021-09-04T22:29:26Z</time>
      </trkpt>
      <trkpt lat="47.4215" lon="-120.92602">
        <ele>1486.97</ele>
        <time>2021-09-04T22:29:30Z</time>
      </trkpt>
      <trkpt lat="47.42153" lon="-120.926">
        <ele>1487.3</ele>
        <time>2021-09-04T22:29:36Z</time>
      </trkpt>
      <trkpt lat="47.42152" lon="-120.92595">
        <ele>1488.05</ele>
        <time>2021-09-04T22:29:44Z</time>
      </trkpt>
      <trkpt lat="47.42154" lon="-120.92592">
        <ele>1488.78</ele>
        <time>2021-09-04T22:29:52Z</time>
      </trkpt>
      <trkpt lat="47.42156" lon="-120.92594">
        <ele>1488.57</ele>
        <time>2021-09-04T22:30:03Z</time>
      </trkpt>
      <trkpt lat="47.42153" lon="-120.92594">
        <ele>1488.29</ele>
        <time>2021-09-04T22:30:18Z</time>
      </trkpt>
      <trkpt lat="47.42149" lon="-120.92594">
        <ele>1487.93</ele>
        <time>2021-09-04T22:30:22Z</time>
      </trkpt>
      <trkpt lat="47.42146" lon="-120.92592">
        <ele>1488.64</ele>
        <time>2021-09-04T22:30:26Z</time>
      </trkpt>
      <trkpt lat="47.42144" lon="-120.92589">
        <ele>1489.89</ele>
        <time>2021-09-04T22:30:29Z</time>
      </trkpt>
      <trkpt lat="47.42142" lon="-120.92586">
        <ele>1490.99</ele>
        <time>2021-09-04T22:30:32Z</time>
      </trkpt>
      <trkpt lat="47.42139" lon="-120.92583">
        <ele>1492.1</ele>
        <time>2021-09-04T22:30:36Z</time>
      </trkpt>
      <trkpt lat="47.42136" lon="-120.9258">
        <ele>1493.59</ele>
        <time>2021-09-04T22:30:40Z</time>
      </trkpt>
      <trkpt lat="47.42134" lon="-120.92577">
        <ele>1494.75</ele>
        <time>2021-09-04T22:30:44Z</time>
      </trkpt>
      <trkpt lat="47.42131" lon="-120.92574">
        <ele>1495.88</ele>
        <time>2021-09-04T22:30:48Z</time>
      </trkpt>
      <trkpt lat="47.42128" lon="-120.92572">
        <ele>1496.67</ele>
        <time>2021-09-04T22:30:52Z</time>
      </trkpt>
      <trkpt lat="47.42126" lon="-120.92569">
        <ele>1497.64</ele>
        <time>2021-09-04T22:30:56Z</time>
      </trkpt>
      <trkpt lat="47.42124" lon="-120.92566">
        <ele>1498.62</ele>
        <time>2021-09-04T22:31:00Z</time>
      </trkpt>
      <trkpt lat="47.42122" lon="-120.92563">
        <ele>1499.59</ele>
        <time>2021-09-04T22:31:07Z</time>
      </trkpt>
      <trkpt lat="47.4212" lon="-120.9256">
        <ele>1500.52</ele>
        <time>2021-09-04T22:31:11Z</time>
      </trkpt>
      <trkpt lat="47.42118" lon="-120.92557">
        <ele>1501.28</ele>
        <time>2021-09-04T22:31:14Z</time>
      </trkpt>
      <trkpt lat="47.42116" lon="-120.92554">
        <ele>1501.86</ele>
        <time>2021-09-04T22:31:18Z</time>
      </trkpt>
      <trkpt lat="47.42115" lon="-120.92549">
        <ele>1502.84</ele>
        <time>2021-09-04T22:31:22Z</time>
      </trkpt>
      <trkpt lat="47.42112" lon="-120.92546">
        <ele>1503.16</ele>
        <time>2021-09-04T22:31:26Z</time>
      </trkpt>
      <trkpt lat="47.4211" lon="-120.92544">
        <ele>1503.26</ele>
        <time>2021-09-04T22:31:30Z</time>
      </trkpt>
      <trkpt lat="47.42107" lon="-120.92542">
        <ele>1503.04</ele>
        <time>2021-09-04T22:31:35Z</time>
      </trkpt>
      <trkpt lat="47.42106" lon="-120.92538">
        <ele>1503.69</ele>
        <time>2021-09-04T22:31:39Z</time>
      </trkpt>
      <trkpt lat="47.42103" lon="-120.92535">
        <ele>1503.72</ele>
        <time>2021-09-04T22:31:43Z</time>
      </trkpt>
      <trkpt lat="47.421" lon="-120.92532">
        <ele>1503.58</ele>
        <time>2021-09-04T22:31:47Z</time>
      </trkpt>
      <trkpt lat="47.42099" lon="-120.92528">
        <ele>1504.04</ele>
        <time>2021-09-04T22:31:52Z</time>
      </trkpt>
      <trkpt lat="47.42096" lon="-120.92526">
        <ele>1503.68</ele>
        <time>2021-09-04T22:31:56Z</time>
      </trkpt>
      <trkpt lat="47.42093" lon="-120.92526">
        <ele>1502.71</ele>
        <time>2021-09-04T22:32:01Z</time>
      </trkpt>
      <trkpt lat="47.42096" lon="-120.92524">
        <ele>1504.33</ele>
        <time>2021-09-04T22:32:10Z</time>
      </trkpt>
      <trkpt lat="47.421" lon="-120.92524">
        <ele>1505.62</ele>
        <time>2021-09-04T22:32:14Z</time>
      </trkpt>
      <trkpt lat="47.42103" lon="-120.92526">
        <ele>1505.92</ele>
        <time>2021-09-04T22:32:18Z</time>
      </trkpt>
      <trkpt lat="47.42105" lon="-120.92528">
        <ele>1505.96</ele>
        <time>2021-09-04T22:32:22Z</time>
      </trkpt>
      <trkpt lat="47.42109" lon="-120.92528">
        <ele>1507.25</ele>
        <time>2021-09-04T22:32:27Z</time>
      </trkpt>
      <trkpt lat="47.42112" lon="-120.92527">
        <ele>1508.26</ele>
        <time>2021-09-04T22:32:31Z</time>
      </trkpt>
      <trkpt lat="47.42116" lon="-120.92527">
        <ele>1508.7</ele>
        <time>2021-09-04T22:32:35Z</time>
      </trkpt>
      <trkpt lat="47.42118" lon="-120.92527">
        <ele>1508.91</ele>
        <time>2021-09-04T22:32:39Z</time>
      </trkpt>
      <trkpt lat="47.42121" lon="-120.92527">
        <ele>1509.24</ele>
        <time>2021-09-04T22:32:44Z</time>
      </trkpt>
      <trkpt lat="47.42124" lon="-120.92528">
        <ele>1509.33</ele>
        <time>2021-09-04T22:32:48Z</time>
      </trkpt>
      <trkpt lat="47.42127" lon="-120.9253">
        <ele>1509.06</ele>
        <time>2021-09-04T22:32:51Z</time>
      </trkpt>
      <trkpt lat="47.4213" lon="-120.9253">
        <ele>1509.32</ele>
        <time>2021-09-04T22:32:55Z</time>
      </trkpt>
      <trkpt lat="47.42133" lon="-120.9253">
        <ele>1509.64</ele>
        <time>2021-09-04T22:32:58Z</time>
      </trkpt>
      <trkpt lat="47.42136" lon="-120.92531">
        <ele>1509.64</ele>
        <time>2021-09-04T22:33:02Z</time>
      </trkpt>
      <trkpt lat="47.42139" lon="-120.92531">
        <ele>1509.96</ele>
        <time>2021-09-04T22:33:06Z</time>
      </trkpt>
      <trkpt lat="47.42142" lon="-120.92529">
        <ele>1510.6</ele>
        <time>2021-09-04T22:33:11Z</time>
      </trkpt>
      <trkpt lat="47.42145" lon="-120.92527">
        <ele>1511.17</ele>
        <time>2021-09-04T22:33:14Z</time>
      </trkpt>
      <trkpt lat="47.42147" lon="-120.92525">
        <ele>1511.6</ele>
        <time>2021-09-04T22:33:18Z</time>
      </trkpt>
      <trkpt lat="47.4215" lon="-120.92523">
        <ele>1512.14</ele>
        <time>2021-09-04T22:33:23Z</time>
      </trkpt>
      <trkpt lat="47.42152" lon="-120.92521">
        <ele>1512.77</ele>
        <time>2021-09-04T22:33:27Z</time>
      </trkpt>
      <trkpt lat="47.42155" lon="-120.92519">
        <ele>1513.6</ele>
        <time>2021-09-04T22:33:32Z</time>
      </trkpt>
      <trkpt lat="47.42157" lon="-120.92516">
        <ele>1514.5</ele>
        <time>2021-09-04T22:33:38Z</time>
      </trkpt>
      <trkpt lat="47.42159" lon="-120.92512">
        <ele>1515.24</ele>
        <time>2021-09-04T22:33:44Z</time>
      </trkpt>
      <trkpt lat="47.42162" lon="-120.9251">
        <ele>1515.34</ele>
        <time>2021-09-04T22:33:49Z</time>
      </trkpt>
      <trkpt lat="47.42164" lon="-120.92507">
        <ele>1515.78</ele>
        <time>2021-09-04T22:33:54Z</time>
      </trkpt>
      <trkpt lat="47.42166" lon="-120.92503">
        <ele>1516.42</ele>
        <time>2021-09-04T22:33:59Z</time>
      </trkpt>
      <trkpt lat="47.42168" lon="-120.925">
        <ele>1516.86</ele>
        <time>2021-09-04T22:34:06Z</time>
      </trkpt>
      <trkpt lat="47.42167" lon="-120.92496">
        <ele>1517.83</ele>
        <time>2021-09-04T22:34:13Z</time>
      </trkpt>
      <trkpt lat="47.42164" lon="-120.92495">
        <ele>1518.37</ele>
        <time>2021-09-04T22:34:17Z</time>
      </trkpt>
      <trkpt lat="47.42161" lon="-120.92493">
        <ele>1519.12</ele>
        <time>2021-09-04T22:34:21Z</time>
      </trkpt>
      <trkpt lat="47.42159" lon="-120.92491">
        <ele>1519.77</ele>
        <time>2021-09-04T22:34:26Z</time>
      </trkpt>
      <trkpt lat="47.42155" lon="-120.92489">
        <ele>1520.12</ele>
        <time>2021-09-04T22:34:30Z</time>
      </trkpt>
      <trkpt lat="47.42152" lon="-120.92488">
        <ele>1520.01</ele>
        <time>2021-09-04T22:34:34Z</time>
      </trkpt>
      <trkpt lat="47.42149" lon="-120.92487">
        <ele>1519.9</ele>
        <time>2021-09-04T22:34:38Z</time>
      </trkpt>
      <trkpt lat="47.42147" lon="-120.92485">
        <ele>1520.24</ele>
        <time>2021-09-04T22:34:42Z</time>
      </trkpt>
      <trkpt lat="47.42144" lon="-120.92483">
        <ele>1520.67</ele>
        <time>2021-09-04T22:34:46Z</time>
      </trkpt>
      <trkpt lat="47.42142" lon="-120.92481">
        <ele>1521.12</ele>
        <time>2021-09-04T22:34:50Z</time>
      </trkpt>
      <trkpt lat="47.42138" lon="-120.92479">
        <ele>1521.44</ele>
        <time>2021-09-04T22:34:54Z</time>
      </trkpt>
      <trkpt lat="47.42136" lon="-120.92477">
        <ele>1521.66</ele>
        <time>2021-09-04T22:34:58Z</time>
      </trkpt>
      <trkpt lat="47.42133" lon="-120.92475">
        <ele>1521.76</ele>
        <time>2021-09-04T22:35:03Z</time>
      </trkpt>
      <trkpt lat="47.42131" lon="-120.92472">
        <ele>1522.2</ele>
        <time>2021-09-04T22:35:08Z</time>
      </trkpt>
      <trkpt lat="47.42129" lon="-120.92469">
        <ele>1522.63</ele>
        <time>2021-09-04T22:35:12Z</time>
      </trkpt>
      <trkpt lat="47.42126" lon="-120.92466">
        <ele>1522.95</ele>
        <time>2021-09-04T22:35:16Z</time>
      </trkpt>
      <trkpt lat="47.42123" lon="-120.92463">
        <ele>1523.28</ele>
        <time>2021-09-04T22:35:20Z</time>
      </trkpt>
      <trkpt lat="47.4212" lon="-120.92461">
        <ele>1523.14</ele>
        <time>2021-09-04T22:35:24Z</time>
      </trkpt>
      <trkpt lat="47.42118" lon="-120.92458">
        <ele>1523.16</ele>
        <time>2021-09-04T22:35:28Z</time>
      </trkpt>
      <trkpt lat="47.42116" lon="-120.92455">
        <ele>1523.32</ele>
        <time>2021-09-04T22:35:33Z</time>
      </trkpt>
      <trkpt lat="47.42114" lon="-120.92451">
        <ele>1523.9</ele>
        <time>2021-09-04T22:35:37Z</time>
      </trkpt>
      <trkpt lat="47.42112" lon="-120.92447">
        <ele>1524.54</ele>
        <time>2021-09-04T22:35:41Z</time>
      </trkpt>
      <trkpt lat="47.4211" lon="-120.92444">
        <ele>1524.86</ele>
        <time>2021-09-04T22:35:45Z</time>
      </trkpt>
      <trkpt lat="47.42108" lon="-120.9244">
        <ele>1525.29</ele>
        <time>2021-09-04T22:35:49Z</time>
      </trkpt>
      <trkpt lat="47.42106" lon="-120.92437">
        <ele>1525.5</ele>
        <time>2021-09-04T22:35:53Z</time>
      </trkpt>
      <trkpt lat="47.42105" lon="-120.92433">
        <ele>1526.23</ele>
        <time>2021-09-04T22:35:57Z</time>
      </trkpt>
      <trkpt lat="47.42103" lon="-120.92429">
        <ele>1526.67</ele>
        <time>2021-09-04T22:36:02Z</time>
      </trkpt>
      <trkpt lat="47.42102" lon="-120.92425">
        <ele>1527.35</ele>
        <time>2021-09-04T22:36:07Z</time>
      </trkpt>
      <trkpt lat="47.42101" lon="-120.92421">
        <ele>1528.36</ele>
        <time>2021-09-04T22:36:12Z</time>
      </trkpt>
      <trkpt lat="47.42099" lon="-120.92416">
        <ele>1529.22</ele>
        <time>2021-09-04T22:36:16Z</time>
      </trkpt>
      <trkpt lat="47.42097" lon="-120.92412">
        <ele>1529.44</ele>
        <time>2021-09-04T22:36:20Z</time>
      </trkpt>
      <trkpt lat="47.42095" lon="-120.92409">
        <ele>1529.44</ele>
        <time>2021-09-04T22:36:24Z</time>
      </trkpt>
      <trkpt lat="47.42092" lon="-120.92407">
        <ele>1528.94</ele>
        <time>2021-09-04T22:36:28Z</time>
      </trkpt>
      <trkpt lat="47.42089" lon="-120.92406">
        <ele>1528.23</ele>
        <time>2021-09-04T22:36:32Z</time>
      </trkpt>
      <trkpt lat="47.42087" lon="-120.92404">
        <ele>1528.07</ele>
        <time>2021-09-04T22:36:36Z</time>
      </trkpt>
      <trkpt lat="47.42084" lon="-120.92401">
        <ele>1527.65</ele>
        <time>2021-09-04T22:36:39Z</time>
      </trkpt>
      <trkpt lat="47.42081" lon="-120.92399">
        <ele>1527.31</ele>
        <time>2021-09-04T22:36:43Z</time>
      </trkpt>
      <trkpt lat="47.4208" lon="-120.92395">
        <ele>1528.3</ele>
        <time>2021-09-04T22:36:50Z</time>
      </trkpt>
      <trkpt lat="47.42082" lon="-120.92392">
        <ele>1529.7</ele>
        <time>2021-09-04T22:36:55Z</time>
      </trkpt>
      <trkpt lat="47.42083" lon="-120.92388">
        <ele>1531.22</ele>
        <time>2021-09-04T22:37:00Z</time>
      </trkpt>
      <trkpt lat="47.42084" lon="-120.92384">
        <ele>1532.76</ele>
        <time>2021-09-04T22:37:06Z</time>
      </trkpt>
      <trkpt lat="47.42084" lon="-120.92379">
        <ele>1534.28</ele>
        <time>2021-09-04T22:37:12Z</time>
      </trkpt>
      <trkpt lat="47.42082" lon="-120.92376">
        <ele>1534.55</ele>
        <time>2021-09-04T22:37:16Z</time>
      </trkpt>
      <trkpt lat="47.42079" lon="-120.92373">
        <ele>1534.83</ele>
        <time>2021-09-04T22:37:19Z</time>
      </trkpt>
      <trkpt lat="47.42076" lon="-120.9237">
        <ele>1535.29</ele>
        <time>2021-09-04T22:37:22Z</time>
      </trkpt>
      <trkpt lat="47.42074" lon="-120.92368">
        <ele>1535.51</ele>
        <time>2021-09-04T22:37:26Z</time>
      </trkpt>
      <trkpt lat="47.42071" lon="-120.92367">
        <ele>1535.85</ele>
        <time>2021-09-04T22:37:30Z</time>
      </trkpt>
      <trkpt lat="47.42068" lon="-120.92368">
        <ele>1535.68</ele>
        <time>2021-09-04T22:37:35Z</time>
      </trkpt>
      <trkpt lat="47.42065" lon="-120.92368">
        <ele>1535.76</ele>
        <time>2021-09-04T22:37:39Z</time>
      </trkpt>
      <trkpt lat="47.42061" lon="-120.92369">
        <ele>1536.21</ele>
        <time>2021-09-04T22:37:43Z</time>
      </trkpt>
      <trkpt lat="47.42058" lon="-120.92367">
        <ele>1537.3</ele>
        <time>2021-09-04T22:37:48Z</time>
      </trkpt>
      <trkpt lat="47.42056" lon="-120.92363">
        <ele>1538.53</ele>
        <time>2021-09-04T22:37:53Z</time>
      </trkpt>
      <trkpt lat="47.42054" lon="-120.9236">
        <ele>1539.29</ele>
        <time>2021-09-04T22:37:58Z</time>
      </trkpt>
      <trkpt lat="47.42051" lon="-120.92358">
        <ele>1539.83</ele>
        <time>2021-09-04T22:38:01Z</time>
      </trkpt>
      <trkpt lat="47.42048" lon="-120.92356">
        <ele>1540.37</ele>
        <time>2021-09-04T22:38:04Z</time>
      </trkpt>
      <trkpt lat="47.42044" lon="-120.92356">
        <ele>1540.8</ele>
        <time>2021-09-04T22:38:08Z</time>
      </trkpt>
      <trkpt lat="47.42042" lon="-120.92355">
        <ele>1541.12</ele>
        <time>2021-09-04T22:38:12Z</time>
      </trkpt>
      <trkpt lat="47.42039" lon="-120.92354">
        <ele>1541.56</ele>
        <time>2021-09-04T22:38:17Z</time>
      </trkpt>
      <trkpt lat="47.42039" lon="-120.92349">
        <ele>1542.4</ele>
        <time>2021-09-04T22:38:25Z</time>
      </trkpt>
      <trkpt lat="47.42041" lon="-120.92347">
        <ele>1542.62</ele>
        <time>2021-09-04T22:38:31Z</time>
      </trkpt>
      <trkpt lat="47.42044" lon="-120.92346">
        <ele>1542.51</ele>
        <time>2021-09-04T22:38:35Z</time>
      </trkpt>
      <trkpt lat="47.42047" lon="-120.92344">
        <ele>1542.62</ele>
        <time>2021-09-04T22:38:39Z</time>
      </trkpt>
      <trkpt lat="47.4205" lon="-120.92342">
        <ele>1542.73</ele>
        <time>2021-09-04T22:38:44Z</time>
      </trkpt>
      <trkpt lat="47.42053" lon="-120.92341">
        <ele>1542.62</ele>
        <time>2021-09-04T22:38:48Z</time>
      </trkpt>
      <trkpt lat="47.42056" lon="-120.9234">
        <ele>1542.51</ele>
        <time>2021-09-04T22:38:52Z</time>
      </trkpt>
      <trkpt lat="47.4206" lon="-120.92339">
        <ele>1542.3</ele>
        <time>2021-09-04T22:38:56Z</time>
      </trkpt>
      <trkpt lat="47.42063" lon="-120.9234">
        <ele>1541.76</ele>
        <time>2021-09-04T22:38:59Z</time>
      </trkpt>
      <trkpt lat="47.42066" lon="-120.9234">
        <ele>1541.56</ele>
        <time>2021-09-04T22:39:02Z</time>
      </trkpt>
      <trkpt lat="47.42069" lon="-120.9234">
        <ele>1541.56</ele>
        <time>2021-09-04T22:39:06Z</time>
      </trkpt>
      <trkpt lat="47.42071" lon="-120.92341">
        <ele>1541.34</ele>
        <time>2021-09-04T22:39:10Z</time>
      </trkpt>
      <trkpt lat="47.42075" lon="-120.9234">
        <ele>1541.56</ele>
        <time>2021-09-04T22:39:14Z</time>
      </trkpt>
      <trkpt lat="47.42078" lon="-120.92339">
        <ele>1541.78</ele>
        <time>2021-09-04T22:39:17Z</time>
      </trkpt>
      <trkpt lat="47.42081" lon="-120.92338">
        <ele>1541.99</ele>
        <time>2021-09-04T22:39:20Z</time>
      </trkpt>
      <trkpt lat="47.42084" lon="-120.92337">
        <ele>1542.31</ele>
        <time>2021-09-04T22:39:24Z</time>
      </trkpt>
      <trkpt lat="47.42087" lon="-120.92337">
        <ele>1542.76</ele>
        <time>2021-09-04T22:39:28Z</time>
      </trkpt>
      <trkpt lat="47.4209" lon="-120.92335">
        <ele>1543.49</ele>
        <time>2021-09-04T22:39:31Z</time>
      </trkpt>
      <trkpt lat="47.42092" lon="-120.92332">
        <ele>1544.22</ele>
        <time>2021-09-04T22:39:36Z</time>
      </trkpt>
      <trkpt lat="47.42095" lon="-120.92331">
        <ele>1544.76</ele>
        <time>2021-09-04T22:39:40Z</time>
      </trkpt>
      <trkpt lat="47.42098" lon="-120.9233">
        <ele>1545.3</ele>
        <time>2021-09-04T22:39:43Z</time>
      </trkpt>
      <trkpt lat="47.421" lon="-120.92328">
        <ele>1545.95</ele>
        <time>2021-09-04T22:39:47Z</time>
      </trkpt>
      <trkpt lat="47.42102" lon="-120.92325">
        <ele>1546.82</ele>
        <time>2021-09-04T22:39:51Z</time>
      </trkpt>
      <trkpt lat="47.42105" lon="-120.92323">
        <ele>1547.46</ele>
        <time>2021-09-04T22:39:56Z</time>
      </trkpt>
      <trkpt lat="47.42108" lon="-120.92321">
        <ele>1548.0</ele>
        <time>2021-09-04T22:40:00Z</time>
      </trkpt>
      <trkpt lat="47.42111" lon="-120.9232">
        <ele>1548.43</ele>
        <time>2021-09-04T22:40:04Z</time>
      </trkpt>
      <trkpt lat="47.42114" lon="-120.92319">
        <ele>1548.86</ele>
        <time>2021-09-04T22:40:07Z</time>
      </trkpt>
      <trkpt lat="47.42116" lon="-120.92317">
        <ele>1549.29</ele>
        <time>2021-09-04T22:40:11Z</time>
      </trkpt>
      <trkpt lat="47.42119" lon="-120.92315">
        <ele>1549.83</ele>
        <time>2021-09-04T22:40:16Z</time>
      </trkpt>
      <trkpt lat="47.42122" lon="-120.92315">
        <ele>1549.98</ele>
        <time>2021-09-04T22:40:19Z</time>
      </trkpt>
      <trkpt lat="47.42125" lon="-120.92315">
        <ele>1549.98</ele>
        <time>2021-09-04T22:40:23Z</time>
      </trkpt>
      <trkpt lat="47.42128" lon="-120.92315">
        <ele>1549.98</ele>
        <time>2021-09-04T22:40:27Z</time>
      </trkpt>
      <trkpt lat="47.42131" lon="-120.92315">
        <ele>1549.98</ele>
        <time>2021-09-04T22:40:31Z</time>
      </trkpt>
      <trkpt lat="47.42134" lon="-120.92313">
        <ele>1550.39</ele>
        <time>2021-09-04T22:40:35Z</time>
      </trkpt>
      <trkpt lat="47.42136" lon="-120.9231">
        <ele>1551.04</ele>
        <time>2021-09-04T22:40:39Z</time>
      </trkpt>
      <trkpt lat="47.42139" lon="-120.92307">
        <ele>1551.68</ele>
        <time>2021-09-04T22:40:44Z</time>
      </trkpt>
      <trkpt lat="47.42141" lon="-120.92304">
        <ele>1551.98</ele>
        <time>2021-09-04T22:40:49Z</time>
      </trkpt>
      <trkpt lat="47.42144" lon="-120.92301">
        <ele>1552.21</ele>
        <time>2021-09-04T22:40:53Z</time>
      </trkpt>
      <trkpt lat="47.42147" lon="-120.92298">
        <ele>1552.65</ele>
        <time>2021-09-04T22:40:56Z</time>
      </trkpt>
      <trkpt lat="47.42149" lon="-120.92295">
        <ele>1553.05</ele>
        <time>2021-09-04T22:40:59Z</time>
      </trkpt>
      <trkpt lat="47.42151" lon="-120.92291">
        <ele>1553.26</ele>
        <time>2021-09-04T22:41:03Z</time>
      </trkpt>
      <trkpt lat="47.42152" lon="-120.92286">
        <ele>1553.7</ele>
        <time>2021-09-04T22:41:07Z</time>
      </trkpt>
      <trkpt lat="47.42153" lon="-120.92281">
        <ele>1554.13</ele>
        <time>2021-09-04T22:41:12Z</time>
      </trkpt>
      <trkpt lat="47.42154" lon="-120.92277">
        <ele>1554.54</ele>
        <time>2021-09-04T22:41:16Z</time>
      </trkpt>
      <trkpt lat="47.42155" lon="-120.92272">
        <ele>1555.51</ele>
        <time>2021-09-04T22:41:20Z</time>
      </trkpt>
      <trkpt lat="47.42156" lon="-120.92268">
        <ele>1556.21</ele>
        <time>2021-09-04T22:41:24Z</time>
      </trkpt>
      <trkpt lat="47.42156" lon="-120.92263">
        <ele>1556.75</ele>
        <time>2021-09-04T22:41:28Z</time>
      </trkpt>
      <trkpt lat="47.42157" lon="-120.92259">
        <ele>1557.1</ele>
        <time>2021-09-04T22:41:32Z</time>
      </trkpt>
      <trkpt lat="47.42157" lon="-120.92254">
        <ele>1558.18</ele>
        <time>2021-09-04T22:41:36Z</time>
      </trkpt>
      <trkpt lat="47.42156" lon="-120.92249">
        <ele>1559.26</ele>
        <time>2021-09-04T22:41:41Z</time>
      </trkpt>
      <trkpt lat="47.42156" lon="-120.92245">
        <ele>1559.69</ele>
        <time>2021-09-04T22:41:45Z</time>
      </trkpt>
      <trkpt lat="47.42154" lon="-120.92242">
        <ele>1560.23</ele>
        <time>2021-09-04T22:41:50Z</time>
      </trkpt>
      <trkpt lat="47.4215" lon="-120.92243">
        <ele>1560.56</ele>
        <time>2021-09-04T22:41:54Z</time>
      </trkpt>
      <trkpt lat="47.42148" lon="-120.92245">
        <ele>1560.56</ele>
        <time>2021-09-04T22:41:58Z</time>
      </trkpt>
      <trkpt lat="47.42144" lon="-120.92246">
        <ele>1560.88</ele>
        <time>2021-09-04T22:42:01Z</time>
      </trkpt>
      <trkpt lat="47.42141" lon="-120.92246">
        <ele>1561.2</ele>
        <time>2021-09-04T22:42:05Z</time>
      </trkpt>
      <trkpt lat="47.42137" lon="-120.92246">
        <ele>1561.43</ele>
        <time>2021-09-04T22:42:08Z</time>
      </trkpt>
      <trkpt lat="47.42135" lon="-120.92245">
        <ele>1561.54</ele>
        <time>2021-09-04T22:42:11Z</time>
      </trkpt>
      <trkpt lat="47.42132" lon="-120.92244">
        <ele>1561.65</ele>
        <time>2021-09-04T22:42:14Z</time>
      </trkpt>
      <trkpt lat="47.42129" lon="-120.92243">
        <ele>1561.74</ele>
        <time>2021-09-04T22:42:17Z</time>
      </trkpt>
      <trkpt lat="47.42126" lon="-120.92241">
        <ele>1561.96</ele>
        <time>2021-09-04T22:42:21Z</time>
      </trkpt>
      <trkpt lat="47.42123" lon="-120.92239">
        <ele>1562.24</ele>
        <time>2021-09-04T22:42:24Z</time>
      </trkpt>
      <trkpt lat="47.4212" lon="-120.92238">
        <ele>1562.27</ele>
        <time>2021-09-04T22:42:28Z</time>
      </trkpt>
      <trkpt lat="47.42117" lon="-120.92236">
        <ele>1562.33</ele>
        <time>2021-09-04T22:42:34Z</time>
      </trkpt>
      <trkpt lat="47.42115" lon="-120.92234">
        <ele>1562.57</ele>
        <time>2021-09-04T22:42:38Z</time>
      </trkpt>
      <trkpt lat="47.42113" lon="-120.92231">
        <ele>1563.06</ele>
        <time>2021-09-04T22:42:41Z</time>
      </trkpt>
      <trkpt lat="47.4211" lon="-120.92227">
        <ele>1563.42</ele>
        <time>2021-09-04T22:42:45Z</time>
      </trkpt>
      <trkpt lat="47.4211" lon="-120.92223">
        <ele>1563.91</ele>
        <time>2021-09-04T22:42:49Z</time>
      </trkpt>
      <trkpt lat="47.42108" lon="-120.9222">
        <ele>1564.4</ele>
        <time>2021-09-04T22:42:53Z</time>
      </trkpt>
      <trkpt lat="47.42106" lon="-120.92217">
        <ele>1564.82</ele>
        <time>2021-09-04T22:42:56Z</time>
      </trkpt>
      <trkpt lat="47.42104" lon="-120.92213">
        <ele>1565.23</ele>
        <time>2021-09-04T22:42:59Z</time>
      </trkpt>
      <trkpt lat="47.42102" lon="-120.9221">
        <ele>1565.66</ele>
        <time>2021-09-04T22:43:04Z</time>
      </trkpt>
      <trkpt lat="47.42098" lon="-120.92209">
        <ele>1565.86</ele>
        <time>2021-09-04T22:43:08Z</time>
      </trkpt>
      <trkpt lat="47.42095" lon="-120.92208">
        <ele>1566.07</ele>
        <time>2021-09-04T22:43:11Z</time>
      </trkpt>
      <trkpt lat="47.42091" lon="-120.92208">
        <ele>1566.07</ele>
        <time>2021-09-04T22:43:15Z</time>
      </trkpt>
      <trkpt lat="47.42089" lon="-120.92206">
        <ele>1566.5</ele>
        <time>2021-09-04T22:43:20Z</time>
      </trkpt>
      <trkpt lat="47.42087" lon="-120.92203">
        <ele>1567.15</ele>
        <time>2021-09-04T22:43:24Z</time>
      </trkpt>
      <trkpt lat="47.42086" lon="-120.92199">
        <ele>1568.02</ele>
        <time>2021-09-04T22:43:28Z</time>
      </trkpt>
      <trkpt lat="47.42089" lon="-120.92197">
        <ele>1568.45</ele>
        <time>2021-09-04T22:43:33Z</time>
      </trkpt>
      <trkpt lat="47.42092" lon="-120.92196">
        <ele>1568.66</ele>
        <time>2021-09-04T22:43:36Z</time>
      </trkpt>
      <trkpt lat="47.42094" lon="-120.92196">
        <ele>1568.66</ele>
        <time>2021-09-04T22:43:40Z</time>
      </trkpt>
      <trkpt lat="47.42098" lon="-120.92195">
        <ele>1568.88</ele>
        <time>2021-09-04T22:43:44Z</time>
      </trkpt>
      <trkpt lat="47.421" lon="-120.92194">
        <ele>1569.1</ele>
        <time>2021-09-04T22:43:48Z</time>
      </trkpt>
      <trkpt lat="47.42104" lon="-120.92193">
        <ele>1569.31</ele>
        <time>2021-09-04T22:43:53Z</time>
      </trkpt>
      <trkpt lat="47.42106" lon="-120.92192">
        <ele>1569.53</ele>
        <time>2021-09-04T22:43:59Z</time>
      </trkpt>
      <trkpt lat="47.42108" lon="-120.92189">
        <ele>1570.18</ele>
        <time>2021-09-04T22:44:05Z</time>
      </trkpt>
      <trkpt lat="47.42108" lon="-120.92184">
        <ele>1571.13</ele>
        <time>2021-09-04T22:44:09Z</time>
      </trkpt>
      <trkpt lat="47.42109" lon="-120.9218">
        <ele>1571.56</ele>
        <time>2021-09-04T22:44:13Z</time>
      </trkpt>
      <trkpt lat="47.4211" lon="-120.92176">
        <ele>1571.99</ele>
        <time>2021-09-04T22:44:17Z</time>
      </trkpt>
      <trkpt lat="47.42112" lon="-120.92172">
        <ele>1572.9</ele>
        <time>2021-09-04T22:44:22Z</time>
      </trkpt>
      <trkpt lat="47.42113" lon="-120.92168">
        <ele>1573.74</ele>
        <time>2021-09-04T22:44:27Z</time>
      </trkpt>
      <trkpt lat="47.42114" lon="-120.92164">
        <ele>1574.58</ele>
        <time>2021-09-04T22:44:32Z</time>
      </trkpt>
      <trkpt lat="47.42115" lon="-120.92159">
        <ele>1575.66</ele>
        <time>2021-09-04T22:44:37Z</time>
      </trkpt>
      <trkpt lat="47.42118" lon="-120.92156">
        <ele>1576.46</ele>
        <time>2021-09-04T22:44:42Z</time>
      </trkpt>
      <trkpt lat="47.4212" lon="-120.92153">
        <ele>1577.43</ele>
        <time>2021-09-04T22:44:46Z</time>
      </trkpt>
      <trkpt lat="47.4212" lon="-120.92148">
        <ele>1579.03</ele>
        <time>2021-09-04T22:44:50Z</time>
      </trkpt>
      <trkpt lat="47.42119" lon="-120.92144">
        <ele>1579.96</ele>
        <time>2021-09-04T22:44:54Z</time>
      </trkpt>
      <trkpt lat="47.42117" lon="-120.92141">
        <ele>1580.83</ele>
        <time>2021-09-04T22:44:58Z</time>
      </trkpt>
      <trkpt lat="47.42114" lon="-120.92139">
        <ele>1581.66</ele>
        <time>2021-09-04T22:45:02Z</time>
      </trkpt>
      <trkpt lat="47.42111" lon="-120.92138">
        <ele>1582.18</ele>
        <time>2021-09-04T22:45:06Z</time>
      </trkpt>
      <trkpt lat="47.42108" lon="-120.92137">
        <ele>1582.14</ele>
        <time>2021-09-04T22:45:11Z</time>
      </trkpt>
      <trkpt lat="47.42106" lon="-120.92134">
        <ele>1582.8</ele>
        <time>2021-09-04T22:45:14Z</time>
      </trkpt>
      <trkpt lat="47.42103" lon="-120.92132">
        <ele>1583.26</ele>
        <time>2021-09-04T22:45:19Z</time>
      </trkpt>
      <trkpt lat="47.421" lon="-120.92129">
        <ele>1583.92</ele>
        <time>2021-09-04T22:45:23Z</time>
      </trkpt>
      <trkpt lat="47.42098" lon="-120.92127">
        <ele>1584.03</ele>
        <time>2021-09-04T22:45:27Z</time>
      </trkpt>
      <trkpt lat="47.42095" lon="-120.92126">
        <ele>1583.75</ele>
        <time>2021-09-04T22:45:31Z</time>
      </trkpt>
      <trkpt lat="47.42092" lon="-120.92124">
        <ele>1583.58</ele>
        <time>2021-09-04T22:45:36Z</time>
      </trkpt>
      <trkpt lat="47.42089" lon="-120.92122">
        <ele>1583.76</ele>
        <time>2021-09-04T22:45:40Z</time>
      </trkpt>
      <trkpt lat="47.42087" lon="-120.9212">
        <ele>1584.06</ele>
        <time>2021-09-04T22:45:44Z</time>
      </trkpt>
      <trkpt lat="47.42085" lon="-120.92117">
        <ele>1584.43</ele>
        <time>2021-09-04T22:45:49Z</time>
      </trkpt>
      <trkpt lat="47.42084" lon="-120.92113">
        <ele>1584.85</ele>
        <time>2021-09-04T22:45:54Z</time>
      </trkpt>
      <trkpt lat="47.42083" lon="-120.92109">
        <ele>1585.48</ele>
        <time>2021-09-04T22:45:58Z</time>
      </trkpt>
      <trkpt lat="47.42082" lon="-120.92105">
        <ele>1586.37</ele>
        <time>2021-09-04T22:46:02Z</time>
      </trkpt>
      <trkpt lat="47.42082" lon="-120.921">
        <ele>1587.23</ele>
        <time>2021-09-04T22:46:07Z</time>
      </trkpt>
      <trkpt lat="47.42082" lon="-120.92095">
        <ele>1587.85</ele>
        <time>2021-09-04T22:46:12Z</time>
      </trkpt>
      <trkpt lat="47.42083" lon="-120.92092">
        <ele>1588.16</ele>
        <time>2021-09-04T22:46:16Z</time>
      </trkpt>
      <trkpt lat="47.42084" lon="-120.92088">
        <ele>1589.03</ele>
        <time>2021-09-04T22:46:19Z</time>
      </trkpt>
      <trkpt lat="47.42086" lon="-120.92084">
        <ele>1589.88</ele>
        <time>2021-09-04T22:46:24Z</time>
      </trkpt>
      <trkpt lat="47.42088" lon="-120.92081">
        <ele>1590.38</ele>
        <time>2021-09-04T22:46:28Z</time>
      </trkpt>
      <trkpt lat="47.4209" lon="-120.92077">
        <ele>1590.88</ele>
        <time>2021-09-04T22:46:31Z</time>
      </trkpt>
      <trkpt lat="47.42091" lon="-120.92072">
        <ele>1591.58</ele>
        <time>2021-09-04T22:46:35Z</time>
      </trkpt>
      <trkpt lat="47.42092" lon="-120.92068">
        <ele>1592.33</ele>
        <time>2021-09-04T22:46:39Z</time>
      </trkpt>
      <trkpt lat="47.42094" lon="-120.92065">
        <ele>1592.81</ele>
        <time>2021-09-04T22:46:42Z</time>
      </trkpt>
      <trkpt lat="47.42095" lon="-120.92061">
        <ele>1593.15</ele>
        <time>2021-09-04T22:46:45Z</time>
      </trkpt>
      <trkpt lat="47.42096" lon="-120.92056">
        <ele>1593.58</ele>
        <time>2021-09-04T22:46:49Z</time>
      </trkpt>
      <trkpt lat="47.42096" lon="-120.92052">
        <ele>1594.02</ele>
        <time>2021-09-04T22:46:53Z</time>
      </trkpt>
      <trkpt lat="47.42096" lon="-120.92047">
        <ele>1594.56</ele>
        <time>2021-09-04T22:46:57Z</time>
      </trkpt>
      <trkpt lat="47.42096" lon="-120.92042">
        <ele>1594.93</ele>
        <time>2021-09-04T22:47:01Z</time>
      </trkpt>
      <trkpt lat="47.42095" lon="-120.92038">
        <ele>1595.4</ele>
        <time>2021-09-04T22:47:05Z</time>
      </trkpt>
      <trkpt lat="47.42094" lon="-120.92033">
        <ele>1596.13</ele>
        <time>2021-09-04T22:47:09Z</time>
      </trkpt>
      <trkpt lat="47.42094" lon="-120.92027">
        <ele>1596.7</ele>
        <time>2021-09-04T22:47:13Z</time>
      </trkpt>
      <trkpt lat="47.42094" lon="-120.92023">
        <ele>1596.7</ele>
        <time>2021-09-04T22:47:17Z</time>
      </trkpt>
      <trkpt lat="47.42095" lon="-120.92017">
        <ele>1596.48</ele>
        <time>2021-09-04T22:47:21Z</time>
      </trkpt>
      <trkpt lat="47.42096" lon="-120.92013">
        <ele>1596.26</ele>
        <time>2021-09-04T22:47:26Z</time>
      </trkpt>
      <trkpt lat="47.42096" lon="-120.92008">
        <ele>1596.26</ele>
        <time>2021-09-04T22:47:30Z</time>
      </trkpt>
      <trkpt lat="47.42095" lon="-120.92003">
        <ele>1596.48</ele>
        <time>2021-09-04T22:47:34Z</time>
      </trkpt>
      <trkpt lat="47.42096" lon="-120.91998">
        <ele>1596.48</ele>
        <time>2021-09-04T22:47:38Z</time>
      </trkpt>
      <trkpt lat="47.42095" lon="-120.91994">
        <ele>1597.13</ele>
        <time>2021-09-04T22:47:43Z</time>
      </trkpt>
      <trkpt lat="47.42095" lon="-120.91989">
        <ele>1597.53</ele>
        <time>2021-09-04T22:47:47Z</time>
      </trkpt>
      <trkpt lat="47.42093" lon="-120.91986">
        <ele>1597.93</ele>
        <time>2021-09-04T22:47:51Z</time>
      </trkpt>
      <trkpt lat="47.42091" lon="-120.91982">
        <ele>1598.34</ele>
        <time>2021-09-04T22:47:55Z</time>
      </trkpt>
      <trkpt lat="47.4209" lon="-120.91978">
        <ele>1598.83</ele>
        <time>2021-09-04T22:47:58Z</time>
      </trkpt>
      <trkpt lat="47.42089" lon="-120.91974">
        <ele>1599.27</ele>
        <time>2021-09-04T22:48:02Z</time>
      </trkpt>
      <trkpt lat="47.42089" lon="-120.91969">
        <ele>1599.74</ele>
        <time>2021-09-04T22:48:06Z</time>
      </trkpt>
      <trkpt lat="47.42088" lon="-120.91965">
        <ele>1600.28</ele>
        <time>2021-09-04T22:48:10Z</time>
      </trkpt>
      <trkpt lat="47.42088" lon="-120.91961">
        <ele>1600.71</ele>
        <time>2021-09-04T22:48:14Z</time>
      </trkpt>
      <trkpt lat="47.42086" lon="-120.91956">
        <ele>1601.46</ele>
        <time>2021-09-04T22:48:18Z</time>
      </trkpt>
      <trkpt lat="47.42086" lon="-120.91952">
        <ele>1601.71</ele>
        <time>2021-09-04T22:48:22Z</time>
      </trkpt>
      <trkpt lat="47.42085" lon="-120.91947">
        <ele>1601.82</ele>
        <time>2021-09-04T22:48:27Z</time>
      </trkpt>
      <trkpt lat="47.42085" lon="-120.91942">
        <ele>1602.08</ele>
        <time>2021-09-04T22:48:31Z</time>
      </trkpt>
      <trkpt lat="47.42084" lon="-120.91938">
        <ele>1602.62</ele>
        <time>2021-09-04T22:48:36Z</time>
      </trkpt>
      <trkpt lat="47.42083" lon="-120.91935">
        <ele>1603.04</ele>
        <time>2021-09-04T22:48:40Z</time>
      </trkpt>
      <trkpt lat="47.42082" lon="-120.9193">
        <ele>1603.14</ele>
        <time>2021-09-04T22:48:44Z</time>
      </trkpt>
      <trkpt lat="47.42082" lon="-120.91926">
        <ele>1603.14</ele>
        <time>2021-09-04T22:48:48Z</time>
      </trkpt>
      <trkpt lat="47.42081" lon="-120.91922">
        <ele>1603.68</ele>
        <time>2021-09-04T22:48:51Z</time>
      </trkpt>
      <trkpt lat="47.42081" lon="-120.91917">
        <ele>1604.22</ele>
        <time>2021-09-04T22:48:55Z</time>
      </trkpt>
      <trkpt lat="47.4208" lon="-120.91913">
        <ele>1604.36</ele>
        <time>2021-09-04T22:48:59Z</time>
      </trkpt>
      <trkpt lat="47.42078" lon="-120.9191">
        <ele>1604.58</ele>
        <time>2021-09-04T22:49:02Z</time>
      </trkpt>
      <trkpt lat="47.42077" lon="-120.91906">
        <ele>1604.84</ele>
        <time>2021-09-04T22:49:06Z</time>
      </trkpt>
      <trkpt lat="47.42074" lon="-120.91903">
        <ele>1605.48</ele>
        <time>2021-09-04T22:49:10Z</time>
      </trkpt>
      <trkpt lat="47.42072" lon="-120.919">
        <ele>1605.84</ele>
        <time>2021-09-04T22:49:14Z</time>
      </trkpt>
      <trkpt lat="47.42069" lon="-120.91897">
        <ele>1606.07</ele>
        <time>2021-09-04T22:49:17Z</time>
      </trkpt>
      <trkpt lat="47.42066" lon="-120.91894">
        <ele>1606.39</ele>
        <time>2021-09-04T22:49:20Z</time>
      </trkpt>
      <trkpt lat="47.42065" lon="-120.91889">
        <ele>1606.97</ele>
        <time>2021-09-04T22:49:24Z</time>
      </trkpt>
      <trkpt lat="47.42064" lon="-120.91885">
        <ele>1607.0</ele>
        <time>2021-09-04T22:49:28Z</time>
      </trkpt>
      <trkpt lat="47.42061" lon="-120.91882">
        <ele>1607.0</ele>
        <time>2021-09-04T22:49:32Z</time>
      </trkpt>
      <trkpt lat="47.4206" lon="-120.91878">
        <ele>1607.18</ele>
        <time>2021-09-04T22:49:36Z</time>
      </trkpt>
      <trkpt lat="47.42058" lon="-120.91873">
        <ele>1607.72</ele>
        <time>2021-09-04T22:49:40Z</time>
      </trkpt>
      <trkpt lat="47.42057" lon="-120.91869">
        <ele>1608.02</ele>
        <time>2021-09-04T22:49:44Z</time>
      </trkpt>
      <trkpt lat="47.42056" lon="-120.91865">
        <ele>1608.03</ele>
        <time>2021-09-04T22:49:48Z</time>
      </trkpt>
      <trkpt lat="47.42056" lon="-120.91859">
        <ele>1608.28</ele>
        <time>2021-09-04T22:49:52Z</time>
      </trkpt>
      <trkpt lat="47.42054" lon="-120.91855">
        <ele>1608.49</ele>
        <time>2021-09-04T22:49:56Z</time>
      </trkpt>
      <trkpt lat="47.42053" lon="-120.91851">
        <ele>1608.79</ele>
        <time>2021-09-04T22:50:01Z</time>
      </trkpt>
      <trkpt lat="47.42052" lon="-120.91847">
        <ele>1608.94</ele>
        <time>2021-09-04T22:50:04Z</time>
      </trkpt>
      <trkpt lat="47.42051" lon="-120.91842">
        <ele>1609.05</ele>
        <time>2021-09-04T22:50:07Z</time>
      </trkpt>
      <trkpt lat="47.4205" lon="-120.91838">
        <ele>1609.1</ele>
        <time>2021-09-04T22:50:10Z</time>
      </trkpt>
      <trkpt lat="47.42049" lon="-120.91833">
        <ele>1609.3</ele>
        <time>2021-09-04T22:50:14Z</time>
      </trkpt>
      <trkpt lat="47.42048" lon="-120.91829">
        <ele>1609.27</ele>
        <time>2021-09-04T22:50:17Z</time>
      </trkpt>
      <trkpt lat="47.42047" lon="-120.91825">
        <ele>1609.14</ele>
        <time>2021-09-04T22:50:21Z</time>
      </trkpt>
      <trkpt lat="47.42046" lon="-120.91821">
        <ele>1609.3</ele>
        <time>2021-09-04T22:50:24Z</time>
      </trkpt>
      <trkpt lat="47.42043" lon="-120.91817">
        <ele>1609.41</ele>
        <time>2021-09-04T22:50:28Z</time>
      </trkpt>
      <trkpt lat="47.42041" lon="-120.91814">
        <ele>1609.43</ele>
        <time>2021-09-04T22:50:31Z</time>
      </trkpt>
      <trkpt lat="47.42039" lon="-120.91811">
        <ele>1609.21</ele>
        <time>2021-09-04T22:50:34Z</time>
      </trkpt>
      <trkpt lat="47.42037" lon="-120.91808">
        <ele>1609.0</ele>
        <time>2021-09-04T22:50:37Z</time>
      </trkpt>
      <trkpt lat="47.42036" lon="-120.91804">
        <ele>1608.89</ele>
        <time>2021-09-04T22:50:41Z</time>
      </trkpt>
      <trkpt lat="47.42034" lon="-120.918">
        <ele>1608.67</ele>
        <time>2021-09-04T22:50:45Z</time>
      </trkpt>
      <trkpt lat="47.42032" lon="-120.91796">
        <ele>1608.49</ele>
        <time>2021-09-04T22:50:49Z</time>
      </trkpt>
      <trkpt lat="47.42031" lon="-120.91792">
        <ele>1608.81</ele>
        <time>2021-09-04T22:50:53Z</time>
      </trkpt>
      <trkpt lat="47.42032" lon="-120.91787">
        <ele>1609.46</ele>
        <time>2021-09-04T22:50:56Z</time>
      </trkpt>
      <trkpt lat="47.42032" lon="-120.91782">
        <ele>1609.46</ele>
        <time>2021-09-04T22:51:00Z</time>
      </trkpt>
      <trkpt lat="47.42032" lon="-120.91778">
        <ele>1609.46</ele>
        <time>2021-09-04T22:51:04Z</time>
      </trkpt>
      <trkpt lat="47.42032" lon="-120.91773">
        <ele>1609.69</ele>
        <time>2021-09-04T22:51:09Z</time>
      </trkpt>
      <trkpt lat="47.42031" lon="-120.91769">
        <ele>1609.68</ele>
        <time>2021-09-04T22:51:13Z</time>
      </trkpt>
      <trkpt lat="47.42028" lon="-120.91766">
        <ele>1609.33</ele>
        <time>2021-09-04T22:51:15Z</time>
      </trkpt>
      <trkpt lat="47.42025" lon="-120.91764">
        <ele>1609.34</ele>
        <time>2021-09-04T22:51:18Z</time>
      </trkpt>
      <trkpt lat="47.42024" lon="-120.9176">
        <ele>1609.54</ele>
        <time>2021-09-04T22:51:21Z</time>
      </trkpt>
      <trkpt lat="47.42023" lon="-120.91755">
        <ele>1609.94</ele>
        <time>2021-09-04T22:51:24Z</time>
      </trkpt>
      <trkpt lat="47.42021" lon="-120.91751">
        <ele>1610.16</ele>
        <time>2021-09-04T22:51:29Z</time>
      </trkpt>
      <trkpt lat="47.42019" lon="-120.91747">
        <ele>1610.39</ele>
        <time>2021-09-04T22:51:32Z</time>
      </trkpt>
      <trkpt lat="47.42017" lon="-120.91744">
        <ele>1610.65</ele>
        <time>2021-09-04T22:51:35Z</time>
      </trkpt>
      <trkpt lat="47.42016" lon="-120.91739">
        <ele>1611.32</ele>
        <time>2021-09-04T22:51:38Z</time>
      </trkpt>
      <trkpt lat="47.42015" lon="-120.91735">
        <ele>1612.0</ele>
        <time>2021-09-04T22:51:41Z</time>
      </trkpt>
      <trkpt lat="47.42013" lon="-120.9173">
        <ele>1612.72</ele>
        <time>2021-09-04T22:51:45Z</time>
      </trkpt>
      <trkpt lat="47.42012" lon="-120.91726">
        <ele>1613.48</ele>
        <time>2021-09-04T22:51:51Z</time>
      </trkpt>
      <trkpt lat="47.42012" lon="-120.91722">
        <ele>1614.32</ele>
        <time>2021-09-04T22:51:55Z</time>
      </trkpt>
      <trkpt lat="47.42011" lon="-120.91717">
        <ele>1614.75</ele>
        <time>2021-09-04T22:51:59Z</time>
      </trkpt>
      <trkpt lat="47.42009" lon="-120.91713">
        <ele>1615.0</ele>
        <time>2021-09-04T22:52:03Z</time>
      </trkpt>
      <trkpt lat="47.42007" lon="-120.91708">
        <ele>1615.94</ele>
        <time>2021-09-04T22:52:06Z</time>
      </trkpt>
      <trkpt lat="47.42004" lon="-120.91705">
        <ele>1616.23</ele>
        <time>2021-09-04T22:52:09Z</time>
      </trkpt>
      <trkpt lat="47.42001" lon="-120.91702">
        <ele>1616.29</ele>
        <time>2021-09-04T22:52:12Z</time>
      </trkpt>
      <trkpt lat="47.41999" lon="-120.917">
        <ele>1616.34</ele>
        <time>2021-09-04T22:52:14Z</time>
      </trkpt>
      <trkpt lat="47.41996" lon="-120.91697">
        <ele>1616.6</ele>
        <time>2021-09-04T22:52:17Z</time>
      </trkpt>
      <trkpt lat="47.41994" lon="-120.91694">
        <ele>1617.05</ele>
        <time>2021-09-04T22:52:22Z</time>
      </trkpt>
      <trkpt lat="47.41993" lon="-120.9169">
        <ele>1617.48</ele>
        <time>2021-09-04T22:52:26Z</time>
      </trkpt>
      <trkpt lat="47.41992" lon="-120.91685">
        <ele>1618.02</ele>
        <time>2021-09-04T22:52:30Z</time>
      </trkpt>
      <trkpt lat="47.41992" lon="-120.9168">
        <ele>1618.56</ele>
        <time>2021-09-04T22:52:33Z</time>
      </trkpt>
      <trkpt lat="47.41993" lon="-120.91676">
        <ele>1618.99</ele>
        <time>2021-09-04T22:52:37Z</time>
      </trkpt>
      <trkpt lat="47.41993" lon="-120.91672">
        <ele>1619.42</ele>
        <time>2021-09-04T22:52:40Z</time>
      </trkpt>
      <trkpt lat="47.41991" lon="-120.91667">
        <ele>1619.96</ele>
        <time>2021-09-04T22:52:44Z</time>
      </trkpt>
      <trkpt lat="47.41989" lon="-120.91664">
        <ele>1620.52</ele>
        <time>2021-09-04T22:52:47Z</time>
      </trkpt>
      <trkpt lat="47.41986" lon="-120.91662">
        <ele>1620.75</ele>
        <time>2021-09-04T22:52:50Z</time>
      </trkpt>
      <trkpt lat="47.41984" lon="-120.91659">
        <ele>1621.05</ele>
        <time>2021-09-04T22:52:53Z</time>
      </trkpt>
      <trkpt lat="47.41981" lon="-120.91656">
        <ele>1621.24</ele>
        <time>2021-09-04T22:52:57Z</time>
      </trkpt>
      <trkpt lat="47.41979" lon="-120.91652">
        <ele>1621.74</ele>
        <time>2021-09-04T22:53:01Z</time>
      </trkpt>
      <trkpt lat="47.41977" lon="-120.91649">
        <ele>1621.89</ele>
        <time>2021-09-04T22:53:05Z</time>
      </trkpt>
      <trkpt lat="47.41977" lon="-120.91645">
        <ele>1622.37</ele>
        <time>2021-09-04T22:53:10Z</time>
      </trkpt>
      <trkpt lat="47.41974" lon="-120.91642">
        <ele>1622.05</ele>
        <time>2021-09-04T22:53:16Z</time>
      </trkpt>
      <trkpt lat="47.41971" lon="-120.9164">
        <ele>1621.88</ele>
        <time>2021-09-04T22:53:20Z</time>
      </trkpt>
      <trkpt lat="47.41969" lon="-120.91637">
        <ele>1622.41</ele>
        <time>2021-09-04T22:53:24Z</time>
      </trkpt>
      <trkpt lat="47.41967" lon="-120.91633">
        <ele>1623.27</ele>
        <time>2021-09-04T22:53:31Z</time>
      </trkpt>
      <trkpt lat="47.41965" lon="-120.9163">
        <ele>1623.92</ele>
        <time>2021-09-04T22:53:36Z</time>
      </trkpt>
      <trkpt lat="47.41963" lon="-120.91627">
        <ele>1624.85</ele>
        <time>2021-09-04T22:53:40Z</time>
      </trkpt>
      <trkpt lat="47.41959" lon="-120.91625">
        <ele>1625.29</ele>
        <time>2021-09-04T22:53:44Z</time>
      </trkpt>
      <trkpt lat="47.41956" lon="-120.91624">
        <ele>1625.37</ele>
        <time>2021-09-04T22:53:47Z</time>
      </trkpt>
      <trkpt lat="47.41953" lon="-120.91621">
        <ele>1625.79</ele>
        <time>2021-09-04T22:53:51Z</time>
      </trkpt>
      <trkpt lat="47.41951" lon="-120.91618">
        <ele>1626.33</ele>
        <time>2021-09-04T22:53:56Z</time>
      </trkpt>
      <trkpt lat="47.41948" lon="-120.91616">
        <ele>1626.22</ele>
        <time>2021-09-04T22:54:02Z</time>
      </trkpt>
      <trkpt lat="47.41951" lon="-120.91617">
        <ele>1626.59</ele>
        <time>2021-09-04T22:54:19Z</time>
      </trkpt>
      <trkpt lat="47.41954" lon="-120.91618">
        <ele>1626.8</ele>
        <time>2021-09-04T22:54:36Z</time>
      </trkpt>
      <trkpt lat="47.41951" lon="-120.91621">
        <ele>1625.57</ele>
        <time>2021-09-04T22:55:26Z</time>
      </trkpt>
      <trkpt lat="47.41953" lon="-120.91617">
        <ele>1626.96</ele>
        <time>2021-09-04T22:55:53Z</time>
      </trkpt>
      <trkpt lat="47.41951" lon="-120.91614">
        <ele>1627.37</ele>
        <time>2021-09-04T22:56:27Z</time>
      </trkpt>
      <trkpt lat="47.41948" lon="-120.91614">
        <ele>1626.6</ele>
        <time>2021-09-04T22:56:31Z</time>
      </trkpt>
      <trkpt lat="47.41946" lon="-120.91618">
        <ele>1625.51</ele>
        <time>2021-09-04T22:56:42Z</time>
      </trkpt>
      <trkpt lat="47.41948" lon="-120.91619">
        <ele>1625.65</ele>
        <time>2021-09-04T22:56:56Z</time>
      </trkpt>
      <trkpt lat="47.41951" lon="-120.9162">
        <ele>1625.8</ele>
        <time>2021-09-04T22:57:02Z</time>
      </trkpt>
      <trkpt lat="47.4195" lon="-120.91624">
        <ele>1624.82</ele>
        <time>2021-09-04T22:57:34Z</time>
      </trkpt>
      <trkpt lat="47.4195" lon="-120.91619">
        <ele>1625.93</ele>
        <time>2021-09-04T22:58:14Z</time>
      </trkpt>
      <trkpt lat="47.4195" lon="-120.91623">
        <ele>1625.03</ele>
        <time>2021-09-04T22:58:36Z</time>
      </trkpt>
      <trkpt lat="47.41952" lon="-120.9162">
        <ele>1625.92</ele>
        <time>2021-09-04T22:59:24Z</time>
      </trkpt>
      <trkpt lat="47.41954" lon="-120.91618">
        <ele>1626.8</ele>
        <time>2021-09-04T23:00:27Z</time>
      </trkpt>
      <trkpt lat="47.41951" lon="-120.91618">
        <ele>1626.33</ele>
        <time>2021-09-04T23:00:42Z</time>
      </trkpt>
      <trkpt lat="47.41948" lon="-120.91616">
        <ele>1626.22</ele>
        <time>2021-09-04T23:00:46Z</time>
      </trkpt>
      <trkpt lat="47.41946" lon="-120.91614">
        <ele>1626.09</ele>
        <time>2021-09-04T23:00:51Z</time>
      </trkpt>
      <trkpt lat="47.41949" lon="-120.91616">
        <ele>1626.43</ele>
        <time>2021-09-04T23:01:03Z</time>
      </trkpt>
      <trkpt lat="47.41952" lon="-120.91617">
        <ele>1626.77</ele>
        <time>2021-09-04T23:01:10Z</time>
      </trkpt>
      <trkpt lat="47.41951" lon="-120.91613">
        <ele>1627.63</ele>
        <time>2021-09-04T23:01:47Z</time>
      </trkpt>
      <trkpt lat="47.41953" lon="-120.91616">
        <ele>1627.27</ele>
        <time>2021-09-04T23:02:13Z</time>
      </trkpt>
      <trkpt lat="47.41954" lon="-120.9162">
        <ele>1626.15</ele>
        <time>2021-09-04T23:02:52Z</time>
      </trkpt>
      <trkpt lat="47.4195" lon="-120.91617">
        <ele>1626.4</ele>
        <time>2021-09-04T23:03:01Z</time>
      </trkpt>
      <trkpt lat="47.41948" lon="-120.91615">
        <ele>1626.41</ele>
        <time>2021-09-04T23:03:03Z</time>
      </trkpt>
      <trkpt lat="47.41945" lon="-120.91613">
        <ele>1625.95</ele>
        <time>2021-09-04T23:03:05Z</time>
      </trkpt>
      <trkpt lat="47.41941" lon="-120.91611">
        <ele>1624.91</ele>
        <time>2021-09-04T23:03:08Z</time>
      </trkpt>
      <trkpt lat="47.41939" lon="-120.91606">
        <ele>1625.34</ele>
        <time>2021-09-04T23:03:12Z</time>
      </trkpt>
      <trkpt lat="47.4194" lon="-120.91601">
        <ele>1626.79</ele>
        <time>2021-09-04T23:03:15Z</time>
      </trkpt>
      <trkpt lat="47.41939" lon="-120.91596">
        <ele>1627.76</ele>
        <time>2021-09-04T23:03:19Z</time>
      </trkpt>
      <trkpt lat="47.4194" lon="-120.91592">
        <ele>1629.21</ele>
        <time>2021-09-04T23:03:25Z</time>
      </trkpt>
      <trkpt lat="47.41942" lon="-120.91588">
        <ele>1630.94</ele>
        <time>2021-09-04T23:03:31Z</time>
      </trkpt>
      <trkpt lat="47.41944" lon="-120.91585">
        <ele>1632.45</ele>
        <time>2021-09-04T23:03:35Z</time>
      </trkpt>
      <trkpt lat="47.41947" lon="-120.91583">
        <ele>1633.86</ele>
        <time>2021-09-04T23:03:39Z</time>
      </trkpt>
      <trkpt lat="47.4195" lon="-120.91581">
        <ele>1635.05</ele>
        <time>2021-09-04T23:03:42Z</time>
      </trkpt>
      <trkpt lat="47.41952" lon="-120.91578">
        <ele>1636.02</ele>
        <time>2021-09-04T23:03:45Z</time>
      </trkpt>
      <trkpt lat="47.41954" lon="-120.91575">
        <ele>1636.93</ele>
        <time>2021-09-04T23:03:49Z</time>
      </trkpt>
      <trkpt lat="47.41956" lon="-120.91572">
        <ele>1637.3</ele>
        <time>2021-09-04T23:03:53Z</time>
      </trkpt>
      <trkpt lat="47.41958" lon="-120.91568">
        <ele>1637.77</ele>
        <time>2021-09-04T23:03:57Z</time>
      </trkpt>
      <trkpt lat="47.4196" lon="-120.91565">
        <ele>1638.35</ele>
        <time>2021-09-04T23:04:02Z</time>
      </trkpt>
      <trkpt lat="47.41962" lon="-120.91562">
        <ele>1639.13</ele>
        <time>2021-09-04T23:04:05Z</time>
      </trkpt>
      <trkpt lat="47.41965" lon="-120.9156">
        <ele>1639.63</ele>
        <time>2021-09-04T23:04:08Z</time>
      </trkpt>
      <trkpt lat="47.41968" lon="-120.91558">
        <ele>1640.14</ele>
        <time>2021-09-04T23:04:12Z</time>
      </trkpt>
      <trkpt lat="47.41971" lon="-120.91556">
        <ele>1640.78</ele>
        <time>2021-09-04T23:04:16Z</time>
      </trkpt>
      <trkpt lat="47.41974" lon="-120.91553">
        <ele>1641.55</ele>
        <time>2021-09-04T23:04:20Z</time>
      </trkpt>
      <trkpt lat="47.41976" lon="-120.91551">
        <ele>1641.98</ele>
        <time>2021-09-04T23:04:24Z</time>
      </trkpt>
      <trkpt lat="47.41979" lon="-120.91548">
        <ele>1642.63</ele>
        <time>2021-09-04T23:04:28Z</time>
      </trkpt>
      <trkpt lat="47.41981" lon="-120.91544">
        <ele>1643.5</ele>
        <time>2021-09-04T23:04:31Z</time>
      </trkpt>
      <trkpt lat="47.41984" lon="-120.91542">
        <ele>1643.93</ele>
        <time>2021-09-04T23:04:35Z</time>
      </trkpt>
      <trkpt lat="47.41986" lon="-120.9154">
        <ele>1644.36</ele>
        <time>2021-09-04T23:04:38Z</time>
      </trkpt>
      <trkpt lat="47.41989" lon="-120.91538">
        <ele>1644.79</ele>
        <time>2021-09-04T23:04:42Z</time>
      </trkpt>
      <trkpt lat="47.41992" lon="-120.91535">
        <ele>1645.44</ele>
        <time>2021-09-04T23:04:45Z</time>
      </trkpt>
      <trkpt lat="47.41994" lon="-120.91533">
        <ele>1645.87</ele>
        <time>2021-09-04T23:04:48Z</time>
      </trkpt>
      <trkpt lat="47.41997" lon="-120.91531">
        <ele>1646.3</ele>
        <time>2021-09-04T23:04:52Z</time>
      </trkpt>
      <trkpt lat="47.42" lon="-120.91529">
        <ele>1646.74</ele>
        <time>2021-09-04T23:04:55Z</time>
      </trkpt>
      <trkpt lat="47.42003" lon="-120.91527">
        <ele>1647.17</ele>
        <time>2021-09-04T23:04:58Z</time>
      </trkpt>
      <trkpt lat="47.42006" lon="-120.91525">
        <ele>1647.6</ele>
        <time>2021-09-04T23:05:01Z</time>
      </trkpt>
      <trkpt lat="47.4201" lon="-120.91524">
        <ele>1647.82</ele>
        <time>2021-09-04T23:05:04Z</time>
      </trkpt>
      <trkpt lat="47.42012" lon="-120.9152">
        <ele>1648.68</ele>
        <time>2021-09-04T23:05:08Z</time>
      </trkpt>
      <trkpt lat="47.42014" lon="-120.91517">
        <ele>1649.41</ele>
        <time>2021-09-04T23:05:11Z</time>
      </trkpt>
      <trkpt lat="47.42016" lon="-120.91513">
        <ele>1650.63</ele>
        <time>2021-09-04T23:05:15Z</time>
      </trkpt>
      <trkpt lat="47.42018" lon="-120.9151">
        <ele>1651.71</ele>
        <time>2021-09-04T23:05:19Z</time>
      </trkpt>
      <trkpt lat="47.42021" lon="-120.91507">
        <ele>1652.76</ele>
        <time>2021-09-04T23:05:22Z</time>
      </trkpt>
      <trkpt lat="47.42023" lon="-120.91504">
        <ele>1653.62</ele>
        <time>2021-09-04T23:05:27Z</time>
      </trkpt>
      <trkpt lat="47.42027" lon="-120.91503">
        <ele>1654.27</ele>
        <time>2021-09-04T23:05:33Z</time>
      </trkpt>
      <trkpt lat="47.4203" lon="-120.91506">
        <ele>1654.03</ele>
        <time>2021-09-04T23:05:36Z</time>
      </trkpt>
      <trkpt lat="47.42032" lon="-120.91508">
        <ele>1653.79</ele>
        <time>2021-09-04T23:05:39Z</time>
      </trkpt>
      <trkpt lat="47.42035" lon="-120.9151">
        <ele>1653.6</ele>
        <time>2021-09-04T23:05:43Z</time>
      </trkpt>
      <trkpt lat="47.42038" lon="-120.9151">
        <ele>1654.15</ele>
        <time>2021-09-04T23:05:47Z</time>
      </trkpt>
      <trkpt lat="47.42041" lon="-120.91511">
        <ele>1654.91</ele>
        <time>2021-09-04T23:05:51Z</time>
      </trkpt>
      <trkpt lat="47.42044" lon="-120.91511">
        <ele>1655.88</ele>
        <time>2021-09-04T23:05:56Z</time>
      </trkpt>
      <trkpt lat="47.42048" lon="-120.9151">
        <ele>1657.39</ele>
        <time>2021-09-04T23:05:59Z</time>
      </trkpt>
      <trkpt lat="47.42051" lon="-120.91509">
        <ele>1658.55</ele>
        <time>2021-09-04T23:06:04Z</time>
      </trkpt>
      <trkpt lat="47.42054" lon="-120.9151">
        <ele>1659.34</ele>
        <time>2021-09-04T23:06:08Z</time>
      </trkpt>
      <trkpt lat="47.42056" lon="-120.91512">
        <ele>1659.47</ele>
        <time>2021-09-04T23:06:11Z</time>
      </trkpt>
      <trkpt lat="47.42059" lon="-120.91514">
        <ele>1659.54</ele>
        <time>2021-09-04T23:06:16Z</time>
      </trkpt>
      <trkpt lat="47.42062" lon="-120.91515">
        <ele>1659.89</ele>
        <time>2021-09-04T23:06:20Z</time>
      </trkpt>
      <trkpt lat="47.42066" lon="-120.91516">
        <ele>1660.4</ele>
        <time>2021-09-04T23:06:24Z</time>
      </trkpt>
      <trkpt lat="47.42069" lon="-120.91518">
        <ele>1660.51</ele>
        <time>2021-09-04T23:06:27Z</time>
      </trkpt>
      <trkpt lat="47.42072" lon="-120.91519">
        <ele>1660.71</ele>
        <time>2021-09-04T23:06:31Z</time>
      </trkpt>
      <trkpt lat="47.42076" lon="-120.91519">
        <ele>1660.95</ele>
        <time>2021-09-04T23:06:35Z</time>
      </trkpt>
      <trkpt lat="47.42079" lon="-120.9152">
        <ele>1660.84</ele>
        <time>2021-09-04T23:06:38Z</time>
      </trkpt>
      <trkpt lat="47.42083" lon="-120.9152">
        <ele>1660.84</ele>
        <time>2021-09-04T23:06:42Z</time>
      </trkpt>
      <trkpt lat="47.42086" lon="-120.91521">
        <ele>1661.02</ele>
        <time>2021-09-04T23:06:46Z</time>
      </trkpt>
      <trkpt lat="47.4209" lon="-120.91522">
        <ele>1661.34</ele>
        <time>2021-09-04T23:06:50Z</time>
      </trkpt>
      <trkpt lat="47.42093" lon="-120.91524">
        <ele>1661.45</ele>
        <time>2021-09-04T23:06:53Z</time>
      </trkpt>
      <trkpt lat="47.42095" lon="-120.91526">
        <ele>1661.45</ele>
        <time>2021-09-04T23:06:56Z</time>
      </trkpt>
      <trkpt lat="47.42099" lon="-120.91527">
        <ele>1661.78</ele>
        <time>2021-09-04T23:06:59Z</time>
      </trkpt>
      <trkpt lat="47.42102" lon="-120.91528">
        <ele>1661.99</ele>
        <time>2021-09-04T23:07:02Z</time>
      </trkpt>
      <trkpt lat="47.42104" lon="-120.9153">
        <ele>1661.99</ele>
        <time>2021-09-04T23:07:05Z</time>
      </trkpt>
      <trkpt lat="47.42108" lon="-120.9153">
        <ele>1662.42</ele>
        <time>2021-09-04T23:07:09Z</time>
      </trkpt>
      <trkpt lat="47.42111" lon="-120.9153">
        <ele>1662.75</ele>
        <time>2021-09-04T23:07:14Z</time>
      </trkpt>
      <trkpt lat="47.42114" lon="-120.91528">
        <ele>1662.98</ele>
        <time>2021-09-04T23:07:19Z</time>
      </trkpt>
      <trkpt lat="47.42116" lon="-120.91525">
        <ele>1663.16</ele>
        <time>2021-09-04T23:07:23Z</time>
      </trkpt>
      <trkpt lat="47.42119" lon="-120.91523">
        <ele>1663.44</ele>
        <time>2021-09-04T23:07:27Z</time>
      </trkpt>
      <trkpt lat="47.42121" lon="-120.91519">
        <ele>1663.95</ele>
        <time>2021-09-04T23:07:31Z</time>
      </trkpt>
      <trkpt lat="47.42123" lon="-120.91515">
        <ele>1664.27</ele>
        <time>2021-09-04T23:07:35Z</time>
      </trkpt>
      <trkpt lat="47.42124" lon="-120.91511">
        <ele>1664.49</ele>
        <time>2021-09-04T23:07:39Z</time>
      </trkpt>
      <trkpt lat="47.42126" lon="-120.91507">
        <ele>1664.54</ele>
        <time>2021-09-04T23:07:43Z</time>
      </trkpt>
      <trkpt lat="47.42127" lon="-120.91503">
        <ele>1664.77</ele>
        <time>2021-09-04T23:07:47Z</time>
      </trkpt>
      <trkpt lat="47.42128" lon="-120.91497">
        <ele>1665.38</ele>
        <time>2021-09-04T23:07:51Z</time>
      </trkpt>
      <trkpt lat="47.42129" lon="-120.91493">
        <ele>1665.81</ele>
        <time>2021-09-04T23:07:55Z</time>
      </trkpt>
      <trkpt lat="47.4213" lon="-120.91489">
        <ele>1666.19</ele>
        <time>2021-09-04T23:07:59Z</time>
      </trkpt>
      <trkpt lat="47.4213" lon="-120.91485">
        <ele>1666.62</ele>
        <time>2021-09-04T23:08:02Z</time>
      </trkpt>
      <trkpt lat="47.4213" lon="-120.9148">
        <ele>1667.31</ele>
        <time>2021-09-04T23:08:06Z</time>
      </trkpt>
      <trkpt lat="47.4213" lon="-120.91475">
        <ele>1668.37</ele>
        <time>2021-09-04T23:08:10Z</time>
      </trkpt>
      <trkpt lat="47.4213" lon="-120.91471">
        <ele>1669.09</ele>
        <time>2021-09-04T23:08:14Z</time>
      </trkpt>
      <trkpt lat="47.42129" lon="-120.91467">
        <ele>1669.56</ele>
        <time>2021-09-04T23:08:19Z</time>
      </trkpt>
      <trkpt lat="47.42125" lon="-120.91465">
        <ele>1669.78</ele>
        <time>2021-09-04T23:08:23Z</time>
      </trkpt>
      <trkpt lat="47.42122" lon="-120.91464">
        <ele>1669.89</ele>
        <time>2021-09-04T23:08:26Z</time>
      </trkpt>
      <trkpt lat="47.4212" lon="-120.91463">
        <ele>1670.0</ele>
        <time>2021-09-04T23:08:30Z</time>
      </trkpt>
      <trkpt lat="47.42117" lon="-120.91463">
        <ele>1670.0</ele>
        <time>2021-09-04T23:08:34Z</time>
      </trkpt>
      <trkpt lat="47.42113" lon="-120.91463">
        <ele>1670.0</ele>
        <time>2021-09-04T23:08:56Z</time>
      </trkpt>
      <trkpt lat="47.4211" lon="-120.91462">
        <ele>1670.32</ele>
        <time>2021-09-04T23:08:59Z</time>
      </trkpt>
      <trkpt lat="47.42107" lon="-120.9146">
        <ele>1670.94</ele>
        <time>2021-09-04T23:09:03Z</time>
      </trkpt>
      <trkpt lat="47.42105" lon="-120.91457">
        <ele>1671.52</ele>
        <time>2021-09-04T23:09:06Z</time>
      </trkpt>
      <trkpt lat="47.42103" lon="-120.91455">
        <ele>1671.84</ele>
        <time>2021-09-04T23:09:09Z</time>
      </trkpt>
      <trkpt lat="47.421" lon="-120.91452">
        <ele>1672.72</ele>
        <time>2021-09-04T23:09:13Z</time>
      </trkpt>
      <trkpt lat="47.42096" lon="-120.9145">
        <ele>1673.58</ele>
        <time>2021-09-04T23:09:16Z</time>
      </trkpt>
      <trkpt lat="47.42093" lon="-120.91447">
        <ele>1674.44</ele>
        <time>2021-09-04T23:09:20Z</time>
      </trkpt>
      <trkpt lat="47.42091" lon="-120.91444">
        <ele>1675.14</ele>
        <time>2021-09-04T23:09:24Z</time>
      </trkpt>
      <trkpt lat="47.42088" lon="-120.91442">
        <ele>1675.79</ele>
        <time>2021-09-04T23:09:27Z</time>
      </trkpt>
      <trkpt lat="47.42085" lon="-120.91439">
        <ele>1676.76</ele>
        <time>2021-09-04T23:09:30Z</time>
      </trkpt>
      <trkpt lat="47.42083" lon="-120.91436">
        <ele>1677.7</ele>
        <time>2021-09-04T23:09:34Z</time>
      </trkpt>
      <trkpt lat="47.42084" lon="-120.91432">
        <ele>1679.03</ele>
        <time>2021-09-04T23:09:38Z</time>
      </trkpt>
      <trkpt lat="47.42087" lon="-120.91431">
        <ele>1679.36</ele>
        <time>2021-09-04T23:09:43Z</time>
      </trkpt>
      <trkpt lat="47.4209" lon="-120.91431">
        <ele>1679.36</ele>
        <time>2021-09-04T23:09:46Z</time>
      </trkpt>
      <trkpt lat="47.42093" lon="-120.9143">
        <ele>1679.68</ele>
        <time>2021-09-04T23:09:52Z</time>
      </trkpt>
      <trkpt lat="47.42095" lon="-120.91429">
        <ele>1680.0</ele>
        <time>2021-09-04T23:10:00Z</time>
      </trkpt>
      <trkpt lat="47.42093" lon="-120.91426">
        <ele>1680.98</ele>
        <time>2021-09-04T23:10:07Z</time>
      </trkpt>
      <trkpt lat="47.42096" lon="-120.91426">
        <ele>1680.98</ele>
        <time>2021-09-04T23:10:21Z</time>
      </trkpt>
      <trkpt lat="47.42099" lon="-120.91427">
        <ele>1680.65</ele>
        <time>2021-09-04T23:10:26Z</time>
      </trkpt>
      <trkpt lat="47.42101" lon="-120.91426">
        <ele>1680.98</ele>
        <time>2021-09-04T23:10:29Z</time>
      </trkpt>
      <trkpt lat="47.42104" lon="-120.91424">
        <ele>1681.39</ele>
        <time>2021-09-04T23:10:34Z</time>
      </trkpt>
      <trkpt lat="47.42106" lon="-120.91421">
        <ele>1682.15</ele>
        <time>2021-09-04T23:10:38Z</time>
      </trkpt>
      <trkpt lat="47.42109" lon="-120.9142">
        <ele>1682.15</ele>
        <time>2021-09-04T23:10:42Z</time>
      </trkpt>
      <trkpt lat="47.42111" lon="-120.91419">
        <ele>1682.26</ele>
        <time>2021-09-04T23:10:45Z</time>
      </trkpt>
      <trkpt lat="47.42113" lon="-120.91415">
        <ele>1682.99</ele>
        <time>2021-09-04T23:10:49Z</time>
      </trkpt>
      <trkpt lat="47.42116" lon="-120.91413">
        <ele>1682.95</ele>
        <time>2021-09-04T23:10:53Z</time>
      </trkpt>
      <trkpt lat="47.42114" lon="-120.9141">
        <ele>1684.04</ele>
        <time>2021-09-04T23:10:59Z</time>
      </trkpt>
      <trkpt lat="47.42111" lon="-120.91409">
        <ele>1684.67</ele>
        <time>2021-09-04T23:11:03Z</time>
      </trkpt>
      <trkpt lat="47.42108" lon="-120.91408">
        <ele>1685.21</ele>
        <time>2021-09-04T23:11:07Z</time>
      </trkpt>
      <trkpt lat="47.42105" lon="-120.91407">
        <ele>1685.72</ele>
        <time>2021-09-04T23:11:10Z</time>
      </trkpt>
      <trkpt lat="47.42102" lon="-120.91406">
        <ele>1686.14</ele>
        <time>2021-09-04T23:11:13Z</time>
      </trkpt>
      <trkpt lat="47.42098" lon="-120.91405">
        <ele>1686.26</ele>
        <time>2021-09-04T23:11:16Z</time>
      </trkpt>
      <trkpt lat="47.42096" lon="-120.91404">
        <ele>1686.37</ele>
        <time>2021-09-04T23:11:19Z</time>
      </trkpt>
      <trkpt lat="47.42093" lon="-120.91402">
        <ele>1686.58</ele>
        <time>2021-09-04T23:11:23Z</time>
      </trkpt>
      <trkpt lat="47.4209" lon="-120.914">
        <ele>1686.74</ele>
        <time>2021-09-04T23:11:26Z</time>
      </trkpt>
      <trkpt lat="47.42087" lon="-120.91398">
        <ele>1687.03</ele>
        <time>2021-09-04T23:11:29Z</time>
      </trkpt>
      <trkpt lat="47.42085" lon="-120.91396">
        <ele>1687.46</ele>
        <time>2021-09-04T23:11:34Z</time>
      </trkpt>
      <trkpt lat="47.42082" lon="-120.91393">
        <ele>1688.11</ele>
        <time>2021-09-04T23:11:38Z</time>
      </trkpt>
      <trkpt lat="47.4208" lon="-120.91392">
        <ele>1688.33</ele>
        <time>2021-09-04T23:11:41Z</time>
      </trkpt>
      <trkpt lat="47.42077" lon="-120.9139">
        <ele>1688.76</ele>
        <time>2021-09-04T23:11:45Z</time>
      </trkpt>
      <trkpt lat="47.42074" lon="-120.91388">
        <ele>1689.18</ele>
        <time>2021-09-04T23:11:49Z</time>
      </trkpt>
      <trkpt lat="47.42072" lon="-120.91386">
        <ele>1689.4</ele>
        <time>2021-09-04T23:11:54Z</time>
      </trkpt>
      <trkpt lat="47.42072" lon="-120.91382">
        <ele>1690.26</ele>
        <time>2021-09-04T23:12:01Z</time>
      </trkpt>
      <trkpt lat="47.42075" lon="-120.91382">
        <ele>1690.49</ele>
        <time>2021-09-04T23:12:05Z</time>
      </trkpt>
      <trkpt lat="47.42078" lon="-120.91384">
        <ele>1690.06</ele>
        <time>2021-09-04T23:12:08Z</time>
      </trkpt>
      <trkpt lat="47.42081" lon="-120.91385">
        <ele>1689.84</ele>
        <time>2021-09-04T23:12:12Z</time>
      </trkpt>
      <trkpt lat="47.42084" lon="-120.91384">
        <ele>1690.06</ele>
        <time>2021-09-04T23:12:17Z</time>
      </trkpt>
      <trkpt lat="47.42087" lon="-120.91381">
        <ele>1690.7</ele>
        <time>2021-09-04T23:12:21Z</time>
      </trkpt>
      <trkpt lat="47.4209" lon="-120.9138">
        <ele>1690.92</ele>
        <time>2021-09-04T23:12:24Z</time>
      </trkpt>
      <trkpt lat="47.42092" lon="-120.91377">
        <ele>1691.57</ele>
        <time>2021-09-04T23:12:27Z</time>
      </trkpt>
      <trkpt lat="47.42096" lon="-120.91375">
        <ele>1691.63</ele>
        <time>2021-09-04T23:12:31Z</time>
      </trkpt>
      <trkpt lat="47.42098" lon="-120.91374">
        <ele>1691.63</ele>
        <time>2021-09-04T23:12:34Z</time>
      </trkpt>
      <trkpt lat="47.42101" lon="-120.91372">
        <ele>1691.74</ele>
        <time>2021-09-04T23:12:37Z</time>
      </trkpt>
      <trkpt lat="47.42104" lon="-120.91371">
        <ele>1691.42</ele>
        <time>2021-09-04T23:12:40Z</time>
      </trkpt>
      <trkpt lat="47.42107" lon="-120.91371">
        <ele>1690.79</ele>
        <time>2021-09-04T23:12:45Z</time>
      </trkpt>
      <trkpt lat="47.4211" lon="-120.91371">
        <ele>1690.16</ele>
        <time>2021-09-04T23:12:48Z</time>
      </trkpt>
      <trkpt lat="47.42113" lon="-120.9137">
        <ele>1690.08</ele>
        <time>2021-09-04T23:12:51Z</time>
      </trkpt>
      <trkpt lat="47.42116" lon="-120.91368">
        <ele>1690.51</ele>
        <time>2021-09-04T23:12:54Z</time>
      </trkpt>
      <trkpt lat="47.42118" lon="-120.91366">
        <ele>1690.94</ele>
        <time>2021-09-04T23:12:57Z</time>
      </trkpt>
      <trkpt lat="47.42116" lon="-120.91363">
        <ele>1691.59</ele>
        <time>2021-09-04T23:13:02Z</time>
      </trkpt>
      <trkpt lat="47.42113" lon="-120.91362">
        <ele>1691.81</ele>
        <time>2021-09-04T23:13:05Z</time>
      </trkpt>
      <trkpt lat="47.4211" lon="-120.91361">
        <ele>1692.14</ele>
        <time>2021-09-04T23:13:08Z</time>
      </trkpt>
      <trkpt lat="47.42107" lon="-120.91358">
        <ele>1693.12</ele>
        <time>2021-09-04T23:13:12Z</time>
      </trkpt>
      <trkpt lat="47.42105" lon="-120.91355">
        <ele>1693.98</ele>
        <time>2021-09-04T23:13:16Z</time>
      </trkpt>
      <trkpt lat="47.42103" lon="-120.91351">
        <ele>1695.05</ele>
        <time>2021-09-04T23:13:20Z</time>
      </trkpt>
      <trkpt lat="47.42101" lon="-120.91348">
        <ele>1695.98</ele>
        <time>2021-09-04T23:13:23Z</time>
      </trkpt>
      <trkpt lat="47.42098" lon="-120.91345">
        <ele>1697.0</ele>
        <time>2021-09-04T23:13:27Z</time>
      </trkpt>
      <trkpt lat="47.42096" lon="-120.91342">
        <ele>1697.8</ele>
        <time>2021-09-04T23:13:30Z</time>
      </trkpt>
      <trkpt lat="47.42093" lon="-120.9134">
        <ele>1698.78</ele>
        <time>2021-09-04T23:13:33Z</time>
      </trkpt>
      <trkpt lat="47.4209" lon="-120.9134">
        <ele>1699.12</ele>
        <time>2021-09-04T23:13:36Z</time>
      </trkpt>
      <trkpt lat="47.42087" lon="-120.9134">
        <ele>1699.44</ele>
        <time>2021-09-04T23:13:39Z</time>
      </trkpt>
      <trkpt lat="47.42084" lon="-120.91341">
        <ele>1699.44</ele>
        <time>2021-09-04T23:13:42Z</time>
      </trkpt>
      <trkpt lat="47.42082" lon="-120.91341">
        <ele>1699.64</ele>
        <time>2021-09-04T23:13:45Z</time>
      </trkpt>
      <trkpt lat="47.42078" lon="-120.91341">
        <ele>1699.99</ele>
        <time>2021-09-04T23:13:48Z</time>
      </trkpt>
      <trkpt lat="47.42075" lon="-120.9134">
        <ele>1700.49</ele>
        <time>2021-09-04T23:13:51Z</time>
      </trkpt>
      <trkpt lat="47.42073" lon="-120.91337">
        <ele>1701.09</ele>
        <time>2021-09-04T23:13:54Z</time>
      </trkpt>
      <trkpt lat="47.42071" lon="-120.91334">
        <ele>1701.52</ele>
        <time>2021-09-04T23:13:57Z</time>
      </trkpt>
      <trkpt lat="47.42068" lon="-120.91331">
        <ele>1701.85</ele>
        <time>2021-09-04T23:14:00Z</time>
      </trkpt>
      <trkpt lat="47.42066" lon="-120.91327">
        <ele>1702.5</ele>
        <time>2021-09-04T23:14:04Z</time>
      </trkpt>
      <trkpt lat="47.42064" lon="-120.91324">
        <ele>1702.93</ele>
        <time>2021-09-04T23:14:07Z</time>
      </trkpt>
      <trkpt lat="47.42062" lon="-120.91321">
        <ele>1703.36</ele>
        <time>2021-09-04T23:14:10Z</time>
      </trkpt>
      <trkpt lat="47.4206" lon="-120.91318">
        <ele>1703.79</ele>
        <time>2021-09-04T23:14:13Z</time>
      </trkpt>
      <trkpt lat="47.42058" lon="-120.91314">
        <ele>1704.44</ele>
        <time>2021-09-04T23:14:17Z</time>
      </trkpt>
      <trkpt lat="47.42056" lon="-120.9131">
        <ele>1705.09</ele>
        <time>2021-09-04T23:14:22Z</time>
      </trkpt>
      <trkpt lat="47.42055" lon="-120.91305">
        <ele>1706.06</ele>
        <time>2021-09-04T23:14:26Z</time>
      </trkpt>
      <trkpt lat="47.42054" lon="-120.91301">
        <ele>1706.82</ele>
        <time>2021-09-04T23:14:29Z</time>
      </trkpt>
      <trkpt lat="47.42052" lon="-120.91298">
        <ele>1707.25</ele>
        <time>2021-09-04T23:14:33Z</time>
      </trkpt>
      <trkpt lat="47.4205" lon="-120.91294">
        <ele>1707.9</ele>
        <time>2021-09-04T23:14:37Z</time>
      </trkpt>
      <trkpt lat="47.42047" lon="-120.91291">
        <ele>1708.22</ele>
        <time>2021-09-04T23:14:41Z</time>
      </trkpt>
      <trkpt lat="47.42044" lon="-120.91288">
        <ele>1708.79</ele>
        <time>2021-09-04T23:14:44Z</time>
      </trkpt>
      <trkpt lat="47.42042" lon="-120.91285">
        <ele>1709.66</ele>
        <time>2021-09-04T23:14:48Z</time>
      </trkpt>
      <trkpt lat="47.42041" lon="-120.91281">
        <ele>1710.96</ele>
        <time>2021-09-04T23:14:58Z</time>
      </trkpt>
      <trkpt lat="47.4204" lon="-120.91277">
        <ele>1712.19</ele>
        <time>2021-09-04T23:15:01Z</time>
      </trkpt>
      <trkpt lat="47.42038" lon="-120.91274">
        <ele>1712.86</ele>
        <time>2021-09-04T23:15:04Z</time>
      </trkpt>
      <trkpt lat="47.42035" lon="-120.91272">
        <ele>1713.03</ele>
        <time>2021-09-04T23:15:07Z</time>
      </trkpt>
      <trkpt lat="47.42033" lon="-120.9127">
        <ele>1713.24</ele>
        <time>2021-09-04T23:15:10Z</time>
      </trkpt>
      <trkpt lat="47.4203" lon="-120.91267">
        <ele>1713.44</ele>
        <time>2021-09-04T23:15:13Z</time>
      </trkpt>
      <trkpt lat="47.42029" lon="-120.91264">
        <ele>1713.68</ele>
        <time>2021-09-04T23:15:16Z</time>
      </trkpt>
      <trkpt lat="47.42027" lon="-120.9126">
        <ele>1713.83</ele>
        <time>2021-09-04T23:15:19Z</time>
      </trkpt>
      <trkpt lat="47.42026" lon="-120.91255">
        <ele>1714.64</ele>
        <time>2021-09-04T23:15:22Z</time>
      </trkpt>
      <trkpt lat="47.42025" lon="-120.9125">
        <ele>1715.4</ele>
        <time>2021-09-04T23:15:26Z</time>
      </trkpt>
      <trkpt lat="47.42024" lon="-120.91246">
        <ele>1716.05</ele>
        <time>2021-09-04T23:15:30Z</time>
      </trkpt>
      <trkpt lat="47.42024" lon="-120.91241">
        <ele>1717.13</ele>
        <time>2021-09-04T23:15:36Z</time>
      </trkpt>
      <trkpt lat="47.42025" lon="-120.91237">
        <ele>1717.8</ele>
        <time>2021-09-04T23:15:40Z</time>
      </trkpt>
      <trkpt lat="47.42024" lon="-120.91232">
        <ele>1718.13</ele>
        <time>2021-09-04T23:15:45Z</time>
      </trkpt>
      <trkpt lat="47.42024" lon="-120.91227">
        <ele>1718.47</ele>
        <time>2021-09-04T23:15:50Z</time>
      </trkpt>
      <trkpt lat="47.42023" lon="-120.91223">
        <ele>1718.41</ele>
        <time>2021-09-04T23:15:54Z</time>
      </trkpt>
      <trkpt lat="47.42022" lon="-120.91218">
        <ele>1718.41</ele>
        <time>2021-09-04T23:15:59Z</time>
      </trkpt>
      <trkpt lat="47.42022" lon="-120.91212">
        <ele>1718.79</ele>
        <time>2021-09-04T23:16:04Z</time>
      </trkpt>
      <trkpt lat="47.42022" lon="-120.91208">
        <ele>1718.95</ele>
        <time>2021-09-04T23:16:08Z</time>
      </trkpt>
      <trkpt lat="47.42022" lon="-120.91204">
        <ele>1719.12</ele>
        <time>2021-09-04T23:16:11Z</time>
      </trkpt>
      <trkpt lat="47.42022" lon="-120.912">
        <ele>1718.73</ele>
        <time>2021-09-04T23:16:14Z</time>
      </trkpt>
      <trkpt lat="47.42023" lon="-120.91195">
        <ele>1718.51</ele>
        <time>2021-09-04T23:16:17Z</time>
      </trkpt>
      <trkpt lat="47.42022" lon="-120.9119">
        <ele>1718.13</ele>
        <time>2021-09-04T23:16:20Z</time>
      </trkpt>
      <trkpt lat="47.42022" lon="-120.91185">
        <ele>1718.14</ele>
        <time>2021-09-04T23:16:23Z</time>
      </trkpt>
      <trkpt lat="47.42023" lon="-120.91181">
        <ele>1718.69</ele>
        <time>2021-09-04T23:16:27Z</time>
      </trkpt>
      <trkpt lat="47.42022" lon="-120.91175">
        <ele>1718.85</ele>
        <time>2021-09-04T23:16:30Z</time>
      </trkpt>
      <trkpt lat="47.42022" lon="-120.91171">
        <ele>1719.28</ele>
        <time>2021-09-04T23:16:33Z</time>
      </trkpt>
      <trkpt lat="47.42022" lon="-120.91167">
        <ele>1719.72</ele>
        <time>2021-09-04T23:16:37Z</time>
      </trkpt>
      <trkpt lat="47.42021" lon="-120.91162">
        <ele>1720.18</ele>
        <time>2021-09-04T23:16:42Z</time>
      </trkpt>
      <trkpt lat="47.42021" lon="-120.91157">
        <ele>1720.86</ele>
        <time>2021-09-04T23:16:47Z</time>
      </trkpt>
      <trkpt lat="47.4202" lon="-120.91152">
        <ele>1721.16</ele>
        <time>2021-09-04T23:16:50Z</time>
      </trkpt>
      <trkpt lat="47.4202" lon="-120.91148">
        <ele>1721.66</ele>
        <time>2021-09-04T23:16:54Z</time>
      </trkpt>
      <trkpt lat="47.42021" lon="-120.91144">
        <ele>1722.64</ele>
        <time>2021-09-04T23:16:58Z</time>
      </trkpt>
      <trkpt lat="47.42021" lon="-120.91139">
        <ele>1723.32</ele>
        <time>2021-09-04T23:17:02Z</time>
      </trkpt>
      <trkpt lat="47.4202" lon="-120.91134">
        <ele>1723.33</ele>
        <time>2021-09-04T23:17:06Z</time>
      </trkpt>
      <trkpt lat="47.42019" lon="-120.9113">
        <ele>1723.22</ele>
        <time>2021-09-04T23:17:10Z</time>
      </trkpt>
      <trkpt lat="47.42018" lon="-120.91126">
        <ele>1723.62</ele>
        <time>2021-09-04T23:17:14Z</time>
      </trkpt>
      <trkpt lat="47.42017" lon="-120.91123">
        <ele>1723.94</ele>
        <time>2021-09-04T23:17:18Z</time>
      </trkpt>
      <trkpt lat="47.42016" lon="-120.91118">
        <ele>1724.77</ele>
        <time>2021-09-04T23:17:23Z</time>
      </trkpt>
      <trkpt lat="47.42014" lon="-120.91114">
        <ele>1725.25</ele>
        <time>2021-09-04T23:17:27Z</time>
      </trkpt>
      <trkpt lat="47.42012" lon="-120.91111">
        <ele>1725.61</ele>
        <time>2021-09-04T23:17:30Z</time>
      </trkpt>
      <trkpt lat="47.4201" lon="-120.91107">
        <ele>1726.01</ele>
        <time>2021-09-04T23:17:35Z</time>
      </trkpt>
      <trkpt lat="47.42008" lon="-120.91103">
        <ele>1726.62</ele>
        <time>2021-09-04T23:17:39Z</time>
      </trkpt>
      <trkpt lat="47.42006" lon="-120.91099">
        <ele>1727.37</ele>
        <time>2021-09-04T23:17:43Z</time>
      </trkpt>
      <trkpt lat="47.42005" lon="-120.91095">
        <ele>1728.36</ele>
        <time>2021-09-04T23:17:46Z</time>
      </trkpt>
      <trkpt lat="47.42006" lon="-120.9109">
        <ele>1729.84</ele>
        <time>2021-09-04T23:17:51Z</time>
      </trkpt>
      <trkpt lat="47.42009" lon="-120.9109">
        <ele>1729.84</ele>
        <time>2021-09-04T23:17:55Z</time>
      </trkpt>
      <trkpt lat="47.42011" lon="-120.9109">
        <ele>1729.92</ele>
        <time>2021-09-04T23:17:58Z</time>
      </trkpt>
      <trkpt lat="47.42015" lon="-120.91089">
        <ele>1730.3</ele>
        <time>2021-09-04T23:18:03Z</time>
      </trkpt>
      <trkpt lat="47.42018" lon="-120.91088">
        <ele>1730.5</ele>
        <time>2021-09-04T23:18:07Z</time>
      </trkpt>
      <trkpt lat="47.42022" lon="-120.91088">
        <ele>1730.5</ele>
        <time>2021-09-04T23:18:11Z</time>
      </trkpt>
      <trkpt lat="47.42025" lon="-120.91087">
        <ele>1730.6</ele>
        <time>2021-09-04T23:18:15Z</time>
      </trkpt>
      <trkpt lat="47.42028" lon="-120.91086">
        <ele>1730.77</ele>
        <time>2021-09-04T23:18:19Z</time>
      </trkpt>
      <trkpt lat="47.42031" lon="-120.91087">
        <ele>1731.44</ele>
        <time>2021-09-04T23:18:22Z</time>
      </trkpt>
      <trkpt lat="47.42034" lon="-120.91089">
        <ele>1732.14</ele>
        <time>2021-09-04T23:18:26Z</time>
      </trkpt>
      <trkpt lat="47.42037" lon="-120.91087">
        <ele>1732.99</ele>
        <time>2021-09-04T23:18:31Z</time>
      </trkpt>
      <trkpt lat="47.42038" lon="-120.91083">
        <ele>1733.31</ele>
        <time>2021-09-04T23:18:34Z</time>
      </trkpt>
      <trkpt lat="47.42038" lon="-120.91079">
        <ele>1733.31</ele>
        <time>2021-09-04T23:18:38Z</time>
      </trkpt>
      <trkpt lat="47.42037" lon="-120.91074">
        <ele>1733.0</ele>
        <time>2021-09-04T23:18:42Z</time>
      </trkpt>
      <trkpt lat="47.42039" lon="-120.91071">
        <ele>1733.97</ele>
        <time>2021-09-04T23:18:49Z</time>
      </trkpt>
      <trkpt lat="47.42043" lon="-120.9107">
        <ele>1735.37</ele>
        <time>2021-09-04T23:18:53Z</time>
      </trkpt>
      <trkpt lat="47.42047" lon="-120.9107">
        <ele>1736.67</ele>
        <time>2021-09-04T23:18:56Z</time>
      </trkpt>
      <trkpt lat="47.4205" lon="-120.91072">
        <ele>1737.42</ele>
        <time>2021-09-04T23:19:00Z</time>
      </trkpt>
      <trkpt lat="47.42053" lon="-120.91074">
        <ele>1738.18</ele>
        <time>2021-09-04T23:19:03Z</time>
      </trkpt>
      <trkpt lat="47.42055" lon="-120.91076">
        <ele>1738.62</ele>
        <time>2021-09-04T23:19:06Z</time>
      </trkpt>
      <trkpt lat="47.42057" lon="-120.91079">
        <ele>1738.94</ele>
        <time>2021-09-04T23:19:10Z</time>
      </trkpt>
      <trkpt lat="47.42059" lon="-120.91075">
        <ele>1740.02</ele>
        <time>2021-09-04T23:19:15Z</time>
      </trkpt>
      <trkpt lat="47.4206" lon="-120.91069">
        <ele>1740.72</ele>
        <time>2021-09-04T23:19:19Z</time>
      </trkpt>
      <trkpt lat="47.42061" lon="-120.91065">
        <ele>1741.17</ele>
        <time>2021-09-04T23:19:22Z</time>
      </trkpt>
      <trkpt lat="47.42061" lon="-120.91059">
        <ele>1741.43</ele>
        <time>2021-09-04T23:19:27Z</time>
      </trkpt>
      <trkpt lat="47.42061" lon="-120.91054">
        <ele>1741.59</ele>
        <time>2021-09-04T23:19:31Z</time>
      </trkpt>
      <trkpt lat="47.42062" lon="-120.91051">
        <ele>1741.7</ele>
        <time>2021-09-04T23:19:35Z</time>
      </trkpt>
      <trkpt lat="47.42065" lon="-120.91047">
        <ele>1742.06</ele>
        <time>2021-09-04T23:19:39Z</time>
      </trkpt>
      <trkpt lat="47.42066" lon="-120.91043">
        <ele>1742.69</ele>
        <time>2021-09-04T23:19:43Z</time>
      </trkpt>
      <trkpt lat="47.42069" lon="-120.91041">
        <ele>1743.67</ele>
        <time>2021-09-04T23:19:48Z</time>
      </trkpt>
      <trkpt lat="47.42072" lon="-120.91039">
        <ele>1744.5</ele>
        <time>2021-09-04T23:19:54Z</time>
      </trkpt>
      <trkpt lat="47.42074" lon="-120.91035">
        <ele>1744.77</ele>
        <time>2021-09-04T23:19:59Z</time>
      </trkpt>
      <trkpt lat="47.42078" lon="-120.91034">
        <ele>1745.24</ele>
        <time>2021-09-04T23:20:02Z</time>
      </trkpt>
      <trkpt lat="47.4208" lon="-120.91033">
        <ele>1745.48</ele>
        <time>2021-09-04T23:20:05Z</time>
      </trkpt>
      <trkpt lat="47.42083" lon="-120.91033">
        <ele>1745.95</ele>
        <time>2021-09-04T23:20:09Z</time>
      </trkpt>
      <trkpt lat="47.42085" lon="-120.91036">
        <ele>1746.18</ele>
        <time>2021-09-04T23:20:15Z</time>
      </trkpt>
      <trkpt lat="47.42083" lon="-120.91033">
        <ele>1745.95</ele>
        <time>2021-09-04T23:20:32Z</time>
      </trkpt>
      <trkpt lat="47.42085" lon="-120.9103">
        <ele>1746.18</ele>
        <time>2021-09-04T23:20:43Z</time>
      </trkpt>
      <trkpt lat="47.42089" lon="-120.91029">
        <ele>1746.61</ele>
        <time>2021-09-04T23:20:47Z</time>
      </trkpt>
      <trkpt lat="47.42092" lon="-120.91028">
        <ele>1746.94</ele>
        <time>2021-09-04T23:20:51Z</time>
      </trkpt>
      <trkpt lat="47.42095" lon="-120.91029">
        <ele>1747.49</ele>
        <time>2021-09-04T23:20:57Z</time>
      </trkpt>
      <trkpt lat="47.42097" lon="-120.91026">
        <ele>1747.95</ele>
        <time>2021-09-04T23:21:15Z</time>
      </trkpt>
      <trkpt lat="47.421" lon="-120.91026">
        <ele>1748.6</ele>
        <time>2021-09-04T23:21:22Z</time>
      </trkpt>
      <trkpt lat="47.42098" lon="-120.91025">
        <ele>1748.17</ele>
        <time>2021-09-04T23:21:59Z</time>
      </trkpt>
      <trkpt lat="47.42095" lon="-120.91024">
        <ele>1747.52</ele>
        <time>2021-09-04T23:22:06Z</time>
      </trkpt>
      <trkpt lat="47.42094" lon="-120.91028">
        <ele>1747.3</ele>
        <time>2021-09-04T23:22:38Z</time>
      </trkpt>
      <trkpt lat="47.42096" lon="-120.91028">
        <ele>1747.73</ele>
        <time>2021-09-04T23:22:50Z</time>
      </trkpt>
      <trkpt lat="47.42094" lon="-120.91026">
        <ele>1747.3</ele>
        <time>2021-09-04T23:23:42Z</time>
      </trkpt>
      <trkpt lat="47.42091" lon="-120.91024">
        <ele>1746.76</ele>
        <time>2021-09-04T23:23:48Z</time>
      </trkpt>
      <trkpt lat="47.42093" lon="-120.9102">
        <ele>1747.09</ele>
        <time>2021-09-04T23:24:24Z</time>
      </trkpt>
      <trkpt lat="47.42096" lon="-120.91022">
        <ele>1747.74</ele>
        <time>2021-09-04T23:24:34Z</time>
      </trkpt>
      <trkpt lat="47.42098" lon="-120.91025">
        <ele>1748.17</ele>
        <time>2021-09-04T23:25:08Z</time>
      </trkpt>
      <trkpt lat="47.421" lon="-120.91027">
        <ele>1748.6</ele>
        <time>2021-09-04T23:25:39Z</time>
      </trkpt>
      <trkpt lat="47.42103" lon="-120.91029">
        <ele>1748.99</ele>
        <time>2021-09-04T23:25:49Z</time>
      </trkpt>
      <trkpt lat="47.421" lon="-120.91028">
        <ele>1748.58</ele>
        <time>2021-09-04T23:25:59Z</time>
      </trkpt>
      <trkpt lat="47.42103" lon="-120.91028">
        <ele>1749.1</ele>
        <time>2021-09-04T23:26:08Z</time>
      </trkpt>
      <trkpt lat="47.42105" lon="-120.91028">
        <ele>1749.32</ele>
        <time>2021-09-04T23:26:12Z</time>
      </trkpt>
      <trkpt lat="47.42108" lon="-120.9103">
        <ele>1749.42</ele>
        <time>2021-09-04T23:26:18Z</time>
      </trkpt>
      <trkpt lat="47.42111" lon="-120.91031">
        <ele>1749.64</ele>
        <time>2021-09-04T23:26:22Z</time>
      </trkpt>
      <trkpt lat="47.42115" lon="-120.9103">
        <ele>1750.18</ele>
        <time>2021-09-04T23:26:27Z</time>
      </trkpt>
      <trkpt lat="47.42118" lon="-120.91031">
        <ele>1750.4</ele>
        <time>2021-09-04T23:26:31Z</time>
      </trkpt>
      <trkpt lat="47.42122" lon="-120.9103">
        <ele>1750.94</ele>
        <time>2021-09-04T23:26:35Z</time>
      </trkpt>
      <trkpt lat="47.42125" lon="-120.91029">
        <ele>1751.37</ele>
        <time>2021-09-04T23:26:38Z</time>
      </trkpt>
      <trkpt lat="47.42128" lon="-120.91029">
        <ele>1751.69</ele>
        <time>2021-09-04T23:26:42Z</time>
      </trkpt>
      <trkpt lat="47.42131" lon="-120.91027">
        <ele>1752.23</ele>
        <time>2021-09-04T23:26:49Z</time>
      </trkpt>
      <trkpt lat="47.42133" lon="-120.91023">
        <ele>1752.88</ele>
        <time>2021-09-04T23:26:53Z</time>
      </trkpt>
      <trkpt lat="47.42134" lon="-120.9102">
        <ele>1753.31</ele>
        <time>2021-09-04T23:26:56Z</time>
      </trkpt>
      <trkpt lat="47.42137" lon="-120.91016">
        <ele>1754.07</ele>
        <time>2021-09-04T23:27:00Z</time>
      </trkpt>
      <trkpt lat="47.42139" lon="-120.91013">
        <ele>1754.6</ele>
        <time>2021-09-04T23:27:05Z</time>
      </trkpt>
      <trkpt lat="47.42141" lon="-120.91015">
        <ele>1754.47</ele>
        <time>2021-09-04T23:27:10Z</time>
      </trkpt>
      <trkpt lat="47.42144" lon="-120.91014">
        <ele>1754.76</ele>
        <time>2021-09-04T23:27:15Z</time>
      </trkpt>
      <trkpt lat="47.42146" lon="-120.91012">
        <ele>1755.24</ele>
        <time>2021-09-04T23:27:18Z</time>
      </trkpt>
      <trkpt lat="47.42148" lon="-120.91008">
        <ele>1756.12</ele>
        <time>2021-09-04T23:27:21Z</time>
      </trkpt>
      <trkpt lat="47.42151" lon="-120.91004">
        <ele>1756.43</ele>
        <time>2021-09-04T23:27:25Z</time>
      </trkpt>
      <trkpt lat="47.42153" lon="-120.91002">
        <ele>1756.67</ele>
        <time>2021-09-04T23:27:28Z</time>
      </trkpt>
      <trkpt lat="47.42155" lon="-120.90998">
        <ele>1757.22</ele>
        <time>2021-09-04T23:27:32Z</time>
      </trkpt>
      <trkpt lat="47.42156" lon="-120.90993">
        <ele>1757.76</ele>
        <time>2021-09-04T23:27:37Z</time>
      </trkpt>
      <trkpt lat="47.42155" lon="-120.90989">
        <ele>1758.19</ele>
        <time>2021-09-04T23:27:41Z</time>
      </trkpt>
      <trkpt lat="47.42156" lon="-120.90985">
        <ele>1758.62</ele>
        <time>2021-09-04T23:27:46Z</time>
      </trkpt>
      <trkpt lat="47.42156" lon="-120.9098">
        <ele>1759.3</ele>
        <time>2021-09-04T23:27:49Z</time>
      </trkpt>
      <trkpt lat="47.42155" lon="-120.90975">
        <ele>1760.22</ele>
        <time>2021-09-04T23:27:52Z</time>
      </trkpt>
      <trkpt lat="47.42154" lon="-120.90971">
        <ele>1760.76</ele>
        <time>2021-09-04T23:27:56Z</time>
      </trkpt>
      <trkpt lat="47.42154" lon="-120.90967">
        <ele>1761.2</ele>
        <time>2021-09-04T23:27:59Z</time>
      </trkpt>
      <trkpt lat="47.42154" lon="-120.90962">
        <ele>1761.8</ele>
        <time>2021-09-04T23:28:03Z</time>
      </trkpt>
      <trkpt lat="47.42154" lon="-120.90957">
        <ele>1762.68</ele>
        <time>2021-09-04T23:28:07Z</time>
      </trkpt>
      <trkpt lat="47.42153" lon="-120.90953">
        <ele>1763.12</ele>
        <time>2021-09-04T23:28:12Z</time>
      </trkpt>
      <trkpt lat="47.42152" lon="-120.90949">
        <ele>1763.34</ele>
        <time>2021-09-04T23:28:16Z</time>
      </trkpt>
      <trkpt lat="47.42151" lon="-120.90944">
        <ele>1763.68</ele>
        <time>2021-09-04T23:28:20Z</time>
      </trkpt>
      <trkpt lat="47.4215" lon="-120.90939">
        <ele>1764.11</ele>
        <time>2021-09-04T23:28:25Z</time>
      </trkpt>
      <trkpt lat="47.4215" lon="-120.90935">
        <ele>1764.62</ele>
        <time>2021-09-04T23:28:30Z</time>
      </trkpt>
      <trkpt lat="47.4215" lon="-120.9093">
        <ele>1765.16</ele>
        <time>2021-09-04T23:28:35Z</time>
      </trkpt>
      <trkpt lat="47.42149" lon="-120.90927">
        <ele>1765.16</ele>
        <time>2021-09-04T23:28:39Z</time>
      </trkpt>
      <trkpt lat="47.42148" lon="-120.90922">
        <ele>1765.4</ele>
        <time>2021-09-04T23:28:43Z</time>
      </trkpt>
      <trkpt lat="47.42147" lon="-120.90918">
        <ele>1765.71</ele>
        <time>2021-09-04T23:28:47Z</time>
      </trkpt>
      <trkpt lat="47.42146" lon="-120.90914">
        <ele>1766.06</ele>
        <time>2021-09-04T23:28:51Z</time>
      </trkpt>
      <trkpt lat="47.42143" lon="-120.90911">
        <ele>1766.06</ele>
        <time>2021-09-04T23:28:55Z</time>
      </trkpt>
      <trkpt lat="47.42142" lon="-120.90907">
        <ele>1766.41</ele>
        <time>2021-09-04T23:29:00Z</time>
      </trkpt>
      <trkpt lat="47.42141" lon="-120.90903">
        <ele>1767.07</ele>
        <time>2021-09-04T23:29:05Z</time>
      </trkpt>
      <trkpt lat="47.42144" lon="-120.90902">
        <ele>1767.4</ele>
        <time>2021-09-04T23:29:11Z</time>
      </trkpt>
      <trkpt lat="47.42146" lon="-120.90905">
        <ele>1767.09</ele>
        <time>2021-09-04T23:29:26Z</time>
      </trkpt>
      <trkpt lat="47.42149" lon="-120.90906">
        <ele>1767.44</ele>
        <time>2021-09-04T23:29:46Z</time>
      </trkpt>
      <trkpt lat="47.42152" lon="-120.90906">
        <ele>1768.46</ele>
        <time>2021-09-04T23:29:55Z</time>
      </trkpt>
      <trkpt lat="47.42154" lon="-120.90907">
        <ele>1768.97</ele>
        <time>2021-09-04T23:30:01Z</time>
      </trkpt>
      <trkpt lat="47.42158" lon="-120.90907">
        <ele>1770.34</ele>
        <time>2021-09-04T23:30:07Z</time>
      </trkpt>
      <trkpt lat="47.42161" lon="-120.90906">
        <ele>1771.8</ele>
        <time>2021-09-04T23:30:12Z</time>
      </trkpt>
      <trkpt lat="47.42159" lon="-120.90902">
        <ele>1771.76</ele>
        <time>2021-09-04T23:30:22Z</time>
      </trkpt>
      <trkpt lat="47.42158" lon="-120.90897">
        <ele>1772.44</ele>
        <time>2021-09-04T23:30:27Z</time>
      </trkpt>
      <trkpt lat="47.42157" lon="-120.90893">
        <ele>1772.91</ele>
        <time>2021-09-04T23:30:33Z</time>
      </trkpt>
      <trkpt lat="47.42155" lon="-120.90889">
        <ele>1772.68</ele>
        <time>2021-09-04T23:30:38Z</time>
      </trkpt>
      <trkpt lat="47.42153" lon="-120.90885">
        <ele>1772.86</ele>
        <time>2021-09-04T23:30:42Z</time>
      </trkpt>
      <trkpt lat="47.42151" lon="-120.90881">
        <ele>1773.42</ele>
        <time>2021-09-04T23:30:46Z</time>
      </trkpt>
      <trkpt lat="47.42149" lon="-120.90877">
        <ele>1774.13</ele>
        <time>2021-09-04T23:30:50Z</time>
      </trkpt>
      <trkpt lat="47.42147" lon="-120.90874">
        <ele>1774.7</ele>
        <time>2021-09-04T23:30:54Z</time>
      </trkpt>
      <trkpt lat="47.42145" lon="-120.90871">
        <ele>1775.46</ele>
        <time>2021-09-04T23:31:00Z</time>
      </trkpt>
      <trkpt lat="47.42143" lon="-120.90868">
        <ele>1776.21</ele>
        <time>2021-09-04T23:31:05Z</time>
      </trkpt>
      <trkpt lat="47.42141" lon="-120.90865">
        <ele>1776.97</ele>
        <time>2021-09-04T23:31:08Z</time>
      </trkpt>
      <trkpt lat="47.4214" lon="-120.90861">
        <ele>1778.15</ele>
        <time>2021-09-04T23:31:15Z</time>
      </trkpt>
      <trkpt lat="47.42143" lon="-120.9086">
        <ele>1778.75</ele>
        <time>2021-09-04T23:31:37Z</time>
      </trkpt>
      <trkpt lat="47.4214" lon="-120.90858">
        <ele>1779.09</ele>
        <time>2021-09-04T23:32:08Z</time>
      </trkpt>
      <trkpt lat="47.42143" lon="-120.90857">
        <ele>1779.58</ele>
        <time>2021-09-04T23:32:25Z</time>
      </trkpt>
      <trkpt lat="47.42141" lon="-120.90853">
        <ele>1780.66</ele>
        <time>2021-09-04T23:33:05Z</time>
      </trkpt>
      <trkpt lat="47.4214" lon="-120.90849">
        <ele>1781.65</ele>
        <time>2021-09-04T23:33:08Z</time>
      </trkpt>
      <trkpt lat="47.42138" lon="-120.90844">
        <ele>1782.68</ele>
        <time>2021-09-04T23:33:12Z</time>
      </trkpt>
      <trkpt lat="47.42141" lon="-120.90843">
        <ele>1783.13</ele>
        <time>2021-09-04T23:33:17Z</time>
      </trkpt>
      <trkpt lat="47.42144" lon="-120.90844">
        <ele>1783.16</ele>
        <time>2021-09-04T23:33:20Z</time>
      </trkpt>
      <trkpt lat="47.42148" lon="-120.90845">
        <ele>1783.21</ele>
        <time>2021-09-04T23:33:24Z</time>
      </trkpt>
      <trkpt lat="47.42151" lon="-120.90846">
        <ele>1783.32</ele>
        <time>2021-09-04T23:33:27Z</time>
      </trkpt>
      <trkpt lat="47.42154" lon="-120.90848">
        <ele>1783.25</ele>
        <time>2021-09-04T23:33:30Z</time>
      </trkpt>
      <trkpt lat="47.42157" lon="-120.90851">
        <ele>1783.1</ele>
        <time>2021-09-04T23:33:33Z</time>
      </trkpt>
      <trkpt lat="47.42159" lon="-120.90854">
        <ele>1783.05</ele>
        <time>2021-09-04T23:33:36Z</time>
      </trkpt>
      <trkpt lat="47.4216" lon="-120.90849">
        <ele>1784.46</ele>
        <time>2021-09-04T23:33:41Z</time>
      </trkpt>
      <trkpt lat="47.42159" lon="-120.90845">
        <ele>1785.0</ele>
        <time>2021-09-04T23:33:44Z</time>
      </trkpt>
      <trkpt lat="47.42158" lon="-120.9084">
        <ele>1786.29</ele>
        <time>2021-09-04T23:33:47Z</time>
      </trkpt>
      <trkpt lat="47.42156" lon="-120.90836">
        <ele>1787.59</ele>
        <time>2021-09-04T23:33:50Z</time>
      </trkpt>
      <trkpt lat="47.42154" lon="-120.90832">
        <ele>1788.6</ele>
        <time>2021-09-04T23:33:54Z</time>
      </trkpt>
      <trkpt lat="47.42153" lon="-120.90827">
        <ele>1789.74</ele>
        <time>2021-09-04T23:33:57Z</time>
      </trkpt>
      <trkpt lat="47.42151" lon="-120.90823">
        <ele>1790.66</ele>
        <time>2021-09-04T23:34:00Z</time>
      </trkpt>
      <trkpt lat="47.42149" lon="-120.90819">
        <ele>1791.74</ele>
        <time>2021-09-04T23:34:03Z</time>
      </trkpt>
      <trkpt lat="47.42147" lon="-120.90816">
        <ele>1792.62</ele>
        <time>2021-09-04T23:34:06Z</time>
      </trkpt>
      <trkpt lat="47.42143" lon="-120.90814">
        <ele>1793.26</ele>
        <time>2021-09-04T23:34:09Z</time>
      </trkpt>
      <trkpt lat="47.4214" lon="-120.90814">
        <ele>1793.26</ele>
        <time>2021-09-04T23:34:12Z</time>
      </trkpt>
      <trkpt lat="47.42136" lon="-120.90813">
        <ele>1793.28</ele>
        <time>2021-09-04T23:34:15Z</time>
      </trkpt>
      <trkpt lat="47.42132" lon="-120.90812">
        <ele>1793.17</ele>
        <time>2021-09-04T23:34:18Z</time>
      </trkpt>
      <trkpt lat="47.42129" lon="-120.90811">
        <ele>1793.1</ele>
        <time>2021-09-04T23:34:21Z</time>
      </trkpt>
      <trkpt lat="47.42127" lon="-120.90809">
        <ele>1793.32</ele>
        <time>2021-09-04T23:34:23Z</time>
      </trkpt>
      <trkpt lat="47.42124" lon="-120.90805">
        <ele>1793.96</ele>
        <time>2021-09-04T23:34:26Z</time>
      </trkpt>
      <trkpt lat="47.42125" lon="-120.90801">
        <ele>1795.48</ele>
        <time>2021-09-04T23:34:30Z</time>
      </trkpt>
      <trkpt lat="47.42128" lon="-120.90799">
        <ele>1796.77</ele>
        <time>2021-09-04T23:34:33Z</time>
      </trkpt>
      <trkpt lat="47.42132" lon="-120.90797">
        <ele>1798.03</ele>
        <time>2021-09-04T23:34:36Z</time>
      </trkpt>
      <trkpt lat="47.42136" lon="-120.90795">
        <ele>1799.2</ele>
        <time>2021-09-04T23:34:39Z</time>
      </trkpt>
      <trkpt lat="47.42139" lon="-120.90794">
        <ele>1799.99</ele>
        <time>2021-09-04T23:34:42Z</time>
      </trkpt>
      <trkpt lat="47.42142" lon="-120.90792">
        <ele>1800.86</ele>
        <time>2021-09-04T23:34:45Z</time>
      </trkpt>
      <trkpt lat="47.42145" lon="-120.90791">
        <ele>1801.29</ele>
        <time>2021-09-04T23:34:48Z</time>
      </trkpt>
      <trkpt lat="47.42149" lon="-120.90791">
        <ele>1801.33</ele>
        <time>2021-09-04T23:34:51Z</time>
      </trkpt>
      <trkpt lat="47.42152" lon="-120.90791">
        <ele>1801.47</ele>
        <time>2021-09-04T23:34:54Z</time>
      </trkpt>
      <trkpt lat="47.42156" lon="-120.90792">
        <ele>1801.31</ele>
        <time>2021-09-04T23:34:57Z</time>
      </trkpt>
      <trkpt lat="47.42159" lon="-120.90794">
        <ele>1801.39</ele>
        <time>2021-09-04T23:35:00Z</time>
      </trkpt>
      <trkpt lat="47.42161" lon="-120.90797">
        <ele>1801.32</ele>
        <time>2021-09-04T23:35:03Z</time>
      </trkpt>
      <trkpt lat="47.42164" lon="-120.90801">
        <ele>1801.32</ele>
        <time>2021-09-04T23:35:06Z</time>
      </trkpt>
      <trkpt lat="47.42166" lon="-120.90804">
        <ele>1801.22</ele>
        <time>2021-09-04T23:35:09Z</time>
      </trkpt>
      <trkpt lat="47.4217" lon="-120.90805">
        <ele>1802.26</ele>
        <time>2021-09-04T23:35:12Z</time>
      </trkpt>
      <trkpt lat="47.42173" lon="-120.90806">
        <ele>1802.88</ele>
        <time>2021-09-04T23:35:15Z</time>
      </trkpt>
      <trkpt lat="47.42177" lon="-120.90806">
        <ele>1803.81</ele>
        <time>2021-09-04T23:35:18Z</time>
      </trkpt>
      <trkpt lat="47.4218" lon="-120.90807">
        <ele>1803.44</ele>
        <time>2021-09-04T23:35:21Z</time>
      </trkpt>
      <trkpt lat="47.42183" lon="-120.90805">
        <ele>1804.18</ele>
        <time>2021-09-04T23:35:26Z</time>
      </trkpt>
      <trkpt lat="47.4218" lon="-120.90802">
        <ele>1805.15</ele>
        <time>2021-09-04T23:35:29Z</time>
      </trkpt>
      <trkpt lat="47.42178" lon="-120.90799">
        <ele>1806.12</ele>
        <time>2021-09-04T23:35:32Z</time>
      </trkpt>
      <trkpt lat="47.42177" lon="-120.90795">
        <ele>1807.3</ele>
        <time>2021-09-04T23:35:35Z</time>
      </trkpt>
      <trkpt lat="47.42174" lon="-120.90791">
        <ele>1807.52</ele>
        <time>2021-09-04T23:35:38Z</time>
      </trkpt>
      <trkpt lat="47.42173" lon="-120.90787">
        <ele>1808.06</ele>
        <time>2021-09-04T23:35:41Z</time>
      </trkpt>
      <trkpt lat="47.42171" lon="-120.90783">
        <ele>1808.48</ele>
        <time>2021-09-04T23:35:44Z</time>
      </trkpt>
      <trkpt lat="47.42169" lon="-120.90779">
        <ele>1808.71</ele>
        <time>2021-09-04T23:35:47Z</time>
      </trkpt>
      <trkpt lat="47.42171" lon="-120.90776">
        <ele>1810.36</ele>
        <time>2021-09-04T23:35:54Z</time>
      </trkpt>
      <trkpt lat="47.42174" lon="-120.90778">
        <ele>1811.1</ele>
        <time>2021-09-04T23:35:56Z</time>
      </trkpt>
      <trkpt lat="47.42177" lon="-120.90779">
        <ele>1811.82</ele>
        <time>2021-09-04T23:35:59Z</time>
      </trkpt>
      <trkpt lat="47.4218" lon="-120.90779">
        <ele>1812.43</ele>
        <time>2021-09-04T23:36:02Z</time>
      </trkpt>
      <trkpt lat="47.42183" lon="-120.90781">
        <ele>1812.22</ele>
        <time>2021-09-04T23:36:05Z</time>
      </trkpt>
      <trkpt lat="47.42186" lon="-120.90782">
        <ele>1812.3</ele>
        <time>2021-09-04T23:36:08Z</time>
      </trkpt>
      <trkpt lat="47.42189" lon="-120.90782">
        <ele>1812.78</ele>
        <time>2021-09-04T23:36:12Z</time>
      </trkpt>
      <trkpt lat="47.4219" lon="-120.90778">
        <ele>1814.44</ele>
        <time>2021-09-04T23:36:18Z</time>
      </trkpt>
      <trkpt lat="47.42188" lon="-120.90774">
        <ele>1815.4</ele>
        <time>2021-09-04T23:36:21Z</time>
      </trkpt>
      <trkpt lat="47.42185" lon="-120.90772">
        <ele>1815.82</ele>
        <time>2021-09-04T23:36:24Z</time>
      </trkpt>
      <trkpt lat="47.42183" lon="-120.90769">
        <ele>1816.15</ele>
        <time>2021-09-04T23:36:27Z</time>
      </trkpt>
      <trkpt lat="47.42181" lon="-120.90765">
        <ele>1816.4</ele>
        <time>2021-09-04T23:36:32Z</time>
      </trkpt>
      <trkpt lat="47.42181" lon="-120.90761">
        <ele>1817.27</ele>
        <time>2021-09-04T23:36:36Z</time>
      </trkpt>
      <trkpt lat="47.42182" lon="-120.90756">
        <ele>1818.55</ele>
        <time>2021-09-04T23:36:41Z</time>
      </trkpt>
      <trkpt lat="47.42184" lon="-120.90759">
        <ele>1818.67</ele>
        <time>2021-09-04T23:36:46Z</time>
      </trkpt>
      <trkpt lat="47.42186" lon="-120.90761">
        <ele>1818.7</ele>
        <time>2021-09-04T23:36:50Z</time>
      </trkpt>
      <trkpt lat="47.42189" lon="-120.90761">
        <ele>1818.96</ele>
        <time>2021-09-04T23:36:53Z</time>
      </trkpt>
      <trkpt lat="47.42193" lon="-120.90762">
        <ele>1819.0</ele>
        <time>2021-09-04T23:36:56Z</time>
      </trkpt>
      <trkpt lat="47.42196" lon="-120.90763">
        <ele>1819.12</ele>
        <time>2021-09-04T23:37:00Z</time>
      </trkpt>
      <trkpt lat="47.42199" lon="-120.90764">
        <ele>1819.45</ele>
        <time>2021-09-04T23:37:05Z</time>
      </trkpt>
      <trkpt lat="47.42202" lon="-120.90763">
        <ele>1820.42</ele>
        <time>2021-09-04T23:37:09Z</time>
      </trkpt>
      <trkpt lat="47.42202" lon="-120.90759">
        <ele>1821.72</ele>
        <time>2021-09-04T23:37:16Z</time>
      </trkpt>
      <trkpt lat="47.422" lon="-120.90755">
        <ele>1822.58</ele>
        <time>2021-09-04T23:37:20Z</time>
      </trkpt>
      <trkpt lat="47.42197" lon="-120.90753">
        <ele>1822.58</ele>
        <time>2021-09-04T23:37:22Z</time>
      </trkpt>
      <trkpt lat="47.42195" lon="-120.90752">
        <ele>1822.47</ele>
        <time>2021-09-04T23:37:25Z</time>
      </trkpt>
      <trkpt lat="47.42193" lon="-120.90748">
        <ele>1823.3</ele>
        <time>2021-09-04T23:37:29Z</time>
      </trkpt>
      <trkpt lat="47.42191" lon="-120.90745">
        <ele>1823.68</ele>
        <time>2021-09-04T23:37:32Z</time>
      </trkpt>
      <trkpt lat="47.42189" lon="-120.9074">
        <ele>1824.48</ele>
        <time>2021-09-04T23:37:36Z</time>
      </trkpt>
      <trkpt lat="47.42188" lon="-120.90735">
        <ele>1825.77</ele>
        <time>2021-09-04T23:37:39Z</time>
      </trkpt>
      <trkpt lat="47.42187" lon="-120.90731">
        <ele>1826.69</ele>
        <time>2021-09-04T23:37:43Z</time>
      </trkpt>
      <trkpt lat="47.42185" lon="-120.90728">
        <ele>1826.7</ele>
        <time>2021-09-04T23:37:48Z</time>
      </trkpt>
      <trkpt lat="47.42182" lon="-120.90726">
        <ele>1826.36</ele>
        <time>2021-09-04T23:37:52Z</time>
      </trkpt>
      <trkpt lat="47.42185" lon="-120.90725">
        <ele>1827.35</ele>
        <time>2021-09-04T23:37:59Z</time>
      </trkpt>
      <trkpt lat="47.42188" lon="-120.90725">
        <ele>1828.31</ele>
        <time>2021-09-04T23:38:03Z</time>
      </trkpt>
      <trkpt lat="47.42191" lon="-120.90724">
        <ele>1829.5</ele>
        <time>2021-09-04T23:38:07Z</time>
      </trkpt>
      <trkpt lat="47.42195" lon="-120.90725">
        <ele>1830.5</ele>
        <time>2021-09-04T23:38:12Z</time>
      </trkpt>
      <trkpt lat="47.42198" lon="-120.90726">
        <ele>1830.8</ele>
        <time>2021-09-04T23:38:16Z</time>
      </trkpt>
      <trkpt lat="47.42201" lon="-120.90726">
        <ele>1831.31</ele>
        <time>2021-09-04T23:38:20Z</time>
      </trkpt>
      <trkpt lat="47.42204" lon="-120.90727">
        <ele>1831.52</ele>
        <time>2021-09-04T23:38:24Z</time>
      </trkpt>
      <trkpt lat="47.42207" lon="-120.90728">
        <ele>1831.84</ele>
        <time>2021-09-04T23:38:27Z</time>
      </trkpt>
      <trkpt lat="47.4221" lon="-120.90729">
        <ele>1832.16</ele>
        <time>2021-09-04T23:38:30Z</time>
      </trkpt>
      <trkpt lat="47.42212" lon="-120.90731">
        <ele>1831.95</ele>
        <time>2021-09-04T23:38:35Z</time>
      </trkpt>
      <trkpt lat="47.42215" lon="-120.9073">
        <ele>1833.36</ele>
        <time>2021-09-04T23:38:43Z</time>
      </trkpt>
      <trkpt lat="47.42213" lon="-120.90726">
        <ele>1833.79</ele>
        <time>2021-09-04T23:38:47Z</time>
      </trkpt>
      <trkpt lat="47.42211" lon="-120.90723">
        <ele>1834.32</ele>
        <time>2021-09-04T23:38:50Z</time>
      </trkpt>
      <trkpt lat="47.42209" lon="-120.90719">
        <ele>1835.04</ele>
        <time>2021-09-04T23:38:53Z</time>
      </trkpt>
      <trkpt lat="47.42207" lon="-120.90715">
        <ele>1835.55</ele>
        <time>2021-09-04T23:38:57Z</time>
      </trkpt>
      <trkpt lat="47.42205" lon="-120.90711">
        <ele>1835.84</ele>
        <time>2021-09-04T23:39:00Z</time>
      </trkpt>
      <trkpt lat="47.42204" lon="-120.90708">
        <ele>1836.17</ele>
        <time>2021-09-04T23:39:03Z</time>
      </trkpt>
      <trkpt lat="47.42201" lon="-120.90704">
        <ele>1836.06</ele>
        <time>2021-09-04T23:39:07Z</time>
      </trkpt>
      <trkpt lat="47.42199" lon="-120.907">
        <ele>1836.28</ele>
        <time>2021-09-04T23:39:10Z</time>
      </trkpt>
      <trkpt lat="47.42199" lon="-120.90696">
        <ele>1837.15</ele>
        <time>2021-09-04T23:39:15Z</time>
      </trkpt>
      <trkpt lat="47.422" lon="-120.90692">
        <ele>1838.13</ele>
        <time>2021-09-04T23:39:20Z</time>
      </trkpt>
      <trkpt lat="47.42203" lon="-120.90693">
        <ele>1838.24</ele>
        <time>2021-09-04T23:39:25Z</time>
      </trkpt>
      <trkpt lat="47.42206" lon="-120.90695">
        <ele>1838.92</ele>
        <time>2021-09-04T23:39:29Z</time>
      </trkpt>
      <trkpt lat="47.42208" lon="-120.90697">
        <ele>1839.45</ele>
        <time>2021-09-04T23:39:33Z</time>
      </trkpt>
      <trkpt lat="47.42212" lon="-120.90698">
        <ele>1840.86</ele>
        <time>2021-09-04T23:39:37Z</time>
      </trkpt>
      <trkpt lat="47.42215" lon="-120.90699">
        <ele>1842.12</ele>
        <time>2021-09-04T23:39:41Z</time>
      </trkpt>
      <trkpt lat="47.42217" lon="-120.90702">
        <ele>1842.55</ele>
        <time>2021-09-04T23:39:45Z</time>
      </trkpt>
      <trkpt lat="47.4222" lon="-120.90703">
        <ele>1843.95</ele>
        <time>2021-09-04T23:39:49Z</time>
      </trkpt>
      <trkpt lat="47.42218" lon="-120.90698">
        <ele>1843.95</ele>
        <time>2021-09-04T23:39:55Z</time>
      </trkpt>
      <trkpt lat="47.42217" lon="-120.90695">
        <ele>1844.06</ele>
        <time>2021-09-04T23:39:58Z</time>
      </trkpt>
      <trkpt lat="47.42215" lon="-120.9069">
        <ele>1844.06</ele>
        <time>2021-09-04T23:40:01Z</time>
      </trkpt>
      <trkpt lat="47.42214" lon="-120.90686">
        <ele>1844.38</ele>
        <time>2021-09-04T23:40:04Z</time>
      </trkpt>
      <trkpt lat="47.42213" lon="-120.90682">
        <ele>1844.71</ele>
        <time>2021-09-04T23:40:07Z</time>
      </trkpt>
      <trkpt lat="47.42211" lon="-120.90678">
        <ele>1844.7</ele>
        <time>2021-09-04T23:40:14Z</time>
      </trkpt>
      <trkpt lat="47.42208" lon="-120.90675">
        <ele>1844.16</ele>
        <time>2021-09-04T23:40:17Z</time>
      </trkpt>
      <trkpt lat="47.42211" lon="-120.90677">
        <ele>1844.92</ele>
        <time>2021-09-04T23:40:26Z</time>
      </trkpt>
      <trkpt lat="47.42214" lon="-120.90678">
        <ele>1846.03</ele>
        <time>2021-09-04T23:40:29Z</time>
      </trkpt>
      <trkpt lat="47.42218" lon="-120.9068">
        <ele>1847.54</ele>
        <time>2021-09-04T23:40:32Z</time>
      </trkpt>
      <trkpt lat="47.4222" lon="-120.90681">
        <ele>1848.36</ele>
        <time>2021-09-04T23:40:36Z</time>
      </trkpt>
      <trkpt lat="47.42224" lon="-120.90681">
        <ele>1850.8</ele>
        <time>2021-09-04T23:40:41Z</time>
      </trkpt>
      <trkpt lat="47.42226" lon="-120.90683">
        <ele>1852.09</ele>
        <time>2021-09-04T23:40:46Z</time>
      </trkpt>
      <trkpt lat="47.42228" lon="-120.90686">
        <ele>1853.14</ele>
        <time>2021-09-04T23:40:51Z</time>
      </trkpt>
      <trkpt lat="47.42231" lon="-120.90686">
        <ele>1855.38</ele>
        <time>2021-09-04T23:40:55Z</time>
      </trkpt>
      <trkpt lat="47.42231" lon="-120.90681">
        <ele>1856.09</ele>
        <time>2021-09-04T23:40:59Z</time>
      </trkpt>
      <trkpt lat="47.42229" lon="-120.90677">
        <ele>1855.01</ele>
        <time>2021-09-04T23:41:02Z</time>
      </trkpt>
      <trkpt lat="47.42227" lon="-120.90674">
        <ele>1854.13</ele>
        <time>2021-09-04T23:41:06Z</time>
      </trkpt>
      <trkpt lat="47.42225" lon="-120.90671">
        <ele>1853.54</ele>
        <time>2021-09-04T23:41:10Z</time>
      </trkpt>
      <trkpt lat="47.42223" lon="-120.90667">
        <ele>1853.4</ele>
        <time>2021-09-04T23:41:15Z</time>
      </trkpt>
      <trkpt lat="47.42222" lon="-120.90663">
        <ele>1854.09</ele>
        <time>2021-09-04T23:41:18Z</time>
      </trkpt>
      <trkpt lat="47.4222" lon="-120.9066">
        <ele>1854.2</ele>
        <time>2021-09-04T23:41:22Z</time>
      </trkpt>
      <trkpt lat="47.42217" lon="-120.90656">
        <ele>1854.18</ele>
        <time>2021-09-04T23:41:26Z</time>
      </trkpt>
      <trkpt lat="47.42215" lon="-120.90653">
        <ele>1854.04</ele>
        <time>2021-09-04T23:41:29Z</time>
      </trkpt>
      <trkpt lat="47.42213" lon="-120.9065">
        <ele>1853.62</ele>
        <time>2021-09-04T23:41:33Z</time>
      </trkpt>
      <trkpt lat="47.4221" lon="-120.90649">
        <ele>1853.15</ele>
        <time>2021-09-04T23:41:37Z</time>
      </trkpt>
      <trkpt lat="47.42207" lon="-120.90646">
        <ele>1853.64</ele>
        <time>2021-09-04T23:41:42Z</time>
      </trkpt>
      <trkpt lat="47.42204" lon="-120.90646">
        <ele>1852.99</ele>
        <time>2021-09-04T23:41:45Z</time>
      </trkpt>
      <trkpt lat="47.42206" lon="-120.90642">
        <ele>1855.15</ele>
        <time>2021-09-04T23:41:53Z</time>
      </trkpt>
      <trkpt lat="47.42208" lon="-120.90639">
        <ele>1856.88</ele>
        <time>2021-09-04T23:41:56Z</time>
      </trkpt>
      <trkpt lat="47.42211" lon="-120.90637">
        <ele>1858.48</ele>
        <time>2021-09-04T23:41:59Z</time>
      </trkpt>
      <trkpt lat="47.42214" lon="-120.90635">
        <ele>1860.24</ele>
        <time>2021-09-04T23:42:02Z</time>
      </trkpt>
      <trkpt lat="47.42217" lon="-120.90633">
        <ele>1862.72</ele>
        <time>2021-09-04T23:42:06Z</time>
      </trkpt>
      <trkpt lat="47.4222" lon="-120.90632">
        <ele>1864.78</ele>
        <time>2021-09-04T23:42:10Z</time>
      </trkpt>
      <trkpt lat="47.42223" lon="-120.90633">
        <ele>1865.91</ele>
        <time>2021-09-04T23:42:14Z</time>
      </trkpt>
      <trkpt lat="47.42223" lon="-120.90629">
        <ele>1867.54</ele>
        <time>2021-09-04T23:42:25Z</time>
      </trkpt>
      <trkpt lat="47.42222" lon="-120.90625">
        <ele>1868.39</ele>
        <time>2021-09-04T23:42:29Z</time>
      </trkpt>
      <trkpt lat="47.42221" lon="-120.90621">
        <ele>1869.26</ele>
        <time>2021-09-04T23:42:33Z</time>
      </trkpt>
      <trkpt lat="47.42219" lon="-120.90618">
        <ele>1869.47</ele>
        <time>2021-09-04T23:42:37Z</time>
      </trkpt>
      <trkpt lat="47.42216" lon="-120.90614">
        <ele>1869.84</ele>
        <time>2021-09-04T23:42:40Z</time>
      </trkpt>
      <trkpt lat="47.42214" lon="-120.90611">
        <ele>1870.38</ele>
        <time>2021-09-04T23:42:43Z</time>
      </trkpt>
      <trkpt lat="47.42212" lon="-120.90609">
        <ele>1870.99</ele>
        <time>2021-09-04T23:42:46Z</time>
      </trkpt>
      <trkpt lat="47.42211" lon="-120.90604">
        <ele>1873.12</ele>
        <time>2021-09-04T23:42:51Z</time>
      </trkpt>
      <trkpt lat="47.42211" lon="-120.906">
        <ele>1874.36</ele>
        <time>2021-09-04T23:42:55Z</time>
      </trkpt>
      <trkpt lat="47.42211" lon="-120.90595">
        <ele>1875.32</ele>
        <time>2021-09-04T23:42:59Z</time>
      </trkpt>
      <trkpt lat="47.42208" lon="-120.90594">
        <ele>1875.24</ele>
        <time>2021-09-04T23:43:12Z</time>
      </trkpt>
      <trkpt lat="47.42205" lon="-120.90593">
        <ele>1875.09</ele>
        <time>2021-09-04T23:43:18Z</time>
      </trkpt>
      <trkpt lat="47.42203" lon="-120.90594">
        <ele>1875.15</ele>
        <time>2021-09-04T23:43:33Z</time>
      </trkpt>
      <trkpt lat="47.42202" lon="-120.90598">
        <ele>1875.15</ele>
        <time>2021-09-04T23:43:41Z</time>
      </trkpt>
      <trkpt lat="47.42199" lon="-120.90601">
        <ele>1876.12</ele>
        <time>2021-09-04T23:44:42Z</time>
      </trkpt>
      <trkpt lat="47.42201" lon="-120.90598">
        <ele>1875.58</ele>
        <time>2021-09-04T23:44:53Z</time>
      </trkpt>
      <trkpt lat="47.42203" lon="-120.90596">
        <ele>1874.94</ele>
        <time>2021-09-04T23:44:56Z</time>
      </trkpt>
      <trkpt lat="47.42203" lon="-120.90592">
        <ele>1875.29</ele>
        <time>2021-09-04T23:45:07Z</time>
      </trkpt>
      <trkpt lat="47.422" lon="-120.90591">
        <ele>1876.46</ele>
        <time>2021-09-04T23:45:53Z</time>
      </trkpt>
      <trkpt lat="47.42198" lon="-120.90595">
        <ele>1877.2</ele>
        <time>2021-09-04T23:46:04Z</time>
      </trkpt>
      <trkpt lat="47.42201" lon="-120.90593">
        <ele>1876.12</ele>
        <time>2021-09-04T23:46:15Z</time>
      </trkpt>
      <trkpt lat="47.42203" lon="-120.90594">
        <ele>1875.15</ele>
        <time>2021-09-04T23:46:38Z</time>
      </trkpt>
      <trkpt lat="47.422" lon="-120.90596">
        <ele>1876.23</ele>
        <time>2021-09-04T23:47:12Z</time>
      </trkpt>
      <trkpt lat="47.422" lon="-120.90592">
        <ele>1876.55</ele>
        <time>2021-09-04T23:47:28Z</time>
      </trkpt>
      <trkpt lat="47.42198" lon="-120.90596">
        <ele>1877.1</ele>
        <time>2021-09-04T23:47:40Z</time>
      </trkpt>
      <trkpt lat="47.42196" lon="-120.906">
        <ele>1877.53</ele>
        <time>2021-09-04T23:47:44Z</time>
      </trkpt>
      <trkpt lat="47.42194" lon="-120.90603">
        <ele>1877.78</ele>
        <time>2021-09-04T23:47:48Z</time>
      </trkpt>
      <trkpt lat="47.42191" lon="-120.90605">
        <ele>1878.22</ele>
        <time>2021-09-04T23:47:54Z</time>
      </trkpt>
      <trkpt lat="47.42189" lon="-120.90607">
        <ele>1878.42</ele>
        <time>2021-09-04T23:47:58Z</time>
      </trkpt>
      <trkpt lat="47.42186" lon="-120.90608">
        <ele>1879.35</ele>
        <time>2021-09-04T23:48:05Z</time>
      </trkpt>
      <trkpt lat="47.42184" lon="-120.90605">
        <ele>1880.58</ele>
        <time>2021-09-04T23:48:13Z</time>
      </trkpt>
      <trkpt lat="47.42182" lon="-120.90601">
        <ele>1881.66</ele>
        <time>2021-09-04T23:48:20Z</time>
      </trkpt>
      <trkpt lat="47.42179" lon="-120.90601">
        <ele>1882.27</ele>
        <time>2021-09-04T23:48:24Z</time>
      </trkpt>
      <trkpt lat="47.42176" lon="-120.90602">
        <ele>1882.95</ele>
        <time>2021-09-04T23:48:28Z</time>
      </trkpt>
      <trkpt lat="47.42173" lon="-120.90602">
        <ele>1882.97</ele>
        <time>2021-09-04T23:48:32Z</time>
      </trkpt>
      <trkpt lat="47.4217" lon="-120.90601">
        <ele>1882.97</ele>
        <time>2021-09-04T23:48:36Z</time>
      </trkpt>
      <trkpt lat="47.42167" lon="-120.906">
        <ele>1882.99</ele>
        <time>2021-09-04T23:48:44Z</time>
      </trkpt>
      <trkpt lat="47.42165" lon="-120.90599">
        <ele>1882.88</ele>
        <time>2021-09-04T23:48:47Z</time>
      </trkpt>
      <trkpt lat="47.42162" lon="-120.90598">
        <ele>1882.71</ele>
        <time>2021-09-04T23:48:50Z</time>
      </trkpt>
      <trkpt lat="47.42158" lon="-120.90597">
        <ele>1882.55</ele>
        <time>2021-09-04T23:48:53Z</time>
      </trkpt>
      <trkpt lat="47.42155" lon="-120.90595">
        <ele>1882.41</ele>
        <time>2021-09-04T23:48:57Z</time>
      </trkpt>
      <trkpt lat="47.42152" lon="-120.90593">
        <ele>1882.35</ele>
        <time>2021-09-04T23:49:00Z</time>
      </trkpt>
      <trkpt lat="47.42149" lon="-120.90593">
        <ele>1882.01</ele>
        <time>2021-09-04T23:49:04Z</time>
      </trkpt>
      <trkpt lat="47.42146" lon="-120.90594">
        <ele>1881.46</ele>
        <time>2021-09-04T23:49:07Z</time>
      </trkpt>
      <trkpt lat="47.42143" lon="-120.90594">
        <ele>1881.14</ele>
        <time>2021-09-04T23:49:11Z</time>
      </trkpt>
      <trkpt lat="47.4214" lon="-120.90593">
        <ele>1881.03</ele>
        <time>2021-09-04T23:49:14Z</time>
      </trkpt>
      <trkpt lat="47.42137" lon="-120.90594">
        <ele>1880.66</ele>
        <time>2021-09-04T23:49:18Z</time>
      </trkpt>
      <trkpt lat="47.42134" lon="-120.90594">
        <ele>1880.62</ele>
        <time>2021-09-04T23:49:32Z</time>
      </trkpt>
      <trkpt lat="47.42131" lon="-120.90592">
        <ele>1881.06</ele>
        <time>2021-09-04T23:49:36Z</time>
      </trkpt>
      <trkpt lat="47.42127" lon="-120.90592">
        <ele>1881.06</ele>
        <time>2021-09-04T23:49:40Z</time>
      </trkpt>
      <trkpt lat="47.42124" lon="-120.90591">
        <ele>1881.17</ele>
        <time>2021-09-04T23:49:43Z</time>
      </trkpt>
      <trkpt lat="47.42121" lon="-120.9059">
        <ele>1881.28</ele>
        <time>2021-09-04T23:49:46Z</time>
      </trkpt>
      <trkpt lat="47.42119" lon="-120.90589">
        <ele>1881.39</ele>
        <time>2021-09-04T23:49:49Z</time>
      </trkpt>
      <trkpt lat="47.42116" lon="-120.90587">
        <ele>1881.6</ele>
        <time>2021-09-04T23:49:52Z</time>
      </trkpt>
      <trkpt lat="47.42113" lon="-120.90585">
        <ele>1881.82</ele>
        <time>2021-09-04T23:49:56Z</time>
      </trkpt>
      <trkpt lat="47.4211" lon="-120.90585">
        <ele>1881.8</ele>
        <time>2021-09-04T23:50:00Z</time>
      </trkpt>
      <trkpt lat="47.42107" lon="-120.90585">
        <ele>1881.74</ele>
        <time>2021-09-04T23:50:05Z</time>
      </trkpt>
      <trkpt lat="47.42103" lon="-120.90585">
        <ele>1881.66</ele>
        <time>2021-09-04T23:50:09Z</time>
      </trkpt>
      <trkpt lat="47.421" lon="-120.90585">
        <ele>1881.84</ele>
        <time>2021-09-04T23:50:11Z</time>
      </trkpt>
      <trkpt lat="47.42098" lon="-120.90585">
        <ele>1882.06</ele>
        <time>2021-09-04T23:50:14Z</time>
      </trkpt>
      <trkpt lat="47.42095" lon="-120.90588">
        <ele>1881.73</ele>
        <time>2021-09-04T23:50:18Z</time>
      </trkpt>
      <trkpt lat="47.42091" lon="-120.90591">
        <ele>1881.37</ele>
        <time>2021-09-04T23:50:21Z</time>
      </trkpt>
      <trkpt lat="47.42088" lon="-120.90592">
        <ele>1881.16</ele>
        <time>2021-09-04T23:50:25Z</time>
      </trkpt>
      <trkpt lat="47.42085" lon="-120.90592">
        <ele>1881.18</ele>
        <time>2021-09-04T23:50:28Z</time>
      </trkpt>
      <trkpt lat="47.42082" lon="-120.90594">
        <ele>1880.83</ele>
        <time>2021-09-04T23:50:37Z</time>
      </trkpt>
      <trkpt lat="47.42079" lon="-120.90595">
        <ele>1881.16</ele>
        <time>2021-09-04T23:50:41Z</time>
      </trkpt>
      <trkpt lat="47.42076" lon="-120.90596">
        <ele>1881.48</ele>
        <time>2021-09-04T23:50:45Z</time>
      </trkpt>
      <trkpt lat="47.42073" lon="-120.90595">
        <ele>1882.34</ele>
        <time>2021-09-04T23:50:49Z</time>
      </trkpt>
      <trkpt lat="47.42069" lon="-120.90594">
        <ele>1883.09</ele>
        <time>2021-09-04T23:50:53Z</time>
      </trkpt>
      <trkpt lat="47.42067" lon="-120.90591">
        <ele>1884.41</ele>
        <time>2021-09-04T23:50:56Z</time>
      </trkpt>
      <trkpt lat="47.42065" lon="-120.90587">
        <ele>1886.38</ele>
        <time>2021-09-04T23:50:59Z</time>
      </trkpt>
      <trkpt lat="47.42062" lon="-120.90585">
        <ele>1887.58</ele>
        <time>2021-09-04T23:51:02Z</time>
      </trkpt>
      <trkpt lat="47.42059" lon="-120.90585">
        <ele>1887.91</ele>
        <time>2021-09-04T23:51:04Z</time>
      </trkpt>
      <trkpt lat="47.42056" lon="-120.90584">
        <ele>1888.66</ele>
        <time>2021-09-04T23:51:07Z</time>
      </trkpt>
      <trkpt lat="47.42052" lon="-120.90584">
        <ele>1888.74</ele>
        <time>2021-09-04T23:51:10Z</time>
      </trkpt>
      <trkpt lat="47.42049" lon="-120.90583">
        <ele>1889.08</ele>
        <time>2021-09-04T23:51:13Z</time>
      </trkpt>
      <trkpt lat="47.42045" lon="-120.90582">
        <ele>1889.13</ele>
        <time>2021-09-04T23:51:16Z</time>
      </trkpt>
      <trkpt lat="47.42042" lon="-120.9058">
        <ele>1889.09</ele>
        <time>2021-09-04T23:51:19Z</time>
      </trkpt>
      <trkpt lat="47.42038" lon="-120.90578">
        <ele>1888.74</ele>
        <time>2021-09-04T23:51:22Z</time>
      </trkpt>
      <trkpt lat="47.42035" lon="-120.90577">
        <ele>1888.46</ele>
        <time>2021-09-04T23:51:25Z</time>
      </trkpt>
      <trkpt lat="47.42031" lon="-120.90576">
        <ele>1888.14</ele>
        <time>2021-09-04T23:51:28Z</time>
      </trkpt>
      <trkpt lat="47.42027" lon="-120.90576">
        <ele>1887.77</ele>
        <time>2021-09-04T23:51:31Z</time>
      </trkpt>
      <trkpt lat="47.42023" lon="-120.90576">
        <ele>1887.68</ele>
        <time>2021-09-04T23:51:34Z</time>
      </trkpt>
      <trkpt lat="47.4202" lon="-120.90576">
        <ele>1887.62</ele>
        <time>2021-09-04T23:51:36Z</time>
      </trkpt>
      <trkpt lat="47.42018" lon="-120.90575">
        <ele>1887.75</ele>
        <time>2021-09-04T23:51:38Z</time>
      </trkpt>
      <trkpt lat="47.42015" lon="-120.90575">
        <ele>1887.46</ele>
        <time>2021-09-04T23:51:40Z</time>
      </trkpt>
      <trkpt lat="47.42012" lon="-120.90574">
        <ele>1887.3</ele>
        <time>2021-09-04T23:51:42Z</time>
      </trkpt>
      <trkpt lat="47.42009" lon="-120.90573">
        <ele>1887.14</ele>
        <time>2021-09-04T23:51:44Z</time>
      </trkpt>
      <trkpt lat="47.42006" lon="-120.90572">
        <ele>1887.5</ele>
        <time>2021-09-04T23:51:46Z</time>
      </trkpt>
      <trkpt lat="47.42004" lon="-120.90571">
        <ele>1887.71</ele>
        <time>2021-09-04T23:51:48Z</time>
      </trkpt>
      <trkpt lat="47.42001" lon="-120.9057">
        <ele>1887.94</ele>
        <time>2021-09-04T23:51:50Z</time>
      </trkpt>
      <trkpt lat="47.41997" lon="-120.90569">
        <ele>1888.32</ele>
        <time>2021-09-04T23:51:53Z</time>
      </trkpt>
      <trkpt lat="47.41995" lon="-120.90568">
        <ele>1888.54</ele>
        <time>2021-09-04T23:51:57Z</time>
      </trkpt>
      <trkpt lat="47.41991" lon="-120.90566">
        <ele>1888.97</ele>
        <time>2021-09-04T23:52:00Z</time>
      </trkpt>
      <trkpt lat="47.41988" lon="-120.90566">
        <ele>1889.59</ele>
        <time>2021-09-04T23:52:03Z</time>
      </trkpt>
      <trkpt lat="47.41984" lon="-120.90566">
        <ele>1890.46</ele>
        <time>2021-09-04T23:52:06Z</time>
      </trkpt>
      <trkpt lat="47.41981" lon="-120.90565">
        <ele>1891.1</ele>
        <time>2021-09-04T23:52:10Z</time>
      </trkpt>
      <trkpt lat="47.41978" lon="-120.90564">
        <ele>1891.84</ele>
        <time>2021-09-04T23:52:13Z</time>
      </trkpt>
      <trkpt lat="47.41975" lon="-120.90563">
        <ele>1892.6</ele>
        <time>2021-09-04T23:52:16Z</time>
      </trkpt>
      <trkpt lat="47.41972" lon="-120.90564">
        <ele>1893.14</ele>
        <time>2021-09-04T23:52:19Z</time>
      </trkpt>
      <trkpt lat="47.41969" lon="-120.90563">
        <ele>1893.89</ele>
        <time>2021-09-04T23:52:22Z</time>
      </trkpt>
      <trkpt lat="47.41966" lon="-120.90561">
        <ele>1894.76</ele>
        <time>2021-09-04T23:52:25Z</time>
      </trkpt>
      <trkpt lat="47.41964" lon="-120.90559">
        <ele>1895.4</ele>
        <time>2021-09-04T23:52:30Z</time>
      </trkpt>
      <trkpt lat="47.41961" lon="-120.90557">
        <ele>1896.27</ele>
        <time>2021-09-04T23:52:34Z</time>
      </trkpt>
      <trkpt lat="47.41958" lon="-120.90558">
        <ele>1896.81</ele>
        <time>2021-09-04T23:52:38Z</time>
      </trkpt>
      <trkpt lat="47.41955" lon="-120.9056">
        <ele>1897.24</ele>
        <time>2021-09-04T23:52:41Z</time>
      </trkpt>
      <trkpt lat="47.41953" lon="-120.90563">
        <ele>1897.41</ele>
        <time>2021-09-04T23:52:44Z</time>
      </trkpt>
      <trkpt lat="47.41951" lon="-120.90566">
        <ele>1897.84</ele>
        <time>2021-09-04T23:52:47Z</time>
      </trkpt>
      <trkpt lat="47.41948" lon="-120.90565">
        <ele>1898.84</ele>
        <time>2021-09-04T23:52:52Z</time>
      </trkpt>
      <trkpt lat="47.41945" lon="-120.90562">
        <ele>1899.84</ele>
        <time>2021-09-04T23:52:56Z</time>
      </trkpt>
      <trkpt lat="47.41942" lon="-120.90563">
        <ele>1900.53</ele>
        <time>2021-09-04T23:53:00Z</time>
      </trkpt>
      <trkpt lat="47.41939" lon="-120.90562">
        <ele>1901.18</ele>
        <time>2021-09-04T23:53:05Z</time>
      </trkpt>
      <trkpt lat="47.41937" lon="-120.90559">
        <ele>1901.61</ele>
        <time>2021-09-04T23:53:08Z</time>
      </trkpt>
      <trkpt lat="47.41935" lon="-120.90556">
        <ele>1902.06</ele>
        <time>2021-09-04T23:53:12Z</time>
      </trkpt>
      <trkpt lat="47.41932" lon="-120.90555">
        <ele>1903.03</ele>
        <time>2021-09-04T23:53:16Z</time>
      </trkpt>
      <trkpt lat="47.41929" lon="-120.90553">
        <ele>1904.0</ele>
        <time>2021-09-04T23:53:21Z</time>
      </trkpt>
      <trkpt lat="47.41926" lon="-120.9055">
        <ele>1904.98</ele>
        <time>2021-09-04T23:53:27Z</time>
      </trkpt>
      <trkpt lat="47.41923" lon="-120.90549">
        <ele>1905.95</ele>
        <time>2021-09-04T23:53:32Z</time>
      </trkpt>
      <trkpt lat="47.41921" lon="-120.90552">
        <ele>1906.6</ele>
        <time>2021-09-04T23:53:36Z</time>
      </trkpt>
      <trkpt lat="47.4192" lon="-120.90557">
        <ele>1906.86</ele>
        <time>2021-09-04T23:53:40Z</time>
      </trkpt>
      <trkpt lat="47.41917" lon="-120.90557">
        <ele>1907.89</ele>
        <time>2021-09-04T23:53:48Z</time>
      </trkpt>
      <trkpt lat="47.41914" lon="-120.90557">
        <ele>1909.11</ele>
        <time>2021-09-04T23:53:55Z</time>
      </trkpt>
      <trkpt lat="47.41911" lon="-120.90558">
        <ele>1910.29</ele>
        <time>2021-09-04T23:54:00Z</time>
      </trkpt>
      <trkpt lat="47.41909" lon="-120.90562">
        <ele>1910.74</ele>
        <time>2021-09-04T23:54:06Z</time>
      </trkpt>
      <trkpt lat="47.41907" lon="-120.90564">
        <ele>1911.26</ele>
        <time>2021-09-04T23:54:12Z</time>
      </trkpt>
      <trkpt lat="47.41905" lon="-120.90561">
        <ele>1912.34</ele>
        <time>2021-09-04T23:54:22Z</time>
      </trkpt>
      <trkpt lat="47.41907" lon="-120.9056">
        <ele>1911.67</ele>
        <time>2021-09-04T23:54:35Z</time>
      </trkpt>
      <trkpt lat="47.41904" lon="-120.90558">
        <ele>1912.94</ele>
        <time>2021-09-04T23:55:11Z</time>
      </trkpt>
      <trkpt lat="47.41902" lon="-120.90558">
        <ele>1913.64</ele>
        <time>2021-09-04T23:55:16Z</time>
      </trkpt>
      <trkpt lat="47.419" lon="-120.90555">
        <ele>1914.45</ele>
        <time>2021-09-04T23:55:21Z</time>
      </trkpt>
      <trkpt lat="47.41897" lon="-120.90552">
        <ele>1915.88</ele>
        <time>2021-09-04T23:55:26Z</time>
      </trkpt>
      <trkpt lat="47.41895" lon="-120.9055">
        <ele>1916.96</ele>
        <time>2021-09-04T23:55:32Z</time>
      </trkpt>
      <trkpt lat="47.41892" lon="-120.90548">
        <ele>1918.47</ele>
        <time>2021-09-04T23:55:45Z</time>
      </trkpt>
      <trkpt lat="47.41889" lon="-120.90546">
        <ele>1919.95</ele>
        <time>2021-09-04T23:55:51Z</time>
      </trkpt>
      <trkpt lat="47.41887" lon="-120.90543">
        <ele>1920.82</ele>
        <time>2021-09-04T23:55:57Z</time>
      </trkpt>
      <trkpt lat="47.41886" lon="-120.9054">
        <ele>1921.25</ele>
        <time>2021-09-04T23:56:02Z</time>
      </trkpt>
      <trkpt lat="47.41883" lon="-120.90536">
        <ele>1922.54</ele>
        <time>2021-09-04T23:56:08Z</time>
      </trkpt>
      <trkpt lat="47.41881" lon="-120.90534">
        <ele>1923.41</ele>
        <time>2021-09-04T23:56:12Z</time>
      </trkpt>
      <trkpt lat="47.41879" lon="-120.90535">
        <ele>1924.34</ele>
        <time>2021-09-04T23:56:19Z</time>
      </trkpt>
      <trkpt lat="47.41876" lon="-120.90538">
        <ele>1925.92</ele>
        <time>2021-09-04T23:56:27Z</time>
      </trkpt>
      <trkpt lat="47.41874" lon="-120.90535">
        <ele>1927.04</ele>
        <time>2021-09-04T23:56:33Z</time>
      </trkpt>
      <trkpt lat="47.41872" lon="-120.90537">
        <ele>1928.12</ele>
        <time>2021-09-04T23:56:40Z</time>
      </trkpt>
      <trkpt lat="47.41869" lon="-120.9054">
        <ele>1928.98</ele>
        <time>2021-09-04T23:56:48Z</time>
      </trkpt>
      <trkpt lat="47.41868" lon="-120.90537">
        <ele>1929.51</ele>
        <time>2021-09-04T23:56:59Z</time>
      </trkpt>
      <trkpt lat="47.41865" lon="-120.90534">
        <ele>1930.35</ele>
        <time>2021-09-04T23:57:04Z</time>
      </trkpt>
      <trkpt lat="47.41863" lon="-120.90531">
        <ele>1931.11</ele>
        <time>2021-09-04T23:57:12Z</time>
      </trkpt>
      <trkpt lat="47.41861" lon="-120.90533">
        <ele>1931.46</ele>
        <time>2021-09-04T23:57:19Z</time>
      </trkpt>
      <trkpt lat="47.41858" lon="-120.90533">
        <ele>1932.11</ele>
        <time>2021-09-04T23:57:26Z</time>
      </trkpt>
      <trkpt lat="47.41855" lon="-120.90535">
        <ele>1932.54</ele>
        <time>2021-09-04T23:57:31Z</time>
      </trkpt>
      <trkpt lat="47.41852" lon="-120.90535">
        <ele>1933.19</ele>
        <time>2021-09-04T23:57:38Z</time>
      </trkpt>
      <trkpt lat="47.41849" lon="-120.90535">
        <ele>1933.6</ele>
        <time>2021-09-04T23:57:45Z</time>
      </trkpt>
      <trkpt lat="47.41846" lon="-120.90534">
        <ele>1934.17</ele>
        <time>2021-09-04T23:57:50Z</time>
      </trkpt>
      <trkpt lat="47.41844" lon="-120.90532">
        <ele>1934.85</ele>
        <time>2021-09-04T23:57:54Z</time>
      </trkpt>
      <trkpt lat="47.41841" lon="-120.90529">
        <ele>1935.89</ele>
        <time>2021-09-04T23:57:58Z</time>
      </trkpt>
      <trkpt lat="47.4184" lon="-120.90525">
        <ele>1936.88</ele>
        <time>2021-09-04T23:58:02Z</time>
      </trkpt>
      <trkpt lat="47.41839" lon="-120.90521">
        <ele>1937.85</ele>
        <time>2021-09-04T23:58:07Z</time>
      </trkpt>
      <trkpt lat="47.41838" lon="-120.90517">
        <ele>1938.74</ele>
        <time>2021-09-04T23:58:12Z</time>
      </trkpt>
      <trkpt lat="47.41839" lon="-120.90512">
        <ele>1939.37</ele>
        <time>2021-09-04T23:58:17Z</time>
      </trkpt>
      <trkpt lat="47.41837" lon="-120.9051">
        <ele>1940.08</ele>
        <time>2021-09-04T23:58:21Z</time>
      </trkpt>
      <trkpt lat="47.41834" lon="-120.9051">
        <ele>1940.7</ele>
        <time>2021-09-04T23:58:23Z</time>
      </trkpt>
      <trkpt lat="47.41831" lon="-120.90511">
        <ele>1940.62</ele>
        <time>2021-09-04T23:58:26Z</time>
      </trkpt>
      <trkpt lat="47.41828" lon="-120.90511">
        <ele>1940.62</ele>
        <time>2021-09-04T23:58:30Z</time>
      </trkpt>
      <trkpt lat="47.41825" lon="-120.9051">
        <ele>1940.84</ele>
        <time>2021-09-04T23:58:33Z</time>
      </trkpt>
      <trkpt lat="47.41822" lon="-120.90509">
        <ele>1940.83</ele>
        <time>2021-09-04T23:58:36Z</time>
      </trkpt>
      <trkpt lat="47.41818" lon="-120.90509">
        <ele>1940.4</ele>
        <time>2021-09-04T23:58:40Z</time>
      </trkpt>
      <trkpt lat="47.41816" lon="-120.90509">
        <ele>1940.18</ele>
        <time>2021-09-04T23:58:45Z</time>
      </trkpt>
      <trkpt lat="47.41813" lon="-120.9051">
        <ele>1939.82</ele>
        <time>2021-09-04T23:58:52Z</time>
      </trkpt>
      <trkpt lat="47.41809" lon="-120.90511">
        <ele>1939.51</ele>
        <time>2021-09-04T23:58:57Z</time>
      </trkpt>
      <trkpt lat="47.41806" lon="-120.9051">
        <ele>1939.76</ele>
        <time>2021-09-04T23:59:01Z</time>
      </trkpt>
      <trkpt lat="47.41803" lon="-120.90509">
        <ele>1939.78</ele>
        <time>2021-09-04T23:59:05Z</time>
      </trkpt>
      <trkpt lat="47.418" lon="-120.90508">
        <ele>1939.67</ele>
        <time>2021-09-04T23:59:09Z</time>
      </trkpt>
      <trkpt lat="47.41797" lon="-120.90506">
        <ele>1939.78</ele>
        <time>2021-09-04T23:59:13Z</time>
      </trkpt>
      <trkpt lat="47.41794" lon="-120.90503">
        <ele>1940.02</ele>
        <time>2021-09-04T23:59:16Z</time>
      </trkpt>
      <trkpt lat="47.41791" lon="-120.90501">
        <ele>1940.15</ele>
        <time>2021-09-04T23:59:19Z</time>
      </trkpt>
      <trkpt lat="47.41787" lon="-120.905">
        <ele>1939.99</ele>
        <time>2021-09-04T23:59:22Z</time>
      </trkpt>
      <trkpt lat="47.41783" lon="-120.90499">
        <ele>1939.39</ele>
        <time>2021-09-04T23:59:25Z</time>
      </trkpt>
      <trkpt lat="47.4178" lon="-120.90498">
        <ele>1939.08</ele>
        <time>2021-09-04T23:59:28Z</time>
      </trkpt>
      <trkpt lat="47.41776" lon="-120.90496">
        <ele>1939.1</ele>
        <time>2021-09-04T23:59:31Z</time>
      </trkpt>
      <trkpt lat="47.41774" lon="-120.90492">
        <ele>1940.18</ele>
        <time>2021-09-04T23:59:34Z</time>
      </trkpt>
      <trkpt lat="47.41771" lon="-120.9049">
        <ele>1940.41</ele>
        <time>2021-09-04T23:59:37Z</time>
      </trkpt>
      <trkpt lat="47.41768" lon="-120.90487">
        <ele>1940.72</ele>
        <time>2021-09-04T23:59:39Z</time>
      </trkpt>
      <trkpt lat="47.41766" lon="-120.90484">
        <ele>1941.11</ele>
        <time>2021-09-04T23:59:41Z</time>
      </trkpt>
      <trkpt lat="47.41764" lon="-120.90482">
        <ele>1941.37</ele>
        <time>2021-09-04T23:59:43Z</time>
      </trkpt>
      <trkpt lat="47.41761" lon="-120.90481">
        <ele>1941.23</ele>
        <time>2021-09-04T23:59:45Z</time>
      </trkpt>
      <trkpt lat="47.41757" lon="-120.9048">
        <ele>1940.96</ele>
        <time>2021-09-04T23:59:47Z</time>
      </trkpt>
      <trkpt lat="47.41754" lon="-120.9048">
        <ele>1940.68</ele>
        <time>2021-09-04T23:59:49Z</time>
      </trkpt>
      <trkpt lat="47.41751" lon="-120.90479">
        <ele>1940.62</ele>
        <time>2021-09-04T23:59:51Z</time>
      </trkpt>
      <trkpt lat="47.41748" lon="-120.90478">
        <ele>1940.54</ele>
        <time>2021-09-04T23:59:53Z</time>
      </trkpt>
      <trkpt lat="47.41745" lon="-120.90476">
        <ele>1940.64</ele>
        <time>2021-09-04T23:59:56Z</time>
      </trkpt>
      <trkpt lat="47.41742" lon="-120.90473">
        <ele>1940.97</ele>
        <time>2021-09-04T23:59:59Z</time>
      </trkpt>
      <trkpt lat="47.41738" lon="-120.90471">
        <ele>1941.01</ele>
        <time>2021-09-05T00:00:02Z</time>
      </trkpt>
      <trkpt lat="47.41738" lon="-120.90467">
        <ele>1942.0</ele>
        <time>2021-09-05T00:00:10Z</time>
      </trkpt>
      <trkpt lat="47.41736" lon="-120.90465">
        <ele>1942.45</ele>
        <time>2021-09-05T00:00:43Z</time>
      </trkpt>
      <trkpt lat="47.41734" lon="-120.90463">
        <ele>1942.99</ele>
        <time>2021-09-05T00:00:47Z</time>
      </trkpt>
      <trkpt lat="47.41731" lon="-120.9046">
        <ele>1943.6</ele>
        <time>2021-09-05T00:00:51Z</time>
      </trkpt>
      <trkpt lat="47.41729" lon="-120.90458">
        <ele>1943.95</ele>
        <time>2021-09-05T00:00:55Z</time>
      </trkpt>
      <trkpt lat="47.41726" lon="-120.90457">
        <ele>1944.08</ele>
        <time>2021-09-05T00:00:58Z</time>
      </trkpt>
      <trkpt lat="47.41723" lon="-120.90455">
        <ele>1944.59</ele>
        <time>2021-09-05T00:01:02Z</time>
      </trkpt>
      <trkpt lat="47.41719" lon="-120.90454">
        <ele>1945.24</ele>
        <time>2021-09-05T00:01:06Z</time>
      </trkpt>
      <trkpt lat="47.41716" lon="-120.90454">
        <ele>1945.55</ele>
        <time>2021-09-05T00:01:09Z</time>
      </trkpt>
      <trkpt lat="47.41713" lon="-120.90455">
        <ele>1945.44</ele>
        <time>2021-09-05T00:01:12Z</time>
      </trkpt>
      <trkpt lat="47.4171" lon="-120.90455">
        <ele>1945.44</ele>
        <time>2021-09-05T00:01:15Z</time>
      </trkpt>
      <trkpt lat="47.41708" lon="-120.90454">
        <ele>1945.87</ele>
        <time>2021-09-05T00:01:18Z</time>
      </trkpt>
      <trkpt lat="47.41705" lon="-120.90451">
        <ele>1947.13</ele>
        <time>2021-09-05T00:01:22Z</time>
      </trkpt>
      <trkpt lat="47.41703" lon="-120.90448">
        <ele>1948.46</ele>
        <time>2021-09-05T00:01:27Z</time>
      </trkpt>
      <trkpt lat="47.41701" lon="-120.90445">
        <ele>1949.76</ele>
        <time>2021-09-05T00:01:32Z</time>
      </trkpt>
      <trkpt lat="47.417" lon="-120.90442">
        <ele>1950.79</ele>
        <time>2021-09-05T00:01:36Z</time>
      </trkpt>
      <trkpt lat="47.41698" lon="-120.90439">
        <ele>1951.76</ele>
        <time>2021-09-05T00:01:41Z</time>
      </trkpt>
      <trkpt lat="47.41698" lon="-120.90435">
        <ele>1953.04</ele>
        <time>2021-09-05T00:01:46Z</time>
      </trkpt>
      <trkpt lat="47.41697" lon="-120.9043">
        <ele>1954.12</ele>
        <time>2021-09-05T00:01:52Z</time>
      </trkpt>
      <trkpt lat="47.41694" lon="-120.90429">
        <ele>1954.32</ele>
        <time>2021-09-05T00:02:00Z</time>
      </trkpt>
      <trkpt lat="47.41691" lon="-120.90429">
        <ele>1954.21</ele>
        <time>2021-09-05T00:02:04Z</time>
      </trkpt>
      <trkpt lat="47.41688" lon="-120.90428">
        <ele>1954.4</ele>
        <time>2021-09-05T00:02:08Z</time>
      </trkpt>
      <trkpt lat="47.41688" lon="-120.90424">
        <ele>1955.35</ele>
        <time>2021-09-05T00:02:14Z</time>
      </trkpt>
      <trkpt lat="47.41686" lon="-120.9042">
        <ele>1956.22</ele>
        <time>2021-09-05T00:02:18Z</time>
      </trkpt>
      <trkpt lat="47.41683" lon="-120.9042">
        <ele>1956.2</ele>
        <time>2021-09-05T00:02:24Z</time>
      </trkpt>
      <trkpt lat="47.4168" lon="-120.9042">
        <ele>1956.08</ele>
        <time>2021-09-05T00:02:28Z</time>
      </trkpt>
      <trkpt lat="47.41677" lon="-120.90419">
        <ele>1956.27</ele>
        <time>2021-09-05T00:02:33Z</time>
      </trkpt>
      <trkpt lat="47.41674" lon="-120.90418">
        <ele>1956.36</ele>
        <time>2021-09-05T00:02:38Z</time>
      </trkpt>
      <trkpt lat="47.41672" lon="-120.90414">
        <ele>1957.4</ele>
        <time>2021-09-05T00:02:43Z</time>
      </trkpt>
      <trkpt lat="47.4167" lon="-120.9041">
        <ele>1958.72</ele>
        <time>2021-09-05T00:02:47Z</time>
      </trkpt>
      <trkpt lat="47.41668" lon="-120.90406">
        <ele>1960.27</ele>
        <time>2021-09-05T00:02:52Z</time>
      </trkpt>
      <trkpt lat="47.41666" lon="-120.90403">
        <ele>1961.36</ele>
        <time>2021-09-05T00:02:56Z</time>
      </trkpt>
      <trkpt lat="47.41663" lon="-120.904">
        <ele>1962.0</ele>
        <time>2021-09-05T00:02:59Z</time>
      </trkpt>
      <trkpt lat="47.41661" lon="-120.90397">
        <ele>1962.71</ele>
        <time>2021-09-05T00:03:03Z</time>
      </trkpt>
      <trkpt lat="47.41659" lon="-120.90394">
        <ele>1963.44</ele>
        <time>2021-09-05T00:03:07Z</time>
      </trkpt>
      <trkpt lat="47.41658" lon="-120.90389">
        <ele>1964.96</ele>
        <time>2021-09-05T00:03:11Z</time>
      </trkpt>
      <trkpt lat="47.41655" lon="-120.90386">
        <ele>1964.58</ele>
        <time>2021-09-05T00:03:14Z</time>
      </trkpt>
      <trkpt lat="47.41653" lon="-120.90383">
        <ele>1964.37</ele>
        <time>2021-09-05T00:03:17Z</time>
      </trkpt>
      <trkpt lat="47.41652" lon="-120.90379">
        <ele>1964.74</ele>
        <time>2021-09-05T00:03:20Z</time>
      </trkpt>
      <trkpt lat="47.41649" lon="-120.90376">
        <ele>1964.08</ele>
        <time>2021-09-05T00:03:23Z</time>
      </trkpt>
      <trkpt lat="47.41647" lon="-120.90374">
        <ele>1963.47</ele>
        <time>2021-09-05T00:03:26Z</time>
      </trkpt>
      <trkpt lat="47.41644" lon="-120.90371">
        <ele>1962.18</ele>
        <time>2021-09-05T00:03:30Z</time>
      </trkpt>
      <trkpt lat="47.41642" lon="-120.90367">
        <ele>1961.62</ele>
        <time>2021-09-05T00:03:34Z</time>
      </trkpt>
      <trkpt lat="47.41642" lon="-120.90363">
        <ele>1962.34</ele>
        <time>2021-09-05T00:03:38Z</time>
      </trkpt>
      <trkpt lat="47.41642" lon="-120.90358">
        <ele>1963.13</ele>
        <time>2021-09-05T00:03:42Z</time>
      </trkpt>
      <trkpt lat="47.41641" lon="-120.90354">
        <ele>1963.33</ele>
        <time>2021-09-05T00:03:46Z</time>
      </trkpt>
      <trkpt lat="47.41641" lon="-120.90349">
        <ele>1964.16</ele>
        <time>2021-09-05T00:03:52Z</time>
      </trkpt>
      <trkpt lat="47.41641" lon="-120.90344">
        <ele>1964.99</ele>
        <time>2021-09-05T00:03:56Z</time>
      </trkpt>
      <trkpt lat="47.41638" lon="-120.9034">
        <ele>1964.63</ele>
        <time>2021-09-05T00:04:01Z</time>
      </trkpt>
      <trkpt lat="47.4164" lon="-120.90345">
        <ele>1964.66</ele>
        <time>2021-09-05T00:04:11Z</time>
      </trkpt>
      <trkpt lat="47.4164" lon="-120.9035">
        <ele>1963.71</ele>
        <time>2021-09-05T00:04:14Z</time>
      </trkpt>
      <trkpt lat="47.4164" lon="-120.90354">
        <ele>1962.95</ele>
        <time>2021-09-05T00:04:18Z</time>
      </trkpt>
      <trkpt lat="47.41638" lon="-120.90351">
        <ele>1962.51</ele>
        <time>2021-09-05T00:04:24Z</time>
      </trkpt>
      <trkpt lat="47.41635" lon="-120.90347">
        <ele>1961.11</ele>
        <time>2021-09-05T00:04:28Z</time>
      </trkpt>
      <trkpt lat="47.41634" lon="-120.90343">
        <ele>1961.22</ele>
        <time>2021-09-05T00:04:32Z</time>
      </trkpt>
      <trkpt lat="47.41632" lon="-120.9034">
        <ele>1960.28</ele>
        <time>2021-09-05T00:04:36Z</time>
      </trkpt>
      <trkpt lat="47.41631" lon="-120.90336">
        <ele>1960.35</ele>
        <time>2021-09-05T00:04:40Z</time>
      </trkpt>
      <trkpt lat="47.4163" lon="-120.90332">
        <ele>1960.65</ele>
        <time>2021-09-05T00:04:46Z</time>
      </trkpt>
      <trkpt lat="47.4163" lon="-120.90328">
        <ele>1961.9</ele>
        <time>2021-09-05T00:04:52Z</time>
      </trkpt>
      <trkpt lat="47.41633" lon="-120.90329">
        <ele>1963.08</ele>
        <time>2021-09-05T00:05:17Z</time>
      </trkpt>
      <trkpt lat="47.41632" lon="-120.90325">
        <ele>1963.54</ele>
        <time>2021-09-05T00:05:58Z</time>
      </trkpt>
      <trkpt lat="47.41632" lon="-120.90321">
        <ele>1964.35</ele>
        <time>2021-09-05T00:06:19Z</time>
      </trkpt>
      <trkpt lat="47.41631" lon="-120.90316">
        <ele>1965.06</ele>
        <time>2021-09-05T00:06:29Z</time>
      </trkpt>
      <trkpt lat="47.41629" lon="-120.90312">
        <ele>1965.15</ele>
        <time>2021-09-05T00:06:34Z</time>
      </trkpt>
      <trkpt lat="47.41629" lon="-120.90308">
        <ele>1966.05</ele>
        <time>2021-09-05T00:06:38Z</time>
      </trkpt>
      <trkpt lat="47.41628" lon="-120.90305">
        <ele>1966.03</ele>
        <time>2021-09-05T00:06:52Z</time>
      </trkpt>
      <trkpt lat="47.41627" lon="-120.90301">
        <ele>1966.07</ele>
        <time>2021-09-05T00:06:57Z</time>
      </trkpt>
      <trkpt lat="47.41626" lon="-120.90297">
        <ele>1966.3</ele>
        <time>2021-09-05T00:07:01Z</time>
      </trkpt>
      <trkpt lat="47.41623" lon="-120.90295">
        <ele>1965.34</ele>
        <time>2021-09-05T00:07:21Z</time>
      </trkpt>
      <trkpt lat="47.41621" lon="-120.90291">
        <ele>1965.34</ele>
        <time>2021-09-05T00:07:26Z</time>
      </trkpt>
      <trkpt lat="47.41621" lon="-120.90287">
        <ele>1966.14</ele>
        <time>2021-09-05T00:07:31Z</time>
      </trkpt>
      <trkpt lat="47.4162" lon="-120.90283">
        <ele>1966.19</ele>
        <time>2021-09-05T00:07:36Z</time>
      </trkpt>
      <trkpt lat="47.41619" lon="-120.90279">
        <ele>1966.09</ele>
        <time>2021-09-05T00:07:47Z</time>
      </trkpt>
      <trkpt lat="47.41619" lon="-120.90274">
        <ele>1966.73</ele>
        <time>2021-09-05T00:07:51Z</time>
      </trkpt>
      <trkpt lat="47.41617" lon="-120.9027">
        <ele>1966.33</ele>
        <time>2021-09-05T00:07:55Z</time>
      </trkpt>
      <trkpt lat="47.41616" lon="-120.90267">
        <ele>1966.27</ele>
        <time>2021-09-05T00:07:59Z</time>
      </trkpt>
      <trkpt lat="47.41615" lon="-120.90262">
        <ele>1966.5</ele>
        <time>2021-09-05T00:08:04Z</time>
      </trkpt>
      <trkpt lat="47.41613" lon="-120.90259">
        <ele>1966.45</ele>
        <time>2021-09-05T00:08:08Z</time>
      </trkpt>
      <trkpt lat="47.41612" lon="-120.90255">
        <ele>1967.02</ele>
        <time>2021-09-05T00:08:12Z</time>
      </trkpt>
      <trkpt lat="47.41611" lon="-120.90251">
        <ele>1967.72</ele>
        <time>2021-09-05T00:08:15Z</time>
      </trkpt>
      <trkpt lat="47.4161" lon="-120.90247">
        <ele>1967.84</ele>
        <time>2021-09-05T00:08:18Z</time>
      </trkpt>
      <trkpt lat="47.41608" lon="-120.90243">
        <ele>1967.84</ele>
        <time>2021-09-05T00:08:21Z</time>
      </trkpt>
      <trkpt lat="47.41606" lon="-120.90241">
        <ele>1967.82</ele>
        <time>2021-09-05T00:08:24Z</time>
      </trkpt>
      <trkpt lat="47.41604" lon="-120.90239">
        <ele>1967.75</ele>
        <time>2021-09-05T00:08:27Z</time>
      </trkpt>
      <trkpt lat="47.41602" lon="-120.90235">
        <ele>1968.25</ele>
        <time>2021-09-05T00:08:30Z</time>
      </trkpt>
      <trkpt lat="47.416" lon="-120.90232">
        <ele>1968.27</ele>
        <time>2021-09-05T00:08:33Z</time>
      </trkpt>
      <trkpt lat="47.41597" lon="-120.90229">
        <ele>1967.98</ele>
        <time>2021-09-05T00:08:37Z</time>
      </trkpt>
      <trkpt lat="47.41595" lon="-120.90225">
        <ele>1968.52</ele>
        <time>2021-09-05T00:08:40Z</time>
      </trkpt>
      <trkpt lat="47.41593" lon="-120.90221">
        <ele>1969.17</ele>
        <time>2021-09-05T00:08:43Z</time>
      </trkpt>
      <trkpt lat="47.41593" lon="-120.90216">
        <ele>1969.69</ele>
        <time>2021-09-05T00:08:47Z</time>
      </trkpt>
      <trkpt lat="47.41591" lon="-120.90212">
        <ele>1969.61</ele>
        <time>2021-09-05T00:08:51Z</time>
      </trkpt>
      <trkpt lat="47.4159" lon="-120.90208">
        <ele>1969.85</ele>
        <time>2021-09-05T00:08:54Z</time>
      </trkpt>
      <trkpt lat="47.41588" lon="-120.90204">
        <ele>1969.96</ele>
        <time>2021-09-05T00:08:57Z</time>
      </trkpt>
      <trkpt lat="47.41586" lon="-120.902">
        <ele>1970.26</ele>
        <time>2021-09-05T00:09:00Z</time>
      </trkpt>
      <trkpt lat="47.41584" lon="-120.90196">
        <ele>1970.75</ele>
        <time>2021-09-05T00:09:03Z</time>
      </trkpt>
      <trkpt lat="47.41582" lon="-120.90192">
        <ele>1970.95</ele>
        <time>2021-09-05T00:09:06Z</time>
      </trkpt>
      <trkpt lat="47.4158" lon="-120.90187">
        <ele>1971.17</ele>
        <time>2021-09-05T00:09:09Z</time>
      </trkpt>
      <trkpt lat="47.41579" lon="-120.90182">
        <ele>1972.16</ele>
        <time>2021-09-05T00:09:12Z</time>
      </trkpt>
      <trkpt lat="47.41577" lon="-120.90177">
        <ele>1972.92</ele>
        <time>2021-09-05T00:09:15Z</time>
      </trkpt>
      <trkpt lat="47.41576" lon="-120.90172">
        <ele>1974.35</ele>
        <time>2021-09-05T00:09:18Z</time>
      </trkpt>
      <trkpt lat="47.41576" lon="-120.90168">
        <ele>1975.9</ele>
        <time>2021-09-05T00:09:21Z</time>
      </trkpt>
      <trkpt lat="47.41574" lon="-120.90165">
        <ele>1976.32</ele>
        <time>2021-09-05T00:09:25Z</time>
      </trkpt>
      <trkpt lat="47.41571" lon="-120.90164">
        <ele>1975.01</ele>
        <time>2021-09-05T00:09:30Z</time>
      </trkpt>
      <trkpt lat="47.41568" lon="-120.90161">
        <ele>1974.35</ele>
        <time>2021-09-05T00:09:34Z</time>
      </trkpt>
      <trkpt lat="47.41565" lon="-120.9016">
        <ele>1973.25</ele>
        <time>2021-09-05T00:09:39Z</time>
      </trkpt>
      <trkpt lat="47.41563" lon="-120.90159">
        <ele>1972.54</ele>
        <time>2021-09-05T00:09:43Z</time>
      </trkpt>
      <trkpt lat="47.41561" lon="-120.90156">
        <ele>1972.24</ele>
        <time>2021-09-05T00:09:48Z</time>
      </trkpt>
      <trkpt lat="47.41558" lon="-120.90155">
        <ele>1970.84</ele>
        <time>2021-09-05T00:09:51Z</time>
      </trkpt>
      <trkpt lat="47.41556" lon="-120.90152">
        <ele>1970.41</ele>
        <time>2021-09-05T00:09:54Z</time>
      </trkpt>
      <trkpt lat="47.41554" lon="-120.90149">
        <ele>1969.81</ele>
        <time>2021-09-05T00:09:57Z</time>
      </trkpt>
      <trkpt lat="47.41552" lon="-120.90146">
        <ele>1969.48</ele>
        <time>2021-09-05T00:10:01Z</time>
      </trkpt>
      <trkpt lat="47.41549" lon="-120.90144">
        <ele>1968.41</ele>
        <time>2021-09-05T00:10:08Z</time>
      </trkpt>
      <trkpt lat="47.41546" lon="-120.90141">
        <ele>1967.93</ele>
        <time>2021-09-05T00:10:12Z</time>
      </trkpt>
      <trkpt lat="47.41544" lon="-120.90136">
        <ele>1969.01</ele>
        <time>2021-09-05T00:10:16Z</time>
      </trkpt>
      <trkpt lat="47.41542" lon="-120.90132">
        <ele>1969.66</ele>
        <time>2021-09-05T00:10:19Z</time>
      </trkpt>
      <trkpt lat="47.41541" lon="-120.90128">
        <ele>1970.67</ele>
        <time>2021-09-05T00:10:22Z</time>
      </trkpt>
      <trkpt lat="47.4154" lon="-120.90123">
        <ele>1971.75</ele>
        <time>2021-09-05T00:10:25Z</time>
      </trkpt>
      <trkpt lat="47.41539" lon="-120.90119">
        <ele>1972.5</ele>
        <time>2021-09-05T00:10:29Z</time>
      </trkpt>
      <trkpt lat="47.41539" lon="-120.90115">
        <ele>1973.8</ele>
        <time>2021-09-05T00:10:35Z</time>
      </trkpt>
      <trkpt lat="47.4154" lon="-120.9011">
        <ele>1975.88</ele>
        <time>2021-09-05T00:10:40Z</time>
      </trkpt>
      <trkpt lat="47.4154" lon="-120.90105">
        <ele>1977.16</ele>
        <time>2021-09-05T00:10:45Z</time>
      </trkpt>
      <trkpt lat="47.4154" lon="-120.90101">
        <ele>1978.09</ele>
        <time>2021-09-05T00:10:51Z</time>
      </trkpt>
      <trkpt lat="47.41538" lon="-120.90097">
        <ele>1978.25</ele>
        <time>2021-09-05T00:10:58Z</time>
      </trkpt>
      <trkpt lat="47.41536" lon="-120.90093">
        <ele>1978.24</ele>
        <time>2021-09-05T00:11:02Z</time>
      </trkpt>
      <trkpt lat="47.41536" lon="-120.90089">
        <ele>1978.76</ele>
        <time>2021-09-05T00:11:04Z</time>
      </trkpt>
      <trkpt lat="47.41534" lon="-120.90084">
        <ele>1978.26</ele>
        <time>2021-09-05T00:11:07Z</time>
      </trkpt>
      <trkpt lat="47.41531" lon="-120.9008">
        <ele>1977.44</ele>
        <time>2021-09-05T00:11:10Z</time>
      </trkpt>
      <trkpt lat="47.41528" lon="-120.90076">
        <ele>1977.44</ele>
        <time>2021-09-05T00:11:13Z</time>
      </trkpt>
      <trkpt lat="47.41526" lon="-120.90071">
        <ele>1977.77</ele>
        <time>2021-09-05T00:11:16Z</time>
      </trkpt>
      <trkpt lat="47.41525" lon="-120.90067">
        <ele>1978.64</ele>
        <time>2021-09-05T00:11:19Z</time>
      </trkpt>
      <trkpt lat="47.41523" lon="-120.90064">
        <ele>1979.1</ele>
        <time>2021-09-05T00:11:22Z</time>
      </trkpt>
      <trkpt lat="47.41521" lon="-120.90061">
        <ele>1979.44</ele>
        <time>2021-09-05T00:11:25Z</time>
      </trkpt>
      <trkpt lat="47.41518" lon="-120.9006">
        <ele>1979.39</ele>
        <time>2021-09-05T00:11:33Z</time>
      </trkpt>
      <trkpt lat="47.4152" lon="-120.90064">
        <ele>1978.54</ele>
        <time>2021-09-05T00:12:38Z</time>
      </trkpt>
      <trkpt lat="47.41522" lon="-120.90067">
        <ele>1977.69</ele>
        <time>2021-09-05T00:12:42Z</time>
      </trkpt>
      <trkpt lat="47.41525" lon="-120.90071">
        <ele>1977.26</ele>
        <time>2021-09-05T00:12:45Z</time>
      </trkpt>
      <trkpt lat="47.41526" lon="-120.90075">
        <ele>1976.51</ele>
        <time>2021-09-05T00:12:48Z</time>
      </trkpt>
      <trkpt lat="47.41528" lon="-120.90079">
        <ele>1976.49</ele>
        <time>2021-09-05T00:12:52Z</time>
      </trkpt>
      <trkpt lat="47.4153" lon="-120.90082">
        <ele>1976.53</ele>
        <time>2021-09-05T00:12:56Z</time>
      </trkpt>
      <trkpt lat="47.41532" lon="-120.90086">
        <ele>1976.84</ele>
        <time>2021-09-05T00:12:59Z</time>
      </trkpt>
      <trkpt lat="47.41533" lon="-120.9009">
        <ele>1976.79</ele>
        <time>2021-09-05T00:13:02Z</time>
      </trkpt>
      <trkpt lat="47.41535" lon="-120.90094">
        <ele>1977.38</ele>
        <time>2021-09-05T00:13:06Z</time>
      </trkpt>
      <trkpt lat="47.41537" lon="-120.90096">
        <ele>1978.24</ele>
        <time>2021-09-05T00:13:21Z</time>
      </trkpt>
      <trkpt lat="47.41539" lon="-120.90099">
        <ele>1978.12</ele>
        <time>2021-09-05T00:13:29Z</time>
      </trkpt>
      <trkpt lat="47.41538" lon="-120.90095">
        <ele>1978.64</ele>
        <time>2021-09-05T00:14:16Z</time>
      </trkpt>
      <trkpt lat="47.41536" lon="-120.90092">
        <ele>1978.4</ele>
        <time>2021-09-05T00:14:55Z</time>
      </trkpt>
      <trkpt lat="47.41535" lon="-120.90088">
        <ele>1978.29</ele>
        <time>2021-09-05T00:15:06Z</time>
      </trkpt>
      <trkpt lat="47.41533" lon="-120.90084">
        <ele>1977.72</ele>
        <time>2021-09-05T00:16:46Z</time>
      </trkpt>
      <trkpt lat="47.41532" lon="-120.9008">
        <ele>1977.87</ele>
        <time>2021-09-05T00:16:52Z</time>
      </trkpt>
      <trkpt lat="47.4153" lon="-120.90077">
        <ele>1977.76</ele>
        <time>2021-09-05T00:16:57Z</time>
      </trkpt>
      <trkpt lat="47.41528" lon="-120.90075">
        <ele>1977.76</ele>
        <time>2021-09-05T00:19:29Z</time>
      </trkpt>
      <trkpt lat="47.41526" lon="-120.90072">
        <ele>1977.47</ele>
        <time>2021-09-05T00:35:12Z</time>
      </trkpt>
      <trkpt lat="47.41524" lon="-120.90068">
        <ele>1977.93</ele>
        <time>2021-09-05T00:35:28Z</time>
      </trkpt>
      <trkpt lat="47.41522" lon="-120.90064">
        <ele>1978.92</ele>
        <time>2021-09-05T00:35:31Z</time>
      </trkpt>
      <trkpt lat="47.4152" lon="-120.90062">
        <ele>1979.09</ele>
        <time>2021-09-05T00:35:48Z</time>
      </trkpt>
      <trkpt lat="47.41523" lon="-120.90065">
        <ele>1978.89</ele>
        <time>2021-09-05T00:36:07Z</time>
      </trkpt>
      <trkpt lat="47.41525" lon="-120.90068">
        <ele>1978.3</ele>
        <time>2021-09-05T00:36:10Z</time>
      </trkpt>
      <trkpt lat="47.41526" lon="-120.90071">
        <ele>1977.77</ele>
        <time>2021-09-05T00:36:14Z</time>
      </trkpt>
      <trkpt lat="47.41527" lon="-120.90075">
        <ele>1977.18</ele>
        <time>2021-09-05T00:36:18Z</time>
      </trkpt>
      <trkpt lat="47.4153" lon="-120.90078">
        <ele>1977.51</ele>
        <time>2021-09-05T00:36:22Z</time>
      </trkpt>
      <trkpt lat="47.41532" lon="-120.90081">
        <ele>1977.69</ele>
        <time>2021-09-05T00:36:25Z</time>
      </trkpt>
      <trkpt lat="47.41534" lon="-120.90085">
        <ele>1978.12</ele>
        <time>2021-09-05T00:36:29Z</time>
      </trkpt>
      <trkpt lat="47.41535" lon="-120.90089">
        <ele>1978.15</ele>
        <time>2021-09-05T00:36:37Z</time>
      </trkpt>
      <trkpt lat="47.41537" lon="-120.90092">
        <ele>1979.04</ele>
        <time>2021-09-05T00:37:06Z</time>
      </trkpt>
      <trkpt lat="47.41539" lon="-120.90095">
        <ele>1978.8</ele>
        <time>2021-09-05T00:37:21Z</time>
      </trkpt>
      <trkpt lat="47.4154" lon="-120.90099">
        <ele>1978.38</ele>
        <time>2021-09-05T00:38:12Z</time>
      </trkpt>
      <trkpt lat="47.41542" lon="-120.90102">
        <ele>1978.58</ele>
        <time>2021-09-05T00:38:17Z</time>
      </trkpt>
      <trkpt lat="47.41545" lon="-120.90104">
        <ele>1979.28</ele>
        <time>2021-09-05T00:38:23Z</time>
      </trkpt>
      <trkpt lat="47.41547" lon="-120.90107">
        <ele>1979.49</ele>
        <time>2021-09-05T00:38:30Z</time>
      </trkpt>
      <trkpt lat="47.41545" lon="-120.90106">
        <ele>1979.01</ele>
        <time>2021-09-05T00:41:13Z</time>
      </trkpt>
      <trkpt lat="47.41547" lon="-120.90108">
        <ele>1979.39</ele>
        <time>2021-09-05T00:42:17Z</time>
      </trkpt>
      <trkpt lat="47.41549" lon="-120.9011">
        <ele>1979.38</ele>
        <time>2021-09-05T00:42:24Z</time>
      </trkpt>
      <trkpt lat="47.41551" lon="-120.90114">
        <ele>1978.89</ele>
        <time>2021-09-05T00:42:31Z</time>
      </trkpt>
      <trkpt lat="47.41552" lon="-120.90118">
        <ele>1978.3</ele>
        <time>2021-09-05T00:42:36Z</time>
      </trkpt>
      <trkpt lat="47.41552" lon="-120.90123">
        <ele>1977.17</ele>
        <time>2021-09-05T00:42:43Z</time>
      </trkpt>
      <trkpt lat="47.41552" lon="-120.90127">
        <ele>1976.14</ele>
        <time>2021-09-05T00:42:56Z</time>
      </trkpt>
      <trkpt lat="47.41554" lon="-120.90131">
        <ele>1975.86</ele>
        <time>2021-09-05T00:43:03Z</time>
      </trkpt>
      <trkpt lat="47.41555" lon="-120.90136">
        <ele>1974.65</ele>
        <time>2021-09-05T00:43:07Z</time>
      </trkpt>
      <trkpt lat="47.41555" lon="-120.90141">
        <ele>1973.0</ele>
        <time>2021-09-05T00:43:11Z</time>
      </trkpt>
      <trkpt lat="47.41556" lon="-120.90145">
        <ele>1972.24</ele>
        <time>2021-09-05T00:43:15Z</time>
      </trkpt>
      <trkpt lat="47.41558" lon="-120.90149">
        <ele>1972.14</ele>
        <time>2021-09-05T00:43:21Z</time>
      </trkpt>
      <trkpt lat="47.41561" lon="-120.9015">
        <ele>1973.54</ele>
        <time>2021-09-05T00:43:32Z</time>
      </trkpt>
      <trkpt lat="47.41563" lon="-120.90153">
        <ele>1973.97</ele>
        <time>2021-09-05T00:43:43Z</time>
      </trkpt>
      <trkpt lat="47.41563" lon="-120.90157">
        <ele>1973.11</ele>
        <time>2021-09-05T00:44:02Z</time>
      </trkpt>
      <trkpt lat="47.41566" lon="-120.90158">
        <ele>1974.33</ele>
        <time>2021-09-05T00:44:12Z</time>
      </trkpt>
      <trkpt lat="47.41569" lon="-120.90158">
        <ele>1975.64</ele>
        <time>2021-09-05T00:44:17Z</time>
      </trkpt>
      <trkpt lat="47.41572" lon="-120.9016">
        <ele>1976.48</ele>
        <time>2021-09-05T00:44:22Z</time>
      </trkpt>
      <trkpt lat="47.41574" lon="-120.90164">
        <ele>1976.54</ele>
        <time>2021-09-05T00:44:26Z</time>
      </trkpt>
      <trkpt lat="47.41575" lon="-120.90168">
        <ele>1975.65</ele>
        <time>2021-09-05T00:44:30Z</time>
      </trkpt>
      <trkpt lat="47.41577" lon="-120.90171">
        <ele>1975.06</ele>
        <time>2021-09-05T00:44:33Z</time>
      </trkpt>
      <trkpt lat="47.41579" lon="-120.90176">
        <ele>1974.1</ele>
        <time>2021-09-05T00:44:36Z</time>
      </trkpt>
      <trkpt lat="47.4158" lon="-120.9018">
        <ele>1973.24</ele>
        <time>2021-09-05T00:44:39Z</time>
      </trkpt>
      <trkpt lat="47.41582" lon="-120.90185">
        <ele>1972.48</ele>
        <time>2021-09-05T00:44:42Z</time>
      </trkpt>
      <trkpt lat="47.41583" lon="-120.90189">
        <ele>1972.03</ele>
        <time>2021-09-05T00:44:45Z</time>
      </trkpt>
      <trkpt lat="47.41585" lon="-120.90192">
        <ele>1971.71</ele>
        <time>2021-09-05T00:44:48Z</time>
      </trkpt>
      <trkpt lat="47.41588" lon="-120.90196">
        <ele>1971.25</ele>
        <time>2021-09-05T00:44:51Z</time>
      </trkpt>
      <trkpt lat="47.4159" lon="-120.90201">
        <ele>1970.81</ele>
        <time>2021-09-05T00:44:54Z</time>
      </trkpt>
      <trkpt lat="47.4159" lon="-120.90205">
        <ele>1970.26</ele>
        <time>2021-09-05T00:44:57Z</time>
      </trkpt>
      <trkpt lat="47.41591" lon="-120.90209">
        <ele>1969.99</ele>
        <time>2021-09-05T00:45:01Z</time>
      </trkpt>
      <trkpt lat="47.41592" lon="-120.90213">
        <ele>1969.8</ele>
        <time>2021-09-05T00:45:06Z</time>
      </trkpt>
      <trkpt lat="47.41594" lon="-120.90217">
        <ele>1969.63</ele>
        <time>2021-09-05T00:45:11Z</time>
      </trkpt>
      <trkpt lat="47.41596" lon="-120.9022">
        <ele>1969.52</ele>
        <time>2021-09-05T00:45:16Z</time>
      </trkpt>
      <trkpt lat="47.41598" lon="-120.90223">
        <ele>1969.43</ele>
        <time>2021-09-05T00:45:20Z</time>
      </trkpt>
      <trkpt lat="47.41599" lon="-120.90227">
        <ele>1968.86</ele>
        <time>2021-09-05T00:45:23Z</time>
      </trkpt>
      <trkpt lat="47.41601" lon="-120.90231">
        <ele>1968.79</ele>
        <time>2021-09-05T00:45:26Z</time>
      </trkpt>
      <trkpt lat="47.41603" lon="-120.90235">
        <ele>1968.33</ele>
        <time>2021-09-05T00:45:29Z</time>
      </trkpt>
      <trkpt lat="47.41605" lon="-120.90239">
        <ele>1967.93</ele>
        <time>2021-09-05T00:45:32Z</time>
      </trkpt>
      <trkpt lat="47.41607" lon="-120.90242">
        <ele>1967.79</ele>
        <time>2021-09-05T00:45:36Z</time>
      </trkpt>
      <trkpt lat="47.41609" lon="-120.90245">
        <ele>1967.77</ele>
        <time>2021-09-05T00:45:41Z</time>
      </trkpt>
      <trkpt lat="47.41611" lon="-120.90248">
        <ele>1968.16</ele>
        <time>2021-09-05T00:45:45Z</time>
      </trkpt>
      <trkpt lat="47.41611" lon="-120.90253">
        <ele>1967.29</ele>
        <time>2021-09-05T00:45:50Z</time>
      </trkpt>
      <trkpt lat="47.41612" lon="-120.90257">
        <ele>1966.63</ele>
        <time>2021-09-05T00:45:54Z</time>
      </trkpt>
      <trkpt lat="47.41614" lon="-120.90261">
        <ele>1966.37</ele>
        <time>2021-09-05T00:45:59Z</time>
      </trkpt>
      <trkpt lat="47.41615" lon="-120.90264">
        <ele>1966.25</ele>
        <time>2021-09-05T00:46:06Z</time>
      </trkpt>
      <trkpt lat="47.41617" lon="-120.90268">
        <ele>1966.58</ele>
        <time>2021-09-05T00:46:14Z</time>
      </trkpt>
      <trkpt lat="47.41616" lon="-120.90273">
        <ele>1965.4</ele>
        <time>2021-09-05T00:46:17Z</time>
      </trkpt>
      <trkpt lat="47.41615" lon="-120.90278">
        <ele>1964.05</ele>
        <time>2021-09-05T00:46:21Z</time>
      </trkpt>
      <trkpt lat="47.41615" lon="-120.90283">
        <ele>1962.88</ele>
        <time>2021-09-05T00:46:24Z</time>
      </trkpt>
      <trkpt lat="47.41618" lon="-120.90285">
        <ele>1964.54</ele>
        <time>2021-09-05T00:46:30Z</time>
      </trkpt>
      <trkpt lat="47.41619" lon="-120.90288">
        <ele>1964.76</ele>
        <time>2021-09-05T00:46:35Z</time>
      </trkpt>
      <trkpt lat="47.4162" lon="-120.90292">
        <ele>1964.65</ele>
        <time>2021-09-05T00:46:39Z</time>
      </trkpt>
      <trkpt lat="47.41623" lon="-120.90295">
        <ele>1965.34</ele>
        <time>2021-09-05T00:46:43Z</time>
      </trkpt>
      <trkpt lat="47.41625" lon="-120.90297">
        <ele>1965.85</ele>
        <time>2021-09-05T00:46:49Z</time>
      </trkpt>
      <trkpt lat="47.41626" lon="-120.90302">
        <ele>1965.33</ele>
        <time>2021-09-05T00:46:55Z</time>
      </trkpt>
      <trkpt lat="47.41628" lon="-120.90306">
        <ele>1965.84</ele>
        <time>2021-09-05T00:46:59Z</time>
      </trkpt>
      <trkpt lat="47.41629" lon="-120.9031">
        <ele>1965.6</ele>
        <time>2021-09-05T00:47:04Z</time>
      </trkpt>
      <trkpt lat="47.4163" lon="-120.90314">
        <ele>1965.25</ele>
        <time>2021-09-05T00:47:09Z</time>
      </trkpt>
      <trkpt lat="47.41631" lon="-120.90319">
        <ele>1964.46</ele>
        <time>2021-09-05T00:47:19Z</time>
      </trkpt>
      <trkpt lat="47.41631" lon="-120.90324">
        <ele>1963.46</ele>
        <time>2021-09-05T00:47:27Z</time>
      </trkpt>
      <trkpt lat="47.4163" lon="-120.90327">
        <ele>1962.21</ele>
        <time>2021-09-05T00:47:49Z</time>
      </trkpt>
      <trkpt lat="47.41632" lon="-120.9033">
        <ele>1962.34</ele>
        <time>2021-09-05T00:47:56Z</time>
      </trkpt>
      <trkpt lat="47.41635" lon="-120.90331">
        <ele>1963.8</ele>
        <time>2021-09-05T00:48:02Z</time>
      </trkpt>
      <trkpt lat="47.41636" lon="-120.90334">
        <ele>1964.03</ele>
        <time>2021-09-05T00:48:11Z</time>
      </trkpt>
      <trkpt lat="47.41637" lon="-120.90339">
        <ele>1964.04</ele>
        <time>2021-09-05T00:48:15Z</time>
      </trkpt>
      <trkpt lat="47.41639" lon="-120.90342">
        <ele>1965.07</ele>
        <time>2021-09-05T00:48:19Z</time>
      </trkpt>
      <trkpt lat="47.41641" lon="-120.90345">
        <ele>1964.83</ele>
        <time>2021-09-05T00:48:24Z</time>
      </trkpt>
      <trkpt lat="47.41642" lon="-120.9035">
        <ele>1964.27</ele>
        <time>2021-09-05T00:48:28Z</time>
      </trkpt>
      <trkpt lat="47.41643" lon="-120.90354">
        <ele>1964.07</ele>
        <time>2021-09-05T00:48:32Z</time>
      </trkpt>
      <trkpt lat="47.41644" lon="-120.90357">
        <ele>1964.16</ele>
        <time>2021-09-05T00:48:39Z</time>
      </trkpt>
      <trkpt lat="47.41647" lon="-120.90361">
        <ele>1965.38</ele>
        <time>2021-09-05T00:48:44Z</time>
      </trkpt>
      <trkpt lat="47.41648" lon="-120.90365">
        <ele>1965.49</ele>
        <time>2021-09-05T00:48:47Z</time>
      </trkpt>
      <trkpt lat="47.4165" lon="-120.90368">
        <ele>1965.5</ele>
        <time>2021-09-05T00:48:50Z</time>
      </trkpt>
      <trkpt lat="47.41651" lon="-120.90372">
        <ele>1965.37</ele>
        <time>2021-09-05T00:48:54Z</time>
      </trkpt>
      <trkpt lat="47.41652" lon="-120.90377">
        <ele>1965.0</ele>
        <time>2021-09-05T00:48:58Z</time>
      </trkpt>
      <trkpt lat="47.41654" lon="-120.9038">
        <ele>1965.45</ele>
        <time>2021-09-05T00:49:01Z</time>
      </trkpt>
      <trkpt lat="47.41656" lon="-120.90384">
        <ele>1965.45</ele>
        <time>2021-09-05T00:49:05Z</time>
      </trkpt>
      <trkpt lat="47.41657" lon="-120.90389">
        <ele>1964.79</ele>
        <time>2021-09-05T00:49:09Z</time>
      </trkpt>
      <trkpt lat="47.41658" lon="-120.90393">
        <ele>1963.7</ele>
        <time>2021-09-05T00:49:12Z</time>
      </trkpt>
      <trkpt lat="47.41661" lon="-120.90396">
        <ele>1962.99</ele>
        <time>2021-09-05T00:49:16Z</time>
      </trkpt>
      <trkpt lat="47.41663" lon="-120.90398">
        <ele>1962.64</ele>
        <time>2021-09-05T00:49:19Z</time>
      </trkpt>
      <trkpt lat="47.41666" lon="-120.90401">
        <ele>1962.0</ele>
        <time>2021-09-05T00:49:22Z</time>
      </trkpt>
      <trkpt lat="47.41668" lon="-120.90404">
        <ele>1960.85</ele>
        <time>2021-09-05T00:49:25Z</time>
      </trkpt>
      <trkpt lat="47.41671" lon="-120.90407">
        <ele>1959.62</ele>
        <time>2021-09-05T00:49:29Z</time>
      </trkpt>
      <trkpt lat="47.41672" lon="-120.90411">
        <ele>1958.32</ele>
        <time>2021-09-05T00:49:33Z</time>
      </trkpt>
      <trkpt lat="47.41674" lon="-120.90415">
        <ele>1957.23</ele>
        <time>2021-09-05T00:49:38Z</time>
      </trkpt>
      <trkpt lat="47.41677" lon="-120.90418">
        <ele>1956.58</ele>
        <time>2021-09-05T00:49:42Z</time>
      </trkpt>
      <trkpt lat="47.41679" lon="-120.9042">
        <ele>1956.04</ele>
        <time>2021-09-05T00:49:45Z</time>
      </trkpt>
      <trkpt lat="47.41683" lon="-120.90421">
        <ele>1955.95</ele>
        <time>2021-09-05T00:49:49Z</time>
      </trkpt>
      <trkpt lat="47.41686" lon="-120.90421">
        <ele>1956.02</ele>
        <time>2021-09-05T00:49:53Z</time>
      </trkpt>
      <trkpt lat="47.41689" lon="-120.90423">
        <ele>1955.5</ele>
        <time>2021-09-05T00:49:59Z</time>
      </trkpt>
      <trkpt lat="47.41689" lon="-120.90427">
        <ele>1954.7</ele>
        <time>2021-09-05T00:50:08Z</time>
      </trkpt>
      <trkpt lat="47.41693" lon="-120.90428">
        <ele>1954.52</ele>
        <time>2021-09-05T00:50:13Z</time>
      </trkpt>
      <trkpt lat="47.41696" lon="-120.90428">
        <ele>1954.55</ele>
        <time>2021-09-05T00:50:16Z</time>
      </trkpt>
      <trkpt lat="47.41699" lon="-120.90429">
        <ele>1954.34</ele>
        <time>2021-09-05T00:50:20Z</time>
      </trkpt>
      <trkpt lat="47.41699" lon="-120.90433">
        <ele>1953.47</ele>
        <time>2021-09-05T00:50:27Z</time>
      </trkpt>
      <trkpt lat="47.41699" lon="-120.90437">
        <ele>1952.41</ele>
        <time>2021-09-05T00:50:32Z</time>
      </trkpt>
      <trkpt lat="47.41701" lon="-120.90441">
        <ele>1951.12</ele>
        <time>2021-09-05T00:50:38Z</time>
      </trkpt>
      <trkpt lat="47.41703" lon="-120.90444">
        <ele>1950.14</ele>
        <time>2021-09-05T00:50:43Z</time>
      </trkpt>
      <trkpt lat="47.41705" lon="-120.90448">
        <ele>1948.38</ele>
        <time>2021-09-05T00:50:47Z</time>
      </trkpt>
      <trkpt lat="47.41707" lon="-120.9045">
        <ele>1947.46</ele>
        <time>2021-09-05T00:50:50Z</time>
      </trkpt>
      <trkpt lat="47.41709" lon="-120.90453">
        <ele>1946.26</ele>
        <time>2021-09-05T00:50:53Z</time>
      </trkpt>
      <trkpt lat="47.41712" lon="-120.90455">
        <ele>1945.44</ele>
        <time>2021-09-05T00:50:57Z</time>
      </trkpt>
      <trkpt lat="47.41716" lon="-120.90455">
        <ele>1945.16</ele>
        <time>2021-09-05T00:51:01Z</time>
      </trkpt>
      <trkpt lat="47.41719" lon="-120.90455">
        <ele>1944.88</ele>
        <time>2021-09-05T00:51:04Z</time>
      </trkpt>
      <trkpt lat="47.41722" lon="-120.90454">
        <ele>1944.93</ele>
        <time>2021-09-05T00:51:08Z</time>
      </trkpt>
      <trkpt lat="47.41725" lon="-120.90455">
        <ele>1944.62</ele>
        <time>2021-09-05T00:51:12Z</time>
      </trkpt>
      <trkpt lat="47.41729" lon="-120.90456">
        <ele>1944.44</ele>
        <time>2021-09-05T00:51:16Z</time>
      </trkpt>
      <trkpt lat="47.41731" lon="-120.90459">
        <ele>1943.83</ele>
        <time>2021-09-05T00:51:20Z</time>
      </trkpt>
      <trkpt lat="47.41734" lon="-120.90462">
        <ele>1943.15</ele>
        <time>2021-09-05T00:51:24Z</time>
      </trkpt>
      <trkpt lat="47.41736" lon="-120.90465">
        <ele>1942.45</ele>
        <time>2021-09-05T00:51:29Z</time>
      </trkpt>
      <trkpt lat="47.41739" lon="-120.90467">
        <ele>1942.05</ele>
        <time>2021-09-05T00:51:33Z</time>
      </trkpt>
      <trkpt lat="47.41742" lon="-120.90468">
        <ele>1941.99</ele>
        <time>2021-09-05T00:51:38Z</time>
      </trkpt>
      <trkpt lat="47.41744" lon="-120.90472">
        <ele>1941.39</ele>
        <time>2021-09-05T00:51:44Z</time>
      </trkpt>
      <trkpt lat="47.41747" lon="-120.90473">
        <ele>1941.51</ele>
        <time>2021-09-05T00:51:47Z</time>
      </trkpt>
      <trkpt lat="47.41749" lon="-120.90475">
        <ele>1941.29</ele>
        <time>2021-09-05T00:51:50Z</time>
      </trkpt>
      <trkpt lat="47.41752" lon="-120.90477">
        <ele>1941.08</ele>
        <time>2021-09-05T00:51:55Z</time>
      </trkpt>
      <trkpt lat="47.41755" lon="-120.90477">
        <ele>1941.25</ele>
        <time>2021-09-05T00:51:58Z</time>
      </trkpt>
      <trkpt lat="47.41758" lon="-120.90478">
        <ele>1941.29</ele>
        <time>2021-09-05T00:52:01Z</time>
      </trkpt>
      <trkpt lat="47.41761" lon="-120.90479">
        <ele>1941.41</ele>
        <time>2021-09-05T00:52:05Z</time>
      </trkpt>
      <trkpt lat="47.41764" lon="-120.9048">
        <ele>1941.59</ele>
        <time>2021-09-05T00:52:09Z</time>
      </trkpt>
      <trkpt lat="47.41767" lon="-120.90482">
        <ele>1941.71</ele>
        <time>2021-09-05T00:52:14Z</time>
      </trkpt>
      <trkpt lat="47.41769" lon="-120.90485">
        <ele>1941.26</ele>
        <time>2021-09-05T00:52:17Z</time>
      </trkpt>
      <trkpt lat="47.41772" lon="-120.90489">
        <ele>1940.68</ele>
        <time>2021-09-05T00:52:21Z</time>
      </trkpt>
      <trkpt lat="47.41775" lon="-120.90491">
        <ele>1940.62</ele>
        <time>2021-09-05T00:52:24Z</time>
      </trkpt>
      <trkpt lat="47.41778" lon="-120.90492">
        <ele>1940.62</ele>
        <time>2021-09-05T00:52:27Z</time>
      </trkpt>
      <trkpt lat="47.41781" lon="-120.90493">
        <ele>1940.7</ele>
        <time>2021-09-05T00:52:30Z</time>
      </trkpt>
      <trkpt lat="47.41785" lon="-120.90494">
        <ele>1941.0</ele>
        <time>2021-09-05T00:52:33Z</time>
      </trkpt>
      <trkpt lat="47.41789" lon="-120.90496">
        <ele>1940.98</ele>
        <time>2021-09-05T00:52:36Z</time>
      </trkpt>
      <trkpt lat="47.41793" lon="-120.90497">
        <ele>1941.08</ele>
        <time>2021-09-05T00:52:39Z</time>
      </trkpt>
      <trkpt lat="47.41797" lon="-120.90499">
        <ele>1941.18</ele>
        <time>2021-09-05T00:52:42Z</time>
      </trkpt>
      <trkpt lat="47.41799" lon="-120.90501">
        <ele>1941.08</ele>
        <time>2021-09-05T00:52:46Z</time>
      </trkpt>
      <trkpt lat="47.41802" lon="-120.90503">
        <ele>1940.97</ele>
        <time>2021-09-05T00:52:49Z</time>
      </trkpt>
      <trkpt lat="47.41805" lon="-120.90505">
        <ele>1940.86</ele>
        <time>2021-09-05T00:52:52Z</time>
      </trkpt>
      <trkpt lat="47.41808" lon="-120.90507">
        <ele>1940.49</ele>
        <time>2021-09-05T00:52:57Z</time>
      </trkpt>
      <trkpt lat="47.4181" lon="-120.90509">
        <ele>1940.06</ele>
        <time>2021-09-05T00:53:02Z</time>
      </trkpt>
      <trkpt lat="47.41813" lon="-120.9051">
        <ele>1939.82</ele>
        <time>2021-09-05T00:53:06Z</time>
      </trkpt>
      <trkpt lat="47.41816" lon="-120.90509">
        <ele>1940.18</ele>
        <time>2021-09-05T00:53:10Z</time>
      </trkpt>
      <trkpt lat="47.41818" lon="-120.90508">
        <ele>1940.62</ele>
        <time>2021-09-05T00:53:14Z</time>
      </trkpt>
      <trkpt lat="47.41821" lon="-120.90509">
        <ele>1940.72</ele>
        <time>2021-09-05T00:53:17Z</time>
      </trkpt>
      <trkpt lat="47.41824" lon="-120.9051">
        <ele>1940.83</ele>
        <time>2021-09-05T00:53:20Z</time>
      </trkpt>
      <trkpt lat="47.41827" lon="-120.90512">
        <ele>1940.41</ele>
        <time>2021-09-05T00:53:23Z</time>
      </trkpt>
      <trkpt lat="47.4183" lon="-120.90513">
        <ele>1940.19</ele>
        <time>2021-09-05T00:53:26Z</time>
      </trkpt>
      <trkpt lat="47.41834" lon="-120.90513">
        <ele>1940.08</ele>
        <time>2021-09-05T00:53:30Z</time>
      </trkpt>
      <trkpt lat="47.41837" lon="-120.90513">
        <ele>1939.56</ele>
        <time>2021-09-05T00:53:34Z</time>
      </trkpt>
      <trkpt lat="47.41837" lon="-120.90518">
        <ele>1938.69</ele>
        <time>2021-09-05T00:53:40Z</time>
      </trkpt>
      <trkpt lat="47.41839" lon="-120.90522">
        <ele>1937.64</ele>
        <time>2021-09-05T00:53:44Z</time>
      </trkpt>
      <trkpt lat="47.41841" lon="-120.90525">
        <ele>1936.77</ele>
        <time>2021-09-05T00:53:48Z</time>
      </trkpt>
      <trkpt lat="47.41843" lon="-120.90529">
        <ele>1935.65</ele>
        <time>2021-09-05T00:53:52Z</time>
      </trkpt>
      <trkpt lat="47.41846" lon="-120.90533">
        <ele>1934.34</ele>
        <time>2021-09-05T00:53:56Z</time>
      </trkpt>
      <trkpt lat="47.41848" lon="-120.90534">
        <ele>1933.88</ele>
        <time>2021-09-05T00:54:01Z</time>
      </trkpt>
      <trkpt lat="47.41851" lon="-120.90534">
        <ele>1933.45</ele>
        <time>2021-09-05T00:54:05Z</time>
      </trkpt>
      <trkpt lat="47.41854" lon="-120.90535">
        <ele>1932.76</ele>
        <time>2021-09-05T00:54:09Z</time>
      </trkpt>
      <trkpt lat="47.41857" lon="-120.90535">
        <ele>1932.11</ele>
        <time>2021-09-05T00:54:13Z</time>
      </trkpt>
      <trkpt lat="47.4186" lon="-120.90533">
        <ele>1931.68</ele>
        <time>2021-09-05T00:54:17Z</time>
      </trkpt>
      <trkpt lat="47.41863" lon="-120.90534">
        <ele>1930.85</ele>
        <time>2021-09-05T00:54:23Z</time>
      </trkpt>
      <trkpt lat="47.41866" lon="-120.90532">
        <ele>1930.2</ele>
        <time>2021-09-05T00:54:30Z</time>
      </trkpt>
      <trkpt lat="47.41868" lon="-120.90535">
        <ele>1929.57</ele>
        <time>2021-09-05T00:54:34Z</time>
      </trkpt>
      <trkpt lat="47.41869" lon="-120.90539">
        <ele>1929.08</ele>
        <time>2021-09-05T00:54:39Z</time>
      </trkpt>
      <trkpt lat="47.41872" lon="-120.90542">
        <ele>1927.68</ele>
        <time>2021-09-05T00:54:51Z</time>
      </trkpt>
      <trkpt lat="47.41873" lon="-120.90538">
        <ele>1927.51</ele>
        <time>2021-09-05T00:55:02Z</time>
      </trkpt>
      <trkpt lat="47.41876" lon="-120.90539">
        <ele>1925.88</ele>
        <time>2021-09-05T00:55:29Z</time>
      </trkpt>
      <trkpt lat="47.41879" lon="-120.90538">
        <ele>1924.33</ele>
        <time>2021-09-05T00:55:35Z</time>
      </trkpt>
      <trkpt lat="47.41881" lon="-120.90535">
        <ele>1923.41</ele>
        <time>2021-09-05T00:55:41Z</time>
      </trkpt>
      <trkpt lat="47.41883" lon="-120.90537">
        <ele>1922.54</ele>
        <time>2021-09-05T00:55:45Z</time>
      </trkpt>
      <trkpt lat="47.41885" lon="-120.90541">
        <ele>1921.68</ele>
        <time>2021-09-05T00:55:49Z</time>
      </trkpt>
      <trkpt lat="47.41887" lon="-120.90543">
        <ele>1920.82</ele>
        <time>2021-09-05T00:55:54Z</time>
      </trkpt>
      <trkpt lat="47.41889" lon="-120.90546">
        <ele>1919.95</ele>
        <time>2021-09-05T00:56:00Z</time>
      </trkpt>
      <trkpt lat="47.41891" lon="-120.90549">
        <ele>1918.8</ele>
        <time>2021-09-05T00:56:07Z</time>
      </trkpt>
      <trkpt lat="47.41894" lon="-120.90551">
        <ele>1917.28</ele>
        <time>2021-09-05T00:56:15Z</time>
      </trkpt>
      <trkpt lat="47.41896" lon="-120.90553">
        <ele>1916.2</ele>
        <time>2021-09-05T00:56:20Z</time>
      </trkpt>
      <trkpt lat="47.41898" lon="-120.90556">
        <ele>1915.06</ele>
        <time>2021-09-05T00:56:25Z</time>
      </trkpt>
      <trkpt lat="47.419" lon="-120.9056">
        <ele>1914.3</ele>
        <time>2021-09-05T00:56:30Z</time>
      </trkpt>
      <trkpt lat="47.41903" lon="-120.90561">
        <ele>1913.12</ele>
        <time>2021-09-05T00:56:38Z</time>
      </trkpt>
      <trkpt lat="47.41906" lon="-120.90563">
        <ele>1911.77</ele>
        <time>2021-09-05T00:56:44Z</time>
      </trkpt>
      <trkpt lat="47.41908" lon="-120.90565">
        <ele>1910.81</ele>
        <time>2021-09-05T00:56:49Z</time>
      </trkpt>
      <trkpt lat="47.41911" lon="-120.90564">
        <ele>1909.89</ele>
        <time>2021-09-05T00:56:54Z</time>
      </trkpt>
      <trkpt lat="47.41913" lon="-120.90561">
        <ele>1909.35</ele>
        <time>2021-09-05T00:56:58Z</time>
      </trkpt>
      <trkpt lat="47.41915" lon="-120.90558">
        <ele>1908.67</ele>
        <time>2021-09-05T00:57:02Z</time>
      </trkpt>
      <trkpt lat="47.41918" lon="-120.90558">
        <ele>1907.53</ele>
        <time>2021-09-05T00:57:07Z</time>
      </trkpt>
      <trkpt lat="47.4192" lon="-120.90559">
        <ele>1906.79</ele>
        <time>2021-09-05T00:57:12Z</time>
      </trkpt>
      <trkpt lat="47.41923" lon="-120.90556">
        <ele>1905.92</ele>
        <time>2021-09-05T00:57:19Z</time>
      </trkpt>
      <trkpt lat="47.41924" lon="-120.90553">
        <ele>1905.62</ele>
        <time>2021-09-05T00:57:22Z</time>
      </trkpt>
      <trkpt lat="47.41927" lon="-120.90552">
        <ele>1904.65</ele>
        <time>2021-09-05T00:57:26Z</time>
      </trkpt>
      <trkpt lat="47.4193" lon="-120.90554">
        <ele>1903.68</ele>
        <time>2021-09-05T00:57:29Z</time>
      </trkpt>
      <trkpt lat="47.41933" lon="-120.90557">
        <ele>1902.67</ele>
        <time>2021-09-05T00:57:33Z</time>
      </trkpt>
      <trkpt lat="47.41936" lon="-120.90558">
        <ele>1901.82</ele>
        <time>2021-09-05T00:57:38Z</time>
      </trkpt>
      <trkpt lat="47.41939" lon="-120.9056">
        <ele>1901.18</ele>
        <time>2021-09-05T00:57:41Z</time>
      </trkpt>
      <trkpt lat="47.41941" lon="-120.90564">
        <ele>1900.74</ele>
        <time>2021-09-05T00:57:44Z</time>
      </trkpt>
      <trkpt lat="47.41944" lon="-120.90565">
        <ele>1900.08</ele>
        <time>2021-09-05T00:57:48Z</time>
      </trkpt>
      <trkpt lat="47.41946" lon="-120.90564">
        <ele>1899.51</ele>
        <time>2021-09-05T00:57:51Z</time>
      </trkpt>
      <trkpt lat="47.41949" lon="-120.90567">
        <ele>1898.4</ele>
        <time>2021-09-05T00:57:55Z</time>
      </trkpt>
      <trkpt lat="47.41952" lon="-120.90567">
        <ele>1897.51</ele>
        <time>2021-09-05T00:58:00Z</time>
      </trkpt>
      <trkpt lat="47.41955" lon="-120.90564">
        <ele>1896.81</ele>
        <time>2021-09-05T00:58:03Z</time>
      </trkpt>
      <trkpt lat="47.41957" lon="-120.9056">
        <ele>1896.81</ele>
        <time>2021-09-05T00:58:06Z</time>
      </trkpt>
      <trkpt lat="47.4196" lon="-120.90559">
        <ele>1896.27</ele>
        <time>2021-09-05T00:58:09Z</time>
      </trkpt>
      <trkpt lat="47.41963" lon="-120.90559">
        <ele>1895.62</ele>
        <time>2021-09-05T00:58:12Z</time>
      </trkpt>
      <trkpt lat="47.41966" lon="-120.90561">
        <ele>1894.76</ele>
        <time>2021-09-05T00:58:15Z</time>
      </trkpt>
      <trkpt lat="47.41969" lon="-120.90564">
        <ele>1893.78</ele>
        <time>2021-09-05T00:58:18Z</time>
      </trkpt>
      <trkpt lat="47.41972" lon="-120.90565">
        <ele>1893.05</ele>
        <time>2021-09-05T00:58:20Z</time>
      </trkpt>
      <trkpt lat="47.41975" lon="-120.90566">
        <ele>1892.4</ele>
        <time>2021-09-05T00:58:23Z</time>
      </trkpt>
      <trkpt lat="47.41978" lon="-120.90566">
        <ele>1891.75</ele>
        <time>2021-09-05T00:58:26Z</time>
      </trkpt>
      <trkpt lat="47.41982" lon="-120.90567">
        <ele>1890.89</ele>
        <time>2021-09-05T00:58:29Z</time>
      </trkpt>
      <trkpt lat="47.41985" lon="-120.90568">
        <ele>1890.24</ele>
        <time>2021-09-05T00:58:32Z</time>
      </trkpt>
      <trkpt lat="47.41988" lon="-120.90569">
        <ele>1889.59</ele>
        <time>2021-09-05T00:58:35Z</time>
      </trkpt>
      <trkpt lat="47.41992" lon="-120.90569">
        <ele>1888.86</ele>
        <time>2021-09-05T00:58:38Z</time>
      </trkpt>
      <trkpt lat="47.41995" lon="-120.9057">
        <ele>1888.54</ele>
        <time>2021-09-05T00:58:40Z</time>
      </trkpt>
      <trkpt lat="47.41999" lon="-120.90571">
        <ele>1888.11</ele>
        <time>2021-09-05T00:58:43Z</time>
      </trkpt>
      <trkpt lat="47.42002" lon="-120.90573">
        <ele>1887.81</ele>
        <time>2021-09-05T00:58:46Z</time>
      </trkpt>
      <trkpt lat="47.42005" lon="-120.90574">
        <ele>1887.46</ele>
        <time>2021-09-05T00:58:49Z</time>
      </trkpt>
      <trkpt lat="47.42008" lon="-120.90575">
        <ele>1887.04</ele>
        <time>2021-09-05T00:58:52Z</time>
      </trkpt>
      <trkpt lat="47.42011" lon="-120.90576">
        <ele>1886.94</ele>
        <time>2021-09-05T00:58:55Z</time>
      </trkpt>
      <trkpt lat="47.42015" lon="-120.90577">
        <ele>1887.11</ele>
        <time>2021-09-05T00:58:58Z</time>
      </trkpt>
      <trkpt lat="47.42018" lon="-120.90577">
        <ele>1887.33</ele>
        <time>2021-09-05T00:59:01Z</time>
      </trkpt>
      <trkpt lat="47.42022" lon="-120.90577">
        <ele>1887.49</ele>
        <time>2021-09-05T00:59:04Z</time>
      </trkpt>
      <trkpt lat="47.42025" lon="-120.90577">
        <ele>1887.59</ele>
        <time>2021-09-05T00:59:07Z</time>
      </trkpt>
      <trkpt lat="47.42028" lon="-120.90578">
        <ele>1887.6</ele>
        <time>2021-09-05T00:59:10Z</time>
      </trkpt>
      <trkpt lat="47.42032" lon="-120.90578">
        <ele>1888.03</ele>
        <time>2021-09-05T00:59:13Z</time>
      </trkpt>
      <trkpt lat="47.42035" lon="-120.90579">
        <ele>1888.25</ele>
        <time>2021-09-05T00:59:17Z</time>
      </trkpt>
      <trkpt lat="47.42038" lon="-120.9058">
        <ele>1888.5</ele>
        <time>2021-09-05T00:59:21Z</time>
      </trkpt>
      <trkpt lat="47.42041" lon="-120.90581">
        <ele>1888.79</ele>
        <time>2021-09-05T00:59:25Z</time>
      </trkpt>
      <trkpt lat="47.42044" lon="-120.90582">
        <ele>1889.0</ele>
        <time>2021-09-05T00:59:28Z</time>
      </trkpt>
      <trkpt lat="47.42047" lon="-120.90583">
        <ele>1889.07</ele>
        <time>2021-09-05T00:59:31Z</time>
      </trkpt>
      <trkpt lat="47.4205" lon="-120.90584">
        <ele>1888.76</ele>
        <time>2021-09-05T00:59:34Z</time>
      </trkpt>
      <trkpt lat="47.42053" lon="-120.90583">
        <ele>1889.1</ele>
        <time>2021-09-05T00:59:37Z</time>
      </trkpt>
      <trkpt lat="47.42056" lon="-120.90583">
        <ele>1889.06</ele>
        <time>2021-09-05T00:59:40Z</time>
      </trkpt>
      <trkpt lat="47.42059" lon="-120.90585">
        <ele>1887.91</ele>
        <time>2021-09-05T00:59:43Z</time>
      </trkpt>
      <trkpt lat="47.42063" lon="-120.90586">
        <ele>1887.04</ele>
        <time>2021-09-05T00:59:46Z</time>
      </trkpt>
      <trkpt lat="47.42066" lon="-120.90587">
        <ele>1886.21</ele>
        <time>2021-09-05T00:59:49Z</time>
      </trkpt>
      <trkpt lat="47.42068" lon="-120.90591">
        <ele>1884.28</ele>
        <time>2021-09-05T00:59:52Z</time>
      </trkpt>
      <trkpt lat="47.4207" lon="-120.90593">
        <ele>1883.31</ele>
        <time>2021-09-05T00:59:55Z</time>
      </trkpt>
      <trkpt lat="47.42073" lon="-120.90595">
        <ele>1882.34</ele>
        <time>2021-09-05T00:59:58Z</time>
      </trkpt>
      <trkpt lat="47.42075" lon="-120.90597">
        <ele>1881.37</ele>
        <time>2021-09-05T01:00:02Z</time>
      </trkpt>
      <trkpt lat="47.42078" lon="-120.90598">
        <ele>1880.4</ele>
        <time>2021-09-05T01:00:06Z</time>
      </trkpt>
      <trkpt lat="47.42081" lon="-120.90596">
        <ele>1880.4</ele>
        <time>2021-09-05T01:00:09Z</time>
      </trkpt>
      <trkpt lat="47.42083" lon="-120.90594">
        <ele>1880.62</ele>
        <time>2021-09-05T01:00:13Z</time>
      </trkpt>
      <trkpt lat="47.42086" lon="-120.90594">
        <ele>1880.5</ele>
        <time>2021-09-05T01:00:17Z</time>
      </trkpt>
      <trkpt lat="47.4209" lon="-120.90594">
        <ele>1880.43</ele>
        <time>2021-09-05T01:00:21Z</time>
      </trkpt>
      <trkpt lat="47.42093" lon="-120.90591">
        <ele>1881.3</ele>
        <time>2021-09-05T01:00:24Z</time>
      </trkpt>
      <trkpt lat="47.42096" lon="-120.90589">
        <ele>1881.41</ele>
        <time>2021-09-05T01:00:27Z</time>
      </trkpt>
      <trkpt lat="47.42098" lon="-120.90587">
        <ele>1881.62</ele>
        <time>2021-09-05T01:00:30Z</time>
      </trkpt>
      <trkpt lat="47.42102" lon="-120.90587">
        <ele>1881.21</ele>
        <time>2021-09-05T01:00:34Z</time>
      </trkpt>
      <trkpt lat="47.42106" lon="-120.90589">
        <ele>1881.05</ele>
        <time>2021-09-05T01:00:37Z</time>
      </trkpt>
      <trkpt lat="47.42109" lon="-120.9059">
        <ele>1881.12</ele>
        <time>2021-09-05T01:00:40Z</time>
      </trkpt>
      <trkpt lat="47.42112" lon="-120.9059">
        <ele>1881.28</ele>
        <time>2021-09-05T01:00:43Z</time>
      </trkpt>
      <trkpt lat="47.42115" lon="-120.9059">
        <ele>1881.28</ele>
        <time>2021-09-05T01:00:46Z</time>
      </trkpt>
      <trkpt lat="47.42118" lon="-120.90591">
        <ele>1881.17</ele>
        <time>2021-09-05T01:00:49Z</time>
      </trkpt>
      <trkpt lat="47.42121" lon="-120.90592">
        <ele>1881.06</ele>
        <time>2021-09-05T01:00:52Z</time>
      </trkpt>
      <trkpt lat="47.42124" lon="-120.90592">
        <ele>1881.06</ele>
        <time>2021-09-05T01:00:55Z</time>
      </trkpt>
      <trkpt lat="47.42128" lon="-120.90592">
        <ele>1881.06</ele>
        <time>2021-09-05T01:00:59Z</time>
      </trkpt>
      <trkpt lat="47.42131" lon="-120.90592">
        <ele>1881.06</ele>
        <time>2021-09-05T01:01:02Z</time>
      </trkpt>
      <trkpt lat="47.42134" lon="-120.90592">
        <ele>1881.06</ele>
        <time>2021-09-05T01:01:05Z</time>
      </trkpt>
      <trkpt lat="47.42136" lon="-120.90593">
        <ele>1880.9</ele>
        <time>2021-09-05T01:01:08Z</time>
      </trkpt>
      <trkpt lat="47.42139" lon="-120.90594">
        <ele>1880.71</ele>
        <time>2021-09-05T01:01:11Z</time>
      </trkpt>
      <trkpt lat="47.42142" lon="-120.90593">
        <ele>1881.25</ele>
        <time>2021-09-05T01:01:14Z</time>
      </trkpt>
      <trkpt lat="47.42145" lon="-120.90593">
        <ele>1881.57</ele>
        <time>2021-09-05T01:01:18Z</time>
      </trkpt>
      <trkpt lat="47.42148" lon="-120.90594">
        <ele>1881.68</ele>
        <time>2021-09-05T01:01:21Z</time>
      </trkpt>
      <trkpt lat="47.42151" lon="-120.90594">
        <ele>1882.05</ele>
        <time>2021-09-05T01:01:24Z</time>
      </trkpt>
      <trkpt lat="47.42154" lon="-120.90594">
        <ele>1882.42</ele>
        <time>2021-09-05T01:01:27Z</time>
      </trkpt>
      <trkpt lat="47.42157" lon="-120.90595">
        <ele>1882.68</ele>
        <time>2021-09-05T01:01:30Z</time>
      </trkpt>
      <trkpt lat="47.4216" lon="-120.90597">
        <ele>1882.66</ele>
        <time>2021-09-05T01:01:34Z</time>
      </trkpt>
      <trkpt lat="47.42163" lon="-120.90599">
        <ele>1882.73</ele>
        <time>2021-09-05T01:01:38Z</time>
      </trkpt>
      <trkpt lat="47.42165" lon="-120.90601">
        <ele>1882.84</ele>
        <time>2021-09-05T01:01:41Z</time>
      </trkpt>
      <trkpt lat="47.42168" lon="-120.90602">
        <ele>1882.97</ele>
        <time>2021-09-05T01:01:44Z</time>
      </trkpt>
      <trkpt lat="47.42171" lon="-120.90603">
        <ele>1882.75</ele>
        <time>2021-09-05T01:01:47Z</time>
      </trkpt>
      <trkpt lat="47.42174" lon="-120.90603">
        <ele>1882.75</ele>
        <time>2021-09-05T01:01:50Z</time>
      </trkpt>
      <trkpt lat="47.42177" lon="-120.90604">
        <ele>1882.3</ele>
        <time>2021-09-05T01:01:53Z</time>
      </trkpt>
      <trkpt lat="47.42181" lon="-120.90604">
        <ele>1881.44</ele>
        <time>2021-09-05T01:01:56Z</time>
      </trkpt>
      <trkpt lat="47.42184" lon="-120.90603">
        <ele>1881.01</ele>
        <time>2021-09-05T01:01:59Z</time>
      </trkpt>
      <trkpt lat="47.42186" lon="-120.90604">
        <ele>1880.25</ele>
        <time>2021-09-05T01:02:03Z</time>
      </trkpt>
      <trkpt lat="47.42189" lon="-120.90607">
        <ele>1878.42</ele>
        <time>2021-09-05T01:02:11Z</time>
      </trkpt>
      <trkpt lat="47.42192" lon="-120.90607">
        <ele>1877.27</ele>
        <time>2021-09-05T01:02:17Z</time>
      </trkpt>
      <trkpt lat="47.42195" lon="-120.90606">
        <ele>1876.42</ele>
        <time>2021-09-05T01:02:21Z</time>
      </trkpt>
      <trkpt lat="47.42198" lon="-120.90605">
        <ele>1875.44</ele>
        <time>2021-09-05T01:02:27Z</time>
      </trkpt>
      <trkpt lat="47.42201" lon="-120.90602">
        <ele>1875.12</ele>
        <time>2021-09-05T01:02:31Z</time>
      </trkpt>
      <trkpt lat="47.42204" lon="-120.90601">
        <ele>1874.09</ele>
        <time>2021-09-05T01:02:34Z</time>
      </trkpt>
      <trkpt lat="47.42208" lon="-120.906">
        <ele>1874.29</ele>
        <time>2021-09-05T01:02:37Z</time>
      </trkpt>
      <trkpt lat="47.42211" lon="-120.90599">
        <ele>1874.55</ele>
        <time>2021-09-05T01:02:40Z</time>
      </trkpt>
      <trkpt lat="47.42212" lon="-120.90595">
        <ele>1875.4</ele>
        <time>2021-09-05T01:02:50Z</time>
      </trkpt>
      <trkpt lat="47.42209" lon="-120.90595">
        <ele>1875.16</ele>
        <time>2021-09-05T01:03:13Z</time>
      </trkpt>
      <trkpt lat="47.42207" lon="-120.90597">
        <ele>1874.71</ele>
        <time>2021-09-05T01:04:56Z</time>
      </trkpt>
      <trkpt lat="47.42204" lon="-120.90597">
        <ele>1874.54</ele>
        <time>2021-09-05T01:05:28Z</time>
      </trkpt>
      <trkpt lat="47.42207" lon="-120.90597">
        <ele>1874.71</ele>
        <time>2021-09-05T01:07:01Z</time>
      </trkpt>
      <trkpt lat="47.42208" lon="-120.90601">
        <ele>1874.13</ele>
        <time>2021-09-05T01:07:58Z</time>
      </trkpt>
      <trkpt lat="47.42205" lon="-120.90599">
        <ele>1874.35</ele>
        <time>2021-09-05T01:08:57Z</time>
      </trkpt>
      <trkpt lat="47.42203" lon="-120.90596">
        <ele>1874.94</ele>
        <time>2021-09-05T01:09:10Z</time>
      </trkpt>
      <trkpt lat="47.42206" lon="-120.90598">
        <ele>1874.52</ele>
        <time>2021-09-05T01:10:19Z</time>
      </trkpt>
      <trkpt lat="47.42209" lon="-120.906">
        <ele>1874.31</ele>
        <time>2021-09-05T01:10:23Z</time>
      </trkpt>
      <trkpt lat="47.42212" lon="-120.90603">
        <ele>1873.52</ele>
        <time>2021-09-05T01:10:27Z</time>
      </trkpt>
      <trkpt lat="47.42214" lon="-120.90607">
        <ele>1872.06</ele>
        <time>2021-09-05T01:10:30Z</time>
      </trkpt>
      <trkpt lat="47.42215" lon="-120.90611">
        <ele>1870.71</ele>
        <time>2021-09-05T01:10:33Z</time>
      </trkpt>
      <trkpt lat="47.42217" lon="-120.90615">
        <ele>1869.81</ele>
        <time>2021-09-05T01:10:37Z</time>
      </trkpt>
      <trkpt lat="47.42219" lon="-120.90619">
        <ele>1869.1</ele>
        <time>2021-09-05T01:10:42Z</time>
      </trkpt>
      <trkpt lat="47.42221" lon="-120.90622">
        <ele>1868.92</ele>
        <time>2021-09-05T01:10:47Z</time>
      </trkpt>
      <trkpt lat="47.42223" lon="-120.90625">
        <ele>1868.84</ele>
        <time>2021-09-05T01:10:50Z</time>
      </trkpt>
      <trkpt lat="47.42225" lon="-120.90629">
        <ele>1868.4</ele>
        <time>2021-09-05T01:10:53Z</time>
      </trkpt>
      <trkpt lat="47.42222" lon="-120.90629">
        <ele>1867.09</ele>
        <time>2021-09-05T01:11:08Z</time>
      </trkpt>
      <trkpt lat="47.42219" lon="-120.9063">
        <ele>1865.1</ele>
        <time>2021-09-05T01:11:12Z</time>
      </trkpt>
      <trkpt lat="47.42216" lon="-120.90631">
        <ele>1863.05</ele>
        <time>2021-09-05T01:11:14Z</time>
      </trkpt>
      <trkpt lat="47.42214" lon="-120.90633">
        <ele>1861.1</ele>
        <time>2021-09-05T01:11:16Z</time>
      </trkpt>
      <trkpt lat="47.42211" lon="-120.90636">
        <ele>1858.96</ele>
        <time>2021-09-05T01:11:19Z</time>
      </trkpt>
      <trkpt lat="47.42209" lon="-120.90638">
        <ele>1857.61</ele>
        <time>2021-09-05T01:11:23Z</time>
      </trkpt>
      <trkpt lat="47.42206" lon="-120.9064">
        <ele>1856.02</ele>
        <time>2021-09-05T01:11:27Z</time>
      </trkpt>
      <trkpt lat="47.42205" lon="-120.90644">
        <ele>1854.07</ele>
        <time>2021-09-05T01:11:33Z</time>
      </trkpt>
      <trkpt lat="47.42208" lon="-120.90646">
        <ele>1853.86</ele>
        <time>2021-09-05T01:11:36Z</time>
      </trkpt>
      <trkpt lat="47.42211" lon="-120.90648">
        <ele>1853.64</ele>
        <time>2021-09-05T01:11:41Z</time>
      </trkpt>
      <trkpt lat="47.42214" lon="-120.90651">
        <ele>1853.99</ele>
        <time>2021-09-05T01:11:45Z</time>
      </trkpt>
      <trkpt lat="47.42216" lon="-120.90653">
        <ele>1854.58</ele>
        <time>2021-09-05T01:11:48Z</time>
      </trkpt>
      <trkpt lat="47.42219" lon="-120.90657">
        <ele>1854.75</ele>
        <time>2021-09-05T01:11:51Z</time>
      </trkpt>
      <trkpt lat="47.42221" lon="-120.90661">
        <ele>1854.31</ele>
        <time>2021-09-05T01:11:54Z</time>
      </trkpt>
      <trkpt lat="47.42224" lon="-120.90663">
        <ele>1855.26</ele>
        <time>2021-09-05T01:11:57Z</time>
      </trkpt>
      <trkpt lat="47.42227" lon="-120.90665">
        <ele>1856.54</ele>
        <time>2021-09-05T01:12:01Z</time>
      </trkpt>
      <trkpt lat="47.42229" lon="-120.90668">
        <ele>1857.07</ele>
        <time>2021-09-05T01:12:04Z</time>
      </trkpt>
      <trkpt lat="47.42231" lon="-120.90672">
        <ele>1857.51</ele>
        <time>2021-09-05T01:12:06Z</time>
      </trkpt>
      <trkpt lat="47.42232" lon="-120.90676">
        <ele>1857.5</ele>
        <time>2021-09-05T01:12:09Z</time>
      </trkpt>
      <trkpt lat="47.42231" lon="-120.9068">
        <ele>1856.2</ele>
        <time>2021-09-05T01:12:13Z</time>
      </trkpt>
      <trkpt lat="47.42228" lon="-120.90681">
        <ele>1853.82</ele>
        <time>2021-09-05T01:12:17Z</time>
      </trkpt>
      <trkpt lat="47.42225" lon="-120.90679">
        <ele>1851.77</ele>
        <time>2021-09-05T01:12:21Z</time>
      </trkpt>
      <trkpt lat="47.42222" lon="-120.90678">
        <ele>1849.67</ele>
        <time>2021-09-05T01:12:24Z</time>
      </trkpt>
      <trkpt lat="47.42219" lon="-120.90676">
        <ele>1848.6</ele>
        <time>2021-09-05T01:12:28Z</time>
      </trkpt>
      <trkpt lat="47.42216" lon="-120.90676">
        <ele>1847.3</ele>
        <time>2021-09-05T01:12:32Z</time>
      </trkpt>
      <trkpt lat="47.42213" lon="-120.90675">
        <ele>1846.32</ele>
        <time>2021-09-05T01:12:37Z</time>
      </trkpt>
      <trkpt lat="47.42209" lon="-120.90675">
        <ele>1844.59</ele>
        <time>2021-09-05T01:12:41Z</time>
      </trkpt>
      <trkpt lat="47.42206" lon="-120.90675">
        <ele>1843.29</ele>
        <time>2021-09-05T01:12:44Z</time>
      </trkpt>
      <trkpt lat="47.42209" lon="-120.90679">
        <ele>1843.62</ele>
        <time>2021-09-05T01:12:54Z</time>
      </trkpt>
      <trkpt lat="47.42211" lon="-120.90682">
        <ele>1843.84</ele>
        <time>2021-09-05T01:12:57Z</time>
      </trkpt>
      <trkpt lat="47.42212" lon="-120.90686">
        <ele>1843.41</ele>
        <time>2021-09-05T01:13:00Z</time>
      </trkpt>
      <trkpt lat="47.42214" lon="-120.9069">
        <ele>1843.52</ele>
        <time>2021-09-05T01:13:03Z</time>
      </trkpt>
      <trkpt lat="47.42215" lon="-120.90694">
        <ele>1843.2</ele>
        <time>2021-09-05T01:13:06Z</time>
      </trkpt>
      <trkpt lat="47.42218" lon="-120.90698">
        <ele>1843.95</ele>
        <time>2021-09-05T01:13:10Z</time>
      </trkpt>
      <trkpt lat="47.4222" lon="-120.907">
        <ele>1844.6</ele>
        <time>2021-09-05T01:13:13Z</time>
      </trkpt>
      <trkpt lat="47.42221" lon="-120.90704">
        <ele>1844.25</ele>
        <time>2021-09-05T01:13:17Z</time>
      </trkpt>
      <trkpt lat="47.42218" lon="-120.90705">
        <ele>1842.36</ele>
        <time>2021-09-05T01:13:23Z</time>
      </trkpt>
      <trkpt lat="47.42215" lon="-120.90703">
        <ele>1841.25</ele>
        <time>2021-09-05T01:13:28Z</time>
      </trkpt>
      <trkpt lat="47.42212" lon="-120.90704">
        <ele>1839.62</ele>
        <time>2021-09-05T01:13:32Z</time>
      </trkpt>
      <trkpt lat="47.42208" lon="-120.90703">
        <ele>1838.5</ele>
        <time>2021-09-05T01:13:36Z</time>
      </trkpt>
      <trkpt lat="47.42205" lon="-120.90701">
        <ele>1837.75</ele>
        <time>2021-09-05T01:13:39Z</time>
      </trkpt>
      <trkpt lat="47.42202" lon="-120.90699">
        <ele>1837.14</ele>
        <time>2021-09-05T01:13:42Z</time>
      </trkpt>
      <trkpt lat="47.42199" lon="-120.90699">
        <ele>1836.5</ele>
        <time>2021-09-05T01:13:45Z</time>
      </trkpt>
      <trkpt lat="47.42199" lon="-120.90703">
        <ele>1835.63</ele>
        <time>2021-09-05T01:13:50Z</time>
      </trkpt>
      <trkpt lat="47.422" lon="-120.90706">
        <ele>1835.3</ele>
        <time>2021-09-05T01:13:54Z</time>
      </trkpt>
      <trkpt lat="47.42203" lon="-120.90709">
        <ele>1835.63</ele>
        <time>2021-09-05T01:13:57Z</time>
      </trkpt>
      <trkpt lat="47.42205" lon="-120.90712">
        <ele>1835.63</ele>
        <time>2021-09-05T01:14:00Z</time>
      </trkpt>
      <trkpt lat="47.42208" lon="-120.90715">
        <ele>1835.85</ele>
        <time>2021-09-05T01:14:03Z</time>
      </trkpt>
      <trkpt lat="47.42209" lon="-120.90719">
        <ele>1835.04</ele>
        <time>2021-09-05T01:14:06Z</time>
      </trkpt>
      <trkpt lat="47.42211" lon="-120.90722">
        <ele>1834.64</ele>
        <time>2021-09-05T01:14:09Z</time>
      </trkpt>
      <trkpt lat="47.42213" lon="-120.90726">
        <ele>1833.79</ele>
        <time>2021-09-05T01:14:12Z</time>
      </trkpt>
      <trkpt lat="47.42214" lon="-120.9073">
        <ele>1832.93</ele>
        <time>2021-09-05T01:14:16Z</time>
      </trkpt>
      <trkpt lat="47.42211" lon="-120.90732">
        <ele>1831.41</ele>
        <time>2021-09-05T01:14:23Z</time>
      </trkpt>
      <trkpt lat="47.42208" lon="-120.9073">
        <ele>1831.41</ele>
        <time>2021-09-05T01:14:29Z</time>
      </trkpt>
      <trkpt lat="47.42205" lon="-120.90729">
        <ele>1831.08</ele>
        <time>2021-09-05T01:14:32Z</time>
      </trkpt>
      <trkpt lat="47.42202" lon="-120.90728">
        <ele>1830.87</ele>
        <time>2021-09-05T01:14:36Z</time>
      </trkpt>
      <trkpt lat="47.42199" lon="-120.90728">
        <ele>1830.43</ele>
        <time>2021-09-05T01:14:39Z</time>
      </trkpt>
      <trkpt lat="47.42195" lon="-120.90726">
        <ele>1830.28</ele>
        <time>2021-09-05T01:14:43Z</time>
      </trkpt>
      <trkpt lat="47.42192" lon="-120.90725">
        <ele>1829.61</ele>
        <time>2021-09-05T01:14:47Z</time>
      </trkpt>
      <trkpt lat="47.42189" lon="-120.90725">
        <ele>1828.64</ele>
        <time>2021-09-05T01:14:52Z</time>
      </trkpt>
      <trkpt lat="47.42186" lon="-120.90725">
        <ele>1827.66</ele>
        <time>2021-09-05T01:14:56Z</time>
      </trkpt>
      <trkpt lat="47.42184" lon="-120.90727">
        <ele>1826.65</ele>
        <time>2021-09-05T01:15:01Z</time>
      </trkpt>
      <trkpt lat="47.42185" lon="-120.90732">
        <ele>1825.77</ele>
        <time>2021-09-05T01:15:05Z</time>
      </trkpt>
      <trkpt lat="47.42186" lon="-120.90737">
        <ele>1824.48</ele>
        <time>2021-09-05T01:15:09Z</time>
      </trkpt>
      <trkpt lat="47.42188" lon="-120.90741">
        <ele>1823.85</ele>
        <time>2021-09-05T01:15:13Z</time>
      </trkpt>
      <trkpt lat="47.42189" lon="-120.90745">
        <ele>1823.13</ele>
        <time>2021-09-05T01:15:16Z</time>
      </trkpt>
      <trkpt lat="47.42191" lon="-120.90749">
        <ele>1822.54</ele>
        <time>2021-09-05T01:15:20Z</time>
      </trkpt>
      <trkpt lat="47.42194" lon="-120.90751">
        <ele>1822.59</ele>
        <time>2021-09-05T01:15:24Z</time>
      </trkpt>
      <trkpt lat="47.42197" lon="-120.90752">
        <ele>1822.9</ele>
        <time>2021-09-05T01:15:27Z</time>
      </trkpt>
      <trkpt lat="47.422" lon="-120.90756">
        <ele>1822.26</ele>
        <time>2021-09-05T01:15:31Z</time>
      </trkpt>
      <trkpt lat="47.42202" lon="-120.90758">
        <ele>1822.04</ele>
        <time>2021-09-05T01:15:34Z</time>
      </trkpt>
      <trkpt lat="47.42201" lon="-120.90762">
        <ele>1820.53</ele>
        <time>2021-09-05T01:15:43Z</time>
      </trkpt>
      <trkpt lat="47.42197" lon="-120.90763">
        <ele>1819.34</ele>
        <time>2021-09-05T01:15:47Z</time>
      </trkpt>
      <trkpt lat="47.42194" lon="-120.90764">
        <ele>1818.44</ele>
        <time>2021-09-05T01:15:49Z</time>
      </trkpt>
      <trkpt lat="47.42191" lon="-120.90764">
        <ele>1818.28</ele>
        <time>2021-09-05T01:15:51Z</time>
      </trkpt>
      <trkpt lat="47.42187" lon="-120.90764">
        <ele>1818.07</ele>
        <time>2021-09-05T01:15:54Z</time>
      </trkpt>
      <trkpt lat="47.42184" lon="-120.90763">
        <ele>1817.81</ele>
        <time>2021-09-05T01:15:58Z</time>
      </trkpt>
      <trkpt lat="47.42182" lon="-120.90761">
        <ele>1817.59</ele>
        <time>2021-09-05T01:16:02Z</time>
      </trkpt>
      <trkpt lat="47.42179" lon="-120.90758">
        <ele>1817.18</ele>
        <time>2021-09-05T01:16:06Z</time>
      </trkpt>
      <trkpt lat="47.4218" lon="-120.90762">
        <ele>1816.73</ele>
        <time>2021-09-05T01:16:12Z</time>
      </trkpt>
      <trkpt lat="47.42181" lon="-120.90765">
        <ele>1816.4</ele>
        <time>2021-09-05T01:16:16Z</time>
      </trkpt>
      <trkpt lat="47.42183" lon="-120.90768">
        <ele>1816.4</ele>
        <time>2021-09-05T01:16:20Z</time>
      </trkpt>
      <trkpt lat="47.42184" lon="-120.90772">
        <ele>1815.54</ele>
        <time>2021-09-05T01:16:23Z</time>
      </trkpt>
      <trkpt lat="47.42186" lon="-120.90775">
        <ele>1814.96</ele>
        <time>2021-09-05T01:16:27Z</time>
      </trkpt>
      <trkpt lat="47.42189" lon="-120.90778">
        <ele>1814.33</ele>
        <time>2021-09-05T01:16:31Z</time>
      </trkpt>
      <trkpt lat="47.42189" lon="-120.90782">
        <ele>1812.78</ele>
        <time>2021-09-05T01:16:37Z</time>
      </trkpt>
      <trkpt lat="47.42186" lon="-120.90783">
        <ele>1811.88</ele>
        <time>2021-09-05T01:16:41Z</time>
      </trkpt>
      <trkpt lat="47.42182" lon="-120.90782">
        <ele>1811.64</ele>
        <time>2021-09-05T01:16:46Z</time>
      </trkpt>
      <trkpt lat="47.4218" lon="-120.9078">
        <ele>1812.05</ele>
        <time>2021-09-05T01:16:49Z</time>
      </trkpt>
      <trkpt lat="47.42176" lon="-120.90779">
        <ele>1811.62</ele>
        <time>2021-09-05T01:16:53Z</time>
      </trkpt>
      <trkpt lat="47.42174" lon="-120.90776">
        <ele>1811.59</ele>
        <time>2021-09-05T01:17:00Z</time>
      </trkpt>
      <trkpt lat="47.42176" lon="-120.90781">
        <ele>1810.97</ele>
        <time>2021-09-05T01:17:10Z</time>
      </trkpt>
      <trkpt lat="47.42175" lon="-120.90785">
        <ele>1809.34</ele>
        <time>2021-09-05T01:17:21Z</time>
      </trkpt>
      <trkpt lat="47.42176" lon="-120.90789">
        <ele>1808.58</ele>
        <time>2021-09-05T01:17:24Z</time>
      </trkpt>
      <trkpt lat="47.42178" lon="-120.90792">
        <ele>1808.03</ele>
        <time>2021-09-05T01:17:27Z</time>
      </trkpt>
      <trkpt lat="47.42178" lon="-120.90796">
        <ele>1807.07</ele>
        <time>2021-09-05T01:17:31Z</time>
      </trkpt>
      <trkpt lat="47.4218" lon="-120.908">
        <ele>1805.8</ele>
        <time>2021-09-05T01:17:37Z</time>
      </trkpt>
      <trkpt lat="47.42181" lon="-120.90804">
        <ele>1804.5</ele>
        <time>2021-09-05T01:17:41Z</time>
      </trkpt>
      <trkpt lat="47.42181" lon="-120.90808">
        <ele>1803.09</ele>
        <time>2021-09-05T01:17:47Z</time>
      </trkpt>
      <trkpt lat="47.42178" lon="-120.90808">
        <ele>1803.0</ele>
        <time>2021-09-05T01:17:51Z</time>
      </trkpt>
      <trkpt lat="47.42175" lon="-120.90808">
        <ele>1802.67</ele>
        <time>2021-09-05T01:17:55Z</time>
      </trkpt>
      <trkpt lat="47.42172" lon="-120.90808">
        <ele>1801.78</ele>
        <time>2021-09-05T01:17:59Z</time>
      </trkpt>
      <trkpt lat="47.42169" lon="-120.90806">
        <ele>1801.6</ele>
        <time>2021-09-05T01:18:03Z</time>
      </trkpt>
      <trkpt lat="47.42166" lon="-120.90806">
        <ele>1800.57</ele>
        <time>2021-09-05T01:18:07Z</time>
      </trkpt>
      <trkpt lat="47.42163" lon="-120.90803">
        <ele>1800.24</ele>
        <time>2021-09-05T01:18:11Z</time>
      </trkpt>
      <trkpt lat="47.42161" lon="-120.908">
        <ele>1800.35</ele>
        <time>2021-09-05T01:18:14Z</time>
      </trkpt>
      <trkpt lat="47.42159" lon="-120.90796">
        <ele>1800.78</ele>
        <time>2021-09-05T01:18:17Z</time>
      </trkpt>
      <trkpt lat="47.42156" lon="-120.90795">
        <ele>1800.29</ele>
        <time>2021-09-05T01:18:22Z</time>
      </trkpt>
      <trkpt lat="47.42153" lon="-120.90793">
        <ele>1800.76</ele>
        <time>2021-09-05T01:18:26Z</time>
      </trkpt>
      <trkpt lat="47.4215" lon="-120.90794">
        <ele>1800.14</ele>
        <time>2021-09-05T01:18:30Z</time>
      </trkpt>
      <trkpt lat="47.42147" lon="-120.90795">
        <ele>1799.56</ele>
        <time>2021-09-05T01:18:33Z</time>
      </trkpt>
      <trkpt lat="47.42144" lon="-120.90797">
        <ele>1798.77</ele>
        <time>2021-09-05T01:18:36Z</time>
      </trkpt>
      <trkpt lat="47.42141" lon="-120.90799">
        <ele>1798.12</ele>
        <time>2021-09-05T01:18:40Z</time>
      </trkpt>
      <trkpt lat="47.42137" lon="-120.90801">
        <ele>1797.27</ele>
        <time>2021-09-05T01:18:44Z</time>
      </trkpt>
      <trkpt lat="47.42135" lon="-120.90802">
        <ele>1796.73</ele>
        <time>2021-09-05T01:18:48Z</time>
      </trkpt>
      <trkpt lat="47.42135" lon="-120.90806">
        <ele>1795.44</ele>
        <time>2021-09-05T01:18:55Z</time>
      </trkpt>
      <trkpt lat="47.42138" lon="-120.90808">
        <ele>1795.11</ele>
        <time>2021-09-05T01:18:59Z</time>
      </trkpt>
      <trkpt lat="47.42142" lon="-120.90809">
        <ele>1794.88</ele>
        <time>2021-09-05T01:19:02Z</time>
      </trkpt>
      <trkpt lat="47.42145" lon="-120.9081">
        <ele>1794.56</ele>
        <time>2021-09-05T01:19:06Z</time>
      </trkpt>
      <trkpt lat="47.42148" lon="-120.9081">
        <ele>1794.56</ele>
        <time>2021-09-05T01:19:09Z</time>
      </trkpt>
      <trkpt lat="47.42151" lon="-120.90811">
        <ele>1794.54</ele>
        <time>2021-09-05T01:19:12Z</time>
      </trkpt>
      <trkpt lat="47.42154" lon="-120.90812">
        <ele>1794.54</ele>
        <time>2021-09-05T01:19:15Z</time>
      </trkpt>
      <trkpt lat="47.42157" lon="-120.90814">
        <ele>1794.22</ele>
        <time>2021-09-05T01:19:19Z</time>
      </trkpt>
      <trkpt lat="47.42159" lon="-120.90817">
        <ele>1793.94</ele>
        <time>2021-09-05T01:19:23Z</time>
      </trkpt>
      <trkpt lat="47.42161" lon="-120.90821">
        <ele>1793.29</ele>
        <time>2021-09-05T01:19:27Z</time>
      </trkpt>
      <trkpt lat="47.42162" lon="-120.90826">
        <ele>1791.97</ele>
        <time>2021-09-05T01:19:30Z</time>
      </trkpt>
      <trkpt lat="47.42163" lon="-120.90832">
        <ele>1790.58</ele>
        <time>2021-09-05T01:19:33Z</time>
      </trkpt>
      <trkpt lat="47.42163" lon="-120.90836">
        <ele>1789.23</ele>
        <time>2021-09-05T01:19:36Z</time>
      </trkpt>
      <trkpt lat="47.42163" lon="-120.90841">
        <ele>1787.4</ele>
        <time>2021-09-05T01:19:39Z</time>
      </trkpt>
      <trkpt lat="47.42163" lon="-120.90846">
        <ele>1786.08</ele>
        <time>2021-09-05T01:19:43Z</time>
      </trkpt>
      <trkpt lat="47.42163" lon="-120.9085">
        <ele>1785.21</ele>
        <time>2021-09-05T01:19:49Z</time>
      </trkpt>
      <trkpt lat="47.4216" lon="-120.90849">
        <ele>1784.46</ele>
        <time>2021-09-05T01:19:53Z</time>
      </trkpt>
      <trkpt lat="47.42158" lon="-120.90846">
        <ele>1784.46</ele>
        <time>2021-09-05T01:19:58Z</time>
      </trkpt>
      <trkpt lat="47.42155" lon="-120.90844">
        <ele>1784.4</ele>
        <time>2021-09-05T01:20:03Z</time>
      </trkpt>
      <trkpt lat="47.42153" lon="-120.90842">
        <ele>1784.75</ele>
        <time>2021-09-05T01:20:06Z</time>
      </trkpt>
      <trkpt lat="47.4215" lon="-120.90841">
        <ele>1784.75</ele>
        <time>2021-09-05T01:20:10Z</time>
      </trkpt>
      <trkpt lat="47.42146" lon="-120.9084">
        <ele>1784.61</ele>
        <time>2021-09-05T01:20:14Z</time>
      </trkpt>
      <trkpt lat="47.42145" lon="-120.90843">
        <ele>1783.54</ele>
        <time>2021-09-05T01:20:19Z</time>
      </trkpt>
      <trkpt lat="47.42145" lon="-120.90848">
        <ele>1782.11</ele>
        <time>2021-09-05T01:20:22Z</time>
      </trkpt>
      <trkpt lat="47.42147" lon="-120.90853">
        <ele>1780.74</ele>
        <time>2021-09-05T01:20:26Z</time>
      </trkpt>
      <trkpt lat="47.42149" lon="-120.90857">
        <ele>1780.07</ele>
        <time>2021-09-05T01:20:30Z</time>
      </trkpt>
      <trkpt lat="47.4215" lon="-120.90861">
        <ele>1779.42</ele>
        <time>2021-09-05T01:20:34Z</time>
      </trkpt>
      <trkpt lat="47.42151" lon="-120.90866">
        <ele>1778.19</ele>
        <time>2021-09-05T01:20:38Z</time>
      </trkpt>
      <trkpt lat="47.42153" lon="-120.9087">
        <ele>1777.67</ele>
        <time>2021-09-05T01:20:41Z</time>
      </trkpt>
      <trkpt lat="47.42155" lon="-120.90873">
        <ele>1777.37</ele>
        <time>2021-09-05T01:20:45Z</time>
      </trkpt>
      <trkpt lat="47.42156" lon="-120.90878">
        <ele>1776.07</ele>
        <time>2021-09-05T01:20:49Z</time>
      </trkpt>
      <trkpt lat="47.42157" lon="-120.90883">
        <ele>1775.11</ele>
        <time>2021-09-05T01:20:52Z</time>
      </trkpt>
      <trkpt lat="47.42158" lon="-120.90887">
        <ele>1774.6</ele>
        <time>2021-09-05T01:20:55Z</time>
      </trkpt>
      <trkpt lat="47.42159" lon="-120.90891">
        <ele>1774.06</ele>
        <time>2021-09-05T01:20:58Z</time>
      </trkpt>
      <trkpt lat="47.42161" lon="-120.90895">
        <ele>1773.84</ele>
        <time>2021-09-05T01:21:02Z</time>
      </trkpt>
      <trkpt lat="47.42163" lon="-120.90899">
        <ele>1773.68</ele>
        <time>2021-09-05T01:21:06Z</time>
      </trkpt>
      <trkpt lat="47.42164" lon="-120.90903">
        <ele>1773.46</ele>
        <time>2021-09-05T01:21:10Z</time>
      </trkpt>
      <trkpt lat="47.4216" lon="-120.90905">
        <ele>1771.57</ele>
        <time>2021-09-05T01:21:15Z</time>
      </trkpt>
      <trkpt lat="47.42157" lon="-120.90905">
        <ele>1770.38</ele>
        <time>2021-09-05T01:21:18Z</time>
      </trkpt>
      <trkpt lat="47.42154" lon="-120.90905">
        <ele>1769.32</ele>
        <time>2021-09-05T01:21:21Z</time>
      </trkpt>
      <trkpt lat="47.42151" lon="-120.90904">
        <ele>1768.41</ele>
        <time>2021-09-05T01:21:24Z</time>
      </trkpt>
      <trkpt lat="47.42147" lon="-120.90903">
        <ele>1767.41</ele>
        <time>2021-09-05T01:21:28Z</time>
      </trkpt>
      <trkpt lat="47.42149" lon="-120.90907">
        <ele>1767.32</ele>
        <time>2021-09-05T01:21:35Z</time>
      </trkpt>
      <trkpt lat="47.42151" lon="-120.9091">
        <ele>1767.64</ele>
        <time>2021-09-05T01:21:38Z</time>
      </trkpt>
      <trkpt lat="47.42153" lon="-120.90915">
        <ele>1767.75</ele>
        <time>2021-09-05T01:21:41Z</time>
      </trkpt>
      <trkpt lat="47.42154" lon="-120.90918">
        <ele>1767.75</ele>
        <time>2021-09-05T01:21:44Z</time>
      </trkpt>
      <trkpt lat="47.42155" lon="-120.90924">
        <ele>1767.43</ele>
        <time>2021-09-05T01:21:47Z</time>
      </trkpt>
      <trkpt lat="47.42156" lon="-120.90929">
        <ele>1767.21</ele>
        <time>2021-09-05T01:21:51Z</time>
      </trkpt>
      <trkpt lat="47.42155" lon="-120.90934">
        <ele>1766.35</ele>
        <time>2021-09-05T01:21:55Z</time>
      </trkpt>
      <trkpt lat="47.42154" lon="-120.90939">
        <ele>1765.22</ele>
        <time>2021-09-05T01:21:58Z</time>
      </trkpt>
      <trkpt lat="47.42153" lon="-120.90944">
        <ele>1764.12</ele>
        <time>2021-09-05T01:22:01Z</time>
      </trkpt>
      <trkpt lat="47.42154" lon="-120.90948">
        <ele>1763.88</ele>
        <time>2021-09-05T01:22:04Z</time>
      </trkpt>
      <trkpt lat="47.42153" lon="-120.90953">
        <ele>1763.12</ele>
        <time>2021-09-05T01:22:07Z</time>
      </trkpt>
      <trkpt lat="47.42153" lon="-120.90958">
        <ele>1762.34</ele>
        <time>2021-09-05T01:22:10Z</time>
      </trkpt>
      <trkpt lat="47.42153" lon="-120.90963">
        <ele>1761.52</ele>
        <time>2021-09-05T01:22:14Z</time>
      </trkpt>
      <trkpt lat="47.42153" lon="-120.90967">
        <ele>1761.09</ele>
        <time>2021-09-05T01:22:18Z</time>
      </trkpt>
      <trkpt lat="47.42154" lon="-120.90972">
        <ele>1760.66</ele>
        <time>2021-09-05T01:22:23Z</time>
      </trkpt>
      <trkpt lat="47.42155" lon="-120.90976">
        <ele>1760.03</ele>
        <time>2021-09-05T01:22:28Z</time>
      </trkpt>
      <trkpt lat="47.42155" lon="-120.90982">
        <ele>1758.94</ele>
        <time>2021-09-05T01:22:32Z</time>
      </trkpt>
      <trkpt lat="47.42156" lon="-120.90986">
        <ele>1758.51</ele>
        <time>2021-09-05T01:22:35Z</time>
      </trkpt>
      <trkpt lat="47.42156" lon="-120.90991">
        <ele>1757.97</ele>
        <time>2021-09-05T01:22:40Z</time>
      </trkpt>
      <trkpt lat="47.42156" lon="-120.90996">
        <ele>1757.43</ele>
        <time>2021-09-05T01:22:44Z</time>
      </trkpt>
      <trkpt lat="47.42153" lon="-120.90999">
        <ele>1757.11</ele>
        <time>2021-09-05T01:22:48Z</time>
      </trkpt>
      <trkpt lat="47.42151" lon="-120.91002">
        <ele>1756.72</ele>
        <time>2021-09-05T01:22:51Z</time>
      </trkpt>
      <trkpt lat="47.42149" lon="-120.91005">
        <ele>1756.41</ele>
        <time>2021-09-05T01:22:55Z</time>
      </trkpt>
      <trkpt lat="47.42147" lon="-120.91008">
        <ele>1756.01</ele>
        <time>2021-09-05T01:22:58Z</time>
      </trkpt>
      <trkpt lat="47.42144" lon="-120.91012">
        <ele>1755.09</ele>
        <time>2021-09-05T01:23:01Z</time>
      </trkpt>
      <trkpt lat="47.42141" lon="-120.91013">
        <ele>1754.73</ele>
        <time>2021-09-05T01:23:05Z</time>
      </trkpt>
      <trkpt lat="47.42138" lon="-120.91013">
        <ele>1754.5</ele>
        <time>2021-09-05T01:23:08Z</time>
      </trkpt>
      <trkpt lat="47.42135" lon="-120.91014">
        <ele>1754.07</ele>
        <time>2021-09-05T01:23:11Z</time>
      </trkpt>
      <trkpt lat="47.42133" lon="-120.91018">
        <ele>1753.42</ele>
        <time>2021-09-05T01:23:15Z</time>
      </trkpt>
      <trkpt lat="47.42132" lon="-120.91022">
        <ele>1752.88</ele>
        <time>2021-09-05T01:23:17Z</time>
      </trkpt>
      <trkpt lat="47.4213" lon="-120.91026">
        <ele>1752.23</ele>
        <time>2021-09-05T01:23:20Z</time>
      </trkpt>
      <trkpt lat="47.42127" lon="-120.91028">
        <ele>1751.69</ele>
        <time>2021-09-05T01:23:23Z</time>
      </trkpt>
      <trkpt lat="47.42125" lon="-120.91029">
        <ele>1751.37</ele>
        <time>2021-09-05T01:23:26Z</time>
      </trkpt>
      <trkpt lat="47.42121" lon="-120.9103">
        <ele>1750.83</ele>
        <time>2021-09-05T01:23:29Z</time>
      </trkpt>
      <trkpt lat="47.42117" lon="-120.91031">
        <ele>1750.29</ele>
        <time>2021-09-05T01:23:32Z</time>
      </trkpt>
      <trkpt lat="47.42114" lon="-120.91031">
        <ele>1749.96</ele>
        <time>2021-09-05T01:23:35Z</time>
      </trkpt>
      <trkpt lat="47.42111" lon="-120.9103">
        <ele>1749.75</ele>
        <time>2021-09-05T01:23:38Z</time>
      </trkpt>
      <trkpt lat="47.42108" lon="-120.9103">
        <ele>1749.42</ele>
        <time>2021-09-05T01:23:41Z</time>
      </trkpt>
      <trkpt lat="47.42104" lon="-120.91029">
        <ele>1749.1</ele>
        <time>2021-09-05T01:23:45Z</time>
      </trkpt>
      <trkpt lat="47.42102" lon="-120.91028">
        <ele>1748.99</ele>
        <time>2021-09-05T01:23:47Z</time>
      </trkpt>
      <trkpt lat="47.42098" lon="-120.91028">
        <ele>1748.15</ele>
        <time>2021-09-05T01:23:50Z</time>
      </trkpt>
      <trkpt lat="47.42094" lon="-120.91027">
        <ele>1747.3</ele>
        <time>2021-09-05T01:23:52Z</time>
      </trkpt>
      <trkpt lat="47.42091" lon="-120.91027">
        <ele>1746.81</ele>
        <time>2021-09-05T01:23:55Z</time>
      </trkpt>
      <trkpt lat="47.42088" lon="-120.91028">
        <ele>1746.5</ele>
        <time>2021-09-05T01:23:58Z</time>
      </trkpt>
      <trkpt lat="47.42085" lon="-120.91031">
        <ele>1746.18</ele>
        <time>2021-09-05T01:24:01Z</time>
      </trkpt>
      <trkpt lat="47.42082" lon="-120.91033">
        <ele>1745.79</ele>
        <time>2021-09-05T01:24:04Z</time>
      </trkpt>
      <trkpt lat="47.42079" lon="-120.91034">
        <ele>1745.38</ele>
        <time>2021-09-05T01:24:07Z</time>
      </trkpt>
      <trkpt lat="47.42075" lon="-120.91036">
        <ele>1745.0</ele>
        <time>2021-09-05T01:24:11Z</time>
      </trkpt>
      <trkpt lat="47.42073" lon="-120.91038">
        <ele>1744.76</ele>
        <time>2021-09-05T01:24:14Z</time>
      </trkpt>
      <trkpt lat="47.4207" lon="-120.91039">
        <ele>1744.03</ele>
        <time>2021-09-05T01:24:17Z</time>
      </trkpt>
      <trkpt lat="47.42067" lon="-120.9104">
        <ele>1743.23</ele>
        <time>2021-09-05T01:24:20Z</time>
      </trkpt>
      <trkpt lat="47.42064" lon="-120.9104">
        <ele>1742.59</ele>
        <time>2021-09-05T01:24:22Z</time>
      </trkpt>
      <trkpt lat="47.42061" lon="-120.91043">
        <ele>1741.94</ele>
        <time>2021-09-05T01:24:25Z</time>
      </trkpt>
      <trkpt lat="47.4206" lon="-120.91047">
        <ele>1741.48</ele>
        <time>2021-09-05T01:24:27Z</time>
      </trkpt>
      <trkpt lat="47.42059" lon="-120.91051">
        <ele>1741.37</ele>
        <time>2021-09-05T01:24:29Z</time>
      </trkpt>
      <trkpt lat="47.42057" lon="-120.91055">
        <ele>1741.16</ele>
        <time>2021-09-05T01:24:32Z</time>
      </trkpt>
      <trkpt lat="47.42056" lon="-120.91059">
        <ele>1740.69</ele>
        <time>2021-09-05T01:24:35Z</time>
      </trkpt>
      <trkpt lat="47.42056" lon="-120.91064">
        <ele>1740.18</ele>
        <time>2021-09-05T01:24:37Z</time>
      </trkpt>
      <trkpt lat="47.42055" lon="-120.91068">
        <ele>1739.48</ele>
        <time>2021-09-05T01:24:39Z</time>
      </trkpt>
      <trkpt lat="47.42053" lon="-120.91071">
        <ele>1738.5</ele>
        <time>2021-09-05T01:24:42Z</time>
      </trkpt>
      <trkpt lat="47.42052" lon="-120.91076">
        <ele>1737.72</ele>
        <time>2021-09-05T01:24:45Z</time>
      </trkpt>
      <trkpt lat="47.42052" lon="-120.9108">
        <ele>1737.45</ele>
        <time>2021-09-05T01:24:48Z</time>
      </trkpt>
      <trkpt lat="47.42049" lon="-120.91078">
        <ele>1736.75</ele>
        <time>2021-09-05T01:24:54Z</time>
      </trkpt>
      <trkpt lat="47.42047" lon="-120.91074">
        <ele>1736.24</ele>
        <time>2021-09-05T01:24:57Z</time>
      </trkpt>
      <trkpt lat="47.42044" lon="-120.91071">
        <ele>1735.59</ele>
        <time>2021-09-05T01:25:00Z</time>
      </trkpt>
      <trkpt lat="47.4204" lon="-120.91069">
        <ele>1734.51</ele>
        <time>2021-09-05T01:25:03Z</time>
      </trkpt>
      <trkpt lat="47.42037" lon="-120.91069">
        <ele>1733.55</ele>
        <time>2021-09-05T01:25:05Z</time>
      </trkpt>
      <trkpt lat="47.42034" lon="-120.91069">
        <ele>1733.58</ele>
        <time>2021-09-05T01:25:08Z</time>
      </trkpt>
      <trkpt lat="47.4203" lon="-120.91071">
        <ele>1733.08</ele>
        <time>2021-09-05T01:25:12Z</time>
      </trkpt>
      <trkpt lat="47.42028" lon="-120.91073">
        <ele>1732.37</ele>
        <time>2021-09-05T01:25:15Z</time>
      </trkpt>
      <trkpt lat="47.42027" lon="-120.91078">
        <ele>1731.62</ele>
        <time>2021-09-05T01:25:18Z</time>
      </trkpt>
      <trkpt lat="47.42029" lon="-120.91083">
        <ele>1731.3</ele>
        <time>2021-09-05T01:25:22Z</time>
      </trkpt>
      <trkpt lat="47.42029" lon="-120.91088">
        <ele>1730.83</ele>
        <time>2021-09-05T01:25:25Z</time>
      </trkpt>
      <trkpt lat="47.42026" lon="-120.91089">
        <ele>1730.39</ele>
        <time>2021-09-05T01:25:29Z</time>
      </trkpt>
      <trkpt lat="47.42023" lon="-120.91087">
        <ele>1730.6</ele>
        <time>2021-09-05T01:25:32Z</time>
      </trkpt>
      <trkpt lat="47.4202" lon="-120.91086">
        <ele>1730.71</ele>
        <time>2021-09-05T01:25:35Z</time>
      </trkpt>
      <trkpt lat="47.42016" lon="-120.91087">
        <ele>1730.66</ele>
        <time>2021-09-05T01:25:38Z</time>
      </trkpt>
      <trkpt lat="47.42013" lon="-120.91088">
        <ele>1730.49</ele>
        <time>2021-09-05T01:25:41Z</time>
      </trkpt>
      <trkpt lat="47.42009" lon="-120.91089">
        <ele>1730.16</ele>
        <time>2021-09-05T01:25:44Z</time>
      </trkpt>
      <trkpt lat="47.42006" lon="-120.9109">
        <ele>1729.84</ele>
        <time>2021-09-05T01:25:47Z</time>
      </trkpt>
      <trkpt lat="47.42003" lon="-120.91092">
        <ele>1729.19</ele>
        <time>2021-09-05T01:25:50Z</time>
      </trkpt>
      <trkpt lat="47.42" lon="-120.91092">
        <ele>1729.19</ele>
        <time>2021-09-05T01:25:52Z</time>
      </trkpt>
      <trkpt lat="47.41997" lon="-120.91095">
        <ele>1727.98</ele>
        <time>2021-09-05T01:25:56Z</time>
      </trkpt>
      <trkpt lat="47.41998" lon="-120.91099">
        <ele>1726.86</ele>
        <time>2021-09-05T01:25:59Z</time>
      </trkpt>
      <trkpt lat="47.42" lon="-120.91105">
        <ele>1725.32</ele>
        <time>2021-09-05T01:26:02Z</time>
      </trkpt>
      <trkpt lat="47.42002" lon="-120.91107">
        <ele>1725.1</ele>
        <time>2021-09-05T01:26:04Z</time>
      </trkpt>
      <trkpt lat="47.42004" lon="-120.9111">
        <ele>1724.67</ele>
        <time>2021-09-05T01:26:07Z</time>
      </trkpt>
      <trkpt lat="47.42007" lon="-120.91115">
        <ele>1723.6</ele>
        <time>2021-09-05T01:26:11Z</time>
      </trkpt>
      <trkpt lat="47.42009" lon="-120.91117">
        <ele>1723.08</ele>
        <time>2021-09-05T01:26:14Z</time>
      </trkpt>
      <trkpt lat="47.4201" lon="-120.91122">
        <ele>1721.89</ele>
        <time>2021-09-05T01:26:18Z</time>
      </trkpt>
      <trkpt lat="47.42012" lon="-120.91126">
        <ele>1721.67</ele>
        <time>2021-09-05T01:26:21Z</time>
      </trkpt>
      <trkpt lat="47.42014" lon="-120.9113">
        <ele>1721.5</ele>
        <time>2021-09-05T01:26:24Z</time>
      </trkpt>
      <trkpt lat="47.42015" lon="-120.91134">
        <ele>1721.39</ele>
        <time>2021-09-05T01:26:27Z</time>
      </trkpt>
      <trkpt lat="47.42016" lon="-120.91139">
        <ele>1721.18</ele>
        <time>2021-09-05T01:26:31Z</time>
      </trkpt>
      <trkpt lat="47.42017" lon="-120.91143">
        <ele>1721.14</ele>
        <time>2021-09-05T01:26:34Z</time>
      </trkpt>
      <trkpt lat="47.42017" lon="-120.91148">
        <ele>1720.69</ele>
        <time>2021-09-05T01:26:37Z</time>
      </trkpt>
      <trkpt lat="47.42017" lon="-120.91152">
        <ele>1720.26</ele>
        <time>2021-09-05T01:26:40Z</time>
      </trkpt>
      <trkpt lat="47.42018" lon="-120.91157">
        <ele>1719.93</ele>
        <time>2021-09-05T01:26:43Z</time>
      </trkpt>
      <trkpt lat="47.42018" lon="-120.91162">
        <ele>1719.39</ele>
        <time>2021-09-05T01:26:47Z</time>
      </trkpt>
      <trkpt lat="47.42019" lon="-120.91167">
        <ele>1719.07</ele>
        <time>2021-09-05T01:26:50Z</time>
      </trkpt>
      <trkpt lat="47.4202" lon="-120.91171">
        <ele>1718.85</ele>
        <time>2021-09-05T01:26:53Z</time>
      </trkpt>
      <trkpt lat="47.4202" lon="-120.91177">
        <ele>1718.22</ele>
        <time>2021-09-05T01:26:57Z</time>
      </trkpt>
      <trkpt lat="47.4202" lon="-120.91182">
        <ele>1717.77</ele>
        <time>2021-09-05T01:27:01Z</time>
      </trkpt>
      <trkpt lat="47.4202" lon="-120.91187">
        <ele>1717.48</ele>
        <time>2021-09-05T01:27:05Z</time>
      </trkpt>
      <trkpt lat="47.4202" lon="-120.91191">
        <ele>1717.48</ele>
        <time>2021-09-05T01:27:08Z</time>
      </trkpt>
      <trkpt lat="47.4202" lon="-120.91197">
        <ele>1717.76</ele>
        <time>2021-09-05T01:27:12Z</time>
      </trkpt>
      <trkpt lat="47.42019" lon="-120.91201">
        <ele>1717.86</ele>
        <time>2021-09-05T01:27:15Z</time>
      </trkpt>
      <trkpt lat="47.42019" lon="-120.91206">
        <ele>1718.14</ele>
        <time>2021-09-05T01:27:19Z</time>
      </trkpt>
      <trkpt lat="47.42019" lon="-120.91211">
        <ele>1718.12</ele>
        <time>2021-09-05T01:27:22Z</time>
      </trkpt>
      <trkpt lat="47.42019" lon="-120.91216">
        <ele>1717.79</ele>
        <time>2021-09-05T01:27:26Z</time>
      </trkpt>
      <trkpt lat="47.42019" lon="-120.91221">
        <ele>1717.28</ele>
        <time>2021-09-05T01:27:28Z</time>
      </trkpt>
      <trkpt lat="47.42019" lon="-120.91226">
        <ele>1717.13</ele>
        <time>2021-09-05T01:27:31Z</time>
      </trkpt>
      <trkpt lat="47.4202" lon="-120.91231">
        <ele>1717.33</ele>
        <time>2021-09-05T01:27:34Z</time>
      </trkpt>
      <trkpt lat="47.42021" lon="-120.91235">
        <ele>1717.16</ele>
        <time>2021-09-05T01:27:38Z</time>
      </trkpt>
      <trkpt lat="47.42022" lon="-120.9124">
        <ele>1716.83</ele>
        <time>2021-09-05T01:27:43Z</time>
      </trkpt>
      <trkpt lat="47.42022" lon="-120.91245">
        <ele>1715.83</ele>
        <time>2021-09-05T01:27:47Z</time>
      </trkpt>
      <trkpt lat="47.42023" lon="-120.91248">
        <ele>1715.4</ele>
        <time>2021-09-05T01:27:50Z</time>
      </trkpt>
      <trkpt lat="47.42025" lon="-120.91252">
        <ele>1715.03</ele>
        <time>2021-09-05T01:27:53Z</time>
      </trkpt>
      <trkpt lat="47.42027" lon="-120.91256">
        <ele>1714.59</ele>
        <time>2021-09-05T01:27:57Z</time>
      </trkpt>
      <trkpt lat="47.42027" lon="-120.91261">
        <ele>1713.71</ele>
        <time>2021-09-05T01:28:02Z</time>
      </trkpt>
      <trkpt lat="47.42028" lon="-120.91266">
        <ele>1713.3</ele>
        <time>2021-09-05T01:28:06Z</time>
      </trkpt>
      <trkpt lat="47.42029" lon="-120.9127">
        <ele>1712.81</ele>
        <time>2021-09-05T01:28:10Z</time>
      </trkpt>
      <trkpt lat="47.42032" lon="-120.91272">
        <ele>1712.7</ele>
        <time>2021-09-05T01:28:14Z</time>
      </trkpt>
      <trkpt lat="47.42035" lon="-120.91274">
        <ele>1712.6</ele>
        <time>2021-09-05T01:28:18Z</time>
      </trkpt>
      <trkpt lat="47.42038" lon="-120.91277">
        <ele>1712.18</ele>
        <time>2021-09-05T01:28:22Z</time>
      </trkpt>
      <trkpt lat="47.4204" lon="-120.91281">
        <ele>1710.96</ele>
        <time>2021-09-05T01:28:25Z</time>
      </trkpt>
      <trkpt lat="47.42041" lon="-120.91285">
        <ele>1709.66</ele>
        <time>2021-09-05T01:28:28Z</time>
      </trkpt>
      <trkpt lat="47.42043" lon="-120.91289">
        <ele>1708.58</ele>
        <time>2021-09-05T01:28:32Z</time>
      </trkpt>
      <trkpt lat="47.42046" lon="-120.91293">
        <ele>1707.71</ele>
        <time>2021-09-05T01:28:35Z</time>
      </trkpt>
      <trkpt lat="47.42048" lon="-120.91296">
        <ele>1707.25</ele>
        <time>2021-09-05T01:28:39Z</time>
      </trkpt>
      <trkpt lat="47.4205" lon="-120.91301">
        <ele>1706.38</ele>
        <time>2021-09-05T01:28:43Z</time>
      </trkpt>
      <trkpt lat="47.42052" lon="-120.91304">
        <ele>1705.95</ele>
        <time>2021-09-05T01:28:46Z</time>
      </trkpt>
      <trkpt lat="47.42053" lon="-120.91308">
        <ele>1705.2</ele>
        <time>2021-09-05T01:28:50Z</time>
      </trkpt>
      <trkpt lat="47.42055" lon="-120.91312">
        <ele>1704.55</ele>
        <time>2021-09-05T01:28:53Z</time>
      </trkpt>
      <trkpt lat="47.42057" lon="-120.91315">
        <ele>1704.12</ele>
        <time>2021-09-05T01:28:56Z</time>
      </trkpt>
      <trkpt lat="47.42059" lon="-120.9132">
        <ele>1703.25</ele>
        <time>2021-09-05T01:29:00Z</time>
      </trkpt>
      <trkpt lat="47.42062" lon="-120.91323">
        <ele>1702.93</ele>
        <time>2021-09-05T01:29:04Z</time>
      </trkpt>
      <trkpt lat="47.42064" lon="-120.91326">
        <ele>1702.5</ele>
        <time>2021-09-05T01:29:07Z</time>
      </trkpt>
      <trkpt lat="47.42066" lon="-120.91329">
        <ele>1702.06</ele>
        <time>2021-09-05T01:29:12Z</time>
      </trkpt>
      <trkpt lat="47.42068" lon="-120.91332">
        <ele>1701.63</ele>
        <time>2021-09-05T01:29:16Z</time>
      </trkpt>
      <trkpt lat="47.4207" lon="-120.91335">
        <ele>1701.2</ele>
        <time>2021-09-05T01:29:19Z</time>
      </trkpt>
      <trkpt lat="47.42074" lon="-120.91336">
        <ele>1701.42</ele>
        <time>2021-09-05T01:29:22Z</time>
      </trkpt>
      <trkpt lat="47.42077" lon="-120.91338">
        <ele>1700.83</ele>
        <time>2021-09-05T01:29:25Z</time>
      </trkpt>
      <trkpt lat="47.42079" lon="-120.91339">
        <ele>1700.45</ele>
        <time>2021-09-05T01:29:28Z</time>
      </trkpt>
      <trkpt lat="47.42082" lon="-120.91339">
        <ele>1700.25</ele>
        <time>2021-09-05T01:29:31Z</time>
      </trkpt>
      <trkpt lat="47.42085" lon="-120.91339">
        <ele>1699.98</ele>
        <time>2021-09-05T01:29:35Z</time>
      </trkpt>
      <trkpt lat="47.42088" lon="-120.91339">
        <ele>1699.66</ele>
        <time>2021-09-05T01:29:38Z</time>
      </trkpt>
      <trkpt lat="47.42091" lon="-120.91339">
        <ele>1699.34</ele>
        <time>2021-09-05T01:29:41Z</time>
      </trkpt>
      <trkpt lat="47.42094" lon="-120.91338">
        <ele>1699.26</ele>
        <time>2021-09-05T01:29:44Z</time>
      </trkpt>
      <trkpt lat="47.42097" lon="-120.91341">
        <ele>1697.96</ele>
        <time>2021-09-05T01:29:49Z</time>
      </trkpt>
      <trkpt lat="47.42099" lon="-120.91345">
        <ele>1696.87</ele>
        <time>2021-09-05T01:29:52Z</time>
      </trkpt>
      <trkpt lat="47.42101" lon="-120.91347">
        <ele>1696.18</ele>
        <time>2021-09-05T01:29:55Z</time>
      </trkpt>
      <trkpt lat="47.42103" lon="-120.91351">
        <ele>1695.05</ele>
        <time>2021-09-05T01:30:00Z</time>
      </trkpt>
      <trkpt lat="47.42105" lon="-120.91354">
        <ele>1694.2</ele>
        <time>2021-09-05T01:30:05Z</time>
      </trkpt>
      <trkpt lat="47.42108" lon="-120.91357">
        <ele>1693.22</ele>
        <time>2021-09-05T01:30:09Z</time>
      </trkpt>
      <trkpt lat="47.4211" lon="-120.91358">
        <ele>1692.79</ele>
        <time>2021-09-05T01:30:11Z</time>
      </trkpt>
      <trkpt lat="47.42113" lon="-120.91358">
        <ele>1692.6</ele>
        <time>2021-09-05T01:30:14Z</time>
      </trkpt>
      <trkpt lat="47.42115" lon="-120.91362">
        <ele>1691.81</ele>
        <time>2021-09-05T01:30:19Z</time>
      </trkpt>
      <trkpt lat="47.42112" lon="-120.91365">
        <ele>1691.16</ele>
        <time>2021-09-05T01:30:23Z</time>
      </trkpt>
      <trkpt lat="47.42109" lon="-120.91367">
        <ele>1691.1</ele>
        <time>2021-09-05T01:30:26Z</time>
      </trkpt>
      <trkpt lat="47.42106" lon="-120.91367">
        <ele>1691.63</ele>
        <time>2021-09-05T01:30:29Z</time>
      </trkpt>
      <trkpt lat="47.42102" lon="-120.91366">
        <ele>1692.45</ele>
        <time>2021-09-05T01:30:33Z</time>
      </trkpt>
      <trkpt lat="47.42099" lon="-120.91366">
        <ele>1692.93</ele>
        <time>2021-09-05T01:30:36Z</time>
      </trkpt>
      <trkpt lat="47.42096" lon="-120.91368">
        <ele>1693.05</ele>
        <time>2021-09-05T01:30:40Z</time>
      </trkpt>
      <trkpt lat="47.42093" lon="-120.91369">
        <ele>1693.25</ele>
        <time>2021-09-05T01:30:43Z</time>
      </trkpt>
      <trkpt lat="47.4209" lon="-120.91372">
        <ele>1692.65</ele>
        <time>2021-09-05T01:30:47Z</time>
      </trkpt>
      <trkpt lat="47.42087" lon="-120.91376">
        <ele>1691.78</ele>
        <time>2021-09-05T01:30:51Z</time>
      </trkpt>
      <trkpt lat="47.42085" lon="-120.91378">
        <ele>1691.35</ele>
        <time>2021-09-05T01:30:56Z</time>
      </trkpt>
      <trkpt lat="47.42082" lon="-120.91379">
        <ele>1691.15</ele>
        <time>2021-09-05T01:31:00Z</time>
      </trkpt>
      <trkpt lat="47.4208" lon="-120.91382">
        <ele>1690.49</ele>
        <time>2021-09-05T01:31:04Z</time>
      </trkpt>
      <trkpt lat="47.42076" lon="-120.91382">
        <ele>1690.49</ele>
        <time>2021-09-05T01:31:09Z</time>
      </trkpt>
      <trkpt lat="47.42073" lon="-120.91383">
        <ele>1690.16</ele>
        <time>2021-09-05T01:31:13Z</time>
      </trkpt>
      <trkpt lat="47.42071" lon="-120.91386">
        <ele>1689.29</ele>
        <time>2021-09-05T01:31:18Z</time>
      </trkpt>
      <trkpt lat="47.42074" lon="-120.91388">
        <ele>1689.18</ele>
        <time>2021-09-05T01:31:21Z</time>
      </trkpt>
      <trkpt lat="47.42077" lon="-120.91389">
        <ele>1688.98</ele>
        <time>2021-09-05T01:31:25Z</time>
      </trkpt>
      <trkpt lat="47.4208" lon="-120.91392">
        <ele>1688.33</ele>
        <time>2021-09-05T01:31:28Z</time>
      </trkpt>
      <trkpt lat="47.42083" lon="-120.91393">
        <ele>1688.11</ele>
        <time>2021-09-05T01:31:30Z</time>
      </trkpt>
      <trkpt lat="47.42086" lon="-120.91395">
        <ele>1687.68</ele>
        <time>2021-09-05T01:31:33Z</time>
      </trkpt>
      <trkpt lat="47.4209" lon="-120.91397">
        <ele>1687.25</ele>
        <time>2021-09-05T01:31:36Z</time>
      </trkpt>
      <trkpt lat="47.42093" lon="-120.91399">
        <ele>1686.91</ele>
        <time>2021-09-05T01:31:40Z</time>
      </trkpt>
      <trkpt lat="47.42095" lon="-120.91402">
        <ele>1686.58</ele>
        <time>2021-09-05T01:31:44Z</time>
      </trkpt>
      <trkpt lat="47.42098" lon="-120.91405">
        <ele>1686.26</ele>
        <time>2021-09-05T01:31:48Z</time>
      </trkpt>
      <trkpt lat="47.42101" lon="-120.91407">
        <ele>1686.04</ele>
        <time>2021-09-05T01:31:52Z</time>
      </trkpt>
      <trkpt lat="47.42104" lon="-120.91408">
        <ele>1685.64</ele>
        <time>2021-09-05T01:31:55Z</time>
      </trkpt>
      <trkpt lat="47.42107" lon="-120.9141">
        <ele>1684.88</ele>
        <time>2021-09-05T01:31:59Z</time>
      </trkpt>
      <trkpt lat="47.4211" lon="-120.9141">
        <ele>1684.56</ele>
        <time>2021-09-05T01:32:02Z</time>
      </trkpt>
      <trkpt lat="47.42114" lon="-120.91411">
        <ele>1683.79</ele>
        <time>2021-09-05T01:32:05Z</time>
      </trkpt>
      <trkpt lat="47.42117" lon="-120.91411">
        <ele>1683.34</ele>
        <time>2021-09-05T01:32:08Z</time>
      </trkpt>
      <trkpt lat="47.42117" lon="-120.91415">
        <ele>1682.2</ele>
        <time>2021-09-05T01:32:14Z</time>
      </trkpt>
      <trkpt lat="47.42114" lon="-120.91416">
        <ele>1682.54</ele>
        <time>2021-09-05T01:32:16Z</time>
      </trkpt>
      <trkpt lat="47.42111" lon="-120.91418">
        <ele>1682.58</ele>
        <time>2021-09-05T01:32:19Z</time>
      </trkpt>
      <trkpt lat="47.42108" lon="-120.9142">
        <ele>1682.26</ele>
        <time>2021-09-05T01:32:23Z</time>
      </trkpt>
      <trkpt lat="47.42106" lon="-120.91422">
        <ele>1681.82</ele>
        <time>2021-09-05T01:32:27Z</time>
      </trkpt>
      <trkpt lat="47.42103" lon="-120.91424">
        <ele>1681.5</ele>
        <time>2021-09-05T01:32:30Z</time>
      </trkpt>
      <trkpt lat="47.421" lon="-120.91426">
        <ele>1680.98</ele>
        <time>2021-09-05T01:32:34Z</time>
      </trkpt>
      <trkpt lat="47.42097" lon="-120.91427">
        <ele>1680.65</ele>
        <time>2021-09-05T01:32:38Z</time>
      </trkpt>
      <trkpt lat="47.42093" lon="-120.91429">
        <ele>1680.0</ele>
        <time>2021-09-05T01:32:42Z</time>
      </trkpt>
      <trkpt lat="47.4209" lon="-120.91431">
        <ele>1679.36</ele>
        <time>2021-09-05T01:32:46Z</time>
      </trkpt>
      <trkpt lat="47.42087" lon="-120.91433">
        <ele>1678.71</ele>
        <time>2021-09-05T01:32:50Z</time>
      </trkpt>
      <trkpt lat="47.42085" lon="-120.91437">
        <ele>1677.41</ele>
        <time>2021-09-05T01:32:54Z</time>
      </trkpt>
      <trkpt lat="47.42087" lon="-120.91441">
        <ele>1676.12</ele>
        <time>2021-09-05T01:32:58Z</time>
      </trkpt>
      <trkpt lat="47.4209" lon="-120.91444">
        <ele>1675.14</ele>
        <time>2021-09-05T01:33:02Z</time>
      </trkpt>
      <trkpt lat="47.42092" lon="-120.91446">
        <ele>1674.66</ele>
        <time>2021-09-05T01:33:05Z</time>
      </trkpt>
      <trkpt lat="47.42095" lon="-120.91449">
        <ele>1673.89</ele>
        <time>2021-09-05T01:33:09Z</time>
      </trkpt>
      <trkpt lat="47.42097" lon="-120.91452">
        <ele>1672.98</ele>
        <time>2021-09-05T01:33:12Z</time>
      </trkpt>
      <trkpt lat="47.42099" lon="-120.91455">
        <ele>1672.12</ele>
        <time>2021-09-05T01:33:15Z</time>
      </trkpt>
      <trkpt lat="47.42102" lon="-120.91457">
        <ele>1671.64</ele>
        <time>2021-09-05T01:33:19Z</time>
      </trkpt>
      <trkpt lat="47.42104" lon="-120.9146">
        <ele>1671.16</ele>
        <time>2021-09-05T01:33:22Z</time>
      </trkpt>
      <trkpt lat="47.42107" lon="-120.91462">
        <ele>1670.61</ele>
        <time>2021-09-05T01:33:26Z</time>
      </trkpt>
      <trkpt lat="47.4211" lon="-120.91463">
        <ele>1670.12</ele>
        <time>2021-09-05T01:33:29Z</time>
      </trkpt>
      <trkpt lat="47.42112" lon="-120.91463">
        <ele>1670.0</ele>
        <time>2021-09-05T01:33:32Z</time>
      </trkpt>
      <trkpt lat="47.42115" lon="-120.91464">
        <ele>1669.89</ele>
        <time>2021-09-05T01:33:35Z</time>
      </trkpt>
      <trkpt lat="47.42118" lon="-120.91465">
        <ele>1669.78</ele>
        <time>2021-09-05T01:33:38Z</time>
      </trkpt>
      <trkpt lat="47.42121" lon="-120.91467">
        <ele>1669.56</ele>
        <time>2021-09-05T01:33:41Z</time>
      </trkpt>
      <trkpt lat="47.42124" lon="-120.91468">
        <ele>1669.46</ele>
        <time>2021-09-05T01:33:45Z</time>
      </trkpt>
      <trkpt lat="47.42127" lon="-120.91468">
        <ele>1669.46</ele>
        <time>2021-09-05T01:33:49Z</time>
      </trkpt>
      <trkpt lat="47.4213" lon="-120.91469">
        <ele>1669.31</ele>
        <time>2021-09-05T01:33:54Z</time>
      </trkpt>
      <trkpt lat="47.4213" lon="-120.91473">
        <ele>1668.8</ele>
        <time>2021-09-05T01:33:58Z</time>
      </trkpt>
      <trkpt lat="47.4213" lon="-120.91478">
        <ele>1667.74</ele>
        <time>2021-09-05T01:34:02Z</time>
      </trkpt>
      <trkpt lat="47.4213" lon="-120.91482">
        <ele>1666.94</ele>
        <time>2021-09-05T01:34:06Z</time>
      </trkpt>
      <trkpt lat="47.42129" lon="-120.91487">
        <ele>1666.47</ele>
        <time>2021-09-05T01:34:09Z</time>
      </trkpt>
      <trkpt lat="47.42128" lon="-120.91491">
        <ele>1666.14</ele>
        <time>2021-09-05T01:34:13Z</time>
      </trkpt>
      <trkpt lat="47.42128" lon="-120.91495">
        <ele>1665.64</ele>
        <time>2021-09-05T01:34:16Z</time>
      </trkpt>
      <trkpt lat="47.42128" lon="-120.915">
        <ele>1665.0</ele>
        <time>2021-09-05T01:34:20Z</time>
      </trkpt>
      <trkpt lat="47.42128" lon="-120.91504">
        <ele>1664.64</ele>
        <time>2021-09-05T01:34:23Z</time>
      </trkpt>
      <trkpt lat="47.42126" lon="-120.91509">
        <ele>1664.41</ele>
        <time>2021-09-05T01:34:27Z</time>
      </trkpt>
      <trkpt lat="47.42123" lon="-120.91512">
        <ele>1664.5</ele>
        <time>2021-09-05T01:34:30Z</time>
      </trkpt>
      <trkpt lat="47.42122" lon="-120.91516">
        <ele>1664.22</ele>
        <time>2021-09-05T01:34:33Z</time>
      </trkpt>
      <trkpt lat="47.42119" lon="-120.91519">
        <ele>1663.81</ele>
        <time>2021-09-05T01:34:37Z</time>
      </trkpt>
      <trkpt lat="47.42116" lon="-120.9152">
        <ele>1663.44</ele>
        <time>2021-09-05T01:34:40Z</time>
      </trkpt>
      <trkpt lat="47.42114" lon="-120.91523">
        <ele>1663.16</ele>
        <time>2021-09-05T01:34:44Z</time>
      </trkpt>
      <trkpt lat="47.42111" lon="-120.91525">
        <ele>1662.99</ele>
        <time>2021-09-05T01:34:48Z</time>
      </trkpt>
      <trkpt lat="47.42108" lon="-120.91526">
        <ele>1662.73</ele>
        <time>2021-09-05T01:34:50Z</time>
      </trkpt>
      <trkpt lat="47.42104" lon="-120.91526">
        <ele>1662.38</ele>
        <time>2021-09-05T01:34:53Z</time>
      </trkpt>
      <trkpt lat="47.42101" lon="-120.91526">
        <ele>1662.1</ele>
        <time>2021-09-05T01:34:56Z</time>
      </trkpt>
      <trkpt lat="47.42098" lon="-120.91525">
        <ele>1661.88</ele>
        <time>2021-09-05T01:35:00Z</time>
      </trkpt>
      <trkpt lat="47.42094" lon="-120.91524">
        <ele>1661.56</ele>
        <time>2021-09-05T01:35:04Z</time>
      </trkpt>
      <trkpt lat="47.42092" lon="-120.91522">
        <ele>1661.56</ele>
        <time>2021-09-05T01:35:07Z</time>
      </trkpt>
      <trkpt lat="47.42089" lon="-120.91521">
        <ele>1661.34</ele>
        <time>2021-09-05T01:35:10Z</time>
      </trkpt>
      <trkpt lat="47.42086" lon="-120.9152">
        <ele>1661.13</ele>
        <time>2021-09-05T01:35:14Z</time>
      </trkpt>
      <trkpt lat="47.42082" lon="-120.91519">
        <ele>1660.95</ele>
        <time>2021-09-05T01:35:17Z</time>
      </trkpt>
      <trkpt lat="47.42079" lon="-120.91519">
        <ele>1660.95</ele>
        <time>2021-09-05T01:35:20Z</time>
      </trkpt>
      <trkpt lat="47.42076" lon="-120.91518">
        <ele>1661.07</ele>
        <time>2021-09-05T01:35:23Z</time>
      </trkpt>
      <trkpt lat="47.42073" lon="-120.91518">
        <ele>1660.94</ele>
        <time>2021-09-05T01:35:27Z</time>
      </trkpt>
      <trkpt lat="47.4207" lon="-120.91517">
        <ele>1660.72</ele>
        <time>2021-09-05T01:35:30Z</time>
      </trkpt>
      <trkpt lat="47.42068" lon="-120.91514">
        <ele>1660.83</ele>
        <time>2021-09-05T01:35:33Z</time>
      </trkpt>
      <trkpt lat="47.42064" lon="-120.91512">
        <ele>1660.59</ele>
        <time>2021-09-05T01:35:36Z</time>
      </trkpt>
      <trkpt lat="47.4206" lon="-120.91511">
        <ele>1660.19</ele>
        <time>2021-09-05T01:35:39Z</time>
      </trkpt>
      <trkpt lat="47.42057" lon="-120.9151">
        <ele>1660.01</ele>
        <time>2021-09-05T01:35:42Z</time>
      </trkpt>
      <trkpt lat="47.42054" lon="-120.91508">
        <ele>1659.63</ele>
        <time>2021-09-05T01:35:46Z</time>
      </trkpt>
      <trkpt lat="47.42051" lon="-120.91507">
        <ele>1658.77</ele>
        <time>2021-09-05T01:35:49Z</time>
      </trkpt>
      <trkpt lat="47.42048" lon="-120.91506">
        <ele>1657.9</ele>
        <time>2021-09-05T01:35:52Z</time>
      </trkpt>
      <trkpt lat="47.42045" lon="-120.91506">
        <ele>1657.03</ele>
        <time>2021-09-05T01:35:55Z</time>
      </trkpt>
      <trkpt lat="47.42042" lon="-120.91507">
        <ele>1656.08</ele>
        <time>2021-09-05T01:35:58Z</time>
      </trkpt>
      <trkpt lat="47.42039" lon="-120.91509">
        <ele>1654.71</ele>
        <time>2021-09-05T01:36:01Z</time>
      </trkpt>
      <trkpt lat="47.42036" lon="-120.91509">
        <ele>1653.97</ele>
        <time>2021-09-05T01:36:04Z</time>
      </trkpt>
      <trkpt lat="47.42032" lon="-120.91509">
        <ele>1653.52</ele>
        <time>2021-09-05T01:36:07Z</time>
      </trkpt>
      <trkpt lat="47.42029" lon="-120.91509">
        <ele>1653.19</ele>
        <time>2021-09-05T01:36:10Z</time>
      </trkpt>
      <trkpt lat="47.42026" lon="-120.91507">
        <ele>1653.3</ele>
        <time>2021-09-05T01:36:13Z</time>
      </trkpt>
      <trkpt lat="47.42024" lon="-120.91504">
        <ele>1653.73</ele>
        <time>2021-09-05T01:36:16Z</time>
      </trkpt>
      <trkpt lat="47.42021" lon="-120.91502">
        <ele>1653.84</ele>
        <time>2021-09-05T01:36:20Z</time>
      </trkpt>
      <trkpt lat="47.42018" lon="-120.91505">
        <ele>1652.86</ele>
        <time>2021-09-05T01:36:23Z</time>
      </trkpt>
      <trkpt lat="47.42017" lon="-120.91509">
        <ele>1651.89</ele>
        <time>2021-09-05T01:36:26Z</time>
      </trkpt>
      <trkpt lat="47.42015" lon="-120.91512">
        <ele>1650.84</ele>
        <time>2021-09-05T01:36:29Z</time>
      </trkpt>
      <trkpt lat="47.42012" lon="-120.91514">
        <ele>1650.12</ele>
        <time>2021-09-05T01:36:32Z</time>
      </trkpt>
      <trkpt lat="47.4201" lon="-120.91517">
        <ele>1649.34</ele>
        <time>2021-09-05T01:36:35Z</time>
      </trkpt>
      <trkpt lat="47.42007" lon="-120.91521">
        <ele>1648.46</ele>
        <time>2021-09-05T01:36:39Z</time>
      </trkpt>
      <trkpt lat="47.42004" lon="-120.91523">
        <ele>1648.03</ele>
        <time>2021-09-05T01:36:42Z</time>
      </trkpt>
      <trkpt lat="47.42002" lon="-120.91525">
        <ele>1647.6</ele>
        <time>2021-09-05T01:36:45Z</time>
      </trkpt>
      <trkpt lat="47.41999" lon="-120.91527">
        <ele>1647.17</ele>
        <time>2021-09-05T01:36:48Z</time>
      </trkpt>
      <trkpt lat="47.41997" lon="-120.91529">
        <ele>1646.74</ele>
        <time>2021-09-05T01:36:51Z</time>
      </trkpt>
      <trkpt lat="47.41994" lon="-120.91531">
        <ele>1646.3</ele>
        <time>2021-09-05T01:36:54Z</time>
      </trkpt>
      <trkpt lat="47.41991" lon="-120.91534">
        <ele>1645.66</ele>
        <time>2021-09-05T01:36:58Z</time>
      </trkpt>
      <trkpt lat="47.41988" lon="-120.91538">
        <ele>1644.79</ele>
        <time>2021-09-05T01:37:01Z</time>
      </trkpt>
      <trkpt lat="47.41985" lon="-120.9154">
        <ele>1644.36</ele>
        <time>2021-09-05T01:37:04Z</time>
      </trkpt>
      <trkpt lat="47.41982" lon="-120.91542">
        <ele>1643.93</ele>
        <time>2021-09-05T01:37:07Z</time>
      </trkpt>
      <trkpt lat="47.41979" lon="-120.91543">
        <ele>1643.71</ele>
        <time>2021-09-05T01:37:10Z</time>
      </trkpt>
      <trkpt lat="47.41976" lon="-120.91546">
        <ele>1643.06</ele>
        <time>2021-09-05T01:37:14Z</time>
      </trkpt>
      <trkpt lat="47.41974" lon="-120.91548">
        <ele>1642.63</ele>
        <time>2021-09-05T01:37:17Z</time>
      </trkpt>
      <trkpt lat="47.41971" lon="-120.9155">
        <ele>1642.07</ele>
        <time>2021-09-05T01:37:20Z</time>
      </trkpt>
      <trkpt lat="47.41968" lon="-120.91552">
        <ele>1641.31</ele>
        <time>2021-09-05T01:37:23Z</time>
      </trkpt>
      <trkpt lat="47.41966" lon="-120.91554">
        <ele>1640.66</ele>
        <time>2021-09-05T01:37:26Z</time>
      </trkpt>
      <trkpt lat="47.41963" lon="-120.91557">
        <ele>1639.85</ele>
        <time>2021-09-05T01:37:29Z</time>
      </trkpt>
      <trkpt lat="47.41961" lon="-120.9156">
        <ele>1639.21</ele>
        <time>2021-09-05T01:37:32Z</time>
      </trkpt>
      <trkpt lat="47.41959" lon="-120.91563">
        <ele>1638.42</ele>
        <time>2021-09-05T01:37:35Z</time>
      </trkpt>
      <trkpt lat="47.41957" lon="-120.91567">
        <ele>1637.63</ele>
        <time>2021-09-05T01:37:38Z</time>
      </trkpt>
      <trkpt lat="47.41954" lon="-120.9157">
        <ele>1637.05</ele>
        <time>2021-09-05T01:37:41Z</time>
      </trkpt>
      <trkpt lat="47.41952" lon="-120.91574">
        <ele>1636.45</ele>
        <time>2021-09-05T01:37:45Z</time>
      </trkpt>
      <trkpt lat="47.4195" lon="-120.91577">
        <ele>1635.48</ele>
        <time>2021-09-05T01:37:49Z</time>
      </trkpt>
      <trkpt lat="47.41948" lon="-120.9158">
        <ele>1634.51</ele>
        <time>2021-09-05T01:37:52Z</time>
      </trkpt>
      <trkpt lat="47.41945" lon="-120.91583">
        <ele>1633.22</ele>
        <time>2021-09-05T01:37:55Z</time>
      </trkpt>
      <trkpt lat="47.41943" lon="-120.91585">
        <ele>1632.02</ele>
        <time>2021-09-05T01:37:58Z</time>
      </trkpt>
      <trkpt lat="47.4194" lon="-120.91587">
        <ele>1630.29</ele>
        <time>2021-09-05T01:38:01Z</time>
      </trkpt>
      <trkpt lat="47.41939" lon="-120.91592">
        <ele>1628.78</ele>
        <time>2021-09-05T01:38:05Z</time>
      </trkpt>
      <trkpt lat="47.41937" lon="-120.91595">
        <ele>1627.21</ele>
        <time>2021-09-05T01:38:09Z</time>
      </trkpt>
      <trkpt lat="47.41936" lon="-120.91599">
        <ele>1625.91</ele>
        <time>2021-09-05T01:38:12Z</time>
      </trkpt>
      <trkpt lat="47.41936" lon="-120.91604">
        <ele>1624.8</ele>
        <time>2021-09-05T01:38:16Z</time>
      </trkpt>
      <trkpt lat="47.41937" lon="-120.91609">
        <ele>1624.04</ele>
        <time>2021-09-05T01:38:21Z</time>
      </trkpt>
      <trkpt lat="47.41939" lon="-120.91613">
        <ele>1624.03</ele>
        <time>2021-09-05T01:38:25Z</time>
      </trkpt>
      <trkpt lat="47.41941" lon="-120.91615">
        <ele>1624.46</ele>
        <time>2021-09-05T01:38:28Z</time>
      </trkpt>
      <trkpt lat="47.41945" lon="-120.91617">
        <ele>1625.47</ele>
        <time>2021-09-05T01:38:31Z</time>
      </trkpt>
      <trkpt lat="47.41948" lon="-120.91619">
        <ele>1625.65</ele>
        <time>2021-09-05T01:38:34Z</time>
      </trkpt>
      <trkpt lat="47.41951" lon="-120.91622">
        <ele>1625.36</ele>
        <time>2021-09-05T01:38:37Z</time>
      </trkpt>
      <trkpt lat="47.41954" lon="-120.91625">
        <ele>1625.02</ele>
        <time>2021-09-05T01:38:41Z</time>
      </trkpt>
      <trkpt lat="47.41957" lon="-120.91627">
        <ele>1624.67</ele>
        <time>2021-09-05T01:38:44Z</time>
      </trkpt>
      <trkpt lat="47.41959" lon="-120.91628">
        <ele>1624.45</ele>
        <time>2021-09-05T01:38:47Z</time>
      </trkpt>
      <trkpt lat="47.41962" lon="-120.9163">
        <ele>1623.92</ele>
        <time>2021-09-05T01:38:50Z</time>
      </trkpt>
      <trkpt lat="47.41965" lon="-120.91633">
        <ele>1623.27</ele>
        <time>2021-09-05T01:38:53Z</time>
      </trkpt>
      <trkpt lat="47.41968" lon="-120.91637">
        <ele>1622.41</ele>
        <time>2021-09-05T01:38:56Z</time>
      </trkpt>
      <trkpt lat="47.41971" lon="-120.91639">
        <ele>1621.99</ele>
        <time>2021-09-05T01:38:59Z</time>
      </trkpt>
      <trkpt lat="47.41973" lon="-120.91642">
        <ele>1621.83</ele>
        <time>2021-09-05T01:39:02Z</time>
      </trkpt>
      <trkpt lat="47.41975" lon="-120.91644">
        <ele>1622.05</ele>
        <time>2021-09-05T01:39:06Z</time>
      </trkpt>
      <trkpt lat="47.41978" lon="-120.91646">
        <ele>1622.48</ele>
        <time>2021-09-05T01:39:09Z</time>
      </trkpt>
      <trkpt lat="47.4198" lon="-120.9165">
        <ele>1622.31</ele>
        <time>2021-09-05T01:39:12Z</time>
      </trkpt>
      <trkpt lat="47.41981" lon="-120.91654">
        <ele>1621.66</ele>
        <time>2021-09-05T01:39:15Z</time>
      </trkpt>
      <trkpt lat="47.41983" lon="-120.91658">
        <ele>1621.09</ele>
        <time>2021-09-05T01:39:18Z</time>
      </trkpt>
      <trkpt lat="47.41985" lon="-120.91661">
        <ele>1620.84</ele>
        <time>2021-09-05T01:39:21Z</time>
      </trkpt>
      <trkpt lat="47.41987" lon="-120.91665">
        <ele>1620.29</ele>
        <time>2021-09-05T01:39:24Z</time>
      </trkpt>
      <trkpt lat="47.4199" lon="-120.91669">
        <ele>1619.75</ele>
        <time>2021-09-05T01:39:27Z</time>
      </trkpt>
      <trkpt lat="47.41993" lon="-120.91672">
        <ele>1619.42</ele>
        <time>2021-09-05T01:39:30Z</time>
      </trkpt>
      <trkpt lat="47.41995" lon="-120.91675">
        <ele>1619.1</ele>
        <time>2021-09-05T01:39:33Z</time>
      </trkpt>
      <trkpt lat="47.41996" lon="-120.91679">
        <ele>1618.67</ele>
        <time>2021-09-05T01:39:37Z</time>
      </trkpt>
      <trkpt lat="47.41996" lon="-120.91684">
        <ele>1618.13</ele>
        <time>2021-09-05T01:39:41Z</time>
      </trkpt>
      <trkpt lat="47.41996" lon="-120.91689">
        <ele>1617.59</ele>
        <time>2021-09-05T01:39:45Z</time>
      </trkpt>
      <trkpt lat="47.41996" lon="-120.91693">
        <ele>1617.16</ele>
        <time>2021-09-05T01:39:49Z</time>
      </trkpt>
      <trkpt lat="47.41996" lon="-120.91698">
        <ele>1616.45</ele>
        <time>2021-09-05T01:39:52Z</time>
      </trkpt>
      <trkpt lat="47.41997" lon="-120.91702">
        <ele>1615.92</ele>
        <time>2021-09-05T01:39:55Z</time>
      </trkpt>
      <trkpt lat="47.42" lon="-120.91703">
        <ele>1616.08</ele>
        <time>2021-09-05T01:39:58Z</time>
      </trkpt>
      <trkpt lat="47.42002" lon="-120.91706">
        <ele>1615.91</ele>
        <time>2021-09-05T01:40:02Z</time>
      </trkpt>
      <trkpt lat="47.42004" lon="-120.91709">
        <ele>1615.61</ele>
        <time>2021-09-05T01:40:05Z</time>
      </trkpt>
      <trkpt lat="47.42006" lon="-120.91713">
        <ele>1614.99</ele>
        <time>2021-09-05T01:40:08Z</time>
      </trkpt>
      <trkpt lat="47.42008" lon="-120.91717">
        <ele>1614.5</ele>
        <time>2021-09-05T01:40:11Z</time>
      </trkpt>
      <trkpt lat="47.42009" lon="-120.91721">
        <ele>1614.11</ele>
        <time>2021-09-05T01:40:14Z</time>
      </trkpt>
      <trkpt lat="47.4201" lon="-120.91727">
        <ele>1613.05</ele>
        <time>2021-09-05T01:40:17Z</time>
      </trkpt>
      <trkpt lat="47.42011" lon="-120.91731">
        <ele>1612.29</ele>
        <time>2021-09-05T01:40:19Z</time>
      </trkpt>
      <trkpt lat="47.42013" lon="-120.91736">
        <ele>1611.72</ele>
        <time>2021-09-05T01:40:22Z</time>
      </trkpt>
      <trkpt lat="47.42014" lon="-120.9174">
        <ele>1611.12</ele>
        <time>2021-09-05T01:40:24Z</time>
      </trkpt>
      <trkpt lat="47.42015" lon="-120.91744">
        <ele>1610.65</ele>
        <time>2021-09-05T01:40:27Z</time>
      </trkpt>
      <trkpt lat="47.42017" lon="-120.91747">
        <ele>1610.32</ele>
        <time>2021-09-05T01:40:30Z</time>
      </trkpt>
      <trkpt lat="47.4202" lon="-120.9175">
        <ele>1610.16</ele>
        <time>2021-09-05T01:40:33Z</time>
      </trkpt>
      <trkpt lat="47.42021" lon="-120.91755">
        <ele>1609.73</ele>
        <time>2021-09-05T01:40:37Z</time>
      </trkpt>
      <trkpt lat="47.42024" lon="-120.91759">
        <ele>1609.62</ele>
        <time>2021-09-05T01:40:40Z</time>
      </trkpt>
      <trkpt lat="47.42027" lon="-120.91762">
        <ele>1609.64</ele>
        <time>2021-09-05T01:40:43Z</time>
      </trkpt>
      <trkpt lat="47.42029" lon="-120.91766">
        <ele>1609.57</ele>
        <time>2021-09-05T01:40:46Z</time>
      </trkpt>
      <trkpt lat="47.42029" lon="-120.91771">
        <ele>1609.23</ele>
        <time>2021-09-05T01:40:48Z</time>
      </trkpt>
      <trkpt lat="47.42029" lon="-120.91776">
        <ele>1609.16</ele>
        <time>2021-09-05T01:40:51Z</time>
      </trkpt>
      <trkpt lat="47.42029" lon="-120.91781">
        <ele>1609.13</ele>
        <time>2021-09-05T01:40:54Z</time>
      </trkpt>
      <trkpt lat="47.42029" lon="-120.91786">
        <ele>1609.13</ele>
        <time>2021-09-05T01:40:56Z</time>
      </trkpt>
      <trkpt lat="47.42029" lon="-120.91791">
        <ele>1608.7</ele>
        <time>2021-09-05T01:41:00Z</time>
      </trkpt>
      <trkpt lat="47.4203" lon="-120.91795">
        <ele>1608.38</ele>
        <time>2021-09-05T01:41:03Z</time>
      </trkpt>
      <trkpt lat="47.42032" lon="-120.918">
        <ele>1608.46</ele>
        <time>2021-09-05T01:41:06Z</time>
      </trkpt>
      <trkpt lat="47.42033" lon="-120.91804">
        <ele>1608.56</ele>
        <time>2021-09-05T01:41:09Z</time>
      </trkpt>
      <trkpt lat="47.42036" lon="-120.91808">
        <ele>1608.89</ele>
        <time>2021-09-05T01:41:13Z</time>
      </trkpt>
      <trkpt lat="47.42039" lon="-120.91812">
        <ele>1609.21</ele>
        <time>2021-09-05T01:41:16Z</time>
      </trkpt>
      <trkpt lat="47.42042" lon="-120.91815">
        <ele>1609.52</ele>
        <time>2021-09-05T01:41:19Z</time>
      </trkpt>
      <trkpt lat="47.42045" lon="-120.91818">
        <ele>1609.52</ele>
        <time>2021-09-05T01:41:22Z</time>
      </trkpt>
      <trkpt lat="47.42047" lon="-120.91821">
        <ele>1609.48</ele>
        <time>2021-09-05T01:41:24Z</time>
      </trkpt>
      <trkpt lat="47.42049" lon="-120.91826">
        <ele>1609.52</ele>
        <time>2021-09-05T01:41:27Z</time>
      </trkpt>
      <trkpt lat="47.4205" lon="-120.9183">
        <ele>1609.54</ele>
        <time>2021-09-05T01:41:30Z</time>
      </trkpt>
      <trkpt lat="47.42052" lon="-120.91835">
        <ele>1609.55</ele>
        <time>2021-09-05T01:41:33Z</time>
      </trkpt>
      <trkpt lat="47.42053" lon="-120.9184">
        <ele>1609.53</ele>
        <time>2021-09-05T01:41:36Z</time>
      </trkpt>
      <trkpt lat="47.42054" lon="-120.91845">
        <ele>1609.45</ele>
        <time>2021-09-05T01:41:40Z</time>
      </trkpt>
      <trkpt lat="47.42055" lon="-120.9185">
        <ele>1609.13</ele>
        <time>2021-09-05T01:41:44Z</time>
      </trkpt>
      <trkpt lat="47.42055" lon="-120.91856">
        <ele>1608.49</ele>
        <time>2021-09-05T01:41:47Z</time>
      </trkpt>
      <trkpt lat="47.42056" lon="-120.9186">
        <ele>1608.17</ele>
        <time>2021-09-05T01:41:50Z</time>
      </trkpt>
      <trkpt lat="47.42057" lon="-120.91865">
        <ele>1608.09</ele>
        <time>2021-09-05T01:41:53Z</time>
      </trkpt>
      <trkpt lat="47.42059" lon="-120.91869">
        <ele>1608.06</ele>
        <time>2021-09-05T01:41:56Z</time>
      </trkpt>
      <trkpt lat="47.4206" lon="-120.91873">
        <ele>1607.72</ele>
        <time>2021-09-05T01:41:59Z</time>
      </trkpt>
      <trkpt lat="47.42062" lon="-120.91878">
        <ele>1607.18</ele>
        <time>2021-09-05T01:42:02Z</time>
      </trkpt>
      <trkpt lat="47.42063" lon="-120.91882">
        <ele>1607.0</ele>
        <time>2021-09-05T01:42:05Z</time>
      </trkpt>
      <trkpt lat="47.42064" lon="-120.91887">
        <ele>1607.0</ele>
        <time>2021-09-05T01:42:08Z</time>
      </trkpt>
      <trkpt lat="47.42065" lon="-120.91891">
        <ele>1606.76</ele>
        <time>2021-09-05T01:42:10Z</time>
      </trkpt>
      <trkpt lat="47.42067" lon="-120.91894">
        <ele>1606.34</ele>
        <time>2021-09-05T01:42:13Z</time>
      </trkpt>
      <trkpt lat="47.42069" lon="-120.91897">
        <ele>1606.07</ele>
        <time>2021-09-05T01:42:15Z</time>
      </trkpt>
      <trkpt lat="47.42072" lon="-120.919">
        <ele>1605.84</ele>
        <time>2021-09-05T01:42:18Z</time>
      </trkpt>
      <trkpt lat="47.42074" lon="-120.91903">
        <ele>1605.48</ele>
        <time>2021-09-05T01:42:21Z</time>
      </trkpt>
      <trkpt lat="47.42076" lon="-120.91908">
        <ele>1604.79</ele>
        <time>2021-09-05T01:42:24Z</time>
      </trkpt>
      <trkpt lat="47.42078" lon="-120.91912">
        <ele>1604.58</ele>
        <time>2021-09-05T01:42:27Z</time>
      </trkpt>
      <trkpt lat="47.4208" lon="-120.91917">
        <ele>1604.32</ele>
        <time>2021-09-05T01:42:30Z</time>
      </trkpt>
      <trkpt lat="47.42081" lon="-120.91921">
        <ele>1603.78</ele>
        <time>2021-09-05T01:42:33Z</time>
      </trkpt>
      <trkpt lat="47.42082" lon="-120.91925">
        <ele>1603.24</ele>
        <time>2021-09-05T01:42:37Z</time>
      </trkpt>
      <trkpt lat="47.42083" lon="-120.9193">
        <ele>1603.04</ele>
        <time>2021-09-05T01:42:40Z</time>
      </trkpt>
      <trkpt lat="47.42084" lon="-120.91933">
        <ele>1602.93</ele>
        <time>2021-09-05T01:42:43Z</time>
      </trkpt>
      <trkpt lat="47.42084" lon="-120.91938">
        <ele>1602.62</ele>
        <time>2021-09-05T01:42:46Z</time>
      </trkpt>
      <trkpt lat="47.42085" lon="-120.91942">
        <ele>1602.08</ele>
        <time>2021-09-05T01:42:50Z</time>
      </trkpt>
      <trkpt lat="47.42086" lon="-120.91947">
        <ele>1601.71</ele>
        <time>2021-09-05T01:42:53Z</time>
      </trkpt>
      <trkpt lat="47.42087" lon="-120.91951">
        <ele>1601.6</ele>
        <time>2021-09-05T01:42:56Z</time>
      </trkpt>
      <trkpt lat="47.42087" lon="-120.91956">
        <ele>1601.36</ele>
        <time>2021-09-05T01:42:59Z</time>
      </trkpt>
      <trkpt lat="47.42088" lon="-120.9196">
        <ele>1600.82</ele>
        <time>2021-09-05T01:43:02Z</time>
      </trkpt>
      <trkpt lat="47.42089" lon="-120.91966">
        <ele>1600.06</ele>
        <time>2021-09-05T01:43:06Z</time>
      </trkpt>
      <trkpt lat="47.42089" lon="-120.9197">
        <ele>1599.63</ele>
        <time>2021-09-05T01:43:09Z</time>
      </trkpt>
      <trkpt lat="47.42089" lon="-120.91975">
        <ele>1599.2</ele>
        <time>2021-09-05T01:43:12Z</time>
      </trkpt>
      <trkpt lat="47.4209" lon="-120.9198">
        <ele>1598.68</ele>
        <time>2021-09-05T01:43:15Z</time>
      </trkpt>
      <trkpt lat="47.42092" lon="-120.91984">
        <ele>1598.13</ele>
        <time>2021-09-05T01:43:18Z</time>
      </trkpt>
      <trkpt lat="47.42094" lon="-120.91987">
        <ele>1597.76</ele>
        <time>2021-09-05T01:43:21Z</time>
      </trkpt>
      <trkpt lat="47.42096" lon="-120.91992">
        <ele>1597.13</ele>
        <time>2021-09-05T01:43:24Z</time>
      </trkpt>
      <trkpt lat="47.42096" lon="-120.91998">
        <ele>1596.48</ele>
        <time>2021-09-05T01:43:27Z</time>
      </trkpt>
      <trkpt lat="47.42096" lon="-120.92003">
        <ele>1596.26</ele>
        <time>2021-09-05T01:43:30Z</time>
      </trkpt>
      <trkpt lat="47.42095" lon="-120.92007">
        <ele>1596.48</ele>
        <time>2021-09-05T01:43:33Z</time>
      </trkpt>
      <trkpt lat="47.42096" lon="-120.92012">
        <ele>1596.26</ele>
        <time>2021-09-05T01:43:36Z</time>
      </trkpt>
      <trkpt lat="47.42095" lon="-120.92016">
        <ele>1596.48</ele>
        <time>2021-09-05T01:43:39Z</time>
      </trkpt>
      <trkpt lat="47.42095" lon="-120.92022">
        <ele>1596.48</ele>
        <time>2021-09-05T01:43:42Z</time>
      </trkpt>
      <trkpt lat="47.42095" lon="-120.92027">
        <ele>1596.48</ele>
        <time>2021-09-05T01:43:45Z</time>
      </trkpt>
      <trkpt lat="47.42096" lon="-120.92032">
        <ele>1595.81</ele>
        <time>2021-09-05T01:43:48Z</time>
      </trkpt>
      <trkpt lat="47.42096" lon="-120.92037">
        <ele>1595.27</ele>
        <time>2021-09-05T01:43:51Z</time>
      </trkpt>
      <trkpt lat="47.42097" lon="-120.92042">
        <ele>1594.77</ele>
        <time>2021-09-05T01:43:55Z</time>
      </trkpt>
      <trkpt lat="47.42097" lon="-120.92047">
        <ele>1594.45</ele>
        <time>2021-09-05T01:43:58Z</time>
      </trkpt>
      <trkpt lat="47.42096" lon="-120.92051">
        <ele>1594.12</ele>
        <time>2021-09-05T01:44:01Z</time>
      </trkpt>
      <trkpt lat="47.42095" lon="-120.92056">
        <ele>1593.69</ele>
        <time>2021-09-05T01:44:04Z</time>
      </trkpt>
      <trkpt lat="47.42094" lon="-120.92061">
        <ele>1593.26</ele>
        <time>2021-09-05T01:44:07Z</time>
      </trkpt>
      <trkpt lat="47.42093" lon="-120.92065">
        <ele>1592.92</ele>
        <time>2021-09-05T01:44:11Z</time>
      </trkpt>
      <trkpt lat="47.42092" lon="-120.9207">
        <ele>1591.92</ele>
        <time>2021-09-05T01:44:14Z</time>
      </trkpt>
      <trkpt lat="47.42091" lon="-120.92075">
        <ele>1591.05</ele>
        <time>2021-09-05T01:44:17Z</time>
      </trkpt>
      <trkpt lat="47.42089" lon="-120.9208">
        <ele>1590.5</ele>
        <time>2021-09-05T01:44:20Z</time>
      </trkpt>
      <trkpt lat="47.42087" lon="-120.92084">
        <ele>1589.88</ele>
        <time>2021-09-05T01:44:23Z</time>
      </trkpt>
      <trkpt lat="47.42086" lon="-120.92088">
        <ele>1589.14</ele>
        <time>2021-09-05T01:44:26Z</time>
      </trkpt>
      <trkpt lat="47.42085" lon="-120.92092">
        <ele>1588.3</ele>
        <time>2021-09-05T01:44:30Z</time>
      </trkpt>
      <trkpt lat="47.42084" lon="-120.92097">
        <ele>1587.56</ele>
        <time>2021-09-05T01:44:33Z</time>
      </trkpt>
      <trkpt lat="47.42084" lon="-120.92102">
        <ele>1586.97</ele>
        <time>2021-09-05T01:44:37Z</time>
      </trkpt>
      <trkpt lat="47.42084" lon="-120.92107">
        <ele>1585.93</ele>
        <time>2021-09-05T01:44:41Z</time>
      </trkpt>
      <trkpt lat="47.42085" lon="-120.92111">
        <ele>1585.2</ele>
        <time>2021-09-05T01:44:44Z</time>
      </trkpt>
      <trkpt lat="47.42087" lon="-120.92114">
        <ele>1584.96</ele>
        <time>2021-09-05T01:44:48Z</time>
      </trkpt>
      <trkpt lat="47.42088" lon="-120.92118">
        <ele>1584.39</ele>
        <time>2021-09-05T01:44:52Z</time>
      </trkpt>
      <trkpt lat="47.42091" lon="-120.92122">
        <ele>1583.79</ele>
        <time>2021-09-05T01:44:56Z</time>
      </trkpt>
      <trkpt lat="47.42093" lon="-120.92125">
        <ele>1583.57</ele>
        <time>2021-09-05T01:44:59Z</time>
      </trkpt>
      <trkpt lat="47.42096" lon="-120.92127">
        <ele>1583.76</ele>
        <time>2021-09-05T01:45:02Z</time>
      </trkpt>
      <trkpt lat="47.42099" lon="-120.92129">
        <ele>1583.81</ele>
        <time>2021-09-05T01:45:05Z</time>
      </trkpt>
      <trkpt lat="47.42103" lon="-120.92131">
        <ele>1583.57</ele>
        <time>2021-09-05T01:45:08Z</time>
      </trkpt>
      <trkpt lat="47.42105" lon="-120.92133">
        <ele>1583.03</ele>
        <time>2021-09-05T01:45:10Z</time>
      </trkpt>
      <trkpt lat="47.42107" lon="-120.92135">
        <ele>1582.58</ele>
        <time>2021-09-05T01:45:13Z</time>
      </trkpt>
      <trkpt lat="47.4211" lon="-120.92137">
        <ele>1582.31</ele>
        <time>2021-09-05T01:45:17Z</time>
      </trkpt>
      <trkpt lat="47.42114" lon="-120.92139">
        <ele>1581.66</ele>
        <time>2021-09-05T01:45:21Z</time>
      </trkpt>
      <trkpt lat="47.42116" lon="-120.92142">
        <ele>1580.64</ele>
        <time>2021-09-05T01:45:24Z</time>
      </trkpt>
      <trkpt lat="47.42118" lon="-120.92145">
        <ele>1579.77</ele>
        <time>2021-09-05T01:45:28Z</time>
      </trkpt>
      <trkpt lat="47.42119" lon="-120.9215">
        <ele>1578.4</ele>
        <time>2021-09-05T01:45:33Z</time>
      </trkpt>
      <trkpt lat="47.42117" lon="-120.92154">
        <ele>1577.1</ele>
        <time>2021-09-05T01:45:36Z</time>
      </trkpt>
      <trkpt lat="47.42115" lon="-120.92158">
        <ele>1575.87</ele>
        <time>2021-09-05T01:45:40Z</time>
      </trkpt>
      <trkpt lat="47.42113" lon="-120.92163">
        <ele>1574.79</ele>
        <time>2021-09-05T01:45:43Z</time>
      </trkpt>
      <trkpt lat="47.42111" lon="-120.92167">
        <ele>1573.92</ele>
        <time>2021-09-05T01:45:46Z</time>
      </trkpt>
      <trkpt lat="47.4211" lon="-120.92171">
        <ele>1573.0</ele>
        <time>2021-09-05T01:45:49Z</time>
      </trkpt>
      <trkpt lat="47.42109" lon="-120.92176">
        <ele>1571.99</ele>
        <time>2021-09-05T01:45:52Z</time>
      </trkpt>
      <trkpt lat="47.42109" lon="-120.9218">
        <ele>1571.56</ele>
        <time>2021-09-05T01:45:55Z</time>
      </trkpt>
      <trkpt lat="47.42109" lon="-120.92185">
        <ele>1571.02</ele>
        <time>2021-09-05T01:45:58Z</time>
      </trkpt>
      <trkpt lat="47.42107" lon="-120.92189">
        <ele>1570.18</ele>
        <time>2021-09-05T01:46:02Z</time>
      </trkpt>
      <trkpt lat="47.42104" lon="-120.9219">
        <ele>1569.96</ele>
        <time>2021-09-05T01:46:05Z</time>
      </trkpt>
      <trkpt lat="47.42101" lon="-120.92191">
        <ele>1569.74</ele>
        <time>2021-09-05T01:46:09Z</time>
      </trkpt>
      <trkpt lat="47.42098" lon="-120.92192">
        <ele>1569.53</ele>
        <time>2021-09-05T01:46:13Z</time>
      </trkpt>
      <trkpt lat="47.42095" lon="-120.92194">
        <ele>1569.1</ele>
        <time>2021-09-05T01:46:16Z</time>
      </trkpt>
      <trkpt lat="47.42092" lon="-120.92197">
        <ele>1568.45</ele>
        <time>2021-09-05T01:46:19Z</time>
      </trkpt>
      <trkpt lat="47.42088" lon="-120.92199">
        <ele>1568.02</ele>
        <time>2021-09-05T01:46:22Z</time>
      </trkpt>
      <trkpt lat="47.42088" lon="-120.92204">
        <ele>1566.94</ele>
        <time>2021-09-05T01:46:26Z</time>
      </trkpt>
      <trkpt lat="47.4209" lon="-120.92207">
        <ele>1566.29</ele>
        <time>2021-09-05T01:46:29Z</time>
      </trkpt>
      <trkpt lat="47.42093" lon="-120.9221">
        <ele>1565.64</ele>
        <time>2021-09-05T01:46:33Z</time>
      </trkpt>
      <trkpt lat="47.42096" lon="-120.92211">
        <ele>1565.42</ele>
        <time>2021-09-05T01:46:37Z</time>
      </trkpt>
      <trkpt lat="47.42099" lon="-120.92212">
        <ele>1565.21</ele>
        <time>2021-09-05T01:46:39Z</time>
      </trkpt>
      <trkpt lat="47.42101" lon="-120.92213">
        <ele>1565.0</ele>
        <time>2021-09-05T01:46:42Z</time>
      </trkpt>
      <trkpt lat="47.42104" lon="-120.92215">
        <ele>1564.96</ele>
        <time>2021-09-05T01:46:45Z</time>
      </trkpt>
      <trkpt lat="47.42107" lon="-120.92219">
        <ele>1564.54</ele>
        <time>2021-09-05T01:46:48Z</time>
      </trkpt>
      <trkpt lat="47.42108" lon="-120.92223">
        <ele>1563.89</ele>
        <time>2021-09-05T01:46:52Z</time>
      </trkpt>
      <trkpt lat="47.4211" lon="-120.92227">
        <ele>1563.42</ele>
        <time>2021-09-05T01:46:55Z</time>
      </trkpt>
      <trkpt lat="47.42112" lon="-120.9223">
        <ele>1563.18</ele>
        <time>2021-09-05T01:46:58Z</time>
      </trkpt>
      <trkpt lat="47.42115" lon="-120.92233">
        <ele>1562.74</ele>
        <time>2021-09-05T01:47:01Z</time>
      </trkpt>
      <trkpt lat="47.42118" lon="-120.92235">
        <ele>1562.52</ele>
        <time>2021-09-05T01:47:05Z</time>
      </trkpt>
      <trkpt lat="47.4212" lon="-120.92237">
        <ele>1562.38</ele>
        <time>2021-09-05T01:47:08Z</time>
      </trkpt>
      <trkpt lat="47.42122" lon="-120.9224">
        <ele>1562.09</ele>
        <time>2021-09-05T01:47:11Z</time>
      </trkpt>
      <trkpt lat="47.42125" lon="-120.92242">
        <ele>1561.8</ele>
        <time>2021-09-05T01:47:14Z</time>
      </trkpt>
      <trkpt lat="47.42129" lon="-120.92245">
        <ele>1561.51</ele>
        <time>2021-09-05T01:47:17Z</time>
      </trkpt>
      <trkpt lat="47.42132" lon="-120.92246">
        <ele>1561.43</ele>
        <time>2021-09-05T01:47:20Z</time>
      </trkpt>
      <trkpt lat="47.42135" lon="-120.92248">
        <ele>1561.22</ele>
        <time>2021-09-05T01:47:23Z</time>
      </trkpt>
      <trkpt lat="47.42138" lon="-120.92249">
        <ele>1561.11</ele>
        <time>2021-09-05T01:47:26Z</time>
      </trkpt>
      <trkpt lat="47.42141" lon="-120.92248">
        <ele>1560.99</ele>
        <time>2021-09-05T01:47:29Z</time>
      </trkpt>
      <trkpt lat="47.42145" lon="-120.92247">
        <ele>1560.66</ele>
        <time>2021-09-05T01:47:32Z</time>
      </trkpt>
      <trkpt lat="47.42147" lon="-120.92246">
        <ele>1560.56</ele>
        <time>2021-09-05T01:47:35Z</time>
      </trkpt>
      <trkpt lat="47.4215" lon="-120.92244">
        <ele>1560.45</ele>
        <time>2021-09-05T01:47:39Z</time>
      </trkpt>
      <trkpt lat="47.42153" lon="-120.92243">
        <ele>1560.23</ele>
        <time>2021-09-05T01:47:43Z</time>
      </trkpt>
      <trkpt lat="47.42156" lon="-120.92246">
        <ele>1559.58</ele>
        <time>2021-09-05T01:47:47Z</time>
      </trkpt>
      <trkpt lat="47.42157" lon="-120.9225">
        <ele>1559.04</ele>
        <time>2021-09-05T01:47:50Z</time>
      </trkpt>
      <trkpt lat="47.42157" lon="-120.92254">
        <ele>1558.18</ele>
        <time>2021-09-05T01:47:54Z</time>
      </trkpt>
      <trkpt lat="47.42157" lon="-120.92259">
        <ele>1557.1</ele>
        <time>2021-09-05T01:47:58Z</time>
      </trkpt>
      <trkpt lat="47.42157" lon="-120.92264">
        <ele>1556.53</ele>
        <time>2021-09-05T01:48:02Z</time>
      </trkpt>
      <trkpt lat="47.42156" lon="-120.92269">
        <ele>1556.05</ele>
        <time>2021-09-05T01:48:06Z</time>
      </trkpt>
      <trkpt lat="47.42155" lon="-120.92273">
        <ele>1555.29</ele>
        <time>2021-09-05T01:48:09Z</time>
      </trkpt>
      <trkpt lat="47.42153" lon="-120.92278">
        <ele>1554.45</ele>
        <time>2021-09-05T01:48:12Z</time>
      </trkpt>
      <trkpt lat="47.42152" lon="-120.92282">
        <ele>1554.13</ele>
        <time>2021-09-05T01:48:15Z</time>
      </trkpt>
      <trkpt lat="47.42151" lon="-120.92287">
        <ele>1553.7</ele>
        <time>2021-09-05T01:48:18Z</time>
      </trkpt>
      <trkpt lat="47.42149" lon="-120.92291">
        <ele>1553.48</ele>
        <time>2021-09-05T01:48:21Z</time>
      </trkpt>
      <trkpt lat="47.42147" lon="-120.92296">
        <ele>1553.03</ele>
        <time>2021-09-05T01:48:24Z</time>
      </trkpt>
      <trkpt lat="47.42144" lon="-120.92299">
        <ele>1552.55</ele>
        <time>2021-09-05T01:48:27Z</time>
      </trkpt>
      <trkpt lat="47.42141" lon="-120.92302">
        <ele>1552.24</ele>
        <time>2021-09-05T01:48:30Z</time>
      </trkpt>
      <trkpt lat="47.42139" lon="-120.92305">
        <ele>1552.05</ele>
        <time>2021-09-05T01:48:33Z</time>
      </trkpt>
      <trkpt lat="47.42137" lon="-120.92308">
        <ele>1551.47</ele>
        <time>2021-09-05T01:48:36Z</time>
      </trkpt>
      <trkpt lat="47.42135" lon="-120.92311">
        <ele>1550.82</ele>
        <time>2021-09-05T01:48:39Z</time>
      </trkpt>
      <trkpt lat="47.42132" lon="-120.92313">
        <ele>1550.39</ele>
        <time>2021-09-05T01:48:43Z</time>
      </trkpt>
      <trkpt lat="47.42129" lon="-120.92313">
        <ele>1550.38</ele>
        <time>2021-09-05T01:48:46Z</time>
      </trkpt>
      <trkpt lat="47.42126" lon="-120.92314">
        <ele>1550.14</ele>
        <time>2021-09-05T01:48:49Z</time>
      </trkpt>
      <trkpt lat="47.42122" lon="-120.92315">
        <ele>1549.98</ele>
        <time>2021-09-05T01:48:53Z</time>
      </trkpt>
      <trkpt lat="47.42119" lon="-120.92316">
        <ele>1549.72</ele>
        <time>2021-09-05T01:48:56Z</time>
      </trkpt>
      <trkpt lat="47.42115" lon="-120.92317">
        <ele>1549.18</ele>
        <time>2021-09-05T01:48:59Z</time>
      </trkpt>
      <trkpt lat="47.42112" lon="-120.92318">
        <ele>1548.75</ele>
        <time>2021-09-05T01:49:02Z</time>
      </trkpt>
      <trkpt lat="47.42109" lon="-120.92319">
        <ele>1548.32</ele>
        <time>2021-09-05T01:49:06Z</time>
      </trkpt>
      <trkpt lat="47.42106" lon="-120.9232">
        <ele>1547.89</ele>
        <time>2021-09-05T01:49:09Z</time>
      </trkpt>
      <trkpt lat="47.42103" lon="-120.92321">
        <ele>1547.46</ele>
        <time>2021-09-05T01:49:12Z</time>
      </trkpt>
      <trkpt lat="47.421" lon="-120.92324">
        <ele>1546.81</ele>
        <time>2021-09-05T01:49:15Z</time>
      </trkpt>
      <trkpt lat="47.42097" lon="-120.92326">
        <ele>1546.06</ele>
        <time>2021-09-05T01:49:18Z</time>
      </trkpt>
      <trkpt lat="47.42094" lon="-120.92328">
        <ele>1545.3</ele>
        <time>2021-09-05T01:49:21Z</time>
      </trkpt>
      <trkpt lat="47.42092" lon="-120.9233">
        <ele>1544.66</ele>
        <time>2021-09-05T01:49:23Z</time>
      </trkpt>
      <trkpt lat="47.42089" lon="-120.92333">
        <ele>1543.68</ele>
        <time>2021-09-05T01:49:27Z</time>
      </trkpt>
      <trkpt lat="47.42086" lon="-120.92335">
        <ele>1542.98</ele>
        <time>2021-09-05T01:49:31Z</time>
      </trkpt>
      <trkpt lat="47.42082" lon="-120.92336">
        <ele>1542.42</ele>
        <time>2021-09-05T01:49:34Z</time>
      </trkpt>
      <trkpt lat="47.42079" lon="-120.92337">
        <ele>1542.21</ele>
        <time>2021-09-05T01:49:37Z</time>
      </trkpt>
      <trkpt lat="47.42076" lon="-120.92338">
        <ele>1541.99</ele>
        <time>2021-09-05T01:49:40Z</time>
      </trkpt>
      <trkpt lat="47.42072" lon="-120.92338">
        <ele>1541.99</ele>
        <time>2021-09-05T01:49:43Z</time>
      </trkpt>
      <trkpt lat="47.42069" lon="-120.92337">
        <ele>1542.21</ele>
        <time>2021-09-05T01:49:46Z</time>
      </trkpt>
      <trkpt lat="47.42065" lon="-120.92337">
        <ele>1542.21</ele>
        <time>2021-09-05T01:49:49Z</time>
      </trkpt>
      <trkpt lat="47.42062" lon="-120.92337">
        <ele>1542.51</ele>
        <time>2021-09-05T01:49:51Z</time>
      </trkpt>
      <trkpt lat="47.42059" lon="-120.92338">
        <ele>1542.62</ele>
        <time>2021-09-05T01:49:55Z</time>
      </trkpt>
      <trkpt lat="47.42056" lon="-120.92339">
        <ele>1542.73</ele>
        <time>2021-09-05T01:49:58Z</time>
      </trkpt>
      <trkpt lat="47.42053" lon="-120.9234">
        <ele>1542.84</ele>
        <time>2021-09-05T01:50:02Z</time>
      </trkpt>
      <trkpt lat="47.4205" lon="-120.92342">
        <ele>1542.73</ele>
        <time>2021-09-05T01:50:05Z</time>
      </trkpt>
      <trkpt lat="47.42047" lon="-120.92345">
        <ele>1542.4</ele>
        <time>2021-09-05T01:50:08Z</time>
      </trkpt>
      <trkpt lat="47.42044" lon="-120.92347">
        <ele>1542.3</ele>
        <time>2021-09-05T01:50:12Z</time>
      </trkpt>
      <trkpt lat="47.42042" lon="-120.9235">
        <ele>1541.86</ele>
        <time>2021-09-05T01:50:15Z</time>
      </trkpt>
      <trkpt lat="47.4204" lon="-120.92353">
        <ele>1541.56</ele>
        <time>2021-09-05T01:50:18Z</time>
      </trkpt>
      <trkpt lat="47.42042" lon="-120.92357">
        <ele>1540.91</ele>
        <time>2021-09-05T01:50:22Z</time>
      </trkpt>
      <trkpt lat="47.42045" lon="-120.92359">
        <ele>1540.37</ele>
        <time>2021-09-05T01:50:26Z</time>
      </trkpt>
      <trkpt lat="47.42048" lon="-120.92361">
        <ele>1539.83</ele>
        <time>2021-09-05T01:50:30Z</time>
      </trkpt>
      <trkpt lat="47.42052" lon="-120.92363">
        <ele>1539.05</ele>
        <time>2021-09-05T01:50:34Z</time>
      </trkpt>
      <trkpt lat="47.42054" lon="-120.92365">
        <ele>1538.4</ele>
        <time>2021-09-05T01:50:37Z</time>
      </trkpt>
      <trkpt lat="47.42057" lon="-120.92367">
        <ele>1537.47</ele>
        <time>2021-09-05T01:50:40Z</time>
      </trkpt>
      <trkpt lat="47.4206" lon="-120.92369">
        <ele>1536.41</ele>
        <time>2021-09-05T01:50:43Z</time>
      </trkpt>
      <trkpt lat="47.42063" lon="-120.92371">
        <ele>1535.19</ele>
        <time>2021-09-05T01:50:46Z</time>
      </trkpt>
      <trkpt lat="47.42066" lon="-120.92371">
        <ele>1534.8</ele>
        <time>2021-09-05T01:50:50Z</time>
      </trkpt>
      <trkpt lat="47.42069" lon="-120.92371">
        <ele>1534.8</ele>
        <time>2021-09-05T01:50:55Z</time>
      </trkpt>
      <trkpt lat="47.42072" lon="-120.92371">
        <ele>1534.8</ele>
        <time>2021-09-05T01:50:58Z</time>
      </trkpt>
      <trkpt lat="47.42075" lon="-120.92372">
        <ele>1534.59</ele>
        <time>2021-09-05T01:51:02Z</time>
      </trkpt>
      <trkpt lat="47.42078" lon="-120.92375">
        <ele>1534.14</ele>
        <time>2021-09-05T01:51:05Z</time>
      </trkpt>
      <trkpt lat="47.42081" lon="-120.92377">
        <ele>1534.14</ele>
        <time>2021-09-05T01:51:08Z</time>
      </trkpt>
      <trkpt lat="47.42084" lon="-120.9238">
        <ele>1534.03</ele>
        <time>2021-09-05T01:51:13Z</time>
      </trkpt>
      <trkpt lat="47.42085" lon="-120.92384">
        <ele>1533.03</ele>
        <time>2021-09-05T01:51:19Z</time>
      </trkpt>
      <trkpt lat="47.42085" lon="-120.92388">
        <ele>1531.81</ele>
        <time>2021-09-05T01:51:24Z</time>
      </trkpt>
      <trkpt lat="47.42084" lon="-120.92393">
        <ele>1529.92</ele>
        <time>2021-09-05T01:51:30Z</time>
      </trkpt>
      <trkpt lat="47.42085" lon="-120.92398">
        <ele>1528.77</ele>
        <time>2021-09-05T01:51:35Z</time>
      </trkpt>
      <trkpt lat="47.42084" lon="-120.92402">
        <ele>1527.43</ele>
        <time>2021-09-05T01:51:41Z</time>
      </trkpt>
      <trkpt lat="47.42086" lon="-120.92407">
        <ele>1526.96</ele>
        <time>2021-09-05T01:51:45Z</time>
      </trkpt>
      <trkpt lat="47.42089" lon="-120.92409">
        <ele>1527.49</ele>
        <time>2021-09-05T01:51:49Z</time>
      </trkpt>
      <trkpt lat="47.42092" lon="-120.92411">
        <ele>1528.03</ele>
        <time>2021-09-05T01:51:53Z</time>
      </trkpt>
      <trkpt lat="47.42095" lon="-120.92414">
        <ele>1528.36</ele>
        <time>2021-09-05T01:51:56Z</time>
      </trkpt>
      <trkpt lat="47.42097" lon="-120.92418">
        <ele>1528.07</ele>
        <time>2021-09-05T01:51:59Z</time>
      </trkpt>
      <trkpt lat="47.421" lon="-120.92422">
        <ele>1527.79</ele>
        <time>2021-09-05T01:52:02Z</time>
      </trkpt>
      <trkpt lat="47.42101" lon="-120.92426">
        <ele>1526.8</ele>
        <time>2021-09-05T01:52:05Z</time>
      </trkpt>
      <trkpt lat="47.42103" lon="-120.9243">
        <ele>1526.44</ele>
        <time>2021-09-05T01:52:08Z</time>
      </trkpt>
      <trkpt lat="47.42105" lon="-120.92434">
        <ele>1525.98</ele>
        <time>2021-09-05T01:52:11Z</time>
      </trkpt>
      <trkpt lat="47.42106" lon="-120.92437">
        <ele>1525.5</ele>
        <time>2021-09-05T01:52:14Z</time>
      </trkpt>
      <trkpt lat="47.42108" lon="-120.92441">
        <ele>1525.07</ele>
        <time>2021-09-05T01:52:17Z</time>
      </trkpt>
      <trkpt lat="47.4211" lon="-120.92444">
        <ele>1524.86</ele>
        <time>2021-09-05T01:52:20Z</time>
      </trkpt>
      <trkpt lat="47.42113" lon="-120.92448">
        <ele>1524.44</ele>
        <time>2021-09-05T01:52:23Z</time>
      </trkpt>
      <trkpt lat="47.42114" lon="-120.92451">
        <ele>1523.9</ele>
        <time>2021-09-05T01:52:25Z</time>
      </trkpt>
      <trkpt lat="47.42117" lon="-120.92455">
        <ele>1523.45</ele>
        <time>2021-09-05T01:52:28Z</time>
      </trkpt>
      <trkpt lat="47.42119" lon="-120.92459">
        <ele>1523.2</ele>
        <time>2021-09-05T01:52:31Z</time>
      </trkpt>
      <trkpt lat="47.42122" lon="-120.92463">
        <ele>1523.17</ele>
        <time>2021-09-05T01:52:34Z</time>
      </trkpt>
      <trkpt lat="47.42124" lon="-120.92466">
        <ele>1522.74</ele>
        <time>2021-09-05T01:52:37Z</time>
      </trkpt>
      <trkpt lat="47.42127" lon="-120.92469">
        <ele>1522.41</ele>
        <time>2021-09-05T01:52:40Z</time>
      </trkpt>
      <trkpt lat="47.42129" lon="-120.92471">
        <ele>1522.2</ele>
        <time>2021-09-05T01:52:43Z</time>
      </trkpt>
      <trkpt lat="47.42132" lon="-120.92474">
        <ele>1521.87</ele>
        <time>2021-09-05T01:52:46Z</time>
      </trkpt>
      <trkpt lat="47.42135" lon="-120.92477">
        <ele>1521.55</ele>
        <time>2021-09-05T01:52:49Z</time>
      </trkpt>
      <trkpt lat="47.42138" lon="-120.9248">
        <ele>1521.22</ele>
        <time>2021-09-05T01:52:52Z</time>
      </trkpt>
      <trkpt lat="47.42141" lon="-120.92482">
        <ele>1520.89</ele>
        <time>2021-09-05T01:52:55Z</time>
      </trkpt>
      <trkpt lat="47.42144" lon="-120.92483">
        <ele>1520.67</ele>
        <time>2021-09-05T01:52:58Z</time>
      </trkpt>
      <trkpt lat="47.42147" lon="-120.92484">
        <ele>1520.46</ele>
        <time>2021-09-05T01:53:08Z</time>
      </trkpt>
      <trkpt lat="47.42148" lon="-120.92488">
        <ele>1519.59</ele>
        <time>2021-09-05T01:53:24Z</time>
      </trkpt>
      <trkpt lat="47.4215" lon="-120.92486">
        <ele>1520.22</ele>
        <time>2021-09-05T01:54:38Z</time>
      </trkpt>
      <trkpt lat="47.42154" lon="-120.92488">
        <ele>1520.22</ele>
        <time>2021-09-05T01:55:37Z</time>
      </trkpt>
      <trkpt lat="47.42156" lon="-120.9249">
        <ele>1520.01</ele>
        <time>2021-09-05T01:55:41Z</time>
      </trkpt>
      <trkpt lat="47.42159" lon="-120.92492">
        <ele>1519.56</ele>
        <time>2021-09-05T01:55:46Z</time>
      </trkpt>
      <trkpt lat="47.42162" lon="-120.92493">
        <ele>1519.02</ele>
        <time>2021-09-05T01:55:51Z</time>
      </trkpt>
      <trkpt lat="47.42165" lon="-120.92493">
        <ele>1518.69</ele>
        <time>2021-09-05T01:55:54Z</time>
      </trkpt>
      <trkpt lat="47.42168" lon="-120.92494">
        <ele>1518.15</ele>
        <time>2021-09-05T01:55:58Z</time>
      </trkpt>
      <trkpt lat="47.42171" lon="-120.92496">
        <ele>1517.4</ele>
        <time>2021-09-05T01:56:02Z</time>
      </trkpt>
      <trkpt lat="47.4217" lon="-120.925">
        <ele>1516.64</ele>
        <time>2021-09-05T01:56:06Z</time>
      </trkpt>
      <trkpt lat="47.42167" lon="-120.92502">
        <ele>1516.53</ele>
        <time>2021-09-05T01:56:09Z</time>
      </trkpt>
      <trkpt lat="47.42164" lon="-120.92505">
        <ele>1516.21</ele>
        <time>2021-09-05T01:56:13Z</time>
      </trkpt>
      <trkpt lat="47.42161" lon="-120.92508">
        <ele>1515.88</ele>
        <time>2021-09-05T01:56:17Z</time>
      </trkpt>
      <trkpt lat="47.42158" lon="-120.9251">
        <ele>1515.78</ele>
        <time>2021-09-05T01:56:20Z</time>
      </trkpt>
      <trkpt lat="47.42156" lon="-120.92513">
        <ele>1515.04</ele>
        <time>2021-09-05T01:56:23Z</time>
      </trkpt>
      <trkpt lat="47.42154" lon="-120.92516">
        <ele>1514.18</ele>
        <time>2021-09-05T01:56:26Z</time>
      </trkpt>
      <trkpt lat="47.4215" lon="-120.92519">
        <ele>1513.09</ele>
        <time>2021-09-05T01:56:29Z</time>
      </trkpt>
      <trkpt lat="47.42148" lon="-120.92521">
        <ele>1512.46</ele>
        <time>2021-09-05T01:56:32Z</time>
      </trkpt>
      <trkpt lat="47.42145" lon="-120.92523">
        <ele>1512.03</ele>
        <time>2021-09-05T01:56:35Z</time>
      </trkpt>
      <trkpt lat="47.42143" lon="-120.92526">
        <ele>1511.38</ele>
        <time>2021-09-05T01:56:38Z</time>
      </trkpt>
      <trkpt lat="47.4214" lon="-120.92527">
        <ele>1511.17</ele>
        <time>2021-09-05T01:56:41Z</time>
      </trkpt>
      <trkpt lat="47.42137" lon="-120.92527">
        <ele>1510.98</ele>
        <time>2021-09-05T01:56:45Z</time>
      </trkpt>
      <trkpt lat="47.42134" lon="-120.92525">
        <ele>1511.23</ele>
        <time>2021-09-05T01:56:49Z</time>
      </trkpt>
      <trkpt lat="47.42131" lon="-120.92524">
        <ele>1511.31</ele>
        <time>2021-09-05T01:56:52Z</time>
      </trkpt>
      <trkpt lat="47.42128" lon="-120.92524">
        <ele>1510.98</ele>
        <time>2021-09-05T01:56:55Z</time>
      </trkpt>
      <trkpt lat="47.42124" lon="-120.92523">
        <ele>1510.63</ele>
        <time>2021-09-05T01:56:58Z</time>
      </trkpt>
      <trkpt lat="47.42121" lon="-120.92523">
        <ele>1510.14</ele>
        <time>2021-09-05T01:57:01Z</time>
      </trkpt>
      <trkpt lat="47.42118" lon="-120.92524">
        <ele>1509.56</ele>
        <time>2021-09-05T01:57:04Z</time>
      </trkpt>
      <trkpt lat="47.42114" lon="-120.92524">
        <ele>1509.13</ele>
        <time>2021-09-05T01:57:07Z</time>
      </trkpt>
      <trkpt lat="47.42111" lon="-120.92525">
        <ele>1508.57</ele>
        <time>2021-09-05T01:57:10Z</time>
      </trkpt>
      <trkpt lat="47.42108" lon="-120.92526">
        <ele>1507.44</ele>
        <time>2021-09-05T01:57:13Z</time>
      </trkpt>
      <trkpt lat="47.42105" lon="-120.92527">
        <ele>1506.24</ele>
        <time>2021-09-05T01:57:16Z</time>
      </trkpt>
      <trkpt lat="47.42102" lon="-120.92525">
        <ele>1505.94</ele>
        <time>2021-09-05T01:57:19Z</time>
      </trkpt>
      <trkpt lat="47.421" lon="-120.92524">
        <ele>1505.62</ele>
        <time>2021-09-05T01:57:22Z</time>
      </trkpt>
      <trkpt lat="47.42097" lon="-120.92525">
        <ele>1504.33</ele>
        <time>2021-09-05T01:57:25Z</time>
      </trkpt>
      <trkpt lat="47.42097" lon="-120.9253">
        <ele>1503.07</ele>
        <time>2021-09-05T01:57:30Z</time>
      </trkpt>
      <trkpt lat="47.421" lon="-120.92532">
        <ele>1503.58</ele>
        <time>2021-09-05T01:57:33Z</time>
      </trkpt>
      <trkpt lat="47.42102" lon="-120.92536">
        <ele>1503.26</ele>
        <time>2021-09-05T01:57:37Z</time>
      </trkpt>
      <trkpt lat="47.42104" lon="-120.92541">
        <ele>1502.61</ele>
        <time>2021-09-05T01:57:40Z</time>
      </trkpt>
      <trkpt lat="47.42106" lon="-120.92544">
        <ele>1502.39</ele>
        <time>2021-09-05T01:57:43Z</time>
      </trkpt>
      <trkpt lat="47.42108" lon="-120.92546">
        <ele>1502.39</ele>
        <time>2021-09-05T01:57:45Z</time>
      </trkpt>
      <trkpt lat="47.42112" lon="-120.92549">
        <ele>1502.51</ele>
        <time>2021-09-05T01:57:48Z</time>
      </trkpt>
      <trkpt lat="47.42115" lon="-120.92551">
        <ele>1502.4</ele>
        <time>2021-09-05T01:57:51Z</time>
      </trkpt>
      <trkpt lat="47.42118" lon="-120.92554">
        <ele>1502.08</ele>
        <time>2021-09-05T01:57:54Z</time>
      </trkpt>
      <trkpt lat="47.4212" lon="-120.92558">
        <ele>1501.17</ele>
        <time>2021-09-05T01:57:57Z</time>
      </trkpt>
      <trkpt lat="47.42122" lon="-120.92563">
        <ele>1499.59</ele>
        <time>2021-09-05T01:58:00Z</time>
      </trkpt>
      <trkpt lat="47.42124" lon="-120.92567">
        <ele>1498.29</ele>
        <time>2021-09-05T01:58:04Z</time>
      </trkpt>
      <trkpt lat="47.42127" lon="-120.9257">
        <ele>1497.32</ele>
        <time>2021-09-05T01:58:07Z</time>
      </trkpt>
      <trkpt lat="47.42129" lon="-120.92573">
        <ele>1496.35</ele>
        <time>2021-09-05T01:58:10Z</time>
      </trkpt>
      <trkpt lat="47.42131" lon="-120.92576">
        <ele>1495.41</ele>
        <time>2021-09-05T01:58:13Z</time>
      </trkpt>
      <trkpt lat="47.42134" lon="-120.92578">
        <ele>1494.48</ele>
        <time>2021-09-05T01:58:16Z</time>
      </trkpt>
      <trkpt lat="47.42137" lon="-120.92581">
        <ele>1493.11</ele>
        <time>2021-09-05T01:58:19Z</time>
      </trkpt>
      <trkpt lat="47.4214" lon="-120.92583">
        <ele>1491.99</ele>
        <time>2021-09-05T01:58:22Z</time>
      </trkpt>
      <trkpt lat="47.42142" lon="-120.92586">
        <ele>1490.99</ele>
        <time>2021-09-05T01:58:27Z</time>
      </trkpt>
      <trkpt lat="47.42145" lon="-120.92588">
        <ele>1490.0</ele>
        <time>2021-09-05T01:58:32Z</time>
      </trkpt>
      <trkpt lat="47.42147" lon="-120.9259">
        <ele>1489.05</ele>
        <time>2021-09-05T01:58:35Z</time>
      </trkpt>
      <trkpt lat="47.4215" lon="-120.92594">
        <ele>1488.02</ele>
        <time>2021-09-05T01:58:42Z</time>
      </trkpt>
      <trkpt lat="47.42152" lon="-120.92596">
        <ele>1487.89</ele>
        <time>2021-09-05T01:58:44Z</time>
      </trkpt>
      <trkpt lat="47.42156" lon="-120.92597">
        <ele>1487.97</ele>
        <time>2021-09-05T01:58:47Z</time>
      </trkpt>
      <trkpt lat="47.42159" lon="-120.92598">
        <ele>1487.9</ele>
        <time>2021-09-05T01:58:50Z</time>
      </trkpt>
      <trkpt lat="47.42162" lon="-120.92598">
        <ele>1488.04</ele>
        <time>2021-09-05T01:59:09Z</time>
      </trkpt>
      <trkpt lat="47.42165" lon="-120.92597">
        <ele>1488.48</ele>
        <time>2021-09-05T01:59:22Z</time>
      </trkpt>
      <trkpt lat="47.42167" lon="-120.92599">
        <ele>1487.95</ele>
        <time>2021-09-05T01:59:36Z</time>
      </trkpt>
      <trkpt lat="47.42163" lon="-120.92597">
        <ele>1488.36</ele>
        <time>2021-09-05T01:59:46Z</time>
      </trkpt>
      <trkpt lat="47.42159" lon="-120.92597">
        <ele>1488.14</ele>
        <time>2021-09-05T01:59:48Z</time>
      </trkpt>
      <trkpt lat="47.42156" lon="-120.92597">
        <ele>1487.97</ele>
        <time>2021-09-05T01:59:51Z</time>
      </trkpt>
      <trkpt lat="47.42152" lon="-120.92597">
        <ele>1487.74</ele>
        <time>2021-09-05T01:59:54Z</time>
      </trkpt>
      <trkpt lat="47.42149" lon="-120.926">
        <ele>1487.22</ele>
        <time>2021-09-05T01:59:58Z</time>
      </trkpt>
      <trkpt lat="47.42147" lon="-120.92601">
        <ele>1487.23</ele>
        <time>2021-09-05T02:00:01Z</time>
      </trkpt>
      <trkpt lat="47.42143" lon="-120.92601">
        <ele>1487.7</ele>
        <time>2021-09-05T02:00:05Z</time>
      </trkpt>
      <trkpt lat="47.4214" lon="-120.92602">
        <ele>1487.85</ele>
        <time>2021-09-05T02:00:09Z</time>
      </trkpt>
      <trkpt lat="47.42136" lon="-120.92603">
        <ele>1488.06</ele>
        <time>2021-09-05T02:00:14Z</time>
      </trkpt>
      <trkpt lat="47.42133" lon="-120.92605">
        <ele>1487.96</ele>
        <time>2021-09-05T02:00:17Z</time>
      </trkpt>
      <trkpt lat="47.4213" lon="-120.92608">
        <ele>1487.63</ele>
        <time>2021-09-05T02:00:21Z</time>
      </trkpt>
      <trkpt lat="47.42128" lon="-120.92611">
        <ele>1487.02</ele>
        <time>2021-09-05T02:00:25Z</time>
      </trkpt>
      <trkpt lat="47.42125" lon="-120.92612">
        <ele>1486.71</ele>
        <time>2021-09-05T02:00:28Z</time>
      </trkpt>
      <trkpt lat="47.42122" lon="-120.92612">
        <ele>1486.71</ele>
        <time>2021-09-05T02:00:32Z</time>
      </trkpt>
      <trkpt lat="47.4212" lon="-120.92609">
        <ele>1487.42</ele>
        <time>2021-09-05T02:00:43Z</time>
      </trkpt>
      <trkpt lat="47.42118" lon="-120.92606">
        <ele>1487.85</ele>
        <time>2021-09-05T02:00:56Z</time>
      </trkpt>
      <trkpt lat="47.42116" lon="-120.9261">
        <ele>1486.77</ele>
        <time>2021-09-05T02:01:03Z</time>
      </trkpt>
      <trkpt lat="47.42114" lon="-120.92613">
        <ele>1485.84</ele>
        <time>2021-09-05T02:01:06Z</time>
      </trkpt>
      <trkpt lat="47.42112" lon="-120.92616">
        <ele>1484.99</ele>
        <time>2021-09-05T02:01:09Z</time>
      </trkpt>
      <trkpt lat="47.42114" lon="-120.9262">
        <ele>1484.09</ele>
        <time>2021-09-05T02:01:22Z</time>
      </trkpt>
      <trkpt lat="47.42117" lon="-120.9262">
        <ele>1484.11</ele>
        <time>2021-09-05T02:01:26Z</time>
      </trkpt>
      <trkpt lat="47.42115" lon="-120.92616">
        <ele>1485.14</ele>
        <time>2021-09-05T02:01:58Z</time>
      </trkpt>
      <trkpt lat="47.42114" lon="-120.92621">
        <ele>1483.8</ele>
        <time>2021-09-05T02:02:08Z</time>
      </trkpt>
      <trkpt lat="47.42115" lon="-120.92625">
        <ele>1482.5</ele>
        <time>2021-09-05T02:02:10Z</time>
      </trkpt>
      <trkpt lat="47.42116" lon="-120.92629">
        <ele>1481.2</ele>
        <time>2021-09-05T02:02:12Z</time>
      </trkpt>
      <trkpt lat="47.42119" lon="-120.92632">
        <ele>1480.49</ele>
        <time>2021-09-05T02:02:15Z</time>
      </trkpt>
      <trkpt lat="47.42122" lon="-120.92634">
        <ele>1480.15</ele>
        <time>2021-09-05T02:02:18Z</time>
      </trkpt>
      <trkpt lat="47.42125" lon="-120.92636">
        <ele>1479.78</ele>
        <time>2021-09-05T02:02:21Z</time>
      </trkpt>
      <trkpt lat="47.42129" lon="-120.92637">
        <ele>1479.6</ele>
        <time>2021-09-05T02:02:24Z</time>
      </trkpt>
      <trkpt lat="47.42131" lon="-120.92637">
        <ele>1479.73</ele>
        <time>2021-09-05T02:02:26Z</time>
      </trkpt>
      <trkpt lat="47.42135" lon="-120.92639">
        <ele>1479.56</ele>
        <time>2021-09-05T02:02:29Z</time>
      </trkpt>
      <trkpt lat="47.42138" lon="-120.92641">
        <ele>1479.45</ele>
        <time>2021-09-05T02:02:32Z</time>
      </trkpt>
      <trkpt lat="47.4214" lon="-120.92642">
        <ele>1479.33</ele>
        <time>2021-09-05T02:02:35Z</time>
      </trkpt>
      <trkpt lat="47.42143" lon="-120.92644">
        <ele>1478.9</ele>
        <time>2021-09-05T02:02:37Z</time>
      </trkpt>
      <trkpt lat="47.42146" lon="-120.92645">
        <ele>1478.68</ele>
        <time>2021-09-05T02:02:40Z</time>
      </trkpt>
      <trkpt lat="47.42149" lon="-120.92646">
        <ele>1478.53</ele>
        <time>2021-09-05T02:02:42Z</time>
      </trkpt>
      <trkpt lat="47.42151" lon="-120.92649">
        <ele>1478.19</ele>
        <time>2021-09-05T02:02:46Z</time>
      </trkpt>
      <trkpt lat="47.42149" lon="-120.92653">
        <ele>1477.52</ele>
        <time>2021-09-05T02:02:50Z</time>
      </trkpt>
      <trkpt lat="47.42146" lon="-120.92655">
        <ele>1477.09</ele>
        <time>2021-09-05T02:02:53Z</time>
      </trkpt>
      <trkpt lat="47.42143" lon="-120.92658">
        <ele>1476.35</ele>
        <time>2021-09-05T02:02:57Z</time>
      </trkpt>
      <trkpt lat="47.4214" lon="-120.92661">
        <ele>1475.69</ele>
        <time>2021-09-05T02:03:01Z</time>
      </trkpt>
      <trkpt lat="47.42138" lon="-120.92663">
        <ele>1475.3</ele>
        <time>2021-09-05T02:03:04Z</time>
      </trkpt>
      <trkpt lat="47.42135" lon="-120.92666">
        <ele>1474.65</ele>
        <time>2021-09-05T02:03:06Z</time>
      </trkpt>
      <trkpt lat="47.42132" lon="-120.9267">
        <ele>1473.8</ele>
        <time>2021-09-05T02:03:09Z</time>
      </trkpt>
      <trkpt lat="47.42129" lon="-120.92673">
        <ele>1473.32</ele>
        <time>2021-09-05T02:03:12Z</time>
      </trkpt>
      <trkpt lat="47.42127" lon="-120.92676">
        <ele>1472.99</ele>
        <time>2021-09-05T02:03:14Z</time>
      </trkpt>
      <trkpt lat="47.42124" lon="-120.92679">
        <ele>1472.54</ele>
        <time>2021-09-05T02:03:17Z</time>
      </trkpt>
      <trkpt lat="47.42121" lon="-120.92681">
        <ele>1472.41</ele>
        <time>2021-09-05T02:03:21Z</time>
      </trkpt>
      <trkpt lat="47.42119" lon="-120.92684">
        <ele>1472.28</ele>
        <time>2021-09-05T02:03:25Z</time>
      </trkpt>
      <trkpt lat="47.4212" lon="-120.92688">
        <ele>1471.43</ele>
        <time>2021-09-05T02:03:28Z</time>
      </trkpt>
      <trkpt lat="47.42122" lon="-120.92691">
        <ele>1470.57</ele>
        <time>2021-09-05T02:03:31Z</time>
      </trkpt>
      <trkpt lat="47.42125" lon="-120.92694">
        <ele>1469.6</ele>
        <time>2021-09-05T02:03:34Z</time>
      </trkpt>
      <trkpt lat="47.42127" lon="-120.92695">
        <ele>1469.22</ele>
        <time>2021-09-05T02:03:37Z</time>
      </trkpt>
      <trkpt lat="47.4213" lon="-120.92697">
        <ele>1468.67</ele>
        <time>2021-09-05T02:03:40Z</time>
      </trkpt>
      <trkpt lat="47.42132" lon="-120.927">
        <ele>1467.99</ele>
        <time>2021-09-05T02:03:44Z</time>
      </trkpt>
      <trkpt lat="47.42135" lon="-120.92704">
        <ele>1466.79</ele>
        <time>2021-09-05T02:03:48Z</time>
      </trkpt>
      <trkpt lat="47.42137" lon="-120.92708">
        <ele>1465.57</ele>
        <time>2021-09-05T02:03:52Z</time>
      </trkpt>
      <trkpt lat="47.42139" lon="-120.92711">
        <ele>1464.41</ele>
        <time>2021-09-05T02:03:54Z</time>
      </trkpt>
      <trkpt lat="47.42142" lon="-120.92713">
        <ele>1463.66</ele>
        <time>2021-09-05T02:03:57Z</time>
      </trkpt>
      <trkpt lat="47.42144" lon="-120.92716">
        <ele>1462.94</ele>
        <time>2021-09-05T02:04:01Z</time>
      </trkpt>
      <trkpt lat="47.42147" lon="-120.92717">
        <ele>1462.31</ele>
        <time>2021-09-05T02:04:05Z</time>
      </trkpt>
      <trkpt lat="47.4215" lon="-120.92719">
        <ele>1461.64</ele>
        <time>2021-09-05T02:04:09Z</time>
      </trkpt>
      <trkpt lat="47.42153" lon="-120.9272">
        <ele>1461.21</ele>
        <time>2021-09-05T02:04:13Z</time>
      </trkpt>
      <trkpt lat="47.42156" lon="-120.92721">
        <ele>1460.64</ele>
        <time>2021-09-05T02:04:16Z</time>
      </trkpt>
      <trkpt lat="47.42158" lon="-120.92723">
        <ele>1459.64</ele>
        <time>2021-09-05T02:04:19Z</time>
      </trkpt>
      <trkpt lat="47.42161" lon="-120.92725">
        <ele>1458.89</ele>
        <time>2021-09-05T02:04:22Z</time>
      </trkpt>
      <trkpt lat="47.42164" lon="-120.92726">
        <ele>1458.67</ele>
        <time>2021-09-05T02:04:26Z</time>
      </trkpt>
      <trkpt lat="47.42168" lon="-120.92726">
        <ele>1459.02</ele>
        <time>2021-09-05T02:04:29Z</time>
      </trkpt>
      <trkpt lat="47.42171" lon="-120.92726">
        <ele>1459.15</ele>
        <time>2021-09-05T02:04:32Z</time>
      </trkpt>
      <trkpt lat="47.42174" lon="-120.92725">
        <ele>1459.74</ele>
        <time>2021-09-05T02:04:35Z</time>
      </trkpt>
      <trkpt lat="47.42177" lon="-120.92724">
        <ele>1460.23</ele>
        <time>2021-09-05T02:04:38Z</time>
      </trkpt>
      <trkpt lat="47.42181" lon="-120.92724">
        <ele>1460.23</ele>
        <time>2021-09-05T02:04:41Z</time>
      </trkpt>
      <trkpt lat="47.42184" lon="-120.92722">
        <ele>1461.08</ele>
        <time>2021-09-05T02:04:44Z</time>
      </trkpt>
      <trkpt lat="47.42187" lon="-120.9272">
        <ele>1461.48</ele>
        <time>2021-09-05T02:04:47Z</time>
      </trkpt>
      <trkpt lat="47.42189" lon="-120.92718">
        <ele>1461.77</ele>
        <time>2021-09-05T02:04:50Z</time>
      </trkpt>
      <trkpt lat="47.42193" lon="-120.92717">
        <ele>1461.37</ele>
        <time>2021-09-05T02:04:54Z</time>
      </trkpt>
      <trkpt lat="47.42196" lon="-120.92717">
        <ele>1460.79</ele>
        <time>2021-09-05T02:04:57Z</time>
      </trkpt>
      <trkpt lat="47.42199" lon="-120.92716">
        <ele>1460.36</ele>
        <time>2021-09-05T02:05:00Z</time>
      </trkpt>
      <trkpt lat="47.42202" lon="-120.92716">
        <ele>1459.71</ele>
        <time>2021-09-05T02:05:02Z</time>
      </trkpt>
      <trkpt lat="47.42206" lon="-120.92716">
        <ele>1459.1</ele>
        <time>2021-09-05T02:05:05Z</time>
      </trkpt>
      <trkpt lat="47.42209" lon="-120.92717">
        <ele>1458.56</ele>
        <time>2021-09-05T02:05:08Z</time>
      </trkpt>
      <trkpt lat="47.42213" lon="-120.92717">
        <ele>1458.12</ele>
        <time>2021-09-05T02:05:11Z</time>
      </trkpt>
      <trkpt lat="47.42216" lon="-120.92717">
        <ele>1457.29</ele>
        <time>2021-09-05T02:05:14Z</time>
      </trkpt>
      <trkpt lat="47.42218" lon="-120.92718">
        <ele>1456.58</ele>
        <time>2021-09-05T02:05:17Z</time>
      </trkpt>
      <trkpt lat="47.42221" lon="-120.92719">
        <ele>1455.66</ele>
        <time>2021-09-05T02:05:20Z</time>
      </trkpt>
      <trkpt lat="47.42224" lon="-120.92719">
        <ele>1454.84</ele>
        <time>2021-09-05T02:05:23Z</time>
      </trkpt>
      <trkpt lat="47.42228" lon="-120.9272">
        <ele>1453.52</ele>
        <time>2021-09-05T02:05:27Z</time>
      </trkpt>
      <trkpt lat="47.42231" lon="-120.92718">
        <ele>1453.04</ele>
        <time>2021-09-05T02:05:31Z</time>
      </trkpt>
      <trkpt lat="47.42234" lon="-120.92717">
        <ele>1452.31</ele>
        <time>2021-09-05T02:05:35Z</time>
      </trkpt>
      <trkpt lat="47.42233" lon="-120.92722">
        <ele>1451.56</ele>
        <time>2021-09-05T02:05:40Z</time>
      </trkpt>
      <trkpt lat="47.42232" lon="-120.92726">
        <ele>1451.42</ele>
        <time>2021-09-05T02:05:43Z</time>
      </trkpt>
      <trkpt lat="47.4223" lon="-120.92728">
        <ele>1451.86</ele>
        <time>2021-09-05T02:05:46Z</time>
      </trkpt>
      <trkpt lat="47.42227" lon="-120.92732">
        <ele>1452.34</ele>
        <time>2021-09-05T02:05:50Z</time>
      </trkpt>
      <trkpt lat="47.42225" lon="-120.92735">
        <ele>1452.34</ele>
        <time>2021-09-05T02:05:53Z</time>
      </trkpt>
      <trkpt lat="47.42224" lon="-120.92739">
        <ele>1451.8</ele>
        <time>2021-09-05T02:05:57Z</time>
      </trkpt>
      <trkpt lat="47.42222" lon="-120.92743">
        <ele>1451.56</ele>
        <time>2021-09-05T02:06:00Z</time>
      </trkpt>
      <trkpt lat="47.42219" lon="-120.92746">
        <ele>1451.56</ele>
        <time>2021-09-05T02:06:03Z</time>
      </trkpt>
      <trkpt lat="47.42217" lon="-120.92749">
        <ele>1451.34</ele>
        <time>2021-09-05T02:06:06Z</time>
      </trkpt>
      <trkpt lat="47.42216" lon="-120.92752">
        <ele>1450.77</ele>
        <time>2021-09-05T02:06:09Z</time>
      </trkpt>
      <trkpt lat="47.42214" lon="-120.92757">
        <ele>1449.59</ele>
        <time>2021-09-05T02:06:13Z</time>
      </trkpt>
      <trkpt lat="47.42213" lon="-120.92761">
        <ele>1448.43</ele>
        <time>2021-09-05T02:06:16Z</time>
      </trkpt>
      <trkpt lat="47.42211" lon="-120.92765">
        <ele>1447.22</ele>
        <time>2021-09-05T02:06:20Z</time>
      </trkpt>
      <trkpt lat="47.42211" lon="-120.9277">
        <ele>1445.49</ele>
        <time>2021-09-05T02:06:24Z</time>
      </trkpt>
      <trkpt lat="47.42214" lon="-120.92772">
        <ele>1444.8</ele>
        <time>2021-09-05T02:06:27Z</time>
      </trkpt>
      <trkpt lat="47.42217" lon="-120.92774">
        <ele>1444.05</ele>
        <time>2021-09-05T02:06:30Z</time>
      </trkpt>
      <trkpt lat="47.4222" lon="-120.92774">
        <ele>1443.91</ele>
        <time>2021-09-05T02:06:34Z</time>
      </trkpt>
      <trkpt lat="47.42224" lon="-120.92772">
        <ele>1444.06</ele>
        <time>2021-09-05T02:06:38Z</time>
      </trkpt>
      <trkpt lat="47.42226" lon="-120.92772">
        <ele>1443.84</ele>
        <time>2021-09-05T02:06:40Z</time>
      </trkpt>
      <trkpt lat="47.42229" lon="-120.92771">
        <ele>1443.73</ele>
        <time>2021-09-05T02:06:42Z</time>
      </trkpt>
      <trkpt lat="47.42232" lon="-120.92771">
        <ele>1443.35</ele>
        <time>2021-09-05T02:06:45Z</time>
      </trkpt>
      <trkpt lat="47.42236" lon="-120.9277">
        <ele>1442.7</ele>
        <time>2021-09-05T02:06:49Z</time>
      </trkpt>
      <trkpt lat="47.42239" lon="-120.92769">
        <ele>1442.27</ele>
        <time>2021-09-05T02:06:52Z</time>
      </trkpt>
      <trkpt lat="47.42242" lon="-120.92769">
        <ele>1441.49</ele>
        <time>2021-09-05T02:06:55Z</time>
      </trkpt>
      <trkpt lat="47.42246" lon="-120.92769">
        <ele>1440.19</ele>
        <time>2021-09-05T02:06:58Z</time>
      </trkpt>
      <trkpt lat="47.42249" lon="-120.92769">
        <ele>1439.22</ele>
        <time>2021-09-05T02:07:01Z</time>
      </trkpt>
      <trkpt lat="47.42251" lon="-120.92768">
        <ele>1438.52</ele>
        <time>2021-09-05T02:07:04Z</time>
      </trkpt>
      <trkpt lat="47.42255" lon="-120.92768">
        <ele>1436.39</ele>
        <time>2021-09-05T02:07:08Z</time>
      </trkpt>
      <trkpt lat="47.42258" lon="-120.92767">
        <ele>1434.99</ele>
        <time>2021-09-05T02:07:12Z</time>
      </trkpt>
      <trkpt lat="47.42261" lon="-120.92765">
        <ele>1433.94</ele>
        <time>2021-09-05T02:07:15Z</time>
      </trkpt>
      <trkpt lat="47.42261" lon="-120.9277">
        <ele>1433.09</ele>
        <time>2021-09-05T02:07:20Z</time>
      </trkpt>
      <trkpt lat="47.4226" lon="-120.92774">
        <ele>1433.09</ele>
        <time>2021-09-05T02:07:24Z</time>
      </trkpt>
      <trkpt lat="47.42258" lon="-120.92778">
        <ele>1433.5</ele>
        <time>2021-09-05T02:07:28Z</time>
      </trkpt>
      <trkpt lat="47.42256" lon="-120.92783">
        <ele>1433.28</ele>
        <time>2021-09-05T02:07:31Z</time>
      </trkpt>
      <trkpt lat="47.42255" lon="-120.92787">
        <ele>1432.85</ele>
        <time>2021-09-05T02:07:34Z</time>
      </trkpt>
      <trkpt lat="47.42255" lon="-120.92792">
        <ele>1432.06</ele>
        <time>2021-09-05T02:07:37Z</time>
      </trkpt>
      <trkpt lat="47.42255" lon="-120.92797">
        <ele>1431.23</ele>
        <time>2021-09-05T02:07:40Z</time>
      </trkpt>
      <trkpt lat="47.42254" lon="-120.92802">
        <ele>1430.47</ele>
        <time>2021-09-05T02:07:43Z</time>
      </trkpt>
      <trkpt lat="47.42254" lon="-120.92807">
        <ele>1429.39</ele>
        <time>2021-09-05T02:07:46Z</time>
      </trkpt>
      <trkpt lat="47.42253" lon="-120.92813">
        <ele>1428.42</ele>
        <time>2021-09-05T02:07:49Z</time>
      </trkpt>
      <trkpt lat="47.42251" lon="-120.92817">
        <ele>1428.44</ele>
        <time>2021-09-05T02:07:53Z</time>
      </trkpt>
      <trkpt lat="47.42251" lon="-120.92823">
        <ele>1427.79</ele>
        <time>2021-09-05T02:07:56Z</time>
      </trkpt>
      <trkpt lat="47.42253" lon="-120.92827">
        <ele>1426.4</ele>
        <time>2021-09-05T02:07:59Z</time>
      </trkpt>
      <trkpt lat="47.42255" lon="-120.92831">
        <ele>1424.88</ele>
        <time>2021-09-05T02:08:03Z</time>
      </trkpt>
      <trkpt lat="47.42253" lon="-120.92834">
        <ele>1424.91</ele>
        <time>2021-09-05T02:08:09Z</time>
      </trkpt>
      <trkpt lat="47.4225" lon="-120.92838">
        <ele>1424.99</ele>
        <time>2021-09-05T02:08:13Z</time>
      </trkpt>
      <trkpt lat="47.42247" lon="-120.92839">
        <ele>1425.42</ele>
        <time>2021-09-05T02:08:16Z</time>
      </trkpt>
      <trkpt lat="47.42244" lon="-120.92839">
        <ele>1426.07</ele>
        <time>2021-09-05T02:08:20Z</time>
      </trkpt>
      <trkpt lat="47.42241" lon="-120.92838">
        <ele>1426.94</ele>
        <time>2021-09-05T02:08:25Z</time>
      </trkpt>
      <trkpt lat="47.42237" lon="-120.92839">
        <ele>1426.93</ele>
        <time>2021-09-05T02:08:28Z</time>
      </trkpt>
      <trkpt lat="47.42233" lon="-120.9284">
        <ele>1426.79</ele>
        <time>2021-09-05T02:08:31Z</time>
      </trkpt>
      <trkpt lat="47.4223" lon="-120.92842">
        <ele>1426.03</ele>
        <time>2021-09-05T02:08:34Z</time>
      </trkpt>
      <trkpt lat="47.42228" lon="-120.92844">
        <ele>1425.26</ele>
        <time>2021-09-05T02:08:36Z</time>
      </trkpt>
      <trkpt lat="47.42225" lon="-120.92847">
        <ele>1424.01</ele>
        <time>2021-09-05T02:08:39Z</time>
      </trkpt>
      <trkpt lat="47.42223" lon="-120.9285">
        <ele>1422.75</ele>
        <time>2021-09-05T02:08:43Z</time>
      </trkpt>
      <trkpt lat="47.42221" lon="-120.92853">
        <ele>1421.46</ele>
        <time>2021-09-05T02:08:46Z</time>
      </trkpt>
      <trkpt lat="47.42219" lon="-120.92857">
        <ele>1419.81</ele>
        <time>2021-09-05T02:08:49Z</time>
      </trkpt>
      <trkpt lat="47.42218" lon="-120.92861">
        <ele>1418.21</ele>
        <time>2021-09-05T02:08:52Z</time>
      </trkpt>
      <trkpt lat="47.4222" lon="-120.92865">
        <ele>1417.68</ele>
        <time>2021-09-05T02:08:55Z</time>
      </trkpt>
      <trkpt lat="47.42222" lon="-120.92868">
        <ele>1417.65</ele>
        <time>2021-09-05T02:08:58Z</time>
      </trkpt>
      <trkpt lat="47.42225" lon="-120.92871">
        <ele>1416.98</ele>
        <time>2021-09-05T02:09:01Z</time>
      </trkpt>
      <trkpt lat="47.42228" lon="-120.92872">
        <ele>1416.85</ele>
        <time>2021-09-05T02:09:05Z</time>
      </trkpt>
      <trkpt lat="47.42231" lon="-120.92872">
        <ele>1417.23</ele>
        <time>2021-09-05T02:09:08Z</time>
      </trkpt>
      <trkpt lat="47.42234" lon="-120.92872">
        <ele>1417.39</ele>
        <time>2021-09-05T02:09:10Z</time>
      </trkpt>
      <trkpt lat="47.42237" lon="-120.92875">
        <ele>1416.6</ele>
        <time>2021-09-05T02:09:13Z</time>
      </trkpt>
      <trkpt lat="47.4224" lon="-120.92879">
        <ele>1415.99</ele>
        <time>2021-09-05T02:09:16Z</time>
      </trkpt>
      <trkpt lat="47.42243" lon="-120.9288">
        <ele>1415.65</ele>
        <time>2021-09-05T02:09:19Z</time>
      </trkpt>
      <trkpt lat="47.42246" lon="-120.92882">
        <ele>1414.81</ele>
        <time>2021-09-05T02:09:22Z</time>
      </trkpt>
      <trkpt lat="47.42249" lon="-120.92883">
        <ele>1414.34</ele>
        <time>2021-09-05T02:09:26Z</time>
      </trkpt>
      <trkpt lat="47.42252" lon="-120.92886">
        <ele>1413.48</ele>
        <time>2021-09-05T02:09:31Z</time>
      </trkpt>
      <trkpt lat="47.42254" lon="-120.92889">
        <ele>1412.53</ele>
        <time>2021-09-05T02:09:35Z</time>
      </trkpt>
      <trkpt lat="47.42256" lon="-120.92893">
        <ele>1411.15</ele>
        <time>2021-09-05T02:09:39Z</time>
      </trkpt>
      <trkpt lat="47.42257" lon="-120.92898">
        <ele>1409.8</ele>
        <time>2021-09-05T02:09:43Z</time>
      </trkpt>
      <trkpt lat="47.42259" lon="-120.92902">
        <ele>1408.72</ele>
        <time>2021-09-05T02:09:46Z</time>
      </trkpt>
      <trkpt lat="47.42261" lon="-120.92905">
        <ele>1407.78</ele>
        <time>2021-09-05T02:09:49Z</time>
      </trkpt>
      <trkpt lat="47.42263" lon="-120.92909">
        <ele>1406.55</ele>
        <time>2021-09-05T02:09:53Z</time>
      </trkpt>
      <trkpt lat="47.42264" lon="-120.92913">
        <ele>1405.5</ele>
        <time>2021-09-05T02:09:56Z</time>
      </trkpt>
      <trkpt lat="47.42266" lon="-120.92917">
        <ele>1404.62</ele>
        <time>2021-09-05T02:10:00Z</time>
      </trkpt>
      <trkpt lat="47.42268" lon="-120.9292">
        <ele>1403.86</ele>
        <time>2021-09-05T02:10:04Z</time>
      </trkpt>
      <trkpt lat="47.42271" lon="-120.92924">
        <ele>1402.89</ele>
        <time>2021-09-05T02:10:08Z</time>
      </trkpt>
      <trkpt lat="47.42274" lon="-120.92928">
        <ele>1402.01</ele>
        <time>2021-09-05T02:10:11Z</time>
      </trkpt>
      <trkpt lat="47.42276" lon="-120.92931">
        <ele>1401.27</ele>
        <time>2021-09-05T02:10:14Z</time>
      </trkpt>
      <trkpt lat="47.42278" lon="-120.92934">
        <ele>1400.31</ele>
        <time>2021-09-05T02:10:17Z</time>
      </trkpt>
      <trkpt lat="47.42281" lon="-120.92937">
        <ele>1398.37</ele>
        <time>2021-09-05T02:10:20Z</time>
      </trkpt>
      <trkpt lat="47.42284" lon="-120.92939">
        <ele>1396.75</ele>
        <time>2021-09-05T02:10:23Z</time>
      </trkpt>
      <trkpt lat="47.42286" lon="-120.9294">
        <ele>1395.78</ele>
        <time>2021-09-05T02:10:26Z</time>
      </trkpt>
      <trkpt lat="47.42289" lon="-120.92942">
        <ele>1393.25</ele>
        <time>2021-09-05T02:10:30Z</time>
      </trkpt>
      <trkpt lat="47.4229" lon="-120.92946">
        <ele>1391.42</ele>
        <time>2021-09-05T02:10:37Z</time>
      </trkpt>
      <trkpt lat="47.42288" lon="-120.92949">
        <ele>1392.29</ele>
        <time>2021-09-05T02:10:40Z</time>
      </trkpt>
      <trkpt lat="47.42285" lon="-120.92952">
        <ele>1393.03</ele>
        <time>2021-09-05T02:10:43Z</time>
      </trkpt>
      <trkpt lat="47.42282" lon="-120.92955">
        <ele>1393.35</ele>
        <time>2021-09-05T02:10:46Z</time>
      </trkpt>
      <trkpt lat="47.4228" lon="-120.92956">
        <ele>1393.78</ele>
        <time>2021-09-05T02:10:50Z</time>
      </trkpt>
      <trkpt lat="47.42276" lon="-120.92958">
        <ele>1394.07</ele>
        <time>2021-09-05T02:10:54Z</time>
      </trkpt>
      <trkpt lat="47.42274" lon="-120.92958">
        <ele>1394.07</ele>
        <time>2021-09-05T02:10:57Z</time>
      </trkpt>
      <trkpt lat="47.42271" lon="-120.9296">
        <ele>1393.64</ele>
        <time>2021-09-05T02:11:00Z</time>
      </trkpt>
      <trkpt lat="47.42268" lon="-120.92961">
        <ele>1393.37</ele>
        <time>2021-09-05T02:11:03Z</time>
      </trkpt>
      <trkpt lat="47.42265" lon="-120.92964">
        <ele>1392.28</ele>
        <time>2021-09-05T02:11:07Z</time>
      </trkpt>
      <trkpt lat="47.42262" lon="-120.92967">
        <ele>1390.99</ele>
        <time>2021-09-05T02:11:09Z</time>
      </trkpt>
      <trkpt lat="47.4226" lon="-120.9297">
        <ele>1389.8</ele>
        <time>2021-09-05T02:11:11Z</time>
      </trkpt>
      <trkpt lat="47.42257" lon="-120.92973">
        <ele>1388.57</ele>
        <time>2021-09-05T02:11:13Z</time>
      </trkpt>
      <trkpt lat="47.42254" lon="-120.92976">
        <ele>1387.38</ele>
        <time>2021-09-05T02:11:16Z</time>
      </trkpt>
      <trkpt lat="47.42252" lon="-120.92979">
        <ele>1386.18</ele>
        <time>2021-09-05T02:11:19Z</time>
      </trkpt>
      <trkpt lat="47.42253" lon="-120.92983">
        <ele>1385.27</ele>
        <time>2021-09-05T02:11:25Z</time>
      </trkpt>
      <trkpt lat="47.42256" lon="-120.92986">
        <ele>1385.0</ele>
        <time>2021-09-05T02:11:29Z</time>
      </trkpt>
      <trkpt lat="47.42259" lon="-120.92989">
        <ele>1384.53</ele>
        <time>2021-09-05T02:11:33Z</time>
      </trkpt>
      <trkpt lat="47.42262" lon="-120.92991">
        <ele>1384.23</ele>
        <time>2021-09-05T02:11:36Z</time>
      </trkpt>
      <trkpt lat="47.42265" lon="-120.92993">
        <ele>1383.98</ele>
        <time>2021-09-05T02:11:39Z</time>
      </trkpt>
      <trkpt lat="47.42268" lon="-120.92996">
        <ele>1383.27</ele>
        <time>2021-09-05T02:11:42Z</time>
      </trkpt>
      <trkpt lat="47.42271" lon="-120.92998">
        <ele>1382.65</ele>
        <time>2021-09-05T02:11:45Z</time>
      </trkpt>
      <trkpt lat="47.42274" lon="-120.93001">
        <ele>1381.78</ele>
        <time>2021-09-05T02:11:48Z</time>
      </trkpt>
      <trkpt lat="47.42277" lon="-120.93003">
        <ele>1381.35</ele>
        <time>2021-09-05T02:11:51Z</time>
      </trkpt>
      <trkpt lat="47.4228" lon="-120.93006">
        <ele>1380.7</ele>
        <time>2021-09-05T02:11:54Z</time>
      </trkpt>
      <trkpt lat="47.42283" lon="-120.93008">
        <ele>1380.27</ele>
        <time>2021-09-05T02:11:57Z</time>
      </trkpt>
      <trkpt lat="47.42285" lon="-120.9301">
        <ele>1379.78</ele>
        <time>2021-09-05T02:12:00Z</time>
      </trkpt>
      <trkpt lat="47.42283" lon="-120.93013">
        <ele>1378.96</ele>
        <time>2021-09-05T02:12:05Z</time>
      </trkpt>
      <trkpt lat="47.42281" lon="-120.93014">
        <ele>1378.8</ele>
        <time>2021-09-05T02:12:08Z</time>
      </trkpt>
      <trkpt lat="47.42277" lon="-120.93016">
        <ele>1378.54</ele>
        <time>2021-09-05T02:12:11Z</time>
      </trkpt>
      <trkpt lat="47.42275" lon="-120.93016">
        <ele>1378.54</ele>
        <time>2021-09-05T02:12:14Z</time>
      </trkpt>
      <trkpt lat="47.42271" lon="-120.93018">
        <ele>1378.11</ele>
        <time>2021-09-05T02:12:18Z</time>
      </trkpt>
      <trkpt lat="47.42269" lon="-120.9302">
        <ele>1377.52</ele>
        <time>2021-09-05T02:12:21Z</time>
      </trkpt>
      <trkpt lat="47.42267" lon="-120.93023">
        <ele>1376.46</ele>
        <time>2021-09-05T02:12:26Z</time>
      </trkpt>
      <trkpt lat="47.42268" lon="-120.93028">
        <ele>1374.95</ele>
        <time>2021-09-05T02:12:30Z</time>
      </trkpt>
      <trkpt lat="47.4227" lon="-120.93031">
        <ele>1374.3</ele>
        <time>2021-09-05T02:12:33Z</time>
      </trkpt>
      <trkpt lat="47.42272" lon="-120.93034">
        <ele>1373.66</ele>
        <time>2021-09-05T02:12:36Z</time>
      </trkpt>
      <trkpt lat="47.42275" lon="-120.93037">
        <ele>1373.01</ele>
        <time>2021-09-05T02:12:39Z</time>
      </trkpt>
      <trkpt lat="47.42277" lon="-120.93038">
        <ele>1372.78</ele>
        <time>2021-09-05T02:12:41Z</time>
      </trkpt>
      <trkpt lat="47.4228" lon="-120.93042">
        <ele>1371.93</ele>
        <time>2021-09-05T02:12:44Z</time>
      </trkpt>
      <trkpt lat="47.42283" lon="-120.93045">
        <ele>1371.28</ele>
        <time>2021-09-05T02:12:47Z</time>
      </trkpt>
      <trkpt lat="47.42286" lon="-120.93049">
        <ele>1370.42</ele>
        <time>2021-09-05T02:12:50Z</time>
      </trkpt>
      <trkpt lat="47.42286" lon="-120.93053">
        <ele>1369.55</ele>
        <time>2021-09-05T02:12:54Z</time>
      </trkpt>
      <trkpt lat="47.42286" lon="-120.93058">
        <ele>1368.47</ele>
        <time>2021-09-05T02:12:57Z</time>
      </trkpt>
      <trkpt lat="47.42286" lon="-120.93063">
        <ele>1367.39</ele>
        <time>2021-09-05T02:13:01Z</time>
      </trkpt>
      <trkpt lat="47.42285" lon="-120.93068">
        <ele>1366.31</ele>
        <time>2021-09-05T02:13:05Z</time>
      </trkpt>
      <trkpt lat="47.42282" lon="-120.93072">
        <ele>1365.45</ele>
        <time>2021-09-05T02:13:08Z</time>
      </trkpt>
      <trkpt lat="47.42281" lon="-120.93076">
        <ele>1364.58</ele>
        <time>2021-09-05T02:13:11Z</time>
      </trkpt>
      <trkpt lat="47.42279" lon="-120.93079">
        <ele>1363.94</ele>
        <time>2021-09-05T02:13:14Z</time>
      </trkpt>
      <trkpt lat="47.42277" lon="-120.93083">
        <ele>1362.99</ele>
        <time>2021-09-05T02:13:17Z</time>
      </trkpt>
      <trkpt lat="47.42275" lon="-120.93086">
        <ele>1361.92</ele>
        <time>2021-09-05T02:13:20Z</time>
      </trkpt>
      <trkpt lat="47.42273" lon="-120.93089">
        <ele>1360.96</ele>
        <time>2021-09-05T02:13:23Z</time>
      </trkpt>
      <trkpt lat="47.42271" lon="-120.93092">
        <ele>1360.15</ele>
        <time>2021-09-05T02:13:26Z</time>
      </trkpt>
      <trkpt lat="47.42269" lon="-120.93096">
        <ele>1359.26</ele>
        <time>2021-09-05T02:13:29Z</time>
      </trkpt>
      <trkpt lat="47.42266" lon="-120.93099">
        <ele>1358.62</ele>
        <time>2021-09-05T02:13:32Z</time>
      </trkpt>
      <trkpt lat="47.42263" lon="-120.93101">
        <ele>1358.18</ele>
        <time>2021-09-05T02:13:35Z</time>
      </trkpt>
      <trkpt lat="47.42259" lon="-120.93104">
        <ele>1357.54</ele>
        <time>2021-09-05T02:13:38Z</time>
      </trkpt>
      <trkpt lat="47.42257" lon="-120.93106">
        <ele>1357.1</ele>
        <time>2021-09-05T02:13:41Z</time>
      </trkpt>
      <trkpt lat="47.42255" lon="-120.9311">
        <ele>1356.24</ele>
        <time>2021-09-05T02:13:44Z</time>
      </trkpt>
      <trkpt lat="47.42252" lon="-120.93112">
        <ele>1355.88</ele>
        <time>2021-09-05T02:13:46Z</time>
      </trkpt>
      <trkpt lat="47.42249" lon="-120.93116">
        <ele>1355.58</ele>
        <time>2021-09-05T02:13:49Z</time>
      </trkpt>
      <trkpt lat="47.42246" lon="-120.93119">
        <ele>1355.58</ele>
        <time>2021-09-05T02:13:51Z</time>
      </trkpt>
      <trkpt lat="47.42244" lon="-120.93121">
        <ele>1355.51</ele>
        <time>2021-09-05T02:13:53Z</time>
      </trkpt>
      <trkpt lat="47.42241" lon="-120.93124">
        <ele>1355.19</ele>
        <time>2021-09-05T02:13:56Z</time>
      </trkpt>
      <trkpt lat="47.42238" lon="-120.93127">
        <ele>1354.57</ele>
        <time>2021-09-05T02:13:59Z</time>
      </trkpt>
      <trkpt lat="47.42235" lon="-120.9313">
        <ele>1353.9</ele>
        <time>2021-09-05T02:14:02Z</time>
      </trkpt>
      <trkpt lat="47.42233" lon="-120.93134">
        <ele>1352.98</ele>
        <time>2021-09-05T02:14:05Z</time>
      </trkpt>
      <trkpt lat="47.42232" lon="-120.93137">
        <ele>1352.36</ele>
        <time>2021-09-05T02:14:07Z</time>
      </trkpt>
      <trkpt lat="47.42229" lon="-120.9314">
        <ele>1351.4</ele>
        <time>2021-09-05T02:14:10Z</time>
      </trkpt>
      <trkpt lat="47.42226" lon="-120.93142">
        <ele>1350.6</ele>
        <time>2021-09-05T02:14:13Z</time>
      </trkpt>
      <trkpt lat="47.42223" lon="-120.93144">
        <ele>1349.93</ele>
        <time>2021-09-05T02:14:17Z</time>
      </trkpt>
      <trkpt lat="47.4222" lon="-120.93147">
        <ele>1348.8</ele>
        <time>2021-09-05T02:14:20Z</time>
      </trkpt>
      <trkpt lat="47.42217" lon="-120.93149">
        <ele>1347.6</ele>
        <time>2021-09-05T02:14:23Z</time>
      </trkpt>
      <trkpt lat="47.42215" lon="-120.93151">
        <ele>1346.52</ele>
        <time>2021-09-05T02:14:26Z</time>
      </trkpt>
      <trkpt lat="47.42212" lon="-120.93154">
        <ele>1344.86</ele>
        <time>2021-09-05T02:14:29Z</time>
      </trkpt>
      <trkpt lat="47.4221" lon="-120.93158">
        <ele>1343.23</ele>
        <time>2021-09-05T02:14:33Z</time>
      </trkpt>
      <trkpt lat="47.42212" lon="-120.93161">
        <ele>1343.02</ele>
        <time>2021-09-05T02:14:37Z</time>
      </trkpt>
      <trkpt lat="47.42216" lon="-120.93162">
        <ele>1343.66</ele>
        <time>2021-09-05T02:14:42Z</time>
      </trkpt>
      <trkpt lat="47.42218" lon="-120.93164">
        <ele>1343.66</ele>
        <time>2021-09-05T02:14:46Z</time>
      </trkpt>
      <trkpt lat="47.42221" lon="-120.93165">
        <ele>1344.1</ele>
        <time>2021-09-05T02:14:50Z</time>
      </trkpt>
      <trkpt lat="47.42225" lon="-120.93166">
        <ele>1344.44</ele>
        <time>2021-09-05T02:14:54Z</time>
      </trkpt>
      <trkpt lat="47.42228" lon="-120.93167">
        <ele>1344.53</ele>
        <time>2021-09-05T02:14:57Z</time>
      </trkpt>
      <trkpt lat="47.42231" lon="-120.93168">
        <ele>1344.52</ele>
        <time>2021-09-05T02:15:00Z</time>
      </trkpt>
      <trkpt lat="47.42234" lon="-120.93169">
        <ele>1344.04</ele>
        <time>2021-09-05T02:15:03Z</time>
      </trkpt>
      <trkpt lat="47.42237" lon="-120.93169">
        <ele>1343.8</ele>
        <time>2021-09-05T02:15:06Z</time>
      </trkpt>
      <trkpt lat="47.4224" lon="-120.9317">
        <ele>1343.33</ele>
        <time>2021-09-05T02:15:08Z</time>
      </trkpt>
      <trkpt lat="47.42244" lon="-120.93169">
        <ele>1343.5</ele>
        <time>2021-09-05T02:15:11Z</time>
      </trkpt>
      <trkpt lat="47.42248" lon="-120.9317">
        <ele>1343.28</ele>
        <time>2021-09-05T02:15:14Z</time>
      </trkpt>
      <trkpt lat="47.42251" lon="-120.93171">
        <ele>1342.96</ele>
        <time>2021-09-05T02:15:17Z</time>
      </trkpt>
      <trkpt lat="47.42254" lon="-120.93172">
        <ele>1342.42</ele>
        <time>2021-09-05T02:15:21Z</time>
      </trkpt>
      <trkpt lat="47.42257" lon="-120.93172">
        <ele>1342.09</ele>
        <time>2021-09-05T02:15:25Z</time>
      </trkpt>
      <trkpt lat="47.42261" lon="-120.93173">
        <ele>1341.32</ele>
        <time>2021-09-05T02:15:28Z</time>
      </trkpt>
      <trkpt lat="47.42264" lon="-120.93173">
        <ele>1340.77</ele>
        <time>2021-09-05T02:15:31Z</time>
      </trkpt>
      <trkpt lat="47.42267" lon="-120.93174">
        <ele>1339.92</ele>
        <time>2021-09-05T02:15:34Z</time>
      </trkpt>
      <trkpt lat="47.4227" lon="-120.93176">
        <ele>1338.82</ele>
        <time>2021-09-05T02:15:37Z</time>
      </trkpt>
      <trkpt lat="47.42273" lon="-120.93176">
        <ele>1338.49</ele>
        <time>2021-09-05T02:15:40Z</time>
      </trkpt>
      <trkpt lat="47.42276" lon="-120.93177">
        <ele>1337.84</ele>
        <time>2021-09-05T02:15:44Z</time>
      </trkpt>
      <trkpt lat="47.42279" lon="-120.93178">
        <ele>1337.2</ele>
        <time>2021-09-05T02:15:48Z</time>
      </trkpt>
      <trkpt lat="47.42283" lon="-120.93178">
        <ele>1336.76</ele>
        <time>2021-09-05T02:15:52Z</time>
      </trkpt>
      <trkpt lat="47.42286" lon="-120.93179">
        <ele>1336.12</ele>
        <time>2021-09-05T02:15:56Z</time>
      </trkpt>
      <trkpt lat="47.42289" lon="-120.93179">
        <ele>1335.79</ele>
        <time>2021-09-05T02:15:58Z</time>
      </trkpt>
      <trkpt lat="47.42292" lon="-120.93179">
        <ele>1335.47</ele>
        <time>2021-09-05T02:16:01Z</time>
      </trkpt>
      <trkpt lat="47.42294" lon="-120.93182">
        <ele>1334.28</ele>
        <time>2021-09-05T02:16:04Z</time>
      </trkpt>
      <trkpt lat="47.42293" lon="-120.93186">
        <ele>1333.09</ele>
        <time>2021-09-05T02:16:08Z</time>
      </trkpt>
      <trkpt lat="47.4229" lon="-120.93189">
        <ele>1332.44</ele>
        <time>2021-09-05T02:16:12Z</time>
      </trkpt>
      <trkpt lat="47.42288" lon="-120.93192">
        <ele>1331.69</ele>
        <time>2021-09-05T02:16:15Z</time>
      </trkpt>
      <trkpt lat="47.42285" lon="-120.93194">
        <ele>1331.36</ele>
        <time>2021-09-05T02:16:18Z</time>
      </trkpt>
      <trkpt lat="47.42282" lon="-120.93196">
        <ele>1331.04</ele>
        <time>2021-09-05T02:16:21Z</time>
      </trkpt>
      <trkpt lat="47.42279" lon="-120.93198">
        <ele>1330.72</ele>
        <time>2021-09-05T02:16:24Z</time>
      </trkpt>
      <trkpt lat="47.42277" lon="-120.93201">
        <ele>1329.96</ele>
        <time>2021-09-05T02:16:27Z</time>
      </trkpt>
      <trkpt lat="47.42274" lon="-120.93205">
        <ele>1329.05</ele>
        <time>2021-09-05T02:16:31Z</time>
      </trkpt>
      <trkpt lat="47.42272" lon="-120.93208">
        <ele>1328.52</ele>
        <time>2021-09-05T02:16:34Z</time>
      </trkpt>
      <trkpt lat="47.42269" lon="-120.93212">
        <ele>1328.11</ele>
        <time>2021-09-05T02:16:37Z</time>
      </trkpt>
      <trkpt lat="47.42268" lon="-120.93215">
        <ele>1327.45</ele>
        <time>2021-09-05T02:16:39Z</time>
      </trkpt>
      <trkpt lat="47.42265" lon="-120.9322">
        <ele>1326.48</ele>
        <time>2021-09-05T02:16:42Z</time>
      </trkpt>
      <trkpt lat="47.42263" lon="-120.93224">
        <ele>1325.81</ele>
        <time>2021-09-05T02:16:45Z</time>
      </trkpt>
      <trkpt lat="47.42261" lon="-120.93228">
        <ele>1325.38</ele>
        <time>2021-09-05T02:16:48Z</time>
      </trkpt>
      <trkpt lat="47.42259" lon="-120.93232">
        <ele>1324.92</ele>
        <time>2021-09-05T02:16:51Z</time>
      </trkpt>
      <trkpt lat="47.42257" lon="-120.93235">
        <ele>1324.48</ele>
        <time>2021-09-05T02:16:54Z</time>
      </trkpt>
      <trkpt lat="47.42255" lon="-120.93239">
        <ele>1323.84</ele>
        <time>2021-09-05T02:16:57Z</time>
      </trkpt>
      <trkpt lat="47.42255" lon="-120.93244">
        <ele>1322.76</ele>
        <time>2021-09-05T02:17:00Z</time>
      </trkpt>
      <trkpt lat="47.42253" lon="-120.93248">
        <ele>1322.11</ele>
        <time>2021-09-05T02:17:03Z</time>
      </trkpt>
      <trkpt lat="47.42251" lon="-120.93251">
        <ele>1321.66</ele>
        <time>2021-09-05T02:17:06Z</time>
      </trkpt>
      <trkpt lat="47.4225" lon="-120.93255">
        <ele>1320.92</ele>
        <time>2021-09-05T02:17:09Z</time>
      </trkpt>
      <trkpt lat="47.42247" lon="-120.93257">
        <ele>1320.49</ele>
        <time>2021-09-05T02:17:12Z</time>
      </trkpt>
      <trkpt lat="47.42244" lon="-120.93259">
        <ele>1320.06</ele>
        <time>2021-09-05T02:17:15Z</time>
      </trkpt>
      <trkpt lat="47.42242" lon="-120.93263">
        <ele>1319.14</ele>
        <time>2021-09-05T02:17:18Z</time>
      </trkpt>
      <trkpt lat="47.4224" lon="-120.93266">
        <ele>1318.54</ele>
        <time>2021-09-05T02:17:21Z</time>
      </trkpt>
      <trkpt lat="47.42238" lon="-120.9327">
        <ele>1317.68</ele>
        <time>2021-09-05T02:17:25Z</time>
      </trkpt>
      <trkpt lat="47.42236" lon="-120.93274">
        <ele>1316.82</ele>
        <time>2021-09-05T02:17:28Z</time>
      </trkpt>
      <trkpt lat="47.42234" lon="-120.93279">
        <ele>1315.6</ele>
        <time>2021-09-05T02:17:31Z</time>
      </trkpt>
      <trkpt lat="47.42232" lon="-120.93283">
        <ele>1314.31</ele>
        <time>2021-09-05T02:17:35Z</time>
      </trkpt>
      <trkpt lat="47.42234" lon="-120.93286">
        <ele>1313.34</ele>
        <time>2021-09-05T02:17:39Z</time>
      </trkpt>
      <trkpt lat="47.42237" lon="-120.93289">
        <ele>1312.36</ele>
        <time>2021-09-05T02:17:43Z</time>
      </trkpt>
      <trkpt lat="47.4224" lon="-120.9329">
        <ele>1312.04</ele>
        <time>2021-09-05T02:17:47Z</time>
      </trkpt>
      <trkpt lat="47.42243" lon="-120.93292">
        <ele>1311.28</ele>
        <time>2021-09-05T02:17:50Z</time>
      </trkpt>
      <trkpt lat="47.42246" lon="-120.93294">
        <ele>1310.6</ele>
        <time>2021-09-05T02:17:53Z</time>
      </trkpt>
      <trkpt lat="47.42248" lon="-120.93297">
        <ele>1309.85</ele>
        <time>2021-09-05T02:17:57Z</time>
      </trkpt>
      <trkpt lat="47.42246" lon="-120.93301">
        <ele>1308.98</ele>
        <time>2021-09-05T02:18:01Z</time>
      </trkpt>
      <trkpt lat="47.42244" lon="-120.93305">
        <ele>1308.12</ele>
        <time>2021-09-05T02:18:04Z</time>
      </trkpt>
      <trkpt lat="47.42242" lon="-120.93309">
        <ele>1307.21</ele>
        <time>2021-09-05T02:18:08Z</time>
      </trkpt>
      <trkpt lat="47.4224" lon="-120.93312">
        <ele>1306.55</ele>
        <time>2021-09-05T02:18:11Z</time>
      </trkpt>
      <trkpt lat="47.42238" lon="-120.93316">
        <ele>1305.32</ele>
        <time>2021-09-05T02:18:14Z</time>
      </trkpt>
      <trkpt lat="47.42235" lon="-120.9332">
        <ele>1303.7</ele>
        <time>2021-09-05T02:18:17Z</time>
      </trkpt>
      <trkpt lat="47.42233" lon="-120.93323">
        <ele>1302.51</ele>
        <time>2021-09-05T02:18:20Z</time>
      </trkpt>
      <trkpt lat="47.4223" lon="-120.93326">
        <ele>1301.34</ele>
        <time>2021-09-05T02:18:23Z</time>
      </trkpt>
      <trkpt lat="47.42227" lon="-120.93328">
        <ele>1300.52</ele>
        <time>2021-09-05T02:18:26Z</time>
      </trkpt>
      <trkpt lat="47.42224" lon="-120.93329">
        <ele>1299.97</ele>
        <time>2021-09-05T02:18:29Z</time>
      </trkpt>
      <trkpt lat="47.42222" lon="-120.93331">
        <ele>1298.98</ele>
        <time>2021-09-05T02:18:33Z</time>
      </trkpt>
      <trkpt lat="47.42224" lon="-120.93335">
        <ele>1297.65</ele>
        <time>2021-09-05T02:18:38Z</time>
      </trkpt>
      <trkpt lat="47.42226" lon="-120.93338">
        <ele>1296.9</ele>
        <time>2021-09-05T02:18:41Z</time>
      </trkpt>
      <trkpt lat="47.42226" lon="-120.93342">
        <ele>1295.6</ele>
        <time>2021-09-05T02:18:47Z</time>
      </trkpt>
      <trkpt lat="47.42223" lon="-120.93344">
        <ele>1294.77</ele>
        <time>2021-09-05T02:18:50Z</time>
      </trkpt>
      <trkpt lat="47.42221" lon="-120.93346">
        <ele>1294.22</ele>
        <time>2021-09-05T02:18:53Z</time>
      </trkpt>
      <trkpt lat="47.42219" lon="-120.93349">
        <ele>1293.38</ele>
        <time>2021-09-05T02:18:57Z</time>
      </trkpt>
      <trkpt lat="47.42219" lon="-120.93354">
        <ele>1291.96</ele>
        <time>2021-09-05T02:19:01Z</time>
      </trkpt>
      <trkpt lat="47.4222" lon="-120.93357">
        <ele>1291.09</ele>
        <time>2021-09-05T02:19:04Z</time>
      </trkpt>
      <trkpt lat="47.42223" lon="-120.93361">
        <ele>1290.04</ele>
        <time>2021-09-05T02:19:08Z</time>
      </trkpt>
      <trkpt lat="47.42226" lon="-120.93363">
        <ele>1289.47</ele>
        <time>2021-09-05T02:19:12Z</time>
      </trkpt>
      <trkpt lat="47.42229" lon="-120.93366">
        <ele>1288.8</ele>
        <time>2021-09-05T02:19:16Z</time>
      </trkpt>
      <trkpt lat="47.42232" lon="-120.93368">
        <ele>1288.51</ele>
        <time>2021-09-05T02:19:20Z</time>
      </trkpt>
      <trkpt lat="47.42235" lon="-120.93369">
        <ele>1288.3</ele>
        <time>2021-09-05T02:19:23Z</time>
      </trkpt>
      <trkpt lat="47.42238" lon="-120.93372">
        <ele>1287.35</ele>
        <time>2021-09-05T02:19:26Z</time>
      </trkpt>
      <trkpt lat="47.42241" lon="-120.93374">
        <ele>1286.41</ele>
        <time>2021-09-05T02:19:29Z</time>
      </trkpt>
      <trkpt lat="47.42242" lon="-120.93379">
        <ele>1284.26</ele>
        <time>2021-09-05T02:19:33Z</time>
      </trkpt>
      <trkpt lat="47.42243" lon="-120.93384">
        <ele>1282.58</ele>
        <time>2021-09-05T02:19:38Z</time>
      </trkpt>
      <trkpt lat="47.42244" lon="-120.93388">
        <ele>1281.29</ele>
        <time>2021-09-05T02:19:42Z</time>
      </trkpt>
      <trkpt lat="47.42245" lon="-120.93391">
        <ele>1280.42</ele>
        <time>2021-09-05T02:19:47Z</time>
      </trkpt>
      <trkpt lat="47.42245" lon="-120.93395">
        <ele>1279.32</ele>
        <time>2021-09-05T02:19:52Z</time>
      </trkpt>
      <trkpt lat="47.42245" lon="-120.934">
        <ele>1278.08</ele>
        <time>2021-09-05T02:19:56Z</time>
      </trkpt>
      <trkpt lat="47.42246" lon="-120.93405">
        <ele>1276.99</ele>
        <time>2021-09-05T02:20:00Z</time>
      </trkpt>
      <trkpt lat="47.42247" lon="-120.93409">
        <ele>1275.86</ele>
        <time>2021-09-05T02:20:04Z</time>
      </trkpt>
      <trkpt lat="47.42248" lon="-120.93414">
        <ele>1274.23</ele>
        <time>2021-09-05T02:20:08Z</time>
      </trkpt>
      <trkpt lat="47.42249" lon="-120.93417">
        <ele>1273.14</ele>
        <time>2021-09-05T02:20:11Z</time>
      </trkpt>
      <trkpt lat="47.42249" lon="-120.93422">
        <ele>1272.06</ele>
        <time>2021-09-05T02:20:16Z</time>
      </trkpt>
      <trkpt lat="47.42249" lon="-120.93427">
        <ele>1270.98</ele>
        <time>2021-09-05T02:20:21Z</time>
      </trkpt>
      <trkpt lat="47.42247" lon="-120.9343">
        <ele>1270.77</ele>
        <time>2021-09-05T02:20:26Z</time>
      </trkpt>
      <trkpt lat="47.42245" lon="-120.93434">
        <ele>1270.34</ele>
        <time>2021-09-05T02:20:30Z</time>
      </trkpt>
      <trkpt lat="47.42242" lon="-120.93437">
        <ele>1270.31</ele>
        <time>2021-09-05T02:20:34Z</time>
      </trkpt>
      <trkpt lat="47.4224" lon="-120.93439">
        <ele>1270.26</ele>
        <time>2021-09-05T02:20:38Z</time>
      </trkpt>
      <trkpt lat="47.42237" lon="-120.9344">
        <ele>1270.36</ele>
        <time>2021-09-05T02:20:41Z</time>
      </trkpt>
      <trkpt lat="47.42234" lon="-120.93441">
        <ele>1270.47</ele>
        <time>2021-09-05T02:20:44Z</time>
      </trkpt>
      <trkpt lat="47.42231" lon="-120.93444">
        <ele>1270.1</ele>
        <time>2021-09-05T02:20:48Z</time>
      </trkpt>
      <trkpt lat="47.42232" lon="-120.93448">
        <ele>1269.15</ele>
        <time>2021-09-05T02:20:52Z</time>
      </trkpt>
      <trkpt lat="47.42233" lon="-120.93453">
        <ele>1267.84</ele>
        <time>2021-09-05T02:20:56Z</time>
      </trkpt>
      <trkpt lat="47.42235" lon="-120.93457">
        <ele>1266.17</ele>
        <time>2021-09-05T02:21:00Z</time>
      </trkpt>
      <trkpt lat="47.42238" lon="-120.9346">
        <ele>1264.55</ele>
        <time>2021-09-05T02:21:04Z</time>
      </trkpt>
      <trkpt lat="47.4224" lon="-120.93463">
        <ele>1263.15</ele>
        <time>2021-09-05T02:21:08Z</time>
      </trkpt>
      <trkpt lat="47.4224" lon="-120.93467">
        <ele>1261.85</ele>
        <time>2021-09-05T02:21:11Z</time>
      </trkpt>
      <trkpt lat="47.42238" lon="-120.93471">
        <ele>1260.99</ele>
        <time>2021-09-05T02:21:14Z</time>
      </trkpt>
      <trkpt lat="47.42237" lon="-120.93474">
        <ele>1260.35</ele>
        <time>2021-09-05T02:21:17Z</time>
      </trkpt>
      <trkpt lat="47.42235" lon="-120.93478">
        <ele>1259.61</ele>
        <time>2021-09-05T02:21:23Z</time>
      </trkpt>
      <trkpt lat="47.42234" lon="-120.93482">
        <ele>1258.62</ele>
        <time>2021-09-05T02:21:27Z</time>
      </trkpt>
      <trkpt lat="47.42233" lon="-120.93486">
        <ele>1257.86</ele>
        <time>2021-09-05T02:21:31Z</time>
      </trkpt>
      <trkpt lat="47.42232" lon="-120.93491">
        <ele>1256.89</ele>
        <time>2021-09-05T02:21:35Z</time>
      </trkpt>
      <trkpt lat="47.42231" lon="-120.93495">
        <ele>1256.18</ele>
        <time>2021-09-05T02:21:38Z</time>
      </trkpt>
      <trkpt lat="47.42229" lon="-120.93498">
        <ele>1255.97</ele>
        <time>2021-09-05T02:21:41Z</time>
      </trkpt>
      <trkpt lat="47.42226" lon="-120.93501">
        <ele>1255.97</ele>
        <time>2021-09-05T02:21:44Z</time>
      </trkpt>
      <trkpt lat="47.42223" lon="-120.93504">
        <ele>1255.97</ele>
        <time>2021-09-05T02:21:47Z</time>
      </trkpt>
      <trkpt lat="47.42221" lon="-120.93507">
        <ele>1255.62</ele>
        <time>2021-09-05T02:21:50Z</time>
      </trkpt>
      <trkpt lat="47.42221" lon="-120.93513">
        <ele>1254.32</ele>
        <time>2021-09-05T02:21:53Z</time>
      </trkpt>
      <trkpt lat="47.4222" lon="-120.93517">
        <ele>1253.57</ele>
        <time>2021-09-05T02:21:56Z</time>
      </trkpt>
      <trkpt lat="47.42217" lon="-120.93521">
        <ele>1253.03</ele>
        <time>2021-09-05T02:22:00Z</time>
      </trkpt>
      <trkpt lat="47.42215" lon="-120.93524">
        <ele>1252.6</ele>
        <time>2021-09-05T02:22:02Z</time>
      </trkpt>
      <trkpt lat="47.42213" lon="-120.93527">
        <ele>1252.16</ele>
        <time>2021-09-05T02:22:05Z</time>
      </trkpt>
      <trkpt lat="47.42211" lon="-120.9353">
        <ele>1251.73</ele>
        <time>2021-09-05T02:22:11Z</time>
      </trkpt>
      <trkpt lat="47.42209" lon="-120.93534">
        <ele>1251.08</ele>
        <time>2021-09-05T02:22:17Z</time>
      </trkpt>
      <trkpt lat="47.42207" lon="-120.93537">
        <ele>1250.65</ele>
        <time>2021-09-05T02:22:21Z</time>
      </trkpt>
      <trkpt lat="47.42204" lon="-120.9354">
        <ele>1250.65</ele>
        <time>2021-09-05T02:22:25Z</time>
      </trkpt>
      <trkpt lat="47.42201" lon="-120.93543">
        <ele>1250.46</ele>
        <time>2021-09-05T02:22:29Z</time>
      </trkpt>
      <trkpt lat="47.42199" lon="-120.93545">
        <ele>1250.21</ele>
        <time>2021-09-05T02:22:33Z</time>
      </trkpt>
      <trkpt lat="47.42195" lon="-120.93547">
        <ele>1249.92</ele>
        <time>2021-09-05T02:22:37Z</time>
      </trkpt>
      <trkpt lat="47.42193" lon="-120.93549">
        <ele>1249.66</ele>
        <time>2021-09-05T02:22:40Z</time>
      </trkpt>
      <trkpt lat="47.4219" lon="-120.9355">
        <ele>1249.41</ele>
        <time>2021-09-05T02:22:44Z</time>
      </trkpt>
      <trkpt lat="47.42188" lon="-120.93553">
        <ele>1248.77</ele>
        <time>2021-09-05T02:22:48Z</time>
      </trkpt>
      <trkpt lat="47.42187" lon="-120.93557">
        <ele>1248.01</ele>
        <time>2021-09-05T02:22:51Z</time>
      </trkpt>
      <trkpt lat="47.42188" lon="-120.93562">
        <ele>1247.4</ele>
        <time>2021-09-05T02:22:54Z</time>
      </trkpt>
      <trkpt lat="47.42189" lon="-120.93565">
        <ele>1246.98</ele>
        <time>2021-09-05T02:22:57Z</time>
      </trkpt>
      <trkpt lat="47.42191" lon="-120.9357">
        <ele>1246.44</ele>
        <time>2021-09-05T02:23:00Z</time>
      </trkpt>
      <trkpt lat="47.42193" lon="-120.93572">
        <ele>1246.22</ele>
        <time>2021-09-05T02:23:02Z</time>
      </trkpt>
      <trkpt lat="47.42196" lon="-120.93576">
        <ele>1245.58</ele>
        <time>2021-09-05T02:23:05Z</time>
      </trkpt>
      <trkpt lat="47.42199" lon="-120.93578">
        <ele>1245.15</ele>
        <time>2021-09-05T02:23:08Z</time>
      </trkpt>
      <trkpt lat="47.42202" lon="-120.93578">
        <ele>1245.15</ele>
        <time>2021-09-05T02:23:11Z</time>
      </trkpt>
      <trkpt lat="47.42205" lon="-120.93578">
        <ele>1244.87</ele>
        <time>2021-09-05T02:23:14Z</time>
      </trkpt>
      <trkpt lat="47.42209" lon="-120.93576">
        <ele>1244.44</ele>
        <time>2021-09-05T02:23:18Z</time>
      </trkpt>
      <trkpt lat="47.42212" lon="-120.93574">
        <ele>1244.22</ele>
        <time>2021-09-05T02:23:21Z</time>
      </trkpt>
      <trkpt lat="47.42215" lon="-120.93573">
        <ele>1243.79</ele>
        <time>2021-09-05T02:23:24Z</time>
      </trkpt>
      <trkpt lat="47.42218" lon="-120.93571">
        <ele>1243.58</ele>
        <time>2021-09-05T02:23:27Z</time>
      </trkpt>
      <trkpt lat="47.42221" lon="-120.9357">
        <ele>1243.14</ele>
        <time>2021-09-05T02:23:30Z</time>
      </trkpt>
      <trkpt lat="47.42224" lon="-120.93568">
        <ele>1242.86</ele>
        <time>2021-09-05T02:23:33Z</time>
      </trkpt>
      <trkpt lat="47.42227" lon="-120.93567">
        <ele>1242.37</ele>
        <time>2021-09-05T02:23:36Z</time>
      </trkpt>
      <trkpt lat="47.4223" lon="-120.93565">
        <ele>1242.26</ele>
        <time>2021-09-05T02:23:39Z</time>
      </trkpt>
      <trkpt lat="47.42232" lon="-120.93562">
        <ele>1242.5</ele>
        <time>2021-09-05T02:23:42Z</time>
      </trkpt>
      <trkpt lat="47.42234" lon="-120.9356">
        <ele>1242.5</ele>
        <time>2021-09-05T02:23:46Z</time>
      </trkpt>
      <trkpt lat="47.42237" lon="-120.93557">
        <ele>1242.5</ele>
        <time>2021-09-05T02:23:50Z</time>
      </trkpt>
      <trkpt lat="47.4224" lon="-120.93554">
        <ele>1242.65</ele>
        <time>2021-09-05T02:23:53Z</time>
      </trkpt>
      <trkpt lat="47.42242" lon="-120.93553">
        <ele>1242.56</ele>
        <time>2021-09-05T02:23:56Z</time>
      </trkpt>
      <trkpt lat="47.42245" lon="-120.93551">
        <ele>1242.56</ele>
        <time>2021-09-05T02:23:59Z</time>
      </trkpt>
      <trkpt lat="47.42248" lon="-120.9355">
        <ele>1242.23</ele>
        <time>2021-09-05T02:24:04Z</time>
      </trkpt>
      <trkpt lat="47.42251" lon="-120.9355">
        <ele>1241.58</ele>
        <time>2021-09-05T02:24:08Z</time>
      </trkpt>
      <trkpt lat="47.42255" lon="-120.93549">
        <ele>1241.04</ele>
        <time>2021-09-05T02:24:12Z</time>
      </trkpt>
      <trkpt lat="47.42257" lon="-120.93552">
        <ele>1239.64</ele>
        <time>2021-09-05T02:24:16Z</time>
      </trkpt>
      <trkpt lat="47.42255" lon="-120.93556">
        <ele>1238.78</ele>
        <time>2021-09-05T02:24:22Z</time>
      </trkpt>
      <trkpt lat="47.42253" lon="-120.93559">
        <ele>1238.24</ele>
        <time>2021-09-05T02:24:25Z</time>
      </trkpt>
      <trkpt lat="47.42251" lon="-120.93563">
        <ele>1237.37</ele>
        <time>2021-09-05T02:24:28Z</time>
      </trkpt>
      <trkpt lat="47.42249" lon="-120.93567">
        <ele>1236.83</ele>
        <time>2021-09-05T02:24:31Z</time>
      </trkpt>
      <trkpt lat="47.42248" lon="-120.93571">
        <ele>1236.17</ele>
        <time>2021-09-05T02:24:34Z</time>
      </trkpt>
      <trkpt lat="47.42245" lon="-120.93575">
        <ele>1235.83</ele>
        <time>2021-09-05T02:24:37Z</time>
      </trkpt>
      <trkpt lat="47.42244" lon="-120.93578">
        <ele>1235.17</ele>
        <time>2021-09-05T02:24:40Z</time>
      </trkpt>
      <trkpt lat="47.42243" lon="-120.93582">
        <ele>1234.15</ele>
        <time>2021-09-05T02:24:43Z</time>
      </trkpt>
      <trkpt lat="47.4224" lon="-120.93586">
        <ele>1233.64</ele>
        <time>2021-09-05T02:24:46Z</time>
      </trkpt>
      <trkpt lat="47.42239" lon="-120.9359">
        <ele>1232.99</ele>
        <time>2021-09-05T02:24:48Z</time>
      </trkpt>
      <trkpt lat="47.42237" lon="-120.93593">
        <ele>1232.7</ele>
        <time>2021-09-05T02:24:51Z</time>
      </trkpt>
      <trkpt lat="47.42235" lon="-120.93596">
        <ele>1232.28</ele>
        <time>2021-09-05T02:24:54Z</time>
      </trkpt>
      <trkpt lat="47.42233" lon="-120.936">
        <ele>1231.4</ele>
        <time>2021-09-05T02:24:57Z</time>
      </trkpt>
      <trkpt lat="47.4223" lon="-120.93605">
        <ele>1230.12</ele>
        <time>2021-09-05T02:25:00Z</time>
      </trkpt>
      <trkpt lat="47.42229" lon="-120.93609">
        <ele>1228.72</ele>
        <time>2021-09-05T02:25:03Z</time>
      </trkpt>
      <trkpt lat="47.42227" lon="-120.93613">
        <ele>1227.54</ele>
        <time>2021-09-05T02:25:07Z</time>
      </trkpt>
      <trkpt lat="47.42225" lon="-120.93617">
        <ele>1226.11</ele>
        <time>2021-09-05T02:25:12Z</time>
      </trkpt>
      <trkpt lat="47.42224" lon="-120.93621">
        <ele>1224.36</ele>
        <time>2021-09-05T02:25:15Z</time>
      </trkpt>
      <trkpt lat="47.42222" lon="-120.93624">
        <ele>1223.52</ele>
        <time>2021-09-05T02:25:18Z</time>
      </trkpt>
      <trkpt lat="47.4222" lon="-120.93627">
        <ele>1222.92</ele>
        <time>2021-09-05T02:25:21Z</time>
      </trkpt>
      <trkpt lat="47.42218" lon="-120.9363">
        <ele>1222.27</ele>
        <time>2021-09-05T02:25:25Z</time>
      </trkpt>
      <trkpt lat="47.42215" lon="-120.93632">
        <ele>1222.63</ele>
        <time>2021-09-05T02:25:28Z</time>
      </trkpt>
      <trkpt lat="47.42213" lon="-120.93634">
        <ele>1222.57</ele>
        <time>2021-09-05T02:25:31Z</time>
      </trkpt>
      <trkpt lat="47.4221" lon="-120.93637">
        <ele>1222.0</ele>
        <time>2021-09-05T02:25:35Z</time>
      </trkpt>
      <trkpt lat="47.42208" lon="-120.93642">
        <ele>1220.86</ele>
        <time>2021-09-05T02:25:38Z</time>
      </trkpt>
      <trkpt lat="47.42207" lon="-120.93648">
        <ele>1219.68</ele>
        <time>2021-09-05T02:25:41Z</time>
      </trkpt>
      <trkpt lat="47.42206" lon="-120.93652">
        <ele>1219.02</ele>
        <time>2021-09-05T02:25:44Z</time>
      </trkpt>
      <trkpt lat="47.42205" lon="-120.93655">
        <ele>1218.48</ele>
        <time>2021-09-05T02:25:47Z</time>
      </trkpt>
      <trkpt lat="47.42201" lon="-120.93657">
        <ele>1218.09</ele>
        <time>2021-09-05T02:25:50Z</time>
      </trkpt>
      <trkpt lat="47.42198" lon="-120.93657">
        <ele>1218.09</ele>
        <time>2021-09-05T02:25:54Z</time>
      </trkpt>
      <trkpt lat="47.42194" lon="-120.93659">
        <ele>1217.82</ele>
        <time>2021-09-05T02:25:57Z</time>
      </trkpt>
      <trkpt lat="47.42192" lon="-120.93662">
        <ele>1217.37</ele>
        <time>2021-09-05T02:26:00Z</time>
      </trkpt>
      <trkpt lat="47.42189" lon="-120.93664">
        <ele>1216.87</ele>
        <time>2021-09-05T02:26:03Z</time>
      </trkpt>
      <trkpt lat="47.42188" lon="-120.93668">
        <ele>1215.97</ele>
        <time>2021-09-05T02:26:07Z</time>
      </trkpt>
      <trkpt lat="47.42187" lon="-120.93673">
        <ele>1214.69</ele>
        <time>2021-09-05T02:26:11Z</time>
      </trkpt>
      <trkpt lat="47.42185" lon="-120.93676">
        <ele>1213.96</ele>
        <time>2021-09-05T02:26:15Z</time>
      </trkpt>
      <trkpt lat="47.42181" lon="-120.93678">
        <ele>1213.1</ele>
        <time>2021-09-05T02:26:19Z</time>
      </trkpt>
      <trkpt lat="47.42178" lon="-120.93681">
        <ele>1212.13</ele>
        <time>2021-09-05T02:26:22Z</time>
      </trkpt>
      <trkpt lat="47.42176" lon="-120.93686">
        <ele>1210.83</ele>
        <time>2021-09-05T02:26:26Z</time>
      </trkpt>
      <trkpt lat="47.42175" lon="-120.9369">
        <ele>1209.91</ele>
        <time>2021-09-05T02:26:29Z</time>
      </trkpt>
      <trkpt lat="47.42173" lon="-120.93694">
        <ele>1209.08</ele>
        <time>2021-09-05T02:26:31Z</time>
      </trkpt>
      <trkpt lat="47.42172" lon="-120.93699">
        <ele>1208.3</ele>
        <time>2021-09-05T02:26:34Z</time>
      </trkpt>
      <trkpt lat="47.42171" lon="-120.93703">
        <ele>1207.58</ele>
        <time>2021-09-05T02:26:37Z</time>
      </trkpt>
      <trkpt lat="47.42168" lon="-120.93703">
        <ele>1207.29</ele>
        <time>2021-09-05T02:26:42Z</time>
      </trkpt>
      <trkpt lat="47.42165" lon="-120.93704">
        <ele>1206.96</ele>
        <time>2021-09-05T02:26:47Z</time>
      </trkpt>
      <trkpt lat="47.42162" lon="-120.93707">
        <ele>1206.46</ele>
        <time>2021-09-05T02:26:51Z</time>
      </trkpt>
      <trkpt lat="47.42159" lon="-120.9371">
        <ele>1205.76</ele>
        <time>2021-09-05T02:26:54Z</time>
      </trkpt>
      <trkpt lat="47.42157" lon="-120.93713">
        <ele>1205.0</ele>
        <time>2021-09-05T02:26:58Z</time>
      </trkpt>
      <trkpt lat="47.42154" lon="-120.93715">
        <ele>1204.7</ele>
        <time>2021-09-05T02:27:01Z</time>
      </trkpt>
      <trkpt lat="47.4215" lon="-120.93717">
        <ele>1204.22</ele>
        <time>2021-09-05T02:27:04Z</time>
      </trkpt>
      <trkpt lat="47.42148" lon="-120.93719">
        <ele>1203.68</ele>
        <time>2021-09-05T02:27:07Z</time>
      </trkpt>
      <trkpt lat="47.42146" lon="-120.93722">
        <ele>1202.82</ele>
        <time>2021-09-05T02:27:11Z</time>
      </trkpt>
      <trkpt lat="47.42146" lon="-120.93727">
        <ele>1202.25</ele>
        <time>2021-09-05T02:27:13Z</time>
      </trkpt>
      <trkpt lat="47.42148" lon="-120.93731">
        <ele>1202.04</ele>
        <time>2021-09-05T02:27:16Z</time>
      </trkpt>
      <trkpt lat="47.4215" lon="-120.93735">
        <ele>1201.82</ele>
        <time>2021-09-05T02:27:19Z</time>
      </trkpt>
      <trkpt lat="47.42153" lon="-120.93737">
        <ele>1201.93</ele>
        <time>2021-09-05T02:27:22Z</time>
      </trkpt>
      <trkpt lat="47.42155" lon="-120.9374">
        <ele>1201.82</ele>
        <time>2021-09-05T02:27:25Z</time>
      </trkpt>
      <trkpt lat="47.42158" lon="-120.93743">
        <ele>1201.58</ele>
        <time>2021-09-05T02:27:28Z</time>
      </trkpt>
      <trkpt lat="47.42162" lon="-120.93745">
        <ele>1201.58</ele>
        <time>2021-09-05T02:27:31Z</time>
      </trkpt>
      <trkpt lat="47.42165" lon="-120.93747">
        <ele>1201.47</ele>
        <time>2021-09-05T02:27:34Z</time>
      </trkpt>
      <trkpt lat="47.42167" lon="-120.9375">
        <ele>1201.07</ele>
        <time>2021-09-05T02:27:38Z</time>
      </trkpt>
      <trkpt lat="47.42168" lon="-120.93754">
        <ele>1200.79</ele>
        <time>2021-09-05T02:27:45Z</time>
      </trkpt>
      <trkpt lat="47.4217" lon="-120.93757">
        <ele>1200.69</ele>
        <time>2021-09-05T02:28:01Z</time>
      </trkpt>
      <trkpt lat="47.42168" lon="-120.93756">
        <ele>1200.55</ele>
        <time>2021-09-05T02:28:27Z</time>
      </trkpt>
      <trkpt lat="47.42165" lon="-120.93756">
        <ele>1200.17</ele>
        <time>2021-09-05T02:28:55Z</time>
      </trkpt>
      <trkpt lat="47.42166" lon="-120.93753">
        <ele>1200.6</ele>
        <time>2021-09-05T02:29:27Z</time>
      </trkpt>
      <trkpt lat="47.42167" lon="-120.93749">
        <ele>1201.28</ele>
        <time>2021-09-05T02:29:42Z</time>
      </trkpt>
      <trkpt lat="47.42164" lon="-120.93752">
        <ele>1200.5</ele>
        <time>2021-09-05T02:29:57Z</time>
      </trkpt>
      <trkpt lat="47.42166" lon="-120.93755">
        <ele>1200.39</ele>
        <time>2021-09-05T02:30:28Z</time>
      </trkpt>
      <trkpt lat="47.42168" lon="-120.93758">
        <ele>1200.3</ele>
        <time>2021-09-05T02:30:38Z</time>
      </trkpt>
    </trkseg>
  </trk>
</gpx>
